cycle,cycle_dt_us,work_dt_us,q_ideal_deg,q_send_deg,q_meas_deg,error_deg,gap_deg,drift_deg
0,0.0,469.0,90.0260,90.0323,90.0260,0.0000,0.0063,0.0063
1,1076.8,354.1,90.0323,90.0386,90.0260,0.0063,0.0126,0.0063
2,1015.4,3120.5,90.0386,90.0449,90.0260,0.0126,0.0188,0.0063
3,3134.7,625.6,90.0449,90.0511,90.0260,0.0188,0.0251,0.0063
4,631.8,434.5,90.0511,90.0574,90.0260,0.0251,0.0314,0.0063
5,441.1,572.8,90.0574,90.0637,90.0260,0.0314,0.0377,0.0063
6,579.4,396.7,90.0637,90.0700,90.0260,0.0377,0.0440,0.0063
7,411.0,279.0,90.0700,90.0763,90.0260,0.0440,0.0503,0.0063
8,775.5,319.1,90.0763,90.0825,90.0260,0.0503,0.0565,0.0063
9,2766.9,483.7,90.0825,90.0888,90.0260,0.0565,0.0628,0.0063
10,490.0,317.9,90.0888,90.0951,90.0260,0.0628,0.0691,0.0063
11,320.4,574.5,90.0951,90.1014,90.0260,0.0691,0.0754,0.0063
12,576.9,239.5,90.1014,90.1077,90.0260,0.0754,0.0817,0.0063
13,831.1,346.9,90.1077,90.1140,90.0260,0.0817,0.0880,0.0063
14,999.9,333.6,90.1140,90.1202,90.0260,0.0880,0.0942,0.0063
15,1001.8,299.9,90.1202,90.1265,90.0260,0.0942,0.1005,0.0063
16,3646.8,505.4,90.1265,90.1328,90.0260,0.1005,0.1068,0.0063
17,509.1,269.2,90.1328,90.1391,90.0260,0.1068,0.1131,0.0063
18,271.1,941.3,90.1391,90.1454,90.0260,0.1131,0.1194,0.0063
19,948.7,392.4,90.1454,90.1517,90.0260,0.1194,0.1257,0.0063
20,399.3,414.4,90.1517,90.1579,90.0260,0.1257,0.1319,0.0063
21,421.6,260.6,90.1579,90.1642,90.0260,0.1319,0.1382,0.0063
22,801.0,228.6,90.1642,90.1705,90.0260,0.1382,0.1445,0.0063
23,1020.4,265.2,90.1705,90.1768,90.0260,0.1445,0.1508,0.0063
24,982.3,234.0,90.1768,90.1831,90.0260,0.1508,0.1571,0.0063
25,1010.7,274.0,90.1831,90.1893,90.0260,0.1571,0.1633,0.0063
26,1000.6,297.2,90.1893,90.1956,90.0260,0.1633,0.1696,0.0063
27,1004.5,291.5,90.1956,90.2019,90.0260,0.1696,0.1759,0.0063
28,996.8,286.0,90.2019,90.2082,90.0260,0.1759,0.1822,0.0063
29,1005.1,298.4,90.2082,90.2145,90.0260,0.1822,0.1885,0.0063
30,2604.8,971.1,90.2145,90.2207,90.0260,0.1885,0.1947,0.0063
31,974.3,591.6,90.2207,90.2270,90.0260,0.1947,0.2010,0.0063
32,595.2,246.0,90.2270,90.2333,90.0260,0.2010,0.2073,0.0063
33,247.8,284.5,90.2333,90.2396,90.0260,0.2073,0.2136,0.0063
34,562.6,234.5,90.2396,90.2458,90.0260,0.2136,0.2198,0.0063
35,996.1,267.9,90.2458,90.2521,90.0260,0.2198,0.2261,0.0063
36,1017.6,294.3,90.2521,90.2584,90.0260,0.2261,0.2324,0.0063
37,996.7,324.9,90.2584,90.2647,90.0260,0.2324,0.2387,0.0063
38,998.0,314.3,90.2647,90.2710,90.0260,0.2387,0.2449,0.0063
39,990.5,312.5,90.2709,90.2772,90.0260,0.2449,0.2512,0.0063
40,1009.0,310.9,90.2772,90.2835,90.0260,0.2512,0.2575,0.0063
41,1015.0,384.9,90.2835,90.2898,90.0260,0.2575,0.2638,0.0063
42,1024.2,304.7,90.2898,90.2961,90.0260,0.2638,0.2701,0.0063
43,969.8,530.7,90.2960,90.3023,90.0260,0.2700,0.2763,0.0063
44,1560.1,594.2,90.3023,90.3086,90.0260,0.2763,0.2826,0.0063
45,597.7,265.7,90.3086,90.3149,90.0260,0.2826,0.2889,0.0063
46,841.8,258.5,90.3149,90.3211,90.0260,0.2889,0.2951,0.0063
47,980.7,217.8,90.3211,90.3274,90.0260,0.2951,0.3014,0.0063
48,1013.5,248.8,90.3274,90.3337,90.0260,0.3014,0.3077,0.0063
49,988.5,251.9,90.3337,90.3400,90.0260,0.3077,0.3140,0.0063
50,996.1,236.8,90.3400,90.3462,90.0260,0.3140,0.3202,0.0063
51,1003.9,1553.6,90.3462,90.3525,90.0260,0.3202,0.3265,0.0063
52,1557.1,235.7,90.3525,90.3588,90.0260,0.3265,0.3328,0.0063
53,447.2,1694.9,90.3588,90.3650,90.0260,0.3328,0.3390,0.0063
54,1698.3,462.6,90.3650,90.3713,90.0260,0.3390,0.3453,0.0063
55,464.8,235.0,90.3713,90.3776,90.0260,0.3453,0.3516,0.0063
56,1079.9,302.0,90.3776,90.3838,90.0260,0.3516,0.3578,0.0063
57,753.6,229.0,90.3838,90.3901,90.0260,0.3578,0.3641,0.0063
58,1004.9,260.9,90.3901,90.3964,90.0260,0.3641,0.3704,0.0063
59,1004.9,278.1,90.3964,90.4026,90.0260,0.3704,0.3766,0.0063
60,999.9,290.9,90.4026,90.4089,90.0260,0.3766,0.3829,0.0063
61,1004.7,293.1,90.4089,90.4152,90.0260,0.3829,0.3892,0.0063
62,997.5,304.3,90.4152,90.4214,90.0260,0.3892,0.3954,0.0063
63,992.0,813.7,90.4214,90.4277,90.0260,0.3954,0.4017,0.0063
64,992.8,271.1,90.4277,90.4340,90.0260,0.4017,0.4080,0.0063
65,1004.2,282.1,90.4340,90.4402,90.0260,0.4080,0.4142,0.0063
66,1005.1,339.6,90.4402,90.4465,90.0260,0.4142,0.4205,0.0063
67,995.2,258.4,90.4465,90.4527,90.0260,0.4205,0.4267,0.0063
68,1009.0,288.0,90.4527,90.4590,90.0260,0.4267,0.4330,0.0063
69,1005.6,301.2,90.4590,90.4653,90.0260,0.4330,0.4393,0.0063
70,1004.1,295.9,90.4653,90.4715,90.0260,0.4393,0.4455,0.0063
71,993.1,282.0,90.4715,90.4778,90.0260,0.4455,0.4518,0.0063
72,996.9,294.3,90.4778,90.4840,90.0260,0.4518,0.4580,0.0063
73,1002.3,308.3,90.4840,90.4903,90.0260,0.4580,0.4643,0.0063
74,988.0,334.5,90.4903,90.4966,90.0260,0.4643,0.4706,0.0063
75,1012.4,274.7,90.4965,90.5028,90.0260,0.4705,0.4768,0.0063
76,1000.2,287.4,90.5028,90.5091,90.0260,0.4768,0.4831,0.0063
77,986.4,295.0,90.5091,90.5153,90.0260,0.4831,0.4893,0.0063
78,995.7,292.6,90.5153,90.5216,90.0260,0.4893,0.4956,0.0063
79,1009.9,293.7,90.5216,90.5278,90.0260,0.4956,0.5018,0.0063
80,994.3,413.8,90.5278,90.5341,90.0260,0.5018,0.5081,0.0063
81,998.6,253.5,90.5341,90.5403,90.0260,0.5081,0.5143,0.0063
82,995.8,245.5,90.5403,90.5466,90.0260,0.5143,0.5206,0.0063
83,1001.0,304.2,90.5466,90.5528,90.0260,0.5206,0.5268,0.0063
84,1016.5,289.7,90.5528,90.5591,90.0260,0.5268,0.5331,0.0063
85,1003.2,269.8,90.5591,90.5653,90.0260,0.5331,0.5393,0.0063
86,997.8,291.2,90.5653,90.5716,90.0260,0.5393,0.5456,0.0063
87,996.1,274.4,90.5715,90.5778,90.0260,0.5455,0.5518,0.0063
88,985.2,217.3,90.5778,90.5841,90.0260,0.5518,0.5581,0.0063
89,1020.4,313.7,90.5840,90.5903,90.0260,0.5580,0.5643,0.0063
90,981.0,530.6,90.5903,90.5965,90.0260,0.5643,0.5705,0.0063
91,1002.8,294.9,90.5965,90.6028,90.0260,0.5705,0.5768,0.0063
92,1016.5,343.0,90.6028,90.6090,90.0260,0.5768,0.5830,0.0063
93,986.4,253.8,90.6090,90.6153,90.0260,0.5830,0.5893,0.0063
94,1017.6,371.9,90.6152,90.6215,90.0260,0.5892,0.5955,0.0063
95,1000.0,334.6,90.6215,90.6277,90.0260,0.5955,0.6017,0.0063
96,998.7,346.0,90.6277,90.6340,90.0260,0.6017,0.6080,0.0063
97,990.9,281.7,90.6340,90.6402,90.0260,0.6080,0.6142,0.0063
98,1011.8,306.1,90.6402,90.6465,90.0260,0.6142,0.6205,0.0063
99,991.7,322.9,90.6464,90.6527,90.0260,0.6204,0.6267,0.0063
100,1007.2,315.2,90.6527,90.6589,90.0260,0.6267,0.6329,0.0063
101,990.6,286.5,90.6589,90.6652,90.0260,0.6329,0.6392,0.0063
102,1034.6,331.9,90.6651,90.6714,90.0260,0.6391,0.6454,0.0063
103,966.8,296.1,90.6714,90.6776,90.0260,0.6454,0.6516,0.0063
104,1003.4,330.5,90.6776,90.6838,90.0260,0.6516,0.6578,0.0063
105,1006.8,308.4,90.6838,90.6901,90.0286,0.6552,0.6615,0.0063
106,987.4,297.7,90.6901,90.6963,90.0431,0.6469,0.6532,0.0063
107,1001.5,338.5,90.6963,90.7025,90.0694,0.6268,0.6331,0.0063
108,995.7,293.8,90.7025,90.7088,90.1070,0.5955,0.6017,0.0063
109,1015.7,464.6,90.7087,90.7150,90.1569,0.5518,0.5581,0.0063
110,984.5,301.2,90.7150,90.7212,90.1991,0.5159,0.5221,0.0063
111,993.9,323.7,90.7212,90.7274,90.2315,0.4896,0.4959,0.0063
112,998.0,254.5,90.7274,90.7336,90.2561,0.4713,0.4775,0.0063
113,1033.5,309.7,90.7336,90.7399,90.2785,0.4551,0.4614,0.0063
114,983.8,365.6,90.7398,90.7461,90.2989,0.4409,0.4472,0.0063
115,994.2,395.7,90.7461,90.7523,90.3205,0.4256,0.4318,0.0063
116,1006.8,336.3,90.7523,90.7585,90.3431,0.4092,0.4154,0.0062
117,1002.3,319.8,90.7585,90.7647,90.3674,0.3911,0.3974,0.0062
118,996.5,344.5,90.7647,90.7710,90.3893,0.3754,0.3817,0.0062
119,996.7,328.9,90.7709,90.7772,90.4102,0.3608,0.3670,0.0062
120,1007.6,274.2,90.7771,90.7834,90.4299,0.3472,0.3534,0.0062
121,985.3,335.5,90.7833,90.7896,90.4501,0.3333,0.3395,0.0062
122,1003.3,326.4,90.7896,90.7958,90.4677,0.3218,0.3281,0.0062
123,1007.8,308.6,90.7958,90.8020,90.4844,0.3114,0.3176,0.0062
124,1001.1,317.0,90.8020,90.8082,90.5002,0.3018,0.3080,0.0062
125,989.3,289.8,90.8082,90.8144,90.5168,0.2914,0.2976,0.0062
126,1027.1,332.3,90.8144,90.8206,90.5318,0.2826,0.2889,0.0062
127,977.7,280.3,90.8206,90.8268,90.5465,0.2741,0.2803,0.0062
128,1032.8,332.6,90.8268,90.8330,90.5625,0.2643,0.2705,0.0062
129,959.8,294.0,90.8330,90.8392,90.5771,0.2559,0.2621,0.0062
130,1009.5,277.7,90.8392,90.8454,90.5917,0.2475,0.2537,0.0062
131,1026.7,351.0,90.8454,90.8516,90.6061,0.2393,0.2455,0.0062
132,979.2,327.6,90.8516,90.8578,90.6210,0.2305,0.2368,0.0062
133,1005.6,339.2,90.8578,90.8640,90.6344,0.2234,0.2296,0.0062
134,992.1,349.9,90.8640,90.8702,90.6475,0.2165,0.2227,0.0062
135,999.4,663.0,90.8702,90.8764,90.6604,0.2098,0.2160,0.0062
136,998.6,374.9,90.8764,90.8826,90.6742,0.2022,0.2084,0.0062
137,1011.4,313.8,90.8826,90.8888,90.6870,0.1956,0.2018,0.0062
138,1017.4,292.3,90.8887,90.8950,90.6995,0.1893,0.1955,0.0062
139,970.7,346.9,90.8949,90.9012,90.7117,0.1832,0.1895,0.0062
140,1014.7,376.2,90.9011,90.9074,90.7241,0.1770,0.1832,0.0062
141,976.9,306.3,90.9073,90.9135,90.7351,0.1722,0.1784,0.0062
142,993.9,273.8,90.9135,90.9197,90.7454,0.1681,0.1744,0.0062
143,1015.6,323.2,90.9197,90.9259,90.7550,0.1647,0.1709,0.0062
144,983.5,305.4,90.9258,90.9321,90.7649,0.1610,0.1672,0.0062
145,1021.8,314.7,90.9320,90.9383,90.7738,0.1583,0.1645,0.0062
146,975.9,315.5,90.9382,90.9444,90.7825,0.1557,0.1619,0.0062
147,1019.0,324.7,90.9444,90.9506,90.7913,0.1531,0.1593,0.0062
148,980.2,299.8,90.9506,90.9568,90.8007,0.1499,0.1561,0.0062
149,1023.9,313.5,90.9567,90.9630,90.8095,0.1473,0.1535,0.0062
150,989.0,293.4,90.9629,90.9691,90.8182,0.1447,0.1510,0.0062
151,998.3,327.4,90.9691,90.9753,90.8268,0.1423,0.1485,0.0062
152,991.1,313.8,90.9752,90.9815,90.8358,0.1394,0.1456,0.0062
153,1003.2,278.9,90.9814,90.9876,90.8442,0.1372,0.1434,0.0062
154,998.9,613.8,90.9876,90.9938,90.8526,0.1350,0.1412,0.0062
155,997.6,305.9,90.9937,91.0000,90.8611,0.1326,0.1388,0.0062
156,1010.7,320.9,90.9999,91.0061,90.8701,0.1298,0.1360,0.0062
157,1004.4,297.3,91.0061,91.0123,90.8783,0.1278,0.1340,0.0062
158,997.8,312.2,91.0122,91.0185,90.8863,0.1260,0.1322,0.0062
159,991.5,306.9,91.0184,91.0246,90.8941,0.1243,0.1305,0.0062
160,1031.5,426.9,91.0246,91.0308,90.9027,0.1218,0.1280,0.0062
161,979.1,320.9,91.0307,91.0369,90.9108,0.1199,0.1261,0.0062
162,998.8,294.8,91.0369,91.0431,90.9189,0.1179,0.1242,0.0062
163,1013.3,283.3,91.0430,91.0492,90.9270,0.1160,0.1223,0.0062
164,990.5,356.2,91.0492,91.0554,90.9356,0.1135,0.1197,0.0062
165,1002.6,308.8,91.0553,91.0615,90.9437,0.1117,0.1179,0.0062
166,999.1,354.9,91.0615,91.0677,90.9517,0.1097,0.1159,0.0062
167,998.4,329.7,91.0676,91.0738,90.9597,0.1079,0.1141,0.0062
168,991.7,307.6,91.0738,91.0800,90.9681,0.1057,0.1119,0.0062
169,1005.4,312.3,91.0799,91.0861,90.9759,0.1040,0.1102,0.0062
170,996.9,300.0,91.0860,91.0922,90.9837,0.1023,0.1085,0.0062
171,1008.8,292.4,91.0922,91.0984,90.9913,0.1008,0.1070,0.0062
172,990.7,811.0,91.0983,91.1045,90.9993,0.0990,0.1052,0.0062
173,2689.1,566.6,91.1045,91.1107,91.0201,0.0844,0.0906,0.0062
174,576.9,349.5,91.1106,91.1168,91.0201,0.0905,0.0967,0.0062
175,356.1,513.4,91.1167,91.1229,91.0268,0.0899,0.0961,0.0062
176,521.0,302.2,91.1228,91.1291,91.0268,0.0961,0.1023,0.0062
177,866.5,298.0,91.1290,91.1352,91.0340,0.0950,0.1012,0.0062
178,999.4,301.6,91.1351,91.1413,91.0406,0.0945,0.1007,0.0062
179,1000.2,320.6,91.1412,91.1474,91.0469,0.0943,0.1005,0.0062
180,1002.1,289.6,91.1474,91.1536,91.0528,0.0946,0.1008,0.0062
181,993.4,308.0,91.1535,91.1597,91.0592,0.0943,0.1005,0.0062
182,1004.2,287.6,91.1596,91.1658,91.0656,0.0940,0.1002,0.0062
183,991.9,282.0,91.1657,91.1719,91.0724,0.0933,0.0995,0.0062
184,1018.4,375.5,91.1718,91.1780,91.0792,0.0927,0.0989,0.0062
185,997.9,331.3,91.1779,91.1841,91.0864,0.0916,0.0978,0.0062
186,970.0,293.4,91.1841,91.1903,91.0929,0.0912,0.0974,0.0062
187,1019.1,317.5,91.1902,91.1964,91.0994,0.0907,0.0969,0.0062
188,990.0,283.6,91.1963,91.2025,91.1059,0.0904,0.0966,0.0062
189,1015.0,347.2,91.2024,91.2086,91.1130,0.0894,0.0956,0.0062
190,976.1,328.9,91.2085,91.2147,91.1196,0.0889,0.0951,0.0062
191,1138.3,2933.8,91.2146,91.2208,91.1262,0.0884,0.0946,0.0062
192,2942.9,385.1,91.2207,91.2269,91.1455,0.0752,0.0814,0.0062
193,395.0,333.1,91.2268,91.2330,91.1516,0.0752,0.0814,0.0062
194,336.2,361.2,91.2329,91.2391,91.1516,0.0813,0.0875,0.0062
195,364.2,231.8,91.2390,91.2452,91.1516,0.0874,0.0936,0.0062
196,852.6,308.3,91.2451,91.2513,91.1578,0.0873,0.0935,0.0062
197,1015.7,393.4,91.2512,91.2574,91.1645,0.0867,0.0929,0.0062
198,964.7,285.6,91.2573,91.2635,91.1706,0.0867,0.0928,0.0062
199,1007.5,340.9,91.2634,91.2695,91.1767,0.0867,0.0929,0.0062
200,982.6,307.8,91.2695,91.2756,91.1828,0.0866,0.0928,0.0062
201,1023.8,325.1,91.2755,91.2817,91.1898,0.0857,0.0919,0.0062
202,974.8,305.9,91.2816,91.2878,91.1965,0.0851,0.0913,0.0062
203,1020.0,287.8,91.2877,91.2939,91.2033,0.0844,0.0906,0.0062
204,984.4,4029.8,91.2938,91.3000,91.2102,0.0836,0.0898,0.0062
205,4036.1,465.8,91.2999,91.3060,91.2370,0.0628,0.0690,0.0062
206,468.4,307.4,91.3059,91.3121,91.2438,0.0621,0.0683,0.0062
207,309.5,382.8,91.3120,91.3182,91.2438,0.0682,0.0744,0.0062
208,385.4,335.5,91.3181,91.3242,91.2438,0.0743,0.0804,0.0062
209,338.0,749.8,91.3241,91.3303,91.2501,0.0741,0.0802,0.0062
210,752.6,309.3,91.3302,91.3364,91.2501,0.0801,0.0863,0.0062
211,727.2,280.3,91.3363,91.3424,91.2562,0.0801,0.0863,0.0062
212,983.2,265.7,91.3423,91.3485,91.2618,0.0805,0.0867,0.0062
213,1056.3,294.0,91.3484,91.3546,91.2673,0.0811,0.0873,0.0062
214,945.6,286.5,91.3545,91.3606,91.2722,0.0822,0.0884,0.0062
215,1011.3,307.4,91.3605,91.3667,91.2778,0.0827,0.0889,0.0062
216,981.9,304.1,91.3666,91.3727,91.2838,0.0827,0.0889,0.0062
217,1022.1,305.9,91.3726,91.3788,91.2906,0.0820,0.0882,0.0062
218,998.7,297.1,91.3787,91.3848,91.2970,0.0817,0.0879,0.0062
219,998.5,331.7,91.3847,91.3909,91.3031,0.0816,0.0878,0.0062
220,982.6,272.9,91.3908,91.3969,91.3092,0.0816,0.0878,0.0062
221,1003.8,256.5,91.3968,91.4030,91.3156,0.0812,0.0874,0.0062
222,1015.6,275.1,91.4028,91.4090,91.3215,0.0814,0.0875,0.0062
223,981.8,274.7,91.4089,91.4150,91.3274,0.0815,0.0876,0.0062
224,1021.5,358.1,91.4149,91.4211,91.3335,0.0814,0.0876,0.0062
225,984.1,297.1,91.4210,91.4271,91.3401,0.0808,0.0870,0.0062
226,1011.8,361.6,91.4270,91.4331,91.3463,0.0806,0.0868,0.0062
227,980.9,304.9,91.4330,91.4392,91.3524,0.0806,0.0868,0.0062
228,1019.3,374.5,91.4390,91.4452,91.3581,0.0809,0.0871,0.0062
229,988.4,302.5,91.4451,91.4512,91.3642,0.0808,0.0870,0.0062
230,1012.3,293.8,91.4511,91.4572,91.3699,0.0811,0.0873,0.0062
231,982.7,273.3,91.4571,91.4633,91.3758,0.0813,0.0875,0.0062
232,1019.0,326.3,91.4631,91.4693,91.3818,0.0814,0.0875,0.0062
233,993.1,284.1,91.4692,91.4753,91.3881,0.0811,0.0872,0.0061
234,1004.7,379.6,91.4752,91.4813,91.3937,0.0815,0.0876,0.0061
235,980.2,354.2,91.4812,91.4873,91.3991,0.0821,0.0882,0.0061
236,1003.6,324.8,91.4872,91.4933,91.4044,0.0827,0.0889,0.0061
237,1011.2,289.9,91.4932,91.4993,91.4098,0.0834,0.0895,0.0061
238,1007.4,297.7,91.4992,91.5053,91.4157,0.0835,0.0896,0.0061
239,982.3,313.9,91.5052,91.5114,91.4213,0.0839,0.0900,0.0061
240,996.4,347.5,91.5112,91.5174,91.4272,0.0840,0.0901,0.0061
241,1002.7,370.0,91.5172,91.5233,91.4330,0.0842,0.0903,0.0061
242,994.7,341.8,91.5232,91.5293,91.4390,0.0842,0.0903,0.0061
243,1040.4,360.3,91.5292,91.5353,91.4446,0.0846,0.0907,0.0061
244,961.7,324.0,91.5352,91.5413,91.4502,0.0850,0.0911,0.0061
245,1025.5,314.0,91.5412,91.5473,91.4561,0.0851,0.0912,0.0061
246,979.3,269.8,91.5472,91.5533,91.4626,0.0846,0.0907,0.0061
247,1018.0,323.7,91.5531,91.5593,91.4689,0.0843,0.0904,0.0061
248,1001.8,317.3,91.5591,91.5653,91.4751,0.0840,0.0902,0.0061
249,992.1,294.7,91.5651,91.5712,91.4812,0.0839,0.0900,0.0061
250,992.4,296.1,91.5711,91.5772,91.4879,0.0832,0.0893,0.0061
251,1009.6,341.2,91.5771,91.5832,91.4941,0.0830,0.0891,0.0061
252,980.8,311.4,91.5830,91.5892,91.5004,0.0827,0.0888,0.0061
253,1018.5,316.6,91.5890,91.5951,91.5067,0.0823,0.0884,0.0061
254,1008.9,340.7,91.5950,91.6011,91.5144,0.0806,0.0867,0.0061
255,972.1,309.0,91.6009,91.6071,91.5205,0.0804,0.0866,0.0061
256,1019.1,276.9,91.6069,91.6130,91.5263,0.0806,0.0867,0.0061
257,1000.6,311.1,91.6129,91.6190,91.5325,0.0803,0.0864,0.0061
258,993.5,296.8,91.6188,91.6249,91.5383,0.0805,0.0866,0.0061
259,1004.3,306.2,91.6248,91.6309,91.5442,0.0806,0.0867,0.0061
260,988.8,285.8,91.6307,91.6368,91.5501,0.0806,0.0867,0.0061
261,1011.9,301.2,91.6367,91.6428,91.5563,0.0804,0.0865,0.0061
262,989.8,314.3,91.6426,91.6487,91.5628,0.0798,0.0859,0.0061
263,996.5,297.1,91.6486,91.6547,91.5688,0.0798,0.0859,0.0061
264,1013.8,344.0,91.6545,91.6606,91.5747,0.0798,0.0859,0.0061
265,980.8,325.3,91.6604,91.6666,91.5808,0.0796,0.0857,0.0061
266,1002.8,320.5,91.6664,91.6725,91.5876,0.0788,0.0849,0.0061
267,1009.8,348.0,91.6723,91.6784,91.5941,0.0782,0.0843,0.0061
268,988.3,365.6,91.6782,91.6843,91.6008,0.0775,0.0836,0.0061
269,999.5,359.2,91.6842,91.6903,91.6073,0.0769,0.0830,0.0061
270,1000.0,357.9,91.6901,91.6962,91.6142,0.0759,0.0820,0.0061
271,1001.0,365.2,91.6960,91.7021,91.6205,0.0755,0.0816,0.0061
272,1002.8,305.4,91.7019,91.7080,91.6269,0.0751,0.0812,0.0061
273,1015.7,299.8,91.7079,91.7140,91.6333,0.0746,0.0807,0.0061
274,991.4,268.2,91.7138,91.7199,91.6333,0.0805,0.0866,0.0061
275,1008.9,331.6,91.7197,91.7258,91.6400,0.0797,0.0858,0.0061
276,980.9,321.6,91.7256,91.7317,91.6460,0.0796,0.0857,0.0061
277,1025.0,293.7,91.7315,91.7376,91.6518,0.0797,0.0858,0.0061
278,979.2,289.2,91.7374,91.7435,91.6576,0.0798,0.0859,0.0061
279,1014.7,339.1,91.7433,91.7494,91.6637,0.0796,0.0857,0.0061
280,980.9,312.2,91.7492,91.7553,91.6692,0.0800,0.0861,0.0061
281,1008.6,243.7,91.7551,91.7612,91.6747,0.0804,0.0865,0.0061
282,1008.9,332.7,91.7610,91.7671,91.6803,0.0808,0.0868,0.0061
283,995.8,300.7,91.7669,91.7730,91.6864,0.0805,0.0866,0.0061
284,1004.9,345.4,91.7728,91.7789,91.6921,0.0807,0.0867,0.0061
285,981.0,317.3,91.7787,91.7848,91.6977,0.0809,0.0870,0.0061
286,1005.4,290.4,91.7846,91.7906,91.7034,0.0812,0.0873,0.0061
287,1020.8,343.1,91.7904,91.7965,91.7093,0.0811,0.0872,0.0061
288,1015.3,333.6,91.7963,91.8024,91.7149,0.0815,0.0875,0.0061
289,998.6,297.2,91.8022,91.8083,91.7205,0.0817,0.0878,0.0061
290,971.2,348.3,91.8081,91.8141,91.7261,0.0819,0.0880,0.0061
291,997.8,338.8,91.8139,91.8200,91.7322,0.0817,0.0878,0.0061
292,1002.4,321.0,91.8198,91.8259,91.7379,0.0819,0.0880,0.0061
293,1002.2,314.4,91.8257,91.8317,91.7434,0.0823,0.0884,0.0061
294,1011.8,339.5,91.8315,91.8376,91.7489,0.0826,0.0887,0.0061
295,982.5,272.6,91.8374,91.8434,91.7549,0.0825,0.0886,0.0061
296,1005.2,256.0,91.8432,91.8493,91.7605,0.0827,0.0888,0.0061
297,1033.9,358.0,91.8491,91.8552,91.7663,0.0828,0.0889,0.0061
298,971.0,307.8,91.8549,91.8610,91.7720,0.0830,0.0890,0.0061
299,995.5,293.0,91.8608,91.8668,91.7780,0.0827,0.0888,0.0061
300,1005.8,337.8,91.8666,91.8727,91.7836,0.0830,0.0891,0.0061
301,997.1,306.8,91.8725,91.8785,91.7891,0.0834,0.0894,0.0061
302,1009.7,338.6,91.8783,91.8844,91.7945,0.0838,0.0898,0.0061
303,974.1,316.7,91.8841,91.8902,91.8007,0.0835,0.0895,0.0061
304,1018.2,273.3,91.8900,91.8960,91.8065,0.0835,0.0895,0.0061
305,1001.4,341.2,91.8958,91.9019,91.8124,0.0834,0.0895,0.0061
306,979.9,329.6,91.9016,91.9077,91.8183,0.0834,0.0894,0.0061
307,1024.0,296.2,91.9074,91.9135,91.8245,0.0829,0.0890,0.0061
308,997.4,349.4,91.9133,91.9193,91.8303,0.0830,0.0891,0.0061
309,995.8,345.7,91.9191,91.9251,91.8361,0.0830,0.0890,0.0060
310,993.0,313.7,91.9249,91.9309,91.8420,0.0829,0.0889,0.0060
311,1014.5,347.6,91.9307,91.9368,91.8487,0.0820,0.0881,0.0060
312,986.9,290.2,91.9365,91.9426,91.8550,0.0815,0.0876,0.0060
313,1005.8,306.1,91.9423,91.9484,91.8613,0.0810,0.0870,0.0060
314,994.1,376.7,91.9481,91.9542,91.8676,0.0805,0.0866,0.0060
315,1003.1,313.9,91.9539,91.9600,91.8742,0.0797,0.0857,0.0060
316,996.6,296.8,91.9597,91.9658,91.8804,0.0793,0.0854,0.0060
317,1004.4,359.4,91.9655,91.9715,91.8866,0.0789,0.0849,0.0060
318,992.5,340.4,91.9713,91.9773,91.8929,0.0784,0.0844,0.0060
319,1006.9,323.4,91.9771,91.9831,91.8998,0.0773,0.0833,0.0060
320,992.7,312.6,91.9829,91.9889,91.9060,0.0769,0.0829,0.0060
321,1005.3,324.0,91.9886,91.9947,91.9118,0.0769,0.0829,0.0060
322,995.3,318.2,91.9944,92.0005,91.9177,0.0767,0.0827,0.0060
323,1006.9,290.1,92.0002,92.0062,91.9232,0.0770,0.0830,0.0060
324,986.0,281.7,92.0060,92.0120,91.9288,0.0772,0.0832,0.0060
325,998.4,311.9,92.0117,92.0178,91.9344,0.0774,0.0834,0.0060
326,999.6,334.1,92.0175,92.0235,91.9403,0.0772,0.0832,0.0060
327,1004.4,321.5,92.0233,92.0293,91.9458,0.0775,0.0835,0.0060
328,996.6,316.5,92.0290,92.0350,91.9512,0.0778,0.0838,0.0060
329,999.3,327.7,92.0348,92.0408,91.9565,0.0782,0.0843,0.0060
330,1002.0,309.0,92.0405,92.0465,91.9623,0.0783,0.0843,0.0060
331,999.0,270.3,92.0463,92.0523,91.9677,0.0786,0.0846,0.0060
332,1024.3,325.2,92.0520,92.0580,91.9732,0.0789,0.0849,0.0060
333,977.1,288.1,92.0578,92.0638,91.9787,0.0791,0.0851,0.0060
334,1044.3,341.3,92.0635,92.0695,91.9846,0.0790,0.0850,0.0060
335,964.4,312.2,92.0692,92.0753,91.9900,0.0793,0.0853,0.0060
336,1006.7,309.6,92.0750,92.0810,91.9953,0.0796,0.0856,0.0060
337,992.7,309.2,92.0807,92.0867,92.0007,0.0800,0.0860,0.0060
338,1000.9,311.4,92.0864,92.0924,92.0066,0.0799,0.0859,0.0060
339,999.2,327.6,92.0922,92.0982,92.0121,0.0801,0.0861,0.0060
340,1003.5,344.6,92.0979,92.1039,92.0175,0.0803,0.0863,0.0060
341,994.6,319.2,92.1036,92.1096,92.0229,0.0807,0.0867,0.0060
342,999.3,271.8,92.1093,92.1153,92.0284,0.0809,0.0869,0.0060
343,1031.6,360.4,92.1150,92.1210,92.0336,0.0815,0.0875,0.0060
344,984.1,337.1,92.1207,92.1267,92.0385,0.0823,0.0883,0.0060
345,978.2,316.6,92.1264,92.1324,92.0434,0.0830,0.0890,0.0060
346,1021.2,328.3,92.1321,92.1381,92.0489,0.0832,0.0892,0.0060
347,977.2,323.0,92.1378,92.1438,92.0543,0.0836,0.0895,0.0060
348,1024.4,330.5,92.1435,92.1495,92.0597,0.0839,0.0898,0.0060
349,976.1,302.1,92.1492,92.1552,92.0651,0.0841,0.0901,0.0060
350,1018.0,336.3,92.1549,92.1609,92.0708,0.0841,0.0900,0.0060
351,990.1,321.1,92.1606,92.1666,92.0763,0.0842,0.0902,0.0060
352,1009.8,304.6,92.1663,92.1722,92.0819,0.0844,0.0903,0.0060
353,992.6,309.6,92.1719,92.1779,92.0876,0.0844,0.0903,0.0060
354,1006.1,307.5,92.1776,92.1836,92.0939,0.0837,0.0897,0.0060
355,998.5,312.1,92.1833,92.1893,92.1000,0.0833,0.0893,0.0060
356,1010.1,337.1,92.1889,92.1949,92.1062,0.0827,0.0887,0.0060
357,981.9,285.5,92.1946,92.2006,92.1125,0.0821,0.0881,0.0060
358,1038.8,312.7,92.2003,92.2062,92.1192,0.0811,0.0871,0.0060
359,971.3,285.2,92.2059,92.2119,92.1253,0.0806,0.0866,0.0060
360,3997.7,379.1,92.2116,92.2175,92.1510,0.0606,0.0666,0.0060
361,385.1,2698.6,92.2172,92.2232,92.1510,0.0663,0.0722,0.0060
362,2706.8,414.2,92.2229,92.2288,92.1695,0.0533,0.0593,0.0060
363,420.3,307.2,92.2285,92.2345,92.1751,0.0534,0.0594,0.0060
364,312.8,373.0,92.2342,92.2401,92.1751,0.0590,0.0650,0.0060
365,379.0,300.8,92.2398,92.2458,92.1751,0.0647,0.0706,0.0060
366,306.5,292.8,92.2454,92.2514,92.1805,0.0649,0.0709,0.0060
367,298.2,3251.7,92.2511,92.2570,92.1805,0.0705,0.0765,0.0060
368,3259.0,340.8,92.2567,92.2626,92.1967,0.0599,0.0659,0.0060
369,345.7,334.2,92.2623,92.2683,92.2020,0.0603,0.0662,0.0060
370,338.5,412.4,92.2679,92.2739,92.2020,0.0659,0.0718,0.0059
371,416.1,266.1,92.2735,92.2795,92.2020,0.0715,0.0774,0.0059
372,269.8,309.3,92.2791,92.2851,92.2078,0.0714,0.0773,0.0059
373,2341.8,451.8,92.2847,92.2907,92.2198,0.0649,0.0709,0.0059
374,455.7,322.2,92.2904,92.2963,92.2198,0.0706,0.0765,0.0059
375,325.5,246.7,92.2960,92.3019,92.2253,0.0706,0.0766,0.0059
376,429.5,265.7,92.3016,92.3075,92.2253,0.0762,0.0822,0.0059
377,1016.5,331.6,92.3071,92.3131,92.2307,0.0765,0.0824,0.0059
378,980.3,319.7,92.3127,92.3187,92.2366,0.0761,0.0820,0.0059
379,1018.0,330.5,92.3183,92.3243,92.2422,0.0761,0.0820,0.0059
380,990.5,327.8,92.3239,92.3298,92.2477,0.0762,0.0822,0.0059
381,993.6,328.0,92.3295,92.3354,92.2529,0.0765,0.0825,0.0059
382,1002.8,296.7,92.3351,92.3410,92.2582,0.0769,0.0828,0.0059
383,998.2,262.6,92.3406,92.3466,92.2640,0.0767,0.0826,0.0059
384,1003.4,279.4,92.3462,92.3521,92.2693,0.0768,0.0828,0.0059
385,1012.9,324.1,92.3518,92.3577,92.2746,0.0772,0.0831,0.0059
386,981.9,321.0,92.3573,92.3632,92.2795,0.0778,0.0837,0.0059
387,1003.9,341.2,92.3629,92.3688,92.2847,0.0782,0.0841,0.0059
388,997.9,348.1,92.3684,92.3743,92.2893,0.0791,0.0850,0.0059
389,996.7,375.4,92.3740,92.3799,92.2939,0.0800,0.0860,0.0059
390,999.2,377.1,92.3795,92.3854,92.2990,0.0805,0.0864,0.0059
391,999.3,362.3,92.3851,92.3910,92.3037,0.0813,0.0872,0.0059
392,1015.4,305.6,92.3906,92.3965,92.3086,0.0820,0.0879,0.0059
393,997.0,328.9,92.3961,92.4020,92.3135,0.0826,0.0885,0.0059
394,1024.5,361.2,92.4017,92.4076,92.3187,0.0830,0.0889,0.0059
395,971.2,339.0,92.4072,92.4131,92.3235,0.0837,0.0896,0.0059
396,1009.9,323.7,92.4127,92.4186,92.3283,0.0844,0.0903,0.0059
397,993.9,338.3,92.4182,92.4241,92.3332,0.0850,0.0909,0.0059
398,998.3,330.3,92.4237,92.4296,92.3381,0.0857,0.0916,0.0059
399,1001.7,288.5,92.4293,92.4352,92.3435,0.0858,0.0917,0.0059
400,1006.4,320.6,92.4348,92.4407,92.3488,0.0860,0.0918,0.0059
401,993.3,294.4,92.4403,92.4462,92.3544,0.0859,0.0918,0.0059
402,1009.9,338.5,92.4458,92.4517,92.3600,0.0857,0.0916,0.0059
403,988.3,334.3,92.4513,92.4572,92.3663,0.0850,0.0909,0.0059
404,1068.3,397.0,92.4568,92.4626,92.3720,0.0848,0.0907,0.0059
405,940.3,299.7,92.4623,92.4681,92.3777,0.0845,0.0904,0.0059
406,996.6,311.3,92.4677,92.4736,92.3835,0.0842,0.0901,0.0059
407,1002.3,311.2,92.4732,92.4791,92.3900,0.0832,0.0891,0.0059
408,1000.2,310.2,92.4787,92.4846,92.3960,0.0827,0.0886,0.0059
409,1013.1,305.8,92.4842,92.4900,92.4020,0.0822,0.0880,0.0059
410,981.8,284.9,92.4896,92.4955,92.4080,0.0817,0.0876,0.0059
411,1026.7,339.2,92.4951,92.5010,92.4143,0.0808,0.0867,0.0059
412,976.7,300.6,92.5006,92.5064,92.4200,0.0806,0.0865,0.0059
413,1007.5,275.7,92.5060,92.5119,92.4256,0.0804,0.0863,0.0059
414,1016.4,368.7,92.5115,92.5173,92.4314,0.0801,0.0859,0.0059
415,972.1,346.6,92.5169,92.5228,92.4378,0.0792,0.0850,0.0059
416,998.3,315.3,92.5224,92.5282,92.4439,0.0785,0.0844,0.0059
417,1011.5,301.8,92.5278,92.5337,92.4501,0.0777,0.0836,0.0059
418,991.8,373.1,92.5333,92.5391,92.4563,0.0769,0.0828,0.0059
419,999.0,350.0,92.5387,92.5445,92.4628,0.0758,0.0817,0.0059
420,998.3,355.2,92.5441,92.5500,92.4689,0.0752,0.0811,0.0059
421,1008.6,355.2,92.5495,92.5554,92.4751,0.0745,0.0803,0.0059
422,992.6,324.3,92.5550,92.5608,92.4813,0.0736,0.0795,0.0059
423,1006.9,312.6,92.5604,92.5662,92.4880,0.0724,0.0782,0.0058
424,993.3,292.3,92.5658,92.5716,92.4941,0.0717,0.0775,0.0058
425,1035.3,338.6,92.5712,92.5771,92.5008,0.0704,0.0762,0.0058
426,970.3,330.4,92.5766,92.5825,92.5064,0.0702,0.0761,0.0058
427,996.7,326.3,92.5820,92.5879,92.5124,0.0696,0.0755,0.0058
428,1000.2,301.7,92.5874,92.5933,92.5178,0.0696,0.0754,0.0058
429,1006.6,282.1,92.5928,92.5986,92.5231,0.0697,0.0755,0.0058
430,995.7,281.3,92.5982,92.6040,92.5282,0.0700,0.0758,0.0058
431,1023.1,336.3,92.6036,92.6094,92.5333,0.0703,0.0761,0.0058
432,970.0,307.6,92.6090,92.6148,92.5378,0.0711,0.0770,0.0058
433,1029.5,336.6,92.6143,92.6202,92.5423,0.0721,0.0779,0.0058
434,985.1,337.4,92.6197,92.6255,92.5467,0.0730,0.0788,0.0058
435,985.4,318.4,92.6251,92.6309,92.5515,0.0736,0.0794,0.0058
436,1001.2,321.6,92.6305,92.6363,92.5562,0.0743,0.0801,0.0058
437,998.0,262.2,92.6358,92.6416,92.5610,0.0749,0.0807,0.0058
438,1038.5,355.3,92.6412,92.6470,92.5657,0.0755,0.0813,0.0058
439,962.1,346.5,92.6465,92.6523,92.5657,0.0808,0.0866,0.0058
440,999.8,333.7,92.6519,92.6577,92.5709,0.0810,0.0868,0.0058
441,999.0,336.0,92.6572,92.6630,92.5757,0.0816,0.0874,0.0058
442,1010.1,356.1,92.6626,92.6684,92.5804,0.0821,0.0880,0.0058
443,1006.6,316.0,92.6679,92.6737,92.5858,0.0821,0.0880,0.0058
444,992.5,321.9,92.6732,92.6790,92.5910,0.0822,0.0880,0.0058
445,994.0,281.0,92.6786,92.6844,92.5964,0.0822,0.0880,0.0058
446,1049.1,1347.7,92.6839,92.6897,92.6021,0.0818,0.0876,0.0058
447,1365.7,345.1,92.6892,92.6950,92.6138,0.0754,0.0812,0.0058
448,583.7,1053.6,92.6945,92.7003,92.6138,0.0807,0.0865,0.0058
449,1061.8,1095.7,92.6998,92.7056,92.6194,0.0804,0.0862,0.0058
450,1101.1,266.2,92.7051,92.7109,92.6248,0.0803,0.0861,0.0058
451,837.3,280.9,92.7104,92.7162,92.6308,0.0797,0.0855,0.0058
452,1000.0,269.2,92.7157,92.7215,92.6364,0.0793,0.0851,0.0058
453,2522.4,624.9,92.7210,92.7268,92.6543,0.0667,0.0725,0.0058
454,632.0,290.9,92.7263,92.7321,92.6543,0.0720,0.0778,0.0058
455,299.3,358.6,92.7316,92.7374,92.6601,0.0715,0.0773,0.0058
456,547.4,289.4,92.7369,92.7427,92.6601,0.0768,0.0826,0.0058
457,1010.7,283.4,92.7422,92.7479,92.6657,0.0765,0.0823,0.0058
458,978.1,281.9,92.7474,92.7532,92.6714,0.0760,0.0818,0.0058
459,4017.7,465.0,92.7527,92.7585,92.6936,0.0591,0.0649,0.0058
460,472.0,1442.9,92.7580,92.7637,92.6994,0.0586,0.0643,0.0058
461,1446.5,332.2,92.7632,92.7690,92.7051,0.0582,0.0639,0.0058
462,335.5,248.3,92.7685,92.7743,92.7051,0.0634,0.0692,0.0058
463,251.3,276.6,92.7737,92.7795,92.7106,0.0631,0.0689,0.0058
464,279.3,416.5,92.7790,92.7848,92.7106,0.0684,0.0741,0.0058
465,419.0,282.1,92.7842,92.7900,92.7106,0.0736,0.0794,0.0058
466,788.4,334.0,92.7895,92.7952,92.7162,0.0732,0.0790,0.0058
467,996.3,285.9,92.7947,92.8005,92.7212,0.0735,0.0793,0.0058
468,997.6,1633.4,92.7999,92.8057,92.7261,0.0738,0.0796,0.0058
469,1639.2,616.9,92.8052,92.8109,92.7368,0.0684,0.0741,0.0058
470,622.8,319.9,92.8104,92.8161,92.7368,0.0736,0.0793,0.0058
471,742.2,301.2,92.8156,92.8213,92.7425,0.0731,0.0788,0.0057
472,1007.0,279.2,92.8208,92.8266,92.7484,0.0724,0.0782,0.0057
473,1003.3,303.1,92.8260,92.8318,92.7542,0.0718,0.0776,0.0057
474,1016.9,349.0,92.8312,92.8370,92.7603,0.0709,0.0766,0.0057
475,1006.4,394.4,92.8364,92.8422,92.7660,0.0705,0.0762,0.0057
476,981.8,306.2,92.8416,92.8473,92.7715,0.0701,0.0758,0.0057
477,994.1,271.6,92.8468,92.8525,92.7770,0.0698,0.0755,0.0057
478,999.6,292.4,92.8520,92.8577,92.7827,0.0693,0.0750,0.0057
479,1003.3,333.0,92.8572,92.8629,92.7879,0.0693,0.0750,0.0057
480,994.4,289.6,92.8623,92.8681,92.7929,0.0695,0.0752,0.0057
481,1000.1,303.7,92.8675,92.8732,92.7977,0.0698,0.0755,0.0057
482,1007.9,292.2,92.8727,92.8784,92.8028,0.0698,0.0756,0.0057
483,993.6,290.3,92.8778,92.8836,92.8076,0.0702,0.0759,0.0057
484,1024.4,314.4,92.8830,92.8887,92.8124,0.0706,0.0763,0.0057
485,991.4,309.3,92.8882,92.8939,92.8174,0.0708,0.0765,0.0057
486,969.8,331.3,92.8933,92.8990,92.8221,0.0712,0.0769,0.0057
487,1000.6,297.1,92.8985,92.9042,92.8270,0.0714,0.0771,0.0057
488,1003.2,262.2,92.9036,92.9093,92.8316,0.0720,0.0777,0.0057
489,1020.1,283.9,92.9087,92.9144,92.8362,0.0726,0.0783,0.0057
490,976.3,344.0,92.9139,92.9196,92.8411,0.0727,0.0785,0.0057
491,1030.2,384.5,92.9190,92.9247,92.8459,0.0731,0.0788,0.0057
492,974.3,276.0,92.9241,92.9298,92.8508,0.0734,0.0791,0.0057
493,996.7,250.7,92.9292,92.9349,92.8558,0.0735,0.0792,0.0057
494,1017.8,283.5,92.9343,92.9400,92.8613,0.0731,0.0788,0.0057
495,1000.9,272.9,92.9395,92.9451,92.8663,0.0732,0.0789,0.0057
496,1023.3,323.5,92.9446,92.9502,92.8713,0.0733,0.0790,0.0057
497,971.3,314.9,92.9497,92.9553,92.8762,0.0735,0.0792,0.0057
498,1000.3,291.7,92.9548,92.9604,92.8816,0.0732,0.0789,0.0057
499,1002.3,306.2,92.9598,92.9655,92.8865,0.0733,0.0790,0.0057
500,1001.8,283.4,92.9649,92.9706,92.8916,0.0733,0.0790,0.0057
501,995.9,288.2,92.9700,92.9757,92.8967,0.0733,0.0790,0.0057
502,1015.5,363.2,92.9751,92.9808,92.9023,0.0728,0.0785,0.0057
503,985.5,326.0,92.9802,92.9858,92.9072,0.0729,0.0786,0.0057
504,1008.7,843.0,92.9852,92.9909,92.9121,0.0731,0.0788,0.0057
505,974.8,316.9,92.9903,92.9960,92.9167,0.0736,0.0792,0.0057
506,1004.8,347.8,92.9953,93.0010,92.9216,0.0738,0.0794,0.0057
507,1003.7,279.3,93.0004,93.0061,92.9261,0.0742,0.0799,0.0057
508,998.3,253.3,93.0054,93.0111,92.9309,0.0746,0.0802,0.0057
509,996.4,278.5,93.0105,93.0161,92.9357,0.0747,0.0804,0.0057
510,998.4,261.6,93.0155,93.0212,92.9411,0.0744,0.0801,0.0057
511,1022.7,268.1,93.0206,93.0262,92.9463,0.0742,0.0799,0.0057
512,991.2,279.9,93.0256,93.0312,92.9515,0.0740,0.0797,0.0057
513,1001.0,249.4,93.0306,93.0363,92.9567,0.0739,0.0796,0.0057
514,999.1,288.8,93.0356,93.0413,92.9623,0.0734,0.0790,0.0056
515,1004.0,322.8,93.0406,93.0463,92.9676,0.0731,0.0787,0.0056
516,980.9,302.9,93.0457,93.0513,92.9729,0.0728,0.0784,0.0056
517,1018.1,259.6,93.0507,93.0563,92.9782,0.0724,0.0781,0.0056
518,998.2,270.6,93.0557,93.0613,92.9841,0.0716,0.0772,0.0056
519,1005.1,267.3,93.0607,93.0663,92.9896,0.0711,0.0767,0.0056
520,978.2,266.4,93.0657,93.0713,92.9950,0.0706,0.0762,0.0056
521,1003.5,271.5,93.0706,93.0763,93.0005,0.0702,0.0758,0.0056
522,1022.3,278.6,93.0756,93.0813,93.0058,0.0698,0.0754,0.0056
523,997.8,301.0,93.0806,93.0862,93.0116,0.0690,0.0747,0.0056
524,998.1,314.8,93.0856,93.0912,93.0170,0.0686,0.0742,0.0056
525,984.0,258.5,93.0905,93.0962,93.0223,0.0682,0.0738,0.0056
526,1012.0,294.1,93.0955,93.1011,93.0277,0.0678,0.0734,0.0056
527,1002.4,265.1,93.1005,93.1061,93.0333,0.0672,0.0728,0.0056
528,1008.3,275.5,93.1054,93.1110,93.0384,0.0670,0.0726,0.0056
529,998.0,259.1,93.1104,93.1160,93.0434,0.0670,0.0726,0.0056
530,981.0,259.9,93.1153,93.1209,93.0483,0.0670,0.0726,0.0056
531,1013.3,261.5,93.1202,93.1258,93.0536,0.0666,0.0722,0.0056
532,998.9,272.5,93.1252,93.1308,93.0586,0.0666,0.0722,0.0056
533,1000.9,259.9,93.1301,93.1357,93.0637,0.0664,0.0720,0.0056
534,1028.9,281.0,93.1350,93.1406,93.0689,0.0661,0.0717,0.0056
535,961.4,301.9,93.1399,93.1455,93.0745,0.0654,0.0710,0.0056
536,1006.8,280.5,93.1449,93.1505,93.0795,0.0653,0.0709,0.0056
537,1002.6,311.1,93.1498,93.1554,93.0848,0.0650,0.0706,0.0056
538,994.6,363.7,93.1547,93.1603,93.0898,0.0648,0.0704,0.0056
539,1018.3,334.5,93.1596,93.1652,93.0949,0.0646,0.0702,0.0056
540,979.8,362.6,93.1645,93.1700,93.0998,0.0647,0.0702,0.0056
541,995.5,368.1,93.1693,93.1749,93.1049,0.0645,0.0701,0.0056
542,998.8,393.6,93.1742,93.1798,93.1100,0.0642,0.0698,0.0056
543,999.7,346.6,93.1791,93.1847,93.1157,0.0634,0.0690,0.0056
544,1010.0,341.0,93.1840,93.1896,93.1205,0.0635,0.0690,0.0056
545,992.8,332.2,93.1889,93.1944,93.1251,0.0637,0.0693,0.0056
546,1009.2,349.5,93.1937,93.1993,93.1297,0.0640,0.0696,0.0056
547,988.5,364.0,93.1986,93.2041,93.1348,0.0638,0.0693,0.0056
548,1007.4,284.7,93.2034,93.2090,93.1395,0.0639,0.0695,0.0056
549,1032.4,334.2,93.2083,93.2138,93.1443,0.0640,0.0696,0.0056
550,995.7,298.6,93.2131,93.2187,93.1490,0.0641,0.0697,0.0056
551,977.2,325.5,93.2180,93.2235,93.1542,0.0638,0.0693,0.0056
552,998.7,326.7,93.2228,93.2284,93.1589,0.0639,0.0694,0.0056
553,989.0,311.0,93.2276,93.2332,93.1635,0.0641,0.0697,0.0056
554,1007.3,449.8,93.2324,93.2380,93.1679,0.0646,0.0701,0.0056
555,999.4,298.5,93.2373,93.2428,93.1723,0.0649,0.0705,0.0055
556,1006.0,313.3,93.2421,93.2476,93.1765,0.0656,0.0711,0.0055
557,998.9,344.3,93.2469,93.2524,93.1808,0.0661,0.0716,0.0055
558,995.8,304.8,93.2517,93.2572,93.1852,0.0665,0.0720,0.0055
559,998.2,348.4,93.2565,93.2620,93.1901,0.0664,0.0719,0.0055
560,1007.4,281.0,93.2613,93.2668,93.1947,0.0665,0.0721,0.0055
561,990.2,322.8,93.2661,93.2716,93.1994,0.0666,0.0722,0.0055
562,999.3,297.1,93.2709,93.2764,93.2041,0.0667,0.0723,0.0055
563,1009.7,335.6,93.2756,93.2812,93.2092,0.0664,0.0720,0.0055
564,1004.6,384.2,93.2804,93.2859,93.2139,0.0665,0.0720,0.0055
565,990.8,512.7,93.2852,93.2907,93.2186,0.0665,0.0721,0.0055
566,1000.9,367.7,93.2899,93.2955,93.2234,0.0666,0.0721,0.0055
567,995.9,374.8,93.2947,93.3002,93.2286,0.0661,0.0716,0.0055
568,1009.9,381.7,93.2994,93.3050,93.2336,0.0658,0.0713,0.0055
569,991.2,360.6,93.3042,93.3097,93.2387,0.0655,0.0710,0.0055
570,1000.8,456.8,93.3089,93.3144,93.2439,0.0651,0.0706,0.0055
571,998.7,284.1,93.3137,93.3192,93.2493,0.0644,0.0699,0.0055
572,1008.7,269.5,93.3184,93.3239,93.2543,0.0641,0.0696,0.0055
573,1019.5,269.7,93.3231,93.3286,93.2593,0.0638,0.0693,0.0055
574,974.4,286.0,93.3278,93.3333,93.2642,0.0637,0.0692,0.0055
575,1026.6,285.1,93.3326,93.3381,93.2696,0.0629,0.0684,0.0055
576,987.5,254.4,93.3373,93.3428,93.2748,0.0625,0.0680,0.0055
577,1013.2,286.5,93.3420,93.3475,93.2799,0.0621,0.0676,0.0055
578,976.3,259.3,93.3467,93.3522,93.2848,0.0619,0.0674,0.0055
579,1022.5,292.0,93.3514,93.3569,93.2899,0.0615,0.0669,0.0055
580,983.6,265.1,93.3561,93.3615,93.2944,0.0616,0.0671,0.0055
581,993.8,261.8,93.3607,93.3662,93.2988,0.0619,0.0674,0.0055
582,985.9,259.9,93.3654,93.3709,93.3031,0.0623,0.0678,0.0055
583,995.9,281.8,93.3701,93.3756,93.3080,0.0621,0.0676,0.0055
584,1031.3,301.8,93.3748,93.3802,93.3126,0.0621,0.0676,0.0055
585,993.1,275.1,93.3794,93.3849,93.3180,0.0614,0.0669,0.0055
586,975.0,310.6,93.3841,93.3896,93.3220,0.0621,0.0676,0.0055
587,1000.5,314.2,93.3887,93.3942,93.3276,0.0612,0.0666,0.0055
588,1023.0,284.9,93.3934,93.3988,93.3321,0.0613,0.0668,0.0055
589,981.6,353.5,93.3980,93.4035,93.3365,0.0615,0.0670,0.0055
590,994.6,356.4,93.4027,93.4081,93.3414,0.0613,0.0668,0.0055
591,999.0,352.3,93.4073,93.4128,93.3460,0.0613,0.0668,0.0055
592,1004.8,296.1,93.4119,93.4174,93.3507,0.0612,0.0666,0.0055
593,1020.2,296.8,93.4165,93.4220,93.3560,0.0605,0.0660,0.0055
594,980.3,324.8,93.4212,93.4266,93.3609,0.0602,0.0657,0.0054
595,1004.1,310.7,93.4258,93.4312,93.3660,0.0598,0.0653,0.0054
596,998.1,302.8,93.4304,93.4358,93.3709,0.0595,0.0649,0.0054
597,998.7,273.7,93.4350,93.4404,93.3757,0.0593,0.0647,0.0054
598,1006.2,279.8,93.4396,93.4450,93.3809,0.0587,0.0641,0.0054
599,1008.0,283.9,93.4442,93.4496,93.3809,0.0633,0.0687,0.0054
600,999.9,302.9,93.4487,93.4542,93.3856,0.0632,0.0686,0.0054
601,985.5,321.3,93.4533,93.4587,93.3901,0.0632,0.0686,0.0054
602,1019.7,338.7,93.4579,93.4633,93.3950,0.0629,0.0684,0.0054
603,1103.3,351.6,93.4625,93.4679,93.3996,0.0628,0.0682,0.0054
604,890.1,292.3,93.4670,93.4724,93.4044,0.0626,0.0680,0.0054
605,1014.6,305.2,93.4716,93.4770,93.4093,0.0623,0.0677,0.0054
606,976.0,289.4,93.4761,93.4815,93.4143,0.0618,0.0672,0.0054
607,1010.8,323.0,93.4807,93.4861,93.4188,0.0619,0.0673,0.0054
608,978.8,330.9,93.4852,93.4906,93.4230,0.0622,0.0676,0.0054
609,1005.9,370.7,93.4897,93.4951,93.4269,0.0628,0.0682,0.0054
610,1003.5,349.2,93.4943,93.4997,93.4311,0.0632,0.0686,0.0054
611,990.7,355.3,93.4988,93.5042,93.4350,0.0638,0.0692,0.0054
612,1003.1,346.4,93.5033,93.5087,93.4391,0.0642,0.0696,0.0054
613,998.2,350.9,93.5078,93.5132,93.4433,0.0645,0.0699,0.0054
614,1006.8,356.3,93.5123,93.5177,93.4478,0.0646,0.0700,0.0054
615,996.3,369.7,93.5168,93.5222,93.4520,0.0648,0.0702,0.0054
616,1008.8,359.9,93.5213,93.5267,93.4563,0.0651,0.0704,0.0054
617,989.1,338.9,93.5258,93.5312,93.4605,0.0653,0.0707,0.0054
618,1007.5,297.4,93.5303,93.5357,93.4652,0.0651,0.0705,0.0054
619,990.9,313.6,93.5348,93.5402,93.4696,0.0652,0.0706,0.0054
620,1019.9,283.6,93.5393,93.5446,93.4740,0.0653,0.0706,0.0054
621,983.5,312.7,93.5437,93.5491,93.4783,0.0654,0.0708,0.0054
622,1022.8,321.1,93.5482,93.5536,93.4830,0.0652,0.0706,0.0054
623,974.6,317.3,93.5526,93.5580,93.4874,0.0652,0.0706,0.0054
624,1030.3,322.5,93.5571,93.5625,93.4919,0.0652,0.0705,0.0054
625,968.8,339.6,93.5615,93.5669,93.4964,0.0652,0.0705,0.0054
626,1004.9,283.2,93.5660,93.5713,93.5012,0.0648,0.0702,0.0054
627,1012.1,319.6,93.5704,93.5758,93.5056,0.0648,0.0702,0.0054
628,989.7,318.6,93.5748,93.5802,93.5100,0.0649,0.0702,0.0054
629,999.0,331.2,93.5793,93.5846,93.5142,0.0651,0.0705,0.0054
630,1021.7,325.7,93.5837,93.5890,93.5187,0.0650,0.0704,0.0053
631,1000.4,345.3,93.5881,93.5934,93.5230,0.0651,0.0704,0.0053
632,985.4,305.1,93.5925,93.5978,93.5276,0.0649,0.0702,0.0053
633,1029.2,317.2,93.5969,93.6022,93.5321,0.0648,0.0702,0.0053
634,982.7,342.7,93.6013,93.6066,93.5369,0.0644,0.0698,0.0053
635,1016.0,355.2,93.6057,93.6110,93.5413,0.0644,0.0697,0.0053
636,978.1,312.9,93.6101,93.6154,93.5455,0.0645,0.0699,0.0053
637,993.1,334.9,93.6144,93.6198,93.5498,0.0646,0.0700,0.0053
638,1012.2,306.5,93.6188,93.6241,93.5543,0.0645,0.0698,0.0053
639,992.0,369.2,93.6232,93.6285,93.5586,0.0646,0.0699,0.0053
640,994.7,387.4,93.6275,93.6329,93.5628,0.0647,0.0700,0.0053
641,1006.4,327.3,93.6319,93.6372,93.5672,0.0647,0.0700,0.0053
642,1002.9,339.6,93.6363,93.6416,93.5720,0.0643,0.0696,0.0053
643,997.9,295.0,93.6406,93.6459,93.5765,0.0641,0.0695,0.0053
644,1001.1,289.3,93.6449,93.6502,93.5810,0.0639,0.0692,0.0053
645,1000.6,319.9,93.6493,93.6546,93.5856,0.0637,0.0690,0.0053
646,1003.6,339.7,93.6536,93.6589,93.5905,0.0631,0.0684,0.0053
647,1006.4,320.3,93.6579,93.6632,93.5950,0.0629,0.0682,0.0053
648,989.6,303.0,93.6622,93.6675,93.5997,0.0626,0.0679,0.0053
649,993.7,325.1,93.6665,93.6718,93.6042,0.0623,0.0676,0.0053
650,1014.6,313.2,93.6708,93.6761,93.6093,0.0616,0.0669,0.0053
651,995.3,310.8,93.6751,93.6804,93.6140,0.0611,0.0664,0.0053
652,990.9,301.1,93.6794,93.6847,93.6189,0.0605,0.0658,0.0053
653,1002.1,277.8,93.6837,93.6890,93.6240,0.0597,0.0650,0.0053
654,1024.8,318.3,93.6880,93.6933,93.6291,0.0589,0.0642,0.0053
655,981.5,283.1,93.6923,93.6976,93.6346,0.0577,0.0630,0.0053
656,994.1,283.3,93.6965,93.7018,93.6395,0.0570,0.0623,0.0053
657,1025.0,348.7,93.7008,93.7061,93.6444,0.0564,0.0617,0.0053
658,972.7,320.7,93.7051,93.7103,93.6492,0.0559,0.0611,0.0053
659,1007.7,328.2,93.7093,93.7146,93.6546,0.0548,0.0600,0.0053
660,992.4,306.6,93.7136,93.7188,93.6596,0.0539,0.0592,0.0053
661,1263.2,485.4,93.7178,93.7231,93.6646,0.0532,0.0584,0.0053
662,759.5,331.7,93.7220,93.7273,93.6696,0.0524,0.0577,0.0053
663,991.5,306.7,93.7263,93.7315,93.6748,0.0514,0.0567,0.0053
664,984.5,298.8,93.7305,93.7357,93.6795,0.0510,0.0562,0.0053
665,991.1,333.3,93.7347,93.7400,93.6840,0.0507,0.0560,0.0052
666,1018.3,675.1,93.7389,93.7442,93.6882,0.0507,0.0560,0.0052
667,1003.8,302.8,93.7431,93.7484,93.6926,0.0506,0.0558,0.0052
668,991.5,328.1,93.7473,93.7526,93.6966,0.0507,0.0560,0.0052
669,991.7,301.6,93.7515,93.7568,93.7006,0.0509,0.0561,0.0052
670,999.7,319.2,93.7557,93.7609,93.7048,0.0509,0.0561,0.0052
671,1011.0,338.2,93.7599,93.7651,93.7093,0.0506,0.0558,0.0052
672,987.6,326.0,93.7641,93.7693,93.7135,0.0505,0.0558,0.0052
673,1007.3,329.7,93.7682,93.7735,93.7175,0.0507,0.0559,0.0052
674,1004.6,315.7,93.7724,93.7776,93.7215,0.0509,0.0561,0.0052
675,996.3,310.5,93.7766,93.7818,93.7257,0.0508,0.0560,0.0052
676,1018.8,295.9,93.7807,93.7859,93.7296,0.0511,0.0563,0.0052
677,993.7,317.5,93.7849,93.7901,93.7335,0.0514,0.0566,0.0052
678,982.8,287.3,93.7890,93.7942,93.7374,0.0516,0.0568,0.0052
679,1000.5,300.5,93.7931,93.7983,93.7415,0.0516,0.0568,0.0052
680,1027.7,322.8,93.7973,93.8025,93.7453,0.0520,0.0572,0.0052
681,981.5,317.1,93.8014,93.8066,93.7491,0.0523,0.0575,0.0052
682,990.7,292.0,93.8055,93.8107,93.7532,0.0523,0.0575,0.0052
683,1009.8,334.8,93.8096,93.8148,93.7575,0.0521,0.0573,0.0052
684,990.7,350.1,93.8137,93.8189,93.7614,0.0523,0.0575,0.0052
685,1028.5,304.3,93.8178,93.8230,93.7653,0.0525,0.0577,0.0052
686,969.4,359.7,93.8219,93.8271,93.7692,0.0527,0.0579,0.0052
687,1017.8,267.0,93.8260,93.8312,93.7732,0.0528,0.0580,0.0052
688,990.3,279.6,93.8301,93.8353,93.7769,0.0532,0.0584,0.0052
689,1035.5,362.8,93.8341,93.8393,93.7806,0.0536,0.0587,0.0052
690,969.9,341.5,93.8382,93.8434,93.7844,0.0538,0.0589,0.0052
691,998.3,353.3,93.8423,93.8474,93.7887,0.0536,0.0588,0.0052
692,1072.7,345.2,93.8463,93.8515,93.7926,0.0538,0.0589,0.0052
693,918.4,345.5,93.8504,93.8555,93.7963,0.0540,0.0592,0.0052
694,1005.5,331.9,93.8544,93.8596,93.7999,0.0545,0.0597,0.0052
695,999.2,311.6,93.8585,93.8636,93.8036,0.0549,0.0600,0.0052
696,998.4,323.1,93.8625,93.8677,93.8069,0.0556,0.0608,0.0052
697,995.5,308.0,93.8665,93.8717,93.8102,0.0564,0.0615,0.0052
698,1010.1,334.5,93.8705,93.8757,93.8134,0.0571,0.0622,0.0051
699,995.5,369.0,93.8746,93.8797,93.8172,0.0574,0.0626,0.0051
700,997.5,336.0,93.8786,93.8837,93.8205,0.0580,0.0632,0.0051
701,995.1,327.7,93.8826,93.8877,93.8240,0.0586,0.0637,0.0051
702,1012.4,327.5,93.8866,93.8917,93.8276,0.0590,0.0641,0.0051
703,988.7,289.4,93.8906,93.8957,93.8315,0.0590,0.0641,0.0051
704,1027.8,358.3,93.8945,93.8997,93.8352,0.0593,0.0644,0.0051
705,971.7,296.7,93.8985,93.9036,93.8390,0.0595,0.0646,0.0051
706,1017.5,300.3,93.9025,93.9076,93.8430,0.0594,0.0646,0.0051
707,984.3,672.7,93.9065,93.9116,93.8473,0.0591,0.0642,0.0051
708,1007.4,296.4,93.9104,93.9155,93.8513,0.0591,0.0643,0.0051
709,987.7,350.0,93.9144,93.9195,93.8551,0.0593,0.0644,0.0051
710,1003.3,302.2,93.9183,93.9234,93.8589,0.0594,0.0645,0.0051
711,1016.0,300.7,93.9223,93.9274,93.8628,0.0594,0.0645,0.0051
712,1057.8,304.4,93.9262,93.9313,93.8672,0.0589,0.0641,0.0051
713,929.5,333.6,93.9301,93.9352,93.8715,0.0586,0.0637,0.0051
714,1004.7,351.2,93.9340,93.9391,93.8759,0.0581,0.0632,0.0051
715,997.7,334.1,93.9380,93.9431,93.8807,0.0573,0.0624,0.0051
716,994.0,402.4,93.9419,93.9470,93.8851,0.0568,0.0619,0.0051
717,1015.5,363.2,93.9458,93.9509,93.8896,0.0562,0.0613,0.0051
718,980.3,377.7,93.9497,93.9548,93.8940,0.0557,0.0607,0.0051
719,1016.2,357.8,93.9536,93.9586,93.8987,0.0549,0.0600,0.0051
720,996.5,350.6,93.9574,93.9625,93.9029,0.0546,0.0596,0.0051
721,995.0,381.4,93.9613,93.9664,93.9070,0.0543,0.0594,0.0051
722,1010.2,315.1,93.9652,93.9703,93.9113,0.0539,0.0590,0.0051
723,1003.8,306.5,93.9691,93.9741,93.9160,0.0531,0.0582,0.0051
724,986.1,307.0,93.9729,93.9780,93.9204,0.0525,0.0576,0.0051
725,999.8,352.8,93.9768,93.9818,93.9249,0.0519,0.0569,0.0051
726,1013.6,558.5,93.9806,93.9857,93.9293,0.0514,0.0564,0.0051
727,1003.0,297.7,93.9845,93.9895,93.9337,0.0508,0.0558,0.0051
728,983.1,317.0,93.9883,93.9934,93.9383,0.0500,0.0551,0.0051
729,999.5,307.9,93.9921,93.9972,93.9424,0.0498,0.0548,0.0051
730,1002.3,332.4,93.9960,94.0010,93.9462,0.0497,0.0548,0.0051
731,1011.9,330.6,93.9998,94.0048,93.9501,0.0496,0.0547,0.0050
732,986.9,331.5,94.0036,94.0086,93.9544,0.0492,0.0542,0.0050
733,1001.8,331.2,94.0074,94.0124,93.9583,0.0491,0.0541,0.0050
734,991.5,306.0,94.0112,94.0162,93.9623,0.0489,0.0539,0.0050
735,1013.8,326.1,94.0150,94.0200,93.9664,0.0485,0.0536,0.0050
736,1031.2,336.5,94.0188,94.0238,93.9710,0.0477,0.0528,0.0050
737,968.9,313.2,94.0225,94.0276,93.9753,0.0473,0.0523,0.0050
738,1246.5,389.0,94.0263,94.0313,93.9794,0.0469,0.0519,0.0050
739,733.6,479.5,94.0301,94.0351,93.9834,0.0467,0.0517,0.0050
740,1022.4,372.4,94.0338,94.0389,93.9876,0.0462,0.0512,0.0050
741,993.4,319.0,94.0376,94.0426,93.9915,0.0461,0.0511,0.0050
742,1001.2,301.9,94.0413,94.0463,93.9954,0.0460,0.0510,0.0050
743,995.3,294.3,94.0451,94.0501,93.9992,0.0459,0.0509,0.0050
744,1010.5,305.0,94.0488,94.0538,94.0033,0.0455,0.0505,0.0050
745,989.9,308.8,94.0525,94.0575,94.0072,0.0453,0.0503,0.0050
746,1011.4,316.9,94.0563,94.0613,94.0111,0.0451,0.0501,0.0050
747,1010.4,318.7,94.0600,94.0650,94.0149,0.0451,0.0501,0.0050
748,978.5,311.6,94.0637,94.0687,94.0188,0.0449,0.0499,0.0050
749,999.4,314.1,94.0674,94.0724,94.0223,0.0451,0.0501,0.0050
750,1000.4,295.0,94.0711,94.0761,94.0257,0.0453,0.0503,0.0050
751,1010.8,304.4,94.0748,94.0798,94.0293,0.0455,0.0505,0.0050
752,990.3,302.6,94.0785,94.0834,94.0331,0.0454,0.0504,0.0050
753,1012.6,263.7,94.0821,94.0871,94.0365,0.0457,0.0506,0.0050
754,973.0,339.4,94.0858,94.0908,94.0399,0.0459,0.0509,0.0050
755,1015.7,302.7,94.0895,94.0944,94.0437,0.0457,0.0507,0.0050
756,1005.5,288.1,94.0931,94.0981,94.0469,0.0462,0.0512,0.0050
757,977.4,322.3,94.0968,94.1017,94.0502,0.0466,0.0515,0.0050
758,1003.6,309.5,94.1004,94.1054,94.0536,0.0468,0.0517,0.0050
759,1002.6,357.8,94.1041,94.1090,94.0574,0.0467,0.0517,0.0050
760,1008.9,313.1,94.1077,94.1127,94.0607,0.0470,0.0519,0.0050
761,990.6,309.7,94.1113,94.1163,94.0639,0.0474,0.0524,0.0050
762,998.0,377.8,94.1149,94.1199,94.0669,0.0480,0.0530,0.0049
763,1014.1,319.1,94.1186,94.1235,94.0701,0.0485,0.0534,0.0049
764,1004.0,313.6,94.1222,94.1271,94.0730,0.0492,0.0541,0.0049
765,991.7,346.8,94.1258,94.1307,94.0760,0.0498,0.0547,0.0049
766,997.9,376.7,94.1294,94.1343,94.0792,0.0502,0.0551,0.0049
767,1006.0,307.6,94.1329,94.1379,94.0826,0.0503,0.0553,0.0049
768,1020.0,355.9,94.1365,94.1415,94.0858,0.0508,0.0557,0.0049
769,984.6,350.7,94.1401,94.1450,94.0858,0.0543,0.0593,0.0049
770,983.1,317.2,94.1437,94.1486,94.0890,0.0547,0.0596,0.0049
771,995.8,352.4,94.1472,94.1521,94.0921,0.0551,0.0600,0.0049
772,1013.2,292.5,94.1508,94.1557,94.0956,0.0552,0.0601,0.0049
773,987.5,470.2,94.1543,94.1592,94.0991,0.0552,0.0601,0.0049
774,1012.7,303.1,94.1579,94.1628,94.1028,0.0551,0.0600,0.0049
775,1009.2,304.4,94.1614,94.1663,94.1067,0.0547,0.0596,0.0049
776,981.4,288.8,94.1649,94.1698,94.1103,0.0546,0.0595,0.0049
777,997.8,443.7,94.1685,94.1734,94.1138,0.0546,0.0595,0.0049
778,1003.7,286.0,94.1720,94.1769,94.1173,0.0547,0.0596,0.0049
779,1000.9,309.2,94.1755,94.1804,94.1210,0.0545,0.0594,0.0049
780,1006.9,291.8,94.1790,94.1839,94.1246,0.0544,0.0593,0.0049
781,997.5,301.0,94.1825,94.1874,94.1283,0.0542,0.0591,0.0049
782,1009.5,292.5,94.1860,94.1908,94.1320,0.0540,0.0589,0.0049
783,993.1,298.2,94.1894,94.1943,94.1361,0.0533,0.0582,0.0049
784,1003.0,295.7,94.1929,94.1978,94.1402,0.0528,0.0576,0.0049
785,1002.5,277.2,94.1964,94.2013,94.1443,0.0521,0.0570,0.0049
786,1014.2,246.8,94.1999,94.2047,94.1484,0.0515,0.0563,0.0049
787,975.2,335.4,94.2033,94.2082,94.1528,0.0505,0.0554,0.0049
788,1013.0,271.8,94.2068,94.2116,94.1568,0.0500,0.0548,0.0049
789,981.1,394.3,94.2102,94.2151,94.1608,0.0494,0.0543,0.0049
790,1019.3,383.6,94.2136,94.2185,94.1647,0.0489,0.0538,0.0049
791,1003.6,444.0,94.2171,94.2219,94.1690,0.0480,0.0529,0.0049
792,998.1,510.4,94.2205,94.2253,94.1730,0.0475,0.0523,0.0049
793,990.8,344.5,94.2239,94.2288,94.1771,0.0469,0.0517,0.0048
794,1011.0,307.2,94.2273,94.2322,94.1813,0.0461,0.0509,0.0048
795,995.6,308.6,94.2307,94.2356,94.1858,0.0449,0.0498,0.0048
796,1058.1,405.5,94.2341,94.2390,94.1900,0.0441,0.0490,0.0048
797,951.7,315.4,94.2375,94.2423,94.1940,0.0435,0.0483,0.0048
798,1223.7,310.0,94.2409,94.2457,94.1979,0.0430,0.0478,0.0048
799,772.4,331.6,94.2443,94.2491,94.2021,0.0422,0.0470,0.0048
800,1023.6,294.3,94.2476,94.2525,94.2057,0.0419,0.0467,0.0048
801,982.8,296.9,94.2510,94.2558,94.2093,0.0417,0.0466,0.0048
802,978.1,299.1,94.2544,94.2592,94.2128,0.0416,0.0464,0.0048
803,1008.0,267.3,94.2577,94.2625,94.2165,0.0412,0.0460,0.0048
804,1015.4,488.3,94.2611,94.2659,94.2202,0.0409,0.0457,0.0048
805,973.1,345.0,94.2644,94.2692,94.2239,0.0405,0.0453,0.0048
806,999.6,303.6,94.2677,94.2725,94.2274,0.0403,0.0451,0.0048
807,1027.2,304.0,94.2710,94.2758,94.2313,0.0398,0.0446,0.0048
808,986.4,306.0,94.2744,94.2792,94.2350,0.0394,0.0442,0.0048
809,992.5,308.0,94.2777,94.2825,94.2388,0.0389,0.0437,0.0048
810,1014.1,322.9,94.2810,94.2858,94.2425,0.0385,0.0433,0.0048
811,990.5,392.2,94.2843,94.2891,94.2464,0.0379,0.0427,0.0048
812,1018.5,350.8,94.2876,94.2923,94.2500,0.0376,0.0424,0.0048
813,1003.2,1369.2,94.2908,94.2956,94.2536,0.0372,0.0420,0.0048
814,1377.0,402.1,94.2941,94.2989,94.2572,0.0369,0.0417,0.0048
815,589.9,309.5,94.2974,94.3022,94.2610,0.0364,0.0412,0.0048
816,1025.2,350.0,94.3007,94.3054,94.2646,0.0360,0.0408,0.0048
817,994.5,323.8,94.3039,94.3087,94.2683,0.0356,0.0403,0.0048
818,993.4,296.0,94.3072,94.3119,94.2721,0.0350,0.0398,0.0048
819,1001.4,326.8,94.3104,94.3152,94.2761,0.0343,0.0390,0.0048
820,990.0,311.9,94.3136,94.3184,94.2798,0.0338,0.0386,0.0048
821,1016.6,279.7,94.3169,94.3216,94.2834,0.0335,0.0382,0.0048
822,981.3,325.9,94.3201,94.3248,94.2869,0.0332,0.0380,0.0048
823,1022.9,272.2,94.3233,94.3280,94.2905,0.0328,0.0375,0.0047
824,1002.0,281.8,94.3265,94.3313,94.2938,0.0327,0.0375,0.0047
825,995.1,287.8,94.3297,94.3345,94.2971,0.0326,0.0374,0.0047
826,987.6,340.9,94.3329,94.3376,94.3003,0.0326,0.0373,0.0047
827,991.4,291.4,94.3361,94.3408,94.3036,0.0325,0.0373,0.0047
828,1004.1,288.3,94.3393,94.3440,94.3071,0.0322,0.0370,0.0047
829,1004.9,303.8,94.3425,94.3472,94.3103,0.0322,0.0369,0.0047
830,993.6,357.7,94.3456,94.3503,94.3133,0.0324,0.0371,0.0047
831,1019.5,325.6,94.3488,94.3535,94.3162,0.0326,0.0373,0.0047
832,994.2,308.6,94.3519,94.3566,94.3194,0.0326,0.0373,0.0047
833,1014.5,380.6,94.3551,94.3598,94.3223,0.0328,0.0375,0.0047
834,991.9,633.5,94.3582,94.3629,94.3252,0.0330,0.0377,0.0047
835,975.6,353.0,94.3614,94.3661,94.3280,0.0334,0.0381,0.0047
836,1018.3,295.7,94.3645,94.3692,94.3308,0.0337,0.0384,0.0047
837,993.1,330.5,94.3676,94.3723,94.3333,0.0343,0.0390,0.0047
838,999.0,316.9,94.3707,94.3754,94.3357,0.0351,0.0397,0.0047
839,992.8,358.8,94.3738,94.3785,94.3379,0.0359,0.0406,0.0047
840,1008.0,339.1,94.3769,94.3816,94.3402,0.0367,0.0414,0.0047
841,991.8,338.5,94.3800,94.3847,94.3423,0.0377,0.0424,0.0047
842,997.8,343.2,94.3831,94.3878,94.3444,0.0387,0.0434,0.0047
843,1006.4,304.5,94.3862,94.3909,94.3468,0.0394,0.0441,0.0047
844,1013.7,346.1,94.3892,94.3939,94.3496,0.0397,0.0444,0.0047
845,985.0,340.2,94.3923,94.3970,94.3522,0.0401,0.0448,0.0047
846,996.2,349.5,94.3954,94.4000,94.3548,0.0406,0.0452,0.0047
847,1002.7,342.8,94.3984,94.4031,94.3574,0.0411,0.0457,0.0047
848,1009.6,309.5,94.4015,94.4061,94.3601,0.0413,0.0460,0.0047
849,991.2,331.6,94.4045,94.4092,94.3627,0.0418,0.0465,0.0047
850,998.9,318.1,94.4075,94.4122,94.3653,0.0422,0.0469,0.0047
851,1001.2,323.6,94.4106,94.4152,94.3680,0.0426,0.0472,0.0047
852,1009.3,311.2,94.4136,94.4182,94.3708,0.0428,0.0474,0.0046
853,991.4,340.5,94.4166,94.4212,94.3734,0.0431,0.0478,0.0046
854,998.6,308.4,94.4196,94.4242,94.3761,0.0435,0.0482,0.0046
855,1007.4,289.5,94.4226,94.4272,94.3787,0.0439,0.0485,0.0046
856,1003.0,307.2,94.4256,94.4302,94.3814,0.0441,0.0488,0.0046
857,997.1,302.4,94.4286,94.4332,94.3843,0.0442,0.0488,0.0046
858,994.8,1013.9,94.4315,94.4362,94.3871,0.0445,0.0491,0.0046
859,1020.7,311.6,94.4345,94.4391,94.3898,0.0447,0.0493,0.0046
860,1165.3,308.6,94.4375,94.4421,94.3927,0.0447,0.0493,0.0046
861,834.4,313.7,94.4404,94.4450,94.3956,0.0448,0.0494,0.0046
862,984.4,295.7,94.4434,94.4480,94.3986,0.0448,0.0494,0.0046
863,1001.3,292.7,94.4463,94.4509,94.4016,0.0447,0.0493,0.0046
864,1001.0,399.8,94.4492,94.4538,94.4049,0.0443,0.0489,0.0046
865,1011.1,348.0,94.4522,94.4568,94.4082,0.0440,0.0486,0.0046
866,970.0,352.8,94.4551,94.4597,94.4114,0.0437,0.0483,0.0046
867,1002.3,356.2,94.4580,94.4626,94.4145,0.0435,0.0480,0.0046
868,994.9,348.4,94.4609,94.4655,94.4179,0.0430,0.0476,0.0046
869,1008.9,385.4,94.4638,94.4684,94.4209,0.0429,0.0475,0.0046
870,990.9,375.4,94.4667,94.4713,94.4238,0.0429,0.0475,0.0046
871,999.9,329.9,94.4696,94.4741,94.4266,0.0429,0.0475,0.0046
872,1000.5,342.8,94.4724,94.4770,94.4298,0.0427,0.0472,0.0046
873,1004.4,299.2,94.4753,94.4799,94.4327,0.0426,0.0472,0.0046
874,1018.1,322.7,94.4782,94.4827,94.4356,0.0425,0.0471,0.0046
875,983.0,666.0,94.4810,94.4856,94.4387,0.0423,0.0469,0.0046
876,1015.7,336.8,94.4839,94.4884,94.4423,0.0416,0.0462,0.0046
877,1005.9,298.7,94.4867,94.4913,94.4457,0.0411,0.0456,0.0046
878,989.1,340.1,94.4896,94.4941,94.4490,0.0406,0.0451,0.0046
879,1006.3,306.5,94.4924,94.4969,94.4523,0.0401,0.0447,0.0046
880,982.4,658.2,94.4952,94.4998,94.4556,0.0396,0.0441,0.0045
881,1020.7,318.3,94.4980,94.5026,94.4587,0.0393,0.0439,0.0045
882,991.8,306.9,94.5008,94.5054,94.4617,0.0391,0.0437,0.0045
883,1009.0,290.0,94.5036,94.5082,94.4646,0.0391,0.0436,0.0045
884,990.8,330.0,94.5064,94.5110,94.4677,0.0387,0.0432,0.0045
885,991.8,306.4,94.5092,94.5137,94.4707,0.0385,0.0431,0.0045
886,1000.5,321.1,94.5120,94.5165,94.4736,0.0384,0.0429,0.0045
887,1008.6,309.1,94.5148,94.5193,94.4764,0.0384,0.0429,0.0045
888,1028.7,354.1,94.5175,94.5220,94.4794,0.0381,0.0426,0.0045
889,964.9,332.2,94.5203,94.5248,94.4822,0.0380,0.0426,0.0045
890,1025.2,353.3,94.5230,94.5275,94.4852,0.0379,0.0424,0.0045
891,979.4,397.8,94.5258,94.5303,94.4882,0.0375,0.0421,0.0045
892,1015.6,341.0,94.5285,94.5330,94.4916,0.0370,0.0415,0.0045
893,991.6,314.9,94.5312,94.5357,94.4946,0.0367,0.0412,0.0045
894,1020.5,334.4,94.5340,94.5385,94.4975,0.0364,0.0409,0.0045
895,982.6,310.9,94.5367,94.5412,94.5006,0.0361,0.0406,0.0045
896,1000.4,319.5,94.5394,94.5439,94.5041,0.0353,0.0398,0.0045
897,1099.2,371.4,94.5421,94.5466,94.5072,0.0349,0.0394,0.0045
898,901.6,293.4,94.5448,94.5493,94.5101,0.0346,0.0391,0.0045
899,992.5,335.4,94.5475,94.5519,94.5130,0.0344,0.0389,0.0045
900,1001.9,293.0,94.5501,94.5546,94.5162,0.0339,0.0384,0.0045
901,993.6,313.3,94.5528,94.5573,94.5192,0.0336,0.0381,0.0045
902,999.9,364.7,94.5555,94.5599,94.5222,0.0333,0.0378,0.0045
903,998.5,348.7,94.5581,94.5626,94.5251,0.0330,0.0375,0.0045
904,1006.4,350.8,94.5608,94.5652,94.5284,0.0324,0.0368,0.0045
905,994.2,299.4,94.5634,94.5679,94.5314,0.0320,0.0364,0.0045
906,1286.2,361.0,94.5661,94.5705,94.5345,0.0316,0.0360,0.0045
907,711.4,327.7,94.5687,94.5731,94.5374,0.0313,0.0357,0.0045
908,1021.0,318.0,94.5713,94.5758,94.5405,0.0308,0.0353,0.0044
909,983.9,329.6,94.5739,94.5784,94.5434,0.0305,0.0350,0.0044
910,995.0,317.8,94.5765,94.5810,94.5464,0.0301,0.0346,0.0044
911,1005.6,423.4,94.5791,94.5836,94.5493,0.0298,0.0342,0.0044
912,1031.3,307.1,94.5817,94.5862,94.5525,0.0292,0.0337,0.0044
913,973.5,323.3,94.5843,94.5887,94.5553,0.0290,0.0334,0.0044
914,998.6,351.9,94.5869,94.5913,94.5581,0.0288,0.0333,0.0044
915,2024.9,398.6,94.5895,94.5939,94.5635,0.0260,0.0304,0.0044
916,406.1,370.5,94.5920,94.5964,94.5635,0.0285,0.0329,0.0044
917,566.5,298.4,94.5946,94.5990,94.5665,0.0281,0.0325,0.0044
918,993.6,617.0,94.5971,94.6015,94.5693,0.0278,0.0322,0.0044
919,1015.4,330.0,94.5997,94.6041,94.5722,0.0275,0.0319,0.0044
920,994.9,344.0,94.6022,94.6066,94.5750,0.0272,0.0316,0.0044
921,993.6,332.9,94.6047,94.6091,94.5784,0.0264,0.0308,0.0044
922,1017.8,325.3,94.6073,94.6117,94.5807,0.0265,0.0309,0.0044
923,982.8,353.3,94.6098,94.6142,94.5835,0.0263,0.0307,0.0044
924,1003.4,347.4,94.6123,94.6167,94.5865,0.0258,0.0302,0.0044
925,994.2,339.6,94.6148,94.6192,94.5892,0.0255,0.0299,0.0044
926,999.9,382.5,94.6173,94.6217,94.5917,0.0255,0.0299,0.0044
927,1013.8,336.0,94.6198,94.6241,94.5941,0.0257,0.0301,0.0044
928,998.0,322.0,94.6222,94.6266,94.5964,0.0259,0.0302,0.0044
929,987.2,364.5,94.6247,94.6291,94.5988,0.0259,0.0303,0.0044
930,1007.3,319.9,94.6272,94.6315,94.6009,0.0262,0.0306,0.0044
931,990.7,357.3,94.6296,94.6340,94.6031,0.0265,0.0309,0.0044
932,1018.5,328.4,94.6321,94.6364,94.6052,0.0268,0.0312,0.0044
933,982.4,310.4,94.6345,94.6389,94.6076,0.0269,0.0313,0.0044
934,1003.6,344.8,94.6369,94.6413,94.6097,0.0273,0.0316,0.0044
935,995.8,342.6,94.6394,94.6437,94.6118,0.0276,0.0319,0.0044
936,1017.7,303.9,94.6418,94.6461,94.6139,0.0279,0.0322,0.0043
937,989.9,332.1,94.6442,94.6485,94.6162,0.0280,0.0323,0.0043
938,1004.5,320.0,94.6466,94.6509,94.6185,0.0281,0.0324,0.0043
939,995.1,335.5,94.6490,94.6533,94.6207,0.0283,0.0326,0.0043
940,995.4,419.8,94.6514,94.6557,94.6230,0.0284,0.0327,0.0043
941,1010.5,386.9,94.6538,94.6581,94.6255,0.0282,0.0326,0.0043
942,1013.1,333.6,94.6561,94.6605,94.6279,0.0283,0.0326,0.0043
943,992.4,313.5,94.6585,94.6628,94.6279,0.0306,0.0350,0.0043
944,983.7,321.3,94.6609,94.6652,94.6303,0.0306,0.0349,0.0043
945,999.7,288.4,94.6632,94.6675,94.6326,0.0306,0.0349,0.0043
946,1005.2,334.4,94.6656,94.6699,94.6348,0.0308,0.0351,0.0043
947,1009.7,333.5,94.6679,94.6722,94.6371,0.0308,0.0351,0.0043
948,978.9,305.2,94.6702,94.6745,94.6392,0.0311,0.0354,0.0043
949,995.4,333.7,94.6726,94.6769,94.6412,0.0313,0.0356,0.0043
950,1003.7,354.0,94.6749,94.6792,94.6437,0.0312,0.0355,0.0043
951,993.2,346.7,94.6772,94.6815,94.6460,0.0312,0.0355,0.0043
952,1004.4,356.6,94.6795,94.6838,94.6483,0.0312,0.0355,0.0043
953,994.8,340.2,94.6818,94.6861,94.6505,0.0312,0.0355,0.0043
954,1005.8,347.5,94.6841,94.6884,94.6528,0.0312,0.0355,0.0043
955,993.7,303.0,94.6864,94.6906,94.6549,0.0314,0.0357,0.0043
956,1025.0,321.5,94.6886,94.6929,94.6571,0.0315,0.0358,0.0043
957,979.3,608.9,94.6909,94.6952,94.6594,0.0315,0.0357,0.0043
958,1015.5,339.5,94.6932,94.6974,94.6621,0.0311,0.0353,0.0043
959,995.6,339.0,94.6954,94.6997,94.6647,0.0307,0.0350,0.0043
960,994.4,308.7,94.6976,94.7019,94.6672,0.0304,0.0347,0.0043
961,1170.2,276.5,94.6999,94.7041,94.6697,0.0302,0.0344,0.0043
962,842.7,320.2,94.7021,94.7064,94.6723,0.0298,0.0341,0.0043
963,996.2,331.5,94.7043,94.7086,94.6747,0.0296,0.0339,0.0042
964,1006.8,323.7,94.7065,94.7108,94.6771,0.0295,0.0337,0.0042
965,1000.4,382.6,94.7088,94.7130,94.6795,0.0292,0.0335,0.0042
966,1016.9,345.5,94.7109,94.7152,94.6823,0.0287,0.0329,0.0042
967,975.7,1614.2,94.7131,94.7174,94.6847,0.0284,0.0327,0.0042
968,1621.3,641.7,94.7153,94.7196,94.6894,0.0260,0.0302,0.0042
969,648.0,325.7,94.7175,94.7217,94.6894,0.0281,0.0324,0.0042
970,761.2,324.2,94.7197,94.7239,94.6917,0.0279,0.0321,0.0042
971,964.2,354.7,94.7218,94.7261,94.6939,0.0279,0.0321,0.0042
972,997.1,334.6,94.7240,94.7282,94.6961,0.0279,0.0321,0.0042
973,1006.9,354.5,94.7261,94.7303,94.6983,0.0278,0.0321,0.0042
974,1012.9,350.5,94.7283,94.7325,94.7006,0.0277,0.0319,0.0042
975,995.3,313.8,94.7304,94.7346,94.7029,0.0275,0.0317,0.0042
976,990.7,336.7,94.7325,94.7367,94.7052,0.0273,0.0315,0.0042
977,1004.4,574.4,94.7346,94.7388,94.7076,0.0271,0.0313,0.0042
978,1001.1,294.3,94.7368,94.7410,94.7103,0.0264,0.0306,0.0042
979,993.3,330.3,94.7389,94.7430,94.7129,0.0260,0.0302,0.0042
980,1009.3,286.3,94.7410,94.7451,94.7153,0.0257,0.0298,0.0042
981,997.6,308.1,94.7430,94.7472,94.7175,0.0255,0.0297,0.0042
982,998.4,571.7,94.7451,94.7493,94.7197,0.0255,0.0296,0.0042
983,982.3,298.9,94.7472,94.7514,94.7218,0.0254,0.0295,0.0042
984,1044.8,305.3,94.7493,94.7534,94.7240,0.0253,0.0295,0.0042
985,972.6,331.6,94.7513,94.7555,94.7261,0.0252,0.0294,0.0042
986,1003.6,321.4,94.7534,94.7575,94.7281,0.0253,0.0294,0.0042
987,1033.5,322.9,94.7554,94.7596,94.7302,0.0252,0.0294,0.0042
988,968.1,311.4,94.7574,94.7616,94.7319,0.0255,0.0297,0.0042
989,1000.8,367.9,94.7595,94.7636,94.7338,0.0257,0.0299,0.0042
990,1032.6,322.4,94.7615,94.7656,94.7357,0.0258,0.0300,0.0041
991,960.1,365.0,94.7635,94.7677,94.7378,0.0258,0.0299,0.0041
992,998.0,294.6,94.7655,94.7697,94.7400,0.0255,0.0297,0.0041
993,1002.9,296.9,94.7675,94.7716,94.7420,0.0255,0.0296,0.0041
994,980.5,319.4,94.7695,94.7736,94.7440,0.0255,0.0296,0.0041
995,1016.1,304.1,94.7715,94.7756,94.7461,0.0254,0.0295,0.0041
996,1005.6,331.5,94.7735,94.7776,94.7481,0.0254,0.0295,0.0041
997,979.4,327.4,94.7754,94.7795,94.7500,0.0254,0.0295,0.0041
998,1017.0,292.7,94.7774,94.7815,94.7521,0.0252,0.0294,0.0041
999,1003.7,351.4,94.7793,94.7835,94.7544,0.0249,0.0290,0.0041
1000,1008.5,326.0,94.7813,94.7854,94.7566,0.0247,0.0288,0.0041
1001,984.7,333.9,94.7832,94.7873,94.7589,0.0244,0.0285,0.0041
1002,1016.8,315.6,94.7852,94.7893,94.7610,0.0241,0.0282,0.0041
1003,973.1,343.4,94.7871,94.7912,94.7633,0.0238,0.0279,0.0041
1004,1001.5,354.4,94.7890,94.7931,94.7655,0.0234,0.0275,0.0041
1005,1002.1,324.1,94.7909,94.7950,94.7678,0.0231,0.0272,0.0041
1006,1027.2,323.1,94.7928,94.7969,94.7700,0.0228,0.0269,0.0041
1007,986.9,316.7,94.7947,94.7988,94.7724,0.0223,0.0264,0.0041
1008,2194.1,295.9,94.7966,94.8007,94.7766,0.0200,0.0240,0.0041
1009,298.8,317.4,94.7985,94.8025,94.7789,0.0195,0.0236,0.0041
1010,489.3,303.0,94.8003,94.8044,94.7789,0.0214,0.0255,0.0041
1011,1000.6,931.0,94.8022,94.8063,94.7814,0.0208,0.0249,0.0041
1012,1002.4,354.1,94.8040,94.8081,94.7837,0.0203,0.0244,0.0041
1013,1016.0,306.4,94.8059,94.8100,94.7859,0.0200,0.0241,0.0041
1014,989.1,366.6,94.8077,94.8118,94.7879,0.0198,0.0239,0.0041
1015,994.0,456.2,94.8096,94.8136,94.7901,0.0194,0.0235,0.0041
1016,1009.6,356.1,94.8114,94.8154,94.7922,0.0192,0.0232,0.0041
1017,995.9,333.5,94.8132,94.8173,94.7943,0.0189,0.0229,0.0040
1018,994.2,427.3,94.8150,94.8191,94.7966,0.0185,0.0225,0.0040
1019,999.9,324.9,94.8168,94.8209,94.7989,0.0179,0.0219,0.0040
1020,1318.2,472.4,94.8186,94.8226,94.8011,0.0175,0.0215,0.0040
1021,704.7,335.4,94.8204,94.8244,94.8034,0.0170,0.0210,0.0040
1022,991.1,314.3,94.8222,94.8262,94.8057,0.0165,0.0205,0.0040
1023,995.2,313.9,94.8239,94.8280,94.8079,0.0160,0.0201,0.0040
1024,1005.2,3257.1,94.8257,94.8297,94.8099,0.0158,0.0199,0.0040
1025,3261.2,319.5,94.8275,94.8315,94.8153,0.0122,0.0162,0.0040
1026,321.3,219.9,94.8292,94.8332,94.8171,0.0122,0.0162,0.0040
1027,221.8,388.1,94.8310,94.8350,94.8171,0.0139,0.0179,0.0040
1028,389.9,195.1,94.8327,94.8367,94.8171,0.0156,0.0196,0.0040
1029,1158.0,290.7,94.8344,94.8384,94.8189,0.0155,0.0195,0.0040
1030,628.1,277.7,94.8361,94.8401,94.8208,0.0154,0.0194,0.0040
1031,1015.3,296.9,94.8379,94.8418,94.8225,0.0153,0.0193,0.0040
1032,987.4,283.2,94.8396,94.8435,94.8244,0.0152,0.0192,0.0040
1033,3447.6,354.5,94.8413,94.8452,94.8297,0.0116,0.0156,0.0040
1034,358.2,415.7,94.8429,94.8469,94.8314,0.0115,0.0155,0.0040
1035,417.5,745.7,94.8446,94.8486,94.8314,0.0132,0.0172,0.0040
1036,748.7,276.2,94.8463,94.8503,94.8330,0.0133,0.0172,0.0040
1037,278.3,228.7,94.8480,94.8519,94.8330,0.0149,0.0189,0.0040
1038,748.0,287.7,94.8496,94.8536,94.8346,0.0150,0.0190,0.0040
1039,1017.1,319.6,94.8513,94.8552,94.8361,0.0151,0.0191,0.0040
1040,986.4,325.1,94.8529,94.8569,94.8376,0.0154,0.0193,0.0040
1041,1000.6,340.3,94.8545,94.8585,94.8390,0.0155,0.0195,0.0040
1042,999.8,392.3,94.8562,94.8601,94.8407,0.0155,0.0195,0.0040
1043,1000.0,327.2,94.8578,94.8617,94.8427,0.0151,0.0191,0.0039
1044,1006.7,304.8,94.8594,94.8633,94.8446,0.0148,0.0188,0.0039
1045,1132.6,267.0,94.8610,94.8649,94.8463,0.0147,0.0186,0.0039
1046,860.6,308.0,94.8626,94.8665,94.8479,0.0147,0.0186,0.0039
1047,1157.0,295.6,94.8642,94.8681,94.8495,0.0146,0.0186,0.0039
1048,848.2,275.5,94.8658,94.8697,94.8511,0.0147,0.0186,0.0039
1049,998.0,321.5,94.8674,94.8713,94.8525,0.0148,0.0187,0.0039
1050,1004.4,294.7,94.8689,94.8728,94.8540,0.0149,0.0188,0.0039
1051,988.6,281.5,94.8705,94.8744,94.8557,0.0148,0.0187,0.0039
1052,1018.9,293.8,94.8720,94.8759,94.8571,0.0149,0.0188,0.0039
1053,995.9,282.7,94.8736,94.8775,94.8586,0.0150,0.0189,0.0039
1054,999.9,292.5,94.8751,94.8790,94.8601,0.0150,0.0189,0.0039
1055,1003.3,290.7,94.8766,94.8805,94.8615,0.0152,0.0191,0.0039
1056,1001.1,296.4,94.8782,94.8821,94.8628,0.0154,0.0193,0.0039
1057,999.9,279.4,94.8797,94.8836,94.8640,0.0156,0.0195,0.0039
1058,997.1,293.9,94.8812,94.8851,94.8653,0.0159,0.0198,0.0039
1059,980.6,287.6,94.8827,94.8866,94.8667,0.0160,0.0199,0.0039
1060,1008.2,276.8,94.8842,94.8880,94.8679,0.0163,0.0202,0.0039
1061,1001.7,301.8,94.8856,94.8895,94.8692,0.0165,0.0204,0.0039
1062,994.6,293.1,94.8871,94.8910,94.8706,0.0165,0.0204,0.0039
1063,995.8,294.4,94.8886,94.8925,94.8719,0.0166,0.0205,0.0039
1064,1007.8,326.9,94.8900,94.8939,94.8734,0.0166,0.0205,0.0039
1065,998.9,335.4,94.8915,94.8954,94.8749,0.0166,0.0205,0.0039
1066,997.9,304.1,94.8929,94.8968,94.8765,0.0164,0.0203,0.0039
1067,1004.3,628.3,94.8944,94.8982,94.8781,0.0163,0.0202,0.0039
1068,1000.4,297.4,94.8958,94.8997,94.8796,0.0162,0.0200,0.0039
1069,997.3,303.1,94.8972,94.9011,94.8812,0.0160,0.0199,0.0038
1070,1000.4,330.9,94.8986,94.9025,94.8829,0.0157,0.0196,0.0038
1071,999.2,300.8,94.9000,94.9039,94.8844,0.0156,0.0195,0.0038
1072,994.6,272.8,94.9014,94.9053,94.8859,0.0155,0.0194,0.0038
1073,1001.2,331.0,94.9028,94.9067,94.8874,0.0154,0.0192,0.0038
1074,1003.0,322.2,94.9042,94.9080,94.8889,0.0153,0.0191,0.0038
1075,996.3,271.1,94.9056,94.9094,94.8905,0.0151,0.0189,0.0038
1076,1000.5,338.8,94.9070,94.9108,94.8920,0.0150,0.0188,0.0038
1077,999.4,304.1,94.9083,94.9121,94.8934,0.0149,0.0188,0.0038
1078,1003.2,298.7,94.9097,94.9135,94.8949,0.0148,0.0186,0.0038
1079,995.7,318.6,94.9110,94.9148,94.8964,0.0146,0.0185,0.0038
1080,1000.0,354.5,94.9123,94.9161,94.8978,0.0145,0.0183,0.0038
1081,1001.4,484.0,94.9137,94.9175,94.8993,0.0144,0.0182,0.0038
1082,1129.4,302.8,94.9150,94.9188,94.9010,0.0140,0.0178,0.0038
1083,900.8,327.7,94.9163,94.9201,94.9025,0.0138,0.0176,0.0038
1084,1017.3,287.0,94.9176,94.9214,94.9039,0.0137,0.0175,0.0038
1085,953.9,291.4,94.9189,94.9227,94.9052,0.0137,0.0175,0.0038
1086,1027.4,286.3,94.9202,94.9240,94.9064,0.0138,0.0176,0.0038
1087,977.5,314.0,94.9215,94.9253,94.9076,0.0139,0.0177,0.0038
1088,999.6,311.6,94.9228,94.9265,94.9088,0.0140,0.0177,0.0038
1089,999.3,321.7,94.9240,94.9278,94.9100,0.0140,0.0177,0.0038
1090,1001.0,322.6,94.9253,94.9290,94.9118,0.0134,0.0172,0.0038
1091,1016.4,342.2,94.9265,94.9303,94.9130,0.0135,0.0172,0.0038
1092,978.9,294.5,94.9278,94.9315,94.9144,0.0134,0.0171,0.0038
1093,998.7,277.4,94.9290,94.9328,94.9157,0.0133,0.0171,0.0038
1094,1002.2,306.3,94.9302,94.9340,94.9172,0.0130,0.0168,0.0038
1095,1000.6,283.0,94.9315,94.9352,94.9185,0.0130,0.0167,0.0037
1096,998.9,267.5,94.9327,94.9364,94.9199,0.0128,0.0166,0.0037
1097,1020.1,316.5,94.9339,94.9376,94.9214,0.0124,0.0162,0.0037
1098,995.1,289.3,94.9351,94.9388,94.9229,0.0122,0.0159,0.0037
1099,995.7,302.8,94.9363,94.9400,94.9242,0.0120,0.0158,0.0037
1100,992.0,311.0,94.9374,94.9412,94.9256,0.0119,0.0156,0.0037
1101,999.8,307.8,94.9386,94.9423,94.9269,0.0117,0.0154,0.0037
1102,1005.7,363.6,94.9398,94.9435,94.9284,0.0114,0.0151,0.0037
1103,1008.5,350.5,94.9409,94.9447,94.9298,0.0112,0.0149,0.0037
1104,988.0,364.0,94.9421,94.9458,94.9312,0.0109,0.0146,0.0037
1105,1000.1,324.9,94.9432,94.9469,94.9326,0.0106,0.0143,0.0037
1106,995.0,333.4,94.9444,94.9481,94.9326,0.0118,0.0155,0.0037
1107,999.5,311.7,94.9455,94.9492,94.9340,0.0115,0.0152,0.0037
1108,1021.6,327.4,94.9466,94.9503,94.9353,0.0113,0.0150,0.0037
1109,975.8,308.6,94.9477,94.9514,94.9366,0.0111,0.0148,0.0037
1110,1017.7,314.3,94.9488,94.9525,94.9380,0.0108,0.0145,0.0037
1111,997.2,387.4,94.9499,94.9536,94.9393,0.0106,0.0143,0.0037
1112,994.1,309.1,94.9510,94.9547,94.9406,0.0104,0.0141,0.0037
1113,1014.8,329.7,94.9521,94.9558,94.9419,0.0102,0.0139,0.0037
1114,986.7,389.5,94.9532,94.9568,94.9431,0.0100,0.0137,0.0037
1115,994.7,594.0,94.9542,94.9579,94.9442,0.0101,0.0137,0.0037
1116,1009.0,351.4,94.9553,94.9589,94.9451,0.0102,0.0139,0.0037
1117,993.5,331.3,94.9563,94.9600,94.9460,0.0104,0.0140,0.0037
1118,1011.5,324.0,94.9574,94.9610,94.9469,0.0104,0.0141,0.0037
1119,1000.6,583.6,94.9584,94.9621,94.9478,0.0106,0.0143,0.0037
1120,993.8,319.8,94.9594,94.9631,94.9487,0.0107,0.0143,0.0037
1121,993.2,334.3,94.9604,94.9641,94.9497,0.0107,0.0144,0.0036
1122,997.2,316.6,94.9615,94.9651,94.9508,0.0107,0.0143,0.0036
1123,1031.5,316.7,94.9625,94.9661,94.9517,0.0107,0.0144,0.0036
1124,992.9,330.3,94.9635,94.9671,94.9527,0.0108,0.0144,0.0036
1125,992.4,331.4,94.9644,94.9681,94.9536,0.0108,0.0145,0.0036
1126,996.1,341.4,94.9654,94.9691,94.9545,0.0109,0.0145,0.0036
1127,989.1,314.8,94.9664,94.9700,94.9554,0.0110,0.0146,0.0036
1128,1009.7,284.5,94.9674,94.9710,94.9564,0.0110,0.0146,0.0036
1129,1002.9,299.1,94.9683,94.9719,94.9575,0.0108,0.0144,0.0036
1130,1135.1,303.9,94.9693,94.9729,94.9588,0.0105,0.0141,0.0036
1131,859.6,339.6,94.9702,94.9738,94.9601,0.0101,0.0137,0.0036
1132,995.3,309.5,94.9711,94.9747,94.9613,0.0099,0.0135,0.0036
1133,1012.1,310.9,94.9721,94.9757,94.9624,0.0097,0.0133,0.0036
1134,983.2,311.9,94.9730,94.9766,94.9635,0.0095,0.0131,0.0036
1135,1013.2,320.8,94.9739,94.9775,94.9646,0.0093,0.0129,0.0036
1136,983.6,279.7,94.9748,94.9784,94.9656,0.0092,0.0128,0.0036
1137,1022.7,300.7,94.9757,94.9793,94.9667,0.0089,0.0125,0.0036
1138,993.7,321.9,94.9766,94.9801,94.9680,0.0086,0.0122,0.0036
1139,985.8,348.4,94.9774,94.9810,94.9691,0.0084,0.0119,0.0036
1140,997.6,339.2,94.9783,94.9819,94.9702,0.0081,0.0117,0.0036
1141,1002.0,333.4,94.9792,94.9827,94.9712,0.0080,0.0115,0.0036
1142,1009.3,388.1,94.9800,94.9836,94.9721,0.0079,0.0115,0.0036
1143,1007.0,372.1,94.9809,94.9844,94.9731,0.0078,0.0114,0.0036
1144,1004.2,418.7,94.9817,94.9853,94.9740,0.0077,0.0113,0.0036
1145,1011.0,787.9,94.9825,94.9861,94.9750,0.0076,0.0111,0.0036
1146,983.6,330.1,94.9834,94.9869,94.9759,0.0074,0.0110,0.0036
1147,989.0,308.4,94.9842,94.9877,94.9769,0.0073,0.0109,0.0035
1148,1014.0,298.6,94.9850,94.9885,94.9779,0.0071,0.0106,0.0035
1149,983.1,298.8,94.9858,94.9893,94.9788,0.0069,0.0105,0.0035
1150,1020.8,346.3,94.9866,94.9901,94.9798,0.0068,0.0103,0.0035
1151,989.9,324.5,94.9874,94.9909,94.9808,0.0066,0.0101,0.0035
1152,995.8,317.6,94.9881,94.9917,94.9817,0.0065,0.0100,0.0035
1153,1001.8,321.9,94.9889,94.9924,94.9824,0.0065,0.0100,0.0035
1154,1008.2,310.6,94.9897,94.9932,94.9832,0.0065,0.0100,0.0035
1155,998.6,359.8,94.9904,94.9939,94.9839,0.0065,0.0100,0.0035
1156,996.8,365.2,94.9912,94.9947,94.9847,0.0065,0.0100,0.0035
1157,1012.4,326.6,94.9919,94.9954,94.9854,0.0065,0.0100,0.0035
1158,994.0,319.7,94.9926,94.9961,94.9860,0.0066,0.0101,0.0035
1159,990.9,390.4,94.9933,94.9968,94.9866,0.0068,0.0103,0.0035
1160,1004.4,336.0,94.9941,94.9976,94.9872,0.0069,0.0104,0.0035
1161,992.3,314.3,94.9948,94.9983,94.9877,0.0070,0.0105,0.0035
1162,1035.2,332.2,94.9955,94.9989,94.9883,0.0071,0.0106,0.0035
1163,3971.0,1530.9,94.9961,94.9996,94.9904,0.0057,0.0092,0.0035
1164,1539.8,338.0,94.9968,95.0003,94.9918,0.0051,0.0086,0.0035
1165,342.4,386.4,94.9975,95.0010,94.9918,0.0058,0.0092,0.0035
1166,393.0,324.0,94.9982,95.0016,94.9918,0.0064,0.0099,0.0035
1167,330.2,585.8,94.9988,95.0023,94.9925,0.0064,0.0098,0.0035
1168,593.0,335.2,94.9995,95.0029,94.9925,0.0070,0.0105,0.0035
1169,342.4,665.0,95.0001,95.0036,94.9931,0.0070,0.0105,0.0035
1170,668.9,257.5,95.0008,95.0042,94.9931,0.0076,0.0111,0.0035
1171,779.5,353.6,95.0014,95.0048,94.9938,0.0076,0.0111,0.0035
1172,1024.3,322.1,95.0020,95.0054,94.9944,0.0076,0.0111,0.0034
1173,980.4,310.8,95.0026,95.0061,94.9950,0.0076,0.0111,0.0034
1174,1011.5,322.9,95.0032,95.0067,94.9956,0.0076,0.0111,0.0034
1175,994.7,307.0,95.0038,95.0072,94.9962,0.0076,0.0111,0.0034
1176,1001.4,3011.6,95.0044,95.0078,94.9968,0.0076,0.0111,0.0034
1177,3015.7,336.2,95.0050,95.0084,94.9987,0.0063,0.0097,0.0034
1178,338.5,344.7,95.0055,95.0090,94.9987,0.0068,0.0102,0.0034
1179,347.1,439.7,95.0061,95.0095,94.9994,0.0067,0.0102,0.0034
1180,442.3,473.2,95.0067,95.0101,94.9994,0.0073,0.0107,0.0034
1181,845.7,415.9,95.0072,95.0106,95.0000,0.0072,0.0106,0.0034
1182,998.9,291.2,95.0078,95.0112,95.0006,0.0072,0.0106,0.0034
1183,1003.9,298.8,95.0083,95.0117,95.0012,0.0071,0.0105,0.0034
1184,1009.6,343.9,95.0088,95.0122,95.0019,0.0069,0.0103,0.0034
1185,1005.1,354.0,95.0093,95.0127,95.0025,0.0068,0.0102,0.0034
1186,1005.6,326.3,95.0098,95.0132,95.0034,0.0065,0.0099,0.0034
1187,979.4,271.5,95.0103,95.0137,95.0041,0.0062,0.0096,0.0034
1188,1009.1,297.0,95.0108,95.0142,95.0050,0.0058,0.0092,0.0034
1189,998.3,325.5,95.0113,95.0147,95.0058,0.0055,0.0089,0.0034
1190,983.2,291.7,95.0118,95.0152,95.0066,0.0052,0.0085,0.0034
1191,1024.9,2983.9,95.0123,95.0156,95.0073,0.0049,0.0083,0.0034
1192,2987.8,376.9,95.0127,95.0161,95.0094,0.0033,0.0067,0.0034
1193,379.1,260.2,95.0132,95.0165,95.0094,0.0038,0.0071,0.0034
1194,262.1,262.0,95.0136,95.0170,95.0100,0.0036,0.0070,0.0034
1195,356.1,279.7,95.0141,95.0174,95.0100,0.0041,0.0074,0.0034
1196,995.4,277.6,95.0145,95.0178,95.0106,0.0039,0.0072,0.0034
1197,1002.2,305.3,95.0149,95.0183,95.0113,0.0037,0.0070,0.0034
1198,998.1,294.6,95.0153,95.0187,95.0120,0.0034,0.0067,0.0033
1199,1011.1,318.2,95.0157,95.0191,95.0126,0.0031,0.0065,0.0033
1200,1009.3,384.4,95.0161,95.0195,95.0133,0.0028,0.0061,0.0033
1201,985.6,358.0,95.0165,95.0199,95.0139,0.0026,0.0059,0.0033
1202,1001.6,280.5,95.0169,95.0202,95.0146,0.0023,0.0056,0.0033
1203,1010.0,296.3,95.0173,95.0206,95.0153,0.0020,0.0053,0.0033
1204,997.0,306.6,95.0176,95.0210,95.0160,0.0017,0.0050,0.0033
1205,1000.1,309.9,95.0180,95.0213,95.0165,0.0015,0.0048,0.0033
1206,3511.6,394.3,95.0184,95.0217,95.0185,-0.0001,0.0032,0.0033
1207,400.6,302.1,95.0187,95.0220,95.0185,0.0002,0.0036,0.0033
1208,305.4,264.1,95.0190,95.0223,95.0185,0.0006,0.0039,0.0033
1209,267.8,290.1,95.0194,95.0227,95.0185,0.0009,0.0042,0.0033
1210,507.6,292.8,95.0197,95.0230,95.0190,0.0007,0.0040,0.0033
1211,992.0,290.8,95.0200,95.0233,95.0195,0.0005,0.0037,0.0033
1212,1001.5,286.9,95.0203,95.0236,95.0200,0.0003,0.0035,0.0033
1213,1015.6,298.1,95.0206,95.0239,95.0205,0.0001,0.0034,0.0033
1214,1005.2,319.3,95.0209,95.0242,95.0210,-0.0001,0.0032,0.0033
1215,973.3,312.0,95.0212,95.0244,95.0213,-0.0002,0.0031,0.0033
1216,1019.4,341.5,95.0214,95.0247,95.0218,-0.0003,0.0029,0.0033
1217,980.2,291.2,95.0217,95.0250,95.0222,-0.0005,0.0028,0.0033
1218,1026.2,303.3,95.0220,95.0252,95.0226,-0.0006,0.0026,0.0033
1219,978.4,292.7,95.0222,95.0255,95.0230,-0.0008,0.0025,0.0033
1220,994.6,281.2,95.0224,95.0257,95.0234,-0.0009,0.0023,0.0033
1221,1024.5,321.4,95.0227,95.0259,95.0237,-0.0010,0.0022,0.0033
1222,983.8,287.5,95.0229,95.0262,95.0240,-0.0011,0.0021,0.0033
1223,1012.8,305.7,95.0231,95.0264,95.0243,-0.0012,0.0020,0.0032
1224,1000.1,315.4,95.0233,95.0266,95.0247,-0.0013,0.0019,0.0032
1225,982.4,307.2,95.0235,95.0268,95.0250,-0.0015,0.0018,0.0032
1226,1004.4,302.2,95.0237,95.0270,95.0254,-0.0017,0.0016,0.0032
1227,1017.3,315.9,95.0239,95.0271,95.0257,-0.0018,0.0014,0.0032
1228,976.4,285.5,95.0241,95.0273,95.0261,-0.0020,0.0012,0.0032
1229,1019.2,327.3,95.0243,95.0275,95.0264,-0.0022,0.0011,0.0032
1230,984.2,297.3,95.0244,95.0276,95.0268,-0.0024,0.0008,0.0032
1231,1014.1,309.9,95.0246,95.0278,95.0271,-0.0025,0.0007,0.0032
1232,984.2,314.8,95.0247,95.0279,95.0274,-0.0027,0.0005,0.0032
1233,1018.7,322.9,95.0249,95.0281,95.0277,-0.0029,0.0003,0.0032
1234,984.3,289.4,95.0250,95.0282,95.0280,-0.0030,0.0002,0.0032
1235,1012.8,326.7,95.0251,95.0283,95.0282,-0.0031,0.0001,0.0032
1236,981.3,303.8,95.0252,95.0284,95.0285,-0.0033,-0.0001,0.0032
1237,1002.5,286.1,95.0253,95.0285,95.0288,-0.0035,-0.0003,0.0032
1238,1020.7,300.4,95.0254,95.0286,95.0291,-0.0037,-0.0005,0.0032
1239,1003.6,327.8,95.0255,95.0287,95.0293,-0.0038,-0.0006,0.0032
1240,973.8,295.5,95.0256,95.0288,95.0295,-0.0039,-0.0007,0.0032
1241,1022.6,368.9,95.0257,95.0289,95.0297,-0.0040,-0.0008,0.0032
1242,980.5,302.3,95.0257,95.0289,95.0299,-0.0041,-0.0009,0.0032
1243,1027.2,295.5,95.0258,95.0290,95.0300,-0.0042,-0.0010,0.0032
1244,992.9,310.2,95.0259,95.0290,95.0301,-0.0042,-0.0010,0.0032
1245,980.9,285.8,95.0259,95.0291,95.0302,-0.0043,-0.0011,0.0032
1246,1023.7,315.4,95.0259,95.0291,95.0303,-0.0044,-0.0012,0.0032
1247,977.7,301.1,95.0260,95.0291,95.0304,-0.0045,-0.0013,0.0032
1248,1015.1,307.3,95.0260,95.0291,95.0306,-0.0046,-0.0015,0.0031
1249,985.0,304.6,95.0260,95.0291,95.0308,-0.0048,-0.0016,0.0031
1250,995.2,321.8,95.0260,95.0291,95.0309,-0.0049,-0.0017,0.0031
1251,1025.1,336.9,95.0260,95.0291,95.0311,-0.0051,-0.0019,0.0031
1252,974.6,313.7,95.0260,95.0291,95.0312,-0.0052,-0.0021,0.0031
1253,1018.9,344.8,95.0260,95.0291,95.0313,-0.0054,-0.0022,0.0031
1254,981.0,320.6,95.0259,95.0291,95.0314,-0.0055,-0.0024,0.0031
1255,1023.8,323.6,95.0259,95.0290,95.0315,-0.0056,-0.0025,0.0031
1256,976.3,315.0,95.0259,95.0290,95.0316,-0.0057,-0.0026,0.0031
1257,1020.4,351.4,95.0258,95.0289,95.0317,-0.0059,-0.0028,0.0031
1258,986.8,300.8,95.0257,95.0289,95.0317,-0.0060,-0.0028,0.0031
1259,1017.5,344.5,95.0257,95.0288,95.0318,-0.0061,-0.0030,0.0031
1260,974.7,305.8,95.0256,95.0287,95.0318,-0.0062,-0.0031,0.0031
1261,1001.6,289.0,95.0255,95.0286,95.0318,-0.0063,-0.0032,0.0031
1262,1002.2,308.4,95.0254,95.0285,95.0318,-0.0064,-0.0033,0.0031
1263,1022.9,296.6,95.0253,95.0284,95.0319,-0.0065,-0.0034,0.0031
1264,994.2,332.4,95.0252,95.0283,95.0319,-0.0067,-0.0036,0.0031
1265,983.3,314.8,95.0251,95.0282,95.0319,-0.0068,-0.0037,0.0031
1266,1017.1,337.1,95.0250,95.0281,95.0320,-0.0070,-0.0039,0.0031
1267,984.4,285.3,95.0249,95.0279,95.0320,-0.0071,-0.0040,0.0031
1268,1158.3,270.5,95.0247,95.0278,95.0320,-0.0073,-0.0042,0.0031
1269,838.9,298.9,95.0246,95.0276,95.0320,-0.0075,-0.0044,0.0031
1270,1026.2,294.5,95.0244,95.0275,95.0320,-0.0076,-0.0045,0.0031
1271,991.7,324.8,95.0243,95.0273,95.0320,-0.0078,-0.0047,0.0031
1272,982.9,315.3,95.0241,95.0271,95.0320,-0.0079,-0.0049,0.0031
1273,1012.8,313.1,95.0239,95.0270,95.0320,-0.0081,-0.0051,0.0031
1274,995.6,329.1,95.0237,95.0268,95.0320,-0.0083,-0.0053,0.0030
1275,1002.5,311.5,95.0235,95.0266,95.0320,-0.0085,-0.0055,0.0030
1276,997.1,308.2,95.0233,95.0264,95.0320,-0.0087,-0.0057,0.0030
1277,999.2,320.3,95.0231,95.0262,95.0320,-0.0089,-0.0059,0.0030
1278,1002.4,322.0,95.0229,95.0259,95.0320,-0.0091,-0.0061,0.0030
1279,1002.3,350.7,95.0227,95.0257,95.0320,-0.0093,-0.0063,0.0030
1280,993.2,309.2,95.0224,95.0255,95.0320,-0.0096,-0.0066,0.0030
1281,1004.0,343.4,95.0222,95.0252,95.0320,-0.0098,-0.0068,0.0030
1282,1000.7,345.7,95.0220,95.0250,95.0320,-0.0101,-0.0071,0.0030
1283,1004.2,387.2,95.0217,95.0247,95.0320,-0.0103,-0.0073,0.0030
1284,995.4,369.5,95.0214,95.0244,95.0320,-0.0105,-0.0075,0.0030
1285,1001.2,381.9,95.0212,95.0242,95.0320,-0.0108,-0.0078,0.0030
1286,998.0,377.6,95.0209,95.0239,95.0320,-0.0111,-0.0081,0.0030
1287,1010.8,377.7,95.0206,95.0236,95.0319,-0.0113,-0.0083,0.0030
1288,991.1,359.9,95.0203,95.0233,95.0319,-0.0116,-0.0086,0.0030
1289,1001.7,361.3,95.0200,95.0230,95.0319,-0.0119,-0.0089,0.0030
1290,999.8,355.6,95.0197,95.0227,95.0319,-0.0122,-0.0092,0.0030
1291,1009.1,416.2,95.0194,95.0223,95.0319,-0.0125,-0.0095,0.0030
1292,989.1,414.2,95.0190,95.0220,95.0319,-0.0128,-0.0099,0.0030
1293,1000.5,396.8,95.0187,95.0217,95.0318,-0.0131,-0.0101,0.0030
1294,1005.7,417.6,95.0184,95.0213,95.0318,-0.0134,-0.0104,0.0030
1295,999.0,377.0,95.0180,95.0210,95.0318,-0.0138,-0.0108,0.0030
1296,981.4,314.1,95.0176,95.0206,95.0317,-0.0141,-0.0111,0.0030
1297,1012.3,386.3,95.0173,95.0202,95.0317,-0.0144,-0.0115,0.0030
1298,995.1,339.0,95.0169,95.0199,95.0316,-0.0147,-0.0118,0.0030
1299,1013.2,384.4,95.0165,95.0195,95.0316,-0.0151,-0.0121,0.0029
1300,988.0,366.0,95.0161,95.0191,95.0316,-0.0155,-0.0125,0.0029
1301,998.3,382.1,95.0157,95.0187,95.0315,-0.0158,-0.0129,0.0029
1302,998.6,359.4,95.0153,95.0183,95.0314,-0.0161,-0.0132,0.0029
1303,1006.9,324.5,95.0149,95.0178,95.0314,-0.0165,-0.0135,0.0029
1304,997.3,373.5,95.0145,95.0174,95.0313,-0.0168,-0.0139,0.0029
1305,992.1,336.5,95.0141,95.0170,95.0312,-0.0171,-0.0142,0.0029
1306,998.7,364.3,95.0136,95.0165,95.0312,-0.0175,-0.0146,0.0029
1307,998.8,351.5,95.0132,95.0161,95.0311,-0.0179,-0.0150,0.0029
1308,1004.0,356.1,95.0127,95.0156,95.0310,-0.0183,-0.0154,0.0029
1309,995.8,354.4,95.0123,95.0152,95.0309,-0.0187,-0.0158,0.0029
1310,1000.9,298.2,95.0118,95.0147,95.0308,-0.0190,-0.0161,0.0029
1311,999.0,322.1,95.0113,95.0142,95.0307,-0.0194,-0.0165,0.0029
1312,1005.0,335.8,95.0108,95.0137,95.0307,-0.0198,-0.0169,0.0029
1313,1018.5,366.3,95.0103,95.0132,95.0306,-0.0202,-0.0173,0.0029
1314,991.1,398.9,95.0098,95.0127,95.0304,-0.0206,-0.0177,0.0029
1315,998.3,384.9,95.0093,95.0122,95.0303,-0.0210,-0.0181,0.0029
1316,1005.2,389.6,95.0088,95.0117,95.0303,-0.0215,-0.0186,0.0029
1317,1018.1,334.0,95.0083,95.0112,95.0302,-0.0219,-0.0190,0.0029
1318,983.3,337.4,95.0078,95.0106,95.0301,-0.0223,-0.0194,0.0029
1319,992.4,366.1,95.0072,95.0101,95.0300,-0.0227,-0.0199,0.0029
1320,1005.3,314.8,95.0067,95.0095,95.0298,-0.0231,-0.0203,0.0029
1321,992.1,351.9,95.0061,95.0090,95.0296,-0.0235,-0.0207,0.0029
1322,1021.6,327.5,95.0055,95.0084,95.0295,-0.0239,-0.0211,0.0029
1323,981.9,295.2,95.0050,95.0078,95.0293,-0.0243,-0.0215,0.0029
1324,1038.4,346.7,95.0044,95.0072,95.0291,-0.0247,-0.0219,0.0028
1325,966.8,332.0,95.0038,95.0067,95.0290,-0.0252,-0.0223,0.0028
1326,1001.9,357.9,95.0032,95.0061,95.0288,-0.0256,-0.0228,0.0028
1327,1016.3,360.9,95.0026,95.0054,95.0285,-0.0259,-0.0231,0.0028
1328,978.6,373.3,95.0020,95.0048,95.0283,-0.0263,-0.0235,0.0028
1329,1009.2,334.1,95.0014,95.0042,95.0281,-0.0267,-0.0238,0.0028
1330,987.8,319.1,95.0008,95.0036,95.0277,-0.0269,-0.0241,0.0028
1331,1003.3,349.2,95.0001,95.0029,95.0272,-0.0271,-0.0243,0.0028
1332,997.0,320.8,94.9995,95.0023,95.0266,-0.0271,-0.0243,0.0028
1333,1004.2,355.6,94.9988,95.0016,95.0258,-0.0270,-0.0242,0.0028
1334,992.5,357.7,94.9982,95.0010,95.0249,-0.0268,-0.0240,0.0028
1335,1001.0,298.0,94.9975,95.0003,95.0239,-0.0264,-0.0235,0.0028
1336,1050.1,309.6,94.9968,94.9996,95.0229,-0.0260,-0.0232,0.0028
1337,963.5,337.6,94.9961,94.9989,95.0220,-0.0259,-0.0231,0.0028
1338,993.2,315.1,94.9955,94.9983,95.0213,-0.0259,-0.0231,0.0028
1339,992.6,340.2,94.9948,94.9976,95.0209,-0.0261,-0.0234,0.0028
1340,999.1,342.0,94.9941,94.9968,95.0205,-0.0264,-0.0236,0.0028
1341,1008.2,347.5,94.9933,94.9961,95.0200,-0.0267,-0.0239,0.0028
1342,991.0,341.7,94.9926,94.9954,95.0195,-0.0269,-0.0241,0.0028
1343,1004.2,318.5,94.9919,94.9947,95.0190,-0.0271,-0.0243,0.0028
1344,998.4,316.1,94.9912,94.9939,95.0183,-0.0271,-0.0244,0.0028
1345,1010.1,340.2,94.9904,94.9932,95.0176,-0.0272,-0.0245,0.0028
1346,988.5,331.3,94.9897,94.9924,95.0169,-0.0273,-0.0245,0.0028
1347,1001.1,331.6,94.9889,94.9917,95.0162,-0.0273,-0.0246,0.0028
1348,1003.0,342.0,94.9881,94.9909,95.0155,-0.0274,-0.0246,0.0028
1349,1000.0,340.1,94.9874,94.9901,95.0149,-0.0275,-0.0248,0.0028
1350,1011.8,348.1,94.9866,94.9893,95.0143,-0.0277,-0.0249,0.0027
1351,990.4,363.4,94.9858,94.9885,95.0137,-0.0279,-0.0252,0.0027
1352,1003.8,337.0,94.9850,94.9877,95.0131,-0.0281,-0.0253,0.0027
1353,996.6,358.5,94.9842,94.9869,95.0124,-0.0282,-0.0255,0.0027
1354,1008.5,344.5,94.9834,94.9861,95.0116,-0.0282,-0.0255,0.0027
1355,987.5,360.7,94.9825,94.9853,95.0108,-0.0282,-0.0255,0.0027
1356,999.4,353.0,94.9817,94.9844,95.0098,-0.0281,-0.0254,0.0027
1357,1025.9,368.1,94.9809,94.9836,95.0089,-0.0280,-0.0253,0.0027
1358,978.3,349.0,94.9800,94.9827,95.0079,-0.0279,-0.0252,0.0027
1359,993.5,325.2,94.9792,94.9819,95.0071,-0.0279,-0.0252,0.0027
1360,1005.6,358.0,94.9783,94.9810,95.0063,-0.0280,-0.0253,0.0027
1361,992.8,316.7,94.9774,94.9801,95.0054,-0.0280,-0.0253,0.0027
1362,1013.1,340.8,94.9766,94.9793,95.0046,-0.0280,-0.0253,0.0027
1363,988.4,364.0,94.9757,94.9784,95.0037,-0.0280,-0.0253,0.0027
1364,998.3,362.0,94.9748,94.9775,95.0028,-0.0280,-0.0253,0.0027
1365,999.9,399.2,94.9739,94.9766,95.0019,-0.0280,-0.0253,0.0027
1366,1006.8,397.2,94.9730,94.9757,95.0009,-0.0279,-0.0253,0.0027
1367,993.3,361.1,94.9721,94.9747,94.9999,-0.0279,-0.0252,0.0027
1368,1014.8,376.6,94.9711,94.9738,94.9988,-0.0276,-0.0250,0.0027
1369,995.2,338.8,94.9702,94.9729,94.9977,-0.0275,-0.0248,0.0027
1370,1003.3,314.0,94.9693,94.9719,94.9967,-0.0275,-0.0248,0.0027
1371,993.3,378.0,94.9683,94.9710,94.9957,-0.0274,-0.0248,0.0027
1372,999.0,328.0,94.9674,94.9700,94.9947,-0.0273,-0.0247,0.0027
1373,1009.4,355.5,94.9664,94.9691,94.9938,-0.0274,-0.0248,0.0027
1374,1005.8,360.8,94.9654,94.9681,94.9930,-0.0276,-0.0249,0.0027
1375,1001.9,340.1,94.9644,94.9671,94.9922,-0.0278,-0.0251,0.0026
1376,986.8,347.8,94.9635,94.9661,94.9914,-0.0280,-0.0253,0.0026
1377,998.9,346.0,94.9625,94.9651,94.9904,-0.0280,-0.0253,0.0026
1378,999.7,391.1,94.9615,94.9641,94.9895,-0.0281,-0.0254,0.0026
1379,1010.5,356.4,94.9604,94.9631,94.9885,-0.0281,-0.0255,0.0026
1380,984.4,322.6,94.9594,94.9621,94.9874,-0.0280,-0.0254,0.0026
1381,1021.4,333.7,94.9584,94.9610,94.9865,-0.0281,-0.0254,0.0026
1382,979.1,448.8,94.9574,94.9600,94.9856,-0.0282,-0.0256,0.0026
1383,1007.7,503.1,94.9563,94.9589,94.9848,-0.0284,-0.0258,0.0026
1384,991.9,390.6,94.9553,94.9579,94.9840,-0.0287,-0.0261,0.0026
1385,999.5,486.0,94.9542,94.9568,94.9832,-0.0290,-0.0264,0.0026
1386,1000.3,330.3,94.9532,94.9558,94.9825,-0.0294,-0.0268,0.0026
1387,1008.3,319.4,94.9521,94.9547,94.9819,-0.0298,-0.0272,0.0026
1388,991.9,465.2,94.9510,94.9536,94.9811,-0.0301,-0.0275,0.0026
1389,1001.4,331.7,94.9499,94.9525,94.9802,-0.0303,-0.0277,0.0026
1390,1008.7,390.5,94.9488,94.9514,94.9795,-0.0307,-0.0281,0.0026
1391,1003.1,357.7,94.9477,94.9503,94.9787,-0.0310,-0.0284,0.0026
1392,988.0,363.8,94.9466,94.9492,94.9779,-0.0313,-0.0287,0.0026
1393,999.3,356.6,94.9455,94.9481,94.9771,-0.0316,-0.0290,0.0026
1394,1000.3,312.2,94.9444,94.9469,94.9762,-0.0318,-0.0292,0.0026
1395,1014.9,344.7,94.9432,94.9458,94.9752,-0.0320,-0.0294,0.0026
1396,983.9,365.4,94.9421,94.9447,94.9741,-0.0320,-0.0294,0.0026
1397,999.2,343.9,94.9409,94.9435,94.9730,-0.0321,-0.0295,0.0026
1398,1001.1,353.2,94.9398,94.9423,94.9719,-0.0321,-0.0296,0.0026
1399,1009.1,363.8,94.9386,94.9412,94.9708,-0.0322,-0.0297,0.0026
1400,990.4,335.0,94.9374,94.9400,94.9696,-0.0322,-0.0296,0.0026
1401,1000.6,347.0,94.9363,94.9388,94.9685,-0.0323,-0.0297,0.0025
1402,998.9,308.6,94.9351,94.9376,94.9675,-0.0324,-0.0299,0.0025
1403,1007.7,300.7,94.9339,94.9364,94.9665,-0.0326,-0.0301,0.0025
1404,990.5,362.5,94.9327,94.9352,94.9654,-0.0328,-0.0302,0.0025
1405,999.9,357.1,94.9315,94.9340,94.9643,-0.0328,-0.0303,0.0025
1406,999.8,343.2,94.9302,94.9328,94.9631,-0.0329,-0.0304,0.0025
1407,1006.7,367.5,94.9290,94.9315,94.9620,-0.0330,-0.0305,0.0025
1408,993.4,351.5,94.9278,94.9303,94.9607,-0.0329,-0.0304,0.0025
1409,1000.7,352.2,94.9265,94.9290,94.9593,-0.0328,-0.0303,0.0025
1410,999.4,324.9,94.9253,94.9278,94.9581,-0.0328,-0.0303,0.0025
1411,1003.8,338.7,94.9240,94.9265,94.9569,-0.0329,-0.0304,0.0025
1412,1015.1,353.5,94.9228,94.9253,94.9556,-0.0329,-0.0304,0.0025
1413,987.9,331.2,94.9215,94.9240,94.9544,-0.0329,-0.0304,0.0025
1414,998.7,347.0,94.9202,94.9227,94.9531,-0.0329,-0.0304,0.0025
1415,1012.6,354.9,94.9189,94.9214,94.9516,-0.0327,-0.0302,0.0025
1416,989.5,358.5,94.9176,94.9201,94.9500,-0.0324,-0.0299,0.0025
1417,997.5,345.3,94.9163,94.9188,94.9486,-0.0323,-0.0298,0.0025
1418,1002.8,352.2,94.9150,94.9175,94.9473,-0.0323,-0.0298,0.0025
1419,1008.7,336.0,94.9137,94.9161,94.9460,-0.0324,-0.0299,0.0025
1420,988.6,349.2,94.9123,94.9148,94.9447,-0.0323,-0.0298,0.0025
1421,1000.0,370.8,94.9110,94.9135,94.9435,-0.0325,-0.0300,0.0025
1422,1004.3,393.3,94.9097,94.9121,94.9424,-0.0327,-0.0302,0.0025
1423,1004.6,362.0,94.9083,94.9108,94.9411,-0.0328,-0.0303,0.0025
1424,990.9,351.0,94.9070,94.9094,94.9401,-0.0331,-0.0307,0.0025
1425,998.5,346.5,94.9056,94.9080,94.9393,-0.0337,-0.0312,0.0025
1426,997.6,308.4,94.9042,94.9067,94.9382,-0.0340,-0.0315,0.0025
1427,1009.8,308.8,94.9028,94.9053,94.9371,-0.0343,-0.0318,0.0024
1428,992.6,338.8,94.9014,94.9039,94.9361,-0.0347,-0.0322,0.0024
1429,1000.2,334.9,94.9000,94.9025,94.9350,-0.0349,-0.0325,0.0024
1430,996.3,288.7,94.8986,94.9011,94.9338,-0.0351,-0.0327,0.0024
1431,1040.5,334.5,94.8972,94.8997,94.9325,-0.0353,-0.0328,0.0024
1432,964.3,341.2,94.8958,94.8982,94.9312,-0.0354,-0.0330,0.0024
1433,1001.7,330.4,94.8944,94.8968,94.9300,-0.0356,-0.0332,0.0024
1434,1005.3,344.2,94.8929,94.8954,94.9288,-0.0359,-0.0335,0.0024
1435,999.0,347.8,94.8915,94.8939,94.9276,-0.0361,-0.0337,0.0024
1436,993.3,326.5,94.8900,94.8925,94.9262,-0.0361,-0.0337,0.0024
1437,999.8,349.3,94.8886,94.8910,94.9248,-0.0362,-0.0338,0.0024
1438,997.6,289.6,94.8871,94.8895,94.9233,-0.0362,-0.0338,0.0024
1439,1039.7,424.2,94.8856,94.8880,94.9218,-0.0362,-0.0338,0.0024
1440,963.4,381.4,94.8842,94.8866,94.9202,-0.0360,-0.0336,0.0024
1441,997.8,368.3,94.8827,94.8851,94.9187,-0.0360,-0.0337,0.0024
1442,999.9,381.0,94.8812,94.8836,94.9172,-0.0361,-0.0337,0.0024
1443,1005.6,377.0,94.8797,94.8821,94.9158,-0.0361,-0.0337,0.0024
1444,994.1,327.8,94.8782,94.8805,94.9141,-0.0359,-0.0335,0.0024
1445,1004.6,360.2,94.8766,94.8790,94.9124,-0.0358,-0.0334,0.0024
1446,1005.7,363.4,94.8751,94.8775,94.9106,-0.0355,-0.0332,0.0024
1447,1022.4,367.3,94.8736,94.8759,94.9106,-0.0371,-0.0347,0.0024
1448,976.5,322.9,94.8720,94.8744,94.9090,-0.0370,-0.0346,0.0024
1449,2932.4,427.5,94.8705,94.8728,94.9041,-0.0336,-0.0313,0.0024
1450,434.4,350.8,94.8689,94.8713,94.9041,-0.0352,-0.0328,0.0024
1451,356.4,571.7,94.8674,94.8697,94.9024,-0.0351,-0.0327,0.0024
1452,578.0,353.6,94.8658,94.8681,94.9024,-0.0366,-0.0343,0.0024
1453,695.4,326.6,94.8642,94.8665,94.9007,-0.0365,-0.0341,0.0023
1454,999.5,373.3,94.8626,94.8649,94.8991,-0.0365,-0.0341,0.0023
1455,1015.1,4037.5,94.8610,94.8633,94.8977,-0.0367,-0.0344,0.0023
1456,4045.9,363.4,94.8594,94.8617,94.8920,-0.0325,-0.0302,0.0023
1457,370.4,365.1,94.8578,94.8601,94.8920,-0.0342,-0.0318,0.0023
1458,370.9,472.8,94.8562,94.8585,94.8903,-0.0341,-0.0318,0.0023
1459,479.5,309.5,94.8545,94.8569,94.8903,-0.0358,-0.0334,0.0023
1460,313.6,282.8,94.8529,94.8552,94.8884,-0.0355,-0.0332,0.0023
1461,416.8,350.8,94.8513,94.8536,94.8884,-0.0371,-0.0348,0.0023
1462,993.6,367.2,94.8496,94.8519,94.8868,-0.0372,-0.0348,0.0023
1463,1019.3,341.4,94.8480,94.8503,94.8852,-0.0373,-0.0350,0.0023
1464,979.0,342.5,94.8463,94.8486,94.8839,-0.0376,-0.0353,0.0023
1465,1009.7,782.6,94.8446,94.8469,94.8824,-0.0378,-0.0355,0.0023
1466,998.0,430.2,94.8429,94.8452,94.8809,-0.0380,-0.0357,0.0023
1467,3979.5,337.7,94.8413,94.8435,94.8738,-0.0326,-0.0303,0.0023
1468,341.3,257.9,94.8396,94.8418,94.8738,-0.0342,-0.0320,0.0023
1469,260.6,225.6,94.8379,94.8401,94.8720,-0.0342,-0.0319,0.0023
1470,228.1,402.6,94.8361,94.8384,94.8720,-0.0359,-0.0336,0.0023
1471,405.1,231.2,94.8344,94.8367,94.8720,-0.0376,-0.0353,0.0023
1472,766.9,271.2,94.8327,94.8350,94.8702,-0.0375,-0.0352,0.0023
1473,995.8,308.1,94.8310,94.8332,94.8683,-0.0373,-0.0351,0.0023
1474,1010.6,320.7,94.8292,94.8315,94.8667,-0.0374,-0.0352,0.0023
1475,1001.7,327.3,94.8275,94.8297,94.8650,-0.0375,-0.0352,0.0023
1476,1006.2,314.0,94.8257,94.8280,94.8633,-0.0376,-0.0354,0.0023
1477,992.6,274.1,94.8239,94.8262,94.8615,-0.0375,-0.0353,0.0023
1478,994.3,293.6,94.8222,94.8244,94.8598,-0.0377,-0.0354,0.0023
1479,996.7,1138.4,94.8204,94.8226,94.8582,-0.0378,-0.0356,0.0022
1480,1141.8,273.7,94.8186,94.8209,94.8566,-0.0380,-0.0358,0.0022
1481,876.3,352.9,94.8168,94.8191,94.8550,-0.0382,-0.0359,0.0022
1482,991.8,288.3,94.8150,94.8173,94.8535,-0.0385,-0.0362,0.0022
1483,986.7,283.1,94.8132,94.8154,94.8520,-0.0388,-0.0366,0.0022
1484,1005.1,309.4,94.8114,94.8136,94.8505,-0.0391,-0.0369,0.0022
1485,999.2,276.1,94.8096,94.8118,94.8489,-0.0394,-0.0372,0.0022
1486,997.2,281.1,94.8077,94.8100,94.8472,-0.0395,-0.0372,0.0022
1487,1001.9,299.8,94.8059,94.8081,94.8456,-0.0397,-0.0375,0.0022
1488,999.9,279.1,94.8040,94.8063,94.8440,-0.0399,-0.0377,0.0022
1489,1008.5,305.3,94.8022,94.8044,94.8423,-0.0401,-0.0379,0.0022
1490,1000.2,328.9,94.8003,94.8025,94.8408,-0.0404,-0.0382,0.0022
1491,989.5,298.8,94.7985,94.8007,94.8392,-0.0408,-0.0386,0.0022
1492,1011.0,294.9,94.7966,94.7988,94.8378,-0.0412,-0.0390,0.0022
1493,1030.5,303.9,94.7947,94.7969,94.8360,-0.0413,-0.0391,0.0022
1494,983.6,314.7,94.7928,94.7950,94.8343,-0.0415,-0.0393,0.0022
1495,985.0,349.5,94.7909,94.7931,94.8323,-0.0414,-0.0392,0.0022
1496,1002.0,306.1,94.7890,94.7912,94.8304,-0.0414,-0.0392,0.0022
1497,989.2,281.0,94.7871,94.7893,94.8283,-0.0412,-0.0390,0.0022
1498,1021.7,305.2,94.7852,94.7873,94.8264,-0.0412,-0.0390,0.0022
1499,978.8,289.2,94.7832,94.7854,94.8246,-0.0414,-0.0392,0.0022
1500,1017.5,292.1,94.7813,94.7835,94.8228,-0.0416,-0.0394,0.0022
1501,981.2,310.6,94.7793,94.7815,94.8209,-0.0416,-0.0394,0.0022
1502,1002.7,285.4,94.7774,94.7795,94.8191,-0.0417,-0.0395,0.0022
1503,1000.5,279.2,94.7754,94.7776,94.8172,-0.0418,-0.0396,0.0022
1504,1000.1,286.7,94.7735,94.7756,94.8153,-0.0419,-0.0397,0.0022
1505,1004.0,303.7,94.7715,94.7736,94.8133,-0.0418,-0.0397,0.0022
1506,992.8,312.3,94.7695,94.7716,94.8114,-0.0419,-0.0397,0.0021
1507,998.9,291.7,94.7675,94.7697,94.8094,-0.0419,-0.0397,0.0021
1508,1019.5,358.1,94.7655,94.7677,94.8075,-0.0420,-0.0398,0.0021
1509,981.7,301.5,94.7635,94.7656,94.8053,-0.0418,-0.0397,0.0021
1510,996.3,319.9,94.7615,94.7636,94.8034,-0.0419,-0.0398,0.0021
1511,1000.7,305.2,94.7595,94.7616,94.8015,-0.0421,-0.0399,0.0021
1512,1005.0,304.5,94.7574,94.7596,94.7997,-0.0423,-0.0402,0.0021
1513,997.2,325.4,94.7554,94.7575,94.7978,-0.0424,-0.0403,0.0021
1514,996.6,307.8,94.7534,94.7555,94.7960,-0.0426,-0.0405,0.0021
1515,1000.0,351.6,94.7513,94.7534,94.7940,-0.0427,-0.0406,0.0021
1516,1018.3,394.6,94.7493,94.7514,94.7919,-0.0426,-0.0405,0.0021
1517,983.9,307.8,94.7472,94.7493,94.7895,-0.0423,-0.0402,0.0021
1518,1013.9,327.0,94.7451,94.7472,94.7873,-0.0422,-0.0401,0.0021
1519,1008.5,343.1,94.7430,94.7451,94.7850,-0.0420,-0.0399,0.0021
1520,991.7,365.8,94.7410,94.7430,94.7827,-0.0418,-0.0397,0.0021
1521,1008.3,309.5,94.7389,94.7410,94.7803,-0.0414,-0.0393,0.0021
1522,990.3,344.2,94.7368,94.7388,94.7781,-0.0414,-0.0393,0.0021
1523,1012.0,343.3,94.7346,94.7367,94.7761,-0.0414,-0.0393,0.0021
1524,999.6,328.5,94.7325,94.7346,94.7738,-0.0413,-0.0392,0.0021
1525,988.2,334.1,94.7304,94.7325,94.7715,-0.0411,-0.0391,0.0021
1526,1000.3,327.5,94.7283,94.7303,94.7693,-0.0410,-0.0389,0.0021
1527,1000.0,368.8,94.7261,94.7282,94.7669,-0.0408,-0.0387,0.0021
1528,1020.2,360.6,94.7240,94.7261,94.7646,-0.0406,-0.0386,0.0021
1529,990.4,337.1,94.7218,94.7239,94.7623,-0.0405,-0.0384,0.0021
1530,992.9,347.4,94.7197,94.7217,94.7601,-0.0404,-0.0384,0.0021
1531,1085.1,317.4,94.7175,94.7196,94.7579,-0.0404,-0.0384,0.0021
1532,931.7,336.6,94.7153,94.7174,94.7557,-0.0404,-0.0383,0.0021
1533,984.5,320.7,94.7131,94.7152,94.7532,-0.0401,-0.0380,0.0020
1534,993.8,320.7,94.7109,94.7130,94.7509,-0.0400,-0.0380,0.0020
1535,997.6,359.8,94.7088,94.7108,94.7487,-0.0399,-0.0379,0.0020
1536,1004.0,342.6,94.7065,94.7086,94.7463,-0.0398,-0.0377,0.0020
1537,1023.1,340.7,94.7043,94.7064,94.7438,-0.0395,-0.0374,0.0020
1538,975.4,315.1,94.7021,94.7041,94.7414,-0.0393,-0.0373,0.0020
1539,999.5,301.1,94.6999,94.7019,94.7390,-0.0391,-0.0371,0.0020
1540,1006.8,326.9,94.6976,94.6997,94.7368,-0.0391,-0.0371,0.0020
1541,991.3,331.8,94.6954,94.6974,94.7345,-0.0391,-0.0371,0.0020
1542,1001.6,303.2,94.6932,94.6952,94.7325,-0.0393,-0.0373,0.0020
1543,1000.6,325.8,94.6909,94.6929,94.7305,-0.0396,-0.0375,0.0020
1544,1007.5,322.9,94.6886,94.6906,94.7282,-0.0396,-0.0376,0.0020
1545,992.3,327.0,94.6864,94.6884,94.7258,-0.0395,-0.0375,0.0020
1546,1069.7,318.3,94.6841,94.6861,94.7237,-0.0396,-0.0376,0.0020
1547,949.2,411.1,94.6818,94.6838,94.7216,-0.0398,-0.0378,0.0020
1548,986.9,301.1,94.6795,94.6815,94.7197,-0.0402,-0.0382,0.0020
1549,1009.9,341.0,94.6772,94.6792,94.7179,-0.0407,-0.0387,0.0020
1550,991.6,686.9,94.6749,94.6769,94.7158,-0.0410,-0.0390,0.0020
1551,1004.3,387.1,94.6726,94.6745,94.7139,-0.0413,-0.0393,0.0020
1552,997.9,412.3,94.6702,94.6722,94.7119,-0.0416,-0.0396,0.0020
1553,991.1,315.2,94.6679,94.6699,94.7099,-0.0420,-0.0400,0.0020
1554,1026.8,340.6,94.6656,94.6675,94.7079,-0.0423,-0.0403,0.0020
1555,990.0,323.8,94.6632,94.6652,94.7061,-0.0429,-0.0409,0.0020
1556,982.5,332.6,94.6609,94.6628,94.7041,-0.0433,-0.0413,0.0020
1557,1005.0,335.3,94.6585,94.6605,94.7022,-0.0437,-0.0417,0.0020
1558,1011.5,345.4,94.6561,94.6581,94.6999,-0.0437,-0.0418,0.0020
1559,989.1,310.2,94.6538,94.6557,94.6976,-0.0438,-0.0419,0.0020
1560,996.7,345.0,94.6514,94.6533,94.6953,-0.0439,-0.0420,0.0019
1561,998.4,474.5,94.6490,94.6509,94.6929,-0.0439,-0.0420,0.0019
1562,1023.6,353.4,94.6466,94.6485,94.6903,-0.0437,-0.0417,0.0019
1563,973.9,343.1,94.6442,94.6461,94.6879,-0.0437,-0.0417,0.0019
1564,993.1,498.1,94.6418,94.6437,94.6856,-0.0438,-0.0419,0.0019
1565,1118.1,357.1,94.6394,94.6413,94.6834,-0.0440,-0.0421,0.0019
1566,889.9,392.4,94.6369,94.6389,94.6810,-0.0441,-0.0422,0.0019
1567,1020.4,389.1,94.6345,94.6364,94.6788,-0.0443,-0.0424,0.0019
1568,987.2,347.5,94.6321,94.6340,94.6768,-0.0447,-0.0428,0.0019
1569,1013.0,331.8,94.6296,94.6315,94.6747,-0.0451,-0.0432,0.0019
1570,985.7,315.6,94.6272,94.6291,94.6723,-0.0451,-0.0432,0.0019
1571,1000.9,309.7,94.6247,94.6266,94.6701,-0.0454,-0.0435,0.0019
1572,995.2,319.4,94.6222,94.6241,94.6678,-0.0456,-0.0437,0.0019
1573,1007.1,298.0,94.6198,94.6217,94.6654,-0.0457,-0.0438,0.0019
1574,995.0,302.1,94.6173,94.6192,94.6629,-0.0457,-0.0438,0.0019
1575,1001.2,327.7,94.6148,94.6167,94.6607,-0.0459,-0.0440,0.0019
1576,997.1,329.6,94.6123,94.6142,94.6584,-0.0461,-0.0442,0.0019
1577,1212.9,283.0,94.6098,94.6117,94.6561,-0.0463,-0.0444,0.0019
1578,796.4,447.0,94.6073,94.6091,94.6535,-0.0462,-0.0444,0.0019
1579,998.9,364.0,94.6047,94.6066,94.6510,-0.0462,-0.0444,0.0019
1580,982.8,326.8,94.6022,94.6041,94.6484,-0.0462,-0.0443,0.0019
1581,1019.7,373.2,94.5997,94.6015,94.6459,-0.0462,-0.0443,0.0019
1582,1004.9,687.2,94.5971,94.5990,94.6432,-0.0461,-0.0442,0.0019
1583,992.3,341.7,94.5946,94.5964,94.6408,-0.0462,-0.0443,0.0019
1584,996.7,493.4,94.5920,94.5939,94.6384,-0.0464,-0.0445,0.0019
1585,996.8,359.2,94.5895,94.5913,94.6360,-0.0466,-0.0447,0.0019
1586,1015.0,351.5,94.5869,94.5887,94.6336,-0.0468,-0.0449,0.0019
1587,987.7,306.3,94.5843,94.5862,94.6311,-0.0468,-0.0449,0.0018
1588,1015.4,347.9,94.5817,94.5836,94.6288,-0.0471,-0.0452,0.0018
1589,982.9,386.6,94.5791,94.5810,94.6266,-0.0474,-0.0456,0.0018
1590,1007.8,394.4,94.5765,94.5784,94.6243,-0.0477,-0.0459,0.0018
1591,981.2,362.0,94.5739,94.5758,94.6222,-0.0483,-0.0464,0.0018
1592,999.3,333.8,94.5713,94.5731,94.6200,-0.0487,-0.0468,0.0018
1593,996.4,336.2,94.5687,94.5705,94.6177,-0.0490,-0.0472,0.0018
1594,1012.4,344.0,94.5661,94.5679,94.6153,-0.0493,-0.0474,0.0018
1595,985.6,342.2,94.5634,94.5652,94.6127,-0.0493,-0.0475,0.0018
1596,1003.3,326.3,94.5608,94.5626,94.6103,-0.0495,-0.0477,0.0018
1597,1016.9,325.9,94.5581,94.5599,94.6078,-0.0496,-0.0478,0.0018
1598,986.7,294.5,94.5555,94.5573,94.6047,-0.0492,-0.0474,0.0018
1599,1042.4,397.8,94.5528,94.5546,94.6026,-0.0498,-0.0480,0.0018
1600,978.7,345.6,94.5501,94.5519,94.5999,-0.0498,-0.0480,0.0018
1601,996.0,342.8,94.5475,94.5493,94.5976,-0.0502,-0.0484,0.0018
1602,999.7,361.0,94.5448,94.5466,94.5956,-0.0508,-0.0490,0.0018
1603,1192.0,342.2,94.5421,94.5439,94.5928,-0.0507,-0.0489,0.0018
1604,805.8,316.5,94.5394,94.5412,94.5905,-0.0512,-0.0494,0.0018
1605,991.9,339.1,94.5367,94.5385,94.5882,-0.0516,-0.0498,0.0018
1606,1008.0,345.8,94.5340,94.5357,94.5861,-0.0521,-0.0503,0.0018
1607,993.6,321.9,94.5312,94.5330,94.5837,-0.0525,-0.0507,0.0018
1608,997.2,371.4,94.5285,94.5303,94.5815,-0.0530,-0.0512,0.0018
1609,999.7,361.0,94.5258,94.5275,94.5793,-0.0535,-0.0518,0.0018
1610,1007.5,354.1,94.5230,94.5248,94.5770,-0.0540,-0.0522,0.0018
1611,1024.2,366.5,94.5203,94.5220,94.5744,-0.0541,-0.0524,0.0018
1612,973.0,337.2,94.5175,94.5193,94.5719,-0.0544,-0.0527,0.0018
1613,995.5,352.0,94.5148,94.5165,94.5694,-0.0547,-0.0529,0.0018
1614,1582.7,663.7,94.5120,94.5137,94.5640,-0.0520,-0.0502,0.0018
1615,689.6,312.2,94.5092,94.5110,94.5640,-0.0548,-0.0530,0.0018
1616,743.6,369.7,94.5064,94.5082,94.5613,-0.0548,-0.0531,0.0017
1617,992.1,311.1,94.5036,94.5054,94.5585,-0.0549,-0.0532,0.0017
1618,986.1,310.4,94.5008,94.5026,94.5555,-0.0547,-0.0529,0.0017
1619,1009.0,291.5,94.4980,94.4998,94.5555,-0.0575,-0.0557,0.0017
1620,1004.5,356.6,94.4952,94.4969,94.5527,-0.0574,-0.0557,0.0017
1621,1018.5,351.1,94.4924,94.4941,94.5498,-0.0574,-0.0557,0.0017
1622,982.5,325.4,94.4896,94.4913,94.5468,-0.0573,-0.0555,0.0017
1623,981.3,278.9,94.4867,94.4884,94.5436,-0.0569,-0.0552,0.0017
1624,1007.2,295.4,94.4839,94.4856,94.5407,-0.0568,-0.0551,0.0017
1625,1010.8,305.0,94.4810,94.4827,94.5378,-0.0568,-0.0551,0.0017
1626,999.7,313.4,94.4782,94.4799,94.5349,-0.0567,-0.0550,0.0017
1627,984.2,283.7,94.4753,94.4770,94.5316,-0.0562,-0.0545,0.0017
1628,1016.6,310.7,94.4724,94.4741,94.5285,-0.0560,-0.0543,0.0017
1629,988.5,290.8,94.4696,94.4713,94.5254,-0.0558,-0.0541,0.0017
1630,1013.5,302.5,94.4667,94.4684,94.5223,-0.0557,-0.0540,0.0017
1631,1001.0,316.3,94.4638,94.4655,94.5191,-0.0553,-0.0536,0.0017
1632,980.1,283.4,94.4609,94.4626,94.5160,-0.0551,-0.0534,0.0017
1633,1008.3,362.7,94.4580,94.4597,94.5128,-0.0548,-0.0531,0.0017
1634,992.8,317.6,94.4551,94.4568,94.5096,-0.0545,-0.0528,0.0017
1635,1009.6,299.8,94.4522,94.4538,94.5062,-0.0541,-0.0524,0.0017
1636,1034.0,300.9,94.4492,94.4509,94.5031,-0.0538,-0.0521,0.0017
1637,971.6,373.9,94.4463,94.4480,94.4999,-0.0536,-0.0520,0.0017
1638,998.0,312.0,94.4434,94.4450,94.4970,-0.0536,-0.0520,0.0017
1639,1001.2,299.7,94.4404,94.4421,94.4938,-0.0534,-0.0518,0.0017
1640,985.8,308.1,94.4375,94.4391,94.4908,-0.0533,-0.0517,0.0017
1641,998.2,321.0,94.4345,94.4362,94.4875,-0.0530,-0.0514,0.0017
1642,998.3,282.3,94.4315,94.4332,94.4842,-0.0527,-0.0511,0.0017
1643,1026.7,305.0,94.4286,94.4302,94.4808,-0.0523,-0.0506,0.0017
1644,978.2,300.3,94.4256,94.4272,94.4777,-0.0521,-0.0504,0.0016
1645,998.4,273.0,94.4226,94.4242,94.4744,-0.0518,-0.0502,0.0016
1646,1016.1,308.7,94.4196,94.4212,94.4711,-0.0515,-0.0498,0.0016
1647,1005.0,345.7,94.4166,94.4182,94.4676,-0.0510,-0.0493,0.0016
1648,986.3,323.3,94.4136,94.4152,94.4644,-0.0508,-0.0492,0.0016
1649,1004.4,343.6,94.4106,94.4122,94.4614,-0.0509,-0.0492,0.0016
1650,1077.8,275.1,94.4075,94.4092,94.4584,-0.0509,-0.0493,0.0016
1651,935.3,332.6,94.4045,94.4061,94.4552,-0.0507,-0.0491,0.0016
1652,993.5,326.9,94.4015,94.4031,94.4523,-0.0508,-0.0492,0.0016
1653,995.0,325.6,94.3984,94.4000,94.4494,-0.0509,-0.0493,0.0016
1654,1019.8,376.1,94.3954,94.3970,94.4465,-0.0512,-0.0495,0.0016
1655,999.7,350.9,94.3923,94.3939,94.4434,-0.0511,-0.0495,0.0016
1656,973.9,324.7,94.3892,94.3909,94.4406,-0.0513,-0.0497,0.0016
1657,1024.7,382.0,94.3862,94.3878,94.4376,-0.0515,-0.0499,0.0016
1658,987.7,352.3,94.3831,94.3847,94.4346,-0.0515,-0.0499,0.0016
1659,988.8,303.9,94.3800,94.3816,94.4314,-0.0514,-0.0498,0.0016
1660,1016.7,351.3,94.3769,94.3785,94.4283,-0.0513,-0.0498,0.0016
1661,1006.5,364.1,94.3738,94.3754,94.4250,-0.0512,-0.0496,0.0016
1662,996.8,409.5,94.3707,94.3723,94.4218,-0.0511,-0.0495,0.0016
1663,983.0,289.9,94.3676,94.3692,94.4184,-0.0508,-0.0492,0.0016
1664,992.4,339.5,94.3645,94.3661,94.4153,-0.0508,-0.0492,0.0016
1665,1008.4,349.7,94.3614,94.3629,94.4124,-0.0510,-0.0494,0.0016
1666,1003.5,356.5,94.3582,94.3598,94.4095,-0.0512,-0.0497,0.0016
1667,993.0,343.8,94.3551,94.3566,94.4064,-0.0513,-0.0498,0.0016
1668,1008.5,310.5,94.3519,94.3535,94.4036,-0.0517,-0.0501,0.0016
1669,993.1,321.8,94.3488,94.3503,94.4009,-0.0521,-0.0505,0.0016
1670,1001.7,323.6,94.3456,94.3472,94.3980,-0.0524,-0.0508,0.0016
1671,996.5,329.8,94.3425,94.3440,94.3949,-0.0524,-0.0509,0.0016
1672,1007.3,339.3,94.3393,94.3408,94.3918,-0.0525,-0.0510,0.0016
1673,984.8,299.4,94.3361,94.3376,94.3887,-0.0526,-0.0511,0.0015
1674,997.4,334.9,94.3329,94.3345,94.3855,-0.0526,-0.0510,0.0015
1675,1020.5,332.9,94.3297,94.3313,94.3822,-0.0525,-0.0510,0.0015
1676,998.7,372.2,94.3265,94.3280,94.3788,-0.0523,-0.0508,0.0015
1677,1009.8,359.7,94.3233,94.3248,94.3758,-0.0525,-0.0510,0.0015
1678,989.0,353.7,94.3201,94.3216,94.3730,-0.0529,-0.0514,0.0015
1679,998.4,330.5,94.3169,94.3184,94.3702,-0.0533,-0.0518,0.0015
1680,1007.4,305.2,94.3136,94.3152,94.3672,-0.0535,-0.0520,0.0015
1681,978.0,289.7,94.3104,94.3119,94.3644,-0.0540,-0.0525,0.0015
1682,1018.5,411.7,94.3072,94.3087,94.3616,-0.0544,-0.0529,0.0015
1683,1003.3,317.3,94.3039,94.3054,94.3587,-0.0548,-0.0533,0.0015
1684,992.8,324.1,94.3007,94.3022,94.3558,-0.0551,-0.0536,0.0015
1685,995.8,313.8,94.2974,94.2989,94.3531,-0.0557,-0.0542,0.0015
1686,1005.4,301.5,94.2941,94.2956,94.3503,-0.0562,-0.0546,0.0015
1687,1001.3,312.5,94.2908,94.2923,94.3474,-0.0565,-0.0550,0.0015
1688,993.1,327.5,94.2876,94.2891,94.3446,-0.0570,-0.0555,0.0015
1689,1004.4,323.9,94.2843,94.2858,94.3417,-0.0574,-0.0559,0.0015
1690,995.1,373.9,94.2810,94.2825,94.3390,-0.0580,-0.0565,0.0015
1691,1009.3,365.7,94.2777,94.2792,94.3361,-0.0584,-0.0569,0.0015
1692,992.0,347.6,94.2744,94.2758,94.3333,-0.0589,-0.0574,0.0015
1693,1045.6,373.7,94.2710,94.2725,94.3303,-0.0592,-0.0577,0.0015
1694,957.1,367.4,94.2677,94.2692,94.3278,-0.0600,-0.0586,0.0015
1695,998.3,303.5,94.2644,94.2659,94.3254,-0.0610,-0.0595,0.0015
1696,1001.1,354.2,94.2611,94.2625,94.3231,-0.0620,-0.0605,0.0015
1697,1014.2,352.3,94.2577,94.2592,94.3208,-0.0631,-0.0616,0.0015
1698,1356.8,382.9,94.2544,94.2558,94.3183,-0.0639,-0.0625,0.0015
1699,883.4,320.5,94.2510,94.2525,94.3158,-0.0648,-0.0634,0.0015
1700,757.4,321.3,94.2476,94.2491,94.3133,-0.0657,-0.0642,0.0015
1701,985.7,323.5,94.2443,94.2457,94.3105,-0.0662,-0.0648,0.0015
1702,1007.1,314.0,94.2409,94.2423,94.3077,-0.0668,-0.0654,0.0015
1703,998.3,293.1,94.2375,94.2390,94.3049,-0.0674,-0.0659,0.0014
1704,1014.6,298.1,94.2341,94.2356,94.3021,-0.0680,-0.0665,0.0014
1705,987.2,297.3,94.2307,94.2322,94.2991,-0.0684,-0.0669,0.0014
1706,999.4,313.3,94.2273,94.2288,94.2962,-0.0689,-0.0674,0.0014
1707,996.4,297.4,94.2239,94.2253,94.2933,-0.0693,-0.0679,0.0014
1708,1009.7,308.4,94.2205,94.2219,94.2903,-0.0698,-0.0683,0.0014
1709,997.5,348.4,94.2171,94.2185,94.2871,-0.0700,-0.0686,0.0014
1710,1120.4,396.2,94.2136,94.2151,94.2836,-0.0700,-0.0685,0.0014
1711,876.2,326.2,94.2102,94.2116,94.2804,-0.0702,-0.0688,0.0014
1712,1009.2,331.6,94.2068,94.2082,94.2771,-0.0704,-0.0689,0.0014
1713,996.4,322.0,94.2033,94.2047,94.2739,-0.0705,-0.0691,0.0014
1714,1019.1,378.0,94.1999,94.2013,94.2703,-0.0705,-0.0690,0.0014
1715,956.1,320.7,94.1964,94.1978,94.2669,-0.0705,-0.0691,0.0014
1716,998.6,332.6,94.1929,94.1943,94.2634,-0.0705,-0.0691,0.0014
1717,1005.8,317.3,94.1894,94.1908,94.2599,-0.0705,-0.0691,0.0014
1718,1019.0,332.0,94.1860,94.1874,94.2561,-0.0701,-0.0687,0.0014
1719,981.9,297.3,94.1825,94.1839,94.2523,-0.0698,-0.0684,0.0014
1720,997.3,372.0,94.1790,94.1804,94.2483,-0.0694,-0.0680,0.0014
1721,1000.2,308.5,94.1755,94.1769,94.2444,-0.0689,-0.0675,0.0014
1722,1001.6,299.7,94.1720,94.1734,94.2402,-0.0683,-0.0669,0.0014
1723,995.9,297.7,94.1685,94.1698,94.2365,-0.0680,-0.0666,0.0014
1724,997.9,313.3,94.1649,94.1663,94.2327,-0.0678,-0.0664,0.0014
1725,1000.0,283.3,94.1614,94.1628,94.2289,-0.0675,-0.0661,0.0014
1726,999.3,481.7,94.1579,94.1592,94.2248,-0.0669,-0.0656,0.0014
1727,1005.3,339.0,94.1543,94.1557,94.2209,-0.0666,-0.0652,0.0014
1728,996.9,291.0,94.1508,94.1521,94.2168,-0.0660,-0.0646,0.0014
1729,1020.7,350.2,94.1472,94.1486,94.2128,-0.0655,-0.0642,0.0014
1730,981.3,336.2,94.1437,94.1450,94.2084,-0.0647,-0.0634,0.0014
1731,1022.9,347.0,94.1401,94.1415,94.2045,-0.0644,-0.0630,0.0014
1732,978.9,325.7,94.1365,94.1379,94.2005,-0.0640,-0.0627,0.0014
1733,999.9,321.5,94.1329,94.1343,94.1967,-0.0637,-0.0624,0.0013
1734,998.0,286.9,94.1294,94.1307,94.1926,-0.0633,-0.0619,0.0013
1735,1015.2,321.8,94.1258,94.1271,94.1890,-0.0632,-0.0619,0.0013
1736,987.2,309.6,94.1222,94.1235,94.1854,-0.0632,-0.0619,0.0013
1737,1025.9,355.6,94.1186,94.1199,94.1817,-0.0632,-0.0618,0.0013
1738,975.7,325.2,94.1149,94.1163,94.1778,-0.0629,-0.0615,0.0013
1739,1006.8,368.1,94.1113,94.1127,94.1741,-0.0627,-0.0614,0.0013
1740,990.6,370.4,94.1077,94.1090,94.1703,-0.0626,-0.0613,0.0013
1741,995.8,337.2,94.1041,94.1054,94.1664,-0.0624,-0.0610,0.0013
1742,1005.2,364.2,94.1004,94.1017,94.1624,-0.0620,-0.0607,0.0013
1743,1023.6,410.5,94.0968,94.0981,94.1581,-0.0614,-0.0600,0.0013
1744,985.9,360.5,94.0931,94.0944,94.1541,-0.0610,-0.0597,0.0013
1745,998.0,341.2,94.0895,94.0908,94.1501,-0.0607,-0.0593,0.0013
1746,1012.6,436.8,94.0858,94.0871,94.1459,-0.0601,-0.0588,0.0013
1747,991.1,359.5,94.0821,94.0834,94.1421,-0.0599,-0.0586,0.0013
1748,1007.9,423.5,94.0785,94.0798,94.1382,-0.0598,-0.0585,0.0013
1749,1001.9,394.9,94.0748,94.0761,94.1345,-0.0597,-0.0584,0.0013
1750,996.3,375.2,94.0711,94.0724,94.1303,-0.0593,-0.0580,0.0013
1751,2249.5,373.1,94.0674,94.0687,94.1223,-0.0549,-0.0536,0.0013
1752,382.1,332.8,94.0637,94.0650,94.1182,-0.0545,-0.0532,0.0013
1753,354.5,346.9,94.0600,94.0613,94.1182,-0.0582,-0.0569,0.0013
1754,1006.4,375.4,94.0563,94.0575,94.1138,-0.0576,-0.0563,0.0013
1755,994.2,368.3,94.0525,94.0538,94.1098,-0.0573,-0.0560,0.0013
1756,1000.7,356.3,94.0488,94.0501,94.1059,-0.0571,-0.0558,0.0013
1757,1006.2,349.0,94.0451,94.0463,94.1021,-0.0570,-0.0557,0.0013
1758,1007.2,384.5,94.0413,94.0426,94.0982,-0.0568,-0.0556,0.0013
1759,995.0,343.7,94.0376,94.0389,94.0947,-0.0571,-0.0558,0.0013
1760,995.8,316.4,94.0338,94.0351,94.0911,-0.0573,-0.0560,0.0013
1761,1003.3,337.5,94.0301,94.0313,94.0875,-0.0574,-0.0562,0.0013
1762,999.5,319.4,94.0263,94.0276,94.0835,-0.0572,-0.0559,0.0013
1763,997.8,303.4,94.0225,94.0238,94.0797,-0.0572,-0.0559,0.0013
1764,999.7,341.9,94.0188,94.0200,94.0760,-0.0573,-0.0560,0.0013
1765,1000.9,344.7,94.0150,94.0162,94.0725,-0.0575,-0.0563,0.0012
1766,1000.3,345.3,94.0112,94.0124,94.0689,-0.0577,-0.0564,0.0012
1767,992.6,329.5,94.0074,94.0086,94.0655,-0.0581,-0.0569,0.0012
1768,1001.6,354.3,94.0036,94.0048,94.0621,-0.0585,-0.0573,0.0012
1769,1022.4,345.4,93.9998,94.0010,94.0588,-0.0591,-0.0578,0.0012
1770,982.5,341.5,93.9960,93.9972,94.0555,-0.0595,-0.0583,0.0012
1771,1002.1,361.4,93.9921,93.9934,94.0524,-0.0603,-0.0590,0.0012
1772,995.9,347.5,93.9883,93.9895,94.0494,-0.0611,-0.0599,0.0012
1773,1018.4,360.4,93.9845,93.9857,94.0463,-0.0619,-0.0607,0.0012
1774,977.9,329.1,93.9806,93.9818,94.0431,-0.0625,-0.0612,0.0012
1775,994.1,299.2,93.9768,93.9780,94.0395,-0.0627,-0.0615,0.0012
1776,999.2,331.0,93.9729,93.9741,94.0367,-0.0638,-0.0626,0.0012
1777,1001.7,300.1,93.9691,93.9703,94.0326,-0.0635,-0.0623,0.0012
1778,1046.0,439.4,93.9652,93.9664,94.0292,-0.0640,-0.0628,0.0012
1779,1067.4,300.2,93.9613,93.9625,94.0259,-0.0645,-0.0633,0.0012
1780,887.3,277.9,93.9574,93.9586,94.0226,-0.0652,-0.0640,0.0012
1781,995.7,297.5,93.9536,93.9548,94.0195,-0.0659,-0.0647,0.0012
1782,1002.9,340.5,93.9497,93.9509,94.0160,-0.0663,-0.0651,0.0012
1783,1004.3,330.6,93.9458,93.9470,94.0127,-0.0669,-0.0658,0.0012
1784,1020.3,359.2,93.9419,93.9431,94.0094,-0.0675,-0.0663,0.0012
1785,976.6,289.9,93.9380,93.9391,94.0060,-0.0681,-0.0669,0.0012
1786,996.9,280.9,93.9340,93.9352,94.0023,-0.0683,-0.0671,0.0012
1787,1003.5,274.6,93.9301,93.9313,93.9989,-0.0688,-0.0676,0.0012
1788,1005.9,299.9,93.9262,93.9274,93.9954,-0.0692,-0.0681,0.0012
1789,991.0,316.8,93.9223,93.9234,93.9920,-0.0697,-0.0685,0.0012
1790,998.4,343.1,93.9183,93.9195,93.9881,-0.0698,-0.0686,0.0012
1791,1012.8,363.1,93.9144,93.9155,93.9844,-0.0700,-0.0688,0.0012
1792,1000.3,372.9,93.9104,93.9116,93.9807,-0.0703,-0.0691,0.0012
1793,992.7,286.5,93.9065,93.9076,93.9769,-0.0705,-0.0693,0.0012
1794,1020.4,315.4,93.9025,93.9036,93.9769,-0.0744,-0.0733,0.0012
1795,976.6,298.0,93.8985,93.8997,93.9729,-0.0744,-0.0733,0.0012
1796,1034.5,387.2,93.8945,93.8957,93.9692,-0.0747,-0.0735,0.0012
1797,973.2,351.8,93.8906,93.8917,93.9655,-0.0749,-0.0738,0.0011
1798,999.3,332.8,93.8866,93.8877,93.9616,-0.0750,-0.0739,0.0011
1799,1003.4,327.5,93.8826,93.8837,93.9573,-0.0747,-0.0736,0.0011
1800,1008.0,335.0,93.8786,93.8797,93.9530,-0.0745,-0.0733,0.0011
1801,996.5,330.8,93.8746,93.8757,93.9486,-0.0741,-0.0729,0.0011
1802,996.4,317.0,93.8705,93.8717,93.9438,-0.0733,-0.0721,0.0011
1803,998.5,326.6,93.8665,93.8677,93.9395,-0.0729,-0.0718,0.0011
1804,1019.9,464.5,93.8625,93.8636,93.9352,-0.0727,-0.0716,0.0011
1805,982.4,359.0,93.8585,93.8596,93.9310,-0.0725,-0.0714,0.0011
1806,997.8,316.1,93.8544,93.8555,93.9266,-0.0722,-0.0710,0.0011
1807,1481.8,327.6,93.8504,93.8515,93.9226,-0.0722,-0.0711,0.0011
1808,508.3,263.4,93.8463,93.8474,93.9186,-0.0723,-0.0712,0.0011
1809,1007.8,315.0,93.8423,93.8434,93.9146,-0.0723,-0.0712,0.0011
1810,992.6,297.9,93.8382,93.8393,93.9102,-0.0720,-0.0709,0.0011
1811,1011.5,321.4,93.8341,93.8353,93.9059,-0.0718,-0.0707,0.0011
1812,992.2,343.6,93.8301,93.8312,93.9015,-0.0715,-0.0704,0.0011
1813,995.3,291.3,93.8260,93.8271,93.8971,-0.0711,-0.0700,0.0011
1814,998.2,330.7,93.8219,93.8230,93.8924,-0.0705,-0.0694,0.0011
1815,999.6,343.4,93.8178,93.8189,93.8880,-0.0701,-0.0691,0.0011
1816,1011.0,341.5,93.8137,93.8148,93.8835,-0.0698,-0.0687,0.0011
1817,993.7,315.4,93.8096,93.8107,93.8793,-0.0697,-0.0686,0.0011
1818,1002.4,346.7,93.8055,93.8066,93.8748,-0.0693,-0.0682,0.0011
1819,995.8,346.9,93.8014,93.8025,93.8706,-0.0692,-0.0682,0.0011
1820,1006.1,313.3,93.7973,93.7983,93.8664,-0.0691,-0.0680,0.0011
1821,996.5,319.3,93.7931,93.7942,93.8621,-0.0689,-0.0679,0.0011
1822,997.1,287.1,93.7890,93.7901,93.8572,-0.0682,-0.0671,0.0011
1823,996.4,307.2,93.7849,93.7859,93.8526,-0.0677,-0.0667,0.0011
1824,1001.6,893.5,93.7807,93.7818,93.8481,-0.0673,-0.0663,0.0011
1825,1038.6,349.9,93.7766,93.7776,93.8435,-0.0669,-0.0659,0.0011
1826,975.5,354.4,93.7724,93.7735,93.8386,-0.0662,-0.0651,0.0011
1827,1005.8,338.7,93.7682,93.7693,93.8343,-0.0661,-0.0650,0.0011
1828,1001.7,326.1,93.7641,93.7651,93.8302,-0.0661,-0.0651,0.0011
1829,1075.0,313.5,93.7599,93.7609,93.8259,-0.0660,-0.0650,0.0011
1830,920.8,404.5,93.7557,93.7568,93.8212,-0.0655,-0.0645,0.0010
1831,1009.8,370.4,93.7515,93.7526,93.8169,-0.0654,-0.0644,0.0010
1832,986.5,333.4,93.7473,93.7484,93.8126,-0.0652,-0.0642,0.0010
1833,1003.8,1436.1,93.7431,93.7442,93.8083,-0.0652,-0.0642,0.0010
1834,1443.5,366.2,93.7389,93.7400,93.8038,-0.0649,-0.0638,0.0010
1835,558.8,355.1,93.7347,93.7357,93.7999,-0.0652,-0.0641,0.0010
1836,989.4,320.1,93.7305,93.7315,93.7961,-0.0656,-0.0646,0.0010
1837,989.4,309.8,93.7263,93.7273,93.7925,-0.0662,-0.0652,0.0010
1838,1004.0,341.9,93.7220,93.7231,93.7889,-0.0668,-0.0658,0.0010
1839,996.9,349.9,93.7178,93.7188,93.7854,-0.0676,-0.0666,0.0010
1840,1022.2,321.1,93.7136,93.7146,93.7819,-0.0683,-0.0673,0.0010
1841,980.9,347.0,93.7093,93.7103,93.7784,-0.0691,-0.0681,0.0010
1842,997.7,309.2,93.7051,93.7061,93.7746,-0.0695,-0.0685,0.0010
1843,1000.5,291.2,93.7008,93.7018,93.7709,-0.0701,-0.0691,0.0010
1844,1029.2,341.9,93.6965,93.6976,93.7672,-0.0706,-0.0696,0.0010
1845,976.8,280.4,93.6923,93.6933,93.7634,-0.0711,-0.0701,0.0010
1846,1010.0,283.5,93.6880,93.6890,93.7595,-0.0715,-0.0705,0.0010
1847,1000.1,301.3,93.6837,93.6847,93.7554,-0.0717,-0.0707,0.0010
1848,992.8,312.0,93.6794,93.6804,93.7517,-0.0723,-0.0713,0.0010
1849,1003.2,318.3,93.6751,93.6761,93.7479,-0.0728,-0.0718,0.0010
1850,1002.8,320.9,93.6708,93.6718,93.7439,-0.0731,-0.0721,0.0010
1851,994.7,333.2,93.6665,93.6675,93.7401,-0.0736,-0.0726,0.0010
1852,1013.0,691.5,93.6622,93.6632,93.7360,-0.0738,-0.0728,0.0010
1853,1006.0,379.7,93.6579,93.6589,93.7320,-0.0740,-0.0731,0.0010
1854,999.1,343.8,93.6536,93.6546,93.7276,-0.0740,-0.0730,0.0010
1855,981.9,335.1,93.6493,93.6502,93.7235,-0.0742,-0.0733,0.0010
1856,1010.3,322.0,93.6449,93.6459,93.7195,-0.0746,-0.0736,0.0010
1857,994.2,374.5,93.6406,93.6416,93.7156,-0.0750,-0.0740,0.0010
1858,1018.8,389.7,93.6363,93.6372,93.7114,-0.0751,-0.0741,0.0010
1859,1003.6,756.7,93.6319,93.6329,93.7074,-0.0755,-0.0745,0.0010
1860,982.7,314.2,93.6275,93.6285,93.7034,-0.0759,-0.0749,0.0010
1861,1002.1,336.8,93.6232,93.6241,93.6994,-0.0762,-0.0753,0.0010
1862,998.1,650.7,93.6188,93.6198,93.6952,-0.0763,-0.0754,0.0010
1863,1015.3,309.0,93.6144,93.6154,93.6912,-0.0767,-0.0758,0.0010
1864,984.5,350.5,93.6101,93.6110,93.6871,-0.0770,-0.0761,0.0010
1865,997.8,346.8,93.6057,93.6066,93.6830,-0.0773,-0.0763,0.0009
1866,1001.5,319.8,93.6013,93.6022,93.6785,-0.0772,-0.0763,0.0009
1867,997.3,291.7,93.5969,93.5978,93.6745,-0.0776,-0.0766,0.0009
1868,1005.1,387.6,93.5925,93.5934,93.6705,-0.0780,-0.0770,0.0009
1869,986.5,330.1,93.5881,93.5890,93.6666,-0.0785,-0.0776,0.0009
1870,991.8,302.7,93.5837,93.5846,93.6625,-0.0788,-0.0779,0.0009
1871,1007.4,335.0,93.5793,93.5802,93.6586,-0.0793,-0.0784,0.0009
1872,997.3,412.5,93.5748,93.5758,93.6546,-0.0797,-0.0788,0.0009
1873,1013.9,303.5,93.5704,93.5713,93.6504,-0.0800,-0.0790,0.0009
1874,998.1,312.5,93.5660,93.5669,93.6457,-0.0798,-0.0788,0.0009
1875,1005.7,300.6,93.5615,93.5625,93.6413,-0.0798,-0.0789,0.0009
1876,1027.9,358.8,93.5571,93.5580,93.6368,-0.0797,-0.0788,0.0009
1877,974.9,361.4,93.5526,93.5536,93.6321,-0.0795,-0.0786,0.0009
1878,985.1,316.7,93.5482,93.5491,93.6270,-0.0789,-0.0779,0.0009
1879,1024.4,356.2,93.5437,93.5446,93.6223,-0.0786,-0.0777,0.0009
1880,986.2,346.2,93.5393,93.5402,93.6177,-0.0785,-0.0776,0.0009
1881,998.7,336.4,93.5348,93.5357,93.6130,-0.0783,-0.0773,0.0009
1882,988.7,317.8,93.5303,93.5312,93.6080,-0.0777,-0.0768,0.0009
1883,1002.5,321.8,93.5258,93.5267,93.6031,-0.0773,-0.0764,0.0009
1884,1000.4,350.9,93.5213,93.5222,93.5981,-0.0768,-0.0759,0.0009
1885,1015.8,357.7,93.5168,93.5177,93.5930,-0.0761,-0.0753,0.0009
1886,988.1,340.2,93.5123,93.5132,93.5874,-0.0750,-0.0741,0.0009
1887,1016.8,335.4,93.5078,93.5087,93.5821,-0.0743,-0.0734,0.0009
1888,974.1,290.7,93.5033,93.5042,93.5770,-0.0737,-0.0728,0.0009
1889,997.6,307.2,93.4988,93.4997,93.5721,-0.0733,-0.0724,0.0009
1890,998.7,327.1,93.4943,93.4951,93.5669,-0.0726,-0.0717,0.0009
1891,1000.2,354.3,93.4897,93.4906,93.5620,-0.0723,-0.0714,0.0009
1892,1003.0,297.2,93.4852,93.4861,93.5571,-0.0719,-0.0710,0.0009
1893,997.9,295.0,93.4807,93.4815,93.5521,-0.0715,-0.0706,0.0009
1894,1020.6,319.6,93.4761,93.4770,93.5468,-0.0707,-0.0698,0.0009
1895,978.9,335.6,93.4716,93.4724,93.5419,-0.0703,-0.0695,0.0009
1896,1022.8,327.1,93.4670,93.4679,93.5372,-0.0702,-0.0693,0.0009
1897,988.2,310.3,93.4625,93.4633,93.5326,-0.0702,-0.0693,0.0009
1898,1009.9,313.2,93.4579,93.4587,93.5279,-0.0700,-0.0691,0.0009
1899,1011.1,303.1,93.4533,93.4542,93.5235,-0.0702,-0.0694,0.0009
1900,972.6,343.0,93.4487,93.4496,93.5192,-0.0704,-0.0696,0.0009
1901,1010.6,348.6,93.4442,93.4450,93.5148,-0.0706,-0.0698,0.0008
1902,997.6,368.6,93.4396,93.4404,93.5103,-0.0708,-0.0699,0.0008
1903,993.8,358.0,93.4350,93.4358,93.5055,-0.0705,-0.0697,0.0008
1904,1006.3,333.5,93.4304,93.4312,93.5010,-0.0706,-0.0697,0.0008
1905,993.8,364.9,93.4258,93.4266,93.4964,-0.0707,-0.0698,0.0008
1906,1019.5,378.1,93.4212,93.4220,93.4917,-0.0705,-0.0697,0.0008
1907,987.6,373.8,93.4165,93.4174,93.4874,-0.0708,-0.0700,0.0008
1908,1010.8,347.5,93.4119,93.4128,93.4831,-0.0712,-0.0704,0.0008
1909,975.1,311.2,93.4073,93.4081,93.4789,-0.0716,-0.0708,0.0008
1910,1002.6,328.5,93.4027,93.4035,93.4746,-0.0720,-0.0712,0.0008
1911,998.0,365.1,93.3980,93.3988,93.4699,-0.0719,-0.0710,0.0008
1912,1011.7,346.6,93.3934,93.3942,93.4654,-0.0720,-0.0712,0.0008
1913,999.3,340.3,93.3887,93.3896,93.4610,-0.0723,-0.0715,0.0008
1914,990.2,317.2,93.3841,93.3849,93.4566,-0.0726,-0.0717,0.0008
1915,996.2,337.0,93.3794,93.3802,93.4520,-0.0725,-0.0717,0.0008
1916,1000.9,343.6,93.3748,93.3756,93.4477,-0.0729,-0.0721,0.0008
1917,998.8,319.3,93.3701,93.3709,93.4434,-0.0733,-0.0724,0.0008
1918,1019.9,329.1,93.3654,93.3662,93.4390,-0.0736,-0.0728,0.0008
1919,978.0,340.7,93.3607,93.3615,93.4346,-0.0738,-0.0730,0.0008
1920,1013.5,324.9,93.3561,93.3569,93.4298,-0.0738,-0.0730,0.0008
1921,997.0,326.9,93.3514,93.3522,93.4255,-0.0741,-0.0733,0.0008
1922,1007.0,347.8,93.3467,93.3475,93.4211,-0.0744,-0.0736,0.0008
1923,1005.3,361.8,93.3420,93.3428,93.4165,-0.0745,-0.0737,0.0008
1924,1153.8,335.6,93.3373,93.3381,93.4124,-0.0751,-0.0743,0.0008
1925,861.8,382.3,93.3326,93.3333,93.4084,-0.0758,-0.0751,0.0008
1926,980.7,376.4,93.3278,93.3286,93.4045,-0.0767,-0.0759,0.0008
1927,999.9,323.3,93.3231,93.3239,93.4008,-0.0777,-0.0769,0.0008
1928,990.5,320.4,93.3184,93.3192,93.3967,-0.0783,-0.0776,0.0008
1929,1022.2,356.9,93.3137,93.3144,93.3929,-0.0793,-0.0785,0.0008
1930,981.4,319.0,93.3089,93.3097,93.3890,-0.0800,-0.0793,0.0008
1931,1000.8,314.5,93.3042,93.3050,93.3845,-0.0803,-0.0795,0.0008
1932,987.8,303.0,93.2994,93.3002,93.3802,-0.0807,-0.0800,0.0008
1933,1002.4,311.5,93.2947,93.2955,93.3759,-0.0812,-0.0805,0.0008
1934,996.1,295.7,93.2899,93.2907,93.3717,-0.0818,-0.0810,0.0008
1935,999.6,340.5,93.2852,93.2859,93.3673,-0.0821,-0.0813,0.0008
1936,1000.2,358.6,93.2804,93.2812,93.3631,-0.0827,-0.0819,0.0008
1937,998.8,341.3,93.2756,93.2764,93.3587,-0.0831,-0.0823,0.0008
1938,1006.8,329.4,93.2709,93.2716,93.3544,-0.0835,-0.0828,0.0008
1939,996.6,352.1,93.2661,93.2668,93.3497,-0.0836,-0.0829,0.0007
1940,998.0,375.5,93.2613,93.2620,93.3452,-0.0839,-0.0832,0.0007
1941,1276.7,321.7,93.2565,93.2572,93.3404,-0.0840,-0.0832,0.0007
1942,729.0,312.2,93.2517,93.2524,93.3355,-0.0838,-0.0830,0.0007
1943,991.9,300.7,93.2469,93.2476,93.3301,-0.0832,-0.0825,0.0007
1944,1008.4,332.0,93.2421,93.2428,93.3251,-0.0830,-0.0823,0.0007
1945,1020.7,334.5,93.2373,93.2380,93.3194,-0.0821,-0.0814,0.0007
1946,980.3,295.7,93.2324,93.2332,93.3144,-0.0819,-0.0812,0.0007
1947,1011.6,343.3,93.2276,93.2284,93.3092,-0.0815,-0.0808,0.0007
1948,990.4,327.0,93.2228,93.2235,93.3044,-0.0816,-0.0808,0.0007
1949,995.4,315.2,93.2180,93.2187,93.2996,-0.0816,-0.0809,0.0007
1950,1007.1,302.2,93.2131,93.2138,93.2947,-0.0815,-0.0808,0.0007
1951,995.1,317.9,93.2083,93.2090,93.2893,-0.0810,-0.0803,0.0007
1952,998.2,303.9,93.2034,93.2041,93.2844,-0.0810,-0.0803,0.0007
1953,999.2,396.8,93.1986,93.1993,93.2797,-0.0811,-0.0804,0.0007
1954,1034.0,376.3,93.1937,93.1944,93.2751,-0.0814,-0.0807,0.0007
1955,967.7,311.9,93.1889,93.1896,93.2703,-0.0815,-0.0808,0.0007
1956,1018.3,374.5,93.1840,93.1847,93.2659,-0.0819,-0.0812,0.0007
1957,1002.8,361.4,93.1791,93.1798,93.2615,-0.0824,-0.0817,0.0007
1958,976.1,339.6,93.1742,93.1749,93.2569,-0.0827,-0.0820,0.0007
1959,1026.7,363.3,93.1693,93.1700,93.2519,-0.0825,-0.0818,0.0007
1960,984.2,322.2,93.1645,93.1652,93.2471,-0.0826,-0.0819,0.0007
1961,998.5,308.0,93.1596,93.1603,93.2422,-0.0827,-0.0820,0.0007
1962,1007.4,336.7,93.1547,93.1554,93.2422,-0.0876,-0.0869,0.0007
1963,993.5,582.1,93.1498,93.1505,93.2369,-0.0872,-0.0865,0.0007
1964,1013.6,351.2,93.1449,93.1455,93.2319,-0.0871,-0.0864,0.0007
1965,986.2,365.6,93.1399,93.1406,93.2270,-0.0870,-0.0863,0.0007
1966,999.7,367.3,93.1350,93.1357,93.2218,-0.0868,-0.0861,0.0007
1967,1013.4,338.1,93.1301,93.1308,93.2161,-0.0860,-0.0853,0.0007
1968,994.9,437.4,93.1252,93.1258,93.2107,-0.0855,-0.0848,0.0007
1969,994.9,323.1,93.1202,93.1209,93.2052,-0.0850,-0.0843,0.0007
1970,987.2,348.2,93.1153,93.1160,93.1998,-0.0845,-0.0838,0.0007
1971,1003.3,374.1,93.1104,93.1110,93.1940,-0.0836,-0.0830,0.0007
1972,1017.8,341.7,93.1054,93.1061,93.1888,-0.0833,-0.0827,0.0007
1973,987.1,313.5,93.1005,93.1011,93.1836,-0.0831,-0.0825,0.0007
1974,1010.1,361.5,93.0955,93.0962,93.1785,-0.0830,-0.0823,0.0007
1975,992.3,328.5,93.0905,93.0912,93.1728,-0.0822,-0.0816,0.0007
1976,1007.4,314.4,93.0856,93.0862,93.1675,-0.0819,-0.0813,0.0007
1977,993.7,415.1,93.0806,93.0813,93.1623,-0.0817,-0.0810,0.0007
1978,1004.0,363.3,93.0756,93.0763,93.1571,-0.0815,-0.0809,0.0007
1979,1006.1,344.2,93.0706,93.0713,93.1519,-0.0812,-0.0806,0.0006
1980,1163.5,1800.5,93.0657,93.0663,93.1471,-0.0815,-0.0808,0.0006
1981,1826.2,352.1,93.0607,93.0613,93.1380,-0.0773,-0.0766,0.0006
1982,357.7,320.5,93.0557,93.0563,93.1380,-0.0823,-0.0816,0.0006
1983,651.7,312.7,93.0507,93.0513,93.1330,-0.0823,-0.0817,0.0006
1984,994.2,329.4,93.0457,93.0463,93.1283,-0.0826,-0.0820,0.0006
1985,998.2,325.1,93.0406,93.0413,93.1234,-0.0827,-0.0821,0.0006
1986,1007.6,334.0,93.0356,93.0363,93.1187,-0.0830,-0.0824,0.0006
1987,1010.8,373.1,93.0306,93.0312,93.1136,-0.0830,-0.0824,0.0006
1988,990.3,327.4,93.0256,93.0262,93.1088,-0.0833,-0.0826,0.0006
1989,983.4,341.5,93.0206,93.0212,93.1043,-0.0837,-0.0831,0.0006
1990,995.1,334.4,93.0155,93.0161,93.0998,-0.0843,-0.0837,0.0006
1991,999.4,357.9,93.0105,93.0111,93.0950,-0.0845,-0.0839,0.0006
1992,1001.4,344.7,93.0054,93.0061,93.0905,-0.0850,-0.0844,0.0006
1993,1005.9,326.4,93.0004,93.0010,93.0856,-0.0852,-0.0846,0.0006
1994,992.6,319.6,92.9953,92.9960,93.0804,-0.0851,-0.0844,0.0006
1995,1002.8,319.9,92.9903,92.9909,93.0751,-0.0848,-0.0842,0.0006
1996,1005.1,344.8,92.9852,92.9858,93.0702,-0.0849,-0.0843,0.0006
1997,1000.9,346.9,92.9802,92.9808,93.0652,-0.0851,-0.0845,0.0006
1998,993.2,337.1,92.9751,92.9757,93.0604,-0.0853,-0.0847,0.0006
1999,999.8,345.3,92.9700,92.9706,93.0551,-0.0851,-0.0845,0.0006
2000,1000.2,357.9,92.9649,92.9655,93.0501,-0.0852,-0.0846,0.0006
2001,1020.5,352.4,92.9598,92.9604,93.0451,-0.0853,-0.0847,0.0006
2002,979.5,310.2,92.9548,92.9553,93.0399,-0.0851,-0.0845,0.0006
2003,1008.1,311.5,92.9497,92.9502,93.0343,-0.0846,-0.0840,0.0006
2004,993.2,333.3,92.9446,92.9451,93.0291,-0.0845,-0.0840,0.0006
2005,1029.8,365.7,92.9395,92.9400,93.0241,-0.0846,-0.0841,0.0006
2006,1002.5,334.4,92.9343,92.9349,93.0188,-0.0845,-0.0839,0.0006
2007,985.6,339.0,92.9292,92.9298,93.0140,-0.0847,-0.0841,0.0006
2008,1002.0,320.7,92.9241,92.9247,93.0091,-0.0850,-0.0844,0.0006
2009,3993.4,438.9,92.9190,92.9196,92.9885,-0.0695,-0.0689,0.0006
2010,447.0,1491.4,92.9139,92.9144,92.9885,-0.0746,-0.0741,0.0006
2011,1498.5,408.2,92.9087,92.9093,92.9780,-0.0693,-0.0687,0.0006
2012,413.9,360.0,92.9036,92.9042,92.9780,-0.0744,-0.0739,0.0006
2013,365.3,338.8,92.8985,92.8990,92.9726,-0.0741,-0.0736,0.0006
2014,345.2,1343.1,92.8933,92.8939,92.9726,-0.0793,-0.0787,0.0006
2015,1349.6,430.4,92.8882,92.8887,92.9678,-0.0796,-0.0791,0.0006
2016,438.2,466.9,92.8830,92.8836,92.9631,-0.0801,-0.0795,0.0006
2017,472.9,290.9,92.8778,92.8784,92.9631,-0.0852,-0.0847,0.0006
2018,665.6,345.3,92.8727,92.8732,92.9580,-0.0853,-0.0848,0.0006
2019,1031.3,396.1,92.8675,92.8681,92.9533,-0.0858,-0.0852,0.0006
2020,981.6,388.2,92.8623,92.8629,92.9483,-0.0859,-0.0854,0.0006
2021,1000.4,363.4,92.8572,92.8577,92.9429,-0.0858,-0.0852,0.0006
2022,1014.3,328.1,92.8520,92.8525,92.9375,-0.0855,-0.0849,0.0005
2023,1770.4,429.0,92.8468,92.8473,92.9258,-0.0790,-0.0785,0.0005
2024,431.6,223.5,92.8416,92.8422,92.9258,-0.0842,-0.0837,0.0005
2025,755.9,291.1,92.8364,92.8370,92.9201,-0.0837,-0.0831,0.0005
2026,1001.1,282.6,92.8312,92.8318,92.9138,-0.0826,-0.0821,0.0005
2027,1001.8,318.6,92.8260,92.8266,92.9081,-0.0821,-0.0815,0.0005
2028,1004.9,301.3,92.8208,92.8213,92.9026,-0.0818,-0.0813,0.0005
2029,993.3,311.0,92.8156,92.8161,92.8973,-0.0817,-0.0812,0.0005
2030,1017.1,326.0,92.8104,92.8109,92.8919,-0.0815,-0.0810,0.0005
2031,1000.4,369.2,92.8052,92.8057,92.8870,-0.0819,-0.0813,0.0005
2032,983.4,299.0,92.7999,92.8005,92.8823,-0.0823,-0.0818,0.0005
2033,1008.6,860.0,92.7947,92.7952,92.8774,-0.0827,-0.0822,0.0005
2034,993.4,1964.0,92.7895,92.7900,92.8720,-0.0825,-0.0820,0.0005
2035,1969.7,364.1,92.7842,92.7848,92.8617,-0.0774,-0.0769,0.0005
2036,368.1,786.7,92.7790,92.7795,92.8617,-0.0827,-0.0822,0.0005
2037,789.6,284.9,92.7737,92.7743,92.8566,-0.0829,-0.0823,0.0005
2038,877.5,279.5,92.7685,92.7690,92.8512,-0.0828,-0.0822,0.0005
2039,992.0,321.6,92.7632,92.7637,92.8464,-0.0832,-0.0827,0.0005
2040,1014.3,340.3,92.7580,92.7585,92.8416,-0.0836,-0.0831,0.0005
2041,3989.5,396.0,92.7527,92.7532,92.8209,-0.0682,-0.0677,0.0005
2042,401.3,290.2,92.7474,92.7479,92.8209,-0.0735,-0.0730,0.0005
2043,293.5,250.7,92.7422,92.7427,92.8159,-0.0737,-0.0732,0.0005
2044,253.4,802.3,92.7369,92.7374,92.8159,-0.0790,-0.0785,0.0005
2045,806.2,536.5,92.7316,92.7321,92.8105,-0.0789,-0.0784,0.0005
2046,539.6,237.0,92.7263,92.7268,92.8105,-0.0842,-0.0837,0.0005
2047,705.6,283.3,92.7210,92.7215,92.8060,-0.0849,-0.0844,0.0005
2048,998.8,305.6,92.7157,92.7162,92.8017,-0.0859,-0.0854,0.0005
2049,1009.8,297.0,92.7104,92.7109,92.7976,-0.0871,-0.0866,0.0005
2050,995.0,285.4,92.7051,92.7056,92.7931,-0.0880,-0.0875,0.0005
2051,996.4,304.5,92.6998,92.7003,92.7886,-0.0887,-0.0883,0.0005
2052,1003.1,290.7,92.6945,92.6950,92.7838,-0.0893,-0.0888,0.0005
2053,1006.6,278.9,92.6892,92.6897,92.7788,-0.0896,-0.0891,0.0005
2054,992.7,313.9,92.6839,92.6844,92.7735,-0.0896,-0.0891,0.0005
2055,993.5,296.0,92.6786,92.6790,92.7687,-0.0901,-0.0896,0.0005
2056,1017.2,277.8,92.6732,92.6737,92.7642,-0.0909,-0.0904,0.0005
2057,1001.1,293.4,92.6679,92.6684,92.7597,-0.0918,-0.0913,0.0005
2058,993.0,292.7,92.6626,92.6630,92.7548,-0.0922,-0.0917,0.0005
2059,992.8,302.6,92.6572,92.6577,92.7500,-0.0928,-0.0923,0.0005
2060,1019.3,291.9,92.6519,92.6523,92.7449,-0.0930,-0.0926,0.0005
2061,993.1,304.4,92.6465,92.6470,92.7397,-0.0932,-0.0927,0.0005
2062,1006.8,336.8,92.6412,92.6416,92.7341,-0.0930,-0.0925,0.0005
2063,982.1,330.3,92.6358,92.6363,92.7290,-0.0932,-0.0927,0.0005
2064,996.1,308.6,92.6305,92.6309,92.7238,-0.0933,-0.0928,0.0005
2065,1019.7,336.8,92.6251,92.6255,92.7185,-0.0934,-0.0929,0.0005
2066,983.2,323.6,92.6197,92.6202,92.7130,-0.0933,-0.0929,0.0005
2067,996.4,291.6,92.6143,92.6148,92.7071,-0.0927,-0.0923,0.0005
2068,1000.8,288.6,92.6090,92.6094,92.7014,-0.0924,-0.0920,0.0005
2069,999.3,324.6,92.6036,92.6040,92.6957,-0.0922,-0.0917,0.0004
2070,1008.7,301.5,92.5982,92.5986,92.6896,-0.0914,-0.0910,0.0004
2071,995.5,319.3,92.5928,92.5933,92.6840,-0.0912,-0.0907,0.0004
2072,995.6,303.2,92.5874,92.5879,92.6783,-0.0909,-0.0904,0.0004
2073,1003.0,283.9,92.5820,92.5825,92.6726,-0.0906,-0.0902,0.0004
2074,999.2,308.5,92.5766,92.5771,92.6664,-0.0898,-0.0893,0.0004
2075,999.9,288.5,92.5712,92.5716,92.6605,-0.0893,-0.0889,0.0004
2076,1005.1,286.0,92.5658,92.5662,92.6547,-0.0889,-0.0885,0.0004
2077,1001.2,295.7,92.5604,92.5608,92.6489,-0.0885,-0.0881,0.0004
2078,1011.7,294.4,92.5550,92.5554,92.6429,-0.0879,-0.0875,0.0004
2079,996.4,288.5,92.5495,92.5500,92.6375,-0.0879,-0.0875,0.0004
2080,986.6,300.1,92.5441,92.5445,92.6319,-0.0878,-0.0874,0.0004
2081,1022.4,315.9,92.5387,92.5391,92.6263,-0.0876,-0.0871,0.0004
2082,974.5,296.3,92.5333,92.5337,92.6201,-0.0868,-0.0864,0.0004
2083,1024.5,315.4,92.5278,92.5282,92.6143,-0.0865,-0.0860,0.0004
2084,978.1,314.6,92.5224,92.5228,92.6085,-0.0862,-0.0857,0.0004
2085,1002.8,294.3,92.5169,92.5173,92.6029,-0.0859,-0.0855,0.0004
2086,1014.9,300.9,92.5115,92.5119,92.5968,-0.0853,-0.0849,0.0004
2087,982.1,300.8,92.5060,92.5064,92.5913,-0.0853,-0.0849,0.0004
2088,1017.8,296.8,92.5006,92.5010,92.5858,-0.0852,-0.0848,0.0004
2089,995.5,333.2,92.4951,92.4955,92.5803,-0.0852,-0.0847,0.0004
2090,991.5,366.1,92.4896,92.4900,92.5741,-0.0845,-0.0840,0.0004
2091,993.0,345.1,92.4842,92.4846,92.5683,-0.0841,-0.0837,0.0004
2092,1003.3,343.1,92.4787,92.4791,92.5625,-0.0838,-0.0834,0.0004
2093,998.4,348.0,92.4732,92.4736,92.5570,-0.0838,-0.0834,0.0004
2094,1000.1,347.3,92.4677,92.4681,92.5511,-0.0834,-0.0830,0.0004
2095,998.9,347.4,92.4623,92.4626,92.5459,-0.0836,-0.0832,0.0004
2096,1002.5,342.3,92.4568,92.4572,92.5406,-0.0839,-0.0835,0.0004
2097,1041.2,396.8,92.4513,92.4517,92.5353,-0.0841,-0.0837,0.0004
2098,968.0,300.0,92.4458,92.4462,92.5297,-0.0840,-0.0836,0.0004
2099,994.3,305.5,92.4403,92.4407,92.5245,-0.0843,-0.0839,0.0004
2100,1010.5,298.1,92.4348,92.4352,92.5196,-0.0849,-0.0845,0.0004
2101,1009.0,308.8,92.4293,92.4296,92.5150,-0.0857,-0.0854,0.0004
2102,974.6,357.3,92.4237,92.4241,92.5096,-0.0859,-0.0855,0.0004
2103,1019.4,327.7,92.4182,92.4186,92.5060,-0.0878,-0.0874,0.0004
2104,987.4,309.1,92.4127,92.4131,92.5017,-0.0890,-0.0886,0.0004
2105,1015.9,297.7,92.4072,92.4076,92.4965,-0.0893,-0.0890,0.0004
2106,997.4,293.7,92.4017,92.4020,92.4915,-0.0898,-0.0894,0.0004
2107,999.2,300.1,92.3961,92.3965,92.4867,-0.0905,-0.0902,0.0004
2108,1007.0,298.6,92.3906,92.3910,92.4819,-0.0913,-0.0909,0.0004
2109,991.8,296.4,92.3851,92.3854,92.4771,-0.0920,-0.0916,0.0004
2110,986.9,328.5,92.3795,92.3799,92.4717,-0.0922,-0.0918,0.0004
2111,1015.7,355.7,92.3740,92.3743,92.4668,-0.0928,-0.0924,0.0004
2112,992.5,347.0,92.3684,92.3688,92.4617,-0.0933,-0.0929,0.0004
2113,1008.2,370.3,92.3629,92.3632,92.4565,-0.0936,-0.0933,0.0004
2114,991.5,396.0,92.3573,92.3577,92.4506,-0.0933,-0.0929,0.0004
2115,1004.5,363.9,92.3518,92.3521,92.4450,-0.0932,-0.0929,0.0004
2116,990.1,382.0,92.3462,92.3466,92.4392,-0.0931,-0.0927,0.0004
2117,999.9,595.4,92.3406,92.3410,92.4336,-0.0930,-0.0926,0.0004
2118,1036.5,391.2,92.3351,92.3354,92.4275,-0.0924,-0.0921,0.0004
2119,970.7,359.1,92.3295,92.3298,92.4217,-0.0922,-0.0919,0.0004
2120,1005.8,344.6,92.3239,92.3243,92.4156,-0.0917,-0.0914,0.0004
2121,996.6,315.1,92.3183,92.3187,92.4096,-0.0913,-0.0909,0.0003
2122,997.0,359.9,92.3127,92.3131,92.4096,-0.0969,-0.0965,0.0003
2123,1001.0,337.3,92.3071,92.3075,92.4032,-0.0960,-0.0957,0.0003
2124,998.4,323.2,92.3016,92.3019,92.3972,-0.0956,-0.0953,0.0003
2125,1016.7,315.2,92.2960,92.2963,92.3913,-0.0954,-0.0950,0.0003
2126,979.7,292.9,92.2904,92.2907,92.3850,-0.0947,-0.0943,0.0003
2127,995.2,308.3,92.2847,92.2851,92.3791,-0.0944,-0.0940,0.0003
2128,1008.1,305.5,92.2791,92.2795,92.3731,-0.0939,-0.0936,0.0003
2129,1006.7,305.8,92.2735,92.2739,92.3669,-0.0934,-0.0930,0.0003
2130,1015.0,399.4,92.2679,92.2683,92.3601,-0.0922,-0.0918,0.0003
2131,975.5,338.1,92.2623,92.2626,92.3537,-0.0914,-0.0911,0.0003
2132,993.8,337.7,92.2567,92.2570,92.3475,-0.0908,-0.0905,0.0003
2133,993.9,345.2,92.2511,92.2514,92.3414,-0.0904,-0.0900,0.0003
2134,1006.6,357.4,92.2454,92.2458,92.3348,-0.0893,-0.0890,0.0003
2135,1014.5,294.2,92.2398,92.2401,92.3284,-0.0886,-0.0883,0.0003
2136,984.1,314.1,92.2342,92.2345,92.3221,-0.0880,-0.0876,0.0003
2137,1026.3,356.3,92.2285,92.2288,92.3158,-0.0873,-0.0870,0.0003
2138,984.5,533.3,92.2229,92.2232,92.3093,-0.0864,-0.0861,0.0003
2139,1011.5,397.4,92.2172,92.2175,92.3034,-0.0861,-0.0858,0.0003
2140,987.1,346.1,92.2116,92.2119,92.2977,-0.0862,-0.0858,0.0003
2141,997.7,352.2,92.2059,92.2062,92.2924,-0.0864,-0.0861,0.0003
2142,1008.0,349.0,92.2003,92.2006,92.2866,-0.0863,-0.0860,0.0003
2143,992.7,333.7,92.1946,92.1949,92.2812,-0.0866,-0.0863,0.0003
2144,997.1,323.0,92.1889,92.1893,92.2759,-0.0869,-0.0866,0.0003
2145,1005.0,336.9,92.1833,92.1836,92.2707,-0.0874,-0.0871,0.0003
2146,1002.6,326.6,92.1776,92.1779,92.2657,-0.0881,-0.0878,0.0003
2147,996.8,333.4,92.1719,92.1722,92.2606,-0.0887,-0.0884,0.0003
2148,999.6,323.1,92.1663,92.1666,92.2561,-0.0898,-0.0895,0.0003
2149,998.9,330.3,92.1606,92.1609,92.2514,-0.0908,-0.0905,0.0003
2150,1009.6,356.4,92.1549,92.1552,92.2467,-0.0918,-0.0915,0.0003
2151,993.9,384.8,92.1492,92.1495,92.2414,-0.0922,-0.0919,0.0003
2152,997.0,382.1,92.1435,92.1438,92.2365,-0.0930,-0.0927,0.0003
2153,997.6,325.2,92.1378,92.1381,92.2316,-0.0937,-0.0935,0.0003
2154,1014.0,376.9,92.1321,92.1324,92.2268,-0.0947,-0.0944,0.0003
2155,986.7,339.7,92.1264,92.1267,92.2217,-0.0953,-0.0950,0.0003
2156,1008.8,330.6,92.1207,92.1210,92.2168,-0.0960,-0.0957,0.0003
2157,998.0,359.5,92.1150,92.1153,92.2119,-0.0969,-0.0966,0.0003
2158,1008.9,354.9,92.1093,92.1096,92.2069,-0.0976,-0.0973,0.0003
2159,1009.4,373.8,92.1036,92.1039,92.2013,-0.0977,-0.0974,0.0003
2160,975.1,340.4,92.0979,92.0982,92.1960,-0.0981,-0.0978,0.0003
2161,995.8,343.5,92.0922,92.0924,92.1906,-0.0984,-0.0982,0.0003
2162,1003.8,330.5,92.0864,92.0867,92.1852,-0.0988,-0.0985,0.0003
2163,1001.9,344.2,92.0807,92.0810,92.1793,-0.0985,-0.0983,0.0003
2164,994.9,401.7,92.0750,92.0753,92.1737,-0.0988,-0.0985,0.0003
2165,995.9,370.2,92.0692,92.0695,92.1680,-0.0988,-0.0985,0.0003
2166,998.8,385.0,92.0635,92.0638,92.1622,-0.0987,-0.0984,0.0003
2167,1001.1,380.2,92.0578,92.0580,92.1558,-0.0980,-0.0977,0.0003
2168,1035.1,431.6,92.0520,92.0523,92.1498,-0.0977,-0.0975,0.0003
2169,992.6,439.7,92.0463,92.0465,92.1438,-0.0975,-0.0972,0.0003
2170,988.7,416.5,92.0405,92.0408,92.1378,-0.0973,-0.0970,0.0003
2171,3982.7,350.5,92.0348,92.0350,92.1134,-0.0786,-0.0784,0.0003
2172,354.5,245.7,92.0290,92.0293,92.1134,-0.0844,-0.0841,0.0003
2173,248.4,268.0,92.0233,92.0235,92.1066,-0.0833,-0.0831,0.0003
2174,270.7,446.5,92.0175,92.0178,92.1066,-0.0891,-0.0888,0.0003
2175,449.5,238.3,92.0117,92.0120,92.1066,-0.0949,-0.0946,0.0003
2176,677.7,304.8,92.0060,92.0062,92.1004,-0.0944,-0.0942,0.0003
2177,2096.9,568.2,92.0002,92.0005,92.0887,-0.0885,-0.0883,0.0003
2178,572.6,270.3,91.9944,91.9947,92.0833,-0.0889,-0.0886,0.0003
2179,333.5,302.8,91.9886,91.9889,92.0833,-0.0947,-0.0944,0.0003
2180,1005.4,300.9,91.9829,91.9831,92.0772,-0.0943,-0.0941,0.0003
2181,1519.5,493.6,91.9771,91.9773,92.0645,-0.0874,-0.0871,0.0002
2182,507.9,299.0,91.9713,91.9715,92.0645,-0.0932,-0.0929,0.0002
2183,969.4,312.6,91.9655,91.9658,92.0579,-0.0924,-0.0922,0.0002
2184,1014.7,351.0,91.9597,91.9600,92.0508,-0.0911,-0.0909,0.0002
2185,975.4,296.7,91.9539,91.9542,92.0444,-0.0905,-0.0902,0.0002
2186,998.3,316.8,91.9481,91.9484,92.0381,-0.0900,-0.0897,0.0002
2187,1021.6,304.3,91.9423,91.9426,92.0319,-0.0895,-0.0893,0.0002
2188,979.6,593.7,91.9365,91.9368,92.0253,-0.0888,-0.0885,0.0002
2189,1003.4,3026.9,91.9307,91.9309,92.0192,-0.0885,-0.0883,0.0002
2190,3035.2,692.8,91.9249,91.9251,92.0022,-0.0773,-0.0770,0.0002
2191,695.3,270.0,91.9191,91.9193,91.9969,-0.0778,-0.0776,0.0002
2192,272.2,1718.8,91.9133,91.9135,91.9969,-0.0836,-0.0834,0.0002
2193,1721.0,296.4,91.9074,91.9077,91.9861,-0.0786,-0.0784,0.0002
2194,298.9,269.2,91.9016,91.9019,91.9861,-0.0845,-0.0842,0.0002
2195,273.7,207.4,91.8958,91.8960,91.9861,-0.0903,-0.0901,0.0002
2196,706.8,303.1,91.8900,91.8902,91.9803,-0.0903,-0.0901,0.0002
2197,997.0,302.3,91.8841,91.8844,91.9752,-0.0911,-0.0909,0.0002
2198,999.6,323.9,91.8783,91.8785,91.9702,-0.0919,-0.0916,0.0002
2199,997.2,330.4,91.8725,91.8727,91.9651,-0.0926,-0.0924,0.0002
2200,999.5,561.6,91.8666,91.8668,91.9599,-0.0932,-0.0930,0.0002
2201,1013.6,300.5,91.8608,91.8610,91.9539,-0.0931,-0.0929,0.0002
2202,1012.2,325.3,91.8549,91.8552,91.9481,-0.0932,-0.0930,0.0002
2203,991.4,288.2,91.8491,91.8493,91.9424,-0.0933,-0.0931,0.0002
2204,1024.9,328.3,91.8432,91.8434,91.9366,-0.0934,-0.0931,0.0002
2205,982.3,302.3,91.8374,91.8376,91.9304,-0.0931,-0.0928,0.0002
2206,990.1,306.2,91.8315,91.8317,91.9249,-0.0934,-0.0931,0.0002
2207,1002.7,315.3,91.8257,91.8259,91.9194,-0.0938,-0.0935,0.0002
2208,996.4,328.7,91.8198,91.8200,91.9139,-0.0941,-0.0939,0.0002
2209,1008.1,321.5,91.8139,91.8141,91.9080,-0.0941,-0.0939,0.0002
2210,996.0,348.1,91.8081,91.8083,91.9025,-0.0944,-0.0942,0.0002
2211,996.1,335.7,91.8022,91.8024,91.8969,-0.0947,-0.0945,0.0002
2212,1008.4,318.3,91.7963,91.7965,91.8916,-0.0953,-0.0951,0.0002
2213,1004.6,322.2,91.7904,91.7906,91.8860,-0.0955,-0.0953,0.0002
2214,985.5,336.3,91.7846,91.7848,91.8808,-0.0962,-0.0960,0.0002
2215,997.9,346.0,91.7787,91.7789,91.8754,-0.0967,-0.0965,0.0002
2216,999.7,359.3,91.7728,91.7730,91.8698,-0.0970,-0.0968,0.0002
2217,1007.9,330.0,91.7669,91.7671,91.8636,-0.0967,-0.0965,0.0002
2218,1040.5,355.3,91.7610,91.7612,91.8576,-0.0966,-0.0964,0.0002
2219,953.4,334.8,91.7551,91.7553,91.8517,-0.0966,-0.0964,0.0002
2220,999.1,323.7,91.7492,91.7494,91.8457,-0.0965,-0.0963,0.0002
2221,1011.8,287.7,91.7433,91.7435,91.8395,-0.0961,-0.0960,0.0002
2222,993.0,354.7,91.7374,91.7376,91.8336,-0.0962,-0.0960,0.0002
2223,1000.8,324.0,91.7315,91.7317,91.8275,-0.0960,-0.0958,0.0002
2224,1005.7,302.1,91.7256,91.7258,91.8213,-0.0957,-0.0955,0.0002
2225,996.6,304.8,91.7197,91.7199,91.8145,-0.0948,-0.0946,0.0002
2226,991.6,318.6,91.7138,91.7140,91.8082,-0.0944,-0.0942,0.0002
2227,998.7,311.8,91.7079,91.7080,91.8020,-0.0942,-0.0940,0.0002
2228,1005.2,311.5,91.7019,91.7021,91.7960,-0.0940,-0.0938,0.0002
2229,1006.9,313.2,91.6960,91.6962,91.7894,-0.0934,-0.0932,0.0002
2230,999.1,297.4,91.6901,91.6903,91.7833,-0.0932,-0.0930,0.0002
2231,999.0,328.4,91.6842,91.6843,91.7772,-0.0930,-0.0928,0.0002
2232,998.0,304.3,91.6782,91.6784,91.7711,-0.0929,-0.0927,0.0002
2233,1002.1,294.0,91.6723,91.6725,91.7647,-0.0924,-0.0922,0.0002
2234,992.1,318.0,91.6664,91.6666,91.7588,-0.0924,-0.0922,0.0002
2235,999.4,303.9,91.6604,91.6606,91.7530,-0.0925,-0.0923,0.0002
2236,1008.6,312.5,91.6545,91.6547,91.7473,-0.0928,-0.0926,0.0002
2237,999.4,309.0,91.6486,91.6487,91.7412,-0.0926,-0.0925,0.0002
2238,993.4,302.1,91.6426,91.6428,91.7353,-0.0927,-0.0925,0.0002
2239,1001.0,314.4,91.6367,91.6368,91.7295,-0.0928,-0.0926,0.0002
2240,998.5,340.3,91.6307,91.6309,91.7236,-0.0929,-0.0928,0.0002
2241,1006.9,326.9,91.6248,91.6249,91.7174,-0.0926,-0.0924,0.0002
2242,990.3,321.9,91.6188,91.6190,91.7115,-0.0927,-0.0925,0.0002
2243,1004.1,320.1,91.6129,91.6130,91.7058,-0.0930,-0.0928,0.0002
2244,996.4,319.0,91.6069,91.6071,91.7001,-0.0932,-0.0930,0.0002
2245,1011.9,298.3,91.6009,91.6011,91.6938,-0.0929,-0.0927,0.0002
2246,988.2,320.7,91.5950,91.5951,91.6881,-0.0931,-0.0930,0.0002
2247,1000.7,329.3,91.5890,91.5892,91.6823,-0.0933,-0.0931,0.0002
2248,1009.0,309.2,91.5830,91.5832,91.6765,-0.0935,-0.0934,0.0002
2249,998.7,317.7,91.5771,91.5772,91.6705,-0.0934,-0.0933,0.0002
2250,997.4,305.5,91.5711,91.5712,91.6648,-0.0937,-0.0936,0.0002
2251,1012.7,294.6,91.5651,91.5653,91.6590,-0.0939,-0.0938,0.0002
2252,983.2,311.2,91.5591,91.5593,91.6533,-0.0942,-0.0940,0.0002
2253,1008.8,298.1,91.5531,91.5533,91.6473,-0.0941,-0.0940,0.0001
2254,997.4,304.9,91.5472,91.5473,91.6418,-0.0946,-0.0945,0.0001
2255,997.7,311.2,91.5412,91.5413,91.6365,-0.0954,-0.0952,0.0001
2256,996.8,309.5,91.5352,91.5353,91.6312,-0.0961,-0.0959,0.0001
2257,1007.7,296.1,91.5292,91.5293,91.6257,-0.0966,-0.0964,0.0001
2258,990.1,323.0,91.5232,91.5233,91.6207,-0.0975,-0.0973,0.0001
2259,1003.1,312.8,91.5172,91.5174,91.6156,-0.0984,-0.0983,0.0001
2260,1006.6,295.8,91.5112,91.5114,91.6102,-0.0989,-0.0988,0.0001
2261,998.8,311.4,91.5052,91.5053,91.6042,-0.0989,-0.0988,0.0001
2262,1008.4,294.0,91.4992,91.4993,91.5985,-0.0993,-0.0991,0.0001
2263,984.4,304.8,91.4932,91.4933,91.5927,-0.0995,-0.0994,0.0001
2264,1007.9,343.6,91.4872,91.4873,91.5871,-0.0999,-0.0998,0.0001
2265,1003.9,318.2,91.4812,91.4813,91.5810,-0.0998,-0.0997,0.0001
2266,986.3,356.2,91.4752,91.4753,91.5751,-0.0999,-0.0997,0.0001
2267,999.4,317.7,91.4692,91.4693,91.5689,-0.0998,-0.0997,0.0001
2268,997.6,309.4,91.4631,91.4633,91.5627,-0.0995,-0.0994,0.0001
2269,1012.0,315.8,91.4571,91.4572,91.5557,-0.0986,-0.0985,0.0001
2270,989.5,320.4,91.4511,91.4512,91.5492,-0.0981,-0.0979,0.0001
2271,1001.9,303.6,91.4451,91.4452,91.5428,-0.0977,-0.0976,0.0001
2272,1008.4,311.8,91.4390,91.4392,91.5365,-0.0975,-0.0973,0.0001
2273,1011.3,302.4,91.4330,91.4331,91.5298,-0.0968,-0.0967,0.0001
2274,984.3,306.5,91.4270,91.4271,91.5235,-0.0965,-0.0964,0.0001
2275,995.9,316.3,91.4210,91.4211,91.5171,-0.0961,-0.0960,0.0001
2276,1001.8,318.5,91.4149,91.4150,91.5107,-0.0958,-0.0956,0.0001
2277,1007.5,304.8,91.4089,91.4090,91.5032,-0.0943,-0.0942,0.0001
2278,993.0,314.1,91.4028,91.4030,91.4982,-0.0954,-0.0952,0.0001
2279,1000.8,323.5,91.3968,91.3969,91.4925,-0.0957,-0.0956,0.0001
2280,1000.8,309.4,91.3908,91.3909,91.4866,-0.0959,-0.0958,0.0001
2281,1013.7,317.8,91.3847,91.3848,91.4792,-0.0945,-0.0944,0.0001
2282,987.7,313.5,91.3787,91.3788,91.4730,-0.0944,-0.0942,0.0001
2283,998.4,303.5,91.3726,91.3727,91.4667,-0.0941,-0.0940,0.0001
2284,1017.0,312.5,91.3666,91.3667,91.4604,-0.0939,-0.0937,0.0001
2285,990.4,315.1,91.3605,91.3606,91.4537,-0.0932,-0.0931,0.0001
2286,994.5,293.3,91.3545,91.3546,91.4475,-0.0931,-0.0929,0.0001
2287,1018.9,324.0,91.3484,91.3485,91.4412,-0.0928,-0.0927,0.0001
2288,976.7,316.1,91.3423,91.3424,91.4347,-0.0924,-0.0923,0.0001
2289,1007.8,326.3,91.3363,91.3364,91.4278,-0.0915,-0.0914,0.0001
2290,989.5,358.9,91.3302,91.3303,91.4214,-0.0912,-0.0911,0.0001
2291,998.7,369.0,91.3241,91.3242,91.4153,-0.0912,-0.0910,0.0001
2292,1000.1,336.5,91.3181,91.3182,91.4094,-0.0913,-0.0912,0.0001
2293,1007.2,336.2,91.3120,91.3121,91.4029,-0.0909,-0.0908,0.0001
2294,993.0,332.6,91.3059,91.3060,91.3967,-0.0907,-0.0906,0.0001
2295,1017.8,297.9,91.2999,91.3000,91.3904,-0.0906,-0.0905,0.0001
2296,992.1,314.5,91.2938,91.2939,91.3904,-0.0967,-0.0966,0.0001
2297,1004.3,324.6,91.2877,91.2878,91.3839,-0.0962,-0.0961,0.0001
2298,991.5,320.7,91.2816,91.2817,91.3782,-0.0966,-0.0965,0.0001
2299,1001.4,327.7,91.2755,91.2756,91.3726,-0.0971,-0.0970,0.0001
2300,1000.4,315.9,91.2695,91.2695,91.3670,-0.0976,-0.0975,0.0001
2301,1004.3,305.2,91.2634,91.2635,91.3608,-0.0974,-0.0973,0.0001
2302,997.8,314.9,91.2573,91.2574,91.3549,-0.0976,-0.0975,0.0001
2303,995.1,304.3,91.2512,91.2513,91.3489,-0.0977,-0.0976,0.0001
2304,1008.0,303.2,91.2451,91.2452,91.3429,-0.0978,-0.0977,0.0001
2305,997.7,308.9,91.2390,91.2391,91.3366,-0.0976,-0.0975,0.0001
2306,1014.2,314.6,91.2329,91.2330,91.3308,-0.0979,-0.0978,0.0001
2307,980.6,319.0,91.2268,91.2269,91.3251,-0.0983,-0.0982,0.0001
2308,999.8,328.0,91.2207,91.2208,91.3194,-0.0987,-0.0986,0.0001
2309,1010.9,316.1,91.2146,91.2147,91.3133,-0.0987,-0.0986,0.0001
2310,988.4,311.2,91.2085,91.2086,91.3074,-0.0989,-0.0988,0.0001
2311,998.0,330.4,91.2024,91.2025,91.3015,-0.0991,-0.0990,0.0001
2312,997.6,316.9,91.1963,91.1964,91.2955,-0.0993,-0.0992,0.0001
2313,1008.5,302.4,91.1902,91.1903,91.2892,-0.0990,-0.0989,0.0001
2314,1003.0,357.8,91.1841,91.1841,91.2833,-0.0993,-0.0992,0.0001
2315,994.2,344.8,91.1779,91.1780,91.2775,-0.0995,-0.0994,0.0001
2316,998.4,355.4,91.1718,91.1719,91.2715,-0.0996,-0.0995,0.0001
2317,1024.5,340.7,91.1657,91.1658,91.2649,-0.0992,-0.0991,0.0001
2318,980.4,326.7,91.1596,91.1597,91.2589,-0.0993,-0.0992,0.0001
2319,998.5,351.5,91.1535,91.1536,91.2529,-0.0994,-0.0993,0.0001
2320,999.2,360.7,91.1474,91.1474,91.2469,-0.0995,-0.0994,0.0001
2321,1014.2,318.3,91.1412,91.1413,91.2407,-0.0994,-0.0994,0.0001
2322,988.8,328.8,91.1351,91.1352,91.2350,-0.0999,-0.0998,0.0001
2323,1000.8,319.3,91.1290,91.1291,91.2293,-0.1003,-0.1002,0.0001
2324,1009.4,354.1,91.1228,91.1229,91.2235,-0.1007,-0.1006,0.0001
2325,998.9,324.0,91.1167,91.1168,91.2172,-0.1005,-0.1004,0.0001
2326,993.7,336.7,91.1106,91.1107,91.2111,-0.1005,-0.1004,0.0001
2327,994.9,327.6,91.1045,91.1045,91.2050,-0.1006,-0.1005,0.0001
2328,1001.2,320.7,91.0983,91.0984,91.1990,-0.1007,-0.1006,0.0001
2329,1007.5,336.6,91.0922,91.0922,91.1926,-0.1005,-0.1004,0.0001
2330,989.6,315.3,91.0860,91.0861,91.1866,-0.1006,-0.1005,0.0001
2331,1009.6,340.4,91.0799,91.0800,91.1804,-0.1005,-0.1004,0.0001
2332,987.5,317.0,91.0738,91.0738,91.1740,-0.1003,-0.1002,0.0001
2333,1008.1,311.6,91.0676,91.0677,91.1670,-0.0994,-0.0993,0.0001
2334,992.9,337.3,91.0615,91.0615,91.1605,-0.0991,-0.0990,0.0001
2335,1015.4,313.5,91.0553,91.0554,91.1541,-0.0987,-0.0987,0.0001
2336,986.8,312.5,91.0492,91.0492,91.1476,-0.0984,-0.0983,0.0001
2337,1009.4,332.6,91.0430,91.0431,91.1406,-0.0976,-0.0975,0.0001
2338,993.8,334.3,91.0369,91.0369,91.1340,-0.0971,-0.0971,0.0001
2339,1001.2,326.5,91.0307,91.0308,91.1274,-0.0967,-0.0966,0.0001
2340,996.2,353.0,91.0246,91.0246,91.1209,-0.0963,-0.0962,0.0001
2341,1007.7,342.9,91.0184,91.0185,91.1141,-0.0957,-0.0956,0.0001
2342,990.9,322.9,91.0122,91.0123,91.1081,-0.0959,-0.0958,0.0001
2343,1005.7,325.0,91.0061,91.0061,91.1023,-0.0962,-0.0961,0.0001
2344,997.0,335.1,90.9999,91.0000,91.0963,-0.0964,-0.0963,0.0001
2345,1007.5,310.0,90.9937,90.9938,91.0896,-0.0959,-0.0958,0.0001
2346,992.6,326.5,90.9876,90.9876,91.0833,-0.0957,-0.0957,0.0001
2347,1012.8,309.7,90.9814,90.9815,91.0771,-0.0957,-0.0956,0.0001
2348,974.9,309.2,90.9752,90.9753,91.0710,-0.0958,-0.0957,0.0001
2349,998.7,336.2,90.9691,90.9691,91.0644,-0.0954,-0.0953,0.0001
2350,999.5,332.9,90.9629,90.9630,91.0583,-0.0954,-0.0954,0.0001
2351,1005.6,333.3,90.9567,90.9568,91.0522,-0.0955,-0.0954,0.0001
2352,1004.3,359.8,90.9506,90.9506,91.0462,-0.0956,-0.0956,0.0001
2353,999.9,339.8,90.9444,90.9444,91.0399,-0.0955,-0.0955,0.0001
2354,998.1,352.0,90.9382,90.9383,91.0331,-0.0949,-0.0948,0.0001
2355,1012.9,348.0,90.9320,90.9321,91.0268,-0.0947,-0.0947,0.0001
2356,985.4,352.1,90.9258,90.9259,91.0209,-0.0950,-0.0950,0.0001
2357,1003.1,342.0,90.9197,90.9197,91.0147,-0.0951,-0.0950,0.0001
2358,996.1,345.5,90.9135,90.9135,91.0090,-0.0955,-0.0955,0.0000
2359,1008.0,335.7,90.9073,90.9074,91.0032,-0.0959,-0.0958,0.0000
2360,1036.8,337.9,90.9011,90.9012,90.9973,-0.0962,-0.0961,0.0000
2361,968.4,331.0,90.8949,90.8950,90.9915,-0.0965,-0.0965,0.0000
2362,992.1,369.1,90.8887,90.8888,90.9853,-0.0966,-0.0965,0.0000
2363,996.2,359.3,90.8826,90.8826,90.9796,-0.0971,-0.0970,0.0000
2364,1008.4,348.1,90.8764,90.8764,90.9741,-0.0977,-0.0977,0.0000
2365,1001.7,345.6,90.8702,90.8702,90.9681,-0.0980,-0.0979,0.0000
2366,991.0,413.9,90.8640,90.8640,90.9626,-0.0986,-0.0986,0.0000
2367,1003.2,386.6,90.8578,90.8578,90.9567,-0.0990,-0.0989,0.0000
2368,998.3,326.6,90.8516,90.8516,90.9507,-0.0991,-0.0991,0.0000
2369,1007.5,323.8,90.8454,90.8454,90.9440,-0.0987,-0.0986,0.0000
2370,992.1,336.3,90.8392,90.8392,90.9379,-0.0987,-0.0987,0.0000
2371,1000.7,335.9,90.8330,90.8330,90.9319,-0.0990,-0.0989,0.0000
2372,999.4,361.8,90.8268,90.8268,90.9258,-0.0990,-0.0990,0.0000
2373,1007.4,362.9,90.8206,90.8206,90.9191,-0.0985,-0.0985,0.0000
2374,992.7,374.7,90.8144,90.8144,90.9127,-0.0983,-0.0983,0.0000
2375,997.6,373.6,90.8082,90.8082,90.9063,-0.0981,-0.0981,0.0000
2376,1000.6,348.1,90.8020,90.8020,90.8997,-0.0978,-0.0977,0.0000
2377,1006.4,314.8,90.7958,90.7958,90.8929,-0.0971,-0.0971,0.0000
2378,995.2,330.7,90.7896,90.7896,90.8865,-0.0970,-0.0969,0.0000
2379,1004.0,364.2,90.7833,90.7834,90.8801,-0.0968,-0.0967,0.0000
2380,997.5,367.6,90.7771,90.7772,90.8736,-0.0965,-0.0965,0.0000
2381,1014.1,352.5,90.7709,90.7710,90.8666,-0.0957,-0.0957,0.0000
2382,983.8,336.6,90.7647,90.7647,90.8600,-0.0953,-0.0953,0.0000
2383,999.2,343.8,90.7585,90.7585,90.8535,-0.0950,-0.0950,0.0000
2384,1001.7,345.8,90.7523,90.7523,90.8472,-0.0949,-0.0949,0.0000
2385,1007.4,344.8,90.7461,90.7461,90.8405,-0.0944,-0.0944,0.0000
2386,992.6,339.9,90.7398,90.7399,90.8342,-0.0944,-0.0943,0.0000
2387,1005.5,340.8,90.7336,90.7336,90.8279,-0.0943,-0.0942,0.0000
2388,999.1,356.3,90.7274,90.7274,90.8214,-0.0940,-0.0939,0.0000
2389,1003.0,353.6,90.7212,90.7212,90.8143,-0.0931,-0.0931,0.0000
2390,994.0,368.9,90.7150,90.7150,90.8080,-0.0930,-0.0930,0.0000
2391,999.7,381.4,90.7087,90.7088,90.8019,-0.0932,-0.0931,0.0000
2392,1002.0,345.5,90.7025,90.7025,90.7957,-0.0932,-0.0932,0.0000
2393,997.9,357.3,90.6963,90.6963,90.7890,-0.0927,-0.0927,0.0000
2394,1012.0,326.8,90.6901,90.6901,90.7828,-0.0927,-0.0927,0.0000
2395,991.0,322.8,90.6838,90.6838,90.7764,-0.0926,-0.0926,0.0000
2396,1003.9,330.2,90.6776,90.6776,90.7702,-0.0926,-0.0925,0.0000
2397,1004.6,331.4,90.6714,90.6714,90.7637,-0.0923,-0.0923,0.0000
2398,1008.1,298.2,90.6651,90.6652,90.7577,-0.0926,-0.0926,0.0000
2399,978.1,344.1,90.6589,90.6589,90.7520,-0.0931,-0.0931,0.0000
2400,1000.0,326.0,90.6527,90.6527,90.7462,-0.0936,-0.0935,0.0000
2401,999.9,325.4,90.6464,90.6465,90.7401,-0.0937,-0.0937,0.0000
2402,1013.5,315.5,90.6402,90.6402,90.7345,-0.0943,-0.0943,0.0000
2403,987.9,318.7,90.6340,90.6340,90.7290,-0.0950,-0.0950,0.0000
2404,1001.8,314.7,90.6277,90.6277,90.7237,-0.0959,-0.0959,0.0000
2405,1018.3,299.3,90.6215,90.6215,90.7183,-0.0968,-0.0968,0.0000
2406,990.5,310.0,90.6152,90.6153,90.7134,-0.0982,-0.0982,0.0000
2407,991.8,307.9,90.6090,90.6090,90.7086,-0.0996,-0.0995,0.0000
2408,1001.3,319.5,90.6028,90.6028,90.7035,-0.1007,-0.1007,0.0000
2409,1002.2,318.3,90.5965,90.5965,90.6978,-0.1013,-0.1012,0.0000
2410,1006.9,299.4,90.5903,90.5903,90.6925,-0.1022,-0.1022,0.0000
2411,992.3,315.3,90.5840,90.5841,90.6873,-0.1032,-0.1032,0.0000
2412,998.6,310.8,90.5778,90.5778,90.6818,-0.1040,-0.1040,0.0000
2413,1003.8,305.5,90.5715,90.5716,90.6762,-0.1047,-0.1046,0.0000
2414,1013.9,332.3,90.5653,90.5653,90.6702,-0.1048,-0.1048,0.0000
2415,982.3,345.4,90.5591,90.5591,90.6643,-0.1053,-0.1052,0.0000
2416,1012.8,328.5,90.5528,90.5528,90.6584,-0.1056,-0.1056,0.0000
2417,984.6,331.3,90.5466,90.5466,90.6523,-0.1058,-0.1058,0.0000
2418,1015.4,307.7,90.5403,90.5403,90.6456,-0.1053,-0.1053,0.0000
2419,988.6,322.7,90.5341,90.5341,90.6392,-0.1052,-0.1052,0.0000
2420,994.0,320.0,90.5278,90.5278,90.6328,-0.1049,-0.1049,0.0000
2421,1006.9,313.2,90.5216,90.5216,90.6263,-0.1047,-0.1047,0.0000
2422,1002.2,303.9,90.5153,90.5153,90.6191,-0.1038,-0.1038,0.0000
2423,999.4,321.1,90.5091,90.5091,90.6125,-0.1034,-0.1034,0.0000
2424,998.6,317.9,90.5028,90.5028,90.6058,-0.1030,-0.1030,0.0000
2425,995.6,317.6,90.4965,90.4966,90.5990,-0.1025,-0.1025,0.0000
2426,1012.3,314.7,90.4903,90.4903,90.5919,-0.1016,-0.1016,0.0000
2427,991.9,311.0,90.4840,90.4840,90.5854,-0.1014,-0.1014,0.0000
2428,998.1,314.2,90.4778,90.4778,90.5790,-0.1012,-0.1012,0.0000
2429,1001.3,317.5,90.4715,90.4715,90.5726,-0.1011,-0.1011,0.0000
2430,1006.4,305.5,90.4653,90.4653,90.5656,-0.1003,-0.1003,0.0000
2431,999.0,320.1,90.4590,90.4590,90.5588,-0.0998,-0.0998,0.0000
2432,992.9,322.5,90.4527,90.4527,90.5520,-0.0992,-0.0992,0.0000
2433,1003.5,303.6,90.4465,90.4465,90.5451,-0.0986,-0.0986,0.0000
2434,1002.8,311.0,90.4402,90.4402,90.5384,-0.0981,-0.0981,0.0000
2435,996.1,311.1,90.4340,90.4340,90.5311,-0.0972,-0.0971,0.0000
2436,998.3,298.7,90.4277,90.4277,90.5243,-0.0967,-0.0966,0.0000
2437,1000.8,306.9,90.4214,90.4214,90.5174,-0.0959,-0.0959,0.0000
2438,1007.7,308.3,90.4152,90.4152,90.5098,-0.0947,-0.0947,0.0000
2439,990.3,335.0,90.4089,90.4089,90.5029,-0.0940,-0.0940,0.0000
2440,995.3,350.4,90.4026,90.4026,90.4961,-0.0935,-0.0935,0.0000
2441,1000.0,364.3,90.3964,90.3964,90.4896,-0.0932,-0.0932,0.0000
2442,1040.6,310.1,90.3901,90.3901,90.4826,-0.0925,-0.0925,0.0000
2443,960.2,382.1,90.3838,90.3838,90.4761,-0.0923,-0.0923,0.0000
2444,998.6,413.5,90.3776,90.3776,90.4697,-0.0921,-0.0921,0.0000
2445,1006.5,381.4,90.3713,90.3713,90.4634,-0.0921,-0.0921,0.0000
2446,1000.5,360.6,90.3650,90.3650,90.4569,-0.0919,-0.0919,0.0000
2447,999.6,377.3,90.3588,90.3588,90.4503,-0.0916,-0.0916,0.0000
2448,993.2,366.0,90.3525,90.3525,90.4447,-0.0922,-0.0922,0.0000
2449,1016.2,369.9,90.3462,90.3462,90.4392,-0.0929,-0.0929,0.0000
2450,988.7,421.7,90.3400,90.3400,90.4330,-0.0930,-0.0930,0.0000
2451,1012.9,359.7,90.3337,90.3337,90.4273,-0.0936,-0.0936,0.0000
2452,3995.0,1059.1,90.3274,90.3274,90.4045,-0.0771,-0.0771,0.0000
2453,1066.0,373.0,90.3211,90.3211,90.3989,-0.0778,-0.0778,0.0000
2454,379.5,388.3,90.3149,90.3149,90.3989,-0.0841,-0.0841,0.0000
2455,394.6,557.6,90.3086,90.3086,90.3933,-0.0847,-0.0847,0.0000
2456,565.3,368.1,90.3023,90.3023,90.3933,-0.0909,-0.0909,0.0000
2457,387.4,462.4,90.2960,90.2961,90.3874,-0.0913,-0.0913,0.0000
2458,468.9,280.0,90.2898,90.2898,90.3874,-0.0976,-0.0976,0.0000
2459,745.5,394.6,90.2835,90.2835,90.3820,-0.0985,-0.0985,0.0000
2460,992.0,379.4,90.2772,90.2772,90.3771,-0.0998,-0.0998,0.0000
2461,1007.3,380.1,90.2709,90.2710,90.3723,-0.1013,-0.1013,0.0000
2462,993.2,353.0,90.2647,90.2647,90.3668,-0.1022,-0.1021,0.0000
2463,998.9,1966.2,90.2584,90.2584,90.3611,-0.1027,-0.1027,0.0000
2464,1984.3,403.7,90.2521,90.2521,90.3481,-0.0960,-0.0960,0.0000
2465,409.2,332.8,90.2458,90.2458,90.3481,-0.1022,-0.1022,0.0000
2466,609.8,311.5,90.2396,90.2396,90.3407,-0.1011,-0.1011,0.0000
2467,992.9,373.7,90.2333,90.2333,90.3407,-0.1074,-0.1074,0.0000
2468,998.7,359.2,90.2270,90.2270,90.3339,-0.1069,-0.1069,0.0000
2469,1012.1,3607.0,90.2207,90.2207,90.3274,-0.1066,-0.1066,0.0000
2470,3614.8,458.8,90.2145,90.2145,90.3007,-0.0863,-0.0863,0.0000
2471,465.3,563.8,90.2082,90.2082,90.3007,-0.0925,-0.0925,0.0000
2472,569.4,347.3,90.2019,90.2019,90.2931,-0.0912,-0.0912,0.0000
2473,353.2,438.5,90.1956,90.1956,90.2931,-0.0975,-0.0975,0.0000
2474,444.4,550.0,90.1893,90.1893,90.2931,-0.1038,-0.1038,0.0000
2475,556.3,351.1,90.1831,90.1831,90.2861,-0.1030,-0.1030,0.0000
2476,994.0,385.8,90.1768,90.1768,90.2794,-0.1027,-0.1027,0.0000
2477,1003.7,522.0,90.1705,90.1705,90.2731,-0.1026,-0.1026,0.0000
2478,993.1,340.5,90.1642,90.1642,90.2665,-0.1023,-0.1023,0.0000
2479,985.9,344.2,90.1579,90.1579,90.2603,-0.1023,-0.1023,0.0000
2480,997.6,1636.8,90.1517,90.1517,90.2535,-0.1019,-0.1019,0.0000
2481,1639.5,291.1,90.1454,90.1454,90.2385,-0.0931,-0.0931,0.0000
2482,359.4,320.2,90.1391,90.1391,90.2385,-0.0994,-0.0994,0.0000
2483,1001.5,323.7,90.1328,90.1328,90.2314,-0.0986,-0.0986,0.0000
2484,995.4,320.1,90.1265,90.1265,90.2245,-0.0979,-0.0979,0.0000
2485,1000.4,331.6,90.1202,90.1202,90.2176,-0.0973,-0.0973,0.0000
2486,1005.7,333.1,90.1140,90.1140,90.2103,-0.0963,-0.0963,0.0000
2487,1005.4,1383.2,90.1077,90.1077,90.2036,-0.0959,-0.0959,0.0000
2488,1391.7,364.8,90.1014,90.1014,90.1971,-0.0957,-0.0957,0.0000
2489,601.4,335.4,90.0951,90.0951,90.1909,-0.0958,-0.0958,0.0000
2490,996.8,362.4,90.0888,90.0888,90.1847,-0.0959,-0.0959,0.0000
2491,1006.1,351.1,90.0825,90.0825,90.1791,-0.0965,-0.0965,0.0000
2492,994.5,351.0,90.0763,90.0763,90.1733,-0.0971,-0.0971,0.0000
2493,998.3,356.2,90.0700,90.0700,90.1676,-0.0976,-0.0976,0.0000
2494,1000.7,344.1,90.0637,90.0637,90.1612,-0.0975,-0.0975,0.0000
2495,1003.9,315.0,90.0574,90.0574,90.1553,-0.0979,-0.0979,0.0000
2496,1016.0,322.2,90.0511,90.0511,90.1493,-0.0982,-0.0982,0.0000
2497,980.0,332.8,90.0449,90.0449,90.1434,-0.0986,-0.0986,0.0000
2498,1001.1,328.2,90.0386,90.0386,90.1371,-0.0986,-0.0986,0.0000
2499,1004.7,348.0,90.0323,90.0323,90.1313,-0.0990,-0.0990,0.0000
2500,996.1,353.9,90.0260,90.0260,90.1254,-0.0994,-0.0994,0.0000
2501,1001.4,331.8,90.0197,90.0197,90.1193,-0.0996,-0.0996,0.0000
2502,997.8,322.3,90.0134,90.0134,90.1127,-0.0993,-0.0993,0.0000
2503,1020.0,324.9,90.0072,90.0072,90.1068,-0.0996,-0.0996,0.0000
2504,976.8,328.1,90.0009,90.0009,90.1008,-0.1000,-0.1000,0.0000
2505,1015.5,332.7,89.9946,89.9946,90.0950,-0.1004,-0.1004,0.0000
2506,985.1,355.1,89.9883,89.9883,90.0886,-0.1003,-0.1003,0.0000
2507,1002.5,319.7,89.9820,89.9820,90.0827,-0.1007,-0.1007,0.0000
2508,1012.7,335.8,89.9757,89.9757,90.0768,-0.1011,-0.1011,0.0000
2509,984.9,366.7,89.9695,89.9695,90.0708,-0.1013,-0.1013,0.0000
2510,998.4,348.4,89.9632,89.9632,90.0644,-0.1013,-0.1013,0.0000
2511,1006.8,338.8,89.9569,89.9569,90.0587,-0.1018,-0.1018,0.0000
2512,996.2,361.9,89.9506,89.9506,90.0530,-0.1024,-0.1024,0.0000
2513,1002.8,345.8,89.9443,89.9443,90.0471,-0.1028,-0.1028,0.0000
2514,1033.5,497.2,89.9380,89.9380,90.0407,-0.1026,-0.1026,0.0000
2515,967.0,366.0,89.9318,89.9318,90.0343,-0.1026,-0.1026,0.0000
2516,1012.4,345.1,89.9255,89.9255,90.0277,-0.1023,-0.1023,0.0000
2517,985.7,356.6,89.9192,89.9192,90.0212,-0.1020,-0.1020,0.0000
2518,1006.6,344.9,89.9129,89.9129,90.0142,-0.1013,-0.1013,0.0000
2519,1019.4,340.5,89.9066,89.9066,90.0076,-0.1009,-0.1009,0.0000
2520,996.5,349.8,89.9004,89.9004,90.0008,-0.1005,-0.1005,0.0000
2521,990.5,355.3,89.8941,89.8941,89.9939,-0.0999,-0.0999,0.0000
2522,1005.5,340.6,89.8878,89.8878,89.9864,-0.0986,-0.0986,0.0000
2523,994.0,360.7,89.8815,89.8815,89.9792,-0.0977,-0.0977,0.0000
2524,1012.3,658.2,89.8752,89.8752,89.9723,-0.0970,-0.0970,0.0000
2525,1004.8,350.7,89.8689,89.8689,89.9654,-0.0965,-0.0965,0.0000
2526,986.7,358.1,89.8627,89.8627,89.9581,-0.0955,-0.0955,0.0000
2527,991.8,361.7,89.8564,89.8564,89.9513,-0.0949,-0.0949,0.0000
2528,999.8,344.5,89.8501,89.8501,89.9445,-0.0943,-0.0943,0.0000
2529,1000.0,351.6,89.8438,89.8438,89.9377,-0.0939,-0.0939,0.0000
2530,1009.1,340.2,89.8376,89.8376,89.9306,-0.0930,-0.0930,0.0000
2531,992.7,333.7,89.8313,89.8313,89.9242,-0.0929,-0.0929,0.0000
2532,1007.9,354.7,89.8250,89.8250,89.9179,-0.0929,-0.0929,0.0000
2533,991.3,356.8,89.8187,89.8187,89.9118,-0.0931,-0.0931,0.0000
2534,1003.1,365.6,89.8124,89.8124,89.9051,-0.0927,-0.0927,0.0000
2535,1003.5,325.7,89.8062,89.8062,89.8988,-0.0926,-0.0926,0.0000
2536,991.1,336.4,89.7999,89.7999,89.8925,-0.0926,-0.0926,0.0000
2537,1000.9,328.6,89.7936,89.7936,89.8864,-0.0927,-0.0927,0.0000
2538,993.6,384.7,89.7873,89.7873,89.8798,-0.0925,-0.0925,0.0000
2539,1029.3,346.1,89.7811,89.7811,89.8737,-0.0927,-0.0927,0.0000
2540,983.8,356.7,89.7748,89.7748,89.8676,-0.0928,-0.0928,0.0000
2541,1011.5,352.3,89.7685,89.7685,89.8613,-0.0928,-0.0928,0.0000
2542,989.5,358.2,89.7622,89.7622,89.8551,-0.0928,-0.0928,0.0000
2543,1005.7,322.8,89.7560,89.7560,89.8485,-0.0926,-0.0926,0.0000
2544,992.0,339.6,89.7497,89.7497,89.8425,-0.0928,-0.0928,0.0000
2545,999.3,327.7,89.7434,89.7434,89.8365,-0.0931,-0.0931,0.0000
2546,1016.6,339.2,89.7371,89.7371,89.8300,-0.0929,-0.0929,0.0000
2547,984.1,371.7,89.7309,89.7309,89.8240,-0.0931,-0.0931,0.0000
2548,996.5,324.6,89.7246,89.7246,89.8179,-0.0934,-0.0934,0.0000
2549,1006.6,345.0,89.7183,89.7183,89.8121,-0.0938,-0.0938,0.0000
2550,1006.1,326.3,89.7120,89.7121,89.8060,-0.0939,-0.0939,0.0000
2551,988.5,350.2,89.7058,89.7058,89.8006,-0.0948,-0.0948,0.0000
2552,1000.1,328.6,89.6995,89.6995,89.7953,-0.0958,-0.0958,0.0000
2553,998.4,363.9,89.6932,89.6932,89.7900,-0.0967,-0.0967,0.0000
2554,1011.0,351.0,89.6870,89.6870,89.7841,-0.0971,-0.0971,0.0000
2555,993.1,342.6,89.6807,89.6807,89.7783,-0.0976,-0.0976,0.0000
2556,1000.8,357.1,89.6744,89.6744,89.7726,-0.0982,-0.0982,0.0000
2557,1029.5,335.1,89.6682,89.6682,89.7669,-0.0988,-0.0988,0.0000
2558,983.4,331.2,89.6619,89.6619,89.7609,-0.0990,-0.0990,0.0000
2559,986.8,342.3,89.6556,89.6556,89.7553,-0.0997,-0.0997,0.0000
2560,1001.1,327.4,89.6494,89.6494,89.7497,-0.1003,-0.1003,0.0000
2561,994.2,338.8,89.6431,89.6431,89.7437,-0.1006,-0.1005,0.0000
2562,1008.8,396.8,89.6368,89.6368,89.7370,-0.1002,-0.1002,0.0000
2563,997.3,342.3,89.6306,89.6306,89.7306,-0.1000,-0.1000,0.0000
2564,1005.1,344.8,89.6243,89.6243,89.7242,-0.0999,-0.0999,0.0000
2565,994.9,378.4,89.6180,89.6181,89.7178,-0.0997,-0.0997,0.0000
2566,1010.5,366.2,89.6118,89.6118,89.7108,-0.0990,-0.0990,0.0000
2567,988.3,354.1,89.6055,89.6055,89.7043,-0.0988,-0.0988,0.0000
2568,1000.0,361.4,89.5993,89.5993,89.6980,-0.0988,-0.0988,0.0000
2569,995.6,340.8,89.5930,89.5930,89.6917,-0.0987,-0.0987,0.0000
2570,1012.9,325.5,89.5867,89.5868,89.6848,-0.0981,-0.0981,0.0000
2571,991.5,334.4,89.5805,89.5805,89.6786,-0.0981,-0.0981,0.0000
2572,998.8,341.0,89.5742,89.5742,89.6725,-0.0983,-0.0983,0.0000
2573,996.7,333.1,89.5680,89.5680,89.6666,-0.0986,-0.0986,0.0000
2574,1008.2,362.4,89.5617,89.5617,89.6603,-0.0985,-0.0985,0.0000
2575,993.9,343.9,89.5555,89.5555,89.6544,-0.0989,-0.0989,0.0000
2576,999.6,359.4,89.5492,89.5492,89.6483,-0.0991,-0.0991,0.0000
2577,1039.4,374.4,89.5430,89.5430,89.6421,-0.0992,-0.0991,0.0000
2578,971.6,348.1,89.5367,89.5367,89.6353,-0.0986,-0.0986,0.0000
2579,989.6,365.3,89.5304,89.5305,89.6289,-0.0985,-0.0985,0.0000
2580,999.3,350.4,89.5242,89.5242,89.6226,-0.0984,-0.0984,0.0000
2581,1014.3,350.6,89.5179,89.5180,89.6163,-0.0984,-0.0984,0.0000
2582,995.9,357.7,89.5117,89.5117,89.6094,-0.0977,-0.0977,0.0000
2583,997.7,373.2,89.5054,89.5055,89.6028,-0.0974,-0.0974,0.0000
2584,1010.9,1523.3,89.4992,89.4992,89.5962,-0.0970,-0.0970,0.0000
2585,1530.4,358.6,89.4929,89.4930,89.5832,-0.0902,-0.0902,0.0000
2586,454.3,329.1,89.4867,89.4867,89.5832,-0.0965,-0.0965,0.0000
2587,1000.6,331.5,89.4805,89.4805,89.5762,-0.0957,-0.0957,0.0000
2588,1010.7,356.7,89.4742,89.4742,89.5696,-0.0954,-0.0954,0.0000
2589,986.0,375.2,89.4680,89.4680,89.5631,-0.0952,-0.0952,0.0000
2590,1006.5,355.4,89.4617,89.4617,89.5563,-0.0946,-0.0946,0.0000
2591,991.1,376.0,89.4555,89.4555,89.5502,-0.0947,-0.0947,0.0000
2592,1009.8,344.8,89.4492,89.4493,89.5442,-0.0950,-0.0950,0.0000
2593,989.6,341.3,89.4430,89.4430,89.5383,-0.0953,-0.0953,0.0000
2594,999.7,397.2,89.4368,89.4368,89.5321,-0.0953,-0.0953,0.0000
2595,1021.6,388.6,89.4305,89.4305,89.5262,-0.0957,-0.0957,0.0000
2596,987.3,385.3,89.4243,89.4243,89.5203,-0.0960,-0.0960,0.0000
2597,999.4,388.3,89.4180,89.4181,89.5143,-0.0963,-0.0962,0.0000
2598,998.0,370.0,89.4118,89.4118,89.5076,-0.0958,-0.0958,0.0000
2599,1006.9,350.6,89.4056,89.4056,89.5018,-0.0962,-0.0962,0.0000
2600,984.7,420.6,89.3993,89.3994,89.4960,-0.0967,-0.0967,0.0000
2601,1004.8,381.2,89.3931,89.3931,89.4905,-0.0974,-0.0974,0.0000
2602,1007.3,355.9,89.3869,89.3869,89.4840,-0.0972,-0.0972,0.0000
2603,1003.1,377.1,89.3806,89.3807,89.4778,-0.0972,-0.0972,0.0000
2604,1024.1,374.7,89.3744,89.3744,89.4718,-0.0974,-0.0974,0.0000
2605,960.4,350.7,89.3682,89.3682,89.4658,-0.0977,-0.0976,0.0000
2606,993.8,529.7,89.3620,89.3620,89.4594,-0.0975,-0.0974,0.0000
2607,1006.4,331.3,89.3557,89.3558,89.4533,-0.0976,-0.0976,0.0000
2608,994.2,333.4,89.3495,89.3495,89.4471,-0.0976,-0.0976,0.0000
2609,1005.2,342.9,89.3433,89.3433,89.4408,-0.0976,-0.0975,0.0000
2610,994.0,329.3,89.3370,89.3371,89.4330,-0.0960,-0.0959,0.0000
2611,1018.0,322.7,89.3308,89.3309,89.4277,-0.0969,-0.0968,0.0000
2612,981.4,339.3,89.3246,89.3246,89.4205,-0.0959,-0.0959,0.0000
2613,1002.3,329.0,89.3184,89.3184,89.4140,-0.0956,-0.0955,0.0000
2614,1015.4,365.8,89.3122,89.3122,89.4081,-0.0960,-0.0959,0.0000
2615,994.2,402.4,89.3059,89.3060,89.4022,-0.0963,-0.0963,0.0000
2616,992.7,391.8,89.2997,89.2998,89.3971,-0.0974,-0.0973,0.0000
2617,994.0,428.6,89.2935,89.2935,89.3908,-0.0973,-0.0972,0.0000
2618,1004.6,424.6,89.2873,89.2873,89.3829,-0.0956,-0.0956,0.0000
2619,998.5,398.0,89.2811,89.2811,89.3764,-0.0954,-0.0953,0.0000
2620,1018.9,404.1,89.2749,89.2749,89.3701,-0.0952,-0.0952,0.0000
2621,996.5,364.5,89.2687,89.2687,89.3632,-0.0945,-0.0945,0.0000
2622,1008.8,344.0,89.2625,89.2625,89.3567,-0.0943,-0.0942,0.0000
2623,1021.2,329.0,89.2562,89.2563,89.3503,-0.0940,-0.0940,0.0000
2624,985.1,359.2,89.2500,89.2501,89.3437,-0.0937,-0.0936,0.0000
2625,987.6,352.6,89.2438,89.2439,89.3370,-0.0932,-0.0932,0.0000
2626,996.3,366.0,89.2376,89.2377,89.3299,-0.0923,-0.0922,0.0000
2627,995.2,406.0,89.2314,89.2315,89.3233,-0.0919,-0.0919,0.0000
2628,1008.3,338.6,89.2252,89.2253,89.3167,-0.0914,-0.0914,0.0000
2629,997.9,336.2,89.2190,89.2191,89.3100,-0.0909,-0.0909,0.0000
2630,994.7,347.4,89.2128,89.2129,89.3100,-0.0971,-0.0971,0.0000
2631,990.1,356.8,89.2066,89.2067,89.3028,-0.0962,-0.0962,0.0000
2632,1014.2,319.8,89.2004,89.2005,89.2964,-0.0960,-0.0960,0.0000
2633,993.6,364.3,89.1942,89.1943,89.2903,-0.0961,-0.0960,0.0000
2634,1004.8,379.1,89.1880,89.1881,89.2842,-0.0961,-0.0961,0.0000
2635,999.2,358.6,89.1818,89.1819,89.2776,-0.0957,-0.0957,0.0000
2636,1001.4,360.9,89.1756,89.1757,89.2714,-0.0957,-0.0957,0.0000
2637,998.3,340.9,89.1695,89.1695,89.2650,-0.0956,-0.0955,0.0000
2638,997.1,335.5,89.1633,89.1633,89.2583,-0.0950,-0.0950,0.0000
2639,999.2,357.3,89.1571,89.1571,89.2521,-0.0950,-0.0949,0.0000
2640,1081.0,365.0,89.1509,89.1509,89.2460,-0.0951,-0.0950,0.0000
2641,936.1,409.7,89.1447,89.1447,89.2399,-0.0952,-0.0952,0.0000
2642,983.7,370.2,89.1385,89.1386,89.2333,-0.0948,-0.0947,0.0001
2643,1000.3,368.2,89.1323,89.1324,89.2270,-0.0947,-0.0946,0.0001
2644,1021.0,347.1,89.1262,89.1262,89.2207,-0.0946,-0.0945,0.0001
2645,980.7,345.9,89.1200,89.1200,89.2146,-0.0947,-0.0946,0.0001
2646,989.1,321.8,89.1138,89.1138,89.2086,-0.0948,-0.0948,0.0001
2647,1014.7,404.0,89.1076,89.1077,89.2023,-0.0946,-0.0946,0.0001
2648,996.4,349.7,89.1014,89.1015,89.1965,-0.0950,-0.0950,0.0001
2649,1000.0,364.3,89.0953,89.0953,89.1909,-0.0957,-0.0956,0.0001
2650,1006.7,355.7,89.0891,89.0892,89.1852,-0.0961,-0.0960,0.0001
2651,996.8,394.8,89.0829,89.0830,89.1790,-0.0961,-0.0961,0.0001
2652,996.6,346.2,89.0768,89.0768,89.1734,-0.0967,-0.0966,0.0001
2653,1000.9,390.4,89.0706,89.0706,89.1679,-0.0973,-0.0972,0.0001
2654,1005.8,388.2,89.0644,89.0645,89.1625,-0.0981,-0.0980,0.0001
2655,989.3,367.6,89.0583,89.0583,89.1567,-0.0985,-0.0984,0.0001
2656,1043.0,356.7,89.0521,89.0522,89.1512,-0.0991,-0.0991,0.0001
2657,961.5,380.3,89.0459,89.0460,89.1456,-0.0996,-0.0996,0.0001
2658,989.5,363.8,89.0398,89.0398,89.1397,-0.1000,-0.0999,0.0001
2659,1009.6,376.9,89.0336,89.0337,89.1334,-0.0997,-0.0997,0.0001
2660,999.8,396.7,89.0275,89.0275,89.1274,-0.0999,-0.0999,0.0001
2661,1020.9,349.8,89.0213,89.0214,89.1213,-0.1000,-0.0999,0.0001
2662,984.6,354.3,89.0151,89.0152,89.1150,-0.0998,-0.0998,0.0001
2663,995.5,370.9,89.0090,89.0091,89.1083,-0.0993,-0.0992,0.0001
2664,1005.3,354.0,89.0028,89.0029,89.1020,-0.0991,-0.0991,0.0001
2665,998.4,393.3,88.9967,88.9968,89.0955,-0.0988,-0.0987,0.0001
2666,992.0,375.8,88.9905,88.9906,89.0891,-0.0986,-0.0985,0.0001
2667,999.9,342.8,88.9844,88.9845,89.0822,-0.0978,-0.0977,0.0001
2668,1004.2,341.2,88.9782,88.9783,89.0757,-0.0975,-0.0974,0.0001
2669,998.7,382.4,88.9721,88.9722,89.0692,-0.0971,-0.0970,0.0001
2670,1015.2,339.6,88.9660,88.9660,89.0621,-0.0962,-0.0961,0.0001
2671,1006.8,1387.7,88.9598,88.9599,89.0554,-0.0956,-0.0955,0.0001
2672,1396.6,391.8,88.9537,88.9538,89.0488,-0.0951,-0.0951,0.0001
2673,589.7,348.4,88.9476,88.9476,89.0424,-0.0948,-0.0948,0.0001
2674,1001.2,362.7,88.9414,88.9415,89.0357,-0.0943,-0.0942,0.0001
2675,993.7,344.2,88.9353,88.9354,89.0295,-0.0942,-0.0942,0.0001
2676,987.7,366.0,88.9292,88.9292,89.0231,-0.0940,-0.0939,0.0001
2677,1006.3,364.7,88.9230,88.9231,89.0166,-0.0936,-0.0935,0.0001
2678,997.8,345.6,88.9169,88.9170,89.0095,-0.0926,-0.0925,0.0001
2679,996.1,388.7,88.9108,88.9109,89.0029,-0.0922,-0.0921,0.0001
2680,998.8,383.1,88.9046,88.9047,88.9964,-0.0918,-0.0917,0.0001
2681,1004.2,387.0,88.8985,88.8986,88.9902,-0.0916,-0.0916,0.0001
2682,994.0,394.4,88.8924,88.8925,88.9835,-0.0911,-0.0910,0.0001
2683,1002.4,395.7,88.8863,88.8864,88.9771,-0.0908,-0.0907,0.0001
2684,997.6,389.5,88.8802,88.8803,88.9706,-0.0904,-0.0904,0.0001
2685,1003.5,378.7,88.8741,88.8741,88.9641,-0.0900,-0.0899,0.0001
2686,996.1,419.8,88.8679,88.8680,88.9572,-0.0893,-0.0892,0.0001
2687,1024.8,326.2,88.8618,88.8619,88.9509,-0.0891,-0.0890,0.0001
2688,990.0,374.5,88.8557,88.8558,88.9449,-0.0892,-0.0891,0.0001
2689,995.7,406.2,88.8496,88.8497,88.9389,-0.0893,-0.0892,0.0001
2690,1011.3,377.6,88.8435,88.8436,88.9324,-0.0889,-0.0889,0.0001
2691,1114.3,380.4,88.8374,88.8375,88.9265,-0.0891,-0.0890,0.0001
2692,890.8,747.4,88.8313,88.8314,88.9208,-0.0895,-0.0894,0.0001
2693,1026.3,383.9,88.8252,88.8253,88.9156,-0.0904,-0.0903,0.0001
2694,963.6,348.2,88.8191,88.8192,88.9101,-0.0910,-0.0909,0.0001
2695,1014.7,360.3,88.8130,88.8131,88.9051,-0.0921,-0.0920,0.0001
2696,998.5,362.3,88.8069,88.8070,88.9000,-0.0931,-0.0930,0.0001
2697,997.4,524.0,88.8008,88.8009,88.8949,-0.0941,-0.0940,0.0001
2698,1009.1,329.7,88.7947,88.7948,88.8892,-0.0945,-0.0944,0.0001
2699,985.5,342.4,88.7886,88.7887,88.8838,-0.0952,-0.0951,0.0001
2700,988.5,345.2,88.7826,88.7827,88.8783,-0.0957,-0.0956,0.0001
2701,1007.2,346.4,88.7765,88.7766,88.8728,-0.0964,-0.0963,0.0001
2702,994.2,333.4,88.7704,88.7705,88.8669,-0.0965,-0.0964,0.0001
2703,998.4,363.1,88.7643,88.7644,88.8613,-0.0970,-0.0969,0.0001
2704,999.4,355.6,88.7582,88.7583,88.8554,-0.0972,-0.0971,0.0001
2705,1007.7,359.9,88.7521,88.7523,88.8493,-0.0972,-0.0971,0.0001
2706,991.7,379.3,88.7461,88.7462,88.8427,-0.0966,-0.0965,0.0001
2707,1007.9,357.2,88.7400,88.7401,88.8365,-0.0965,-0.0964,0.0001
2708,997.3,332.9,88.7339,88.7340,88.8303,-0.0963,-0.0962,0.0001
2709,1004.9,347.4,88.7279,88.7280,88.8239,-0.0960,-0.0959,0.0001
2710,993.4,346.6,88.7218,88.7219,88.8169,-0.0951,-0.0950,0.0001
2711,1023.0,372.1,88.7157,88.7158,88.8103,-0.0946,-0.0945,0.0001
2712,989.8,388.6,88.7097,88.7098,88.8038,-0.0942,-0.0940,0.0001
2713,997.6,369.2,88.7036,88.7037,88.7973,-0.0937,-0.0936,0.0001
2714,993.6,375.1,88.6975,88.6977,88.7904,-0.0929,-0.0927,0.0001
2715,1010.9,390.0,88.6915,88.6916,88.7841,-0.0926,-0.0925,0.0001
2716,994.2,435.7,88.6854,88.6856,88.7780,-0.0925,-0.0924,0.0001
2717,1002.7,365.6,88.6794,88.6795,88.7718,-0.0924,-0.0923,0.0001
2718,991.8,377.1,88.6733,88.6735,88.7648,-0.0915,-0.0913,0.0001
2719,997.1,376.0,88.6673,88.6674,88.7582,-0.0909,-0.0908,0.0001
2720,1081.1,378.3,88.6612,88.6614,88.7516,-0.0904,-0.0902,0.0001
2721,937.8,369.7,88.6552,88.6553,88.7450,-0.0898,-0.0897,0.0001
2722,985.4,389.8,88.6492,88.6493,88.7380,-0.0888,-0.0887,0.0001
2723,1017.1,398.7,88.6431,88.6432,88.7314,-0.0883,-0.0882,0.0001
2724,986.1,374.3,88.6371,88.6372,88.7248,-0.0877,-0.0876,0.0001
2725,990.8,362.4,88.6310,88.6312,88.7182,-0.0871,-0.0870,0.0001
2726,994.7,393.3,88.6250,88.6251,88.7113,-0.0863,-0.0861,0.0001
2727,1012.0,412.8,88.6190,88.6191,88.7049,-0.0859,-0.0858,0.0001
2728,993.4,362.3,88.6130,88.6131,88.6989,-0.0859,-0.0858,0.0001
2729,996.4,353.4,88.6069,88.6071,88.6927,-0.0858,-0.0856,0.0001
2730,999.8,366.5,88.6009,88.6010,88.6868,-0.0859,-0.0858,0.0001
2731,1008.9,632.2,88.5949,88.5950,88.6811,-0.0862,-0.0861,0.0001
2732,1006.6,369.7,88.5889,88.5890,88.6753,-0.0865,-0.0863,0.0001
2733,1001.2,335.2,88.5828,88.5830,88.6695,-0.0866,-0.0865,0.0001
2734,980.2,371.3,88.5768,88.5770,88.6642,-0.0873,-0.0872,0.0001
2735,1010.9,344.1,88.5708,88.5710,88.6590,-0.0882,-0.0881,0.0001
2736,997.7,377.8,88.5648,88.5649,88.6541,-0.0893,-0.0892,0.0001
2737,1009.3,342.3,88.5588,88.5589,88.6489,-0.0901,-0.0899,0.0001
2738,990.1,375.0,88.5528,88.5529,88.6437,-0.0909,-0.0908,0.0001
2739,998.3,408.2,88.5468,88.5469,88.6385,-0.0917,-0.0916,0.0001
2740,1050.7,449.4,88.5408,88.5409,88.6333,-0.0925,-0.0924,0.0001
2741,971.5,390.3,88.5348,88.5349,88.6278,-0.0930,-0.0929,0.0001
2742,983.5,352.0,88.5288,88.5289,88.6227,-0.0940,-0.0938,0.0001
2743,1136.8,276.6,88.5228,88.5230,88.6176,-0.0948,-0.0947,0.0001
2744,846.8,424.3,88.5168,88.5170,88.6125,-0.0957,-0.0955,0.0001
2745,1009.7,374.8,88.5108,88.5110,88.6068,-0.0960,-0.0959,0.0001
2746,999.4,347.9,88.5048,88.5050,88.6013,-0.0965,-0.0963,0.0001
2747,991.9,368.6,88.4989,88.4990,88.5958,-0.0970,-0.0968,0.0002
2748,1000.7,377.0,88.4929,88.4930,88.5902,-0.0973,-0.0972,0.0002
2749,1033.2,340.1,88.4869,88.4870,88.5842,-0.0973,-0.0971,0.0002
2750,982.5,346.5,88.4809,88.4811,88.5783,-0.0974,-0.0973,0.0002
2751,983.6,344.4,88.4749,88.4751,88.5725,-0.0976,-0.0975,0.0002
2752,1015.6,390.9,88.4690,88.4691,88.5666,-0.0976,-0.0974,0.0002
2753,1005.6,357.1,88.4630,88.4632,88.5600,-0.0970,-0.0968,0.0002
2754,1005.5,345.7,88.4570,88.4572,88.5537,-0.0967,-0.0965,0.0002
2755,978.3,352.3,88.4511,88.4512,88.5475,-0.0965,-0.0963,0.0002
2756,1000.4,403.2,88.4451,88.4453,88.5413,-0.0962,-0.0960,0.0002
2757,994.2,395.7,88.4391,88.4393,88.5348,-0.0957,-0.0955,0.0002
2758,1000.1,345.9,88.4332,88.4334,88.5288,-0.0956,-0.0954,0.0002
2759,1003.0,352.3,88.4272,88.4274,88.5227,-0.0954,-0.0953,0.0002
2760,995.5,351.9,88.4213,88.4214,88.5163,-0.0951,-0.0949,0.0002
2761,1013.9,330.8,88.4153,88.4155,88.5094,-0.0940,-0.0939,0.0002
2762,987.1,362.9,88.4094,88.4096,88.5029,-0.0935,-0.0933,0.0002
2763,1028.1,384.6,88.4034,88.4036,88.4965,-0.0931,-0.0929,0.0002
2764,982.8,375.5,88.3975,88.3977,88.4902,-0.0927,-0.0925,0.0002
2765,1016.0,434.8,88.3916,88.3917,88.4833,-0.0918,-0.0916,0.0002
2766,1221.0,769.7,88.3856,88.3858,88.4768,-0.0912,-0.0910,0.0002
2767,773.6,344.9,88.3797,88.3799,88.4701,-0.0904,-0.0902,0.0002
2768,1003.2,359.6,88.3738,88.3739,88.4634,-0.0897,-0.0895,0.0002
2769,998.2,359.6,88.3678,88.3680,88.4562,-0.0884,-0.0882,0.0002
2770,978.6,351.9,88.3619,88.3621,88.4496,-0.0877,-0.0876,0.0002
2771,1000.5,370.3,88.3560,88.3562,88.4432,-0.0872,-0.0870,0.0002
2772,1018.8,343.6,88.3501,88.3502,88.4368,-0.0868,-0.0866,0.0002
2773,993.4,341.1,88.3441,88.3443,88.4290,-0.0848,-0.0847,0.0002
2774,1004.1,363.1,88.3382,88.3384,88.4228,-0.0845,-0.0844,0.0002
2775,991.2,401.9,88.3323,88.3325,88.4167,-0.0844,-0.0842,0.0002
2776,995.3,390.7,88.3264,88.3266,88.4109,-0.0845,-0.0843,0.0002
2777,996.5,408.0,88.3205,88.3207,88.4050,-0.0845,-0.0843,0.0002
2778,1005.6,401.4,88.3146,88.3148,88.3997,-0.0851,-0.0849,0.0002
2779,995.1,396.9,88.3087,88.3089,88.3941,-0.0855,-0.0853,0.0002
2780,1010.4,400.7,88.3028,88.3030,88.3887,-0.0859,-0.0857,0.0002
2781,999.9,371.1,88.2969,88.2971,88.3828,-0.0859,-0.0857,0.0002
2782,1014.3,391.5,88.2910,88.2912,88.3771,-0.0861,-0.0860,0.0002
2783,986.5,369.8,88.2851,88.2853,88.3716,-0.0865,-0.0863,0.0002
2784,1001.6,379.0,88.2792,88.2794,88.3661,-0.0869,-0.0867,0.0002
2785,1003.4,380.5,88.2733,88.2735,88.3605,-0.0871,-0.0869,0.0002
2786,1004.9,377.9,88.2674,88.2676,88.3544,-0.0870,-0.0868,0.0002
2787,1161.9,311.8,88.2616,88.2618,88.3488,-0.0872,-0.0870,0.0002
2788,826.8,351.2,88.2557,88.2559,88.3431,-0.0874,-0.0872,0.0002
2789,988.8,380.7,88.2498,88.2500,88.3374,-0.0876,-0.0874,0.0002
2790,1001.7,408.4,88.2439,88.2441,88.3314,-0.0874,-0.0872,0.0002
2791,1007.2,412.3,88.2381,88.2383,88.3260,-0.0879,-0.0877,0.0002
2792,991.1,386.5,88.2322,88.2324,88.3205,-0.0883,-0.0881,0.0002
2793,1014.7,356.9,88.2263,88.2266,88.3150,-0.0887,-0.0885,0.0002
2794,997.0,333.5,88.2205,88.2207,88.3150,-0.0945,-0.0943,0.0002
2795,991.5,394.9,88.2146,88.2148,88.3090,-0.0944,-0.0942,0.0002
2796,1028.8,335.3,88.2088,88.2090,88.3035,-0.0947,-0.0945,0.0002
2797,974.9,336.6,88.2029,88.2031,88.2979,-0.0950,-0.0948,0.0002
2798,993.6,358.7,88.1971,88.1973,88.2923,-0.0952,-0.0950,0.0002
2799,1001.3,349.2,88.1912,88.1914,88.2863,-0.0951,-0.0948,0.0002
2800,1018.3,360.2,88.1854,88.1856,88.2807,-0.0953,-0.0951,0.0002
2801,989.3,352.3,88.1795,88.1798,88.2749,-0.0954,-0.0952,0.0002
2802,999.6,333.5,88.1737,88.1739,88.2691,-0.0954,-0.0952,0.0002
2803,1001.6,352.2,88.1679,88.1681,88.2628,-0.0949,-0.0947,0.0002
2804,1005.9,352.3,88.1620,88.1623,88.2567,-0.0947,-0.0945,0.0002
2805,989.2,355.2,88.1562,88.1564,88.2506,-0.0944,-0.0942,0.0002
2806,1009.6,346.4,88.1504,88.1506,88.2445,-0.0941,-0.0939,0.0002
2807,1004.8,374.1,88.1446,88.1448,88.2381,-0.0935,-0.0933,0.0002
2808,1044.8,333.2,88.1387,88.1390,88.2320,-0.0933,-0.0930,0.0002
2809,945.8,376.0,88.1329,88.1332,88.2257,-0.0928,-0.0926,0.0002
2810,1001.4,360.8,88.1271,88.1273,88.2193,-0.0922,-0.0920,0.0002
2811,990.6,368.5,88.1213,88.1215,88.2123,-0.0910,-0.0908,0.0002
2812,999.4,366.8,88.1155,88.1157,88.2060,-0.0905,-0.0903,0.0002
2813,1014.0,374.8,88.1097,88.1099,88.1998,-0.0902,-0.0899,0.0002
2814,995.1,359.4,88.1039,88.1041,88.1937,-0.0898,-0.0896,0.0002
2815,991.4,814.4,88.0981,88.0983,88.1871,-0.0890,-0.0888,0.0002
2816,998.4,380.2,88.0923,88.0925,88.1809,-0.0886,-0.0883,0.0002
2817,1001.9,339.2,88.0865,88.0867,88.1748,-0.0883,-0.0880,0.0002
2818,1000.5,333.5,88.0807,88.0810,88.1687,-0.0880,-0.0877,0.0002
2819,1003.9,354.5,88.0749,88.0752,88.1622,-0.0873,-0.0870,0.0002
2820,994.5,375.6,88.0691,88.0694,88.1562,-0.0871,-0.0869,0.0003
2821,1004.1,372.2,88.0634,88.0636,88.1506,-0.0873,-0.0870,0.0003
2822,997.8,354.5,88.0576,88.0578,88.1450,-0.0874,-0.0871,0.0003
2823,995.9,364.6,88.0518,88.0521,88.1388,-0.0870,-0.0868,0.0003
2824,1012.5,387.8,88.0460,88.0463,88.1331,-0.0870,-0.0868,0.0003
2825,992.8,371.9,88.0403,88.0405,88.1273,-0.0870,-0.0868,0.0003
2826,995.4,342.3,88.0345,88.0348,88.1214,-0.0869,-0.0866,0.0003
2827,999.8,387.3,88.0287,88.0290,88.1152,-0.0865,-0.0862,0.0003
2828,1003.0,401.2,88.0230,88.0232,88.1096,-0.0866,-0.0863,0.0003
2829,1003.0,390.7,88.0172,88.0175,88.1039,-0.0867,-0.0864,0.0003
2830,999.0,399.2,88.0115,88.0117,88.0982,-0.0867,-0.0864,0.0003
2831,995.8,426.4,88.0057,88.0060,88.0925,-0.0867,-0.0865,0.0003
2832,999.8,604.2,88.0000,88.0002,88.0862,-0.0862,-0.0859,0.0003
2833,1023.6,342.6,87.9942,87.9945,88.0805,-0.0862,-0.0860,0.0003
2834,997.8,343.7,87.9885,87.9888,88.0749,-0.0864,-0.0861,0.0003
2835,992.4,331.1,87.9828,87.9830,88.0689,-0.0862,-0.0859,0.0003
2836,990.5,501.6,87.9770,87.9773,88.0635,-0.0864,-0.0862,0.0003
2837,999.2,351.0,87.9713,87.9716,88.0578,-0.0866,-0.0863,0.0003
2838,999.4,334.3,87.9656,87.9658,88.0523,-0.0867,-0.0864,0.0003
2839,1000.3,359.9,87.9598,87.9601,88.0465,-0.0867,-0.0864,0.0003
2840,996.9,371.4,87.9541,87.9544,88.0412,-0.0871,-0.0868,0.0003
2841,1001.1,667.3,87.9484,87.9487,88.0363,-0.0879,-0.0876,0.0003
2842,1004.8,393.8,87.9427,87.9430,88.0314,-0.0887,-0.0884,0.0003
2843,994.7,409.6,87.9370,87.9373,88.0261,-0.0891,-0.0888,0.0003
2844,1000.1,393.0,87.9313,87.9316,88.0211,-0.0898,-0.0895,0.0003
2845,999.9,358.2,87.9256,87.9259,88.0160,-0.0905,-0.0902,0.0003
2846,1011.2,362.0,87.9199,87.9202,88.0108,-0.0909,-0.0906,0.0003
2847,1016.0,348.3,87.9142,87.9145,88.0049,-0.0907,-0.0905,0.0003
2848,986.5,395.8,87.9085,87.9088,87.9994,-0.0909,-0.0906,0.0003
2849,1004.7,390.6,87.9028,87.9031,87.9940,-0.0912,-0.0909,0.0003
2850,994.1,357.4,87.8971,87.8974,87.9886,-0.0915,-0.0912,0.0003
2851,1014.2,375.5,87.8914,87.8917,87.9832,-0.0918,-0.0915,0.0003
2852,973.5,407.8,87.8857,87.8860,87.9773,-0.0915,-0.0912,0.0003
2853,1000.0,400.4,87.8801,87.8804,87.9715,-0.0914,-0.0911,0.0003
2854,1001.3,413.0,87.8744,87.8747,87.9655,-0.0911,-0.0908,0.0003
2855,995.9,362.0,87.8687,87.8690,87.9589,-0.0902,-0.0899,0.0003
2856,1004.2,393.3,87.8631,87.8634,87.9527,-0.0896,-0.0893,0.0003
2857,1003.7,400.4,87.8574,87.8577,87.9463,-0.0889,-0.0886,0.0003
2858,993.1,356.2,87.8517,87.8520,87.9403,-0.0885,-0.0882,0.0003
2859,1000.7,402.9,87.8461,87.8464,87.9344,-0.0883,-0.0880,0.0003
2860,998.8,403.9,87.8404,87.8407,87.9279,-0.0875,-0.0872,0.0003
2861,1011.1,355.9,87.8348,87.8351,87.9217,-0.0870,-0.0867,0.0003
2862,1021.8,391.7,87.8291,87.8294,87.9155,-0.0864,-0.0861,0.0003
2863,998.1,1023.8,87.8235,87.8238,87.9033,-0.0798,-0.0795,0.0003
2864,1031.8,320.4,87.8178,87.8182,87.9033,-0.0855,-0.0852,0.0003
2865,949.2,381.2,87.8122,87.8125,87.8977,-0.0854,-0.0851,0.0003
2866,1010.0,413.1,87.8066,87.8069,87.8920,-0.0855,-0.0851,0.0003
2867,1006.6,350.4,87.8009,87.8013,87.8860,-0.0851,-0.0848,0.0003
2868,992.5,346.3,87.7953,87.7957,87.8804,-0.0851,-0.0847,0.0003
2869,996.0,418.3,87.7897,87.7900,87.8745,-0.0848,-0.0845,0.0003
2870,1010.3,354.0,87.7841,87.7844,87.8681,-0.0840,-0.0836,0.0003
2871,980.0,370.8,87.7785,87.7788,87.8622,-0.0837,-0.0834,0.0003
2872,994.2,401.4,87.7729,87.7732,87.8563,-0.0835,-0.0831,0.0003
2873,1005.8,411.2,87.7673,87.7676,87.8506,-0.0833,-0.0830,0.0003
2874,1006.5,466.6,87.7616,87.7620,87.8442,-0.0826,-0.0822,0.0003
2875,997.3,398.1,87.7560,87.7564,87.8382,-0.0821,-0.0818,0.0003
2876,1008.6,367.0,87.7505,87.7508,87.8321,-0.0817,-0.0813,0.0003
2877,991.7,376.9,87.7449,87.7452,87.8260,-0.0812,-0.0808,0.0003
2878,1000.7,403.0,87.7393,87.7396,87.8197,-0.0804,-0.0801,0.0003
2879,997.7,378.0,87.7337,87.7340,87.8139,-0.0802,-0.0798,0.0003
2880,1011.5,377.3,87.7281,87.7285,87.8081,-0.0800,-0.0797,0.0004
2881,992.1,377.9,87.7225,87.7229,87.8025,-0.0800,-0.0796,0.0004
2882,998.5,369.9,87.7169,87.7173,87.7964,-0.0794,-0.0791,0.0004
2883,1011.1,362.2,87.7114,87.7117,87.7907,-0.0793,-0.0789,0.0004
2884,996.5,381.1,87.7058,87.7062,87.7850,-0.0792,-0.0789,0.0004
2885,992.3,397.0,87.7002,87.7006,87.7796,-0.0793,-0.0790,0.0004
2886,1007.4,363.1,87.6947,87.6950,87.7740,-0.0794,-0.0790,0.0004
2887,989.7,386.1,87.6891,87.6895,87.7690,-0.0799,-0.0795,0.0004
2888,996.0,367.2,87.6836,87.6839,87.7642,-0.0807,-0.0803,0.0004
2889,998.8,415.8,87.6780,87.6784,87.7593,-0.0812,-0.0809,0.0004
2890,1226.1,400.0,87.6725,87.6729,87.7538,-0.0813,-0.0809,0.0004
2891,784.5,451.9,87.6669,87.6673,87.7485,-0.0815,-0.0812,0.0004
2892,1015.2,433.0,87.6614,87.6618,87.7432,-0.0818,-0.0814,0.0004
2893,995.6,413.7,87.6559,87.6562,87.7380,-0.0821,-0.0818,0.0004
2894,984.7,445.3,87.6503,87.6507,87.7327,-0.0823,-0.0820,0.0004
2895,999.3,467.6,87.6448,87.6452,87.7277,-0.0829,-0.0825,0.0004
2896,999.7,415.8,87.6393,87.6397,87.7227,-0.0835,-0.0831,0.0004
2897,1007.3,422.3,87.6338,87.6342,87.7177,-0.0839,-0.0835,0.0004
2898,992.3,400.6,87.6283,87.6286,87.7121,-0.0839,-0.0835,0.0004
2899,999.8,433.8,87.6227,87.6231,87.7067,-0.0840,-0.0836,0.0004
2900,1061.9,407.0,87.6172,87.6176,87.7014,-0.0842,-0.0838,0.0004
2901,954.0,371.5,87.6117,87.6121,87.6962,-0.0844,-0.0840,0.0004
2902,984.2,467.0,87.6062,87.6066,87.6904,-0.0842,-0.0838,0.0004
2903,1060.6,345.7,87.6007,87.6011,87.6851,-0.0843,-0.0840,0.0004
2904,949.9,398.1,87.5952,87.5956,87.6799,-0.0847,-0.0843,0.0004
2905,1014.0,360.4,87.5898,87.5901,87.6746,-0.0849,-0.0845,0.0004
2906,987.3,372.1,87.5843,87.5847,87.6688,-0.0845,-0.0841,0.0004
2907,991.5,388.3,87.5788,87.5792,87.6633,-0.0846,-0.0842,0.0004
2908,1014.9,377.9,87.5733,87.5737,87.6578,-0.0845,-0.0841,0.0004
2909,1244.0,312.4,87.5678,87.5682,87.6523,-0.0845,-0.0841,0.0004
2910,756.5,402.3,87.5624,87.5628,87.6467,-0.0843,-0.0839,0.0004
2911,992.5,403.9,87.5569,87.5573,87.6415,-0.0846,-0.0842,0.0004
2912,1014.2,348.4,87.5514,87.5518,87.6364,-0.0850,-0.0846,0.0004
2913,974.6,409.1,87.5460,87.5464,87.6313,-0.0854,-0.0849,0.0004
2914,1000.1,412.8,87.5405,87.5409,87.6257,-0.0852,-0.0848,0.0004
2915,992.4,444.1,87.5351,87.5355,87.6205,-0.0854,-0.0850,0.0004
2916,999.0,435.3,87.5296,87.5300,87.6152,-0.0855,-0.0851,0.0004
2917,1008.4,383.4,87.5242,87.5246,87.6098,-0.0856,-0.0851,0.0004
2918,1008.6,419.9,87.5187,87.5192,87.6039,-0.0851,-0.0847,0.0004
2919,998.6,448.1,87.5133,87.5137,87.5985,-0.0852,-0.0847,0.0004
2920,1017.5,376.0,87.5079,87.5083,87.5932,-0.0853,-0.0849,0.0004
2921,986.4,412.2,87.5025,87.5029,87.5878,-0.0853,-0.0849,0.0004
2922,1001.0,396.8,87.4970,87.4975,87.5820,-0.0849,-0.0845,0.0004
2923,1005.5,431.0,87.4916,87.4921,87.5763,-0.0847,-0.0842,0.0004
2924,1045.3,385.7,87.4862,87.4866,87.5705,-0.0843,-0.0839,0.0004
2925,953.0,377.9,87.4808,87.4812,87.5648,-0.0840,-0.0836,0.0004
2926,995.2,431.2,87.4754,87.4758,87.5587,-0.0833,-0.0829,0.0004
2927,998.8,399.9,87.4700,87.4704,87.5528,-0.0829,-0.0824,0.0004
2928,1016.0,982.0,87.4646,87.4650,87.5471,-0.0825,-0.0821,0.0004
2929,986.2,338.8,87.4592,87.4596,87.5413,-0.0821,-0.0817,0.0004
2930,986.9,351.6,87.4538,87.4543,87.5349,-0.0811,-0.0807,0.0004
2931,998.1,367.3,87.4484,87.4489,87.5291,-0.0807,-0.0802,0.0004
2932,998.1,343.7,87.4430,87.4435,87.5234,-0.0803,-0.0799,0.0005
2933,1003.7,360.8,87.4377,87.4381,87.5177,-0.0800,-0.0796,0.0005
2934,998.9,370.9,87.4323,87.4327,87.5119,-0.0796,-0.0791,0.0005
2935,996.1,358.0,87.4269,87.4274,87.5067,-0.0798,-0.0793,0.0005
2936,1000.7,349.1,87.4215,87.4220,87.5016,-0.0800,-0.0796,0.0005
2937,1005.3,356.8,87.4162,87.4166,87.4963,-0.0801,-0.0797,0.0005
2938,997.3,382.7,87.4108,87.4113,87.4897,-0.0789,-0.0784,0.0005
2939,1010.0,401.9,87.4055,87.4059,87.4851,-0.0796,-0.0792,0.0005
2940,999.5,444.2,87.4001,87.4006,87.4787,-0.0786,-0.0781,0.0005
2941,986.6,414.2,87.3948,87.3953,87.4743,-0.0795,-0.0790,0.0005
2942,1011.2,404.5,87.3894,87.3899,87.4686,-0.0791,-0.0787,0.0005
2943,1022.1,347.3,87.3841,87.3846,87.4625,-0.0784,-0.0780,0.0005
2944,973.5,366.6,87.3788,87.3793,87.4574,-0.0786,-0.0781,0.0005
2945,994.1,356.7,87.3734,87.3739,87.4521,-0.0787,-0.0782,0.0005
2946,998.3,373.5,87.3681,87.3686,87.4465,-0.0784,-0.0779,0.0005
2947,1002.9,356.2,87.3628,87.3633,87.4412,-0.0784,-0.0779,0.0005
2948,1000.7,352.7,87.3575,87.3580,87.4358,-0.0783,-0.0779,0.0005
2949,996.7,364.1,87.3522,87.3527,87.4305,-0.0783,-0.0778,0.0005
2950,999.0,355.2,87.3469,87.3474,87.4248,-0.0780,-0.0775,0.0005
2951,999.8,365.9,87.3416,87.3421,87.4198,-0.0782,-0.0777,0.0005
2952,1003.6,358.9,87.3363,87.3368,87.4148,-0.0786,-0.0781,0.0005
2953,997.3,386.8,87.3310,87.3315,87.4099,-0.0790,-0.0785,0.0005
2954,1025.3,365.2,87.3257,87.3262,87.4046,-0.0789,-0.0784,0.0005
2955,987.4,371.4,87.3204,87.3209,87.3995,-0.0791,-0.0786,0.0005
2956,1010.5,396.6,87.3151,87.3156,87.3944,-0.0793,-0.0788,0.0005
2957,993.3,391.8,87.3098,87.3103,87.3894,-0.0796,-0.0791,0.0005
2958,1009.6,1478.5,87.3046,87.3051,87.3894,-0.0849,-0.0844,0.0005
2959,1485.9,337.3,87.2993,87.2998,87.3843,-0.0850,-0.0845,0.0005
2960,499.2,387.2,87.2940,87.2945,87.3796,-0.0855,-0.0850,0.0005
2961,1010.9,363.2,87.2888,87.2893,87.3749,-0.0861,-0.0856,0.0005
2962,995.9,348.6,87.2835,87.2840,87.3696,-0.0861,-0.0856,0.0005
2963,1004.8,357.1,87.2783,87.2788,87.3645,-0.0862,-0.0857,0.0005
2964,998.0,481.7,87.2730,87.2735,87.3591,-0.0861,-0.0856,0.0005
2965,994.3,365.1,87.2678,87.2683,87.3537,-0.0859,-0.0854,0.0005
2966,982.7,392.0,87.2625,87.2631,87.3478,-0.0853,-0.0847,0.0005
2967,1001.5,425.9,87.2573,87.2578,87.3424,-0.0851,-0.0845,0.0005
2968,1006.1,361.4,87.2521,87.2526,87.3368,-0.0848,-0.0842,0.0005
2969,1023.3,360.2,87.2468,87.2474,87.3314,-0.0846,-0.0840,0.0005
2970,980.0,367.1,87.2416,87.2422,87.3255,-0.0838,-0.0833,0.0005
2971,996.8,335.3,87.2364,87.2369,87.3199,-0.0835,-0.0830,0.0005
2972,996.8,363.7,87.2312,87.2317,87.3143,-0.0831,-0.0826,0.0005
2973,996.7,410.8,87.2260,87.2265,87.3086,-0.0826,-0.0820,0.0005
2974,1034.7,399.9,87.2208,87.2213,87.3024,-0.0816,-0.0811,0.0005
2975,980.3,409.0,87.2156,87.2161,87.2968,-0.0812,-0.0807,0.0005
2976,1000.8,399.9,87.2104,87.2109,87.2912,-0.0808,-0.0802,0.0005
2977,988.2,404.2,87.2052,87.2057,87.2857,-0.0805,-0.0799,0.0005
2978,1014.1,390.7,87.2000,87.2006,87.2796,-0.0795,-0.0790,0.0006
2979,994.0,527.8,87.1948,87.1954,87.2737,-0.0789,-0.0783,0.0006
2980,1018.1,379.6,87.1897,87.1902,87.2680,-0.0783,-0.0778,0.0006
2981,994.8,400.1,87.1845,87.1850,87.2623,-0.0778,-0.0772,0.0006
2982,1015.2,387.6,87.1793,87.1799,87.2566,-0.0773,-0.0767,0.0006
2983,973.0,382.2,87.1742,87.1747,87.2508,-0.0766,-0.0761,0.0006
2984,990.0,415.0,87.1690,87.1696,87.2455,-0.0765,-0.0759,0.0006
2985,1019.1,373.2,87.1638,87.1644,87.2403,-0.0765,-0.0759,0.0006
2986,985.5,396.2,87.1587,87.1593,87.2350,-0.0763,-0.0757,0.0006
2987,994.6,385.0,87.1535,87.1541,87.2291,-0.0755,-0.0750,0.0006
2988,1000.1,372.3,87.1484,87.1490,87.2235,-0.0751,-0.0745,0.0006
2989,1005.8,395.8,87.1433,87.1438,87.2179,-0.0746,-0.0740,0.0006
2990,999.7,445.8,87.1381,87.1387,87.2124,-0.0743,-0.0737,0.0006
2991,1016.0,398.7,87.1330,87.1336,87.2067,-0.0737,-0.0732,0.0006
2992,981.4,380.7,87.1279,87.1285,87.2017,-0.0738,-0.0732,0.0006
2993,996.6,429.0,87.1228,87.1234,87.1965,-0.0738,-0.0732,0.0006
2994,1000.9,384.0,87.1177,87.1182,87.1914,-0.0738,-0.0732,0.0006
2995,1004.3,428.9,87.1125,87.1131,87.1859,-0.0733,-0.0727,0.0006
2996,1016.9,360.7,87.1074,87.1080,87.1806,-0.0732,-0.0726,0.0006
2997,978.4,391.4,87.1023,87.1029,87.1754,-0.0731,-0.0725,0.0006
2998,1002.3,376.9,87.0973,87.0978,87.1703,-0.0731,-0.0725,0.0006
2999,998.3,386.9,87.0922,87.0928,87.1649,-0.0728,-0.0722,0.0006
3000,1004.0,415.4,87.0871,87.0877,87.1601,-0.0731,-0.0725,0.0006
3001,1018.2,392.1,87.0820,87.0826,87.1554,-0.0734,-0.0728,0.0006
3002,1000.9,387.4,87.0769,87.0775,87.1508,-0.0738,-0.0732,0.0006
3003,985.3,606.0,87.0718,87.0725,87.1456,-0.0738,-0.0732,0.0006
3004,1039.6,404.6,87.0668,87.0674,87.1410,-0.0742,-0.0736,0.0006
3005,975.2,407.0,87.0617,87.0623,87.1364,-0.0747,-0.0741,0.0006
3006,986.1,395.4,87.0567,87.0573,87.1320,-0.0754,-0.0747,0.0006
3007,1016.6,363.3,87.0516,87.0522,87.1272,-0.0756,-0.0750,0.0006
3008,985.8,424.8,87.0466,87.0472,87.1230,-0.0764,-0.0758,0.0006
3009,1017.0,359.8,87.0415,87.0421,87.1190,-0.0775,-0.0769,0.0006
3010,2014.9,345.4,87.0365,87.0371,87.1108,-0.0743,-0.0737,0.0006
3011,349.3,284.5,87.0314,87.0321,87.1108,-0.0793,-0.0787,0.0006
3012,618.2,415.2,87.0264,87.0270,87.1067,-0.0803,-0.0797,0.0006
3013,1000.3,370.8,87.0214,87.0220,87.1025,-0.0811,-0.0805,0.0006
3014,988.3,381.7,87.0164,87.0170,87.0982,-0.0819,-0.0812,0.0006
3015,999.0,387.2,87.0114,87.0120,87.0936,-0.0822,-0.0816,0.0006
3016,998.9,419.5,87.0063,87.0070,87.0893,-0.0829,-0.0823,0.0006
3017,1012.4,380.2,87.0013,87.0020,87.0849,-0.0835,-0.0829,0.0006
3018,3676.8,649.4,86.9963,86.9970,87.0660,-0.0697,-0.0690,0.0006
3019,655.9,264.0,86.9913,86.9920,87.0660,-0.0747,-0.0740,0.0006
3020,268.2,335.7,86.9863,86.9870,87.0611,-0.0748,-0.0741,0.0006
3021,339.6,1145.2,86.9814,86.9820,87.0611,-0.0797,-0.0791,0.0007
3022,1150.5,330.2,86.9764,86.9770,87.0557,-0.0793,-0.0787,0.0007
3023,335.2,264.7,86.9714,86.9721,87.0557,-0.0843,-0.0836,0.0007
3024,561.3,376.1,86.9664,86.9671,87.0507,-0.0843,-0.0836,0.0007
3025,999.9,372.9,86.9615,86.9621,87.0459,-0.0844,-0.0838,0.0007
3026,1002.9,370.3,86.9565,86.9572,87.0412,-0.0846,-0.0840,0.0007
3027,3908.1,569.3,86.9515,86.9522,87.0197,-0.0681,-0.0675,0.0007
3028,578.4,331.6,86.9466,86.9473,87.0197,-0.0731,-0.0724,0.0007
3029,336.4,447.3,86.9416,86.9423,87.0136,-0.0719,-0.0713,0.0007
3030,450.5,214.3,86.9367,86.9374,87.0136,-0.0769,-0.0762,0.0007
3031,217.1,261.7,86.9318,86.9324,87.0136,-0.0818,-0.0811,0.0007
3032,526.7,349.5,86.9268,86.9275,87.0079,-0.0810,-0.0803,0.0007
3033,1044.4,319.2,86.9219,86.9226,87.0023,-0.0804,-0.0798,0.0007
3034,945.4,366.0,86.9170,86.9177,86.9972,-0.0802,-0.0795,0.0007
3035,994.3,387.0,86.9121,86.9127,86.9920,-0.0800,-0.0793,0.0007
3036,1002.2,424.2,86.9071,86.9078,86.9874,-0.0803,-0.0796,0.0007
3037,3046.9,442.7,86.9022,86.9029,86.9711,-0.0688,-0.0681,0.0007
3038,449.7,326.1,86.8973,86.8980,86.9711,-0.0737,-0.0730,0.0007
3039,334.1,473.5,86.8924,86.8931,86.9654,-0.0730,-0.0723,0.0007
3040,480.1,283.7,86.8875,86.8882,86.9654,-0.0779,-0.0772,0.0007
3041,690.0,376.2,86.8827,86.8834,86.9598,-0.0771,-0.0764,0.0007
3042,992.0,389.9,86.8778,86.8785,86.9543,-0.0765,-0.0758,0.0007
3043,1000.9,393.5,86.8729,86.8736,86.9484,-0.0755,-0.0748,0.0007
3044,1000.8,402.7,86.8680,86.8687,86.9432,-0.0752,-0.0745,0.0007
3045,1000.7,403.1,86.8632,86.8639,86.9381,-0.0749,-0.0742,0.0007
3046,1008.4,420.5,86.8583,86.8590,86.9328,-0.0745,-0.0738,0.0007
3047,992.5,383.4,86.8534,86.8541,86.9268,-0.0734,-0.0727,0.0007
3048,1010.7,362.4,86.8486,86.8493,86.9211,-0.0726,-0.0718,0.0007
3049,995.5,375.6,86.8437,86.8444,86.9153,-0.0716,-0.0709,0.0007
3050,991.8,373.7,86.8389,86.8396,86.9096,-0.0707,-0.0700,0.0007
3051,1014.1,363.4,86.8340,86.8348,86.9040,-0.0700,-0.0692,0.0007
3052,986.4,396.7,86.8292,86.8299,86.8983,-0.0691,-0.0684,0.0007
3053,1003.3,370.1,86.8244,86.8251,86.8932,-0.0688,-0.0681,0.0007
3054,994.2,372.4,86.8196,86.8203,86.8882,-0.0686,-0.0679,0.0007
3055,999.6,376.2,86.8147,86.8155,86.8831,-0.0683,-0.0676,0.0007
3056,1000.0,387.4,86.8099,86.8107,86.8776,-0.0677,-0.0669,0.0007
3057,1011.3,362.0,86.8051,86.8059,86.8725,-0.0673,-0.0666,0.0007
3058,1048.0,961.9,86.8003,86.8011,86.8677,-0.0673,-0.0666,0.0007
3059,966.3,341.9,86.7955,86.7963,86.8626,-0.0671,-0.0663,0.0007
3060,980.3,388.7,86.7907,86.7915,86.8580,-0.0673,-0.0665,0.0007
3061,1000.0,377.6,86.7859,86.7867,86.8537,-0.0678,-0.0670,0.0007
3062,999.7,355.9,86.7812,86.7819,86.8495,-0.0684,-0.0676,0.0008
3063,996.4,357.3,86.7764,86.7771,86.8451,-0.0687,-0.0680,0.0008
3064,1059.6,342.7,86.7716,86.7724,86.8408,-0.0692,-0.0685,0.0008
3065,951.8,378.8,86.7668,86.7676,86.8365,-0.0696,-0.0689,0.0008
3066,990.3,429.1,86.7621,86.7628,86.8320,-0.0699,-0.0692,0.0008
3067,1006.6,392.8,86.7573,86.7581,86.8273,-0.0700,-0.0692,0.0008
3068,1187.7,237.8,86.7526,86.7533,86.8230,-0.0704,-0.0696,0.0008
3069,812.9,375.5,86.7478,86.7486,86.8188,-0.0710,-0.0702,0.0008
3070,1000.8,409.7,86.7431,86.7438,86.8145,-0.0714,-0.0707,0.0008
3071,1006.1,403.1,86.7383,86.7391,86.8102,-0.0719,-0.0711,0.0008
3072,1004.2,382.1,86.7336,86.7344,86.8056,-0.0720,-0.0712,0.0008
3073,1003.2,381.5,86.7289,86.7297,86.8013,-0.0724,-0.0717,0.0008
3074,986.9,395.2,86.7242,86.7249,86.7971,-0.0729,-0.0721,0.0008
3075,1006.0,386.6,86.7194,86.7202,86.7927,-0.0733,-0.0725,0.0008
3076,995.1,402.5,86.7147,86.7155,86.7879,-0.0732,-0.0724,0.0008
3077,1016.6,365.0,86.7100,86.7108,86.7834,-0.0734,-0.0726,0.0008
3078,986.6,393.6,86.7053,86.7061,86.7788,-0.0734,-0.0726,0.0008
3079,1001.4,406.3,86.7006,86.7014,86.7739,-0.0732,-0.0724,0.0008
3080,997.4,520.1,86.6959,86.6967,86.7693,-0.0734,-0.0726,0.0008
3081,991.4,395.2,86.6913,86.6921,86.7648,-0.0736,-0.0728,0.0008
3082,1012.6,378.1,86.6866,86.6874,86.7603,-0.0737,-0.0729,0.0008
3083,1003.1,378.8,86.6819,86.6827,86.7553,-0.0734,-0.0726,0.0008
3084,994.5,622.1,86.6772,86.6780,86.7505,-0.0732,-0.0724,0.0008
3085,995.5,393.9,86.6726,86.6734,86.7455,-0.0729,-0.0721,0.0008
3086,1006.6,411.7,86.6679,86.6687,86.7404,-0.0725,-0.0717,0.0008
3087,995.0,370.7,86.6633,86.6641,86.7350,-0.0718,-0.0710,0.0008
3088,993.6,369.7,86.6586,86.6594,86.7302,-0.0716,-0.0708,0.0008
3089,992.9,385.5,86.6540,86.6548,86.7255,-0.0715,-0.0707,0.0008
3090,1002.3,389.6,86.6493,86.6502,86.7209,-0.0715,-0.0707,0.0008
3091,999.8,388.7,86.6447,86.6455,86.7159,-0.0712,-0.0704,0.0008
3092,1002.6,361.6,86.6401,86.6409,86.7112,-0.0711,-0.0703,0.0008
3093,996.2,367.8,86.6355,86.6363,86.7064,-0.0709,-0.0701,0.0008
3094,1000.1,381.3,86.6308,86.6317,86.7014,-0.0706,-0.0697,0.0008
3095,999.3,367.3,86.6262,86.6271,86.6960,-0.0698,-0.0689,0.0008
3096,1008.7,410.5,86.6216,86.6225,86.6909,-0.0693,-0.0684,0.0008
3097,995.9,375.2,86.6170,86.6179,86.6859,-0.0689,-0.0680,0.0008
3098,999.6,348.6,86.6124,86.6133,86.6810,-0.0686,-0.0677,0.0008
3099,998.9,362.8,86.6078,86.6087,86.6759,-0.0681,-0.0672,0.0008
3100,1021.9,351.2,86.6033,86.6041,86.6712,-0.0679,-0.0670,0.0009
3101,997.9,427.4,86.5987,86.5995,86.6664,-0.0677,-0.0668,0.0009
3102,997.3,444.2,86.5941,86.5950,86.6615,-0.0674,-0.0665,0.0009
3103,1004.3,395.4,86.5895,86.5904,86.6561,-0.0665,-0.0657,0.0009
3104,994.8,397.6,86.5850,86.5859,86.6510,-0.0660,-0.0652,0.0009
3105,994.8,430.2,86.5804,86.5813,86.6458,-0.0654,-0.0645,0.0009
3106,1000.0,428.3,86.5759,86.5767,86.6407,-0.0648,-0.0639,0.0009
3107,1009.2,416.7,86.5713,86.5722,86.6346,-0.0633,-0.0624,0.0009
3108,990.6,432.0,86.5668,86.5677,86.6299,-0.0631,-0.0622,0.0009
3109,997.7,427.4,86.5623,86.5631,86.6252,-0.0629,-0.0620,0.0009
3110,998.4,427.4,86.5577,86.5586,86.6200,-0.0623,-0.0614,0.0009
3111,1008.2,395.5,86.5532,86.5541,86.6152,-0.0620,-0.0611,0.0009
3112,1001.0,437.9,86.5487,86.5496,86.6105,-0.0618,-0.0609,0.0009
3113,1088.3,400.7,86.5442,86.5451,86.6060,-0.0618,-0.0609,0.0009
3114,927.9,416.1,86.5397,86.5406,86.6012,-0.0615,-0.0606,0.0009
3115,987.2,415.8,86.5352,86.5361,86.5968,-0.0616,-0.0608,0.0009
3116,982.5,800.4,86.5307,86.5316,86.5927,-0.0621,-0.0612,0.0009
3117,1022.1,428.4,86.5262,86.5271,86.5888,-0.0626,-0.0617,0.0009
3118,989.6,597.8,86.5217,86.5226,86.5849,-0.0632,-0.0623,0.0009
3119,1004.3,358.5,86.5172,86.5181,86.5807,-0.0635,-0.0626,0.0009
3120,984.6,404.5,86.5128,86.5137,86.5768,-0.0641,-0.0632,0.0009
3121,997.9,397.0,86.5083,86.5092,86.5728,-0.0646,-0.0636,0.0009
3122,1003.8,388.6,86.5038,86.5047,86.5687,-0.0649,-0.0640,0.0009
3123,1026.1,385.0,86.4994,86.5003,86.5643,-0.0650,-0.0641,0.0009
3124,980.9,392.6,86.4949,86.4958,86.5602,-0.0653,-0.0644,0.0009
3125,1001.0,390.1,86.4905,86.4914,86.5563,-0.0658,-0.0649,0.0009
3126,1009.2,435.1,86.4860,86.4870,86.5523,-0.0663,-0.0653,0.0009
3127,1003.5,379.8,86.4816,86.4825,86.5523,-0.0707,-0.0698,0.0009
3128,988.5,472.5,86.4772,86.4781,86.5480,-0.0708,-0.0699,0.0009
3129,998.2,449.1,86.4727,86.4737,86.5440,-0.0713,-0.0703,0.0009
3130,1008.8,418.9,86.4683,86.4693,86.5399,-0.0716,-0.0707,0.0009
3131,990.5,431.0,86.4639,86.4648,86.5352,-0.0713,-0.0703,0.0009
3132,998.6,400.1,86.4595,86.4604,86.5307,-0.0712,-0.0703,0.0009
3133,1000.8,423.9,86.4551,86.4560,86.5262,-0.0711,-0.0702,0.0009
3134,1006.6,412.4,86.4507,86.4517,86.5217,-0.0710,-0.0701,0.0009
3135,984.6,401.2,86.4463,86.4473,86.5172,-0.0709,-0.0699,0.0009
3136,1014.4,379.6,86.4419,86.4429,86.5124,-0.0705,-0.0696,0.0010
3137,992.9,410.5,86.4376,86.4385,86.5081,-0.0706,-0.0696,0.0010
3138,1016.1,420.3,86.4332,86.4341,86.5039,-0.0707,-0.0697,0.0010
3139,1009.1,387.5,86.4288,86.4298,86.4994,-0.0705,-0.0696,0.0010
3140,984.9,439.7,86.4245,86.4254,86.4951,-0.0707,-0.0697,0.0010
3141,1010.0,433.7,86.4201,86.4211,86.4909,-0.0708,-0.0698,0.0010
3142,987.9,420.8,86.4158,86.4167,86.4866,-0.0708,-0.0698,0.0010
3143,1007.6,402.3,86.4114,86.4124,86.4818,-0.0704,-0.0694,0.0010
3144,994.8,399.3,86.4071,86.4080,86.4774,-0.0703,-0.0694,0.0010
3145,1020.6,547.9,86.4027,86.4037,86.4731,-0.0704,-0.0694,0.0010
3146,975.6,412.3,86.3984,86.3994,86.4691,-0.0707,-0.0697,0.0010
3147,1004.4,377.4,86.3941,86.3951,86.4649,-0.0708,-0.0698,0.0010
3148,997.4,362.5,86.3898,86.3908,86.4609,-0.0711,-0.0701,0.0010
3149,1008.3,368.8,86.3855,86.3865,86.4568,-0.0714,-0.0704,0.0010
3150,983.4,379.8,86.3812,86.3821,86.4528,-0.0716,-0.0706,0.0010
3151,1000.3,366.9,86.3769,86.3779,86.4481,-0.0712,-0.0702,0.0010
3152,1006.5,387.5,86.3726,86.3736,86.4436,-0.0710,-0.0700,0.0010
3153,984.5,388.2,86.3683,86.3693,86.4390,-0.0707,-0.0697,0.0010
3154,1001.7,393.8,86.3640,86.3650,86.4344,-0.0704,-0.0694,0.0010
3155,995.7,442.7,86.3597,86.3607,86.4293,-0.0695,-0.0685,0.0010
3156,1022.0,393.7,86.3555,86.3565,86.4246,-0.0692,-0.0682,0.0010
3157,986.7,379.7,86.3512,86.3522,86.4200,-0.0688,-0.0678,0.0010
3158,991.2,394.5,86.3469,86.3479,86.4154,-0.0684,-0.0674,0.0010
3159,1013.4,403.7,86.3427,86.3437,86.4103,-0.0676,-0.0666,0.0010
3160,999.2,395.3,86.3384,86.3395,86.4055,-0.0671,-0.0660,0.0010
3161,997.9,4031.0,86.3342,86.3352,86.4006,-0.0664,-0.0654,0.0010
3162,4038.1,440.8,86.3300,86.3310,86.3798,-0.0499,-0.0488,0.0010
3163,446.3,528.4,86.3257,86.3268,86.3798,-0.0541,-0.0531,0.0010
3164,534.0,408.4,86.3215,86.3225,86.3750,-0.0535,-0.0525,0.0010
3165,413.0,303.8,86.3173,86.3183,86.3750,-0.0577,-0.0567,0.0010
3166,308.9,309.1,86.3131,86.3141,86.3701,-0.0571,-0.0560,0.0010
3167,314.5,452.0,86.3089,86.3099,86.3701,-0.0613,-0.0602,0.0010
3168,992.7,453.4,86.3047,86.3057,86.3657,-0.0610,-0.0599,0.0010
3169,967.2,407.5,86.3005,86.3015,86.3614,-0.0609,-0.0598,0.0010
3170,1018.9,469.3,86.2963,86.2973,86.3573,-0.0610,-0.0599,0.0010
3171,977.4,393.9,86.2921,86.2932,86.3527,-0.0606,-0.0596,0.0011
3172,989.5,376.8,86.2879,86.2890,86.3482,-0.0603,-0.0592,0.0011
3173,995.7,377.5,86.2838,86.2848,86.3435,-0.0597,-0.0586,0.0011
3174,995.1,386.6,86.2796,86.2807,86.3387,-0.0591,-0.0581,0.0011
3175,1003.3,363.9,86.2754,86.2765,86.3339,-0.0585,-0.0574,0.0011
3176,995.9,377.8,86.2713,86.2724,86.3297,-0.0584,-0.0574,0.0011
3177,1000.5,376.3,86.2671,86.2682,86.3256,-0.0585,-0.0574,0.0011
3178,4053.9,366.5,86.2630,86.2641,86.3088,-0.0458,-0.0447,0.0011
3179,370.8,327.9,86.2589,86.2599,86.3088,-0.0499,-0.0489,0.0011
3180,330.9,241.8,86.2547,86.2558,86.3045,-0.0498,-0.0487,0.0011
3181,244.9,383.9,86.2506,86.2517,86.3045,-0.0539,-0.0528,0.0011
3182,387.1,227.8,86.2465,86.2476,86.3045,-0.0580,-0.0569,0.0011
3183,618.3,437.0,86.2424,86.2435,86.2999,-0.0575,-0.0564,0.0011
3184,999.8,448.4,86.2383,86.2394,86.2958,-0.0575,-0.0564,0.0011
3185,1009.4,363.4,86.2342,86.2353,86.2921,-0.0579,-0.0568,0.0011
3186,992.5,359.3,86.2301,86.2312,86.2887,-0.0586,-0.0575,0.0011
3187,993.4,364.0,86.2260,86.2271,86.2850,-0.0590,-0.0579,0.0011
3188,998.0,386.1,86.2219,86.2230,86.2813,-0.0594,-0.0583,0.0011
3189,1000.6,398.5,86.2179,86.2190,86.2773,-0.0594,-0.0583,0.0011
3190,1004.6,424.2,86.2138,86.2149,86.2730,-0.0592,-0.0581,0.0011
3191,993.0,433.4,86.2097,86.2108,86.2688,-0.0590,-0.0579,0.0011
3192,1001.4,402.0,86.2057,86.2068,86.2643,-0.0586,-0.0575,0.0011
3193,1005.9,419.5,86.2016,86.2027,86.2602,-0.0586,-0.0575,0.0011
3194,998.1,403.2,86.1976,86.1987,86.2561,-0.0585,-0.0574,0.0011
3195,1001.7,406.0,86.1935,86.1947,86.2520,-0.0584,-0.0573,0.0011
3196,999.1,389.9,86.1895,86.1906,86.2477,-0.0582,-0.0570,0.0011
3197,1020.6,347.8,86.1855,86.1866,86.2438,-0.0584,-0.0572,0.0011
3198,979.2,361.3,86.1815,86.1826,86.2401,-0.0586,-0.0575,0.0011
3199,998.8,375.7,86.1774,86.1786,86.2362,-0.0587,-0.0576,0.0011
3200,995.8,378.6,86.1734,86.1746,86.2318,-0.0584,-0.0572,0.0011
3201,999.4,366.4,86.1694,86.1706,86.2278,-0.0583,-0.0572,0.0011
3202,1000.0,383.1,86.1654,86.1666,86.2237,-0.0582,-0.0571,0.0011
3203,1001.2,372.8,86.1614,86.1626,86.2197,-0.0582,-0.0571,0.0011
3204,4011.2,437.0,86.1575,86.1586,86.2053,-0.0478,-0.0466,0.0012
3205,440.9,322.7,86.1535,86.1546,86.2053,-0.0518,-0.0506,0.0012
3206,325.2,228.8,86.1495,86.1507,86.2019,-0.0524,-0.0512,0.0012
3207,231.2,357.9,86.1455,86.1467,86.2019,-0.0563,-0.0552,0.0012
3208,360.6,428.7,86.1416,86.1428,86.2019,-0.0603,-0.0591,0.0012
3209,649.7,379.2,86.1376,86.1388,86.1987,-0.0610,-0.0599,0.0012
3210,989.1,373.4,86.1337,86.1349,86.1954,-0.0618,-0.0606,0.0012
3211,997.3,370.6,86.1297,86.1309,86.1923,-0.0626,-0.0614,0.0012
3212,997.0,389.2,86.1258,86.1270,86.1891,-0.0633,-0.0621,0.0012
3213,1007.0,368.6,86.1219,86.1231,86.1860,-0.0641,-0.0629,0.0012
3214,995.3,387.8,86.1180,86.1191,86.1824,-0.0644,-0.0633,0.0012
3215,996.3,394.1,86.1140,86.1152,86.1785,-0.0644,-0.0633,0.0012
3216,1001.4,381.7,86.1101,86.1113,86.1743,-0.0642,-0.0630,0.0012
3217,995.4,416.0,86.1062,86.1074,86.1705,-0.0642,-0.0631,0.0012
3218,1003.4,409.5,86.1023,86.1035,86.1668,-0.0644,-0.0632,0.0012
3219,1000.7,406.3,86.0984,86.0996,86.1631,-0.0646,-0.0634,0.0012
3220,1001.7,400.9,86.0946,86.0958,86.1590,-0.0644,-0.0632,0.0012
3221,995.6,407.5,86.0907,86.0919,86.1552,-0.0645,-0.0633,0.0012
3222,1003.3,353.8,86.0868,86.0880,86.1514,-0.0646,-0.0634,0.0012
3223,1004.7,393.6,86.0829,86.0842,86.1475,-0.0646,-0.0634,0.0012
3224,993.3,397.6,86.0791,86.0803,86.1431,-0.0640,-0.0628,0.0012
3225,1000.0,412.8,86.0752,86.0764,86.1390,-0.0637,-0.0625,0.0012
3226,998.0,452.3,86.0714,86.0726,86.1347,-0.0633,-0.0621,0.0012
3227,1002.9,426.0,86.0675,86.0688,86.1301,-0.0626,-0.0613,0.0012
3228,997.1,367.2,86.0637,86.0649,86.1258,-0.0621,-0.0609,0.0012
3229,1002.4,435.8,86.0599,86.0611,86.1215,-0.0617,-0.0604,0.0012
3230,997.6,431.6,86.0560,86.0573,86.1173,-0.0612,-0.0600,0.0012
3231,1003.3,383.7,86.0522,86.0535,86.1127,-0.0605,-0.0592,0.0012
3232,997.7,387.6,86.0484,86.0497,86.1085,-0.0601,-0.0588,0.0012
3233,999.2,431.1,86.0446,86.0459,86.1044,-0.0597,-0.0585,0.0012
3234,999.9,436.4,86.0408,86.0421,86.1003,-0.0595,-0.0583,0.0012
3235,1003.0,431.2,86.0370,86.0383,86.0959,-0.0589,-0.0576,0.0012
3236,996.7,433.4,86.0332,86.0345,86.0918,-0.0586,-0.0573,0.0013
3237,1002.0,429.4,86.0295,86.0307,86.0877,-0.0583,-0.0570,0.0013
3238,998.1,406.7,86.0257,86.0269,86.0838,-0.0581,-0.0568,0.0013
3239,1002.5,412.5,86.0219,86.0232,86.0797,-0.0578,-0.0565,0.0013
3240,997.2,419.2,86.0182,86.0194,86.0761,-0.0579,-0.0566,0.0013
3241,1000.1,480.5,86.0144,86.0157,86.0725,-0.0581,-0.0568,0.0013
3242,1002.2,441.0,86.0107,86.0119,86.0690,-0.0584,-0.0571,0.0013
3243,1000.5,429.8,86.0069,86.0082,86.0653,-0.0584,-0.0571,0.0013
3244,997.2,443.3,86.0032,86.0045,86.0617,-0.0585,-0.0573,0.0013
3245,1001.5,398.2,85.9995,86.0007,86.0581,-0.0587,-0.0574,0.0013
3246,998.0,384.9,85.9957,85.9970,86.0544,-0.0587,-0.0574,0.0013
3247,1003.4,389.8,85.9920,85.9933,86.0502,-0.0582,-0.0569,0.0013
3248,998.5,394.1,85.9883,85.9896,86.0463,-0.0580,-0.0567,0.0013
3249,1000.0,387.5,85.9846,85.9859,86.0424,-0.0578,-0.0565,0.0013
3250,999.0,398.0,85.9809,85.9822,86.0386,-0.0577,-0.0564,0.0013
3251,1004.1,429.8,85.9772,85.9785,86.0344,-0.0572,-0.0559,0.0013
3252,996.0,429.6,85.9735,85.9748,86.0307,-0.0571,-0.0558,0.0013
3253,1000.1,444.6,85.9699,85.9712,86.0269,-0.0570,-0.0557,0.0013
3254,1004.5,429.0,85.9662,85.9675,86.0229,-0.0567,-0.0554,0.0013
3255,1015.5,424.5,85.9625,85.9638,86.0185,-0.0560,-0.0547,0.0013
3256,992.9,402.4,85.9589,85.9602,86.0144,-0.0556,-0.0542,0.0013
3257,998.9,429.6,85.9552,85.9565,86.0104,-0.0552,-0.0539,0.0013
3258,999.7,405.0,85.9516,85.9529,86.0064,-0.0548,-0.0535,0.0013
3259,1007.4,436.3,85.9479,85.9493,86.0019,-0.0540,-0.0527,0.0013
3260,994.0,429.5,85.9443,85.9456,85.9979,-0.0536,-0.0523,0.0013
3261,997.1,443.6,85.9407,85.9420,85.9940,-0.0533,-0.0520,0.0013
3262,999.6,438.5,85.9371,85.9384,85.9902,-0.0531,-0.0518,0.0013
3263,1007.7,423.5,85.9334,85.9348,85.9861,-0.0527,-0.0514,0.0013
3264,993.0,404.5,85.9298,85.9312,85.9823,-0.0524,-0.0511,0.0013
3265,997.0,432.1,85.9262,85.9276,85.9784,-0.0522,-0.0508,0.0013
3266,1009.2,411.5,85.9226,85.9240,85.9744,-0.0518,-0.0504,0.0013
3267,994.7,418.5,85.9191,85.9204,85.9702,-0.0511,-0.0498,0.0014
3268,990.9,454.8,85.9155,85.9168,85.9664,-0.0509,-0.0495,0.0014
3269,999.9,429.1,85.9119,85.9133,85.9627,-0.0508,-0.0494,0.0014
3270,1000.7,436.3,85.9083,85.9097,85.9591,-0.0508,-0.0494,0.0014
3271,1003.8,440.4,85.9048,85.9061,85.9548,-0.0500,-0.0487,0.0014
3272,996.1,427.4,85.9012,85.9026,85.9514,-0.0502,-0.0488,0.0014
3273,1000.0,395.0,85.8977,85.8990,85.9481,-0.0505,-0.0491,0.0014
3274,999.9,399.9,85.8941,85.8955,85.9449,-0.0508,-0.0494,0.0014
3275,1003.5,407.9,85.8906,85.8920,85.9416,-0.0510,-0.0496,0.0014
3276,996.6,396.9,85.8871,85.8884,85.9384,-0.0514,-0.0500,0.0014
3277,1000.0,391.3,85.8835,85.8849,85.9352,-0.0517,-0.0503,0.0014
3278,1002.9,424.3,85.8800,85.8814,85.9317,-0.0517,-0.0503,0.0014
3279,1000.3,436.2,85.8765,85.8779,85.9285,-0.0519,-0.0506,0.0014
3280,997.2,462.7,85.8730,85.8744,85.9250,-0.0520,-0.0506,0.0014
3281,1001.7,400.9,85.8695,85.8709,85.9215,-0.0520,-0.0506,0.0014
3282,997.4,406.4,85.8660,85.8674,85.9181,-0.0521,-0.0507,0.0014
3283,1003.9,443.3,85.8626,85.8640,85.9145,-0.0519,-0.0505,0.0014
3284,995.8,424.2,85.8591,85.8605,85.9111,-0.0520,-0.0506,0.0014
3285,1000.4,399.5,85.8556,85.8570,85.9078,-0.0522,-0.0507,0.0014
3286,999.4,395.9,85.8521,85.8536,85.9047,-0.0526,-0.0512,0.0014
3287,1005.2,375.3,85.8487,85.8501,85.9014,-0.0527,-0.0513,0.0014
3288,995.5,426.4,85.8452,85.8467,85.8984,-0.0531,-0.0517,0.0014
3289,998.1,406.1,85.8418,85.8432,85.8984,-0.0566,-0.0552,0.0014
3290,1003.5,443.0,85.8384,85.8398,85.8953,-0.0569,-0.0555,0.0014
3291,1000.1,476.0,85.8349,85.8364,85.8918,-0.0569,-0.0555,0.0014
3292,996.1,439.1,85.8315,85.8329,85.8883,-0.0568,-0.0554,0.0014
3293,1000.9,423.9,85.8281,85.8295,85.8845,-0.0564,-0.0550,0.0014
3294,999.7,443.0,85.8247,85.8261,85.8803,-0.0556,-0.0542,0.0014
3295,1003.6,388.5,85.8213,85.8227,85.8766,-0.0553,-0.0539,0.0014
3296,1008.9,437.9,85.8179,85.8193,85.8731,-0.0553,-0.0538,0.0014
3297,999.5,399.6,85.8145,85.8159,85.8697,-0.0552,-0.0537,0.0014
3298,1000.7,400.9,85.8111,85.8126,85.8660,-0.0548,-0.0534,0.0015
3299,1007.1,432.5,85.8077,85.8092,85.8624,-0.0547,-0.0532,0.0015
3300,993.0,442.3,85.8044,85.8058,85.8589,-0.0545,-0.0530,0.0015
3301,995.7,438.8,85.8010,85.8025,85.8553,-0.0543,-0.0529,0.0015
3302,1005.2,431.9,85.7976,85.7991,85.8515,-0.0538,-0.0523,0.0015
3303,1000.5,399.3,85.7943,85.7958,85.8479,-0.0536,-0.0521,0.0015
3304,992.9,451.7,85.7909,85.7924,85.8442,-0.0533,-0.0518,0.0015
3305,999.6,399.9,85.7876,85.7891,85.8406,-0.0529,-0.0515,0.0015
3306,1000.1,451.8,85.7843,85.7858,85.8365,-0.0522,-0.0507,0.0015
3307,1006.0,434.0,85.7810,85.7824,85.8326,-0.0517,-0.0502,0.0015
3308,993.6,420.0,85.7776,85.7791,85.8289,-0.0513,-0.0498,0.0015
3309,1003.2,413.9,85.7743,85.7758,85.8255,-0.0512,-0.0497,0.0015
3310,992.2,442.2,85.7710,85.7725,85.8220,-0.0510,-0.0495,0.0015
3311,1004.3,420.9,85.7677,85.7692,85.8189,-0.0511,-0.0496,0.0015
3312,994.1,450.0,85.7644,85.7659,85.8156,-0.0512,-0.0497,0.0015
3313,1000.0,395.5,85.7612,85.7627,85.8124,-0.0512,-0.0497,0.0015
3314,1001.8,439.8,85.7579,85.7594,85.8088,-0.0509,-0.0494,0.0015
3315,1004.4,428.8,85.7546,85.7561,85.8053,-0.0507,-0.0492,0.0015
3316,994.6,424.6,85.7514,85.7529,85.8020,-0.0507,-0.0492,0.0015
3317,1000.3,426.6,85.7481,85.7496,85.7987,-0.0506,-0.0491,0.0015
3318,998.6,456.3,85.7448,85.7464,85.7949,-0.0501,-0.0486,0.0015
3319,1000.8,448.5,85.7416,85.7431,85.7914,-0.0498,-0.0483,0.0015
3320,1004.0,445.5,85.7384,85.7399,85.7878,-0.0494,-0.0479,0.0015
3321,996.4,421.2,85.7351,85.7367,85.7842,-0.0491,-0.0476,0.0015
3322,999.8,444.2,85.7319,85.7334,85.7805,-0.0486,-0.0471,0.0015
3323,999.7,403.9,85.7287,85.7302,85.7772,-0.0485,-0.0469,0.0015
3324,1000.0,405.2,85.7255,85.7270,85.7738,-0.0483,-0.0467,0.0015
3325,1004.1,397.9,85.7223,85.7238,85.7703,-0.0481,-0.0465,0.0015
3326,995.2,454.5,85.7191,85.7206,85.7666,-0.0475,-0.0459,0.0015
3327,1000.1,450.9,85.7159,85.7175,85.7630,-0.0471,-0.0456,0.0015
3328,1002.3,442.2,85.7127,85.7143,85.7595,-0.0468,-0.0452,0.0016
3329,998.1,453.6,85.7096,85.7111,85.7559,-0.0464,-0.0448,0.0016
3330,1003.0,411.5,85.7064,85.7079,85.7520,-0.0456,-0.0440,0.0016
3331,998.8,404.4,85.7032,85.7048,85.7482,-0.0450,-0.0434,0.0016
3332,996.7,409.2,85.7001,85.7016,85.7446,-0.0445,-0.0429,0.0016
3333,999.5,444.4,85.6969,85.6985,85.7410,-0.0441,-0.0425,0.0016
3334,1000.2,440.8,85.6938,85.6954,85.7373,-0.0435,-0.0420,0.0016
3335,1004.4,444.5,85.6906,85.6922,85.7339,-0.0433,-0.0417,0.0016
3336,996.4,448.5,85.6875,85.6891,85.7306,-0.0431,-0.0415,0.0016
3337,1032.5,369.2,85.6844,85.6860,85.7272,-0.0428,-0.0412,0.0016
3338,976.5,459.6,85.6813,85.6829,85.7234,-0.0421,-0.0405,0.0016
3339,1029.3,1850.0,85.6782,85.6798,85.7195,-0.0413,-0.0397,0.0016
3340,1856.6,560.5,85.6751,85.6767,85.7124,-0.0373,-0.0357,0.0016
3341,566.7,293.7,85.6720,85.6736,85.7124,-0.0404,-0.0388,0.0016
3342,551.0,574.2,85.6689,85.6705,85.7090,-0.0401,-0.0385,0.0016
3343,1018.4,441.8,85.6658,85.6674,85.7059,-0.0401,-0.0385,0.0016
3344,999.6,438.4,85.6628,85.6644,85.7029,-0.0401,-0.0385,0.0016
3345,998.0,439.7,85.6597,85.6613,85.6999,-0.0402,-0.0386,0.0016
3346,995.0,399.3,85.6566,85.6582,85.6971,-0.0405,-0.0389,0.0016
3347,994.0,402.2,85.6536,85.6552,85.6944,-0.0408,-0.0392,0.0016
3348,1007.2,396.9,85.6505,85.6522,85.6918,-0.0413,-0.0396,0.0016
3349,990.3,398.6,85.6475,85.6491,85.6891,-0.0416,-0.0400,0.0016
3350,992.8,411.5,85.6445,85.6461,85.6863,-0.0418,-0.0402,0.0016
3351,1013.2,409.7,85.6414,85.6431,85.6833,-0.0419,-0.0402,0.0016
3352,985.8,390.9,85.6384,85.6401,85.6804,-0.0419,-0.0403,0.0016
3353,1001.2,400.6,85.6354,85.6371,85.6775,-0.0420,-0.0404,0.0016
3354,992.7,402.0,85.6324,85.6341,85.6745,-0.0421,-0.0404,0.0016
3355,1003.6,404.9,85.6294,85.6311,85.6713,-0.0419,-0.0402,0.0016
3356,1012.0,464.3,85.6264,85.6281,85.6683,-0.0419,-0.0402,0.0016
3357,1005.6,444.0,85.6234,85.6251,85.6654,-0.0419,-0.0403,0.0017
3358,1009.8,407.5,85.6205,85.6221,85.6625,-0.0421,-0.0404,0.0017
3359,998.0,425.0,85.6175,85.6192,85.6594,-0.0419,-0.0403,0.0017
3360,983.5,412.2,85.6145,85.6162,85.6566,-0.0420,-0.0404,0.0017
3361,997.6,407.7,85.6116,85.6133,85.6538,-0.0422,-0.0405,0.0017
3362,999.3,410.5,85.6086,85.6103,85.6509,-0.0423,-0.0406,0.0017
3363,1011.3,387.6,85.6057,85.6074,85.6479,-0.0422,-0.0405,0.0017
3364,989.7,427.3,85.6028,85.6044,85.6451,-0.0424,-0.0407,0.0017
3365,999.3,444.2,85.5998,85.6015,85.6423,-0.0425,-0.0408,0.0017
3366,4006.8,487.5,85.5969,85.5986,85.6302,-0.0332,-0.0315,0.0017
3367,494.0,2722.7,85.5940,85.5957,85.6302,-0.0361,-0.0345,0.0017
3368,2728.8,339.0,85.5911,85.5928,85.6213,-0.0302,-0.0285,0.0017
3369,344.6,354.6,85.5882,85.5899,85.6213,-0.0331,-0.0314,0.0017
3370,361.7,3457.7,85.5853,85.5870,85.6188,-0.0334,-0.0317,0.0017
3371,3465.0,621.0,85.5824,85.5841,85.6114,-0.0290,-0.0273,0.0017
3372,627.4,430.2,85.5796,85.5813,85.6093,-0.0297,-0.0280,0.0017
3373,436.5,359.6,85.5767,85.5784,85.6093,-0.0326,-0.0309,0.0017
3374,364.2,575.6,85.5738,85.5755,85.6072,-0.0334,-0.0317,0.0017
3375,581.0,275.2,85.5710,85.5727,85.6072,-0.0362,-0.0345,0.0017
3376,279.3,271.3,85.5681,85.5698,85.6051,-0.0370,-0.0353,0.0017
3377,275.2,414.2,85.5653,85.5670,85.6051,-0.0399,-0.0381,0.0017
3378,418.6,2182.4,85.5624,85.5642,85.6051,-0.0427,-0.0410,0.0017
3379,2187.7,356.9,85.5596,85.5613,85.6010,-0.0414,-0.0397,0.0017
3380,361.0,429.2,85.5568,85.5585,85.5990,-0.0422,-0.0405,0.0017
3381,438.4,306.2,85.5540,85.5557,85.5990,-0.0451,-0.0433,0.0017
3382,310.9,255.6,85.5512,85.5529,85.5967,-0.0456,-0.0438,0.0017
3383,326.7,373.0,85.5484,85.5501,85.5967,-0.0484,-0.0466,0.0017
3384,997.0,388.5,85.5456,85.5473,85.5944,-0.0488,-0.0470,0.0017
3385,998.3,377.0,85.5428,85.5445,85.5916,-0.0488,-0.0471,0.0018
3386,1008.2,379.7,85.5400,85.5418,85.5888,-0.0488,-0.0470,0.0018
3387,992.0,378.7,85.5372,85.5390,85.5858,-0.0485,-0.0468,0.0018
3388,1001.2,387.1,85.5345,85.5362,85.5830,-0.0485,-0.0468,0.0018
3389,999.6,392.1,85.5317,85.5335,85.5802,-0.0485,-0.0467,0.0018
3390,1005.7,394.5,85.5290,85.5307,85.5776,-0.0486,-0.0468,0.0018
3391,990.8,432.9,85.5262,85.5280,85.5748,-0.0486,-0.0468,0.0018
3392,1001.3,397.3,85.5235,85.5253,85.5722,-0.0487,-0.0469,0.0018
3393,999.9,379.4,85.5208,85.5225,85.5697,-0.0489,-0.0472,0.0018
3394,1006.3,391.2,85.5180,85.5198,85.5672,-0.0491,-0.0473,0.0018
3395,992.7,416.2,85.5153,85.5171,85.5644,-0.0490,-0.0473,0.0018
3396,1000.4,411.8,85.5126,85.5144,85.5617,-0.0491,-0.0473,0.0018
3397,998.8,421.9,85.5099,85.5117,85.5590,-0.0491,-0.0473,0.0018
3398,1019.8,412.7,85.5072,85.5090,85.5564,-0.0492,-0.0474,0.0018
3399,985.9,414.0,85.5045,85.5063,85.5535,-0.0490,-0.0472,0.0018
3400,997.5,412.6,85.5019,85.5037,85.5508,-0.0490,-0.0472,0.0018
3401,999.3,414.0,85.4992,85.5010,85.5481,-0.0489,-0.0471,0.0018
3402,1017.9,402.2,85.4965,85.4983,85.5453,-0.0488,-0.0470,0.0018
3403,1000.8,448.6,85.4939,85.4957,85.5421,-0.0482,-0.0464,0.0018
3404,997.9,451.4,85.4912,85.4930,85.5390,-0.0478,-0.0460,0.0018
3405,1005.8,415.9,85.4886,85.4904,85.5360,-0.0474,-0.0456,0.0018
3406,995.5,405.4,85.4859,85.4878,85.5330,-0.0470,-0.0452,0.0018
3407,987.3,433.4,85.4833,85.4851,85.5299,-0.0466,-0.0447,0.0018
3408,1001.7,426.1,85.4807,85.4825,85.5270,-0.0463,-0.0445,0.0018
3409,992.9,443.0,85.4781,85.4799,85.5240,-0.0460,-0.0441,0.0018
3410,1001.3,437.9,85.4755,85.4773,85.5210,-0.0456,-0.0437,0.0018
3411,1005.9,429.4,85.4729,85.4747,85.5178,-0.0450,-0.0431,0.0018
3412,996.2,436.3,85.4703,85.4721,85.5149,-0.0446,-0.0428,0.0018
3413,998.9,434.4,85.4677,85.4695,85.5120,-0.0443,-0.0424,0.0019
3414,996.7,409.5,85.4651,85.4670,85.5090,-0.0439,-0.0420,0.0019
3415,1015.7,451.4,85.4625,85.4644,85.5056,-0.0430,-0.0412,0.0019
3416,987.9,442.9,85.4600,85.4618,85.5023,-0.0423,-0.0404,0.0019
3417,990.3,401.4,85.4574,85.4593,85.4991,-0.0417,-0.0398,0.0019
3418,997.4,408.5,85.4549,85.4567,85.4961,-0.0412,-0.0393,0.0019
3419,1002.6,396.5,85.4523,85.4542,85.4928,-0.0405,-0.0386,0.0019
3420,996.2,417.1,85.4498,85.4517,85.4899,-0.0401,-0.0382,0.0019
3421,1000.9,450.9,85.4473,85.4491,85.4870,-0.0398,-0.0379,0.0019
3422,998.7,408.8,85.4447,85.4466,85.4841,-0.0393,-0.0375,0.0019
3423,1027.2,390.9,85.4422,85.4441,85.4809,-0.0387,-0.0368,0.0019
3424,994.8,417.4,85.4397,85.4416,85.4780,-0.0383,-0.0364,0.0019
3425,989.7,409.4,85.4372,85.4391,85.4752,-0.0380,-0.0361,0.0019
3426,1002.8,400.9,85.4347,85.4366,85.4724,-0.0377,-0.0358,0.0019
3427,1002.0,409.9,85.4323,85.4342,85.4693,-0.0370,-0.0351,0.0019
3428,996.4,399.5,85.4298,85.4317,85.4663,-0.0365,-0.0346,0.0019
3429,1006.7,421.4,85.4273,85.4292,85.4634,-0.0361,-0.0342,0.0019
3430,991.0,422.8,85.4248,85.4268,85.4605,-0.0356,-0.0337,0.0019
3431,1005.4,402.7,85.4224,85.4243,85.4574,-0.0350,-0.0331,0.0019
3432,995.5,441.4,85.4199,85.4219,85.4547,-0.0347,-0.0328,0.0019
3433,1020.4,429.1,85.4175,85.4194,85.4519,-0.0344,-0.0325,0.0019
3434,987.3,397.8,85.4151,85.4170,85.4493,-0.0342,-0.0323,0.0019
3435,989.3,438.8,85.4126,85.4146,85.4465,-0.0339,-0.0320,0.0019
3436,1006.3,440.6,85.4102,85.4122,85.4435,-0.0333,-0.0314,0.0019
3437,997.2,399.4,85.4078,85.4097,85.4410,-0.0332,-0.0313,0.0019
3438,994.5,400.6,85.4054,85.4073,85.4382,-0.0328,-0.0309,0.0019
3439,993.0,437.0,85.4030,85.4050,85.4357,-0.0327,-0.0308,0.0019
3440,1008.6,476.0,85.4006,85.4026,85.4332,-0.0326,-0.0307,0.0019
3441,999.8,453.2,85.3982,85.4002,85.4308,-0.0325,-0.0306,0.0020
3442,1007.1,462.9,85.3959,85.3978,85.4283,-0.0324,-0.0305,0.0020
3443,993.2,449.8,85.3935,85.3954,85.4255,-0.0321,-0.0301,0.0020
3444,1002.1,434.7,85.3911,85.3931,85.4229,-0.0318,-0.0298,0.0020
3445,999.5,446.8,85.3888,85.3907,85.4203,-0.0315,-0.0296,0.0020
3446,1009.7,429.8,85.3864,85.3884,85.4176,-0.0312,-0.0292,0.0020
3447,1009.9,413.0,85.3841,85.3861,85.4146,-0.0306,-0.0286,0.0020
3448,998.5,406.3,85.3818,85.3837,85.4121,-0.0303,-0.0283,0.0020
3449,993.2,417.6,85.3794,85.3814,85.4095,-0.0301,-0.0281,0.0020
3450,988.9,455.3,85.3771,85.3791,85.4070,-0.0299,-0.0279,0.0020
3451,999.3,418.2,85.3748,85.3768,85.4044,-0.0296,-0.0277,0.0020
3452,1000.1,422.5,85.3725,85.3745,85.4022,-0.0297,-0.0277,0.0020
3453,4009.5,1006.8,85.3702,85.3722,85.3957,-0.0255,-0.0235,0.0020
3454,1014.4,989.5,85.3679,85.3699,85.3934,-0.0255,-0.0235,0.0020
3455,994.5,1003.4,85.3656,85.3676,85.3911,-0.0255,-0.0234,0.0020
3456,1008.6,434.4,85.3634,85.3654,85.3888,-0.0254,-0.0234,0.0020
3457,442.9,383.1,85.3611,85.3631,85.3888,-0.0276,-0.0256,0.0020
3458,388.6,2258.1,85.3588,85.3609,85.3863,-0.0274,-0.0254,0.0020
3459,2264.4,375.4,85.3566,85.3586,85.3814,-0.0248,-0.0228,0.0020
3460,380.3,307.2,85.3544,85.3564,85.3814,-0.0271,-0.0251,0.0020
3461,329.0,542.3,85.3521,85.3541,85.3792,-0.0271,-0.0251,0.0020
3462,548.1,268.8,85.3499,85.3519,85.3792,-0.0293,-0.0273,0.0020
3463,272.4,661.5,85.3477,85.3497,85.3767,-0.0290,-0.0270,0.0020
3464,664.8,264.1,85.3455,85.3475,85.3767,-0.0313,-0.0292,0.0020
3465,700.4,447.9,85.3433,85.3453,85.3744,-0.0311,-0.0291,0.0020
3466,991.8,4065.9,85.3411,85.3431,85.3721,-0.0310,-0.0290,0.0020
3467,4072.1,664.9,85.3389,85.3409,85.3628,-0.0239,-0.0218,0.0020
3468,669.6,291.6,85.3367,85.3387,85.3604,-0.0237,-0.0217,0.0021
3469,296.2,374.1,85.3345,85.3366,85.3604,-0.0259,-0.0239,0.0021
3470,378.2,520.6,85.3323,85.3344,85.3604,-0.0281,-0.0260,0.0021
3471,525.3,908.7,85.3302,85.3322,85.3580,-0.0278,-0.0258,0.0021
3472,913.4,334.2,85.3280,85.3301,85.3558,-0.0278,-0.0258,0.0021
3473,337.2,284.3,85.3259,85.3279,85.3558,-0.0300,-0.0279,0.0021
3474,801.1,577.9,85.3237,85.3258,85.3539,-0.0301,-0.0281,0.0021
3475,995.2,570.2,85.3216,85.3237,85.3520,-0.0304,-0.0283,0.0021
3476,996.4,413.8,85.3195,85.3216,85.3501,-0.0306,-0.0285,0.0021
3477,1000.2,439.4,85.3174,85.3194,85.3480,-0.0307,-0.0286,0.0021
3478,999.7,396.1,85.3152,85.3173,85.3459,-0.0307,-0.0286,0.0021
3479,998.4,1789.5,85.3131,85.3152,85.3437,-0.0305,-0.0284,0.0021
3480,1792.9,249.7,85.3110,85.3131,85.3391,-0.0281,-0.0260,0.0021
3481,252.7,331.1,85.3090,85.3111,85.3391,-0.0302,-0.0281,0.0021
3482,957.6,390.5,85.3069,85.3090,85.3370,-0.0301,-0.0280,0.0021
3483,994.8,407.9,85.3048,85.3069,85.3350,-0.0301,-0.0280,0.0021
3484,1005.6,390.1,85.3027,85.3049,85.3328,-0.0301,-0.0280,0.0021
3485,1012.8,393.0,85.3007,85.3028,85.3308,-0.0301,-0.0280,0.0021
3486,995.5,403.4,85.2986,85.3008,85.3287,-0.0301,-0.0280,0.0021
3487,992.9,385.5,85.2966,85.2987,85.3268,-0.0302,-0.0281,0.0021
3488,994.7,373.6,85.2946,85.2967,85.3250,-0.0305,-0.0284,0.0021
3489,999.4,431.1,85.2925,85.2947,85.3235,-0.0309,-0.0288,0.0021
3490,1004.2,406.2,85.2905,85.2926,85.3220,-0.0315,-0.0293,0.0021
3491,997.8,412.3,85.2885,85.2906,85.3205,-0.0320,-0.0298,0.0021
3492,996.6,430.2,85.2865,85.2886,85.3188,-0.0323,-0.0302,0.0021
3493,1003.5,409.9,85.2845,85.2866,85.3173,-0.0328,-0.0307,0.0021
3494,1000.1,429.2,85.2825,85.2847,85.3157,-0.0332,-0.0311,0.0021
3495,1000.4,421.7,85.2805,85.2827,85.3141,-0.0336,-0.0315,0.0022
3496,1007.3,403.4,85.2785,85.2807,85.3125,-0.0340,-0.0318,0.0022
3497,994.5,400.2,85.2766,85.2787,85.3110,-0.0344,-0.0322,0.0022
3498,999.9,430.9,85.2746,85.2768,85.3095,-0.0349,-0.0327,0.0022
3499,998.8,400.9,85.2727,85.2748,85.3080,-0.0354,-0.0332,0.0022
3500,999.8,390.7,85.2707,85.2729,85.3063,-0.0356,-0.0334,0.0022
3501,998.8,428.4,85.2688,85.2710,85.3045,-0.0358,-0.0336,0.0022
3502,999.1,578.5,85.2669,85.2690,85.3026,-0.0357,-0.0336,0.0022
3503,1010.7,384.3,85.2649,85.2671,85.3006,-0.0356,-0.0334,0.0022
3504,992.8,423.3,85.2630,85.2652,85.2984,-0.0354,-0.0332,0.0022
3505,1001.8,387.7,85.2611,85.2633,85.2965,-0.0354,-0.0332,0.0022
3506,993.8,409.5,85.2592,85.2614,85.2946,-0.0354,-0.0332,0.0022
3507,999.1,394.4,85.2573,85.2595,85.2927,-0.0353,-0.0331,0.0022
3508,1006.3,392.7,85.2554,85.2576,85.2906,-0.0352,-0.0330,0.0022
3509,995.3,414.4,85.2535,85.2558,85.2887,-0.0352,-0.0330,0.0022
3510,999.0,396.0,85.2517,85.2539,85.2869,-0.0352,-0.0330,0.0022
3511,1003.6,378.6,85.2498,85.2520,85.2850,-0.0352,-0.0330,0.0022
3512,1000.2,404.1,85.2480,85.2502,85.2830,-0.0351,-0.0328,0.0022
3513,1000.1,408.7,85.2461,85.2483,85.2811,-0.0349,-0.0327,0.0022
3514,999.6,401.5,85.2443,85.2465,85.2791,-0.0348,-0.0326,0.0022
3515,1002.0,433.8,85.2424,85.2447,85.2771,-0.0347,-0.0325,0.0022
3516,999.6,435.4,85.2406,85.2428,85.2749,-0.0343,-0.0321,0.0022
3517,1006.1,406.8,85.2388,85.2410,85.2730,-0.0342,-0.0320,0.0022
3518,1007.7,456.5,85.2370,85.2392,85.2711,-0.0341,-0.0318,0.0022
3519,998.7,456.4,85.2352,85.2374,85.2692,-0.0340,-0.0317,0.0022
3520,991.6,469.2,85.2334,85.2356,85.2670,-0.0336,-0.0314,0.0022
3521,1003.7,464.1,85.2316,85.2339,85.2649,-0.0333,-0.0311,0.0023
3522,1090.1,330.3,85.2298,85.2321,85.2628,-0.0330,-0.0308,0.0023
3523,910.4,392.1,85.2281,85.2303,85.2607,-0.0326,-0.0304,0.0023
3524,989.3,428.2,85.2263,85.2286,85.2583,-0.0320,-0.0297,0.0023
3525,998.7,415.2,85.2245,85.2268,85.2561,-0.0316,-0.0293,0.0023
3526,1005.0,435.4,85.2228,85.2251,85.2537,-0.0310,-0.0287,0.0023
3527,997.0,428.2,85.2210,85.2233,85.2515,-0.0305,-0.0282,0.0023
3528,999.8,407.9,85.2193,85.2216,85.2493,-0.0300,-0.0277,0.0023
3529,999.2,417.8,85.2176,85.2199,85.2471,-0.0295,-0.0272,0.0023
3530,1019.0,423.3,85.2159,85.2181,85.2450,-0.0291,-0.0268,0.0023
3531,996.2,427.9,85.2142,85.2164,85.2427,-0.0286,-0.0263,0.0023
3532,1003.9,400.3,85.2124,85.2147,85.2406,-0.0281,-0.0258,0.0023
3533,1001.0,414.1,85.2108,85.2130,85.2383,-0.0276,-0.0253,0.0023
3534,992.8,427.4,85.2091,85.2114,85.2362,-0.0271,-0.0248,0.0023
3535,1017.7,398.9,85.2074,85.2097,85.2340,-0.0266,-0.0243,0.0023
3536,990.7,416.4,85.2057,85.2080,85.2319,-0.0262,-0.0239,0.0023
3537,988.4,408.4,85.2040,85.2064,85.2298,-0.0258,-0.0235,0.0023
3538,1003.5,392.9,85.2024,85.2047,85.2279,-0.0255,-0.0232,0.0023
3539,997.0,423.5,85.2007,85.2031,85.2258,-0.0250,-0.0227,0.0023
3540,1008.1,416.6,85.1991,85.2014,85.2235,-0.0245,-0.0221,0.0023
3541,988.5,443.1,85.1975,85.1998,85.2211,-0.0237,-0.0214,0.0023
3542,999.0,425.9,85.1958,85.1982,85.2188,-0.0230,-0.0206,0.0023
3543,1016.7,427.4,85.1942,85.1965,85.2166,-0.0224,-0.0201,0.0023
3544,1017.7,389.2,85.1926,85.1949,85.2146,-0.0220,-0.0196,0.0023
3545,966.6,409.6,85.1910,85.1933,85.2124,-0.0214,-0.0191,0.0023
3546,1005.0,1064.6,85.1894,85.1917,85.2106,-0.0212,-0.0188,0.0023
3547,1074.4,311.4,85.1878,85.1902,85.2088,-0.0210,-0.0186,0.0023
3548,920.0,391.2,85.1862,85.1886,85.2070,-0.0208,-0.0184,0.0024
3549,996.0,392.8,85.1847,85.1870,85.2051,-0.0204,-0.0181,0.0024
3550,999.8,413.0,85.1831,85.1854,85.2034,-0.0203,-0.0179,0.0024
3551,996.9,411.6,85.1815,85.1839,85.2017,-0.0202,-0.0179,0.0024
3552,997.5,393.8,85.1800,85.1823,85.2002,-0.0202,-0.0179,0.0024
3553,999.8,380.8,85.1784,85.1808,85.1986,-0.0202,-0.0178,0.0024
3554,1007.0,420.2,85.1769,85.1793,85.1971,-0.0202,-0.0178,0.0024
3555,1004.5,382.2,85.1754,85.1777,85.1956,-0.0202,-0.0178,0.0024
3556,996.9,391.9,85.1738,85.1762,85.1940,-0.0202,-0.0178,0.0024
3557,997.3,397.9,85.1723,85.1747,85.1924,-0.0200,-0.0176,0.0024
3558,997.8,393.4,85.1708,85.1732,85.1908,-0.0200,-0.0176,0.0024
3559,996.4,399.0,85.1693,85.1717,85.1894,-0.0200,-0.0176,0.0024
3560,1016.0,393.4,85.1678,85.1702,85.1879,-0.0201,-0.0177,0.0024
3561,991.8,421.6,85.1664,85.1688,85.1864,-0.0201,-0.0177,0.0024
3562,1006.1,411.9,85.1649,85.1673,85.1847,-0.0199,-0.0174,0.0024
3563,999.8,418.5,85.1634,85.1658,85.1831,-0.0197,-0.0173,0.0024
3564,1009.3,437.7,85.1620,85.1644,85.1814,-0.0194,-0.0170,0.0024
3565,992.5,458.2,85.1605,85.1629,85.1795,-0.0190,-0.0166,0.0024
3566,997.6,439.2,85.1591,85.1615,85.1778,-0.0187,-0.0163,0.0024
3567,990.4,398.9,85.1576,85.1601,85.1760,-0.0184,-0.0160,0.0024
3568,1002.3,413.0,85.1562,85.1586,85.1742,-0.0180,-0.0156,0.0024
3569,995.0,406.1,85.1548,85.1572,85.1723,-0.0175,-0.0151,0.0024
3570,1005.5,415.8,85.1534,85.1558,85.1706,-0.0172,-0.0148,0.0024
3571,1012.3,387.6,85.1520,85.1544,85.1689,-0.0169,-0.0145,0.0024
3572,983.0,404.5,85.1506,85.1530,85.1672,-0.0166,-0.0142,0.0024
3573,1000.1,468.3,85.1492,85.1516,85.1654,-0.0162,-0.0138,0.0024
3574,1029.6,409.8,85.1478,85.1502,85.1637,-0.0159,-0.0135,0.0025
3575,986.3,413.4,85.1464,85.1489,85.1621,-0.0156,-0.0132,0.0025
3576,990.8,413.7,85.1451,85.1475,85.1604,-0.0154,-0.0129,0.0025
3577,995.6,432.3,85.1437,85.1462,85.1588,-0.0151,-0.0126,0.0025
3578,1022.4,417.6,85.1423,85.1448,85.1574,-0.0150,-0.0126,0.0025
3579,989.7,416.8,85.1410,85.1435,85.1560,-0.0150,-0.0125,0.0025
3580,1000.0,423.6,85.1397,85.1421,85.1545,-0.0149,-0.0124,0.0025
3581,1002.4,427.0,85.1383,85.1408,85.1529,-0.0146,-0.0121,0.0025
3582,992.8,422.1,85.1370,85.1395,85.1515,-0.0145,-0.0120,0.0025
3583,1000.1,434.7,85.1357,85.1382,85.1500,-0.0143,-0.0118,0.0025
3584,998.1,431.9,85.1344,85.1369,85.1485,-0.0141,-0.0116,0.0025
3585,1016.5,435.4,85.1331,85.1356,85.1469,-0.0138,-0.0113,0.0025
3586,1007.6,460.0,85.1318,85.1343,85.1454,-0.0136,-0.0111,0.0025
3587,983.4,443.1,85.1305,85.1330,85.1441,-0.0135,-0.0110,0.0025
3588,994.9,447.7,85.1293,85.1318,85.1427,-0.0134,-0.0109,0.0025
3589,1010.7,438.2,85.1280,85.1305,85.1413,-0.0133,-0.0108,0.0025
3590,995.2,482.3,85.1267,85.1292,85.1399,-0.0132,-0.0106,0.0025
3591,995.6,469.0,85.1255,85.1280,85.1385,-0.0130,-0.0105,0.0025
3592,1004.2,415.4,85.1242,85.1268,85.1372,-0.0129,-0.0104,0.0025
3593,990.0,446.4,85.1230,85.1255,85.1357,-0.0127,-0.0102,0.0025
3594,1004.8,410.6,85.1218,85.1243,85.1343,-0.0125,-0.0100,0.0025
3595,1015.2,417.6,85.1205,85.1231,85.1329,-0.0123,-0.0098,0.0025
3596,990.3,426.4,85.1193,85.1219,85.1315,-0.0121,-0.0096,0.0025
3597,997.1,386.2,85.1181,85.1207,85.1301,-0.0120,-0.0095,0.0025
3598,1000.6,436.1,85.1169,85.1195,85.1287,-0.0117,-0.0092,0.0025
3599,997.1,437.3,85.1157,85.1183,85.1273,-0.0115,-0.0090,0.0025
3600,1011.6,580.3,85.1146,85.1171,85.1259,-0.0113,-0.0088,0.0026
3601,991.3,419.2,85.1134,85.1159,85.1246,-0.0112,-0.0086,0.0026
3602,998.2,620.8,85.1122,85.1148,85.1231,-0.0109,-0.0084,0.0026
3603,1000.4,417.3,85.1111,85.1136,85.1218,-0.0107,-0.0081,0.0026
3604,1012.1,431.6,85.1099,85.1125,85.1206,-0.0107,-0.0081,0.0026
3605,990.4,429.9,85.1088,85.1113,85.1194,-0.0107,-0.0081,0.0026
3606,1006.4,407.0,85.1076,85.1102,85.1183,-0.0107,-0.0081,0.0026
3607,984.4,429.4,85.1065,85.1091,85.1174,-0.0109,-0.0083,0.0026
3608,1003.4,438.7,85.1054,85.1080,85.1166,-0.0112,-0.0086,0.0026
3609,995.3,455.6,85.1043,85.1069,85.1156,-0.0113,-0.0087,0.0026
3610,1012.4,426.1,85.1032,85.1058,85.1142,-0.0110,-0.0084,0.0026
3611,985.7,428.6,85.1021,85.1047,85.1133,-0.0112,-0.0086,0.0026
3612,1014.8,395.4,85.1010,85.1036,85.1121,-0.0111,-0.0085,0.0026
3613,984.1,433.2,85.0999,85.1025,85.1108,-0.0109,-0.0083,0.0026
3614,1000.4,451.9,85.0988,85.1015,85.1098,-0.0110,-0.0083,0.0026
3615,1011.8,445.6,85.0978,85.1004,85.1089,-0.0111,-0.0085,0.0026
3616,999.8,443.8,85.0967,85.0993,85.1081,-0.0114,-0.0088,0.0026
3617,998.1,422.8,85.0957,85.0983,85.1073,-0.0117,-0.0090,0.0026
3618,1001.1,429.8,85.0946,85.0973,85.1065,-0.0118,-0.0092,0.0026
3619,1008.7,432.7,85.0936,85.0962,85.1057,-0.0121,-0.0094,0.0026
3620,995.0,415.9,85.0926,85.0952,85.1047,-0.0121,-0.0095,0.0026
3621,1000.2,426.0,85.0916,85.0942,85.1038,-0.0122,-0.0096,0.0026
3622,994.6,428.3,85.0905,85.0932,85.1028,-0.0123,-0.0096,0.0026
3623,1007.8,415.2,85.0895,85.0922,85.1018,-0.0123,-0.0097,0.0026
3624,992.2,425.0,85.0885,85.0912,85.1009,-0.0124,-0.0097,0.0026
3625,1054.4,380.1,85.0876,85.0902,85.1000,-0.0125,-0.0098,0.0027
3626,958.7,397.1,85.0866,85.0892,85.0992,-0.0126,-0.0099,0.0027
3627,988.8,399.1,85.0856,85.0883,85.0983,-0.0127,-0.0100,0.0027
3628,999.6,409.6,85.0846,85.0873,85.0974,-0.0128,-0.0101,0.0027
3629,1017.4,400.1,85.0837,85.0864,85.0965,-0.0129,-0.0102,0.0027
3630,983.3,417.3,85.0827,85.0854,85.0965,-0.0138,-0.0111,0.0027
3631,1008.9,424.1,85.0818,85.0845,85.0956,-0.0138,-0.0111,0.0027
3632,996.8,439.1,85.0809,85.0835,85.0946,-0.0138,-0.0111,0.0027
3633,1014.9,431.9,85.0799,85.0826,85.0937,-0.0137,-0.0110,0.0027
3634,982.9,438.3,85.0790,85.0817,85.0927,-0.0137,-0.0110,0.0027
3635,1003.9,430.4,85.0781,85.0808,85.0917,-0.0136,-0.0109,0.0027
3636,988.8,436.7,85.0772,85.0799,85.0907,-0.0135,-0.0108,0.0027
3637,999.3,476.4,85.0763,85.0790,85.0898,-0.0135,-0.0108,0.0027
3638,1024.3,427.4,85.0754,85.0781,85.0889,-0.0134,-0.0107,0.0027
3639,986.6,444.7,85.0746,85.0773,85.0879,-0.0134,-0.0107,0.0027
3640,1009.0,450.1,85.0737,85.0764,85.0871,-0.0134,-0.0107,0.0027
3641,988.9,434.3,85.0728,85.0755,85.0862,-0.0134,-0.0106,0.0027
3642,1008.0,414.1,85.0720,85.0747,85.0854,-0.0134,-0.0107,0.0027
3643,983.6,419.0,85.0711,85.0739,85.0844,-0.0133,-0.0105,0.0027
3644,989.8,424.4,85.0703,85.0730,85.0835,-0.0132,-0.0105,0.0027
3645,1024.5,416.2,85.0695,85.0722,85.0826,-0.0131,-0.0104,0.0027
3646,998.8,403.9,85.0686,85.0714,85.0818,-0.0131,-0.0104,0.0027
3647,993.9,422.8,85.0678,85.0706,85.0809,-0.0131,-0.0103,0.0027
3648,998.8,466.0,85.0670,85.0698,85.0801,-0.0131,-0.0104,0.0027
3649,995.3,437.3,85.0662,85.0690,85.0795,-0.0133,-0.0105,0.0027
3650,998.0,440.7,85.0654,85.0682,85.0788,-0.0134,-0.0107,0.0027
3651,1015.1,434.8,85.0646,85.0674,85.0781,-0.0134,-0.0107,0.0028
3652,975.4,444.3,85.0639,85.0666,85.0773,-0.0134,-0.0107,0.0028
3653,999.8,427.3,85.0631,85.0659,85.0766,-0.0135,-0.0107,0.0028
3654,1021.3,434.6,85.0623,85.0651,85.0759,-0.0136,-0.0108,0.0028
3655,1001.7,427.7,85.0616,85.0644,85.0753,-0.0137,-0.0109,0.0028
3656,1005.2,412.2,85.0608,85.0636,85.0748,-0.0140,-0.0112,0.0028
3657,989.2,434.0,85.0601,85.0629,85.0743,-0.0142,-0.0114,0.0028
3658,996.3,424.7,85.0594,85.0622,85.0738,-0.0144,-0.0117,0.0028
3659,1004.8,414.9,85.0587,85.0614,85.0733,-0.0146,-0.0118,0.0028
3660,992.5,445.6,85.0579,85.0607,85.0727,-0.0148,-0.0120,0.0028
3661,1000.1,441.3,85.0572,85.0600,85.0722,-0.0149,-0.0122,0.0028
3662,999.1,407.9,85.0565,85.0593,85.0715,-0.0150,-0.0122,0.0028
3663,995.5,447.5,85.0559,85.0587,85.0709,-0.0151,-0.0123,0.0028
3664,1000.2,432.4,85.0552,85.0580,85.0703,-0.0151,-0.0123,0.0028
3665,1006.0,431.2,85.0545,85.0573,85.0696,-0.0151,-0.0123,0.0028
3666,993.7,503.3,85.0538,85.0566,85.0690,-0.0151,-0.0123,0.0028
3667,1039.1,421.2,85.0532,85.0560,85.0684,-0.0152,-0.0124,0.0028
3668,965.6,401.6,85.0525,85.0553,85.0679,-0.0154,-0.0125,0.0028
3669,1001.4,479.5,85.0519,85.0547,85.0673,-0.0154,-0.0126,0.0028
3670,1006.0,435.5,85.0512,85.0541,85.0666,-0.0154,-0.0126,0.0028
3671,1008.1,415.1,85.0506,85.0535,85.0660,-0.0154,-0.0125,0.0028
3672,984.9,434.1,85.0500,85.0528,85.0652,-0.0152,-0.0124,0.0028
3673,1000.2,425.4,85.0494,85.0522,85.0644,-0.0151,-0.0122,0.0028
3674,1008.1,406.0,85.0488,85.0516,85.0636,-0.0148,-0.0120,0.0028
3675,998.0,421.2,85.0482,85.0510,85.0629,-0.0147,-0.0118,0.0028
3676,997.3,445.4,85.0476,85.0505,85.0622,-0.0146,-0.0118,0.0029
3677,1014.9,407.4,85.0470,85.0499,85.0616,-0.0145,-0.0117,0.0029
3678,986.0,423.2,85.0465,85.0493,85.0609,-0.0144,-0.0116,0.0029
3679,1005.4,410.6,85.0459,85.0488,85.0602,-0.0143,-0.0114,0.0029
3680,1012.0,401.0,85.0453,85.0482,85.0595,-0.0142,-0.0113,0.0029
3681,982.5,420.1,85.0448,85.0477,85.0589,-0.0141,-0.0112,0.0029
3682,1002.3,437.3,85.0442,85.0471,85.0582,-0.0139,-0.0111,0.0029
3683,996.7,442.4,85.0437,85.0466,85.0575,-0.0138,-0.0109,0.0029
3684,1009.2,452.1,85.0432,85.0461,85.0568,-0.0136,-0.0107,0.0029
3685,992.1,428.3,85.0427,85.0456,85.0561,-0.0134,-0.0105,0.0029
3686,998.7,439.2,85.0422,85.0451,85.0555,-0.0133,-0.0104,0.0029
3687,1018.7,451.1,85.0417,85.0446,85.0548,-0.0132,-0.0103,0.0029
3688,985.0,438.6,85.0412,85.0441,85.0543,-0.0131,-0.0102,0.0029
3689,1012.1,432.6,85.0407,85.0436,85.0537,-0.0130,-0.0101,0.0029
3690,990.0,462.3,85.0402,85.0431,85.0531,-0.0128,-0.0099,0.0029
3691,1020.0,478.1,85.0397,85.0426,85.0525,-0.0127,-0.0098,0.0029
3692,990.6,485.1,85.0393,85.0422,85.0518,-0.0126,-0.0097,0.0029
3693,996.7,435.4,85.0388,85.0417,85.0513,-0.0125,-0.0096,0.0029
3694,1050.0,457.9,85.0384,85.0413,85.0507,-0.0123,-0.0094,0.0029
3695,948.7,454.2,85.0379,85.0409,85.0502,-0.0123,-0.0094,0.0029
3696,977.4,471.5,85.0375,85.0404,85.0497,-0.0122,-0.0092,0.0029
3697,1007.0,1158.4,85.0371,85.0400,85.0491,-0.0120,-0.0091,0.0029
3698,1165.6,365.1,85.0367,85.0396,85.0485,-0.0118,-0.0089,0.0029
3699,852.9,422.9,85.0363,85.0392,85.0478,-0.0115,-0.0086,0.0029
3700,984.0,403.9,85.0359,85.0388,85.0471,-0.0112,-0.0082,0.0029
3701,1005.6,450.3,85.0355,85.0384,85.0463,-0.0108,-0.0079,0.0029
3702,1003.8,417.3,85.0351,85.0380,85.0455,-0.0104,-0.0074,0.0030
3703,1008.3,402.4,85.0347,85.0377,85.0448,-0.0101,-0.0071,0.0030
3704,985.5,437.8,85.0344,85.0373,85.0442,-0.0099,-0.0069,0.0030
3705,998.2,449.9,85.0340,85.0370,85.0437,-0.0097,-0.0067,0.0030
3706,1000.6,483.0,85.0336,85.0366,85.0431,-0.0095,-0.0065,0.0030
3707,1013.9,413.9,85.0333,85.0363,85.0426,-0.0093,-0.0064,0.0030
3708,986.5,446.6,85.0330,85.0359,85.0422,-0.0092,-0.0062,0.0030
3709,998.9,436.5,85.0326,85.0356,85.0417,-0.0091,-0.0061,0.0030
3710,1001.7,438.5,85.0323,85.0353,85.0412,-0.0089,-0.0059,0.0030
3711,1008.5,431.3,85.0320,85.0350,85.0407,-0.0087,-0.0057,0.0030
3712,988.4,426.6,85.0317,85.0347,85.0402,-0.0085,-0.0055,0.0030
3713,1007.8,424.6,85.0314,85.0344,85.0396,-0.0082,-0.0052,0.0030
3714,993.1,422.5,85.0311,85.0341,85.0390,-0.0079,-0.0049,0.0030
3715,1007.8,420.1,85.0308,85.0338,85.0384,-0.0076,-0.0046,0.0030
3716,989.0,476.2,85.0306,85.0336,85.0380,-0.0074,-0.0044,0.0030
3717,1002.7,451.4,85.0303,85.0333,85.0376,-0.0073,-0.0043,0.0030
3718,1004.1,447.3,85.0300,85.0331,85.0372,-0.0072,-0.0041,0.0030
3719,998.3,454.3,85.0298,85.0328,85.0369,-0.0071,-0.0041,0.0030
3720,997.5,433.6,85.0296,85.0326,85.0365,-0.0070,-0.0040,0.0030
3721,1007.6,416.6,85.0293,85.0323,85.0362,-0.0069,-0.0039,0.0030
3722,999.1,480.6,85.0291,85.0321,85.0358,-0.0067,-0.0037,0.0030
3723,1010.7,491.8,85.0289,85.0319,85.0355,-0.0066,-0.0036,0.0030
3724,999.9,414.4,85.0287,85.0317,85.0351,-0.0064,-0.0034,0.0030
3725,977.2,488.4,85.0285,85.0315,85.0348,-0.0063,-0.0033,0.0030
3726,1009.5,459.9,85.0283,85.0313,85.0345,-0.0062,-0.0031,0.0030
3727,1004.5,432.5,85.0281,85.0311,85.0341,-0.0061,-0.0030,0.0031
3728,997.9,433.6,85.0279,85.0310,85.0339,-0.0060,-0.0029,0.0031
3729,995.7,424.2,85.0277,85.0308,85.0336,-0.0059,-0.0028,0.0031
3730,997.3,408.1,85.0276,85.0306,85.0333,-0.0057,-0.0027,0.0031
3731,1008.7,424.7,85.0274,85.0305,85.0331,-0.0056,-0.0026,0.0031
3732,989.9,421.9,85.0273,85.0304,85.0328,-0.0055,-0.0025,0.0031
3733,1012.7,443.8,85.0271,85.0302,85.0327,-0.0055,-0.0025,0.0031
3734,993.9,435.2,85.0270,85.0301,85.0324,-0.0054,-0.0024,0.0031
3735,1006.6,411.1,85.0269,85.0300,85.0323,-0.0054,-0.0023,0.0031
3736,982.6,398.3,85.0268,85.0299,85.0321,-0.0053,-0.0023,0.0031
3737,998.1,460.4,85.0267,85.0298,85.0320,-0.0053,-0.0023,0.0031
3738,994.7,514.2,85.0266,85.0297,85.0319,-0.0053,-0.0022,0.0031
3739,1021.8,462.8,85.0265,85.0296,85.0317,-0.0052,-0.0021,0.0031
3740,995.1,462.3,85.0264,85.0295,85.0316,-0.0052,-0.0021,0.0031
3741,994.9,451.5,85.0263,85.0294,85.0314,-0.0051,-0.0020,0.0031
3742,1000.3,471.8,85.0263,85.0294,85.0313,-0.0050,-0.0019,0.0031
3743,1002.9,459.8,85.0262,85.0293,85.0311,-0.0049,-0.0018,0.0031
3744,990.2,443.1,85.0261,85.0293,85.0310,-0.0048,-0.0017,0.0031
3745,1010.0,451.9,85.0261,85.0292,85.0308,-0.0047,-0.0016,0.0031
3746,994.6,470.0,85.0261,85.0292,85.0307,-0.0046,-0.0015,0.0031
3747,995.7,442.0,85.0260,85.0292,85.0305,-0.0045,-0.0014,0.0031
3748,999.9,442.4,85.0260,85.0292,85.0304,-0.0044,-0.0012,0.0031
3749,1005.6,487.6,85.0260,85.0291,85.0302,-0.0042,-0.0011,0.0031
3750,994.8,936.9,85.0260,85.0291,85.0301,-0.0041,-0.0010,0.0031
3751,949.7,502.7,85.0260,85.0292,85.0300,-0.0040,-0.0008,0.0031
3752,1049.3,454.8,85.0260,85.0292,85.0299,-0.0039,-0.0007,0.0032
3753,1003.9,469.9,85.0260,85.0292,85.0298,-0.0037,-0.0006,0.0032
3754,1012.7,445.3,85.0261,85.0292,85.0297,-0.0037,-0.0005,0.0032
3755,999.2,457.0,85.0261,85.0293,85.0297,-0.0036,-0.0004,0.0032
3756,998.0,429.2,85.0261,85.0293,85.0296,-0.0035,-0.0003,0.0032
3757,1009.6,401.9,85.0262,85.0294,85.0295,-0.0033,-0.0001,0.0032
3758,986.0,427.9,85.0263,85.0294,85.0294,-0.0032,-0.0000,0.0032
3759,1000.9,426.6,85.0263,85.0295,85.0294,-0.0031,0.0001,0.0032
3760,1000.3,422.6,85.0264,85.0296,85.0293,-0.0029,0.0003,0.0032
3761,1011.3,425.3,85.0265,85.0297,85.0292,-0.0027,0.0005,0.0032
3762,990.8,411.0,85.0266,85.0298,85.0291,-0.0025,0.0007,0.0032
3763,1000.3,424.5,85.0267,85.0299,85.0290,-0.0023,0.0009,0.0032
3764,992.1,463.0,85.0268,85.0300,85.0289,-0.0021,0.0011,0.0032
3765,1000.5,438.7,85.0269,85.0301,85.0288,-0.0019,0.0013,0.0032
3766,1000.3,474.6,85.0270,85.0302,85.0287,-0.0017,0.0015,0.0032
3767,1007.0,444.2,85.0271,85.0304,85.0286,-0.0015,0.0017,0.0032
3768,993.4,438.3,85.0273,85.0305,85.0286,-0.0014,0.0019,0.0032
3769,999.9,456.8,85.0274,85.0306,85.0286,-0.0012,0.0020,0.0032
3770,1002.4,468.3,85.0276,85.0308,85.0286,-0.0011,0.0022,0.0032
3771,1006.6,460.2,85.0277,85.0310,85.0286,-0.0009,0.0023,0.0032
3772,1015.6,444.5,85.0279,85.0311,85.0286,-0.0007,0.0026,0.0032
3773,983.1,427.0,85.0281,85.0313,85.0286,-0.0005,0.0027,0.0032
3774,1006.6,439.0,85.0283,85.0315,85.0286,-0.0003,0.0029,0.0032
3775,994.2,477.3,85.0285,85.0317,85.0286,-0.0001,0.0031,0.0032
3776,1010.7,461.7,85.0287,85.0319,85.0286,0.0001,0.0033,0.0032
3777,999.9,457.9,85.0289,85.0321,85.0286,0.0003,0.0035,0.0032
3778,1159.7,370.0,85.0291,85.0323,85.0286,0.0005,0.0038,0.0033
3779,834.9,422.9,85.0293,85.0326,85.0286,0.0007,0.0040,0.0033
3780,977.5,424.9,85.0296,85.0328,85.0286,0.0010,0.0042,0.0033
3781,1008.7,419.3,85.0298,85.0331,85.0286,0.0012,0.0045,0.0033
3782,997.1,464.0,85.0300,85.0333,85.0286,0.0015,0.0047,0.0033
3783,1004.3,484.8,85.0303,85.0336,85.0286,0.0017,0.0050,0.0033
3784,994.2,438.8,85.0306,85.0338,85.0286,0.0020,0.0053,0.0033
3785,1001.2,419.9,85.0308,85.0341,85.0286,0.0023,0.0055,0.0033
3786,992.8,364.5,85.0311,85.0344,85.0286,0.0025,0.0058,0.0033
3787,1003.2,420.2,85.0314,85.0347,85.0286,0.0028,0.0061,0.0033
3788,996.6,414.6,85.0317,85.0350,85.0286,0.0031,0.0064,0.0033
3789,1005.2,377.0,85.0320,85.0353,85.0286,0.0034,0.0067,0.0033
3790,996.2,447.4,85.0323,85.0356,85.0286,0.0037,0.0070,0.0033
3791,1000.6,438.2,85.0326,85.0359,85.0287,0.0039,0.0073,0.0033
3792,1022.9,419.9,85.0330,85.0363,85.0287,0.0043,0.0076,0.0033
3793,1002.2,425.0,85.0333,85.0366,85.0287,0.0046,0.0079,0.0033
3794,989.2,469.6,85.0336,85.0370,85.0287,0.0049,0.0082,0.0033
3795,997.8,411.5,85.0340,85.0373,85.0287,0.0053,0.0086,0.0033
3796,1003.5,489.1,85.0344,85.0377,85.0287,0.0056,0.0089,0.0033
3797,1004.1,460.8,85.0347,85.0380,85.0288,0.0059,0.0093,0.0033
3798,996.9,433.8,85.0351,85.0384,85.0288,0.0063,0.0096,0.0033
3799,997.4,486.3,85.0355,85.0388,85.0288,0.0067,0.0100,0.0033
3800,992.3,451.7,85.0359,85.0392,85.0289,0.0070,0.0104,0.0033
3801,1013.7,420.8,85.0363,85.0396,85.0289,0.0074,0.0107,0.0033
3802,990.6,456.6,85.0367,85.0400,85.0289,0.0078,0.0111,0.0033
3803,1000.3,447.8,85.0371,85.0404,85.0290,0.0081,0.0115,0.0034
3804,1004.5,428.9,85.0375,85.0409,85.0290,0.0085,0.0118,0.0034
3805,989.3,443.0,85.0379,85.0413,85.0291,0.0089,0.0122,0.0034
3806,999.9,434.8,85.0384,85.0417,85.0291,0.0093,0.0127,0.0034
3807,1045.8,413.5,85.0388,85.0422,85.0292,0.0096,0.0130,0.0034
3808,962.0,452.7,85.0393,85.0426,85.0292,0.0100,0.0134,0.0034
3809,1008.7,471.7,85.0397,85.0431,85.0293,0.0104,0.0138,0.0034
3810,1021.2,429.3,85.0402,85.0436,85.0293,0.0109,0.0142,0.0034
3811,976.0,425.4,85.0407,85.0441,85.0294,0.0113,0.0147,0.0034
3812,1000.5,404.0,85.0412,85.0446,85.0295,0.0117,0.0151,0.0034
3813,982.2,446.4,85.0417,85.0451,85.0296,0.0121,0.0155,0.0034
3814,1004.4,429.5,85.0422,85.0456,85.0297,0.0125,0.0159,0.0034
3815,994.5,427.3,85.0427,85.0461,85.0298,0.0129,0.0163,0.0034
3816,1002.5,450.8,85.0432,85.0466,85.0298,0.0134,0.0168,0.0034
3817,997.9,429.2,85.0437,85.0471,85.0300,0.0137,0.0171,0.0034
3818,1003.3,404.8,85.0442,85.0477,85.0301,0.0141,0.0175,0.0034
3819,996.0,404.6,85.0448,85.0482,85.0302,0.0146,0.0180,0.0034
3820,1005.6,424.2,85.0453,85.0488,85.0303,0.0151,0.0185,0.0034
3821,1002.8,399.4,85.0459,85.0493,85.0304,0.0155,0.0189,0.0034
3822,998.5,441.5,85.0465,85.0499,85.0305,0.0160,0.0194,0.0034
3823,996.2,432.2,85.0470,85.0505,85.0305,0.0165,0.0199,0.0034
3824,997.7,426.0,85.0476,85.0510,85.0306,0.0170,0.0204,0.0034
3825,1033.7,394.6,85.0482,85.0516,85.0308,0.0174,0.0208,0.0034
3826,968.3,433.6,85.0488,85.0522,85.0310,0.0178,0.0213,0.0034
3827,1018.8,414.7,85.0494,85.0528,85.0312,0.0182,0.0216,0.0034
3828,1001.5,440.0,85.0500,85.0535,85.0314,0.0186,0.0220,0.0034
3829,1003.4,417.5,85.0506,85.0541,85.0316,0.0190,0.0224,0.0035
3830,1234.6,286.3,85.0512,85.0547,85.0319,0.0194,0.0229,0.0035
3831,760.7,416.5,85.0519,85.0553,85.0321,0.0198,0.0232,0.0035
3832,1001.5,398.9,85.0525,85.0560,85.0324,0.0201,0.0236,0.0035
3833,988.5,411.7,85.0532,85.0566,85.0327,0.0205,0.0239,0.0035
3834,1025.2,425.3,85.0538,85.0573,85.0331,0.0207,0.0242,0.0035
3835,982.4,418.2,85.0545,85.0580,85.0334,0.0211,0.0245,0.0035
3836,1018.4,389.1,85.0552,85.0587,85.0338,0.0214,0.0248,0.0035
3837,978.8,420.8,85.0559,85.0593,85.0342,0.0216,0.0251,0.0035
3838,1003.5,413.1,85.0565,85.0600,85.0348,0.0217,0.0252,0.0035
3839,996.1,413.6,85.0572,85.0607,85.0354,0.0218,0.0253,0.0035
3840,1025.8,461.3,85.0579,85.0614,85.0362,0.0218,0.0253,0.0035
3841,1003.0,428.2,85.0587,85.0622,85.0368,0.0218,0.0253,0.0035
3842,984.8,439.8,85.0594,85.0629,85.0375,0.0219,0.0254,0.0035
3843,973.2,456.0,85.0601,85.0636,85.0380,0.0222,0.0257,0.0035
3844,999.3,481.4,85.0608,85.0644,85.0384,0.0224,0.0259,0.0035
3845,1002.0,394.8,85.0616,85.0651,85.0388,0.0228,0.0263,0.0035
3846,1048.8,440.7,85.0623,85.0659,85.0392,0.0231,0.0267,0.0035
3847,957.1,457.7,85.0631,85.0666,85.0395,0.0236,0.0271,0.0035
3848,990.3,382.6,85.0639,85.0674,85.0400,0.0239,0.0274,0.0035
3849,998.0,466.0,85.0646,85.0682,85.0405,0.0242,0.0277,0.0035
3850,999.8,436.8,85.0654,85.0690,85.0412,0.0243,0.0278,0.0035
3851,1024.6,391.2,85.0662,85.0698,85.0419,0.0243,0.0278,0.0035
3852,976.3,446.9,85.0670,85.0706,85.0428,0.0242,0.0278,0.0035
3853,999.1,429.4,85.0678,85.0714,85.0437,0.0241,0.0276,0.0035
3854,1000.9,421.6,85.0686,85.0722,85.0446,0.0240,0.0276,0.0036
3855,999.9,476.1,85.0695,85.0730,85.0454,0.0241,0.0277,0.0036
3856,1004.7,451.2,85.0703,85.0739,85.0460,0.0243,0.0278,0.0036
3857,1023.5,460.3,85.0711,85.0747,85.0466,0.0246,0.0281,0.0036
3858,975.9,461.8,85.0720,85.0755,85.0472,0.0248,0.0284,0.0036
3859,998.8,432.9,85.0728,85.0764,85.0478,0.0251,0.0286,0.0036
3860,997.2,396.0,85.0737,85.0773,85.0485,0.0252,0.0287,0.0036
3861,1005.9,471.5,85.0746,85.0781,85.0494,0.0252,0.0287,0.0036
3862,1013.8,442.0,85.0754,85.0790,85.0505,0.0249,0.0285,0.0036
3863,1000.3,459.7,85.0763,85.0799,85.0515,0.0249,0.0284,0.0036
3864,984.4,450.6,85.0772,85.0808,85.0526,0.0247,0.0283,0.0036
3865,1026.7,1457.7,85.0781,85.0817,85.0536,0.0245,0.0281,0.0036
3866,1468.3,458.1,85.0790,85.0826,85.0546,0.0244,0.0280,0.0036
3867,464.8,505.9,85.0799,85.0835,85.0555,0.0245,0.0281,0.0036
3868,1068.1,465.6,85.0809,85.0845,85.0563,0.0246,0.0282,0.0036
3869,981.3,488.7,85.0818,85.0854,85.0571,0.0247,0.0283,0.0036
3870,999.2,502.0,85.0827,85.0864,85.0580,0.0248,0.0284,0.0036
3871,1003.5,472.5,85.0837,85.0873,85.0588,0.0249,0.0285,0.0036
3872,1031.4,435.5,85.0846,85.0883,85.0596,0.0251,0.0287,0.0036
3873,976.9,461.6,85.0856,85.0892,85.0605,0.0251,0.0287,0.0036
3874,1001.1,437.2,85.0866,85.0902,85.0615,0.0251,0.0287,0.0036
3875,986.9,447.5,85.0876,85.0912,85.0625,0.0251,0.0287,0.0036
3876,1001.9,462.9,85.0885,85.0922,85.0634,0.0251,0.0288,0.0036
3877,1003.8,436.3,85.0895,85.0932,85.0643,0.0252,0.0289,0.0036
3878,989.6,451.1,85.0905,85.0942,85.0653,0.0253,0.0289,0.0036
3879,1008.2,498.0,85.0916,85.0952,85.0662,0.0254,0.0290,0.0036
3880,996.7,452.6,85.0926,85.0962,85.0671,0.0255,0.0291,0.0037
3881,1198.5,351.2,85.0936,85.0973,85.0680,0.0256,0.0292,0.0037
3882,800.0,449.7,85.0946,85.0983,85.0691,0.0256,0.0292,0.0037
3883,993.8,425.2,85.0957,85.0993,85.0701,0.0256,0.0293,0.0037
3884,999.1,449.1,85.0967,85.1004,85.0710,0.0257,0.0294,0.0037
3885,1000.9,469.5,85.0978,85.1015,85.0720,0.0258,0.0294,0.0037
3886,998.3,431.5,85.0988,85.1025,85.0729,0.0259,0.0296,0.0037
3887,1015.7,452.1,85.0999,85.1036,85.0740,0.0259,0.0296,0.0037
3888,990.5,451.9,85.1010,85.1047,85.0749,0.0261,0.0298,0.0037
3889,1018.6,466.7,85.1021,85.1058,85.0758,0.0263,0.0300,0.0037
3890,990.3,477.8,85.1032,85.1069,85.0767,0.0265,0.0302,0.0037
3891,985.5,530.1,85.1043,85.1080,85.0775,0.0268,0.0305,0.0037
3892,1003.8,655.4,85.1054,85.1091,85.0782,0.0272,0.0309,0.0037
3893,1009.6,465.8,85.1065,85.1102,85.0789,0.0276,0.0313,0.0037
3894,987.4,491.4,85.1076,85.1113,85.0797,0.0280,0.0317,0.0037
3895,1011.1,467.4,85.1088,85.1125,85.0804,0.0284,0.0321,0.0037
3896,1005.1,449.1,85.1099,85.1136,85.0813,0.0286,0.0323,0.0037
3897,1019.0,448.6,85.1111,85.1148,85.0822,0.0289,0.0326,0.0037
3898,977.6,446.7,85.1122,85.1159,85.0832,0.0290,0.0328,0.0037
3899,987.3,476.6,85.1134,85.1171,85.0842,0.0292,0.0329,0.0037
3900,1003.6,445.5,85.1146,85.1183,85.0852,0.0294,0.0331,0.0037
3901,994.7,450.4,85.1157,85.1195,85.0860,0.0297,0.0335,0.0037
3902,999.8,468.4,85.1169,85.1207,85.0870,0.0300,0.0337,0.0037
3903,1023.1,446.4,85.1181,85.1219,85.0879,0.0302,0.0340,0.0037
3904,992.6,475.4,85.1193,85.1231,85.0889,0.0305,0.0342,0.0037
3905,995.2,483.4,85.1205,85.1243,85.0898,0.0307,0.0345,0.0038
3906,1009.8,439.7,85.1218,85.1255,85.0911,0.0307,0.0344,0.0038
3907,990.1,439.8,85.1230,85.1268,85.0924,0.0306,0.0344,0.0038
3908,1019.7,447.8,85.1242,85.1280,85.0935,0.0307,0.0345,0.0038
3909,1322.4,315.4,85.1255,85.1292,85.0946,0.0308,0.0346,0.0038
3910,676.2,413.9,85.1267,85.1305,85.0958,0.0309,0.0347,0.0038
3911,981.8,765.9,85.1280,85.1318,85.0971,0.0309,0.0347,0.0038
3912,1006.4,454.5,85.1293,85.1330,85.0984,0.0308,0.0346,0.0038
3913,1004.9,416.7,85.1305,85.1343,85.0997,0.0308,0.0346,0.0038
3914,984.8,481.0,85.1318,85.1356,85.1010,0.0308,0.0346,0.0038
3915,1031.5,452.6,85.1331,85.1369,85.1024,0.0307,0.0345,0.0038
3916,975.5,500.4,85.1344,85.1382,85.1037,0.0307,0.0345,0.0038
3917,1004.0,471.7,85.1357,85.1395,85.1049,0.0308,0.0346,0.0038
3918,992.9,470.3,85.1370,85.1408,85.1061,0.0309,0.0347,0.0038
3919,997.7,448.0,85.1383,85.1421,85.1075,0.0309,0.0347,0.0038
3920,1002.8,454.7,85.1397,85.1435,85.1088,0.0309,0.0347,0.0038
3921,1007.0,427.4,85.1410,85.1448,85.1101,0.0309,0.0347,0.0038
3922,996.6,394.3,85.1423,85.1462,85.1114,0.0310,0.0348,0.0038
3923,993.5,424.6,85.1437,85.1475,85.1126,0.0311,0.0349,0.0038
3924,999.6,451.3,85.1451,85.1489,85.1138,0.0313,0.0351,0.0038
3925,1014.6,444.8,85.1464,85.1502,85.1150,0.0314,0.0353,0.0038
3926,987.7,454.8,85.1478,85.1516,85.1162,0.0316,0.0355,0.0038
3927,998.9,461.7,85.1492,85.1530,85.1174,0.0317,0.0356,0.0038
3928,1031.4,412.6,85.1506,85.1544,85.1188,0.0317,0.0356,0.0038
3929,984.4,432.6,85.1520,85.1558,85.1203,0.0316,0.0355,0.0038
3930,991.6,425.2,85.1534,85.1572,85.1217,0.0317,0.0355,0.0038
3931,999.9,426.0,85.1548,85.1586,85.1230,0.0317,0.0356,0.0039
3932,991.5,448.8,85.1562,85.1601,85.1244,0.0318,0.0357,0.0039
3933,1000.6,469.6,85.1576,85.1615,85.1256,0.0320,0.0359,0.0039
3934,1007.7,451.6,85.1591,85.1629,85.1268,0.0323,0.0361,0.0039
3935,1009.5,473.4,85.1605,85.1644,85.1281,0.0325,0.0363,0.0039
3936,1000.8,433.3,85.1620,85.1658,85.1295,0.0324,0.0363,0.0039
3937,985.8,449.8,85.1634,85.1673,85.1309,0.0325,0.0363,0.0039
3938,1001.4,458.0,85.1649,85.1688,85.1324,0.0325,0.0363,0.0039
3939,998.7,471.7,85.1664,85.1702,85.1339,0.0324,0.0363,0.0039
3940,1006.4,482.0,85.1678,85.1717,85.1356,0.0323,0.0362,0.0039
3941,1232.2,355.5,85.1693,85.1732,85.1372,0.0321,0.0360,0.0039
3942,772.0,437.5,85.1708,85.1747,85.1388,0.0320,0.0359,0.0039
3943,995.9,417.9,85.1723,85.1762,85.1406,0.0317,0.0356,0.0039
3944,992.9,453.3,85.1738,85.1777,85.1424,0.0315,0.0354,0.0039
3945,1006.1,443.3,85.1754,85.1793,85.1442,0.0312,0.0351,0.0039
3946,1000.6,436.3,85.1769,85.1808,85.1459,0.0310,0.0349,0.0039
3947,989.7,441.4,85.1784,85.1823,85.1476,0.0308,0.0347,0.0039
3948,999.8,432.4,85.1800,85.1839,85.1496,0.0304,0.0343,0.0039
3949,1004.0,453.7,85.1815,85.1854,85.1512,0.0303,0.0342,0.0039
3950,1007.4,431.2,85.1831,85.1870,85.1528,0.0303,0.0342,0.0039
3951,1001.8,439.8,85.1847,85.1886,85.1545,0.0302,0.0341,0.0039
3952,988.5,463.5,85.1862,85.1902,85.1563,0.0299,0.0338,0.0039
3953,1013.9,453.8,85.1878,85.1917,85.1581,0.0297,0.0336,0.0039
3954,984.1,457.6,85.1894,85.1933,85.1599,0.0295,0.0334,0.0039
3955,1000.2,459.4,85.1910,85.1949,85.1618,0.0292,0.0331,0.0039
3956,998.3,452.8,85.1926,85.1965,85.1635,0.0291,0.0330,0.0039
3957,1018.5,771.8,85.1942,85.1982,85.1652,0.0290,0.0330,0.0040
3958,994.5,474.2,85.1958,85.1998,85.1667,0.0291,0.0331,0.0040
3959,991.3,468.2,85.1975,85.2014,85.1683,0.0291,0.0331,0.0040
3960,999.1,451.4,85.1991,85.2031,85.1701,0.0290,0.0330,0.0040
3961,1005.6,933.3,85.2007,85.2047,85.1718,0.0289,0.0329,0.0040
3962,939.8,513.3,85.2024,85.2064,85.1735,0.0289,0.0328,0.0040
3963,1063.6,434.0,85.2040,85.2080,85.1752,0.0288,0.0328,0.0040
3964,991.4,456.9,85.2057,85.2097,85.1752,0.0305,0.0345,0.0040
3965,999.1,481.5,85.2074,85.2114,85.1771,0.0303,0.0343,0.0040
3966,999.0,485.0,85.2091,85.2130,85.1788,0.0302,0.0342,0.0040
3967,1009.4,488.5,85.2108,85.2147,85.1806,0.0302,0.0341,0.0040
3968,992.2,463.2,85.2124,85.2164,85.1827,0.0298,0.0338,0.0040
3969,1001.6,442.7,85.2142,85.2181,85.1846,0.0295,0.0335,0.0040
3970,1014.3,434.2,85.2159,85.2199,85.1866,0.0292,0.0332,0.0040
3971,994.7,455.7,85.2176,85.2216,85.1887,0.0289,0.0329,0.0040
3972,1002.2,421.5,85.2193,85.2233,85.1907,0.0286,0.0326,0.0040
3973,988.0,449.5,85.2210,85.2251,85.1928,0.0282,0.0323,0.0040
3974,1006.3,505.6,85.2228,85.2268,85.1948,0.0280,0.0320,0.0040
3975,999.2,470.6,85.2245,85.2286,85.1969,0.0276,0.0316,0.0040
3976,1001.9,454.3,85.2263,85.2303,85.1988,0.0275,0.0315,0.0040
3977,983.5,488.0,85.2281,85.2321,85.2005,0.0275,0.0315,0.0040
3978,1006.5,407.6,85.2298,85.2339,85.2023,0.0275,0.0316,0.0040
3979,1110.7,392.3,85.2316,85.2356,85.2042,0.0274,0.0314,0.0040
3980,1322.5,288.2,85.2334,85.2374,85.2059,0.0275,0.0315,0.0040
3981,585.4,435.0,85.2352,85.2392,85.2077,0.0275,0.0315,0.0040
3982,994.5,468.2,85.2370,85.2410,85.2094,0.0276,0.0317,0.0040
3983,997.2,440.9,85.2388,85.2428,85.2111,0.0277,0.0318,0.0040
3984,998.1,437.3,85.2406,85.2447,85.2126,0.0280,0.0320,0.0041
3985,1016.3,465.2,85.2424,85.2465,85.2142,0.0282,0.0323,0.0041
3986,973.1,497.6,85.2443,85.2483,85.2158,0.0285,0.0326,0.0041
3987,1021.2,433.4,85.2461,85.2502,85.2175,0.0286,0.0327,0.0041
3988,988.9,480.4,85.2480,85.2520,85.2190,0.0289,0.0330,0.0041
3989,1009.5,464.2,85.2498,85.2539,85.2206,0.0292,0.0333,0.0041
3990,1003.6,750.2,85.2517,85.2558,85.2222,0.0294,0.0335,0.0041
3991,994.6,513.2,85.2535,85.2576,85.2240,0.0296,0.0336,0.0041
3992,996.0,480.3,85.2554,85.2595,85.2256,0.0299,0.0339,0.0041
3993,1000.0,423.4,85.2573,85.2614,85.2272,0.0301,0.0341,0.0041
3994,983.2,473.7,85.2592,85.2633,85.2290,0.0302,0.0343,0.0041
3995,1007.0,444.5,85.2611,85.2652,85.2311,0.0300,0.0341,0.0041
3996,992.3,435.2,85.2630,85.2671,85.2331,0.0299,0.0340,0.0041
3997,995.5,463.3,85.2649,85.2690,85.2353,0.0297,0.0338,0.0041
3998,1002.9,648.1,85.2669,85.2710,85.2373,0.0295,0.0336,0.0041
3999,1001.9,458.5,85.2688,85.2729,85.2395,0.0293,0.0334,0.0041
4000,999.6,455.2,85.2707,85.2748,85.2414,0.0293,0.0335,0.0041
4001,1009.6,494.7,85.2727,85.2768,85.2433,0.0294,0.0335,0.0041
4002,985.9,471.8,85.2746,85.2787,85.2453,0.0293,0.0334,0.0041
4003,998.1,507.7,85.2766,85.2807,85.2473,0.0293,0.0334,0.0041
4004,1008.4,486.5,85.2785,85.2827,85.2494,0.0292,0.0333,0.0041
4005,1031.4,3063.6,85.2805,85.2847,85.2513,0.0292,0.0333,0.0041
4006,3071.3,407.4,85.2825,85.2866,85.2576,0.0249,0.0290,0.0041
4007,411.6,327.1,85.2845,85.2886,85.2576,0.0269,0.0310,0.0041
4008,331.1,529.0,85.2865,85.2906,85.2596,0.0269,0.0311,0.0041
4009,535.9,281.5,85.2885,85.2926,85.2596,0.0289,0.0331,0.0041
4010,640.7,420.1,85.2905,85.2947,85.2615,0.0290,0.0332,0.0042
4011,990.4,773.2,85.2925,85.2967,85.2635,0.0290,0.0332,0.0042
4012,1014.9,454.6,85.2946,85.2987,85.2657,0.0288,0.0330,0.0042
4013,979.2,442.0,85.2966,85.3008,85.2679,0.0287,0.0329,0.0042
4014,997.3,508.4,85.2986,85.3028,85.2700,0.0287,0.0328,0.0042
4015,994.4,528.9,85.3007,85.3049,85.2721,0.0286,0.0327,0.0042
4016,999.9,467.3,85.3027,85.3069,85.2745,0.0282,0.0324,0.0042
4017,998.6,457.0,85.3048,85.3090,85.2766,0.0282,0.0324,0.0042
4018,1770.1,1717.6,85.3069,85.3111,85.2808,0.0261,0.0302,0.0042
4019,1724.5,292.4,85.3090,85.3131,85.2830,0.0260,0.0302,0.0042
4020,295.2,284.3,85.3110,85.3152,85.2849,0.0262,0.0304,0.0042
4021,286.8,389.2,85.3131,85.3173,85.2849,0.0283,0.0325,0.0042
4022,937.5,427.9,85.3152,85.3194,85.2868,0.0284,0.0326,0.0042
4023,1849.5,594.0,85.3174,85.3216,85.2909,0.0264,0.0306,0.0042
4024,600.1,237.9,85.3195,85.3237,85.2909,0.0286,0.0328,0.0042
4025,547.7,413.9,85.3216,85.3258,85.2928,0.0288,0.0330,0.0042
4026,987.4,450.3,85.3237,85.3279,85.2947,0.0291,0.0333,0.0042
4027,997.1,1569.9,85.3259,85.3301,85.2964,0.0295,0.0337,0.0042
4028,1573.3,296.0,85.3280,85.3322,85.2983,0.0297,0.0340,0.0042
4029,432.9,917.4,85.3302,85.3344,85.3000,0.0302,0.0344,0.0042
4030,996.0,482.2,85.3323,85.3366,85.3018,0.0306,0.0348,0.0042
4031,1003.8,429.3,85.3345,85.3387,85.3035,0.0310,0.0352,0.0042
4032,998.1,467.2,85.3367,85.3409,85.3054,0.0313,0.0355,0.0042
4033,998.1,450.8,85.3389,85.3431,85.3072,0.0317,0.0359,0.0042
4034,1004.1,384.8,85.3411,85.3453,85.3090,0.0320,0.0363,0.0042
4035,995.0,499.0,85.3433,85.3475,85.3110,0.0322,0.0365,0.0042
4036,1000.0,444.9,85.3455,85.3497,85.3133,0.0322,0.0364,0.0042
4037,1000.7,381.7,85.3477,85.3519,85.3153,0.0323,0.0366,0.0043
4038,1001.5,496.6,85.3499,85.3541,85.3172,0.0326,0.0369,0.0043
4039,997.0,479.9,85.3521,85.3564,85.3191,0.0330,0.0373,0.0043
4040,4010.4,516.9,85.3544,85.3586,85.3260,0.0283,0.0326,0.0043
4041,522.1,304.8,85.3566,85.3609,85.3260,0.0306,0.0348,0.0043
4042,306.7,236.1,85.3588,85.3631,85.3276,0.0313,0.0355,0.0043
4043,238.1,367.7,85.3611,85.3654,85.3276,0.0335,0.0378,0.0043
4044,369.6,232.0,85.3634,85.3676,85.3276,0.0358,0.0401,0.0043
4045,563.2,478.4,85.3656,85.3699,85.3292,0.0364,0.0407,0.0043
4046,1002.3,436.5,85.3679,85.3722,85.3305,0.0374,0.0417,0.0043
4047,988.8,472.9,85.3702,85.3745,85.3318,0.0384,0.0427,0.0043
4048,1003.7,447.1,85.3725,85.3768,85.3330,0.0395,0.0438,0.0043
4049,996.7,414.8,85.3748,85.3791,85.3343,0.0405,0.0448,0.0043
4050,1023.3,453.1,85.3771,85.3814,85.3358,0.0413,0.0456,0.0043
4051,990.2,463.8,85.3794,85.3837,85.3376,0.0419,0.0462,0.0043
4052,1003.5,421.6,85.3818,85.3861,85.3396,0.0422,0.0465,0.0043
4053,991.4,438.7,85.3841,85.3884,85.3415,0.0426,0.0469,0.0043
4054,994.2,451.3,85.3864,85.3907,85.3434,0.0430,0.0473,0.0043
4055,1001.5,407.5,85.3888,85.3931,85.3453,0.0435,0.0478,0.0043
4056,998.4,467.2,85.3911,85.3954,85.3473,0.0439,0.0482,0.0043
4057,1007.5,449.0,85.3935,85.3978,85.3492,0.0443,0.0486,0.0043
4058,993.6,438.2,85.3959,85.4002,85.3512,0.0446,0.0489,0.0043
4059,1002.7,445.0,85.3982,85.4026,85.3534,0.0449,0.0492,0.0043
4060,999.5,431.9,85.4006,85.4050,85.3557,0.0449,0.0493,0.0043
4061,1004.8,433.6,85.4030,85.4073,85.3578,0.0452,0.0495,0.0043
4062,988.7,447.1,85.4054,85.4097,85.3600,0.0454,0.0497,0.0043
4063,1004.8,442.3,85.4078,85.4122,85.3623,0.0455,0.0499,0.0043
4064,1006.3,477.5,85.4102,85.4146,85.3646,0.0456,0.0500,0.0043
4065,990.2,458.2,85.4126,85.4170,85.3668,0.0458,0.0502,0.0044
4066,1003.4,482.2,85.4151,85.4194,85.3689,0.0462,0.0505,0.0044
4067,1007.0,483.2,85.4175,85.4219,85.3711,0.0464,0.0507,0.0044
4068,1009.7,497.2,85.4199,85.4243,85.3735,0.0464,0.0508,0.0044
4069,1001.4,459.4,85.4224,85.4268,85.3757,0.0467,0.0511,0.0044
4070,992.9,490.1,85.4248,85.4292,85.3779,0.0469,0.0513,0.0044
4071,999.2,456.5,85.4273,85.4317,85.3801,0.0472,0.0515,0.0044
4072,997.9,460.0,85.4298,85.4342,85.3824,0.0473,0.0517,0.0044
4073,1006.1,430.4,85.4323,85.4366,85.3850,0.0473,0.0516,0.0044
4074,997.5,487.3,85.4347,85.4391,85.3873,0.0474,0.0518,0.0044
4075,1011.3,443.6,85.4372,85.4416,85.3898,0.0474,0.0518,0.0044
4076,992.2,812.4,85.4397,85.4441,85.3925,0.0472,0.0516,0.0044
4077,1025.5,429.6,85.4422,85.4466,85.3952,0.0470,0.0514,0.0044
4078,968.2,432.6,85.4447,85.4491,85.3980,0.0468,0.0512,0.0044
4079,1009.6,430.2,85.4473,85.4517,85.4009,0.0464,0.0508,0.0044
4080,1012.6,410.4,85.4498,85.4542,85.4042,0.0456,0.0500,0.0044
4081,1010.5,390.9,85.4523,85.4567,85.4071,0.0452,0.0496,0.0044
4082,965.3,433.1,85.4549,85.4593,85.4098,0.0450,0.0494,0.0044
4083,999.0,437.1,85.4574,85.4618,85.4124,0.0450,0.0494,0.0044
4084,997.6,430.0,85.4600,85.4644,85.4150,0.0450,0.0494,0.0044
4085,1017.2,420.4,85.4625,85.4670,85.4175,0.0450,0.0494,0.0044
4086,989.2,459.6,85.4651,85.4695,85.4201,0.0450,0.0494,0.0044
4087,994.2,617.5,85.4677,85.4721,85.4227,0.0450,0.0495,0.0044
4088,1006.9,435.1,85.4703,85.4747,85.4254,0.0448,0.0493,0.0044
4089,999.9,425.1,85.4729,85.4773,85.4281,0.0448,0.0492,0.0044
4090,1015.7,483.1,85.4755,85.4799,85.4309,0.0445,0.0490,0.0044
4091,973.8,509.1,85.4781,85.4825,85.4338,0.0442,0.0487,0.0044
4092,1005.5,453.9,85.4807,85.4851,85.4369,0.0438,0.0482,0.0045
4093,1002.1,398.8,85.4833,85.4878,85.4398,0.0435,0.0479,0.0045
4094,1034.4,486.3,85.4859,85.4904,85.4427,0.0432,0.0477,0.0045
4095,976.2,453.6,85.4886,85.4930,85.4455,0.0431,0.0475,0.0045
4096,1000.6,409.9,85.4912,85.4957,85.4485,0.0427,0.0472,0.0045
4097,998.6,443.3,85.4939,85.4983,85.4512,0.0427,0.0471,0.0045
4098,991.6,453.3,85.4965,85.5010,85.4539,0.0426,0.0471,0.0045
4099,1001.0,423.1,85.4992,85.5037,85.4566,0.0426,0.0471,0.0045
4100,1011.0,459.3,85.5019,85.5063,85.4595,0.0424,0.0468,0.0045
4101,989.2,466.2,85.5045,85.5090,85.4622,0.0424,0.0469,0.0045
4102,1007.3,400.8,85.5072,85.5117,85.4648,0.0424,0.0469,0.0045
4103,990.1,460.7,85.5099,85.5144,85.4674,0.0426,0.0471,0.0045
4104,1009.6,461.7,85.5126,85.5171,85.4702,0.0424,0.0469,0.0045
4105,997.6,547.7,85.5153,85.5198,85.4728,0.0425,0.0470,0.0045
4106,1012.4,490.0,85.5180,85.5225,85.4754,0.0426,0.0471,0.0045
4107,985.5,501.9,85.5208,85.5253,85.4781,0.0427,0.0472,0.0045
4108,1011.7,427.1,85.5235,85.5280,85.4811,0.0424,0.0469,0.0045
4109,975.2,851.0,85.5262,85.5307,85.4840,0.0423,0.0468,0.0045
4110,1008.4,500.0,85.5290,85.5335,85.4868,0.0422,0.0467,0.0045
4111,1010.7,472.1,85.5317,85.5362,85.4895,0.0422,0.0467,0.0045
4112,982.5,446.1,85.5345,85.5390,85.4929,0.0416,0.0461,0.0045
4113,1002.2,432.8,85.5372,85.5418,85.4956,0.0416,0.0461,0.0045
4114,1007.7,552.6,85.5400,85.5445,85.4984,0.0416,0.0461,0.0045
4115,1132.6,357.1,85.5428,85.5473,85.5014,0.0414,0.0459,0.0045
4116,860.3,478.8,85.5456,85.5501,85.5042,0.0414,0.0459,0.0045
4117,990.7,399.9,85.5484,85.5529,85.5069,0.0415,0.0460,0.0045
4118,998.7,456.1,85.5512,85.5557,85.5096,0.0416,0.0461,0.0045
4119,999.8,495.5,85.5540,85.5585,85.5124,0.0416,0.0462,0.0045
4120,1006.0,418.4,85.5568,85.5613,85.5150,0.0417,0.0463,0.0046
4121,995.9,500.0,85.5596,85.5642,85.5179,0.0417,0.0462,0.0046
4122,999.3,484.2,85.5624,85.5670,85.5210,0.0414,0.0460,0.0046
4123,999.4,424.9,85.5653,85.5698,85.5241,0.0412,0.0457,0.0046
4124,1009.3,461.5,85.5681,85.5727,85.5274,0.0408,0.0453,0.0046
4125,991.6,494.2,85.5710,85.5755,85.5302,0.0408,0.0453,0.0046
4126,1014.9,472.9,85.5738,85.5784,85.5331,0.0407,0.0453,0.0046
4127,990.3,478.8,85.5767,85.5813,85.5360,0.0407,0.0453,0.0046
4128,997.2,472.1,85.5796,85.5841,85.5391,0.0404,0.0450,0.0046
4129,1001.2,430.5,85.5824,85.5870,85.5391,0.0433,0.0479,0.0046
4130,1007.5,467.4,85.5853,85.5899,85.5420,0.0433,0.0479,0.0046
4131,1004.8,461.7,85.5882,85.5928,85.5449,0.0433,0.0479,0.0046
4132,1001.4,466.2,85.5911,85.5957,85.5476,0.0435,0.0481,0.0046
4133,997.1,453.7,85.5940,85.5986,85.5505,0.0435,0.0481,0.0046
4134,999.2,446.2,85.5969,85.6015,85.5535,0.0435,0.0481,0.0046
4135,997.8,454.8,85.5998,85.6044,85.5566,0.0433,0.0479,0.0046
4136,1008.5,454.6,85.6028,85.6074,85.5600,0.0428,0.0474,0.0046
4137,996.3,451.6,85.6057,85.6103,85.5631,0.0426,0.0472,0.0046
4138,1001.0,467.0,85.6086,85.6133,85.5661,0.0426,0.0472,0.0046
4139,995.9,472.7,85.6116,85.6162,85.5690,0.0426,0.0472,0.0046
4140,1009.1,472.8,85.6145,85.6192,85.5720,0.0425,0.0472,0.0046
4141,997.7,499.4,85.6175,85.6221,85.5748,0.0427,0.0473,0.0046
4142,996.0,471.9,85.6205,85.6251,85.5776,0.0429,0.0475,0.0046
4143,997.7,731.3,85.6234,85.6281,85.5802,0.0433,0.0479,0.0046
4144,1007.5,448.2,85.6264,85.6311,85.5830,0.0434,0.0481,0.0046
4145,995.4,437.2,85.6294,85.6341,85.5856,0.0438,0.0485,0.0046
4146,992.2,451.9,85.6324,85.6371,85.5881,0.0443,0.0490,0.0046
4147,1002.9,475.4,85.6354,85.6401,85.5906,0.0448,0.0495,0.0046
4148,1007.2,462.2,85.6384,85.6431,85.5933,0.0452,0.0498,0.0046
4149,989.3,463.3,85.6414,85.6461,85.5957,0.0457,0.0504,0.0047
4150,1009.1,463.4,85.6445,85.6491,85.5982,0.0462,0.0509,0.0047
4151,992.6,463.4,85.6475,85.6522,85.6007,0.0468,0.0515,0.0047
4152,1019.2,444.7,85.6505,85.6552,85.6035,0.0471,0.0517,0.0047
4153,986.5,457.4,85.6536,85.6582,85.6061,0.0475,0.0521,0.0047
4154,993.7,465.3,85.6566,85.6613,85.6088,0.0478,0.0525,0.0047
4155,1006.9,395.1,85.6597,85.6644,85.6116,0.0481,0.0528,0.0047
4156,1011.0,454.3,85.6628,85.6674,85.6145,0.0483,0.0530,0.0047
4157,1003.1,437.6,85.6658,85.6705,85.6170,0.0489,0.0535,0.0047
4158,978.9,357.1,85.6689,85.6736,85.6194,0.0495,0.0542,0.0047
4159,1016.4,439.8,85.6720,85.6767,85.6218,0.0502,0.0549,0.0047
4160,992.5,426.2,85.6751,85.6798,85.6246,0.0505,0.0552,0.0047
4161,1003.3,407.8,85.6782,85.6829,85.6272,0.0510,0.0557,0.0047
4162,999.5,430.9,85.6813,85.6860,85.6299,0.0514,0.0561,0.0047
4163,993.8,429.2,85.6844,85.6891,85.6326,0.0518,0.0565,0.0047
4164,1003.3,4050.1,85.6875,85.6922,85.6354,0.0521,0.0568,0.0047
4165,4062.2,531.6,85.6906,85.6954,85.6468,0.0439,0.0486,0.0047
4166,539.3,336.1,85.6938,85.6985,85.6468,0.0470,0.0517,0.0047
4167,345.5,485.4,85.6969,85.7016,85.6498,0.0471,0.0518,0.0047
4168,491.5,257.2,85.7001,85.7048,85.6498,0.0502,0.0550,0.0047
4169,262.7,336.4,85.7032,85.7079,85.6530,0.0502,0.0549,0.0047
4170,341.0,380.2,85.7064,85.7111,85.6530,0.0534,0.0581,0.0047
4171,958.2,457.5,85.7096,85.7143,85.6560,0.0536,0.0583,0.0047
4172,1014.3,454.8,85.7127,85.7175,85.6590,0.0537,0.0584,0.0047
4173,988.5,445.5,85.7159,85.7206,85.6617,0.0542,0.0590,0.0047
4174,986.9,509.1,85.7191,85.7238,85.6642,0.0549,0.0596,0.0047
4175,1017.0,465.4,85.7223,85.7270,85.6671,0.0552,0.0600,0.0047
4176,998.7,404.9,85.7255,85.7302,85.6704,0.0551,0.0599,0.0047
4177,980.0,446.0,85.7287,85.7334,85.6737,0.0550,0.0598,0.0047
4178,1000.0,433.7,85.7319,85.7367,85.6769,0.0550,0.0598,0.0048
4179,1004.7,401.4,85.7351,85.7399,85.6800,0.0551,0.0599,0.0048
4180,994.8,447.0,85.7384,85.7431,85.6834,0.0550,0.0597,0.0048
4181,1003.8,448.6,85.7416,85.7464,85.6866,0.0550,0.0598,0.0048
4182,1002.9,408.8,85.7448,85.7496,85.6898,0.0550,0.0598,0.0048
4183,999.3,495.2,85.7481,85.7529,85.6932,0.0549,0.0597,0.0048
4184,1015.2,2212.9,85.7514,85.7561,85.6968,0.0545,0.0593,0.0048
4185,2219.3,317.5,85.7546,85.7594,85.7035,0.0511,0.0559,0.0048
4186,324.2,308.1,85.7579,85.7627,85.7035,0.0544,0.0591,0.0048
4187,459.1,416.3,85.7612,85.7659,85.7067,0.0544,0.0592,0.0048
4188,987.6,420.5,85.7644,85.7692,85.7100,0.0545,0.0593,0.0048
4189,992.0,475.0,85.7677,85.7725,85.7127,0.0550,0.0598,0.0048
4190,1006.3,458.5,85.7710,85.7758,85.7155,0.0555,0.0603,0.0048
4191,999.2,461.3,85.7743,85.7791,85.7183,0.0560,0.0608,0.0048
4192,990.7,453.2,85.7776,85.7824,85.7213,0.0563,0.0611,0.0048
4193,1014.1,427.2,85.7810,85.7858,85.7242,0.0567,0.0615,0.0048
4194,985.1,3014.3,85.7843,85.7891,85.7271,0.0572,0.0620,0.0048
4195,3019.5,502.7,85.7876,85.7924,85.7363,0.0513,0.0561,0.0048
4196,505.1,296.0,85.7909,85.7958,85.7363,0.0547,0.0595,0.0048
4197,298.3,217.0,85.7943,85.7991,85.7398,0.0545,0.0593,0.0048
4198,219.2,394.7,85.7976,85.8025,85.7398,0.0579,0.0627,0.0048
4199,960.8,438.0,85.8010,85.8058,85.7434,0.0576,0.0625,0.0048
4200,999.3,427.3,85.8044,85.8092,85.7472,0.0572,0.0620,0.0048
4201,1002.4,432.3,85.8077,85.8126,85.7506,0.0572,0.0620,0.0048
4202,1001.9,425.1,85.8111,85.8159,85.7537,0.0574,0.0623,0.0048
4203,1007.8,461.0,85.8145,85.8193,85.7568,0.0577,0.0626,0.0048
4204,983.4,454.9,85.8179,85.8227,85.7601,0.0578,0.0626,0.0048
4205,1001.3,439.9,85.8213,85.8261,85.7639,0.0574,0.0622,0.0048
4206,1012.7,445.4,85.8247,85.8295,85.7676,0.0571,0.0619,0.0048
4207,1008.5,437.3,85.8281,85.8329,85.7714,0.0567,0.0616,0.0048
4208,982.9,429.4,85.8315,85.8364,85.7755,0.0560,0.0609,0.0049
4209,997.2,442.5,85.8349,85.8398,85.7792,0.0557,0.0606,0.0049
4210,1003.5,455.6,85.8384,85.8432,85.7830,0.0554,0.0602,0.0049
4211,995.0,430.3,85.8418,85.8467,85.7867,0.0551,0.0600,0.0049
4212,996.8,429.9,85.8452,85.8501,85.7903,0.0549,0.0598,0.0049
4213,1000.2,448.9,85.8487,85.8536,85.7942,0.0545,0.0594,0.0049
4214,1003.3,462.7,85.8521,85.8570,85.7978,0.0543,0.0592,0.0049
4215,996.3,469.0,85.8556,85.8605,85.8014,0.0542,0.0591,0.0049
4216,1000.1,467.6,85.8591,85.8640,85.8052,0.0538,0.0587,0.0049
4217,999.9,392.7,85.8626,85.8674,85.8089,0.0537,0.0586,0.0049
4218,1004.1,485.0,85.8660,85.8709,85.8126,0.0534,0.0583,0.0049
4219,996.5,489.6,85.8695,85.8744,85.8162,0.0533,0.0582,0.0049
4220,999.3,413.5,85.8730,85.8779,85.8202,0.0528,0.0577,0.0049
4221,1000.7,442.0,85.8765,85.8814,85.8239,0.0526,0.0575,0.0049
4222,1004.9,467.9,85.8800,85.8849,85.8275,0.0525,0.0574,0.0049
4223,995.2,377.4,85.8835,85.8884,85.8311,0.0524,0.0573,0.0049
4224,1000.0,474.2,85.8871,85.8920,85.8349,0.0522,0.0571,0.0049
4225,1000.1,436.8,85.8906,85.8955,85.8383,0.0523,0.0572,0.0049
4226,1006.2,372.2,85.8941,85.8990,85.8415,0.0526,0.0575,0.0049
4227,995.4,443.2,85.8977,85.9026,85.8447,0.0530,0.0579,0.0049
4228,1007.0,441.0,85.9012,85.9061,85.8482,0.0530,0.0579,0.0049
4229,994.7,385.5,85.9048,85.9097,85.8517,0.0531,0.0580,0.0049
4230,1004.1,441.3,85.9083,85.9133,85.8552,0.0531,0.0580,0.0049
4231,994.9,440.5,85.9119,85.9168,85.8589,0.0530,0.0579,0.0049
4232,998.6,381.4,85.9155,85.9204,85.8629,0.0526,0.0575,0.0049
4233,1000.3,458.5,85.9191,85.9240,85.8666,0.0525,0.0574,0.0049
4234,1004.3,452.6,85.9226,85.9276,85.8703,0.0524,0.0573,0.0049
4235,995.4,378.6,85.9262,85.9312,85.8739,0.0524,0.0573,0.0049
4236,1003.2,449.7,85.9298,85.9348,85.8776,0.0523,0.0572,0.0049
4237,999.3,438.9,85.9334,85.9384,85.8812,0.0523,0.0572,0.0049
4238,1004.4,378.6,85.9371,85.9420,85.8849,0.0522,0.0571,0.0050
4239,993.1,460.3,85.9407,85.9456,85.8884,0.0523,0.0572,0.0050
4240,1000.2,466.3,85.9443,85.9493,85.8921,0.0522,0.0572,0.0050
4241,999.8,420.8,85.9479,85.9529,85.8954,0.0525,0.0575,0.0050
4242,1010.0,461.2,85.9516,85.9565,85.8989,0.0526,0.0576,0.0050
4243,994.4,439.5,85.9552,85.9602,85.9027,0.0525,0.0575,0.0050
4244,1000.6,398.5,85.9589,85.9638,85.9068,0.0520,0.0570,0.0050
4245,996.2,445.1,85.9625,85.9675,85.9108,0.0518,0.0567,0.0050
4246,1004.4,439.8,85.9662,85.9712,85.9146,0.0516,0.0566,0.0050
4247,995.6,444.9,85.9699,85.9748,85.9180,0.0519,0.0569,0.0050
4248,999.9,513.7,85.9735,85.9785,85.9213,0.0522,0.0572,0.0050
4249,1002.5,515.8,85.9772,85.9822,85.9245,0.0527,0.0577,0.0050
4250,1005.6,463.2,85.9809,85.9859,85.9278,0.0531,0.0581,0.0050
4251,992.8,472.0,85.9846,85.9896,85.9312,0.0534,0.0584,0.0050
4252,1017.0,443.9,85.9883,85.9933,85.9347,0.0536,0.0586,0.0050
4253,993.1,430.4,85.9920,85.9970,85.9384,0.0536,0.0586,0.0050
4254,1006.8,461.4,85.9957,86.0007,85.9418,0.0539,0.0589,0.0050
4255,991.8,449.1,85.9995,86.0045,85.9454,0.0541,0.0591,0.0050
4256,1009.9,472.4,86.0032,86.0082,85.9491,0.0541,0.0591,0.0050
4257,991.7,452.7,86.0069,86.0119,85.9525,0.0544,0.0594,0.0050
4258,1007.6,437.8,86.0107,86.0157,85.9558,0.0548,0.0598,0.0050
4259,992.2,429.6,86.0144,86.0194,85.9590,0.0554,0.0604,0.0050
4260,1004.0,438.2,86.0182,86.0232,85.9624,0.0557,0.0608,0.0050
4261,994.4,432.6,86.0219,86.0269,85.9654,0.0565,0.0615,0.0050
4262,1007.9,451.1,86.0257,86.0307,85.9685,0.0572,0.0622,0.0050
4263,992.1,456.2,86.0295,86.0345,85.9716,0.0579,0.0629,0.0050
4264,1006.4,436.3,86.0332,86.0383,85.9751,0.0582,0.0632,0.0050
4265,994.8,469.9,86.0370,86.0421,85.9783,0.0587,0.0637,0.0050
4266,1007.2,468.3,86.0408,86.0459,85.9816,0.0592,0.0642,0.0050
4267,995.7,448.0,86.0446,86.0497,85.9849,0.0597,0.0648,0.0050
4268,997.7,472.2,86.0484,86.0535,85.9885,0.0599,0.0649,0.0050
4269,1002.8,454.4,86.0522,86.0573,85.9920,0.0602,0.0653,0.0050
4270,992.8,430.3,86.0560,86.0611,85.9957,0.0604,0.0654,0.0051
4271,1004.4,498.0,86.0599,86.0649,85.9993,0.0605,0.0656,0.0051
4272,999.9,464.3,86.0637,86.0688,86.0037,0.0600,0.0650,0.0051
4273,999.9,470.6,86.0675,86.0726,86.0068,0.0607,0.0658,0.0051
4274,1007.2,485.0,86.0714,86.0764,86.0104,0.0610,0.0661,0.0051
4275,990.7,481.6,86.0752,86.0803,86.0141,0.0611,0.0662,0.0051
4276,1006.2,432.4,86.0791,86.0842,86.0187,0.0604,0.0655,0.0051
4277,998.7,449.1,86.0829,86.0880,86.0224,0.0605,0.0656,0.0051
4278,1000.8,460.6,86.0868,86.0919,86.0263,0.0605,0.0656,0.0051
4279,995.3,494.4,86.0907,86.0958,86.0306,0.0601,0.0652,0.0051
4280,997.5,523.6,86.0946,86.0996,86.0345,0.0601,0.0652,0.0051
4281,1000.9,519.5,86.0984,86.1035,86.0385,0.0600,0.0651,0.0051
4282,1006.2,401.3,86.1023,86.1074,86.0425,0.0598,0.0649,0.0051
4283,992.9,525.3,86.1062,86.1113,86.0468,0.0594,0.0645,0.0051
4284,1005.6,506.7,86.1101,86.1152,86.0508,0.0594,0.0645,0.0051
4285,994.8,432.8,86.1140,86.1191,86.0548,0.0592,0.0643,0.0051
4286,1008.6,463.2,86.1180,86.1231,86.0588,0.0592,0.0643,0.0051
4287,993.4,460.3,86.1219,86.1270,86.0628,0.0591,0.0642,0.0051
4288,1005.5,387.4,86.1258,86.1309,86.0672,0.0586,0.0637,0.0051
4289,994.5,521.8,86.1297,86.1349,86.0713,0.0584,0.0635,0.0051
4290,1020.3,487.8,86.1337,86.1388,86.0756,0.0581,0.0632,0.0051
4291,994.7,475.6,86.1376,86.1428,86.0798,0.0579,0.0630,0.0051
4292,987.7,501.0,86.1416,86.1467,86.0840,0.0576,0.0627,0.0051
4293,1000.0,472.7,86.1455,86.1507,86.0878,0.0578,0.0629,0.0051
4294,999.6,431.9,86.1495,86.1546,86.0878,0.0617,0.0668,0.0051
4295,1009.0,472.4,86.1535,86.1586,86.0915,0.0620,0.0671,0.0051
4296,995.5,484.0,86.1575,86.1626,86.0950,0.0624,0.0676,0.0051
4297,998.1,441.0,86.1614,86.1666,86.0988,0.0626,0.0678,0.0051
4298,999.2,482.8,86.1654,86.1706,86.1024,0.0630,0.0682,0.0051
4299,1003.6,466.9,86.1694,86.1746,86.1063,0.0631,0.0683,0.0051
4300,990.8,428.8,86.1734,86.1786,86.1104,0.0630,0.0682,0.0051
4301,1000.4,483.6,86.1774,86.1826,86.1147,0.0627,0.0679,0.0051
4302,999.6,471.5,86.1815,86.1866,86.1187,0.0628,0.0679,0.0052
4303,1008.8,435.9,86.1855,86.1906,86.1226,0.0629,0.0680,0.0052
4304,996.3,484.0,86.1895,86.1947,86.1268,0.0627,0.0678,0.0052
4305,995.4,473.9,86.1935,86.1987,86.1307,0.0628,0.0680,0.0052
4306,1005.2,435.7,86.1976,86.2027,86.1348,0.0628,0.0680,0.0052
4307,1002.8,478.2,86.2016,86.2068,86.1389,0.0628,0.0679,0.0052
4308,994.0,467.4,86.2057,86.2108,86.1433,0.0624,0.0676,0.0052
4309,999.5,442.2,86.2097,86.2149,86.1475,0.0622,0.0674,0.0052
4310,1000.3,476.7,86.2138,86.2190,86.1516,0.0622,0.0673,0.0052
4311,1007.1,466.8,86.2179,86.2230,86.1559,0.0620,0.0672,0.0052
4312,998.6,458.0,86.2219,86.2271,86.1606,0.0614,0.0666,0.0052
4313,1000.7,486.8,86.2260,86.2312,86.1650,0.0610,0.0662,0.0052
4314,994.2,481.6,86.2301,86.2353,86.1695,0.0606,0.0658,0.0052
4315,1012.2,503.6,86.2342,86.2394,86.1739,0.0603,0.0655,0.0052
4316,992.8,504.9,86.2383,86.2435,86.1784,0.0599,0.0650,0.0052
4317,998.6,474.2,86.2424,86.2476,86.1825,0.0599,0.0651,0.0052
4318,997.9,462.4,86.2465,86.2517,86.1866,0.0600,0.0651,0.0052
4319,1004.7,475.4,86.2506,86.2558,86.1906,0.0600,0.0652,0.0052
4320,990.4,475.0,86.2547,86.2599,86.1949,0.0599,0.0651,0.0052
4321,1000.6,458.3,86.2589,86.2641,86.1989,0.0600,0.0652,0.0052
4322,1003.7,479.4,86.2630,86.2682,86.2030,0.0600,0.0653,0.0052
4323,1003.5,463.6,86.2671,86.2724,86.2070,0.0601,0.0653,0.0052
4324,998.0,479.8,86.2713,86.2765,86.2113,0.0600,0.0652,0.0052
4325,997.3,471.9,86.2754,86.2807,86.2151,0.0604,0.0656,0.0052
4326,1001.4,472.7,86.2796,86.2848,86.2188,0.0608,0.0661,0.0052
4327,1005.4,476.4,86.2838,86.2890,86.2223,0.0615,0.0667,0.0052
4328,990.5,480.5,86.2879,86.2932,86.2260,0.0620,0.0672,0.0052
4329,1004.2,482.9,86.2921,86.2973,86.2292,0.0629,0.0682,0.0052
4330,998.9,472.8,86.2963,86.3015,86.2324,0.0639,0.0691,0.0052
4331,1007.0,481.2,86.3005,86.3057,86.2358,0.0647,0.0699,0.0052
4332,992.5,472.5,86.3047,86.3099,86.2396,0.0651,0.0703,0.0052
4333,1001.1,484.8,86.3089,86.3141,86.2432,0.0656,0.0709,0.0052
4334,1000.4,482.5,86.3131,86.3183,86.2470,0.0661,0.0713,0.0052
4335,1007.9,466.0,86.3173,86.3225,86.2508,0.0665,0.0718,0.0052
4336,991.4,486.8,86.3215,86.3268,86.2550,0.0665,0.0718,0.0053
4337,1005.1,479.2,86.3257,86.3310,86.2588,0.0669,0.0722,0.0053
4338,994.7,472.9,86.3300,86.3352,86.2626,0.0673,0.0726,0.0053
4339,1008.8,497.1,86.3342,86.3395,86.2664,0.0678,0.0731,0.0053
4340,988.4,538.4,86.3384,86.3437,86.2705,0.0679,0.0732,0.0053
4341,1006.9,512.1,86.3427,86.3479,86.2744,0.0683,0.0735,0.0053
4342,997.3,526.3,86.3469,86.3522,86.2785,0.0685,0.0738,0.0053
4343,1013.3,476.4,86.3512,86.3565,86.2825,0.0687,0.0740,0.0053
4344,982.1,429.5,86.3555,86.3607,86.2868,0.0686,0.0739,0.0053
4345,1006.3,491.7,86.3597,86.3650,86.2909,0.0688,0.0741,0.0053
4346,996.2,491.6,86.3640,86.3693,86.2951,0.0689,0.0742,0.0053
4347,997.1,431.3,86.3683,86.3736,86.2993,0.0690,0.0742,0.0053
4348,1010.6,487.6,86.3726,86.3779,86.3037,0.0688,0.0741,0.0053
4349,987.5,478.2,86.3769,86.3821,86.3078,0.0691,0.0744,0.0053
4350,1004.9,396.6,86.3812,86.3865,86.3116,0.0695,0.0748,0.0053
4351,1003.9,475.7,86.3855,86.3908,86.3156,0.0699,0.0752,0.0053
4352,999.9,463.2,86.3898,86.3951,86.3199,0.0698,0.0751,0.0053
4353,998.3,396.0,86.3941,86.3994,86.3242,0.0699,0.0752,0.0053
4354,998.2,488.0,86.3984,86.4037,86.3285,0.0699,0.0752,0.0053
4355,1000.7,495.6,86.4027,86.4080,86.3328,0.0699,0.0752,0.0053
4356,1011.4,455.8,86.4071,86.4124,86.3375,0.0696,0.0749,0.0053
4357,987.7,523.7,86.4114,86.4167,86.3417,0.0697,0.0750,0.0053
4358,999.1,481.7,86.4158,86.4211,86.3458,0.0700,0.0753,0.0053
4359,1009.3,424.6,86.4201,86.4254,86.3499,0.0702,0.0756,0.0053
4360,990.9,488.9,86.4245,86.4298,86.3541,0.0704,0.0757,0.0053
4361,1010.1,473.3,86.4288,86.4341,86.3582,0.0706,0.0759,0.0053
4362,1012.0,436.7,86.4332,86.4385,86.3622,0.0710,0.0763,0.0053
4363,974.4,477.7,86.4376,86.4429,86.3663,0.0712,0.0766,0.0053
4364,1006.5,488.9,86.4419,86.4473,86.3709,0.0710,0.0763,0.0053
4365,997.2,441.1,86.4463,86.4517,86.3754,0.0710,0.0763,0.0053
4366,994.8,506.6,86.4507,86.4560,86.3798,0.0709,0.0762,0.0053
4367,1008.5,493.9,86.4551,86.4604,86.3843,0.0708,0.0761,0.0053
4368,997.9,461.2,86.4595,86.4648,86.3891,0.0704,0.0757,0.0053
4369,996.7,491.7,86.4639,86.4693,86.3934,0.0705,0.0759,0.0053
4370,998.9,493.4,86.4683,86.4737,86.3977,0.0706,0.0760,0.0053
4371,1006.4,418.4,86.4727,86.4781,86.4022,0.0706,0.0759,0.0054
4372,995.0,476.7,86.4772,86.4825,86.4071,0.0701,0.0754,0.0054
4373,999.9,458.2,86.4816,86.4870,86.4117,0.0699,0.0752,0.0054
4374,999.8,423.9,86.4860,86.4914,86.4165,0.0695,0.0749,0.0054
4375,1007.3,517.9,86.4905,86.4958,86.4215,0.0690,0.0744,0.0054
4376,987.4,475.0,86.4949,86.5003,86.4270,0.0679,0.0733,0.0054
4377,1000.7,431.2,86.4994,86.5047,86.4321,0.0673,0.0726,0.0054
4378,996.7,474.3,86.5038,86.5092,86.4372,0.0666,0.0720,0.0054
4379,1005.9,480.9,86.5083,86.5137,86.4422,0.0661,0.0715,0.0054
4380,994.1,415.5,86.5128,86.5181,86.4475,0.0652,0.0706,0.0054
4381,1000.0,477.0,86.5172,86.5226,86.4525,0.0647,0.0701,0.0054
4382,999.8,490.0,86.5217,86.5271,86.4575,0.0642,0.0696,0.0054
4383,1003.1,474.0,86.5262,86.5316,86.4626,0.0636,0.0690,0.0054
4384,995.9,531.6,86.5307,86.5361,86.4681,0.0625,0.0679,0.0054
4385,1000.2,520.2,86.5352,86.5406,86.4732,0.0620,0.0674,0.0054
4386,999.6,444.4,86.5397,86.5451,86.4781,0.0616,0.0670,0.0054
4387,1004.0,483.5,86.5442,86.5496,86.4827,0.0614,0.0668,0.0054
4388,999.9,514.9,86.5487,86.5541,86.4875,0.0612,0.0666,0.0054
4389,996.6,487.1,86.5532,86.5586,86.4917,0.0615,0.0669,0.0054
4390,1000.1,514.1,86.5577,86.5631,86.4959,0.0618,0.0672,0.0054
4391,1003.4,497.3,86.5623,86.5677,86.5003,0.0620,0.0674,0.0054
4392,1006.7,455.7,86.5668,86.5722,86.5050,0.0618,0.0672,0.0054
4393,990.1,523.3,86.5713,86.5767,86.5094,0.0619,0.0674,0.0054
4394,1002.7,523.4,86.5759,86.5813,86.5138,0.0621,0.0675,0.0054
4395,1002.0,495.6,86.5804,86.5859,86.5182,0.0623,0.0677,0.0054
4396,999.9,494.3,86.5850,86.5904,86.5226,0.0624,0.0678,0.0054
4397,999.0,473.5,86.5895,86.5950,86.5266,0.0630,0.0684,0.0054
4398,998.3,481.1,86.5941,86.5995,86.5304,0.0637,0.0692,0.0054
4399,1017.6,520.4,86.5987,86.6041,86.5343,0.0644,0.0698,0.0054
4400,990.9,474.4,86.6033,86.6087,86.5389,0.0644,0.0698,0.0054
4401,1003.8,474.5,86.6078,86.6133,86.5432,0.0647,0.0701,0.0054
4402,995.9,528.9,86.6124,86.6179,86.5474,0.0650,0.0704,0.0054
4403,1009.8,432.0,86.6170,86.6225,86.5517,0.0653,0.0708,0.0054
4404,994.7,524.2,86.6216,86.6271,86.5563,0.0654,0.0708,0.0054
4405,992.3,519.3,86.6262,86.6317,86.5604,0.0658,0.0713,0.0054
4406,999.9,393.8,86.6308,86.6363,86.5646,0.0662,0.0717,0.0054
4407,1006.7,477.6,86.6355,86.6409,86.5687,0.0667,0.0722,0.0055
4408,997.6,479.2,86.6401,86.6455,86.5733,0.0668,0.0723,0.0055
4409,996.0,454.2,86.6447,86.6502,86.5775,0.0672,0.0726,0.0055
4410,999.9,525.2,86.6493,86.6548,86.5817,0.0676,0.0731,0.0055
4411,1006.0,514.2,86.6540,86.6594,86.5860,0.0680,0.0735,0.0055
4412,1000.4,421.0,86.6586,86.6641,86.5905,0.0681,0.0736,0.0055
4413,994.9,491.6,86.6633,86.6687,86.5945,0.0687,0.0742,0.0055
4414,1000.8,525.8,86.6679,86.6734,86.5986,0.0693,0.0748,0.0055
4415,1005.6,427.9,86.6726,86.6780,86.6027,0.0699,0.0754,0.0055
4416,994.4,507.3,86.6772,86.6827,86.6065,0.0707,0.0762,0.0055
4417,999.1,465.6,86.6819,86.6874,86.6108,0.0711,0.0766,0.0055
4418,1010.7,420.7,86.6866,86.6921,86.6146,0.0720,0.0775,0.0055
4419,988.8,527.0,86.6913,86.6967,86.6184,0.0728,0.0783,0.0055
4420,995.1,512.9,86.6959,86.7014,86.6222,0.0737,0.0792,0.0055
4421,998.0,443.3,86.7006,86.7061,86.6265,0.0741,0.0796,0.0055
4422,1000.0,531.1,86.7053,86.7108,86.6306,0.0748,0.0803,0.0055
4423,1003.4,532.8,86.7100,86.7155,86.6348,0.0753,0.0808,0.0055
4424,996.8,468.2,86.7147,86.7202,86.6391,0.0757,0.0812,0.0055
4425,1001.3,490.2,86.7194,86.7249,86.6439,0.0756,0.0811,0.0055
4426,1012.0,473.4,86.7242,86.7297,86.6484,0.0758,0.0813,0.0055
4427,989.1,407.9,86.7289,86.7344,86.6527,0.0761,0.0816,0.0055
4428,996.5,482.9,86.7336,86.7391,86.6571,0.0765,0.0820,0.0055
4429,1001.2,498.8,86.7383,86.7438,86.6620,0.0763,0.0818,0.0055
4430,999.2,458.9,86.7431,86.7486,86.6666,0.0765,0.0820,0.0055
4431,1003.6,553.6,86.7478,86.7533,86.6714,0.0764,0.0819,0.0055
4432,996.2,533.4,86.7526,86.7581,86.6764,0.0762,0.0817,0.0055
4433,999.5,462.0,86.7573,86.7628,86.6819,0.0754,0.0809,0.0055
4434,1004.4,496.1,86.7621,86.7676,86.6870,0.0751,0.0806,0.0055
4435,999.4,472.0,86.7668,86.7724,86.6920,0.0748,0.0803,0.0055
4436,1000.9,422.5,86.7716,86.7771,86.6971,0.0745,0.0800,0.0055
4437,996.5,475.9,86.7764,86.7819,86.7024,0.0740,0.0795,0.0055
4438,1000.1,467.5,86.7812,86.7867,86.7074,0.0738,0.0793,0.0055
4439,1003.5,466.1,86.7859,86.7915,86.7123,0.0737,0.0792,0.0055
4440,998.4,515.2,86.7907,86.7963,86.7173,0.0734,0.0790,0.0055
4441,996.4,502.6,86.7955,86.8011,86.7229,0.0726,0.0781,0.0055
4442,999.5,420.7,86.8003,86.8059,86.7283,0.0720,0.0775,0.0055
4443,1003.6,470.4,86.8051,86.8107,86.7336,0.0715,0.0771,0.0055
4444,996.7,481.0,86.8099,86.8155,86.7388,0.0712,0.0767,0.0055
4445,1000.2,467.3,86.8147,86.8203,86.7448,0.0699,0.0755,0.0056
4446,1002.2,502.0,86.8196,86.8251,86.7494,0.0701,0.0757,0.0056
4447,1004.1,461.4,86.8244,86.8299,86.7542,0.0702,0.0758,0.0056
4448,992.7,445.6,86.8292,86.8348,86.7590,0.0702,0.0758,0.0056
4449,1000.5,3022.3,86.8340,86.8396,86.7643,0.0698,0.0753,0.0056
4450,3025.1,539.4,86.8389,86.8444,86.7797,0.0591,0.0647,0.0056
4451,547.1,2493.5,86.8437,86.8493,86.7797,0.0640,0.0696,0.0056
4452,2500.9,541.1,86.8486,86.8541,86.7949,0.0537,0.0592,0.0056
4453,547.9,342.7,86.8534,86.8590,86.7949,0.0585,0.0641,0.0056
4454,349.1,529.1,86.8583,86.8639,86.7995,0.0588,0.0643,0.0056
4455,535.5,324.3,86.8632,86.8687,86.7995,0.0636,0.0692,0.0056
4456,330.6,296.4,86.8680,86.8736,86.8043,0.0638,0.0693,0.0056
4457,302.4,379.9,86.8729,86.8785,86.8043,0.0686,0.0742,0.0056
4458,891.2,519.0,86.8778,86.8834,86.8086,0.0691,0.0747,0.0056
4459,987.4,465.3,86.8827,86.8882,86.8129,0.0698,0.0754,0.0056
4460,993.6,460.1,86.8875,86.8931,86.8129,0.0747,0.0803,0.0056
4461,994.2,516.2,86.8924,86.8980,86.8174,0.0751,0.0807,0.0056
4462,999.7,477.5,86.8973,86.9029,86.8214,0.0759,0.0815,0.0056
4463,1021.0,521.6,86.9022,86.9078,86.8258,0.0764,0.0820,0.0056
4464,989.1,4020.6,86.9071,86.9127,86.8305,0.0766,0.0822,0.0056
4465,4027.3,473.3,86.9121,86.9177,86.8503,0.0617,0.0673,0.0056
4466,478.2,292.5,86.9170,86.9226,86.8503,0.0667,0.0723,0.0056
4467,297.1,437.8,86.9219,86.9275,86.8553,0.0666,0.0722,0.0056
4468,443.0,571.8,86.9268,86.9324,86.8553,0.0715,0.0771,0.0056
4469,576.4,300.1,86.9318,86.9374,86.8600,0.0718,0.0774,0.0056
4470,304.7,468.7,86.9367,86.9423,86.8600,0.0767,0.0823,0.0056
4471,900.7,551.2,86.9416,86.9473,86.8643,0.0773,0.0829,0.0056
4472,980.1,500.7,86.9466,86.9522,86.8683,0.0783,0.0839,0.0056
4473,993.1,481.4,86.9515,86.9572,86.8722,0.0793,0.0849,0.0056
4474,1004.8,444.2,86.9565,86.9621,86.8759,0.0806,0.0862,0.0056
4475,1002.9,513.7,86.9615,86.9671,86.8801,0.0814,0.0870,0.0056
4476,983.8,490.8,86.9664,86.9721,86.8846,0.0818,0.0874,0.0056
4477,995.9,431.1,86.9714,86.9770,86.8896,0.0818,0.0874,0.0056
4478,4004.8,557.8,86.9764,86.9820,86.9090,0.0674,0.0730,0.0056
4479,563.2,314.9,86.9814,86.9870,86.9090,0.0724,0.0780,0.0056
4480,318.3,223.2,86.9863,86.9920,86.9138,0.0725,0.0782,0.0056
4481,227.1,345.9,86.9913,86.9970,86.9138,0.0775,0.0832,0.0056
4482,348.6,222.3,86.9963,87.0020,86.9138,0.0825,0.0882,0.0056
4483,542.1,373.4,87.0013,87.0070,86.9186,0.0828,0.0884,0.0056
4484,998.2,462.5,87.0063,87.0120,86.9231,0.0832,0.0888,0.0056
4485,996.6,451.7,87.0114,87.0170,86.9277,0.0836,0.0893,0.0056
4486,1004.1,372.2,87.0164,87.0220,86.9318,0.0846,0.0902,0.0057
4487,998.1,472.7,87.0214,87.0270,86.9364,0.0850,0.0906,0.0057
4488,997.4,460.7,87.0264,87.0321,86.9417,0.0847,0.0904,0.0057
4489,1000.5,426.1,87.0314,87.0371,86.9478,0.0837,0.0893,0.0057
4490,1022.1,492.7,87.0365,87.0421,86.9536,0.0829,0.0885,0.0057
4491,983.2,512.7,87.0415,87.0472,86.9593,0.0822,0.0878,0.0057
4492,995.1,434.4,87.0466,87.0522,86.9649,0.0817,0.0873,0.0057
4493,1162.5,433.5,87.0516,87.0573,86.9708,0.0808,0.0865,0.0057
4494,843.7,464.6,87.0567,87.0623,86.9765,0.0802,0.0859,0.0057
4495,998.1,397.8,87.0617,87.0674,86.9822,0.0795,0.0852,0.0057
4496,994.7,469.7,87.0668,87.0725,86.9880,0.0788,0.0845,0.0057
4497,999.2,459.6,87.0718,87.0775,86.9942,0.0777,0.0834,0.0057
4498,1009.0,405.2,87.0769,87.0826,86.9999,0.0770,0.0826,0.0057
4499,1002.5,489.4,87.0820,87.0877,87.0055,0.0765,0.0822,0.0057
4500,992.0,490.8,87.0871,87.0928,87.0110,0.0761,0.0818,0.0057
4501,999.8,422.0,87.0922,87.0978,87.0166,0.0756,0.0813,0.0057
4502,1004.3,498.0,87.0973,87.1029,87.0219,0.0754,0.0811,0.0057
4503,1009.3,474.4,87.1023,87.1080,87.0273,0.0750,0.0807,0.0057
4504,1003.8,437.3,87.1074,87.1131,87.0329,0.0746,0.0803,0.0057
4505,993.3,492.8,87.1125,87.1182,87.0389,0.0736,0.0793,0.0057
4506,1020.5,428.6,87.1177,87.1234,87.0446,0.0730,0.0787,0.0057
4507,970.6,442.1,87.1228,87.1285,87.0501,0.0726,0.0783,0.0057
4508,997.8,475.1,87.1279,87.1336,87.0556,0.0722,0.0779,0.0057
4509,1020.0,491.0,87.1330,87.1387,87.0615,0.0715,0.0772,0.0057
4510,985.2,415.5,87.1381,87.1438,87.0670,0.0711,0.0768,0.0057
4511,999.2,483.3,87.1433,87.1490,87.0727,0.0706,0.0763,0.0057
4512,998.8,456.8,87.1484,87.1541,87.0784,0.0700,0.0757,0.0057
4513,1020.1,418.5,87.1535,87.1593,87.0847,0.0688,0.0746,0.0057
4514,978.1,474.9,87.1587,87.1644,87.0903,0.0684,0.0741,0.0057
4515,997.9,481.8,87.1638,87.1696,87.0958,0.0681,0.0738,0.0057
4516,1003.8,472.3,87.1690,87.1747,87.1011,0.0679,0.0736,0.0057
4517,1002.2,488.5,87.1742,87.1799,87.1067,0.0674,0.0732,0.0057
4518,1007.1,452.3,87.1793,87.1850,87.1117,0.0676,0.0733,0.0057
4519,1004.5,450.8,87.1845,87.1902,87.1166,0.0679,0.0736,0.0057
4520,1004.4,447.9,87.1897,87.1954,87.1215,0.0682,0.0739,0.0057
4521,987.8,453.4,87.1948,87.2006,87.1266,0.0682,0.0739,0.0057
4522,997.0,442.1,87.2000,87.2057,87.1312,0.0688,0.0745,0.0057
4523,995.8,471.0,87.2052,87.2109,87.1356,0.0696,0.0753,0.0057
4524,1027.5,453.1,87.2104,87.2161,87.1397,0.0707,0.0764,0.0057
4525,994.3,498.2,87.2156,87.2213,87.1441,0.0715,0.0773,0.0057
4526,988.3,477.8,87.2208,87.2265,87.1481,0.0726,0.0784,0.0057
4527,1015.3,461.6,87.2260,87.2317,87.1524,0.0736,0.0793,0.0057
4528,985.0,451.1,87.2312,87.2369,87.1566,0.0746,0.0803,0.0057
4529,992.7,574.1,87.2364,87.2422,87.1612,0.0752,0.0809,0.0057
4530,994.5,277.6,87.2416,87.2474,87.1655,0.0761,0.0819,0.0058
4531,1005.2,441.7,87.2468,87.2526,87.1697,0.0771,0.0829,0.0058
4532,994.6,459.8,87.2521,87.2578,87.1741,0.0780,0.0837,0.0058
4533,999.3,271.7,87.2573,87.2631,87.1788,0.0785,0.0843,0.0058
4534,1009.5,475.7,87.2625,87.2683,87.1831,0.0795,0.0852,0.0058
4535,996.3,473.3,87.2678,87.2735,87.1876,0.0802,0.0859,0.0058
4536,996.5,409.0,87.2730,87.2788,87.1921,0.0809,0.0866,0.0058
4537,1010.4,503.0,87.2783,87.2840,87.1970,0.0812,0.0870,0.0058
4538,1020.6,481.5,87.2835,87.2893,87.2019,0.0816,0.0874,0.0058
4539,977.0,463.0,87.2888,87.2945,87.2068,0.0820,0.0877,0.0058
4540,999.6,551.4,87.2940,87.2998,87.2118,0.0822,0.0880,0.0058
4541,1001.0,527.7,87.2993,87.3051,87.2173,0.0820,0.0878,0.0058
4542,1005.8,438.7,87.3046,87.3103,87.2223,0.0823,0.0881,0.0058
4543,1004.4,506.5,87.3098,87.3156,87.2273,0.0825,0.0883,0.0058
4544,1007.9,505.4,87.3151,87.3209,87.2322,0.0829,0.0886,0.0058
4545,980.3,433.6,87.3204,87.3262,87.2377,0.0827,0.0885,0.0058
4546,1003.0,514.8,87.3257,87.3315,87.2428,0.0829,0.0886,0.0058
4547,1003.9,497.1,87.3310,87.3368,87.2482,0.0828,0.0886,0.0058
4548,998.2,444.9,87.3363,87.3421,87.2536,0.0827,0.0885,0.0058
4549,1023.2,489.6,87.3416,87.3474,87.2594,0.0822,0.0880,0.0058
4550,977.4,492.3,87.3469,87.3527,87.2648,0.0820,0.0878,0.0058
4551,1001.7,423.0,87.3522,87.3580,87.2701,0.0820,0.0878,0.0058
4552,1012.7,498.3,87.3575,87.3633,87.2753,0.0822,0.0880,0.0058
4553,1002.4,494.4,87.3628,87.3686,87.2807,0.0821,0.0879,0.0058
4554,992.2,466.6,87.3681,87.3739,87.2858,0.0823,0.0881,0.0058
4555,1003.8,477.8,87.3734,87.3793,87.2910,0.0824,0.0882,0.0058
4556,1007.2,492.5,87.3788,87.3846,87.2965,0.0823,0.0881,0.0058
4557,985.9,663.0,87.3841,87.3899,87.3024,0.0817,0.0875,0.0058
4558,1002.2,505.5,87.3894,87.3953,87.3080,0.0814,0.0872,0.0058
4559,990.9,496.2,87.3948,87.4006,87.3135,0.0813,0.0871,0.0058
4560,1006.5,460.4,87.4001,87.4059,87.3189,0.0813,0.0871,0.0058
4561,988.1,514.0,87.4055,87.4113,87.3247,0.0807,0.0865,0.0058
4562,1000.8,487.5,87.4108,87.4166,87.3302,0.0806,0.0865,0.0058
4563,1000.5,442.5,87.4162,87.4220,87.3358,0.0804,0.0863,0.0058
4564,1007.7,524.9,87.4215,87.4274,87.3414,0.0801,0.0859,0.0058
4565,1004.7,785.9,87.4269,87.4327,87.3475,0.0794,0.0852,0.0058
4566,995.1,500.8,87.4323,87.4381,87.3531,0.0791,0.0850,0.0058
4567,997.2,524.6,87.4377,87.4435,87.3588,0.0788,0.0847,0.0058
4568,1013.3,523.5,87.4430,87.4489,87.3644,0.0786,0.0844,0.0058
4569,993.2,482.3,87.4484,87.4543,87.3706,0.0778,0.0837,0.0058
4570,1005.7,474.3,87.4538,87.4596,87.3763,0.0775,0.0833,0.0058
4571,986.1,482.1,87.4592,87.4650,87.3821,0.0771,0.0829,0.0058
4572,997.2,452.6,87.4646,87.4704,87.3878,0.0768,0.0826,0.0058
4573,1000.1,492.7,87.4700,87.4758,87.3936,0.0763,0.0822,0.0058
4574,1012.3,469.8,87.4754,87.4812,87.3988,0.0766,0.0824,0.0058
4575,989.2,475.0,87.4808,87.4866,87.4039,0.0769,0.0828,0.0058
4576,998.6,546.3,87.4862,87.4921,87.4089,0.0773,0.0831,0.0058
4577,1000.0,498.5,87.4916,87.4975,87.4144,0.0773,0.0831,0.0059
4578,1010.2,491.4,87.4970,87.5029,87.4194,0.0776,0.0835,0.0059
4579,990.5,497.5,87.5025,87.5083,87.4244,0.0780,0.0839,0.0059
4580,998.8,526.4,87.5079,87.5137,87.4296,0.0783,0.0842,0.0059
4581,1007.9,547.0,87.5133,87.5192,87.4350,0.0784,0.0842,0.0059
4582,1007.4,747.1,87.5187,87.5246,87.4399,0.0788,0.0847,0.0059
4583,988.7,498.6,87.5242,87.5300,87.4448,0.0794,0.0853,0.0059
4584,989.6,499.0,87.5296,87.5355,87.4495,0.0801,0.0860,0.0059
4585,1006.2,647.8,87.5351,87.5409,87.4544,0.0807,0.0866,0.0059
4586,1001.3,465.5,87.5405,87.5464,87.4596,0.0809,0.0867,0.0059
4587,997.0,477.5,87.5460,87.5518,87.4647,0.0813,0.0871,0.0059
4588,1002.0,487.1,87.5514,87.5573,87.4700,0.0814,0.0873,0.0059
4589,1013.6,480.4,87.5569,87.5628,87.4759,0.0810,0.0869,0.0059
4590,988.6,690.3,87.5624,87.5682,87.4813,0.0811,0.0870,0.0059
4591,1007.5,527.4,87.5678,87.5737,87.4866,0.0813,0.0871,0.0059
4592,998.3,452.0,87.5733,87.5792,87.4917,0.0816,0.0875,0.0059
4593,1011.8,508.8,87.5788,87.5847,87.4967,0.0821,0.0880,0.0059
4594,986.6,494.0,87.5843,87.5901,87.5023,0.0820,0.0879,0.0059
4595,1008.0,410.6,87.5898,87.5956,87.5074,0.0823,0.0882,0.0059
4596,997.1,486.0,87.5952,87.6011,87.5130,0.0823,0.0882,0.0059
4597,1000.1,481.9,87.6007,87.6066,87.5185,0.0822,0.0881,0.0059
4598,991.9,402.7,87.6062,87.6121,87.5244,0.0818,0.0877,0.0059
4599,999.3,525.2,87.6117,87.6176,87.5297,0.0820,0.0879,0.0059
4600,1011.3,601.8,87.6172,87.6231,87.5349,0.0823,0.0882,0.0059
4601,996.2,433.8,87.6227,87.6286,87.5401,0.0826,0.0885,0.0059
4602,1005.4,507.9,87.6283,87.6342,87.5455,0.0827,0.0886,0.0059
4603,996.6,639.2,87.6338,87.6397,87.5506,0.0831,0.0890,0.0059
4604,990.3,438.9,87.6393,87.6452,87.5559,0.0834,0.0893,0.0059
4605,989.4,497.6,87.6448,87.6507,87.5614,0.0834,0.0893,0.0059
4606,998.8,501.8,87.6503,87.6562,87.5676,0.0828,0.0887,0.0059
4607,1020.1,455.8,87.6559,87.6618,87.5734,0.0825,0.0884,0.0059
4608,1003.0,476.3,87.6614,87.6673,87.5791,0.0823,0.0882,0.0059
4609,991.4,458.2,87.6669,87.6729,87.5848,0.0821,0.0880,0.0059
4610,1004.8,457.4,87.6725,87.6784,87.5919,0.0805,0.0865,0.0059
4611,1041.1,429.4,87.6780,87.6839,87.5978,0.0803,0.0862,0.0059
4612,959.7,454.7,87.6836,87.6895,87.6037,0.0799,0.0858,0.0059
4613,979.6,379.4,87.6891,87.6950,87.6100,0.0791,0.0850,0.0059
4614,998.9,489.4,87.6947,87.7006,87.6158,0.0789,0.0849,0.0059
4615,999.3,490.0,87.7002,87.7062,87.6215,0.0787,0.0846,0.0059
4616,1004.0,416.2,87.7058,87.7117,87.6271,0.0787,0.0846,0.0059
4617,996.0,475.9,87.7114,87.7173,87.6331,0.0783,0.0842,0.0059
4618,999.9,473.4,87.7169,87.7229,87.6389,0.0781,0.0840,0.0059
4619,1014.9,404.1,87.7225,87.7285,87.6445,0.0780,0.0840,0.0059
4620,990.8,465.6,87.7281,87.7340,87.6501,0.0780,0.0839,0.0059
4621,994.8,476.7,87.7337,87.7396,87.6561,0.0776,0.0835,0.0059
4622,999.8,399.2,87.7393,87.7452,87.6615,0.0778,0.0837,0.0059
4623,1003.0,523.6,87.7449,87.7508,87.6666,0.0783,0.0842,0.0059
4624,1030.6,526.4,87.7505,87.7564,87.6717,0.0787,0.0847,0.0059
4625,987.0,506.1,87.7560,87.7620,87.6717,0.0843,0.0903,0.0059
4626,996.0,527.9,87.7616,87.7676,87.6826,0.0790,0.0850,0.0059
4627,1007.9,505.9,87.7673,87.7732,87.6881,0.0791,0.0851,0.0059
4628,994.1,457.1,87.7729,87.7788,87.6938,0.0791,0.0850,0.0059
4629,994.5,522.4,87.7785,87.7844,87.6992,0.0793,0.0852,0.0059
4630,1002.6,503.0,87.7841,87.7900,87.6992,0.0849,0.0908,0.0059
4631,1001.8,468.3,87.7897,87.7957,87.7048,0.0849,0.0909,0.0060
4632,986.5,493.2,87.7953,87.8013,87.7098,0.0855,0.0914,0.0060
4633,1000.8,497.6,87.8009,87.8069,87.7151,0.0859,0.0918,0.0060
4634,1031.7,485.0,87.8066,87.8125,87.7205,0.0861,0.0921,0.0060
4635,980.4,507.4,87.8122,87.8182,87.7266,0.0856,0.0916,0.0060
4636,1000.7,482.4,87.8178,87.8238,87.7325,0.0854,0.0914,0.0060
4637,998.3,536.5,87.8235,87.8294,87.7383,0.0852,0.0912,0.0060
4638,1013.1,525.8,87.8291,87.8351,87.7439,0.0852,0.0912,0.0060
4639,1000.3,512.7,87.8348,87.8407,87.7499,0.0848,0.0908,0.0060
4640,994.4,527.2,87.8404,87.8464,87.7553,0.0851,0.0911,0.0060
4641,985.0,757.5,87.8461,87.8520,87.7607,0.0854,0.0914,0.0060
4642,1000.3,528.3,87.8517,87.8577,87.7660,0.0857,0.0917,0.0060
4643,992.2,538.2,87.8574,87.8634,87.7719,0.0855,0.0915,0.0060
4644,999.7,573.0,87.8631,87.8690,87.7774,0.0857,0.0917,0.0060
4645,1024.4,561.5,87.8687,87.8747,87.7828,0.0860,0.0919,0.0060
4646,997.7,527.9,87.8744,87.8804,87.7882,0.0862,0.0922,0.0060
4647,1004.1,503.4,87.8801,87.8860,87.7937,0.0863,0.0923,0.0060
4648,983.5,505.1,87.8857,87.8917,87.7987,0.0870,0.0930,0.0060
4649,1007.0,490.8,87.8914,87.8974,87.8036,0.0878,0.0938,0.0060
4650,993.1,527.7,87.8971,87.9031,87.8086,0.0885,0.0944,0.0060
4651,1017.8,491.8,87.9028,87.9088,87.8141,0.0887,0.0947,0.0060
4652,1013.5,522.7,87.9085,87.9145,87.8193,0.0892,0.0951,0.0060
4653,990.4,517.7,87.9142,87.9202,87.8246,0.0896,0.0955,0.0060
4654,974.9,420.3,87.9199,87.9259,87.8300,0.0899,0.0958,0.0060
4655,1023.9,497.4,87.9256,87.9316,87.8358,0.0898,0.0958,0.0060
4656,971.4,498.2,87.9313,87.9373,87.8412,0.0900,0.0960,0.0060
4657,1002.6,285.0,87.9370,87.9430,87.8466,0.0904,0.0964,0.0060
4658,1037.4,500.3,87.9427,87.9487,87.8521,0.0906,0.0966,0.0060
4659,973.3,521.6,87.9484,87.9544,87.8579,0.0905,0.0965,0.0060
4660,984.9,438.6,87.9541,87.9601,87.8642,0.0899,0.0959,0.0060
4661,1006.8,534.3,87.9598,87.9658,87.8702,0.0896,0.0956,0.0060
4662,994.5,507.9,87.9656,87.9716,87.8763,0.0893,0.0953,0.0060
4663,1006.3,447.2,87.9713,87.9773,87.8823,0.0890,0.0950,0.0060
4664,1017.5,507.5,87.9770,87.9830,87.8887,0.0883,0.0943,0.0060
4665,977.7,567.5,87.9828,87.9888,87.8948,0.0880,0.0940,0.0060
4666,1000.9,481.5,87.9885,87.9945,87.9008,0.0877,0.0937,0.0060
4667,998.5,516.2,87.9942,88.0002,87.9068,0.0875,0.0935,0.0060
4668,1017.1,536.3,88.0000,88.0060,87.9134,0.0866,0.0926,0.0060
4669,1004.1,466.8,88.0057,88.0117,87.9193,0.0864,0.0924,0.0060
4670,989.8,514.3,88.0115,88.0175,87.9251,0.0863,0.0924,0.0060
4671,1001.9,540.8,88.0172,88.0232,87.9307,0.0865,0.0925,0.0060
4672,994.4,466.3,88.0230,88.0290,87.9368,0.0862,0.0922,0.0060
4673,1009.4,529.1,88.0287,88.0348,87.9425,0.0862,0.0922,0.0060
4674,1000.5,519.2,88.0345,88.0405,87.9483,0.0861,0.0922,0.0060
4675,998.0,455.6,88.0403,88.0463,87.9543,0.0860,0.0920,0.0060
4676,1008.2,548.0,88.0460,88.0521,87.9607,0.0854,0.0914,0.0060
4677,1001.9,533.6,88.0518,88.0578,87.9667,0.0851,0.0912,0.0060
4678,991.0,485.1,88.0576,88.0636,87.9725,0.0851,0.0911,0.0060
4679,999.5,518.6,88.0634,88.0694,87.9783,0.0850,0.0911,0.0060
4680,999.6,496.3,88.0691,88.0752,87.9850,0.0842,0.0902,0.0060
4681,1010.0,498.1,88.0749,88.0810,87.9913,0.0836,0.0897,0.0060
4682,990.6,501.0,88.0807,88.0867,87.9978,0.0829,0.0889,0.0060
4683,998.8,543.4,88.0865,88.0925,88.0044,0.0821,0.0882,0.0060
4684,1000.7,503.2,88.0923,88.0983,88.0112,0.0811,0.0871,0.0060
4685,1009.5,508.2,88.0981,88.1041,88.0173,0.0808,0.0868,0.0060
4686,977.0,1256.3,88.1039,88.1099,88.0235,0.0804,0.0865,0.0060
4687,1283.3,326.8,88.1097,88.1157,88.0297,0.0800,0.0860,0.0060
4688,716.9,525.2,88.1155,88.1215,88.0364,0.0791,0.0852,0.0060
4689,1032.2,1120.6,88.1213,88.1273,88.0424,0.0789,0.0849,0.0060
4690,1134.9,426.5,88.1271,88.1332,88.0482,0.0789,0.0850,0.0060
4691,870.6,558.0,88.1329,88.1390,88.0538,0.0791,0.0852,0.0060
4692,981.1,499.7,88.1387,88.1448,88.0592,0.0796,0.0856,0.0061
4693,995.8,451.9,88.1446,88.1506,88.0647,0.0799,0.0859,0.0061
4694,994.1,530.4,88.1504,88.1564,88.0696,0.0808,0.0868,0.0061
4695,1001.9,494.5,88.1562,88.1623,88.0747,0.0815,0.0876,0.0061
4696,1004.5,480.0,88.1620,88.1681,88.0798,0.0822,0.0883,0.0061
4697,990.6,523.2,88.1679,88.1739,88.0856,0.0823,0.0883,0.0061
4698,1004.3,504.9,88.1737,88.1798,88.0910,0.0827,0.0887,0.0061
4699,993.9,485.7,88.1795,88.1856,88.0964,0.0831,0.0892,0.0061
4700,1013.3,484.6,88.1854,88.1914,88.1017,0.0837,0.0897,0.0061
4701,988.4,513.8,88.1912,88.1973,88.1072,0.0840,0.0901,0.0061
4702,998.7,480.5,88.1971,88.2031,88.1125,0.0846,0.0907,0.0061
4703,1016.3,512.2,88.2029,88.2090,88.1179,0.0851,0.0911,0.0061
4704,1002.7,500.9,88.2088,88.2148,88.1235,0.0853,0.0914,0.0061
4705,1014.9,508.5,88.2146,88.2207,88.1295,0.0851,0.0912,0.0061
4706,979.8,827.6,88.2205,88.2266,88.1350,0.0855,0.0916,0.0061
4707,1017.2,495.9,88.2263,88.2324,88.1404,0.0860,0.0920,0.0061
4708,1150.4,367.5,88.2322,88.2383,88.1457,0.0865,0.0926,0.0061
4709,831.9,539.9,88.2381,88.2441,88.1512,0.0869,0.0930,0.0061
4710,995.3,513.0,88.2439,88.2500,88.1571,0.0868,0.0929,0.0061
4711,997.3,527.1,88.2498,88.2559,88.1628,0.0870,0.0931,0.0061
4712,1035.4,478.8,88.2557,88.2618,88.1683,0.0874,0.0934,0.0061
4713,971.4,533.3,88.2616,88.2676,88.1743,0.0873,0.0934,0.0061
4714,1010.9,510.5,88.2674,88.2735,88.1797,0.0877,0.0938,0.0061
4715,980.8,517.6,88.2733,88.2794,88.1851,0.0882,0.0943,0.0061
4716,1006.6,510.1,88.2792,88.2853,88.1905,0.0887,0.0948,0.0061
4717,998.7,487.7,88.2851,88.2912,88.1964,0.0887,0.0948,0.0061
4718,1000.9,511.2,88.2910,88.2971,88.2020,0.0890,0.0951,0.0061
4719,996.4,427.4,88.2969,88.3030,88.2077,0.0891,0.0952,0.0061
4720,998.3,483.5,88.3028,88.3089,88.2135,0.0893,0.0954,0.0061
4721,1004.8,501.7,88.3087,88.3148,88.2197,0.0890,0.0950,0.0061
4722,997.0,402.4,88.3146,88.3207,88.2255,0.0891,0.0952,0.0061
4723,1000.6,480.1,88.3205,88.3266,88.2312,0.0893,0.0954,0.0061
4724,999.0,479.3,88.3264,88.3325,88.2372,0.0892,0.0953,0.0061
4725,1010.7,539.9,88.3323,88.3384,88.2437,0.0887,0.0947,0.0061
4726,1000.7,514.0,88.3382,88.3443,88.2499,0.0883,0.0944,0.0061
4727,992.7,526.9,88.3441,88.3502,88.2564,0.0878,0.0939,0.0061
4728,1009.6,443.4,88.3501,88.3562,88.2627,0.0874,0.0935,0.0061
4729,985.8,507.6,88.3560,88.3621,88.2689,0.0871,0.0932,0.0061
4730,1003.6,477.8,88.3619,88.3680,88.2757,0.0862,0.0923,0.0061
4731,999.4,437.9,88.3678,88.3739,88.2820,0.0859,0.0920,0.0061
4732,1000.5,693.3,88.3738,88.3799,88.2883,0.0855,0.0916,0.0061
4733,996.4,513.5,88.3797,88.3858,88.2952,0.0845,0.0906,0.0061
4734,1003.5,487.6,88.3856,88.3917,88.3017,0.0840,0.0901,0.0061
4735,995.0,559.5,88.3916,88.3977,88.3078,0.0838,0.0899,0.0061
4736,1026.7,497.8,88.3975,88.4036,88.3136,0.0839,0.0900,0.0061
4737,978.1,432.8,88.4034,88.4096,88.3198,0.0836,0.0898,0.0061
4738,1001.0,541.2,88.4094,88.4155,88.3255,0.0839,0.0900,0.0061
4739,1014.8,543.4,88.4153,88.4214,88.3311,0.0842,0.0903,0.0061
4740,979.7,490.3,88.4213,88.4274,88.3368,0.0845,0.0906,0.0061
4741,1000.9,553.6,88.4272,88.4334,88.3429,0.0843,0.0904,0.0061
4742,1007.5,529.7,88.4332,88.4393,88.3486,0.0845,0.0907,0.0061
4743,1001.3,484.3,88.4391,88.4453,88.3542,0.0850,0.0911,0.0061
4744,1001.9,517.3,88.4451,88.4512,88.3598,0.0853,0.0915,0.0061
4745,995.3,498.9,88.4511,88.4572,88.3658,0.0853,0.0914,0.0061
4746,1048.8,457.6,88.4570,88.4632,88.3715,0.0856,0.0917,0.0061
4747,947.0,563.3,88.4630,88.4691,88.3771,0.0859,0.0920,0.0061
4748,995.0,586.4,88.4690,88.4751,88.3828,0.0862,0.0923,0.0061
4749,1013.0,499.0,88.4749,88.4811,88.3890,0.0860,0.0921,0.0061
4750,978.8,502.8,88.4809,88.4870,88.3945,0.0864,0.0925,0.0061
4751,1002.0,477.9,88.4869,88.4930,88.4001,0.0867,0.0929,0.0061
4752,998.7,443.5,88.4929,88.4990,88.4056,0.0872,0.0934,0.0061
4753,996.5,522.8,88.4989,88.5050,88.4116,0.0873,0.0934,0.0061
4754,1002.1,512.2,88.5048,88.5110,88.4172,0.0876,0.0938,0.0061
4755,998.6,442.0,88.5108,88.5170,88.4227,0.0881,0.0942,0.0061
4756,997.0,520.7,88.5168,88.5230,88.4281,0.0887,0.0948,0.0061
4757,1000.0,505.4,88.5228,88.5289,88.4340,0.0888,0.0950,0.0061
4758,1000.7,448.8,88.5288,88.5349,88.4392,0.0896,0.0957,0.0061
4759,1008.3,537.6,88.5348,88.5409,88.4445,0.0903,0.0965,0.0061
4760,1000.3,503.3,88.5408,88.5469,88.4498,0.0910,0.0971,0.0061
4761,1010.7,488.4,88.5468,88.5529,88.4558,0.0910,0.0971,0.0061
4762,1045.0,463.4,88.5528,88.5589,88.4614,0.0914,0.0975,0.0061
4763,966.1,518.8,88.5588,88.5649,88.4671,0.0917,0.0978,0.0061
4764,990.2,532.6,88.5648,88.5710,88.4729,0.0919,0.0980,0.0061
4765,996.2,552.5,88.5708,88.5770,88.4790,0.0918,0.0980,0.0061
4766,1001.6,531.5,88.5768,88.5830,88.4847,0.0922,0.0983,0.0061
4767,996.2,513.1,88.5828,88.5890,88.4905,0.0923,0.0985,0.0061
4768,1007.6,544.2,88.5889,88.5950,88.4966,0.0922,0.0984,0.0062
4769,991.1,536.8,88.5949,88.6010,88.5034,0.0915,0.0977,0.0062
4770,999.5,499.3,88.6009,88.6071,88.5098,0.0911,0.0972,0.0062
4771,1007.0,548.2,88.6069,88.6131,88.5163,0.0906,0.0968,0.0062
4772,990.5,535.9,88.6130,88.6191,88.5228,0.0902,0.0963,0.0062
4773,1007.7,463.4,88.6190,88.6251,88.5296,0.0894,0.0955,0.0062
4774,994.0,508.5,88.6250,88.6312,88.5361,0.0889,0.0951,0.0062
4775,999.4,495.6,88.6310,88.6372,88.5428,0.0883,0.0944,0.0062
4776,1019.5,512.0,88.6371,88.6432,88.5495,0.0875,0.0937,0.0062
4777,1107.5,392.2,88.6431,88.6493,88.5567,0.0864,0.0926,0.0062
4778,890.2,457.2,88.6492,88.6553,88.5631,0.0860,0.0922,0.0062
4779,979.9,523.4,88.6552,88.6614,88.5694,0.0858,0.0920,0.0062
4780,998.9,524.3,88.6612,88.6674,88.5756,0.0856,0.0918,0.0062
4781,1002.3,456.5,88.6673,88.6735,88.5825,0.0848,0.0910,0.0062
4782,999.1,500.9,88.6733,88.6795,88.5890,0.0844,0.0905,0.0062
4783,1242.5,332.1,88.6794,88.6856,88.5957,0.0837,0.0899,0.0062
4784,763.0,396.9,88.6854,88.6916,88.6022,0.0832,0.0894,0.0062
4785,1009.6,528.5,88.6915,88.6977,88.6104,0.0811,0.0873,0.0062
4786,996.6,524.6,88.6975,88.7037,88.6158,0.0817,0.0879,0.0062
4787,1011.8,442.3,88.7036,88.7098,88.6231,0.0805,0.0866,0.0062
4788,989.0,508.2,88.7097,88.7158,88.6294,0.0803,0.0864,0.0062
4789,1001.3,527.2,88.7157,88.7219,88.6360,0.0797,0.0859,0.0062
4790,1010.6,445.8,88.7218,88.7280,88.6421,0.0797,0.0859,0.0062
4791,995.4,567.5,88.7279,88.7340,88.6471,0.0808,0.0870,0.0062
4792,986.9,597.5,88.7339,88.7401,88.6536,0.0803,0.0865,0.0062
4793,997.1,486.7,88.7400,88.7462,88.6595,0.0805,0.0867,0.0062
4794,997.9,616.6,88.7461,88.7523,88.6650,0.0811,0.0873,0.0062
4795,1006.4,604.7,88.7521,88.7583,88.6705,0.0817,0.0878,0.0062
4796,992.6,528.1,88.7582,88.7644,88.6758,0.0824,0.0886,0.0062
4797,1007.1,591.4,88.7643,88.7705,88.6813,0.0830,0.0891,0.0062
4798,1183.5,347.8,88.7704,88.7766,88.6863,0.0841,0.0903,0.0062
4799,827.5,486.1,88.7765,88.7827,88.6912,0.0853,0.0914,0.0062
4800,988.5,660.0,88.7826,88.7887,88.6961,0.0865,0.0927,0.0062
4801,1013.3,505.2,88.7886,88.7948,88.7010,0.0877,0.0939,0.0062
4802,1252.3,305.1,88.7947,88.8009,88.7065,0.0883,0.0944,0.0062
4803,726.7,501.1,88.8008,88.8070,88.7117,0.0891,0.0953,0.0062
4804,995.5,522.8,88.8069,88.8131,88.7170,0.0899,0.0961,0.0062
4805,997.6,460.0,88.8130,88.8192,88.7222,0.0908,0.0970,0.0062
4806,1000.6,600.0,88.8191,88.8253,88.7276,0.0915,0.0977,0.0062
4807,1015.5,508.3,88.8252,88.8314,88.7326,0.0926,0.0988,0.0062
4808,1004.5,459.2,88.8313,88.8375,88.7326,0.0987,0.1049,0.0062
4809,991.9,540.3,88.8374,88.8436,88.7377,0.0997,0.1059,0.0062
4810,999.5,538.1,88.8435,88.8497,88.7431,0.1004,0.1066,0.0062
4811,1006.6,466.1,88.8496,88.8558,88.7493,0.1003,0.1065,0.0062
4812,1008.5,532.4,88.8557,88.8619,88.7555,0.1002,0.1064,0.0062
4813,990.3,510.1,88.8618,88.8680,88.7620,0.0998,0.1060,0.0062
4814,997.3,478.5,88.8679,88.8741,88.7690,0.0989,0.1051,0.0062
4815,997.5,536.1,88.8741,88.8803,88.7754,0.0986,0.1048,0.0062
4816,997.0,540.8,88.8802,88.8864,88.7819,0.0983,0.1045,0.0062
4817,1011.7,468.6,88.8863,88.8925,88.7886,0.0977,0.1039,0.0062
4818,989.1,520.5,88.8924,88.8986,88.7959,0.0965,0.1027,0.0062
4819,999.8,549.7,88.8985,88.9047,88.8027,0.0959,0.1021,0.0062
4820,1004.6,487.4,88.9046,88.9109,88.8093,0.0953,0.1015,0.0062
4821,1002.7,524.9,88.9108,88.9170,88.8158,0.0950,0.1012,0.0062
4822,993.0,563.8,88.9169,88.9231,88.8227,0.0942,0.1004,0.0062
4823,1001.6,450.1,88.9230,88.9292,88.8292,0.0938,0.1000,0.0062
4824,998.3,517.2,88.9292,88.9354,88.8357,0.0935,0.0997,0.0062
4825,1640.8,445.3,88.9353,88.9415,88.8425,0.0928,0.0990,0.0062
4826,456.0,440.0,88.9414,88.9476,88.8498,0.0917,0.0979,0.0062
4827,941.5,485.3,88.9476,88.9538,88.8566,0.0910,0.0972,0.0062
4828,972.7,487.8,88.9537,88.9599,88.8634,0.0902,0.0965,0.0062
4829,994.1,477.3,88.9598,88.9660,88.8703,0.0895,0.0957,0.0062
4830,1000.6,646.7,88.9660,88.9722,88.8777,0.0882,0.0945,0.0062
4831,1005.6,496.6,88.9721,88.9783,88.8846,0.0875,0.0937,0.0062
4832,1008.0,490.9,88.9782,88.9845,88.8913,0.0869,0.0931,0.0062
4833,991.2,505.3,88.9844,88.9906,88.8979,0.0864,0.0927,0.0062
4834,995.2,559.5,88.9905,88.9968,88.9050,0.0856,0.0918,0.0062
4835,999.7,519.6,88.9967,89.0029,88.9114,0.0853,0.0915,0.0062
4836,1006.0,550.6,89.0028,89.0091,88.9176,0.0852,0.0914,0.0062
4837,988.1,354.2,89.0090,89.0152,88.9237,0.0853,0.0915,0.0062
4838,999.9,521.5,89.0151,89.0214,88.9299,0.0852,0.0914,0.0062
4839,1001.6,566.7,89.0213,89.0275,88.9354,0.0858,0.0921,0.0062
4840,1006.8,484.8,89.0275,89.0337,88.9407,0.0868,0.0930,0.0062
4841,992.4,530.2,89.0336,89.0398,88.9457,0.0879,0.0941,0.0062
4842,999.3,525.0,89.0398,89.0460,88.9514,0.0884,0.0946,0.0062
4843,1027.4,450.1,89.0459,89.0522,88.9569,0.0890,0.0952,0.0062
4844,990.2,605.7,89.0521,89.0583,88.9625,0.0896,0.0958,0.0062
4845,986.7,526.5,89.0583,89.0645,88.9681,0.0902,0.0964,0.0062
4846,991.0,301.1,89.0644,89.0706,88.9740,0.0904,0.0966,0.0062
4847,999.4,511.8,89.0706,89.0768,88.9794,0.0912,0.0974,0.0062
4848,1026.2,535.1,89.0768,89.0830,88.9849,0.0918,0.0980,0.0062
4849,992.4,747.1,89.0829,89.0892,88.9906,0.0924,0.0986,0.0062
4850,997.4,534.7,89.0891,89.0953,88.9968,0.0923,0.0986,0.0062
4851,1001.3,541.5,89.0953,89.1015,89.0029,0.0923,0.0986,0.0062
4852,999.4,459.0,89.1014,89.1077,89.0090,0.0924,0.0986,0.0062
4853,997.8,579.2,89.1076,89.1138,89.0152,0.0924,0.0987,0.0062
4854,995.5,518.0,89.1138,89.1200,89.0219,0.0919,0.0981,0.0062
4855,1100.0,449.4,89.1200,89.1262,89.0281,0.0919,0.0982,0.0062
4856,907.9,556.4,89.1262,89.1324,89.0342,0.0920,0.0982,0.0062
4857,1005.2,526.6,89.1323,89.1386,89.0404,0.0919,0.0981,0.0062
4858,1004.2,435.2,89.1385,89.1447,89.0473,0.0912,0.0974,0.0062
4859,981.0,597.2,89.1447,89.1509,89.0538,0.0909,0.0972,0.0062
4860,1008.4,564.9,89.1509,89.1571,89.0602,0.0907,0.0969,0.0062
4861,991.8,431.2,89.1571,89.1633,89.0664,0.0907,0.0969,0.0062
4862,998.6,591.9,89.1633,89.1695,89.0728,0.0905,0.0967,0.0062
4863,1007.5,529.3,89.1695,89.1757,89.0790,0.0904,0.0967,0.0062
4864,1000.8,529.3,89.1756,89.1819,89.0853,0.0903,0.0965,0.0062
4865,994.2,610.6,89.1818,89.1881,89.0917,0.0901,0.0964,0.0062
4866,1098.8,610.2,89.1880,89.1943,89.0987,0.0893,0.0955,0.0062
4867,917.5,572.1,89.1942,89.2005,89.1053,0.0889,0.0952,0.0062
4868,988.3,580.4,89.2004,89.2067,89.1118,0.0886,0.0948,0.0062
4869,1013.9,1001.6,89.2066,89.2129,89.1184,0.0882,0.0944,0.0062
4870,1010.7,450.6,89.2128,89.2191,89.1255,0.0874,0.0936,0.0062
4871,981.7,497.1,89.2190,89.2253,89.1319,0.0871,0.0933,0.0062
4872,994.5,494.7,89.2252,89.2315,89.1384,0.0868,0.0931,0.0062
4873,1014.4,458.1,89.2314,89.2377,89.1448,0.0866,0.0929,0.0062
4874,1012.2,513.6,89.2376,89.2439,89.1517,0.0860,0.0922,0.0062
4875,985.5,544.4,89.2438,89.2501,89.1582,0.0857,0.0919,0.0062
4876,996.1,470.2,89.2500,89.2563,89.1647,0.0853,0.0916,0.0062
4877,984.6,528.5,89.2562,89.2625,89.1712,0.0851,0.0913,0.0062
4878,1402.5,303.5,89.2625,89.2687,89.1783,0.0842,0.0904,0.0062
4879,604.3,476.4,89.2687,89.2749,89.1845,0.0841,0.0904,0.0062
4880,990.3,530.7,89.2749,89.2811,89.1905,0.0843,0.0906,0.0062
4881,1010.4,520.0,89.2811,89.2873,89.1963,0.0848,0.0910,0.0062
4882,1037.2,514.1,89.2873,89.2935,89.2024,0.0849,0.0912,0.0062
4883,958.2,527.5,89.2935,89.2998,89.2080,0.0855,0.0917,0.0062
4884,999.1,556.7,89.2997,89.3060,89.2138,0.0859,0.0922,0.0062
4885,1007.1,457.0,89.3059,89.3122,89.2195,0.0865,0.0927,0.0063
4886,987.5,572.9,89.3122,89.3184,89.2255,0.0867,0.0929,0.0063
4887,999.9,549.6,89.3184,89.3246,89.2309,0.0875,0.0938,0.0063
4888,1003.9,492.8,89.3246,89.3309,89.2362,0.0885,0.0947,0.0063
4889,1002.6,527.1,89.3308,89.3371,89.2416,0.0893,0.0955,0.0063
4890,999.4,531.3,89.3370,89.3433,89.2476,0.0894,0.0957,0.0063
4891,993.6,582.3,89.3433,89.3495,89.2535,0.0898,0.0960,0.0063
4892,1008.2,528.8,89.3495,89.3558,89.2594,0.0901,0.0963,0.0063
4893,996.2,508.3,89.3557,89.3620,89.2660,0.0898,0.0960,0.0063
4894,1030.9,558.1,89.3620,89.3682,89.2719,0.0900,0.0963,0.0063
4895,973.5,516.7,89.3682,89.3744,89.2778,0.0904,0.0966,0.0063
4896,1009.2,496.1,89.3744,89.3807,89.2837,0.0907,0.0969,0.0063
4897,993.5,524.3,89.3806,89.3869,89.2898,0.0909,0.0971,0.0063
4898,1002.9,512.1,89.3869,89.3931,89.2963,0.0906,0.0969,0.0063
4899,999.4,500.6,89.3931,89.3994,89.3023,0.0908,0.0970,0.0063
4900,1005.5,522.0,89.3993,89.4056,89.3082,0.0912,0.0974,0.0063
4901,992.1,545.7,89.4056,89.4118,89.3143,0.0913,0.0976,0.0063
4902,1006.8,411.5,89.4118,89.4181,89.3198,0.0920,0.0983,0.0063
4903,978.1,507.4,89.4180,89.4243,89.3252,0.0929,0.0991,0.0063
4904,995.9,571.6,89.4243,89.4305,89.3307,0.0936,0.0998,0.0063
4905,1001.2,294.2,89.4305,89.4368,89.3369,0.0936,0.0998,0.0063
4906,1022.0,513.9,89.4368,89.4430,89.3429,0.0938,0.1001,0.0063
4907,977.8,552.3,89.4430,89.4493,89.3493,0.0937,0.1000,0.0063
4908,1007.2,325.2,89.4492,89.4555,89.3557,0.0935,0.0998,0.0063
4909,1007.2,517.1,89.4555,89.4617,89.3626,0.0929,0.0992,0.0063
4910,992.3,515.0,89.4617,89.4680,89.3690,0.0927,0.0989,0.0063
4911,1000.7,350.1,89.4680,89.4742,89.3755,0.0925,0.0988,0.0063
4912,1008.8,506.8,89.4742,89.4805,89.3819,0.0923,0.0986,0.0063
4913,989.9,562.4,89.4805,89.4867,89.3885,0.0920,0.0982,0.0063
4914,1009.9,457.0,89.4867,89.4930,89.3955,0.0912,0.0974,0.0063
4915,1008.1,539.2,89.4929,89.4992,89.4021,0.0909,0.0971,0.0063
4916,998.4,534.6,89.4992,89.5055,89.4086,0.0906,0.0968,0.0063
4917,1044.5,516.4,89.5054,89.5117,89.4156,0.0898,0.0961,0.0063
4918,975.8,517.5,89.5117,89.5180,89.4222,0.0895,0.0958,0.0063
4919,971.8,529.4,89.5179,89.5242,89.4288,0.0892,0.0954,0.0063
4920,1020.8,493.2,89.5242,89.5305,89.4353,0.0889,0.0951,0.0063
4921,995.3,527.2,89.5304,89.5367,89.4420,0.0884,0.0947,0.0063
4922,999.5,501.7,89.5367,89.5430,89.4480,0.0887,0.0950,0.0063
4923,1015.4,447.4,89.5430,89.5492,89.4540,0.0889,0.0952,0.0063
4924,965.3,534.6,89.5492,89.5555,89.4602,0.0890,0.0952,0.0063
4925,1007.0,511.5,89.5555,89.5617,89.4671,0.0883,0.0946,0.0063
4926,1006.5,536.5,89.5617,89.5680,89.4737,0.0880,0.0943,0.0063
4927,997.5,516.5,89.5680,89.5742,89.4801,0.0879,0.0942,0.0063
4928,992.0,522.5,89.5742,89.5805,89.4867,0.0875,0.0938,0.0063
4929,1006.6,462.7,89.5805,89.5868,89.4936,0.0869,0.0932,0.0063
4930,986.4,521.3,89.5867,89.5930,89.4997,0.0870,0.0933,0.0063
4931,999.4,512.5,89.5930,89.5993,89.5059,0.0871,0.0934,0.0063
4932,1009.4,433.9,89.5993,89.6055,89.5124,0.0869,0.0931,0.0063
4933,992.4,514.2,89.6055,89.6118,89.5192,0.0863,0.0926,0.0063
4934,1015.5,550.4,89.6118,89.6181,89.5253,0.0865,0.0928,0.0063
4935,984.0,432.2,89.6180,89.6243,89.5313,0.0867,0.0930,0.0063
4936,1013.7,523.3,89.6243,89.6306,89.5374,0.0870,0.0932,0.0063
4937,992.7,540.7,89.6306,89.6368,89.5440,0.0866,0.0929,0.0063
4938,1015.2,494.6,89.6368,89.6431,89.5501,0.0867,0.0930,0.0063
4939,992.5,542.3,89.6431,89.6494,89.5562,0.0869,0.0932,0.0063
4940,995.4,552.3,89.6494,89.6556,89.5622,0.0872,0.0934,0.0063
4941,1018.5,648.8,89.6556,89.6619,89.5686,0.0870,0.0933,0.0063
4942,1001.7,540.6,89.6619,89.6682,89.5743,0.0876,0.0939,0.0063
4943,981.0,558.1,89.6682,89.6744,89.5799,0.0882,0.0945,0.0063
4944,1018.7,570.0,89.6744,89.6807,89.5855,0.0889,0.0952,0.0063
4945,988.0,533.4,89.6807,89.6870,89.5916,0.0891,0.0953,0.0063
4946,996.4,551.8,89.6870,89.6932,89.5974,0.0895,0.0958,0.0063
4947,1004.6,494.4,89.6932,89.6995,89.6034,0.0899,0.0962,0.0063
4948,1284.7,299.8,89.6995,89.7058,89.6093,0.0902,0.0965,0.0063
4949,698.8,520.2,89.7058,89.7121,89.6158,0.0900,0.0963,0.0063
4950,992.8,445.9,89.7120,89.7183,89.6218,0.0902,0.0965,0.0063
4951,996.9,541.4,89.7183,89.7246,89.6290,0.0893,0.0956,0.0063
4952,1000.6,519.1,89.7246,89.7309,89.6353,0.0893,0.0956,0.0063
4953,1005.6,486.8,89.7309,89.7371,89.6422,0.0887,0.0950,0.0063
4954,994.0,576.0,89.7371,89.7434,89.6485,0.0886,0.0949,0.0063
4955,1000.5,513.5,89.7434,89.7497,89.6550,0.0884,0.0947,0.0063
4956,999.5,495.4,89.7497,89.7560,89.6615,0.0882,0.0945,0.0063
4957,1016.3,568.4,89.7560,89.7622,89.6684,0.0876,0.0938,0.0063
4958,984.6,563.0,89.7622,89.7685,89.6749,0.0873,0.0936,0.0063
4959,1000.7,459.2,89.7685,89.7748,89.6814,0.0871,0.0934,0.0063
4960,1030.4,507.7,89.7748,89.7811,89.6877,0.0870,0.0933,0.0063
4961,1008.7,486.0,89.7811,89.7873,89.6944,0.0866,0.0929,0.0063
4962,998.2,508.3,89.7873,89.7936,89.7005,0.0868,0.0931,0.0063
4963,975.4,536.4,89.7936,89.7999,89.7063,0.0873,0.0936,0.0063
4964,1004.6,444.3,89.7999,89.8062,89.7124,0.0875,0.0938,0.0063
4965,1009.4,542.8,89.8062,89.8124,89.7189,0.0873,0.0935,0.0063
4966,996.2,552.2,89.8124,89.8187,89.7250,0.0874,0.0937,0.0063
4967,1270.1,346.1,89.8187,89.8250,89.7310,0.0878,0.0940,0.0063
4968,725.9,499.0,89.8250,89.8313,89.7310,0.0940,0.1003,0.0063
4969,993.6,549.1,89.8313,89.8376,89.7370,0.0943,0.1006,0.0063
4970,996.9,288.4,89.8376,89.8438,89.7436,0.0939,0.1002,0.0063
4971,1010.1,517.7,89.8438,89.8501,89.7499,0.0939,0.1002,0.0063
4972,1000.3,492.2,89.8501,89.8564,89.7565,0.0936,0.0999,0.0063
4973,989.5,295.3,89.8564,89.8627,89.7638,0.0926,0.0988,0.0063
4974,1002.3,519.6,89.8627,89.8689,89.7709,0.0918,0.0981,0.0063
4975,1007.4,511.1,89.8689,89.8752,89.7779,0.0910,0.0973,0.0063
4976,998.7,428.8,89.8752,89.8815,89.7849,0.0904,0.0966,0.0063
4977,996.4,514.1,89.8815,89.8878,89.7918,0.0897,0.0960,0.0063
4978,996.7,515.8,89.8878,89.8941,89.7983,0.0895,0.0957,0.0063
4979,1001.9,435.5,89.8941,89.9004,89.8046,0.0894,0.0957,0.0063
4980,1005.0,504.3,89.9004,89.9066,89.8111,0.0893,0.0956,0.0063
4981,1002.5,515.0,89.9066,89.9129,89.8179,0.0887,0.0950,0.0063
4982,989.4,424.5,89.9129,89.9192,89.8241,0.0889,0.0951,0.0063
4983,999.5,535.1,89.9192,89.9255,89.8298,0.0894,0.0957,0.0063
4984,1007.9,523.5,89.9255,89.9318,89.8353,0.0901,0.0964,0.0063
4985,992.0,432.4,89.9318,89.9380,89.8413,0.0904,0.0967,0.0063
4986,1000.0,541.3,89.9380,89.9443,89.8469,0.0911,0.0974,0.0063
4987,1006.0,521.8,89.9443,89.9506,89.8528,0.0915,0.0978,0.0063
4988,1000.0,442.6,89.9506,89.9569,89.8588,0.0918,0.0981,0.0063
4989,988.1,573.8,89.9569,89.9632,89.8653,0.0916,0.0979,0.0063
4990,999.3,529.4,89.9632,89.9695,89.8713,0.0919,0.0981,0.0063
4991,997.7,445.0,89.9695,89.9757,89.8771,0.0923,0.0986,0.0063
4992,1001.0,490.2,89.9757,89.9820,89.8830,0.0927,0.0990,0.0063
4993,997.4,538.7,89.9820,89.9883,89.8896,0.0924,0.0987,0.0063
4994,1018.0,464.7,89.9883,89.9946,89.8957,0.0926,0.0989,0.0063
4995,1012.4,504.5,89.9946,90.0009,89.9018,0.0928,0.0990,0.0063
4996,989.8,497.9,90.0009,90.0072,89.9080,0.0929,0.0992,0.0063
4997,989.8,436.1,90.0072,90.0134,89.9143,0.0928,0.0991,0.0063
4998,999.3,539.8,90.0134,90.0197,89.9202,0.0932,0.0995,0.0063
4999,1005.1,511.7,90.0197,90.0260,89.9263,0.0934,0.0997,0.0063
5000,1010.9,458.7,90.0260,90.0323,89.9324,0.0936,0.0999,0.0063
5001,995.4,538.8,90.0323,90.0386,89.9388,0.0934,0.0997,0.0063
5002,1019.4,474.4,90.0386,90.0449,89.9449,0.0936,0.0999,0.0063
5003,973.2,445.7,90.0449,90.0511,89.9509,0.0939,0.1002,0.0063
5004,1013.6,532.6,90.0511,90.0574,89.9568,0.0944,0.1006,0.0063
5005,985.5,524.6,90.0574,90.0637,89.9630,0.0944,0.1007,0.0063
5006,998.4,463.1,90.0637,90.0700,89.9691,0.0946,0.1009,0.0063
5007,1003.6,3484.1,90.0700,90.0763,89.9752,0.0948,0.1011,0.0063
5008,3493.5,368.3,90.0763,90.0825,89.9946,0.0817,0.0879,0.0063
5009,374.3,537.5,90.0825,90.0888,90.0010,0.0815,0.0878,0.0063
5010,540.4,985.8,90.0888,90.0951,90.0010,0.0878,0.0941,0.0063
5011,990.0,247.9,90.0951,90.1014,90.0075,0.0876,0.0939,0.0063
5012,250.2,263.0,90.1014,90.1077,90.0075,0.0939,0.1002,0.0063
5013,338.7,523.1,90.1077,90.1140,90.0144,0.0933,0.0996,0.0063
5014,1005.6,499.2,90.1140,90.1202,90.0207,0.0932,0.0995,0.0063
5015,994.2,460.2,90.1202,90.1265,90.0270,0.0933,0.0995,0.0063
5016,996.8,536.0,90.1265,90.1328,90.0335,0.0930,0.0993,0.0063
5017,1001.9,540.9,90.1328,90.1391,90.0406,0.0922,0.0985,0.0063
5018,1006.3,451.6,90.1391,90.1454,90.0474,0.0917,0.0980,0.0063
5019,1000.7,507.8,90.1454,90.1517,90.0545,0.0909,0.0972,0.0063
5020,992.0,492.4,90.1517,90.1579,90.0618,0.0899,0.0962,0.0063
5021,1038.3,436.7,90.1579,90.1642,90.0696,0.0883,0.0946,0.0063
5022,966.1,495.9,90.1642,90.1705,90.0767,0.0875,0.0938,0.0063
5023,1016.6,480.5,90.1705,90.1768,90.0837,0.0868,0.0931,0.0063
5024,991.7,437.4,90.1768,90.1831,90.0903,0.0865,0.0927,0.0063
5025,988.5,526.0,90.1831,90.1893,90.0971,0.0860,0.0923,0.0063
5026,1014.0,295.4,90.1893,90.1956,90.1032,0.0861,0.0924,0.0063
5027,1006.5,454.7,90.1956,90.2019,90.1094,0.0862,0.0925,0.0063
5028,985.0,499.5,90.2019,90.2082,90.1157,0.0862,0.0925,0.0063
5029,1009.5,278.3,90.2082,90.2145,90.1225,0.0856,0.0919,0.0063
5030,1020.9,487.8,90.2145,90.2207,90.1288,0.0857,0.0919,0.0063
5031,981.2,4016.3,90.2207,90.2270,90.1350,0.0858,0.0921,0.0063
5032,4026.4,545.7,90.2270,90.2333,90.1598,0.0672,0.0735,0.0063
5033,551.1,300.9,90.2333,90.2396,90.1598,0.0735,0.0798,0.0063
5034,307.6,275.8,90.2396,90.2458,90.1658,0.0738,0.0800,0.0063
5035,283.3,308.5,90.2458,90.2521,90.1658,0.0800,0.0863,0.0063
5036,314.5,220.9,90.2521,90.2584,90.1658,0.0863,0.0926,0.0063
5037,504.6,481.4,90.2584,90.2647,90.1721,0.0863,0.0926,0.0063
5038,1001.3,280.7,90.2647,90.2710,90.1776,0.0870,0.0933,0.0063
5039,997.7,479.5,90.2709,90.2772,90.1828,0.0881,0.0944,0.0063
5040,1005.6,522.9,90.2772,90.2835,90.1880,0.0892,0.0955,0.0063
5041,998.7,450.2,90.2835,90.2898,90.1937,0.0898,0.0961,0.0063
5042,993.6,504.0,90.2898,90.2961,90.1994,0.0903,0.0966,0.0063
5043,998.9,1188.8,90.2960,90.3023,90.2054,0.0907,0.0969,0.0063
5044,1193.6,1182.3,90.3023,90.3086,90.2113,0.0911,0.0973,0.0063
5045,1186.8,243.9,90.3086,90.3149,90.2173,0.0913,0.0976,0.0063
5046,1157.5,273.2,90.3149,90.3211,90.2228,0.0921,0.0983,0.0063
5047,466.1,267.1,90.3211,90.3274,90.2282,0.0929,0.0992,0.0063
5048,1000.9,476.6,90.3274,90.3337,90.2336,0.0939,0.1001,0.0063
5049,995.2,497.3,90.3337,90.3400,90.2391,0.0946,0.1008,0.0063
5050,997.4,251.5,90.3400,90.3462,90.2456,0.0944,0.1007,0.0063
5051,1017.7,495.8,90.3462,90.3525,90.2514,0.0948,0.1011,0.0063
5052,985.5,479.5,90.3525,90.3588,90.2573,0.0952,0.1014,0.0063
5053,997.2,248.8,90.3588,90.3650,90.2632,0.0956,0.1018,0.0063
5054,1018.9,515.1,90.3650,90.3713,90.2698,0.0953,0.1016,0.0063
5055,985.8,513.4,90.3713,90.3776,90.2762,0.0951,0.1014,0.0063
5056,1000.6,409.4,90.3776,90.3838,90.2828,0.0948,0.1011,0.0063
5057,1002.2,488.9,90.3838,90.3901,90.2894,0.0945,0.1007,0.0063
5058,991.1,494.9,90.3901,90.3964,90.2966,0.0935,0.0998,0.0063
5059,1007.9,415.7,90.3964,90.4026,90.3032,0.0932,0.0994,0.0063
5060,1003.5,478.1,90.4026,90.4089,90.3097,0.0929,0.0992,0.0063
5061,995.0,487.6,90.4089,90.4152,90.3163,0.0926,0.0989,0.0063
5062,998.4,403.4,90.4152,90.4214,90.3231,0.0921,0.0984,0.0063
5063,1009.0,514.9,90.4214,90.4277,90.3304,0.0910,0.0973,0.0063
5064,1002.6,515.7,90.4277,90.4340,90.3373,0.0904,0.0967,0.0063
5065,993.1,482.1,90.4340,90.4402,90.3439,0.0901,0.0963,0.0063
5066,1000.3,548.2,90.4402,90.4465,90.3507,0.0895,0.0957,0.0063
5067,998.3,533.2,90.4465,90.4527,90.3572,0.0893,0.0956,0.0063
5068,1026.8,759.7,90.4527,90.4590,90.3637,0.0891,0.0953,0.0063
5069,984.8,546.2,90.4590,90.4653,90.3703,0.0887,0.0950,0.0063
5070,1032.5,1092.8,90.4653,90.4715,90.3776,0.0877,0.0940,0.0063
5071,1100.4,392.3,90.4715,90.4778,90.3843,0.0872,0.0935,0.0063
5072,877.9,517.8,90.4778,90.4840,90.3910,0.0868,0.0931,0.0063
5073,974.4,540.9,90.4840,90.4903,90.3975,0.0865,0.0928,0.0063
5074,1002.0,480.9,90.4903,90.4966,90.4045,0.0858,0.0921,0.0063
5075,998.7,569.8,90.4965,90.5028,90.4109,0.0856,0.0919,0.0063
5076,995.0,568.7,90.5028,90.5091,90.4171,0.0857,0.0919,0.0063
5077,999.9,482.5,90.5091,90.5153,90.4231,0.0859,0.0922,0.0063
5078,1000.4,558.4,90.5153,90.5216,90.4296,0.0857,0.0920,0.0063
5079,1003.7,526.2,90.5216,90.5278,90.4357,0.0858,0.0921,0.0063
5080,1005.5,450.2,90.5278,90.5341,90.4418,0.0860,0.0923,0.0063
5081,991.3,548.1,90.5341,90.5403,90.4476,0.0865,0.0927,0.0063
5082,1271.6,375.3,90.5403,90.5466,90.4539,0.0864,0.0927,0.0063
5083,750.3,528.4,90.5466,90.5528,90.4598,0.0868,0.0931,0.0063
5084,1004.0,534.0,90.5528,90.5591,90.4655,0.0873,0.0936,0.0063
5085,984.5,539.5,90.5591,90.5653,90.4711,0.0879,0.0942,0.0063
5086,1018.4,515.0,90.5653,90.5716,90.4770,0.0883,0.0945,0.0063
5087,981.4,558.0,90.5715,90.5778,90.4823,0.0893,0.0955,0.0063
5088,996.3,330.6,90.5778,90.5841,90.4876,0.0902,0.0964,0.0063
5089,1011.4,883.2,90.5840,90.5903,90.4930,0.0911,0.0974,0.0063
5090,985.6,616.3,90.5903,90.5965,90.4985,0.0918,0.0980,0.0063
5091,1050.6,493.9,90.5965,90.6028,90.5047,0.0919,0.0981,0.0063
5092,962.1,530.2,90.6028,90.6090,90.5104,0.0923,0.0986,0.0063
5093,992.5,589.3,90.6090,90.6153,90.5164,0.0926,0.0989,0.0063
5094,1005.6,513.1,90.6152,90.6215,90.5228,0.0925,0.0987,0.0063
5095,997.0,565.3,90.6215,90.6277,90.5286,0.0929,0.0992,0.0063
5096,1008.4,562.9,90.6277,90.6340,90.5346,0.0931,0.0994,0.0063
5097,995.2,347.5,90.6340,90.6402,90.5409,0.0931,0.0994,0.0063
5098,993.9,500.7,90.6402,90.6465,90.5477,0.0925,0.0987,0.0063
5099,1013.5,653.0,90.6464,90.6527,90.5544,0.0921,0.0983,0.0063
5100,1008.4,462.9,90.6527,90.6589,90.5610,0.0917,0.0980,0.0063
5101,990.6,572.9,90.6589,90.6652,90.5675,0.0914,0.0977,0.0063
5102,1011.2,534.0,90.6651,90.6714,90.5745,0.0906,0.0968,0.0063
5103,1005.8,444.6,90.6714,90.6776,90.5815,0.0898,0.0961,0.0063
5104,990.5,531.9,90.6776,90.6838,90.5886,0.0890,0.0952,0.0063
5105,982.6,536.8,90.6838,90.6901,90.5957,0.0881,0.0944,0.0063
5106,1000.0,303.2,90.6901,90.6963,90.6031,0.0870,0.0933,0.0063
5107,1010.4,529.2,90.6963,90.7025,90.6095,0.0867,0.0930,0.0063
5108,1324.4,292.8,90.7025,90.7088,90.6159,0.0866,0.0929,0.0063
5109,688.9,471.5,90.7087,90.7150,90.6222,0.0865,0.0928,0.0063
5110,983.7,542.7,90.7150,90.7212,90.6291,0.0859,0.0922,0.0063
5111,992.7,541.0,90.7212,90.7274,90.6358,0.0854,0.0916,0.0063
5112,1000.8,417.1,90.7274,90.7336,90.6426,0.0848,0.0911,0.0063
5113,1008.4,507.5,90.7336,90.7399,90.6493,0.0843,0.0905,0.0063
5114,990.4,521.5,90.7398,90.7461,90.6566,0.0833,0.0895,0.0063
5115,999.0,457.3,90.7461,90.7523,90.6633,0.0827,0.0890,0.0063
5116,1001.0,562.1,90.7523,90.7585,90.6702,0.0821,0.0884,0.0062
5117,1009.2,540.4,90.7585,90.7647,90.6770,0.0815,0.0878,0.0062
5118,1015.4,503.4,90.7647,90.7710,90.6844,0.0803,0.0865,0.0062
5119,992.5,520.2,90.7709,90.7772,90.6922,0.0787,0.0850,0.0062
5120,1009.5,519.4,90.7771,90.7834,90.6988,0.0783,0.0846,0.0062
5121,976.5,561.2,90.7833,90.7896,90.7057,0.0776,0.0838,0.0062
5122,1006.9,526.0,90.7896,90.7958,90.7120,0.0775,0.0838,0.0062
5123,999.5,515.2,90.7958,90.8020,90.7181,0.0777,0.0839,0.0062
5124,992.0,452.4,90.8020,90.8082,90.7238,0.0781,0.0844,0.0062
5125,1006.5,510.5,90.8082,90.8144,90.7300,0.0781,0.0844,0.0062
5126,1027.2,475.8,90.8144,90.8206,90.7358,0.0786,0.0849,0.0062
5127,984.7,462.5,90.8206,90.8268,90.7412,0.0794,0.0857,0.0062
5128,983.9,539.0,90.8268,90.8330,90.7412,0.0856,0.0919,0.0062
5129,1013.9,501.4,90.8330,90.8392,90.7467,0.0863,0.0925,0.0062
5130,1009.2,432.5,90.8392,90.8454,90.7519,0.0873,0.0935,0.0062
5131,974.2,509.5,90.8454,90.8516,90.7570,0.0884,0.0947,0.0062
5132,998.7,542.1,90.8516,90.8578,90.7623,0.0893,0.0955,0.0062
5133,1007.6,458.9,90.8578,90.8640,90.7683,0.0895,0.0958,0.0062
5134,991.6,523.8,90.8640,90.8702,90.7740,0.0900,0.0962,0.0062
5135,1000.1,502.5,90.8702,90.8764,90.7796,0.0906,0.0968,0.0062
5136,1002.8,445.7,90.8764,90.8826,90.7856,0.0908,0.0970,0.0062
5137,1010.9,509.6,90.8826,90.8888,90.7911,0.0915,0.0977,0.0062
5138,988.2,512.2,90.8887,90.8950,90.7968,0.0920,0.0982,0.0062
5139,1018.4,485.5,90.8949,90.9012,90.8025,0.0924,0.0986,0.0062
5140,1131.0,397.7,90.9011,90.9074,90.8089,0.0922,0.0985,0.0062
5141,876.2,505.4,90.9073,90.9135,90.8149,0.0924,0.0986,0.0062
5142,975.2,610.6,90.9135,90.9197,90.8210,0.0925,0.0987,0.0062
5143,1008.4,538.5,90.9197,90.9259,90.8270,0.0926,0.0989,0.0062
5144,1006.0,536.9,90.9258,90.9321,90.8332,0.0927,0.0989,0.0062
5145,1004.6,486.5,90.9320,90.9383,90.8389,0.0931,0.0994,0.0062
5146,983.8,530.6,90.9382,90.9444,90.8449,0.0933,0.0995,0.0062
5147,998.0,514.8,90.9444,90.9506,90.8512,0.0932,0.0994,0.0062
5148,997.5,449.7,90.9506,90.9568,90.8581,0.0924,0.0987,0.0062
5149,1006.5,500.9,90.9567,90.9630,90.8646,0.0921,0.0983,0.0062
5150,990.7,279.5,90.9629,90.9691,90.8707,0.0922,0.0984,0.0062
5151,1038.0,505.1,90.9691,90.9753,90.8767,0.0924,0.0986,0.0062
5152,964.7,515.1,90.9752,90.9815,90.8831,0.0921,0.0984,0.0062
5153,1016.4,303.1,90.9814,90.9876,90.8893,0.0921,0.0983,0.0062
5154,985.3,479.0,90.9876,90.9938,90.8955,0.0921,0.0983,0.0062
5155,996.9,534.5,90.9937,91.0000,90.9020,0.0918,0.0980,0.0062
5156,999.2,305.5,90.9999,91.0061,90.9085,0.0914,0.0976,0.0062
5157,1026.6,504.6,91.0061,91.0123,90.9155,0.0905,0.0968,0.0062
5158,1409.4,302.5,91.0122,91.0185,90.9221,0.0901,0.0963,0.0062
5159,590.5,425.6,91.0184,91.0246,90.9287,0.0897,0.0959,0.0062
5160,990.2,561.2,91.0246,91.0308,90.9354,0.0891,0.0953,0.0062
5161,987.8,554.9,91.0307,91.0369,90.9426,0.0881,0.0943,0.0062
5162,997.1,292.3,91.0369,91.0431,90.9493,0.0875,0.0938,0.0062
5163,1267.6,307.2,91.0430,91.0492,90.9559,0.0871,0.0934,0.0062
5164,727.5,510.7,91.0492,91.0554,90.9625,0.0867,0.0929,0.0062
5165,1000.6,411.5,91.0553,91.0615,90.9694,0.0859,0.0921,0.0062
5166,993.9,492.8,91.0615,91.0677,90.9759,0.0856,0.0918,0.0062
5167,1003.6,534.4,91.0676,91.0738,90.9826,0.0850,0.0912,0.0062
5168,1007.5,284.1,91.0738,91.0800,90.9892,0.0845,0.0907,0.0062
5169,1016.6,540.7,91.0799,91.0861,90.9961,0.0838,0.0900,0.0062
5170,981.2,510.5,91.0860,91.0922,91.0024,0.0837,0.0899,0.0062
5171,999.8,277.0,91.0922,91.0984,91.0085,0.0837,0.0899,0.0062
5172,999.5,487.7,91.0983,91.1045,91.0144,0.0840,0.0902,0.0062
5173,1003.2,510.0,91.1045,91.1107,91.0207,0.0838,0.0900,0.0062
5174,999.2,284.4,91.1106,91.1168,91.0265,0.0841,0.0903,0.0062
5175,998.5,483.9,91.1167,91.1229,91.0324,0.0843,0.0905,0.0062
5176,1007.8,499.7,91.1228,91.1291,91.0383,0.0845,0.0907,0.0062
5177,986.9,272.6,91.1290,91.1352,91.0447,0.0843,0.0905,0.0062
5178,1992.3,541.4,91.1351,91.1413,91.0561,0.0791,0.0853,0.0062
5179,544.6,221.1,91.1412,91.1474,91.0561,0.0852,0.0914,0.0062
5180,462.7,246.9,91.1474,91.1536,91.0617,0.0857,0.0919,0.0062
5181,1009.9,581.2,91.1535,91.1597,91.0680,0.0854,0.0916,0.0062
5182,998.3,530.1,91.1596,91.1658,91.0742,0.0854,0.0916,0.0062
5183,987.1,259.6,91.1657,91.1719,91.0801,0.0856,0.0918,0.0062
5184,999.3,524.6,91.1718,91.1780,91.0858,0.0860,0.0922,0.0062
5185,1002.0,1050.1,91.1779,91.1841,91.0921,0.0859,0.0921,0.0062
5186,1053.0,952.1,91.1841,91.1903,91.0980,0.0861,0.0923,0.0062
5187,954.3,997.6,91.1902,91.1964,91.1039,0.0863,0.0925,0.0062
5188,1000.0,997.7,91.1963,91.2025,91.1100,0.0863,0.0925,0.0062
5189,1000.1,995.9,91.2024,91.2086,91.1167,0.0857,0.0919,0.0062
5190,998.0,544.0,91.2085,91.2147,91.1228,0.0857,0.0919,0.0062
5191,1025.7,571.2,91.2146,91.2208,91.1289,0.0857,0.0919,0.0062
5192,1000.2,481.9,91.2207,91.2269,91.1348,0.0859,0.0921,0.0062
5193,978.2,536.5,91.2268,91.2330,91.1410,0.0858,0.0920,0.0062
5194,1004.4,589.2,91.2329,91.2391,91.1468,0.0861,0.0923,0.0062
5195,1000.1,493.9,91.2390,91.2452,91.1525,0.0865,0.0927,0.0062
5196,989.6,514.2,91.2451,91.2513,91.1584,0.0867,0.0929,0.0062
5197,995.2,511.7,91.2512,91.2574,91.1648,0.0863,0.0925,0.0062
5198,1001.1,261.0,91.2573,91.2635,91.1711,0.0862,0.0924,0.0062
5199,1016.0,517.9,91.2634,91.2695,91.1773,0.0861,0.0923,0.0062
5200,990.9,502.7,91.2695,91.2756,91.1836,0.0859,0.0920,0.0062
5201,998.4,438.8,91.2755,91.2817,91.1904,0.0851,0.0913,0.0062
5202,1003.9,518.9,91.2816,91.2878,91.1968,0.0848,0.0910,0.0062
5203,1000.0,496.1,91.2877,91.2939,91.2034,0.0843,0.0905,0.0062
5204,997.5,441.5,91.2938,91.3000,91.2099,0.0839,0.0900,0.0062
5205,1001.4,509.7,91.2999,91.3060,91.2168,0.0830,0.0892,0.0062
5206,998.7,495.7,91.3059,91.3121,91.2232,0.0828,0.0889,0.0062
5207,1448.1,767.6,91.3120,91.3182,91.2294,0.0826,0.0888,0.0062
5208,774.6,296.6,91.3181,91.3242,91.2355,0.0825,0.0887,0.0062
5209,774.3,520.0,91.3241,91.3303,91.2423,0.0818,0.0880,0.0062
5210,1003.1,459.8,91.3302,91.3364,91.2485,0.0817,0.0879,0.0062
5211,993.2,527.9,91.3363,91.3424,91.2544,0.0818,0.0880,0.0062
5212,1010.5,274.2,91.3423,91.3485,91.2604,0.0819,0.0881,0.0062
5213,1007.3,503.1,91.3484,91.3546,91.2661,0.0823,0.0885,0.0062
5214,1004.2,541.0,91.3545,91.3606,91.2721,0.0823,0.0885,0.0062
5215,986.3,420.0,91.3605,91.3667,91.2779,0.0826,0.0888,0.0062
5216,993.4,483.8,91.3666,91.3727,91.2838,0.0828,0.0890,0.0062
5217,996.6,533.0,91.3726,91.3788,91.2903,0.0823,0.0885,0.0062
5218,1002.2,297.4,91.3787,91.3848,91.2964,0.0823,0.0885,0.0062
5219,1020.1,637.0,91.3847,91.3909,91.3023,0.0824,0.0886,0.0062
5220,1039.2,450.9,91.3908,91.3969,91.3083,0.0825,0.0886,0.0062
5221,942.3,303.2,91.3968,91.4030,91.3148,0.0820,0.0882,0.0062
5222,1019.1,486.7,91.4028,91.4090,91.3206,0.0822,0.0884,0.0062
5223,977.5,521.3,91.4089,91.4150,91.3266,0.0823,0.0885,0.0062
5224,1009.2,288.7,91.4149,91.4211,91.3326,0.0823,0.0885,0.0062
5225,1007.5,479.8,91.4210,91.4271,91.3391,0.0818,0.0880,0.0062
5226,986.1,558.0,91.4270,91.4331,91.3453,0.0817,0.0879,0.0062
5227,1004.8,282.7,91.4330,91.4392,91.3514,0.0817,0.0878,0.0062
5228,997.5,495.0,91.4390,91.4452,91.3572,0.0819,0.0880,0.0062
5229,999.2,553.3,91.4451,91.4512,91.3632,0.0818,0.0880,0.0062
5230,1003.9,287.8,91.4511,91.4572,91.3690,0.0821,0.0883,0.0062
5231,999.5,695.1,91.4571,91.4633,91.3747,0.0824,0.0885,0.0062
5232,1002.1,540.4,91.4631,91.4693,91.3806,0.0826,0.0887,0.0062
5233,992.6,305.9,91.4692,91.4753,91.3870,0.0821,0.0883,0.0061
5234,1003.6,523.8,91.4752,91.4813,91.3926,0.0825,0.0887,0.0061
5235,993.6,542.7,91.4812,91.4873,91.3980,0.0832,0.0893,0.0061
5236,1003.1,267.1,91.4872,91.4933,91.4034,0.0838,0.0899,0.0061
5237,1015.1,716.6,91.4932,91.4993,91.4092,0.0840,0.0901,0.0061
5238,992.7,548.8,91.4992,91.5053,91.4146,0.0846,0.0907,0.0061
5239,990.4,757.4,91.5052,91.5114,91.4204,0.0848,0.0910,0.0061
5240,1005.2,565.4,91.5112,91.5174,91.4261,0.0851,0.0913,0.0061
5241,994.9,755.7,91.5172,91.5233,91.4323,0.0850,0.0911,0.0061
5242,1007.5,446.5,91.5232,91.5293,91.4378,0.0855,0.0916,0.0061
5243,991.5,766.8,91.5292,91.5353,91.4432,0.0860,0.0922,0.0061
5244,1003.5,544.1,91.5352,91.5413,91.4487,0.0865,0.0926,0.0061
5245,997.4,474.4,91.5412,91.5473,91.4549,0.0863,0.0924,0.0061
5246,1002.2,782.3,91.5472,91.5533,91.4608,0.0864,0.0925,0.0061
5247,999.1,570.6,91.5531,91.5593,91.4669,0.0862,0.0924,0.0061
5248,996.7,286.5,91.5591,91.5653,91.4731,0.0861,0.0922,0.0061
5249,1016.3,752.0,91.5651,91.5712,91.4796,0.0855,0.0916,0.0061
5250,991.8,523.5,91.5711,91.5772,91.4858,0.0853,0.0914,0.0061
5251,992.3,300.8,91.5771,91.5832,91.4918,0.0852,0.0914,0.0061
5252,1020.1,552.0,91.5830,91.5892,91.4979,0.0851,0.0912,0.0061
5253,979.6,779.7,91.5890,91.5951,91.5047,0.0843,0.0904,0.0061
5254,1013.6,436.6,91.5950,91.6011,91.5110,0.0840,0.0901,0.0061
5255,987.5,526.0,91.6009,91.6071,91.5172,0.0838,0.0899,0.0061
5256,1004.5,530.6,91.6069,91.6130,91.5232,0.0837,0.0899,0.0061
5257,997.9,430.4,91.6129,91.6190,91.5294,0.0835,0.0896,0.0061
5258,1004.1,535.7,91.6188,91.6249,91.5352,0.0837,0.0898,0.0061
5259,995.4,546.7,91.6248,91.6309,91.5409,0.0838,0.0900,0.0061
5260,998.6,305.0,91.6307,91.6368,91.5468,0.0839,0.0900,0.0061
5261,1001.7,537.2,91.6367,91.6428,91.5535,0.0832,0.0893,0.0061
5262,1003.3,573.4,91.6426,91.6487,91.5597,0.0829,0.0890,0.0061
5263,994.9,480.8,91.6486,91.6547,91.5657,0.0828,0.0889,0.0061
5264,999.7,541.8,91.6545,91.6606,91.5716,0.0829,0.0890,0.0061
5265,1000.1,585.7,91.6604,91.6666,91.5781,0.0823,0.0884,0.0061
5266,999.8,803.0,91.6664,91.6725,91.5844,0.0820,0.0881,0.0061
5267,1009.4,620.8,91.6723,91.6784,91.5908,0.0816,0.0877,0.0061
5268,1000.8,838.6,91.6782,91.6843,91.5975,0.0808,0.0869,0.0061
5269,1000.6,526.6,91.6842,91.6903,91.6047,0.0795,0.0856,0.0061
5270,997.3,575.8,91.6901,91.6962,91.6111,0.0790,0.0851,0.0061
5271,1009.1,540.2,91.6960,91.7021,91.6176,0.0784,0.0845,0.0061
5272,990.5,533.7,91.7019,91.7080,91.6241,0.0779,0.0840,0.0061
5273,1000.0,569.6,91.7079,91.7140,91.6309,0.0769,0.0830,0.0061
5274,999.9,304.5,91.7138,91.7199,91.6374,0.0764,0.0825,0.0061
5275,1017.7,495.4,91.7197,91.7258,91.6436,0.0761,0.0822,0.0061
5276,983.2,586.0,91.7256,91.7317,91.6496,0.0760,0.0821,0.0061
5277,999.1,336.1,91.7315,91.7376,91.6557,0.0758,0.0819,0.0061
5278,1007.3,549.6,91.7374,91.7435,91.6612,0.0762,0.0823,0.0061
5279,1003.4,612.3,91.7433,91.7494,91.6673,0.0760,0.0821,0.0061
5280,989.8,335.0,91.7492,91.7553,91.6726,0.0766,0.0827,0.0061
5281,1001.4,547.8,91.7551,91.7612,91.6785,0.0767,0.0828,0.0061
5282,1000.0,570.1,91.7610,91.7671,91.6840,0.0770,0.0831,0.0061
5283,1006.8,333.4,91.7669,91.7730,91.6896,0.0773,0.0834,0.0061
5284,993.1,565.8,91.7728,91.7789,91.6951,0.0777,0.0838,0.0061
5285,1018.1,535.0,91.7787,91.7848,91.7010,0.0777,0.0838,0.0061
5286,999.7,311.5,91.7846,91.7906,91.7064,0.0781,0.0842,0.0061
5287,985.2,569.3,91.7904,91.7965,91.7117,0.0787,0.0848,0.0061
5288,997.6,794.0,91.7963,91.8024,91.7173,0.0791,0.0851,0.0061
5289,1003.6,327.3,91.8022,91.8083,91.7234,0.0788,0.0849,0.0061
5290,1005.2,562.3,91.8081,91.8141,91.7289,0.0791,0.0852,0.0061
5291,989.8,596.2,91.8139,91.8200,91.7344,0.0795,0.0856,0.0061
5292,999.7,333.8,91.8198,91.8259,91.7404,0.0794,0.0854,0.0061
5293,1000.5,559.8,91.8257,91.8317,91.7459,0.0798,0.0859,0.0061
5294,1007.0,554.4,91.8315,91.8376,91.7514,0.0801,0.0862,0.0061
5295,993.7,348.5,91.8374,91.8434,91.7567,0.0807,0.0867,0.0061
5296,1001.7,585.9,91.8432,91.8493,91.7567,0.0865,0.0926,0.0061
5297,996.8,605.1,91.8491,91.8552,91.7623,0.0868,0.0929,0.0061
5298,999.4,326.8,91.8549,91.8610,91.7683,0.0866,0.0927,0.0061
5299,1016.1,541.6,91.8608,91.8668,91.7741,0.0867,0.0928,0.0061
5300,984.3,602.0,91.8666,91.8727,91.7799,0.0867,0.0927,0.0061
5301,1000.0,322.1,91.8725,91.8785,91.7857,0.0867,0.0928,0.0061
5302,1002.6,581.8,91.8783,91.8844,91.7918,0.0865,0.0925,0.0061
5303,1002.2,592.3,91.8841,91.8902,91.7976,0.0865,0.0926,0.0061
5304,995.5,328.9,91.8900,91.8960,91.8035,0.0865,0.0925,0.0061
5305,1006.0,548.0,91.8958,91.9019,91.8094,0.0864,0.0924,0.0061
5306,994.0,621.9,91.9016,91.9077,91.8160,0.0857,0.0917,0.0061
5307,1005.7,328.2,91.9074,91.9135,91.8219,0.0855,0.0916,0.0061
5308,994.0,587.8,91.9133,91.9193,91.8277,0.0855,0.0916,0.0061
5309,999.7,606.9,91.9191,91.9251,91.8336,0.0854,0.0915,0.0060
5310,1000.0,322.9,91.9249,91.9309,91.8401,0.0848,0.0909,0.0060
5311,1011.7,556.3,91.9307,91.9368,91.8461,0.0846,0.0906,0.0060
5312,987.5,532.9,91.9365,91.9426,91.8526,0.0839,0.0900,0.0060
5313,999.3,283.6,91.9423,91.9484,91.8591,0.0832,0.0892,0.0060
5314,1029.6,559.5,91.9481,91.9542,91.8661,0.0821,0.0881,0.0060
5315,983.6,546.2,91.9539,91.9600,91.8723,0.0816,0.0876,0.0060
5316,990.2,541.3,91.9597,91.9658,91.8785,0.0812,0.0872,0.0060
5317,1000.0,620.4,91.9655,91.9715,91.8848,0.0807,0.0867,0.0060
5318,998.8,605.1,91.9713,91.9773,91.8917,0.0796,0.0856,0.0060
5319,997.8,524.4,91.9771,91.9831,91.8982,0.0789,0.0849,0.0060
5320,1010.3,601.7,91.9829,91.9889,91.9045,0.0783,0.0844,0.0060
5321,991.7,594.4,91.9886,91.9947,91.9106,0.0781,0.0841,0.0060
5322,1026.4,476.0,91.9944,92.0005,91.9167,0.0777,0.0838,0.0060
5323,993.0,549.4,92.0002,92.0062,91.9224,0.0778,0.0838,0.0060
5324,990.3,551.5,92.0060,92.0120,91.9281,0.0778,0.0839,0.0060
5325,994.5,446.3,92.0117,92.0178,91.9338,0.0780,0.0840,0.0060
5326,996.1,536.6,92.0175,92.0235,91.9398,0.0778,0.0838,0.0060
5327,999.8,573.3,92.0233,92.0293,91.9453,0.0780,0.0840,0.0060
5328,1008.6,529.2,92.0290,92.0350,91.9508,0.0783,0.0843,0.0060
5329,991.2,569.4,92.0348,92.0408,91.9562,0.0786,0.0846,0.0060
5330,999.4,604.4,92.0405,92.0465,91.9622,0.0784,0.0844,0.0060
5331,1000.7,490.0,92.0463,92.0523,91.9677,0.0786,0.0846,0.0060
5332,1016.4,556.2,92.0520,92.0580,91.9733,0.0788,0.0848,0.0060
5333,994.4,548.1,92.0578,92.0638,91.9788,0.0789,0.0849,0.0060
5334,990.8,499.9,92.0635,92.0695,91.9848,0.0787,0.0847,0.0060
5335,997.0,550.6,92.0692,92.0753,91.9902,0.0790,0.0850,0.0060
5336,1005.3,334.9,92.0750,92.0810,91.9957,0.0793,0.0853,0.0060
5337,1000.4,511.3,92.0807,92.0867,92.0011,0.0796,0.0856,0.0060
5338,997.3,617.5,92.0864,92.0924,92.0070,0.0795,0.0855,0.0060
5339,1004.0,356.4,92.0922,92.0982,92.0126,0.0795,0.0855,0.0060
5340,992.2,543.5,92.0979,92.1039,92.0182,0.0797,0.0857,0.0060
5341,1006.5,607.2,92.1036,92.1096,92.0237,0.0799,0.0859,0.0060
5342,993.9,341.0,92.1093,92.1153,92.0295,0.0798,0.0858,0.0060
5343,1001.3,513.2,92.1150,92.1210,92.0347,0.0803,0.0863,0.0060
5344,999.3,536.5,92.1207,92.1267,92.0397,0.0810,0.0870,0.0060
5345,1006.2,369.8,92.1264,92.1324,92.0448,0.0816,0.0876,0.0060
5346,997.3,537.8,92.1321,92.1381,92.0504,0.0817,0.0877,0.0060
5347,997.3,604.8,92.1378,92.1438,92.0558,0.0820,0.0880,0.0060
5348,1005.1,323.9,92.1435,92.1495,92.0614,0.0822,0.0882,0.0060
5349,1003.6,565.9,92.1492,92.1552,92.0667,0.0825,0.0884,0.0060
5350,991.3,611.9,92.1549,92.1609,92.0727,0.0822,0.0882,0.0060
5351,1000.4,330.3,92.1606,92.1666,92.0783,0.0823,0.0883,0.0060
5352,1002.5,564.4,92.1663,92.1722,92.0840,0.0823,0.0883,0.0060
5353,1003.5,597.3,92.1719,92.1779,92.0899,0.0821,0.0881,0.0060
5354,993.3,368.4,92.1776,92.1836,92.0959,0.0817,0.0877,0.0060
5355,998.8,532.4,92.1833,92.1893,92.1025,0.0808,0.0867,0.0060
5356,999.5,580.7,92.1889,92.1949,92.1088,0.0802,0.0861,0.0060
5357,1007.5,301.4,92.1946,92.2006,92.1152,0.0795,0.0854,0.0060
5358,997.4,538.6,92.2003,92.2062,92.1214,0.0789,0.0849,0.0060
5359,1005.4,641.0,92.2059,92.2119,92.1280,0.0780,0.0839,0.0060
5360,1016.6,1042.4,92.2116,92.2175,92.1342,0.0773,0.0833,0.0060
5361,1049.8,513.0,92.2172,92.2232,92.1405,0.0767,0.0827,0.0060
5362,934.7,537.1,92.2229,92.2288,92.1469,0.0759,0.0819,0.0060
5363,996.3,296.8,92.2285,92.2345,92.1539,0.0747,0.0806,0.0060
5364,1027.4,587.8,92.2342,92.2401,92.1601,0.0740,0.0800,0.0060
5365,969.3,560.1,92.2398,92.2458,92.1662,0.0736,0.0795,0.0060
5366,1007.2,481.2,92.2454,92.2514,92.1722,0.0733,0.0792,0.0060
5367,992.6,564.1,92.2511,92.2570,92.1786,0.0725,0.0784,0.0060
5368,998.8,564.5,92.2567,92.2626,92.1847,0.0720,0.0779,0.0060
5369,999.9,333.3,92.2623,92.2683,92.1909,0.0714,0.0774,0.0060
5370,1010.4,544.1,92.2679,92.2739,92.1969,0.0710,0.0770,0.0059
5371,989.5,569.1,92.2735,92.2795,92.2036,0.0700,0.0759,0.0059
5372,1003.5,336.8,92.2791,92.2851,92.2097,0.0695,0.0754,0.0059
5373,997.0,555.8,92.2847,92.2907,92.2156,0.0691,0.0751,0.0059
5374,1005.9,577.5,92.2904,92.2963,92.2215,0.0689,0.0748,0.0059
5375,995.1,443.2,92.2960,92.3019,92.2277,0.0682,0.0742,0.0059
5376,1000.8,552.2,92.3016,92.3075,92.2334,0.0682,0.0741,0.0059
5377,997.5,568.4,92.3071,92.3131,92.2390,0.0681,0.0740,0.0059
5378,1007.3,452.7,92.3127,92.3187,92.2445,0.0682,0.0742,0.0059
5379,994.4,589.2,92.3183,92.3243,92.2502,0.0682,0.0741,0.0059
5380,999.1,544.7,92.3239,92.3298,92.2552,0.0687,0.0747,0.0059
5381,999.9,493.7,92.3295,92.3354,92.2602,0.0693,0.0752,0.0059
5382,1008.3,558.5,92.3351,92.3410,92.2653,0.0698,0.0757,0.0059
5383,991.7,546.2,92.3406,92.3466,92.2708,0.0699,0.0758,0.0059
5384,1001.2,458.1,92.3462,92.3521,92.2756,0.0706,0.0765,0.0059
5385,998.6,536.2,92.3518,92.3577,92.2803,0.0715,0.0774,0.0059
5386,1007.8,547.1,92.3573,92.3632,92.2848,0.0725,0.0784,0.0059
5387,992.2,500.4,92.3629,92.3688,92.2896,0.0732,0.0792,0.0059
5388,1001.8,591.6,92.3684,92.3743,92.2940,0.0744,0.0803,0.0059
5389,998.7,586.4,92.3740,92.3799,92.2986,0.0754,0.0813,0.0059
5390,1009.2,496.4,92.3795,92.3854,92.3031,0.0764,0.0823,0.0059
5391,992.0,629.8,92.3851,92.3910,92.3081,0.0770,0.0829,0.0059
5392,999.8,592.9,92.3906,92.3965,92.3128,0.0778,0.0837,0.0059
5393,999.6,460.0,92.3961,92.4020,92.3176,0.0785,0.0845,0.0059
5394,1010.3,548.3,92.4017,92.4076,92.3223,0.0794,0.0853,0.0059
5395,989.9,536.0,92.4072,92.4131,92.3275,0.0797,0.0856,0.0059
5396,999.9,471.7,92.4127,92.4186,92.3321,0.0806,0.0865,0.0059
5397,999.4,588.5,92.4182,92.4241,92.3367,0.0815,0.0874,0.0059
5398,1003.0,292.9,92.4237,92.4296,92.3416,0.0822,0.0881,0.0059
5399,995.6,505.2,92.4293,92.4352,92.3472,0.0821,0.0880,0.0059
5400,1002.6,596.6,92.4348,92.4407,92.3526,0.0822,0.0881,0.0059
5401,999.2,306.8,92.4403,92.4462,92.3582,0.0820,0.0879,0.0059
5402,1013.1,480.9,92.4458,92.4517,92.3639,0.0819,0.0878,0.0059
5403,986.0,537.7,92.4513,92.4572,92.3700,0.0813,0.0871,0.0059
5404,999.6,298.6,92.4568,92.4626,92.3759,0.0809,0.0868,0.0059
5405,1004.3,473.7,92.4623,92.4681,92.3816,0.0807,0.0866,0.0059
5406,1003.3,587.6,92.4677,92.4736,92.3875,0.0803,0.0862,0.0059
5407,992.8,316.9,92.4732,92.4791,92.3941,0.0792,0.0850,0.0059
5408,1008.8,527.7,92.4787,92.4846,92.4002,0.0785,0.0844,0.0059
5409,990.8,588.4,92.4842,92.4900,92.4061,0.0781,0.0839,0.0059
5410,1008.6,299.2,92.4896,92.4955,92.4120,0.0777,0.0835,0.0059
5411,994.7,505.4,92.4951,92.5010,92.4181,0.0770,0.0829,0.0059
5412,996.4,583.3,92.5006,92.5064,92.4238,0.0768,0.0827,0.0059
5413,999.1,287.2,92.5060,92.5119,92.4295,0.0765,0.0824,0.0059
5414,1041.0,565.0,92.5115,92.5173,92.4354,0.0761,0.0820,0.0059
5415,962.6,563.9,92.5169,92.5228,92.4419,0.0751,0.0809,0.0059
5416,997.3,513.0,92.5224,92.5282,92.4481,0.0743,0.0802,0.0059
5417,999.7,553.1,92.5278,92.5337,92.4542,0.0736,0.0795,0.0059
5418,1006.0,577.5,92.5333,92.5391,92.4603,0.0730,0.0788,0.0059
5419,993.1,301.2,92.5387,92.5445,92.4668,0.0719,0.0778,0.0059
5420,1000.9,540.6,92.5441,92.5500,92.4728,0.0713,0.0772,0.0059
5421,1000.6,602.3,92.5495,92.5554,92.4790,0.0706,0.0764,0.0059
5422,1000.4,327.3,92.5550,92.5608,92.4853,0.0697,0.0755,0.0059
5423,1013.3,513.6,92.5604,92.5662,92.4920,0.0684,0.0743,0.0058
5424,986.3,549.2,92.5658,92.5716,92.4978,0.0680,0.0738,0.0058
5425,1000.4,295.5,92.5712,92.5771,92.5036,0.0676,0.0735,0.0058
5426,1029.2,529.7,92.5766,92.5825,92.5092,0.0674,0.0733,0.0058
5427,980.2,550.4,92.5820,92.5879,92.5151,0.0669,0.0727,0.0058
5428,991.6,342.4,92.5874,92.5933,92.5204,0.0670,0.0729,0.0058
5429,1000.7,568.8,92.5928,92.5986,92.5254,0.0674,0.0732,0.0058
5430,996.6,587.9,92.5982,92.6040,92.5303,0.0679,0.0737,0.0058
5431,998.2,290.9,92.6036,92.6094,92.5353,0.0683,0.0741,0.0058
5432,1041.1,571.2,92.6090,92.6148,92.5397,0.0693,0.0751,0.0058
5433,962.2,537.5,92.6143,92.6202,92.5441,0.0703,0.0761,0.0058
5434,999.0,290.1,92.6197,92.6255,92.5485,0.0712,0.0771,0.0058
5435,1037.8,555.5,92.6251,92.6309,92.5533,0.0718,0.0776,0.0058
5436,972.8,525.3,92.6305,92.6363,92.5578,0.0726,0.0784,0.0058
5437,990.8,307.4,92.6358,92.6416,92.5625,0.0733,0.0792,0.0058
5438,1009.4,535.9,92.6412,92.6470,92.5672,0.0739,0.0798,0.0058
5439,989.9,555.0,92.6465,92.6523,92.5725,0.0740,0.0798,0.0058
5440,1005.7,504.0,92.6519,92.6577,92.5773,0.0746,0.0804,0.0058
5441,993.8,596.6,92.6572,92.6630,92.5820,0.0752,0.0810,0.0058
5442,998.7,557.8,92.6626,92.6684,92.5869,0.0757,0.0815,0.0058
5443,1014.3,490.2,92.6679,92.6737,92.5922,0.0757,0.0815,0.0058
5444,1006.9,547.5,92.6732,92.6790,92.5973,0.0760,0.0818,0.0058
5445,984.2,548.0,92.6786,92.6844,92.6027,0.0758,0.0817,0.0058
5446,1000.1,478.6,92.6839,92.6897,92.6082,0.0757,0.0815,0.0058
5447,1021.3,545.3,92.6892,92.6950,92.6141,0.0751,0.0809,0.0058
5448,1257.1,2782.2,92.6945,92.7003,92.6194,0.0751,0.0809,0.0058
5449,2792.1,524.4,92.6998,92.7056,92.6364,0.0634,0.0692,0.0058
5450,529.8,335.3,92.7051,92.7109,92.6364,0.0687,0.0745,0.0058
5451,340.9,305.5,92.7104,92.7162,92.6420,0.0685,0.0743,0.0058
5452,311.1,314.3,92.7157,92.7215,92.6420,0.0738,0.0796,0.0058
5453,756.9,550.9,92.7210,92.7268,92.6476,0.0735,0.0793,0.0058
5454,1011.1,533.7,92.7263,92.7321,92.6531,0.0732,0.0790,0.0058
5455,989.5,481.1,92.7316,92.7374,92.6588,0.0728,0.0785,0.0058
5456,1002.9,554.0,92.7369,92.7427,92.6637,0.0731,0.0789,0.0058
5457,1021.2,515.4,92.7422,92.7479,92.6686,0.0736,0.0793,0.0058
5458,974.3,481.0,92.7474,92.7532,92.6736,0.0738,0.0796,0.0058
5459,999.5,553.4,92.7527,92.7585,92.6793,0.0734,0.0791,0.0058
5460,1009.1,311.8,92.7580,92.7637,92.6850,0.0730,0.0787,0.0058
5461,997.1,489.6,92.7632,92.7690,92.6907,0.0725,0.0783,0.0058
5462,992.3,549.0,92.7685,92.7743,92.6969,0.0716,0.0774,0.0058
5463,990.5,605.7,92.7737,92.7795,92.7025,0.0713,0.0771,0.0058
5464,999.7,489.3,92.7790,92.7848,92.7081,0.0709,0.0767,0.0058
5465,997.9,561.0,92.7842,92.7900,92.7137,0.0705,0.0763,0.0058
5466,1008.2,326.3,92.7895,92.7952,92.7195,0.0700,0.0757,0.0058
5467,998.1,532.1,92.7947,92.8005,92.7257,0.0690,0.0747,0.0058
5468,1001.4,553.9,92.7999,92.8057,92.7316,0.0684,0.0741,0.0058
5469,987.1,305.9,92.8052,92.8109,92.7316,0.0736,0.0794,0.0058
5470,3514.6,392.5,92.8104,92.8161,92.7491,0.0613,0.0671,0.0058
5471,397.8,297.1,92.8156,92.8213,92.7547,0.0609,0.0667,0.0057
5472,300.4,344.8,92.8208,92.8266,92.7547,0.0661,0.0719,0.0057
5473,361.5,245.1,92.8260,92.8318,92.7547,0.0713,0.0771,0.0057
5474,429.8,533.8,92.8312,92.8370,92.7604,0.0708,0.0765,0.0057
5475,1005.9,277.0,92.8364,92.8422,92.7662,0.0702,0.0759,0.0057
5476,4013.1,556.8,92.8416,92.8473,92.7872,0.0545,0.0602,0.0057
5477,561.1,258.1,92.8468,92.8525,92.7872,0.0596,0.0654,0.0057
5478,260.7,275.3,92.8520,92.8577,92.7926,0.0594,0.0651,0.0057
5479,277.8,398.6,92.8572,92.8629,92.7926,0.0646,0.0703,0.0057
5480,401.0,217.5,92.8623,92.8681,92.7926,0.0697,0.0755,0.0057
5481,483.8,264.5,92.8675,92.8732,92.7976,0.0700,0.0757,0.0057
5482,998.1,497.7,92.8727,92.8784,92.8023,0.0704,0.0761,0.0057
5483,999.0,544.2,92.8778,92.8836,92.8068,0.0711,0.0768,0.0057
5484,998.6,280.4,92.8830,92.8887,92.8112,0.0718,0.0775,0.0057
5485,995.8,470.7,92.8882,92.8939,92.8155,0.0727,0.0784,0.0057
5486,1008.0,545.5,92.8933,92.8990,92.8201,0.0732,0.0789,0.0057
5487,996.6,282.9,92.8985,92.9042,92.8251,0.0733,0.0790,0.0057
5488,993.7,501.6,92.9036,92.9093,92.8305,0.0731,0.0788,0.0057
5489,999.8,560.8,92.9087,92.9144,92.8354,0.0733,0.0790,0.0057
5490,1001.4,448.5,92.9139,92.9196,92.8404,0.0735,0.0792,0.0057
5491,1003.1,517.6,92.9190,92.9247,92.8452,0.0738,0.0795,0.0057
5492,996.6,549.0,92.9241,92.9298,92.8507,0.0735,0.0792,0.0057
5493,999.9,270.3,92.9292,92.9349,92.8558,0.0734,0.0791,0.0057
5494,1019.7,505.5,92.9343,92.9400,92.8611,0.0733,0.0790,0.0057
5495,996.7,522.6,92.9395,92.9451,92.8662,0.0732,0.0789,0.0057
5496,989.9,273.8,92.9446,92.9502,92.8718,0.0728,0.0784,0.0057
5497,994.3,1046.9,92.9497,92.9553,92.8769,0.0728,0.0785,0.0057
5498,1052.2,505.6,92.9548,92.9604,92.8820,0.0727,0.0784,0.0057
5499,963.2,427.8,92.9598,92.9655,92.8871,0.0727,0.0784,0.0057
5500,989.6,495.7,92.9649,92.9706,92.8925,0.0724,0.0781,0.0057
5501,1000.9,517.4,92.9700,92.9757,92.8977,0.0723,0.0780,0.0057
5502,1009.7,420.7,92.9751,92.9808,92.9030,0.0721,0.0778,0.0057
5503,984.0,515.1,92.9802,92.9858,92.9081,0.0721,0.0778,0.0057
5504,1004.6,551.9,92.9852,92.9909,92.9133,0.0719,0.0776,0.0057
5505,995.7,276.9,92.9903,92.9960,92.9181,0.0722,0.0779,0.0057
5506,1000.0,518.1,92.9953,93.0010,92.9227,0.0726,0.0783,0.0057
5507,998.8,521.7,93.0004,93.0061,92.9274,0.0730,0.0787,0.0057
5508,1000.8,249.5,93.0054,93.0111,92.9327,0.0728,0.0784,0.0057
5509,1022.7,564.5,93.0105,93.0161,92.9377,0.0728,0.0785,0.0057
5510,984.7,539.3,93.0155,93.0212,92.9429,0.0726,0.0783,0.0057
5511,1007.6,450.6,93.0206,93.0262,92.9482,0.0724,0.0781,0.0057
5512,1062.3,476.1,93.0256,93.0312,92.9538,0.0718,0.0774,0.0057
5513,932.5,525.9,93.0306,93.0363,92.9590,0.0716,0.0773,0.0057
5514,993.2,482.9,93.0356,93.0413,92.9641,0.0715,0.0771,0.0056
5515,996.9,503.1,93.0406,93.0463,92.9694,0.0713,0.0769,0.0056
5516,1003.8,551.0,93.0457,93.0513,92.9748,0.0709,0.0765,0.0056
5517,1002.6,473.6,93.0507,93.0563,92.9806,0.0701,0.0757,0.0056
5518,997.0,562.9,93.0557,93.0613,92.9860,0.0696,0.0753,0.0056
5519,997.9,555.4,93.0607,93.0663,92.9916,0.0691,0.0747,0.0056
5520,1010.9,618.7,93.0657,93.0713,92.9975,0.0681,0.0737,0.0056
5521,989.4,573.6,93.0706,93.0763,93.0030,0.0676,0.0733,0.0056
5522,1001.2,549.0,93.0756,93.0813,93.0083,0.0673,0.0729,0.0056
5523,1002.3,445.6,93.0806,93.0862,93.0136,0.0670,0.0726,0.0056
5524,1001.9,565.6,93.0856,93.0912,93.0189,0.0667,0.0723,0.0056
5525,999.3,315.5,93.0905,93.0962,93.0246,0.0659,0.0715,0.0056
5526,1024.5,488.1,93.0955,93.1011,93.0299,0.0656,0.0712,0.0056
5527,984.3,531.2,93.1005,93.1061,93.0352,0.0653,0.0709,0.0056
5528,988.3,265.2,93.1054,93.1110,93.0403,0.0651,0.0707,0.0056
5529,1016.5,468.9,93.1104,93.1160,93.0456,0.0647,0.0703,0.0056
5530,984.7,511.6,93.1153,93.1209,93.0505,0.0648,0.0704,0.0056
5531,995.3,278.0,93.1202,93.1258,93.0556,0.0646,0.0703,0.0056
5532,1018.9,486.6,93.1252,93.1308,93.0607,0.0645,0.0701,0.0056
5533,988.9,528.1,93.1301,93.1357,93.0662,0.0639,0.0695,0.0056
5534,1010.5,315.9,93.1350,93.1406,93.0716,0.0635,0.0691,0.0056
5535,997.1,496.0,93.1399,93.1455,93.0767,0.0632,0.0688,0.0056
5536,988.6,573.7,93.1449,93.1505,93.0818,0.0630,0.0686,0.0056
5537,1013.8,408.9,93.1498,93.1554,93.0871,0.0627,0.0683,0.0056
5538,1043.2,526.4,93.1547,93.1603,93.0924,0.0622,0.0678,0.0056
5539,942.5,583.3,93.1596,93.1652,93.0972,0.0623,0.0679,0.0056
5540,1020.4,496.8,93.1645,93.1700,93.1023,0.0621,0.0677,0.0056
5541,1004.9,574.9,93.1693,93.1749,93.1074,0.0619,0.0675,0.0056
5542,983.4,545.3,93.1742,93.1798,93.1132,0.0610,0.0666,0.0056
5543,1010.2,306.3,93.1791,93.1847,93.1182,0.0609,0.0665,0.0056
5544,1013.1,519.1,93.1840,93.1896,93.1227,0.0612,0.0668,0.0056
5545,982.6,550.3,93.1889,93.1944,93.1277,0.0612,0.0668,0.0056
5546,1000.4,287.4,93.1937,93.1993,93.1322,0.0615,0.0671,0.0056
5547,996.4,518.0,93.1986,93.2041,93.1368,0.0618,0.0673,0.0056
5548,996.1,550.8,93.2034,93.2090,93.1415,0.0619,0.0674,0.0056
5549,991.8,299.7,93.2083,93.2138,93.1467,0.0616,0.0672,0.0056
5550,1003.8,553.7,93.2131,93.2187,93.1514,0.0617,0.0673,0.0056
5551,1000.1,593.9,93.2180,93.2235,93.1562,0.0618,0.0674,0.0056
5552,995.3,339.5,93.2228,93.2284,93.1609,0.0619,0.0674,0.0056
5553,1024.1,542.8,93.2276,93.2332,93.1658,0.0618,0.0674,0.0056
5554,993.2,568.0,93.2324,93.2380,93.1702,0.0623,0.0678,0.0056
5555,989.0,317.1,93.2373,93.2428,93.1744,0.0628,0.0684,0.0055
5556,994.9,511.2,93.2421,93.2476,93.1787,0.0634,0.0690,0.0055
5557,996.2,604.8,93.2469,93.2524,93.1833,0.0636,0.0691,0.0055
5558,1004.0,283.2,93.2517,93.2572,93.1877,0.0640,0.0695,0.0055
5559,1023.6,585.9,93.2565,93.2620,93.1922,0.0642,0.0698,0.0055
5560,973.3,598.8,93.2613,93.2668,93.1969,0.0644,0.0699,0.0055
5561,1000.1,324.5,93.2661,93.2716,93.2020,0.0640,0.0696,0.0055
5562,1018.3,560.3,93.2709,93.2764,93.2068,0.0641,0.0696,0.0055
5563,988.3,579.1,93.2756,93.2812,93.2115,0.0642,0.0697,0.0055
5564,998.4,376.9,93.2804,93.2859,93.2161,0.0643,0.0698,0.0055
5565,1021.7,592.3,93.2852,93.2907,93.2211,0.0640,0.0696,0.0055
5566,1001.6,571.1,93.2899,93.2955,93.2260,0.0639,0.0694,0.0055
5567,993.1,1248.4,93.2947,93.3002,93.2309,0.0638,0.0693,0.0055
5568,1252.9,655.2,93.2994,93.3050,93.2358,0.0636,0.0692,0.0055
5569,731.0,579.1,93.3042,93.3097,93.2413,0.0629,0.0684,0.0055
5570,1002.6,285.6,93.3089,93.3144,93.2463,0.0626,0.0681,0.0055
5571,999.5,534.6,93.3137,93.3192,93.2513,0.0623,0.0678,0.0055
5572,1004.4,584.5,93.3184,93.3239,93.2563,0.0621,0.0676,0.0055
5573,994.9,330.5,93.3231,93.3286,93.2616,0.0615,0.0670,0.0055
5574,1020.6,597.3,93.3278,93.3333,93.2665,0.0613,0.0668,0.0055
5575,983.1,607.9,93.3326,93.3381,93.2716,0.0610,0.0665,0.0055
5576,1005.2,520.1,93.3373,93.3428,93.2767,0.0605,0.0660,0.0055
5577,996.2,596.0,93.3420,93.3475,93.2821,0.0599,0.0654,0.0055
5578,1011.3,577.7,93.3467,93.3522,93.2869,0.0598,0.0652,0.0055
5579,990.1,543.6,93.3514,93.3569,93.2916,0.0598,0.0653,0.0055
5580,1023.1,583.5,93.3561,93.3615,93.2960,0.0600,0.0655,0.0055
5581,996.0,571.7,93.3607,93.3662,93.3004,0.0604,0.0658,0.0055
5582,984.1,520.2,93.3654,93.3709,93.3050,0.0604,0.0659,0.0055
5583,1010.6,577.1,93.3701,93.3756,93.3095,0.0606,0.0661,0.0055
5584,1002.4,587.8,93.3748,93.3802,93.3142,0.0605,0.0660,0.0055
5585,998.0,503.2,93.3794,93.3849,93.3194,0.0601,0.0655,0.0055
5586,1000.3,580.9,93.3841,93.3896,93.3239,0.0602,0.0656,0.0055
5587,1012.8,374.6,93.3887,93.3942,93.3285,0.0603,0.0658,0.0055
5588,979.8,499.1,93.3934,93.3988,93.3329,0.0605,0.0659,0.0055
5589,1014.2,573.0,93.3980,93.4035,93.3378,0.0602,0.0657,0.0055
5590,999.6,491.3,93.4027,93.4081,93.3425,0.0602,0.0656,0.0055
5591,983.5,546.3,93.4073,93.4128,93.3472,0.0601,0.0656,0.0055
5592,1007.2,556.2,93.4119,93.4174,93.3521,0.0599,0.0653,0.0055
5593,991.1,314.5,93.4165,93.4220,93.3575,0.0591,0.0645,0.0055
5594,999.5,538.6,93.4212,93.4266,93.3626,0.0586,0.0640,0.0054
5595,1002.4,601.2,93.4258,93.4312,93.3678,0.0580,0.0635,0.0054
5596,1013.3,343.1,93.4304,93.4358,93.3729,0.0575,0.0629,0.0054
5597,999.0,619.1,93.4350,93.4404,93.3781,0.0569,0.0623,0.0054
5598,997.1,571.5,93.4396,93.4450,93.3828,0.0568,0.0622,0.0054
5599,1014.0,694.0,93.4442,93.4496,93.3874,0.0567,0.0622,0.0054
5600,985.7,558.1,93.4487,93.4542,93.3920,0.0567,0.0622,0.0054
5601,987.6,575.2,93.4533,93.4587,93.3970,0.0563,0.0617,0.0054
5602,1000.3,303.5,93.4579,93.4633,93.4016,0.0563,0.0617,0.0054
5603,989.3,499.9,93.4625,93.4679,93.4061,0.0564,0.0618,0.0054
5604,1001.9,556.3,93.4670,93.4724,93.4105,0.0565,0.0619,0.0054
5605,1000.9,275.0,93.4716,93.4770,93.4152,0.0563,0.0618,0.0054
5606,995.9,499.9,93.4761,93.4815,93.4194,0.0568,0.0622,0.0054
5607,996.5,561.5,93.4807,93.4861,93.4234,0.0573,0.0627,0.0054
5608,1002.1,306.5,93.4852,93.4906,93.4274,0.0578,0.0632,0.0054
5609,1024.9,518.9,93.4897,93.4951,93.4314,0.0583,0.0637,0.0054
5610,975.3,558.4,93.4943,93.4997,93.4352,0.0591,0.0645,0.0054
5611,998.5,289.0,93.4988,93.5042,93.4391,0.0597,0.0651,0.0054
5612,1001.9,526.3,93.5033,93.5087,93.4431,0.0602,0.0656,0.0054
5613,1016.1,571.3,93.5078,93.5132,93.4475,0.0603,0.0657,0.0054
5614,1006.8,455.4,93.5123,93.5177,93.4519,0.0605,0.0659,0.0054
5615,990.3,571.0,93.5168,93.5222,93.4562,0.0607,0.0661,0.0054
5616,1014.4,622.1,93.5213,93.5267,93.4605,0.0609,0.0662,0.0054
5617,983.9,340.9,93.5258,93.5312,93.4650,0.0608,0.0662,0.0054
5618,1000.8,570.9,93.5303,93.5357,93.4691,0.0612,0.0665,0.0054
5619,999.2,590.3,93.5348,93.5402,93.4733,0.0614,0.0668,0.0054
5620,1008.7,331.7,93.5393,93.5446,93.4777,0.0616,0.0669,0.0054
5621,991.4,533.6,93.5437,93.5491,93.4831,0.0606,0.0660,0.0054
5622,997.4,555.3,93.5482,93.5536,93.4875,0.0607,0.0660,0.0054
5623,999.9,307.9,93.5526,93.5580,93.4918,0.0608,0.0662,0.0054
5624,1023.4,739.7,93.5571,93.5625,93.4964,0.0607,0.0661,0.0054
5625,991.8,566.8,93.5615,93.5669,93.5007,0.0608,0.0662,0.0054
5626,996.0,646.3,93.5660,93.5713,93.5050,0.0610,0.0663,0.0054
5627,1045.1,535.5,93.5704,93.5758,93.5092,0.0612,0.0665,0.0054
5628,938.3,557.3,93.5748,93.5802,93.5133,0.0615,0.0669,0.0054
5629,1005.2,289.6,93.5793,93.5846,93.5177,0.0616,0.0669,0.0054
5630,1004.8,548.9,93.5837,93.5890,93.5218,0.0618,0.0672,0.0053
5631,997.4,547.9,93.5881,93.5934,93.5263,0.0618,0.0672,0.0053
5632,1000.4,457.3,93.5925,93.5978,93.5307,0.0618,0.0672,0.0053
5633,997.7,544.0,93.5969,93.6022,93.5349,0.0620,0.0673,0.0053
5634,999.2,545.5,93.6013,93.6066,93.5396,0.0617,0.0671,0.0053
5635,1007.5,472.6,93.6057,93.6110,93.5438,0.0619,0.0672,0.0053
5636,1011.2,544.7,93.6101,93.6154,93.5481,0.0620,0.0673,0.0053
5637,983.8,548.1,93.6144,93.6198,93.5523,0.0622,0.0675,0.0053
5638,991.0,305.5,93.6188,93.6241,93.5567,0.0621,0.0675,0.0053
5639,1030.4,564.3,93.6232,93.6285,93.5608,0.0624,0.0678,0.0053
5640,981.6,590.9,93.6275,93.6329,93.5650,0.0625,0.0679,0.0053
5641,1005.9,514.8,93.6319,93.6372,93.5693,0.0626,0.0679,0.0053
5642,992.2,575.0,93.6363,93.6416,93.5737,0.0626,0.0679,0.0053
5643,1008.5,583.5,93.6406,93.6459,93.5785,0.0621,0.0674,0.0053
5644,989.7,511.9,93.6449,93.6502,93.5832,0.0618,0.0671,0.0053
5645,1000.8,570.4,93.6493,93.6546,93.5876,0.0616,0.0669,0.0053
5646,997.9,562.3,93.6536,93.6589,93.5921,0.0614,0.0667,0.0053
5647,1009.1,487.3,93.6579,93.6632,93.5921,0.0658,0.0711,0.0053
5648,1000.9,566.2,93.6622,93.6675,93.5969,0.0653,0.0706,0.0053
5649,995.0,352.8,93.6665,93.6718,93.6014,0.0651,0.0704,0.0053
5650,1004.7,1034.8,93.6708,93.6761,93.6061,0.0647,0.0700,0.0053
5651,1044.5,586.5,93.6751,93.6804,93.6113,0.0638,0.0691,0.0053
5652,978.4,310.6,93.6794,93.6847,93.6165,0.0630,0.0683,0.0053
5653,961.4,1072.9,93.6837,93.6890,93.6217,0.0620,0.0673,0.0053
5654,1077.8,546.4,93.6880,93.6933,93.6271,0.0609,0.0661,0.0053
5655,943.5,605.9,93.6923,93.6976,93.6329,0.0594,0.0647,0.0053
5656,998.4,544.8,93.6965,93.7018,93.6380,0.0585,0.0638,0.0053
5657,1002.9,557.5,93.7008,93.7061,93.6431,0.0577,0.0630,0.0053
5658,981.1,314.6,93.7051,93.7103,93.6483,0.0568,0.0620,0.0053
5659,1013.6,495.7,93.7093,93.7146,93.6539,0.0554,0.0607,0.0053
5660,979.5,544.9,93.7136,93.7188,93.6591,0.0545,0.0597,0.0053
5661,998.6,330.0,93.7178,93.7231,93.6643,0.0535,0.0588,0.0053
5662,1011.0,525.4,93.7220,93.7273,93.6694,0.0527,0.0579,0.0053
5663,1006.8,580.3,93.7263,93.7315,93.6748,0.0515,0.0567,0.0053
5664,985.2,346.4,93.7305,93.7357,93.6797,0.0508,0.0561,0.0053
5665,999.5,538.0,93.7347,93.7400,93.6843,0.0504,0.0557,0.0052
5666,1002.6,555.3,93.7389,93.7442,93.6886,0.0503,0.0555,0.0052
5667,1002.8,327.5,93.7431,93.7484,93.6932,0.0500,0.0552,0.0052
5668,994.4,567.8,93.7473,93.7526,93.6973,0.0500,0.0552,0.0052
5669,1002.3,552.0,93.7515,93.7568,93.7016,0.0499,0.0552,0.0052
5670,1005.9,352.9,93.7557,93.7609,93.7063,0.0494,0.0547,0.0052
5671,1001.1,507.2,93.7599,93.7651,93.7106,0.0492,0.0545,0.0052
5672,992.6,557.9,93.7641,93.7693,93.7150,0.0491,0.0543,0.0052
5673,1013.4,296.1,93.7682,93.7735,93.7192,0.0490,0.0543,0.0052
5674,1011.8,518.5,93.7724,93.7776,93.7232,0.0492,0.0544,0.0052
5675,995.8,543.1,93.7766,93.7818,93.7274,0.0492,0.0544,0.0052
5676,992.4,309.6,93.7807,93.7859,93.7312,0.0495,0.0547,0.0052
5677,999.3,597.7,93.7849,93.7901,93.7350,0.0498,0.0551,0.0052
5678,1009.5,592.5,93.7890,93.7942,93.7390,0.0500,0.0552,0.0052
5679,1006.3,509.3,93.7931,93.7983,93.7433,0.0498,0.0550,0.0052
5680,998.3,1174.9,93.7973,93.8025,93.7473,0.0500,0.0552,0.0052
5681,1181.0,388.7,93.8014,93.8066,93.7513,0.0501,0.0553,0.0052
5682,797.4,300.7,93.8055,93.8107,93.7552,0.0503,0.0555,0.0052
5683,996.0,549.9,93.8096,93.8148,93.7595,0.0501,0.0553,0.0052
5684,1014.7,586.4,93.8137,93.8189,93.7635,0.0502,0.0554,0.0052
5685,981.5,285.7,93.8178,93.8230,93.7673,0.0505,0.0557,0.0052
5686,1049.3,546.5,93.8219,93.8271,93.7711,0.0508,0.0560,0.0052
5687,973.5,538.5,93.8260,93.8312,93.7751,0.0509,0.0560,0.0052
5688,988.3,285.2,93.8301,93.8353,93.7789,0.0512,0.0564,0.0052
5689,1031.6,559.0,93.8341,93.8393,93.7826,0.0515,0.0567,0.0052
5690,975.9,573.4,93.8382,93.8434,93.7865,0.0517,0.0569,0.0052
5691,995.5,525.9,93.8423,93.8474,93.7907,0.0516,0.0567,0.0052
5692,1001.3,575.3,93.8463,93.8515,93.7946,0.0517,0.0569,0.0052
5693,1002.2,580.0,93.8504,93.8555,93.7983,0.0521,0.0573,0.0052
5694,996.5,483.4,93.8544,93.8596,93.8017,0.0528,0.0579,0.0052
5695,1004.6,586.2,93.8585,93.8636,93.8052,0.0533,0.0585,0.0052
5696,1004.0,588.4,93.8625,93.8677,93.8084,0.0541,0.0592,0.0052
5697,990.0,491.2,93.8665,93.8717,93.8118,0.0548,0.0599,0.0052
5698,1000.5,560.5,93.8705,93.8757,93.8151,0.0554,0.0606,0.0051
5699,999.7,760.6,93.8746,93.8797,93.8188,0.0557,0.0609,0.0051
5700,1018.1,487.0,93.8786,93.8837,93.8223,0.0562,0.0614,0.0051
5701,977.1,553.6,93.8826,93.8877,93.8258,0.0568,0.0619,0.0051
5702,995.1,1022.8,93.8866,93.8917,93.8293,0.0573,0.0624,0.0051
5703,1030.9,469.6,93.8906,93.8957,93.8332,0.0574,0.0625,0.0051
5704,987.6,595.0,93.8945,93.8997,93.8369,0.0576,0.0627,0.0051
5705,981.7,580.6,93.8985,93.9036,93.8409,0.0576,0.0627,0.0051
5706,1002.1,300.8,93.9025,93.9076,93.8448,0.0576,0.0628,0.0051
5707,994.3,560.2,93.9065,93.9116,93.8489,0.0575,0.0626,0.0051
5708,1003.2,588.6,93.9104,93.9155,93.8527,0.0577,0.0628,0.0051
5709,1001.5,474.5,93.9144,93.9195,93.8566,0.0578,0.0629,0.0051
5710,998.8,572.2,93.9183,93.9234,93.8605,0.0578,0.0629,0.0051
5711,1016.5,335.6,93.9223,93.9274,93.8650,0.0573,0.0624,0.0051
5712,993.4,517.2,93.9262,93.9313,93.8691,0.0571,0.0622,0.0051
5713,1001.3,601.1,93.9301,93.9352,93.8733,0.0568,0.0619,0.0051
5714,1017.6,354.6,93.9340,93.9391,93.8778,0.0563,0.0614,0.0051
5715,1002.5,526.5,93.9380,93.9431,93.8822,0.0558,0.0609,0.0051
5716,976.3,585.6,93.9419,93.9470,93.8869,0.0549,0.0600,0.0051
5717,999.5,301.1,93.9458,93.9509,93.8914,0.0543,0.0594,0.0051
5718,1027.3,596.7,93.9497,93.9548,93.8960,0.0537,0.0588,0.0051
5719,981.6,602.2,93.9536,93.9586,93.9004,0.0531,0.0582,0.0051
5720,994.8,358.5,93.9574,93.9625,93.9050,0.0524,0.0575,0.0051
5721,1084.3,508.7,93.9613,93.9664,93.9092,0.0521,0.0572,0.0051
5722,918.7,547.2,93.9652,93.9703,93.9135,0.0517,0.0568,0.0051
5723,1033.2,319.3,93.9691,93.9741,93.9178,0.0512,0.0563,0.0051
5724,976.2,525.5,93.9729,93.9780,93.9226,0.0504,0.0554,0.0051
5725,987.4,549.6,93.9768,93.9818,93.9271,0.0496,0.0547,0.0051
5726,993.2,325.2,93.9806,93.9857,93.9316,0.0491,0.0541,0.0051
5727,1196.5,392.0,93.9845,93.9895,93.9357,0.0488,0.0538,0.0051
5728,812.2,564.8,93.9883,93.9934,93.9402,0.0481,0.0531,0.0051
5729,998.9,298.6,93.9921,93.9972,93.9444,0.0477,0.0528,0.0051
5730,999.1,506.0,93.9960,94.0010,93.9484,0.0476,0.0526,0.0051
5731,994.4,588.4,93.9998,94.0048,93.9523,0.0474,0.0525,0.0050
5732,998.6,313.0,94.0036,94.0086,93.9565,0.0471,0.0521,0.0050
5733,1013.1,532.7,94.0074,94.0124,93.9604,0.0469,0.0520,0.0050
5734,986.6,646.9,94.0112,94.0162,93.9645,0.0467,0.0517,0.0050
5735,1000.7,332.8,94.0150,94.0200,93.9687,0.0463,0.0513,0.0050
5736,1165.4,473.5,94.0188,94.0238,93.9733,0.0455,0.0505,0.0050
5737,848.7,542.9,94.0225,94.0276,93.9775,0.0450,0.0501,0.0050
5738,991.9,306.2,94.0263,94.0313,93.9817,0.0446,0.0496,0.0050
5739,1032.9,551.6,94.0301,94.0351,93.9857,0.0443,0.0494,0.0050
5740,1013.2,564.3,94.0338,94.0389,93.9899,0.0439,0.0489,0.0050
5741,962.1,505.0,94.0376,94.0426,93.9938,0.0438,0.0489,0.0050
5742,990.4,558.1,94.0413,94.0463,93.9976,0.0438,0.0488,0.0050
5743,1231.8,350.1,94.0451,94.0501,94.0014,0.0436,0.0487,0.0050
5744,772.9,338.6,94.0488,94.0538,94.0056,0.0432,0.0482,0.0050
5745,998.5,568.0,94.0525,94.0575,94.0093,0.0433,0.0483,0.0050
5746,996.9,576.7,94.0563,94.0613,94.0131,0.0432,0.0482,0.0050
5747,1028.2,491.4,94.0600,94.0650,94.0169,0.0431,0.0481,0.0050
5748,984.7,535.3,94.0637,94.0687,94.0209,0.0428,0.0478,0.0050
5749,991.3,557.8,94.0674,94.0724,94.0244,0.0430,0.0479,0.0050
5750,991.4,305.2,94.0711,94.0761,94.0280,0.0431,0.0480,0.0050
5751,1007.0,569.4,94.0748,94.0798,94.0316,0.0432,0.0482,0.0050
5752,1000.4,576.8,94.0785,94.0834,94.0353,0.0431,0.0481,0.0050
5753,997.1,336.0,94.0821,94.0871,94.0387,0.0435,0.0484,0.0050
5754,996.3,553.8,94.0858,94.0908,94.0419,0.0439,0.0489,0.0050
5755,1001.1,676.7,94.0895,94.0944,94.0450,0.0445,0.0495,0.0050
5756,1006.4,350.8,94.0931,94.0981,94.0481,0.0450,0.0500,0.0050
5757,993.1,594.4,94.0968,94.1017,94.0516,0.0451,0.0501,0.0050
5758,1010.3,566.9,94.1004,94.1054,94.0550,0.0454,0.0504,0.0050
5759,1281.3,362.6,94.1041,94.1090,94.0584,0.0456,0.0506,0.0050
5760,715.7,566.4,94.1077,94.1127,94.0618,0.0459,0.0508,0.0050
5761,998.5,582.6,94.1113,94.1163,94.0653,0.0460,0.0510,0.0050
5762,1013.3,522.4,94.1149,94.1199,94.0685,0.0465,0.0514,0.0049
5763,990.9,574.3,94.1186,94.1235,94.0714,0.0471,0.0521,0.0049
5764,1001.4,598.7,94.1222,94.1271,94.0742,0.0480,0.0529,0.0049
5765,998.1,544.1,94.1258,94.1307,94.0773,0.0485,0.0534,0.0049
5766,1008.0,596.3,94.1294,94.1343,94.0801,0.0492,0.0542,0.0049
5767,1001.5,573.8,94.1329,94.1379,94.0833,0.0497,0.0546,0.0049
5768,992.3,473.6,94.1365,94.1415,94.0865,0.0500,0.0549,0.0049
5769,1011.5,560.3,94.1401,94.1450,94.0901,0.0500,0.0549,0.0049
5770,982.4,572.3,94.1437,94.1486,94.0935,0.0502,0.0551,0.0049
5771,999.6,478.8,94.1472,94.1521,94.0969,0.0503,0.0553,0.0049
5772,1033.1,538.4,94.1508,94.1557,94.1002,0.0506,0.0555,0.0049
5773,1014.6,318.3,94.1543,94.1592,94.1038,0.0505,0.0554,0.0049
5774,956.8,510.6,94.1579,94.1628,94.1072,0.0506,0.0555,0.0049
5775,997.1,580.2,94.1614,94.1663,94.1107,0.0507,0.0556,0.0049
5776,1004.7,333.2,94.1649,94.1698,94.1140,0.0509,0.0558,0.0049
5777,1004.2,533.6,94.1685,94.1734,94.1177,0.0508,0.0557,0.0049
5778,995.7,540.5,94.1720,94.1769,94.1211,0.0508,0.0557,0.0049
5779,1013.1,308.3,94.1755,94.1804,94.1246,0.0509,0.0558,0.0049
5780,984.8,495.7,94.1790,94.1839,94.1281,0.0509,0.0558,0.0049
5781,1182.0,396.9,94.1825,94.1874,94.1320,0.0504,0.0553,0.0049
5782,819.4,320.2,94.1860,94.1908,94.1360,0.0500,0.0549,0.0049
5783,1003.6,484.3,94.1894,94.1943,94.1399,0.0495,0.0544,0.0049
5784,992.0,609.3,94.1929,94.1978,94.1439,0.0490,0.0539,0.0049
5785,1014.5,305.3,94.1964,94.2013,94.1483,0.0481,0.0530,0.0049
5786,1012.0,1098.6,94.1999,94.2047,94.1524,0.0474,0.0523,0.0049
5787,1106.7,409.3,94.2033,94.2082,94.1565,0.0468,0.0517,0.0049
5788,849.3,359.3,94.2068,94.2116,94.1605,0.0463,0.0511,0.0049
5789,1008.8,515.4,94.2102,94.2151,94.1646,0.0456,0.0505,0.0049
5790,991.3,549.2,94.2136,94.2185,94.1684,0.0453,0.0501,0.0049
5791,1000.4,264.2,94.2171,94.2219,94.1722,0.0449,0.0497,0.0049
5792,1012.5,495.0,94.2205,94.2253,94.1761,0.0444,0.0493,0.0049
5793,995.5,544.4,94.2239,94.2288,94.1804,0.0435,0.0483,0.0048
5794,992.0,281.0,94.2273,94.2322,94.1847,0.0426,0.0474,0.0048
5795,1000.4,478.4,94.2307,94.2356,94.1889,0.0418,0.0466,0.0048
5796,1016.5,542.7,94.2341,94.2390,94.1930,0.0412,0.0460,0.0048
5797,986.9,273.7,94.2375,94.2423,94.1970,0.0405,0.0453,0.0048
5798,1009.8,502.0,94.2409,94.2457,94.2011,0.0398,0.0446,0.0048
5799,999.4,566.7,94.2443,94.2491,94.2048,0.0395,0.0443,0.0048
5800,1008.0,308.1,94.2476,94.2525,94.2085,0.0392,0.0440,0.0048
5801,991.1,487.0,94.2510,94.2558,94.2127,0.0383,0.0431,0.0048
5802,997.5,564.6,94.2544,94.2592,94.2161,0.0383,0.0431,0.0048
5803,1006.6,302.3,94.2577,94.2625,94.2190,0.0387,0.0436,0.0048
5804,993.9,511.8,94.2611,94.2659,94.2230,0.0381,0.0429,0.0048
5805,1001.0,550.1,94.2644,94.2692,94.2269,0.0375,0.0423,0.0048
5806,992.8,274.1,94.2677,94.2725,94.2306,0.0371,0.0419,0.0048
5807,1001.7,511.1,94.2710,94.2758,94.2344,0.0366,0.0414,0.0048
5808,1007.7,560.7,94.2744,94.2792,94.2383,0.0361,0.0409,0.0048
5809,996.4,279.7,94.2777,94.2825,94.2423,0.0354,0.0402,0.0048
5810,1001.4,558.1,94.2810,94.2858,94.2458,0.0351,0.0399,0.0048
5811,1002.1,551.4,94.2843,94.2891,94.2493,0.0349,0.0397,0.0048
5812,1002.2,293.0,94.2876,94.2923,94.2529,0.0347,0.0395,0.0048
5813,994.0,531.0,94.2908,94.2956,94.2567,0.0341,0.0389,0.0048
5814,1203.7,498.3,94.2941,94.2989,94.2604,0.0337,0.0385,0.0048
5815,818.8,500.6,94.2974,94.3022,94.2641,0.0333,0.0381,0.0048
5816,986.5,554.5,94.3007,94.3054,94.2678,0.0329,0.0377,0.0048
5817,1017.0,568.2,94.3039,94.3087,94.2717,0.0322,0.0370,0.0048
5818,987.6,488.6,94.3072,94.3119,94.2754,0.0318,0.0365,0.0048
5819,1001.5,555.0,94.3104,94.3152,94.2790,0.0314,0.0361,0.0048
5820,988.7,599.1,94.3136,94.3184,94.2826,0.0310,0.0358,0.0048
5821,1002.0,531.4,94.3169,94.3216,94.2826,0.0342,0.0390,0.0048
5822,1026.0,554.9,94.3201,94.3248,94.2864,0.0337,0.0384,0.0048
5823,972.6,598.0,94.3233,94.3280,94.2897,0.0336,0.0383,0.0047
5824,1017.2,490.8,94.3265,94.3313,94.2930,0.0335,0.0383,0.0047
5825,1001.1,572.0,94.3297,94.3345,94.2963,0.0335,0.0382,0.0047
5826,992.4,553.7,94.3329,94.3376,94.2999,0.0330,0.0377,0.0047
5827,995.4,456.9,94.3361,94.3408,94.3033,0.0328,0.0375,0.0047
5828,994.0,553.5,94.3393,94.3440,94.3066,0.0327,0.0374,0.0047
5829,999.1,556.7,94.3425,94.3472,94.3098,0.0326,0.0373,0.0047
5830,1004.6,282.0,94.3456,94.3503,94.3133,0.0323,0.0370,0.0047
5831,1028.4,587.6,94.3488,94.3535,94.3164,0.0324,0.0371,0.0047
5832,965.9,610.5,94.3519,94.3566,94.3194,0.0325,0.0372,0.0047
5833,1000.0,776.4,94.3551,94.3598,94.3224,0.0327,0.0374,0.0047
5834,1007.2,612.3,94.3582,94.3629,94.3254,0.0328,0.0375,0.0047
5835,992.1,339.9,94.3614,94.3661,94.3282,0.0332,0.0379,0.0047
5836,999.2,485.2,94.3645,94.3692,94.3309,0.0336,0.0383,0.0047
5837,999.9,647.7,94.3676,94.3723,94.3334,0.0342,0.0389,0.0047
5838,1030.3,390.5,94.3707,94.3754,94.3360,0.0347,0.0394,0.0047
5839,975.3,914.1,94.3738,94.3785,94.3383,0.0355,0.0402,0.0047
5840,1009.9,1440.8,94.3769,94.3816,94.3407,0.0362,0.0409,0.0047
5841,1447.9,357.2,94.3800,94.3847,94.3432,0.0368,0.0415,0.0047
5842,541.2,534.0,94.3831,94.3878,94.3458,0.0373,0.0420,0.0047
5843,1002.5,572.5,94.3862,94.3909,94.3481,0.0381,0.0428,0.0047
5844,996.9,342.3,94.3892,94.3939,94.3505,0.0387,0.0434,0.0047
5845,1007.7,502.4,94.3923,94.3970,94.3531,0.0393,0.0439,0.0047
5846,996.8,581.0,94.3954,94.4000,94.3557,0.0397,0.0443,0.0047
5847,994.7,321.5,94.3984,94.4031,94.3583,0.0401,0.0448,0.0047
5848,1002.7,500.2,94.4015,94.4061,94.3610,0.0405,0.0452,0.0047
5849,1003.5,584.6,94.4045,94.4092,94.3637,0.0408,0.0455,0.0047
5850,991.5,308.8,94.4075,94.4122,94.3666,0.0410,0.0456,0.0047
5851,1011.0,516.6,94.4106,94.4152,94.3692,0.0414,0.0460,0.0047
5852,993.9,576.2,94.4136,94.4182,94.3719,0.0417,0.0463,0.0046
5853,1005.8,297.1,94.4166,94.4212,94.3746,0.0420,0.0466,0.0046
5854,989.8,538.8,94.4196,94.4242,94.3775,0.0421,0.0468,0.0046
5855,997.7,572.4,94.4226,94.4272,94.3800,0.0425,0.0472,0.0046
5856,1000.3,289.2,94.4256,94.4302,94.3827,0.0429,0.0475,0.0046
5857,1133.2,458.4,94.4286,94.4332,94.3854,0.0431,0.0478,0.0046
5858,880.5,573.1,94.4315,94.4362,94.3884,0.0431,0.0477,0.0046
5859,1008.8,559.5,94.4345,94.4391,94.3913,0.0432,0.0478,0.0046
5860,987.5,531.9,94.4375,94.4421,94.3942,0.0433,0.0479,0.0046
5861,993.7,601.4,94.4404,94.4450,94.3971,0.0433,0.0479,0.0046
5862,1009.1,321.1,94.4434,94.4480,94.4003,0.0431,0.0477,0.0046
5863,1002.5,548.3,94.4463,94.4509,94.4033,0.0430,0.0476,0.0046
5864,988.6,685.6,94.4492,94.4538,94.4064,0.0428,0.0474,0.0046
5865,1007.0,539.8,94.4522,94.4568,94.4097,0.0425,0.0471,0.0046
5866,1000.8,596.7,94.4551,94.4597,94.4132,0.0419,0.0465,0.0046
5867,994.9,600.9,94.4580,94.4626,94.4163,0.0417,0.0463,0.0046
5868,995.4,319.7,94.4609,94.4655,94.4193,0.0416,0.0462,0.0046
5869,1028.4,560.4,94.4638,94.4684,94.4222,0.0416,0.0462,0.0046
5870,980.8,566.7,94.4667,94.4713,94.4253,0.0414,0.0460,0.0046
5871,993.1,310.4,94.4696,94.4741,94.4282,0.0414,0.0459,0.0046
5872,1000.0,572.1,94.4724,94.4770,94.4312,0.0412,0.0458,0.0046
5873,1000.9,568.7,94.4753,94.4799,94.4342,0.0411,0.0457,0.0046
5874,1003.7,325.9,94.4782,94.4827,94.4375,0.0407,0.0453,0.0046
5875,991.5,580.9,94.4810,94.4856,94.4405,0.0406,0.0451,0.0046
5876,999.9,616.4,94.4839,94.4884,94.4436,0.0402,0.0448,0.0046
5877,1001.8,326.2,94.4867,94.4913,94.4470,0.0397,0.0443,0.0046
5878,1005.9,587.8,94.4896,94.4941,94.4507,0.0388,0.0434,0.0046
5879,994.6,575.0,94.4924,94.4969,94.4540,0.0384,0.0429,0.0046
5880,1004.0,282.9,94.4952,94.4998,94.4572,0.0380,0.0426,0.0045
5881,1002.5,637.0,94.4980,94.5026,94.4602,0.0378,0.0424,0.0045
5882,1005.2,567.8,94.5008,94.5054,94.4632,0.0376,0.0422,0.0045
5883,985.9,294.0,94.5036,94.5082,94.4663,0.0374,0.0419,0.0045
5884,1003.8,565.5,94.5064,94.5110,94.4690,0.0374,0.0420,0.0045
5885,996.7,570.9,94.5092,94.5137,94.4717,0.0375,0.0420,0.0045
5886,1009.0,304.7,94.5120,94.5165,94.4744,0.0376,0.0421,0.0045
5887,995.8,600.5,94.5148,94.5193,94.4774,0.0374,0.0419,0.0045
5888,999.2,599.2,94.5175,94.5220,94.4804,0.0371,0.0417,0.0045
5889,998.2,319.3,94.5203,94.5248,94.4835,0.0368,0.0413,0.0045
5890,1029.1,773.9,94.5230,94.5275,94.4866,0.0364,0.0410,0.0045
5891,978.6,589.2,94.5258,94.5303,94.4900,0.0358,0.0403,0.0045
5892,1016.3,485.3,94.5285,94.5330,94.4930,0.0355,0.0400,0.0045
5893,996.0,570.4,94.5312,94.5357,94.4959,0.0354,0.0399,0.0045
5894,984.5,302.8,94.5340,94.5385,94.4988,0.0352,0.0397,0.0045
5895,1026.2,480.5,94.5367,94.5412,94.5020,0.0347,0.0392,0.0045
5896,965.2,541.5,94.5394,94.5439,94.5050,0.0344,0.0389,0.0045
5897,999.8,289.3,94.5421,94.5466,94.5082,0.0339,0.0384,0.0045
5898,1004.1,477.8,94.5448,94.5493,94.5113,0.0335,0.0380,0.0045
5899,1008.7,546.1,94.5475,94.5519,94.5145,0.0329,0.0374,0.0045
5900,995.3,289.5,94.5501,94.5546,94.5175,0.0326,0.0371,0.0045
5901,994.9,485.8,94.5528,94.5573,94.5205,0.0323,0.0368,0.0045
5902,1012.6,565.5,94.5555,94.5599,94.5234,0.0321,0.0366,0.0045
5903,1017.5,354.7,94.5581,94.5626,94.5266,0.0315,0.0360,0.0045
5904,974.9,493.8,94.5608,94.5652,94.5296,0.0312,0.0356,0.0045
5905,988.5,542.5,94.5634,94.5679,94.5326,0.0308,0.0352,0.0045
5906,999.5,270.7,94.5661,94.5705,94.5358,0.0303,0.0348,0.0045
5907,1047.1,609.2,94.5687,94.5731,94.5390,0.0297,0.0341,0.0045
5908,963.7,555.2,94.5713,94.5758,94.5420,0.0293,0.0338,0.0044
5909,1043.1,440.6,94.5739,94.5784,94.5449,0.0291,0.0335,0.0044
5910,960.9,525.0,94.5765,94.5810,94.5477,0.0288,0.0332,0.0044
5911,1009.3,580.6,94.5791,94.5836,94.5509,0.0282,0.0327,0.0044
5912,988.7,316.8,94.5817,94.5862,94.5538,0.0279,0.0323,0.0044
5913,1010.3,496.5,94.5843,94.5887,94.5568,0.0275,0.0319,0.0044
5914,987.4,567.6,94.5869,94.5913,94.5597,0.0271,0.0316,0.0044
5915,1003.5,328.3,94.5895,94.5939,94.5628,0.0266,0.0310,0.0044
5916,1005.6,549.6,94.5920,94.5964,94.5656,0.0264,0.0308,0.0044
5917,987.4,569.9,94.5946,94.5990,94.5684,0.0262,0.0306,0.0044
5918,1000.5,301.6,94.5971,94.6015,94.5711,0.0261,0.0305,0.0044
5919,1309.7,342.4,94.5997,94.6041,94.5741,0.0256,0.0300,0.0044
5920,697.0,581.1,94.6022,94.6066,94.5769,0.0254,0.0298,0.0044
5921,1000.9,291.5,94.6047,94.6091,94.5796,0.0252,0.0296,0.0044
5922,1004.8,574.8,94.6073,94.6117,94.5824,0.0248,0.0292,0.0044
5923,988.7,582.5,94.6098,94.6142,94.5854,0.0244,0.0288,0.0044
5924,1057.4,446.8,94.6123,94.6167,94.5880,0.0243,0.0287,0.0044
5925,948.1,519.1,94.6148,94.6192,94.5904,0.0244,0.0287,0.0044
5926,1090.8,523.8,94.6173,94.6217,94.5928,0.0244,0.0288,0.0044
5927,913.7,321.9,94.6198,94.6241,94.5953,0.0244,0.0288,0.0044
5928,997.7,503.4,94.6222,94.6266,94.5976,0.0247,0.0290,0.0044
5929,1000.9,553.3,94.6247,94.6291,94.5998,0.0249,0.0293,0.0044
5930,1006.2,288.4,94.6272,94.6315,94.6020,0.0252,0.0295,0.0044
5931,992.5,572.7,94.6296,94.6340,94.6042,0.0255,0.0298,0.0044
5932,993.0,599.7,94.6321,94.6364,94.6066,0.0255,0.0299,0.0044
5933,1014.7,333.5,94.6345,94.6389,94.6088,0.0257,0.0301,0.0044
5934,994.3,537.3,94.6369,94.6413,94.6109,0.0261,0.0304,0.0044
5935,1007.8,608.2,94.6394,94.6437,94.6132,0.0262,0.0306,0.0044
5936,987.2,331.9,94.6418,94.6461,94.6153,0.0265,0.0308,0.0043
5937,998.8,525.8,94.6442,94.6485,94.6175,0.0267,0.0310,0.0043
5938,1005.0,560.2,94.6466,94.6509,94.6197,0.0269,0.0312,0.0043
5939,1133.6,455.0,94.6490,94.6533,94.6221,0.0269,0.0312,0.0043
5940,865.7,557.9,94.6514,94.6557,94.6244,0.0270,0.0313,0.0043
5941,990.7,584.1,94.6538,94.6581,94.6267,0.0270,0.0314,0.0043
5942,998.8,305.3,94.6561,94.6605,94.6291,0.0271,0.0314,0.0043
5943,1011.8,554.3,94.6585,94.6628,94.6315,0.0270,0.0314,0.0043
5944,997.2,570.2,94.6609,94.6652,94.6336,0.0273,0.0316,0.0043
5945,990.8,286.0,94.6632,94.6675,94.6357,0.0276,0.0319,0.0043
5946,1030.9,592.5,94.6656,94.6699,94.6377,0.0279,0.0322,0.0043
5947,969.5,592.1,94.6679,94.6722,94.6399,0.0280,0.0324,0.0043
5948,1000.9,501.7,94.6702,94.6745,94.6422,0.0280,0.0323,0.0043
5949,1009.8,575.8,94.6726,94.6769,94.6444,0.0282,0.0325,0.0043
5950,1063.4,552.3,94.6749,94.6792,94.6466,0.0283,0.0326,0.0043
5951,943.9,481.1,94.6772,94.6815,94.6486,0.0286,0.0329,0.0043
5952,1097.5,490.8,94.6795,94.6838,94.6508,0.0287,0.0330,0.0043
5953,914.6,566.0,94.6818,94.6861,94.6532,0.0286,0.0329,0.0043
5954,982.0,519.4,94.6841,94.6884,94.6555,0.0286,0.0329,0.0043
5955,1003.6,565.7,94.6864,94.6906,94.6577,0.0287,0.0330,0.0043
5956,1003.9,751.2,94.6886,94.6929,94.6597,0.0289,0.0332,0.0043
5957,986.7,461.6,94.6909,94.6952,94.6618,0.0291,0.0333,0.0043
5958,1038.7,532.4,94.6932,94.6974,94.6641,0.0291,0.0334,0.0043
5959,972.9,300.9,94.6954,94.6997,94.6664,0.0290,0.0333,0.0043
5960,990.1,285.4,94.6976,94.7019,94.6690,0.0287,0.0329,0.0043
5961,1029.2,532.4,94.6999,94.7041,94.6717,0.0282,0.0324,0.0043
5962,990.3,291.8,94.7021,94.7064,94.6742,0.0279,0.0322,0.0043
5963,991.5,544.4,94.7043,94.7086,94.6766,0.0277,0.0320,0.0042
5964,983.6,583.5,94.7065,94.7108,94.6790,0.0276,0.0318,0.0042
5965,998.7,303.5,94.7088,94.7130,94.6816,0.0271,0.0314,0.0042
5966,1003.6,299.3,94.7109,94.7152,94.6840,0.0270,0.0312,0.0042
5967,1005.1,708.1,94.7131,94.7174,94.6862,0.0269,0.0311,0.0042
5968,992.3,339.5,94.7153,94.7196,94.6885,0.0268,0.0310,0.0042
5969,1000.9,550.0,94.7175,94.7217,94.6908,0.0267,0.0309,0.0042
5970,997.7,572.7,94.7197,94.7239,94.6929,0.0267,0.0309,0.0042
5971,1242.4,592.1,94.7218,94.7261,94.6952,0.0266,0.0309,0.0042
5972,763.1,485.7,94.7240,94.7282,94.6975,0.0265,0.0307,0.0042
5973,1123.7,534.7,94.7261,94.7303,94.7001,0.0260,0.0303,0.0042
5974,891.1,339.4,94.7283,94.7325,94.7025,0.0257,0.0299,0.0042
5975,1080.4,529.6,94.7304,94.7346,94.7049,0.0255,0.0297,0.0042
5976,923.5,571.1,94.7325,94.7367,94.7072,0.0254,0.0296,0.0042
5977,996.3,322.2,94.7346,94.7388,94.7097,0.0249,0.0291,0.0042
5978,992.6,506.4,94.7368,94.7410,94.7120,0.0248,0.0290,0.0042
5979,990.0,565.8,94.7389,94.7430,94.7143,0.0246,0.0288,0.0042
5980,998.4,276.0,94.7410,94.7451,94.7166,0.0244,0.0286,0.0042
5981,1004.4,517.1,94.7430,94.7472,94.7192,0.0238,0.0280,0.0042
5982,1002.6,573.4,94.7451,94.7493,94.7213,0.0238,0.0280,0.0042
5983,996.8,577.6,94.7472,94.7514,94.7231,0.0240,0.0282,0.0042
5984,996.1,529.1,94.7493,94.7534,94.7255,0.0238,0.0279,0.0042
5985,990.9,539.3,94.7513,94.7555,94.7276,0.0237,0.0279,0.0042
5986,1003.4,261.3,94.7534,94.7575,94.7295,0.0238,0.0280,0.0042
5987,1001.2,496.5,94.7554,94.7596,94.7314,0.0240,0.0281,0.0042
5988,1001.0,558.0,94.7574,94.7616,94.7336,0.0239,0.0280,0.0042
5989,993.5,291.0,94.7595,94.7636,94.7355,0.0240,0.0281,0.0042
5990,1016.1,511.1,94.7615,94.7656,94.7374,0.0241,0.0282,0.0041
5991,981.7,522.7,94.7635,94.7677,94.7392,0.0243,0.0284,0.0041
5992,1005.2,217.8,94.7655,94.7697,94.7411,0.0244,0.0285,0.0041
5993,1012.9,495.5,94.7675,94.7716,94.7431,0.0244,0.0286,0.0041
5994,983.0,506.8,94.7695,94.7736,94.7451,0.0244,0.0286,0.0041
5995,1002.9,287.6,94.7715,94.7756,94.7471,0.0244,0.0285,0.0041
5996,1001.8,512.6,94.7735,94.7776,94.7471,0.0264,0.0305,0.0041
5997,999.9,572.6,94.7754,94.7795,94.7493,0.0262,0.0303,0.0041
5998,1000.2,288.1,94.7774,94.7815,94.7515,0.0259,0.0300,0.0041
5999,1304.2,345.9,94.7793,94.7835,94.7537,0.0256,0.0297,0.0041
6000,1394.6,373.2,94.7813,94.7854,94.7561,0.0252,0.0293,0.0041
6001,412.7,458.0,94.7832,94.7873,94.7588,0.0244,0.0285,0.0041
6002,885.2,537.4,94.7852,94.7893,94.7612,0.0240,0.0281,0.0041
6003,999.6,747.4,94.7871,94.7912,94.7635,0.0236,0.0277,0.0041
6004,1001.8,311.3,94.7890,94.7931,94.7658,0.0232,0.0273,0.0041
6005,1007.2,529.8,94.7909,94.7950,94.7682,0.0227,0.0268,0.0041
6006,1004.3,604.0,94.7928,94.7969,94.7705,0.0223,0.0264,0.0041
6007,1002.4,343.8,94.7947,94.7988,94.7729,0.0218,0.0259,0.0041
6008,1023.4,589.8,94.7966,94.8007,94.7753,0.0213,0.0254,0.0041
6009,978.2,616.6,94.7985,94.8025,94.7774,0.0211,0.0251,0.0041
6010,1005.1,337.9,94.8003,94.8044,94.7796,0.0208,0.0248,0.0041
6011,995.3,557.2,94.8022,94.8063,94.7816,0.0206,0.0246,0.0041
6012,982.1,1038.5,94.8040,94.8081,94.7840,0.0201,0.0241,0.0041
6013,1041.3,288.5,94.8059,94.8100,94.7862,0.0197,0.0238,0.0041
6014,976.9,532.6,94.8077,94.8118,94.7883,0.0194,0.0235,0.0041
6015,1003.4,593.4,94.8096,94.8136,94.7905,0.0191,0.0232,0.0041
6016,982.7,282.1,94.8114,94.8154,94.7929,0.0185,0.0225,0.0041
6017,1022.4,637.7,94.8132,94.8173,94.7952,0.0180,0.0220,0.0040
6018,997.8,611.2,94.8150,94.8191,94.7975,0.0175,0.0215,0.0040
6019,990.1,315.8,94.8168,94.8209,94.7999,0.0169,0.0209,0.0040
6020,1040.0,982.6,94.8186,94.8226,94.8023,0.0163,0.0203,0.0040
6021,1006.4,285.5,94.8204,94.8244,94.8045,0.0159,0.0200,0.0040
6022,965.7,485.2,94.8222,94.8262,94.8065,0.0156,0.0197,0.0040
6023,994.0,568.7,94.8239,94.8280,94.8084,0.0156,0.0196,0.0040
6024,990.6,3021.9,94.8257,94.8297,94.8102,0.0155,0.0195,0.0040
6025,3034.8,579.6,94.8275,94.8315,94.8161,0.0114,0.0154,0.0040
6026,586.0,262.0,94.8292,94.8332,94.8161,0.0131,0.0172,0.0040
6027,267.6,253.7,94.8310,94.8350,94.8180,0.0129,0.0169,0.0040
6028,258.9,855.9,94.8327,94.8367,94.8180,0.0147,0.0187,0.0040
6029,859.6,546.0,94.8344,94.8384,94.8201,0.0144,0.0184,0.0040
6030,991.7,404.1,94.8361,94.8401,94.8219,0.0143,0.0183,0.0040
6031,989.3,466.9,94.8379,94.8418,94.8235,0.0143,0.0183,0.0040
6032,1007.2,501.7,94.8396,94.8435,94.8251,0.0145,0.0185,0.0040
6033,1001.6,2741.6,94.8413,94.8452,94.8267,0.0146,0.0186,0.0040
6034,2745.6,330.2,94.8429,94.8469,94.8300,0.0130,0.0169,0.0040
6035,332.5,261.4,94.8446,94.8486,94.8319,0.0127,0.0167,0.0040
6036,263.5,278.4,94.8463,94.8503,94.8319,0.0144,0.0184,0.0040
6037,671.4,459.1,94.8480,94.8519,94.8340,0.0140,0.0180,0.0040
6038,1006.0,551.2,94.8496,94.8536,94.8359,0.0137,0.0177,0.0040
6039,986.8,309.2,94.8513,94.8552,94.8377,0.0136,0.0175,0.0040
6040,1006.0,544.7,94.8529,94.8569,94.8394,0.0136,0.0175,0.0040
6041,995.2,563.7,94.8545,94.8585,94.8410,0.0135,0.0175,0.0040
6042,1002.7,290.2,94.8562,94.8601,94.8426,0.0136,0.0175,0.0040
6043,994.1,500.4,94.8578,94.8617,94.8442,0.0136,0.0175,0.0039
6044,996.7,563.2,94.8594,94.8633,94.8459,0.0135,0.0175,0.0039
6045,1000.9,271.5,94.8610,94.8649,94.8476,0.0134,0.0173,0.0039
6046,1035.6,529.3,94.8626,94.8665,94.8492,0.0134,0.0174,0.0039
6047,965.0,559.8,94.8642,94.8681,94.8506,0.0136,0.0175,0.0039
6048,1012.3,292.7,94.8658,94.8697,94.8522,0.0136,0.0175,0.0039
6049,991.7,516.7,94.8674,94.8713,94.8537,0.0136,0.0175,0.0039
6050,1009.1,553.5,94.8689,94.8728,94.8552,0.0137,0.0176,0.0039
6051,988.5,338.6,94.8705,94.8744,94.8565,0.0140,0.0179,0.0039
6052,1007.8,563.5,94.8720,94.8759,94.8578,0.0143,0.0182,0.0039
6053,1008.2,583.3,94.8736,94.8775,94.8591,0.0145,0.0184,0.0039
6054,1031.0,462.3,94.8751,94.8790,94.8604,0.0147,0.0186,0.0039
6055,962.4,534.5,94.8766,94.8805,94.8617,0.0149,0.0188,0.0039
6056,995.7,709.8,94.8782,94.8821,94.8631,0.0150,0.0189,0.0039
6057,983.2,298.9,94.8797,94.8836,94.8646,0.0150,0.0189,0.0039
6058,1019.2,502.9,94.8812,94.8851,94.8661,0.0151,0.0190,0.0039
6059,992.8,602.1,94.8827,94.8866,94.8675,0.0151,0.0190,0.0039
6060,1013.8,308.3,94.8842,94.8880,94.8690,0.0152,0.0190,0.0039
6061,1009.4,525.5,94.8856,94.8895,94.8706,0.0151,0.0189,0.0039
6062,1105.5,443.8,94.8871,94.8910,94.8721,0.0151,0.0189,0.0039
6063,877.9,302.9,94.8886,94.8925,94.8735,0.0151,0.0189,0.0039
6064,1039.6,541.9,94.8900,94.8939,94.8749,0.0151,0.0190,0.0039
6065,952.1,549.6,94.8915,94.8954,94.8765,0.0150,0.0188,0.0039
6066,997.3,261.8,94.8929,94.8968,94.8780,0.0149,0.0188,0.0039
6067,1012.3,535.5,94.8944,94.8982,94.8796,0.0148,0.0187,0.0039
6068,979.6,532.4,94.8958,94.8997,94.8812,0.0146,0.0185,0.0039
6069,999.7,243.6,94.8972,94.9011,94.8828,0.0144,0.0183,0.0038
6070,1001.6,571.0,94.8986,94.9025,94.8843,0.0143,0.0182,0.0038
6071,1001.9,521.5,94.9000,94.9039,94.8858,0.0142,0.0181,0.0038
6072,996.1,273.9,94.9014,94.9053,94.8872,0.0142,0.0181,0.0038
6073,1018.5,525.3,94.9028,94.9067,94.8886,0.0143,0.0181,0.0038
6074,982.1,561.3,94.9042,94.9080,94.8902,0.0141,0.0179,0.0038
6075,1008.7,503.1,94.9056,94.9094,94.8917,0.0139,0.0177,0.0038
6076,996.5,610.5,94.9070,94.9108,94.8933,0.0137,0.0175,0.0038
6077,1001.6,581.5,94.9083,94.9121,94.8948,0.0135,0.0173,0.0038
6078,993.0,265.2,94.9097,94.9135,94.8963,0.0134,0.0172,0.0038
6079,1024.7,717.9,94.9110,94.9148,94.8977,0.0133,0.0171,0.0038
6080,995.4,600.7,94.9123,94.9161,94.8992,0.0131,0.0169,0.0038
6081,1000.5,482.7,94.9137,94.9175,94.9007,0.0129,0.0167,0.0038
6082,1000.5,550.9,94.9150,94.9188,94.9023,0.0127,0.0165,0.0038
6083,1008.0,290.3,94.9163,94.9201,94.9037,0.0126,0.0164,0.0038
6084,992.3,486.9,94.9176,94.9214,94.9049,0.0127,0.0165,0.0038
6085,999.1,562.2,94.9189,94.9227,94.9060,0.0129,0.0167,0.0038
6086,993.4,290.8,94.9202,94.9240,94.9073,0.0129,0.0167,0.0038
6087,1025.4,529.7,94.9215,94.9253,94.9086,0.0129,0.0167,0.0038
6088,992.2,600.3,94.9228,94.9265,94.9099,0.0129,0.0166,0.0038
6089,1002.0,346.0,94.9240,94.9278,94.9113,0.0127,0.0165,0.0038
6090,981.1,331.6,94.9253,94.9290,94.9128,0.0124,0.0162,0.0038
6091,1007.3,600.8,94.9265,94.9303,94.9142,0.0123,0.0161,0.0038
6092,993.3,361.5,94.9278,94.9315,94.9157,0.0121,0.0159,0.0038
6093,1006.7,519.1,94.9290,94.9328,94.9170,0.0120,0.0157,0.0038
6094,991.7,601.3,94.9302,94.9340,94.9185,0.0117,0.0154,0.0038
6095,999.6,297.6,94.9315,94.9352,94.9199,0.0115,0.0153,0.0037
6096,1009.0,537.6,94.9327,94.9364,94.9212,0.0114,0.0152,0.0037
6097,1001.9,590.5,94.9339,94.9376,94.9225,0.0113,0.0151,0.0037
6098,994.6,281.6,94.9351,94.9388,94.9238,0.0113,0.0150,0.0037
6099,1032.0,525.0,94.9363,94.9400,94.9251,0.0112,0.0149,0.0037
6100,1282.9,385.8,94.9374,94.9412,94.9265,0.0110,0.0147,0.0037
6101,675.4,306.7,94.9386,94.9423,94.9279,0.0107,0.0144,0.0037
6102,997.3,489.7,94.9398,94.9435,94.9295,0.0103,0.0140,0.0037
6103,1002.8,564.4,94.9409,94.9447,94.9312,0.0097,0.0135,0.0037
6104,997.1,322.5,94.9421,94.9458,94.9327,0.0094,0.0131,0.0037
6105,999.8,308.3,94.9432,94.9469,94.9340,0.0092,0.0129,0.0037
6106,1016.2,606.8,94.9444,94.9481,94.9353,0.0091,0.0128,0.0037
6107,983.2,291.9,94.9455,94.9492,94.9365,0.0090,0.0127,0.0037
6108,1027.7,553.1,94.9466,94.9503,94.9375,0.0091,0.0128,0.0037
6109,974.0,619.1,94.9477,94.9514,94.9385,0.0092,0.0129,0.0037
6110,1005.3,321.1,94.9488,94.9525,94.9395,0.0093,0.0130,0.0037
6111,1020.0,529.6,94.9499,94.9536,94.9406,0.0093,0.0130,0.0037
6112,995.2,573.8,94.9510,94.9547,94.9416,0.0094,0.0131,0.0037
6113,993.7,393.0,94.9521,94.9558,94.9426,0.0094,0.0131,0.0037
6114,990.5,542.8,94.9532,94.9568,94.9436,0.0095,0.0132,0.0037
6115,987.8,581.7,94.9542,94.9579,94.9446,0.0096,0.0133,0.0037
6116,1009.1,308.5,94.9553,94.9589,94.9456,0.0096,0.0133,0.0037
6117,991.3,523.4,94.9563,94.9600,94.9467,0.0097,0.0133,0.0037
6118,997.6,520.2,94.9574,94.9610,94.9477,0.0097,0.0133,0.0037
6119,1000.7,288.5,94.9584,94.9621,94.9489,0.0095,0.0132,0.0037
6120,1026.6,531.4,94.9594,94.9631,94.9501,0.0093,0.0130,0.0037
6121,981.9,562.3,94.9604,94.9641,94.9512,0.0092,0.0129,0.0036
6122,1001.5,304.5,94.9615,94.9651,94.9522,0.0092,0.0129,0.0036
6123,993.4,512.0,94.9625,94.9661,94.9532,0.0092,0.0129,0.0036
6124,1016.6,605.9,94.9635,94.9671,94.9542,0.0093,0.0129,0.0036
6125,998.1,328.5,94.9644,94.9681,94.9551,0.0093,0.0130,0.0036
6126,1006.4,554.8,94.9654,94.9691,94.9560,0.0094,0.0130,0.0036
6127,992.8,610.0,94.9664,94.9700,94.9571,0.0093,0.0129,0.0036
6128,996.2,300.4,94.9674,94.9710,94.9582,0.0092,0.0128,0.0036
6129,1012.2,531.2,94.9683,94.9719,94.9592,0.0091,0.0127,0.0036
6130,994.5,568.4,94.9693,94.9729,94.9603,0.0090,0.0126,0.0036
6131,992.0,413.1,94.9702,94.9738,94.9615,0.0087,0.0123,0.0036
6132,1005.9,800.3,94.9711,94.9747,94.9626,0.0085,0.0121,0.0036
6133,996.4,614.6,94.9721,94.9757,94.9637,0.0084,0.0120,0.0036
6134,1006.6,337.8,94.9730,94.9766,94.9647,0.0083,0.0119,0.0036
6135,996.5,562.8,94.9739,94.9775,94.9658,0.0081,0.0117,0.0036
6136,1084.8,520.1,94.9748,94.9784,94.9668,0.0080,0.0116,0.0036
6137,911.7,330.0,94.9757,94.9793,94.9678,0.0079,0.0115,0.0036
6138,1011.8,589.5,94.9766,94.9801,94.9686,0.0079,0.0115,0.0036
6139,1004.4,606.0,94.9774,94.9810,94.9697,0.0078,0.0113,0.0036
6140,993.4,525.1,94.9783,94.9819,94.9707,0.0077,0.0112,0.0036
6141,995.5,614.3,94.9792,94.9827,94.9716,0.0076,0.0112,0.0036
6142,1003.6,611.6,94.9800,94.9836,94.9725,0.0075,0.0111,0.0036
6143,991.0,307.7,94.9809,94.9844,94.9735,0.0073,0.0109,0.0036
6144,1001.6,557.4,94.9817,94.9853,94.9745,0.0072,0.0107,0.0036
6145,1001.6,323.1,94.9825,94.9861,94.9755,0.0071,0.0106,0.0036
6146,996.7,501.5,94.9834,94.9869,94.9764,0.0069,0.0105,0.0036
6147,988.8,245.3,94.9842,94.9877,94.9775,0.0067,0.0103,0.0035
6148,1015.8,305.5,94.9850,94.9885,94.9785,0.0065,0.0101,0.0035
6149,1008.6,498.0,94.9858,94.9893,94.9794,0.0064,0.0099,0.0035
6150,976.2,250.5,94.9866,94.9901,94.9804,0.0062,0.0097,0.0035
6151,1018.8,309.2,94.9874,94.9909,94.9816,0.0057,0.0093,0.0035
6152,982.2,239.9,94.9881,94.9917,94.9825,0.0057,0.0092,0.0035
6153,4006.1,635.6,94.9889,94.9924,94.9855,0.0034,0.0069,0.0035
6154,641.4,237.9,94.9897,94.9932,94.9855,0.0042,0.0077,0.0035
6155,240.2,259.6,94.9904,94.9939,94.9861,0.0043,0.0078,0.0035
6156,261.9,579.7,94.9912,94.9947,94.9861,0.0051,0.0086,0.0035
6157,586.2,360.3,94.9919,94.9954,94.9861,0.0058,0.0093,0.0035
6158,367.3,499.7,94.9926,94.9961,94.9867,0.0059,0.0094,0.0035
6159,894.9,518.1,94.9933,94.9968,94.9873,0.0061,0.0096,0.0035
6160,1000.4,292.2,94.9941,94.9976,94.9879,0.0062,0.0097,0.0035
6161,1023.2,477.4,94.9948,94.9983,94.9884,0.0064,0.0099,0.0035
6162,975.7,518.1,94.9955,94.9989,94.9889,0.0066,0.0101,0.0035
6163,998.9,282.0,94.9961,94.9996,94.9895,0.0067,0.0102,0.0035
6164,1017.3,495.7,94.9968,95.0003,94.9901,0.0068,0.0103,0.0035
6165,987.7,559.2,94.9975,95.0010,94.9908,0.0067,0.0102,0.0035
6166,996.9,283.3,94.9982,95.0016,94.9915,0.0066,0.0101,0.0035
6167,4006.1,1419.5,94.9988,95.0023,94.9937,0.0052,0.0086,0.0035
6168,1428.8,373.6,94.9995,95.0029,94.9943,0.0052,0.0086,0.0035
6169,377.2,272.8,95.0001,95.0036,94.9943,0.0058,0.0093,0.0035
6170,276.1,348.9,95.0008,95.0042,94.9949,0.0058,0.0093,0.0035
6171,352.8,237.4,95.0014,95.0048,94.9949,0.0065,0.0099,0.0035
6172,239.8,261.3,95.0020,95.0054,94.9949,0.0071,0.0105,0.0034
6173,2163.8,359.4,95.0026,95.0061,94.9965,0.0061,0.0096,0.0034
6174,362.4,355.3,95.0032,95.0067,94.9965,0.0067,0.0102,0.0034
6175,357.6,235.2,95.0038,95.0072,94.9965,0.0073,0.0108,0.0034
6176,436.8,223.6,95.0044,95.0078,94.9969,0.0075,0.0109,0.0034
6177,1001.5,675.9,95.0050,95.0084,94.9974,0.0076,0.0110,0.0034
6178,1011.2,355.7,95.0055,95.0090,94.9979,0.0076,0.0111,0.0034
6179,992.8,254.4,95.0061,95.0095,94.9986,0.0075,0.0110,0.0034
6180,1004.6,656.4,95.0067,95.0101,94.9992,0.0075,0.0109,0.0034
6181,1013.1,311.4,95.0072,95.0106,94.9998,0.0074,0.0108,0.0034
6182,996.8,553.2,95.0078,95.0112,95.0005,0.0073,0.0107,0.0034
6183,981.9,4008.9,95.0083,95.0117,95.0012,0.0071,0.0105,0.0034
6184,4013.9,360.7,95.0088,95.0122,95.0041,0.0047,0.0081,0.0034
6185,363.6,363.8,95.0093,95.0127,95.0041,0.0053,0.0087,0.0034
6186,366.0,301.7,95.0098,95.0132,95.0041,0.0058,0.0092,0.0034
6187,311.1,576.9,95.0103,95.0137,95.0048,0.0056,0.0090,0.0034
6188,579.0,273.3,95.0108,95.0142,95.0048,0.0061,0.0094,0.0034
6189,366.4,670.7,95.0113,95.0147,95.0056,0.0057,0.0091,0.0034
6190,1015.9,259.9,95.0118,95.0152,95.0064,0.0054,0.0088,0.0034
6191,984.2,515.5,95.0123,95.0156,95.0071,0.0051,0.0085,0.0034
6192,998.6,563.6,95.0127,95.0161,95.0077,0.0050,0.0084,0.0034
6193,1003.4,271.7,95.0132,95.0165,95.0084,0.0048,0.0082,0.0034
6194,1013.7,530.7,95.0136,95.0170,95.0090,0.0046,0.0080,0.0034
6195,986.0,522.4,95.0141,95.0174,95.0098,0.0043,0.0076,0.0034
6196,994.8,270.9,95.0145,95.0178,95.0104,0.0040,0.0074,0.0034
6197,3331.8,428.2,95.0149,95.0183,95.0125,0.0024,0.0057,0.0034
6198,432.3,273.9,95.0153,95.0187,95.0125,0.0028,0.0062,0.0033
6199,275.8,518.9,95.0157,95.0191,95.0132,0.0026,0.0059,0.0033
6200,522.0,243.4,95.0161,95.0195,95.0132,0.0030,0.0063,0.0033
6201,439.1,518.5,95.0165,95.0199,95.0138,0.0028,0.0061,0.0033
6202,997.0,235.4,95.0169,95.0202,95.0143,0.0026,0.0060,0.0033
6203,1020.8,529.5,95.0173,95.0206,95.0148,0.0025,0.0058,0.0033
6204,979.2,556.5,95.0176,95.0210,95.0153,0.0024,0.0057,0.0033
6205,1003.7,383.5,95.0180,95.0213,95.0158,0.0022,0.0055,0.0033
6206,996.5,227.0,95.0184,95.0217,95.0163,0.0021,0.0054,0.0033
6207,1017.2,229.5,95.0187,95.0220,95.0169,0.0018,0.0051,0.0033
6208,1000.2,267.4,95.0190,95.0223,95.0174,0.0016,0.0049,0.0033
6209,1005.3,527.8,95.0194,95.0227,95.0180,0.0013,0.0046,0.0033
6210,978.3,228.0,95.0197,95.0230,95.0186,0.0011,0.0044,0.0033
6211,1016.1,269.5,95.0200,95.0233,95.0193,0.0007,0.0040,0.0033
6212,1004.7,524.9,95.0203,95.0236,95.0199,0.0004,0.0037,0.0033
6213,982.2,219.1,95.0206,95.0239,95.0205,0.0001,0.0034,0.0033
6214,1013.8,472.9,95.0209,95.0242,95.0210,-0.0001,0.0031,0.0033
6215,986.0,523.1,95.0212,95.0244,95.0215,-0.0003,0.0029,0.0033
6216,996.4,260.8,95.0214,95.0247,95.0219,-0.0005,0.0028,0.0033
6217,1022.0,491.2,95.0217,95.0250,95.0223,-0.0006,0.0026,0.0033
6218,978.1,510.9,95.0220,95.0252,95.0227,-0.0008,0.0025,0.0033
6219,999.6,239.4,95.0222,95.0255,95.0230,-0.0008,0.0024,0.0033
6220,1004.3,245.8,95.0224,95.0257,95.0234,-0.0010,0.0023,0.0033
6221,1016.6,581.7,95.0227,95.0259,95.0237,-0.0011,0.0022,0.0033
6222,981.2,224.4,95.0229,95.0262,95.0241,-0.0012,0.0021,0.0033
6223,1018.1,307.8,95.0231,95.0264,95.0245,-0.0013,0.0019,0.0032
6224,990.5,513.7,95.0233,95.0266,95.0248,-0.0015,0.0017,0.0032
6225,993.9,247.6,95.0235,95.0268,95.0253,-0.0017,0.0015,0.0032
6226,1016.9,499.3,95.0237,95.0270,95.0257,-0.0019,0.0013,0.0032
6227,979.6,538.1,95.0239,95.0271,95.0261,-0.0022,0.0010,0.0032
6228,1002.8,245.2,95.0241,95.0273,95.0266,-0.0025,0.0007,0.0032
6229,1023.3,531.5,95.0243,95.0275,95.0270,-0.0028,0.0005,0.0032
6230,1000.2,585.5,95.0244,95.0276,95.0273,-0.0029,0.0003,0.0032
6231,984.7,274.0,95.0246,95.0278,95.0277,-0.0031,0.0001,0.0032
6232,1059.9,540.3,95.0247,95.0279,95.0281,-0.0033,-0.0001,0.0032
6233,944.7,584.6,95.0249,95.0281,95.0283,-0.0035,-0.0003,0.0032
6234,1004.8,316.2,95.0250,95.0282,95.0286,-0.0036,-0.0004,0.0032
6235,1000.1,829.3,95.0251,95.0283,95.0289,-0.0038,-0.0006,0.0032
6236,999.4,594.8,95.0252,95.0284,95.0291,-0.0039,-0.0007,0.0032
6237,994.1,286.4,95.0253,95.0285,95.0294,-0.0040,-0.0008,0.0032
6238,1027.3,544.8,95.0254,95.0286,95.0296,-0.0042,-0.0010,0.0032
6239,970.4,579.6,95.0255,95.0287,95.0299,-0.0044,-0.0012,0.0032
6240,1008.1,302.9,95.0256,95.0288,95.0301,-0.0045,-0.0013,0.0032
6241,998.3,543.2,95.0257,95.0289,95.0303,-0.0046,-0.0014,0.0032
6242,990.9,542.3,95.0257,95.0289,95.0305,-0.0048,-0.0016,0.0032
6243,999.0,294.5,95.0258,95.0290,95.0307,-0.0049,-0.0017,0.0032
6244,1037.7,531.7,95.0259,95.0290,95.0308,-0.0050,-0.0018,0.0032
6245,963.5,518.5,95.0259,95.0291,95.0310,-0.0051,-0.0019,0.0032
6246,998.7,276.0,95.0259,95.0291,95.0311,-0.0052,-0.0020,0.0032
6247,1030.9,536.0,95.0260,95.0291,95.0313,-0.0053,-0.0021,0.0032
6248,980.8,570.4,95.0260,95.0291,95.0314,-0.0054,-0.0022,0.0031
6249,990.0,280.0,95.0260,95.0291,95.0315,-0.0055,-0.0023,0.0031
6250,1029.4,533.1,95.0260,95.0291,95.0316,-0.0056,-0.0025,0.0031
6251,969.8,571.0,95.0260,95.0291,95.0317,-0.0057,-0.0026,0.0031
6252,1009.0,318.3,95.0260,95.0291,95.0318,-0.0058,-0.0027,0.0031
6253,1000.6,557.5,95.0260,95.0291,95.0319,-0.0059,-0.0028,0.0031
6254,992.1,572.8,95.0259,95.0291,95.0320,-0.0060,-0.0029,0.0031
6255,999.8,272.3,95.0259,95.0290,95.0321,-0.0062,-0.0031,0.0031
6256,1036.9,542.9,95.0259,95.0290,95.0321,-0.0063,-0.0032,0.0031
6257,965.0,603.8,95.0258,95.0289,95.0322,-0.0064,-0.0033,0.0031
6258,999.1,285.8,95.0257,95.0289,95.0323,-0.0066,-0.0034,0.0031
6259,1003.5,533.5,95.0257,95.0288,95.0324,-0.0067,-0.0036,0.0031
6260,1004.3,557.9,95.0256,95.0287,95.0324,-0.0068,-0.0037,0.0031
6261,991.7,274.7,95.0255,95.0286,95.0325,-0.0069,-0.0038,0.0031
6262,1025.7,573.8,95.0254,95.0285,95.0325,-0.0070,-0.0039,0.0031
6263,973.2,604.0,95.0253,95.0284,95.0325,-0.0071,-0.0040,0.0031
6264,1008.9,290.5,95.0252,95.0283,95.0325,-0.0073,-0.0042,0.0031
6265,993.9,578.1,95.0251,95.0282,95.0325,-0.0074,-0.0043,0.0031
6266,997.6,599.5,95.0250,95.0281,95.0325,-0.0075,-0.0045,0.0031
6267,999.3,250.6,95.0249,95.0279,95.0326,-0.0077,-0.0046,0.0031
6268,1036.3,583.2,95.0247,95.0278,95.0326,-0.0079,-0.0048,0.0031
6269,964.2,303.0,95.0246,95.0276,95.0326,-0.0080,-0.0049,0.0031
6270,1004.8,303.5,95.0244,95.0275,95.0326,-0.0082,-0.0051,0.0031
6271,1003.5,554.1,95.0243,95.0273,95.0326,-0.0083,-0.0053,0.0031
6272,999.1,288.8,95.0241,95.0271,95.0326,-0.0085,-0.0054,0.0031
6273,1022.2,498.8,95.0239,95.0270,95.0326,-0.0087,-0.0056,0.0031
6274,971.6,545.5,95.0237,95.0268,95.0326,-0.0089,-0.0058,0.0030
6275,1000.4,290.6,95.0235,95.0266,95.0326,-0.0090,-0.0060,0.0030
6276,1037.0,525.6,95.0233,95.0264,95.0326,-0.0092,-0.0062,0.0030
6277,963.1,548.6,95.0231,95.0262,95.0325,-0.0094,-0.0064,0.0030
6278,999.1,261.0,95.0229,95.0259,95.0325,-0.0096,-0.0066,0.0030
6279,1028.7,554.4,95.0227,95.0257,95.0325,-0.0098,-0.0068,0.0030
6280,980.8,599.2,95.0224,95.0255,95.0325,-0.0101,-0.0071,0.0030
6281,988.4,291.8,95.0222,95.0252,95.0325,-0.0103,-0.0073,0.0030
6282,1032.4,516.6,95.0220,95.0250,95.0325,-0.0106,-0.0076,0.0030
6283,970.3,610.2,95.0217,95.0247,95.0325,-0.0108,-0.0078,0.0030
6284,1003.9,311.8,95.0214,95.0244,95.0325,-0.0110,-0.0080,0.0030
6285,1000.8,339.9,95.0212,95.0242,95.0325,-0.0113,-0.0083,0.0030
6286,990.8,619.3,95.0209,95.0239,95.0324,-0.0115,-0.0085,0.0030
6287,999.8,253.6,95.0206,95.0236,95.0324,-0.0118,-0.0088,0.0030
6288,1039.3,559.8,95.0203,95.0233,95.0324,-0.0121,-0.0091,0.0030
6289,963.2,533.6,95.0200,95.0230,95.0324,-0.0124,-0.0094,0.0030
6290,1001.2,318.7,95.0197,95.0227,95.0324,-0.0127,-0.0097,0.0030
6291,1006.1,555.3,95.0194,95.0223,95.0323,-0.0129,-0.0100,0.0030
6292,998.6,609.3,95.0190,95.0220,95.0323,-0.0133,-0.0103,0.0030
6293,992.9,286.9,95.0187,95.0217,95.0322,-0.0135,-0.0106,0.0030
6294,1033.5,583.9,95.0184,95.0213,95.0322,-0.0138,-0.0109,0.0030
6295,969.3,536.9,95.0180,95.0210,95.0322,-0.0142,-0.0112,0.0030
6296,1008.4,366.0,95.0176,95.0206,95.0321,-0.0145,-0.0115,0.0030
6297,990.6,353.8,95.0173,95.0202,95.0321,-0.0148,-0.0118,0.0030
6298,1013.4,582.7,95.0169,95.0199,95.0321,-0.0152,-0.0122,0.0030
6299,989.6,310.8,95.0165,95.0195,95.0320,-0.0155,-0.0126,0.0029
6300,1011.5,547.6,95.0161,95.0191,95.0319,-0.0158,-0.0128,0.0029
6301,985.7,631.0,95.0157,95.0187,95.0319,-0.0161,-0.0132,0.0029
6302,1000.5,321.4,95.0153,95.0183,95.0318,-0.0165,-0.0135,0.0029
6303,1007.2,530.8,95.0149,95.0178,95.0318,-0.0168,-0.0139,0.0029
6304,998.9,608.1,95.0145,95.0174,95.0316,-0.0172,-0.0142,0.0029
6305,991.6,320.2,95.0141,95.0170,95.0316,-0.0175,-0.0146,0.0029
6306,1007.9,538.6,95.0136,95.0165,95.0315,-0.0179,-0.0150,0.0029
6307,991.9,577.2,95.0132,95.0161,95.0314,-0.0183,-0.0153,0.0029
6308,1007.3,366.7,95.0127,95.0156,95.0313,-0.0186,-0.0157,0.0029
6309,1004.9,596.6,95.0123,95.0152,95.0312,-0.0189,-0.0160,0.0029
6310,988.2,581.9,95.0118,95.0147,95.0312,-0.0194,-0.0165,0.0029
6311,999.5,315.6,95.0113,95.0142,95.0311,-0.0197,-0.0168,0.0029
6312,1017.4,568.2,95.0108,95.0137,95.0310,-0.0202,-0.0173,0.0029
6313,983.5,609.6,95.0103,95.0132,95.0309,-0.0206,-0.0177,0.0029
6314,999.1,375.9,95.0098,95.0127,95.0308,-0.0210,-0.0181,0.0029
6315,1002.3,548.5,95.0093,95.0122,95.0307,-0.0214,-0.0185,0.0029
6316,1004.2,630.3,95.0088,95.0117,95.0306,-0.0218,-0.0189,0.0029
6317,995.3,264.9,95.0083,95.0112,95.0305,-0.0222,-0.0193,0.0029
6318,1032.6,579.9,95.0078,95.0106,95.0304,-0.0226,-0.0198,0.0029
6319,969.4,562.3,95.0072,95.0101,95.0302,-0.0230,-0.0201,0.0029
6320,1012.8,286.6,95.0067,95.0095,95.0301,-0.0234,-0.0205,0.0029
6321,992.9,553.5,95.0061,95.0090,95.0299,-0.0238,-0.0209,0.0029
6322,995.3,569.5,95.0055,95.0084,95.0298,-0.0242,-0.0214,0.0029
6323,999.5,313.2,95.0050,95.0078,95.0296,-0.0246,-0.0217,0.0029
6324,1015.0,568.4,95.0044,95.0072,95.0294,-0.0250,-0.0221,0.0028
6325,985.0,625.1,95.0038,95.0067,95.0291,-0.0253,-0.0225,0.0028
6326,999.7,300.2,95.0032,95.0061,95.0289,-0.0257,-0.0228,0.0028
6327,1003.4,594.5,95.0026,95.0054,95.0284,-0.0258,-0.0230,0.0028
6328,1002.7,640.6,95.0020,95.0048,95.0280,-0.0260,-0.0232,0.0028
6329,990.7,259.9,95.0014,95.0042,95.0274,-0.0260,-0.0232,0.0028
6330,1030.0,648.6,95.0008,95.0036,95.0267,-0.0260,-0.0232,0.0028
6331,986.1,334.2,95.0001,95.0029,95.0258,-0.0257,-0.0229,0.0028
6332,992.2,284.3,94.9995,95.0023,95.0248,-0.0254,-0.0225,0.0028
6333,1022.7,645.5,94.9988,95.0016,95.0248,-0.0260,-0.0232,0.0028
6334,971.6,316.1,94.9982,95.0010,95.0239,-0.0257,-0.0229,0.0028
6335,1006.4,386.1,94.9975,95.0003,95.0230,-0.0255,-0.0227,0.0028
6336,1001.8,596.3,94.9968,94.9996,95.0222,-0.0253,-0.0225,0.0028
6337,989.4,301.0,94.9961,94.9989,95.0216,-0.0254,-0.0226,0.0028
6338,1033.3,502.6,94.9955,94.9983,95.0211,-0.0256,-0.0228,0.0028
6339,968.6,543.6,94.9948,94.9976,95.0206,-0.0259,-0.0231,0.0028
6340,1009.2,327.7,94.9941,94.9968,95.0203,-0.0263,-0.0235,0.0028
6341,1010.6,582.4,94.9933,94.9961,95.0198,-0.0265,-0.0237,0.0028
6342,988.4,558.0,94.9926,94.9954,95.0193,-0.0267,-0.0239,0.0028
6343,990.4,306.3,94.9919,94.9947,95.0186,-0.0267,-0.0240,0.0028
6344,1016.7,523.5,94.9912,94.9939,95.0179,-0.0268,-0.0240,0.0028
6345,995.4,641.0,94.9904,94.9932,95.0172,-0.0267,-0.0240,0.0028
6346,988.3,305.6,94.9897,94.9924,95.0163,-0.0267,-0.0239,0.0028
6347,1004.6,374.6,94.9889,94.9917,95.0154,-0.0265,-0.0237,0.0028
6348,992.2,582.3,94.9881,94.9909,95.0146,-0.0265,-0.0237,0.0028
6349,1006.7,380.4,94.9874,94.9901,95.0138,-0.0265,-0.0237,0.0028
6350,993.2,285.0,94.9866,94.9893,95.0131,-0.0265,-0.0238,0.0027
6351,1031.3,659.6,94.9858,94.9885,95.0124,-0.0266,-0.0239,0.0027
6352,971.5,324.5,94.9850,94.9877,95.0117,-0.0267,-0.0240,0.0027
6353,1015.6,313.1,94.9842,94.9869,95.0109,-0.0268,-0.0240,0.0027
6354,991.1,585.2,94.9834,94.9861,95.0102,-0.0268,-0.0241,0.0027
6355,990.6,253.6,94.9825,94.9853,95.0094,-0.0268,-0.0241,0.0027
6356,1033.0,576.6,94.9817,94.9844,95.0085,-0.0268,-0.0241,0.0027
6357,979.1,627.9,94.9809,94.9836,95.0077,-0.0269,-0.0241,0.0027
6358,988.0,287.9,94.9800,94.9827,95.0069,-0.0268,-0.0241,0.0027
6359,1037.8,559.4,94.9792,94.9819,95.0060,-0.0269,-0.0242,0.0027
6360,965.4,587.9,94.9783,94.9810,95.0052,-0.0269,-0.0242,0.0027
6361,1009.1,314.6,94.9774,94.9801,95.0043,-0.0269,-0.0242,0.0027
6362,993.0,553.2,94.9766,94.9793,95.0035,-0.0270,-0.0243,0.0027
6363,998.1,575.0,94.9757,94.9784,95.0027,-0.0270,-0.0243,0.0027
6364,997.8,276.6,94.9748,94.9775,95.0017,-0.0269,-0.0242,0.0027
6365,1043.4,617.3,94.9739,94.9766,95.0007,-0.0268,-0.0241,0.0027
6366,960.2,635.1,94.9730,94.9757,94.9997,-0.0267,-0.0240,0.0027
6367,996.6,304.9,94.9721,94.9747,94.9986,-0.0265,-0.0238,0.0027
6368,1004.4,568.1,94.9711,94.9738,94.9974,-0.0262,-0.0236,0.0027
6369,1003.1,610.4,94.9702,94.9729,94.9964,-0.0262,-0.0235,0.0027
6370,993.2,322.5,94.9693,94.9719,94.9955,-0.0262,-0.0235,0.0027
6371,4012.7,631.6,94.9683,94.9710,94.9921,-0.0238,-0.0212,0.0027
6372,637.7,282.6,94.9674,94.9700,94.9921,-0.0248,-0.0221,0.0027
6373,287.0,298.9,94.9664,94.9691,94.9913,-0.0249,-0.0222,0.0027
6374,303.7,371.4,94.9654,94.9681,94.9913,-0.0258,-0.0232,0.0027
6375,375.8,298.4,94.9644,94.9671,94.9913,-0.0268,-0.0242,0.0026
6376,391.2,319.0,94.9635,94.9661,94.9905,-0.0270,-0.0244,0.0026
6377,1001.9,567.9,94.9625,94.9651,94.9897,-0.0273,-0.0246,0.0026
6378,998.4,624.0,94.9615,94.9641,94.9891,-0.0276,-0.0250,0.0026
6379,1001.0,337.8,94.9604,94.9631,94.9883,-0.0279,-0.0252,0.0026
6380,1002.8,573.7,94.9594,94.9621,94.9876,-0.0281,-0.0255,0.0026
6381,995.9,627.3,94.9584,94.9610,94.9867,-0.0283,-0.0257,0.0026
6382,2785.9,468.4,94.9574,94.9600,94.9841,-0.0267,-0.0241,0.0026
6383,478.0,342.3,94.9563,94.9589,94.9841,-0.0277,-0.0251,0.0026
6384,346.2,243.1,94.9553,94.9579,94.9841,-0.0288,-0.0262,0.0026
6385,391.8,294.1,94.9542,94.9568,94.9832,-0.0290,-0.0264,0.0026
6386,996.2,2208.8,94.9532,94.9558,94.9825,-0.0294,-0.0268,0.0026
6387,2215.6,532.3,94.9521,94.9547,94.9811,-0.0290,-0.0264,0.0026
6388,535.6,348.8,94.9510,94.9536,94.9811,-0.0301,-0.0275,0.0026
6389,352.1,503.4,94.9499,94.9525,94.9804,-0.0305,-0.0279,0.0026
6390,884.8,556.6,94.9488,94.9514,94.9797,-0.0308,-0.0282,0.0026
6391,997.4,292.7,94.9477,94.9503,94.9788,-0.0311,-0.0285,0.0026
6392,1004.5,593.2,94.9466,94.9492,94.9780,-0.0314,-0.0288,0.0026
6393,995.6,628.3,94.9455,94.9481,94.9770,-0.0315,-0.0290,0.0026
6394,1004.0,342.7,94.9444,94.9469,94.9761,-0.0317,-0.0291,0.0026
6395,996.3,610.9,94.9432,94.9458,94.9751,-0.0318,-0.0293,0.0026
6396,998.8,306.0,94.9421,94.9447,94.9739,-0.0318,-0.0293,0.0026
6397,1019.0,319.9,94.9409,94.9435,94.9727,-0.0318,-0.0292,0.0026
6398,987.5,560.5,94.9398,94.9423,94.9716,-0.0318,-0.0292,0.0026
6399,997.4,250.7,94.9386,94.9412,94.9704,-0.0318,-0.0292,0.0026
6400,1027.9,354.6,94.9374,94.9400,94.9691,-0.0316,-0.0291,0.0026
6401,984.2,596.8,94.9363,94.9388,94.9680,-0.0317,-0.0292,0.0025
6402,998.7,331.5,94.9351,94.9376,94.9668,-0.0317,-0.0292,0.0025
6403,1008.2,347.5,94.9339,94.9364,94.9655,-0.0317,-0.0291,0.0025
6404,992.3,590.4,94.9327,94.9352,94.9643,-0.0316,-0.0291,0.0025
6405,997.3,300.6,94.9315,94.9340,94.9631,-0.0316,-0.0291,0.0025
6406,1004.2,309.8,94.9302,94.9328,94.9619,-0.0317,-0.0292,0.0025
6407,1009.8,579.5,94.9290,94.9315,94.9608,-0.0318,-0.0293,0.0025
6408,990.5,354.7,94.9278,94.9303,94.9596,-0.0318,-0.0293,0.0025
6409,1002.4,332.9,94.9265,94.9290,94.9583,-0.0318,-0.0293,0.0025
6410,994.8,539.8,94.9253,94.9278,94.9571,-0.0319,-0.0293,0.0025
6411,1014.3,339.8,94.9240,94.9265,94.9559,-0.0319,-0.0294,0.0025
6412,990.1,527.1,94.9228,94.9253,94.9545,-0.0317,-0.0292,0.0025
6413,995.8,545.5,94.9215,94.9240,94.9531,-0.0316,-0.0291,0.0025
6414,1009.5,356.5,94.9202,94.9227,94.9517,-0.0315,-0.0290,0.0025
6415,988.9,326.3,94.9189,94.9214,94.9504,-0.0315,-0.0290,0.0025
6416,1004.6,584.6,94.9176,94.9201,94.9491,-0.0315,-0.0290,0.0025
6417,996.4,292.9,94.9163,94.9188,94.9480,-0.0317,-0.0292,0.0025
6418,1049.1,541.7,94.9150,94.9175,94.9469,-0.0320,-0.0295,0.0025
6419,951.0,549.0,94.9137,94.9161,94.9458,-0.0321,-0.0297,0.0025
6420,1001.2,328.3,94.9123,94.9148,94.9444,-0.0321,-0.0296,0.0025
6421,1001.0,316.9,94.9110,94.9135,94.9432,-0.0322,-0.0297,0.0025
6422,1003.9,587.6,94.9097,94.9121,94.9418,-0.0322,-0.0297,0.0025
6423,1006.2,354.9,94.9083,94.9108,94.9405,-0.0322,-0.0297,0.0025
6424,1000.8,552.6,94.9070,94.9094,94.9392,-0.0323,-0.0298,0.0025
6425,985.0,554.7,94.9056,94.9080,94.9380,-0.0324,-0.0299,0.0025
6426,1008.8,288.8,94.9042,94.9067,94.9368,-0.0325,-0.0301,0.0025
6427,995.5,533.6,94.9028,94.9053,94.9355,-0.0327,-0.0302,0.0024
6428,993.2,573.5,94.9014,94.9039,94.9342,-0.0328,-0.0303,0.0024
6429,1002.7,301.7,94.9000,94.9025,94.9331,-0.0330,-0.0306,0.0024
6430,1007.9,527.5,94.8986,94.9011,94.9319,-0.0333,-0.0308,0.0024
6431,989.5,563.4,94.8972,94.8997,94.9308,-0.0336,-0.0312,0.0024
6432,999.5,320.2,94.8958,94.8982,94.9298,-0.0340,-0.0315,0.0024
6433,1010.3,524.1,94.8944,94.8968,94.9287,-0.0344,-0.0319,0.0024
6434,1014.2,619.5,94.8929,94.8954,94.9277,-0.0347,-0.0323,0.0024
6435,975.7,234.3,94.8915,94.8939,94.9266,-0.0351,-0.0326,0.0024
6436,1028.1,573.9,94.8900,94.8925,94.9253,-0.0352,-0.0328,0.0024
6437,975.6,562.9,94.8886,94.8910,94.9238,-0.0352,-0.0328,0.0024
6438,1012.0,296.7,94.8871,94.8895,94.9224,-0.0352,-0.0328,0.0024
6439,989.8,550.5,94.8856,94.8880,94.9207,-0.0351,-0.0327,0.0024
6440,997.3,573.9,94.8842,94.8866,94.9190,-0.0349,-0.0325,0.0024
6441,999.3,299.5,94.8827,94.8851,94.9174,-0.0347,-0.0323,0.0024
6442,1011.4,497.5,94.8812,94.8836,94.9158,-0.0346,-0.0322,0.0024
6443,994.4,547.1,94.8797,94.8821,94.9142,-0.0345,-0.0321,0.0024
6444,1002.5,301.1,94.8782,94.8805,94.9126,-0.0344,-0.0320,0.0024
6445,1013.6,552.7,94.8766,94.8790,94.9111,-0.0344,-0.0321,0.0024
6446,984.1,539.5,94.8751,94.8775,94.9096,-0.0344,-0.0321,0.0024
6447,1000.7,296.3,94.8736,94.8759,94.9080,-0.0344,-0.0320,0.0024
6448,1006.1,576.0,94.8720,94.8744,94.9064,-0.0344,-0.0320,0.0024
6449,993.5,731.6,94.8705,94.8728,94.9048,-0.0343,-0.0319,0.0024
6450,1008.8,329.0,94.8689,94.8713,94.9032,-0.0343,-0.0319,0.0024
6451,989.1,568.2,94.8674,94.8697,94.9015,-0.0342,-0.0318,0.0024
6452,995.0,588.2,94.8658,94.8681,94.8999,-0.0341,-0.0318,0.0024
6453,998.6,287.8,94.8642,94.8665,94.8983,-0.0341,-0.0317,0.0023
6454,1070.9,571.1,94.8626,94.8649,94.8968,-0.0342,-0.0319,0.0023
6455,934.9,312.9,94.8610,94.8633,94.8954,-0.0344,-0.0321,0.0023
6456,1011.5,341.3,94.8594,94.8617,94.8940,-0.0346,-0.0323,0.0023
6457,987.4,276.4,94.8578,94.8601,94.8923,-0.0345,-0.0322,0.0023
6458,1022.6,325.3,94.8562,94.8585,94.8908,-0.0346,-0.0323,0.0023
6459,1035.2,511.4,94.8545,94.8569,94.8893,-0.0347,-0.0324,0.0023
6460,951.2,3048.4,94.8529,94.8552,94.8878,-0.0348,-0.0325,0.0023
6461,3072.8,555.3,94.8513,94.8536,94.8828,-0.0315,-0.0292,0.0023
6462,560.4,238.8,94.8496,94.8519,94.8828,-0.0332,-0.0309,0.0023
6463,243.6,278.1,94.8480,94.8503,94.8812,-0.0333,-0.0309,0.0023
6464,282.8,386.8,94.8463,94.8486,94.8812,-0.0349,-0.0326,0.0023
6465,838.5,285.6,94.8446,94.8469,94.8796,-0.0350,-0.0327,0.0023
6466,1002.7,545.2,94.8429,94.8452,94.8781,-0.0352,-0.0329,0.0023
6467,997.8,321.2,94.8413,94.8435,94.8767,-0.0354,-0.0331,0.0023
6468,1001.0,266.6,94.8396,94.8418,94.8753,-0.0357,-0.0334,0.0023
6469,1002.1,513.2,94.8379,94.8401,94.8735,-0.0357,-0.0334,0.0023
6470,1028.6,312.9,94.8361,94.8384,94.8717,-0.0356,-0.0333,0.0023
6471,977.6,693.7,94.8344,94.8367,94.8699,-0.0355,-0.0332,0.0023
6472,993.9,536.0,94.8327,94.8350,94.8680,-0.0353,-0.0330,0.0023
6473,995.7,300.9,94.8310,94.8332,94.8662,-0.0353,-0.0330,0.0023
6474,1005.8,493.2,94.8292,94.8315,94.8645,-0.0353,-0.0330,0.0023
6475,989.3,1032.8,94.8275,94.8297,94.8629,-0.0354,-0.0332,0.0023
6476,1042.7,320.2,94.8257,94.8280,94.8612,-0.0354,-0.0332,0.0023
6477,3954.1,611.3,94.8239,94.8262,94.8543,-0.0303,-0.0281,0.0023
6478,618.6,244.6,94.8222,94.8244,94.8543,-0.0321,-0.0299,0.0023
6479,247.0,321.6,94.8204,94.8226,94.8525,-0.0321,-0.0299,0.0022
6480,323.9,409.6,94.8186,94.8209,94.8525,-0.0339,-0.0317,0.0022
6481,417.7,254.0,94.8168,94.8191,94.8525,-0.0357,-0.0335,0.0022
6482,404.8,305.8,94.8150,94.8173,94.8510,-0.0359,-0.0337,0.0022
6483,983.6,222.2,94.8132,94.8154,94.8495,-0.0363,-0.0341,0.0022
6484,1001.1,526.1,94.8114,94.8136,94.8483,-0.0369,-0.0347,0.0022
6485,995.8,232.4,94.8096,94.8118,94.8470,-0.0374,-0.0352,0.0022
6486,999.1,378.3,94.8077,94.8100,94.8458,-0.0381,-0.0359,0.0022
6487,1004.0,576.2,94.8059,94.8081,94.8441,-0.0383,-0.0360,0.0022
6488,1002.9,254.9,94.8040,94.8063,94.8424,-0.0384,-0.0362,0.0022
6489,997.4,240.5,94.8022,94.8044,94.8407,-0.0385,-0.0363,0.0022
6490,994.5,555.9,94.8003,94.8025,94.8390,-0.0387,-0.0364,0.0022
6491,1007.7,289.4,94.7985,94.8007,94.8373,-0.0389,-0.0367,0.0022
6492,993.5,253.1,94.7966,94.7988,94.8357,-0.0391,-0.0369,0.0022
6493,1010.2,559.1,94.7947,94.7969,94.8340,-0.0393,-0.0371,0.0022
6494,998.4,299.4,94.7928,94.7950,94.8323,-0.0395,-0.0373,0.0022
6495,1002.8,255.8,94.7909,94.7931,94.8307,-0.0398,-0.0376,0.0022
6496,1131.1,493.8,94.7890,94.7912,94.8289,-0.0399,-0.0377,0.0022
6497,867.8,233.6,94.7871,94.7893,94.8269,-0.0399,-0.0377,0.0022
6498,993.7,238.6,94.7852,94.7873,94.8250,-0.0399,-0.0377,0.0022
6499,1005.2,568.1,94.7832,94.7854,94.8230,-0.0398,-0.0376,0.0022
6500,996.2,255.3,94.7813,94.7835,94.8210,-0.0398,-0.0376,0.0022
6501,997.1,218.3,94.7793,94.7815,94.8190,-0.0396,-0.0375,0.0022
6502,1012.6,567.5,94.7774,94.7795,94.8172,-0.0398,-0.0376,0.0022
6503,981.1,223.0,94.7754,94.7776,94.8153,-0.0399,-0.0377,0.0022
6504,1015.8,258.7,94.7735,94.7756,94.8135,-0.0401,-0.0379,0.0022
6505,1006.7,605.8,94.7715,94.7736,94.8135,-0.0420,-0.0399,0.0022
6506,981.3,248.7,94.7695,94.7716,94.8115,-0.0420,-0.0399,0.0021
6507,1006.4,259.2,94.7675,94.7697,94.8095,-0.0420,-0.0399,0.0021
6508,1024.8,608.5,94.7655,94.7677,94.8075,-0.0420,-0.0399,0.0021
6509,999.7,329.8,94.7635,94.7656,94.8053,-0.0418,-0.0397,0.0021
6510,1043.1,572.2,94.7615,94.7636,94.8031,-0.0416,-0.0394,0.0021
6511,942.3,594.5,94.7595,94.7616,94.8010,-0.0415,-0.0394,0.0021
6512,990.8,297.0,94.7574,94.7596,94.7990,-0.0415,-0.0394,0.0021
6513,1028.9,566.3,94.7554,94.7575,94.7971,-0.0416,-0.0395,0.0021
6514,973.5,619.1,94.7534,94.7555,94.7949,-0.0416,-0.0394,0.0021
6515,1001.5,321.5,94.7513,94.7534,94.7930,-0.0417,-0.0396,0.0021
6516,1011.7,585.1,94.7493,94.7514,94.7911,-0.0419,-0.0397,0.0021
6517,986.4,649.8,94.7472,94.7493,94.7890,-0.0418,-0.0397,0.0021
6518,1000.3,326.6,94.7451,94.7472,94.7868,-0.0416,-0.0395,0.0021
6519,1007.9,241.2,94.7430,94.7451,94.7844,-0.0414,-0.0393,0.0021
6520,1002.7,328.8,94.7410,94.7430,94.7821,-0.0412,-0.0391,0.0021
6521,992.4,308.6,94.7389,94.7410,94.7796,-0.0407,-0.0386,0.0021
6522,1008.6,565.3,94.7368,94.7388,94.7772,-0.0405,-0.0384,0.0021
6523,986.5,253.4,94.7346,94.7367,94.7749,-0.0402,-0.0381,0.0021
6524,1010.4,302.4,94.7325,94.7346,94.7725,-0.0400,-0.0379,0.0021
6525,996.3,529.7,94.7304,94.7325,94.7700,-0.0396,-0.0375,0.0021
6526,997.2,304.4,94.7283,94.7303,94.7677,-0.0395,-0.0374,0.0021
6527,999.0,326.2,94.7261,94.7282,94.7655,-0.0394,-0.0373,0.0021
6528,1007.6,520.8,94.7240,94.7261,94.7633,-0.0393,-0.0372,0.0021
6529,998.0,272.8,94.7218,94.7239,94.7609,-0.0391,-0.0370,0.0021
6530,994.2,280.8,94.7197,94.7217,94.7587,-0.0390,-0.0370,0.0021
6531,1000.8,250.5,94.7175,94.7196,94.7564,-0.0389,-0.0368,0.0021
6532,999.7,311.1,94.7153,94.7174,94.7542,-0.0389,-0.0368,0.0021
6533,1012.4,305.1,94.7131,94.7152,94.7519,-0.0387,-0.0367,0.0020
6534,1017.6,628.0,94.7109,94.7130,94.7496,-0.0387,-0.0366,0.0020
6535,984.1,346.0,94.7088,94.7108,94.7474,-0.0386,-0.0366,0.0020
6536,994.0,342.3,94.7065,94.7086,94.7450,-0.0385,-0.0364,0.0020
6537,1007.0,634.1,94.7043,94.7064,94.7424,-0.0381,-0.0361,0.0020
6538,989.5,340.9,94.7021,94.7041,94.7397,-0.0376,-0.0355,0.0020
6539,999.0,327.1,94.6999,94.7019,94.7373,-0.0374,-0.0354,0.0020
6540,1001.8,624.6,94.6976,94.6997,94.7350,-0.0373,-0.0353,0.0020
6541,991.7,327.4,94.6954,94.6974,94.7327,-0.0373,-0.0353,0.0020
6542,1038.0,801.7,94.6932,94.6952,94.7304,-0.0372,-0.0352,0.0020
6543,986.7,642.0,94.6909,94.6929,94.7283,-0.0374,-0.0354,0.0020
6544,983.2,349.2,94.6886,94.6906,94.7263,-0.0377,-0.0357,0.0020
6545,1013.2,566.2,94.6864,94.6884,94.7242,-0.0379,-0.0359,0.0020
6546,992.8,646.3,94.6841,94.6861,94.7219,-0.0379,-0.0359,0.0020
6547,1001.5,364.9,94.6818,94.6838,94.7199,-0.0381,-0.0361,0.0020
6548,987.5,293.2,94.6795,94.6815,94.7179,-0.0384,-0.0364,0.0020
6549,997.7,600.8,94.6772,94.6792,94.7161,-0.0389,-0.0369,0.0020
6550,998.5,284.8,94.6749,94.6769,94.7140,-0.0392,-0.0372,0.0020
6551,998.8,555.7,94.6726,94.6745,94.7122,-0.0396,-0.0376,0.0020
6552,1014.7,593.6,94.6702,94.6722,94.7103,-0.0400,-0.0381,0.0020
6553,987.8,324.3,94.6679,94.6699,94.7083,-0.0404,-0.0384,0.0020
6554,1002.0,270.2,94.6656,94.6675,94.7062,-0.0406,-0.0386,0.0020
6555,1030.5,591.3,94.6632,94.6652,94.7041,-0.0408,-0.0389,0.0020
6556,974.1,303.5,94.6609,94.6628,94.7020,-0.0411,-0.0392,0.0020
6557,999.2,548.2,94.6585,94.6605,94.6999,-0.0414,-0.0394,0.0020
6558,994.5,641.4,94.6561,94.6581,94.6976,-0.0414,-0.0395,0.0020
6559,1003.2,299.9,94.6538,94.6557,94.6955,-0.0417,-0.0397,0.0020
6560,1006.1,571.4,94.6514,94.6533,94.6932,-0.0418,-0.0398,0.0019
6561,993.0,564.9,94.6490,94.6509,94.6910,-0.0420,-0.0400,0.0019
6562,1000.8,309.9,94.6466,94.6485,94.6885,-0.0419,-0.0399,0.0019
6563,1003.5,280.4,94.6442,94.6461,94.6860,-0.0418,-0.0399,0.0019
6564,1001.0,597.0,94.6418,94.6437,94.6836,-0.0418,-0.0399,0.0019
6565,989.3,323.1,94.6394,94.6413,94.6813,-0.0420,-0.0400,0.0019
6566,1003.3,331.4,94.6369,94.6389,94.6789,-0.0420,-0.0401,0.0019
6567,996.6,642.9,94.6345,94.6364,94.6768,-0.0423,-0.0404,0.0019
6568,1012.4,343.3,94.6321,94.6340,94.6746,-0.0426,-0.0407,0.0019
6569,991.3,286.3,94.6296,94.6315,94.6725,-0.0428,-0.0409,0.0019
6570,1004.2,562.9,94.6272,94.6291,94.6702,-0.0430,-0.0411,0.0019
6571,999.4,464.7,94.6247,94.6266,94.6680,-0.0433,-0.0414,0.0019
6572,1013.4,597.1,94.6222,94.6241,94.6657,-0.0435,-0.0416,0.0019
6573,984.1,590.4,94.6198,94.6217,94.6636,-0.0438,-0.0419,0.0019
6574,1033.8,506.3,94.6173,94.6192,94.6611,-0.0438,-0.0419,0.0019
6575,967.5,407.4,94.6148,94.6167,94.6587,-0.0439,-0.0420,0.0019
6576,1014.1,645.5,94.6123,94.6142,94.6562,-0.0439,-0.0420,0.0019
6577,984.4,340.6,94.6098,94.6117,94.6535,-0.0437,-0.0418,0.0019
6578,1003.4,282.9,94.6073,94.6091,94.6507,-0.0435,-0.0416,0.0019
6579,1013.7,618.3,94.6047,94.6066,94.6483,-0.0435,-0.0416,0.0019
6580,1011.7,331.9,94.6022,94.6041,94.6460,-0.0438,-0.0419,0.0019
6581,975.6,564.0,94.5997,94.6015,94.6437,-0.0441,-0.0422,0.0019
6582,1001.0,265.2,94.5971,94.5990,94.6411,-0.0440,-0.0421,0.0019
6583,1022.4,353.7,94.5946,94.5964,94.6388,-0.0442,-0.0423,0.0019
6584,972.3,561.6,94.5920,94.5939,94.6364,-0.0444,-0.0425,0.0019
6585,999.5,321.0,94.5895,94.5913,94.6341,-0.0446,-0.0428,0.0019
6586,1013.2,324.1,94.5869,94.5887,94.6315,-0.0446,-0.0428,0.0019
6587,990.8,582.4,94.5843,94.5862,94.6292,-0.0449,-0.0431,0.0018
6588,998.5,359.5,94.5817,94.5836,94.6269,-0.0452,-0.0433,0.0018
6589,1013.9,570.9,94.5791,94.5810,94.6246,-0.0455,-0.0436,0.0018
6590,994.4,591.9,94.5765,94.5784,94.6223,-0.0457,-0.0439,0.0018
6591,1007.4,326.8,94.5739,94.5758,94.6201,-0.0462,-0.0443,0.0018
6592,991.0,377.2,94.5713,94.5731,94.6178,-0.0465,-0.0446,0.0018
6593,997.9,578.1,94.5687,94.5705,94.6154,-0.0467,-0.0449,0.0018
6594,1000.6,320.7,94.5661,94.5679,94.6127,-0.0467,-0.0448,0.0018
6595,1000.1,415.1,94.5634,94.5652,94.6103,-0.0468,-0.0450,0.0018
6596,1007.2,626.9,94.5608,94.5626,94.6079,-0.0471,-0.0453,0.0018
6597,996.5,383.7,94.5581,94.5599,94.6054,-0.0472,-0.0454,0.0018
6598,1021.7,525.3,94.5555,94.5573,94.6026,-0.0472,-0.0453,0.0018
6599,992.0,605.9,94.5528,94.5546,94.6003,-0.0475,-0.0457,0.0018
6600,992.2,624.8,94.5501,94.5519,94.5980,-0.0479,-0.0461,0.0018
6601,990.9,335.7,94.5475,94.5493,94.5957,-0.0482,-0.0464,0.0018
6602,996.4,615.7,94.5448,94.5466,94.5932,-0.0484,-0.0466,0.0018
6603,1000.2,321.6,94.5421,94.5439,94.5910,-0.0489,-0.0471,0.0018
6604,1002.9,328.4,94.5394,94.5412,94.5887,-0.0493,-0.0475,0.0018
6605,1004.1,553.9,94.5367,94.5385,94.5865,-0.0498,-0.0480,0.0018
6606,997.4,331.0,94.5340,94.5357,94.5842,-0.0502,-0.0484,0.0018
6607,991.9,290.0,94.5312,94.5330,94.5818,-0.0505,-0.0487,0.0018
6608,1001.4,556.8,94.5285,94.5303,94.5795,-0.0510,-0.0492,0.0018
6609,998.1,350.4,94.5258,94.5275,94.5772,-0.0514,-0.0496,0.0018
6610,1009.5,350.2,94.5230,94.5248,94.5746,-0.0516,-0.0498,0.0018
6611,1028.6,619.6,94.5203,94.5220,94.5722,-0.0519,-0.0501,0.0018
6612,973.0,333.8,94.5175,94.5193,94.5696,-0.0521,-0.0503,0.0018
6613,1009.0,563.3,94.5148,94.5165,94.5669,-0.0522,-0.0504,0.0018
6614,998.4,803.4,94.5120,94.5137,94.5640,-0.0521,-0.0503,0.0018
6615,991.2,489.7,94.5092,94.5110,94.5613,-0.0521,-0.0504,0.0018
6616,1000.8,818.6,94.5064,94.5082,94.5586,-0.0522,-0.0505,0.0017
6617,990.4,635.7,94.5036,94.5054,94.5560,-0.0524,-0.0507,0.0017
6618,990.0,248.0,94.5008,94.5026,94.5531,-0.0523,-0.0505,0.0017
6619,1023.0,537.9,94.4980,94.4998,94.5503,-0.0523,-0.0506,0.0017
6620,1027.9,605.5,94.4952,94.4969,94.5476,-0.0524,-0.0506,0.0017
6621,952.8,243.2,94.4924,94.4941,94.5449,-0.0525,-0.0507,0.0017
6622,996.0,237.3,94.4896,94.4913,94.5419,-0.0524,-0.0506,0.0017
6623,1013.4,564.4,94.4867,94.4884,94.5390,-0.0523,-0.0506,0.0017
6624,982.3,257.5,94.4839,94.4856,94.5361,-0.0522,-0.0505,0.0017
6625,1021.6,257.8,94.4810,94.4827,94.5331,-0.0521,-0.0504,0.0017
6626,984.0,532.4,94.4782,94.4799,94.5300,-0.0519,-0.0501,0.0017
6627,1011.1,325.8,94.4753,94.4770,94.5271,-0.0518,-0.0501,0.0017
6628,1006.5,549.2,94.4724,94.4741,94.5241,-0.0516,-0.0499,0.0017
6629,999.8,575.2,94.4696,94.4713,94.5210,-0.0514,-0.0497,0.0017
6630,985.3,265.2,94.4667,94.4684,94.5175,-0.0508,-0.0491,0.0017
6631,1002.0,221.1,94.4638,94.4655,94.5144,-0.0506,-0.0489,0.0017
6632,1237.4,373.9,94.4609,94.4626,94.5113,-0.0504,-0.0487,0.0017
6633,758.2,269.2,94.4580,94.4597,94.5082,-0.0502,-0.0486,0.0017
6634,1201.6,443.0,94.4551,94.4568,94.5050,-0.0499,-0.0483,0.0017
6635,796.0,568.6,94.4522,94.4538,94.5021,-0.0500,-0.0483,0.0017
6636,997.0,231.2,94.4492,94.4509,94.4993,-0.0501,-0.0484,0.0017
6637,1002.3,251.8,94.4463,94.4480,94.4965,-0.0502,-0.0485,0.0017
6638,1022.8,562.0,94.4434,94.4450,94.4932,-0.0499,-0.0482,0.0017
6639,976.6,276.3,94.4404,94.4421,94.4901,-0.0497,-0.0481,0.0017
6640,1007.4,603.2,94.4375,94.4391,94.4869,-0.0495,-0.0478,0.0017
6641,1003.4,652.5,94.4345,94.4362,94.4838,-0.0493,-0.0476,0.0017
6642,994.1,277.2,94.4315,94.4332,94.4804,-0.0488,-0.0472,0.0017
6643,1003.3,326.6,94.4286,94.4302,94.4773,-0.0487,-0.0471,0.0017
6644,1108.0,530.1,94.4256,94.4272,94.4742,-0.0486,-0.0470,0.0016
6645,915.0,348.7,94.4226,94.4242,94.4711,-0.0485,-0.0469,0.0016
6646,991.7,568.4,94.4196,94.4212,94.4676,-0.0480,-0.0464,0.0016
6647,986.5,254.3,94.4166,94.4182,94.4644,-0.0478,-0.0461,0.0016
6648,1003.0,245.2,94.4136,94.4152,94.4611,-0.0476,-0.0459,0.0016
6649,1011.6,579.1,94.4106,94.4122,94.4581,-0.0475,-0.0459,0.0016
6650,977.9,226.2,94.4075,94.4092,94.4550,-0.0474,-0.0458,0.0016
6651,1006.8,238.5,94.4045,94.4061,94.4522,-0.0477,-0.0461,0.0016
6652,996.2,294.8,94.4015,94.4031,94.4494,-0.0480,-0.0463,0.0016
6653,1027.4,359.9,94.3984,94.4000,94.4466,-0.0482,-0.0466,0.0016
6654,967.3,307.6,94.3954,94.3970,94.4432,-0.0478,-0.0462,0.0016
6655,1021.1,542.3,94.3923,94.3939,94.4404,-0.0481,-0.0465,0.0016
6656,992.5,250.1,94.3892,94.3909,94.4375,-0.0483,-0.0467,0.0016
6657,1011.7,256.7,94.3862,94.3878,94.4343,-0.0481,-0.0465,0.0016
6658,982.8,259.2,94.3831,94.3847,94.4311,-0.0480,-0.0464,0.0016
6659,993.1,253.8,94.3800,94.3816,94.4278,-0.0478,-0.0462,0.0016
6660,1016.8,287.1,94.3769,94.3785,94.4246,-0.0477,-0.0461,0.0016
6661,1003.1,553.2,94.3738,94.3754,94.4216,-0.0478,-0.0462,0.0016
6662,982.7,273.5,94.3707,94.3723,94.4184,-0.0476,-0.0460,0.0016
6663,999.8,324.2,94.3676,94.3692,94.4153,-0.0477,-0.0461,0.0016
6664,1010.2,603.1,94.3645,94.3661,94.4122,-0.0478,-0.0462,0.0016
6665,1004.2,323.6,94.3614,94.3629,94.4093,-0.0479,-0.0464,0.0016
6666,988.1,330.1,94.3582,94.3598,94.4063,-0.0481,-0.0465,0.0016
6667,1137.1,563.9,94.3551,94.3566,94.4035,-0.0484,-0.0469,0.0016
6668,864.2,284.8,94.3519,94.3535,94.4008,-0.0489,-0.0473,0.0016
6669,1017.1,556.0,94.3488,94.3503,94.3980,-0.0492,-0.0476,0.0016
6670,982.3,242.5,94.3456,94.3472,94.3948,-0.0491,-0.0476,0.0016
6671,1002.9,290.6,94.3425,94.3440,94.3948,-0.0523,-0.0507,0.0016
6672,1021.1,544.1,94.3393,94.3408,94.3885,-0.0493,-0.0477,0.0016
6673,988.6,612.2,94.3361,94.3376,94.3855,-0.0494,-0.0478,0.0015
6674,985.1,278.9,94.3329,94.3345,94.3855,-0.0526,-0.0510,0.0015
6675,995.8,251.2,94.3297,94.3313,94.3821,-0.0524,-0.0509,0.0015
6676,1018.9,596.0,94.3265,94.3280,94.3790,-0.0525,-0.0510,0.0015
6677,998.5,349.2,94.3233,94.3248,94.3760,-0.0527,-0.0512,0.0015
6678,998.0,275.5,94.3201,94.3216,94.3731,-0.0530,-0.0514,0.0015
6679,1001.3,566.8,94.3169,94.3184,94.3697,-0.0529,-0.0513,0.0015
6680,986.5,258.1,94.3136,94.3152,94.3667,-0.0530,-0.0515,0.0015
6681,1020.4,570.6,94.3104,94.3119,94.3637,-0.0533,-0.0518,0.0015
6682,998.7,579.3,94.3072,94.3087,94.3606,-0.0534,-0.0519,0.0015
6683,978.4,273.2,94.3039,94.3054,94.3576,-0.0537,-0.0522,0.0015
6684,1044.6,583.5,94.3007,94.3022,94.3548,-0.0541,-0.0526,0.0015
6685,970.3,581.5,94.2974,94.2989,94.3520,-0.0546,-0.0531,0.0015
6686,1015.0,347.1,94.2941,94.2956,94.3489,-0.0548,-0.0533,0.0015
6687,985.7,288.2,94.2908,94.2923,94.3459,-0.0551,-0.0536,0.0015
6688,1009.4,599.3,94.2876,94.2891,94.3430,-0.0554,-0.0539,0.0015
6689,1003.5,405.4,94.2843,94.2858,94.3400,-0.0558,-0.0543,0.0015
6690,989.8,311.3,94.2810,94.2825,94.3370,-0.0560,-0.0545,0.0015
6691,998.4,627.8,94.2777,94.2792,94.3342,-0.0566,-0.0551,0.0015
6692,981.1,328.5,94.2744,94.2758,94.3316,-0.0573,-0.0558,0.0015
6693,1155.6,562.3,94.2710,94.2725,94.3290,-0.0580,-0.0565,0.0015
6694,876.3,619.3,94.2677,94.2692,94.3262,-0.0585,-0.0570,0.0015
6695,980.7,273.4,94.2644,94.2659,94.3237,-0.0593,-0.0579,0.0015
6696,999.9,534.8,94.2611,94.2625,94.3214,-0.0603,-0.0589,0.0015
6697,989.5,645.1,94.2577,94.2592,94.3191,-0.0614,-0.0599,0.0015
6698,1021.9,317.1,94.2544,94.2558,94.3165,-0.0621,-0.0606,0.0015
6699,992.7,557.6,94.2510,94.2525,94.3141,-0.0631,-0.0616,0.0015
6700,1013.2,621.7,94.2476,94.2491,94.3116,-0.0640,-0.0625,0.0015
6701,979.0,264.9,94.2443,94.2457,94.3090,-0.0647,-0.0632,0.0015
6702,992.0,234.1,94.2409,94.2423,94.3059,-0.0650,-0.0636,0.0015
6703,1021.0,588.8,94.2375,94.2390,94.3031,-0.0656,-0.0641,0.0014
6704,978.6,224.0,94.2341,94.2356,94.3001,-0.0660,-0.0646,0.0014
6705,1025.4,255.8,94.2307,94.2322,94.2972,-0.0665,-0.0651,0.0014
6706,975.8,275.1,94.2273,94.2288,94.2941,-0.0668,-0.0654,0.0014
6707,1007.1,250.5,94.2239,94.2253,94.2912,-0.0673,-0.0658,0.0014
6708,1006.2,267.4,94.2205,94.2219,94.2880,-0.0675,-0.0661,0.0014
6709,993.2,275.7,94.2171,94.2185,94.2848,-0.0677,-0.0663,0.0014
6710,1355.0,319.0,94.2136,94.2151,94.2812,-0.0676,-0.0661,0.0014
6711,641.8,247.5,94.2102,94.2116,94.2779,-0.0677,-0.0663,0.0014
6712,1017.8,339.5,94.2068,94.2082,94.2746,-0.0678,-0.0664,0.0014
6713,991.4,232.0,94.2033,94.2047,94.2713,-0.0680,-0.0666,0.0014
6714,1017.8,646.1,94.1999,94.2013,94.2678,-0.0679,-0.0665,0.0014
6715,972.8,277.1,94.1964,94.1978,94.2643,-0.0679,-0.0665,0.0014
6716,995.9,317.8,94.1929,94.1943,94.2608,-0.0678,-0.0664,0.0014
6717,1007.7,526.7,94.1894,94.1908,94.2571,-0.0677,-0.0663,0.0014
6718,996.7,245.6,94.1860,94.1874,94.2530,-0.0671,-0.0657,0.0014
6719,1011.9,253.1,94.1825,94.1839,94.2493,-0.0668,-0.0654,0.0014
6720,989.9,238.0,94.1790,94.1804,94.2455,-0.0665,-0.0651,0.0014
6721,1018.7,308.5,94.1755,94.1769,94.2416,-0.0661,-0.0647,0.0014
6722,980.4,268.0,94.1720,94.1734,94.2374,-0.0654,-0.0640,0.0014
6723,997.3,218.5,94.1685,94.1698,94.2334,-0.0650,-0.0636,0.0014
6724,1007.6,259.8,94.1649,94.1663,94.2295,-0.0646,-0.0632,0.0014
6725,989.8,246.4,94.1614,94.1628,94.2257,-0.0643,-0.0629,0.0014
6726,1006.7,254.9,94.1579,94.1592,94.2216,-0.0637,-0.0623,0.0014
6727,1017.1,305.9,94.1543,94.1557,94.2176,-0.0633,-0.0619,0.0014
6728,994.0,262.2,94.1508,94.1521,94.2136,-0.0628,-0.0614,0.0014
6729,994.9,562.4,94.1472,94.1486,94.2094,-0.0622,-0.0608,0.0014
6730,1007.7,272.0,94.1437,94.1450,94.2049,-0.0612,-0.0599,0.0014
6731,1003.1,254.2,94.1401,94.1415,94.2008,-0.0607,-0.0594,0.0014
6732,994.7,554.9,94.1365,94.1379,94.1970,-0.0605,-0.0591,0.0014
6733,1000.8,269.6,94.1329,94.1343,94.1933,-0.0604,-0.0590,0.0013
6734,985.2,484.8,94.1294,94.1307,94.1893,-0.0600,-0.0586,0.0013
6735,1005.8,623.7,94.1258,94.1271,94.1857,-0.0599,-0.0586,0.0013
6736,1034.0,361.4,94.1222,94.1235,94.1820,-0.0599,-0.0585,0.0013
6737,969.9,287.5,94.1186,94.1199,94.1783,-0.0597,-0.0584,0.0013
6738,1011.4,592.6,94.1149,94.1163,94.1742,-0.0593,-0.0579,0.0013
6739,1010.2,372.5,94.1113,94.1127,94.1705,-0.0591,-0.0578,0.0013
6740,990.9,331.1,94.1077,94.1090,94.1666,-0.0589,-0.0576,0.0013
6741,984.6,833.9,94.1041,94.1054,94.1626,-0.0585,-0.0572,0.0013
6742,998.8,485.6,94.1004,94.1017,94.1583,-0.0579,-0.0566,0.0013
6743,1005.0,320.9,94.0968,94.0981,94.1542,-0.0574,-0.0561,0.0013
6744,1002.3,546.9,94.0931,94.0944,94.1501,-0.0570,-0.0557,0.0013
6745,985.9,287.6,94.0895,94.0908,94.1463,-0.0568,-0.0555,0.0013
6746,1007.8,263.4,94.0858,94.0871,94.1422,-0.0564,-0.0551,0.0013
6747,1001.0,588.1,94.0821,94.0834,94.1385,-0.0563,-0.0550,0.0013
6748,998.4,295.8,94.0785,94.0798,94.1347,-0.0562,-0.0549,0.0013
6749,1005.4,333.1,94.0748,94.0761,94.1309,-0.0561,-0.0548,0.0013
6750,993.6,593.2,94.0711,94.0724,94.1266,-0.0555,-0.0543,0.0013
6751,1010.0,333.8,94.0674,94.0687,94.1225,-0.0552,-0.0539,0.0013
6752,996.8,304.3,94.0637,94.0650,94.1183,-0.0547,-0.0534,0.0013
6753,996.1,620.2,94.0600,94.0613,94.1142,-0.0542,-0.0529,0.0013
6754,1007.0,330.4,94.0563,94.0575,94.1098,-0.0536,-0.0523,0.0013
6755,1005.4,582.4,94.0525,94.0538,94.1059,-0.0533,-0.0520,0.0013
6756,1001.8,603.4,94.0488,94.0501,94.1021,-0.0532,-0.0520,0.0013
6757,974.7,249.3,94.0451,94.0463,94.0984,-0.0533,-0.0521,0.0013
6758,1001.3,237.4,94.0413,94.0426,94.0945,-0.0532,-0.0519,0.0013
6759,1047.2,635.7,94.0376,94.0389,94.0909,-0.0533,-0.0521,0.0013
6760,960.9,263.5,94.0338,94.0351,94.0874,-0.0536,-0.0523,0.0013
6761,1025.3,605.3,94.0301,94.0313,94.0838,-0.0537,-0.0525,0.0013
6762,1010.0,1392.7,94.0263,94.0276,94.0799,-0.0536,-0.0524,0.0013
6763,1419.2,389.4,94.0225,94.0238,94.0764,-0.0538,-0.0526,0.0013
6764,551.4,271.1,94.0188,94.0200,94.0728,-0.0541,-0.0528,0.0013
6765,998.7,656.6,94.0150,94.0162,94.0694,-0.0544,-0.0531,0.0012
6766,1006.3,1027.3,94.0112,94.0124,94.0656,-0.0545,-0.0532,0.0012
6767,1038.4,593.4,94.0074,94.0086,94.0625,-0.0551,-0.0539,0.0012
6768,953.3,261.4,94.0036,94.0048,94.0594,-0.0558,-0.0546,0.0012
6769,995.9,253.4,93.9998,94.0010,94.0564,-0.0566,-0.0554,0.0012
6770,1009.0,273.3,93.9960,93.9972,94.0530,-0.0570,-0.0558,0.0012
6771,1002.1,283.3,93.9921,93.9934,94.0499,-0.0578,-0.0565,0.0012
6772,997.4,296.5,93.9883,93.9895,94.0469,-0.0586,-0.0574,0.0012
6773,1005.3,272.7,93.9845,93.9857,94.0439,-0.0594,-0.0582,0.0012
6774,978.8,252.8,93.9806,93.9818,94.0406,-0.0599,-0.0587,0.0012
6775,999.5,230.0,93.9768,93.9780,94.0372,-0.0604,-0.0592,0.0012
6776,1028.8,571.0,93.9729,93.9741,94.0336,-0.0607,-0.0595,0.0012
6777,987.0,281.4,93.9691,93.9703,94.0302,-0.0612,-0.0599,0.0012
6778,1002.5,311.3,93.9652,93.9664,94.0267,-0.0615,-0.0603,0.0012
6779,995.5,533.2,93.9613,93.9625,94.0235,-0.0622,-0.0610,0.0012
6780,1005.4,238.4,93.9574,93.9586,94.0203,-0.0629,-0.0617,0.0012
6781,1027.0,336.9,93.9536,93.9548,94.0171,-0.0636,-0.0624,0.0012
6782,968.3,545.4,93.9497,93.9509,94.0135,-0.0639,-0.0627,0.0012
6783,1009.1,334.2,93.9458,93.9470,94.0100,-0.0643,-0.0631,0.0012
6784,987.9,275.4,93.9419,93.9431,94.0067,-0.0648,-0.0636,0.0012
6785,1039.3,612.8,93.9380,93.9391,94.0033,-0.0653,-0.0641,0.0012
6786,963.6,300.6,93.9340,93.9352,93.9996,-0.0655,-0.0644,0.0012
6787,994.6,378.1,93.9301,93.9313,93.9960,-0.0659,-0.0647,0.0012
6788,1007.2,539.6,93.9262,93.9274,93.9924,-0.0663,-0.0651,0.0012
6789,990.7,285.2,93.9223,93.9234,93.9888,-0.0666,-0.0654,0.0012
6790,1015.0,285.2,93.9183,93.9195,93.9850,-0.0667,-0.0655,0.0012
6791,1028.7,573.7,93.9144,93.9155,93.9814,-0.0671,-0.0659,0.0012
6792,954.0,276.8,93.9104,93.9116,93.9777,-0.0673,-0.0661,0.0012
6793,999.1,280.2,93.9065,93.9076,93.9740,-0.0675,-0.0663,0.0012
6794,1012.1,550.9,93.9025,93.9036,93.9698,-0.0673,-0.0662,0.0012
6795,994.6,245.3,93.8985,93.8997,93.9660,-0.0674,-0.0663,0.0012
6796,1027.9,515.1,93.8945,93.8957,93.9622,-0.0677,-0.0665,0.0012
6797,985.7,546.8,93.8906,93.8917,93.9584,-0.0678,-0.0667,0.0011
6798,987.7,243.0,93.8866,93.8877,93.9541,-0.0675,-0.0664,0.0011
6799,1025.9,576.0,93.8826,93.8837,93.9499,-0.0673,-0.0662,0.0011
6800,975.4,565.9,93.8786,93.8797,93.9456,-0.0670,-0.0659,0.0011
6801,1007.7,265.8,93.8746,93.8757,93.9414,-0.0668,-0.0657,0.0011
6802,1003.4,323.3,93.8705,93.8717,93.9370,-0.0664,-0.0653,0.0011
6803,992.7,261.1,93.8665,93.8677,93.9329,-0.0663,-0.0652,0.0011
6804,1027.8,371.5,93.8625,93.8636,93.9289,-0.0664,-0.0653,0.0011
6805,970.9,696.6,93.8585,93.8596,93.9250,-0.0665,-0.0654,0.0011
6806,991.1,594.5,93.8544,93.8555,93.9207,-0.0663,-0.0652,0.0011
6807,1015.6,346.1,93.8504,93.8515,93.9168,-0.0665,-0.0653,0.0011
6808,990.7,296.4,93.8463,93.8474,93.9129,-0.0665,-0.0654,0.0011
6809,993.6,578.7,93.8423,93.8434,93.9089,-0.0667,-0.0655,0.0011
6810,992.2,254.0,93.8382,93.8393,93.9044,-0.0662,-0.0651,0.0011
6811,1018.9,301.4,93.8341,93.8353,93.9001,-0.0660,-0.0649,0.0011
6812,995.4,588.8,93.8301,93.8312,93.8958,-0.0657,-0.0646,0.0011
6813,986.1,255.5,93.8260,93.8271,93.8914,-0.0654,-0.0643,0.0011
6814,1019.5,289.5,93.8219,93.8230,93.8867,-0.0648,-0.0637,0.0011
6815,985.9,789.0,93.8178,93.8189,93.8824,-0.0646,-0.0635,0.0011
6816,1023.3,371.2,93.8137,93.8148,93.8783,-0.0645,-0.0634,0.0011
6817,989.7,299.1,93.8096,93.8107,93.8742,-0.0646,-0.0635,0.0011
6818,1003.7,564.2,93.8055,93.8066,93.8690,-0.0635,-0.0625,0.0011
6819,978.4,658.8,93.8014,93.8025,93.8655,-0.0641,-0.0630,0.0011
6820,1027.2,599.0,93.7973,93.7983,93.8606,-0.0633,-0.0623,0.0011
6821,1134.8,515.9,93.7931,93.7942,93.8558,-0.0627,-0.0616,0.0011
6822,863.5,346.4,93.7890,93.7901,93.8513,-0.0623,-0.0612,0.0011
6823,975.8,272.1,93.7849,93.7859,93.8467,-0.0619,-0.0608,0.0011
6824,1009.3,591.2,93.7807,93.7818,93.8422,-0.0615,-0.0604,0.0011
6825,1007.8,308.5,93.7766,93.7776,93.8376,-0.0610,-0.0600,0.0011
6826,1011.2,576.1,93.7724,93.7735,93.8335,-0.0611,-0.0600,0.0011
6827,989.7,616.5,93.7682,93.7693,93.8295,-0.0612,-0.0602,0.0011
6828,1001.4,289.2,93.7641,93.7651,93.8254,-0.0613,-0.0603,0.0011
6829,1012.4,615.7,93.7599,93.7609,93.8211,-0.0612,-0.0602,0.0011
6830,984.3,304.6,93.7557,93.7568,93.8166,-0.0608,-0.0598,0.0010
6831,997.6,342.9,93.7515,93.7526,93.8122,-0.0607,-0.0597,0.0010
6832,1006.1,287.7,93.7473,93.7484,93.8079,-0.0606,-0.0596,0.0010
6833,996.5,318.6,93.7431,93.7442,93.8038,-0.0607,-0.0597,0.0010
6834,997.4,290.7,93.7389,93.7400,93.7997,-0.0607,-0.0597,0.0010
6835,1000.3,275.9,93.7347,93.7357,93.7959,-0.0612,-0.0601,0.0010
6836,1044.5,336.7,93.7305,93.7315,93.7923,-0.0618,-0.0608,0.0010
6837,953.6,264.6,93.7263,93.7273,93.7888,-0.0625,-0.0615,0.0010
6838,1031.9,575.6,93.7220,93.7231,93.7888,-0.0668,-0.0657,0.0010
6839,965.6,309.1,93.7178,93.7188,93.7852,-0.0673,-0.0663,0.0010
6840,1002.5,321.8,93.7136,93.7146,93.7818,-0.0682,-0.0672,0.0010
6841,1008.3,609.3,93.7093,93.7103,93.7784,-0.0691,-0.0681,0.0010
6842,1002.9,354.4,93.7051,93.7061,93.7747,-0.0697,-0.0687,0.0010
6843,987.9,312.0,93.7008,93.7018,93.7705,-0.0697,-0.0687,0.0010
6844,1002.2,866.4,93.6965,93.6976,93.7665,-0.0699,-0.0689,0.0010
6845,1003.6,316.0,93.6923,93.6933,93.7624,-0.0701,-0.0691,0.0010
6846,992.1,304.3,93.6880,93.6890,93.7583,-0.0703,-0.0693,0.0010
6847,1013.4,604.2,93.6837,93.6847,93.7541,-0.0704,-0.0694,0.0010
6848,980.8,246.3,93.6794,93.6804,93.7503,-0.0709,-0.0699,0.0010
6849,1021.7,265.1,93.6751,93.6761,93.7465,-0.0714,-0.0704,0.0010
6850,975.2,539.6,93.6708,93.6718,93.7426,-0.0718,-0.0708,0.0010
6851,1018.6,309.4,93.6665,93.6675,93.7383,-0.0718,-0.0708,0.0010
6852,990.9,259.1,93.6622,93.6632,93.7341,-0.0719,-0.0709,0.0010
6853,1006.1,824.2,93.6579,93.6589,93.7299,-0.0720,-0.0710,0.0010
6854,1000.9,302.0,93.6536,93.6546,93.7257,-0.0722,-0.0712,0.0010
6855,1012.8,350.8,93.6493,93.6502,93.7213,-0.0721,-0.0711,0.0010
6856,979.9,261.7,93.6449,93.6459,93.7172,-0.0723,-0.0713,0.0010
6857,1001.3,305.0,93.6406,93.6416,93.7131,-0.0725,-0.0715,0.0010
6858,1016.0,266.7,93.6363,93.6372,93.7090,-0.0728,-0.0718,0.0010
6859,1038.4,623.3,93.6319,93.6329,93.7048,-0.0729,-0.0719,0.0010
6860,944.6,314.7,93.6275,93.6285,93.7007,-0.0732,-0.0722,0.0010
6861,1012.5,332.2,93.6232,93.6241,93.6967,-0.0736,-0.0726,0.0010
6862,994.8,567.0,93.6188,93.6198,93.6927,-0.0739,-0.0729,0.0010
6863,999.0,275.9,93.6144,93.6154,93.6882,-0.0738,-0.0728,0.0010
6864,1020.3,290.9,93.6101,93.6110,93.6842,-0.0741,-0.0731,0.0010
6865,986.1,605.0,93.6057,93.6066,93.6800,-0.0743,-0.0733,0.0009
6866,993.6,336.5,93.6013,93.6022,93.6758,-0.0745,-0.0736,0.0009
6867,1023.6,544.0,93.5969,93.5978,93.6714,-0.0745,-0.0736,0.0009
6868,1000.7,610.3,93.5925,93.5934,93.6675,-0.0750,-0.0740,0.0009
6869,989.3,305.3,93.5881,93.5890,93.6636,-0.0755,-0.0745,0.0009
6870,1003.3,646.9,93.5837,93.5846,93.6596,-0.0760,-0.0750,0.0009
6871,981.3,560.5,93.5793,93.5802,93.6553,-0.0760,-0.0751,0.0009
6872,987.8,252.2,93.5748,93.5758,93.6511,-0.0762,-0.0753,0.0009
6873,1017.1,286.9,93.5704,93.5713,93.6467,-0.0763,-0.0753,0.0009
6874,991.9,579.6,93.5660,93.5669,93.6423,-0.0763,-0.0754,0.0009
6875,1003.5,276.8,93.5615,93.5625,93.6373,-0.0758,-0.0749,0.0009
6876,1032.6,596.9,93.5571,93.5580,93.6327,-0.0756,-0.0746,0.0009
6877,961.1,557.9,93.5526,93.5536,93.6280,-0.0753,-0.0744,0.0009
6878,990.6,296.1,93.5482,93.5491,93.6232,-0.0750,-0.0741,0.0009
6879,1031.5,318.9,93.5437,93.5446,93.6181,-0.0744,-0.0735,0.0009
6880,990.8,593.7,93.5393,93.5402,93.6135,-0.0742,-0.0733,0.0009
6881,985.6,269.3,93.5348,93.5357,93.6087,-0.0739,-0.0730,0.0009
6882,1040.0,649.8,93.5303,93.5312,93.6039,-0.0736,-0.0727,0.0009
6883,978.7,659.8,93.5258,93.5267,93.5984,-0.0726,-0.0717,0.0009
6884,976.5,287.1,93.5213,93.5222,93.5933,-0.0720,-0.0711,0.0009
6885,999.2,298.0,93.5168,93.5177,93.5881,-0.0712,-0.0703,0.0009
6886,1024.0,614.3,93.5123,93.5132,93.5828,-0.0705,-0.0696,0.0009
6887,999.4,328.2,93.5078,93.5087,93.5774,-0.0696,-0.0687,0.0009
6888,987.1,260.4,93.5033,93.5042,93.5726,-0.0693,-0.0684,0.0009
6889,1026.0,607.0,93.4988,93.4997,93.5678,-0.0690,-0.0682,0.0009
6890,974.6,318.4,93.4943,93.4951,93.5630,-0.0687,-0.0678,0.0009
6891,1008.3,604.6,93.4897,93.4906,93.5578,-0.0680,-0.0671,0.0009
6892,1001.5,765.4,93.4852,93.4861,93.5528,-0.0676,-0.0667,0.0009
6893,990.8,684.3,93.4807,93.4815,93.5479,-0.0672,-0.0664,0.0009
6894,1004.9,281.7,93.4761,93.4770,93.5430,-0.0669,-0.0660,0.0009
6895,986.0,268.4,93.4716,93.4724,93.5379,-0.0663,-0.0655,0.0009
6896,1016.3,284.1,93.4670,93.4679,93.5333,-0.0663,-0.0655,0.0009
6897,990.3,293.7,93.4625,93.4633,93.5289,-0.0664,-0.0656,0.0009
6898,999.9,294.8,93.4579,93.4587,93.5244,-0.0665,-0.0657,0.0009
6899,1028.7,343.7,93.4533,93.4542,93.5196,-0.0663,-0.0654,0.0009
6900,985.9,543.7,93.4487,93.4496,93.5152,-0.0665,-0.0656,0.0009
6901,988.4,278.7,93.4442,93.4450,93.5108,-0.0666,-0.0658,0.0008
6902,1024.3,344.7,93.4396,93.4404,93.5062,-0.0667,-0.0658,0.0008
6903,977.6,553.7,93.4350,93.4358,93.5013,-0.0663,-0.0655,0.0008
6904,1009.5,282.2,93.4304,93.4312,93.4968,-0.0664,-0.0656,0.0008
6905,988.2,337.7,93.4258,93.4266,93.4923,-0.0666,-0.0657,0.0008
6906,1000.5,275.8,93.4212,93.4220,93.4880,-0.0668,-0.0660,0.0008
6907,992.9,260.7,93.4165,93.4174,93.4834,-0.0668,-0.0660,0.0008
6908,991.3,273.2,93.4119,93.4128,93.4791,-0.0672,-0.0664,0.0008
6909,1012.6,574.9,93.4073,93.4081,93.4748,-0.0675,-0.0667,0.0008
6910,993.9,277.8,93.4027,93.4035,93.4704,-0.0678,-0.0669,0.0008
6911,998.7,259.0,93.3980,93.3988,93.4656,-0.0676,-0.0667,0.0008
6912,1001.4,272.5,93.3934,93.3942,93.4612,-0.0678,-0.0670,0.0008
6913,1001.7,296.9,93.3887,93.3896,93.4568,-0.0681,-0.0673,0.0008
6914,995.0,245.4,93.3841,93.3849,93.4525,-0.0684,-0.0676,0.0008
6915,1007.7,595.8,93.3794,93.3802,93.4478,-0.0683,-0.0675,0.0008
6916,999.9,300.5,93.3748,93.3756,93.4435,-0.0687,-0.0679,0.0008
6917,1007.0,281.6,93.3701,93.3709,93.4391,-0.0690,-0.0682,0.0008
6918,1007.7,577.5,93.3654,93.3662,93.4347,-0.0693,-0.0685,0.0008
6919,992.5,291.6,93.3607,93.3615,93.4299,-0.0692,-0.0684,0.0008
6920,985.7,259.4,93.3561,93.3569,93.4256,-0.0696,-0.0688,0.0008
6921,1005.2,272.2,93.3514,93.3522,93.4212,-0.0698,-0.0690,0.0008
6922,1045.4,301.2,93.3467,93.3475,93.4168,-0.0701,-0.0693,0.0008
6923,952.5,252.1,93.3420,93.3428,93.4123,-0.0704,-0.0696,0.0008
6924,1001.9,542.1,93.3373,93.3381,93.4084,-0.0711,-0.0703,0.0008
6925,997.4,258.7,93.3326,93.3333,93.4045,-0.0720,-0.0712,0.0008
6926,994.3,244.5,93.3278,93.3286,93.4008,-0.0730,-0.0722,0.0008
6927,1015.2,516.6,93.3231,93.3239,93.3968,-0.0737,-0.0729,0.0008
6928,988.0,223.1,93.3184,93.3192,93.3929,-0.0745,-0.0737,0.0008
6929,1038.7,544.2,93.3137,93.3144,93.3889,-0.0752,-0.0745,0.0008
6930,972.9,795.8,93.3089,93.3097,93.3849,-0.0759,-0.0752,0.0008
6931,1010.2,327.3,93.3042,93.3050,93.3803,-0.0761,-0.0753,0.0008
6932,1000.1,522.9,93.2994,93.3002,93.3760,-0.0765,-0.0758,0.0008
6933,999.4,730.1,93.2947,93.2955,93.3717,-0.0770,-0.0763,0.0008
6934,995.5,417.9,93.2899,93.2907,93.3675,-0.0775,-0.0768,0.0008
6935,1011.9,295.5,93.2852,93.2859,93.3632,-0.0781,-0.0773,0.0008
6936,984.9,588.8,93.2804,93.2812,93.3585,-0.0781,-0.0774,0.0008
6937,1006.4,505.0,93.2756,93.2764,93.3543,-0.0787,-0.0779,0.0008
6938,1003.4,335.5,93.2709,93.2716,93.3500,-0.0791,-0.0784,0.0008
6939,1007.8,645.0,93.2661,93.2668,93.3450,-0.0790,-0.0782,0.0007
6940,974.3,313.9,93.2613,93.2620,93.3403,-0.0790,-0.0783,0.0007
6941,995.0,328.8,93.2565,93.2572,93.3354,-0.0789,-0.0781,0.0007
6942,998.6,616.0,93.2517,93.2524,93.3304,-0.0787,-0.0779,0.0007
6943,998.1,292.1,93.2469,93.2476,93.3251,-0.0782,-0.0774,0.0007
6944,1024.9,611.5,93.2421,93.2428,93.3202,-0.0781,-0.0774,0.0007
6945,990.7,600.0,93.2373,93.2380,93.3153,-0.0780,-0.0773,0.0007
6946,999.4,277.1,93.2324,93.2332,93.3105,-0.0781,-0.0773,0.0007
6947,1008.6,264.6,93.2276,93.2284,93.3052,-0.0776,-0.0769,0.0007
6948,1002.0,608.7,93.2228,93.2235,93.3004,-0.0776,-0.0769,0.0007
6949,991.8,341.9,93.2180,93.2187,93.2954,-0.0774,-0.0767,0.0007
6950,998.9,302.7,93.2131,93.2138,93.2904,-0.0772,-0.0765,0.0007
6951,995.9,587.5,93.2083,93.2090,93.2850,-0.0767,-0.0760,0.0007
6952,991.2,266.9,93.2034,93.2041,93.2802,-0.0767,-0.0760,0.0007
6953,1011.7,285.5,93.1986,93.1993,93.2755,-0.0770,-0.0762,0.0007
6954,1008.0,291.1,93.1937,93.1944,93.2710,-0.0773,-0.0766,0.0007
6955,976.1,266.5,93.1889,93.1896,93.2663,-0.0774,-0.0767,0.0007
6956,1029.0,726.0,93.1840,93.1847,93.2618,-0.0779,-0.0772,0.0007
6957,985.2,327.9,93.1791,93.1798,93.2573,-0.0782,-0.0775,0.0007
6958,1017.6,358.5,93.1742,93.1749,93.2526,-0.0783,-0.0776,0.0007
6959,986.1,271.5,93.1693,93.1700,93.2473,-0.0780,-0.0773,0.0007
6960,1029.5,341.8,93.1645,93.1652,93.2424,-0.0780,-0.0773,0.0007
6961,962.5,263.1,93.1596,93.1603,93.2376,-0.0780,-0.0773,0.0007
6962,1027.6,553.0,93.1547,93.1554,93.2326,-0.0780,-0.0773,0.0007
6963,971.7,670.5,93.1498,93.1505,93.2274,-0.0776,-0.0769,0.0007
6964,1015.3,366.1,93.1449,93.1455,93.2224,-0.0776,-0.0769,0.0007
6965,997.7,592.6,93.1399,93.1406,93.2174,-0.0775,-0.0768,0.0007
6966,993.5,298.1,93.1350,93.1357,93.2119,-0.0768,-0.0762,0.0007
6967,998.1,296.5,93.1301,93.1308,93.2066,-0.0765,-0.0758,0.0007
6968,1006.7,286.0,93.1252,93.1258,93.2013,-0.0761,-0.0754,0.0007
6969,999.2,342.9,93.1202,93.1209,93.1961,-0.0759,-0.0752,0.0007
6970,999.4,282.3,93.1153,93.1160,93.1910,-0.0757,-0.0751,0.0007
6971,1020.3,558.4,93.1104,93.1110,93.1856,-0.0753,-0.0746,0.0007
6972,973.8,417.2,93.1054,93.1061,93.1806,-0.0752,-0.0746,0.0007
6973,1000.8,302.9,93.1005,93.1011,93.1755,-0.0751,-0.0744,0.0007
6974,1011.5,567.9,93.0955,93.0962,93.1700,-0.0745,-0.0738,0.0007
6975,988.1,272.5,93.0905,93.0912,93.1649,-0.0743,-0.0737,0.0007
6976,1031.6,331.0,93.0856,93.0862,93.1599,-0.0743,-0.0736,0.0007
6977,974.0,259.7,93.0806,93.0813,93.1550,-0.0744,-0.0737,0.0007
6978,1018.9,308.0,93.0756,93.0763,93.1498,-0.0742,-0.0736,0.0007
6979,972.4,278.0,93.0706,93.0713,93.1453,-0.0747,-0.0740,0.0006
6980,1034.8,619.6,93.0657,93.0663,93.1409,-0.0752,-0.0746,0.0006
6981,974.7,273.7,93.0607,93.0613,93.1365,-0.0759,-0.0752,0.0006
6982,1012.2,277.6,93.0557,93.0563,93.1309,-0.0753,-0.0746,0.0006
6983,991.2,602.5,93.0507,93.0513,93.1262,-0.0756,-0.0749,0.0006
6984,1002.7,343.7,93.0457,93.0463,93.1215,-0.0759,-0.0752,0.0006
6985,984.0,240.4,93.0406,93.0413,93.1170,-0.0764,-0.0757,0.0006
6986,1027.6,539.0,93.0356,93.0363,93.1121,-0.0765,-0.0759,0.0006
6987,962.9,239.3,93.0306,93.0312,93.1073,-0.0767,-0.0761,0.0006
6988,1019.7,543.4,93.0256,93.0262,93.1029,-0.0773,-0.0767,0.0006
6989,987.5,610.3,93.0206,93.0212,93.0985,-0.0779,-0.0773,0.0006
6990,1057.8,302.7,93.0155,93.0161,93.0938,-0.0782,-0.0776,0.0006
6991,939.6,274.6,93.0105,93.0111,93.0893,-0.0788,-0.0782,0.0006
6992,996.8,640.3,93.0054,93.0061,93.0844,-0.0790,-0.0784,0.0006
6993,1118.1,496.7,93.0004,93.0010,93.0793,-0.0789,-0.0783,0.0006
6994,887.0,334.5,92.9953,92.9960,93.0741,-0.0787,-0.0781,0.0006
6995,998.7,611.1,92.9903,92.9909,93.0692,-0.0789,-0.0783,0.0006
6996,997.9,303.0,92.9852,92.9858,93.0644,-0.0792,-0.0786,0.0006
6997,1000.6,267.0,92.9802,92.9808,93.0596,-0.0795,-0.0789,0.0006
6998,997.0,610.6,92.9751,92.9757,93.0544,-0.0793,-0.0787,0.0006
6999,1023.2,331.5,92.9700,92.9706,93.0495,-0.0795,-0.0789,0.0006
7000,989.1,306.6,92.9649,92.9655,93.0495,-0.0846,-0.0840,0.0006
7001,987.9,238.4,92.9598,92.9604,93.0393,-0.0795,-0.0789,0.0006
7002,4004.0,336.6,92.9548,92.9553,93.0234,-0.0687,-0.0681,0.0006
7003,341.8,303.6,92.9497,92.9502,93.0234,-0.0738,-0.0732,0.0006
7004,307.0,204.9,92.9446,92.9451,93.0234,-0.0789,-0.0783,0.0006
7005,206.3,240.9,92.9395,92.9400,93.0234,-0.0840,-0.0834,0.0006
7006,242.3,1476.4,92.9343,92.9349,93.0184,-0.0840,-0.0834,0.0006
7007,1479.1,372.1,92.9292,92.9298,93.0131,-0.0839,-0.0833,0.0006
7008,375.5,275.5,92.9241,92.9247,93.0084,-0.0843,-0.0838,0.0006
7009,1052.0,255.4,92.9190,92.9196,93.0041,-0.0851,-0.0845,0.0006
7010,3128.5,1111.7,92.9139,92.9144,92.9889,-0.0751,-0.0745,0.0006
7011,1117.9,405.4,92.9087,92.9093,92.9834,-0.0747,-0.0741,0.0006
7012,407.3,234.4,92.9036,92.9042,92.9834,-0.0798,-0.0793,0.0006
7013,235.8,405.0,92.8985,92.8990,92.9779,-0.0794,-0.0788,0.0006
7014,410.0,350.8,92.8933,92.8939,92.9779,-0.0846,-0.0840,0.0006
7015,705.9,562.3,92.8882,92.8887,92.9721,-0.0839,-0.0834,0.0006
7016,991.4,322.3,92.8830,92.8836,92.9670,-0.0840,-0.0834,0.0006
7017,1010.8,291.5,92.8778,92.8784,92.9620,-0.0842,-0.0836,0.0006
7018,1006.1,260.6,92.8727,92.8732,92.9570,-0.0844,-0.0838,0.0006
7019,991.2,291.0,92.8675,92.8681,92.9515,-0.0840,-0.0835,0.0006
7020,993.6,332.0,92.8623,92.8629,92.9459,-0.0835,-0.0830,0.0006
7021,996.5,257.7,92.8572,92.8577,92.9400,-0.0829,-0.0823,0.0006
7022,1000.3,2476.5,92.8520,92.8525,92.9342,-0.0822,-0.0816,0.0005
7023,2484.1,667.4,92.8468,92.8473,92.9221,-0.0753,-0.0747,0.0005
7024,673.3,1982.8,92.8416,92.8422,92.9162,-0.0746,-0.0740,0.0005
7025,1988.9,520.0,92.8364,92.8370,92.9042,-0.0678,-0.0673,0.0005
7026,521.9,208.3,92.8312,92.8318,92.9042,-0.0730,-0.0725,0.0005
7027,210.7,281.1,92.8260,92.8266,92.9042,-0.0782,-0.0777,0.0005
7028,283.4,248.4,92.8208,92.8213,92.8989,-0.0781,-0.0776,0.0005
7029,847.8,269.9,92.8156,92.8161,92.8940,-0.0784,-0.0779,0.0005
7030,991.3,258.3,92.8104,92.8109,92.8895,-0.0791,-0.0786,0.0005
7031,3793.6,381.4,92.8052,92.8057,92.8758,-0.0706,-0.0701,0.0005
7032,387.8,371.1,92.7999,92.8005,92.8706,-0.0706,-0.0701,0.0005
7033,373.6,1345.9,92.7947,92.7952,92.8706,-0.0758,-0.0753,0.0005
7034,1348.2,322.7,92.7895,92.7900,92.8594,-0.0700,-0.0694,0.0005
7035,326.0,394.5,92.7842,92.7848,92.8594,-0.0752,-0.0747,0.0005
7036,396.7,241.1,92.7790,92.7795,92.8594,-0.0804,-0.0799,0.0005
7037,375.2,1728.7,92.7737,92.7743,92.8546,-0.0808,-0.0803,0.0005
7038,1732.5,720.8,92.7685,92.7690,92.8502,-0.0817,-0.0812,0.0005
7039,723.1,369.2,92.7632,92.7637,92.8456,-0.0824,-0.0819,0.0005
7040,543.7,260.3,92.7580,92.7585,92.8413,-0.0833,-0.0828,0.0005
7041,1010.2,285.5,92.7527,92.7532,92.8366,-0.0839,-0.0834,0.0005
7042,1004.9,539.5,92.7474,92.7479,92.8315,-0.0840,-0.0835,0.0005
7043,978.0,243.7,92.7422,92.7427,92.8257,-0.0835,-0.0830,0.0005
7044,1020.8,243.9,92.7369,92.7374,92.8203,-0.0834,-0.0829,0.0005
7045,994.4,252.4,92.7316,92.7321,92.8151,-0.0835,-0.0830,0.0005
7046,1020.7,385.1,92.7263,92.7268,92.8099,-0.0836,-0.0831,0.0005
7047,965.6,252.0,92.7210,92.7215,92.8045,-0.0835,-0.0830,0.0005
7048,1007.4,464.4,92.7157,92.7162,92.7995,-0.0837,-0.0832,0.0005
7049,1000.5,241.0,92.7104,92.7109,92.7946,-0.0841,-0.0836,0.0005
7050,995.1,239.4,92.7051,92.7056,92.7896,-0.0845,-0.0840,0.0005
7051,1003.6,231.7,92.6998,92.7003,92.7843,-0.0844,-0.0839,0.0005
7052,998.4,803.4,92.6945,92.6950,92.7793,-0.0847,-0.0843,0.0005
7053,995.3,248.7,92.6892,92.6897,92.7745,-0.0853,-0.0848,0.0005
7054,1007.5,554.2,92.6839,92.6844,92.7697,-0.0858,-0.0854,0.0005
7055,989.8,237.0,92.6786,92.6790,92.7648,-0.0862,-0.0857,0.0005
7056,1003.0,232.7,92.6732,92.6737,92.7602,-0.0869,-0.0865,0.0005
7057,1015.1,536.7,92.6679,92.6684,92.7557,-0.0878,-0.0873,0.0005
7058,982.2,230.0,92.6626,92.6630,92.7509,-0.0883,-0.0878,0.0005
7059,1018.7,248.7,92.6572,92.6577,92.7458,-0.0886,-0.0881,0.0005
7060,1005.3,523.6,92.6519,92.6523,92.7401,-0.0882,-0.0878,0.0005
7061,974.8,233.0,92.6465,92.6470,92.7349,-0.0884,-0.0879,0.0005
7062,1018.2,262.8,92.6412,92.6416,92.7297,-0.0885,-0.0881,0.0005
7063,999.2,547.2,92.6358,92.6363,92.7241,-0.0883,-0.0878,0.0005
7064,987.3,259.6,92.6305,92.6309,92.7188,-0.0883,-0.0878,0.0005
7065,999.5,301.6,92.6251,92.6255,92.7132,-0.0882,-0.0877,0.0005
7066,1012.6,632.5,92.6197,92.6202,92.7077,-0.0880,-0.0875,0.0005
7067,988.9,268.0,92.6143,92.6148,92.7016,-0.0873,-0.0868,0.0005
7068,1001.9,235.9,92.6090,92.6094,92.6960,-0.0870,-0.0866,0.0005
7069,1010.9,578.4,92.6036,92.6040,92.6903,-0.0867,-0.0863,0.0004
7070,981.6,262.3,92.5982,92.5986,92.6846,-0.0864,-0.0859,0.0004
7071,1017.9,270.7,92.5928,92.5933,92.6784,-0.0856,-0.0852,0.0004
7072,988.7,681.6,92.5874,92.5879,92.6727,-0.0853,-0.0848,0.0004
7073,1010.9,290.6,92.5820,92.5825,92.6669,-0.0848,-0.0844,0.0004
7074,990.8,267.7,92.5766,92.5771,92.6611,-0.0845,-0.0840,0.0004
7075,997.6,572.5,92.5712,92.5716,92.6548,-0.0836,-0.0831,0.0004
7076,1014.9,284.7,92.5658,92.5662,92.6489,-0.0831,-0.0827,0.0004
7077,987.3,264.2,92.5604,92.5608,92.6432,-0.0828,-0.0824,0.0004
7078,1016.9,234.1,92.5550,92.5554,92.6378,-0.0828,-0.0824,0.0004
7079,980.9,242.2,92.5495,92.5500,92.6318,-0.0823,-0.0818,0.0004
7080,1020.6,231.2,92.5441,92.5445,92.6262,-0.0821,-0.0817,0.0004
7081,1002.3,272.3,92.5387,92.5391,92.6204,-0.0817,-0.0813,0.0004
7082,993.7,265.5,92.5333,92.5337,92.6145,-0.0812,-0.0808,0.0004
7083,998.0,243.6,92.5278,92.5282,92.6083,-0.0805,-0.0801,0.0004
7084,1000.0,287.3,92.5224,92.5228,92.6027,-0.0803,-0.0799,0.0004
7085,984.6,243.7,92.5169,92.5173,92.5970,-0.0801,-0.0796,0.0004
7086,1011.8,257.4,92.5115,92.5119,92.5915,-0.0801,-0.0796,0.0004
7087,988.7,266.5,92.5060,92.5064,92.5856,-0.0796,-0.0792,0.0004
7088,1305.2,342.6,92.5006,92.5010,92.5800,-0.0794,-0.0790,0.0004
7089,697.1,253.6,92.4951,92.4955,92.5743,-0.0792,-0.0788,0.0004
7090,1025.3,326.4,92.4896,92.4900,92.5685,-0.0789,-0.0785,0.0004
7091,978.4,366.3,92.4842,92.4846,92.5628,-0.0786,-0.0782,0.0004
7092,998.5,637.3,92.4787,92.4791,92.5568,-0.0781,-0.0777,0.0004
7093,1016.2,293.0,92.4732,92.4736,92.5514,-0.0782,-0.0778,0.0004
7094,986.2,299.0,92.4677,92.4681,92.5462,-0.0785,-0.0781,0.0004
7095,1010.4,558.8,92.4623,92.4626,92.5411,-0.0788,-0.0784,0.0004
7096,980.1,307.6,92.4568,92.4572,92.5354,-0.0786,-0.0782,0.0004
7097,1058.6,562.2,92.4513,92.4517,92.5302,-0.0789,-0.0785,0.0004
7098,949.8,574.3,92.4458,92.4462,92.5250,-0.0793,-0.0789,0.0004
7099,994.6,271.2,92.4403,92.4407,92.5201,-0.0798,-0.0794,0.0004
7100,3000.6,307.1,92.4348,92.4352,92.5063,-0.0715,-0.0711,0.0004
7101,311.8,750.5,92.4293,92.4296,92.5063,-0.0770,-0.0766,0.0004
7102,753.1,318.3,92.4237,92.4241,92.5019,-0.0781,-0.0777,0.0004
7103,326.6,334.2,92.4182,92.4186,92.5019,-0.0836,-0.0833,0.0004
7104,618.2,240.8,92.4127,92.4131,92.4970,-0.0843,-0.0839,0.0004
7105,986.9,241.6,92.4072,92.4076,92.4925,-0.0853,-0.0849,0.0004
7106,1010.3,223.5,92.4017,92.4020,92.4882,-0.0865,-0.0861,0.0004
7107,3992.3,587.2,92.3961,92.3965,92.4693,-0.0732,-0.0728,0.0004
7108,592.4,225.1,92.3906,92.3910,92.4693,-0.0787,-0.0784,0.0004
7109,227.6,245.0,92.3851,92.3854,92.4693,-0.0843,-0.0839,0.0004
7110,247.2,879.6,92.3795,92.3799,92.4640,-0.0845,-0.0842,0.0004
7111,883.0,308.3,92.3740,92.3743,92.4588,-0.0848,-0.0845,0.0004
7112,310.9,364.8,92.3684,92.3688,92.4588,-0.0904,-0.0900,0.0004
7113,742.8,246.1,92.3629,92.3632,92.4534,-0.0905,-0.0901,0.0004
7114,1010.2,276.8,92.3573,92.3577,92.4485,-0.0911,-0.0908,0.0004
7115,986.9,3554.6,92.3518,92.3521,92.4435,-0.0917,-0.0914,0.0004
7116,3560.9,335.3,92.3462,92.3466,92.4265,-0.0803,-0.0799,0.0004
7117,337.8,351.0,92.3406,92.3410,92.4265,-0.0859,-0.0855,0.0004
7118,353.3,1054.3,92.3351,92.3354,92.4203,-0.0852,-0.0849,0.0004
7119,1057.1,356.7,92.3295,92.3298,92.4140,-0.0845,-0.0841,0.0004
7120,359.6,235.7,92.3239,92.3243,92.4140,-0.0901,-0.0897,0.0004
7121,330.4,226.7,92.3183,92.3187,92.4074,-0.0890,-0.0887,0.0003
7122,1004.3,548.1,92.3127,92.3131,92.4016,-0.0889,-0.0886,0.0003
7123,999.0,233.6,92.3071,92.3075,92.3963,-0.0892,-0.0889,0.0003
7124,1003.7,269.9,92.3016,92.3019,92.3911,-0.0896,-0.0892,0.0003
7125,1000.1,578.9,92.2960,92.2963,92.3855,-0.0895,-0.0892,0.0003
7126,1168.5,479.5,92.2904,92.2907,92.3799,-0.0895,-0.0892,0.0003
7127,833.2,252.7,92.2847,92.2851,92.3739,-0.0891,-0.0888,0.0003
7128,993.0,616.7,92.2791,92.2795,92.3676,-0.0885,-0.0881,0.0003
7129,1012.1,261.4,92.2735,92.2739,92.3606,-0.0871,-0.0868,0.0003
7130,991.5,254.2,92.2679,92.2683,92.3543,-0.0864,-0.0861,0.0003
7131,992.4,548.2,92.2623,92.2626,92.3482,-0.0859,-0.0855,0.0003
7132,999.3,242.1,92.2567,92.2570,92.3421,-0.0854,-0.0850,0.0003
7133,1010.2,256.1,92.2511,92.2514,92.3355,-0.0844,-0.0841,0.0003
7134,1081.7,563.5,92.2454,92.2458,92.3293,-0.0838,-0.0835,0.0003
7135,911.8,248.0,92.2398,92.2401,92.3230,-0.0832,-0.0829,0.0003
7136,995.3,244.7,92.2342,92.2345,92.3167,-0.0825,-0.0822,0.0003
7137,1013.5,570.0,92.2285,92.2288,92.3100,-0.0815,-0.0812,0.0003
7138,988.3,257.5,92.2229,92.2232,92.3040,-0.0811,-0.0808,0.0003
7139,1006.9,281.2,92.2172,92.2175,92.2986,-0.0813,-0.0810,0.0003
7140,1001.5,318.3,92.2116,92.2119,92.2933,-0.0817,-0.0814,0.0003
7141,994.7,325.9,92.2059,92.2062,92.2876,-0.0817,-0.0814,0.0003
7142,1000.0,318.3,92.2003,92.2006,92.2822,-0.0819,-0.0816,0.0003
7143,998.1,298.1,92.1946,92.1949,92.2768,-0.0822,-0.0819,0.0003
7144,995.9,307.0,92.1889,92.1893,92.2715,-0.0826,-0.0823,0.0003
7145,1004.8,311.4,92.1833,92.1836,92.2661,-0.0829,-0.0825,0.0003
7146,997.2,530.7,92.1776,92.1779,92.2613,-0.0837,-0.0834,0.0003
7147,1004.4,250.2,92.1719,92.1722,92.2568,-0.0848,-0.0845,0.0003
7148,996.3,265.5,92.1663,92.1666,92.2521,-0.0858,-0.0855,0.0003
7149,1007.7,253.9,92.1606,92.1609,92.2469,-0.0864,-0.0861,0.0003
7150,1002.7,245.7,92.1549,92.1552,92.2420,-0.0871,-0.0868,0.0003
7151,1006.8,269.3,92.1492,92.1495,92.2370,-0.0878,-0.0875,0.0003
7152,983.5,343.3,92.1435,92.1438,92.2321,-0.0886,-0.0883,0.0003
7153,1000.8,254.0,92.1378,92.1381,92.2268,-0.0890,-0.0887,0.0003
7154,1004.4,263.3,92.1321,92.1324,92.2220,-0.0899,-0.0896,0.0003
7155,1010.6,248.1,92.1264,92.1267,92.2171,-0.0907,-0.0904,0.0003
7156,981.9,224.9,92.1207,92.1210,92.2123,-0.0916,-0.0913,0.0003
7157,1000.9,303.5,92.1150,92.1153,92.2061,-0.0911,-0.0908,0.0003
7158,1002.6,253.7,92.1093,92.1096,92.2018,-0.0925,-0.0922,0.0003
7159,1250.1,408.6,92.1036,92.1039,92.1957,-0.0921,-0.0918,0.0003
7160,751.1,250.9,92.0979,92.0982,92.1899,-0.0920,-0.0917,0.0003
7161,2724.6,1371.5,92.0922,92.0924,92.1789,-0.0867,-0.0864,0.0003
7162,1375.2,391.5,92.0864,92.0867,92.1676,-0.0812,-0.0809,0.0003
7163,394.2,256.1,92.0807,92.0810,92.1676,-0.0869,-0.0867,0.0003
7164,258.3,375.2,92.0750,92.0753,92.1676,-0.0927,-0.0924,0.0003
7165,377.7,483.6,92.0692,92.0695,92.1619,-0.0927,-0.0924,0.0003
7166,882.5,584.4,92.0635,92.0638,92.1562,-0.0927,-0.0925,0.0003
7167,987.9,357.4,92.0578,92.0580,92.1506,-0.0929,-0.0926,0.0003
7168,1001.5,311.9,92.0520,92.0523,92.1454,-0.0934,-0.0931,0.0003
7169,1003.5,581.0,92.0463,92.0465,92.1396,-0.0933,-0.0931,0.0003
7170,995.1,279.6,92.0405,92.0408,92.1341,-0.0936,-0.0933,0.0003
7171,1007.2,256.2,92.0348,92.0350,92.1282,-0.0935,-0.0932,0.0003
7172,1236.0,433.8,92.0290,92.0293,92.1220,-0.0929,-0.0927,0.0003
7173,752.1,280.0,92.0233,92.0235,92.1150,-0.0918,-0.0915,0.0003
7174,1003.7,2997.0,92.0175,92.0178,92.1086,-0.0911,-0.0908,0.0003
7175,3020.7,1069.4,92.0117,92.0120,92.0961,-0.0843,-0.0841,0.0003
7176,1073.4,602.0,92.0060,92.0062,92.0896,-0.0836,-0.0834,0.0003
7177,605.9,236.0,92.0002,92.0005,92.0896,-0.0894,-0.0891,0.0003
7178,239.2,271.2,91.9944,91.9947,92.0835,-0.0891,-0.0888,0.0003
7179,274.6,400.6,91.9886,91.9889,92.0835,-0.0948,-0.0946,0.0003
7180,785.6,256.7,91.9829,91.9831,92.0772,-0.0943,-0.0940,0.0003
7181,999.4,255.8,91.9771,91.9773,92.0703,-0.0932,-0.0930,0.0002
7182,1003.9,254.0,91.9713,91.9715,92.0640,-0.0927,-0.0925,0.0002
7183,1005.4,237.5,91.9655,91.9658,92.0580,-0.0925,-0.0922,0.0002
7184,992.2,593.0,91.9597,91.9600,92.0518,-0.0920,-0.0918,0.0002
7185,1004.5,274.2,91.9539,91.9542,92.0447,-0.0908,-0.0905,0.0002
7186,1008.4,257.5,91.9481,91.9484,92.0380,-0.0898,-0.0896,0.0002
7187,991.6,549.5,91.9423,91.9426,92.0313,-0.0890,-0.0888,0.0002
7188,1007.3,227.0,91.9365,91.9368,92.0247,-0.0882,-0.0880,0.0002
7189,995.4,240.5,91.9307,91.9309,92.0179,-0.0872,-0.0870,0.0002
7190,992.3,633.8,91.9249,91.9251,92.0119,-0.0870,-0.0868,0.0002
7191,996.3,317.8,91.9191,91.9193,92.0062,-0.0872,-0.0869,0.0002
7192,999.1,304.2,91.9133,91.9135,92.0008,-0.0875,-0.0873,0.0002
7193,1018.9,577.3,91.9074,91.9077,91.9948,-0.0874,-0.0871,0.0002
7194,983.8,272.3,91.9016,91.9019,91.9892,-0.0876,-0.0873,0.0002
7195,4005.1,303.3,91.8958,91.8960,91.9660,-0.0702,-0.0699,0.0002
7196,307.5,367.9,91.8900,91.8902,91.9660,-0.0760,-0.0758,0.0002
7197,371.2,2353.9,91.8841,91.8844,91.9660,-0.0818,-0.0816,0.0002
7198,2357.1,284.5,91.8783,91.8785,91.9493,-0.0710,-0.0708,0.0002
7199,286.9,319.0,91.8725,91.8727,91.9493,-0.0768,-0.0766,0.0002
7200,321.6,218.1,91.8666,91.8668,91.9493,-0.0827,-0.0824,0.0002
7201,220.1,292.8,91.8608,91.8610,91.9493,-0.0885,-0.0883,0.0002
7202,294.7,297.1,91.8549,91.8552,91.9444,-0.0895,-0.0893,0.0002
7203,837.7,247.6,91.8491,91.8493,91.9397,-0.0906,-0.0904,0.0002
7204,1018.5,256.7,91.8432,91.8434,91.9348,-0.0916,-0.0913,0.0002
7205,996.4,257.9,91.8374,91.8376,91.9295,-0.0921,-0.0919,0.0002
7206,1004.0,425.8,91.8315,91.8317,91.9245,-0.0930,-0.0928,0.0002
7207,981.9,282.0,91.8257,91.8259,91.9192,-0.0935,-0.0933,0.0002
7208,1014.7,278.9,91.8198,91.8200,91.9133,-0.0935,-0.0933,0.0002
7209,1004.1,282.6,91.8139,91.8141,91.9069,-0.0930,-0.0927,0.0002
7210,994.9,256.1,91.8081,91.8083,91.9009,-0.0929,-0.0927,0.0002
7211,1003.9,241.7,91.8022,91.8024,91.8951,-0.0929,-0.0927,0.0002
7212,993.0,264.0,91.7963,91.7965,91.8894,-0.0931,-0.0929,0.0002
7213,999.4,246.5,91.7904,91.7906,91.8841,-0.0937,-0.0935,0.0002
7214,1001.2,298.3,91.7846,91.7848,91.8783,-0.0937,-0.0935,0.0002
7215,1005.2,302.4,91.7787,91.7789,91.8726,-0.0939,-0.0937,0.0002
7216,994.1,614.6,91.7728,91.7730,91.8668,-0.0940,-0.0938,0.0002
7217,983.4,332.7,91.7669,91.7671,91.8602,-0.0933,-0.0931,0.0002
7218,1021.3,278.3,91.7610,91.7612,91.8541,-0.0931,-0.0929,0.0002
7219,984.1,278.2,91.7551,91.7553,91.8480,-0.0929,-0.0927,0.0002
7220,1012.6,278.2,91.7492,91.7494,91.8420,-0.0928,-0.0926,0.0002
7221,999.9,247.9,91.7433,91.7435,91.8356,-0.0923,-0.0921,0.0002
7222,1001.3,268.9,91.7374,91.7376,91.8294,-0.0920,-0.0918,0.0002
7223,1004.0,259.6,91.7315,91.7317,91.8232,-0.0917,-0.0915,0.0002
7224,995.2,276.7,91.7256,91.7258,91.8168,-0.0912,-0.0911,0.0002
7225,1000.4,263.5,91.7197,91.7199,91.8099,-0.0902,-0.0900,0.0002
7226,999.2,265.3,91.7138,91.7140,91.8036,-0.0899,-0.0897,0.0002
7227,1012.3,244.4,91.7079,91.7080,91.7975,-0.0896,-0.0894,0.0002
7228,999.0,271.2,91.7019,91.7021,91.7914,-0.0895,-0.0893,0.0002
7229,994.8,270.8,91.6960,91.6962,91.7848,-0.0888,-0.0886,0.0002
7230,1005.1,244.1,91.6901,91.6903,91.7786,-0.0885,-0.0884,0.0002
7231,997.3,547.8,91.6842,91.6843,91.7725,-0.0883,-0.0881,0.0002
7232,979.9,288.9,91.6782,91.6784,91.7664,-0.0882,-0.0880,0.0002
7233,1016.4,268.9,91.6723,91.6725,91.7599,-0.0876,-0.0875,0.0002
7234,987.5,568.0,91.6664,91.6666,91.7541,-0.0877,-0.0876,0.0002
7235,992.4,263.9,91.6604,91.6606,91.7483,-0.0879,-0.0877,0.0002
7236,1021.9,463.5,91.6545,91.6547,91.7426,-0.0881,-0.0879,0.0002
7237,985.7,307.5,91.6486,91.6487,91.7363,-0.0877,-0.0876,0.0002
7238,1003.3,303.1,91.6426,91.6428,91.7305,-0.0878,-0.0877,0.0002
7239,1002.2,346.1,91.6367,91.6368,91.7245,-0.0878,-0.0877,0.0002
7240,1015.4,662.1,91.6307,91.6309,91.7186,-0.0879,-0.0877,0.0002
7241,983.7,328.3,91.6248,91.6249,91.7128,-0.0881,-0.0879,0.0002
7242,998.1,337.5,91.6188,91.6190,91.7066,-0.0878,-0.0877,0.0002
7243,1000.4,591.6,91.6129,91.6130,91.7009,-0.0880,-0.0878,0.0002
7244,1007.7,326.3,91.6069,91.6071,91.6950,-0.0881,-0.0879,0.0002
7245,994.5,505.9,91.6009,91.6011,91.6891,-0.0882,-0.0880,0.0002
7246,1004.6,602.8,91.5950,91.5951,91.6829,-0.0879,-0.0877,0.0002
7247,993.5,278.3,91.5890,91.5892,91.6771,-0.0881,-0.0880,0.0002
7248,1018.8,247.3,91.5830,91.5832,91.6715,-0.0884,-0.0883,0.0002
7249,990.8,704.3,91.5771,91.5772,91.6658,-0.0887,-0.0886,0.0002
7250,1008.5,831.9,91.5711,91.5712,91.6595,-0.0885,-0.0883,0.0002
7251,985.7,285.5,91.5651,91.5653,91.6537,-0.0886,-0.0884,0.0002
7252,1004.8,633.5,91.5591,91.5593,91.6480,-0.0888,-0.0887,0.0002
7253,1005.2,285.2,91.5531,91.5533,91.6425,-0.0893,-0.0892,0.0001
7254,998.3,313.1,91.5472,91.5473,91.6368,-0.0896,-0.0894,0.0001
7255,994.7,605.3,91.5412,91.5413,91.6315,-0.0903,-0.0902,0.0001
7256,1013.3,280.7,91.5352,91.5353,91.6263,-0.0912,-0.0910,0.0001
7257,979.6,473.6,91.5292,91.5293,91.6212,-0.0920,-0.0918,0.0001
7258,1025.7,654.3,91.5232,91.5233,91.6157,-0.0925,-0.0924,0.0001
7259,973.0,288.2,91.5172,91.5174,91.6104,-0.0932,-0.0930,0.0001
7260,1000.6,331.9,91.5112,91.5114,91.6049,-0.0937,-0.0935,0.0001
7261,1000.2,631.6,91.5052,91.5053,91.5991,-0.0939,-0.0937,0.0001
7262,1008.0,269.0,91.4992,91.4993,91.5933,-0.0941,-0.0939,0.0001
7263,993.9,429.9,91.4932,91.4933,91.5870,-0.0938,-0.0937,0.0001
7264,998.3,397.0,91.4872,91.4873,91.5812,-0.0940,-0.0939,0.0001
7265,1006.7,493.5,91.4812,91.4813,91.5753,-0.0941,-0.0940,0.0001
7266,1002.3,661.9,91.4752,91.4753,91.5692,-0.0940,-0.0939,0.0001
7267,1003.0,346.4,91.4692,91.4693,91.5627,-0.0936,-0.0934,0.0001
7268,988.4,384.2,91.4631,91.4633,91.5556,-0.0925,-0.0924,0.0001
7269,1001.2,642.9,91.4571,91.4572,91.5491,-0.0920,-0.0919,0.0001
7270,1006.5,364.2,91.4511,91.4512,91.5427,-0.0916,-0.0915,0.0001
7271,991.6,462.5,91.4451,91.4452,91.5363,-0.0912,-0.0911,0.0001
7272,1004.7,311.1,91.4390,91.4392,91.5295,-0.0904,-0.0903,0.0001
7273,996.1,352.4,91.4330,91.4331,91.5232,-0.0902,-0.0901,0.0001
7274,1005.7,307.8,91.4270,91.4271,91.5167,-0.0897,-0.0896,0.0001
7275,989.4,300.1,91.4210,91.4211,91.5103,-0.0893,-0.0892,0.0001
7276,1031.4,306.2,91.4149,91.4150,91.5042,-0.0893,-0.0892,0.0001
7277,977.5,286.2,91.4089,91.4090,91.4978,-0.0889,-0.0888,0.0001
7278,1041.0,650.9,91.4028,91.4030,91.4919,-0.0891,-0.0890,0.0001
7279,951.5,283.1,91.3968,91.3969,91.4861,-0.0893,-0.0892,0.0001
7280,1027.6,480.4,91.3908,91.3909,91.4796,-0.0888,-0.0887,0.0001
7281,971.6,339.5,91.3847,91.3848,91.4733,-0.0886,-0.0885,0.0001
7282,1008.7,484.0,91.3787,91.3788,91.4669,-0.0882,-0.0881,0.0001
7283,989.8,486.2,91.3726,91.3727,91.4606,-0.0880,-0.0879,0.0001
7284,999.2,362.6,91.3666,91.3667,91.4539,-0.0874,-0.0873,0.0001
7285,1002.0,311.0,91.3605,91.3606,91.4477,-0.0872,-0.0871,0.0001
7286,1011.7,348.0,91.3545,91.3546,91.4413,-0.0868,-0.0867,0.0001
7287,994.7,357.6,91.3484,91.3485,91.4348,-0.0864,-0.0863,0.0001
7288,995.4,331.0,91.3423,91.3424,91.4278,-0.0854,-0.0853,0.0001
7289,1020.2,308.8,91.3363,91.3364,91.4214,-0.0851,-0.0850,0.0001
7290,980.5,672.2,91.3302,91.3303,91.4152,-0.0850,-0.0849,0.0001
7291,1005.0,333.7,91.3241,91.3242,91.4091,-0.0850,-0.0849,0.0001
7292,1000.1,377.7,91.3181,91.3182,91.4027,-0.0846,-0.0845,0.0001
7293,992.6,358.6,91.3120,91.3121,91.3965,-0.0845,-0.0844,0.0001
7294,999.5,319.9,91.3059,91.3060,91.3903,-0.0844,-0.0843,0.0001
7295,999.9,308.3,91.2999,91.3000,91.3842,-0.0844,-0.0843,0.0001
7296,1011.0,312.5,91.2938,91.2939,91.3780,-0.0842,-0.0841,0.0001
7297,997.1,291.7,91.2877,91.2878,91.3724,-0.0847,-0.0846,0.0001
7298,1000.3,260.5,91.2816,91.2817,91.3670,-0.0854,-0.0853,0.0001
7299,1020.6,584.1,91.2755,91.2756,91.3616,-0.0860,-0.0859,0.0001
7300,990.1,248.9,91.2695,91.2695,91.3555,-0.0861,-0.0860,0.0001
7301,986.5,359.3,91.2634,91.2635,91.3499,-0.0865,-0.0864,0.0001
7302,995.1,761.6,91.2573,91.2574,91.3441,-0.0868,-0.0867,0.0001
7303,1004.3,273.1,91.2512,91.2513,91.3384,-0.0873,-0.0872,0.0001
7304,1033.5,340.9,91.2451,91.2452,91.3325,-0.0874,-0.0873,0.0001
7305,974.2,584.7,91.2390,91.2391,91.3270,-0.0881,-0.0880,0.0001
7306,1009.7,341.7,91.2329,91.2330,91.3216,-0.0887,-0.0886,0.0001
7307,978.1,354.5,91.2268,91.2269,91.3161,-0.0893,-0.0892,0.0001
7308,1005.8,729.3,91.2207,91.2208,91.3099,-0.0892,-0.0891,0.0001
7309,992.3,273.8,91.2146,91.2147,91.3042,-0.0896,-0.0895,0.0001
7310,1044.7,297.2,91.2085,91.2086,91.2985,-0.0900,-0.0900,0.0001
7311,970.2,610.6,91.2024,91.2025,91.2928,-0.0904,-0.0903,0.0001
7312,987.1,296.2,91.1963,91.1964,91.2866,-0.0903,-0.0902,0.0001
7313,1031.8,366.6,91.1902,91.1903,91.2808,-0.0907,-0.0906,0.0001
7314,970.4,686.6,91.1841,91.1841,91.2751,-0.0910,-0.0909,0.0001
7315,1008.9,349.3,91.1779,91.1780,91.2692,-0.0913,-0.0912,0.0001
7316,990.7,662.1,91.1718,91.1719,91.2628,-0.0910,-0.0909,0.0001
7317,1001.7,638.5,91.1657,91.1658,91.2568,-0.0911,-0.0910,0.0001
7318,997.5,293.8,91.1596,91.1597,91.2509,-0.0913,-0.0912,0.0001
7319,1006.8,363.5,91.1535,91.1536,91.2451,-0.0916,-0.0915,0.0001
7320,990.2,643.9,91.1474,91.1474,91.2390,-0.0916,-0.0915,0.0001
7321,1000.4,313.8,91.1412,91.1413,91.2334,-0.0922,-0.0921,0.0001
7322,1002.9,321.4,91.1351,91.1352,91.2278,-0.0927,-0.0926,0.0001
7323,1012.9,629.1,91.1290,91.1291,91.2221,-0.0931,-0.0930,0.0001
7324,983.4,314.1,91.1228,91.1229,91.2157,-0.0929,-0.0928,0.0001
7325,1004.7,350.8,91.1167,91.1168,91.2097,-0.0930,-0.0929,0.0001
7326,995.6,342.1,91.1106,91.1107,91.2038,-0.0932,-0.0932,0.0001
7327,1006.3,343.7,91.1045,91.1045,91.1979,-0.0934,-0.0934,0.0001
7328,993.5,333.2,91.0983,91.0984,91.1916,-0.0932,-0.0932,0.0001
7329,1006.6,341.0,91.0922,91.0922,91.1856,-0.0934,-0.0933,0.0001
7330,995.2,279.3,91.0860,91.0861,91.1794,-0.0934,-0.0933,0.0001
7331,1010.7,253.1,91.0799,91.0800,91.1730,-0.0931,-0.0931,0.0001
7332,1021.3,337.8,91.0738,91.0738,91.1650,-0.0913,-0.0912,0.0001
7333,970.3,324.3,91.0676,91.0677,91.1594,-0.0918,-0.0918,0.0001
7334,1002.5,330.0,91.0615,91.0615,91.1520,-0.0906,-0.0905,0.0001
7335,1006.3,342.5,91.0553,91.0554,91.1457,-0.0904,-0.0903,0.0001
7336,991.7,306.6,91.0492,91.0492,91.1388,-0.0896,-0.0896,0.0001
7337,1002.3,342.5,91.0430,91.0431,91.1323,-0.0893,-0.0892,0.0001
7338,995.4,322.0,91.0369,91.0369,91.1259,-0.0890,-0.0889,0.0001
7339,1011.3,320.0,91.0307,91.0308,91.1196,-0.0888,-0.0888,0.0001
7340,990.4,687.8,91.0246,91.0246,91.1130,-0.0885,-0.0884,0.0001
7341,1000.2,357.9,91.0184,91.0185,91.1071,-0.0887,-0.0886,0.0001
7342,995.6,382.7,91.0122,91.0123,91.1012,-0.0890,-0.0889,0.0001
7343,1006.4,368.4,91.0061,91.0061,91.0953,-0.0892,-0.0892,0.0001
7344,993.7,367.4,90.9999,91.0000,91.0888,-0.0888,-0.0888,0.0001
7345,1011.8,341.2,90.9937,90.9938,91.0824,-0.0886,-0.0886,0.0001
7346,988.1,367.2,90.9876,90.9876,91.0762,-0.0886,-0.0885,0.0001
7347,1007.3,317.7,90.9814,90.9815,91.0702,-0.0888,-0.0887,0.0001
7348,996.1,349.0,90.9752,90.9753,91.0637,-0.0885,-0.0884,0.0001
7349,998.8,332.7,90.9691,90.9691,91.0578,-0.0887,-0.0887,0.0001
7350,1000.0,352.0,90.9629,90.9630,91.0517,-0.0888,-0.0888,0.0001
7351,1006.4,332.3,90.9567,90.9568,91.0517,-0.0950,-0.0950,0.0001
7352,993.5,316.5,90.9506,90.9506,91.0456,-0.0951,-0.0950,0.0001
7353,1001.9,293.8,90.9444,90.9444,91.0389,-0.0945,-0.0944,0.0001
7354,999.5,346.9,90.9382,90.9383,91.0326,-0.0944,-0.0944,0.0001
7355,1026.1,327.6,90.9320,90.9321,91.0262,-0.0942,-0.0942,0.0001
7356,1003.8,278.0,90.9258,90.9259,91.0196,-0.0937,-0.0937,0.0001
7357,983.3,347.9,90.9197,90.9197,91.0134,-0.0938,-0.0937,0.0001
7358,1025.6,602.8,90.9135,90.9135,91.0074,-0.0939,-0.0938,0.0000
7359,972.3,314.5,90.9073,90.9074,91.0013,-0.0940,-0.0940,0.0000
7360,1003.9,292.7,90.9011,90.9012,90.9947,-0.0936,-0.0936,0.0000
7361,990.7,348.0,90.8949,90.8950,90.9887,-0.0937,-0.0937,0.0000
7362,995.0,332.0,90.8887,90.8888,90.9829,-0.0942,-0.0941,0.0000
7363,996.0,341.3,90.8826,90.8826,90.9772,-0.0946,-0.0946,0.0000
7364,1007.7,665.3,90.8764,90.8764,90.9710,-0.0946,-0.0946,0.0000
7365,992.3,389.7,90.8702,90.8702,90.9652,-0.0950,-0.0950,0.0000
7366,999.6,413.5,90.8640,90.8640,90.9594,-0.0954,-0.0953,0.0000
7367,1004.3,644.5,90.8578,90.8578,90.9533,-0.0955,-0.0955,0.0000
7368,1002.0,291.4,90.8516,90.8516,90.9466,-0.0950,-0.0950,0.0000
7369,1024.3,366.1,90.8454,90.8454,90.9403,-0.0949,-0.0949,0.0000
7370,974.5,628.2,90.8392,90.8392,90.9341,-0.0949,-0.0948,0.0000
7371,1004.7,267.2,90.8330,90.8330,90.9279,-0.0949,-0.0949,0.0000
7372,1010.5,321.6,90.8268,90.8268,90.9212,-0.0944,-0.0944,0.0000
7373,985.2,341.7,90.8206,90.8206,90.9147,-0.0941,-0.0941,0.0000
7374,998.5,354.9,90.8144,90.8144,90.9082,-0.0938,-0.0938,0.0000
7375,998.1,351.2,90.8082,90.8082,90.9016,-0.0935,-0.0934,0.0000
7376,1005.7,720.9,90.8020,90.8020,90.8947,-0.0927,-0.0927,0.0000
7377,992.9,288.8,90.7958,90.7958,90.8882,-0.0925,-0.0924,0.0000
7378,1036.5,349.2,90.7896,90.7896,90.8817,-0.0921,-0.0921,0.0000
7379,968.0,766.5,90.7833,90.7834,90.8751,-0.0918,-0.0918,0.0000
7380,1008.6,293.2,90.7771,90.7772,90.8681,-0.0910,-0.0909,0.0000
7381,996.5,329.4,90.7709,90.7710,90.8615,-0.0905,-0.0905,0.0000
7382,997.0,779.7,90.7647,90.7647,90.8549,-0.0902,-0.0901,0.0000
7383,1000.3,288.9,90.7585,90.7585,90.8484,-0.0899,-0.0899,0.0000
7384,1033.8,364.2,90.7523,90.7523,90.8415,-0.0892,-0.0892,0.0000
7385,960.2,658.7,90.7461,90.7461,90.8352,-0.0891,-0.0891,0.0000
7386,999.4,287.0,90.7398,90.7399,90.8289,-0.0890,-0.0890,0.0000
7387,1031.2,343.9,90.7336,90.7336,90.8224,-0.0888,-0.0887,0.0000
7388,985.8,339.6,90.7274,90.7274,90.8153,-0.0879,-0.0879,0.0000
7389,990.9,351.6,90.7212,90.7212,90.8088,-0.0876,-0.0875,0.0000
7390,996.9,401.6,90.7150,90.7150,90.8025,-0.0875,-0.0875,0.0000
7391,1004.3,382.9,90.7087,90.7088,90.7963,-0.0875,-0.0875,0.0000
7392,1003.2,314.7,90.7025,90.7025,90.7896,-0.0871,-0.0871,0.0000
7393,994.5,354.6,90.6963,90.6963,90.7834,-0.0871,-0.0870,0.0000
7394,998.1,364.8,90.6901,90.6901,90.7770,-0.0870,-0.0870,0.0000
7395,998.9,337.9,90.6838,90.6838,90.7707,-0.0869,-0.0869,0.0000
7396,995.1,353.5,90.6776,90.6776,90.7641,-0.0865,-0.0865,0.0000
7397,1016.2,369.2,90.6714,90.6714,90.7582,-0.0869,-0.0868,0.0000
7398,989.9,344.3,90.6651,90.6652,90.7524,-0.0873,-0.0873,0.0000
7399,1000.0,315.6,90.6589,90.6589,90.7467,-0.0878,-0.0877,0.0000
7400,1000.7,317.1,90.6527,90.6527,90.7404,-0.0877,-0.0877,0.0000
7401,1000.1,324.0,90.6464,90.6465,90.7347,-0.0883,-0.0883,0.0000
7402,1009.1,338.1,90.6402,90.6402,90.7293,-0.0891,-0.0891,0.0000
7403,987.6,335.7,90.6340,90.6340,90.7239,-0.0899,-0.0899,0.0000
7404,998.7,344.0,90.6277,90.6277,90.7184,-0.0907,-0.0907,0.0000
7405,1011.9,296.1,90.6215,90.6215,90.7135,-0.0920,-0.0920,0.0000
7406,992.7,320.3,90.6152,90.6153,90.7087,-0.0934,-0.0934,0.0000
7407,1003.0,340.5,90.6090,90.6090,90.7036,-0.0946,-0.0946,0.0000
7408,990.5,306.5,90.6028,90.6028,90.6981,-0.0953,-0.0953,0.0000
7409,1003.4,350.1,90.5965,90.5965,90.6927,-0.0961,-0.0961,0.0000
7410,996.4,347.2,90.5903,90.5903,90.6873,-0.0970,-0.0970,0.0000
7411,1011.8,326.8,90.5840,90.5841,90.6818,-0.0978,-0.0978,0.0000
7412,998.5,325.6,90.5778,90.5778,90.6763,-0.0985,-0.0985,0.0000
7413,991.3,289.9,90.5715,90.5716,90.6703,-0.0987,-0.0987,0.0000
7414,1031.7,735.2,90.5653,90.5653,90.6644,-0.0991,-0.0991,0.0000
7415,984.6,363.7,90.5591,90.5591,90.6585,-0.0994,-0.0994,0.0000
7416,984.1,421.7,90.5528,90.5528,90.6519,-0.0991,-0.0991,0.0000
7417,1002.5,708.9,90.5466,90.5466,90.6457,-0.0992,-0.0992,0.0000
7418,1004.0,391.7,90.5403,90.5403,90.6394,-0.0990,-0.0990,0.0000
7419,1002.5,424.8,90.5341,90.5341,90.6329,-0.0988,-0.0988,0.0000
7420,993.6,816.1,90.5278,90.5278,90.6259,-0.0981,-0.0981,0.0000
7421,1001.0,306.2,90.5216,90.5216,90.6193,-0.0977,-0.0977,0.0000
7422,1010.1,328.5,90.5153,90.5153,90.6126,-0.0973,-0.0973,0.0000
7423,1000.6,343.5,90.5091,90.5091,90.6059,-0.0968,-0.0968,0.0000
7424,988.9,361.7,90.5028,90.5028,90.5986,-0.0958,-0.0958,0.0000
7425,999.2,360.0,90.4965,90.4966,90.5919,-0.0953,-0.0953,0.0000
7426,999.4,328.3,90.4903,90.4903,90.5855,-0.0952,-0.0952,0.0000
7427,1008.8,313.0,90.4840,90.4840,90.5791,-0.0950,-0.0950,0.0000
7428,990.6,309.1,90.4778,90.4778,90.5721,-0.0944,-0.0944,0.0000
7429,1001.8,328.6,90.4715,90.4715,90.5655,-0.0940,-0.0940,0.0000
7430,1006.0,281.6,90.4653,90.4653,90.5587,-0.0935,-0.0935,0.0000
7431,1028.0,356.3,90.4590,90.4590,90.5519,-0.0929,-0.0929,0.0000
7432,963.1,834.7,90.4527,90.4527,90.5446,-0.0918,-0.0918,0.0000
7433,1007.2,284.0,90.4465,90.4465,90.5378,-0.0913,-0.0913,0.0000
7434,1001.3,291.8,90.4402,90.4402,90.5309,-0.0907,-0.0907,0.0000
7435,1004.9,734.2,90.4340,90.4340,90.5242,-0.0902,-0.0902,0.0000
7436,992.0,271.2,90.4277,90.4277,90.5167,-0.0890,-0.0890,0.0000
7437,1030.4,336.4,90.4214,90.4214,90.5098,-0.0884,-0.0884,0.0000
7438,969.7,609.5,90.4152,90.4152,90.5028,-0.0877,-0.0876,0.0000
7439,1001.0,311.5,90.4089,90.4089,90.4960,-0.0871,-0.0871,0.0000
7440,997.6,383.6,90.4026,90.4026,90.4889,-0.0863,-0.0863,0.0000
7441,996.3,813.6,90.3964,90.3964,90.4824,-0.0861,-0.0861,0.0000
7442,1002.8,310.5,90.3901,90.3901,90.4761,-0.0859,-0.0859,0.0000
7443,1006.4,349.2,90.3838,90.3838,90.4696,-0.0858,-0.0858,0.0000
7444,993.6,677.0,90.3776,90.3776,90.4628,-0.0852,-0.0852,0.0000
7445,998.2,309.3,90.3713,90.3713,90.4567,-0.0854,-0.0854,0.0000
7446,996.5,338.7,90.3650,90.3650,90.4509,-0.0859,-0.0859,0.0000
7447,1012.0,633.5,90.3588,90.3588,90.4453,-0.0865,-0.0865,0.0000
7448,992.5,296.6,90.3525,90.3525,90.4393,-0.0868,-0.0868,0.0000
7449,1002.0,319.7,90.3462,90.3462,90.4335,-0.0873,-0.0873,0.0000
7450,998.4,3087.9,90.3400,90.3400,90.4278,-0.0879,-0.0879,0.0000
7451,3095.2,381.8,90.3337,90.3337,90.4104,-0.0767,-0.0767,0.0000
7452,387.3,300.0,90.3274,90.3274,90.4104,-0.0830,-0.0830,0.0000
7453,305.2,329.6,90.3211,90.3211,90.4104,-0.0892,-0.0892,0.0000
7454,335.2,489.3,90.3149,90.3149,90.4049,-0.0900,-0.0900,0.0000
7455,899.2,301.2,90.3086,90.3086,90.3993,-0.0907,-0.0907,0.0000
7456,996.0,302.2,90.3023,90.3023,90.3934,-0.0911,-0.0911,0.0000
7457,1002.5,305.1,90.2960,90.2961,90.3882,-0.0922,-0.0922,0.0000
7458,990.1,340.5,90.2898,90.2898,90.3830,-0.0932,-0.0932,0.0000
7459,999.9,315.2,90.2835,90.2835,90.3773,-0.0938,-0.0938,0.0000
7460,1004.9,302.1,90.2772,90.2772,90.3710,-0.0937,-0.0937,0.0000
7461,995.2,285.0,90.2709,90.2710,90.3649,-0.0939,-0.0939,0.0000
7462,1000.2,2582.8,90.2647,90.2647,90.3587,-0.0940,-0.0940,0.0000
7463,2594.5,368.2,90.2584,90.2584,90.3456,-0.0872,-0.0872,0.0000
7464,371.2,268.3,90.2521,90.2521,90.3391,-0.0870,-0.0870,0.0000
7465,271.9,396.5,90.2458,90.2458,90.3391,-0.0933,-0.0933,0.0000
7466,748.8,368.1,90.2396,90.2396,90.3326,-0.0931,-0.0931,0.0000
7467,996.2,617.3,90.2333,90.2333,90.3263,-0.0930,-0.0930,0.0000
7468,1003.9,4014.5,90.2270,90.2270,90.3199,-0.0929,-0.0929,0.0000
7469,4023.7,977.7,90.2207,90.2207,90.2953,-0.0745,-0.0745,0.0000
7470,980.7,992.4,90.2145,90.2145,90.2883,-0.0738,-0.0738,0.0000
7471,994.6,354.9,90.2082,90.2082,90.2817,-0.0735,-0.0735,0.0000
7472,357.2,318.0,90.2019,90.2019,90.2817,-0.0798,-0.0798,0.0000
7473,321.1,605.5,90.1956,90.1956,90.2817,-0.0861,-0.0861,0.0000
7474,608.9,378.3,90.1893,90.1893,90.2756,-0.0863,-0.0863,0.0000
7475,380.9,219.7,90.1831,90.1831,90.2756,-0.0926,-0.0926,0.0000
7476,332.8,262.3,90.1768,90.1768,90.2700,-0.0932,-0.0932,0.0000
7477,1009.4,288.0,90.1705,90.1705,90.2641,-0.0936,-0.0936,0.0000
7478,996.9,292.6,90.1642,90.1642,90.2586,-0.0944,-0.0944,0.0000
7479,1006.0,555.5,90.1579,90.1579,90.2528,-0.0949,-0.0949,0.0000
7480,3988.8,380.2,90.1517,90.1517,90.2251,-0.0734,-0.0734,0.0000
7481,385.8,2644.8,90.1454,90.1454,90.2251,-0.0797,-0.0797,0.0000
7482,2648.4,298.4,90.1391,90.1391,90.2048,-0.0657,-0.0657,0.0000
7483,300.9,408.9,90.1328,90.1328,90.2048,-0.0720,-0.0720,0.0000
7484,411.4,300.1,90.1265,90.1265,90.2048,-0.0783,-0.0783,0.0000
7485,317.6,251.6,90.1202,90.1202,90.1993,-0.0790,-0.0790,0.0000
7486,255.4,327.7,90.1140,90.1140,90.1993,-0.0853,-0.0853,0.0000
7487,331.0,238.9,90.1077,90.1077,90.1993,-0.0916,-0.0916,0.0000
7488,348.5,1711.5,90.1014,90.1014,90.1941,-0.0927,-0.0927,0.0000
7489,1714.9,324.7,90.0951,90.0951,90.1889,-0.0938,-0.0938,0.0000
7490,327.3,243.0,90.0888,90.0888,90.1844,-0.0956,-0.0956,0.0000
7491,969.4,639.5,90.0825,90.0825,90.1799,-0.0973,-0.0973,0.0000
7492,988.3,298.4,90.0763,90.0763,90.1747,-0.0985,-0.0985,0.0000
7493,4009.3,554.2,90.0700,90.0700,90.1493,-0.0793,-0.0793,0.0000
7494,563.8,256.6,90.0637,90.0637,90.1493,-0.0856,-0.0856,0.0000
7495,259.3,274.4,90.0574,90.0574,90.1493,-0.0919,-0.0919,0.0000
7496,276.2,1113.3,90.0511,90.0511,90.1426,-0.0915,-0.0915,0.0000
7497,1117.0,637.8,90.0449,90.0449,90.1366,-0.0918,-0.0918,0.0000
7498,641.8,336.1,90.0386,90.0386,90.1366,-0.0981,-0.0981,0.0000
7499,339.6,454.5,90.0323,90.0323,90.1311,-0.0988,-0.0988,0.0000
7500,796.5,603.1,90.0260,90.0260,90.1259,-0.0999,-0.0999,0.0000
7501,991.5,307.2,90.0197,90.0197,90.1203,-0.1006,-0.1006,0.0000
7502,1007.1,286.9,90.0134,90.0134,90.1141,-0.1007,-0.1007,0.0000
7503,1004.3,589.8,90.0072,90.0072,90.1086,-0.1014,-0.1014,0.0000
7504,993.9,306.5,90.0009,90.0009,90.1036,-0.1027,-0.1027,0.0000
7505,1001.8,276.2,89.9946,89.9946,90.0959,-0.1013,-0.1013,0.0000
7506,996.7,578.2,89.9883,89.9883,90.0894,-0.1011,-0.1011,0.0000
7507,996.0,265.4,89.9820,89.9820,90.0830,-0.1009,-0.1009,0.0000
7508,1018.6,273.5,89.9757,89.9757,90.0766,-0.1008,-0.1008,0.0000
7509,994.7,599.2,89.9695,89.9695,90.0699,-0.1004,-0.1004,0.0000
7510,985.5,284.9,89.9632,89.9632,90.0638,-0.1006,-0.1006,0.0000
7511,1005.0,259.7,89.9569,89.9569,90.0578,-0.1009,-0.1009,0.0000
7512,999.9,300.2,89.9506,89.9506,90.0519,-0.1013,-0.1013,0.0000
7513,999.4,274.0,89.9443,89.9443,90.0453,-0.1010,-0.1010,0.0000
7514,999.9,293.5,89.9380,89.9380,90.0390,-0.1009,-0.1009,0.0000
7515,1004.6,327.0,89.9318,89.9318,90.0323,-0.1005,-0.1005,0.0000
7516,994.1,304.6,89.9255,89.9255,90.0256,-0.1001,-0.1001,0.0000
7517,997.2,327.8,89.9192,89.9192,90.0189,-0.0997,-0.0997,0.0000
7518,1005.3,288.4,89.9129,89.9129,90.0116,-0.0987,-0.0987,0.0000
7519,998.2,284.5,89.9066,89.9066,90.0049,-0.0982,-0.0982,0.0000
7520,1007.5,286.9,89.9004,89.9004,89.9978,-0.0975,-0.0975,0.0000
7521,999.5,914.9,89.8941,89.8941,89.9907,-0.0967,-0.0967,0.0000
7522,995.3,319.0,89.8878,89.8878,89.9907,-0.1029,-0.1029,0.0000
7523,1007.2,284.9,89.8815,89.8815,89.9830,-0.1015,-0.1015,0.0000
7524,998.9,302.5,89.8752,89.8752,89.9757,-0.1005,-0.1005,0.0000
7525,987.6,279.5,89.8689,89.8689,89.9686,-0.0997,-0.0997,0.0000
7526,1161.8,1244.5,89.8627,89.8627,89.9614,-0.0987,-0.0987,0.0000
7527,1252.1,287.4,89.8564,89.8564,89.9536,-0.0972,-0.0972,0.0000
7528,594.1,245.5,89.8501,89.8501,89.9463,-0.0962,-0.0961,0.0000
7529,993.6,284.7,89.8438,89.8438,89.9389,-0.0951,-0.0951,0.0000
7530,1000.9,268.6,89.8376,89.8376,89.9319,-0.0943,-0.0943,0.0000
7531,996.9,263.3,89.8313,89.8313,89.9247,-0.0934,-0.0934,0.0000
7532,1016.8,277.8,89.8250,89.8250,89.9184,-0.0934,-0.0934,0.0000
7533,1005.5,253.0,89.8187,89.8187,89.9121,-0.0934,-0.0934,0.0000
7534,980.3,289.9,89.8124,89.8124,89.9056,-0.0932,-0.0932,0.0000
7535,997.1,302.0,89.8062,89.8062,89.8983,-0.0922,-0.0922,0.0000
7536,1014.1,258.4,89.7999,89.7999,89.8916,-0.0918,-0.0918,0.0000
7537,992.8,270.7,89.7936,89.7936,89.8851,-0.0915,-0.0915,0.0000
7538,995.7,283.5,89.7873,89.7873,89.8787,-0.0913,-0.0913,0.0000
7539,1003.8,308.0,89.7811,89.7811,89.8719,-0.0908,-0.0908,0.0000
7540,996.0,329.2,89.7748,89.7748,89.8654,-0.0906,-0.0906,0.0000
7541,1000.4,634.4,89.7685,89.7685,89.8590,-0.0905,-0.0905,0.0000
7542,1001.4,323.8,89.7622,89.7622,89.8525,-0.0903,-0.0903,0.0000
7543,995.4,278.2,89.7560,89.7560,89.8457,-0.0898,-0.0898,0.0000
7544,1000.1,586.5,89.7497,89.7497,89.8396,-0.0899,-0.0899,0.0000
7545,1008.2,543.9,89.7434,89.7434,89.8334,-0.0900,-0.0900,0.0000
7546,1010.5,286.4,89.7371,89.7371,89.8272,-0.0900,-0.0900,0.0000
7547,1000.0,1653.8,89.7309,89.7309,89.8205,-0.0896,-0.0896,0.0000
7548,1657.6,330.3,89.7246,89.7246,89.8143,-0.0897,-0.0897,0.0000
7549,333.4,252.7,89.7183,89.7183,89.8084,-0.0901,-0.0901,0.0000
7550,1000.2,602.3,89.7120,89.7121,89.8027,-0.0907,-0.0907,0.0000
7551,996.9,303.9,89.7058,89.7058,89.7973,-0.0916,-0.0916,0.0000
7552,994.4,290.3,89.6995,89.6995,89.7915,-0.0920,-0.0920,0.0000
7553,1020.4,593.7,89.6932,89.6932,89.7862,-0.0929,-0.0929,0.0000
7554,979.2,284.1,89.6870,89.6870,89.7807,-0.0937,-0.0937,0.0000
7555,1032.9,259.9,89.6807,89.6807,89.7743,-0.0936,-0.0936,0.0000
7556,986.0,3201.5,89.6744,89.6744,89.7685,-0.0940,-0.0940,0.0000
7557,3214.0,478.3,89.6682,89.6682,89.7507,-0.0825,-0.0825,0.0000
7558,480.2,214.6,89.6619,89.6619,89.7507,-0.0888,-0.0888,0.0000
7559,217.3,868.9,89.6556,89.6556,89.7507,-0.0951,-0.0950,0.0000
7560,871.0,257.9,89.6494,89.6494,89.7448,-0.0954,-0.0954,0.0000
7561,259.4,264.8,89.6431,89.6431,89.7385,-0.0954,-0.0954,0.0000
7562,954.6,600.7,89.6368,89.6368,89.7324,-0.0955,-0.0955,0.0000
7563,989.1,3231.5,89.6306,89.6306,89.7260,-0.0954,-0.0954,0.0000
7564,3236.3,520.9,89.6243,89.6243,89.7081,-0.0838,-0.0838,0.0000
7565,523.7,302.4,89.6180,89.6181,89.7081,-0.0901,-0.0901,0.0000
7566,305.5,235.3,89.6118,89.6118,89.7011,-0.0893,-0.0893,0.0000
7567,237.2,369.9,89.6055,89.6055,89.7011,-0.0956,-0.0956,0.0000
7568,700.0,665.8,89.5993,89.5993,89.6944,-0.0952,-0.0952,0.0000
7569,996.9,355.1,89.5930,89.5930,89.6880,-0.0950,-0.0950,0.0000
7570,996.9,614.3,89.5867,89.5868,89.6820,-0.0952,-0.0952,0.0000
7571,999.4,720.3,89.5805,89.5805,89.6761,-0.0956,-0.0956,0.0000
7572,1023.2,273.1,89.5742,89.5742,89.6707,-0.0964,-0.0964,0.0000
7573,988.5,1655.4,89.5680,89.5680,89.6650,-0.0970,-0.0970,0.0000
7574,1660.4,314.6,89.5617,89.5617,89.6589,-0.0972,-0.0972,0.0000
7575,327.5,246.2,89.5555,89.5555,89.6520,-0.0965,-0.0965,0.0000
7576,1350.3,347.8,89.5492,89.5492,89.6454,-0.0962,-0.0962,0.0000
7577,695.8,260.4,89.5430,89.5430,89.6388,-0.0959,-0.0959,0.0000
7578,961.8,273.4,89.5367,89.5367,89.6324,-0.0957,-0.0956,0.0000
7579,1004.0,297.2,89.5304,89.5305,89.6255,-0.0951,-0.0951,0.0000
7580,987.9,295.5,89.5242,89.5242,89.6193,-0.0951,-0.0951,0.0000
7581,1000.0,258.8,89.5179,89.5180,89.6130,-0.0950,-0.0950,0.0000
7582,1019.6,279.5,89.5117,89.5117,89.6064,-0.0947,-0.0947,0.0000
7583,994.9,291.6,89.5054,89.5055,89.5991,-0.0936,-0.0936,0.0000
7584,1003.4,289.7,89.4992,89.4992,89.5922,-0.0930,-0.0930,0.0000
7585,997.3,293.2,89.4929,89.4930,89.5855,-0.0926,-0.0926,0.0000
7586,1004.1,280.1,89.4867,89.4867,89.5788,-0.0921,-0.0921,0.0000
7587,997.0,277.4,89.4805,89.4805,89.5716,-0.0911,-0.0911,0.0000
7588,1021.4,252.9,89.4742,89.4742,89.5650,-0.0908,-0.0908,0.0000
7589,977.8,299.0,89.4680,89.4680,89.5584,-0.0905,-0.0905,0.0000
7590,988.0,339.6,89.4617,89.4617,89.5522,-0.0905,-0.0904,0.0000
7591,1001.4,611.1,89.4555,89.4555,89.5456,-0.0901,-0.0901,0.0000
7592,1017.1,299.5,89.4492,89.4493,89.5396,-0.0904,-0.0904,0.0000
7593,992.8,272.1,89.4430,89.4430,89.5337,-0.0907,-0.0907,0.0000
7594,1024.3,288.5,89.4368,89.4368,89.5277,-0.0910,-0.0909,0.0000
7595,973.7,282.7,89.4305,89.4305,89.5212,-0.0907,-0.0907,0.0000
7596,1035.0,627.6,89.4243,89.4243,89.5152,-0.0909,-0.0909,0.0000
7597,966.0,339.7,89.4180,89.4181,89.5089,-0.0909,-0.0908,0.0000
7598,995.0,273.1,89.4118,89.4118,89.5029,-0.0911,-0.0911,0.0000
7599,1014.4,298.4,89.4056,89.4056,89.4967,-0.0911,-0.0911,0.0000
7600,1056.3,532.2,89.3993,89.3994,89.4911,-0.0917,-0.0917,0.0000
7601,939.6,262.9,89.3931,89.3931,89.4851,-0.0920,-0.0920,0.0000
7602,996.0,328.8,89.3869,89.3869,89.4788,-0.0919,-0.0919,0.0000
7603,1011.1,286.4,89.3806,89.3807,89.4723,-0.0917,-0.0917,0.0000
7604,977.2,322.5,89.3744,89.3744,89.4663,-0.0919,-0.0918,0.0000
7605,998.9,312.6,89.3682,89.3682,89.4602,-0.0920,-0.0920,0.0000
7606,1012.6,338.4,89.3620,89.3620,89.4541,-0.0921,-0.0921,0.0000
7607,982.8,353.0,89.3557,89.3558,89.4474,-0.0917,-0.0917,0.0000
7608,999.4,343.9,89.3495,89.3495,89.4411,-0.0916,-0.0916,0.0000
7609,1013.0,338.5,89.3433,89.3433,89.4347,-0.0914,-0.0914,0.0000
7610,988.0,307.0,89.3370,89.3371,89.4283,-0.0913,-0.0913,0.0000
7611,1016.5,315.9,89.3308,89.3309,89.4216,-0.0908,-0.0908,0.0000
7612,989.0,624.3,89.3246,89.3246,89.4155,-0.0909,-0.0908,0.0000
7613,1004.1,309.9,89.3184,89.3184,89.4094,-0.0910,-0.0910,0.0000
7614,994.0,336.3,89.3122,89.3122,89.4034,-0.0913,-0.0912,0.0000
7615,999.8,666.9,89.3059,89.3060,89.3969,-0.0909,-0.0909,0.0000
7616,1003.6,363.9,89.2997,89.2998,89.3906,-0.0909,-0.0909,0.0000
7617,997.9,352.0,89.2935,89.2935,89.3842,-0.0907,-0.0907,0.0000
7618,996.6,867.2,89.2873,89.2873,89.3779,-0.0906,-0.0905,0.0000
7619,1002.4,306.2,89.2811,89.2811,89.3709,-0.0899,-0.0898,0.0000
7620,1000.0,280.1,89.2749,89.2749,89.3645,-0.0896,-0.0896,0.0000
7621,1027.1,284.9,89.2687,89.2687,89.3580,-0.0893,-0.0893,0.0000
7622,1004.4,322.6,89.2625,89.2625,89.3515,-0.0890,-0.0890,0.0000
7623,1005.7,344.4,89.2562,89.2563,89.3442,-0.0880,-0.0880,0.0000
7624,975.5,652.3,89.2500,89.2501,89.3375,-0.0874,-0.0874,0.0000
7625,989.9,332.8,89.2438,89.2439,89.3308,-0.0870,-0.0870,0.0000
7626,995.0,325.6,89.2376,89.2377,89.3242,-0.0866,-0.0866,0.0000
7627,1018.4,642.7,89.2314,89.2315,89.3170,-0.0856,-0.0856,0.0000
7628,981.4,299.2,89.2252,89.2253,89.3104,-0.0852,-0.0851,0.0000
7629,1024.1,341.1,89.2190,89.2191,89.3038,-0.0848,-0.0847,0.0000
7630,975.5,633.0,89.2128,89.2129,89.2973,-0.0845,-0.0845,0.0000
7631,1000.0,269.0,89.2066,89.2067,89.2907,-0.0841,-0.0841,0.0000
7632,1020.8,319.7,89.2004,89.2005,89.2849,-0.0845,-0.0844,0.0000
7633,986.4,626.4,89.1942,89.1943,89.2791,-0.0849,-0.0848,0.0000
7634,993.5,296.3,89.1880,89.1881,89.2732,-0.0852,-0.0851,0.0000
7635,1019.1,297.2,89.1818,89.1819,89.2668,-0.0850,-0.0850,0.0000
7636,989.7,289.4,89.1756,89.1757,89.2608,-0.0852,-0.0851,0.0000
7637,1000.6,577.0,89.1695,89.1695,89.2547,-0.0852,-0.0852,0.0000
7638,999.5,300.7,89.1633,89.1633,89.2487,-0.0854,-0.0854,0.0000
7639,993.8,339.6,89.1571,89.1571,89.2424,-0.0853,-0.0853,0.0000
7640,1115.3,548.3,89.1509,89.1509,89.2365,-0.0856,-0.0855,0.0000
7641,899.6,351.3,89.1447,89.1447,89.2305,-0.0858,-0.0857,0.0000
7642,1008.8,303.4,89.1385,89.1386,89.2244,-0.0859,-0.0859,0.0001
7643,991.0,294.1,89.1323,89.1324,89.2183,-0.0860,-0.0859,0.0001
7644,993.9,340.5,89.1262,89.1262,89.2119,-0.0857,-0.0857,0.0001
7645,1007.9,418.4,89.1200,89.1200,89.2060,-0.0860,-0.0860,0.0001
7646,989.6,299.7,89.1138,89.1138,89.2003,-0.0866,-0.0865,0.0001
7647,1003.7,341.0,89.1076,89.1077,89.1944,-0.0868,-0.0867,0.0001
7648,997.5,293.1,89.1014,89.1015,89.1889,-0.0875,-0.0874,0.0001
7649,1033.2,327.0,89.0953,89.0953,89.1834,-0.0882,-0.0881,0.0001
7650,967.3,302.6,89.0891,89.0892,89.1779,-0.0888,-0.0887,0.0001
7651,1001.2,290.5,89.0829,89.0830,89.1723,-0.0894,-0.0893,0.0001
7652,1055.5,303.1,89.0768,89.0768,89.1665,-0.0897,-0.0897,0.0001
7653,949.1,301.9,89.0706,89.0706,89.1611,-0.0905,-0.0905,0.0001
7654,1008.5,313.7,89.0644,89.0645,89.1559,-0.0914,-0.0914,0.0001
7655,986.9,309.3,89.0583,89.0583,89.1501,-0.0918,-0.0918,0.0001
7656,999.2,321.2,89.0521,89.0522,89.1444,-0.0923,-0.0923,0.0001
7657,1002.6,317.8,89.0459,89.0460,89.1386,-0.0927,-0.0927,0.0001
7658,990.8,367.8,89.0398,89.0398,89.1327,-0.0929,-0.0928,0.0001
7659,1005.1,336.2,89.0336,89.0337,89.1262,-0.0926,-0.0925,0.0001
7660,994.3,316.1,89.0275,89.0275,89.1202,-0.0927,-0.0927,0.0001
7661,1003.5,299.2,89.0213,89.0214,89.1141,-0.0928,-0.0927,0.0001
7662,1016.8,293.9,89.0151,89.0152,89.1078,-0.0927,-0.0926,0.0001
7663,1043.7,638.7,89.0090,89.0091,89.1010,-0.0920,-0.0920,0.0001
7664,958.3,335.1,89.0028,89.0029,89.0946,-0.0917,-0.0916,0.0001
7665,995.3,626.4,88.9967,88.9968,89.0881,-0.0914,-0.0914,0.0001
7666,985.5,360.1,88.9905,88.9906,89.0817,-0.0911,-0.0911,0.0001
7667,999.3,319.1,88.9844,88.9845,89.0749,-0.0905,-0.0904,0.0001
7668,1002.2,589.6,88.9782,88.9783,89.0683,-0.0901,-0.0900,0.0001
7669,1288.5,441.9,88.9721,88.9722,89.0617,-0.0896,-0.0896,0.0001
7670,720.5,306.1,88.9660,88.9660,89.0551,-0.0892,-0.0891,0.0001
7671,999.7,309.5,88.9598,88.9599,89.0472,-0.0874,-0.0873,0.0001
7672,1006.7,324.3,88.9537,88.9538,89.0418,-0.0882,-0.0881,0.0001
7673,992.3,311.4,88.9476,88.9476,89.0347,-0.0871,-0.0871,0.0001
7674,999.0,322.9,88.9414,88.9415,89.0287,-0.0873,-0.0872,0.0001
7675,1001.4,300.3,88.9353,88.9354,89.0221,-0.0868,-0.0867,0.0001
7676,1004.2,292.7,88.9292,88.9292,89.0156,-0.0864,-0.0863,0.0001
7677,994.1,638.9,88.9230,88.9231,89.0090,-0.0860,-0.0859,0.0001
7678,993.4,319.4,88.9169,88.9170,89.0019,-0.0850,-0.0850,0.0001
7679,1006.8,319.0,88.9108,88.9109,88.9956,-0.0848,-0.0847,0.0001
7680,1006.9,296.6,88.9046,88.9047,88.9893,-0.0846,-0.0846,0.0001
7681,992.5,278.1,88.8985,88.8986,88.9830,-0.0845,-0.0844,0.0001
7682,1021.7,316.2,88.8924,88.8925,88.9767,-0.0843,-0.0842,0.0001
7683,975.5,622.5,88.8863,88.8864,88.9698,-0.0835,-0.0834,0.0001
7684,1008.8,304.7,88.8802,88.8803,88.9634,-0.0832,-0.0831,0.0001
7685,991.7,313.7,88.8741,88.8741,88.9570,-0.0829,-0.0828,0.0001
7686,1184.4,533.6,88.8679,88.8680,88.9508,-0.0828,-0.0827,0.0001
7687,812.7,317.5,88.8618,88.8619,88.9442,-0.0824,-0.0823,0.0001
7688,1014.5,299.0,88.8557,88.8558,88.9382,-0.0825,-0.0824,0.0001
7689,1030.2,713.4,88.8496,88.8497,88.9323,-0.0827,-0.0826,0.0001
7690,974.2,352.6,88.8435,88.8436,88.9265,-0.0830,-0.0829,0.0001
7691,1000.9,642.1,88.8374,88.8375,88.9206,-0.0832,-0.0831,0.0001
7692,992.3,635.0,88.8313,88.8314,88.9154,-0.0841,-0.0841,0.0001
7693,986.4,323.4,88.8252,88.8253,88.9154,-0.0902,-0.0902,0.0001
7694,1020.3,345.7,88.8191,88.8192,88.9104,-0.0913,-0.0912,0.0001
7695,984.4,654.4,88.8130,88.8131,88.9054,-0.0924,-0.0923,0.0001
7696,1020.1,332.7,88.8069,88.8070,88.8999,-0.0930,-0.0929,0.0001
7697,982.5,324.3,88.8008,88.8009,88.8946,-0.0938,-0.0937,0.0001
7698,1008.4,342.8,88.7947,88.7948,88.8890,-0.0943,-0.0942,0.0001
7699,997.6,310.0,88.7886,88.7887,88.8828,-0.0942,-0.0941,0.0001
7700,1001.3,384.6,88.7826,88.7827,88.8769,-0.0944,-0.0943,0.0001
7701,1007.8,336.4,88.7765,88.7766,88.8711,-0.0946,-0.0945,0.0001
7702,986.7,330.3,88.7704,88.7705,88.8653,-0.0949,-0.0948,0.0001
7703,1005.4,332.4,88.7643,88.7644,88.8594,-0.0951,-0.0950,0.0001
7704,994.9,341.9,88.7582,88.7583,88.8529,-0.0946,-0.0945,0.0001
7705,996.2,314.3,88.7521,88.7523,88.8465,-0.0943,-0.0942,0.0001
7706,1007.9,329.8,88.7461,88.7462,88.8401,-0.0940,-0.0939,0.0001
7707,1002.2,344.3,88.7400,88.7401,88.8337,-0.0937,-0.0936,0.0001
7708,996.7,314.9,88.7339,88.7340,88.8268,-0.0928,-0.0927,0.0001
7709,997.6,356.6,88.7279,88.7280,88.8202,-0.0923,-0.0922,0.0001
7710,995.3,363.4,88.7218,88.7219,88.8135,-0.0917,-0.0916,0.0001
7711,1027.2,338.8,88.7157,88.7158,88.8068,-0.0911,-0.0910,0.0001
7712,1015.8,598.4,88.7097,88.7098,88.7997,-0.0900,-0.0899,0.0001
7713,960.6,318.6,88.7036,88.7037,88.7931,-0.0895,-0.0894,0.0001
7714,995.9,356.5,88.6975,88.6977,88.7866,-0.0891,-0.0890,0.0001
7715,1008.3,701.5,88.6915,88.6916,88.7802,-0.0887,-0.0886,0.0001
7716,1010.9,370.2,88.6854,88.6856,88.7733,-0.0879,-0.0878,0.0001
7717,993.3,401.6,88.6794,88.6795,88.7669,-0.0875,-0.0874,0.0001
7718,992.2,656.4,88.6733,88.6735,88.7603,-0.0870,-0.0869,0.0001
7719,997.6,400.8,88.6673,88.6674,88.7536,-0.0863,-0.0862,0.0001
7720,999.9,375.0,88.6612,88.6614,88.7465,-0.0852,-0.0851,0.0001
7721,1007.0,786.1,88.6552,88.6553,88.7398,-0.0846,-0.0845,0.0001
7722,996.4,371.4,88.6492,88.6493,88.7332,-0.0841,-0.0840,0.0001
7723,1025.4,345.9,88.6431,88.6432,88.7265,-0.0834,-0.0833,0.0001
7724,972.7,311.6,88.6371,88.6372,88.7193,-0.0822,-0.0821,0.0001
7725,990.2,310.1,88.6310,88.6312,88.7127,-0.0816,-0.0815,0.0001
7726,1019.5,325.1,88.6250,88.6251,88.7063,-0.0813,-0.0812,0.0001
7727,975.6,372.0,88.6190,88.6191,88.7001,-0.0811,-0.0810,0.0001
7728,1001.1,319.9,88.6130,88.6131,88.6937,-0.0808,-0.0806,0.0001
7729,1000.1,414.8,88.6069,88.6071,88.6879,-0.0810,-0.0808,0.0001
7730,1005.4,348.7,88.6009,88.6010,88.6821,-0.0811,-0.0810,0.0001
7731,993.1,324.9,88.5949,88.5950,88.6763,-0.0814,-0.0813,0.0001
7732,999.9,318.0,88.5889,88.5890,88.6702,-0.0814,-0.0812,0.0001
7733,1006.9,325.4,88.5828,88.5830,88.6649,-0.0820,-0.0819,0.0001
7734,998.7,328.3,88.5768,88.5770,88.6598,-0.0830,-0.0828,0.0001
7735,1021.7,315.7,88.5708,88.5710,88.6548,-0.0840,-0.0838,0.0001
7736,1001.0,322.4,88.5648,88.5649,88.6495,-0.0846,-0.0845,0.0001
7737,985.5,335.8,88.5588,88.5589,88.6443,-0.0855,-0.0854,0.0001
7738,1004.6,308.8,88.5528,88.5529,88.6390,-0.0862,-0.0861,0.0001
7739,997.7,628.4,88.5468,88.5469,88.6334,-0.0866,-0.0865,0.0001
7740,992.0,369.2,88.5408,88.5409,88.6283,-0.0875,-0.0873,0.0001
7741,1010.1,399.4,88.5348,88.5349,88.6231,-0.0883,-0.0882,0.0001
7742,999.9,698.1,88.5288,88.5289,88.6180,-0.0892,-0.0890,0.0001
7743,996.3,336.2,88.5228,88.5230,88.6124,-0.0896,-0.0894,0.0001
7744,1010.5,340.4,88.5168,88.5170,88.6072,-0.0903,-0.0902,0.0001
7745,1002.6,844.6,88.5108,88.5110,88.6018,-0.0909,-0.0908,0.0001
7746,978.2,316.6,88.5048,88.5050,88.5961,-0.0913,-0.0912,0.0001
7747,1000.2,338.4,88.4989,88.4990,88.5901,-0.0912,-0.0911,0.0002
7748,1011.3,604.1,88.4929,88.4930,88.5844,-0.0915,-0.0913,0.0002
7749,987.8,310.2,88.4869,88.4870,88.5785,-0.0916,-0.0914,0.0002
7750,996.0,306.5,88.4809,88.4811,88.5727,-0.0918,-0.0916,0.0002
7751,1023.2,316.4,88.4749,88.4751,88.5663,-0.0914,-0.0912,0.0002
7752,987.9,320.4,88.4690,88.4691,88.5602,-0.0912,-0.0910,0.0002
7753,1014.8,320.0,88.4630,88.4632,88.5539,-0.0909,-0.0908,0.0002
7754,982.2,654.1,88.4570,88.4572,88.5477,-0.0907,-0.0905,0.0002
7755,1000.1,324.6,88.4511,88.4512,88.5410,-0.0899,-0.0898,0.0002
7756,1000.5,300.6,88.4451,88.4453,88.5349,-0.0898,-0.0897,0.0002
7757,1036.4,614.3,88.4391,88.4393,88.5289,-0.0897,-0.0896,0.0002
7758,963.7,330.9,88.4332,88.4334,88.5227,-0.0895,-0.0893,0.0002
7759,998.3,324.2,88.4272,88.4274,88.5159,-0.0886,-0.0885,0.0002
7760,1010.1,323.7,88.4213,88.4214,88.5093,-0.0880,-0.0879,0.0002
7761,999.8,289.9,88.4153,88.4155,88.5028,-0.0875,-0.0873,0.0002
7762,997.2,310.7,88.4094,88.4096,88.4964,-0.0870,-0.0868,0.0002
7763,1009.7,383.8,88.4034,88.4036,88.4896,-0.0861,-0.0860,0.0002
7764,1008.6,412.7,88.3975,88.3977,88.4832,-0.0857,-0.0855,0.0002
7765,990.3,657.1,88.3916,88.3917,88.4766,-0.0850,-0.0848,0.0002
7766,1009.9,392.3,88.3856,88.3858,88.4699,-0.0842,-0.0841,0.0002
7767,984.8,332.5,88.3797,88.3799,88.4627,-0.0830,-0.0828,0.0002
7768,997.2,328.3,88.3738,88.3739,88.4560,-0.0823,-0.0821,0.0002
7769,989.9,314.4,88.3678,88.3680,88.4494,-0.0815,-0.0814,0.0002
7770,1000.3,318.5,88.3619,88.3621,88.4429,-0.0810,-0.0808,0.0002
7771,1023.6,491.0,88.3560,88.3562,88.4360,-0.0800,-0.0799,0.0002
7772,970.6,348.1,88.3501,88.3502,88.4297,-0.0796,-0.0794,0.0002
7773,1002.2,463.5,88.3441,88.3443,88.4234,-0.0793,-0.0791,0.0002
7774,997.7,372.7,88.3382,88.3384,88.4173,-0.0791,-0.0789,0.0002
7775,999.0,439.8,88.3323,88.3325,88.4110,-0.0787,-0.0785,0.0002
7776,1001.0,347.9,88.3264,88.3266,88.4054,-0.0790,-0.0788,0.0002
7777,997.9,667.9,88.3205,88.3207,88.4000,-0.0795,-0.0793,0.0002
7778,1000.2,379.2,88.3146,88.3148,88.3944,-0.0798,-0.0796,0.0002
7779,999.6,326.9,88.3087,88.3089,88.3885,-0.0798,-0.0797,0.0002
7780,1018.9,339.5,88.3028,88.3030,88.3829,-0.0801,-0.0799,0.0002
7781,1166.4,334.7,88.2969,88.2971,88.3774,-0.0805,-0.0803,0.0002
7782,822.4,341.8,88.2910,88.2912,88.3718,-0.0808,-0.0806,0.0002
7783,1008.7,341.5,88.2851,88.2853,88.3658,-0.0806,-0.0805,0.0002
7784,987.1,553.1,88.2792,88.2794,88.3601,-0.0809,-0.0807,0.0002
7785,1000.8,343.2,88.2733,88.2735,88.3545,-0.0811,-0.0809,0.0002
7786,999.3,326.4,88.2674,88.2676,88.3489,-0.0814,-0.0812,0.0002
7787,1006.8,316.0,88.2616,88.2618,88.3428,-0.0812,-0.0810,0.0002
7788,1012.4,294.9,88.2557,88.2559,88.3370,-0.0813,-0.0811,0.0002
7789,982.7,658.4,88.2498,88.2500,88.3314,-0.0816,-0.0814,0.0002
7790,1001.4,362.6,88.2439,88.2441,88.3260,-0.0821,-0.0819,0.0002
7791,1009.4,337.3,88.2381,88.2383,88.3201,-0.0820,-0.0818,0.0002
7792,987.9,357.3,88.2322,88.2324,88.3146,-0.0824,-0.0822,0.0002
7793,999.7,340.2,88.2263,88.2266,88.3091,-0.0828,-0.0826,0.0002
7794,1011.9,292.5,88.2205,88.2207,88.3036,-0.0831,-0.0829,0.0002
7795,998.5,301.7,88.2146,88.2148,88.2976,-0.0829,-0.0827,0.0002
7796,1007.8,287.3,88.2088,88.2090,88.2921,-0.0833,-0.0831,0.0002
7797,1012.1,317.1,88.2029,88.2031,88.2869,-0.0840,-0.0838,0.0002
7798,999.2,308.9,88.1971,88.1973,88.2817,-0.0846,-0.0844,0.0002
7799,993.0,293.8,88.1912,88.1914,88.2759,-0.0847,-0.0845,0.0002
7800,1003.8,303.3,88.1854,88.1856,88.2704,-0.0850,-0.0848,0.0002
7801,985.5,341.6,88.1795,88.1798,88.2647,-0.0852,-0.0849,0.0002
7802,1000.9,348.2,88.1737,88.1739,88.2590,-0.0853,-0.0850,0.0002
7803,998.8,346.7,88.1679,88.1681,88.2527,-0.0848,-0.0846,0.0002
7804,1019.6,617.1,88.1620,88.1623,88.2467,-0.0847,-0.0845,0.0002
7805,991.4,299.4,88.1562,88.1564,88.2409,-0.0847,-0.0844,0.0002
7806,989.7,305.7,88.1504,88.1506,88.2351,-0.0847,-0.0845,0.0002
7807,1000.5,595.9,88.1446,88.1448,88.2287,-0.0841,-0.0839,0.0002
7808,994.4,307.8,88.1387,88.1390,88.2225,-0.0837,-0.0835,0.0002
7809,1004.3,319.5,88.1329,88.1332,88.2162,-0.0833,-0.0831,0.0002
7810,1013.2,601.4,88.1271,88.1273,88.2100,-0.0829,-0.0826,0.0002
7811,982.6,322.5,88.1213,88.1215,88.2033,-0.0820,-0.0818,0.0002
7812,1013.2,336.0,88.1155,88.1157,88.1973,-0.0818,-0.0816,0.0002
7813,996.4,693.5,88.1097,88.1099,88.1914,-0.0817,-0.0815,0.0002
7814,1004.5,297.6,88.1039,88.1041,88.1854,-0.0815,-0.0813,0.0002
7815,999.6,355.3,88.0981,88.0983,88.1789,-0.0808,-0.0806,0.0002
7816,999.3,689.5,88.0923,88.0925,88.1729,-0.0806,-0.0803,0.0002
7817,996.7,432.2,88.0865,88.0867,88.1669,-0.0804,-0.0801,0.0002
7818,1004.3,316.7,88.0807,88.0810,88.1610,-0.0803,-0.0800,0.0002
7819,997.9,651.2,88.0749,88.0752,88.1548,-0.0799,-0.0797,0.0002
7820,989.7,310.0,88.0691,88.0694,88.1493,-0.0801,-0.0799,0.0003
7821,1001.4,666.6,88.0634,88.0636,88.1438,-0.0804,-0.0801,0.0003
7822,1006.6,673.4,88.0576,88.0578,88.1381,-0.0806,-0.0803,0.0003
7823,990.7,385.4,88.0518,88.0521,88.1319,-0.0801,-0.0799,0.0003
7824,1001.9,730.5,88.0460,88.0463,88.1262,-0.0802,-0.0799,0.0003
7825,1018.6,458.7,88.0403,88.0405,88.1205,-0.0802,-0.0800,0.0003
7826,1001.9,458.8,88.0345,88.0348,88.1148,-0.0803,-0.0801,0.0003
7827,1138.6,643.8,88.0287,88.0290,88.1088,-0.0801,-0.0798,0.0003
7828,853.6,386.9,88.0230,88.0232,88.1032,-0.0803,-0.0800,0.0003
7829,999.5,364.3,88.0172,88.0175,88.0975,-0.0803,-0.0800,0.0003
7830,1005.0,302.9,88.0115,88.0117,88.0918,-0.0803,-0.0801,0.0003
7831,980.4,327.4,88.0057,88.0060,88.0856,-0.0799,-0.0797,0.0003
7832,992.5,373.2,88.0000,88.0002,88.0801,-0.0801,-0.0798,0.0003
7833,998.1,361.7,87.9942,87.9945,88.0746,-0.0804,-0.0801,0.0003
7834,1000.5,503.1,87.9885,87.9888,88.0692,-0.0807,-0.0805,0.0003
7835,1003.8,496.2,87.9828,87.9830,88.0625,-0.0798,-0.0795,0.0003
7836,995.1,335.3,87.9770,87.9773,88.0578,-0.0808,-0.0805,0.0003
7837,1007.2,373.9,87.9713,87.9716,88.0523,-0.0810,-0.0807,0.0003
7838,995.2,341.4,87.9656,87.9658,88.0460,-0.0805,-0.0802,0.0003
7839,1007.6,630.6,87.9598,87.9601,88.0416,-0.0818,-0.0815,0.0003
7840,997.7,372.5,87.9541,87.9544,88.0354,-0.0813,-0.0810,0.0003
7841,996.4,386.5,87.9484,87.9487,88.0306,-0.0822,-0.0819,0.0003
7842,1005.2,689.0,87.9427,87.9430,88.0265,-0.0838,-0.0835,0.0003
7843,1000.5,392.9,87.9370,87.9373,88.0217,-0.0847,-0.0844,0.0003
7844,998.7,405.0,87.9313,87.9316,88.0154,-0.0842,-0.0839,0.0003
7845,994.8,781.8,87.9256,87.9259,88.0100,-0.0845,-0.0842,0.0003
7846,1027.1,335.6,87.9199,87.9202,88.0046,-0.0847,-0.0844,0.0003
7847,990.4,384.8,87.9142,87.9145,87.9991,-0.0850,-0.0847,0.0003
7848,999.8,328.1,87.9085,87.9088,87.9933,-0.0848,-0.0845,0.0003
7849,1003.8,312.7,87.9028,87.9031,87.9880,-0.0852,-0.0849,0.0003
7850,996.6,300.2,87.8971,87.8974,87.9826,-0.0855,-0.0852,0.0003
7851,993.1,352.3,87.8914,87.8917,87.9771,-0.0857,-0.0854,0.0003
7852,995.9,325.4,87.8857,87.8860,87.9708,-0.0851,-0.0848,0.0003
7853,1007.7,343.8,87.8801,87.8804,87.9649,-0.0848,-0.0845,0.0003
7854,994.1,1095.1,87.8744,87.8747,87.9587,-0.0843,-0.0840,0.0003
7855,1101.7,330.1,87.8687,87.8690,87.9524,-0.0837,-0.0834,0.0003
7856,905.1,327.9,87.8631,87.8634,87.9458,-0.0827,-0.0824,0.0003
7857,1000.0,663.5,87.8574,87.8577,87.9397,-0.0823,-0.0820,0.0003
7858,991.7,334.6,87.8517,87.8520,87.9397,-0.0880,-0.0877,0.0003
7859,1071.1,289.0,87.8461,87.8464,87.9338,-0.0877,-0.0874,0.0003
7860,933.1,314.7,87.8404,87.8407,87.9277,-0.0873,-0.0870,0.0003
7861,1000.9,304.7,87.8348,87.8351,87.9212,-0.0864,-0.0861,0.0003
7862,1008.1,350.6,87.8291,87.8294,87.9148,-0.0857,-0.0854,0.0003
7863,1223.3,507.5,87.8235,87.8238,87.9084,-0.0850,-0.0846,0.0003
7864,763.6,340.0,87.8178,87.8182,87.9020,-0.0841,-0.0838,0.0003
7865,1000.5,375.7,87.8122,87.8125,87.8961,-0.0839,-0.0835,0.0003
7866,1014.8,697.7,87.8066,87.8069,87.8902,-0.0837,-0.0833,0.0003
7867,987.7,439.5,87.8009,87.8013,87.8844,-0.0835,-0.0831,0.0003
7868,1034.8,312.5,87.7953,87.7957,87.8782,-0.0829,-0.0825,0.0003
7869,970.6,690.6,87.7897,87.7900,87.8723,-0.0826,-0.0823,0.0003
7870,1006.4,315.8,87.7841,87.7844,87.8662,-0.0821,-0.0818,0.0003
7871,999.6,313.0,87.7785,87.7788,87.8601,-0.0816,-0.0813,0.0003
7872,988.1,643.7,87.7729,87.7732,87.8536,-0.0808,-0.0804,0.0003
7873,999.1,314.3,87.7673,87.7676,87.8476,-0.0803,-0.0800,0.0003
7874,1011.2,320.0,87.7616,87.7620,87.8414,-0.0798,-0.0794,0.0003
7875,1033.3,607.2,87.7560,87.7564,87.8352,-0.0791,-0.0788,0.0003
7876,976.2,465.2,87.7505,87.7508,87.8285,-0.0781,-0.0777,0.0003
7877,989.2,331.9,87.7449,87.7452,87.8224,-0.0776,-0.0772,0.0003
7878,996.8,648.4,87.7393,87.7396,87.8166,-0.0773,-0.0769,0.0003
7879,1006.0,334.8,87.7337,87.7340,87.8106,-0.0769,-0.0766,0.0003
7880,988.9,350.1,87.7281,87.7285,87.8044,-0.0763,-0.0759,0.0004
7881,1002.6,643.7,87.7225,87.7229,87.7986,-0.0761,-0.0757,0.0004
7882,995.1,328.7,87.7169,87.7173,87.7928,-0.0759,-0.0755,0.0004
7883,1051.8,323.4,87.7114,87.7117,87.7871,-0.0757,-0.0753,0.0004
7884,952.8,705.8,87.7058,87.7062,87.7810,-0.0752,-0.0748,0.0004
7885,997.0,325.1,87.7002,87.7006,87.7756,-0.0753,-0.0750,0.0004
7886,1024.5,370.5,87.6947,87.6950,87.7705,-0.0758,-0.0754,0.0004
7887,985.2,401.0,87.6891,87.6895,87.7655,-0.0764,-0.0760,0.0004
7888,990.9,373.5,87.6836,87.6839,87.7601,-0.0766,-0.0762,0.0004
7889,999.9,398.4,87.6780,87.6784,87.7549,-0.0769,-0.0765,0.0004
7890,1001.8,411.6,87.6725,87.6729,87.7497,-0.0772,-0.0768,0.0004
7891,1009.5,390.1,87.6669,87.6673,87.7443,-0.0774,-0.0770,0.0004
7892,998.9,343.0,87.6614,87.6618,87.7391,-0.0777,-0.0773,0.0004
7893,1005.3,618.7,87.6559,87.6562,87.7337,-0.0778,-0.0775,0.0004
7894,984.0,318.9,87.6503,87.6507,87.7287,-0.0784,-0.0780,0.0004
7895,1014.1,358.8,87.6448,87.6452,87.7237,-0.0789,-0.0785,0.0004
7896,989.5,321.7,87.6393,87.6397,87.7186,-0.0793,-0.0789,0.0004
7897,1028.2,316.7,87.6338,87.6342,87.7130,-0.0793,-0.0789,0.0004
7898,965.7,309.5,87.6283,87.6286,87.7076,-0.0794,-0.0790,0.0004
7899,1011.4,505.4,87.6227,87.6231,87.7023,-0.0795,-0.0791,0.0004
7900,995.4,623.7,87.6172,87.6176,87.6969,-0.0797,-0.0793,0.0004
7901,995.3,352.2,87.6117,87.6121,87.6912,-0.0795,-0.0791,0.0004
7902,1006.8,333.8,87.6062,87.6066,87.6858,-0.0796,-0.0792,0.0004
7903,988.8,315.8,87.6007,87.6011,87.6806,-0.0798,-0.0794,0.0004
7904,1017.3,316.4,87.5952,87.5956,87.6752,-0.0800,-0.0796,0.0004
7905,995.0,308.9,87.5898,87.5901,87.6694,-0.0796,-0.0792,0.0004
7906,989.9,339.1,87.5843,87.5847,87.6639,-0.0797,-0.0793,0.0004
7907,997.4,345.4,87.5788,87.5792,87.6584,-0.0796,-0.0792,0.0004
7908,999.6,361.7,87.5733,87.5737,87.6530,-0.0797,-0.0793,0.0004
7909,1024.6,309.1,87.5678,87.5682,87.6471,-0.0793,-0.0789,0.0004
7910,1041.9,292.8,87.5624,87.5628,87.6419,-0.0796,-0.0791,0.0004
7911,947.9,320.0,87.5569,87.5573,87.6368,-0.0799,-0.0795,0.0004
7912,1001.0,361.3,87.5514,87.5518,87.6317,-0.0803,-0.0799,0.0004
7913,1003.1,317.8,87.5460,87.5464,87.6261,-0.0801,-0.0797,0.0004
7914,986.7,341.2,87.5405,87.5409,87.6208,-0.0802,-0.0798,0.0004
7915,1001.5,372.6,87.5351,87.5355,87.6154,-0.0803,-0.0799,0.0004
7916,1000.4,696.9,87.5296,87.5300,87.6100,-0.0804,-0.0800,0.0004
7917,1007.2,366.0,87.5242,87.5246,87.6042,-0.0800,-0.0796,0.0004
7918,997.2,332.2,87.5187,87.5192,87.5987,-0.0800,-0.0796,0.0004
7919,1012.3,603.1,87.5133,87.5137,87.5933,-0.0800,-0.0796,0.0004
7920,1000.8,302.7,87.5079,87.5083,87.5878,-0.0800,-0.0795,0.0004
7921,983.9,299.6,87.5025,87.5029,87.5820,-0.0796,-0.0791,0.0004
7922,1008.5,813.5,87.4970,87.4975,87.5764,-0.0794,-0.0789,0.0004
7923,991.2,314.7,87.4916,87.4921,87.5706,-0.0790,-0.0786,0.0004
7924,1011.7,377.7,87.4862,87.4866,87.5648,-0.0786,-0.0782,0.0004
7925,989.6,671.1,87.4808,87.4812,87.5590,-0.0782,-0.0778,0.0004
7926,1000.5,308.9,87.4754,87.4758,87.5528,-0.0774,-0.0770,0.0004
7927,996.6,403.2,87.4700,87.4704,87.5471,-0.0771,-0.0766,0.0004
7928,994.5,800.3,87.4646,87.4650,87.5413,-0.0767,-0.0763,0.0004
7929,1019.2,337.4,87.4592,87.4596,87.5348,-0.0756,-0.0752,0.0004
7930,1041.0,323.9,87.4538,87.4543,87.5289,-0.0751,-0.0747,0.0004
7931,966.4,626.1,87.4484,87.4489,87.5232,-0.0748,-0.0743,0.0004
7932,980.4,351.0,87.4430,87.4435,87.5175,-0.0745,-0.0740,0.0005
7933,1000.3,351.2,87.4377,87.4381,87.5117,-0.0740,-0.0736,0.0005
7934,999.8,1058.6,87.4323,87.4327,87.5065,-0.0742,-0.0738,0.0005
7935,1066.3,314.9,87.4269,87.4274,87.5013,-0.0744,-0.0740,0.0005
7936,942.0,328.5,87.4215,87.4220,87.4961,-0.0746,-0.0741,0.0005
7937,1013.2,634.9,87.4162,87.4166,87.4904,-0.0742,-0.0737,0.0005
7938,996.4,316.0,87.4108,87.4113,87.4848,-0.0740,-0.0735,0.0005
7939,998.8,334.3,87.4055,87.4059,87.4793,-0.0738,-0.0733,0.0005
7940,1025.6,643.2,87.4001,87.4006,87.4739,-0.0738,-0.0733,0.0005
7941,968.0,381.0,87.3948,87.3953,87.4682,-0.0734,-0.0730,0.0005
7942,1008.5,328.8,87.3894,87.3899,87.4630,-0.0735,-0.0731,0.0005
7943,986.8,658.8,87.3841,87.3846,87.4578,-0.0737,-0.0732,0.0005
7944,990.1,340.4,87.3788,87.3793,87.4525,-0.0737,-0.0733,0.0005
7945,1002.0,391.6,87.3734,87.3739,87.4468,-0.0734,-0.0729,0.0005
7946,994.7,703.6,87.3681,87.3686,87.4414,-0.0733,-0.0728,0.0005
7947,1005.6,328.0,87.3628,87.3633,87.4360,-0.0732,-0.0727,0.0005
7948,995.2,384.8,87.3575,87.3580,87.4306,-0.0732,-0.0727,0.0005
7949,999.0,412.1,87.3522,87.3527,87.4250,-0.0729,-0.0724,0.0005
7950,1000.1,398.2,87.3469,87.3474,87.4200,-0.0731,-0.0726,0.0005
7951,1007.6,385.2,87.3416,87.3421,87.4150,-0.0734,-0.0729,0.0005
7952,995.9,371.8,87.3363,87.3368,87.4099,-0.0737,-0.0732,0.0005
7953,998.0,350.6,87.3310,87.3315,87.4045,-0.0736,-0.0731,0.0005
7954,1013.0,472.5,87.3257,87.3262,87.3994,-0.0737,-0.0732,0.0005
7955,993.2,367.2,87.3204,87.3209,87.3944,-0.0740,-0.0735,0.0005
7956,1002.2,318.9,87.3151,87.3156,87.3894,-0.0743,-0.0738,0.0005
7957,999.7,329.3,87.3098,87.3103,87.3843,-0.0744,-0.0739,0.0005
7958,1062.4,289.2,87.3046,87.3051,87.3794,-0.0749,-0.0743,0.0005
7959,1401.4,367.7,87.2993,87.2998,87.3747,-0.0754,-0.0749,0.0005
7960,545.1,325.2,87.2940,87.2945,87.3699,-0.0759,-0.0754,0.0005
7961,985.7,336.0,87.2888,87.2893,87.3648,-0.0760,-0.0755,0.0005
7962,1017.3,323.9,87.2835,87.2840,87.3598,-0.0763,-0.0758,0.0005
7963,992.0,330.9,87.2783,87.2788,87.3547,-0.0765,-0.0759,0.0005
7964,1135.5,368.7,87.2730,87.2735,87.3497,-0.0766,-0.0761,0.0005
7965,883.7,370.4,87.2678,87.2683,87.3441,-0.0763,-0.0758,0.0005
7966,980.2,659.0,87.2625,87.2631,87.3389,-0.0763,-0.0758,0.0005
7967,992.6,376.1,87.2573,87.2578,87.3336,-0.0763,-0.0757,0.0005
7968,998.6,361.6,87.2521,87.2526,87.3282,-0.0762,-0.0756,0.0005
7969,1008.1,391.6,87.2468,87.2474,87.3224,-0.0756,-0.0750,0.0005
7970,989.3,386.1,87.2416,87.2422,87.3169,-0.0753,-0.0748,0.0005
7971,998.5,377.1,87.2364,87.2369,87.3114,-0.0750,-0.0745,0.0005
7972,1007.5,347.0,87.2312,87.2317,87.3058,-0.0746,-0.0741,0.0005
7973,1000.8,378.1,87.2260,87.2265,87.2998,-0.0738,-0.0733,0.0005
7974,999.4,352.3,87.2208,87.2213,87.2944,-0.0736,-0.0731,0.0005
7975,994.3,346.9,87.2156,87.2161,87.2890,-0.0734,-0.0729,0.0005
7976,1026.5,318.2,87.2104,87.2109,87.2835,-0.0731,-0.0726,0.0005
7977,990.0,334.8,87.2052,87.2057,87.2775,-0.0723,-0.0717,0.0005
7978,991.4,377.7,87.2000,87.2006,87.2718,-0.0718,-0.0713,0.0006
7979,998.2,366.0,87.1948,87.1954,87.2662,-0.0714,-0.0708,0.0006
7980,999.7,356.6,87.1897,87.1902,87.2606,-0.0709,-0.0704,0.0006
7981,1012.8,317.8,87.1845,87.1850,87.2548,-0.0703,-0.0698,0.0006
7982,982.4,347.4,87.1793,87.1799,87.2495,-0.0702,-0.0697,0.0006
7983,1014.7,375.6,87.1742,87.1747,87.2443,-0.0702,-0.0696,0.0006
7984,986.3,635.0,87.1690,87.1696,87.2392,-0.0702,-0.0696,0.0006
7985,1006.6,318.5,87.1638,87.1644,87.2335,-0.0697,-0.0691,0.0006
7986,1017.6,285.4,87.1587,87.1593,87.2281,-0.0694,-0.0688,0.0006
7987,973.0,655.5,87.1535,87.1541,87.2226,-0.0691,-0.0685,0.0006
7988,999.2,324.6,87.1484,87.1490,87.2171,-0.0687,-0.0681,0.0006
7989,1020.7,345.5,87.1433,87.1438,87.2118,-0.0685,-0.0679,0.0006
7990,983.2,686.7,87.1381,87.1387,87.2062,-0.0681,-0.0675,0.0006
7991,1056.5,348.4,87.1330,87.1336,87.2012,-0.0682,-0.0676,0.0006
7992,953.8,365.3,87.1279,87.1285,87.1961,-0.0682,-0.0676,0.0006
7993,1012.3,637.0,87.1228,87.1234,87.1906,-0.0678,-0.0673,0.0006
7994,977.9,360.9,87.1177,87.1182,87.1854,-0.0678,-0.0672,0.0006
7995,1001.8,338.7,87.1125,87.1131,87.1802,-0.0677,-0.0671,0.0006
7996,995.4,299.1,87.1074,87.1080,87.1751,-0.0676,-0.0670,0.0006
7997,1011.1,327.4,87.1023,87.1029,87.1696,-0.0673,-0.0667,0.0006
7998,988.6,364.8,87.0973,87.0978,87.1648,-0.0675,-0.0669,0.0006
7999,999.3,711.2,87.0922,87.0928,87.1600,-0.0679,-0.0673,0.0006
8000,998.3,335.4,87.0871,87.0877,87.1553,-0.0682,-0.0676,0.0006
8001,1016.3,353.9,87.0820,87.0826,87.1503,-0.0683,-0.0677,0.0006
8002,1005.8,632.0,87.0769,87.0775,87.1456,-0.0687,-0.0681,0.0006
8003,985.3,312.9,87.0718,87.0725,87.1410,-0.0691,-0.0685,0.0006
8004,1001.2,392.3,87.0668,87.0674,87.1365,-0.0697,-0.0691,0.0006
8005,1001.9,666.2,87.0617,87.0623,87.1316,-0.0699,-0.0693,0.0006
8006,1009.3,330.5,87.0567,87.0573,87.1272,-0.0706,-0.0699,0.0006
8007,995.6,322.2,87.0516,87.0522,87.1231,-0.0715,-0.0709,0.0006
8008,993.1,660.2,87.0466,87.0472,87.1193,-0.0727,-0.0721,0.0006
8009,997.3,322.8,87.0415,87.0421,87.1146,-0.0731,-0.0724,0.0006
8010,989.6,361.6,87.0365,87.0371,87.1106,-0.0742,-0.0735,0.0006
8011,4010.2,425.1,87.0314,87.0321,87.0935,-0.0620,-0.0614,0.0006
8012,444.7,325.7,87.0264,87.0270,87.0935,-0.0671,-0.0664,0.0006
8013,327.8,261.9,87.0214,87.0220,87.0935,-0.0721,-0.0715,0.0006
8014,263.5,255.7,87.0164,87.0170,87.0891,-0.0728,-0.0721,0.0006
8015,257.4,385.5,87.0114,87.0120,87.0891,-0.0778,-0.0771,0.0006
8016,692.0,1035.0,87.0063,87.0070,87.0849,-0.0785,-0.0779,0.0006
8017,1039.1,333.8,87.0013,87.0020,87.0806,-0.0792,-0.0786,0.0006
8018,1007.0,315.6,86.9963,86.9970,87.0767,-0.0804,-0.0797,0.0006
8019,986.1,317.8,86.9913,86.9920,87.0729,-0.0815,-0.0809,0.0006
8020,988.7,318.4,86.9863,86.9870,87.0687,-0.0824,-0.0817,0.0006
8021,999.5,290.0,86.9814,86.9820,87.0636,-0.0822,-0.0815,0.0007
8022,3373.1,390.6,86.9764,86.9770,87.0474,-0.0710,-0.0704,0.0007
8023,396.7,297.5,86.9714,86.9721,87.0474,-0.0760,-0.0754,0.0007
8024,301.8,216.9,86.9664,86.9671,87.0416,-0.0752,-0.0746,0.0007
8025,221.3,778.6,86.9615,86.9621,87.0416,-0.0802,-0.0795,0.0007
8026,784.8,298.9,86.9565,86.9572,87.0416,-0.0851,-0.0845,0.0007
8027,920.2,350.4,86.9515,86.9522,87.0362,-0.0847,-0.0840,0.0007
8028,1001.2,311.2,86.9466,86.9473,87.0310,-0.0844,-0.0837,0.0007
8029,1000.7,328.1,86.9416,86.9423,87.0255,-0.0839,-0.0832,0.0007
8030,994.8,321.8,86.9367,86.9374,87.0203,-0.0836,-0.0829,0.0007
8031,1010.8,332.8,86.9318,86.9324,87.0146,-0.0828,-0.0822,0.0007
8032,989.3,340.3,86.9268,86.9275,87.0086,-0.0818,-0.0811,0.0007
8033,1004.3,351.2,86.9219,86.9226,87.0020,-0.0801,-0.0794,0.0007
8034,992.5,2690.1,86.9170,86.9177,86.9960,-0.0790,-0.0784,0.0007
8035,2696.6,852.3,86.9121,86.9127,86.9847,-0.0727,-0.0720,0.0007
8036,857.4,275.8,86.9071,86.9078,86.9789,-0.0718,-0.0711,0.0007
8037,279.8,297.6,86.9022,86.9029,86.9789,-0.0767,-0.0760,0.0007
8038,302.3,270.1,86.8973,86.8980,86.9735,-0.0761,-0.0754,0.0007
8039,864.7,351.1,86.8924,86.8931,86.9681,-0.0756,-0.0749,0.0007
8040,1008.0,4048.1,86.8875,86.8882,86.9626,-0.0751,-0.0744,0.0007
8041,4056.1,345.8,86.8827,86.8834,86.9405,-0.0578,-0.0571,0.0007
8042,350.9,309.3,86.8778,86.8785,86.9405,-0.0627,-0.0620,0.0007
8043,313.0,242.6,86.8729,86.8736,86.9405,-0.0676,-0.0669,0.0007
8044,246.2,272.4,86.8680,86.8687,86.9344,-0.0664,-0.0656,0.0007
8045,279.9,441.6,86.8632,86.8639,86.9344,-0.0712,-0.0705,0.0007
8046,760.3,723.4,86.8583,86.8590,86.9289,-0.0706,-0.0699,0.0007
8047,975.2,311.0,86.8534,86.8541,86.9237,-0.0703,-0.0696,0.0007
8048,1009.5,321.2,86.8486,86.8493,86.9186,-0.0701,-0.0693,0.0007
8049,998.5,845.1,86.8437,86.8444,86.9132,-0.0695,-0.0688,0.0007
8050,994.4,327.2,86.8389,86.8396,86.9081,-0.0692,-0.0684,0.0007
8051,1024.2,352.4,86.8340,86.8348,86.9025,-0.0685,-0.0678,0.0007
8052,979.2,649.5,86.8292,86.8299,86.8969,-0.0677,-0.0670,0.0007
8053,1442.4,282.9,86.8244,86.8251,86.8910,-0.0666,-0.0659,0.0007
8054,555.2,301.7,86.8196,86.8203,86.8856,-0.0661,-0.0654,0.0007
8055,997.4,620.0,86.8147,86.8155,86.8804,-0.0656,-0.0649,0.0007
8056,997.8,288.8,86.8099,86.8107,86.8752,-0.0653,-0.0645,0.0007
8057,1022.8,319.1,86.8051,86.8059,86.8698,-0.0647,-0.0639,0.0007
8058,982.0,650.0,86.8003,86.8011,86.8650,-0.0647,-0.0639,0.0007
8059,994.2,374.2,86.7955,86.7963,86.8604,-0.0648,-0.0641,0.0007
8060,999.6,347.5,86.7907,86.7915,86.8558,-0.0651,-0.0644,0.0007
8061,1005.5,334.6,86.7859,86.7867,86.8511,-0.0652,-0.0644,0.0007
8062,1003.6,340.7,86.7812,86.7819,86.8468,-0.0657,-0.0649,0.0008
8063,996.4,338.4,86.7764,86.7771,86.8426,-0.0662,-0.0655,0.0008
8064,1023.3,677.2,86.7716,86.7724,86.8381,-0.0665,-0.0657,0.0008
8065,989.7,362.8,86.7668,86.7676,86.8332,-0.0663,-0.0656,0.0008
8066,1003.2,369.9,86.7621,86.7628,86.8287,-0.0667,-0.0659,0.0008
8067,1014.0,648.9,86.7573,86.7581,86.8244,-0.0671,-0.0663,0.0008
8068,982.1,282.7,86.7526,86.7533,86.8197,-0.0671,-0.0664,0.0008
8069,1008.0,310.1,86.7478,86.7486,86.8153,-0.0675,-0.0667,0.0008
8070,997.0,638.7,86.7431,86.7438,86.8110,-0.0679,-0.0671,0.0008
8071,1003.1,290.2,86.7383,86.7391,86.8067,-0.0684,-0.0676,0.0008
8072,991.0,340.8,86.7336,86.7344,86.8024,-0.0688,-0.0680,0.0008
8073,999.2,332.6,86.7289,86.7297,86.7978,-0.0689,-0.0681,0.0008
8074,1005.5,309.9,86.7242,86.7249,86.7933,-0.0692,-0.0684,0.0008
8075,1004.5,328.2,86.7194,86.7202,86.7888,-0.0694,-0.0686,0.0008
8076,985.2,336.1,86.7147,86.7155,86.7844,-0.0696,-0.0689,0.0008
8077,1004.4,334.8,86.7100,86.7108,86.7798,-0.0698,-0.0690,0.0008
8078,997.4,338.3,86.7053,86.7061,86.7747,-0.0694,-0.0686,0.0008
8079,1012.5,571.9,86.7006,86.7014,86.7702,-0.0696,-0.0688,0.0008
8080,996.8,310.8,86.6959,86.6967,86.7656,-0.0696,-0.0688,0.0008
8081,994.6,342.1,86.6913,86.6921,86.7606,-0.0694,-0.0686,0.0008
8082,998.8,378.5,86.6866,86.6874,86.7560,-0.0695,-0.0687,0.0008
8083,1010.7,343.2,86.6819,86.6827,86.7512,-0.0693,-0.0685,0.0008
8084,995.8,327.7,86.6772,86.6780,86.7463,-0.0690,-0.0682,0.0008
8085,999.4,305.3,86.6726,86.6734,86.7408,-0.0682,-0.0674,0.0008
8086,994.6,339.6,86.6679,86.6687,86.7358,-0.0678,-0.0670,0.0008
8087,996.7,620.4,86.6633,86.6641,86.7309,-0.0676,-0.0668,0.0008
8088,1005.6,357.9,86.6586,86.6594,86.7261,-0.0675,-0.0667,0.0008
8089,1002.3,352.1,86.6540,86.6548,86.7212,-0.0672,-0.0664,0.0008
8090,991.8,690.2,86.6493,86.6502,86.7166,-0.0673,-0.0665,0.0008
8091,998.2,406.6,86.6447,86.6455,86.7119,-0.0672,-0.0664,0.0008
8092,1001.7,362.4,86.6401,86.6409,86.7070,-0.0670,-0.0661,0.0008
8093,1010.2,332.2,86.6355,86.6363,86.7020,-0.0666,-0.0657,0.0008
8094,994.7,326.2,86.6308,86.6317,86.6965,-0.0657,-0.0648,0.0008
8095,998.5,342.8,86.6262,86.6271,86.6913,-0.0651,-0.0643,0.0008
8096,1033.4,339.0,86.6216,86.6225,86.6863,-0.0647,-0.0638,0.0008
8097,973.5,374.0,86.6170,86.6179,86.6815,-0.0644,-0.0636,0.0008
8098,1001.4,372.5,86.6124,86.6133,86.6763,-0.0639,-0.0631,0.0008
8099,996.5,672.9,86.6078,86.6087,86.6717,-0.0638,-0.0630,0.0008
8100,1000.3,374.6,86.6033,86.6041,86.6669,-0.0636,-0.0627,0.0009
8101,993.8,342.8,86.5987,86.5995,86.6620,-0.0633,-0.0625,0.0009
8102,998.8,713.0,86.5941,86.5950,86.6566,-0.0625,-0.0616,0.0009
8103,1003.0,437.0,86.5895,86.5904,86.6514,-0.0619,-0.0610,0.0009
8104,1007.8,400.8,86.5850,86.5859,86.6463,-0.0613,-0.0605,0.0009
8105,986.4,688.5,86.5804,86.5813,86.6412,-0.0608,-0.0599,0.0009
8106,1010.5,370.8,86.5759,86.5767,86.6358,-0.0600,-0.0591,0.0009
8107,994.5,383.5,86.5713,86.5722,86.6311,-0.0598,-0.0589,0.0009
8108,996.3,703.3,86.5668,86.5677,86.6264,-0.0596,-0.0587,0.0009
8109,1004.5,369.8,86.5623,86.5631,86.6215,-0.0593,-0.0584,0.0009
8110,994.2,420.8,86.5577,86.5586,86.6163,-0.0585,-0.0577,0.0009
8111,1000.4,676.1,86.5532,86.5541,86.6115,-0.0583,-0.0574,0.0009
8112,998.2,347.2,86.5487,86.5496,86.6067,-0.0580,-0.0572,0.0009
8113,1008.1,333.4,86.5442,86.5451,86.6022,-0.0580,-0.0571,0.0009
8114,993.1,778.2,86.5397,86.5406,86.5975,-0.0579,-0.0570,0.0009
8115,1007.0,389.1,86.5352,86.5361,86.5934,-0.0582,-0.0573,0.0009
8116,995.8,426.2,86.5307,86.5316,86.5893,-0.0586,-0.0577,0.0009
8117,1197.0,594.1,86.5262,86.5271,86.5853,-0.0591,-0.0582,0.0009
8118,820.7,394.8,86.5217,86.5226,86.5811,-0.0594,-0.0585,0.0009
8119,980.5,454.9,86.5172,86.5181,86.5771,-0.0599,-0.0590,0.0009
8120,999.3,748.1,86.5128,86.5137,86.5731,-0.0604,-0.0595,0.0009
8121,1002.6,643.2,86.5083,86.5092,86.5690,-0.0607,-0.0598,0.0009
8122,1009.9,354.6,86.5038,86.5047,86.5645,-0.0607,-0.0598,0.0009
8123,1009.8,636.1,86.4994,86.5003,86.5604,-0.0610,-0.0601,0.0009
8124,977.5,355.1,86.4949,86.4958,86.5565,-0.0616,-0.0607,0.0009
8125,1008.0,347.0,86.4905,86.4914,86.5526,-0.0621,-0.0612,0.0009
8126,1001.7,634.1,86.4860,86.4870,86.5482,-0.0622,-0.0613,0.0009
8127,998.4,339.4,86.4816,86.4825,86.5441,-0.0625,-0.0616,0.0009
8128,993.7,324.5,86.4772,86.4781,86.5400,-0.0628,-0.0619,0.0009
8129,1003.0,690.0,86.4727,86.4737,86.5357,-0.0629,-0.0620,0.0009
8130,994.1,344.1,86.4683,86.4693,86.5311,-0.0628,-0.0618,0.0009
8131,1008.2,317.8,86.4639,86.4648,86.5268,-0.0629,-0.0620,0.0009
8132,1001.3,709.9,86.4595,86.4604,86.5226,-0.0631,-0.0621,0.0009
8133,995.7,316.3,86.4551,86.4560,86.5183,-0.0632,-0.0623,0.0009
8134,1000.1,338.5,86.4507,86.4517,86.5141,-0.0634,-0.0624,0.0009
8135,1003.0,373.6,86.4463,86.4473,86.5095,-0.0632,-0.0622,0.0009
8136,993.1,368.3,86.4419,86.4429,86.5054,-0.0634,-0.0625,0.0010
8137,999.5,390.9,86.4376,86.4385,86.5012,-0.0637,-0.0627,0.0010
8138,1002.7,620.3,86.4332,86.4341,86.4971,-0.0639,-0.0629,0.0010
8139,999.7,379.9,86.4288,86.4298,86.4927,-0.0639,-0.0629,0.0010
8140,1024.5,374.6,86.4245,86.4254,86.4885,-0.0641,-0.0631,0.0010
8141,976.8,422.7,86.4201,86.4211,86.4843,-0.0642,-0.0632,0.0010
8142,997.1,410.1,86.4158,86.4167,86.4800,-0.0643,-0.0633,0.0010
8143,1138.3,915.1,86.4114,86.4124,86.4754,-0.0640,-0.0631,0.0010
8144,924.2,302.2,86.4071,86.4080,86.4713,-0.0642,-0.0632,0.0010
8145,959.7,319.5,86.4027,86.4037,86.4673,-0.0646,-0.0636,0.0010
8146,1009.2,315.2,86.3984,86.3994,86.4634,-0.0650,-0.0641,0.0010
8147,979.1,356.5,86.3941,86.3951,86.4596,-0.0655,-0.0645,0.0010
8148,992.2,339.9,86.3898,86.3908,86.4554,-0.0657,-0.0647,0.0010
8149,1004.0,345.4,86.3855,86.3865,86.4514,-0.0659,-0.0650,0.0010
8150,1006.4,325.9,86.3812,86.3821,86.4471,-0.0659,-0.0649,0.0010
8151,989.6,341.4,86.3769,86.3779,86.4427,-0.0658,-0.0648,0.0010
8152,1007.0,392.0,86.3726,86.3736,86.4378,-0.0652,-0.0642,0.0010
8153,993.9,329.2,86.3683,86.3693,86.4330,-0.0647,-0.0637,0.0010
8154,1017.5,374.3,86.3640,86.3650,86.4284,-0.0644,-0.0634,0.0010
8155,1007.1,316.3,86.3597,86.3607,86.4238,-0.0641,-0.0631,0.0010
8156,990.1,337.0,86.3555,86.3565,86.4192,-0.0638,-0.0628,0.0010
8157,988.4,369.9,86.3512,86.3522,86.4143,-0.0631,-0.0621,0.0010
8158,1000.5,680.9,86.3469,86.3479,86.4096,-0.0627,-0.0616,0.0010
8159,1000.0,373.4,86.3427,86.3437,86.4048,-0.0621,-0.0611,0.0010
8160,1010.5,324.1,86.3384,86.3395,86.3995,-0.0611,-0.0600,0.0010
8161,985.3,327.6,86.3342,86.3352,86.3945,-0.0603,-0.0593,0.0010
8162,1004.3,373.1,86.3300,86.3310,86.3894,-0.0594,-0.0584,0.0010
8163,1009.1,518.6,86.3257,86.3268,86.3843,-0.0586,-0.0575,0.0010
8164,2034.2,338.4,86.3215,86.3225,86.3743,-0.0528,-0.0517,0.0010
8165,346.9,332.7,86.3173,86.3183,86.3743,-0.0570,-0.0559,0.0010
8166,599.5,1123.0,86.3131,86.3141,86.3696,-0.0566,-0.0555,0.0010
8167,1126.8,605.6,86.3089,86.3099,86.3650,-0.0561,-0.0551,0.0010
8168,876.6,339.0,86.3047,86.3057,86.3599,-0.0553,-0.0542,0.0010
8169,1358.6,402.2,86.3005,86.3015,86.3554,-0.0549,-0.0539,0.0010
8170,661.1,340.0,86.2963,86.2973,86.3509,-0.0546,-0.0535,0.0010
8171,981.9,334.0,86.2921,86.2932,86.3463,-0.0542,-0.0531,0.0011
8172,994.7,357.7,86.2879,86.2890,86.3414,-0.0534,-0.0524,0.0011
8173,1000.3,337.5,86.2838,86.2848,86.3369,-0.0532,-0.0521,0.0011
8174,1003.1,335.3,86.2796,86.2807,86.3327,-0.0531,-0.0520,0.0011
8175,993.1,325.1,86.2754,86.2765,86.3287,-0.0533,-0.0522,0.0011
8176,999.0,313.9,86.2713,86.2724,86.3245,-0.0532,-0.0521,0.0011
8177,1022.6,316.7,86.2671,86.2682,86.3204,-0.0533,-0.0522,0.0011
8178,984.3,300.6,86.2630,86.2641,86.3163,-0.0533,-0.0522,0.0011
8179,1013.2,654.8,86.2589,86.2599,86.3122,-0.0534,-0.0523,0.0011
8180,978.9,327.2,86.2547,86.2558,86.3077,-0.0529,-0.0518,0.0011
8181,1035.5,3003.4,86.2506,86.2517,86.3034,-0.0527,-0.0517,0.0011
8182,3010.2,302.6,86.2465,86.2476,86.2901,-0.0436,-0.0425,0.0011
8183,305.7,371.4,86.2424,86.2435,86.2901,-0.0477,-0.0466,0.0011
8184,374.5,236.6,86.2383,86.2394,86.2901,-0.0518,-0.0507,0.0011
8185,239.7,309.9,86.2342,86.2353,86.2901,-0.0559,-0.0548,0.0011
8186,1047.9,312.1,86.2301,86.2312,86.2825,-0.0524,-0.0513,0.0011
8187,1005.8,317.7,86.2260,86.2271,86.2788,-0.0528,-0.0517,0.0011
8188,986.2,632.1,86.2219,86.2230,86.2750,-0.0530,-0.0519,0.0011
8189,997.7,314.5,86.2179,86.2190,86.2714,-0.0535,-0.0524,0.0011
8190,997.8,396.2,86.2138,86.2149,86.2675,-0.0538,-0.0526,0.0011
8191,1000.7,683.4,86.2097,86.2108,86.2635,-0.0538,-0.0527,0.0011
8192,1006.4,325.0,86.2057,86.2068,86.2592,-0.0535,-0.0524,0.0011
8193,1010.5,333.3,86.2016,86.2027,86.2551,-0.0534,-0.0523,0.0011
8194,982.5,649.3,86.1976,86.1987,86.2510,-0.0535,-0.0523,0.0011
8195,1007.0,317.2,86.1935,86.1947,86.2471,-0.0536,-0.0524,0.0011
8196,999.4,318.9,86.1895,86.1906,86.2431,-0.0536,-0.0524,0.0011
8197,999.4,348.3,86.1855,86.1866,86.2393,-0.0538,-0.0527,0.0011
8198,1003.0,341.1,86.1815,86.1826,86.2354,-0.0540,-0.0529,0.0011
8199,992.0,340.9,86.1774,86.1786,86.2315,-0.0540,-0.0529,0.0011
8200,997.9,318.3,86.1734,86.1746,86.2272,-0.0538,-0.0526,0.0011
8201,1022.9,304.7,86.1694,86.1706,86.2272,-0.0578,-0.0566,0.0011
8202,976.7,341.2,86.1654,86.1666,86.2232,-0.0578,-0.0567,0.0011
8203,1002.9,336.0,86.1614,86.1626,86.2193,-0.0579,-0.0567,0.0011
8204,999.0,325.7,86.1575,86.1586,86.2152,-0.0578,-0.0566,0.0012
8205,1020.3,337.0,86.1535,86.1546,86.2115,-0.0580,-0.0568,0.0012
8206,977.2,313.5,86.1495,86.1507,86.2078,-0.0582,-0.0571,0.0012
8207,1001.3,3024.7,86.1455,86.1467,86.2042,-0.0587,-0.0575,0.0012
8208,3027.6,351.9,86.1416,86.1428,86.1939,-0.0523,-0.0512,0.0012
8209,354.0,440.0,86.1376,86.1388,86.1939,-0.0563,-0.0551,0.0012
8210,442.1,282.1,86.1337,86.1349,86.1939,-0.0602,-0.0591,0.0012
8211,284.2,348.9,86.1297,86.1309,86.1903,-0.0606,-0.0594,0.0012
8212,911.9,376.8,86.1258,86.1270,86.1863,-0.0605,-0.0594,0.0012
8213,990.4,353.6,86.1219,86.1231,86.1827,-0.0609,-0.0597,0.0012
8214,1011.4,455.8,86.1180,86.1191,86.1793,-0.0613,-0.0601,0.0012
8215,986.4,373.3,86.1140,86.1152,86.1759,-0.0618,-0.0606,0.0012
8216,995.2,376.9,86.1101,86.1113,86.1721,-0.0619,-0.0607,0.0012
8217,1008.9,612.5,86.1062,86.1074,86.1684,-0.0622,-0.0610,0.0012
8218,989.3,328.7,86.1023,86.1035,86.1646,-0.0623,-0.0611,0.0012
8219,1006.1,359.8,86.0984,86.0996,86.1607,-0.0622,-0.0610,0.0012
8220,999.2,337.0,86.0946,86.0958,86.1565,-0.0620,-0.0608,0.0012
8221,1002.0,305.8,86.0907,86.0919,86.1526,-0.0620,-0.0608,0.0012
8222,1013.7,330.0,86.0868,86.0880,86.1487,-0.0619,-0.0607,0.0012
8223,978.4,315.0,86.0829,86.0842,86.1447,-0.0618,-0.0605,0.0012
8224,1020.8,316.6,86.0791,86.0803,86.1402,-0.0611,-0.0599,0.0012
8225,982.1,325.6,86.0752,86.0764,86.1359,-0.0606,-0.0594,0.0012
8226,1021.4,304.5,86.0714,86.0726,86.1316,-0.0602,-0.0590,0.0012
8227,976.3,322.3,86.0675,86.0688,86.1272,-0.0597,-0.0584,0.0012
8228,1022.3,318.5,86.0637,86.0649,86.1226,-0.0589,-0.0576,0.0012
8229,976.8,331.5,86.0599,86.0611,86.1183,-0.0584,-0.0572,0.0012
8230,1005.2,319.2,86.0560,86.0573,86.1141,-0.0580,-0.0568,0.0012
8231,1013.2,299.6,86.0522,86.0535,86.1099,-0.0576,-0.0564,0.0012
8232,1000.2,629.9,86.0484,86.0497,86.1053,-0.0569,-0.0556,0.0012
8233,980.9,298.5,86.0446,86.0459,86.1011,-0.0565,-0.0553,0.0012
8234,1025.5,340.7,86.0408,86.0421,86.0971,-0.0562,-0.0550,0.0012
8235,974.4,649.9,86.0370,86.0383,86.0930,-0.0559,-0.0547,0.0012
8236,999.3,309.4,86.0332,86.0345,86.0888,-0.0556,-0.0543,0.0013
8237,1001.7,326.1,86.0295,86.0307,86.0845,-0.0551,-0.0538,0.0013
8238,1031.0,629.5,86.0257,86.0269,86.0807,-0.0550,-0.0537,0.0013
8239,970.9,348.2,86.0219,86.0232,86.0769,-0.0550,-0.0538,0.0013
8240,1003.0,384.6,86.0182,86.0194,86.0731,-0.0550,-0.0537,0.0013
8241,994.5,677.8,86.0144,86.0157,86.0696,-0.0552,-0.0540,0.0013
8242,1004.8,371.7,86.0107,86.0119,86.0660,-0.0554,-0.0541,0.0013
8243,1018.5,332.6,86.0069,86.0082,86.0624,-0.0555,-0.0542,0.0013
8244,992.7,680.2,86.0032,86.0045,86.0585,-0.0553,-0.0541,0.0013
8245,1000.2,349.9,85.9995,86.0007,86.0548,-0.0553,-0.0540,0.0013
8246,1006.8,389.5,85.9957,85.9970,86.0509,-0.0551,-0.0539,0.0013
8247,988.7,730.2,85.9920,85.9933,86.0471,-0.0550,-0.0538,0.0013
8248,999.0,350.4,85.9883,85.9896,86.0430,-0.0547,-0.0534,0.0013
8249,1000.3,388.3,85.9846,85.9859,86.0391,-0.0545,-0.0532,0.0013
8250,1006.8,719.8,85.9809,85.9822,86.0351,-0.0542,-0.0529,0.0013
8251,991.6,369.3,85.9772,85.9785,86.0312,-0.0540,-0.0527,0.0013
8252,1000.6,412.2,85.9735,85.9748,86.0271,-0.0535,-0.0522,0.0013
8253,998.7,731.0,85.9699,85.9712,86.0231,-0.0533,-0.0520,0.0013
8254,1010.6,363.9,85.9662,85.9675,86.0191,-0.0529,-0.0516,0.0013
8255,989.6,413.9,85.9625,85.9638,86.0150,-0.0525,-0.0512,0.0013
8256,999.2,715.8,85.9589,85.9602,86.0107,-0.0518,-0.0505,0.0013
8257,1000.6,356.5,85.9552,85.9565,86.0066,-0.0514,-0.0500,0.0013
8258,1010.2,340.5,85.9516,85.9529,86.0024,-0.0509,-0.0495,0.0013
8259,992.1,366.8,85.9479,85.9493,85.9983,-0.0504,-0.0491,0.0013
8260,989.8,337.7,85.9443,85.9456,85.9940,-0.0497,-0.0484,0.0013
8261,1001.0,389.0,85.9407,85.9420,85.9902,-0.0495,-0.0482,0.0013
8262,1000.2,399.5,85.9371,85.9384,85.9865,-0.0495,-0.0481,0.0013
8263,998.6,382.2,85.9334,85.9348,85.9828,-0.0494,-0.0480,0.0013
8264,998.0,431.6,85.9298,85.9312,85.9787,-0.0488,-0.0475,0.0013
8265,1006.1,428.8,85.9262,85.9276,85.9746,-0.0483,-0.0470,0.0013
8266,995.5,436.7,85.9226,85.9240,85.9705,-0.0479,-0.0465,0.0013
8267,999.8,382.7,85.9191,85.9204,85.9666,-0.0476,-0.0462,0.0014
8268,1001.0,406.2,85.9155,85.9168,85.9626,-0.0471,-0.0458,0.0014
8269,1006.5,455.7,85.9119,85.9133,85.9590,-0.0471,-0.0457,0.0014
8270,992.8,428.0,85.9083,85.9097,85.9556,-0.0472,-0.0459,0.0014
8271,1020.1,457.4,85.9048,85.9061,85.9521,-0.0473,-0.0460,0.0014
8272,987.5,398.8,85.9012,85.9026,85.9485,-0.0473,-0.0459,0.0014
8273,999.2,372.8,85.8977,85.8990,85.9453,-0.0476,-0.0462,0.0014
8274,1000.1,375.2,85.8941,85.8955,85.9420,-0.0479,-0.0465,0.0014
8275,1009.0,339.8,85.8906,85.8920,85.9388,-0.0482,-0.0469,0.0014
8276,991.0,370.3,85.8871,85.8884,85.9353,-0.0483,-0.0469,0.0014
8277,1000.4,413.8,85.8835,85.8849,85.9320,-0.0485,-0.0471,0.0014
8278,1002.4,365.4,85.8800,85.8814,85.9287,-0.0487,-0.0473,0.0014
8279,999.4,409.3,85.8765,85.8779,85.9253,-0.0487,-0.0473,0.0014
8280,1007.1,396.4,85.8730,85.8744,85.9215,-0.0485,-0.0471,0.0014
8281,997.3,337.3,85.8695,85.8709,85.9181,-0.0485,-0.0471,0.0014
8282,999.0,425.4,85.8660,85.8674,85.9147,-0.0486,-0.0472,0.0014
8283,997.9,366.8,85.8626,85.8640,85.9113,-0.0487,-0.0473,0.0014
8284,1007.2,364.6,85.8591,85.8605,85.9077,-0.0486,-0.0472,0.0014
8285,993.3,350.4,85.8556,85.8570,85.9046,-0.0490,-0.0476,0.0014
8286,997.5,350.6,85.8521,85.8536,85.9015,-0.0494,-0.0480,0.0014
8287,999.2,404.1,85.8487,85.8501,85.8984,-0.0497,-0.0483,0.0014
8288,998.6,417.5,85.8452,85.8467,85.8950,-0.0498,-0.0483,0.0014
8289,1013.0,419.6,85.8418,85.8432,85.8918,-0.0500,-0.0486,0.0014
8290,989.2,461.0,85.8384,85.8398,85.8885,-0.0501,-0.0487,0.0014
8291,997.7,749.7,85.8349,85.8364,85.8849,-0.0500,-0.0486,0.0014
8292,998.8,360.1,85.8315,85.8329,85.8809,-0.0494,-0.0479,0.0014
8293,1007.0,389.5,85.8281,85.8295,85.8773,-0.0493,-0.0478,0.0014
8294,992.9,692.1,85.8247,85.8261,85.8739,-0.0492,-0.0478,0.0014
8295,1000.1,346.1,85.8213,85.8227,85.8705,-0.0493,-0.0478,0.0014
8296,1004.9,392.6,85.8179,85.8193,85.8669,-0.0491,-0.0476,0.0014
8297,1003.8,699.5,85.8145,85.8159,85.8636,-0.0491,-0.0476,0.0014
8298,991.4,336.5,85.8111,85.8126,85.8602,-0.0491,-0.0476,0.0015
8299,1010.8,447.6,85.8077,85.8092,85.8567,-0.0490,-0.0476,0.0015
8300,989.7,386.7,85.8044,85.8058,85.8532,-0.0489,-0.0474,0.0015
8301,1007.0,343.9,85.8010,85.8025,85.8494,-0.0484,-0.0470,0.0015
8302,1003.0,379.0,85.7976,85.7991,85.8458,-0.0482,-0.0467,0.0015
8303,988.5,379.1,85.7943,85.7958,85.8422,-0.0479,-0.0464,0.0015
8304,1005.1,385.6,85.7909,85.7924,85.8383,-0.0473,-0.0458,0.0015
8305,999.2,397.5,85.7876,85.7891,85.8347,-0.0471,-0.0456,0.0015
8306,1001.4,695.4,85.7843,85.7858,85.8311,-0.0468,-0.0454,0.0015
8307,1005.3,349.1,85.7810,85.7824,85.8276,-0.0467,-0.0452,0.0015
8308,993.7,393.2,85.7776,85.7791,85.8240,-0.0463,-0.0449,0.0015
8309,998.4,766.4,85.7743,85.7758,85.8208,-0.0464,-0.0449,0.0015
8310,1003.3,378.2,85.7710,85.7725,85.8177,-0.0466,-0.0451,0.0015
8311,1008.8,421.8,85.7677,85.7692,85.8145,-0.0468,-0.0453,0.0015
8312,990.1,761.0,85.7644,85.7659,85.8113,-0.0468,-0.0453,0.0015
8313,1005.2,342.1,85.7612,85.7627,85.8077,-0.0466,-0.0451,0.0015
8314,999.6,400.9,85.7579,85.7594,85.8044,-0.0465,-0.0450,0.0015
8315,999.3,794.2,85.7546,85.7561,85.8011,-0.0465,-0.0450,0.0015
8316,996.6,444.6,85.7514,85.7529,85.7978,-0.0465,-0.0450,0.0015
8317,998.0,428.0,85.7481,85.7496,85.7941,-0.0460,-0.0445,0.0015
8318,1021.2,666.6,85.7448,85.7464,85.7906,-0.0457,-0.0442,0.0015
8319,988.6,354.4,85.7416,85.7431,85.7871,-0.0455,-0.0440,0.0015
8320,990.9,386.4,85.7384,85.7399,85.7836,-0.0452,-0.0437,0.0015
8321,1000.2,367.9,85.7351,85.7367,85.7799,-0.0448,-0.0433,0.0015
8322,1012.9,367.3,85.7319,85.7334,85.7766,-0.0446,-0.0431,0.0015
8323,993.5,345.8,85.7287,85.7302,85.7731,-0.0444,-0.0429,0.0015
8324,987.8,411.4,85.7255,85.7270,85.7698,-0.0443,-0.0427,0.0015
8325,1005.9,394.4,85.7223,85.7238,85.7660,-0.0438,-0.0422,0.0015
8326,999.9,379.3,85.7191,85.7206,85.7626,-0.0435,-0.0419,0.0015
8327,1013.2,397.3,85.7159,85.7175,85.7590,-0.0431,-0.0416,0.0015
8328,991.4,390.2,85.7127,85.7143,85.7552,-0.0425,-0.0409,0.0016
8329,997.5,457.3,85.7096,85.7111,85.7517,-0.0421,-0.0405,0.0016
8330,1023.4,449.4,85.7064,85.7079,85.7479,-0.0416,-0.0400,0.0016
8331,980.5,476.0,85.7032,85.7048,85.7442,-0.0410,-0.0395,0.0016
8332,993.1,490.4,85.7001,85.7016,85.7404,-0.0403,-0.0387,0.0016
8333,999.1,477.8,85.6969,85.6985,85.7370,-0.0401,-0.0385,0.0016
8334,999.8,386.9,85.6938,85.6954,85.7337,-0.0399,-0.0383,0.0016
8335,1008.9,359.7,85.6906,85.6922,85.7303,-0.0396,-0.0381,0.0016
8336,994.0,364.1,85.6875,85.6891,85.7265,-0.0390,-0.0374,0.0016
8337,999.0,384.1,85.6844,85.6860,85.7229,-0.0385,-0.0369,0.0016
8338,998.3,474.0,85.6813,85.6829,85.7193,-0.0380,-0.0364,0.0016
8339,1008.7,389.9,85.6782,85.6798,85.7158,-0.0377,-0.0361,0.0016
8340,997.7,489.1,85.6751,85.6767,85.7124,-0.0373,-0.0357,0.0016
8341,994.7,755.8,85.6720,85.6736,85.7092,-0.0373,-0.0357,0.0016
8342,1000.6,363.0,85.6689,85.6705,85.7062,-0.0373,-0.0357,0.0016
8343,1007.4,549.6,85.6658,85.6674,85.7031,-0.0373,-0.0357,0.0016
8344,989.9,359.0,85.6628,85.6644,85.6998,-0.0370,-0.0354,0.0016
8345,995.1,379.6,85.6597,85.6613,85.6968,-0.0371,-0.0355,0.0016
8346,1008.9,362.2,85.6566,85.6582,85.6940,-0.0374,-0.0358,0.0016
8347,1012.9,369.4,85.6536,85.6552,85.6914,-0.0378,-0.0362,0.0016
8348,990.4,488.0,85.6505,85.6522,85.6883,-0.0377,-0.0361,0.0016
8349,996.4,511.4,85.6475,85.6491,85.6857,-0.0382,-0.0366,0.0016
8350,999.7,376.4,85.6445,85.6461,85.6830,-0.0385,-0.0369,0.0016
8351,1004.5,359.7,85.6414,85.6431,85.6802,-0.0388,-0.0371,0.0016
8352,995.6,367.9,85.6384,85.6401,85.6771,-0.0387,-0.0371,0.0016
8353,997.3,345.8,85.6354,85.6371,85.6741,-0.0387,-0.0371,0.0016
8354,1004.7,516.8,85.6324,85.6341,85.6712,-0.0387,-0.0371,0.0016
8355,1003.3,386.2,85.6294,85.6311,85.6679,-0.0385,-0.0369,0.0016
8356,995.2,505.3,85.6264,85.6281,85.6650,-0.0386,-0.0369,0.0016
8357,999.1,363.9,85.6234,85.6251,85.6620,-0.0385,-0.0369,0.0017
8358,1000.8,509.5,85.6205,85.6221,85.6591,-0.0386,-0.0370,0.0017
8359,1004.9,800.2,85.6175,85.6192,85.6561,-0.0386,-0.0369,0.0017
8360,997.4,353.3,85.6145,85.6162,85.6534,-0.0389,-0.0372,0.0017
8361,995.6,471.2,85.6116,85.6133,85.6508,-0.0392,-0.0376,0.0017
8362,997.4,820.9,85.6086,85.6103,85.6482,-0.0396,-0.0379,0.0017
8363,1015.5,341.7,85.6057,85.6074,85.6454,-0.0397,-0.0380,0.0017
8364,989.6,526.4,85.6028,85.6044,85.6423,-0.0395,-0.0379,0.0017
8365,999.4,730.5,85.5998,85.6015,85.6393,-0.0395,-0.0378,0.0017
8366,990.5,393.9,85.5969,85.5986,85.6364,-0.0395,-0.0378,0.0017
8367,1024.8,395.6,85.5940,85.5957,85.6333,-0.0393,-0.0376,0.0017
8368,1014.4,657.7,85.5911,85.5928,85.6333,-0.0422,-0.0405,0.0017
8369,974.9,370.7,85.5882,85.5899,85.6299,-0.0417,-0.0400,0.0017
8370,993.1,391.5,85.5853,85.5870,85.6268,-0.0415,-0.0398,0.0017
8371,999.0,650.4,85.5824,85.5841,85.6238,-0.0414,-0.0397,0.0017
8372,999.9,362.9,85.5796,85.5813,85.6207,-0.0411,-0.0394,0.0017
8373,1007.0,491.0,85.5767,85.5784,85.6178,-0.0412,-0.0394,0.0017
8374,993.1,696.3,85.5738,85.5755,85.6151,-0.0412,-0.0395,0.0017
8375,999.9,354.0,85.5710,85.5727,85.6122,-0.0413,-0.0395,0.0017
8376,999.5,347.9,85.5681,85.5698,85.6092,-0.0411,-0.0394,0.0017
8377,999.7,756.5,85.5653,85.5670,85.6066,-0.0413,-0.0396,0.0017
8378,1015.5,338.8,85.5624,85.5642,85.6039,-0.0415,-0.0398,0.0017
8379,986.9,408.2,85.5596,85.5613,85.6013,-0.0417,-0.0400,0.0017
8380,996.9,703.0,85.5568,85.5585,85.5985,-0.0417,-0.0400,0.0017
8381,1005.4,334.7,85.5540,85.5557,85.5959,-0.0419,-0.0402,0.0017
8382,1004.2,404.1,85.5512,85.5529,85.5933,-0.0421,-0.0404,0.0017
8383,990.6,405.2,85.5484,85.5501,85.5906,-0.0422,-0.0405,0.0017
8384,999.8,399.7,85.5456,85.5473,85.5879,-0.0423,-0.0406,0.0017
8385,1004.7,358.1,85.5428,85.5445,85.5852,-0.0424,-0.0406,0.0018
8386,1009.1,337.9,85.5400,85.5418,85.5825,-0.0425,-0.0407,0.0018
8387,983.1,405.0,85.5372,85.5390,85.5796,-0.0424,-0.0406,0.0018
8388,999.8,385.1,85.5345,85.5362,85.5771,-0.0426,-0.0409,0.0018
8389,1000.8,522.7,85.5317,85.5335,85.5747,-0.0430,-0.0412,0.0018
8390,1002.0,522.6,85.5290,85.5307,85.5724,-0.0435,-0.0417,0.0018
8391,995.8,796.9,85.5262,85.5280,85.5699,-0.0437,-0.0419,0.0018
8392,1003.0,385.7,85.5235,85.5253,85.5675,-0.0440,-0.0423,0.0018
8393,1013.9,521.1,85.5208,85.5225,85.5651,-0.0443,-0.0425,0.0018
8394,998.5,358.7,85.5180,85.5198,85.5626,-0.0446,-0.0428,0.0018
8395,992.7,544.4,85.5153,85.5171,85.5599,-0.0446,-0.0428,0.0018
8396,998.5,385.6,85.5126,85.5144,85.5572,-0.0446,-0.0428,0.0018
8397,1000.4,408.3,85.5099,85.5117,85.5545,-0.0446,-0.0428,0.0018
8398,1006.0,392.3,85.5072,85.5090,85.5518,-0.0446,-0.0428,0.0018
8399,993.5,548.3,85.5045,85.5063,85.5488,-0.0443,-0.0425,0.0018
8400,998.1,344.4,85.5019,85.5037,85.5460,-0.0441,-0.0423,0.0018
8401,1001.6,378.2,85.4992,85.5010,85.5432,-0.0440,-0.0422,0.0018
8402,1017.0,369.8,85.4965,85.4983,85.5404,-0.0439,-0.0420,0.0018
8403,982.3,403.5,85.4939,85.4957,85.5373,-0.0434,-0.0416,0.0018
8404,999.8,372.8,85.4912,85.4930,85.5344,-0.0432,-0.0414,0.0018
8405,999.8,406.3,85.4886,85.4904,85.5314,-0.0429,-0.0410,0.0018
8406,1043.5,309.7,85.4859,85.4878,85.5285,-0.0426,-0.0407,0.0018
8407,971.1,399.7,85.4833,85.4851,85.5254,-0.0421,-0.0403,0.0018
8408,992.7,398.2,85.4807,85.4825,85.5225,-0.0418,-0.0400,0.0018
8409,999.2,419.3,85.4781,85.4799,85.5197,-0.0416,-0.0398,0.0018
8410,1000.7,396.1,85.4755,85.4773,85.5167,-0.0413,-0.0394,0.0018
8411,997.9,341.8,85.4729,85.4747,85.5137,-0.0409,-0.0390,0.0018
8412,1013.0,399.8,85.4703,85.4721,85.5104,-0.0401,-0.0383,0.0018
8413,988.3,388.4,85.4677,85.4695,85.5074,-0.0397,-0.0378,0.0019
8414,999.6,415.4,85.4651,85.4670,85.5043,-0.0392,-0.0373,0.0019
8415,1001.9,773.4,85.4625,85.4644,85.5010,-0.0385,-0.0366,0.0019
8416,1007.4,405.5,85.4600,85.4618,85.4980,-0.0380,-0.0361,0.0019
8417,993.2,454.9,85.4574,85.4593,85.4950,-0.0376,-0.0358,0.0019
8418,1003.1,714.6,85.4549,85.4567,85.4921,-0.0372,-0.0354,0.0019
8419,994.0,424.0,85.4523,85.4542,85.4890,-0.0367,-0.0348,0.0019
8420,1007.8,455.8,85.4498,85.4517,85.4863,-0.0365,-0.0346,0.0019
8421,989.9,776.9,85.4473,85.4491,85.4835,-0.0362,-0.0343,0.0019
8422,1000.5,390.5,85.4447,85.4466,85.4806,-0.0359,-0.0340,0.0019
8423,997.1,392.5,85.4422,85.4441,85.4777,-0.0354,-0.0335,0.0019
8424,1008.4,701.6,85.4397,85.4416,85.4744,-0.0347,-0.0328,0.0019
8425,990.7,356.9,85.4372,85.4391,85.4714,-0.0342,-0.0323,0.0019
8426,1010.6,347.6,85.4347,85.4366,85.4684,-0.0336,-0.0317,0.0019
8427,992.6,686.1,85.4323,85.4342,85.4656,-0.0333,-0.0314,0.0019
8428,1003.1,351.9,85.4298,85.4317,85.4625,-0.0327,-0.0308,0.0019
8429,994.0,365.6,85.4273,85.4292,85.4596,-0.0323,-0.0304,0.0019
8430,1004.5,721.0,85.4248,85.4268,85.4568,-0.0319,-0.0300,0.0019
8431,998.8,347.0,85.4224,85.4243,85.4540,-0.0317,-0.0297,0.0019
8432,1064.8,335.6,85.4199,85.4219,85.4513,-0.0313,-0.0294,0.0019
8433,945.1,700.0,85.4175,85.4194,85.4487,-0.0312,-0.0292,0.0019
8434,994.7,352.0,85.4151,85.4170,85.4461,-0.0310,-0.0291,0.0019
8435,1004.9,357.7,85.4126,85.4146,85.4436,-0.0310,-0.0290,0.0019
8436,996.3,694.3,85.4102,85.4122,85.4410,-0.0308,-0.0288,0.0019
8437,992.2,361.6,85.4078,85.4097,85.4410,-0.0332,-0.0312,0.0019
8438,1000.1,409.7,85.4054,85.4073,85.4360,-0.0306,-0.0286,0.0019
8439,999.9,771.6,85.4030,85.4050,85.4334,-0.0304,-0.0284,0.0019
8440,1013.2,402.4,85.4006,85.4026,85.4306,-0.0300,-0.0280,0.0019
8441,990.7,450.7,85.3982,85.4002,85.4279,-0.0297,-0.0278,0.0020
8442,996.0,756.3,85.3959,85.3978,85.4253,-0.0295,-0.0275,0.0020
8443,1003.1,370.2,85.3935,85.3954,85.4228,-0.0293,-0.0273,0.0020
8444,1003.7,412.9,85.3911,85.3931,85.4199,-0.0288,-0.0268,0.0020
8445,991.7,418.0,85.3888,85.3907,85.4173,-0.0285,-0.0266,0.0020
8446,999.5,336.9,85.3864,85.3884,85.4147,-0.0283,-0.0263,0.0020
8447,1002.8,402.8,85.3841,85.3861,85.4122,-0.0282,-0.0262,0.0020
8448,1004.1,372.3,85.3818,85.3837,85.4096,-0.0278,-0.0258,0.0020
8449,1002.4,364.4,85.3794,85.3814,85.4071,-0.0276,-0.0256,0.0020
8450,1003.6,360.2,85.3771,85.3791,85.4047,-0.0276,-0.0256,0.0020
8451,994.3,379.8,85.3748,85.3768,85.4023,-0.0275,-0.0255,0.0020
8452,1007.7,403.9,85.3725,85.3745,85.3997,-0.0272,-0.0252,0.0020
8453,989.2,415.1,85.3702,85.3722,85.3974,-0.0271,-0.0252,0.0020
8454,1001.8,414.0,85.3679,85.3699,85.3951,-0.0272,-0.0252,0.0020
8455,1003.7,6029.4,85.3656,85.3676,85.3930,-0.0273,-0.0253,0.0020
8456,6036.3,573.9,85.3634,85.3654,85.3783,-0.0150,-0.0130,0.0020
8457,578.5,290.4,85.3611,85.3631,85.3783,-0.0172,-0.0152,0.0020
8458,294.6,332.2,85.3588,85.3609,85.3783,-0.0195,-0.0175,0.0020
8459,336.6,531.4,85.3566,85.3586,85.3760,-0.0194,-0.0174,0.0020
8460,535.7,283.3,85.3544,85.3564,85.3760,-0.0216,-0.0196,0.0020
8461,287.8,369.0,85.3521,85.3541,85.3739,-0.0218,-0.0198,0.0020
8462,373.4,328.4,85.3499,85.3519,85.3739,-0.0240,-0.0220,0.0020
8463,333.1,279.6,85.3477,85.3497,85.3739,-0.0263,-0.0242,0.0020
8464,283.6,396.0,85.3455,85.3475,85.3719,-0.0265,-0.0244,0.0020
8465,946.6,686.2,85.3433,85.3453,85.3702,-0.0269,-0.0249,0.0020
8466,996.0,436.0,85.3411,85.3431,85.3685,-0.0274,-0.0254,0.0020
8467,1000.9,410.2,85.3389,85.3409,85.3667,-0.0279,-0.0258,0.0020
8468,993.8,389.2,85.3367,85.3387,85.3646,-0.0279,-0.0258,0.0021
8469,1012.8,372.8,85.3345,85.3366,85.3622,-0.0277,-0.0256,0.0021
8470,999.0,374.7,85.3323,85.3344,85.3598,-0.0274,-0.0254,0.0021
8471,1007.0,366.3,85.3302,85.3322,85.3575,-0.0273,-0.0252,0.0021
8472,4214.0,617.5,85.3280,85.3301,85.3491,-0.0211,-0.0190,0.0021
8473,640.4,317.3,85.3259,85.3279,85.3491,-0.0233,-0.0212,0.0021
8474,320.0,531.5,85.3237,85.3258,85.3470,-0.0233,-0.0212,0.0021
8475,537.9,328.0,85.3216,85.3237,85.3470,-0.0254,-0.0233,0.0021
8476,333.7,283.0,85.3195,85.3216,85.3447,-0.0252,-0.0231,0.0021
8477,287.2,384.9,85.3174,85.3194,85.3447,-0.0273,-0.0252,0.0021
8478,659.0,343.3,85.3152,85.3173,85.3426,-0.0273,-0.0253,0.0021
8479,1003.5,376.0,85.3131,85.3152,85.3407,-0.0275,-0.0254,0.0021
8480,985.8,361.9,85.3110,85.3131,85.3389,-0.0279,-0.0258,0.0021
8481,1009.5,351.5,85.3090,85.3111,85.3370,-0.0280,-0.0259,0.0021
8482,990.9,420.1,85.3069,85.3090,85.3351,-0.0282,-0.0261,0.0021
8483,998.3,403.1,85.3048,85.3069,85.3332,-0.0284,-0.0262,0.0021
8484,999.9,432.8,85.3027,85.3049,85.3312,-0.0284,-0.0263,0.0021
8485,1016.0,370.6,85.3007,85.3028,85.3292,-0.0285,-0.0264,0.0021
8486,1017.6,347.4,85.2986,85.3008,85.3274,-0.0287,-0.0266,0.0021
8487,971.7,379.2,85.2966,85.2987,85.3257,-0.0291,-0.0270,0.0021
8488,1000.5,380.4,85.2946,85.2967,85.3240,-0.0294,-0.0273,0.0021
8489,1003.0,701.5,85.2925,85.2947,85.3223,-0.0298,-0.0277,0.0021
8490,1004.3,2639.8,85.2905,85.2926,85.3205,-0.0299,-0.0278,0.0021
8491,2646.4,1508.9,85.2885,85.2906,85.3174,-0.0289,-0.0267,0.0021
8492,1514.2,558.0,85.2865,85.2886,85.3143,-0.0278,-0.0257,0.0021
8493,562.3,336.7,85.2845,85.2866,85.3143,-0.0298,-0.0277,0.0021
8494,342.3,574.1,85.2825,85.2847,85.3128,-0.0303,-0.0282,0.0021
8495,578.2,319.8,85.2805,85.2827,85.3128,-0.0323,-0.0302,0.0022
8496,332.5,309.8,85.2785,85.2807,85.3113,-0.0328,-0.0306,0.0022
8497,1004.0,336.6,85.2766,85.2787,85.3099,-0.0333,-0.0311,0.0022
8498,1010.1,698.9,85.2746,85.2768,85.3084,-0.0338,-0.0316,0.0022
8499,996.1,363.3,85.2727,85.2748,85.3070,-0.0343,-0.0322,0.0022
8500,997.5,417.6,85.2707,85.2729,85.3055,-0.0348,-0.0326,0.0022
8501,1003.0,463.0,85.2688,85.2710,85.3038,-0.0351,-0.0329,0.0022
8502,989.4,323.1,85.2669,85.2690,85.3019,-0.0350,-0.0328,0.0022
8503,1003.0,321.4,85.2649,85.2671,85.2999,-0.0350,-0.0328,0.0022
8504,998.1,629.2,85.2630,85.2652,85.2979,-0.0349,-0.0327,0.0022
8505,999.2,303.0,85.2611,85.2633,85.2958,-0.0347,-0.0325,0.0022
8506,1019.1,322.2,85.2592,85.2614,85.2935,-0.0343,-0.0321,0.0022
8507,980.1,323.3,85.2573,85.2595,85.2935,-0.0362,-0.0340,0.0022
8508,1004.7,322.0,85.2554,85.2576,85.2894,-0.0340,-0.0318,0.0022
8509,995.0,342.7,85.2535,85.2558,85.2874,-0.0339,-0.0317,0.0022
8510,999.5,318.5,85.2517,85.2539,85.2874,-0.0358,-0.0335,0.0022
8511,999.9,329.0,85.2498,85.2520,85.2834,-0.0336,-0.0314,0.0022
8512,1006.9,321.3,85.2480,85.2502,85.2815,-0.0336,-0.0314,0.0022
8513,996.0,334.2,85.2461,85.2483,85.2797,-0.0336,-0.0314,0.0022
8514,1000.2,354.8,85.2443,85.2465,85.2777,-0.0335,-0.0312,0.0022
8515,1002.9,362.6,85.2424,85.2447,85.2758,-0.0334,-0.0311,0.0022
8516,997.9,365.6,85.2406,85.2428,85.2739,-0.0333,-0.0311,0.0022
8517,1001.5,336.9,85.2388,85.2410,85.2719,-0.0332,-0.0309,0.0022
8518,995.4,362.9,85.2370,85.2392,85.2698,-0.0328,-0.0305,0.0022
8519,1000.9,364.7,85.2352,85.2374,85.2676,-0.0325,-0.0302,0.0022
8520,1004.4,326.5,85.2334,85.2356,85.2651,-0.0317,-0.0295,0.0022
8521,994.3,330.6,85.2316,85.2339,85.2631,-0.0315,-0.0292,0.0023
8522,999.9,339.4,85.2298,85.2321,85.2607,-0.0309,-0.0286,0.0023
8523,1001.1,313.4,85.2281,85.2303,85.2585,-0.0305,-0.0282,0.0023
8524,1002.9,329.3,85.2263,85.2286,85.2564,-0.0301,-0.0278,0.0023
8525,996.6,296.8,85.2245,85.2268,85.2541,-0.0295,-0.0273,0.0023
8526,1001.9,312.1,85.2228,85.2251,85.2517,-0.0289,-0.0267,0.0023
8527,1022.6,334.5,85.2210,85.2233,85.2495,-0.0285,-0.0262,0.0023
8528,979.6,478.1,85.2193,85.2216,85.2473,-0.0280,-0.0257,0.0023
8529,1009.4,364.7,85.2176,85.2199,85.2451,-0.0275,-0.0252,0.0023
8530,1415.4,331.0,85.2159,85.2181,85.2427,-0.0269,-0.0246,0.0023
8531,580.7,297.7,85.2142,85.2164,85.2407,-0.0266,-0.0243,0.0023
8532,995.4,297.6,85.2124,85.2147,85.2407,-0.0283,-0.0260,0.0023
8533,998.5,310.1,85.2108,85.2130,85.2367,-0.0259,-0.0236,0.0023
8534,1014.8,344.8,85.2091,85.2114,85.2344,-0.0254,-0.0231,0.0023
8535,993.4,426.7,85.2074,85.2097,85.2323,-0.0249,-0.0226,0.0023
8536,1015.3,344.2,85.2057,85.2080,85.2302,-0.0245,-0.0222,0.0023
8537,979.0,317.0,85.2040,85.2064,85.2282,-0.0241,-0.0218,0.0023
8538,1024.2,313.1,85.2024,85.2047,85.2282,-0.0258,-0.0235,0.0023
8539,981.9,667.4,85.2007,85.2031,85.2258,-0.0250,-0.0227,0.0023
8540,988.4,352.0,85.1991,85.2014,85.2258,-0.0267,-0.0244,0.0023
8541,1000.8,360.4,85.1975,85.1998,85.2216,-0.0241,-0.0218,0.0023
8542,999.9,684.8,85.1958,85.1982,85.2192,-0.0234,-0.0211,0.0023
8543,998.6,350.4,85.1942,85.1965,85.2171,-0.0228,-0.0205,0.0023
8544,1004.4,338.2,85.1926,85.1949,85.2148,-0.0222,-0.0198,0.0023
8545,1000.1,335.8,85.1910,85.1933,85.2125,-0.0215,-0.0192,0.0023
8546,1000.9,324.2,85.1894,85.1917,85.2101,-0.0207,-0.0184,0.0023
8547,1016.9,347.7,85.1878,85.1902,85.2080,-0.0202,-0.0179,0.0023
8548,978.9,481.3,85.1862,85.1886,85.2061,-0.0199,-0.0175,0.0024
8549,1006.4,397.7,85.1847,85.1870,85.2043,-0.0197,-0.0173,0.0024
8550,1000.4,370.1,85.1831,85.1854,85.2028,-0.0197,-0.0173,0.0024
8551,1001.4,397.8,85.1815,85.1839,85.2012,-0.0197,-0.0173,0.0024
8552,1014.6,406.1,85.1800,85.1823,85.1996,-0.0196,-0.0173,0.0024
8553,992.2,369.9,85.1784,85.1808,85.1980,-0.0196,-0.0172,0.0024
8554,1006.9,661.7,85.1769,85.1793,85.1964,-0.0195,-0.0171,0.0024
8555,981.1,326.2,85.1754,85.1777,85.1948,-0.0194,-0.0170,0.0024
8556,1005.8,322.8,85.1738,85.1762,85.1932,-0.0193,-0.0170,0.0024
8557,994.3,348.6,85.1723,85.1747,85.1916,-0.0193,-0.0169,0.0024
8558,999.1,324.2,85.1708,85.1732,85.1899,-0.0191,-0.0167,0.0024
8559,1018.8,378.2,85.1693,85.1717,85.1883,-0.0190,-0.0166,0.0024
8560,985.8,322.5,85.1678,85.1702,85.1869,-0.0190,-0.0166,0.0024
8561,994.7,350.1,85.1664,85.1688,85.1854,-0.0191,-0.0167,0.0024
8562,1007.1,372.1,85.1649,85.1673,85.1838,-0.0189,-0.0165,0.0024
8563,995.7,343.8,85.1634,85.1658,85.1822,-0.0188,-0.0163,0.0024
8564,1005.3,370.1,85.1620,85.1644,85.1805,-0.0186,-0.0162,0.0024
8565,995.5,366.5,85.1605,85.1629,85.1805,-0.0200,-0.0176,0.0024
8566,1041.0,738.4,85.1591,85.1615,85.1771,-0.0180,-0.0156,0.0024
8567,1445.2,478.3,85.1576,85.1601,85.1753,-0.0177,-0.0153,0.0024
8568,489.2,434.6,85.1562,85.1586,85.1753,-0.0191,-0.0167,0.0024
8569,1038.9,448.2,85.1548,85.1572,85.1714,-0.0167,-0.0142,0.0024
8570,1014.6,416.3,85.1534,85.1558,85.1694,-0.0161,-0.0136,0.0024
8571,992.0,699.5,85.1520,85.1544,85.1676,-0.0157,-0.0132,0.0024
8572,1024.3,370.1,85.1506,85.1530,85.1660,-0.0154,-0.0130,0.0024
8573,979.0,362.4,85.1492,85.1516,85.1643,-0.0151,-0.0127,0.0024
8574,992.6,366.9,85.1478,85.1502,85.1625,-0.0147,-0.0123,0.0025
8575,989.4,367.8,85.1464,85.1489,85.1609,-0.0144,-0.0120,0.0025
8576,1017.2,340.3,85.1451,85.1475,85.1593,-0.0142,-0.0118,0.0025
8577,988.5,374.8,85.1437,85.1462,85.1578,-0.0141,-0.0117,0.0025
8578,991.7,362.9,85.1423,85.1448,85.1561,-0.0138,-0.0113,0.0025
8579,999.0,341.7,85.1410,85.1435,85.1546,-0.0137,-0.0112,0.0025
8580,1010.2,333.4,85.1397,85.1421,85.1532,-0.0135,-0.0110,0.0025
8581,999.7,332.6,85.1383,85.1408,85.1519,-0.0135,-0.0111,0.0025
8582,992.0,344.3,85.1370,85.1395,85.1507,-0.0137,-0.0112,0.0025
8583,999.4,381.4,85.1357,85.1382,85.1493,-0.0136,-0.0111,0.0025
8584,1001.2,401.5,85.1344,85.1369,85.1481,-0.0137,-0.0112,0.0025
8585,1020.2,367.6,85.1331,85.1356,85.1466,-0.0135,-0.0110,0.0025
8586,992.7,402.8,85.1318,85.1343,85.1450,-0.0131,-0.0106,0.0025
8587,995.8,475.3,85.1305,85.1330,85.1434,-0.0128,-0.0103,0.0025
8588,997.6,365.7,85.1293,85.1318,85.1418,-0.0126,-0.0101,0.0025
8589,1015.7,684.3,85.1280,85.1305,85.1403,-0.0123,-0.0098,0.0025
8590,993.7,566.9,85.1267,85.1292,85.1387,-0.0120,-0.0094,0.0025
8591,992.6,377.0,85.1255,85.1280,85.1372,-0.0117,-0.0092,0.0025
8592,998.9,362.8,85.1242,85.1268,85.1356,-0.0113,-0.0088,0.0025
8593,998.5,345.0,85.1230,85.1255,85.1340,-0.0110,-0.0085,0.0025
8594,1006.2,362.9,85.1218,85.1243,85.1323,-0.0105,-0.0080,0.0025
8595,995.2,369.1,85.1205,85.1231,85.1308,-0.0103,-0.0077,0.0025
8596,997.1,347.1,85.1193,85.1219,85.1295,-0.0101,-0.0076,0.0025
8597,1005.6,381.8,85.1181,85.1207,85.1282,-0.0100,-0.0075,0.0025
8598,1004.3,639.9,85.1169,85.1195,85.1269,-0.0100,-0.0074,0.0025
8599,987.6,379.2,85.1157,85.1183,85.1257,-0.0100,-0.0074,0.0025
8600,1014.6,358.8,85.1146,85.1171,85.1245,-0.0099,-0.0074,0.0026
8601,986.4,346.8,85.1134,85.1159,85.1234,-0.0100,-0.0074,0.0026
8602,1005.1,355.0,85.1122,85.1148,85.1221,-0.0099,-0.0073,0.0026
8603,991.3,351.3,85.1111,85.1136,85.1209,-0.0098,-0.0072,0.0026
8604,999.8,364.1,85.1099,85.1125,85.1197,-0.0097,-0.0072,0.0026
8605,999.6,355.0,85.1088,85.1113,85.1185,-0.0097,-0.0071,0.0026
8606,1007.1,324.7,85.1076,85.1102,85.1174,-0.0097,-0.0072,0.0026
8607,992.7,672.4,85.1065,85.1091,85.1162,-0.0097,-0.0071,0.0026
8608,1001.1,369.4,85.1054,85.1080,85.1151,-0.0097,-0.0072,0.0026
8609,1020.8,391.4,85.1043,85.1069,85.1142,-0.0099,-0.0073,0.0026
8610,981.4,685.9,85.1032,85.1058,85.1132,-0.0100,-0.0075,0.0026
8611,994.3,345.2,85.1021,85.1047,85.1122,-0.0101,-0.0075,0.0026
8612,1004.1,346.6,85.1010,85.1036,85.1113,-0.0103,-0.0077,0.0026
8613,992.8,333.4,85.0999,85.1025,85.1103,-0.0104,-0.0078,0.0026
8614,1006.6,345.6,85.0988,85.1015,85.1094,-0.0105,-0.0079,0.0026
8615,1030.4,665.5,85.0978,85.1004,85.1084,-0.0106,-0.0080,0.0026
8616,981.6,702.3,85.0967,85.0993,85.1074,-0.0107,-0.0081,0.0026
8617,987.0,360.3,85.0957,85.0983,85.1065,-0.0108,-0.0082,0.0026
8618,992.4,329.8,85.0946,85.0973,85.1065,-0.0118,-0.0092,0.0026
8619,998.5,648.1,85.0936,85.0962,85.1046,-0.0110,-0.0083,0.0026
8620,997.8,322.6,85.0926,85.0952,85.1036,-0.0111,-0.0084,0.0026
8621,1006.8,301.2,85.0916,85.0942,85.1036,-0.0121,-0.0094,0.0026
8622,994.9,301.8,85.0905,85.0932,85.1027,-0.0122,-0.0095,0.0026
8623,999.8,314.9,85.0895,85.0922,85.1006,-0.0110,-0.0084,0.0026
8624,1001.2,323.2,85.0885,85.0912,85.0997,-0.0111,-0.0085,0.0026
8625,998.9,296.8,85.0876,85.0902,85.0997,-0.0121,-0.0094,0.0027
8626,1003.6,308.3,85.0866,85.0892,85.0979,-0.0113,-0.0086,0.0027
8627,996.9,320.9,85.0856,85.0883,85.0979,-0.0122,-0.0096,0.0027
8628,998.9,297.4,85.0846,85.0873,85.0969,-0.0123,-0.0096,0.0027
8629,1005.9,311.7,85.0837,85.0864,85.0954,-0.0117,-0.0090,0.0027
8630,998.8,313.4,85.0827,85.0854,85.0945,-0.0117,-0.0091,0.0027
8631,995.3,301.2,85.0818,85.0845,85.0934,-0.0116,-0.0090,0.0027
8632,1001.5,338.4,85.0809,85.0835,85.0925,-0.0116,-0.0089,0.0027
8633,1006.6,348.8,85.0799,85.0826,85.0914,-0.0115,-0.0088,0.0027
8634,1003.0,342.6,85.0790,85.0817,85.0905,-0.0115,-0.0088,0.0027
8635,994.7,318.7,85.0781,85.0808,85.0896,-0.0115,-0.0088,0.0027
8636,1022.7,322.6,85.0772,85.0799,85.0889,-0.0117,-0.0090,0.0027
8637,972.9,529.5,85.0763,85.0790,85.0889,-0.0126,-0.0099,0.0027
8638,1006.5,348.3,85.0754,85.0781,85.0874,-0.0120,-0.0093,0.0027
8639,995.7,363.9,85.0746,85.0773,85.0866,-0.0120,-0.0093,0.0027
8640,997.1,375.5,85.0737,85.0764,85.0866,-0.0129,-0.0102,0.0027
8641,1001.5,344.4,85.0728,85.0755,85.0847,-0.0119,-0.0092,0.0027
8642,998.5,315.9,85.0720,85.0747,85.0847,-0.0127,-0.0100,0.0027
8643,998.7,341.7,85.0711,85.0739,85.0828,-0.0117,-0.0090,0.0027
8644,1004.6,330.3,85.0703,85.0730,85.0820,-0.0117,-0.0090,0.0027
8645,999.2,315.3,85.0695,85.0722,85.0820,-0.0125,-0.0098,0.0027
8646,1023.3,339.6,85.0686,85.0714,85.0805,-0.0119,-0.0091,0.0027
8647,975.7,329.7,85.0678,85.0706,85.0805,-0.0127,-0.0100,0.0027
8648,1006.7,323.9,85.0670,85.0698,85.0792,-0.0121,-0.0094,0.0027
8649,991.9,333.4,85.0662,85.0690,85.0785,-0.0122,-0.0095,0.0027
8650,1001.0,326.2,85.0654,85.0682,85.0777,-0.0123,-0.0096,0.0027
8651,1000.8,304.6,85.0646,85.0674,85.0770,-0.0124,-0.0096,0.0028
8652,1004.0,338.9,85.0639,85.0666,85.0763,-0.0125,-0.0097,0.0028
8653,996.1,316.6,85.0631,85.0659,85.0763,-0.0132,-0.0105,0.0028
8654,1001.6,334.2,85.0623,85.0651,85.0756,-0.0133,-0.0105,0.0028
8655,1002.4,339.9,85.0616,85.0644,85.0744,-0.0128,-0.0100,0.0028
8656,1011.2,358.0,85.0608,85.0636,85.0739,-0.0130,-0.0103,0.0028
8657,984.9,347.9,85.0601,85.0629,85.0733,-0.0132,-0.0104,0.0028
8658,1013.9,353.7,85.0594,85.0622,85.0728,-0.0135,-0.0107,0.0028
8659,995.4,342.8,85.0587,85.0614,85.0723,-0.0136,-0.0109,0.0028
8660,996.1,345.3,85.0579,85.0607,85.0723,-0.0144,-0.0116,0.0028
8661,993.3,302.0,85.0572,85.0600,85.0717,-0.0145,-0.0117,0.0028
8662,1018.7,380.7,85.0565,85.0593,85.0706,-0.0141,-0.0113,0.0028
8663,981.7,329.0,85.0559,85.0587,85.0706,-0.0147,-0.0120,0.0028
8664,1005.4,370.7,85.0552,85.0580,85.0692,-0.0140,-0.0112,0.0028
8665,993.2,387.7,85.0545,85.0573,85.0685,-0.0140,-0.0112,0.0028
8666,1000.0,354.5,85.0538,85.0566,85.0685,-0.0147,-0.0119,0.0028
8667,1018.9,406.7,85.0532,85.0560,85.0673,-0.0142,-0.0113,0.0028
8668,997.7,377.9,85.0525,85.0553,85.0668,-0.0143,-0.0115,0.0028
8669,995.3,354.7,85.0519,85.0547,85.0664,-0.0145,-0.0116,0.0028
8670,1057.8,346.0,85.0512,85.0541,85.0659,-0.0146,-0.0118,0.0028
8671,940.8,333.7,85.0506,85.0535,85.0653,-0.0147,-0.0119,0.0028
8672,1000.9,318.9,85.0500,85.0528,85.0647,-0.0147,-0.0119,0.0028
8673,993.5,319.6,85.0494,85.0522,85.0647,-0.0153,-0.0125,0.0028
8674,1007.7,369.4,85.0488,85.0516,85.0634,-0.0146,-0.0117,0.0028
8675,1012.2,684.9,85.0482,85.0510,85.0625,-0.0143,-0.0115,0.0028
8676,995.8,357.8,85.0476,85.0505,85.0618,-0.0142,-0.0113,0.0029
8677,1000.2,365.3,85.0470,85.0499,85.0610,-0.0140,-0.0111,0.0029
8678,981.8,340.8,85.0465,85.0493,85.0610,-0.0146,-0.0117,0.0029
8679,1000.5,345.2,85.0459,85.0488,85.0596,-0.0137,-0.0108,0.0029
8680,1003.0,316.5,85.0453,85.0482,85.0596,-0.0143,-0.0114,0.0029
8681,1003.7,362.7,85.0448,85.0477,85.0583,-0.0135,-0.0106,0.0029
8682,989.7,340.3,85.0442,85.0471,85.0576,-0.0134,-0.0105,0.0029
8683,1008.5,385.8,85.0437,85.0466,85.0569,-0.0132,-0.0103,0.0029
8684,995.9,392.8,85.0432,85.0461,85.0562,-0.0130,-0.0101,0.0029
8685,1000.0,353.1,85.0427,85.0456,85.0554,-0.0127,-0.0098,0.0029
8686,1003.9,358.0,85.0422,85.0451,85.0546,-0.0125,-0.0096,0.0029
8687,995.1,378.3,85.0417,85.0446,85.0546,-0.0130,-0.0101,0.0029
8688,1000.2,325.9,85.0412,85.0441,85.0538,-0.0126,-0.0097,0.0029
8689,1274.7,675.5,85.0407,85.0436,85.0523,-0.0117,-0.0088,0.0029
8690,684.5,338.1,85.0402,85.0431,85.0523,-0.0121,-0.0092,0.0029
8691,1043.9,378.0,85.0397,85.0426,85.0510,-0.0113,-0.0084,0.0029
8692,1034.0,655.9,85.0393,85.0422,85.0505,-0.0112,-0.0083,0.0029
8693,991.2,411.7,85.0388,85.0417,85.0498,-0.0110,-0.0081,0.0029
8694,987.7,370.1,85.0384,85.0413,85.0492,-0.0109,-0.0079,0.0029
8695,987.0,369.8,85.0379,85.0409,85.0486,-0.0106,-0.0077,0.0029
8696,1000.9,390.8,85.0375,85.0404,85.0480,-0.0105,-0.0075,0.0029
8697,1017.7,429.2,85.0371,85.0400,85.0474,-0.0104,-0.0074,0.0029
8698,994.7,413.9,85.0367,85.0396,85.0469,-0.0103,-0.0073,0.0029
8699,1005.2,442.5,85.0363,85.0392,85.0463,-0.0101,-0.0071,0.0029
8700,991.4,406.2,85.0359,85.0388,85.0458,-0.0099,-0.0070,0.0029
8701,997.4,369.1,85.0355,85.0384,85.0453,-0.0098,-0.0068,0.0029
8702,1000.5,365.1,85.0351,85.0380,85.0447,-0.0096,-0.0067,0.0030
8703,1006.9,399.9,85.0347,85.0377,85.0443,-0.0096,-0.0066,0.0030
8704,989.9,358.0,85.0344,85.0373,85.0443,-0.0099,-0.0070,0.0030
8705,1001.5,364.9,85.0340,85.0370,85.0439,-0.0099,-0.0069,0.0030
8706,1019.9,337.0,85.0336,85.0366,85.0435,-0.0099,-0.0069,0.0030
8707,991.5,486.2,85.0333,85.0363,85.0431,-0.0098,-0.0069,0.0030
8708,1027.0,355.8,85.0330,85.0359,85.0428,-0.0098,-0.0069,0.0030
8709,971.3,387.0,85.0326,85.0356,85.0424,-0.0097,-0.0067,0.0030
8710,995.2,358.1,85.0323,85.0353,85.0420,-0.0097,-0.0067,0.0030
8711,995.4,354.9,85.0320,85.0350,85.0415,-0.0095,-0.0066,0.0030
8712,992.1,319.9,85.0317,85.0347,85.0411,-0.0094,-0.0064,0.0030
8713,996.9,307.8,85.0314,85.0344,85.0411,-0.0097,-0.0067,0.0030
8714,1004.0,366.3,85.0311,85.0341,85.0402,-0.0091,-0.0061,0.0030
8715,1016.3,443.8,85.0308,85.0338,85.0398,-0.0090,-0.0060,0.0030
8716,995.6,689.2,85.0306,85.0336,85.0394,-0.0088,-0.0058,0.0030
8717,1002.0,391.1,85.0303,85.0333,85.0389,-0.0086,-0.0056,0.0030
8718,996.4,388.7,85.0300,85.0331,85.0384,-0.0084,-0.0054,0.0030
8719,1002.4,708.6,85.0298,85.0328,85.0380,-0.0082,-0.0052,0.0030
8720,989.1,384.9,85.0296,85.0326,85.0380,-0.0085,-0.0054,0.0030
8721,1004.2,354.2,85.0293,85.0323,85.0372,-0.0079,-0.0049,0.0030
8722,991.7,372.3,85.0291,85.0321,85.0372,-0.0082,-0.0051,0.0030
8723,1005.2,345.3,85.0289,85.0319,85.0365,-0.0076,-0.0046,0.0030
8724,1000.6,355.7,85.0287,85.0317,85.0360,-0.0074,-0.0043,0.0030
8725,1007.0,341.6,85.0285,85.0315,85.0357,-0.0072,-0.0042,0.0030
8726,1001.8,362.7,85.0283,85.0313,85.0353,-0.0070,-0.0040,0.0030
8727,993.3,402.7,85.0281,85.0311,85.0349,-0.0068,-0.0038,0.0031
8728,1019.8,371.6,85.0279,85.0310,85.0346,-0.0067,-0.0036,0.0031
8729,984.2,383.8,85.0277,85.0308,85.0342,-0.0065,-0.0034,0.0031
8730,1005.1,385.4,85.0276,85.0306,85.0340,-0.0064,-0.0033,0.0031
8731,1015.5,347.1,85.0274,85.0305,85.0336,-0.0062,-0.0032,0.0031
8732,1006.5,364.7,85.0273,85.0304,85.0333,-0.0060,-0.0030,0.0031
8733,975.2,871.0,85.0271,85.0302,85.0331,-0.0059,-0.0028,0.0031
8734,1405.1,383.1,85.0270,85.0301,85.0327,-0.0057,-0.0026,0.0031
8735,591.7,627.5,85.0269,85.0300,85.0323,-0.0055,-0.0024,0.0031
8736,1024.7,365.3,85.0268,85.0299,85.0320,-0.0052,-0.0021,0.0031
8737,983.7,733.9,85.0267,85.0298,85.0315,-0.0049,-0.0018,0.0031
8738,1009.0,420.4,85.0266,85.0297,85.0311,-0.0046,-0.0015,0.0031
8739,988.4,524.1,85.0265,85.0296,85.0308,-0.0043,-0.0012,0.0031
8740,1008.8,725.2,85.0264,85.0295,85.0305,-0.0041,-0.0010,0.0031
8741,982.2,374.3,85.0263,85.0294,85.0303,-0.0040,-0.0009,0.0031
8742,990.8,328.8,85.0263,85.0294,85.0303,-0.0041,-0.0010,0.0031
8743,1003.4,337.8,85.0262,85.0293,85.0302,-0.0040,-0.0008,0.0031
8744,996.8,354.4,85.0261,85.0293,85.0301,-0.0039,-0.0008,0.0031
8745,1033.2,400.3,85.0261,85.0292,85.0298,-0.0037,-0.0006,0.0031
8746,978.2,372.5,85.0261,85.0292,85.0297,-0.0036,-0.0005,0.0031
8747,995.6,405.4,85.0260,85.0292,85.0295,-0.0035,-0.0003,0.0031
8748,999.3,385.4,85.0260,85.0292,85.0293,-0.0033,-0.0001,0.0031
8749,1008.6,347.0,85.0260,85.0291,85.0290,-0.0030,0.0002,0.0031
8750,985.1,340.5,85.0260,85.0291,85.0290,-0.0030,0.0002,0.0031
8751,1009.3,386.7,85.0260,85.0292,85.0284,-0.0024,0.0007,0.0031
8752,1005.9,711.1,85.0260,85.0292,85.0282,-0.0022,0.0010,0.0032
8753,987.6,339.9,85.0260,85.0292,85.0282,-0.0022,0.0010,0.0032
8754,996.8,351.7,85.0261,85.0292,85.0280,-0.0019,0.0012,0.0032
8755,1027.4,390.2,85.0261,85.0293,85.0277,-0.0016,0.0016,0.0032
8756,1190.7,528.3,85.0261,85.0293,85.0276,-0.0015,0.0017,0.0032
8757,801.9,383.8,85.0262,85.0294,85.0276,-0.0015,0.0017,0.0032
8758,997.0,395.6,85.0263,85.0294,85.0276,-0.0014,0.0018,0.0032
8759,1160.6,386.0,85.0263,85.0295,85.0276,-0.0013,0.0018,0.0032
8760,832.1,372.7,85.0264,85.0296,85.0276,-0.0013,0.0019,0.0032
8761,991.2,325.6,85.0265,85.0297,85.0276,-0.0012,0.0020,0.0032
8762,999.8,352.5,85.0266,85.0298,85.0275,-0.0009,0.0023,0.0032
8763,999.2,349.1,85.0267,85.0299,85.0275,-0.0008,0.0024,0.0032
8764,1011.3,509.0,85.0268,85.0300,85.0273,-0.0006,0.0026,0.0032
8765,990.3,448.2,85.0269,85.0301,85.0273,-0.0004,0.0028,0.0032
8766,997.0,404.1,85.0270,85.0302,85.0273,-0.0003,0.0029,0.0032
8767,1011.1,436.9,85.0271,85.0304,85.0272,-0.0000,0.0032,0.0032
8768,1011.0,452.9,85.0273,85.0305,85.0271,0.0002,0.0034,0.0032
8769,992.3,409.6,85.0274,85.0306,85.0271,0.0003,0.0035,0.0032
8770,995.0,382.7,85.0276,85.0308,85.0271,0.0005,0.0037,0.0032
8771,1337.2,481.2,85.0277,85.0310,85.0271,0.0007,0.0039,0.0032
8772,677.4,403.0,85.0279,85.0311,85.0271,0.0009,0.0041,0.0032
8773,992.5,378.0,85.0281,85.0313,85.0271,0.0010,0.0043,0.0032
8774,1001.3,374.5,85.0283,85.0315,85.0271,0.0012,0.0045,0.0032
8775,1032.9,669.8,85.0285,85.0317,85.0271,0.0014,0.0047,0.0032
8776,970.1,372.7,85.0287,85.0319,85.0271,0.0016,0.0049,0.0032
8777,994.1,383.2,85.0289,85.0321,85.0271,0.0018,0.0051,0.0032
8778,996.9,367.8,85.0291,85.0323,85.0271,0.0020,0.0053,0.0033
8779,1006.8,554.6,85.0293,85.0326,85.0271,0.0023,0.0055,0.0033
8780,1007.6,391.7,85.0296,85.0328,85.0271,0.0025,0.0058,0.0033
8781,989.6,376.7,85.0298,85.0331,85.0271,0.0027,0.0060,0.0033
8782,998.9,366.6,85.0300,85.0333,85.0271,0.0030,0.0063,0.0033
8783,1000.1,374.6,85.0303,85.0336,85.0271,0.0032,0.0065,0.0033
8784,1002.0,369.9,85.0306,85.0338,85.0271,0.0035,0.0067,0.0033
8785,994.2,341.1,85.0308,85.0341,85.0271,0.0037,0.0070,0.0033
8786,989.8,329.8,85.0311,85.0344,85.0271,0.0040,0.0073,0.0033
8787,1020.0,372.8,85.0314,85.0347,85.0272,0.0042,0.0075,0.0033
8788,987.0,373.9,85.0317,85.0350,85.0272,0.0045,0.0078,0.0033
8789,1020.6,385.9,85.0320,85.0353,85.0272,0.0048,0.0081,0.0033
8790,982.6,764.9,85.0323,85.0356,85.0272,0.0051,0.0084,0.0033
8791,1002.0,436.5,85.0326,85.0359,85.0272,0.0054,0.0087,0.0033
8792,1000.2,421.6,85.0330,85.0363,85.0273,0.0057,0.0090,0.0033
8793,1006.5,389.9,85.0333,85.0366,85.0273,0.0060,0.0093,0.0033
8794,1006.1,377.7,85.0336,85.0370,85.0273,0.0064,0.0097,0.0033
8795,992.6,401.6,85.0340,85.0373,85.0273,0.0067,0.0100,0.0033
8796,990.7,382.1,85.0344,85.0377,85.0273,0.0070,0.0103,0.0033
8797,1001.5,363.3,85.0347,85.0380,85.0274,0.0073,0.0107,0.0033
8798,1011.7,349.4,85.0351,85.0384,85.0274,0.0077,0.0110,0.0033
8799,988.1,413.3,85.0355,85.0388,85.0275,0.0080,0.0113,0.0033
8800,998.0,390.3,85.0359,85.0392,85.0275,0.0084,0.0117,0.0033
8801,1000.4,345.4,85.0363,85.0396,85.0275,0.0087,0.0121,0.0033
8802,1012.6,1109.5,85.0367,85.0400,85.0276,0.0090,0.0124,0.0033
8803,1115.9,316.5,85.0371,85.0404,85.0277,0.0094,0.0127,0.0034
8804,880.1,405.2,85.0375,85.0409,85.0278,0.0097,0.0131,0.0034
8805,1001.0,375.8,85.0379,85.0413,85.0278,0.0101,0.0135,0.0034
8806,1013.5,386.3,85.0384,85.0417,85.0279,0.0105,0.0139,0.0034
8807,986.5,398.0,85.0388,85.0422,85.0280,0.0108,0.0142,0.0034
8808,1012.9,699.0,85.0393,85.0426,85.0280,0.0112,0.0146,0.0034
8809,985.5,401.6,85.0397,85.0431,85.0281,0.0116,0.0150,0.0034
8810,998.5,374.6,85.0402,85.0436,85.0283,0.0120,0.0153,0.0034
8811,1016.4,692.4,85.0407,85.0441,85.0284,0.0123,0.0157,0.0034
8812,981.8,381.6,85.0412,85.0446,85.0284,0.0128,0.0161,0.0034
8813,1004.9,376.3,85.0417,85.0451,85.0285,0.0131,0.0165,0.0034
8814,1067.8,736.2,85.0422,85.0456,85.0286,0.0135,0.0169,0.0034
8815,919.3,419.1,85.0427,85.0461,85.0287,0.0140,0.0174,0.0034
8816,1009.7,412.3,85.0432,85.0466,85.0288,0.0144,0.0178,0.0034
8817,1003.0,675.4,85.0437,85.0471,85.0289,0.0148,0.0182,0.0034
8818,991.4,343.9,85.0442,85.0477,85.0290,0.0152,0.0186,0.0034
8819,992.1,317.1,85.0448,85.0482,85.0290,0.0158,0.0192,0.0034
8820,1021.3,344.5,85.0453,85.0488,85.0293,0.0160,0.0194,0.0034
8821,1013.1,381.1,85.0459,85.0493,85.0294,0.0164,0.0199,0.0034
8822,1002.6,367.0,85.0465,85.0499,85.0296,0.0168,0.0203,0.0034
8823,976.3,340.2,85.0470,85.0505,85.0298,0.0172,0.0207,0.0034
8824,990.1,371.2,85.0476,85.0510,85.0298,0.0178,0.0213,0.0034
8825,999.2,319.0,85.0482,85.0516,85.0300,0.0182,0.0216,0.0034
8826,997.4,316.6,85.0488,85.0522,85.0302,0.0186,0.0220,0.0034
8827,1014.0,342.2,85.0494,85.0528,85.0308,0.0186,0.0221,0.0034
8828,985.3,313.5,85.0500,85.0535,85.0308,0.0192,0.0227,0.0034
8829,999.2,328.7,85.0506,85.0541,85.0311,0.0195,0.0229,0.0035
8830,1000.7,317.6,85.0512,85.0547,85.0315,0.0197,0.0232,0.0035
8831,1017.3,343.9,85.0519,85.0553,85.0326,0.0193,0.0228,0.0035
8832,980.5,304.2,85.0525,85.0560,85.0326,0.0200,0.0234,0.0035
8833,1004.8,319.4,85.0532,85.0566,85.0332,0.0200,0.0234,0.0035
8834,1006.0,375.6,85.0538,85.0573,85.0347,0.0191,0.0226,0.0035
8835,990.2,301.7,85.0545,85.0580,85.0347,0.0198,0.0233,0.0035
8836,1015.5,366.2,85.0552,85.0587,85.0363,0.0189,0.0223,0.0035
8837,985.1,354.1,85.0559,85.0593,85.0363,0.0195,0.0230,0.0035
8838,1032.3,335.9,85.0565,85.0600,85.0374,0.0191,0.0226,0.0035
8839,971.9,354.5,85.0572,85.0607,85.0374,0.0198,0.0233,0.0035
8840,999.2,349.9,85.0579,85.0614,85.0378,0.0202,0.0237,0.0035
8841,998.2,355.2,85.0587,85.0622,85.0382,0.0204,0.0239,0.0035
8842,998.5,328.1,85.0594,85.0629,85.0387,0.0207,0.0242,0.0035
8843,1020.7,372.7,85.0601,85.0636,85.0399,0.0202,0.0238,0.0035
8844,979.1,349.5,85.0608,85.0644,85.0399,0.0210,0.0245,0.0035
8845,1000.8,323.6,85.0616,85.0651,85.0404,0.0212,0.0247,0.0035
8846,1015.8,335.5,85.0623,85.0659,85.0410,0.0213,0.0249,0.0035
8847,987.7,320.0,85.0631,85.0666,85.0417,0.0214,0.0249,0.0035
8848,1011.9,354.9,85.0639,85.0674,85.0431,0.0207,0.0243,0.0035
8849,982.9,308.0,85.0646,85.0682,85.0431,0.0215,0.0250,0.0035
8850,1017.0,327.8,85.0654,85.0690,85.0444,0.0210,0.0246,0.0035
8851,989.6,305.7,85.0662,85.0698,85.0444,0.0218,0.0254,0.0035
8852,1021.4,680.2,85.0670,85.0706,85.0456,0.0214,0.0250,0.0035
8853,987.2,370.4,85.0678,85.0714,85.0461,0.0218,0.0253,0.0035
8854,1002.2,383.6,85.0686,85.0722,85.0467,0.0219,0.0255,0.0036
8855,998.6,353.3,85.0695,85.0730,85.0473,0.0222,0.0257,0.0036
8856,992.1,318.8,85.0703,85.0739,85.0473,0.0230,0.0266,0.0036
8857,1012.0,379.3,85.0711,85.0747,85.0485,0.0226,0.0262,0.0036
8858,996.2,355.3,85.0720,85.0755,85.0492,0.0227,0.0263,0.0036
8859,999.2,600.4,85.0728,85.0764,85.0501,0.0228,0.0263,0.0036
8860,1010.1,599.9,85.0737,85.0773,85.0508,0.0229,0.0264,0.0036
8861,1006.3,671.5,85.0746,85.0781,85.0516,0.0230,0.0266,0.0036
8862,983.6,347.4,85.0754,85.0790,85.0524,0.0230,0.0266,0.0036
8863,988.8,329.2,85.0763,85.0799,85.0524,0.0239,0.0275,0.0036
8864,1030.3,688.1,85.0772,85.0808,85.0539,0.0233,0.0269,0.0036
8865,977.4,389.5,85.0781,85.0817,85.0539,0.0242,0.0278,0.0036
8866,999.7,407.4,85.0790,85.0826,85.0555,0.0236,0.0272,0.0036
8867,998.8,395.3,85.0799,85.0835,85.0555,0.0245,0.0281,0.0036
8868,1008.2,344.8,85.0809,85.0845,85.0563,0.0245,0.0282,0.0036
8869,993.9,405.3,85.0818,85.0854,85.0572,0.0246,0.0282,0.0036
8870,998.2,549.7,85.0827,85.0864,85.0572,0.0255,0.0292,0.0036
8871,999.7,378.2,85.0837,85.0873,85.0590,0.0247,0.0283,0.0036
8872,1008.9,391.5,85.0846,85.0883,85.0600,0.0246,0.0282,0.0036
8873,999.5,389.4,85.0856,85.0892,85.0611,0.0245,0.0282,0.0036
8874,1001.8,412.5,85.0866,85.0902,85.0621,0.0245,0.0281,0.0036
8875,1042.3,359.1,85.0876,85.0912,85.0632,0.0243,0.0279,0.0036
8876,959.0,369.6,85.0885,85.0922,85.0643,0.0242,0.0279,0.0036
8877,990.0,399.7,85.0895,85.0932,85.0653,0.0242,0.0279,0.0036
8878,998.1,357.7,85.0905,85.0942,85.0653,0.0252,0.0289,0.0036
8879,1003.2,736.4,85.0916,85.0952,85.0673,0.0242,0.0279,0.0036
8880,1005.5,386.8,85.0926,85.0962,85.0684,0.0242,0.0279,0.0037
8881,997.9,372.0,85.0936,85.0973,85.0694,0.0242,0.0279,0.0037
8882,995.1,369.0,85.0946,85.0983,85.0703,0.0243,0.0280,0.0037
8883,999.4,355.1,85.0957,85.0993,85.0713,0.0244,0.0280,0.0037
8884,1010.4,379.9,85.0967,85.1004,85.0721,0.0246,0.0283,0.0037
8885,992.1,590.8,85.0978,85.1015,85.0729,0.0248,0.0285,0.0037
8886,1026.0,386.5,85.0988,85.1025,85.0739,0.0250,0.0286,0.0037
8887,984.5,406.4,85.0999,85.1036,85.0749,0.0251,0.0287,0.0037
8888,1010.9,354.9,85.1010,85.1047,85.0757,0.0253,0.0290,0.0037
8889,982.9,367.6,85.1021,85.1058,85.0766,0.0255,0.0292,0.0037
8890,996.0,393.5,85.1032,85.1069,85.0774,0.0258,0.0295,0.0037
8891,999.2,379.3,85.1043,85.1080,85.0782,0.0261,0.0298,0.0037
8892,1008.2,357.7,85.1054,85.1091,85.0789,0.0265,0.0302,0.0037
8893,993.6,345.5,85.1065,85.1102,85.0797,0.0269,0.0306,0.0037
8894,1001.6,395.1,85.1076,85.1113,85.0805,0.0271,0.0308,0.0037
8895,1001.1,369.0,85.1088,85.1125,85.0815,0.0273,0.0310,0.0037
8896,1002.3,361.8,85.1099,85.1136,85.0825,0.0274,0.0312,0.0037
8897,990.0,385.6,85.1111,85.1148,85.0834,0.0277,0.0314,0.0037
8898,1145.5,287.7,85.1122,85.1159,85.0843,0.0279,0.0316,0.0037
8899,862.2,372.4,85.1134,85.1171,85.0853,0.0281,0.0319,0.0037
8900,1009.4,380.4,85.1146,85.1183,85.0861,0.0285,0.0322,0.0037
8901,989.0,354.8,85.1157,85.1195,85.0870,0.0288,0.0325,0.0037
8902,999.2,386.2,85.1169,85.1207,85.0879,0.0291,0.0328,0.0037
8903,1003.2,391.9,85.1181,85.1219,85.0890,0.0291,0.0328,0.0037
8904,1011.9,382.9,85.1193,85.1231,85.0902,0.0291,0.0329,0.0037
8905,981.3,367.5,85.1205,85.1243,85.0915,0.0290,0.0328,0.0038
8906,1001.7,339.4,85.1218,85.1255,85.0915,0.0302,0.0340,0.0038
8907,999.8,368.8,85.1230,85.1268,85.0928,0.0302,0.0340,0.0038
8908,1006.9,588.1,85.1242,85.1280,85.0950,0.0292,0.0330,0.0038
8909,994.5,389.8,85.1255,85.1292,85.0961,0.0294,0.0332,0.0038
8910,992.7,329.6,85.1267,85.1305,85.0961,0.0307,0.0344,0.0038
8911,996.9,821.2,85.1280,85.1318,85.0971,0.0309,0.0347,0.0038
8912,1001.3,342.9,85.1293,85.1330,85.0984,0.0308,0.0346,0.0038
8913,1008.5,350.3,85.1305,85.1343,85.0997,0.0309,0.0347,0.0038
8914,1002.3,373.2,85.1318,85.1356,85.1021,0.0297,0.0335,0.0038
8915,988.1,394.8,85.1331,85.1369,85.1021,0.0310,0.0348,0.0038
8916,999.6,411.6,85.1344,85.1382,85.1034,0.0310,0.0348,0.0038
8917,1004.1,355.7,85.1357,85.1395,85.1046,0.0311,0.0349,0.0038
8918,1000.7,357.4,85.1370,85.1408,85.1059,0.0311,0.0349,0.0038
8919,1013.1,441.1,85.1383,85.1421,85.1085,0.0298,0.0336,0.0038
8920,991.6,397.1,85.1397,85.1435,85.1099,0.0298,0.0336,0.0038
8921,1001.4,382.3,85.1410,85.1448,85.1112,0.0298,0.0336,0.0038
8922,1018.1,422.8,85.1423,85.1462,85.1125,0.0298,0.0336,0.0038
8923,999.0,668.0,85.1437,85.1475,85.1139,0.0298,0.0336,0.0038
8924,991.1,397.9,85.1451,85.1489,85.1152,0.0298,0.0336,0.0038
8925,1002.4,416.3,85.1464,85.1502,85.1166,0.0298,0.0336,0.0038
8926,986.8,394.0,85.1478,85.1516,85.1178,0.0300,0.0338,0.0038
8927,1009.0,417.6,85.1492,85.1530,85.1191,0.0301,0.0339,0.0038
8928,991.6,405.9,85.1506,85.1544,85.1191,0.0315,0.0353,0.0038
8929,999.8,404.5,85.1520,85.1558,85.1204,0.0316,0.0354,0.0038
8930,1003.8,498.6,85.1534,85.1572,85.1229,0.0304,0.0343,0.0038
8931,1014.3,411.8,85.1548,85.1586,85.1243,0.0304,0.0343,0.0039
8932,1001.4,716.9,85.1562,85.1601,85.1257,0.0305,0.0343,0.0039
8933,988.4,382.9,85.1576,85.1615,85.1272,0.0304,0.0343,0.0039
8934,983.8,351.2,85.1591,85.1629,85.1272,0.0319,0.0357,0.0039
8935,1002.5,354.0,85.1605,85.1644,85.1286,0.0319,0.0358,0.0039
8936,1013.7,350.6,85.1620,85.1658,85.1316,0.0304,0.0342,0.0039
8937,986.9,374.8,85.1634,85.1673,85.1316,0.0318,0.0357,0.0039
8938,996.5,360.9,85.1649,85.1688,85.1331,0.0318,0.0356,0.0039
8939,999.8,348.6,85.1664,85.1702,85.1345,0.0318,0.0357,0.0039
8940,1057.0,707.6,85.1678,85.1717,85.1374,0.0304,0.0343,0.0039
8941,968.1,739.3,85.1693,85.1732,85.1388,0.0305,0.0344,0.0039
8942,985.9,368.2,85.1708,85.1747,85.1402,0.0306,0.0345,0.0039
8943,997.2,366.3,85.1723,85.1762,85.1402,0.0321,0.0360,0.0039
8944,1005.6,414.8,85.1738,85.1777,85.1435,0.0303,0.0342,0.0039
8945,1093.8,394.4,85.1754,85.1793,85.1452,0.0302,0.0341,0.0039
8946,940.1,380.8,85.1769,85.1808,85.1470,0.0299,0.0338,0.0039
8947,982.7,392.8,85.1784,85.1823,85.1488,0.0297,0.0336,0.0039
8948,986.4,395.9,85.1800,85.1839,85.1507,0.0292,0.0332,0.0039
8949,998.9,406.1,85.1815,85.1854,85.1526,0.0289,0.0329,0.0039
8950,991.5,506.2,85.1831,85.1870,85.1526,0.0305,0.0344,0.0039
8951,1014.6,424.7,85.1847,85.1886,85.1564,0.0282,0.0321,0.0039
8952,988.5,391.7,85.1862,85.1902,85.1584,0.0279,0.0318,0.0039
8953,1020.6,410.8,85.1878,85.1917,85.1600,0.0278,0.0317,0.0039
8954,999.2,399.5,85.1894,85.1933,85.1616,0.0278,0.0317,0.0039
8955,991.0,384.2,85.1910,85.1949,85.1633,0.0277,0.0317,0.0039
8956,1000.4,404.9,85.1926,85.1965,85.1651,0.0275,0.0314,0.0039
8957,1005.5,418.3,85.1942,85.1982,85.1667,0.0275,0.0315,0.0040
8958,995.9,399.0,85.1958,85.1998,85.1683,0.0275,0.0314,0.0040
8959,995.7,425.7,85.1975,85.2014,85.1699,0.0275,0.0315,0.0040
8960,998.0,394.6,85.1991,85.2031,85.1716,0.0275,0.0315,0.0040
8961,1005.0,371.5,85.2007,85.2047,85.1735,0.0273,0.0312,0.0040
8962,988.5,410.8,85.2024,85.2064,85.1751,0.0272,0.0312,0.0040
8963,999.9,390.7,85.2040,85.2080,85.1768,0.0272,0.0312,0.0040
8964,1020.8,411.8,85.2057,85.2097,85.1786,0.0271,0.0311,0.0040
8965,997.7,462.3,85.2074,85.2114,85.1804,0.0270,0.0310,0.0040
8966,984.6,470.9,85.2091,85.2130,85.1823,0.0268,0.0308,0.0040
8967,999.7,448.8,85.2108,85.2147,85.1842,0.0266,0.0305,0.0040
8968,998.0,412.9,85.2124,85.2164,85.1842,0.0283,0.0322,0.0040
8969,1008.5,408.4,85.2142,85.2181,85.1883,0.0258,0.0298,0.0040
8970,993.8,367.1,85.2159,85.2199,85.1904,0.0255,0.0295,0.0040
8971,1012.5,555.8,85.2176,85.2216,85.1923,0.0253,0.0293,0.0040
8972,988.3,439.1,85.2193,85.2233,85.1943,0.0250,0.0290,0.0040
8973,1031.9,363.2,85.2210,85.2251,85.1961,0.0249,0.0289,0.0040
8974,973.2,380.5,85.2228,85.2268,85.1979,0.0249,0.0289,0.0040
8975,1005.3,354.0,85.2245,85.2286,85.1996,0.0249,0.0289,0.0040
8976,1003.6,363.7,85.2263,85.2303,85.2015,0.0248,0.0288,0.0040
8977,984.6,364.5,85.2281,85.2321,85.2032,0.0248,0.0289,0.0040
8978,996.8,371.3,85.2298,85.2339,85.2032,0.0266,0.0306,0.0040
8979,1005.5,389.4,85.2316,85.2356,85.2065,0.0251,0.0291,0.0040
8980,1002.9,367.6,85.2334,85.2374,85.2083,0.0251,0.0291,0.0040
8981,990.3,322.9,85.2352,85.2392,85.2083,0.0269,0.0309,0.0040
8982,1008.2,415.7,85.2370,85.2410,85.2099,0.0271,0.0311,0.0040
8983,1001.4,373.1,85.2388,85.2428,85.2127,0.0261,0.0301,0.0040
8984,987.9,371.2,85.2406,85.2447,85.2127,0.0279,0.0320,0.0041
8985,999.9,370.4,85.2424,85.2465,85.2142,0.0282,0.0323,0.0041
8986,1002.5,347.7,85.2443,85.2483,85.2171,0.0272,0.0313,0.0041
8987,1373.2,473.4,85.2461,85.2502,85.2186,0.0275,0.0316,0.0041
8988,637.0,385.7,85.2480,85.2520,85.2203,0.0277,0.0318,0.0041
8989,986.3,408.8,85.2498,85.2539,85.2220,0.0279,0.0319,0.0041
8990,1000.6,382.6,85.2517,85.2558,85.2220,0.0297,0.0338,0.0041
8991,1001.1,1152.3,85.2535,85.2576,85.2237,0.0298,0.0339,0.0041
8992,1157.4,360.4,85.2554,85.2595,85.2276,0.0278,0.0319,0.0041
8993,848.3,429.2,85.2573,85.2614,85.2276,0.0297,0.0338,0.0041
8994,1000.5,719.4,85.2592,85.2633,85.2313,0.0279,0.0320,0.0041
8995,1044.7,507.3,85.2611,85.2652,85.2332,0.0279,0.0320,0.0041
8996,957.8,465.0,85.2630,85.2671,85.2354,0.0276,0.0317,0.0041
8997,1002.0,762.3,85.2649,85.2690,85.2373,0.0276,0.0317,0.0041
8998,1002.3,401.0,85.2669,85.2710,85.2393,0.0276,0.0317,0.0041
8999,994.1,371.6,85.2688,85.2729,85.2413,0.0275,0.0316,0.0041
9000,994.9,361.1,85.2707,85.2748,85.2413,0.0294,0.0335,0.0041
9001,1007.3,407.8,85.2727,85.2768,85.2456,0.0270,0.0312,0.0041
9002,995.1,383.5,85.2746,85.2787,85.2456,0.0290,0.0331,0.0041
9003,996.0,358.3,85.2766,85.2807,85.2497,0.0269,0.0310,0.0041
9004,1008.9,364.5,85.2785,85.2827,85.2515,0.0270,0.0312,0.0041
9005,998.0,349.4,85.2805,85.2847,85.2515,0.0290,0.0331,0.0041
9006,3487.8,380.4,85.2825,85.2866,85.2596,0.0229,0.0270,0.0041
9007,386.4,1178.8,85.2845,85.2886,85.2596,0.0249,0.0290,0.0041
9008,1183.3,350.7,85.2865,85.2906,85.2639,0.0226,0.0268,0.0041
9009,354.5,384.1,85.2885,85.2926,85.2639,0.0246,0.0288,0.0041
9010,388.2,263.6,85.2905,85.2947,85.2639,0.0266,0.0308,0.0042
9011,268.6,252.8,85.2925,85.2967,85.2660,0.0266,0.0307,0.0042
9012,930.6,374.0,85.2946,85.2987,85.2679,0.0267,0.0309,0.0042
9013,1004.0,367.4,85.2966,85.3008,85.2699,0.0267,0.0309,0.0042
9014,1010.3,484.3,85.2986,85.3028,85.2717,0.0269,0.0311,0.0042
9015,989.9,412.2,85.3007,85.3049,85.2737,0.0270,0.0312,0.0042
9016,3997.1,1143.9,85.3027,85.3069,85.2824,0.0203,0.0245,0.0042
9017,1151.7,549.3,85.3048,85.3090,85.2845,0.0203,0.0244,0.0042
9018,554.7,250.3,85.3069,85.3111,85.2845,0.0223,0.0265,0.0042
9019,254.1,326.1,85.3090,85.3131,85.2845,0.0244,0.0286,0.0042
9020,334.5,1181.6,85.3110,85.3152,85.2866,0.0245,0.0287,0.0042
9021,1204.0,326.2,85.3131,85.3173,85.2887,0.0245,0.0287,0.0042
9022,330.6,250.0,85.3152,85.3194,85.2887,0.0266,0.0308,0.0042
9023,255.9,251.5,85.3174,85.3216,85.2902,0.0271,0.0313,0.0042
9024,920.5,355.9,85.3195,85.3237,85.2914,0.0281,0.0323,0.0042
9025,996.1,307.3,85.3216,85.3258,85.2914,0.0302,0.0344,0.0042
9026,992.9,319.3,85.3237,85.3279,85.2931,0.0306,0.0348,0.0042
9027,1093.2,2782.0,85.3259,85.3301,85.2963,0.0296,0.0338,0.0042
9028,2788.7,367.1,85.3280,85.3322,85.3000,0.0280,0.0322,0.0042
9029,371.6,276.1,85.3302,85.3344,85.3020,0.0281,0.0324,0.0042
9030,280.1,835.7,85.3323,85.3366,85.3020,0.0303,0.0345,0.0042
9031,839.5,403.6,85.3345,85.3387,85.3041,0.0304,0.0346,0.0042
9032,622.0,307.7,85.3367,85.3409,85.3041,0.0326,0.0368,0.0042
9033,1032.2,372.7,85.3389,85.3431,85.3081,0.0307,0.0350,0.0042
9034,979.0,345.2,85.3411,85.3453,85.3081,0.0329,0.0372,0.0042
9035,991.1,301.1,85.3433,85.3475,85.3100,0.0332,0.0375,0.0042
9036,1041.9,353.2,85.3455,85.3497,85.3138,0.0317,0.0359,0.0042
9037,959.5,371.9,85.3477,85.3519,85.3138,0.0339,0.0381,0.0043
9038,998.9,351.3,85.3499,85.3541,85.3158,0.0341,0.0384,0.0043
9039,999.3,379.3,85.3521,85.3564,85.3195,0.0326,0.0369,0.0043
9040,1008.1,2296.0,85.3544,85.3586,85.3195,0.0349,0.0391,0.0043
9041,2301.3,752.5,85.3566,85.3609,85.3248,0.0318,0.0361,0.0043
9042,758.9,313.3,85.3588,85.3631,85.3248,0.0341,0.0384,0.0043
9043,317.4,398.6,85.3611,85.3654,85.3248,0.0363,0.0406,0.0043
9044,626.1,359.4,85.3634,85.3676,85.3263,0.0371,0.0414,0.0043
9045,989.3,328.4,85.3656,85.3699,85.3263,0.0394,0.0436,0.0043
9046,1008.7,344.6,85.3679,85.3722,85.3296,0.0384,0.0427,0.0043
9047,1001.3,359.8,85.3702,85.3745,85.3312,0.0390,0.0433,0.0043
9048,1016.8,383.9,85.3725,85.3768,85.3329,0.0396,0.0439,0.0043
9049,997.8,393.9,85.3748,85.3791,85.3346,0.0402,0.0445,0.0043
9050,975.7,347.7,85.3771,85.3814,85.3346,0.0425,0.0468,0.0043
9051,1017.0,379.9,85.3794,85.3837,85.3382,0.0413,0.0456,0.0043
9052,1005.0,386.1,85.3818,85.3861,85.3399,0.0418,0.0462,0.0043
9053,972.6,314.1,85.3841,85.3884,85.3399,0.0442,0.0485,0.0043
9054,996.8,311.5,85.3864,85.3907,85.3417,0.0447,0.0490,0.0043
9055,1003.5,326.3,85.3888,85.3931,85.3437,0.0450,0.0494,0.0043
9056,998.8,305.2,85.3911,85.3954,85.3456,0.0455,0.0498,0.0043
9057,996.1,331.5,85.3935,85.3978,85.3475,0.0459,0.0503,0.0043
9058,1020.5,306.1,85.3959,85.4002,85.3496,0.0463,0.0506,0.0043
9059,1014.1,679.4,85.3982,85.4026,85.3539,0.0443,0.0486,0.0043
9060,978.2,327.5,85.4006,85.4050,85.3539,0.0467,0.0510,0.0043
9061,1003.7,343.0,85.4030,85.4073,85.3586,0.0444,0.0488,0.0043
9062,995.0,371.0,85.4054,85.4097,85.3610,0.0444,0.0487,0.0043
9063,1009.4,379.1,85.4078,85.4122,85.3632,0.0446,0.0489,0.0043
9064,989.9,371.0,85.4102,85.4146,85.3654,0.0448,0.0491,0.0043
9065,999.6,724.3,85.4126,85.4170,85.3654,0.0472,0.0516,0.0044
9066,1004.0,400.2,85.4151,85.4194,85.3698,0.0452,0.0496,0.0044
9067,1011.3,376.2,85.4175,85.4219,85.3720,0.0455,0.0498,0.0044
9068,990.4,330.5,85.4199,85.4243,85.3720,0.0479,0.0523,0.0044
9069,993.1,335.0,85.4224,85.4268,85.3767,0.0457,0.0500,0.0044
9070,998.7,341.6,85.4248,85.4292,85.3767,0.0481,0.0525,0.0044
9071,1010.2,335.2,85.4273,85.4317,85.3793,0.0480,0.0524,0.0044
9072,990.1,378.3,85.4298,85.4342,85.3817,0.0481,0.0524,0.0044
9073,991.9,315.9,85.4323,85.4366,85.3841,0.0482,0.0526,0.0044
9074,1040.7,416.1,85.4347,85.4391,85.3892,0.0455,0.0499,0.0044
9075,960.1,329.9,85.4372,85.4416,85.3892,0.0480,0.0524,0.0044
9076,1026.2,474.6,85.4397,85.4441,85.3945,0.0452,0.0496,0.0044
9077,995.2,423.0,85.4422,85.4466,85.3974,0.0449,0.0493,0.0044
9078,990.5,346.1,85.4447,85.4491,85.3974,0.0474,0.0518,0.0044
9079,1000.1,334.3,85.4473,85.4517,85.4006,0.0467,0.0511,0.0044
9080,1282.9,462.9,85.4498,85.4542,85.4062,0.0436,0.0480,0.0044
9081,726.9,359.5,85.4523,85.4567,85.4088,0.0435,0.0479,0.0044
9082,990.8,366.3,85.4549,85.4593,85.4088,0.0461,0.0505,0.0044
9083,1027.8,381.4,85.4574,85.4618,85.4142,0.0432,0.0476,0.0044
9084,977.5,381.1,85.4600,85.4644,85.4168,0.0432,0.0476,0.0044
9085,1006.6,376.0,85.4625,85.4670,85.4195,0.0430,0.0475,0.0044
9086,988.0,343.3,85.4651,85.4695,85.4195,0.0456,0.0500,0.0044
9087,999.9,365.2,85.4677,85.4721,85.4223,0.0454,0.0498,0.0044
9088,997.4,351.2,85.4703,85.4747,85.4250,0.0453,0.0497,0.0044
9089,1008.6,376.1,85.4729,85.4773,85.4305,0.0424,0.0468,0.0044
9090,991.9,387.5,85.4755,85.4799,85.4305,0.0450,0.0494,0.0044
9091,997.4,543.3,85.4781,85.4825,85.4335,0.0446,0.0490,0.0044
9092,996.7,380.0,85.4807,85.4851,85.4363,0.0444,0.0488,0.0045
9093,1026.8,339.9,85.4833,85.4878,85.4421,0.0413,0.0457,0.0045
9094,987.7,400.2,85.4859,85.4904,85.4451,0.0408,0.0453,0.0045
9095,1000.3,359.2,85.4886,85.4930,85.4480,0.0406,0.0450,0.0045
9096,1006.2,366.3,85.4912,85.4957,85.4508,0.0404,0.0449,0.0045
9097,993.0,367.8,85.4939,85.4983,85.4535,0.0404,0.0448,0.0045
9098,1069.0,367.3,85.4965,85.5010,85.4565,0.0401,0.0446,0.0045
9099,936.0,385.7,85.4992,85.5037,85.4591,0.0401,0.0445,0.0045
9100,988.6,359.5,85.5019,85.5063,85.4591,0.0427,0.0472,0.0045
9101,997.6,357.6,85.5045,85.5090,85.4617,0.0428,0.0473,0.0045
9102,1061.8,382.0,85.5072,85.5117,85.4669,0.0403,0.0448,0.0045
9103,938.8,334.0,85.5099,85.5144,85.4669,0.0430,0.0475,0.0045
9104,990.7,316.5,85.5126,85.5171,85.4695,0.0431,0.0476,0.0045
9105,998.1,320.4,85.5153,85.5198,85.4722,0.0431,0.0476,0.0045
9106,1052.9,380.7,85.5180,85.5225,85.4778,0.0402,0.0447,0.0045
9107,968.8,380.8,85.5208,85.5253,85.4804,0.0403,0.0448,0.0045
9108,1001.5,371.6,85.5235,85.5280,85.4831,0.0404,0.0449,0.0045
9109,989.9,372.4,85.5262,85.5307,85.4858,0.0405,0.0450,0.0045
9110,1008.2,348.5,85.5290,85.5335,85.4858,0.0432,0.0477,0.0045
9111,997.0,524.5,85.5317,85.5362,85.4917,0.0400,0.0445,0.0045
9112,1000.5,407.4,85.5345,85.5390,85.4947,0.0398,0.0443,0.0045
9113,987.7,355.6,85.5372,85.5418,85.4947,0.0426,0.0471,0.0045
9114,1054.8,445.9,85.5400,85.5445,85.5007,0.0394,0.0439,0.0045
9115,949.4,368.5,85.5428,85.5473,85.5007,0.0421,0.0467,0.0045
9116,992.3,345.9,85.5456,85.5501,85.5034,0.0422,0.0467,0.0045
9117,1006.6,347.6,85.5484,85.5529,85.5061,0.0423,0.0468,0.0045
9118,995.5,326.6,85.5512,85.5557,85.5089,0.0423,0.0468,0.0045
9119,1010.2,343.1,85.5540,85.5585,85.5119,0.0420,0.0466,0.0045
9120,983.8,310.8,85.5568,85.5613,85.5148,0.0420,0.0465,0.0046
9121,999.7,331.3,85.5596,85.5642,85.5177,0.0419,0.0465,0.0046
9122,1004.2,321.8,85.5624,85.5670,85.5206,0.0418,0.0464,0.0046
9123,1007.8,298.9,85.5653,85.5698,85.5237,0.0416,0.0462,0.0046
9124,1001.6,320.9,85.5681,85.5727,85.5266,0.0415,0.0461,0.0046
9125,1006.1,338.3,85.5710,85.5755,85.5296,0.0414,0.0459,0.0046
9126,989.2,329.3,85.5738,85.5784,85.5326,0.0412,0.0458,0.0046
9127,993.9,319.8,85.5767,85.5813,85.5357,0.0410,0.0456,0.0046
9128,1016.4,333.8,85.5796,85.5841,85.5386,0.0410,0.0455,0.0046
9129,1003.8,365.9,85.5824,85.5870,85.5442,0.0383,0.0429,0.0046
9130,990.7,296.8,85.5853,85.5899,85.5442,0.0412,0.0458,0.0046
9131,1011.6,349.8,85.5882,85.5928,85.5501,0.0381,0.0427,0.0046
9132,994.2,354.6,85.5911,85.5957,85.5501,0.0410,0.0456,0.0046
9133,991.1,311.5,85.5940,85.5986,85.5529,0.0411,0.0457,0.0046
9134,995.1,329.0,85.5969,85.6015,85.5558,0.0411,0.0457,0.0046
9135,1089.8,342.3,85.5998,85.6044,85.5618,0.0380,0.0426,0.0046
9136,918.7,362.7,85.6028,85.6074,85.5647,0.0381,0.0427,0.0046
9137,995.0,367.8,85.6057,85.6103,85.5647,0.0410,0.0456,0.0046
9138,1003.3,370.9,85.6086,85.6133,85.5675,0.0412,0.0458,0.0046
9139,1012.4,432.2,85.6116,85.6162,85.5734,0.0382,0.0428,0.0046
9140,1007.0,415.1,85.6145,85.6192,85.5761,0.0384,0.0430,0.0046
9141,980.7,378.8,85.6175,85.6221,85.5761,0.0414,0.0460,0.0046
9142,997.5,418.1,85.6205,85.6251,85.5789,0.0416,0.0462,0.0046
9143,1025.8,412.1,85.6234,85.6281,85.5843,0.0391,0.0438,0.0046
9144,991.1,381.2,85.6264,85.6311,85.5843,0.0421,0.0467,0.0046
9145,1000.5,401.2,85.6294,85.6341,85.5890,0.0405,0.0451,0.0046
9146,990.1,382.3,85.6324,85.6371,85.5890,0.0435,0.0481,0.0046
9147,999.8,378.3,85.6354,85.6401,85.5912,0.0442,0.0489,0.0046
9148,1006.9,387.6,85.6384,85.6431,85.5961,0.0423,0.0469,0.0046
9149,987.6,347.8,85.6414,85.6461,85.5961,0.0453,0.0500,0.0047
9150,999.7,330.8,85.6445,85.6491,85.5987,0.0458,0.0504,0.0047
9151,1007.7,312.1,85.6475,85.6522,85.6015,0.0460,0.0506,0.0047
9152,1004.6,352.4,85.6505,85.6552,85.6042,0.0464,0.0510,0.0047
9153,987.4,347.5,85.6536,85.6582,85.6067,0.0469,0.0515,0.0047
9154,1011.5,414.2,85.6566,85.6613,85.6120,0.0446,0.0493,0.0047
9155,999.3,341.8,85.6597,85.6644,85.6120,0.0477,0.0524,0.0047
9156,998.6,409.1,85.6628,85.6674,85.6146,0.0481,0.0528,0.0047
9157,1004.6,419.7,85.6658,85.6705,85.6196,0.0462,0.0509,0.0047
9158,1014.2,404.3,85.6689,85.6736,85.6223,0.0466,0.0513,0.0047
9159,988.6,404.4,85.6720,85.6767,85.6248,0.0472,0.0519,0.0047
9160,999.3,392.0,85.6751,85.6798,85.6274,0.0477,0.0524,0.0047
9161,996.2,405.5,85.6782,85.6829,85.6299,0.0482,0.0529,0.0047
9162,991.6,409.7,85.6813,85.6860,85.6299,0.0513,0.0560,0.0047
9163,998.1,385.7,85.6844,85.6891,85.6327,0.0517,0.0564,0.0047
9164,1009.4,400.9,85.6875,85.6922,85.6352,0.0523,0.0570,0.0047
9165,986.3,5013.3,85.6906,85.6954,85.6378,0.0529,0.0576,0.0047
9166,5018.0,420.5,85.6938,85.6985,85.6560,0.0378,0.0425,0.0047
9167,423.2,387.3,85.6969,85.7016,85.6560,0.0409,0.0456,0.0047
9168,389.6,249.3,85.7001,85.7048,85.6560,0.0441,0.0488,0.0047
9169,251.7,252.5,85.7032,85.7079,85.6592,0.0441,0.0488,0.0047
9170,254.5,474.4,85.7064,85.7111,85.6592,0.0472,0.0520,0.0047
9171,476.6,265.1,85.7096,85.7143,85.6592,0.0504,0.0551,0.0047
9172,267.3,310.6,85.7127,85.7175,85.6620,0.0507,0.0554,0.0047
9173,944.4,380.1,85.7159,85.7206,85.6647,0.0512,0.0559,0.0047
9174,980.5,335.4,85.7191,85.7238,85.6647,0.0544,0.0591,0.0047
9175,995.9,343.9,85.7223,85.7270,85.6673,0.0550,0.0598,0.0047
9176,1015.7,353.1,85.7255,85.7302,85.6719,0.0536,0.0583,0.0047
9177,984.5,317.4,85.7287,85.7334,85.6719,0.0568,0.0615,0.0047
9178,1012.7,316.9,85.7319,85.7367,85.6749,0.0571,0.0618,0.0048
9179,980.0,295.1,85.7351,85.7399,85.6783,0.0568,0.0615,0.0048
9180,1000.5,3033.4,85.7384,85.7431,85.6817,0.0566,0.0614,0.0048
9181,3043.2,885.3,85.7416,85.7464,85.6956,0.0460,0.0507,0.0048
9182,891.2,368.9,85.7448,85.7496,85.6956,0.0492,0.0540,0.0048
9183,375.3,844.7,85.7481,85.7529,85.6990,0.0491,0.0539,0.0048
9184,850.2,312.0,85.7514,85.7561,85.7023,0.0491,0.0539,0.0048
9185,314.6,340.4,85.7546,85.7594,85.7023,0.0523,0.0571,0.0048
9186,531.2,291.1,85.7579,85.7627,85.7023,0.0556,0.0604,0.0048
9187,999.3,332.8,85.7612,85.7659,85.7055,0.0557,0.0605,0.0048
9188,999.0,335.2,85.7644,85.7692,85.7082,0.0563,0.0611,0.0048
9189,1005.8,343.7,85.7677,85.7725,85.7107,0.0570,0.0618,0.0048
9190,995.6,368.2,85.7710,85.7758,85.7133,0.0577,0.0625,0.0048
9191,998.6,368.5,85.7743,85.7791,85.7167,0.0577,0.0625,0.0048
9192,991.8,310.3,85.7776,85.7824,85.7197,0.0580,0.0628,0.0048
9193,1030.1,333.4,85.7810,85.7858,85.7254,0.0556,0.0604,0.0048
9194,973.8,292.6,85.7843,85.7891,85.7254,0.0589,0.0637,0.0048
9195,1012.0,315.8,85.7876,85.7924,85.7291,0.0585,0.0633,0.0048
9196,1638.2,352.4,85.7909,85.7958,85.7354,0.0556,0.0604,0.0048
9197,355.5,543.5,85.7943,85.7991,85.7354,0.0589,0.0637,0.0048
9198,997.1,306.0,85.7976,85.8025,85.7387,0.0590,0.0638,0.0048
9199,996.2,343.8,85.8010,85.8058,85.7424,0.0586,0.0634,0.0048
9200,1001.6,332.9,85.8044,85.8092,85.7459,0.0585,0.0633,0.0048
9201,997.1,291.5,85.8077,85.8126,85.7494,0.0584,0.0632,0.0048
9202,1023.7,349.7,85.8111,85.8159,85.7562,0.0549,0.0597,0.0048
9203,975.5,284.8,85.8145,85.8193,85.7562,0.0583,0.0631,0.0048
9204,1015.4,329.6,85.8179,85.8227,85.7596,0.0583,0.0631,0.0048
9205,987.3,278.1,85.8213,85.8261,85.7632,0.0581,0.0630,0.0048
9206,1018.5,316.6,85.8247,85.8295,85.7672,0.0575,0.0623,0.0048
9207,980.6,285.4,85.8281,85.8329,85.7710,0.0571,0.0620,0.0048
9208,1000.3,300.2,85.8315,85.8364,85.7747,0.0568,0.0616,0.0049
9209,4016.3,2847.5,85.8349,85.8398,85.7900,0.0449,0.0498,0.0049
9210,2855.3,424.9,85.8384,85.8432,85.7974,0.0410,0.0458,0.0049
9211,427.2,485.4,85.8418,85.8467,85.8010,0.0408,0.0456,0.0049
9212,487.4,244.9,85.8452,85.8501,85.8010,0.0442,0.0491,0.0049
9213,246.6,294.5,85.8487,85.8536,85.8010,0.0477,0.0525,0.0049
9214,296.1,395.2,85.8521,85.8570,85.8043,0.0478,0.0527,0.0049
9215,399.0,234.7,85.8556,85.8605,85.8043,0.0513,0.0562,0.0049
9216,237.4,256.0,85.8591,85.8640,85.8043,0.0548,0.0597,0.0049
9217,258.0,196.9,85.8626,85.8674,85.8076,0.0550,0.0599,0.0049
9218,801.6,308.2,85.8660,85.8709,85.8076,0.0585,0.0633,0.0049
9219,974.8,299.4,85.8695,85.8744,85.8108,0.0587,0.0636,0.0049
9220,997.2,332.3,85.8730,85.8779,85.8141,0.0589,0.0638,0.0049
9221,1005.0,297.0,85.8765,85.8814,85.8171,0.0594,0.0643,0.0049
9222,998.6,318.1,85.8800,85.8849,85.8204,0.0597,0.0645,0.0049
9223,1005.5,345.5,85.8835,85.8884,85.8241,0.0595,0.0644,0.0049
9224,999.6,333.5,85.8871,85.8920,85.8284,0.0587,0.0636,0.0049
9225,991.4,306.6,85.8906,85.8955,85.8324,0.0582,0.0631,0.0049
9226,1000.4,303.2,85.8941,85.8990,85.8362,0.0579,0.0628,0.0049
9227,1017.0,331.2,85.8977,85.9026,85.8398,0.0578,0.0627,0.0049
9228,987.2,280.6,85.9012,85.9061,85.8436,0.0576,0.0625,0.0049
9229,1013.0,360.0,85.9048,85.9097,85.8471,0.0576,0.0626,0.0049
9230,984.2,303.7,85.9083,85.9133,85.8507,0.0576,0.0625,0.0049
9231,1015.5,302.2,85.9119,85.9168,85.8544,0.0575,0.0624,0.0049
9232,1004.9,314.0,85.9155,85.9204,85.8584,0.0571,0.0620,0.0049
9233,979.5,292.6,85.9191,85.9240,85.8622,0.0569,0.0618,0.0049
9234,1016.6,334.9,85.9226,85.9276,85.8660,0.0566,0.0616,0.0049
9235,981.9,335.5,85.9262,85.9312,85.8699,0.0564,0.0613,0.0049
9236,1000.0,272.6,85.9298,85.9348,85.8740,0.0559,0.0608,0.0049
9237,1002.9,310.5,85.9334,85.9384,85.8776,0.0558,0.0608,0.0049
9238,998.1,283.2,85.9371,85.9420,85.8813,0.0557,0.0607,0.0050
9239,999.8,322.4,85.9407,85.9456,85.8851,0.0556,0.0605,0.0050
9240,1004.8,335.5,85.9443,85.9493,85.8890,0.0554,0.0603,0.0050
9241,996.2,346.1,85.9479,85.9529,85.8924,0.0555,0.0605,0.0050
9242,999.2,333.0,85.9516,85.9565,85.8959,0.0557,0.0607,0.0050
9243,999.3,313.7,85.9552,85.9602,85.8996,0.0556,0.0606,0.0050
9244,1003.0,323.6,85.9589,85.9638,85.9038,0.0550,0.0600,0.0050
9245,996.4,299.2,85.9625,85.9675,85.9078,0.0548,0.0597,0.0050
9246,999.6,279.8,85.9662,85.9712,85.9117,0.0545,0.0594,0.0050
9247,1000.1,437.4,85.9699,85.9748,85.9154,0.0544,0.0594,0.0050
9248,1017.9,317.1,85.9735,85.9785,85.9192,0.0544,0.0594,0.0050
9249,992.7,362.9,85.9772,85.9822,85.9224,0.0548,0.0598,0.0050
9250,990.0,334.7,85.9809,85.9859,85.9257,0.0552,0.0602,0.0050
9251,1000.6,303.1,85.9846,85.9896,85.9291,0.0555,0.0605,0.0050
9252,999.4,351.1,85.9883,85.9933,85.9327,0.0556,0.0606,0.0050
9253,1002.3,340.2,85.9920,85.9970,85.9363,0.0558,0.0608,0.0050
9254,998.7,291.5,85.9957,86.0007,85.9399,0.0559,0.0609,0.0050
9255,1016.6,337.0,85.9995,86.0045,85.9435,0.0559,0.0610,0.0050
9256,987.1,340.1,86.0032,86.0082,85.9473,0.0559,0.0609,0.0050
9257,997.8,339.1,86.0069,86.0119,85.9509,0.0560,0.0610,0.0050
9258,1005.2,284.1,86.0107,86.0157,85.9544,0.0563,0.0613,0.0050
9259,996.6,366.3,86.0144,86.0194,85.9578,0.0566,0.0616,0.0050
9260,996.0,347.7,86.0182,86.0232,85.9613,0.0568,0.0619,0.0050
9261,1002.6,285.7,86.0219,86.0269,85.9646,0.0574,0.0624,0.0050
9262,998.0,335.3,86.0257,86.0307,85.9677,0.0580,0.0630,0.0050
9263,1003.5,288.9,86.0295,86.0345,85.9708,0.0586,0.0637,0.0050
9264,995.6,395.7,86.0332,86.0383,85.9743,0.0589,0.0640,0.0050
9265,1003.7,398.8,86.0370,86.0421,85.9776,0.0594,0.0644,0.0050
9266,996.2,378.6,86.0408,86.0459,85.9809,0.0599,0.0650,0.0050
9267,1002.6,372.1,86.0446,86.0497,85.9841,0.0605,0.0655,0.0050
9268,997.2,312.9,86.0484,86.0535,85.9877,0.0607,0.0658,0.0050
9269,1011.2,345.4,86.0522,86.0573,85.9913,0.0609,0.0660,0.0050
9270,999.9,340.5,86.0560,86.0611,85.9950,0.0611,0.0661,0.0051
9271,999.8,316.8,86.0599,86.0649,85.9987,0.0611,0.0662,0.0051
9272,1012.6,372.8,86.0637,86.0688,86.0028,0.0609,0.0660,0.0051
9273,988.6,371.2,86.0675,86.0726,86.0064,0.0611,0.0662,0.0051
9274,1003.2,403.7,86.0714,86.0764,86.0101,0.0613,0.0664,0.0051
9275,996.7,366.6,86.0752,86.0803,86.0137,0.0615,0.0666,0.0051
9276,1007.8,385.4,86.0791,86.0842,86.0177,0.0614,0.0665,0.0051
9277,991.8,347.4,86.0829,86.0880,86.0215,0.0614,0.0665,0.0051
9278,991.4,305.3,86.0868,86.0919,86.0254,0.0614,0.0664,0.0051
9279,997.6,329.0,86.0907,86.0958,86.0294,0.0613,0.0663,0.0051
9280,1002.3,378.0,86.0946,86.0996,86.0338,0.0608,0.0659,0.0051
9281,997.3,361.0,86.0984,86.1035,86.0379,0.0606,0.0657,0.0051
9282,1005.7,315.5,86.1023,86.1074,86.0420,0.0604,0.0655,0.0051
9283,997.0,353.1,86.1062,86.1113,86.0459,0.0603,0.0654,0.0051
9284,997.4,336.6,86.1101,86.1152,86.0502,0.0599,0.0650,0.0051
9285,999.6,387.4,86.1140,86.1191,86.0543,0.0598,0.0649,0.0051
9286,1005.6,320.0,86.1180,86.1231,86.0584,0.0596,0.0647,0.0051
9287,994.2,343.0,86.1219,86.1270,86.0624,0.0595,0.0646,0.0051
9288,1000.3,331.8,86.1258,86.1309,86.0667,0.0591,0.0642,0.0051
9289,1005.5,404.6,86.1297,86.1349,86.0709,0.0589,0.0640,0.0051
9290,1011.9,404.4,86.1337,86.1388,86.0750,0.0587,0.0638,0.0051
9291,993.3,396.4,86.1376,86.1428,86.0791,0.0586,0.0637,0.0051
9292,1000.2,377.0,86.1416,86.1467,86.0833,0.0583,0.0634,0.0051
9293,1010.6,452.3,86.1455,86.1507,86.0872,0.0584,0.0635,0.0051
9294,994.6,388.9,86.1495,86.1546,86.0909,0.0586,0.0637,0.0051
9295,1003.3,430.1,86.1535,86.1586,86.0945,0.0590,0.0641,0.0051
9296,993.0,424.6,86.1575,86.1626,86.0983,0.0592,0.0643,0.0051
9297,1007.0,350.5,86.1614,86.1666,86.1019,0.0595,0.0647,0.0051
9298,993.2,346.4,86.1654,86.1706,86.1055,0.0600,0.0651,0.0051
9299,999.6,395.1,86.1694,86.1746,86.1091,0.0603,0.0655,0.0051
9300,1000.0,360.1,86.1734,86.1786,86.1131,0.0604,0.0655,0.0051
9301,1012.3,424.4,86.1774,86.1826,86.1168,0.0606,0.0657,0.0051
9302,987.0,416.6,86.1815,86.1866,86.1207,0.0608,0.0659,0.0052
9303,1017.2,365.6,86.1855,86.1906,86.1244,0.0611,0.0662,0.0052
9304,981.3,380.6,86.1895,86.1947,86.1285,0.0610,0.0662,0.0052
9305,1003.2,372.7,86.1935,86.1987,86.1323,0.0612,0.0664,0.0052
9306,1000.9,386.2,86.1976,86.2027,86.1362,0.0613,0.0665,0.0052
9307,1010.4,390.2,86.2016,86.2068,86.1401,0.0615,0.0667,0.0052
9308,991.6,381.1,86.2057,86.2108,86.1443,0.0614,0.0665,0.0052
9309,996.1,384.0,86.2097,86.2149,86.1483,0.0614,0.0666,0.0052
9310,1003.4,356.4,86.2138,86.2190,86.1524,0.0614,0.0665,0.0052
9311,1004.5,363.5,86.2179,86.2230,86.1567,0.0612,0.0664,0.0052
9312,991.3,385.2,86.2219,86.2271,86.1610,0.0609,0.0661,0.0052
9313,999.7,368.5,86.2260,86.2312,86.1657,0.0603,0.0655,0.0052
9314,1003.5,404.6,86.2301,86.2353,86.1743,0.0558,0.0610,0.0052
9315,1001.1,412.2,86.2342,86.2394,86.1743,0.0599,0.0651,0.0052
9316,992.1,378.6,86.2383,86.2435,86.1785,0.0597,0.0649,0.0052
9317,1004.4,373.4,86.2424,86.2476,86.1830,0.0594,0.0646,0.0052
9318,1001.9,369.1,86.2465,86.2517,86.1870,0.0595,0.0647,0.0052
9319,1002.1,363.4,86.2506,86.2558,86.1910,0.0597,0.0649,0.0052
9320,994.1,336.2,86.2547,86.2599,86.1949,0.0598,0.0650,0.0052
9321,999.0,347.3,86.2589,86.2641,86.1992,0.0597,0.0649,0.0052
9322,1000.6,347.6,86.2630,86.2682,86.2032,0.0598,0.0650,0.0052
9323,999.7,335.1,86.2671,86.2724,86.2072,0.0599,0.0651,0.0052
9324,1008.0,347.9,86.2713,86.2765,86.2112,0.0601,0.0653,0.0052
9325,994.0,362.9,86.2754,86.2807,86.2154,0.0600,0.0652,0.0052
9326,1004.8,334.7,86.2796,86.2848,86.2191,0.0605,0.0657,0.0052
9327,1000.6,347.3,86.2838,86.2890,86.2225,0.0612,0.0665,0.0052
9328,1005.4,337.2,86.2879,86.2932,86.2258,0.0621,0.0674,0.0052
9329,988.0,383.5,86.2921,86.2973,86.2293,0.0628,0.0681,0.0052
9330,1000.1,385.6,86.2963,86.3015,86.2326,0.0637,0.0690,0.0052
9331,1000.2,352.2,86.3005,86.3057,86.2359,0.0646,0.0698,0.0052
9332,1016.8,370.3,86.3047,86.3099,86.2394,0.0653,0.0705,0.0052
9333,983.5,351.4,86.3089,86.3141,86.2434,0.0655,0.0707,0.0052
9334,1000.4,397.8,86.3131,86.3183,86.2471,0.0660,0.0712,0.0052
9335,997.1,369.8,86.3173,86.3225,86.2510,0.0663,0.0716,0.0052
9336,1025.7,378.2,86.3215,86.3268,86.2590,0.0625,0.0677,0.0053
9337,985.8,338.6,86.3257,86.3310,86.2590,0.0667,0.0719,0.0053
9338,992.6,366.8,86.3300,86.3352,86.2628,0.0672,0.0725,0.0053
9339,1000.8,367.1,86.3342,86.3395,86.2665,0.0677,0.0730,0.0053
9340,995.7,413.3,86.3384,86.3437,86.2703,0.0681,0.0734,0.0053
9341,1006.4,406.5,86.3427,86.3479,86.2746,0.0681,0.0734,0.0053
9342,993.3,343.2,86.3469,86.3522,86.2785,0.0684,0.0737,0.0053
9343,1000.1,356.2,86.3512,86.3565,86.2825,0.0687,0.0739,0.0053
9344,1000.1,361.9,86.3555,86.3607,86.2866,0.0688,0.0741,0.0053
9345,1009.1,351.4,86.3597,86.3650,86.2908,0.0690,0.0742,0.0053
9346,994.9,316.5,86.3640,86.3693,86.2952,0.0688,0.0740,0.0053
9347,1000.3,358.5,86.3683,86.3736,86.2994,0.0689,0.0742,0.0053
9348,1004.7,363.1,86.3726,86.3779,86.3034,0.0692,0.0744,0.0053
9349,1001.9,377.3,86.3769,86.3821,86.3077,0.0692,0.0745,0.0053
9350,992.6,372.8,86.3812,86.3865,86.3115,0.0696,0.0749,0.0053
9351,1004.9,368.4,86.3855,86.3908,86.3154,0.0701,0.0754,0.0053
9352,993.1,383.2,86.3898,86.3951,86.3193,0.0704,0.0757,0.0053
9353,1013.5,349.8,86.3941,86.3994,86.3239,0.0702,0.0755,0.0053
9354,1003.7,421.9,86.3984,86.4037,86.3324,0.0660,0.0713,0.0053
9355,1001.9,386.2,86.4027,86.4080,86.3367,0.0661,0.0714,0.0053
9356,988.0,356.3,86.4071,86.4124,86.3367,0.0704,0.0757,0.0053
9357,991.5,342.4,86.4114,86.4167,86.3411,0.0703,0.0756,0.0053
9358,1000.7,301.8,86.4158,86.4211,86.3452,0.0706,0.0759,0.0053
9359,1042.1,428.2,86.4201,86.4254,86.3532,0.0669,0.0722,0.0053
9360,958.8,370.3,86.4245,86.4298,86.3532,0.0713,0.0766,0.0053
9361,998.3,351.3,86.4288,86.4341,86.3581,0.0707,0.0760,0.0053
9362,1002.0,392.2,86.4332,86.4385,86.3615,0.0717,0.0770,0.0053
9363,1005.6,351.0,86.4376,86.4429,86.3661,0.0714,0.0767,0.0053
9364,992.1,366.2,86.4419,86.4473,86.3708,0.0712,0.0765,0.0053
9365,1000.0,381.7,86.4463,86.4517,86.3751,0.0712,0.0766,0.0053
9366,1000.0,356.1,86.4507,86.4560,86.3795,0.0712,0.0765,0.0053
9367,1008.0,369.3,86.4551,86.4604,86.3840,0.0711,0.0764,0.0053
9368,1006.8,335.7,86.4595,86.4648,86.3884,0.0711,0.0764,0.0053
9369,982.2,349.7,86.4639,86.4693,86.3931,0.0708,0.0762,0.0053
9370,998.5,451.4,86.4683,86.4737,86.3973,0.0710,0.0764,0.0053
9371,998.8,377.8,86.4727,86.4781,86.4016,0.0711,0.0765,0.0054
9372,1020.3,379.8,86.4772,86.4825,86.4062,0.0710,0.0764,0.0054
9373,993.7,400.4,86.4816,86.4870,86.4112,0.0704,0.0757,0.0054
9374,995.6,392.6,86.4860,86.4914,86.4161,0.0699,0.0753,0.0054
9375,999.4,367.8,86.4905,86.4958,86.4211,0.0694,0.0747,0.0054
9376,1008.8,347.4,86.4949,86.5003,86.4261,0.0688,0.0742,0.0054
9377,987.5,359.8,86.4994,86.5047,86.4315,0.0679,0.0732,0.0054
9378,1002.9,329.8,86.5038,86.5092,86.4365,0.0673,0.0727,0.0054
9379,997.9,354.8,86.5083,86.5137,86.4415,0.0668,0.0722,0.0054
9380,1001.3,370.8,86.5128,86.5181,86.4415,0.0713,0.0767,0.0054
9381,1024.8,490.0,86.5172,86.5226,86.4464,0.0708,0.0762,0.0054
9382,974.8,432.2,86.5217,86.5271,86.4517,0.0700,0.0754,0.0054
9383,1000.9,394.4,86.5262,86.5316,86.4567,0.0695,0.0749,0.0054
9384,1000.1,475.3,86.5307,86.5361,86.4619,0.0688,0.0741,0.0054
9385,1006.2,358.6,86.5352,86.5406,86.4672,0.0680,0.0734,0.0054
9386,995.7,364.8,86.5397,86.5451,86.4729,0.0667,0.0721,0.0054
9387,998.9,330.4,86.5442,86.5496,86.4781,0.0661,0.0715,0.0054
9388,999.7,330.5,86.5487,86.5541,86.4830,0.0657,0.0711,0.0054
9389,1008.3,351.9,86.5532,86.5586,86.4879,0.0653,0.0707,0.0054
9390,985.4,516.3,86.5577,86.5631,86.4922,0.0655,0.0709,0.0054
9391,996.7,393.7,86.5623,86.5677,86.4966,0.0657,0.0711,0.0054
9392,1016.6,428.0,86.5668,86.5722,86.5011,0.0657,0.0712,0.0054
9393,1010.2,350.4,86.5713,86.5767,86.5060,0.0653,0.0707,0.0054
9394,982.9,433.2,86.5759,86.5813,86.5105,0.0654,0.0708,0.0054
9395,1001.1,499.5,86.5804,86.5859,86.5150,0.0654,0.0708,0.0054
9396,998.4,351.9,86.5850,86.5904,86.5194,0.0656,0.0710,0.0054
9397,1010.8,357.1,86.5895,86.5950,86.5241,0.0655,0.0709,0.0054
9398,988.7,358.4,86.5941,86.5995,86.5282,0.0659,0.0713,0.0054
9399,999.2,372.0,86.5987,86.6041,86.5323,0.0664,0.0718,0.0054
9400,1000.6,483.1,86.6033,86.6087,86.5365,0.0668,0.0722,0.0054
9401,1006.4,386.7,86.6078,86.6133,86.5412,0.0667,0.0721,0.0054
9402,993.5,423.4,86.6124,86.6179,86.5455,0.0670,0.0724,0.0054
9403,1014.4,394.1,86.6170,86.6225,86.5498,0.0672,0.0726,0.0054
9404,998.1,406.6,86.6216,86.6271,86.5543,0.0674,0.0728,0.0054
9405,988.1,318.1,86.6262,86.6317,86.5589,0.0673,0.0727,0.0054
9406,1001.4,435.7,86.6308,86.6363,86.5632,0.0676,0.0730,0.0054
9407,1000.2,331.8,86.6355,86.6409,86.5676,0.0679,0.0734,0.0055
9408,1006.9,318.6,86.6401,86.6455,86.5716,0.0684,0.0739,0.0055
9409,991.0,379.2,86.6447,86.6502,86.5760,0.0687,0.0741,0.0055
9410,1010.8,354.8,86.6493,86.6548,86.5803,0.0691,0.0745,0.0055
9411,994.3,357.7,86.6540,86.6594,86.5845,0.0695,0.0749,0.0055
9412,986.9,359.4,86.6586,86.6641,86.5888,0.0699,0.0753,0.0055
9413,1015.9,328.0,86.6633,86.6687,86.5929,0.0703,0.0758,0.0055
9414,1012.1,381.7,86.6679,86.6734,86.5974,0.0705,0.0760,0.0055
9415,996.4,418.3,86.6726,86.6780,86.6015,0.0711,0.0766,0.0055
9416,984.3,444.4,86.6772,86.6827,86.6054,0.0719,0.0773,0.0055
9417,1008.0,333.6,86.6819,86.6874,86.6095,0.0724,0.0779,0.0055
9418,990.8,332.1,86.6866,86.6921,86.6133,0.0732,0.0787,0.0055
9419,1008.3,346.7,86.6913,86.6967,86.6172,0.0741,0.0795,0.0055
9420,992.5,360.6,86.6959,86.7014,86.6211,0.0748,0.0803,0.0055
9421,998.9,465.9,86.7006,86.7061,86.6253,0.0753,0.0808,0.0055
9422,1000.1,513.2,86.7053,86.7108,86.6292,0.0761,0.0816,0.0055
9423,1009.1,363.5,86.7100,86.7155,86.6333,0.0767,0.0822,0.0055
9424,992.1,381.0,86.7147,86.7202,86.6376,0.0771,0.0826,0.0055
9425,1002.3,344.8,86.7194,86.7249,86.6425,0.0769,0.0824,0.0055
9426,1002.3,356.0,86.7242,86.7297,86.6470,0.0771,0.0826,0.0055
9427,1008.3,347.7,86.7289,86.7344,86.6514,0.0775,0.0830,0.0055
9428,988.1,326.0,86.7336,86.7391,86.6558,0.0778,0.0833,0.0055
9429,1006.2,331.1,86.7383,86.7438,86.6606,0.0777,0.0833,0.0055
9430,996.0,368.3,86.7431,86.7486,86.6652,0.0779,0.0834,0.0055
9431,1003.1,415.3,86.7478,86.7533,86.6699,0.0779,0.0834,0.0055
9432,993.7,353.4,86.7526,86.7581,86.6748,0.0777,0.0833,0.0055
9433,1001.1,504.4,86.7573,86.7628,86.6803,0.0770,0.0826,0.0055
9434,990.2,547.0,86.7621,86.7676,86.6853,0.0767,0.0823,0.0055
9435,1013.1,351.2,86.7668,86.7724,86.6904,0.0764,0.0820,0.0055
9436,1005.2,369.7,86.7716,86.7771,86.6955,0.0761,0.0817,0.0055
9437,998.9,320.4,86.7764,86.7819,86.7008,0.0756,0.0811,0.0055
9438,990.8,310.7,86.7812,86.7867,86.7058,0.0754,0.0809,0.0055
9439,1020.7,378.6,86.7859,86.7915,86.7107,0.0752,0.0808,0.0055
9440,977.9,368.5,86.7907,86.7963,86.7156,0.0751,0.0806,0.0055
9441,1005.8,416.0,86.7955,86.8011,86.7212,0.0743,0.0799,0.0055
9442,993.5,406.5,86.8003,86.8059,86.7265,0.0738,0.0793,0.0055
9443,1005.0,417.7,86.8051,86.8107,86.7318,0.0733,0.0788,0.0055
9444,994.4,399.9,86.8099,86.8155,86.7374,0.0725,0.0781,0.0055
9445,1006.2,375.7,86.8147,86.8203,86.7423,0.0724,0.0779,0.0056
9446,994.7,362.5,86.8196,86.8251,86.7471,0.0724,0.0780,0.0056
9447,1000.0,340.1,86.8244,86.8299,86.7519,0.0724,0.0780,0.0056
9448,1000.0,316.2,86.8292,86.8348,86.7571,0.0721,0.0776,0.0056
9449,1006.0,353.0,86.8340,86.8396,86.7620,0.0720,0.0776,0.0056
9450,1005.9,367.2,86.8389,86.8444,86.7670,0.0718,0.0774,0.0056
9451,988.3,352.2,86.8437,86.8493,86.7722,0.0715,0.0771,0.0056
9452,999.8,383.8,86.8486,86.8541,86.7778,0.0707,0.0763,0.0056
9453,1014.2,440.6,86.8534,86.8590,86.7830,0.0704,0.0760,0.0056
9454,996.4,420.5,86.8583,86.8639,86.7880,0.0703,0.0758,0.0056
9455,996.9,369.0,86.8632,86.8687,86.7929,0.0702,0.0758,0.0056
9456,1012.6,3429.0,86.8680,86.8736,86.7982,0.0698,0.0754,0.0056
9457,3436.7,440.4,86.8729,86.8785,86.8181,0.0548,0.0604,0.0056
9458,445.1,326.2,86.8778,86.8834,86.8181,0.0597,0.0652,0.0056
9459,331.0,579.9,86.8827,86.8882,86.8227,0.0599,0.0655,0.0056
9460,584.5,269.8,86.8875,86.8931,86.8227,0.0648,0.0704,0.0056
9461,274.6,325.5,86.8924,86.8980,86.8273,0.0652,0.0708,0.0056
9462,917.4,337.0,86.8973,86.9029,86.8273,0.0701,0.0757,0.0056
9463,1001.5,351.5,86.9022,86.9078,86.8317,0.0706,0.0761,0.0056
9464,998.7,356.0,86.9071,86.9127,86.8360,0.0712,0.0768,0.0056
9465,1003.7,437.5,86.9121,86.9177,86.8434,0.0687,0.0743,0.0056
9466,1004.8,414.7,86.9170,86.9226,86.8434,0.0736,0.0792,0.0056
9467,993.4,342.8,86.9219,86.9275,86.8475,0.0744,0.0800,0.0056
9468,1001.3,349.3,86.9268,86.9324,86.8521,0.0748,0.0804,0.0056
9469,1069.7,409.4,86.9318,86.9374,86.8572,0.0745,0.0801,0.0056
9470,922.7,343.6,86.9367,86.9423,86.8620,0.0747,0.0803,0.0056
9471,1002.1,369.2,86.9416,86.9473,86.8665,0.0752,0.0808,0.0056
9472,1008.9,376.2,86.9466,86.9522,86.8710,0.0756,0.0812,0.0056
9473,4003.6,475.1,86.9515,86.9572,86.8922,0.0593,0.0649,0.0056
9474,484.4,370.6,86.9565,86.9621,86.8922,0.0643,0.0699,0.0056
9475,378.2,356.4,86.9615,86.9671,86.8922,0.0692,0.0748,0.0056
9476,363.0,561.0,86.9664,86.9721,86.8966,0.0698,0.0755,0.0056
9477,568.8,313.4,86.9714,86.9770,86.8966,0.0748,0.0804,0.0056
9478,320.9,258.7,86.9764,86.9820,86.9010,0.0754,0.0811,0.0056
9479,861.9,280.3,86.9814,86.9870,86.9010,0.0804,0.0860,0.0056
9480,999.6,288.7,86.9863,86.9920,86.9052,0.0812,0.0868,0.0056
9481,997.3,276.3,86.9913,86.9970,86.9094,0.0819,0.0876,0.0056
9482,1006.8,3024.9,86.9963,87.0020,86.9132,0.0831,0.0888,0.0056
9483,3032.2,468.1,87.0013,87.0070,86.9322,0.0691,0.0748,0.0056
9484,476.5,378.6,87.0063,87.0120,86.9322,0.0741,0.0798,0.0056
9485,385.8,3124.6,87.0114,87.0170,86.9322,0.0792,0.0848,0.0056
9486,3127.5,392.6,87.0164,87.0220,86.9485,0.0679,0.0735,0.0057
9487,394.8,1645.2,87.0214,87.0270,86.9536,0.0678,0.0735,0.0057
9488,1652.9,696.2,87.0264,87.0321,86.9633,0.0631,0.0688,0.0057
9489,698.7,296.8,87.0314,87.0371,86.9633,0.0681,0.0738,0.0057
9490,299.7,654.5,87.0365,87.0421,86.9687,0.0678,0.0734,0.0057
9491,657.9,313.0,87.0415,87.0472,86.9687,0.0728,0.0785,0.0057
9492,315.4,331.5,87.0466,87.0522,86.9687,0.0778,0.0835,0.0057
9493,333.1,404.2,87.0516,87.0573,86.9736,0.0780,0.0837,0.0057
9494,621.3,277.5,87.0567,87.0623,86.9736,0.0831,0.0888,0.0057
9495,999.6,313.4,87.0617,87.0674,86.9785,0.0832,0.0889,0.0057
9496,998.8,323.3,87.0668,87.0725,86.9834,0.0834,0.0890,0.0057
9497,1007.3,410.3,87.0718,87.0775,86.9885,0.0833,0.0890,0.0057
9498,997.3,306.1,87.0769,87.0826,86.9942,0.0827,0.0884,0.0057
9499,999.0,301.2,87.0820,87.0877,86.9998,0.0822,0.0879,0.0057
9500,994.6,288.4,87.0871,87.0928,87.0054,0.0816,0.0873,0.0057
9501,1014.7,282.6,87.0922,87.0978,87.0111,0.0810,0.0867,0.0057
9502,1009.6,313.9,87.0973,87.1029,87.0171,0.0801,0.0858,0.0057
9503,976.0,262.2,87.1023,87.1080,87.0226,0.0797,0.0854,0.0057
9504,1018.2,307.0,87.1074,87.1131,87.0282,0.0793,0.0850,0.0057
9505,996.5,297.0,87.1125,87.1182,87.0342,0.0783,0.0840,0.0057
9506,987.6,257.7,87.1177,87.1234,87.0399,0.0778,0.0835,0.0057
9507,1018.6,313.2,87.1228,87.1285,87.0456,0.0772,0.0829,0.0057
9508,994.3,288.9,87.1279,87.1336,87.0512,0.0767,0.0824,0.0057
9509,1000.3,304.4,87.1330,87.1387,87.0573,0.0757,0.0814,0.0057
9510,1029.6,323.4,87.1381,87.1438,87.0631,0.0751,0.0808,0.0057
9511,963.9,285.1,87.1433,87.1490,87.0688,0.0744,0.0801,0.0057
9512,1007.5,304.4,87.1484,87.1541,87.0746,0.0738,0.0796,0.0057
9513,991.5,288.2,87.1535,87.1593,87.0809,0.0727,0.0784,0.0057
9514,999.7,323.4,87.1587,87.1644,87.0867,0.0720,0.0777,0.0057
9515,1014.7,355.6,87.1638,87.1696,87.0923,0.0716,0.0773,0.0057
9516,979.9,325.7,87.1690,87.1747,87.0978,0.0712,0.0769,0.0057
9517,1002.7,309.1,87.1742,87.1799,87.1036,0.0706,0.0763,0.0057
9518,1002.7,300.9,87.1793,87.1850,87.1089,0.0704,0.0761,0.0057
9519,1006.2,336.6,87.1845,87.1902,87.1141,0.0704,0.0761,0.0057
9520,998.7,317.9,87.1897,87.1954,87.1191,0.0705,0.0762,0.0057
9521,997.3,337.3,87.1948,87.2006,87.1244,0.0704,0.0761,0.0057
9522,1015.1,483.0,87.2000,87.2057,87.1293,0.0707,0.0765,0.0057
9523,996.9,416.6,87.2052,87.2109,87.1383,0.0669,0.0727,0.0057
9524,991.7,393.6,87.2104,87.2161,87.1383,0.0721,0.0778,0.0057
9525,1001.9,379.1,87.2156,87.2213,87.1428,0.0728,0.0785,0.0057
9526,1004.5,357.8,87.2208,87.2265,87.1475,0.0733,0.0790,0.0057
9527,1004.4,353.2,87.2260,87.2317,87.1510,0.0750,0.0808,0.0057
9528,991.3,368.6,87.2312,87.2369,87.1559,0.0753,0.0811,0.0057
9529,996.1,374.9,87.2364,87.2422,87.1606,0.0758,0.0815,0.0057
9530,997.9,305.7,87.2416,87.2474,87.1649,0.0767,0.0824,0.0058
9531,995.4,287.2,87.2468,87.2526,87.1692,0.0777,0.0834,0.0058
9532,995.9,306.1,87.2521,87.2578,87.1735,0.0785,0.0843,0.0058
9533,1032.0,357.4,87.2573,87.2631,87.1783,0.0790,0.0848,0.0058
9534,993.8,397.8,87.2625,87.2683,87.1826,0.0799,0.0857,0.0058
9535,986.4,339.1,87.2678,87.2735,87.1870,0.0808,0.0865,0.0058
9536,1045.9,361.6,87.2730,87.2788,87.1963,0.0767,0.0825,0.0058
9537,957.1,351.6,87.2783,87.2840,87.1963,0.0819,0.0877,0.0058
9538,1014.4,385.1,87.2835,87.2893,87.2059,0.0776,0.0834,0.0058
9539,988.2,360.0,87.2888,87.2945,87.2059,0.0829,0.0887,0.0058
9540,1039.2,709.0,87.2940,87.2998,87.2162,0.0778,0.0836,0.0058
9541,964.0,398.3,87.2993,87.3051,87.2162,0.0831,0.0888,0.0058
9542,1005.7,375.0,87.3046,87.3103,87.2212,0.0833,0.0891,0.0058
9543,997.5,344.8,87.3098,87.3156,87.2261,0.0837,0.0895,0.0058
9544,987.6,411.3,87.3151,87.3209,87.2310,0.0841,0.0899,0.0058
9545,995.5,378.6,87.3204,87.3262,87.2310,0.0894,0.0952,0.0058
9546,1000.7,371.4,87.3257,87.3315,87.2363,0.0894,0.0952,0.0058
9547,1007.0,383.1,87.3310,87.3368,87.2413,0.0896,0.0954,0.0058
9548,993.3,323.8,87.3363,87.3421,87.2466,0.0896,0.0954,0.0058
9549,1030.6,400.2,87.3416,87.3474,87.2584,0.0832,0.0890,0.0058
9550,971.1,327.7,87.3469,87.3527,87.2584,0.0885,0.0943,0.0058
9551,1021.5,432.4,87.3522,87.3580,87.2641,0.0881,0.0939,0.0058
9552,1002.2,381.1,87.3575,87.3633,87.2696,0.0878,0.0936,0.0058
9553,1497.4,312.8,87.3628,87.3686,87.2805,0.0823,0.0881,0.0058
9554,474.6,326.4,87.3681,87.3739,87.2805,0.0876,0.0934,0.0058
9555,1007.9,334.4,87.3734,87.3793,87.2858,0.0876,0.0934,0.0058
9556,998.2,287.0,87.3788,87.3846,87.2913,0.0875,0.0933,0.0058
9557,1005.6,324.8,87.3841,87.3899,87.2973,0.0868,0.0926,0.0058
9558,988.9,300.0,87.3894,87.3953,87.3030,0.0864,0.0923,0.0058
9559,1000.2,318.7,87.3948,87.4006,87.3086,0.0862,0.0920,0.0058
9560,1013.7,334.6,87.4001,87.4059,87.3142,0.0859,0.0917,0.0058
9561,1002.3,311.8,87.4055,87.4113,87.3203,0.0852,0.0910,0.0058
9562,993.6,344.8,87.4108,87.4166,87.3258,0.0850,0.0908,0.0058
9563,1021.1,357.3,87.4162,87.4220,87.3316,0.0846,0.0905,0.0058
9564,976.7,373.5,87.4215,87.4274,87.3373,0.0842,0.0900,0.0058
9565,1006.9,451.5,87.4269,87.4327,87.3436,0.0833,0.0891,0.0058
9566,994.8,416.5,87.4323,87.4381,87.3495,0.0828,0.0886,0.0058
9567,997.1,425.4,87.4377,87.4435,87.3553,0.0823,0.0882,0.0058
9568,1008.7,396.5,87.4430,87.4489,87.3610,0.0820,0.0878,0.0058
9569,988.6,397.1,87.4484,87.4543,87.3672,0.0812,0.0870,0.0058
9570,1008.1,360.5,87.4538,87.4596,87.3730,0.0808,0.0867,0.0058
9571,992.0,342.7,87.4592,87.4650,87.3788,0.0804,0.0862,0.0058
9572,1046.0,439.4,87.4646,87.4704,87.3910,0.0736,0.0795,0.0058
9573,967.4,378.9,87.4700,87.4758,87.3910,0.0790,0.0849,0.0058
9574,1002.6,441.7,87.4754,87.4812,87.4018,0.0736,0.0794,0.0058
9575,1012.6,396.8,87.4808,87.4866,87.4018,0.0790,0.0848,0.0058
9576,998.5,390.3,87.4862,87.4921,87.4123,0.0739,0.0797,0.0058
9577,987.0,352.2,87.4916,87.4975,87.4123,0.0793,0.0851,0.0059
9578,990.6,352.4,87.4970,87.5029,87.4174,0.0797,0.0855,0.0059
9579,1000.1,349.5,87.5025,87.5083,87.4225,0.0799,0.0858,0.0059
9580,1005.3,350.4,87.5079,87.5137,87.4277,0.0802,0.0861,0.0059
9581,1005.2,327.0,87.5133,87.5192,87.4332,0.0801,0.0860,0.0059
9582,984.6,342.4,87.5187,87.5246,87.4383,0.0804,0.0863,0.0059
9583,999.8,332.8,87.5242,87.5300,87.4434,0.0808,0.0866,0.0059
9584,998.3,327.0,87.5296,87.5355,87.4483,0.0814,0.0872,0.0059
9585,1020.0,334.0,87.5351,87.5409,87.4535,0.0815,0.0874,0.0059
9586,983.1,325.7,87.5405,87.5464,87.4585,0.0820,0.0879,0.0059
9587,1000.4,318.6,87.5460,87.5518,87.4637,0.0823,0.0882,0.0059
9588,1002.9,311.7,87.5514,87.5573,87.4690,0.0825,0.0883,0.0059
9589,1007.7,380.7,87.5569,87.5628,87.4747,0.0822,0.0880,0.0059
9590,985.2,354.6,87.5624,87.5682,87.4800,0.0824,0.0883,0.0059
9591,999.7,561.9,87.5678,87.5737,87.4853,0.0825,0.0884,0.0059
9592,1045.7,506.7,87.5733,87.5792,87.4961,0.0772,0.0831,0.0059
9593,966.0,402.7,87.5788,87.5847,87.4961,0.0827,0.0886,0.0059
9594,992.2,408.6,87.5843,87.5901,87.5013,0.0829,0.0888,0.0059
9595,1000.5,394.3,87.5898,87.5956,87.5066,0.0831,0.0890,0.0059
9596,991.9,368.6,87.5952,87.6011,87.5120,0.0833,0.0892,0.0059
9597,996.4,286.0,87.6007,87.6066,87.5179,0.0829,0.0888,0.0059
9598,1003.2,303.6,87.6062,87.6121,87.5234,0.0829,0.0888,0.0059
9599,1009.5,368.9,87.6117,87.6176,87.5286,0.0831,0.0890,0.0059
9600,1063.0,378.4,87.6172,87.6231,87.5393,0.0779,0.0838,0.0059
9601,944.0,345.4,87.6227,87.6286,87.5393,0.0834,0.0893,0.0059
9602,1008.4,365.0,87.6283,87.6342,87.5445,0.0837,0.0896,0.0059
9603,978.3,277.0,87.6338,87.6397,87.5495,0.0843,0.0902,0.0059
9604,1013.0,333.9,87.6393,87.6452,87.5547,0.0846,0.0905,0.0059
9605,988.6,335.8,87.6448,87.6507,87.5606,0.0842,0.0901,0.0059
9606,1002.8,315.8,87.6503,87.6562,87.5663,0.0841,0.0900,0.0059
9607,1001.3,328.7,87.6559,87.6618,87.5720,0.0838,0.0897,0.0059
9608,996.2,307.2,87.6614,87.6673,87.5777,0.0837,0.0896,0.0059
9609,1015.6,479.5,87.6669,87.6729,87.5838,0.0832,0.0891,0.0059
9610,1011.7,438.1,87.6725,87.6784,87.5953,0.0772,0.0831,0.0059
9611,986.1,398.8,87.6780,87.6839,87.5953,0.0828,0.0887,0.0059
9612,994.0,347.3,87.6836,87.6895,87.6011,0.0825,0.0884,0.0059
9613,1008.9,370.7,87.6891,87.6950,87.6075,0.0817,0.0876,0.0059
9614,978.5,308.9,87.6947,87.7006,87.6133,0.0813,0.0873,0.0059
9615,1017.1,371.7,87.7002,87.7062,87.6191,0.0811,0.0870,0.0059
9616,983.2,379.4,87.7058,87.7117,87.6250,0.0808,0.0868,0.0059
9617,1004.9,313.5,87.7114,87.7173,87.6310,0.0804,0.0863,0.0059
9618,995.6,279.6,87.7169,87.7229,87.6366,0.0804,0.0863,0.0059
9619,1007.1,314.8,87.7225,87.7285,87.6423,0.0802,0.0862,0.0059
9620,1121.4,643.1,87.7281,87.7340,87.6540,0.0741,0.0801,0.0059
9621,870.4,288.4,87.7337,87.7396,87.6540,0.0797,0.0857,0.0059
9622,1016.2,347.8,87.7393,87.7452,87.6595,0.0798,0.0857,0.0059
9623,1010.3,348.3,87.7449,87.7508,87.6648,0.0800,0.0860,0.0059
9624,981.7,362.6,87.7505,87.7564,87.6700,0.0804,0.0864,0.0059
9625,1010.8,382.0,87.7560,87.7620,87.6756,0.0805,0.0864,0.0059
9626,1000.9,376.2,87.7616,87.7676,87.6808,0.0808,0.0868,0.0059
9627,1009.2,384.2,87.7673,87.7732,87.6862,0.0811,0.0870,0.0059
9628,989.3,358.2,87.7729,87.7788,87.6916,0.0812,0.0872,0.0059
9629,1010.7,352.9,87.7785,87.7844,87.6975,0.0810,0.0870,0.0059
9630,986.8,355.2,87.7841,87.7900,87.7028,0.0813,0.0872,0.0059
9631,1009.1,353.0,87.7897,87.7957,87.7081,0.0816,0.0875,0.0060
9632,989.2,372.6,87.7953,87.8013,87.7135,0.0818,0.0878,0.0060
9633,1000.9,370.9,87.8009,87.8069,87.7193,0.0817,0.0876,0.0060
9634,1001.1,382.2,87.8066,87.8125,87.7246,0.0820,0.0879,0.0060
9635,1186.9,302.3,87.8122,87.8182,87.7354,0.0768,0.0827,0.0060
9636,802.3,293.5,87.8178,87.8238,87.7354,0.0824,0.0884,0.0060
9637,1021.3,367.3,87.8235,87.8294,87.7414,0.0821,0.0881,0.0060
9638,974.9,365.5,87.8291,87.8351,87.7470,0.0821,0.0881,0.0060
9639,1019.0,397.2,87.8348,87.8407,87.7523,0.0824,0.0884,0.0060
9640,1006.2,413.6,87.8404,87.8464,87.7575,0.0829,0.0889,0.0060
9641,1002.7,402.2,87.8461,87.8520,87.7631,0.0830,0.0890,0.0060
9642,988.2,377.1,87.8517,87.8577,87.7684,0.0834,0.0893,0.0060
9643,1001.0,380.9,87.8574,87.8634,87.7738,0.0836,0.0896,0.0060
9644,1009.2,379.9,87.8631,87.8690,87.7792,0.0839,0.0899,0.0060
9645,988.6,395.1,87.8687,87.8747,87.7849,0.0838,0.0898,0.0060
9646,997.8,348.6,87.8744,87.8804,87.7901,0.0843,0.0903,0.0060
9647,1009.1,362.4,87.8801,87.8860,87.7951,0.0849,0.0909,0.0060
9648,1017.8,515.3,87.8857,87.8917,87.8052,0.0806,0.0866,0.0060
9649,988.1,406.5,87.8914,87.8974,87.8052,0.0863,0.0922,0.0060
9650,982.6,358.0,87.8971,87.9031,87.8101,0.0870,0.0930,0.0060
9651,1024.6,396.8,87.9028,87.9088,87.8151,0.0877,0.0937,0.0060
9652,992.1,401.2,87.9085,87.9145,87.8203,0.0882,0.0942,0.0060
9653,1001.4,388.8,87.9142,87.9202,87.8260,0.0881,0.0941,0.0060
9654,985.5,367.0,87.9199,87.9259,87.8314,0.0884,0.0944,0.0060
9655,1018.6,398.9,87.9256,87.9316,87.8368,0.0887,0.0947,0.0060
9656,979.5,360.6,87.9313,87.9373,87.8422,0.0891,0.0951,0.0060
9657,1011.5,372.5,87.9370,87.9430,87.8479,0.0890,0.0950,0.0060
9658,986.7,328.9,87.9427,87.9487,87.8534,0.0893,0.0953,0.0060
9659,985.0,304.5,87.9484,87.9544,87.8590,0.0895,0.0955,0.0060
9660,1020.5,342.0,87.9541,87.9601,87.8647,0.0894,0.0954,0.0060
9661,980.4,301.9,87.9598,87.9658,87.8711,0.0887,0.0947,0.0060
9662,1023.7,378.2,87.9656,87.9716,87.8769,0.0886,0.0946,0.0060
9663,980.2,333.5,87.9713,87.9773,87.8828,0.0885,0.0945,0.0060
9664,1001.8,365.2,87.9770,87.9830,87.8885,0.0885,0.0945,0.0060
9665,993.8,390.2,87.9828,87.9888,87.8948,0.0879,0.0939,0.0060
9666,1012.1,411.3,87.9885,87.9945,87.9008,0.0877,0.0937,0.0060
9667,996.0,325.8,87.9942,88.0002,87.9068,0.0874,0.0934,0.0060
9668,992.7,291.3,88.0000,88.0060,87.9128,0.0872,0.0932,0.0060
9669,1015.1,335.7,88.0057,88.0117,87.9191,0.0866,0.0926,0.0060
9670,983.0,312.3,88.0115,88.0175,87.9249,0.0866,0.0926,0.0060
9671,1013.3,302.3,88.0172,88.0232,87.9304,0.0868,0.0928,0.0060
9672,991.5,343.6,88.0230,88.0290,87.9360,0.0870,0.0930,0.0060
9673,1019.0,361.8,88.0287,88.0348,87.9421,0.0867,0.0927,0.0060
9674,989.1,336.1,88.0345,88.0405,87.9477,0.0868,0.0928,0.0060
9675,1007.2,363.0,88.0403,88.0463,87.9536,0.0866,0.0927,0.0060
9676,993.9,438.9,88.0460,88.0521,87.9596,0.0865,0.0925,0.0060
9677,988.2,341.4,88.0518,88.0578,87.9658,0.0860,0.0920,0.0060
9678,999.3,349.8,88.0576,88.0636,87.9716,0.0860,0.0920,0.0060
9679,1002.7,329.0,88.0634,88.0694,87.9775,0.0858,0.0919,0.0060
9680,1003.3,324.2,88.0691,88.0752,87.9837,0.0855,0.0915,0.0060
9681,996.9,364.6,88.0749,88.0810,87.9904,0.0845,0.0906,0.0060
9682,1001.1,373.1,88.0807,88.0867,87.9967,0.0840,0.0900,0.0060
9683,997.5,311.7,88.0865,88.0925,88.0032,0.0833,0.0893,0.0060
9684,996.8,308.5,88.0923,88.0983,88.0094,0.0828,0.0889,0.0060
9685,999.3,340.2,88.0981,88.1041,88.0162,0.0819,0.0880,0.0060
9686,1003.2,299.3,88.1039,88.1099,88.0223,0.0816,0.0876,0.0060
9687,996.3,365.2,88.1097,88.1157,88.0284,0.0813,0.0873,0.0060
9688,1001.1,298.0,88.1155,88.1215,88.0345,0.0810,0.0870,0.0060
9689,999.1,335.4,88.1213,88.1273,88.0406,0.0807,0.0868,0.0060
9690,1003.8,353.9,88.1271,88.1332,88.0469,0.0802,0.0862,0.0060
9691,996.6,352.5,88.1329,88.1390,88.0526,0.0803,0.0864,0.0060
9692,1002.5,303.2,88.1387,88.1448,88.0580,0.0807,0.0868,0.0061
9693,997.5,328.4,88.1446,88.1506,88.0632,0.0813,0.0874,0.0061
9694,1013.8,364.0,88.1504,88.1564,88.0686,0.0817,0.0878,0.0061
9695,987.1,335.0,88.1562,88.1623,88.0744,0.0818,0.0878,0.0061
9696,1011.2,357.1,88.1620,88.1681,88.0795,0.0825,0.0885,0.0061
9697,1001.4,355.4,88.1679,88.1739,88.0841,0.0838,0.0899,0.0061
9698,1018.9,402.3,88.1737,88.1798,88.0960,0.0777,0.0838,0.0061
9699,990.9,361.4,88.1795,88.1856,88.0960,0.0835,0.0896,0.0061
9700,979.9,295.9,88.1854,88.1914,88.1012,0.0841,0.0902,0.0061
9701,997.9,274.9,88.1912,88.1973,88.1064,0.0848,0.0909,0.0061
9702,1008.9,304.0,88.1971,88.2031,88.1120,0.0851,0.0912,0.0061
9703,1106.1,636.1,88.2029,88.2090,88.1229,0.0800,0.0861,0.0061
9704,914.9,542.1,88.2088,88.2148,88.1229,0.0858,0.0919,0.0061
9705,983.9,353.2,88.2146,88.2207,88.1284,0.0862,0.0923,0.0061
9706,1008.8,346.2,88.2205,88.2266,88.1342,0.0863,0.0923,0.0061
9707,990.7,349.4,88.2263,88.2324,88.1395,0.0868,0.0929,0.0061
9708,1006.9,374.1,88.2322,88.2383,88.1448,0.0874,0.0935,0.0061
9709,1000.4,360.2,88.2381,88.2441,88.1502,0.0879,0.0940,0.0061
9710,991.9,318.6,88.2439,88.2500,88.1561,0.0878,0.0939,0.0061
9711,1012.3,358.8,88.2498,88.2559,88.1619,0.0879,0.0940,0.0061
9712,999.0,335.9,88.2557,88.2618,88.1675,0.0882,0.0943,0.0061
9713,990.7,357.9,88.2616,88.2676,88.1675,0.0941,0.1001,0.0061
9714,997.5,405.0,88.2674,88.2735,88.1731,0.0943,0.1004,0.0061
9715,999.4,379.9,88.2733,88.2794,88.1791,0.0942,0.1003,0.0061
9716,1009.1,399.9,88.2792,88.2853,88.1846,0.0946,0.1007,0.0061
9717,982.8,339.7,88.2851,88.2912,88.1901,0.0950,0.1011,0.0061
9718,1004.2,304.6,88.2910,88.2971,88.1964,0.0946,0.1007,0.0061
9719,994.6,358.3,88.2969,88.3030,88.2022,0.0947,0.1007,0.0061
9720,1006.5,378.8,88.3028,88.3089,88.2083,0.0945,0.1005,0.0061
9721,1046.7,414.2,88.3087,88.3148,88.2209,0.0878,0.0939,0.0061
9722,971.9,435.1,88.3146,88.3207,88.2209,0.0937,0.0998,0.0061
9723,999.6,401.8,88.3205,88.3266,88.2268,0.0937,0.0998,0.0061
9724,985.4,349.9,88.3264,88.3325,88.2327,0.0937,0.0998,0.0061
9725,1029.1,426.2,88.3323,88.3384,88.2454,0.0869,0.0930,0.0061
9726,965.1,325.3,88.3382,88.3443,88.2454,0.0928,0.0989,0.0061
9727,996.0,353.1,88.3441,88.3502,88.2518,0.0924,0.0985,0.0061
9728,1002.4,311.3,88.3501,88.3562,88.2583,0.0918,0.0979,0.0061
9729,1003.1,321.5,88.3560,88.3621,88.2646,0.0913,0.0974,0.0061
9730,995.3,361.9,88.3619,88.3680,88.2715,0.0904,0.0965,0.0061
9731,999.6,319.8,88.3678,88.3739,88.2779,0.0899,0.0960,0.0061
9732,1022.4,445.2,88.3738,88.3799,88.2844,0.0894,0.0955,0.0061
9733,1002.1,394.2,88.3797,88.3858,88.2908,0.0889,0.0950,0.0061
9734,990.1,402.4,88.3856,88.3917,88.2977,0.0879,0.0940,0.0061
9735,997.5,336.4,88.3916,88.3977,88.3041,0.0875,0.0936,0.0061
9736,1001.6,377.0,88.3975,88.4036,88.3102,0.0873,0.0935,0.0061
9737,1006.7,353.9,88.4034,88.4096,88.3160,0.0874,0.0935,0.0061
9738,1000.4,335.9,88.4094,88.4155,88.3224,0.0870,0.0931,0.0061
9739,986.9,341.7,88.4153,88.4214,88.3281,0.0872,0.0933,0.0061
9740,1002.0,426.7,88.4213,88.4274,88.3338,0.0875,0.0936,0.0061
9741,1008.4,426.0,88.4272,88.4334,88.3395,0.0877,0.0938,0.0061
9742,998.2,583.3,88.4332,88.4393,88.3458,0.0874,0.0935,0.0061
9743,1015.9,414.1,88.4391,88.4453,88.3515,0.0877,0.0938,0.0061
9744,983.2,340.7,88.4451,88.4512,88.3572,0.0879,0.0940,0.0061
9745,997.3,340.2,88.4511,88.4572,88.3628,0.0883,0.0944,0.0061
9746,1003.3,332.5,88.4570,88.4632,88.3689,0.0882,0.0943,0.0061
9747,1009.6,352.7,88.4630,88.4691,88.3746,0.0884,0.0945,0.0061
9748,986.5,314.9,88.4690,88.4751,88.3802,0.0887,0.0948,0.0061
9749,1001.0,357.6,88.4749,88.4811,88.3860,0.0889,0.0950,0.0061
9750,993.0,305.0,88.4809,88.4870,88.3921,0.0888,0.0949,0.0061
9751,997.5,302.5,88.4869,88.4930,88.3978,0.0891,0.0952,0.0061
9752,1002.5,369.9,88.4929,88.4990,88.4035,0.0894,0.0955,0.0061
9753,1009.3,317.7,88.4989,88.5050,88.4092,0.0897,0.0958,0.0061
9754,1002.8,353.4,88.5048,88.5110,88.4153,0.0895,0.0957,0.0061
9755,988.0,295.1,88.5108,88.5170,88.4210,0.0899,0.0960,0.0061
9756,1010.8,309.1,88.5168,88.5230,88.4265,0.0903,0.0964,0.0061
9757,984.0,382.8,88.5228,88.5289,88.4319,0.0909,0.0970,0.0061
9758,1020.2,381.0,88.5288,88.5349,88.4376,0.0912,0.0973,0.0061
9759,991.2,370.4,88.5348,88.5409,88.4428,0.0920,0.0982,0.0061
9760,996.6,355.9,88.5408,88.5469,88.4481,0.0927,0.0988,0.0061
9761,999.1,329.4,88.5468,88.5529,88.4536,0.0932,0.0994,0.0061
9762,1009.1,395.9,88.5528,88.5589,88.4596,0.0932,0.0993,0.0061
9763,991.1,388.6,88.5588,88.5649,88.4654,0.0934,0.0996,0.0061
9764,999.5,375.1,88.5648,88.5710,88.4711,0.0937,0.0998,0.0061
9765,1007.8,374.1,88.5708,88.5770,88.4768,0.0940,0.1001,0.0061
9766,1000.1,436.0,88.5768,88.5830,88.4830,0.0938,0.0999,0.0061
9767,991.7,482.4,88.5828,88.5890,88.4890,0.0939,0.1000,0.0061
9768,1009.7,384.3,88.5889,88.5950,88.4951,0.0938,0.0999,0.0062
9769,995.6,474.6,88.5949,88.6010,88.5015,0.0934,0.0996,0.0062
9770,1008.3,367.7,88.6009,88.6071,88.5085,0.0924,0.0986,0.0062
9771,1007.0,353.9,88.6069,88.6131,88.5152,0.0918,0.0979,0.0062
9772,1002.9,386.9,88.6130,88.6191,88.5217,0.0913,0.0974,0.0062
9773,982.6,350.4,88.6190,88.6251,88.5281,0.0909,0.0970,0.0062
9774,989.4,299.5,88.6250,88.6312,88.5351,0.0899,0.0961,0.0062
9775,1005.3,296.0,88.6310,88.6372,88.5416,0.0894,0.0956,0.0062
9776,994.8,301.4,88.6371,88.6432,88.5484,0.0887,0.0948,0.0062
9777,996.0,322.0,88.6431,88.6493,88.5551,0.0881,0.0942,0.0062
9778,1016.2,354.6,88.6492,88.6553,88.5620,0.0871,0.0933,0.0062
9779,986.9,336.5,88.6552,88.6614,88.5685,0.0867,0.0928,0.0062
9780,998.3,328.0,88.6612,88.6674,88.5749,0.0864,0.0925,0.0062
9781,1013.2,282.4,88.6673,88.6735,88.5813,0.0860,0.0922,0.0062
9782,998.9,365.3,88.6733,88.6795,88.5883,0.0850,0.0912,0.0062
9783,997.4,348.7,88.6794,88.6856,88.5949,0.0845,0.0907,0.0062
9784,993.1,339.1,88.6854,88.6916,88.6014,0.0840,0.0902,0.0062
9785,999.1,310.8,88.6915,88.6977,88.6079,0.0836,0.0897,0.0062
9786,999.3,311.0,88.6975,88.7037,88.6148,0.0827,0.0889,0.0062
9787,1005.7,330.0,88.7036,88.7098,88.6212,0.0824,0.0886,0.0062
9788,994.7,397.5,88.7097,88.7158,88.6275,0.0821,0.0883,0.0062
9789,1024.9,476.7,88.7157,88.7219,88.6404,0.0754,0.0816,0.0062
9790,1001.2,562.8,88.7218,88.7280,88.6404,0.0814,0.0876,0.0062
9791,1006.2,424.2,88.7279,88.7340,88.6462,0.0816,0.0878,0.0062
9792,980.2,325.5,88.7339,88.7401,88.6520,0.0820,0.0881,0.0062
9793,1012.2,326.0,88.7400,88.7462,88.6575,0.0825,0.0887,0.0062
9794,981.6,337.7,88.7461,88.7523,88.6634,0.0827,0.0888,0.0062
9795,1013.2,348.6,88.7521,88.7583,88.6688,0.0833,0.0895,0.0062
9796,995.6,347.4,88.7582,88.7644,88.6742,0.0840,0.0902,0.0062
9797,1002.3,333.7,88.7643,88.7705,88.6794,0.0849,0.0910,0.0062
9798,1007.1,351.5,88.7704,88.7766,88.6849,0.0855,0.0917,0.0062
9799,993.1,343.1,88.7765,88.7827,88.6897,0.0867,0.0929,0.0062
9800,995.5,322.6,88.7826,88.7887,88.6946,0.0880,0.0941,0.0062
9801,992.5,304.1,88.7886,88.7948,88.6995,0.0891,0.0953,0.0062
9802,1004.9,327.7,88.7947,88.8009,88.7049,0.0898,0.0960,0.0062
9803,1005.4,327.9,88.8008,88.8070,88.7102,0.0906,0.0968,0.0062
9804,989.0,335.6,88.8069,88.8131,88.7154,0.0915,0.0977,0.0062
9805,1005.5,354.7,88.8130,88.8192,88.7206,0.0924,0.0986,0.0062
9806,994.5,324.6,88.8191,88.8253,88.7262,0.0929,0.0991,0.0062
9807,1033.2,379.3,88.8252,88.8314,88.7313,0.0939,0.1001,0.0062
9808,966.9,324.2,88.8313,88.8375,88.7364,0.0949,0.1010,0.0062
9809,1005.3,375.3,88.8374,88.8436,88.7418,0.0956,0.1018,0.0062
9810,1007.6,401.9,88.8435,88.8497,88.7479,0.0956,0.1018,0.0062
9811,981.3,331.8,88.8496,88.8558,88.7537,0.0959,0.1021,0.0062
9812,1003.2,327.6,88.8557,88.8619,88.7598,0.0959,0.1021,0.0062
9813,1017.6,358.0,88.8618,88.8680,88.7658,0.0960,0.1022,0.0062
9814,985.2,401.8,88.8679,88.8741,88.7725,0.0955,0.1017,0.0062
9815,1034.8,450.5,88.8741,88.8803,88.7786,0.0955,0.1017,0.0062
9816,985.5,537.0,88.8802,88.8864,88.7848,0.0954,0.1016,0.0062
9817,988.8,342.6,88.8863,88.8925,88.7913,0.0950,0.1012,0.0062
9818,986.6,335.5,88.8924,88.8986,88.7984,0.0940,0.1002,0.0062
9819,1004.6,316.2,88.8985,88.9047,88.8048,0.0937,0.0999,0.0062
9820,1009.6,302.1,88.9046,88.9109,88.8112,0.0934,0.0996,0.0062
9821,998.7,294.7,88.9108,88.9170,88.8175,0.0933,0.0995,0.0062
9822,993.2,302.6,88.9169,88.9231,88.8241,0.0928,0.0990,0.0062
9823,1005.8,307.6,88.9230,88.9292,88.8304,0.0926,0.0988,0.0062
9824,1008.1,341.3,88.9292,88.9354,88.8367,0.0924,0.0986,0.0062
9825,982.3,281.8,88.9353,88.9415,88.8433,0.0920,0.0982,0.0062
9826,1039.3,357.1,88.9414,88.9476,88.8505,0.0909,0.0972,0.0062
9827,964.7,308.9,88.9476,88.9538,88.8572,0.0903,0.0965,0.0062
9828,1012.1,316.4,88.9537,88.9599,88.8639,0.0898,0.0960,0.0062
9829,1005.6,338.6,88.9598,88.9660,88.8706,0.0892,0.0955,0.0062
9830,977.4,310.6,88.9660,88.9722,88.8778,0.0881,0.0943,0.0062
9831,991.8,279.3,88.9721,88.9783,88.8846,0.0875,0.0937,0.0062
9832,999.8,323.1,88.9782,88.9845,88.8914,0.0868,0.0931,0.0062
9833,1008.9,713.3,88.9844,88.9906,88.8980,0.0864,0.0926,0.0062
9834,1014.5,398.9,88.9905,88.9968,88.9049,0.0856,0.0918,0.0062
9835,989.6,312.9,88.9967,89.0029,88.9112,0.0855,0.0917,0.0062
9836,1009.4,321.4,89.0028,89.0091,88.9174,0.0855,0.0917,0.0062
9837,986.3,303.8,89.0090,89.0152,88.9234,0.0856,0.0918,0.0062
9838,1018.0,363.6,89.0151,89.0214,88.9297,0.0855,0.0917,0.0062
9839,979.4,335.3,89.0213,89.0275,88.9352,0.0861,0.0923,0.0062
9840,998.7,363.1,89.0275,89.0337,88.9404,0.0871,0.0933,0.0062
9841,1004.5,363.7,89.0336,89.0398,88.9454,0.0882,0.0945,0.0062
9842,999.0,327.3,89.0398,89.0460,88.9509,0.0889,0.0951,0.0062
9843,997.0,296.0,89.0459,89.0522,88.9562,0.0898,0.0960,0.0062
9844,1016.9,368.3,89.0521,89.0583,88.9616,0.0905,0.0968,0.0062
9845,1001.2,331.2,89.0583,89.0645,88.9670,0.0913,0.0975,0.0062
9846,989.6,316.6,89.0644,89.0706,88.9729,0.0915,0.0978,0.0062
9847,1002.5,330.2,89.0706,89.0768,88.9783,0.0922,0.0985,0.0062
9848,999.4,324.8,89.0768,89.0830,88.9837,0.0930,0.0992,0.0062
9849,1011.0,372.7,89.0829,89.0892,88.9893,0.0936,0.0998,0.0062
9850,1002.6,355.4,89.0891,89.0953,88.9956,0.0935,0.0998,0.0062
9851,981.1,299.0,89.0953,89.1015,89.0015,0.0938,0.1000,0.0062
9852,992.3,350.6,89.1014,89.1077,89.0076,0.0938,0.1001,0.0062
9853,1031.9,442.1,89.1076,89.1138,89.0137,0.0939,0.1001,0.0062
9854,995.8,457.0,89.1138,89.1200,89.0204,0.0934,0.0997,0.0062
9855,999.2,378.9,89.1200,89.1262,89.0265,0.0935,0.0997,0.0062
9856,980.6,297.0,89.1262,89.1324,89.0326,0.0936,0.0998,0.0062
9857,1000.3,298.8,89.1323,89.1386,89.0387,0.0937,0.0999,0.0062
9858,994.6,315.4,89.1385,89.1447,89.0465,0.0920,0.0982,0.0062
9859,1000.1,311.3,89.1447,89.1509,89.0531,0.0916,0.0979,0.0062
9860,1001.9,295.7,89.1509,89.1571,89.0596,0.0913,0.0975,0.0062
9861,1000.5,308.1,89.1571,89.1633,89.0658,0.0912,0.0975,0.0062
9862,996.1,331.4,89.1633,89.1695,89.0724,0.0908,0.0971,0.0062
9863,1012.7,324.1,89.1695,89.1757,89.0784,0.0910,0.0973,0.0062
9864,1012.7,432.7,89.1756,89.1819,89.0846,0.0911,0.0973,0.0062
9865,1006.3,370.2,89.1818,89.1881,89.0908,0.0910,0.0973,0.0062
9866,998.3,372.6,89.1880,89.1943,89.0977,0.0903,0.0966,0.0062
9867,971.6,367.1,89.1942,89.2005,89.1042,0.0900,0.0962,0.0062
9868,1006.4,406.8,89.2004,89.2067,89.1107,0.0897,0.0959,0.0062
9869,1007.6,415.2,89.2066,89.2129,89.1172,0.0894,0.0957,0.0062
9870,992.0,413.6,89.2128,89.2191,89.1240,0.0888,0.0950,0.0062
9871,1007.7,387.9,89.2190,89.2253,89.1305,0.0885,0.0947,0.0062
9872,1004.4,391.9,89.2252,89.2315,89.1371,0.0882,0.0944,0.0062
9873,990.1,338.0,89.2314,89.2377,89.1441,0.0873,0.0936,0.0062
9874,1000.1,334.1,89.2376,89.2439,89.1506,0.0870,0.0933,0.0062
9875,999.6,315.6,89.2438,89.2501,89.1570,0.0868,0.0931,0.0062
9876,1011.4,481.7,89.2500,89.2563,89.1634,0.0866,0.0928,0.0062
9877,996.7,388.9,89.2562,89.2625,89.1634,0.0928,0.0990,0.0062
9878,989.3,334.0,89.2625,89.2687,89.1698,0.0926,0.0989,0.0062
9879,992.9,425.5,89.2687,89.2749,89.1767,0.0919,0.0982,0.0062
9880,1019.9,378.4,89.2749,89.2811,89.1830,0.0919,0.0981,0.0062
9881,990.8,305.0,89.2811,89.2873,89.1891,0.0920,0.0982,0.0062
9882,994.6,316.8,89.2873,89.2935,89.1956,0.0917,0.0979,0.0062
9883,998.6,292.6,89.2935,89.2998,89.2017,0.0918,0.0981,0.0062
9884,1002.7,293.8,89.2997,89.3060,89.2078,0.0920,0.0982,0.0062
9885,1016.2,343.5,89.3059,89.3122,89.2137,0.0922,0.0985,0.0063
9886,977.6,304.9,89.3122,89.3184,89.2201,0.0921,0.0983,0.0063
9887,1003.8,317.7,89.3184,89.3246,89.2259,0.0925,0.0987,0.0063
9888,997.8,334.6,89.3246,89.3309,89.2316,0.0930,0.0993,0.0063
9889,1024.6,373.9,89.3308,89.3371,89.2371,0.0937,0.0999,0.0063
9890,1000.4,432.0,89.3370,89.3433,89.2432,0.0938,0.1001,0.0063
9891,983.0,428.2,89.3433,89.3495,89.2491,0.0942,0.1005,0.0063
9892,997.8,338.1,89.3495,89.3558,89.2551,0.0944,0.1007,0.0063
9893,1012.0,365.8,89.3557,89.3620,89.2612,0.0945,0.1007,0.0063
9894,997.1,341.7,89.3620,89.3682,89.2678,0.0941,0.1004,0.0063
9895,990.6,334.0,89.3682,89.3744,89.2738,0.0944,0.1006,0.0063
9896,1010.5,332.1,89.3744,89.3807,89.2798,0.0946,0.1008,0.0063
9897,1000.4,373.6,89.3806,89.3869,89.2859,0.0948,0.1010,0.0063
9898,998.4,340.8,89.3869,89.3931,89.2925,0.0944,0.1006,0.0063
9899,992.3,321.4,89.3931,89.3994,89.2987,0.0944,0.1006,0.0063
9900,999.2,335.6,89.3993,89.4056,89.3049,0.0944,0.1007,0.0063
9901,1009.1,317.7,89.4056,89.4118,89.3109,0.0947,0.1009,0.0063
9902,985.9,321.3,89.4118,89.4181,89.3170,0.0948,0.1010,0.0063
9903,996.2,318.3,89.4180,89.4243,89.3227,0.0954,0.1016,0.0063
9904,1023.1,327.1,89.4243,89.4305,89.3283,0.0960,0.1023,0.0063
9905,976.5,309.0,89.4305,89.4368,89.3341,0.0964,0.1027,0.0063
9906,1024.4,325.2,89.4368,89.4430,89.3406,0.0962,0.1024,0.0063
9907,1004.7,375.1,89.4430,89.4493,89.3468,0.0962,0.1025,0.0063
9908,987.7,302.5,89.4492,89.4555,89.3531,0.0962,0.1024,0.0063
9909,994.2,653.9,89.4555,89.4617,89.3597,0.0958,0.1020,0.0063
9910,1021.5,445.2,89.4617,89.4680,89.3661,0.0956,0.1019,0.0063
9911,999.3,380.2,89.4680,89.4742,89.3725,0.0954,0.1017,0.0063
9912,977.6,311.3,89.4742,89.4805,89.3791,0.0951,0.1014,0.0063
9913,995.8,343.9,89.4805,89.4867,89.3857,0.0948,0.1011,0.0063
9914,1002.1,319.6,89.4867,89.4930,89.3927,0.0940,0.1003,0.0063
9915,999.6,358.7,89.4929,89.4992,89.3992,0.0937,0.1000,0.0063
9916,996.0,327.9,89.4992,89.5055,89.4057,0.0935,0.0997,0.0063
9917,995.9,338.6,89.5054,89.5117,89.4123,0.0931,0.0994,0.0063
9918,1003.8,280.3,89.5117,89.5180,89.4195,0.0922,0.0984,0.0063
9919,997.3,475.6,89.5179,89.5242,89.4261,0.0918,0.0981,0.0063
9920,998.7,307.4,89.5242,89.5305,89.4326,0.0915,0.0978,0.0063
9921,1000.3,301.3,89.5304,89.5367,89.4390,0.0914,0.0977,0.0063
9922,1008.8,290.6,89.5367,89.5430,89.4457,0.0910,0.0972,0.0063
9923,991.7,287.9,89.5430,89.5492,89.4519,0.0910,0.0973,0.0063
9924,1019.3,315.6,89.5492,89.5555,89.4582,0.0910,0.0973,0.0063
9925,982.1,284.8,89.5555,89.5617,89.4646,0.0909,0.0971,0.0063
9926,1020.4,332.1,89.5617,89.5680,89.4716,0.0901,0.0964,0.0063
9927,983.1,315.1,89.5680,89.5742,89.4780,0.0900,0.0962,0.0063
9928,999.5,323.7,89.5742,89.5805,89.4847,0.0895,0.0958,0.0063
9929,1001.5,312.2,89.5805,89.5868,89.4912,0.0892,0.0955,0.0063
9930,999.7,307.2,89.5867,89.5930,89.4979,0.0888,0.0951,0.0063
9931,1012.6,354.0,89.5930,89.5993,89.5042,0.0888,0.0951,0.0063
9932,1006.0,358.9,89.5993,89.6055,89.5106,0.0887,0.0949,0.0063
9933,990.0,329.6,89.6055,89.6118,89.5171,0.0884,0.0947,0.0063
9934,993.1,346.9,89.6118,89.6181,89.5238,0.0880,0.0943,0.0063
9935,1012.5,369.2,89.6180,89.6243,89.5298,0.0883,0.0945,0.0063
9936,984.2,359.8,89.6243,89.6306,89.5358,0.0885,0.0948,0.0063
9937,1020.6,376.5,89.6306,89.6368,89.5419,0.0886,0.0949,0.0063
9938,1009.8,377.3,89.6368,89.6431,89.5481,0.0887,0.0950,0.0063
9939,996.5,399.2,89.6431,89.6494,89.5547,0.0884,0.0946,0.0063
9940,985.6,403.1,89.6494,89.6556,89.5608,0.0886,0.0949,0.0063
9941,1000.6,389.5,89.6556,89.6619,89.5667,0.0890,0.0952,0.0063
9942,1010.8,359.1,89.6619,89.6682,89.5724,0.0895,0.0958,0.0063
9943,987.8,366.1,89.6682,89.6744,89.5785,0.0897,0.0959,0.0063
9944,1004.1,371.7,89.6744,89.6807,89.5841,0.0904,0.0966,0.0063
9945,986.1,318.1,89.6807,89.6870,89.5897,0.0910,0.0972,0.0063
9946,1023.6,325.4,89.6870,89.6932,89.5956,0.0914,0.0977,0.0063
9947,970.8,324.1,89.6932,89.6995,89.6021,0.0911,0.0974,0.0063
9948,1009.7,308.7,89.6995,89.7058,89.6082,0.0913,0.0976,0.0063
9949,997.0,308.4,89.7058,89.7121,89.6143,0.0915,0.0977,0.0063
9950,1016.7,397.5,89.7120,89.7183,89.6205,0.0916,0.0978,0.0063
9951,1003.2,354.3,89.7183,89.7246,89.6272,0.0911,0.0974,0.0063
9952,976.9,347.9,89.7246,89.7309,89.6336,0.0910,0.0973,0.0063
9953,1004.6,344.5,89.7309,89.7371,89.6400,0.0909,0.0971,0.0063
9954,995.0,341.2,89.7371,89.7434,89.6464,0.0907,0.0970,0.0063
9955,1012.2,356.3,89.7434,89.7497,89.6534,0.0900,0.0963,0.0063
9956,1014.5,335.3,89.7497,89.7560,89.6598,0.0899,0.0961,0.0063
9957,982.7,333.6,89.7560,89.7622,89.6663,0.0897,0.0960,0.0063
9958,1002.8,308.5,89.7622,89.7685,89.6727,0.0895,0.0958,0.0063
9959,998.2,320.6,89.7685,89.7748,89.6798,0.0887,0.0950,0.0063
9960,1005.7,321.8,89.7748,89.7811,89.6863,0.0885,0.0948,0.0063
9961,986.8,272.1,89.7811,89.7873,89.6925,0.0885,0.0948,0.0063
9962,1031.1,307.5,89.7873,89.7936,89.6985,0.0888,0.0951,0.0063
9963,968.5,280.2,89.7936,89.7999,89.7048,0.0888,0.0951,0.0063
9964,1016.4,335.1,89.7999,89.8062,89.7108,0.0891,0.0954,0.0063
9965,988.4,302.1,89.8062,89.8124,89.7168,0.0893,0.0956,0.0063
9966,991.2,320.6,89.8124,89.8187,89.7231,0.0894,0.0957,0.0063
9967,998.2,319.7,89.8187,89.8250,89.7296,0.0891,0.0954,0.0063
9968,1016.1,312.4,89.8250,89.8313,89.7356,0.0893,0.0956,0.0063
9969,1003.6,304.7,89.8313,89.8376,89.7418,0.0895,0.0958,0.0063
9970,1007.6,317.0,89.8376,89.8438,89.7480,0.0895,0.0958,0.0063
9971,982.3,294.0,89.8438,89.8501,89.7548,0.0890,0.0953,0.0063
9972,1000.0,298.6,89.8501,89.8564,89.7614,0.0887,0.0950,0.0063
9973,1016.9,455.0,89.8564,89.8627,89.7681,0.0883,0.0945,0.0063
9974,1010.3,394.6,89.8627,89.8689,89.7748,0.0879,0.0942,0.0063
9975,981.9,396.4,89.8689,89.8752,89.7818,0.0871,0.0934,0.0063
9976,1161.0,321.1,89.8752,89.8815,89.7943,0.0809,0.0872,0.0063
9977,826.9,333.8,89.8815,89.8878,89.7943,0.0872,0.0935,0.0063
9978,1017.1,327.6,89.8878,89.8941,89.8005,0.0873,0.0936,0.0063
9979,1000.9,349.4,89.8941,89.9004,89.8071,0.0870,0.0932,0.0063
9980,992.5,637.9,89.9004,89.9066,89.8133,0.0870,0.0933,0.0063
9981,983.4,357.9,89.9066,89.9129,89.8193,0.0873,0.0936,0.0063
9982,1007.7,298.2,89.9129,89.9192,89.8251,0.0878,0.0941,0.0063
9983,993.2,284.2,89.9192,89.9255,89.8310,0.0882,0.0945,0.0063
9984,1002.8,283.0,89.9255,89.9318,89.8364,0.0891,0.0954,0.0063
9985,997.1,285.7,89.9318,89.9380,89.8417,0.0900,0.0963,0.0063
9986,1009.6,321.5,89.9380,89.9443,89.8472,0.0908,0.0971,0.0063
9987,991.4,307.1,89.9443,89.9506,89.8534,0.0909,0.0972,0.0063
9988,1012.9,329.7,89.9506,89.9569,89.8593,0.0913,0.0976,0.0063
9989,1001.6,382.4,89.9569,89.9632,89.8652,0.0917,0.0980,0.0063
9990,997.1,375.4,89.9632,89.9695,89.8709,0.0923,0.0986,0.0063
9991,991.6,438.1,89.9695,89.9757,89.8771,0.0924,0.0986,0.0063
9992,1013.2,395.4,89.9757,89.9820,89.8829,0.0928,0.0991,0.0063
9993,998.0,325.6,89.9820,89.9883,89.8889,0.0931,0.0994,0.0063
9994,997.8,346.8,89.9883,89.9946,89.8949,0.0934,0.0997,0.0063
9995,1018.0,384.8,89.9946,90.0009,89.9014,0.0932,0.0995,0.0063
9996,982.1,343.3,90.0009,90.0072,89.9074,0.0934,0.0997,0.0063
9997,998.8,370.0,90.0072,90.0134,89.9133,0.0938,0.1001,0.0063
9998,998.9,322.4,90.0134,90.0197,89.9191,0.0943,0.1006,0.0063
9999,1008.8,349.0,90.0197,90.0260,89.9255,0.0942,0.1005,0.0063
