cycle,cycle_dt_us,work_dt_us,q_ideal_deg,q_send_deg,q_meas_deg,error_deg,gap_deg,drift_deg
0,0.0,747.4,89.9969,90.0032,89.9969,0.0000,0.0063,0.0063
1,1056.1,355.5,90.0032,90.0095,89.9969,0.0063,0.0126,0.0063
2,1002.8,415.1,90.0095,90.0158,89.9969,0.0126,0.0188,0.0063
3,1009.0,678.5,90.0158,90.0221,89.9969,0.0188,0.0251,0.0063
4,998.3,271.6,90.0221,90.0284,89.9969,0.0251,0.0314,0.0063
5,3561.5,400.8,90.0284,90.0346,89.9969,0.0314,0.0377,0.0063
6,407.2,358.2,90.0346,90.0409,89.9969,0.0377,0.0440,0.0063
7,371.0,385.0,90.0409,90.0472,89.9969,0.0440,0.0503,0.0063
8,387.4,248.1,90.0472,90.0535,89.9969,0.0503,0.0565,0.0063
9,250.5,297.7,90.0535,90.0598,89.9969,0.0565,0.0628,0.0063
10,1020.7,460.6,90.0598,90.0661,89.9969,0.0628,0.0691,0.0063
11,1001.7,359.7,90.0661,90.0723,89.9969,0.0691,0.0754,0.0063
12,1050.3,3329.8,90.0723,90.0786,89.9969,0.0754,0.0817,0.0063
13,3338.1,452.5,90.0786,90.0849,89.9969,0.0817,0.0880,0.0063
14,460.8,314.2,90.0849,90.0912,89.9969,0.0880,0.0942,0.0063
15,318.5,1472.1,90.0912,90.0975,89.9969,0.0942,0.1005,0.0063
16,1475.3,259.5,90.0975,90.1038,89.9969,0.1005,0.1068,0.0063
17,262.6,270.3,90.1038,90.1100,89.9969,0.1068,0.1131,0.0063
18,272.9,256.2,90.1100,90.1163,89.9969,0.1131,0.1194,0.0063
19,779.9,318.9,90.1163,90.1226,89.9969,0.1194,0.1257,0.0063
20,1034.4,311.2,90.1226,90.1289,89.9969,0.1257,0.1319,0.0063
21,999.0,518.4,90.1289,90.1352,89.9969,0.1319,0.1382,0.0063
22,998.1,505.5,90.1352,90.1414,89.9969,0.1382,0.1445,0.0063
23,1000.9,489.3,90.1414,90.1477,89.9969,0.1445,0.1508,0.0063
24,1000.3,347.6,90.1477,90.1540,89.9969,0.1508,0.1571,0.0063
25,999.7,320.4,90.1540,90.1603,89.9969,0.1571,0.1633,0.0063
26,1004.0,355.4,90.1603,90.1666,89.9969,0.1633,0.1696,0.0063
27,987.4,342.3,90.1666,90.1728,89.9969,0.1696,0.1759,0.0063
28,1018.0,320.0,90.1728,90.1791,89.9969,0.1759,0.1822,0.0063
29,992.2,339.3,90.1791,90.1854,89.9969,0.1822,0.1885,0.0063
30,1000.9,317.6,90.1854,90.1917,89.9969,0.1885,0.1947,0.0063
31,999.0,309.3,90.1917,90.1980,89.9969,0.1947,0.2010,0.0063
32,1000.1,326.3,90.1980,90.2042,89.9969,0.2010,0.2073,0.0063
33,999.3,342.8,90.2042,90.2105,89.9969,0.2073,0.2136,0.0063
34,1010.2,327.6,90.2105,90.2168,89.9969,0.2136,0.2198,0.0063
35,3555.5,368.8,90.2168,90.2231,89.9969,0.2198,0.2261,0.0063
36,375.6,332.7,90.2231,90.2293,89.9969,0.2261,0.2324,0.0063
37,335.4,541.4,90.2293,90.2356,89.9969,0.2324,0.2387,0.0063
38,553.6,324.7,90.2356,90.2419,89.9969,0.2387,0.2449,0.0063
39,326.4,256.9,90.2419,90.2482,89.9969,0.2449,0.2512,0.0063
40,844.7,416.4,90.2482,90.2544,89.9969,0.2512,0.2575,0.0063
41,971.1,338.7,90.2544,90.2607,89.9969,0.2575,0.2638,0.0063
42,1036.4,329.3,90.2607,90.2670,89.9969,0.2638,0.2701,0.0063
43,1000.6,348.6,90.2670,90.2733,89.9969,0.2700,0.2763,0.0063
44,993.4,323.8,90.2733,90.2795,89.9969,0.2763,0.2826,0.0063
45,963.2,319.6,90.2795,90.2858,89.9969,0.2826,0.2889,0.0063
46,1032.4,338.4,90.2858,90.2921,89.9969,0.2889,0.2951,0.0063
47,999.8,319.3,90.2921,90.2984,89.9969,0.2951,0.3014,0.0063
48,999.8,562.5,90.2984,90.3046,89.9969,0.3014,0.3077,0.0063
49,1000.5,297.3,90.3046,90.3109,89.9969,0.3077,0.3140,0.0063
50,1000.1,299.2,90.3109,90.3172,89.9969,0.3140,0.3202,0.0063
51,999.2,530.0,90.3172,90.3234,89.9969,0.3202,0.3265,0.0063
52,1000.6,570.7,90.3234,90.3297,89.9969,0.3265,0.3328,0.0063
53,1014.2,620.0,90.3297,90.3360,89.9969,0.3328,0.3390,0.0063
54,986.7,351.1,90.3360,90.3423,89.9969,0.3390,0.3453,0.0063
55,1000.9,583.0,90.3422,90.3485,89.9969,0.3453,0.3516,0.0063
56,961.9,324.1,90.3485,90.3548,89.9969,0.3516,0.3578,0.0063
57,1002.4,327.7,90.3548,90.3611,89.9969,0.3578,0.3641,0.0063
58,1010.8,498.4,90.3611,90.3673,89.9969,0.3641,0.3704,0.0063
59,1024.0,653.2,90.3673,90.3736,89.9969,0.3704,0.3766,0.0063
60,999.0,291.6,90.3736,90.3799,89.9969,0.3766,0.3829,0.0063
61,999.8,312.6,90.3798,90.3861,89.9969,0.3829,0.3892,0.0063
62,1000.0,305.1,90.3861,90.3924,89.9969,0.3892,0.3954,0.0063
63,999.6,333.1,90.3924,90.3986,89.9969,0.3954,0.4017,0.0063
64,999.9,336.2,90.3986,90.4049,89.9969,0.4017,0.4080,0.0063
65,1000.7,643.8,90.4049,90.4112,89.9969,0.4080,0.4142,0.0063
66,1000.1,331.4,90.4112,90.4174,89.9969,0.4142,0.4205,0.0063
67,1000.1,323.4,90.4174,90.4237,89.9969,0.4205,0.4267,0.0063
68,1000.0,312.2,90.4237,90.4300,89.9969,0.4267,0.4330,0.0063
69,999.6,311.5,90.4299,90.4362,89.9969,0.4330,0.4393,0.0063
70,1000.4,302.6,90.4362,90.4425,89.9969,0.4393,0.4455,0.0063
71,1000.2,301.4,90.4425,90.4487,89.9969,0.4455,0.4518,0.0063
72,999.6,313.4,90.4487,90.4550,89.9969,0.4518,0.4580,0.0063
73,999.7,323.1,90.4550,90.4612,89.9969,0.4580,0.4643,0.0063
74,987.5,470.3,90.4612,90.4675,89.9969,0.4643,0.4706,0.0063
75,1020.8,318.2,90.4675,90.4738,89.9969,0.4705,0.4768,0.0063
76,1045.1,382.7,90.4737,90.4800,89.9969,0.4768,0.4831,0.0063
77,950.1,319.6,90.4800,90.4863,89.9969,0.4831,0.4893,0.0063
78,999.8,346.3,90.4863,90.4925,89.9969,0.4893,0.4956,0.0063
79,1003.8,388.0,90.4925,90.4988,89.9969,0.4956,0.5018,0.0063
80,994.9,303.4,90.4988,90.5050,89.9969,0.5018,0.5081,0.0063
81,998.5,320.0,90.5050,90.5113,89.9969,0.5081,0.5143,0.0063
82,1001.8,297.5,90.5113,90.5175,89.9969,0.5143,0.5206,0.0063
83,1005.8,362.9,90.5175,90.5238,89.9969,0.5206,0.5268,0.0063
84,1001.9,340.8,90.5238,90.5300,89.9969,0.5268,0.5331,0.0063
85,1000.7,339.6,90.5300,90.5363,89.9969,0.5331,0.5393,0.0063
86,999.4,351.5,90.5363,90.5425,89.9969,0.5393,0.5456,0.0063
87,1000.5,332.3,90.5425,90.5488,89.9969,0.5455,0.5518,0.0063
88,1001.4,357.3,90.5487,90.5550,89.9969,0.5518,0.5581,0.0063
89,998.7,381.5,90.5550,90.5613,89.9969,0.5580,0.5643,0.0063
90,1001.0,388.1,90.5612,90.5675,89.9969,0.5643,0.5705,0.0063
91,1000.1,382.6,90.5675,90.5737,89.9969,0.5705,0.5768,0.0063
92,1000.7,378.1,90.5737,90.5800,89.9969,0.5768,0.5830,0.0063
93,1012.4,345.2,90.5800,90.5862,89.9969,0.5830,0.5893,0.0063
94,989.8,363.8,90.5862,90.5925,89.9969,0.5892,0.5955,0.0063
95,999.0,339.5,90.5924,90.5987,89.9969,0.5955,0.6017,0.0063
96,1002.9,367.8,90.5987,90.6049,89.9969,0.6017,0.6080,0.0063
97,999.3,352.9,90.6049,90.6112,89.9969,0.6080,0.6142,0.0063
98,999.0,350.3,90.6111,90.6174,89.9969,0.6142,0.6205,0.0063
99,1001.2,341.6,90.6174,90.6236,89.9969,0.6204,0.6267,0.0063
100,994.5,344.8,90.6236,90.6299,89.9969,0.6267,0.6329,0.0063
101,1000.2,348.7,90.6298,90.6361,89.9969,0.6329,0.6392,0.0063
102,999.5,346.9,90.6361,90.6423,89.9969,0.6391,0.6454,0.0063
103,1002.6,406.4,90.6423,90.6486,89.9969,0.6454,0.6516,0.0063
104,1003.9,342.8,90.6485,90.6548,89.9992,0.6493,0.6556,0.0063
105,993.9,333.6,90.6548,90.6610,90.0124,0.6424,0.6487,0.0063
106,999.6,393.5,90.6610,90.6673,90.0365,0.6245,0.6308,0.0063
107,1000.9,372.1,90.6672,90.6735,90.0711,0.5961,0.6024,0.0063
108,997.6,367.8,90.6735,90.6797,90.1183,0.5551,0.5614,0.0063
109,1002.3,741.0,90.6797,90.6859,90.1613,0.5183,0.5246,0.0063
110,1021.0,381.4,90.6859,90.6922,90.1975,0.4884,0.4946,0.0063
111,981.9,382.1,90.6921,90.6984,90.2269,0.4652,0.4715,0.0063
112,996.3,679.3,90.6983,90.7046,90.2521,0.4463,0.4525,0.0063
113,1009.8,395.2,90.7046,90.7108,90.2771,0.4275,0.4337,0.0063
114,999.2,411.3,90.7108,90.7170,90.2997,0.4111,0.4173,0.0063
115,1000.0,872.7,90.7170,90.7233,90.3225,0.3945,0.4008,0.0063
116,990.8,385.6,90.7232,90.7295,90.3470,0.3762,0.3825,0.0062
117,1009.5,379.3,90.7294,90.7357,90.3693,0.3602,0.3664,0.0062
118,993.5,715.0,90.7357,90.7419,90.3910,0.3447,0.3509,0.0062
119,997.9,363.5,90.7419,90.7481,90.4117,0.3302,0.3364,0.0062
120,1005.3,371.8,90.7481,90.7543,90.4332,0.3149,0.3212,0.0062
121,996.5,679.0,90.7543,90.7605,90.4522,0.3021,0.3083,0.0062
122,998.9,378.6,90.7605,90.7667,90.4706,0.2899,0.2961,0.0062
123,1000.9,394.4,90.7667,90.7730,90.4884,0.2783,0.2846,0.0062
124,998.2,687.5,90.7729,90.7792,90.5051,0.2679,0.2741,0.0062
125,1019.7,310.2,90.7791,90.7854,90.5222,0.2570,0.2632,0.0062
126,982.5,354.2,90.7853,90.7916,90.5369,0.2484,0.2547,0.0062
127,996.7,638.1,90.7915,90.7978,90.5509,0.2406,0.2469,0.0062
128,1000.2,338.7,90.7977,90.8040,90.5656,0.2322,0.2384,0.0062
129,998.8,357.8,90.8039,90.8102,90.5788,0.2251,0.2314,0.0062
130,1010.8,346.4,90.8101,90.8164,90.5919,0.2182,0.2244,0.0062
131,999.0,411.3,90.8163,90.8226,90.6050,0.2113,0.2176,0.0062
132,1001.7,458.3,90.8225,90.8288,90.6190,0.2036,0.2098,0.0062
133,998.7,743.0,90.8287,90.8350,90.6319,0.1968,0.2031,0.0062
134,996.5,381.6,90.8349,90.8412,90.6446,0.1903,0.1965,0.0062
135,1004.1,437.6,90.8411,90.8474,90.6570,0.1841,0.1903,0.0062
136,997.6,754.9,90.8473,90.8535,90.6688,0.1785,0.1847,0.0062
137,996.7,363.3,90.8535,90.8597,90.6813,0.1722,0.1785,0.0062
138,1004.2,436.3,90.8597,90.8659,90.6927,0.1670,0.1732,0.0062
139,1001.0,749.7,90.8659,90.8721,90.7040,0.1619,0.1681,0.0062
140,990.1,408.9,90.8721,90.8783,90.7161,0.1559,0.1621,0.0062
141,1414.5,387.9,90.8782,90.8845,90.7273,0.1510,0.1572,0.0062
142,601.4,402.8,90.8844,90.8907,90.7382,0.1462,0.1524,0.0062
143,994.0,1007.0,90.8906,90.8968,90.7489,0.1418,0.1480,0.0062
144,1015.3,676.4,90.8968,90.9030,90.7592,0.1376,0.1438,0.0062
145,1403.0,452.6,90.9030,90.9092,90.7698,0.1332,0.1394,0.0062
146,578.1,403.8,90.9092,90.9154,90.7791,0.1300,0.1363,0.0062
147,993.6,400.8,90.9153,90.9216,90.7877,0.1276,0.1338,0.0062
148,1000.6,392.1,90.9215,90.9277,90.7960,0.1256,0.1318,0.0062
149,1000.7,373.3,90.9277,90.9339,90.8043,0.1233,0.1296,0.0062
150,997.7,361.0,90.9339,90.9401,90.8118,0.1221,0.1283,0.0062
151,1000.1,342.1,90.9400,90.9463,90.8193,0.1208,0.1270,0.0062
152,1001.4,325.5,90.9462,90.9524,90.8275,0.1187,0.1250,0.0062
153,1000.2,380.9,90.9524,90.9586,90.8350,0.1173,0.1236,0.0062
154,999.7,364.9,90.9585,90.9648,90.8425,0.1160,0.1223,0.0062
155,998.6,360.4,90.9647,90.9709,90.8500,0.1147,0.1210,0.0062
156,1001.2,366.3,90.9709,90.9771,90.8580,0.1128,0.1190,0.0062
157,1000.6,329.3,90.9770,90.9832,90.8657,0.1114,0.1176,0.0062
158,999.9,447.7,90.9832,90.9894,90.8731,0.1101,0.1163,0.0062
159,1004.6,372.2,90.9893,90.9956,90.8804,0.1089,0.1151,0.0062
160,997.3,334.0,90.9955,91.0017,90.8883,0.1072,0.1134,0.0062
161,1002.8,403.8,91.0017,91.0079,90.8956,0.1060,0.1122,0.0062
162,1138.2,677.5,91.0078,91.0140,90.9031,0.1047,0.1109,0.0062
163,871.0,355.2,91.0140,91.0202,90.9107,0.1033,0.1095,0.0062
164,988.3,359.1,91.0201,91.0263,90.9186,0.1015,0.1077,0.0062
165,969.6,369.7,91.0263,91.0325,90.9186,0.1077,0.1139,0.0062
166,1002.1,338.2,91.0324,91.0386,90.9257,0.1067,0.1129,0.0062
167,997.1,352.1,91.0386,91.0448,90.9395,0.0990,0.1053,0.0062
168,1029.7,357.0,91.0447,91.0509,90.9465,0.0982,0.1044,0.0062
169,999.7,343.9,91.0508,91.0571,90.9544,0.0964,0.1027,0.0062
170,999.1,310.1,91.0570,91.0632,90.9617,0.0953,0.1015,0.0062
171,999.9,353.6,91.0631,91.0693,90.9691,0.0941,0.1003,0.0062
172,1000.5,328.3,91.0693,91.0755,90.9770,0.0923,0.0985,0.0062
173,1002.3,346.3,91.0754,91.0816,90.9842,0.0912,0.0974,0.0062
174,998.1,330.2,91.0815,91.0877,90.9916,0.0900,0.0962,0.0062
175,1001.7,313.4,91.0877,91.0939,90.9989,0.0888,0.0950,0.0062
176,1001.2,384.3,91.0938,91.1000,91.0067,0.0871,0.0933,0.0062
177,957.3,308.6,91.0999,91.1061,91.0067,0.0933,0.0995,0.0062
178,1032.2,329.2,91.1061,91.1123,91.0210,0.0851,0.0913,0.0062
179,1015.0,334.0,91.1122,91.1184,91.0281,0.0841,0.0903,0.0062
180,994.9,326.6,91.1183,91.1245,91.0357,0.0826,0.0888,0.0062
181,998.1,367.7,91.1244,91.1306,91.0427,0.0817,0.0879,0.0062
182,976.3,345.5,91.1305,91.1367,91.0494,0.0811,0.0873,0.0062
183,1017.4,344.3,91.1367,91.1429,91.0559,0.0808,0.0870,0.0062
184,997.6,360.3,91.1428,91.1490,91.0626,0.0801,0.0863,0.0062
185,1000.6,643.5,91.1489,91.1551,91.0689,0.0800,0.0862,0.0062
186,999.5,339.0,91.1550,91.1612,91.0689,0.0862,0.0924,0.0062
187,999.5,339.4,91.1611,91.1673,91.0812,0.0799,0.0861,0.0062
188,1000.3,340.6,91.1672,91.1734,91.0874,0.0798,0.0860,0.0062
189,999.2,690.2,91.1733,91.1795,91.0874,0.0860,0.0921,0.0062
190,1000.2,371.9,91.1794,91.1856,91.0998,0.0797,0.0859,0.0062
191,1004.9,341.6,91.1855,91.1917,91.0998,0.0858,0.0920,0.0062
192,1007.4,691.4,91.1916,91.1978,91.1117,0.0799,0.0861,0.0062
193,996.5,371.4,91.1977,91.2039,91.1185,0.0792,0.0854,0.0062
194,1006.3,366.8,91.2038,91.2100,91.1248,0.0791,0.0853,0.0062
195,995.6,664.5,91.2099,91.2161,91.1309,0.0791,0.0852,0.0062
196,997.5,349.3,91.2160,91.2222,91.1371,0.0789,0.0851,0.0062
197,1001.3,334.5,91.2221,91.2283,91.1437,0.0784,0.0846,0.0062
198,1000.0,682.5,91.2282,91.2344,91.1499,0.0783,0.0845,0.0062
199,998.8,354.9,91.2343,91.2405,91.1561,0.0782,0.0844,0.0062
200,997.9,332.5,91.2404,91.2466,91.1623,0.0781,0.0843,0.0062
201,998.6,363.0,91.2465,91.2527,91.1686,0.0779,0.0841,0.0062
202,999.0,308.5,91.2526,91.2587,91.1686,0.0840,0.0901,0.0062
203,1000.2,353.4,91.2586,91.2648,91.1814,0.0773,0.0835,0.0062
204,1007.0,360.6,91.2647,91.2709,91.1874,0.0773,0.0835,0.0062
205,1024.2,351.1,91.2708,91.2770,91.1933,0.0775,0.0837,0.0062
206,970.7,345.4,91.2769,91.2831,91.1995,0.0774,0.0836,0.0062
207,1001.4,330.5,91.2829,91.2891,91.2055,0.0775,0.0837,0.0062
208,994.7,318.1,91.2890,91.2952,91.2115,0.0775,0.0837,0.0062
209,1002.5,345.2,91.2951,91.3013,91.2177,0.0774,0.0836,0.0062
210,995.1,324.6,91.3012,91.3073,91.2177,0.0834,0.0896,0.0062
211,999.6,357.0,91.3072,91.3134,91.2310,0.0762,0.0824,0.0062
212,1002.7,377.4,91.3133,91.3195,91.2375,0.0758,0.0820,0.0062
213,1000.0,602.1,91.3193,91.3255,91.2445,0.0748,0.0810,0.0062
214,1007.7,386.2,91.3254,91.3316,91.2511,0.0743,0.0805,0.0062
215,991.9,362.0,91.3315,91.3376,91.2576,0.0738,0.0800,0.0062
216,1000.6,330.6,91.3375,91.3437,91.2640,0.0735,0.0796,0.0062
217,1005.7,323.9,91.3436,91.3497,91.2710,0.0726,0.0788,0.0062
218,1007.5,371.3,91.3496,91.3558,91.2772,0.0724,0.0785,0.0062
219,998.3,363.4,91.3557,91.3618,91.2833,0.0723,0.0785,0.0062
220,995.7,338.1,91.3617,91.3679,91.2895,0.0722,0.0784,0.0062
221,992.3,354.9,91.3678,91.3739,91.2962,0.0716,0.0778,0.0062
222,999.2,346.8,91.3738,91.3800,91.3022,0.0716,0.0778,0.0062
223,999.8,347.2,91.3798,91.3860,91.3082,0.0716,0.0778,0.0062
224,1002.5,313.9,91.3859,91.3920,91.3082,0.0777,0.0838,0.0062
225,1001.0,303.1,91.3919,91.3981,91.3202,0.0717,0.0778,0.0062
226,995.4,320.0,91.3979,91.4041,91.3202,0.0777,0.0839,0.0062
227,999.6,314.1,91.4040,91.4101,91.3316,0.0724,0.0785,0.0062
228,1005.5,339.4,91.4100,91.4161,91.3374,0.0726,0.0788,0.0062
229,997.2,334.6,91.4160,91.4222,91.3437,0.0723,0.0784,0.0062
230,1002.8,321.6,91.4220,91.4282,91.3496,0.0725,0.0786,0.0062
231,1009.1,391.8,91.4281,91.4342,91.3554,0.0727,0.0788,0.0062
232,996.4,761.0,91.4341,91.4402,91.3611,0.0730,0.0791,0.0062
233,1027.1,673.9,91.4401,91.4463,91.3673,0.0728,0.0790,0.0061
234,975.2,378.1,91.4461,91.4523,91.3732,0.0730,0.0791,0.0061
235,998.3,356.6,91.4521,91.4583,91.3791,0.0730,0.0792,0.0061
236,1002.5,395.1,91.4581,91.4643,91.3851,0.0730,0.0792,0.0061
237,1001.3,392.3,91.4641,91.4703,91.3916,0.0726,0.0787,0.0061
238,998.7,750.9,91.4702,91.4763,91.3975,0.0726,0.0788,0.0061
239,995.9,753.6,91.4762,91.4823,91.4030,0.0731,0.0793,0.0061
240,997.8,396.5,91.4822,91.4883,91.4030,0.0791,0.0853,0.0061
241,1004.5,438.8,91.4882,91.4943,91.4145,0.0736,0.0798,0.0061
242,1000.6,406.1,91.4942,91.5003,91.4145,0.0796,0.0858,0.0061
243,999.1,431.3,91.5001,91.5063,91.4270,0.0731,0.0793,0.0061
244,999.9,420.1,91.5061,91.5123,91.4328,0.0733,0.0795,0.0061
245,1000.0,382.3,91.5121,91.5183,91.4388,0.0733,0.0794,0.0061
246,1000.2,399.0,91.5181,91.5242,91.4441,0.0740,0.0801,0.0061
247,1034.2,428.6,91.5241,91.5302,91.4494,0.0747,0.0808,0.0061
248,966.5,396.6,91.5301,91.5362,91.4546,0.0755,0.0816,0.0061
249,999.1,397.2,91.5361,91.5422,91.4604,0.0757,0.0818,0.0061
250,1010.2,399.6,91.5420,91.5482,91.4659,0.0761,0.0822,0.0061
251,1085.6,623.3,91.5480,91.5541,91.4715,0.0765,0.0826,0.0061
252,904.1,384.0,91.5540,91.5601,91.4771,0.0769,0.0830,0.0061
253,1008.7,396.6,91.5599,91.5661,91.4831,0.0768,0.0830,0.0061
254,990.7,682.8,91.5659,91.5720,91.4887,0.0773,0.0834,0.0061
255,1000.8,442.1,91.5719,91.5780,91.4942,0.0777,0.0838,0.0061
256,1003.8,366.7,91.5778,91.5840,91.4999,0.0779,0.0841,0.0061
257,995.7,341.0,91.5838,91.5899,91.4999,0.0839,0.0900,0.0061
258,998.5,375.6,91.5898,91.5959,91.5062,0.0835,0.0897,0.0061
259,1002.0,348.1,91.5957,91.6018,91.5123,0.0835,0.0896,0.0061
260,1001.2,716.7,91.6017,91.6078,91.5184,0.0833,0.0894,0.0061
261,997.2,380.5,91.6076,91.6137,91.5246,0.0830,0.0891,0.0061
262,999.9,352.8,91.6136,91.6197,91.5316,0.0820,0.0881,0.0061
263,1002.3,701.2,91.6195,91.6256,91.5380,0.0815,0.0876,0.0061
264,997.0,349.5,91.6254,91.6316,91.5446,0.0809,0.0870,0.0061
265,1002.2,403.4,91.6314,91.6375,91.5517,0.0797,0.0858,0.0061
266,999.6,380.9,91.6373,91.6434,91.5581,0.0792,0.0853,0.0061
267,1001.2,409.5,91.6433,91.6494,91.5644,0.0788,0.0849,0.0061
268,999.1,344.3,91.6492,91.6553,91.5706,0.0786,0.0847,0.0061
269,1000.0,360.3,91.6551,91.6612,91.5770,0.0781,0.0842,0.0061
270,999.8,333.9,91.6610,91.6671,91.5830,0.0781,0.0842,0.0061
271,999.9,342.8,91.6670,91.6731,91.5890,0.0780,0.0841,0.0061
272,1000.4,360.8,91.6729,91.6790,91.5949,0.0779,0.0840,0.0061
273,997.3,417.4,91.6788,91.6849,91.6016,0.0772,0.0833,0.0061
274,1009.4,713.7,91.6847,91.6908,91.6079,0.0769,0.0830,0.0061
275,1000.1,385.5,91.6906,91.6967,91.6140,0.0766,0.0827,0.0061
276,996.7,373.2,91.6965,91.7026,91.6140,0.0825,0.0886,0.0061
277,997.4,399.5,91.7025,91.7086,91.6267,0.0757,0.0818,0.0061
278,1015.4,425.3,91.7084,91.7145,91.6330,0.0754,0.0815,0.0061
279,993.4,391.1,91.7143,91.7204,91.6394,0.0748,0.0809,0.0061
280,989.0,343.7,91.7202,91.7263,91.6462,0.0740,0.0801,0.0061
281,999.7,379.5,91.7261,91.7321,91.6534,0.0727,0.0788,0.0061
282,1003.8,363.1,91.7320,91.7380,91.6600,0.0719,0.0780,0.0061
283,996.3,368.2,91.7378,91.7439,91.6665,0.0713,0.0774,0.0061
284,999.7,350.8,91.7437,91.7498,91.6728,0.0709,0.0770,0.0061
285,1001.8,377.2,91.7496,91.7557,91.6796,0.0700,0.0761,0.0061
286,1000.4,382.5,91.7555,91.7616,91.6796,0.0759,0.0820,0.0061
287,1002.3,443.3,91.7614,91.7675,91.6919,0.0695,0.0755,0.0061
288,997.8,422.4,91.7673,91.7733,91.6979,0.0694,0.0755,0.0061
289,1000.1,730.2,91.7731,91.7792,91.6979,0.0753,0.0814,0.0061
290,999.6,416.3,91.7790,91.7851,91.7093,0.0697,0.0758,0.0061
291,1000.2,449.8,91.7849,91.7910,91.7146,0.0703,0.0764,0.0061
292,1020.8,726.8,91.7907,91.7968,91.7198,0.0709,0.0770,0.0061
293,987.0,434.2,91.7966,91.8027,91.7252,0.0714,0.0775,0.0061
294,991.5,407.3,91.8025,91.8085,91.7310,0.0714,0.0775,0.0061
295,999.3,738.1,91.8083,91.8144,91.7310,0.0773,0.0833,0.0061
296,999.1,396.4,91.8142,91.8202,91.7366,0.0776,0.0837,0.0061
297,1002.4,465.9,91.8200,91.8261,91.7478,0.0722,0.0783,0.0061
298,999.8,393.1,91.8259,91.8319,91.7531,0.0728,0.0788,0.0061
299,998.2,399.3,91.8317,91.8378,91.7584,0.0734,0.0794,0.0061
300,1002.6,398.3,91.8376,91.8436,91.7638,0.0738,0.0798,0.0061
301,997.2,396.6,91.8434,91.8495,91.7638,0.0796,0.0857,0.0061
302,1000.1,362.9,91.8492,91.8553,91.7753,0.0739,0.0800,0.0061
303,1001.4,370.0,91.8551,91.8611,91.7808,0.0743,0.0803,0.0061
304,999.2,387.8,91.8609,91.8670,91.7862,0.0747,0.0808,0.0061
305,999.5,376.4,91.8667,91.8728,91.7915,0.0752,0.0812,0.0061
306,1001.3,364.2,91.8726,91.8786,91.7973,0.0752,0.0813,0.0061
307,999.9,385.6,91.8784,91.8844,91.8028,0.0756,0.0817,0.0061
308,1002.4,366.1,91.8842,91.8903,91.8085,0.0757,0.0818,0.0061
309,997.9,359.9,91.8900,91.8961,91.8141,0.0759,0.0820,0.0060
310,998.1,352.6,91.8958,91.9019,91.8202,0.0757,0.0817,0.0060
311,1005.5,406.3,91.9017,91.9077,91.8256,0.0760,0.0821,0.0060
312,997.6,348.3,91.9075,91.9135,91.8310,0.0765,0.0826,0.0060
313,997.8,682.5,91.9133,91.9193,91.8364,0.0769,0.0829,0.0060
314,1000.8,411.0,91.9191,91.9251,91.8419,0.0772,0.0833,0.0060
315,1535.4,357.0,91.9249,91.9309,91.8479,0.0770,0.0830,0.0060
316,461.9,355.2,91.9307,91.9367,91.8537,0.0769,0.0830,0.0060
317,1001.2,363.9,91.9365,91.9425,91.8596,0.0769,0.0829,0.0060
318,1000.0,378.3,91.9422,91.9483,91.8658,0.0765,0.0825,0.0060
319,1018.4,680.9,91.9480,91.9541,91.8715,0.0765,0.0826,0.0060
320,980.3,322.8,91.9538,91.9598,91.8715,0.0823,0.0883,0.0060
321,999.9,377.7,91.9596,91.9656,91.8826,0.0770,0.0831,0.0060
322,999.6,350.6,91.9654,91.9714,91.8826,0.0828,0.0888,0.0060
323,999.8,391.0,91.9711,91.9772,91.8948,0.0763,0.0823,0.0060
324,1001.5,393.1,91.9769,91.9829,91.9012,0.0757,0.0817,0.0060
325,999.3,364.3,91.9827,91.9887,91.9012,0.0815,0.0875,0.0060
326,999.7,406.3,91.9885,91.9945,91.9143,0.0742,0.0802,0.0060
327,1000.5,388.9,91.9942,92.0002,91.9143,0.0799,0.0859,0.0060
328,1000.6,374.1,92.0000,92.0060,91.9264,0.0736,0.0796,0.0060
329,1000.4,370.5,92.0057,92.0117,91.9326,0.0732,0.0792,0.0060
330,1030.9,370.7,92.0115,92.0175,91.9388,0.0727,0.0787,0.0060
331,980.6,419.7,92.0172,92.0232,91.9455,0.0717,0.0777,0.0060
332,990.0,398.9,92.0230,92.0290,91.9516,0.0713,0.0774,0.0060
333,1002.4,371.3,92.0287,92.0347,91.9574,0.0713,0.0773,0.0060
334,1058.7,561.6,92.0345,92.0405,91.9634,0.0710,0.0771,0.0060
335,1161.3,578.6,92.0402,92.0462,91.9690,0.0712,0.0772,0.0060
336,792.2,420.8,92.0459,92.0519,91.9745,0.0714,0.0774,0.0060
337,1003.6,403.7,92.0517,92.0577,91.9800,0.0717,0.0777,0.0060
338,975.3,412.6,92.0574,92.0634,91.9854,0.0720,0.0780,0.0060
339,1020.6,716.1,92.0631,92.0691,91.9913,0.0718,0.0778,0.0060
340,985.0,446.2,92.0688,92.0748,91.9965,0.0723,0.0783,0.0060
341,1004.7,389.6,92.0745,92.0805,92.0017,0.0728,0.0788,0.0060
342,1000.1,387.6,92.0803,92.0863,92.0076,0.0727,0.0787,0.0060
343,1005.2,391.4,92.0860,92.0920,92.0130,0.0730,0.0790,0.0060
344,990.1,356.4,92.0917,92.0977,92.0185,0.0732,0.0792,0.0060
345,1001.0,389.5,92.0974,92.1034,92.0239,0.0735,0.0795,0.0060
346,1000.1,362.9,92.1031,92.1091,92.0297,0.0734,0.0794,0.0060
347,1001.0,363.9,92.1088,92.1148,92.0351,0.0736,0.0796,0.0060
348,999.0,387.6,92.1145,92.1205,92.0405,0.0740,0.0800,0.0060
349,999.9,371.0,92.1202,92.1261,92.0459,0.0742,0.0802,0.0060
350,1001.4,342.6,92.1258,92.1318,92.0517,0.0741,0.0801,0.0060
351,999.4,368.9,92.1315,92.1375,92.0571,0.0744,0.0804,0.0060
352,1002.9,370.9,92.1372,92.1432,92.0626,0.0746,0.0806,0.0060
353,997.1,416.9,92.1429,92.1489,92.0680,0.0749,0.0809,0.0060
354,1002.5,394.1,92.1486,92.1545,92.0733,0.0753,0.0812,0.0060
355,978.1,370.1,92.1542,92.1602,92.0788,0.0754,0.0814,0.0060
356,1020.3,416.8,92.1599,92.1659,92.0838,0.0761,0.0821,0.0060
357,1016.0,407.7,92.1656,92.1715,92.0886,0.0770,0.0829,0.0060
358,1004.6,426.7,92.1712,92.1772,92.0940,0.0772,0.0832,0.0060
359,954.9,378.0,92.1769,92.1828,92.0992,0.0777,0.0837,0.0060
360,1019.1,395.8,92.1825,92.1885,92.1045,0.0781,0.0840,0.0060
361,999.1,387.1,92.1882,92.1941,92.1098,0.0784,0.0844,0.0060
362,1000.8,406.8,92.1938,92.1998,92.1155,0.0783,0.0843,0.0060
363,989.3,384.9,92.1995,92.2054,92.1155,0.0839,0.0899,0.0060
364,1048.7,425.7,92.2051,92.2111,92.1266,0.0785,0.0845,0.0060
365,966.5,388.6,92.2107,92.2167,92.1322,0.0785,0.0845,0.0060
366,1010.5,696.3,92.2164,92.2223,92.1379,0.0785,0.0844,0.0060
367,984.9,346.3,92.2220,92.2280,92.1379,0.0841,0.0901,0.0060
368,1011.2,381.3,92.2276,92.2336,92.1504,0.0772,0.0832,0.0060
369,1002.2,665.4,92.2332,92.2392,92.1566,0.0767,0.0826,0.0060
370,1336.2,435.6,92.2389,92.2448,92.1628,0.0761,0.0820,0.0059
371,653.9,320.6,92.2445,92.2504,92.1690,0.0755,0.0815,0.0059
372,1001.8,330.3,92.2501,92.2560,92.1755,0.0745,0.0805,0.0059
373,998.4,356.4,92.2557,92.2616,92.1817,0.0740,0.0799,0.0059
374,1002.4,348.2,92.2613,92.2672,92.1879,0.0734,0.0794,0.0059
375,998.2,325.0,92.2669,92.2728,92.1946,0.0723,0.0783,0.0059
376,1126.9,314.5,92.2725,92.2784,92.2007,0.0718,0.0777,0.0059
377,878.7,363.4,92.2781,92.2840,92.2069,0.0712,0.0771,0.0059
378,1002.2,701.5,92.2837,92.2896,92.2130,0.0707,0.0766,0.0059
379,994.4,355.0,92.2893,92.2952,92.2190,0.0702,0.0762,0.0059
380,1015.3,376.4,92.2948,92.3008,92.2256,0.0693,0.0752,0.0059
381,1262.5,513.2,92.3004,92.3064,92.2317,0.0687,0.0746,0.0059
382,730.9,357.8,92.3060,92.3119,92.2379,0.0681,0.0740,0.0059
383,989.6,343.3,92.3116,92.3175,92.2445,0.0671,0.0730,0.0059
384,1010.8,680.7,92.3171,92.3231,92.2505,0.0666,0.0725,0.0059
385,988.4,459.2,92.3227,92.3286,92.2566,0.0661,0.0720,0.0059
386,1007.8,379.3,92.3283,92.3342,92.2625,0.0658,0.0717,0.0059
387,992.9,338.8,92.3338,92.3397,92.2686,0.0652,0.0711,0.0059
388,998.5,366.5,92.3394,92.3453,92.2744,0.0650,0.0709,0.0059
389,1001.7,377.5,92.3449,92.3508,92.2801,0.0648,0.0707,0.0059
390,1001.4,426.7,92.3505,92.3564,92.2857,0.0648,0.0707,0.0059
391,997.1,357.7,92.3560,92.3619,92.2916,0.0644,0.0703,0.0059
392,1002.6,357.4,92.3615,92.3675,92.2968,0.0647,0.0706,0.0059
393,999.7,384.9,92.3671,92.3730,92.3019,0.0652,0.0711,0.0059
394,999.6,414.0,92.3726,92.3785,92.3069,0.0657,0.0716,0.0059
395,1000.9,415.0,92.3781,92.3840,92.3123,0.0658,0.0717,0.0059
396,1002.1,402.6,92.3837,92.3896,92.3174,0.0663,0.0722,0.0059
397,997.1,387.8,92.3892,92.3951,92.3222,0.0670,0.0729,0.0059
398,999.2,401.3,92.3947,92.4006,92.3270,0.0677,0.0736,0.0059
399,1001.9,421.9,92.4002,92.4061,92.3315,0.0687,0.0746,0.0059
400,1000.1,374.6,92.4057,92.4116,92.3362,0.0695,0.0754,0.0059
401,1000.9,396.2,92.4112,92.4171,92.3406,0.0706,0.0765,0.0059
402,997.3,360.5,92.4167,92.4226,92.3451,0.0717,0.0776,0.0059
403,999.4,397.7,92.4222,92.4281,92.3500,0.0723,0.0781,0.0059
404,1036.8,353.9,92.4277,92.4336,92.3547,0.0730,0.0789,0.0059
405,963.2,381.6,92.4332,92.4391,92.3594,0.0738,0.0796,0.0059
406,999.4,362.3,92.4387,92.4446,92.3641,0.0746,0.0805,0.0059
407,998.5,364.9,92.4442,92.4500,92.3691,0.0750,0.0809,0.0059
408,1001.9,534.7,92.4496,92.4555,92.3738,0.0759,0.0817,0.0059
409,1030.5,365.2,92.4551,92.4610,92.3784,0.0767,0.0826,0.0059
410,967.1,316.4,92.4606,92.4665,92.3784,0.0822,0.0880,0.0059
411,996.0,353.1,92.4661,92.4719,92.3883,0.0778,0.0836,0.0059
412,999.0,335.7,92.4715,92.4774,92.3883,0.0832,0.0891,0.0059
413,1000.0,365.8,92.4770,92.4828,92.3997,0.0773,0.0832,0.0059
414,998.3,744.3,92.4824,92.4883,92.3997,0.0828,0.0886,0.0059
415,1027.8,454.4,92.4879,92.4937,92.4112,0.0766,0.0825,0.0059
416,961.6,421.8,92.4933,92.4992,92.4168,0.0765,0.0824,0.0059
417,1031.7,418.0,92.4988,92.5046,92.4223,0.0764,0.0823,0.0059
418,1007.2,366.8,92.5042,92.5101,92.4280,0.0762,0.0821,0.0059
419,985.2,349.3,92.5096,92.5155,92.4341,0.0755,0.0814,0.0059
420,998.5,335.5,92.5151,92.5209,92.4401,0.0750,0.0809,0.0059
421,998.1,346.0,92.5205,92.5263,92.4459,0.0745,0.0804,0.0059
422,996.7,346.9,92.5259,92.5318,92.4459,0.0800,0.0858,0.0059
423,1007.5,360.8,92.5313,92.5372,92.4580,0.0733,0.0791,0.0058
424,985.3,308.4,92.5367,92.5426,92.4580,0.0787,0.0845,0.0058
425,1000.0,309.1,92.5422,92.5480,92.4637,0.0785,0.0843,0.0058
426,1007.0,344.7,92.5476,92.5534,92.4747,0.0728,0.0787,0.0058
427,1030.9,341.7,92.5530,92.5588,92.4808,0.0721,0.0780,0.0058
428,966.8,324.7,92.5584,92.5642,92.4808,0.0775,0.0834,0.0058
429,996.8,296.8,92.5638,92.5696,92.4867,0.0770,0.0829,0.0058
430,999.1,317.2,92.5691,92.5750,92.4928,0.0763,0.0822,0.0058
431,999.2,305.5,92.5745,92.5804,92.4989,0.0756,0.0814,0.0058
432,1000.8,292.0,92.5799,92.5857,92.5049,0.0750,0.0809,0.0058
433,999.3,351.5,92.5853,92.5911,92.5112,0.0741,0.0799,0.0058
434,1001.2,322.4,92.5907,92.5965,92.5112,0.0795,0.0853,0.0058
435,998.5,320.3,92.5960,92.6019,92.5173,0.0787,0.0846,0.0058
436,1000.6,331.4,92.6014,92.6072,92.5235,0.0779,0.0837,0.0058
437,1001.2,308.7,92.6068,92.6126,92.5300,0.0768,0.0826,0.0058
438,999.9,377.4,92.6121,92.6179,92.5369,0.0753,0.0811,0.0058
439,998.3,431.6,92.6175,92.6233,92.5430,0.0745,0.0803,0.0058
440,1010.9,796.5,92.6228,92.6286,92.5551,0.0677,0.0735,0.0058
441,990.4,418.2,92.6282,92.6340,92.5608,0.0674,0.0732,0.0058
442,1013.7,411.2,92.6335,92.6393,92.5664,0.0672,0.0730,0.0058
443,987.5,727.5,92.6388,92.6447,92.5664,0.0725,0.0783,0.0058
444,997.9,382.9,92.6442,92.6500,92.5717,0.0725,0.0783,0.0058
445,1003.2,450.8,92.6495,92.6553,92.5771,0.0724,0.0782,0.0058
446,999.4,715.3,92.6548,92.6606,92.5865,0.0683,0.0741,0.0058
447,995.9,347.5,92.6601,92.6659,92.5865,0.0736,0.0794,0.0058
448,999.8,329.9,92.6655,92.6713,92.5910,0.0745,0.0803,0.0058
449,1002.6,378.6,92.6708,92.6766,92.5959,0.0749,0.0807,0.0058
450,997.9,365.3,92.6761,92.6819,92.6006,0.0755,0.0813,0.0058
451,999.7,369.7,92.6814,92.6872,92.6053,0.0761,0.0819,0.0058
452,999.7,375.3,92.6867,92.6925,92.6101,0.0766,0.0824,0.0058
453,1000.4,380.5,92.6920,92.6978,92.6150,0.0770,0.0828,0.0058
454,1000.9,342.2,92.6973,92.7031,92.6202,0.0771,0.0829,0.0058
455,1010.3,379.8,92.7026,92.7083,92.6299,0.0727,0.0785,0.0058
456,1000.7,384.2,92.7078,92.7136,92.6348,0.0731,0.0789,0.0058
457,1002.8,394.3,92.7131,92.7189,92.6401,0.0730,0.0788,0.0058
458,995.4,449.1,92.7184,92.7242,92.6453,0.0731,0.0788,0.0058
459,1010.2,464.4,92.7237,92.7294,92.6508,0.0729,0.0787,0.0058
460,996.0,415.0,92.7289,92.7347,92.6567,0.0722,0.0780,0.0058
461,996.8,358.0,92.7342,92.7400,92.6621,0.0721,0.0779,0.0058
462,983.9,340.5,92.7394,92.7452,92.6674,0.0720,0.0778,0.0058
463,1005.7,326.5,92.7447,92.7505,92.6674,0.0773,0.0830,0.0058
464,999.8,361.4,92.7499,92.7557,92.6727,0.0772,0.0830,0.0058
465,1000.1,368.2,92.7552,92.7609,92.6786,0.0765,0.0823,0.0058
466,1003.2,362.2,92.7604,92.7662,92.6841,0.0763,0.0820,0.0058
467,1008.2,341.2,92.7657,92.7714,92.6953,0.0704,0.0761,0.0058
468,990.2,328.2,92.7709,92.7766,92.6953,0.0756,0.0814,0.0058
469,998.2,298.7,92.7761,92.7819,92.7014,0.0747,0.0805,0.0058
470,998.7,272.4,92.7813,92.7871,92.7069,0.0744,0.0802,0.0058
471,998.6,304.4,92.7865,92.7923,92.7124,0.0742,0.0799,0.0057
472,999.6,297.2,92.7918,92.7975,92.7176,0.0741,0.0799,0.0057
473,1000.2,288.9,92.7970,92.8027,92.7233,0.0737,0.0794,0.0057
474,1001.1,299.8,92.8022,92.8079,92.7287,0.0734,0.0792,0.0057
475,1000.9,306.9,92.8074,92.8131,92.7342,0.0731,0.0789,0.0057
476,972.4,299.1,92.8126,92.8183,92.7397,0.0728,0.0786,0.0057
477,992.7,294.5,92.8177,92.8235,92.7452,0.0725,0.0782,0.0057
478,1033.9,324.4,92.8229,92.8287,92.7512,0.0717,0.0774,0.0057
479,1017.7,371.6,92.8281,92.8338,92.7624,0.0657,0.0714,0.0057
480,992.9,343.4,92.8333,92.8390,92.7685,0.0648,0.0706,0.0057
481,1093.9,344.3,92.8385,92.8442,92.7740,0.0645,0.0702,0.0057
482,898.2,333.9,92.8436,92.8494,92.7740,0.0697,0.0754,0.0057
483,1006.1,358.7,92.8488,92.8545,92.7850,0.0638,0.0695,0.0057
484,993.8,314.6,92.8540,92.8597,92.7850,0.0689,0.0746,0.0057
485,1187.8,279.8,92.8591,92.8648,92.7966,0.0625,0.0682,0.0057
486,814.8,294.1,92.8643,92.8700,92.7966,0.0677,0.0734,0.0057
487,996.1,290.5,92.8694,92.8751,92.8020,0.0674,0.0731,0.0057
488,1004.6,362.0,92.8745,92.8803,92.8074,0.0672,0.0729,0.0057
489,1001.4,411.9,92.8797,92.8854,92.8133,0.0664,0.0721,0.0057
490,999.7,358.3,92.8848,92.8905,92.8187,0.0661,0.0718,0.0057
491,993.1,329.4,92.8899,92.8956,92.8241,0.0658,0.0715,0.0057
492,998.9,317.6,92.8951,92.9008,92.8292,0.0658,0.0715,0.0057
493,1007.7,328.9,92.9002,92.9059,92.8340,0.0661,0.0718,0.0057
494,995.5,309.8,92.9053,92.9110,92.8391,0.0662,0.0719,0.0057
495,999.2,299.3,92.9104,92.9161,92.8437,0.0667,0.0724,0.0057
496,1001.6,316.1,92.9155,92.9212,92.8484,0.0671,0.0728,0.0057
497,998.7,282.9,92.9206,92.9263,92.8534,0.0672,0.0729,0.0057
498,998.8,310.4,92.9257,92.9314,92.8580,0.0677,0.0734,0.0057
499,1000.2,298.3,92.9308,92.9365,92.8627,0.0681,0.0738,0.0057
500,1000.8,307.5,92.9359,92.9416,92.8672,0.0686,0.0743,0.0057
501,999.8,316.0,92.9410,92.9466,92.8718,0.0692,0.0748,0.0057
502,1000.3,296.8,92.9460,92.9517,92.8765,0.0695,0.0752,0.0057
503,999.6,307.1,92.9511,92.9568,92.8809,0.0702,0.0759,0.0057
504,1001.2,303.1,92.9562,92.9618,92.8854,0.0708,0.0765,0.0057
505,998.8,294.2,92.9612,92.9669,92.8900,0.0712,0.0769,0.0057
506,1000.1,317.9,92.9663,92.9720,92.8951,0.0712,0.0769,0.0057
507,1027.0,351.9,92.9713,92.9770,92.9049,0.0664,0.0721,0.0057
508,999.3,715.3,92.9764,92.9821,92.9103,0.0661,0.0718,0.0057
509,989.9,344.9,92.9814,92.9871,92.9152,0.0662,0.0719,0.0057
510,985.0,331.2,92.9865,92.9921,92.9152,0.0713,0.0769,0.0057
511,1000.0,329.5,92.9915,92.9972,92.9200,0.0715,0.0772,0.0057
512,999.6,343.4,92.9965,93.0022,92.9248,0.0718,0.0774,0.0057
513,1028.0,404.2,93.0016,93.0072,92.9349,0.0667,0.0723,0.0057
514,974.4,397.2,93.0066,93.0122,92.9349,0.0717,0.0774,0.0056
515,997.5,418.6,93.0116,93.0172,92.9399,0.0717,0.0774,0.0056
516,1019.0,442.9,93.0166,93.0223,92.9501,0.0665,0.0722,0.0056
517,988.3,383.5,93.0216,93.0273,92.9501,0.0715,0.0772,0.0056
518,998.8,357.0,93.0266,93.0323,92.9599,0.0667,0.0723,0.0056
519,1000.5,358.9,93.0316,93.0372,92.9644,0.0672,0.0728,0.0056
520,1001.3,342.4,93.0366,93.0422,92.9688,0.0678,0.0734,0.0056
521,999.8,356.0,93.0416,93.0472,92.9737,0.0679,0.0735,0.0056
522,1000.2,357.7,93.0466,93.0522,92.9737,0.0729,0.0785,0.0056
523,1001.7,403.4,93.0515,93.0572,92.9830,0.0686,0.0742,0.0056
524,993.0,385.7,93.0565,93.0621,92.9830,0.0735,0.0791,0.0056
525,1013.3,368.7,93.0615,93.0671,92.9935,0.0680,0.0736,0.0056
526,1003.0,414.5,93.0664,93.0721,92.9987,0.0677,0.0733,0.0056
527,990.7,379.7,93.0714,93.0770,93.0038,0.0676,0.0733,0.0056
528,1000.5,381.3,93.0764,93.0820,93.0092,0.0671,0.0728,0.0056
529,999.5,380.2,93.0813,93.0869,93.0144,0.0669,0.0725,0.0056
530,1013.1,366.4,93.0862,93.0919,93.0197,0.0665,0.0721,0.0056
531,1053.2,394.3,93.0912,93.0968,93.0250,0.0662,0.0718,0.0056
532,990.2,467.1,93.0961,93.1017,93.0304,0.0657,0.0713,0.0056
533,942.5,395.1,93.1010,93.1066,93.0362,0.0648,0.0704,0.0056
534,999.0,389.0,93.1060,93.1116,93.0362,0.0697,0.0753,0.0056
535,1013.1,391.7,93.1109,93.1165,93.0469,0.0640,0.0696,0.0056
536,986.4,354.1,93.1158,93.1214,93.0522,0.0636,0.0692,0.0056
537,1000.3,363.0,93.1207,93.1263,93.0522,0.0685,0.0741,0.0056
538,998.1,355.9,93.1256,93.1312,93.0631,0.0625,0.0681,0.0056
539,1000.2,378.9,93.1305,93.1361,93.0631,0.0674,0.0730,0.0056
540,999.2,360.6,93.1354,93.1410,93.0685,0.0669,0.0725,0.0056
541,1002.0,359.9,93.1403,93.1459,93.0794,0.0609,0.0665,0.0056
542,999.2,342.2,93.1452,93.1508,93.0845,0.0607,0.0663,0.0056
543,998.4,352.4,93.1501,93.1556,93.0894,0.0606,0.0662,0.0056
544,1001.2,362.6,93.1549,93.1605,93.0894,0.0655,0.0711,0.0056
545,1289.0,545.1,93.1598,93.1654,93.0993,0.0605,0.0661,0.0056
546,713.1,330.5,93.1647,93.1702,93.0993,0.0654,0.0709,0.0056
547,1009.3,377.4,93.1695,93.1751,93.1093,0.0602,0.0658,0.0056
548,991.7,380.7,93.1744,93.1799,93.1145,0.0599,0.0654,0.0056
549,1000.8,432.9,93.1792,93.1848,93.1145,0.0647,0.0703,0.0056
550,1007.2,387.6,93.1841,93.1896,93.1248,0.0593,0.0648,0.0056
551,993.4,355.9,93.1889,93.1945,93.1297,0.0592,0.0647,0.0056
552,999.6,377.9,93.1937,93.1993,93.1297,0.0640,0.0696,0.0056
553,997.9,409.3,93.1986,93.2041,93.1399,0.0587,0.0643,0.0056
554,998.7,383.3,93.2034,93.2089,93.1399,0.0635,0.0691,0.0056
555,1000.6,384.9,93.2082,93.2138,93.1447,0.0636,0.0691,0.0055
556,999.6,400.5,93.2130,93.2186,93.1549,0.0582,0.0637,0.0055
557,1000.0,377.6,93.2178,93.2234,93.1549,0.0630,0.0685,0.0055
558,999.3,409.7,93.2226,93.2282,93.1650,0.0577,0.0632,0.0055
559,1000.0,389.1,93.2274,93.2330,93.1650,0.0625,0.0680,0.0055
560,1000.0,367.2,93.2322,93.2378,93.1696,0.0626,0.0681,0.0055
561,1027.9,726.2,93.2370,93.2425,93.1792,0.0578,0.0634,0.0055
562,973.7,368.6,93.2418,93.2473,93.1837,0.0581,0.0636,0.0055
563,1000.3,423.7,93.2466,93.2521,93.1883,0.0582,0.0638,0.0055
564,1000.5,815.6,93.2513,93.2569,93.1883,0.0630,0.0685,0.0055
565,997.0,436.1,93.2561,93.2616,93.1982,0.0579,0.0634,0.0055
566,1002.7,412.6,93.2609,93.2664,93.1982,0.0627,0.0682,0.0055
567,1000.6,393.3,93.2656,93.2712,93.2029,0.0627,0.0682,0.0055
568,999.3,380.4,93.2704,93.2759,93.2074,0.0630,0.0685,0.0055
569,1098.5,277.8,93.2751,93.2806,93.2162,0.0590,0.0645,0.0055
570,902.5,350.5,93.2799,93.2854,93.2203,0.0595,0.0651,0.0055
571,1000.0,363.2,93.2846,93.2901,93.2245,0.0601,0.0656,0.0055
572,999.9,348.8,93.2893,93.2949,93.2292,0.0602,0.0657,0.0055
573,1023.0,703.8,93.2941,93.2996,93.2337,0.0604,0.0659,0.0055
574,977.5,351.9,93.2988,93.3043,93.2337,0.0651,0.0706,0.0055
575,999.8,352.6,93.3035,93.3090,93.2427,0.0608,0.0663,0.0055
576,1000.2,388.1,93.3082,93.3137,93.2475,0.0607,0.0662,0.0055
577,997.9,397.7,93.3129,93.3184,93.2525,0.0604,0.0659,0.0055
578,999.6,373.6,93.3176,93.3231,93.2525,0.0651,0.0706,0.0055
579,999.5,369.6,93.3223,93.3278,93.2571,0.0652,0.0707,0.0055
580,1001.4,377.7,93.3270,93.3325,93.2674,0.0596,0.0651,0.0055
581,998.9,388.5,93.3317,93.3372,93.2674,0.0643,0.0698,0.0055
582,1001.4,377.6,93.3364,93.3419,93.2722,0.0642,0.0697,0.0055
583,999.6,382.7,93.3410,93.3465,93.2821,0.0590,0.0645,0.0055
584,1000.2,387.9,93.3457,93.3512,93.2821,0.0637,0.0691,0.0055
585,999.6,347.9,93.3504,93.3558,93.2923,0.0580,0.0635,0.0055
586,1001.0,367.4,93.3550,93.3605,93.2972,0.0578,0.0633,0.0055
587,1000.7,354.0,93.3597,93.3652,93.2972,0.0625,0.0679,0.0055
588,1045.1,379.9,93.3643,93.3698,93.3073,0.0570,0.0625,0.0055
589,945.2,394.2,93.3690,93.3744,93.3073,0.0617,0.0671,0.0055
590,999.3,383.1,93.3736,93.3791,93.3123,0.0613,0.0668,0.0055
591,999.7,370.2,93.3782,93.3837,93.3173,0.0610,0.0664,0.0055
592,1005.6,420.1,93.3829,93.3883,93.3222,0.0606,0.0661,0.0055
593,1012.6,419.8,93.3875,93.3929,93.3321,0.0554,0.0608,0.0055
594,997.3,378.2,93.3921,93.3976,93.3321,0.0600,0.0654,0.0054
595,1001.8,370.2,93.3967,93.4022,93.3409,0.0558,0.0613,0.0054
596,994.4,2318.9,93.4013,93.4068,93.3409,0.0604,0.0659,0.0054
597,2325.2,480.2,93.4059,93.4114,93.3499,0.0560,0.0614,0.0054
598,483.7,242.0,93.4105,93.4159,93.3499,0.0606,0.0660,0.0054
599,244.9,270.5,93.4151,93.4205,93.3545,0.0606,0.0661,0.0054
600,943.9,304.7,93.4197,93.4251,93.3545,0.0652,0.0707,0.0054
601,991.3,315.8,93.4243,93.4297,93.3590,0.0653,0.0707,0.0054
602,998.7,304.5,93.4288,93.4343,93.3641,0.0648,0.0702,0.0054
603,1000.2,315.3,93.4334,93.4388,93.3687,0.0647,0.0701,0.0054
604,1000.6,310.2,93.4380,93.4434,93.3730,0.0649,0.0703,0.0054
605,999.3,309.0,93.4425,93.4479,93.3775,0.0650,0.0704,0.0054
606,1009.3,344.0,93.4471,93.4525,93.3875,0.0596,0.0650,0.0054
607,992.7,303.6,93.4516,93.4570,93.3923,0.0593,0.0647,0.0054
608,1008.0,345.8,93.4562,93.4616,93.3923,0.0638,0.0692,0.0054
609,991.4,333.5,93.4607,93.4661,93.3977,0.0630,0.0684,0.0054
610,1000.1,333.1,93.4652,93.4706,93.4028,0.0624,0.0678,0.0054
611,1001.9,305.6,93.4697,93.4751,93.4080,0.0618,0.0672,0.0054
612,1193.0,317.3,93.4743,93.4797,93.4181,0.0562,0.0616,0.0054
613,813.2,419.5,93.4788,93.4842,93.4181,0.0607,0.0661,0.0054
614,976.0,353.5,93.4833,93.4887,93.4233,0.0599,0.0653,0.0054
615,1021.5,369.3,93.4878,93.4932,93.4280,0.0597,0.0651,0.0054
616,978.4,319.8,93.4923,93.4977,93.4326,0.0596,0.0650,0.0054
617,999.7,291.6,93.4968,93.5021,93.4373,0.0595,0.0649,0.0054
618,1014.1,337.9,93.5012,93.5066,93.4423,0.0589,0.0643,0.0054
619,1015.1,315.0,93.5057,93.5111,93.4469,0.0588,0.0642,0.0054
620,988.9,343.5,93.5102,93.5156,93.4515,0.0587,0.0641,0.0054
621,1007.2,355.4,93.5147,93.5200,93.4605,0.0542,0.0596,0.0054
622,996.5,318.4,93.5191,93.5245,93.4605,0.0587,0.0640,0.0054
623,1125.4,701.6,93.5236,93.5290,93.4683,0.0553,0.0607,0.0054
624,868.6,291.4,93.5280,93.5334,93.4683,0.0597,0.0651,0.0054
625,1000.5,274.5,93.5325,93.5378,93.4720,0.0605,0.0659,0.0054
626,999.3,307.2,93.5369,93.5423,93.4762,0.0607,0.0661,0.0054
627,1003.7,321.1,93.5414,93.5467,93.4802,0.0612,0.0665,0.0054
628,995.6,303.7,93.5458,93.5511,93.4842,0.0616,0.0670,0.0054
629,1005.8,2648.5,93.5502,93.5556,93.4883,0.0619,0.0672,0.0054
630,2656.5,315.8,93.5546,93.5600,93.5006,0.0540,0.0594,0.0053
631,318.4,287.9,93.5590,93.5644,93.5006,0.0585,0.0638,0.0053
632,291.0,488.3,93.5634,93.5688,93.5051,0.0584,0.0637,0.0053
633,730.8,309.1,93.5678,93.5732,93.5051,0.0628,0.0681,0.0053
634,1000.9,306.0,93.5722,93.5776,93.5093,0.0629,0.0682,0.0053
635,974.9,289.7,93.5766,93.5820,93.5135,0.0631,0.0685,0.0053
636,1024.2,311.4,93.5810,93.5863,93.5176,0.0634,0.0688,0.0053
637,984.3,321.3,93.5854,93.5907,93.5215,0.0639,0.0692,0.0053
638,1014.5,303.1,93.5898,93.5951,93.5259,0.0639,0.0692,0.0053
639,1001.2,352.1,93.5941,93.5995,93.5301,0.0640,0.0693,0.0053
640,997.3,333.4,93.5985,93.6038,93.5346,0.0639,0.0693,0.0053
641,1001.6,305.5,93.6028,93.6082,93.5390,0.0638,0.0691,0.0053
642,3052.7,404.5,93.6072,93.6125,93.5563,0.0509,0.0562,0.0053
643,412.3,587.1,93.6115,93.6169,93.5563,0.0553,0.0606,0.0053
644,593.0,285.7,93.6159,93.6212,93.5609,0.0550,0.0603,0.0053
645,287.8,410.2,93.6202,93.6255,93.5609,0.0593,0.0646,0.0053
646,653.1,277.9,93.6245,93.6298,93.5609,0.0636,0.0689,0.0053
647,1001.0,287.2,93.6289,93.6342,93.5653,0.0636,0.0689,0.0053
648,998.4,298.9,93.6332,93.6385,93.5696,0.0636,0.0689,0.0053
649,1000.8,277.7,93.6375,93.6428,93.5736,0.0639,0.0692,0.0053
650,998.9,288.2,93.6418,93.6471,93.5778,0.0640,0.0693,0.0053
651,1003.1,311.7,93.6461,93.6514,93.5817,0.0644,0.0697,0.0053
652,998.9,286.1,93.6504,93.6557,93.5858,0.0646,0.0699,0.0053
653,999.5,310.5,93.6547,93.6600,93.5904,0.0643,0.0696,0.0053
654,998.6,294.1,93.6589,93.6642,93.5947,0.0643,0.0696,0.0053
655,1000.8,267.8,93.6632,93.6685,93.5989,0.0643,0.0696,0.0053
656,1000.2,304.8,93.6675,93.6728,93.6032,0.0643,0.0696,0.0053
657,1003.4,661.6,93.6718,93.6770,93.6079,0.0639,0.0691,0.0053
658,3589.4,308.6,93.6760,93.6813,93.6260,0.0500,0.0553,0.0053
659,311.4,288.3,93.6803,93.6855,93.6260,0.0543,0.0595,0.0053
660,290.9,580.8,93.6845,93.6898,93.6308,0.0537,0.0590,0.0053
661,583.3,230.2,93.6888,93.6940,93.6308,0.0580,0.0632,0.0053
662,232.8,259.0,93.6930,93.6982,93.6308,0.0622,0.0675,0.0053
663,970.8,329.2,93.6972,93.7025,93.6351,0.0621,0.0673,0.0053
664,1018.7,345.8,93.7014,93.7067,93.6395,0.0620,0.0672,0.0053
665,1000.7,358.5,93.7057,93.7109,93.6437,0.0620,0.0672,0.0052
666,972.8,326.8,93.7099,93.7151,93.6482,0.0617,0.0670,0.0052
667,1031.7,484.4,93.7141,93.7193,93.6526,0.0615,0.0667,0.0052
668,998.8,338.8,93.7183,93.7235,93.6575,0.0608,0.0661,0.0052
669,994.5,314.8,93.7225,93.7277,93.6625,0.0599,0.0652,0.0052
670,1001.2,313.7,93.7267,93.7319,93.6681,0.0585,0.0638,0.0052
671,999.1,310.6,93.7308,93.7361,93.6732,0.0576,0.0629,0.0052
672,1000.8,308.0,93.7350,93.7402,93.6781,0.0569,0.0622,0.0052
673,998.9,326.8,93.7392,93.7444,93.6829,0.0563,0.0615,0.0052
674,1000.9,286.2,93.7433,93.7486,93.6882,0.0552,0.0604,0.0052
675,999.6,300.1,93.7475,93.7527,93.6931,0.0544,0.0596,0.0052
676,999.7,309.3,93.7517,93.7569,93.6981,0.0536,0.0588,0.0052
677,1000.6,295.6,93.7558,93.7610,93.7030,0.0528,0.0580,0.0052
678,999.5,306.1,93.7599,93.7652,93.7080,0.0520,0.0572,0.0052
679,1000.0,310.0,93.7641,93.7693,93.7131,0.0510,0.0562,0.0052
680,999.7,303.5,93.7682,93.7734,93.7176,0.0506,0.0558,0.0052
681,1000.2,326.3,93.7723,93.7775,93.7218,0.0505,0.0557,0.0052
682,1000.6,297.5,93.7764,93.7816,93.7259,0.0506,0.0558,0.0052
683,1001.3,310.5,93.7806,93.7857,93.7301,0.0504,0.0556,0.0052
684,997.7,289.5,93.7847,93.7899,93.7342,0.0505,0.0557,0.0052
685,1000.5,296.7,93.7888,93.7939,93.7383,0.0504,0.0556,0.0052
686,999.6,312.1,93.7929,93.7980,93.7425,0.0503,0.0555,0.0052
687,999.9,299.5,93.7969,93.8021,93.7470,0.0500,0.0551,0.0052
688,1003.6,378.0,93.8010,93.8062,93.7549,0.0461,0.0513,0.0052
689,1008.1,359.6,93.8051,93.8103,93.7590,0.0461,0.0513,0.0052
690,999.3,376.9,93.8092,93.8143,93.7590,0.0502,0.0553,0.0052
691,1000.0,344.3,93.8132,93.8184,93.7628,0.0504,0.0556,0.0052
692,1001.3,329.0,93.8173,93.8224,93.7666,0.0507,0.0558,0.0052
693,996.0,317.8,93.8213,93.8265,93.7704,0.0509,0.0560,0.0052
694,994.2,300.0,93.8254,93.8305,93.7743,0.0511,0.0563,0.0052
695,999.8,268.1,93.8294,93.8346,93.7783,0.0511,0.0563,0.0052
696,999.8,310.8,93.8334,93.8386,93.7821,0.0513,0.0565,0.0052
697,1000.9,302.3,93.8375,93.8426,93.7860,0.0514,0.0566,0.0052
698,999.9,310.3,93.8415,93.8466,93.7900,0.0515,0.0566,0.0051
699,999.5,304.1,93.8455,93.8507,93.7939,0.0516,0.0568,0.0051
700,1000.6,294.6,93.8495,93.8547,93.7980,0.0515,0.0566,0.0051
701,999.4,306.8,93.8535,93.8587,93.8018,0.0518,0.0569,0.0051
702,1000.0,299.5,93.8575,93.8626,93.8054,0.0521,0.0572,0.0051
703,999.7,303.4,93.8615,93.8666,93.8090,0.0525,0.0576,0.0051
704,999.2,302.7,93.8655,93.8706,93.8129,0.0526,0.0577,0.0051
705,1000.0,278.9,93.8695,93.8746,93.8166,0.0528,0.0580,0.0051
706,1000.4,299.7,93.8734,93.8786,93.8205,0.0530,0.0581,0.0051
707,999.7,294.4,93.8774,93.8825,93.8243,0.0531,0.0582,0.0051
708,1000.0,312.9,93.8814,93.8865,93.8284,0.0530,0.0581,0.0051
709,1003.6,327.5,93.8853,93.8904,93.8320,0.0533,0.0584,0.0051
710,1002.1,328.8,93.8893,93.8944,93.8354,0.0539,0.0590,0.0051
711,998.2,332.2,93.8932,93.8983,93.8390,0.0542,0.0594,0.0051
712,996.9,299.8,93.8971,93.9022,93.8422,0.0549,0.0600,0.0051
713,1000.6,411.0,93.9011,93.9062,93.8455,0.0556,0.0607,0.0051
714,999.3,374.8,93.9050,93.9101,93.8486,0.0564,0.0615,0.0051
715,1002.2,398.2,93.9089,93.9140,93.8521,0.0568,0.0619,0.0051
716,998.3,396.5,93.9128,93.9179,93.8554,0.0574,0.0625,0.0051
717,998.6,396.5,93.9167,93.9218,93.8589,0.0578,0.0629,0.0051
718,999.5,336.0,93.9206,93.9257,93.8626,0.0580,0.0631,0.0051
719,1000.6,353.2,93.9245,93.9296,93.8665,0.0580,0.0631,0.0051
720,1001.5,379.5,93.9284,93.9335,93.8702,0.0582,0.0633,0.0051
721,997.6,342.7,93.9323,93.9373,93.8741,0.0582,0.0633,0.0051
722,999.9,334.4,93.9361,93.9412,93.8779,0.0582,0.0633,0.0051
723,1000.2,319.1,93.9400,93.9451,93.8821,0.0579,0.0630,0.0051
724,999.9,329.9,93.9439,93.9489,93.8858,0.0581,0.0631,0.0051
725,1002.6,338.4,93.9477,93.9528,93.8896,0.0581,0.0632,0.0051
726,997.0,309.4,93.9516,93.9566,93.8934,0.0582,0.0633,0.0051
727,999.7,328.9,93.9554,93.9605,93.8973,0.0582,0.0632,0.0051
728,1000.0,322.5,93.9592,93.9643,93.9017,0.0575,0.0626,0.0051
729,999.9,348.7,93.9631,93.9681,93.9061,0.0570,0.0620,0.0051
730,999.9,317.7,93.9669,93.9720,93.9105,0.0564,0.0615,0.0051
731,1000.0,346.5,93.9707,93.9758,93.9152,0.0555,0.0605,0.0050
732,999.9,336.8,93.9745,93.9796,93.9196,0.0549,0.0599,0.0050
733,1000.6,307.3,93.9783,93.9834,93.9239,0.0544,0.0594,0.0050
734,1001.3,312.0,93.9821,93.9872,93.9282,0.0540,0.0590,0.0050
735,1009.5,367.6,93.9859,93.9910,93.9326,0.0533,0.0584,0.0050
736,1002.8,354.3,93.9897,93.9947,93.9367,0.0530,0.0581,0.0050
737,991.1,351.5,93.9935,93.9985,93.9408,0.0527,0.0577,0.0050
738,998.1,323.0,93.9973,94.0023,93.9451,0.0522,0.0572,0.0050
739,1000.4,406.1,94.0010,94.0060,93.9498,0.0512,0.0562,0.0050
740,1000.0,393.4,94.0048,94.0098,93.9543,0.0505,0.0555,0.0050
741,998.6,350.9,94.0085,94.0136,93.9587,0.0499,0.0549,0.0050
742,1000.0,387.7,94.0123,94.0173,93.9629,0.0493,0.0544,0.0050
743,1000.4,339.1,94.0160,94.0210,93.9674,0.0487,0.0537,0.0050
744,1002.6,371.8,94.0198,94.0248,93.9713,0.0484,0.0535,0.0050
745,997.2,345.5,94.0235,94.0285,93.9752,0.0483,0.0533,0.0050
746,1000.0,322.5,94.0272,94.0322,93.9791,0.0481,0.0531,0.0050
747,999.9,345.7,94.0309,94.0359,93.9830,0.0480,0.0530,0.0050
748,998.9,330.4,94.0346,94.0396,93.9871,0.0475,0.0525,0.0050
749,1003.0,337.3,94.0383,94.0433,93.9910,0.0473,0.0523,0.0050
750,998.5,333.6,94.0420,94.0470,93.9950,0.0470,0.0520,0.0050
751,1030.0,428.5,94.0457,94.0507,94.0036,0.0421,0.0471,0.0050
752,987.3,391.9,94.0494,94.0544,94.0077,0.0417,0.0467,0.0050
753,991.4,424.1,94.0531,94.0581,94.0077,0.0454,0.0504,0.0050
754,1001.3,379.3,94.0568,94.0617,94.0164,0.0404,0.0453,0.0050
755,996.0,344.1,94.0604,94.0654,94.0164,0.0440,0.0490,0.0050
756,1001.4,338.7,94.0641,94.0690,94.0201,0.0440,0.0490,0.0050
757,1011.1,414.2,94.0677,94.0727,94.0275,0.0402,0.0452,0.0050
758,985.5,408.8,94.0714,94.0763,94.0275,0.0439,0.0488,0.0050
759,997.7,363.6,94.0750,94.0800,94.0317,0.0434,0.0483,0.0050
760,998.2,358.2,94.0786,94.0836,94.0355,0.0431,0.0481,0.0050
761,1000.1,378.6,94.0823,94.0872,94.0392,0.0431,0.0481,0.0050
762,999.8,372.3,94.0859,94.0908,94.0427,0.0432,0.0481,0.0049
763,1000.0,402.1,94.0895,94.0944,94.0465,0.0430,0.0480,0.0049
764,999.6,399.7,94.0931,94.0981,94.0499,0.0432,0.0482,0.0049
765,1000.4,391.8,94.0967,94.1016,94.0533,0.0434,0.0484,0.0049
766,999.9,354.4,94.1003,94.1052,94.0567,0.0436,0.0485,0.0049
767,1000.8,380.6,94.1039,94.1088,94.0603,0.0435,0.0485,0.0049
768,999.5,409.2,94.1075,94.1124,94.0637,0.0438,0.0487,0.0049
769,999.6,381.4,94.1110,94.1160,94.0670,0.0441,0.0490,0.0049
770,999.3,358.3,94.1146,94.1195,94.0700,0.0446,0.0495,0.0049
771,1000.0,381.4,94.1182,94.1231,94.0700,0.0481,0.0531,0.0049
772,999.6,369.6,94.1217,94.1266,94.0734,0.0483,0.0532,0.0049
773,1000.9,375.8,94.1253,94.1302,94.0768,0.0484,0.0534,0.0049
774,999.2,323.8,94.1288,94.1337,94.0803,0.0485,0.0534,0.0049
775,1008.2,413.5,94.1324,94.1373,94.0873,0.0450,0.0499,0.0049
776,999.8,354.7,94.1359,94.1408,94.0873,0.0485,0.0534,0.0049
777,1001.1,408.6,94.1394,94.1443,94.0906,0.0488,0.0537,0.0049
778,999.2,405.6,94.1429,94.1478,94.0938,0.0492,0.0541,0.0049
779,994.8,415.8,94.1464,94.1513,94.0968,0.0496,0.0545,0.0049
780,1002.5,345.4,94.1499,94.1548,94.1001,0.0498,0.0547,0.0049
781,995.3,393.9,94.1534,94.1583,94.1032,0.0503,0.0551,0.0049
782,1000.3,370.5,94.1569,94.1618,94.1062,0.0507,0.0556,0.0049
783,1000.3,378.9,94.1604,94.1653,94.1093,0.0511,0.0560,0.0049
784,1000.4,378.2,94.1639,94.1687,94.1128,0.0511,0.0560,0.0049
785,999.0,343.0,94.1673,94.1722,94.1160,0.0513,0.0562,0.0049
786,1000.5,344.2,94.1708,94.1757,94.1193,0.0515,0.0564,0.0049
787,1000.3,375.7,94.1743,94.1791,94.1226,0.0517,0.0566,0.0049
788,999.8,387.9,94.1777,94.1826,94.1262,0.0515,0.0564,0.0049
789,1000.7,434.7,94.1812,94.1860,94.1297,0.0515,0.0563,0.0049
790,1013.0,439.7,94.1846,94.1894,94.1364,0.0482,0.0530,0.0049
791,993.8,382.0,94.1880,94.1929,94.1364,0.0516,0.0565,0.0049
792,1016.5,408.1,94.1914,94.1963,94.1432,0.0483,0.0531,0.0049
793,992.2,379.3,94.1949,94.1997,94.1465,0.0483,0.0532,0.0048
794,991.0,369.8,94.1983,94.2031,94.1465,0.0517,0.0566,0.0048
795,1008.5,357.6,94.2017,94.2065,94.1500,0.0517,0.0565,0.0048
796,991.8,392.9,94.2051,94.2099,94.1538,0.0513,0.0561,0.0048
797,998.9,363.4,94.2085,94.2133,94.1575,0.0510,0.0558,0.0048
798,999.7,381.6,94.2118,94.2167,94.1613,0.0506,0.0554,0.0048
799,1012.3,404.3,94.2152,94.2200,94.1694,0.0458,0.0506,0.0048
800,998.7,365.6,94.2186,94.2234,94.1734,0.0452,0.0500,0.0048
801,985.7,393.9,94.2220,94.2268,94.1734,0.0486,0.0534,0.0048
802,1005.9,405.5,94.2253,94.2301,94.1774,0.0479,0.0527,0.0048
803,1000.8,412.4,94.2287,94.2335,94.1812,0.0474,0.0523,0.0048
804,999.6,403.5,94.2320,94.2368,94.1850,0.0470,0.0519,0.0048
805,999.6,359.9,94.2353,94.2401,94.1890,0.0463,0.0511,0.0048
806,1000.5,391.7,94.2387,94.2435,94.1928,0.0458,0.0506,0.0048
807,997.6,401.7,94.2420,94.2468,94.1968,0.0452,0.0500,0.0048
808,999.8,417.3,94.2453,94.2501,94.2010,0.0443,0.0491,0.0048
809,1002.5,404.7,94.2486,94.2534,94.2051,0.0435,0.0483,0.0048
810,997.4,352.6,94.2519,94.2567,94.2091,0.0428,0.0476,0.0048
811,1000.5,425.4,94.2552,94.2600,94.2131,0.0421,0.0469,0.0048
812,998.8,395.3,94.2585,94.2633,94.2169,0.0416,0.0464,0.0048
813,998.9,409.5,94.2618,94.2666,94.2210,0.0408,0.0456,0.0048
814,1001.9,424.7,94.2651,94.2698,94.2247,0.0403,0.0451,0.0048
815,1002.7,425.2,94.2683,94.2731,94.2284,0.0399,0.0447,0.0048
816,1002.9,460.3,94.2716,94.2764,94.2319,0.0397,0.0445,0.0048
817,997.7,414.1,94.2749,94.2796,94.2355,0.0393,0.0441,0.0048
818,996.2,401.6,94.2781,94.2829,94.2388,0.0393,0.0441,0.0048
819,999.9,390.3,94.2813,94.2861,94.2422,0.0392,0.0439,0.0048
820,999.2,400.4,94.2846,94.2893,94.2460,0.0386,0.0434,0.0048
821,1006.1,392.2,94.2878,94.2926,94.2531,0.0347,0.0395,0.0048
822,999.1,347.8,94.2910,94.2958,94.2531,0.0380,0.0427,0.0048
823,1001.4,373.5,94.2942,94.2990,94.2568,0.0375,0.0422,0.0047
824,997.3,347.2,94.2975,94.3022,94.2607,0.0368,0.0415,0.0047
825,999.4,343.7,94.3007,94.3054,94.2643,0.0364,0.0411,0.0047
826,998.7,325.9,94.3039,94.3086,94.2678,0.0360,0.0408,0.0047
827,1000.1,328.8,94.3070,94.3118,94.2712,0.0358,0.0406,0.0047
828,1001.1,374.9,94.3102,94.3150,94.2749,0.0353,0.0400,0.0047
829,999.7,339.1,94.3134,94.3181,94.2784,0.0350,0.0397,0.0047
830,1002.1,346.6,94.3166,94.3213,94.2820,0.0346,0.0393,0.0047
831,997.2,336.2,94.3197,94.3244,94.2855,0.0342,0.0389,0.0047
832,1173.2,1417.0,94.3229,94.3276,94.2930,0.0298,0.0346,0.0047
833,1429.8,332.5,94.3260,94.3307,94.2967,0.0294,0.0341,0.0047
834,337.7,297.6,94.3292,94.3339,94.2967,0.0325,0.0372,0.0047
835,1060.1,387.1,94.3323,94.3370,94.3002,0.0321,0.0368,0.0047
836,998.1,413.8,94.3354,94.3401,94.3037,0.0317,0.0364,0.0047
837,998.8,397.0,94.3385,94.3432,94.3073,0.0312,0.0359,0.0047
838,999.7,419.6,94.3417,94.3464,94.3105,0.0312,0.0359,0.0047
839,1000.0,456.1,94.3448,94.3495,94.3136,0.0312,0.0359,0.0047
840,1001.1,421.7,94.3479,94.3526,94.3167,0.0312,0.0359,0.0047
841,998.8,379.1,94.3510,94.3556,94.3201,0.0309,0.0356,0.0047
842,999.8,333.7,94.3540,94.3587,94.3232,0.0308,0.0355,0.0047
843,1000.2,379.0,94.3571,94.3618,94.3263,0.0308,0.0355,0.0047
844,1001.9,350.2,94.3602,94.3649,94.3295,0.0307,0.0354,0.0047
845,1001.8,345.6,94.3633,94.3679,94.3328,0.0305,0.0351,0.0047
846,997.9,369.4,94.3663,94.3710,94.3357,0.0306,0.0353,0.0047
847,1000.0,359.1,94.3694,94.3740,94.3386,0.0308,0.0355,0.0047
848,1000.3,355.3,94.3724,94.3771,94.3413,0.0311,0.0357,0.0047
849,999.1,356.3,94.3755,94.3801,94.3442,0.0312,0.0359,0.0047
850,1005.1,376.6,94.3785,94.3831,94.3469,0.0316,0.0363,0.0047
851,996.3,377.2,94.3815,94.3862,94.3495,0.0320,0.0367,0.0047
852,999.2,345.1,94.3845,94.3892,94.3518,0.0327,0.0374,0.0046
853,999.6,344.5,94.3875,94.3922,94.3542,0.0334,0.0380,0.0046
854,1000.7,335.7,94.3905,94.3952,94.3563,0.0342,0.0389,0.0046
855,999.1,343.9,94.3935,94.3982,94.3585,0.0351,0.0397,0.0046
856,998.8,369.1,94.3965,94.4012,94.3605,0.0360,0.0406,0.0046
857,999.8,342.8,94.3995,94.4041,94.3628,0.0367,0.0413,0.0046
858,1002.8,361.7,94.4025,94.4071,94.3651,0.0374,0.0420,0.0046
859,997.7,361.5,94.4054,94.4101,94.3675,0.0379,0.0426,0.0046
860,999.2,338.3,94.4084,94.4130,94.3699,0.0385,0.0431,0.0046
861,1000.9,370.9,94.4114,94.4160,94.3726,0.0387,0.0434,0.0046
862,999.4,356.8,94.4143,94.4189,94.3751,0.0392,0.0438,0.0046
863,1000.4,399.1,94.4172,94.4219,94.3775,0.0398,0.0444,0.0046
864,1000.3,366.1,94.4202,94.4248,94.3801,0.0401,0.0447,0.0046
865,1001.4,382.7,94.4231,94.4277,94.3827,0.0405,0.0451,0.0046
866,999.6,424.2,94.4260,94.4306,94.3852,0.0409,0.0455,0.0046
867,1002.9,398.4,94.4289,94.4335,94.3877,0.0412,0.0458,0.0046
868,997.5,399.4,94.4318,94.4364,94.3904,0.0414,0.0460,0.0046
869,999.7,399.6,94.4347,94.4393,94.3930,0.0418,0.0464,0.0046
870,999.8,359.8,94.4376,94.4422,94.3956,0.0420,0.0466,0.0046
871,1000.5,345.4,94.4405,94.4451,94.3982,0.0423,0.0469,0.0046
872,1000.4,345.1,94.4434,94.4480,94.4008,0.0426,0.0472,0.0046
873,1001.8,381.1,94.4463,94.4508,94.4035,0.0427,0.0473,0.0046
874,1006.3,364.0,94.4491,94.4537,94.4062,0.0430,0.0475,0.0046
875,994.1,319.0,94.4520,94.4565,94.4088,0.0432,0.0477,0.0046
876,997.7,399.2,94.4548,94.4594,94.4116,0.0432,0.0477,0.0046
877,999.4,360.5,94.4577,94.4622,94.4144,0.0433,0.0478,0.0046
878,999.8,374.8,94.4605,94.4651,94.4173,0.0432,0.0478,0.0046
879,999.2,346.3,94.4633,94.4679,94.4203,0.0430,0.0476,0.0046
880,999.8,396.8,94.4662,94.4707,94.4237,0.0425,0.0470,0.0045
881,1000.0,401.7,94.4690,94.4735,94.4268,0.0422,0.0467,0.0045
882,1000.1,399.4,94.4718,94.4763,94.4299,0.0418,0.0464,0.0045
883,1001.8,422.0,94.4746,94.4791,94.4329,0.0417,0.0462,0.0045
884,1000.3,414.2,94.4774,94.4819,94.4359,0.0415,0.0460,0.0045
885,999.0,363.6,94.4802,94.4847,94.4387,0.0415,0.0460,0.0045
886,1002.6,399.5,94.4829,94.4875,94.4415,0.0414,0.0459,0.0045
887,997.3,370.8,94.4857,94.4902,94.4444,0.0413,0.0458,0.0045
888,1002.7,411.5,94.4885,94.4930,94.4474,0.0411,0.0456,0.0045
889,998.3,441.9,94.4912,94.4957,94.4505,0.0407,0.0452,0.0045
890,1000.3,428.2,94.4940,94.4985,94.4534,0.0405,0.0450,0.0045
891,1000.6,377.3,94.4967,94.5012,94.4564,0.0403,0.0448,0.0045
892,1000.8,404.8,94.4995,94.5040,94.4595,0.0400,0.0445,0.0045
893,997.1,421.8,94.5022,94.5067,94.4627,0.0395,0.0440,0.0045
894,1000.5,424.8,94.5049,94.5094,94.4662,0.0387,0.0432,0.0045
895,1001.7,387.6,94.5076,94.5121,94.4694,0.0382,0.0427,0.0045
896,1000.2,445.6,94.5103,94.5148,94.4754,0.0349,0.0394,0.0045
897,1000.1,387.4,94.5130,94.5175,94.4754,0.0376,0.0421,0.0045
898,1000.8,385.6,94.5157,94.5202,94.4783,0.0375,0.0419,0.0045
899,996.5,436.6,94.5184,94.5229,94.4811,0.0373,0.0418,0.0045
900,1013.2,402.1,94.5211,94.5256,94.4870,0.0341,0.0385,0.0045
901,987.8,379.0,94.5238,94.5282,94.4870,0.0367,0.0412,0.0045
902,1001.1,391.4,94.5264,94.5309,94.4897,0.0367,0.0412,0.0045
903,4570.5,412.2,94.5291,94.5335,94.5040,0.0251,0.0295,0.0045
904,418.5,356.9,94.5317,94.5362,94.5040,0.0277,0.0322,0.0045
905,361.6,430.1,94.5344,94.5388,94.5069,0.0275,0.0320,0.0045
906,435.1,1836.2,94.5370,94.5415,94.5069,0.0301,0.0346,0.0045
907,1841.5,306.4,94.5396,94.5441,94.5125,0.0272,0.0316,0.0045
908,311.2,317.0,94.5423,94.5467,94.5125,0.0298,0.0342,0.0044
909,321.8,323.7,94.5449,94.5493,94.5150,0.0298,0.0343,0.0044
910,328.7,303.1,94.5475,94.5519,94.5150,0.0324,0.0369,0.0044
911,418.3,351.3,94.5501,94.5545,94.5150,0.0350,0.0395,0.0044
912,1000.2,365.3,94.5527,94.5571,94.5177,0.0350,0.0394,0.0044
913,1001.3,401.1,94.5553,94.5597,94.5204,0.0349,0.0393,0.0044
914,1012.0,416.0,94.5578,94.5623,94.5257,0.0321,0.0365,0.0044
915,994.3,1089.9,94.5604,94.5648,94.5284,0.0320,0.0364,0.0044
916,1095.3,417.3,94.5630,94.5674,94.5313,0.0317,0.0361,0.0044
917,903.8,374.8,94.5655,94.5699,94.5313,0.0342,0.0386,0.0044
918,1009.1,392.3,94.5681,94.5725,94.5374,0.0307,0.0351,0.0044
919,984.2,2643.3,94.5706,94.5750,94.5404,0.0303,0.0347,0.0044
920,2654.9,365.7,94.5732,94.5776,94.5465,0.0266,0.0310,0.0044
921,370.4,455.1,94.5757,94.5801,94.5496,0.0261,0.0305,0.0044
922,462.3,318.0,94.5782,94.5826,94.5496,0.0286,0.0330,0.0044
923,508.8,366.2,94.5807,94.5851,94.5496,0.0311,0.0355,0.0044
924,1003.1,377.1,94.5832,94.5876,94.5525,0.0307,0.0351,0.0044
925,996.3,357.7,94.5857,94.5901,94.5554,0.0303,0.0347,0.0044
926,993.9,370.8,94.5882,94.5926,94.5584,0.0298,0.0342,0.0044
927,999.4,362.8,94.5907,94.5951,94.5616,0.0291,0.0335,0.0044
928,995.0,317.2,94.5932,94.5976,94.5643,0.0289,0.0333,0.0044
929,1000.4,354.0,94.5956,94.6000,94.5671,0.0285,0.0329,0.0044
930,999.6,356.8,94.5981,94.6025,94.5698,0.0283,0.0326,0.0044
931,1000.3,361.8,94.6006,94.6049,94.5725,0.0281,0.0325,0.0044
932,1000.0,363.1,94.6030,94.6074,94.5751,0.0279,0.0323,0.0044
933,1009.7,406.1,94.6055,94.6098,94.5780,0.0275,0.0318,0.0044
934,991.1,3619.5,94.6079,94.6122,94.5807,0.0271,0.0315,0.0044
935,3625.2,597.2,94.6103,94.6147,94.5921,0.0182,0.0226,0.0044
936,606.5,542.0,94.6127,94.6171,94.5921,0.0206,0.0250,0.0043
937,545.2,449.6,94.6151,94.6195,94.5921,0.0231,0.0274,0.0043
938,452.4,585.8,94.6175,94.6219,94.5948,0.0227,0.0271,0.0043
939,588.7,496.1,94.6199,94.6243,94.5948,0.0251,0.0295,0.0043
940,499.7,472.4,94.6223,94.6267,94.5973,0.0250,0.0293,0.0043
941,666.7,312.1,94.6247,94.6290,94.5973,0.0274,0.0317,0.0043
942,1016.0,330.6,94.6271,94.6314,94.5999,0.0272,0.0315,0.0043
943,989.1,321.5,94.6295,94.6338,94.6023,0.0272,0.0315,0.0043
944,1013.5,299.8,94.6318,94.6361,94.6047,0.0271,0.0314,0.0043
945,1001.4,309.6,94.6342,94.6385,94.6067,0.0275,0.0318,0.0043
946,994.4,306.1,94.6365,94.6408,94.6088,0.0278,0.0321,0.0043
947,1061.1,351.5,94.6389,94.6432,94.6132,0.0257,0.0300,0.0043
948,937.2,362.6,94.6412,94.6455,94.6132,0.0280,0.0323,0.0043
949,1008.5,315.7,94.6435,94.6478,94.6155,0.0281,0.0324,0.0043
950,989.6,331.6,94.6458,94.6501,94.6176,0.0282,0.0325,0.0043
951,1002.6,289.1,94.6481,94.6524,94.6196,0.0285,0.0328,0.0043
952,1000.4,264.4,94.6504,94.6547,94.6220,0.0285,0.0327,0.0043
953,999.2,311.9,94.6527,94.6570,94.6242,0.0286,0.0328,0.0043
954,1000.4,294.4,94.6550,94.6593,94.6265,0.0285,0.0328,0.0043
955,1000.0,286.6,94.6573,94.6616,94.6288,0.0285,0.0327,0.0043
956,1000.0,305.1,94.6596,94.6639,94.6313,0.0283,0.0325,0.0043
957,999.9,288.6,94.6618,94.6661,94.6335,0.0283,0.0326,0.0043
958,999.8,302.7,94.6641,94.6684,94.6357,0.0284,0.0327,0.0043
959,1000.2,299.2,94.6663,94.6706,94.6380,0.0284,0.0327,0.0043
960,999.8,289.8,94.6686,94.6729,94.6402,0.0284,0.0326,0.0043
961,1001.5,311.5,94.6708,94.6751,94.6427,0.0282,0.0324,0.0043
962,973.1,298.2,94.6731,94.6773,94.6449,0.0282,0.0324,0.0043
963,1029.4,342.1,94.6753,94.6795,94.6470,0.0283,0.0326,0.0042
964,958.7,363.9,94.6775,94.6817,94.6491,0.0283,0.0326,0.0042
965,1042.1,372.2,94.6797,94.6839,94.6510,0.0287,0.0329,0.0042
966,1007.6,411.8,94.6819,94.6861,94.6529,0.0290,0.0332,0.0042
967,999.1,347.2,94.6841,94.6883,94.6548,0.0293,0.0336,0.0042
968,998.5,359.7,94.6863,94.6905,94.6566,0.0296,0.0339,0.0042
969,999.1,341.2,94.6884,94.6927,94.6589,0.0295,0.0337,0.0042
970,1000.5,346.5,94.6906,94.6948,94.6612,0.0294,0.0337,0.0042
971,1000.4,361.7,94.6928,94.6970,94.6635,0.0293,0.0335,0.0042
972,1002.2,339.4,94.6949,94.6991,94.6658,0.0291,0.0334,0.0042
973,999.5,381.9,94.6971,94.7013,94.6683,0.0288,0.0330,0.0042
974,997.6,327.5,94.6992,94.7034,94.6707,0.0286,0.0328,0.0042
975,1002.1,320.6,94.7014,94.7056,94.6730,0.0283,0.0325,0.0042
976,1000.0,329.7,94.7035,94.7077,94.6755,0.0280,0.0322,0.0042
977,1007.6,375.2,94.7056,94.7098,94.6777,0.0279,0.0321,0.0042
978,1006.2,388.1,94.7077,94.7119,94.6821,0.0256,0.0298,0.0042
979,1001.6,371.2,94.7098,94.7140,94.6821,0.0277,0.0319,0.0042
980,968.3,400.3,94.7119,94.7161,94.6845,0.0274,0.0316,0.0042
981,1021.5,411.1,94.7140,94.7182,94.6868,0.0272,0.0314,0.0042
982,995.0,354.6,94.7161,94.7202,94.6892,0.0269,0.0310,0.0042
983,1017.9,1317.3,94.7181,94.7223,94.6939,0.0242,0.0284,0.0042
984,1328.4,464.3,94.7202,94.7244,94.6961,0.0241,0.0283,0.0042
985,656.8,336.9,94.7223,94.7264,94.6961,0.0262,0.0304,0.0042
986,1013.0,375.8,94.7243,94.7285,94.7001,0.0242,0.0284,0.0042
987,988.1,390.0,94.7264,94.7305,94.7001,0.0263,0.0304,0.0042
988,1001.3,427.0,94.7284,94.7325,94.7045,0.0239,0.0280,0.0042
989,1002.0,423.3,94.7304,94.7346,94.7045,0.0259,0.0300,0.0042
990,990.4,437.4,94.7324,94.7366,94.7067,0.0257,0.0299,0.0041
991,998.8,400.3,94.7345,94.7386,94.7089,0.0255,0.0297,0.0041
992,1000.1,331.1,94.7365,94.7406,94.7111,0.0253,0.0295,0.0041
993,1004.6,407.1,94.7385,94.7426,94.7136,0.0249,0.0290,0.0041
994,995.6,371.2,94.7404,94.7446,94.7160,0.0245,0.0286,0.0041
995,1001.4,367.3,94.7424,94.7466,94.7183,0.0241,0.0283,0.0041
996,999.8,393.9,94.7444,94.7485,94.7205,0.0239,0.0280,0.0041
997,998.5,370.4,94.7464,94.7505,94.7228,0.0236,0.0277,0.0041
998,1001.7,351.9,94.7483,94.7525,94.7248,0.0236,0.0277,0.0041
999,1000.7,367.1,94.7503,94.7544,94.7268,0.0235,0.0276,0.0041
1000,989.2,337.8,94.7522,94.7563,94.7287,0.0235,0.0276,0.0041
1001,1017.8,348.1,94.7542,94.7583,94.7308,0.0233,0.0275,0.0041
1002,1011.1,351.5,94.7561,94.7602,94.7327,0.0234,0.0275,0.0041
1003,988.4,421.5,94.7580,94.7621,94.7363,0.0217,0.0258,0.0041
1004,982.5,364.7,94.7599,94.7640,94.7363,0.0236,0.0277,0.0041
1005,1004.6,327.5,94.7618,94.7659,94.7382,0.0236,0.0277,0.0041
1006,998.3,3646.9,94.7637,94.7678,94.7401,0.0237,0.0278,0.0041
1007,3654.1,384.2,94.7656,94.7697,94.7474,0.0182,0.0223,0.0041
1008,389.6,375.9,94.7675,94.7716,94.7493,0.0182,0.0223,0.0041
1009,381.6,398.2,94.7694,94.7735,94.7493,0.0201,0.0241,0.0041
1010,403.4,312.0,94.7713,94.7753,94.7493,0.0219,0.0260,0.0041
1011,317.3,274.9,94.7731,94.7772,94.7513,0.0219,0.0259,0.0041
1012,1153.5,616.5,94.7750,94.7791,94.7531,0.0219,0.0259,0.0041
1013,701.6,357.5,94.7768,94.7809,94.7531,0.0237,0.0278,0.0041
1014,999.4,327.9,94.7787,94.7827,94.7552,0.0235,0.0276,0.0041
1015,999.1,345.7,94.7805,94.7846,94.7569,0.0236,0.0277,0.0041
1016,1001.3,330.6,94.7823,94.7864,94.7587,0.0237,0.0277,0.0041
1017,998.6,354.9,94.7842,94.7882,94.7607,0.0234,0.0275,0.0040
1018,998.3,330.2,94.7860,94.7900,94.7627,0.0233,0.0273,0.0040
1019,1009.1,353.7,94.7878,94.7918,94.7648,0.0230,0.0270,0.0040
1020,997.1,356.9,94.7896,94.7936,94.7668,0.0227,0.0268,0.0040
1021,1005.2,309.0,94.7913,94.7954,94.7690,0.0223,0.0264,0.0040
1022,989.7,298.7,94.7931,94.7972,94.7715,0.0216,0.0257,0.0040
1023,1000.7,334.2,94.7949,94.7989,94.7737,0.0212,0.0252,0.0040
1024,998.3,286.4,94.7967,94.8007,94.7760,0.0207,0.0247,0.0040
1025,999.9,292.7,94.7984,94.8024,94.7781,0.0204,0.0244,0.0040
1026,1034.7,462.2,94.8002,94.8042,94.7824,0.0178,0.0218,0.0040
1027,971.4,313.8,94.8019,94.8059,94.7824,0.0195,0.0235,0.0040
1028,1010.7,343.3,94.8036,94.8076,94.7844,0.0192,0.0232,0.0040
1029,998.3,348.7,94.8054,94.8094,94.7866,0.0187,0.0227,0.0040
1030,1016.0,371.1,94.8071,94.8111,94.7906,0.0165,0.0205,0.0040
1031,983.7,1075.5,94.8088,94.8128,94.7906,0.0182,0.0222,0.0040
1032,1084.1,374.0,94.8105,94.8145,94.7946,0.0159,0.0199,0.0040
1033,916.1,396.4,94.8122,94.8162,94.7946,0.0176,0.0216,0.0040
1034,996.5,407.6,94.8139,94.8179,94.7968,0.0171,0.0211,0.0040
1035,1153.0,297.8,94.8156,94.8195,94.8010,0.0146,0.0186,0.0040
1036,838.5,336.5,94.8172,94.8212,94.8010,0.0163,0.0203,0.0040
1037,997.7,328.8,94.8189,94.8229,94.8030,0.0159,0.0198,0.0040
1038,1004.4,348.2,94.8206,94.8245,94.8053,0.0152,0.0192,0.0040
1039,996.9,331.9,94.8222,94.8262,94.8074,0.0148,0.0188,0.0040
1040,1003.8,371.6,94.8239,94.8278,94.8094,0.0145,0.0185,0.0040
1041,1027.1,340.7,94.8255,94.8294,94.8112,0.0143,0.0182,0.0040
1042,968.9,358.9,94.8271,94.8311,94.8132,0.0139,0.0179,0.0040
1043,1039.0,358.5,94.8287,94.8327,94.8166,0.0122,0.0161,0.0039
1044,961.4,306.1,94.8304,94.8343,94.8166,0.0138,0.0177,0.0039
1045,998.6,300.5,94.8320,94.8359,94.8182,0.0137,0.0177,0.0039
1046,1000.6,326.6,94.8336,94.8375,94.8200,0.0135,0.0175,0.0039
1047,1001.1,367.7,94.8351,94.8391,94.8218,0.0134,0.0173,0.0039
1048,998.3,345.4,94.8367,94.8407,94.8234,0.0133,0.0172,0.0039
1049,1000.1,343.6,94.8383,94.8422,94.8250,0.0133,0.0172,0.0039
1050,1000.7,324.2,94.8399,94.8438,94.8265,0.0133,0.0173,0.0039
1051,997.8,292.4,94.8414,94.8453,94.8282,0.0132,0.0171,0.0039
1052,1005.3,318.8,94.8430,94.8469,94.8298,0.0132,0.0171,0.0039
1053,998.5,346.0,94.8445,94.8484,94.8314,0.0132,0.0171,0.0039
1054,995.8,322.9,94.8461,94.8500,94.8329,0.0132,0.0171,0.0039
1055,1001.4,302.4,94.8476,94.8515,94.8346,0.0130,0.0169,0.0039
1056,1002.4,327.1,94.8491,94.8530,94.8363,0.0128,0.0167,0.0039
1057,1002.1,369.7,94.8506,94.8545,94.8379,0.0128,0.0167,0.0039
1058,1000.0,341.9,94.8521,94.8560,94.8394,0.0127,0.0166,0.0039
1059,1001.8,401.4,94.8536,94.8575,94.8410,0.0126,0.0165,0.0039
1060,1017.8,354.4,94.8551,94.8590,94.8427,0.0124,0.0163,0.0039
1061,1301.9,504.3,94.8566,94.8605,94.8461,0.0105,0.0144,0.0039
1062,672.8,296.9,94.8581,94.8619,94.8461,0.0119,0.0158,0.0039
1063,1000.9,310.1,94.8595,94.8634,94.8476,0.0119,0.0158,0.0039
1064,1007.5,376.7,94.8610,94.8649,94.8491,0.0119,0.0158,0.0039
1065,999.2,369.3,94.8624,94.8663,94.8504,0.0121,0.0159,0.0039
1066,997.9,323.5,94.8639,94.8677,94.8518,0.0121,0.0160,0.0039
1067,997.2,316.8,94.8653,94.8692,94.8531,0.0122,0.0161,0.0039
1068,999.6,327.6,94.8667,94.8706,94.8543,0.0124,0.0163,0.0039
1069,999.9,320.1,94.8682,94.8720,94.8557,0.0125,0.0164,0.0038
1070,999.9,298.4,94.8696,94.8734,94.8570,0.0126,0.0164,0.0038
1071,1003.6,307.1,94.8710,94.8748,94.8582,0.0128,0.0166,0.0038
1072,997.6,322.7,94.8724,94.8762,94.8594,0.0130,0.0168,0.0038
1073,997.8,303.4,94.8738,94.8776,94.8606,0.0132,0.0170,0.0038
1074,1000.0,309.8,94.8752,94.8790,94.8619,0.0133,0.0171,0.0038
1075,1002.8,347.7,94.8765,94.8804,94.8631,0.0134,0.0172,0.0038
1076,1000.7,402.3,94.8779,94.8817,94.8643,0.0136,0.0175,0.0038
1077,1010.3,353.3,94.8793,94.8831,94.8654,0.0138,0.0177,0.0038
1078,996.9,335.3,94.8806,94.8844,94.8667,0.0139,0.0177,0.0038
1079,992.5,353.9,94.8820,94.8858,94.8679,0.0140,0.0179,0.0038
1080,1000.2,360.1,94.8833,94.8871,94.8692,0.0141,0.0179,0.0038
1081,997.3,334.9,94.8846,94.8884,94.8705,0.0141,0.0179,0.0038
1082,999.8,298.4,94.8859,94.8897,94.8719,0.0140,0.0178,0.0038
1083,1012.8,391.3,94.8873,94.8910,94.8732,0.0141,0.0178,0.0038
1084,1000.4,413.1,94.8886,94.8923,94.8745,0.0140,0.0178,0.0038
1085,996.8,391.7,94.8899,94.8936,94.8758,0.0140,0.0178,0.0038
1086,1002.6,399.6,94.8911,94.8949,94.8772,0.0139,0.0177,0.0038
1087,999.5,409.0,94.8924,94.8962,94.8785,0.0139,0.0177,0.0038
1088,998.7,393.1,94.8937,94.8975,94.8799,0.0138,0.0176,0.0038
1089,998.8,432.8,94.8950,94.8987,94.8811,0.0139,0.0176,0.0038
1090,1000.6,425.4,94.8962,94.9000,94.8826,0.0136,0.0174,0.0038
1091,999.7,414.7,94.8975,94.9012,94.8838,0.0137,0.0175,0.0038
1092,1000.2,370.5,94.8987,94.9025,94.8851,0.0136,0.0174,0.0038
1093,997.7,351.1,94.9000,94.9037,94.8867,0.0132,0.0170,0.0038
1094,1000.6,379.3,94.9012,94.9049,94.8882,0.0129,0.0167,0.0038
1095,1000.7,337.3,94.9024,94.9061,94.8897,0.0127,0.0165,0.0037
1096,1001.9,370.1,94.9036,94.9074,94.8911,0.0125,0.0162,0.0037
1097,997.7,397.3,94.9048,94.9086,94.8924,0.0124,0.0161,0.0037
1098,1001.4,378.3,94.9060,94.9098,94.8939,0.0121,0.0158,0.0037
1099,1013.2,396.7,94.9072,94.9109,94.8952,0.0120,0.0158,0.0037
1100,1000.7,398.2,94.9084,94.9121,94.8965,0.0119,0.0156,0.0037
1101,994.0,421.8,94.9096,94.9133,94.8978,0.0118,0.0155,0.0037
1102,990.3,377.0,94.9107,94.9144,94.8991,0.0116,0.0154,0.0037
1103,1001.3,345.4,94.9119,94.9156,94.9003,0.0116,0.0153,0.0037
1104,1002.1,381.4,94.9130,94.9167,94.9015,0.0115,0.0152,0.0037
1105,2087.6,381.9,94.9142,94.9179,94.9053,0.0089,0.0126,0.0037
1106,390.1,377.3,94.9153,94.9190,94.9053,0.0101,0.0138,0.0037
1107,519.5,324.8,94.9164,94.9201,94.9053,0.0112,0.0149,0.0037
1108,992.2,343.8,94.9176,94.9213,94.9064,0.0112,0.0149,0.0037
1109,1002.1,330.6,94.9187,94.9224,94.9064,0.0123,0.0160,0.0037
1110,998.2,298.5,94.9198,94.9235,94.9076,0.0122,0.0159,0.0037
1111,998.2,314.5,94.9209,94.9246,94.9088,0.0120,0.0157,0.0037
1112,1003.9,323.4,94.9220,94.9256,94.9099,0.0120,0.0157,0.0037
1113,996.9,309.8,94.9230,94.9267,94.9111,0.0119,0.0156,0.0037
1114,1000.4,358.0,94.9241,94.9278,94.9124,0.0117,0.0154,0.0037
1115,998.2,468.0,94.9252,94.9288,94.9138,0.0114,0.0150,0.0037
1116,1000.4,317.2,94.9262,94.9299,94.9151,0.0111,0.0148,0.0037
1117,1017.9,388.3,94.9273,94.9309,94.9163,0.0110,0.0146,0.0037
1118,996.9,351.8,94.9283,94.9320,94.9175,0.0108,0.0145,0.0037
1119,987.0,348.4,94.9294,94.9330,94.9188,0.0105,0.0142,0.0037
1120,999.6,318.0,94.9304,94.9340,94.9199,0.0105,0.0141,0.0037
1121,1004.4,424.3,94.9314,94.9350,94.9221,0.0092,0.0129,0.0036
1122,994.3,340.9,94.9324,94.9361,94.9221,0.0103,0.0139,0.0036
1123,999.7,339.8,94.9334,94.9370,94.9235,0.0100,0.0136,0.0036
1124,1000.9,354.4,94.9344,94.9380,94.9247,0.0097,0.0133,0.0036
1125,1019.8,381.6,94.9354,94.9390,94.9261,0.0093,0.0130,0.0036
1126,980.3,345.4,94.9364,94.9400,94.9273,0.0090,0.0127,0.0036
1127,999.2,341.9,94.9373,94.9410,94.9287,0.0087,0.0123,0.0036
1128,999.6,348.2,94.9383,94.9419,94.9300,0.0083,0.0119,0.0036
1129,1001.4,382.5,94.9393,94.9429,94.9313,0.0080,0.0116,0.0036
1130,1018.0,375.6,94.9402,94.9438,94.9325,0.0077,0.0113,0.0036
1131,991.4,364.0,94.9411,94.9448,94.9338,0.0073,0.0109,0.0036
1132,1000.5,330.5,94.9421,94.9457,94.9350,0.0071,0.0107,0.0036
1133,999.3,347.3,94.9430,94.9466,94.9360,0.0070,0.0106,0.0036
1134,999.3,371.9,94.9439,94.9475,94.9371,0.0068,0.0104,0.0036
1135,1004.7,411.1,94.9448,94.9484,94.9381,0.0068,0.0104,0.0036
1136,996.0,369.8,94.9457,94.9493,94.9390,0.0067,0.0103,0.0036
1137,998.0,366.7,94.9466,94.9502,94.9399,0.0067,0.0103,0.0036
1138,999.2,390.4,94.9475,94.9511,94.9408,0.0067,0.0102,0.0036
1139,1001.7,408.1,94.9484,94.9520,94.9417,0.0067,0.0103,0.0036
1140,1001.8,1198.4,94.9493,94.9528,94.9425,0.0067,0.0103,0.0036
1141,1202.0,300.5,94.9501,94.9537,94.9442,0.0059,0.0095,0.0036
1142,803.6,326.3,94.9510,94.9545,94.9442,0.0068,0.0104,0.0036
1143,989.1,463.8,94.9518,94.9554,94.9449,0.0069,0.0104,0.0036
1144,1004.5,348.6,94.9527,94.9562,94.9456,0.0071,0.0106,0.0036
1145,1000.4,324.7,94.9535,94.9570,94.9462,0.0073,0.0108,0.0036
1146,999.4,340.1,94.9543,94.9579,94.9469,0.0074,0.0109,0.0036
1147,999.0,340.2,94.9551,94.9587,94.9476,0.0075,0.0111,0.0035
1148,999.5,335.7,94.9559,94.9595,94.9483,0.0077,0.0112,0.0035
1149,1002.7,317.3,94.9567,94.9603,94.9491,0.0077,0.0112,0.0035
1150,989.2,287.9,94.9575,94.9611,94.9499,0.0076,0.0111,0.0035
1151,1000.6,314.7,94.9583,94.9618,94.9509,0.0074,0.0110,0.0035
1152,998.5,297.2,94.9591,94.9626,94.9517,0.0074,0.0109,0.0035
1153,1002.9,364.8,94.9598,94.9634,94.9526,0.0073,0.0108,0.0035
1154,998.2,310.3,94.9606,94.9641,94.9534,0.0072,0.0107,0.0035
1155,999.9,281.5,94.9614,94.9649,94.9542,0.0072,0.0107,0.0035
1156,999.3,315.7,94.9621,94.9656,94.9550,0.0071,0.0107,0.0035
1157,1007.8,340.0,94.9628,94.9663,94.9558,0.0070,0.0105,0.0035
1158,1003.0,357.4,94.9636,94.9671,94.9568,0.0068,0.0103,0.0035
1159,998.7,328.7,94.9643,94.9678,94.9577,0.0066,0.0101,0.0035
1160,1000.2,330.5,94.9650,94.9685,94.9586,0.0064,0.0099,0.0035
1161,1025.9,387.9,94.9657,94.9692,94.9594,0.0063,0.0098,0.0035
1162,975.7,355.9,94.9664,94.9699,94.9604,0.0060,0.0095,0.0035
1163,998.2,384.8,94.9671,94.9706,94.9612,0.0059,0.0094,0.0035
1164,1000.3,399.9,94.9678,94.9713,94.9619,0.0058,0.0093,0.0035
1165,999.9,438.1,94.9685,94.9719,94.9628,0.0057,0.0092,0.0035
1166,996.4,368.8,94.9691,94.9726,94.9637,0.0054,0.0089,0.0035
1167,997.0,365.7,94.9698,94.9732,94.9646,0.0052,0.0086,0.0035
1168,1007.8,404.4,94.9704,94.9739,94.9655,0.0049,0.0084,0.0035
1169,1018.7,405.6,94.9711,94.9745,94.9664,0.0047,0.0082,0.0035
1170,982.6,358.0,94.9717,94.9752,94.9673,0.0044,0.0079,0.0035
1171,997.3,370.2,94.9723,94.9758,94.9681,0.0042,0.0077,0.0035
1172,999.8,354.9,94.9729,94.9764,94.9688,0.0041,0.0076,0.0034
1173,999.0,356.4,94.9736,94.9770,94.9695,0.0040,0.0075,0.0034
1174,999.8,343.8,94.9742,94.9776,94.9703,0.0038,0.0073,0.0034
1175,1000.1,298.2,94.9748,94.9782,94.9711,0.0036,0.0070,0.0034
1176,999.0,340.9,94.9753,94.9788,94.9719,0.0034,0.0069,0.0034
1177,1002.0,352.9,94.9759,94.9794,94.9727,0.0032,0.0066,0.0034
1178,1004.2,362.6,94.9765,94.9799,94.9735,0.0029,0.0064,0.0034
1179,1003.5,392.9,94.9771,94.9805,94.9743,0.0027,0.0062,0.0034
1180,988.7,344.7,94.9776,94.9810,94.9750,0.0027,0.0061,0.0034
1181,997.4,348.2,94.9782,94.9816,94.9756,0.0026,0.0060,0.0034
1182,998.2,322.8,94.9787,94.9821,94.9761,0.0026,0.0060,0.0034
1183,1039.8,358.3,94.9792,94.9826,94.9767,0.0025,0.0059,0.0034
1184,972.5,417.3,94.9798,94.9832,94.9773,0.0025,0.0059,0.0034
1185,989.3,444.2,94.9803,94.9837,94.9779,0.0024,0.0058,0.0034
1186,1007.4,346.9,94.9808,94.9842,94.9785,0.0023,0.0057,0.0034
1187,1001.2,404.8,94.9813,94.9847,94.9789,0.0023,0.0057,0.0034
1188,1009.1,377.2,94.9818,94.9852,94.9794,0.0024,0.0058,0.0034
1189,984.2,427.9,94.9823,94.9856,94.9798,0.0025,0.0059,0.0034
1190,1025.4,901.1,94.9827,94.9861,94.9802,0.0025,0.0059,0.0034
1191,915.4,389.2,94.9832,94.9866,94.9806,0.0026,0.0060,0.0034
1192,1064.0,348.7,94.9837,94.9870,94.9810,0.0027,0.0061,0.0034
1193,998.6,352.8,94.9841,94.9875,94.9814,0.0027,0.0061,0.0034
1194,1001.9,362.1,94.9846,94.9879,94.9819,0.0027,0.0060,0.0034
1195,1008.0,386.8,94.9850,94.9884,94.9824,0.0026,0.0060,0.0034
1196,998.0,370.8,94.9854,94.9888,94.9829,0.0026,0.0059,0.0034
1197,993.1,304.2,94.9859,94.9892,94.9834,0.0024,0.0058,0.0034
1198,999.4,346.9,94.9863,94.9896,94.9839,0.0024,0.0057,0.0033
1199,1000.8,380.0,94.9867,94.9900,94.9845,0.0022,0.0055,0.0033
1200,1002.2,406.4,94.9871,94.9904,94.9850,0.0020,0.0054,0.0033
1201,997.2,380.1,94.9875,94.9908,94.9855,0.0019,0.0053,0.0033
1202,1004.2,336.8,94.9879,94.9912,94.9860,0.0019,0.0052,0.0033
1203,1008.1,396.7,94.9882,94.9916,94.9870,0.0013,0.0046,0.0033
1204,991.0,340.8,94.9886,94.9919,94.9870,0.0016,0.0050,0.0033
1205,999.5,570.6,94.9890,94.9923,94.9874,0.0015,0.0048,0.0033
1206,1005.8,375.8,94.9893,94.9926,94.9879,0.0014,0.0047,0.0033
1207,992.5,314.5,94.9897,94.9930,94.9885,0.0012,0.0045,0.0033
1208,999.7,364.8,94.9900,94.9933,94.9889,0.0011,0.0044,0.0033
1209,1011.3,374.9,94.9903,94.9936,94.9892,0.0011,0.0044,0.0033
1210,990.7,404.5,94.9906,94.9939,94.9896,0.0011,0.0044,0.0033
1211,1009.1,386.3,94.9909,94.9942,94.9898,0.0011,0.0044,0.0033
1212,990.4,385.8,94.9912,94.9945,94.9901,0.0012,0.0045,0.0033
1213,1000.7,537.9,94.9915,94.9948,94.9903,0.0012,0.0045,0.0033
1214,997.9,400.0,94.9918,94.9951,94.9907,0.0012,0.0045,0.0033
1215,1002.7,400.7,94.9921,94.9954,94.9910,0.0011,0.0044,0.0033
1216,1029.1,548.8,94.9924,94.9957,94.9918,0.0006,0.0039,0.0033
1217,969.7,334.8,94.9926,94.9959,94.9918,0.0008,0.0041,0.0033
1218,1000.0,403.4,94.9929,94.9962,94.9922,0.0007,0.0040,0.0033
1219,1000.5,348.1,94.9932,94.9964,94.9926,0.0006,0.0038,0.0033
1220,1010.1,347.5,94.9934,94.9967,94.9929,0.0005,0.0038,0.0033
1221,990.6,372.3,94.9936,94.9969,94.9932,0.0004,0.0037,0.0033
1222,1511.3,403.1,94.9939,94.9971,94.9939,-0.0000,0.0032,0.0033
1223,488.3,744.5,94.9941,94.9973,94.9939,0.0002,0.0034,0.0032
1224,1000.0,599.5,94.9943,94.9975,94.9942,0.0001,0.0033,0.0032
1225,990.7,366.0,94.9945,94.9977,94.9945,-0.0000,0.0032,0.0032
1226,1011.6,382.5,94.9947,94.9979,94.9949,-0.0002,0.0031,0.0032
1227,997.8,380.9,94.9949,94.9981,94.9952,-0.0003,0.0029,0.0032
1228,1005.0,399.7,94.9950,94.9983,94.9956,-0.0005,0.0027,0.0032
1229,994.7,390.0,94.9952,94.9984,94.9959,-0.0007,0.0025,0.0032
1230,999.6,368.0,94.9954,94.9986,94.9962,-0.0009,0.0024,0.0032
1231,999.0,396.6,94.9955,94.9987,94.9965,-0.0010,0.0022,0.0032
1232,1000.0,364.6,94.9957,94.9989,94.9969,-0.0012,0.0020,0.0032
1233,999.3,377.8,94.9958,94.9990,94.9971,-0.0013,0.0019,0.0032
1234,1000.2,329.3,94.9959,94.9991,94.9974,-0.0014,0.0018,0.0032
1235,999.9,328.9,94.9961,94.9993,94.9975,-0.0015,0.0017,0.0032
1236,999.7,368.9,94.9962,94.9994,94.9977,-0.0016,0.0016,0.0032
1237,1000.0,322.3,94.9963,94.9995,94.9979,-0.0016,0.0016,0.0032
1238,999.9,469.1,94.9964,94.9996,94.9981,-0.0018,0.0014,0.0032
1239,1000.8,412.9,94.9965,94.9997,94.9983,-0.0018,0.0014,0.0032
1240,1024.6,749.2,94.9966,94.9997,94.9985,-0.0020,0.0012,0.0032
1241,977.7,371.6,94.9966,94.9998,94.9987,-0.0020,0.0011,0.0032
1242,1000.8,381.1,94.9967,94.9999,94.9989,-0.0022,0.0010,0.0032
1243,1005.3,365.0,94.9968,94.9999,94.9991,-0.0023,0.0009,0.0032
1244,990.6,312.9,94.9968,95.0000,94.9993,-0.0025,0.0007,0.0032
1245,992.6,321.9,94.9968,95.0000,94.9994,-0.0026,0.0006,0.0032
1246,1013.5,363.0,94.9969,95.0000,94.9995,-0.0027,0.0005,0.0032
1247,999.1,353.7,94.9969,95.0001,94.9997,-0.0028,0.0004,0.0032
1248,998.1,322.8,94.9969,95.0001,94.9998,-0.0029,0.0003,0.0031
1249,990.6,313.1,94.9969,95.0001,94.9999,-0.0030,0.0002,0.0031
1250,1001.3,361.5,94.9969,95.0001,95.0000,-0.0031,0.0001,0.0031
1251,1005.6,406.0,94.9969,95.0001,95.0001,-0.0032,-0.0001,0.0031
1252,1001.4,331.6,94.9969,95.0001,95.0003,-0.0033,-0.0002,0.0031
1253,1002.1,370.4,94.9969,95.0000,95.0004,-0.0035,-0.0003,0.0031
1254,999.1,398.2,94.9969,95.0000,95.0005,-0.0036,-0.0005,0.0031
1255,998.7,357.1,94.9968,95.0000,95.0006,-0.0037,-0.0006,0.0031
1256,1000.2,380.7,94.9968,94.9999,95.0007,-0.0039,-0.0008,0.0031
1257,999.1,351.7,94.9968,94.9999,95.0009,-0.0041,-0.0010,0.0031
1258,999.2,375.0,94.9967,94.9998,95.0010,-0.0043,-0.0012,0.0031
1259,998.6,363.8,94.9966,94.9997,95.0011,-0.0044,-0.0013,0.0031
1260,1002.4,462.0,94.9966,94.9997,95.0012,-0.0046,-0.0015,0.0031
1261,1013.7,402.9,94.9965,94.9996,95.0012,-0.0048,-0.0017,0.0031
1262,991.1,426.8,94.9964,94.9995,95.0012,-0.0049,-0.0018,0.0031
1263,995.4,405.0,94.9963,94.9994,95.0013,-0.0050,-0.0019,0.0031
1264,1002.6,392.4,94.9962,94.9993,95.0013,-0.0052,-0.0021,0.0031
1265,1090.0,414.6,94.9961,94.9991,95.0013,-0.0053,-0.0022,0.0031
1266,912.0,362.1,94.9959,94.9990,95.0013,-0.0054,-0.0023,0.0031
1267,1000.7,410.6,94.9958,94.9989,95.0014,-0.0056,-0.0025,0.0031
1268,993.0,1605.1,94.9957,94.9987,95.0014,-0.0057,-0.0027,0.0031
1269,1611.2,283.6,94.9955,94.9986,95.0014,-0.0059,-0.0029,0.0031
1270,385.3,307.3,94.9954,94.9984,95.0014,-0.0061,-0.0030,0.0031
1271,1002.6,333.0,94.9952,94.9983,95.0014,-0.0062,-0.0032,0.0031
1272,1001.1,374.6,94.9950,94.9981,95.0015,-0.0065,-0.0034,0.0031
1273,998.7,338.6,94.9949,94.9979,95.0015,-0.0067,-0.0036,0.0031
1274,1001.8,307.0,94.9947,94.9977,95.0015,-0.0068,-0.0038,0.0030
1275,999.0,376.9,94.9945,94.9975,95.0015,-0.0070,-0.0040,0.0030
1276,1004.1,407.6,94.9943,94.9973,95.0015,-0.0072,-0.0042,0.0030
1277,995.1,806.9,94.9941,94.9971,95.0015,-0.0074,-0.0044,0.0030
1278,1009.5,378.7,94.9939,94.9969,95.0015,-0.0077,-0.0046,0.0030
1279,1003.2,357.2,94.9936,94.9967,95.0015,-0.0079,-0.0049,0.0030
1280,992.7,384.3,94.9934,94.9964,95.0015,-0.0081,-0.0051,0.0030
1281,997.8,385.5,94.9932,94.9962,95.0015,-0.0084,-0.0053,0.0030
1282,1023.1,382.3,94.9929,94.9959,95.0015,-0.0086,-0.0056,0.0030
1283,978.5,400.6,94.9926,94.9957,95.0015,-0.0089,-0.0059,0.0030
1284,1000.0,374.3,94.9924,94.9954,95.0015,-0.0091,-0.0061,0.0030
1285,997.2,341.3,94.9921,94.9951,95.0015,-0.0094,-0.0064,0.0030
1286,1001.6,362.6,94.9918,94.9948,95.0015,-0.0097,-0.0067,0.0030
1287,998.5,346.8,94.9915,94.9945,95.0014,-0.0099,-0.0069,0.0030
1288,998.4,406.0,94.9912,94.9942,95.0014,-0.0102,-0.0072,0.0030
1289,999.5,430.7,94.9909,94.9939,95.0014,-0.0105,-0.0075,0.0030
1290,999.6,426.7,94.9906,94.9936,95.0014,-0.0108,-0.0078,0.0030
1291,1004.0,371.6,94.9903,94.9933,95.0014,-0.0111,-0.0081,0.0030
1292,1042.0,442.3,94.9900,94.9930,95.0014,-0.0114,-0.0084,0.0030
1293,954.2,413.9,94.9897,94.9926,95.0014,-0.0117,-0.0088,0.0030
1294,999.6,361.0,94.9893,94.9923,95.0013,-0.0120,-0.0091,0.0030
1295,1006.8,392.6,94.9890,94.9919,95.0013,-0.0123,-0.0094,0.0030
1296,1002.7,1124.9,94.9886,94.9916,95.0013,-0.0127,-0.0097,0.0030
1297,1135.1,366.4,94.9882,94.9912,95.0012,-0.0130,-0.0101,0.0030
1298,861.0,359.3,94.9879,94.9908,95.0012,-0.0134,-0.0104,0.0030
1299,988.4,364.5,94.9875,94.9904,95.0012,-0.0137,-0.0108,0.0029
1300,1088.6,389.3,94.9871,94.9900,95.0011,-0.0140,-0.0111,0.0029
1301,889.2,358.7,94.9867,94.9896,95.0011,-0.0144,-0.0115,0.0029
1302,1029.2,336.0,94.9863,94.9892,95.0011,-0.0148,-0.0119,0.0029
1303,992.6,359.1,94.9859,94.9888,95.0010,-0.0152,-0.0122,0.0029
1304,999.9,314.4,94.9854,94.9884,95.0010,-0.0155,-0.0126,0.0029
1305,999.8,342.3,94.9850,94.9879,95.0009,-0.0159,-0.0130,0.0029
1306,1000.5,339.4,94.9846,94.9875,95.0009,-0.0163,-0.0134,0.0029
1307,999.5,342.9,94.9841,94.9870,95.0007,-0.0166,-0.0137,0.0029
1308,999.8,344.4,94.9837,94.9866,95.0007,-0.0170,-0.0141,0.0029
1309,999.3,336.3,94.9832,94.9861,95.0006,-0.0174,-0.0145,0.0029
1310,1000.2,345.9,94.9827,94.9856,95.0005,-0.0178,-0.0149,0.0029
1311,1000.1,352.8,94.9823,94.9852,95.0005,-0.0182,-0.0153,0.0029
1312,1000.4,320.3,94.9818,94.9847,95.0004,-0.0186,-0.0157,0.0029
1313,1009.8,357.4,94.9813,94.9842,95.0003,-0.0190,-0.0161,0.0029
1314,989.9,373.6,94.9808,94.9837,95.0002,-0.0194,-0.0165,0.0029
1315,1008.8,391.0,94.9803,94.9832,95.0001,-0.0198,-0.0169,0.0029
1316,1009.0,425.2,94.9798,94.9826,95.0000,-0.0202,-0.0173,0.0029
1317,967.8,418.7,94.9792,94.9821,94.9999,-0.0206,-0.0178,0.0029
1318,1029.8,456.7,94.9787,94.9816,94.9998,-0.0211,-0.0182,0.0029
1319,1001.2,416.2,94.9782,94.9810,94.9996,-0.0214,-0.0186,0.0029
1320,994.3,455.8,94.9776,94.9805,94.9995,-0.0219,-0.0190,0.0029
1321,998.3,394.8,94.9771,94.9799,94.9994,-0.0223,-0.0195,0.0029
1322,999.7,418.0,94.9765,94.9794,94.9993,-0.0228,-0.0199,0.0029
1323,999.9,400.0,94.9759,94.9788,94.9992,-0.0232,-0.0204,0.0029
1324,1000.0,355.3,94.9753,94.9782,94.9990,-0.0237,-0.0208,0.0028
1325,1000.6,359.2,94.9748,94.9776,94.9988,-0.0241,-0.0212,0.0028
1326,999.7,374.4,94.9742,94.9770,94.9987,-0.0245,-0.0217,0.0028
1327,999.6,361.1,94.9736,94.9764,94.9985,-0.0250,-0.0221,0.0028
1328,999.4,376.6,94.9729,94.9758,94.9983,-0.0253,-0.0225,0.0028
1329,993.0,325.9,94.9723,94.9752,94.9981,-0.0257,-0.0229,0.0028
1330,999.0,315.3,94.9717,94.9745,94.9979,-0.0262,-0.0233,0.0028
1331,999.3,366.5,94.9711,94.9739,94.9976,-0.0266,-0.0237,0.0028
1332,998.8,339.2,94.9704,94.9732,94.9973,-0.0269,-0.0241,0.0028
1333,956.8,327.4,94.9698,94.9726,94.9969,-0.0271,-0.0243,0.0028
1334,1045.7,329.7,94.9691,94.9719,94.9965,-0.0274,-0.0246,0.0028
1335,998.5,494.5,94.9685,94.9713,94.9960,-0.0276,-0.0247,0.0028
1336,974.5,321.8,94.9678,94.9706,94.9954,-0.0276,-0.0248,0.0028
1337,1025.7,328.5,94.9671,94.9699,94.9946,-0.0275,-0.0247,0.0028
1338,999.4,371.4,94.9664,94.9692,94.9938,-0.0274,-0.0246,0.0028
1339,999.4,404.6,94.9657,94.9685,94.9930,-0.0273,-0.0245,0.0028
1340,1000.6,395.6,94.9650,94.9678,94.9923,-0.0273,-0.0245,0.0028
1341,999.3,354.1,94.9643,94.9671,94.9916,-0.0273,-0.0245,0.0028
1342,1001.8,321.8,94.9636,94.9663,94.9909,-0.0274,-0.0246,0.0028
1343,999.8,313.0,94.9628,94.9656,94.9904,-0.0275,-0.0248,0.0028
1344,1000.5,303.0,94.9621,94.9649,94.9900,-0.0278,-0.0251,0.0028
1345,1002.2,297.6,94.9614,94.9641,94.9895,-0.0281,-0.0253,0.0028
1346,1000.2,408.1,94.9606,94.9634,94.9890,-0.0284,-0.0257,0.0028
1347,1015.3,356.4,94.9598,94.9626,94.9885,-0.0287,-0.0259,0.0028
1348,986.9,354.3,94.9591,94.9618,94.9880,-0.0290,-0.0262,0.0028
1349,996.8,327.5,94.9583,94.9611,94.9874,-0.0291,-0.0264,0.0028
1350,999.6,357.9,94.9575,94.9603,94.9869,-0.0294,-0.0266,0.0027
1351,1008.8,371.1,94.9567,94.9595,94.9864,-0.0296,-0.0269,0.0027
1352,1034.3,407.6,94.9559,94.9587,94.9852,-0.0293,-0.0265,0.0027
1353,970.7,345.1,94.9551,94.9579,94.9852,-0.0301,-0.0273,0.0027
1354,985.1,341.4,94.9543,94.9570,94.9846,-0.0303,-0.0276,0.0027
1355,1001.1,327.3,94.9535,94.9562,94.9839,-0.0304,-0.0277,0.0027
1356,997.4,311.3,94.9527,94.9554,94.9831,-0.0305,-0.0278,0.0027
1357,999.5,299.2,94.9518,94.9545,94.9823,-0.0305,-0.0277,0.0027
1358,999.9,331.2,94.9510,94.9537,94.9815,-0.0305,-0.0278,0.0027
1359,1000.1,309.5,94.9501,94.9528,94.9806,-0.0305,-0.0278,0.0027
1360,1001.8,304.5,94.9493,94.9520,94.9798,-0.0306,-0.0278,0.0027
1361,999.1,316.9,94.9484,94.9511,94.9790,-0.0306,-0.0279,0.0027
1362,999.0,295.8,94.9475,94.9502,94.9783,-0.0308,-0.0281,0.0027
1363,1020.1,457.5,94.9466,94.9493,94.9775,-0.0309,-0.0282,0.0027
1364,993.8,414.0,94.9457,94.9484,94.9768,-0.0311,-0.0284,0.0027
1365,1010.8,482.8,94.9448,94.9475,94.9761,-0.0312,-0.0285,0.0027
1366,994.2,417.6,94.9439,94.9466,94.9754,-0.0315,-0.0288,0.0027
1367,993.8,351.3,94.9430,94.9457,94.9747,-0.0317,-0.0291,0.0027
1368,1017.0,390.6,94.9421,94.9448,94.9740,-0.0320,-0.0293,0.0027
1369,987.5,365.9,94.9411,94.9438,94.9732,-0.0321,-0.0294,0.0027
1370,1003.2,430.7,94.9402,94.9429,94.9723,-0.0321,-0.0294,0.0027
1371,1003.8,510.7,94.9393,94.9419,94.9715,-0.0322,-0.0295,0.0027
1372,1007.7,392.6,94.9383,94.9410,94.9706,-0.0323,-0.0296,0.0027
1373,979.3,368.1,94.9373,94.9400,94.9697,-0.0324,-0.0297,0.0027
1374,997.9,349.6,94.9364,94.9390,94.9689,-0.0325,-0.0298,0.0027
1375,998.3,349.7,94.9354,94.9380,94.9679,-0.0325,-0.0298,0.0026
1376,1000.2,337.6,94.9344,94.9370,94.9669,-0.0325,-0.0298,0.0026
1377,1016.4,362.7,94.9334,94.9361,94.9659,-0.0324,-0.0298,0.0026
1378,985.1,328.8,94.9324,94.9350,94.9647,-0.0323,-0.0297,0.0026
1379,1000.4,351.1,94.9314,94.9340,94.9637,-0.0323,-0.0297,0.0026
1380,999.9,317.6,94.9304,94.9330,94.9627,-0.0323,-0.0297,0.0026
1381,1010.3,375.3,94.9294,94.9320,94.9617,-0.0323,-0.0297,0.0026
1382,988.4,347.3,94.9283,94.9309,94.9605,-0.0322,-0.0296,0.0026
1383,1014.7,405.9,94.9273,94.9299,94.9594,-0.0321,-0.0295,0.0026
1384,990.2,391.6,94.9262,94.9288,94.9582,-0.0320,-0.0294,0.0026
1385,1069.7,364.7,94.9252,94.9278,94.9559,-0.0307,-0.0281,0.0026
1386,929.5,338.7,94.9241,94.9267,94.9559,-0.0318,-0.0292,0.0026
1387,1007.4,410.7,94.9230,94.9256,94.9547,-0.0317,-0.0291,0.0026
1388,993.1,405.3,94.9220,94.9246,94.9537,-0.0317,-0.0291,0.0026
1389,996.2,428.6,94.9209,94.9235,94.9525,-0.0316,-0.0290,0.0026
1390,1001.9,373.0,94.9198,94.9224,94.9512,-0.0314,-0.0288,0.0026
1391,1000.2,383.5,94.9187,94.9213,94.9501,-0.0314,-0.0289,0.0026
1392,999.0,367.8,94.9176,94.9201,94.9489,-0.0314,-0.0288,0.0026
1393,1001.3,386.4,94.9164,94.9190,94.9478,-0.0313,-0.0287,0.0026
1394,1001.1,373.6,94.9153,94.9179,94.9465,-0.0312,-0.0286,0.0026
1395,995.4,344.0,94.9142,94.9167,94.9453,-0.0311,-0.0286,0.0026
1396,1002.8,382.0,94.9130,94.9156,94.9442,-0.0311,-0.0286,0.0026
1397,998.5,341.8,94.9119,94.9144,94.9431,-0.0312,-0.0286,0.0026
1398,1267.4,538.5,94.9107,94.9133,94.9409,-0.0302,-0.0277,0.0026
1399,731.9,330.0,94.9096,94.9121,94.9409,-0.0314,-0.0288,0.0026
1400,1001.1,367.8,94.9084,94.9109,94.9400,-0.0316,-0.0291,0.0026
1401,1002.5,323.5,94.9072,94.9098,94.9391,-0.0319,-0.0294,0.0025
1402,997.9,350.8,94.9060,94.9086,94.9381,-0.0321,-0.0295,0.0025
1403,1040.0,376.6,94.9048,94.9074,94.9360,-0.0312,-0.0287,0.0025
1404,964.4,354.2,94.9036,94.9061,94.9360,-0.0324,-0.0299,0.0025
1405,995.9,339.5,94.9024,94.9049,94.9350,-0.0326,-0.0301,0.0025
1406,1015.0,386.3,94.9012,94.9037,94.9339,-0.0327,-0.0302,0.0025
1407,987.5,391.2,94.9000,94.9025,94.9330,-0.0330,-0.0305,0.0025
1408,1056.3,420.8,94.8987,94.9012,94.9311,-0.0324,-0.0298,0.0025
1409,944.1,338.4,94.8975,94.9000,94.9311,-0.0336,-0.0311,0.0025
1410,1000.2,386.2,94.8962,94.8987,94.9300,-0.0338,-0.0313,0.0025
1411,998.8,376.2,94.8950,94.8975,94.9290,-0.0341,-0.0315,0.0025
1412,999.9,364.4,94.8937,94.8962,94.9279,-0.0342,-0.0317,0.0025
1413,999.5,340.7,94.8924,94.8949,94.9268,-0.0344,-0.0319,0.0025
1414,999.9,352.5,94.8911,94.8936,94.9256,-0.0344,-0.0319,0.0025
1415,1002.7,427.2,94.8899,94.8923,94.9242,-0.0344,-0.0319,0.0025
1416,1002.6,400.6,94.8886,94.8910,94.9230,-0.0344,-0.0319,0.0025
1417,995.8,394.5,94.8873,94.8897,94.9217,-0.0345,-0.0320,0.0025
1418,998.4,380.3,94.8859,94.8884,94.9202,-0.0342,-0.0318,0.0025
1419,1003.5,404.4,94.8846,94.8871,94.9188,-0.0342,-0.0317,0.0025
1420,1006.8,656.5,94.8833,94.8858,94.9172,-0.0340,-0.0315,0.0025
1421,997.0,350.6,94.8820,94.8844,94.9157,-0.0338,-0.0313,0.0025
1422,993.2,397.5,94.8806,94.8831,94.9141,-0.0335,-0.0311,0.0025
1423,1005.0,414.0,94.8793,94.8817,94.9127,-0.0335,-0.0310,0.0025
1424,1003.7,384.7,94.8779,94.8804,94.9114,-0.0335,-0.0310,0.0025
1425,1055.5,397.2,94.8765,94.8790,94.9086,-0.0320,-0.0296,0.0025
1426,935.7,350.5,94.8752,94.8776,94.9086,-0.0334,-0.0310,0.0025
1427,1003.1,401.4,94.8738,94.8762,94.9071,-0.0333,-0.0309,0.0024
1428,1001.5,431.7,94.8724,94.8748,94.9057,-0.0333,-0.0309,0.0024
1429,1005.4,360.6,94.8710,94.8734,94.9039,-0.0329,-0.0305,0.0024
1430,991.5,404.7,94.8696,94.8720,94.9027,-0.0331,-0.0307,0.0024
1431,998.3,386.6,94.8682,94.8706,94.9014,-0.0332,-0.0308,0.0024
1432,1000.0,362.3,94.8667,94.8692,94.8998,-0.0331,-0.0306,0.0024
1433,999.5,386.3,94.8653,94.8677,94.8984,-0.0331,-0.0306,0.0024
1434,999.8,372.0,94.8639,94.8663,94.8970,-0.0331,-0.0307,0.0024
1435,1000.5,363.7,94.8624,94.8649,94.8956,-0.0332,-0.0307,0.0024
1436,1004.4,365.7,94.8610,94.8634,94.8942,-0.0333,-0.0308,0.0024
1437,996.9,338.5,94.8595,94.8619,94.8928,-0.0333,-0.0309,0.0024
1438,1001.3,380.5,94.8581,94.8605,94.8915,-0.0335,-0.0310,0.0024
1439,1003.8,449.6,94.8566,94.8590,94.8902,-0.0336,-0.0312,0.0024
1440,996.3,461.4,94.8551,94.8575,94.8888,-0.0337,-0.0313,0.0024
1441,997.0,604.9,94.8536,94.8560,94.8874,-0.0338,-0.0314,0.0024
1442,1007.2,375.5,94.8521,94.8545,94.8860,-0.0339,-0.0315,0.0024
1443,1006.9,401.6,94.8506,94.8530,94.8846,-0.0340,-0.0316,0.0024
1444,987.0,375.5,94.8491,94.8515,94.8832,-0.0341,-0.0317,0.0024
1445,1000.0,372.4,94.8476,94.8500,94.8816,-0.0340,-0.0316,0.0024
1446,1001.2,368.3,94.8461,94.8484,94.8801,-0.0341,-0.0317,0.0024
1447,1002.0,344.8,94.8445,94.8469,94.8785,-0.0340,-0.0317,0.0024
1448,996.4,370.4,94.8430,94.8453,94.8770,-0.0340,-0.0316,0.0024
1449,999.4,380.6,94.8414,94.8438,94.8770,-0.0355,-0.0332,0.0024
1450,1002.0,354.5,94.8399,94.8422,94.8752,-0.0354,-0.0330,0.0024
1451,996.7,498.1,94.8383,94.8407,94.8736,-0.0353,-0.0330,0.0024
1452,1009.0,357.4,94.8367,94.8391,94.8721,-0.0353,-0.0330,0.0024
1453,992.3,389.0,94.8351,94.8375,94.8705,-0.0354,-0.0330,0.0023
1454,998.8,364.4,94.8336,94.8359,94.8689,-0.0353,-0.0330,0.0023
1455,999.5,358.1,94.8320,94.8343,94.8673,-0.0354,-0.0330,0.0023
1456,1000.6,349.6,94.8304,94.8327,94.8657,-0.0353,-0.0330,0.0023
1457,1002.1,332.8,94.8287,94.8311,94.8640,-0.0353,-0.0329,0.0023
1458,1004.3,384.3,94.8271,94.8294,94.8624,-0.0353,-0.0330,0.0023
1459,996.1,343.8,94.8255,94.8278,94.8607,-0.0352,-0.0328,0.0023
1460,999.2,355.7,94.8239,94.8262,94.8591,-0.0353,-0.0330,0.0023
1461,1000.6,338.5,94.8222,94.8245,94.8577,-0.0355,-0.0331,0.0023
1462,1008.1,373.3,94.8206,94.8229,94.8561,-0.0356,-0.0333,0.0023
1463,1009.2,379.2,94.8189,94.8212,94.8547,-0.0358,-0.0335,0.0023
1464,980.2,414.8,94.8172,94.8195,94.8533,-0.0361,-0.0338,0.0023
1465,999.2,421.4,94.8156,94.8179,94.8520,-0.0364,-0.0341,0.0023
1466,1002.2,417.7,94.8139,94.8162,94.8505,-0.0366,-0.0343,0.0023
1467,1021.6,378.8,94.8122,94.8145,94.8492,-0.0370,-0.0347,0.0023
1468,982.6,349.6,94.8105,94.8128,94.8477,-0.0372,-0.0350,0.0023
1469,999.1,362.0,94.8088,94.8111,94.8463,-0.0375,-0.0352,0.0023
1470,997.7,352.9,94.8071,94.8094,94.8449,-0.0378,-0.0355,0.0023
1471,1000.9,364.1,94.8054,94.8076,94.8434,-0.0380,-0.0357,0.0023
1472,1012.2,378.3,94.8036,94.8059,94.8421,-0.0384,-0.0362,0.0023
1473,1000.7,380.5,94.8019,94.8042,94.8407,-0.0388,-0.0365,0.0023
1474,986.1,324.3,94.8002,94.8024,94.8391,-0.0389,-0.0366,0.0023
1475,1000.9,360.7,94.7984,94.8007,94.8376,-0.0391,-0.0369,0.0023
1476,998.0,355.1,94.7967,94.7989,94.8360,-0.0394,-0.0371,0.0023
1477,1000.6,337.4,94.7949,94.7972,94.8344,-0.0395,-0.0372,0.0023
1478,1000.2,350.1,94.7931,94.7954,94.8325,-0.0394,-0.0372,0.0023
1479,999.8,343.6,94.7913,94.7936,94.8308,-0.0395,-0.0373,0.0022
1480,999.7,328.3,94.7896,94.7918,94.8291,-0.0396,-0.0373,0.0022
1481,999.7,367.3,94.7878,94.7900,94.8274,-0.0397,-0.0374,0.0022
1482,1036.6,519.7,94.7860,94.7882,94.8238,-0.0378,-0.0356,0.0022
1483,964.1,365.1,94.7842,94.7864,94.8238,-0.0396,-0.0374,0.0022
1484,1005.3,375.7,94.7823,94.7846,94.8220,-0.0396,-0.0374,0.0022
1485,1001.5,386.3,94.7805,94.7827,94.8202,-0.0397,-0.0375,0.0022
1486,1001.7,349.2,94.7787,94.7809,94.8183,-0.0396,-0.0374,0.0022
1487,990.0,330.9,94.7768,94.7791,94.8164,-0.0396,-0.0374,0.0022
1488,1002.4,367.0,94.7750,94.7772,94.8147,-0.0397,-0.0375,0.0022
1489,1005.4,412.1,94.7731,94.7753,94.8129,-0.0397,-0.0375,0.0022
1490,1005.3,387.2,94.7713,94.7735,94.8110,-0.0397,-0.0375,0.0022
1491,1003.1,399.3,94.7694,94.7716,94.8092,-0.0398,-0.0376,0.0022
1492,999.5,354.9,94.7675,94.7697,94.8074,-0.0399,-0.0377,0.0022
1493,986.3,375.1,94.7656,94.7678,94.8057,-0.0400,-0.0378,0.0022
1494,1037.1,365.5,94.7637,94.7659,94.8039,-0.0401,-0.0379,0.0022
1495,964.4,356.7,94.7618,94.7640,94.8022,-0.0403,-0.0381,0.0022
1496,998.2,377.9,94.7599,94.7621,94.8005,-0.0406,-0.0384,0.0022
1497,999.4,368.9,94.7580,94.7602,94.7987,-0.0407,-0.0385,0.0022
1498,1000.0,359.1,94.7561,94.7583,94.7968,-0.0407,-0.0385,0.0022
1499,998.3,366.3,94.7542,94.7563,94.7949,-0.0407,-0.0385,0.0022
1500,999.8,353.7,94.7522,94.7544,94.7930,-0.0407,-0.0386,0.0022
1501,1000.5,384.3,94.7503,94.7525,94.7910,-0.0407,-0.0385,0.0022
1502,1003.8,351.7,94.7483,94.7505,94.7888,-0.0404,-0.0383,0.0022
1503,995.0,361.4,94.7464,94.7485,94.7867,-0.0403,-0.0382,0.0022
1504,1000.8,353.5,94.7444,94.7466,94.7845,-0.0401,-0.0380,0.0022
1505,1001.4,351.9,94.7424,94.7446,94.7824,-0.0400,-0.0378,0.0022
1506,1001.8,363.7,94.7404,94.7426,94.7800,-0.0396,-0.0374,0.0021
1507,995.7,336.8,94.7385,94.7406,94.7779,-0.0394,-0.0373,0.0021
1508,1000.7,338.5,94.7365,94.7386,94.7757,-0.0393,-0.0371,0.0021
1509,999.5,325.8,94.7345,94.7366,94.7737,-0.0392,-0.0371,0.0021
1510,999.7,298.7,94.7324,94.7346,94.7715,-0.0391,-0.0370,0.0021
1511,1000.2,330.0,94.7304,94.7325,94.7695,-0.0391,-0.0370,0.0021
1512,999.4,320.8,94.7284,94.7305,94.7675,-0.0391,-0.0369,0.0021
1513,999.8,334.2,94.7264,94.7285,94.7655,-0.0391,-0.0370,0.0021
1514,1001.6,363.5,94.7243,94.7264,94.7633,-0.0389,-0.0368,0.0021
1515,1000.8,371.4,94.7223,94.7244,94.7612,-0.0390,-0.0369,0.0021
1516,999.9,319.3,94.7202,94.7223,94.7591,-0.0389,-0.0367,0.0021
1517,999.5,324.9,94.7181,94.7202,94.7569,-0.0387,-0.0366,0.0021
1518,999.6,321.7,94.7161,94.7182,94.7545,-0.0384,-0.0363,0.0021
1519,1414.8,450.7,94.7140,94.7161,94.7500,-0.0360,-0.0339,0.0021
1520,592.0,320.0,94.7119,94.7140,94.7500,-0.0381,-0.0360,0.0021
1521,1009.7,388.0,94.7098,94.7119,94.7479,-0.0381,-0.0360,0.0021
1522,991.0,376.4,94.7077,94.7098,94.7456,-0.0379,-0.0358,0.0021
1523,994.2,347.3,94.7056,94.7077,94.7434,-0.0378,-0.0357,0.0021
1524,1001.3,334.1,94.7035,94.7056,94.7413,-0.0378,-0.0357,0.0021
1525,1085.6,501.6,94.7014,94.7034,94.7368,-0.0354,-0.0333,0.0021
1526,916.2,736.7,94.6992,94.7013,94.7368,-0.0376,-0.0355,0.0021
1527,998.4,345.0,94.6971,94.6991,94.7346,-0.0376,-0.0355,0.0021
1528,993.4,307.0,94.6949,94.6970,94.7326,-0.0376,-0.0356,0.0021
1529,997.2,360.0,94.6928,94.6948,94.7305,-0.0377,-0.0357,0.0021
1530,1002.9,297.2,94.6906,94.6927,94.7283,-0.0377,-0.0356,0.0021
1531,994.5,285.8,94.6884,94.6905,94.7263,-0.0379,-0.0358,0.0021
1532,1005.2,294.0,94.6863,94.6883,94.7243,-0.0381,-0.0360,0.0021
1533,995.0,322.4,94.6841,94.6861,94.7224,-0.0383,-0.0363,0.0020
1534,1000.1,302.4,94.6819,94.6839,94.7204,-0.0385,-0.0365,0.0020
1535,1000.1,275.3,94.6797,94.6817,94.7186,-0.0389,-0.0369,0.0020
1536,1000.3,281.8,94.6775,94.6795,94.7169,-0.0394,-0.0374,0.0020
1537,999.5,271.4,94.6753,94.6773,94.7151,-0.0398,-0.0378,0.0020
1538,1001.1,866.2,94.6731,94.6751,94.7131,-0.0400,-0.0380,0.0020
1539,1005.4,369.2,94.6708,94.6729,94.7111,-0.0403,-0.0382,0.0020
1540,999.2,383.1,94.6686,94.6706,94.7092,-0.0407,-0.0386,0.0020
1541,996.9,328.8,94.6663,94.6684,94.7075,-0.0411,-0.0391,0.0020
1542,998.2,345.2,94.6641,94.6661,94.7057,-0.0416,-0.0396,0.0020
1543,1000.1,313.6,94.6618,94.6639,94.7037,-0.0419,-0.0399,0.0020
1544,1421.6,460.5,94.6596,94.6616,94.6998,-0.0402,-0.0382,0.0020
1545,589.6,312.1,94.6573,94.6593,94.6998,-0.0425,-0.0405,0.0020
1546,1000.0,373.0,94.6550,94.6570,94.6975,-0.0424,-0.0404,0.0020
1547,997.1,306.2,94.6527,94.6547,94.6953,-0.0426,-0.0406,0.0020
1548,1001.3,304.2,94.6504,94.6524,94.6931,-0.0426,-0.0406,0.0020
1549,998.1,315.8,94.6481,94.6501,94.6909,-0.0428,-0.0408,0.0020
1550,1005.8,315.3,94.6458,94.6478,94.6886,-0.0428,-0.0408,0.0020
1551,947.2,299.2,94.6435,94.6455,94.6864,-0.0428,-0.0409,0.0020
1552,1037.9,298.5,94.6412,94.6432,94.6841,-0.0429,-0.0409,0.0020
1553,1000.7,291.8,94.6389,94.6408,94.6819,-0.0430,-0.0411,0.0020
1554,1004.8,304.4,94.6365,94.6385,94.6796,-0.0431,-0.0411,0.0020
1555,999.3,372.6,94.6342,94.6361,94.6777,-0.0435,-0.0415,0.0020
1556,1006.4,350.0,94.6318,94.6338,94.6757,-0.0439,-0.0419,0.0020
1557,1001.1,350.1,94.6295,94.6314,94.6737,-0.0442,-0.0423,0.0020
1558,1001.6,383.2,94.6271,94.6290,94.6715,-0.0444,-0.0424,0.0020
1559,1053.1,728.8,94.6247,94.6267,94.6668,-0.0421,-0.0402,0.0020
1560,939.3,285.8,94.6223,94.6243,94.6668,-0.0445,-0.0426,0.0019
1561,992.6,340.3,94.6199,94.6219,94.6646,-0.0446,-0.0427,0.0019
1562,1014.5,567.3,94.6175,94.6195,94.6620,-0.0445,-0.0426,0.0019
1563,1015.3,401.2,94.6151,94.6171,94.6599,-0.0447,-0.0428,0.0019
1564,978.3,377.8,94.6127,94.6147,94.6577,-0.0450,-0.0431,0.0019
1565,1013.3,417.0,94.6103,94.6122,94.6556,-0.0452,-0.0433,0.0019
1566,1001.7,387.2,94.6079,94.6098,94.6532,-0.0453,-0.0433,0.0019
1567,981.7,312.5,94.6055,94.6074,94.6509,-0.0454,-0.0435,0.0019
1568,998.0,307.2,94.6030,94.6049,94.6485,-0.0455,-0.0435,0.0019
1569,998.6,330.8,94.6006,94.6025,94.6461,-0.0456,-0.0437,0.0019
1570,1002.2,337.8,94.5981,94.6000,94.6435,-0.0454,-0.0435,0.0019
1571,997.1,478.3,94.5956,94.5976,94.6410,-0.0453,-0.0434,0.0019
1572,999.9,328.3,94.5932,94.5951,94.6384,-0.0453,-0.0434,0.0019
1573,1002.6,478.5,94.5907,94.5926,94.6360,-0.0453,-0.0434,0.0019
1574,998.3,339.2,94.5882,94.5901,94.6337,-0.0455,-0.0436,0.0019
1575,999.8,278.4,94.5857,94.5876,94.6314,-0.0456,-0.0437,0.0019
1576,1001.8,340.8,94.5832,94.5851,94.6293,-0.0461,-0.0442,0.0019
1577,1004.1,315.0,94.5807,94.5826,94.6272,-0.0464,-0.0446,0.0019
1578,999.5,321.9,94.5782,94.5801,94.6251,-0.0469,-0.0451,0.0019
1579,999.4,379.8,94.5757,94.5776,94.6229,-0.0472,-0.0453,0.0019
1580,1009.5,413.8,94.5732,94.5750,94.6208,-0.0476,-0.0458,0.0019
1581,1008.4,360.5,94.5706,94.5725,94.6186,-0.0479,-0.0461,0.0019
1582,990.8,365.0,94.5681,94.5699,94.6163,-0.0482,-0.0463,0.0019
1583,999.2,396.1,94.5655,94.5674,94.6138,-0.0482,-0.0464,0.0019
1584,999.0,351.3,94.5630,94.5648,94.6115,-0.0485,-0.0466,0.0019
1585,1011.4,360.4,94.5604,94.5623,94.6091,-0.0487,-0.0468,0.0019
1586,1096.4,376.2,94.5578,94.5597,94.6043,-0.0465,-0.0446,0.0019
1587,894.4,325.4,94.5553,94.5571,94.6043,-0.0491,-0.0472,0.0018
1588,999.1,406.9,94.5527,94.5545,94.6017,-0.0490,-0.0472,0.0018
1589,999.6,364.5,94.5501,94.5519,94.5992,-0.0491,-0.0473,0.0018
1590,1004.0,425.6,94.5475,94.5493,94.5969,-0.0494,-0.0475,0.0018
1591,987.3,415.4,94.5449,94.5467,94.5946,-0.0497,-0.0479,0.0018
1592,998.6,402.1,94.5423,94.5441,94.5921,-0.0499,-0.0480,0.0018
1593,999.1,395.5,94.5396,94.5415,94.5899,-0.0502,-0.0484,0.0018
1594,1000.3,408.0,94.5370,94.5388,94.5878,-0.0507,-0.0489,0.0018
1595,999.7,359.7,94.5344,94.5362,94.5857,-0.0514,-0.0495,0.0018
1596,1001.4,356.3,94.5317,94.5335,94.5835,-0.0518,-0.0500,0.0018
1597,999.2,333.6,94.5291,94.5309,94.5813,-0.0522,-0.0504,0.0018
1598,1002.7,303.9,94.5264,94.5282,94.5790,-0.0526,-0.0508,0.0018
1599,1001.5,315.5,94.5238,94.5256,94.5768,-0.0530,-0.0512,0.0018
1600,997.9,310.1,94.5211,94.5229,94.5743,-0.0532,-0.0514,0.0018
1601,999.4,321.6,94.5184,94.5202,94.5719,-0.0535,-0.0517,0.0018
1602,1010.1,499.9,94.5157,94.5175,94.5694,-0.0537,-0.0519,0.0018
1603,990.0,465.7,94.5130,94.5148,94.5669,-0.0539,-0.0521,0.0018
1604,1015.0,377.4,94.5103,94.5121,94.5642,-0.0539,-0.0521,0.0018
1605,994.0,325.6,94.5076,94.5094,94.5616,-0.0540,-0.0522,0.0018
1606,1002.1,356.0,94.5049,94.5067,94.5584,-0.0535,-0.0517,0.0018
1607,1010.6,341.4,94.5022,94.5040,94.5555,-0.0534,-0.0516,0.0018
1608,988.0,382.6,94.4995,94.5012,94.5525,-0.0530,-0.0513,0.0018
1609,1003.2,391.7,94.4967,94.4985,94.5497,-0.0529,-0.0512,0.0018
1610,997.5,348.9,94.4940,94.4957,94.5469,-0.0530,-0.0512,0.0018
1611,999.4,348.8,94.4912,94.4930,94.5443,-0.0530,-0.0513,0.0018
1612,995.9,313.8,94.4885,94.4902,94.5415,-0.0531,-0.0513,0.0018
1613,992.8,299.2,94.4857,94.4875,94.5389,-0.0532,-0.0514,0.0018
1614,1000.5,375.4,94.4829,94.4847,94.5361,-0.0531,-0.0514,0.0018
1615,1000.1,370.2,94.4802,94.4819,94.5332,-0.0530,-0.0513,0.0018
1616,1009.8,307.9,94.4774,94.4791,94.5301,-0.0528,-0.0510,0.0017
1617,991.8,309.3,94.4746,94.4763,94.5274,-0.0528,-0.0510,0.0017
1618,998.6,296.3,94.4718,94.4735,94.5245,-0.0527,-0.0510,0.0017
1619,1759.8,3133.4,94.4690,94.4707,94.5185,-0.0495,-0.0478,0.0017
1620,3141.8,371.3,94.4662,94.4679,94.5093,-0.0431,-0.0414,0.0017
1621,379.0,573.3,94.4633,94.4651,94.5064,-0.0431,-0.0414,0.0017
1622,579.5,282.4,94.4605,94.4622,94.5064,-0.0459,-0.0442,0.0017
1623,285.9,671.6,94.4577,94.4594,94.5033,-0.0457,-0.0439,0.0017
1624,680.4,291.0,94.4548,94.4565,94.5033,-0.0485,-0.0468,0.0017
1625,297.9,332.6,94.4520,94.4537,94.5005,-0.0486,-0.0468,0.0017
1626,894.5,363.3,94.4491,94.4508,94.5005,-0.0514,-0.0497,0.0017
1627,984.8,324.6,94.4463,94.4480,94.4980,-0.0517,-0.0500,0.0017
1628,999.6,311.2,94.4434,94.4451,94.4956,-0.0522,-0.0505,0.0017
1629,1000.7,341.8,94.4405,94.4422,94.4956,-0.0551,-0.0534,0.0017
1630,1005.4,322.1,94.4376,94.4393,94.4928,-0.0552,-0.0535,0.0017
1631,998.3,2610.8,94.4347,94.4364,94.4899,-0.0552,-0.0535,0.0017
1632,2614.6,366.3,94.4318,94.4335,94.4798,-0.0479,-0.0462,0.0017
1633,369.3,301.7,94.4289,94.4306,94.4798,-0.0508,-0.0492,0.0017
1634,304.2,297.1,94.4260,94.4277,94.4765,-0.0504,-0.0487,0.0017
1635,712.5,293.5,94.4231,94.4248,94.4765,-0.0534,-0.0517,0.0017
1636,996.6,299.6,94.4202,94.4219,94.4732,-0.0530,-0.0513,0.0017
1637,1001.1,290.7,94.4172,94.4189,94.4697,-0.0525,-0.0508,0.0017
1638,998.6,307.0,94.4143,94.4160,94.4666,-0.0523,-0.0507,0.0017
1639,1003.3,348.9,94.4114,94.4130,94.4637,-0.0523,-0.0507,0.0017
1640,1009.4,374.7,94.4084,94.4101,94.4608,-0.0524,-0.0507,0.0017
1641,1070.3,421.1,94.4054,94.4071,94.4545,-0.0491,-0.0474,0.0017
1642,912.1,290.5,94.4025,94.4041,94.4545,-0.0521,-0.0504,0.0017
1643,999.6,323.3,94.3995,94.4012,94.4516,-0.0521,-0.0504,0.0017
1644,1025.3,363.5,94.3965,94.3982,94.4486,-0.0521,-0.0504,0.0016
1645,986.1,319.8,94.3935,94.3952,94.4454,-0.0519,-0.0503,0.0016
1646,1003.7,281.4,94.3905,94.3922,94.4425,-0.0520,-0.0503,0.0016
1647,986.1,2604.7,94.3875,94.3892,94.4397,-0.0521,-0.0505,0.0016
1648,2608.3,324.9,94.3845,94.3862,94.4304,-0.0459,-0.0442,0.0016
1649,327.4,259.3,94.3815,94.3831,94.4304,-0.0489,-0.0473,0.0016
1650,262.4,221.7,94.3785,94.3801,94.4272,-0.0487,-0.0471,0.0016
1651,801.6,292.6,94.3755,94.3771,94.4272,-0.0517,-0.0501,0.0016
1652,1000.0,977.1,94.3724,94.3740,94.4239,-0.0515,-0.0499,0.0016
1653,979.5,296.8,94.3694,94.3710,94.4205,-0.0512,-0.0495,0.0016
1654,1019.7,290.2,94.3663,94.3679,94.4176,-0.0513,-0.0497,0.0016
1655,1000.5,335.6,94.3633,94.3649,94.4149,-0.0516,-0.0500,0.0016
1656,1002.9,361.9,94.3602,94.3618,94.4120,-0.0518,-0.0502,0.0016
1657,994.3,296.1,94.3571,94.3587,94.4091,-0.0520,-0.0504,0.0016
1658,999.4,326.6,94.3540,94.3556,94.4059,-0.0519,-0.0503,0.0016
1659,999.9,2788.6,94.3510,94.3526,94.4030,-0.0521,-0.0505,0.0016
1660,2792.3,329.6,94.3479,94.3495,94.3943,-0.0464,-0.0448,0.0016
1661,331.8,313.0,94.3448,94.3464,94.3913,-0.0465,-0.0449,0.0016
1662,314.6,383.9,94.3417,94.3432,94.3913,-0.0496,-0.0480,0.0016
1663,561.9,270.9,94.3385,94.3401,94.3913,-0.0527,-0.0511,0.0016
1664,1000.9,347.0,94.3354,94.3370,94.3881,-0.0527,-0.0511,0.0016
1665,1002.0,597.3,94.3323,94.3339,94.3849,-0.0526,-0.0510,0.0016
1666,997.0,308.0,94.3292,94.3307,94.3816,-0.0524,-0.0508,0.0016
1667,1000.5,266.7,94.3260,94.3276,94.3787,-0.0526,-0.0511,0.0016
1668,999.9,317.2,94.3229,94.3244,94.3759,-0.0530,-0.0514,0.0016
1669,1001.7,276.1,94.3197,94.3213,94.3732,-0.0535,-0.0519,0.0016
1670,998.7,289.1,94.3166,94.3181,94.3703,-0.0537,-0.0522,0.0016
1671,1000.0,300.3,94.3134,94.3150,94.3674,-0.0540,-0.0524,0.0016
1672,999.9,302.7,94.3102,94.3118,94.3645,-0.0543,-0.0527,0.0016
1673,1000.3,274.9,94.3070,94.3086,94.3616,-0.0546,-0.0530,0.0015
1674,999.6,305.7,94.3039,94.3054,94.3586,-0.0548,-0.0532,0.0015
1675,1000.0,300.5,94.3007,94.3022,94.3559,-0.0552,-0.0537,0.0015
1676,999.0,305.2,94.2975,94.2990,94.3532,-0.0557,-0.0542,0.0015
1677,1004.2,317.4,94.2942,94.2958,94.3503,-0.0561,-0.0545,0.0015
1678,1001.8,310.6,94.2910,94.2926,94.3472,-0.0562,-0.0547,0.0015
1679,999.8,307.2,94.2878,94.2893,94.3444,-0.0566,-0.0551,0.0015
1680,1000.7,304.0,94.2846,94.2861,94.3418,-0.0572,-0.0557,0.0015
1681,999.9,302.9,94.2813,94.2829,94.3391,-0.0578,-0.0562,0.0015
1682,1001.8,302.0,94.2781,94.2796,94.3360,-0.0579,-0.0564,0.0015
1683,997.8,364.3,94.2749,94.2764,94.3333,-0.0584,-0.0569,0.0015
1684,996.5,333.5,94.2716,94.2731,94.3306,-0.0590,-0.0575,0.0015
1685,1738.7,271.6,94.2683,94.2698,94.3254,-0.0571,-0.0556,0.0015
1686,275.7,290.3,94.2651,94.2666,94.3254,-0.0604,-0.0588,0.0015
1687,985.5,276.7,94.2618,94.2633,94.3231,-0.0613,-0.0598,0.0015
1688,999.7,312.9,94.2585,94.2600,94.3208,-0.0623,-0.0608,0.0015
1689,1000.8,335.2,94.2552,94.2567,94.3186,-0.0633,-0.0618,0.0015
1690,999.8,365.1,94.2519,94.2534,94.3160,-0.0641,-0.0626,0.0015
1691,1000.0,353.0,94.2486,94.2501,94.3136,-0.0650,-0.0635,0.0015
1692,1001.1,319.1,94.2453,94.2468,94.3111,-0.0658,-0.0643,0.0015
1693,999.4,327.5,94.2420,94.2435,94.3085,-0.0665,-0.0650,0.0015
1694,999.3,316.3,94.2387,94.2401,94.3056,-0.0669,-0.0654,0.0015
1695,1000.2,317.4,94.2353,94.2368,94.3029,-0.0676,-0.0661,0.0015
1696,1000.5,281.8,94.2320,94.2335,94.3001,-0.0681,-0.0667,0.0015
1697,999.3,283.9,94.2287,94.2301,94.2973,-0.0686,-0.0672,0.0015
1698,998.6,336.5,94.2253,94.2268,94.2941,-0.0688,-0.0673,0.0015
1699,1000.4,318.3,94.2220,94.2234,94.2911,-0.0691,-0.0677,0.0015
1700,1001.5,286.6,94.2186,94.2200,94.2879,-0.0693,-0.0679,0.0015
1701,998.9,336.0,94.2152,94.2167,94.2848,-0.0696,-0.0681,0.0015
1702,999.7,317.7,94.2118,94.2133,94.2815,-0.0696,-0.0682,0.0015
1703,1001.1,295.2,94.2085,94.2099,94.2783,-0.0698,-0.0684,0.0014
1704,999.2,319.8,94.2051,94.2065,94.2751,-0.0700,-0.0685,0.0014
1705,1000.2,316.0,94.2017,94.2031,94.2717,-0.0701,-0.0686,0.0014
1706,1000.3,329.8,94.1983,94.1997,94.2681,-0.0698,-0.0684,0.0014
1707,1001.2,326.9,94.1949,94.1963,94.2646,-0.0698,-0.0683,0.0014
1708,997.6,305.2,94.1914,94.1929,94.2612,-0.0697,-0.0683,0.0014
1709,1001.7,327.7,94.1880,94.1894,94.2576,-0.0696,-0.0682,0.0014
1710,999.6,294.4,94.1846,94.1860,94.2536,-0.0690,-0.0676,0.0014
1711,1000.2,312.8,94.1812,94.1826,94.2499,-0.0688,-0.0674,0.0014
1712,1000.1,317.9,94.1777,94.1791,94.2461,-0.0684,-0.0670,0.0014
1713,1000.0,323.8,94.1743,94.1757,94.2422,-0.0680,-0.0666,0.0014
1714,1000.6,329.4,94.1708,94.1722,94.2381,-0.0673,-0.0659,0.0014
1715,1001.4,384.8,94.1673,94.1687,94.2343,-0.0669,-0.0655,0.0014
1716,998.0,317.9,94.1639,94.1653,94.2305,-0.0667,-0.0652,0.0014
1717,999.8,281.1,94.1604,94.1618,94.2268,-0.0664,-0.0650,0.0014
1718,1032.5,409.4,94.1569,94.1583,94.2228,-0.0659,-0.0645,0.0014
1719,976.8,311.9,94.1534,94.1548,94.2189,-0.0654,-0.0640,0.0014
1720,999.0,339.9,94.1499,94.1513,94.2148,-0.0649,-0.0635,0.0014
1721,999.9,373.6,94.1464,94.1478,94.2106,-0.0641,-0.0628,0.0014
1722,999.6,357.6,94.1429,94.1443,94.2065,-0.0636,-0.0622,0.0014
1723,1000.3,361.9,94.1394,94.1408,94.2025,-0.0631,-0.0617,0.0014
1724,999.5,352.1,94.1359,94.1373,94.1986,-0.0628,-0.0614,0.0014
1725,1000.8,316.7,94.1324,94.1337,94.1950,-0.0627,-0.0613,0.0014
1726,999.0,324.3,94.1288,94.1302,94.1912,-0.0624,-0.0610,0.0014
1727,1002.4,329.6,94.1253,94.1266,94.1877,-0.0624,-0.0610,0.0014
1728,999.2,331.5,94.1217,94.1231,94.1841,-0.0624,-0.0610,0.0014
1729,999.0,322.6,94.1182,94.1195,94.1804,-0.0623,-0.0609,0.0014
1730,1001.5,301.8,94.1146,94.1160,94.1764,-0.0618,-0.0604,0.0014
1731,1000.3,358.6,94.1110,94.1124,94.1727,-0.0616,-0.0603,0.0014
1732,993.9,372.6,94.1075,94.1088,94.1689,-0.0615,-0.0601,0.0014
1733,997.1,360.3,94.1039,94.1052,94.1651,-0.0612,-0.0599,0.0013
1734,999.7,340.3,94.1003,94.1016,94.1609,-0.0606,-0.0593,0.0013
1735,999.6,326.3,94.0967,94.0981,94.1571,-0.0603,-0.0590,0.0013
1736,1000.8,314.6,94.0931,94.0944,94.1531,-0.0600,-0.0587,0.0013
1737,999.5,310.6,94.0895,94.0908,94.1491,-0.0596,-0.0583,0.0013
1738,1000.0,329.4,94.0859,94.0872,94.1450,-0.0591,-0.0577,0.0013
1739,999.3,375.8,94.0823,94.0836,94.1412,-0.0589,-0.0576,0.0013
1740,1000.3,356.2,94.0786,94.0800,94.1375,-0.0589,-0.0576,0.0013
1741,999.1,435.4,94.0750,94.0763,94.1338,-0.0588,-0.0575,0.0013
1742,999.5,406.5,94.0714,94.0727,94.1297,-0.0584,-0.0570,0.0013
1743,1001.7,400.1,94.0677,94.0690,94.1259,-0.0581,-0.0568,0.0013
1744,999.3,398.7,94.0641,94.0654,94.1218,-0.0578,-0.0565,0.0013
1745,1000.0,358.8,94.0604,94.0617,94.1178,-0.0574,-0.0561,0.0013
1746,999.5,343.9,94.0568,94.0581,94.1135,-0.0567,-0.0554,0.0013
1747,1000.6,333.2,94.0531,94.0544,94.1095,-0.0564,-0.0551,0.0013
1748,1016.8,337.7,94.0494,94.0507,94.1056,-0.0562,-0.0549,0.0013
1749,991.0,325.8,94.0457,94.0470,94.1018,-0.0561,-0.0548,0.0013
1750,1001.5,319.3,94.0420,94.0433,94.0979,-0.0559,-0.0546,0.0013
1751,1000.2,340.5,94.0383,94.0396,94.0944,-0.0561,-0.0548,0.0013
1752,997.3,325.1,94.0346,94.0359,94.0909,-0.0563,-0.0550,0.0013
1753,998.5,341.6,94.0309,94.0322,94.0874,-0.0565,-0.0552,0.0013
1754,1007.1,324.5,94.0272,94.0285,94.0838,-0.0566,-0.0553,0.0013
1755,995.2,327.9,94.0235,94.0248,94.0799,-0.0564,-0.0551,0.0013
1756,999.3,338.7,94.0198,94.0210,94.0763,-0.0565,-0.0552,0.0013
1757,999.6,308.3,94.0160,94.0173,94.0727,-0.0567,-0.0554,0.0013
1758,1001.6,309.0,94.0123,94.0136,94.0691,-0.0568,-0.0556,0.0013
1759,998.8,314.6,94.0085,94.0098,94.0658,-0.0572,-0.0559,0.0013
1760,1000.0,304.8,94.0048,94.0060,94.0624,-0.0576,-0.0564,0.0013
1761,1000.1,314.8,94.0010,94.0023,94.0593,-0.0582,-0.0570,0.0013
1762,999.7,314.3,93.9973,93.9985,94.0562,-0.0590,-0.0577,0.0013
1763,998.1,350.6,93.9935,93.9947,94.0530,-0.0595,-0.0583,0.0013
1764,1002.7,377.3,93.9897,93.9910,94.0499,-0.0602,-0.0590,0.0013
1765,1000.5,375.1,93.9859,93.9872,94.0468,-0.0609,-0.0597,0.0012
1766,1013.4,334.7,93.9821,93.9834,94.0438,-0.0617,-0.0604,0.0012
1767,984.4,330.6,93.9783,93.9796,94.0405,-0.0621,-0.0609,0.0012
1768,1000.0,350.4,93.9745,93.9758,94.0372,-0.0627,-0.0615,0.0012
1769,999.7,365.4,93.9707,93.9720,94.0339,-0.0632,-0.0620,0.0012
1770,1000.3,318.8,93.9669,93.9681,94.0306,-0.0637,-0.0625,0.0012
1771,1001.8,385.6,93.9631,93.9643,94.0271,-0.0640,-0.0628,0.0012
1772,999.2,335.5,93.9592,93.9605,94.0239,-0.0647,-0.0635,0.0012
1773,999.4,330.1,93.9554,93.9566,94.0208,-0.0654,-0.0642,0.0012
1774,1000.6,336.3,93.9516,93.9528,94.0177,-0.0661,-0.0649,0.0012
1775,999.9,355.1,93.9477,93.9489,94.0142,-0.0665,-0.0653,0.0012
1776,999.8,339.0,93.9439,93.9451,94.0109,-0.0670,-0.0658,0.0012
1777,1000.9,336.6,93.9400,93.9412,94.0075,-0.0675,-0.0663,0.0012
1778,1000.0,366.9,93.9361,93.9373,94.0041,-0.0680,-0.0668,0.0012
1779,999.3,341.7,93.9323,93.9335,94.0005,-0.0682,-0.0670,0.0012
1780,1000.2,330.7,93.9284,93.9296,93.9971,-0.0687,-0.0675,0.0012
1781,1000.8,323.9,93.9245,93.9257,93.9937,-0.0692,-0.0680,0.0012
1782,1001.7,327.1,93.9206,93.9218,93.9902,-0.0695,-0.0683,0.0012
1783,998.5,352.2,93.9167,93.9179,93.9857,-0.0690,-0.0678,0.0012
1784,997.9,347.1,93.9128,93.9140,93.9820,-0.0692,-0.0680,0.0012
1785,1001.4,338.2,93.9089,93.9101,93.9783,-0.0694,-0.0682,0.0012
1786,998.1,353.2,93.9050,93.9062,93.9746,-0.0696,-0.0684,0.0012
1787,999.9,351.7,93.9011,93.9022,93.9707,-0.0696,-0.0685,0.0012
1788,1001.0,338.7,93.8971,93.8983,93.9670,-0.0699,-0.0687,0.0012
1789,1000.0,388.3,93.8932,93.8944,93.9633,-0.0701,-0.0689,0.0012
1790,1000.4,366.2,93.8893,93.8904,93.9595,-0.0703,-0.0691,0.0012
1791,999.4,343.9,93.8853,93.8865,93.9553,-0.0700,-0.0688,0.0012
1792,966.6,355.1,93.8814,93.8825,93.9512,-0.0699,-0.0687,0.0012
1793,1034.1,344.5,93.8774,93.8786,93.9470,-0.0696,-0.0685,0.0012
1794,1000.9,328.5,93.8734,93.8746,93.9429,-0.0695,-0.0684,0.0012
1795,998.7,336.1,93.8695,93.8706,93.9386,-0.0692,-0.0680,0.0012
1796,1000.2,343.1,93.8655,93.8666,93.9347,-0.0692,-0.0680,0.0012
1797,1000.2,330.5,93.8615,93.8626,93.9307,-0.0692,-0.0681,0.0011
1798,1000.0,340.0,93.8575,93.8587,93.9266,-0.0691,-0.0679,0.0011
1799,1000.4,336.8,93.8535,93.8547,93.9227,-0.0692,-0.0680,0.0011
1800,999.6,322.7,93.8495,93.8507,93.9227,-0.0732,-0.0720,0.0011
1801,1000.0,348.6,93.8455,93.8466,93.9188,-0.0733,-0.0722,0.0011
1802,1001.0,319.3,93.8415,93.8426,93.9149,-0.0734,-0.0723,0.0011
1803,999.7,343.9,93.8375,93.8386,93.9110,-0.0735,-0.0724,0.0011
1804,1624.2,323.2,93.8334,93.8346,93.9021,-0.0687,-0.0676,0.0011
1805,334.0,319.3,93.8294,93.8305,93.9021,-0.0727,-0.0716,0.0011
1806,1060.2,350.6,93.8254,93.8265,93.8976,-0.0722,-0.0711,0.0011
1807,983.1,366.1,93.8213,93.8224,93.8931,-0.0717,-0.0706,0.0011
1808,996.6,351.2,93.8173,93.8184,93.8883,-0.0710,-0.0699,0.0011
1809,1000.4,390.9,93.8132,93.8143,93.8840,-0.0707,-0.0696,0.0011
1810,1005.9,355.6,93.8092,93.8103,93.8798,-0.0707,-0.0696,0.0011
1811,995.9,388.6,93.8051,93.8062,93.8757,-0.0706,-0.0695,0.0011
1812,1013.2,390.1,93.8010,93.8021,93.8711,-0.0700,-0.0689,0.0011
1813,985.5,389.8,93.7969,93.7980,93.8667,-0.0698,-0.0687,0.0011
1814,999.8,401.9,93.7929,93.7939,93.8624,-0.0695,-0.0684,0.0011
1815,1009.2,386.7,93.7888,93.7899,93.8579,-0.0692,-0.0681,0.0011
1816,993.5,385.6,93.7847,93.7857,93.8530,-0.0683,-0.0672,0.0011
1817,999.1,360.8,93.7806,93.7816,93.8484,-0.0678,-0.0667,0.0011
1818,999.0,374.3,93.7764,93.7775,93.8438,-0.0674,-0.0663,0.0011
1819,1000.4,371.9,93.7723,93.7734,93.8392,-0.0668,-0.0658,0.0011
1820,1000.4,345.0,93.7682,93.7693,93.8344,-0.0662,-0.0651,0.0011
1821,999.2,388.4,93.7641,93.7652,93.8302,-0.0661,-0.0650,0.0011
1822,1000.3,353.5,93.7599,93.7610,93.8259,-0.0660,-0.0649,0.0011
1823,999.6,354.8,93.7558,93.7569,93.8217,-0.0659,-0.0649,0.0011
1824,1001.9,329.3,93.7517,93.7527,93.8171,-0.0654,-0.0644,0.0011
1825,1000.9,360.5,93.7475,93.7486,93.8127,-0.0652,-0.0642,0.0011
1826,1000.1,382.6,93.7433,93.7444,93.8084,-0.0651,-0.0640,0.0011
1827,972.4,340.9,93.7392,93.7402,93.8042,-0.0650,-0.0640,0.0011
1828,1026.4,373.4,93.7350,93.7361,93.8000,-0.0650,-0.0640,0.0011
1829,999.1,368.4,93.7308,93.7319,93.7963,-0.0655,-0.0644,0.0011
1830,1000.4,356.7,93.7267,93.7277,93.7928,-0.0661,-0.0651,0.0010
1831,1000.6,394.5,93.7225,93.7235,93.7894,-0.0669,-0.0658,0.0010
1832,1009.8,336.2,93.7183,93.7193,93.7856,-0.0673,-0.0663,0.0010
1833,991.9,378.1,93.7141,93.7151,93.7821,-0.0680,-0.0670,0.0010
1834,997.0,356.3,93.7099,93.7109,93.7786,-0.0687,-0.0677,0.0010
1835,1001.2,342.2,93.7057,93.7067,93.7749,-0.0693,-0.0682,0.0010
1836,1001.8,373.7,93.7014,93.7025,93.7708,-0.0694,-0.0683,0.0010
1837,1001.1,374.1,93.6972,93.6982,93.7671,-0.0699,-0.0689,0.0010
1838,999.0,322.3,93.6930,93.6940,93.7634,-0.0704,-0.0693,0.0010
1839,998.8,408.5,93.6888,93.6898,93.7595,-0.0708,-0.0698,0.0010
1840,1000.5,400.4,93.6845,93.6855,93.7556,-0.0710,-0.0700,0.0010
1841,999.8,361.0,93.6803,93.6813,93.7518,-0.0715,-0.0705,0.0010
1842,996.5,471.6,93.6760,93.6770,93.7480,-0.0720,-0.0710,0.0010
1843,994.5,328.6,93.6718,93.6728,93.7443,-0.0726,-0.0716,0.0010
1844,999.7,300.1,93.6675,93.6685,93.7403,-0.0729,-0.0718,0.0010
1845,1000.9,310.1,93.6632,93.6642,93.7365,-0.0733,-0.0723,0.0010
1846,1000.4,298.9,93.6589,93.6600,93.7326,-0.0736,-0.0726,0.0010
1847,985.3,339.0,93.6547,93.6557,93.7285,-0.0738,-0.0728,0.0010
1848,1028.9,361.2,93.6504,93.6514,93.7240,-0.0736,-0.0726,0.0010
1849,996.5,370.4,93.6461,93.6471,93.7199,-0.0738,-0.0728,0.0010
1850,995.6,302.6,93.6418,93.6428,93.7159,-0.0741,-0.0732,0.0010
1851,997.5,371.8,93.6375,93.6385,93.7121,-0.0746,-0.0736,0.0010
1852,999.2,353.0,93.6332,93.6342,93.7079,-0.0747,-0.0737,0.0010
1853,1001.2,360.6,93.6289,93.6298,93.7039,-0.0750,-0.0740,0.0010
1854,999.1,361.9,93.6245,93.6255,93.7000,-0.0754,-0.0744,0.0010
1855,1000.0,339.9,93.6202,93.6212,93.6961,-0.0759,-0.0749,0.0010
1856,1000.5,342.4,93.6159,93.6169,93.6918,-0.0760,-0.0750,0.0010
1857,1002.0,321.9,93.6115,93.6125,93.6878,-0.0763,-0.0753,0.0010
1858,999.9,352.8,93.6072,93.6082,93.6837,-0.0765,-0.0755,0.0010
1859,998.5,353.8,93.6028,93.6038,93.6795,-0.0767,-0.0757,0.0010
1860,1001.2,352.9,93.5985,93.5995,93.6752,-0.0767,-0.0757,0.0010
1861,1000.1,368.3,93.5941,93.5951,93.6712,-0.0770,-0.0761,0.0010
1862,999.3,342.6,93.5898,93.5907,93.6673,-0.0775,-0.0765,0.0010
1863,1000.1,346.0,93.5854,93.5863,93.6635,-0.0781,-0.0772,0.0010
1864,1000.5,389.2,93.5810,93.5820,93.6597,-0.0787,-0.0778,0.0010
1865,1008.6,383.0,93.5766,93.5776,93.6555,-0.0789,-0.0780,0.0009
1866,992.2,376.4,93.5722,93.5732,93.6514,-0.0792,-0.0782,0.0009
1867,1001.8,368.4,93.5678,93.5688,93.6471,-0.0792,-0.0783,0.0009
1868,1000.8,337.5,93.5634,93.5644,93.6427,-0.0792,-0.0783,0.0009
1869,1000.5,375.8,93.5590,93.5600,93.6379,-0.0789,-0.0780,0.0009
1870,999.2,350.5,93.5546,93.5556,93.6334,-0.0787,-0.0778,0.0009
1871,998.1,374.8,93.5502,93.5511,93.6287,-0.0785,-0.0775,0.0009
1872,999.5,365.5,93.5458,93.5467,93.6240,-0.0782,-0.0773,0.0009
1873,999.8,318.0,93.5414,93.5423,93.6190,-0.0776,-0.0767,0.0009
1874,1000.2,366.7,93.5369,93.5378,93.6144,-0.0775,-0.0766,0.0009
1875,1003.6,366.8,93.5325,93.5334,93.6098,-0.0773,-0.0764,0.0009
1876,996.9,365.8,93.5280,93.5290,93.6051,-0.0770,-0.0761,0.0009
1877,1001.5,371.3,93.5236,93.5245,93.5998,-0.0762,-0.0753,0.0009
1878,999.0,332.4,93.5191,93.5200,93.5947,-0.0755,-0.0746,0.0009
1879,1001.0,359.9,93.5147,93.5156,93.5896,-0.0749,-0.0740,0.0009
1880,1000.8,375.9,93.5102,93.5111,93.5844,-0.0742,-0.0733,0.0009
1881,999.0,388.6,93.5057,93.5066,93.5788,-0.0731,-0.0722,0.0009
1882,1007.6,330.8,93.5012,93.5021,93.5739,-0.0727,-0.0718,0.0009
1883,994.6,353.0,93.4968,93.4977,93.5692,-0.0724,-0.0715,0.0009
1884,1000.5,376.4,93.4923,93.4932,93.5644,-0.0721,-0.0712,0.0009
1885,998.2,369.3,93.4878,93.4887,93.5591,-0.0713,-0.0705,0.0009
1886,998.3,376.2,93.4833,93.4842,93.5542,-0.0709,-0.0700,0.0009
1887,999.9,372.1,93.4788,93.4797,93.5493,-0.0705,-0.0696,0.0009
1888,1002.9,347.9,93.4743,93.4751,93.5443,-0.0701,-0.0692,0.0009
1889,1001.2,361.8,93.4697,93.4706,93.5392,-0.0695,-0.0686,0.0009
1890,997.6,361.5,93.4652,93.4661,93.5346,-0.0694,-0.0686,0.0009
1891,999.7,359.9,93.4607,93.4616,93.5303,-0.0696,-0.0687,0.0009
1892,998.9,373.7,93.4562,93.4570,93.5259,-0.0697,-0.0688,0.0009
1893,999.1,352.3,93.4516,93.4525,93.5212,-0.0696,-0.0687,0.0009
1894,1001.8,388.1,93.4471,93.4479,93.5169,-0.0698,-0.0689,0.0009
1895,1001.1,385.8,93.4425,93.4434,93.5126,-0.0701,-0.0692,0.0009
1896,998.2,337.8,93.4380,93.4388,93.5082,-0.0702,-0.0693,0.0009
1897,998.7,310.1,93.4334,93.4343,93.5033,-0.0699,-0.0690,0.0009
1898,1004.1,355.8,93.4288,93.4297,93.4988,-0.0700,-0.0692,0.0009
1899,974.7,342.3,93.4243,93.4251,93.4944,-0.0702,-0.0693,0.0009
1900,1023.5,297.3,93.4197,93.4205,93.4901,-0.0704,-0.0695,0.0009
1901,1002.3,345.5,93.4151,93.4159,93.4855,-0.0704,-0.0695,0.0008
1902,3587.7,614.7,93.4105,93.4114,93.4682,-0.0577,-0.0569,0.0008
1903,620.4,2405.7,93.4059,93.4068,93.4638,-0.0579,-0.0570,0.0008
1904,2411.0,356.7,93.4013,93.4022,93.4552,-0.0539,-0.0530,0.0008
1905,361.4,341.7,93.3967,93.3976,93.4552,-0.0585,-0.0576,0.0008
1906,346.1,465.5,93.3921,93.3929,93.4510,-0.0589,-0.0580,0.0008
1907,470.1,393.1,93.3875,93.3883,93.4510,-0.0635,-0.0627,0.0008
1908,398.6,371.3,93.3829,93.3837,93.4474,-0.0646,-0.0637,0.0008
1909,376.1,326.4,93.3782,93.3791,93.4474,-0.0692,-0.0684,0.0008
1910,427.4,313.5,93.3736,93.3744,93.4474,-0.0738,-0.0730,0.0008
1911,997.6,530.9,93.3690,93.3698,93.4439,-0.0749,-0.0741,0.0008
1912,997.6,314.5,93.3643,93.3652,93.4403,-0.0760,-0.0751,0.0008
1913,997.4,337.4,93.3597,93.3605,93.4364,-0.0767,-0.0759,0.0008
1914,998.9,352.2,93.3550,93.3558,93.4324,-0.0774,-0.0765,0.0008
1915,1011.5,405.9,93.3504,93.3512,93.4281,-0.0778,-0.0770,0.0008
1916,1004.0,348.6,93.3457,93.3465,93.4237,-0.0780,-0.0772,0.0008
1917,984.9,311.8,93.3410,93.3419,93.4188,-0.0777,-0.0769,0.0008
1918,998.2,316.9,93.3364,93.3372,93.4142,-0.0779,-0.0771,0.0008
1919,3594.1,3035.8,93.3317,93.3325,93.3979,-0.0662,-0.0654,0.0008
1920,3042.4,386.2,93.3270,93.3278,93.3858,-0.0588,-0.0580,0.0008
1921,392.0,330.2,93.3223,93.3231,93.3858,-0.0635,-0.0627,0.0008
1922,335.9,513.5,93.3176,93.3184,93.3819,-0.0642,-0.0635,0.0008
1923,519.8,252.5,93.3129,93.3137,93.3819,-0.0689,-0.0682,0.0008
1924,258.0,341.7,93.3082,93.3090,93.3782,-0.0699,-0.0692,0.0008
1925,360.2,409.6,93.3035,93.3043,93.3782,-0.0747,-0.0739,0.0008
1926,415.1,575.4,93.2988,93.2996,93.3782,-0.0794,-0.0786,0.0008
1927,580.8,399.7,93.2941,93.2949,93.3747,-0.0806,-0.0798,0.0008
1928,515.0,490.5,93.2893,93.2901,93.3747,-0.0853,-0.0846,0.0008
1929,1002.9,513.2,93.2846,93.2854,93.3711,-0.0865,-0.0857,0.0008
1930,1004.0,407.3,93.2799,93.2806,93.3679,-0.0880,-0.0872,0.0008
1931,1002.0,359.8,93.2751,93.2759,93.3645,-0.0893,-0.0886,0.0008
1932,982.6,296.8,93.2704,93.2712,93.3606,-0.0902,-0.0895,0.0008
1933,982.4,304.3,93.2656,93.2664,93.3560,-0.0903,-0.0896,0.0008
1934,1014.0,300.3,93.2609,93.2616,93.3511,-0.0902,-0.0895,0.0008
1935,1005.1,293.6,93.2561,93.2569,93.3461,-0.0900,-0.0892,0.0008
1936,2437.5,485.7,93.2513,93.2521,93.3300,-0.0786,-0.0779,0.0008
1937,492.4,306.1,93.2466,93.2473,93.3300,-0.0834,-0.0826,0.0008
1938,309.4,244.1,93.2418,93.2425,93.3248,-0.0830,-0.0822,0.0008
1939,752.4,331.5,93.2370,93.2378,93.3248,-0.0878,-0.0870,0.0007
1940,999.5,348.9,93.2322,93.2330,93.3196,-0.0873,-0.0866,0.0007
1941,999.6,313.1,93.2274,93.2282,93.3141,-0.0866,-0.0859,0.0007
1942,999.8,295.9,93.2226,93.2234,93.3092,-0.0865,-0.0858,0.0007
1943,1029.9,379.8,93.2178,93.2186,93.3045,-0.0866,-0.0859,0.0007
1944,953.9,305.2,93.2130,93.2138,93.2997,-0.0866,-0.0859,0.0007
1945,978.7,260.7,93.2082,93.2089,93.2946,-0.0864,-0.0857,0.0007
1946,1045.2,303.5,93.2034,93.2041,93.2890,-0.0856,-0.0849,0.0007
1947,983.2,283.5,93.1986,93.1993,93.2838,-0.0852,-0.0845,0.0007
1948,1014.4,298.7,93.1937,93.1945,93.2787,-0.0850,-0.0843,0.0007
1949,997.6,286.4,93.1889,93.1896,93.2736,-0.0847,-0.0839,0.0007
1950,972.6,286.4,93.1841,93.1848,93.2690,-0.0850,-0.0843,0.0007
1951,1075.2,303.7,93.1792,93.1799,93.2645,-0.0853,-0.0846,0.0007
1952,956.5,290.4,93.1744,93.1751,93.2600,-0.0856,-0.0849,0.0007
1953,973.2,289.4,93.1695,93.1702,93.2550,-0.0855,-0.0847,0.0007
1954,1030.9,332.7,93.1647,93.1654,93.2493,-0.0846,-0.0839,0.0007
1955,1000.0,313.5,93.1598,93.1605,93.2442,-0.0844,-0.0837,0.0007
1956,999.6,318.3,93.1549,93.1556,93.2392,-0.0843,-0.0836,0.0007
1957,997.8,320.1,93.1501,93.1508,93.2338,-0.0838,-0.0831,0.0007
1958,1000.7,316.7,93.1452,93.1459,93.2289,-0.0837,-0.0830,0.0007
1959,999.7,321.5,93.1403,93.1410,93.2239,-0.0836,-0.0829,0.0007
1960,1000.4,356.5,93.1354,93.1361,93.2185,-0.0831,-0.0824,0.0007
1961,999.5,339.6,93.1305,93.1312,93.2133,-0.0828,-0.0821,0.0007
1962,1000.3,316.5,93.1256,93.1263,93.2080,-0.0824,-0.0817,0.0007
1963,999.4,375.2,93.1207,93.1214,93.2028,-0.0820,-0.0814,0.0007
1964,998.7,349.3,93.1158,93.1165,93.1975,-0.0817,-0.0810,0.0007
1965,967.5,356.8,93.1109,93.1116,93.1919,-0.0810,-0.0803,0.0007
1966,1029.7,329.2,93.1060,93.1066,93.1869,-0.0809,-0.0802,0.0007
1967,998.6,297.8,93.1010,93.1017,93.1819,-0.0808,-0.0802,0.0007
1968,1007.9,297.7,93.0961,93.0968,93.1768,-0.0806,-0.0800,0.0007
1969,992.1,284.4,93.0912,93.0919,93.1768,-0.0856,-0.0849,0.0007
1970,1006.0,291.1,93.0862,93.0869,93.1661,-0.0798,-0.0792,0.0007
1971,992.9,318.0,93.0813,93.0820,93.1661,-0.0848,-0.0841,0.0007
1972,1004.6,279.2,93.0764,93.0770,93.1610,-0.0846,-0.0839,0.0007
1973,982.0,290.5,93.0714,93.0721,93.1558,-0.0844,-0.0838,0.0007
1974,1015.6,309.5,93.0664,93.0671,93.1505,-0.0841,-0.0834,0.0007
1975,1000.5,290.2,93.0615,93.0621,93.1458,-0.0843,-0.0836,0.0007
1976,1006.1,301.2,93.0565,93.0572,93.1410,-0.0845,-0.0838,0.0007
1977,992.1,293.1,93.0515,93.0522,93.1360,-0.0844,-0.0838,0.0007
1978,998.9,309.4,93.0466,93.0472,93.1312,-0.0846,-0.0840,0.0007
1979,999.7,306.6,93.0416,93.0422,93.1263,-0.0848,-0.0841,0.0006
1980,1013.9,279.5,93.0366,93.0372,93.1214,-0.0848,-0.0842,0.0006
1981,1005.7,354.7,93.0316,93.0323,93.1165,-0.0849,-0.0843,0.0006
1982,996.3,323.6,93.0266,93.0273,93.1112,-0.0846,-0.0839,0.0006
1983,992.8,306.7,93.0216,93.0223,93.1063,-0.0847,-0.0840,0.0006
1984,1014.9,409.8,93.0166,93.0172,93.1018,-0.0852,-0.0845,0.0006
1985,998.4,339.0,93.0116,93.0122,93.0972,-0.0856,-0.0850,0.0006
1986,992.3,322.9,93.0066,93.0072,93.0923,-0.0858,-0.0851,0.0006
1987,978.9,318.8,93.0016,93.0022,93.0876,-0.0860,-0.0854,0.0006
1988,1008.1,336.5,92.9965,92.9972,93.0824,-0.0858,-0.0852,0.0006
1989,985.0,380.2,92.9915,92.9921,93.0773,-0.0858,-0.0852,0.0006
1990,1025.2,379.4,92.9865,92.9871,93.0720,-0.0855,-0.0849,0.0006
1991,1004.2,333.6,92.9814,92.9821,93.0670,-0.0856,-0.0850,0.0006
1992,995.8,335.5,92.9764,92.9770,93.0621,-0.0857,-0.0851,0.0006
1993,999.6,354.6,92.9713,92.9720,93.0572,-0.0859,-0.0853,0.0006
1994,1000.2,328.0,92.9663,92.9669,93.0519,-0.0857,-0.0850,0.0006
1995,999.8,328.2,92.9612,92.9618,93.0469,-0.0857,-0.0851,0.0006
1996,1000.3,338.2,92.9562,92.9568,93.0418,-0.0856,-0.0850,0.0006
1997,999.5,324.1,92.9511,92.9517,93.0365,-0.0854,-0.0848,0.0006
1998,1000.4,340.1,92.9460,92.9466,93.0309,-0.0849,-0.0843,0.0006
1999,1003.2,322.3,92.9410,92.9416,93.0258,-0.0849,-0.0843,0.0006
2000,992.2,288.7,92.9359,92.9365,93.0210,-0.0851,-0.0845,0.0006
2001,995.5,355.1,92.9308,92.9314,93.0158,-0.0850,-0.0844,0.0006
2002,1002.4,334.3,92.9257,92.9263,93.0109,-0.0852,-0.0846,0.0006
2003,996.2,355.8,92.9206,92.9212,93.0060,-0.0854,-0.0848,0.0006
2004,999.8,311.4,92.9155,92.9161,93.0010,-0.0855,-0.0849,0.0006
2005,999.4,340.3,92.9104,92.9110,92.9960,-0.0856,-0.0850,0.0006
2006,3254.3,352.5,92.9053,92.9059,92.9746,-0.0693,-0.0687,0.0006
2007,358.2,336.9,92.9002,92.9008,92.9746,-0.0744,-0.0738,0.0006
2008,340.0,334.9,92.8951,92.8956,92.9746,-0.0795,-0.0790,0.0006
2009,343.3,344.8,92.8899,92.8905,92.9690,-0.0790,-0.0785,0.0006
2010,709.0,314.9,92.8848,92.8854,92.9690,-0.0842,-0.0836,0.0006
2011,1002.4,366.4,92.8797,92.8803,92.9637,-0.0840,-0.0834,0.0006
2012,997.5,331.2,92.8745,92.8751,92.9586,-0.0840,-0.0835,0.0006
2013,1000.2,352.0,92.8694,92.8700,92.9536,-0.0842,-0.0836,0.0006
2014,1000.4,430.0,92.8643,92.8648,92.9482,-0.0840,-0.0834,0.0006
2015,1012.3,428.4,92.8591,92.8597,92.9430,-0.0839,-0.0833,0.0006
2016,994.7,407.1,92.8540,92.8545,92.9375,-0.0835,-0.0830,0.0006
2017,1001.5,388.3,92.8488,92.8494,92.9319,-0.0831,-0.0825,0.0006
2018,988.8,344.3,92.8436,92.8442,92.9259,-0.0822,-0.0817,0.0006
2019,1003.2,305.4,92.8385,92.8390,92.9203,-0.0818,-0.0812,0.0006
2020,1474.4,2261.6,92.8333,92.8338,92.9088,-0.0755,-0.0750,0.0006
2021,2265.5,361.4,92.8281,92.8287,92.8978,-0.0697,-0.0691,0.0006
2022,363.6,415.2,92.8229,92.8235,92.8978,-0.0749,-0.0743,0.0005
2023,417.5,358.5,92.8177,92.8183,92.8929,-0.0751,-0.0746,0.0005
2024,480.0,287.3,92.8126,92.8131,92.8929,-0.0803,-0.0798,0.0005
2025,993.2,340.4,92.8074,92.8079,92.8881,-0.0807,-0.0802,0.0005
2026,1002.2,325.1,92.8022,92.8027,92.8831,-0.0810,-0.0804,0.0005
2027,998.6,333.7,92.7970,92.7975,92.8786,-0.0817,-0.0811,0.0005
2028,998.9,361.1,92.7918,92.7923,92.8741,-0.0824,-0.0819,0.0005
2029,1016.6,348.0,92.7865,92.7871,92.8695,-0.0829,-0.0824,0.0005
2030,998.5,313.7,92.7813,92.7819,92.8641,-0.0828,-0.0823,0.0005
2031,1435.1,480.7,92.7761,92.7766,92.8538,-0.0777,-0.0771,0.0005
2032,550.8,276.6,92.7709,92.7714,92.8538,-0.0829,-0.0824,0.0005
2033,998.6,301.4,92.7657,92.7662,92.8488,-0.0832,-0.0826,0.0005
2034,1001.1,313.6,92.7604,92.7609,92.8436,-0.0832,-0.0826,0.0005
2035,999.7,326.6,92.7552,92.7557,92.8386,-0.0834,-0.0829,0.0005
2036,999.7,301.2,92.7499,92.7505,92.8336,-0.0837,-0.0832,0.0005
2037,1000.5,307.9,92.7447,92.7452,92.8286,-0.0839,-0.0834,0.0005
2038,999.6,342.2,92.7394,92.7400,92.8232,-0.0837,-0.0832,0.0005
2039,999.5,323.9,92.7342,92.7347,92.8181,-0.0839,-0.0834,0.0005
2040,1006.7,1754.5,92.7289,92.7294,92.8130,-0.0841,-0.0836,0.0005
2041,1761.9,390.2,92.7237,92.7242,92.8028,-0.0792,-0.0787,0.0005
2042,394.9,378.0,92.7184,92.7189,92.7982,-0.0798,-0.0793,0.0005
2043,841.3,417.3,92.7131,92.7136,92.7982,-0.0851,-0.0845,0.0005
2044,1000.3,368.3,92.7078,92.7083,92.7935,-0.0857,-0.0852,0.0005
2045,1000.1,379.1,92.7026,92.7031,92.7888,-0.0862,-0.0857,0.0005
2046,1000.4,335.3,92.6973,92.6978,92.7837,-0.0865,-0.0860,0.0005
2047,998.5,352.1,92.6920,92.6925,92.7790,-0.0871,-0.0866,0.0005
2048,1029.3,384.7,92.6867,92.6872,92.7744,-0.0877,-0.0872,0.0005
2049,967.0,356.8,92.6814,92.6819,92.7698,-0.0884,-0.0879,0.0005
2050,1000.8,330.3,92.6761,92.6766,92.7649,-0.0888,-0.0883,0.0005
2051,1012.3,346.5,92.6708,92.6713,92.7605,-0.0897,-0.0892,0.0005
2052,994.6,318.3,92.6655,92.6659,92.7561,-0.0907,-0.0902,0.0005
2053,1003.1,319.6,92.6601,92.6606,92.7515,-0.0914,-0.0909,0.0005
2054,992.0,302.0,92.6548,92.6553,92.7467,-0.0918,-0.0913,0.0005
2055,998.5,291.8,92.6495,92.6500,92.7413,-0.0918,-0.0913,0.0005
2056,1001.0,321.0,92.6442,92.6447,92.7362,-0.0920,-0.0915,0.0005
2057,999.2,279.2,92.6388,92.6393,92.7310,-0.0922,-0.0917,0.0005
2058,1002.5,339.5,92.6335,92.6340,92.7257,-0.0922,-0.0917,0.0005
2059,1013.3,342.2,92.6282,92.6286,92.7201,-0.0919,-0.0914,0.0005
2060,1003.2,351.0,92.6228,92.6233,92.7148,-0.0919,-0.0915,0.0005
2061,1006.6,363.9,92.6175,92.6179,92.7094,-0.0919,-0.0914,0.0005
2062,999.5,342.1,92.6121,92.6126,92.7039,-0.0918,-0.0913,0.0005
2063,1000.3,353.2,92.6068,92.6072,92.6978,-0.0911,-0.0906,0.0005
2064,980.2,380.7,92.6014,92.6019,92.6922,-0.0908,-0.0903,0.0005
2065,997.3,358.0,92.5960,92.5965,92.6865,-0.0905,-0.0900,0.0005
2066,1001.2,343.7,92.5907,92.5911,92.6810,-0.0903,-0.0899,0.0005
2067,1000.5,343.0,92.5853,92.5857,92.6753,-0.0900,-0.0896,0.0005
2068,1000.3,326.3,92.5799,92.5804,92.6692,-0.0893,-0.0888,0.0005
2069,998.6,317.5,92.5745,92.5750,92.6635,-0.0890,-0.0885,0.0004
2070,996.3,309.0,92.5691,92.5696,92.6576,-0.0885,-0.0881,0.0004
2071,999.9,321.2,92.5638,92.5642,92.6518,-0.0881,-0.0876,0.0004
2072,1000.3,293.5,92.5584,92.5588,92.6458,-0.0874,-0.0870,0.0004
2073,1000.6,332.0,92.5530,92.5534,92.6403,-0.0873,-0.0869,0.0004
2074,999.1,284.9,92.5476,92.5480,92.6348,-0.0872,-0.0868,0.0004
2075,999.8,287.6,92.5422,92.5426,92.6291,-0.0870,-0.0866,0.0004
2076,1000.6,303.2,92.5367,92.5372,92.6232,-0.0865,-0.0860,0.0004
2077,999.3,315.5,92.5313,92.5318,92.6176,-0.0863,-0.0858,0.0004
2078,1061.1,369.0,92.5259,92.5263,92.6119,-0.0859,-0.0855,0.0004
2079,941.9,295.3,92.5205,92.5209,92.6062,-0.0857,-0.0853,0.0004
2080,997.4,303.3,92.5151,92.5155,92.6001,-0.0850,-0.0846,0.0004
2081,1016.8,351.3,92.5096,92.5101,92.5945,-0.0849,-0.0845,0.0004
2082,1001.0,325.6,92.5042,92.5046,92.5890,-0.0848,-0.0844,0.0004
2083,994.4,331.0,92.4988,92.4992,92.5835,-0.0847,-0.0843,0.0004
2084,996.9,312.5,92.4933,92.4937,92.5774,-0.0840,-0.0836,0.0004
2085,999.4,307.2,92.4879,92.4883,92.5716,-0.0838,-0.0833,0.0004
2086,999.5,308.4,92.4824,92.4828,92.5660,-0.0835,-0.0831,0.0004
2087,998.1,306.8,92.4770,92.4774,92.5604,-0.0834,-0.0830,0.0004
2088,1000.0,314.7,92.4715,92.4719,92.5546,-0.0831,-0.0827,0.0004
2089,1000.7,375.7,92.4661,92.4665,92.5492,-0.0832,-0.0828,0.0004
2090,1000.7,390.8,92.4606,92.4610,92.5440,-0.0834,-0.0830,0.0004
2091,993.5,325.0,92.4551,92.4555,92.5388,-0.0837,-0.0833,0.0004
2092,999.7,329.7,92.4496,92.4500,92.5332,-0.0836,-0.0832,0.0004
2093,1014.8,378.8,92.4442,92.4446,92.5280,-0.0838,-0.0834,0.0004
2094,994.4,346.9,92.4387,92.4391,92.5230,-0.0843,-0.0839,0.0004
2095,1000.2,297.9,92.4332,92.4336,92.5182,-0.0850,-0.0846,0.0004
2096,998.1,335.4,92.4277,92.4281,92.5133,-0.0856,-0.0852,0.0004
2097,1001.2,318.7,92.4222,92.4226,92.5089,-0.0867,-0.0863,0.0004
2098,1000.2,318.1,92.4167,92.4171,92.5045,-0.0878,-0.0874,0.0004
2099,1000.1,319.8,92.4112,92.4116,92.5000,-0.0888,-0.0884,0.0004
2100,999.6,317.0,92.4057,92.4061,92.4951,-0.0894,-0.0890,0.0004
2101,1001.0,340.7,92.4002,92.4006,92.4905,-0.0903,-0.0899,0.0004
2102,999.5,326.5,92.3947,92.3951,92.4857,-0.0910,-0.0907,0.0004
2103,1000.2,328.6,92.3892,92.3896,92.4809,-0.0918,-0.0914,0.0004
2104,1000.9,338.0,92.3837,92.3840,92.4761,-0.0925,-0.0921,0.0004
2105,998.9,337.1,92.3781,92.3785,92.4709,-0.0928,-0.0924,0.0004
2106,1000.3,334.4,92.3726,92.3730,92.4659,-0.0933,-0.0929,0.0004
2107,1050.2,628.5,92.3671,92.3675,92.4548,-0.0878,-0.0874,0.0004
2108,955.2,367.7,92.3615,92.3619,92.4548,-0.0933,-0.0929,0.0004
2109,991.3,398.9,92.3560,92.3564,92.4494,-0.0934,-0.0930,0.0004
2110,1003.6,340.0,92.3505,92.3508,92.4437,-0.0932,-0.0929,0.0004
2111,998.0,373.9,92.3449,92.3453,92.4380,-0.0931,-0.0928,0.0004
2112,1003.6,387.5,92.3394,92.3397,92.4324,-0.0930,-0.0926,0.0004
2113,996.4,405.6,92.3338,92.3342,92.4261,-0.0923,-0.0919,0.0004
2114,999.9,411.7,92.3283,92.3286,92.4203,-0.0920,-0.0916,0.0004
2115,1282.9,574.4,92.3227,92.3231,92.4078,-0.0851,-0.0847,0.0004
2116,717.8,346.2,92.3171,92.3175,92.4078,-0.0907,-0.0903,0.0004
2117,1001.2,377.3,92.3116,92.3119,92.4018,-0.0902,-0.0899,0.0004
2118,1000.9,353.9,92.3060,92.3064,92.3959,-0.0899,-0.0895,0.0004
2119,998.2,325.0,92.3004,92.3008,92.3900,-0.0896,-0.0892,0.0004
2120,961.2,292.2,92.2948,92.2952,92.3839,-0.0890,-0.0887,0.0004
2121,1005.5,312.1,92.2893,92.2896,92.3783,-0.0890,-0.0886,0.0003
2122,999.7,297.7,92.2837,92.2840,92.3726,-0.0889,-0.0886,0.0003
2123,1011.0,410.5,92.2781,92.2784,92.3666,-0.0886,-0.0882,0.0003
2124,1033.5,776.3,92.2725,92.2728,92.3602,-0.0877,-0.0873,0.0003
2125,991.3,315.1,92.2669,92.2672,92.3541,-0.0872,-0.0869,0.0003
2126,997.4,376.1,92.2613,92.2616,92.3481,-0.0868,-0.0864,0.0003
2127,1005.6,346.6,92.2557,92.2560,92.3420,-0.0863,-0.0860,0.0003
2128,996.2,333.6,92.2501,92.2504,92.3347,-0.0846,-0.0843,0.0003
2129,1003.5,348.1,92.2445,92.2448,92.3287,-0.0842,-0.0839,0.0003
2130,1003.5,313.9,92.2389,92.2392,92.3226,-0.0837,-0.0834,0.0003
2131,1014.3,346.9,92.2332,92.2336,92.3165,-0.0833,-0.0829,0.0003
2132,992.9,348.3,92.2276,92.2280,92.3101,-0.0825,-0.0822,0.0003
2133,1003.0,362.3,92.2220,92.2223,92.3045,-0.0825,-0.0821,0.0003
2134,986.6,355.8,92.2164,92.2167,92.2991,-0.0827,-0.0824,0.0003
2135,993.6,334.5,92.2107,92.2111,92.2934,-0.0826,-0.0823,0.0003
2136,998.8,330.4,92.2051,92.2054,92.2883,-0.0832,-0.0828,0.0003
2137,1000.3,319.7,92.1995,92.1998,92.2830,-0.0836,-0.0832,0.0003
2138,1000.7,335.4,92.1938,92.1941,92.2778,-0.0840,-0.0837,0.0003
2139,999.6,382.0,92.1882,92.1885,92.2727,-0.0846,-0.0842,0.0003
2140,1001.6,401.5,92.1825,92.1828,92.2675,-0.0850,-0.0847,0.0003
2141,999.7,344.3,92.1769,92.1772,92.2629,-0.0860,-0.0857,0.0003
2142,1025.4,333.9,92.1712,92.1715,92.2584,-0.0872,-0.0869,0.0003
2143,973.3,344.8,92.1656,92.1659,92.2540,-0.0885,-0.0882,0.0003
2144,1003.2,353.5,92.1599,92.1602,92.2491,-0.0892,-0.0889,0.0003
2145,998.5,329.2,92.1542,92.1545,92.2491,-0.0948,-0.0945,0.0003
2146,1003.9,358.7,92.1486,92.1489,92.2444,-0.0958,-0.0955,0.0003
2147,1022.1,397.5,92.1429,92.1432,92.2395,-0.0966,-0.0963,0.0003
2148,945.4,332.1,92.1372,92.1375,92.2346,-0.0974,-0.0971,0.0003
2149,1013.7,393.8,92.1315,92.1318,92.2293,-0.0978,-0.0975,0.0003
2150,1016.0,365.2,92.1258,92.1261,92.2243,-0.0985,-0.0982,0.0003
2151,1000.1,380.5,92.1202,92.1205,92.2193,-0.0991,-0.0988,0.0003
2152,997.1,371.1,92.1145,92.1148,92.2138,-0.0993,-0.0990,0.0003
2153,999.7,374.2,92.1088,92.1091,92.2086,-0.0999,-0.0996,0.0003
2154,999.9,366.1,92.1031,92.1034,92.2033,-0.1003,-0.1000,0.0003
2155,999.9,363.2,92.0974,92.0977,92.1981,-0.1007,-0.1004,0.0003
2156,999.7,376.0,92.0917,92.0920,92.1922,-0.1005,-0.1002,0.0003
2157,1000.4,357.0,92.0860,92.0863,92.1866,-0.1006,-0.1004,0.0003
2158,999.8,326.9,92.0803,92.0805,92.1811,-0.1008,-0.1005,0.0003
2159,1029.6,311.7,92.0745,92.0748,92.1754,-0.1009,-0.1006,0.0003
2160,964.5,300.1,92.0688,92.0691,92.1693,-0.1005,-0.1002,0.0003
2161,964.7,495.3,92.0631,92.0634,92.1634,-0.1003,-0.1000,0.0003
2162,1035.9,357.0,92.0574,92.0577,92.1573,-0.1000,-0.0997,0.0003
2163,1016.1,413.8,92.0517,92.0519,92.1512,-0.0996,-0.0993,0.0003
2164,991.3,387.7,92.0459,92.0462,92.1448,-0.0989,-0.0986,0.0003
2165,1018.2,411.5,92.0402,92.0405,92.1389,-0.0987,-0.0984,0.0003
2166,1001.5,411.6,92.0345,92.0347,92.1329,-0.0984,-0.0981,0.0003
2167,1112.3,689.0,92.0287,92.0290,92.1204,-0.0917,-0.0914,0.0003
2168,872.1,324.3,92.0230,92.0232,92.1204,-0.0974,-0.0971,0.0003
2169,1000.6,342.9,92.0172,92.0175,92.1141,-0.0968,-0.0966,0.0003
2170,998.2,311.3,92.0115,92.0117,92.1076,-0.0961,-0.0959,0.0003
2171,997.4,316.9,92.0057,92.0060,92.1013,-0.0956,-0.0953,0.0003
2172,999.6,299.9,92.0000,92.0002,92.0946,-0.0946,-0.0944,0.0003
2173,997.7,318.4,91.9942,91.9945,92.0884,-0.0942,-0.0940,0.0003
2174,1001.8,320.6,91.9885,91.9887,92.0822,-0.0938,-0.0935,0.0003
2175,999.0,306.6,91.9827,91.9829,92.0759,-0.0932,-0.0929,0.0003
2176,1322.2,589.6,91.9769,91.9772,92.0623,-0.0854,-0.0851,0.0003
2177,681.8,315.5,91.9711,91.9714,92.0623,-0.0911,-0.0909,0.0003
2178,1000.2,318.4,91.9654,91.9656,92.0558,-0.0905,-0.0902,0.0003
2179,997.9,328.6,91.9596,91.9598,92.0494,-0.0898,-0.0895,0.0003
2180,999.4,311.9,91.9538,91.9541,92.0425,-0.0887,-0.0885,0.0003
2181,1314.7,593.5,91.9480,91.9483,92.0304,-0.0824,-0.0822,0.0002
2182,683.8,310.4,91.9422,91.9425,92.0304,-0.0882,-0.0880,0.0002
2183,993.9,320.4,91.9365,91.9367,92.0244,-0.0879,-0.0877,0.0002
2184,1006.7,315.7,91.9307,91.9309,92.0181,-0.0875,-0.0872,0.0002
2185,1001.2,345.8,91.9249,91.9251,92.0125,-0.0876,-0.0874,0.0002
2186,997.5,336.0,91.9191,91.9193,92.0070,-0.0879,-0.0876,0.0002
2187,1008.6,385.9,91.9133,91.9135,92.0018,-0.0886,-0.0883,0.0002
2188,992.1,406.0,91.9075,91.9077,91.9963,-0.0889,-0.0886,0.0002
2189,1009.0,502.4,91.9017,91.9019,91.9910,-0.0893,-0.0891,0.0002
2190,998.7,599.5,91.8958,91.8961,91.9856,-0.0898,-0.0895,0.0002
2191,1000.8,393.9,91.8900,91.8903,91.9800,-0.0900,-0.0898,0.0002
2192,1019.5,414.5,91.8842,91.8844,91.9741,-0.0899,-0.0896,0.0002
2193,1536.2,459.2,91.8784,91.8786,91.9630,-0.0846,-0.0844,0.0002
2194,466.2,371.7,91.8726,91.8728,91.9630,-0.0905,-0.0902,0.0002
2195,970.6,401.9,91.8667,91.8670,91.9575,-0.0908,-0.0905,0.0002
2196,999.8,367.4,91.8609,91.8611,91.9515,-0.0906,-0.0904,0.0002
2197,1070.9,388.0,91.8551,91.8553,91.9461,-0.0910,-0.0908,0.0002
2198,927.7,324.2,91.8492,91.8495,91.9405,-0.0913,-0.0910,0.0002
2199,1003.7,327.2,91.8434,91.8436,91.9351,-0.0917,-0.0915,0.0002
2200,998.6,305.9,91.8376,91.8378,91.9294,-0.0918,-0.0916,0.0002
2201,998.7,315.5,91.8317,91.8319,91.9239,-0.0922,-0.0919,0.0002
2202,1002.4,349.0,91.8259,91.8261,91.9184,-0.0925,-0.0923,0.0002
2203,1003.1,355.4,91.8200,91.8202,91.9129,-0.0928,-0.0926,0.0002
2204,997.8,323.8,91.8142,91.8144,91.9070,-0.0928,-0.0926,0.0002
2205,1001.3,326.7,91.8083,91.8085,91.9015,-0.0932,-0.0930,0.0002
2206,996.6,337.1,91.8025,91.8027,91.8960,-0.0935,-0.0933,0.0002
2207,999.9,295.1,91.7966,91.7968,91.8907,-0.0941,-0.0939,0.0002
2208,1005.0,318.8,91.7907,91.7910,91.8851,-0.0943,-0.0941,0.0002
2209,994.1,297.0,91.7849,91.7851,91.8800,-0.0951,-0.0949,0.0002
2210,999.7,279.8,91.7790,91.7792,91.8747,-0.0957,-0.0955,0.0002
2211,999.5,317.3,91.7731,91.7733,91.8692,-0.0960,-0.0958,0.0002
2212,1003.7,309.2,91.7673,91.7675,91.8630,-0.0957,-0.0955,0.0002
2213,1011.4,353.8,91.7614,91.7616,91.8570,-0.0956,-0.0954,0.0002
2214,999.9,396.7,91.7555,91.7557,91.8511,-0.0956,-0.0954,0.0002
2215,1008.3,416.2,91.7496,91.7498,91.8452,-0.0956,-0.0954,0.0002
2216,979.9,369.1,91.7437,91.7439,91.8390,-0.0953,-0.0951,0.0002
2217,1002.0,340.6,91.7378,91.7380,91.8331,-0.0952,-0.0950,0.0002
2218,997.7,645.8,91.7320,91.7321,91.8271,-0.0951,-0.0949,0.0002
2219,1009.4,346.9,91.7261,91.7263,91.8209,-0.0948,-0.0946,0.0002
2220,1006.2,350.3,91.7202,91.7204,91.8141,-0.0940,-0.0938,0.0002
2221,982.8,397.2,91.7143,91.7145,91.8078,-0.0936,-0.0934,0.0002
2222,999.8,361.7,91.7084,91.7086,91.8016,-0.0933,-0.0931,0.0002
2223,1443.8,467.2,91.7025,91.7026,91.7893,-0.0868,-0.0866,0.0002
2224,554.4,320.7,91.6965,91.6967,91.7893,-0.0927,-0.0925,0.0002
2225,1000.2,308.9,91.6906,91.6908,91.7832,-0.0926,-0.0924,0.0002
2226,1003.9,378.6,91.6847,91.6849,91.7771,-0.0923,-0.0921,0.0002
2227,999.8,334.9,91.6788,91.6790,91.7710,-0.0921,-0.0920,0.0002
2228,999.4,372.2,91.6729,91.6731,91.7646,-0.0917,-0.0915,0.0002
2229,1003.6,340.5,91.6670,91.6671,91.7589,-0.0919,-0.0917,0.0002
2230,994.1,308.2,91.6610,91.6612,91.7532,-0.0922,-0.0920,0.0002
2231,1006.1,321.1,91.6551,91.6553,91.7477,-0.0926,-0.0924,0.0002
2232,996.7,404.4,91.6492,91.6494,91.7415,-0.0923,-0.0921,0.0002
2233,1000.0,333.0,91.6433,91.6434,91.7356,-0.0924,-0.0922,0.0002
2234,997.9,309.4,91.6373,91.6375,91.7299,-0.0925,-0.0924,0.0002
2235,1001.5,322.8,91.6314,91.6316,91.7240,-0.0926,-0.0924,0.0002
2236,984.8,327.3,91.6254,91.6256,91.7177,-0.0922,-0.0921,0.0002
2237,1003.4,319.1,91.6195,91.6197,91.7119,-0.0924,-0.0922,0.0002
2238,998.8,341.4,91.6136,91.6137,91.7063,-0.0927,-0.0925,0.0002
2239,1000.9,605.0,91.6076,91.6078,91.7004,-0.0928,-0.0926,0.0002
2240,1011.4,390.7,91.6017,91.6018,91.6941,-0.0924,-0.0923,0.0002
2241,988.3,357.6,91.5957,91.5959,91.6884,-0.0927,-0.0925,0.0002
2242,1000.4,344.0,91.5898,91.5899,91.6826,-0.0928,-0.0927,0.0002
2243,1003.1,377.8,91.5838,91.5840,91.6769,-0.0931,-0.0929,0.0002
2244,993.6,431.0,91.5778,91.5780,91.6709,-0.0931,-0.0929,0.0002
2245,1006.8,319.4,91.5719,91.5720,91.6654,-0.0935,-0.0933,0.0002
2246,996.0,298.3,91.5659,91.5661,91.6596,-0.0937,-0.0935,0.0002
2247,1001.8,308.8,91.5599,91.5601,91.6539,-0.0939,-0.0938,0.0002
2248,1000.1,301.9,91.5540,91.5541,91.6477,-0.0937,-0.0935,0.0002
2249,1011.4,310.4,91.5480,91.5482,91.6421,-0.0941,-0.0939,0.0002
2250,987.8,339.2,91.5420,91.5422,91.6369,-0.0948,-0.0947,0.0002
2251,998.7,343.0,91.5361,91.5362,91.6318,-0.0957,-0.0956,0.0002
2252,1001.0,294.3,91.5301,91.5302,91.6263,-0.0962,-0.0961,0.0002
2253,1009.0,348.9,91.5241,91.5242,91.6211,-0.0970,-0.0969,0.0001
2254,1002.0,357.6,91.5181,91.5183,91.6159,-0.0978,-0.0977,0.0001
2255,1002.8,374.2,91.5121,91.5123,91.6106,-0.0985,-0.0983,0.0001
2256,986.0,368.5,91.5061,91.5063,91.6048,-0.0986,-0.0985,0.0001
2257,1013.7,324.5,91.5001,91.5003,91.5991,-0.0989,-0.0988,0.0001
2258,1000.8,339.7,91.4942,91.4943,91.5934,-0.0992,-0.0991,0.0001
2259,996.0,319.7,91.4882,91.4883,91.5877,-0.0995,-0.0994,0.0001
2260,1020.7,338.8,91.4822,91.4823,91.5820,-0.0998,-0.0997,0.0001
2261,979.8,360.6,91.4762,91.4763,91.5758,-0.0996,-0.0995,0.0001
2262,999.3,319.9,91.4702,91.4703,91.5698,-0.0996,-0.0995,0.0001
2263,999.7,312.7,91.4641,91.4643,91.5635,-0.0994,-0.0992,0.0001
2264,1001.1,378.0,91.4581,91.4583,91.5570,-0.0989,-0.0987,0.0001
2265,1009.3,416.2,91.4521,91.4523,91.5499,-0.0978,-0.0977,0.0001
2266,991.1,376.3,91.4461,91.4463,91.5435,-0.0974,-0.0973,0.0001
2267,999.2,359.6,91.4401,91.4402,91.5373,-0.0972,-0.0970,0.0001
2268,1002.8,351.8,91.4341,91.4342,91.5311,-0.0970,-0.0968,0.0001
2269,997.2,344.6,91.4281,91.4282,91.5244,-0.0963,-0.0962,0.0001
2270,996.4,321.1,91.4220,91.4222,91.5180,-0.0959,-0.0958,0.0001
2271,1001.0,319.9,91.4160,91.4161,91.5116,-0.0955,-0.0954,0.0001
2272,1003.7,318.8,91.4100,91.4101,91.5053,-0.0953,-0.0952,0.0001
2273,1000.1,327.7,91.4040,91.4041,91.4989,-0.0949,-0.0948,0.0001
2274,999.6,311.6,91.3979,91.3981,91.4931,-0.0952,-0.0951,0.0001
2275,999.0,302.7,91.3919,91.3920,91.4874,-0.0955,-0.0953,0.0001
2276,1017.3,465.7,91.3859,91.3860,91.4814,-0.0955,-0.0954,0.0001
2277,1014.6,654.6,91.3798,91.3800,91.4747,-0.0949,-0.0948,0.0001
2278,970.2,344.3,91.3738,91.3739,91.4685,-0.0947,-0.0946,0.0001
2279,1012.1,336.6,91.3678,91.3679,91.4623,-0.0945,-0.0944,0.0001
2280,977.6,316.5,91.3617,91.3618,91.4561,-0.0944,-0.0942,0.0001
2281,1012.0,385.3,91.3557,91.3558,91.4494,-0.0937,-0.0936,0.0001
2282,1013.8,365.0,91.3496,91.3497,91.4430,-0.0934,-0.0933,0.0001
2283,983.1,349.4,91.3436,91.3437,91.4366,-0.0930,-0.0929,0.0001
2284,1002.4,363.9,91.3375,91.3376,91.4300,-0.0925,-0.0924,0.0001
2285,1015.2,380.6,91.3315,91.3316,91.4230,-0.0916,-0.0915,0.0001
2286,986.4,366.2,91.3254,91.3255,91.4168,-0.0914,-0.0913,0.0001
2287,975.9,319.0,91.3193,91.3195,91.4107,-0.0914,-0.0913,0.0001
2288,1000.6,344.3,91.3133,91.3134,91.4047,-0.0914,-0.0913,0.0001
2289,1032.9,373.0,91.3072,91.3073,91.3982,-0.0910,-0.0909,0.0001
2290,991.2,406.1,91.3012,91.3013,91.3921,-0.0910,-0.0909,0.0001
2291,995.3,348.9,91.2951,91.2952,91.3860,-0.0909,-0.0908,0.0001
2292,1000.0,341.7,91.2890,91.2891,91.3800,-0.0910,-0.0909,0.0001
2293,1001.7,499.0,91.2829,91.2831,91.3739,-0.0910,-0.0909,0.0001
2294,986.3,361.7,91.2769,91.2770,91.3685,-0.0916,-0.0915,0.0001
2295,1012.5,331.4,91.2708,91.2709,91.3631,-0.0923,-0.0922,0.0001
2296,1006.9,357.8,91.2647,91.2648,91.3577,-0.0930,-0.0929,0.0001
2297,994.7,341.4,91.2586,91.2587,91.3507,-0.0921,-0.0920,0.0001
2298,998.6,342.0,91.2526,91.2527,91.3449,-0.0924,-0.0923,0.0001
2299,1000.7,323.4,91.2465,91.2466,91.3393,-0.0928,-0.0927,0.0001
2300,998.3,312.8,91.2404,91.2405,91.3334,-0.0930,-0.0929,0.0001
2301,1014.2,357.9,91.2343,91.2344,91.3280,-0.0937,-0.0936,0.0001
2302,985.9,324.4,91.2282,91.2283,91.3226,-0.0944,-0.0943,0.0001
2303,999.4,341.1,91.2221,91.2222,91.3170,-0.0949,-0.0948,0.0001
2304,1007.0,340.8,91.2160,91.2161,91.3110,-0.0949,-0.0948,0.0001
2305,999.7,325.0,91.2099,91.2100,91.3053,-0.0954,-0.0953,0.0001
2306,959.3,341.3,91.2038,91.2039,91.2996,-0.0958,-0.0957,0.0001
2307,1024.5,320.4,91.1977,91.1978,91.2939,-0.0962,-0.0961,0.0001
2308,1008.6,344.9,91.1916,91.1917,91.2881,-0.0964,-0.0963,0.0001
2309,998.6,322.7,91.1855,91.1856,91.2820,-0.0964,-0.0963,0.0001
2310,1003.7,330.2,91.1794,91.1795,91.2763,-0.0969,-0.0968,0.0001
2311,1042.0,325.0,91.1733,91.1734,91.2705,-0.0971,-0.0971,0.0001
2312,948.2,313.7,91.1672,91.1673,91.2646,-0.0974,-0.0973,0.0001
2313,1009.8,322.5,91.1611,91.1612,91.2582,-0.0970,-0.0969,0.0001
2314,998.9,410.0,91.1550,91.1551,91.2582,-0.1031,-0.1031,0.0001
2315,999.6,365.8,91.1489,91.1490,91.2523,-0.1034,-0.1033,0.0001
2316,1000.7,391.3,91.1428,91.1429,91.2465,-0.1037,-0.1036,0.0001
2317,999.5,348.3,91.1367,91.1367,91.2403,-0.1036,-0.1035,0.0001
2318,999.6,339.5,91.1305,91.1306,91.2345,-0.1040,-0.1039,0.0001
2319,1001.1,315.4,91.1244,91.1245,91.2286,-0.1041,-0.1041,0.0001
2320,989.5,294.8,91.1183,91.1184,91.2221,-0.1038,-0.1037,0.0001
2321,999.0,343.6,91.1122,91.1123,91.2158,-0.1036,-0.1035,0.0001
2322,1009.4,350.5,91.1061,91.1061,91.2095,-0.1035,-0.1034,0.0001
2323,1003.7,351.7,91.0999,91.1000,91.2034,-0.1035,-0.1034,0.0001
2324,998.1,370.1,91.0938,91.0939,91.1969,-0.1031,-0.1030,0.0001
2325,1001.0,418.6,91.0877,91.0877,91.1907,-0.1031,-0.1030,0.0001
2326,1006.4,473.6,91.0815,91.0816,91.1845,-0.1030,-0.1029,0.0001
2327,956.7,341.4,91.0754,91.0755,91.1782,-0.1028,-0.1027,0.0001
2328,1037.0,330.0,91.0693,91.0693,91.1712,-0.1020,-0.1019,0.0001
2329,997.3,345.6,91.0631,91.0632,91.1646,-0.1015,-0.1014,0.0001
2330,1014.4,338.2,91.0570,91.0571,91.1579,-0.1009,-0.1009,0.0001
2331,989.7,324.2,91.0508,91.0509,91.1513,-0.1005,-0.1004,0.0001
2332,997.9,338.8,91.0447,91.0448,91.1443,-0.0996,-0.0995,0.0001
2333,1007.0,365.8,91.0386,91.0386,91.1376,-0.0990,-0.0990,0.0001
2334,993.1,371.1,91.0324,91.0325,91.1309,-0.0985,-0.0984,0.0001
2335,1001.2,361.6,91.0263,91.0263,91.1243,-0.0981,-0.0980,0.0001
2336,978.7,350.2,91.0201,91.0202,91.1174,-0.0973,-0.0972,0.0001
2337,1026.8,350.3,91.0140,91.0140,91.1112,-0.0972,-0.0971,0.0001
2338,995.6,337.5,91.0078,91.0079,91.1052,-0.0973,-0.0973,0.0001
2339,999.9,363.3,91.0017,91.0017,91.0992,-0.0975,-0.0974,0.0001
2340,1006.0,374.4,90.9955,90.9956,91.0924,-0.0969,-0.0968,0.0001
2341,993.5,406.4,90.9893,90.9894,91.0861,-0.0967,-0.0967,0.0001
2342,1008.3,371.1,90.9832,90.9832,91.0797,-0.0965,-0.0964,0.0001
2343,988.1,310.2,90.9770,90.9771,91.0735,-0.0965,-0.0964,0.0001
2344,990.7,276.8,90.9709,90.9709,91.0669,-0.0961,-0.0960,0.0001
2345,999.8,302.9,90.9647,90.9648,91.0609,-0.0962,-0.0961,0.0001
2346,999.6,281.2,90.9585,90.9586,91.0548,-0.0963,-0.0962,0.0001
2347,1033.5,351.5,90.9524,90.9524,91.0486,-0.0962,-0.0962,0.0001
2348,980.0,324.0,90.9462,90.9463,91.0418,-0.0956,-0.0955,0.0001
2349,987.1,273.1,90.9400,90.9401,91.0354,-0.0954,-0.0954,0.0001
2350,999.9,268.2,90.9339,90.9339,91.0293,-0.0954,-0.0954,0.0001
2351,1019.7,506.3,90.9277,90.9277,91.0231,-0.0954,-0.0954,0.0001
2352,997.9,321.0,90.9215,90.9216,91.0167,-0.0952,-0.0951,0.0001
2353,993.3,316.3,90.9153,90.9154,91.0110,-0.0956,-0.0956,0.0001
2354,1005.5,328.5,90.9092,90.9092,91.0052,-0.0961,-0.0960,0.0001
2355,996.9,295.6,90.9030,90.9030,90.9994,-0.0964,-0.0963,0.0001
2356,995.5,340.4,90.8968,90.8968,90.9931,-0.0963,-0.0962,0.0001
2357,1016.1,347.6,90.8906,90.8907,90.9874,-0.0968,-0.0967,0.0001
2358,994.5,344.8,90.8844,90.8845,90.9817,-0.0973,-0.0972,0.0000
2359,992.3,339.7,90.8782,90.8783,90.9762,-0.0979,-0.0979,0.0000
2360,997.8,316.3,90.8721,90.8721,90.9702,-0.0981,-0.0981,0.0000
2361,1000.2,321.4,90.8659,90.8659,90.9645,-0.0987,-0.0986,0.0000
2362,999.7,335.7,90.8597,90.8597,90.9588,-0.0991,-0.0991,0.0000
2363,1009.9,357.5,90.8535,90.8535,90.9529,-0.0994,-0.0994,0.0000
2364,998.9,373.4,90.8473,90.8474,90.9464,-0.0991,-0.0991,0.0000
2365,992.6,384.2,90.8411,90.8412,90.9403,-0.0992,-0.0991,0.0000
2366,1013.3,339.7,90.8349,90.8350,90.9341,-0.0992,-0.0992,0.0000
2367,991.6,348.6,90.8287,90.8288,90.9281,-0.0993,-0.0993,0.0000
2368,982.4,320.0,90.8225,90.8226,90.9215,-0.0989,-0.0989,0.0000
2369,1003.7,287.0,90.8163,90.8164,90.9151,-0.0988,-0.0987,0.0000
2370,1002.4,277.6,90.8101,90.8102,90.9086,-0.0985,-0.0984,0.0000
2371,1000.4,600.8,90.8039,90.8040,90.9021,-0.0982,-0.0981,0.0000
2372,998.4,325.6,90.7977,90.7978,90.8953,-0.0975,-0.0975,0.0000
2373,1028.5,364.2,90.7915,90.7916,90.8890,-0.0975,-0.0974,0.0000
2374,980.3,337.2,90.7853,90.7854,90.8825,-0.0972,-0.0971,0.0000
2375,1001.2,336.7,90.7791,90.7792,90.8755,-0.0964,-0.0963,0.0000
2376,996.5,363.4,90.7729,90.7730,90.8690,-0.0961,-0.0960,0.0000
2377,1000.0,366.2,90.7667,90.7667,90.8624,-0.0957,-0.0957,0.0000
2378,1001.8,374.0,90.7605,90.7605,90.8560,-0.0955,-0.0954,0.0000
2379,1021.7,361.3,90.7543,90.7543,90.8491,-0.0948,-0.0948,0.0000
2380,978.9,318.6,90.7481,90.7481,90.8428,-0.0948,-0.0947,0.0000
2381,999.6,329.2,90.7419,90.7419,90.8366,-0.0947,-0.0947,0.0000
2382,972.2,386.3,90.7357,90.7357,90.8303,-0.0947,-0.0947,0.0000
2383,1038.0,375.2,90.7294,90.7295,90.8239,-0.0944,-0.0944,0.0000
2384,1005.7,342.3,90.7232,90.7233,90.8168,-0.0936,-0.0936,0.0000
2385,988.3,314.7,90.7170,90.7170,90.8103,-0.0933,-0.0932,0.0000
2386,999.4,329.3,90.7108,90.7108,90.8040,-0.0932,-0.0931,0.0000
2387,983.5,403.3,90.7046,90.7046,90.7974,-0.0929,-0.0928,0.0000
2388,1021.5,396.6,90.6983,90.6984,90.7913,-0.0930,-0.0929,0.0000
2389,990.5,411.9,90.6921,90.6922,90.7852,-0.0930,-0.0930,0.0000
2390,1000.4,409.1,90.6859,90.6859,90.7788,-0.0929,-0.0928,0.0000
2391,999.0,392.3,90.6797,90.6797,90.7720,-0.0923,-0.0923,0.0000
2392,1003.6,668.1,90.6735,90.6735,90.7659,-0.0924,-0.0924,0.0000
2393,1002.6,371.1,90.6672,90.6673,90.7600,-0.0927,-0.0927,0.0000
2394,996.7,359.8,90.6610,90.6610,90.7542,-0.0932,-0.0932,0.0000
2395,997.9,339.5,90.6548,90.6548,90.7479,-0.0932,-0.0931,0.0000
2396,998.0,328.3,90.6485,90.6486,90.7421,-0.0936,-0.0936,0.0000
2397,1001.3,315.4,90.6423,90.6423,90.7365,-0.0942,-0.0942,0.0000
2398,999.7,335.4,90.6361,90.6361,90.7310,-0.0950,-0.0949,0.0000
2399,1000.5,319.3,90.6298,90.6299,90.7251,-0.0953,-0.0953,0.0000
2400,1001.8,330.4,90.6236,90.6236,90.7200,-0.0964,-0.0963,0.0000
2401,1000.3,340.5,90.6174,90.6174,90.7151,-0.0977,-0.0977,0.0000
2402,998.4,315.8,90.6111,90.6112,90.7102,-0.0991,-0.0990,0.0000
2403,1000.8,345.0,90.6049,90.6049,90.7049,-0.1000,-0.0999,0.0000
2404,1008.3,348.6,90.5987,90.5987,90.6997,-0.1011,-0.1011,0.0000
2405,999.5,355.3,90.5924,90.5925,90.6945,-0.1020,-0.1020,0.0000
2406,994.8,364.2,90.5862,90.5862,90.6891,-0.1029,-0.1028,0.0000
2407,999.2,360.4,90.5800,90.5800,90.6836,-0.1037,-0.1036,0.0000
2408,1621.9,428.6,90.5737,90.5737,90.6721,-0.0983,-0.0983,0.0000
2409,437.8,709.2,90.5675,90.5675,90.6664,-0.0989,-0.0989,0.0000
2410,950.0,335.8,90.5612,90.5613,90.6664,-0.1052,-0.1051,0.0000
2411,953.3,386.8,90.5550,90.5550,90.6601,-0.1051,-0.1051,0.0000
2412,1035.3,334.8,90.5487,90.5488,90.6540,-0.1052,-0.1052,0.0000
2413,1007.0,349.9,90.5425,90.5425,90.6478,-0.1053,-0.1053,0.0000
2414,991.8,406.7,90.5363,90.5363,90.6417,-0.1054,-0.1054,0.0000
2415,1005.0,917.2,90.5300,90.5300,90.6349,-0.1049,-0.1049,0.0000
2416,992.2,580.0,90.5238,90.5238,90.6285,-0.1048,-0.1047,0.0000
2417,1006.5,402.5,90.5175,90.5175,90.6220,-0.1045,-0.1045,0.0000
2418,1001.1,395.7,90.5113,90.5113,90.6153,-0.1041,-0.1040,0.0000
2419,996.8,346.0,90.5050,90.5050,90.6080,-0.1029,-0.1029,0.0000
2420,999.8,341.6,90.4988,90.4988,90.6011,-0.1023,-0.1023,0.0000
2421,1004.1,385.6,90.4925,90.4925,90.5944,-0.1019,-0.1019,0.0000
2422,995.2,357.5,90.4863,90.4863,90.5879,-0.1016,-0.1016,0.0000
2423,999.5,347.9,90.4800,90.4800,90.5810,-0.1010,-0.1010,0.0000
2424,999.4,359.0,90.4737,90.4738,90.5747,-0.1009,-0.1009,0.0000
2425,1000.1,342.1,90.4675,90.4675,90.5682,-0.1007,-0.1007,0.0000
2426,1002.5,358.3,90.4612,90.4612,90.5616,-0.1003,-0.1003,0.0000
2427,991.5,316.3,90.4550,90.4550,90.5542,-0.0992,-0.0992,0.0000
2428,996.4,307.8,90.4487,90.4487,90.5473,-0.0986,-0.0986,0.0000
2429,1013.7,448.6,90.4425,90.4425,90.5405,-0.0980,-0.0980,0.0000
2430,1000.5,334.2,90.4362,90.4362,90.5336,-0.0974,-0.0974,0.0000
2431,998.5,328.4,90.4299,90.4300,90.5264,-0.0964,-0.0964,0.0000
2432,997.2,308.8,90.4237,90.4237,90.5195,-0.0958,-0.0958,0.0000
2433,1001.1,335.5,90.4174,90.4174,90.5126,-0.0952,-0.0952,0.0000
2434,997.8,366.6,90.4112,90.4112,90.5058,-0.0946,-0.0946,0.0000
2435,1001.4,338.9,90.4049,90.4049,90.4984,-0.0935,-0.0935,0.0000
2436,988.6,334.5,90.3986,90.3986,90.4916,-0.0930,-0.0930,0.0000
2437,1002.8,331.6,90.3924,90.3924,90.4851,-0.0927,-0.0927,0.0000
2438,997.1,322.9,90.3861,90.3861,90.4787,-0.0926,-0.0925,0.0000
2439,1000.8,351.8,90.3798,90.3799,90.4717,-0.0919,-0.0919,0.0000
2440,999.4,362.2,90.3736,90.3736,90.4654,-0.0918,-0.0918,0.0000
2441,999.9,327.4,90.3673,90.3673,90.4592,-0.0919,-0.0919,0.0000
2442,1000.0,342.0,90.3611,90.3611,90.4534,-0.0923,-0.0923,0.0000
2443,1010.9,373.5,90.3548,90.3548,90.4473,-0.0925,-0.0925,0.0000
2444,1000.5,348.7,90.3485,90.3485,90.4418,-0.0933,-0.0932,0.0000
2445,1006.9,365.3,90.3422,90.3423,90.4360,-0.0938,-0.0938,0.0000
2446,1001.7,338.7,90.3360,90.3360,90.4303,-0.0943,-0.0943,0.0000
2447,991.1,322.3,90.3297,90.3297,90.4242,-0.0945,-0.0944,0.0000
2448,1002.1,354.4,90.3234,90.3234,90.4185,-0.0951,-0.0951,0.0000
2449,1000.6,382.0,90.3172,90.3172,90.4128,-0.0957,-0.0956,0.0000
2450,1015.2,345.2,90.3109,90.3109,90.4072,-0.0963,-0.0963,0.0000
2451,987.2,327.7,90.3046,90.3046,90.4012,-0.0965,-0.0965,0.0000
2452,995.2,343.2,90.2984,90.2984,90.3947,-0.0964,-0.0964,0.0000
2453,1016.7,797.3,90.2921,90.2921,90.3899,-0.0978,-0.0978,0.0000
2454,992.2,366.6,90.2858,90.2858,90.3832,-0.0974,-0.0974,0.0000
2455,996.5,334.0,90.2795,90.2795,90.3769,-0.0973,-0.0973,0.0000
2456,995.0,329.8,90.2733,90.2733,90.3710,-0.0977,-0.0977,0.0000
2457,1000.1,317.4,90.2670,90.2670,90.3651,-0.0981,-0.0981,0.0000
2458,998.7,319.6,90.2607,90.2607,90.3593,-0.0986,-0.0986,0.0000
2459,1000.2,310.0,90.2544,90.2544,90.3528,-0.0983,-0.0983,0.0000
2460,1000.3,309.5,90.2482,90.2482,90.3464,-0.0983,-0.0983,0.0000
2461,1002.1,315.9,90.2419,90.2419,90.3401,-0.0982,-0.0982,0.0000
2462,999.5,296.7,90.2356,90.2356,90.3337,-0.0981,-0.0981,0.0000
2463,1000.6,347.8,90.2293,90.2293,90.3268,-0.0975,-0.0975,0.0000
2464,1001.1,352.6,90.2231,90.2231,90.3206,-0.0975,-0.0975,0.0000
2465,1002.3,381.8,90.2168,90.2168,90.3146,-0.0978,-0.0978,0.0000
2466,957.0,332.8,90.2105,90.2105,90.3085,-0.0980,-0.0980,0.0000
2467,1045.0,410.4,90.2042,90.2042,90.3018,-0.0976,-0.0976,0.0000
2468,999.5,356.0,90.1980,90.1980,90.2953,-0.0973,-0.0973,0.0000
2469,985.7,333.0,90.1917,90.1917,90.2886,-0.0969,-0.0969,0.0000
2470,997.5,300.0,90.1854,90.1854,90.2814,-0.0960,-0.0960,0.0000
2471,1026.1,361.8,90.1791,90.1791,90.2749,-0.0958,-0.0958,0.0000
2472,974.9,313.8,90.1728,90.1728,90.2749,-0.1021,-0.1021,0.0000
2473,999.4,298.4,90.1666,90.1666,90.2685,-0.1020,-0.1020,0.0000
2474,999.1,291.2,90.1603,90.1603,90.2622,-0.1019,-0.1019,0.0000
2475,999.4,305.4,90.1540,90.1540,90.2555,-0.1015,-0.1015,0.0000
2476,1022.6,375.6,90.1477,90.1477,90.2481,-0.1004,-0.1004,0.0000
2477,989.8,372.8,90.1414,90.1414,90.2409,-0.0994,-0.0994,0.0000
2478,999.0,359.6,90.1352,90.1352,90.2337,-0.0986,-0.0986,0.0000
2479,999.6,339.8,90.1289,90.1289,90.2269,-0.0980,-0.0980,0.0000
2480,998.8,335.1,90.1226,90.1226,90.2194,-0.0968,-0.0968,0.0000
2481,1003.7,354.0,90.1163,90.1163,90.2126,-0.0963,-0.0963,0.0000
2482,996.3,324.9,90.1100,90.1100,90.2059,-0.0959,-0.0959,0.0000
2483,1000.6,350.4,90.1038,90.1038,90.1994,-0.0957,-0.0957,0.0000
2484,1001.8,335.7,90.0975,90.0975,90.1926,-0.0952,-0.0952,0.0000
2485,1005.0,330.0,90.0912,90.0912,90.1866,-0.0954,-0.0954,0.0000
2486,991.9,340.2,90.0849,90.0849,90.1810,-0.0961,-0.0961,0.0000
2487,1018.3,360.6,90.0786,90.0786,90.1754,-0.0968,-0.0968,0.0000
2488,1048.7,452.9,90.0723,90.0723,90.1692,-0.0968,-0.0968,0.0000
2489,936.5,358.9,90.0661,90.0661,90.1632,-0.0972,-0.0972,0.0000
2490,991.4,343.7,90.0598,90.0598,90.1574,-0.0976,-0.0976,0.0000
2491,1010.7,347.5,90.0535,90.0535,90.1515,-0.0980,-0.0980,0.0000
2492,988.3,324.8,90.0472,90.0472,90.1451,-0.0979,-0.0979,0.0000
2493,1003.1,336.9,90.0409,90.0409,90.1393,-0.0983,-0.0983,0.0000
2494,996.5,366.7,90.0346,90.0346,90.1333,-0.0987,-0.0987,0.0000
2495,1000.4,341.1,90.0284,90.0284,90.1274,-0.0991,-0.0991,0.0000
2496,1003.5,310.1,90.0221,90.0221,90.1210,-0.0989,-0.0989,0.0000
2497,1009.5,390.8,90.0158,90.0158,90.1150,-0.0992,-0.0992,0.0000
2498,987.7,317.5,90.0095,90.0095,90.1090,-0.0995,-0.0995,0.0000
2499,996.0,326.4,90.0032,90.0032,90.1030,-0.0998,-0.0998,0.0000
2500,1002.6,281.8,89.9969,89.9969,90.0967,-0.0998,-0.0998,0.0000
2501,997.1,339.2,89.9907,89.9907,90.0910,-0.1003,-0.1003,0.0000
2502,1001.6,290.8,89.9844,89.9844,90.0850,-0.1006,-0.1006,0.0000
2503,998.5,316.8,89.9781,89.9781,90.0790,-0.1009,-0.1009,0.0000
2504,1002.5,336.5,89.9718,89.9718,90.0725,-0.1007,-0.1007,0.0000
2505,999.2,295.0,89.9655,89.9655,90.0667,-0.1012,-0.1012,0.0000
2506,1001.1,380.5,89.9592,89.9592,90.0609,-0.1017,-0.1017,0.0000
2507,1001.1,354.2,89.9530,89.9530,90.0552,-0.1022,-0.1022,0.0000
2508,1004.0,315.4,89.9467,89.9467,90.0489,-0.1023,-0.1023,0.0000
2509,969.8,298.5,89.9404,89.9404,90.0429,-0.1025,-0.1025,0.0000
2510,1024.3,288.8,89.9341,89.9341,90.0366,-0.1025,-0.1025,0.0000
2511,1000.7,297.9,89.9278,89.9278,90.0302,-0.1024,-0.1024,0.0000
2512,1001.8,278.0,89.9216,89.9216,90.0232,-0.1017,-0.1017,0.0000
2513,1029.1,318.4,89.9153,89.9153,90.0167,-0.1015,-0.1015,0.0000
2514,971.5,345.8,89.9090,89.9090,90.0102,-0.1013,-0.1013,0.0000
2515,999.6,347.6,89.9027,89.9027,90.0036,-0.1009,-0.1009,0.0000
2516,1001.4,316.5,89.8964,89.8964,89.9961,-0.0997,-0.0997,0.0000
2517,998.0,329.6,89.8901,89.8901,89.9890,-0.0989,-0.0989,0.0000
2518,996.7,319.5,89.8839,89.8839,89.9820,-0.0981,-0.0981,0.0000
2519,1001.1,394.2,89.8776,89.8776,89.9749,-0.0974,-0.0973,0.0000
2520,1011.4,308.9,89.8713,89.8713,89.9676,-0.0963,-0.0963,0.0000
2521,997.3,293.4,89.8650,89.8650,89.9608,-0.0957,-0.0957,0.0000
2522,998.5,322.5,89.8587,89.8587,89.9539,-0.0952,-0.0952,0.0000
2523,1002.0,303.6,89.8525,89.8525,89.9471,-0.0947,-0.0947,0.0000
2524,1002.2,312.2,89.8462,89.8462,89.9397,-0.0935,-0.0935,0.0000
2525,1008.2,373.9,89.8399,89.8399,89.9331,-0.0932,-0.0932,0.0000
2526,997.6,360.4,89.8336,89.8336,89.9266,-0.0930,-0.0930,0.0000
2527,1000.2,351.3,89.8273,89.8273,89.9203,-0.0929,-0.0929,0.0000
2528,992.5,351.7,89.8211,89.8211,89.9137,-0.0926,-0.0926,0.0000
2529,999.3,361.0,89.8148,89.8148,89.9074,-0.0927,-0.0927,0.0000
2530,963.8,327.6,89.8085,89.8085,89.9011,-0.0926,-0.0926,0.0000
2531,1025.7,348.4,89.8022,89.8022,89.8948,-0.0926,-0.0926,0.0000
2532,1000.6,325.6,89.7959,89.7959,89.8882,-0.0922,-0.0922,0.0000
2533,1002.0,303.4,89.7897,89.7897,89.8820,-0.0923,-0.0923,0.0000
2534,1093.1,356.0,89.7834,89.7834,89.8759,-0.0926,-0.0926,0.0000
2535,911.1,309.9,89.7771,89.7771,89.8699,-0.0928,-0.0928,0.0000
2536,997.5,344.1,89.7708,89.7708,89.8632,-0.0924,-0.0924,0.0000
2537,996.7,330.0,89.7646,89.7646,89.8571,-0.0925,-0.0925,0.0000
2538,1001.4,322.9,89.7583,89.7583,89.8509,-0.0926,-0.0926,0.0000
2539,999.5,355.2,89.7520,89.7520,89.8449,-0.0929,-0.0929,0.0000
2540,1001.0,358.7,89.7457,89.7457,89.8384,-0.0927,-0.0927,0.0000
2541,997.1,310.7,89.7395,89.7395,89.8325,-0.0931,-0.0930,0.0000
2542,1000.2,305.5,89.7332,89.7332,89.8265,-0.0933,-0.0933,0.0000
2543,1001.1,349.2,89.7269,89.7269,89.8205,-0.0936,-0.0936,0.0000
2544,999.7,300.3,89.7206,89.7206,89.8140,-0.0934,-0.0934,0.0000
2545,1008.7,323.2,89.7144,89.7144,89.8083,-0.0939,-0.0939,0.0000
2546,1002.6,359.5,89.7081,89.7081,89.8028,-0.0947,-0.0947,0.0000
2547,994.0,304.4,89.7018,89.7018,89.7975,-0.0957,-0.0957,0.0000
2548,996.0,299.3,89.6955,89.6955,89.7919,-0.0964,-0.0963,0.0000
2549,1001.6,314.2,89.6893,89.6893,89.7865,-0.0972,-0.0972,0.0000
2550,1018.4,382.7,89.6830,89.6830,89.7809,-0.0979,-0.0979,0.0000
2551,991.0,366.0,89.6767,89.6767,89.7752,-0.0984,-0.0984,0.0000
2552,996.7,320.0,89.6705,89.6705,89.7690,-0.0985,-0.0985,0.0000
2553,1000.0,350.4,89.6642,89.6642,89.7633,-0.0992,-0.0991,0.0000
2554,1002.0,366.1,89.6579,89.6579,89.7577,-0.0998,-0.0998,0.0000
2555,998.8,339.2,89.6516,89.6517,89.7521,-0.1005,-0.1005,0.0000
2556,1015.7,347.7,89.6454,89.6454,89.7459,-0.1005,-0.1005,0.0000
2557,984.6,333.1,89.6391,89.6391,89.7397,-0.1006,-0.1006,0.0000
2558,1006.5,371.2,89.6328,89.6329,89.7334,-0.1006,-0.1006,0.0000
2559,997.2,332.0,89.6266,89.6266,89.7271,-0.1005,-0.1005,0.0000
2560,1000.2,352.5,89.6203,89.6203,89.7201,-0.0998,-0.0998,0.0000
2561,997.4,374.7,89.6140,89.6141,89.7136,-0.0995,-0.0995,0.0000
2562,1015.9,352.1,89.6078,89.6078,89.7071,-0.0994,-0.0993,0.0000
2563,983.9,606.9,89.6015,89.6015,89.7008,-0.0993,-0.0993,0.0000
2564,1000.9,428.5,89.5953,89.5953,89.6940,-0.0987,-0.0987,0.0000
2565,996.4,436.8,89.5890,89.5890,89.6876,-0.0986,-0.0986,0.0000
2566,998.7,381.4,89.5827,89.5827,89.6813,-0.0985,-0.0985,0.0000
2567,1001.7,374.2,89.5765,89.5765,89.6751,-0.0987,-0.0987,0.0000
2568,1006.1,564.9,89.5702,89.5702,89.6688,-0.0986,-0.0986,0.0000
2569,1011.8,366.9,89.5640,89.5640,89.6629,-0.0990,-0.0990,0.0000
2570,994.2,382.5,89.5577,89.5577,89.6570,-0.0993,-0.0993,0.0000
2571,988.5,362.0,89.5514,89.5514,89.6508,-0.0994,-0.0994,0.0000
2572,999.8,359.1,89.5452,89.5452,89.6442,-0.0990,-0.0990,0.0000
2573,1000.5,385.8,89.5389,89.5389,89.6379,-0.0990,-0.0990,0.0000
2574,1000.3,341.4,89.5327,89.5327,89.6317,-0.0990,-0.0990,0.0000
2575,999.6,394.4,89.5264,89.5264,89.6253,-0.0989,-0.0989,0.0000
2576,999.2,386.5,89.5202,89.5202,89.6184,-0.0983,-0.0982,0.0000
2577,999.8,335.9,89.5139,89.5139,89.6119,-0.0980,-0.0979,0.0000
2578,1000.2,334.2,89.5076,89.5077,89.6053,-0.0977,-0.0977,0.0000
2579,999.6,348.9,89.5014,89.5014,89.5986,-0.0972,-0.0972,0.0000
2580,1008.9,332.5,89.4951,89.4952,89.5915,-0.0964,-0.0964,0.0000
2581,1006.5,342.6,89.4889,89.4889,89.5850,-0.0962,-0.0961,0.0000
2582,987.3,307.6,89.4826,89.4827,89.5786,-0.0960,-0.0960,0.0000
2583,998.3,348.4,89.4764,89.4764,89.5720,-0.0956,-0.0956,0.0000
2584,1014.1,376.7,89.4701,89.4702,89.5649,-0.0948,-0.0948,0.0000
2585,990.8,340.4,89.4639,89.4639,89.5584,-0.0946,-0.0945,0.0000
2586,993.7,320.9,89.4576,89.4577,89.5522,-0.0946,-0.0946,0.0000
2587,1001.2,356.2,89.4514,89.4514,89.5462,-0.0948,-0.0948,0.0000
2588,1036.1,530.0,89.4452,89.4452,89.5399,-0.0948,-0.0947,0.0000
2589,964.4,417.1,89.4389,89.4389,89.5340,-0.0951,-0.0951,0.0000
2590,996.3,409.1,89.4327,89.4327,89.5281,-0.0955,-0.0955,0.0000
2591,1008.9,521.8,89.4264,89.4264,89.5222,-0.0958,-0.0958,0.0000
2592,1000.5,374.5,89.4202,89.4202,89.5158,-0.0956,-0.0956,0.0000
2593,1000.2,381.2,89.4139,89.4140,89.5095,-0.0956,-0.0955,0.0000
2594,1006.7,355.7,89.4077,89.4077,89.5036,-0.0959,-0.0959,0.0000
2595,979.2,311.5,89.4015,89.4015,89.4980,-0.0965,-0.0965,0.0000
2596,1007.7,353.7,89.3952,89.3952,89.4920,-0.0967,-0.0967,0.0000
2597,1001.4,334.8,89.3890,89.3890,89.4861,-0.0971,-0.0971,0.0000
2598,998.3,325.1,89.3828,89.3828,89.4799,-0.0972,-0.0971,0.0000
2599,1000.5,385.3,89.3765,89.3765,89.4739,-0.0974,-0.0974,0.0000
2600,1028.7,366.2,89.3703,89.3703,89.4674,-0.0971,-0.0971,0.0000
2601,981.9,370.2,89.3640,89.3641,89.4614,-0.0973,-0.0973,0.0000
2602,992.8,347.5,89.3578,89.3578,89.4554,-0.0976,-0.0975,0.0000
2603,996.5,335.9,89.3516,89.3516,89.4493,-0.0977,-0.0977,0.0000
2604,1023.7,341.2,89.3454,89.3454,89.4426,-0.0972,-0.0972,0.0000
2605,987.7,335.5,89.3391,89.3392,89.4362,-0.0971,-0.0970,0.0000
2606,1002.0,333.6,89.3329,89.3329,89.4298,-0.0969,-0.0968,0.0000
2607,986.5,324.4,89.3267,89.3267,89.4234,-0.0968,-0.0967,0.0000
2608,998.2,326.3,89.3204,89.3205,89.4174,-0.0969,-0.0969,0.0000
2609,1007.9,353.9,89.3142,89.3143,89.4110,-0.0968,-0.0968,0.0000
2610,999.9,336.7,89.3080,89.3080,89.4050,-0.0970,-0.0970,0.0000
2611,999.0,318.1,89.3018,89.3018,89.3989,-0.0971,-0.0971,0.0000
2612,1000.3,301.6,89.2956,89.2956,89.3927,-0.0971,-0.0971,0.0000
2613,1000.8,380.2,89.2893,89.2894,89.3860,-0.0967,-0.0966,0.0000
2614,1007.8,389.2,89.2831,89.2831,89.3797,-0.0966,-0.0965,0.0000
2615,988.5,2633.9,89.2769,89.2769,89.3732,-0.0963,-0.0963,0.0000
2616,2642.0,2397.7,89.2707,89.2707,89.3533,-0.0827,-0.0826,0.0000
2617,2403.2,408.5,89.2645,89.2645,89.3400,-0.0755,-0.0755,0.0000
2618,413.4,706.4,89.2582,89.2583,89.3334,-0.0752,-0.0751,0.0000
2619,711.9,3884.5,89.2520,89.2521,89.3266,-0.0746,-0.0745,0.0000
2620,3893.6,423.4,89.2458,89.2459,89.3087,-0.0629,-0.0628,0.0000
2621,430.0,443.1,89.2396,89.2396,89.3019,-0.0623,-0.0622,0.0000
2622,449.8,261.2,89.2334,89.2334,89.3019,-0.0685,-0.0685,0.0000
2623,264.6,280.6,89.2272,89.2272,89.2973,-0.0701,-0.0701,0.0000
2624,286.8,426.4,89.2210,89.2210,89.2973,-0.0763,-0.0763,0.0000
2625,434.0,299.8,89.2148,89.2148,89.2973,-0.0825,-0.0825,0.0000
2626,304.9,258.6,89.2086,89.2086,89.2921,-0.0836,-0.0835,0.0000
2627,263.5,418.1,89.2024,89.2024,89.2921,-0.0898,-0.0897,0.0000
2628,499.1,350.1,89.1962,89.1962,89.2921,-0.0960,-0.0959,0.0000
2629,997.7,339.9,89.1900,89.1900,89.2865,-0.0965,-0.0965,0.0000
2630,992.2,327.8,89.1838,89.1838,89.2816,-0.0979,-0.0978,0.0000
2631,999.8,372.8,89.1776,89.1776,89.2772,-0.0996,-0.0996,0.0000
2632,1011.1,317.5,89.1714,89.1714,89.2723,-0.1009,-0.1009,0.0000
2633,956.6,239.6,89.1652,89.1652,89.2666,-0.1015,-0.1014,0.0000
2634,1034.4,287.8,89.1590,89.1590,89.2596,-0.1007,-0.1006,0.0000
2635,1001.2,272.0,89.1528,89.1528,89.2529,-0.1001,-0.1001,0.0000
2636,999.7,299.9,89.1466,89.1466,89.2463,-0.0997,-0.0997,0.0000
2637,1650.5,1846.8,89.1404,89.1404,89.2330,-0.0926,-0.0926,0.0000
2638,1852.2,463.9,89.1342,89.1343,89.2203,-0.0861,-0.0860,0.0000
2639,478.9,262.3,89.1280,89.1281,89.2203,-0.0923,-0.0922,0.0000
2640,264.5,297.9,89.1218,89.1219,89.2140,-0.0922,-0.0921,0.0000
2641,754.9,342.3,89.1156,89.1157,89.2140,-0.0984,-0.0983,0.0000
2642,1004.0,311.8,89.1095,89.1095,89.2074,-0.0980,-0.0979,0.0001
2643,992.0,306.1,89.1033,89.1033,89.2017,-0.0984,-0.0983,0.0001
2644,1000.8,303.9,89.0971,89.0972,89.1961,-0.0990,-0.0989,0.0001
2645,998.9,288.9,89.0909,89.0910,89.1908,-0.0999,-0.0998,0.0001
2646,4565.0,427.2,89.0847,89.0848,89.1669,-0.0822,-0.0821,0.0001
2647,430.6,751.0,89.0786,89.0786,89.1669,-0.0884,-0.0883,0.0001
2648,753.5,247.6,89.0724,89.0724,89.1610,-0.0887,-0.0886,0.0001
2649,249.8,225.8,89.0662,89.0663,89.1610,-0.0948,-0.0948,0.0001
2650,228.1,256.3,89.0600,89.0601,89.1554,-0.0954,-0.0953,0.0001
2651,258.4,412.5,89.0539,89.0539,89.1554,-0.1016,-0.1015,0.0001
2652,498.7,211.0,89.0477,89.0478,89.1554,-0.1077,-0.1077,0.0001
2653,982.0,246.3,89.0415,89.0416,89.1499,-0.1084,-0.1083,0.0001
2654,1041.6,287.3,89.0354,89.0354,89.1443,-0.1089,-0.1089,0.0001
2655,993.9,275.4,89.0292,89.0293,89.1394,-0.1101,-0.1101,0.0001
2656,1001.3,278.4,89.0230,89.0231,89.1341,-0.1111,-0.1110,0.0001
2657,997.9,267.8,89.0169,89.0169,89.1283,-0.1115,-0.1114,0.0001
2658,1000.2,273.4,89.0107,89.0108,89.1214,-0.1107,-0.1106,0.0001
2659,998.9,435.4,89.0046,89.0046,89.1144,-0.1098,-0.1098,0.0001
2660,967.9,211.9,88.9984,88.9985,89.1074,-0.1090,-0.1089,0.0001
2661,1034.3,314.9,88.9922,88.9923,89.1004,-0.1082,-0.1081,0.0001
2662,997.6,303.4,88.9861,88.9862,89.0930,-0.1069,-0.1068,0.0001
2663,1000.4,300.7,88.9799,88.9800,89.0861,-0.1062,-0.1061,0.0001
2664,999.7,345.3,88.9738,88.9739,89.0792,-0.1054,-0.1054,0.0001
2665,1000.4,270.7,88.9676,88.9677,89.0724,-0.1048,-0.1047,0.0001
2666,999.5,310.6,88.9615,88.9616,89.0650,-0.1035,-0.1035,0.0001
2667,1000.3,313.0,88.9553,88.9554,89.0580,-0.1026,-0.1026,0.0001
2668,1002.4,312.6,88.9492,88.9493,89.0510,-0.1018,-0.1017,0.0001
2669,996.7,305.2,88.9431,88.9431,89.0442,-0.1011,-0.1011,0.0001
2670,999.9,284.3,88.9369,88.9370,89.0370,-0.1001,-0.1000,0.0001
2671,966.5,530.4,88.9308,88.9308,89.0303,-0.0996,-0.0995,0.0001
2672,1034.2,303.1,88.9246,88.9247,89.0237,-0.0991,-0.0990,0.0001
2673,999.4,467.1,88.9185,88.9186,89.0168,-0.0983,-0.0982,0.0001
2674,999.8,454.1,88.9124,88.9124,89.0094,-0.0970,-0.0970,0.0001
2675,1000.0,478.7,88.9062,88.9063,89.0026,-0.0964,-0.0963,0.0001
2676,1000.8,438.2,88.9001,88.9002,88.9959,-0.0958,-0.0957,0.0001
2677,1001.8,265.4,88.8940,88.8940,88.9894,-0.0954,-0.0954,0.0001
2678,998.8,288.1,88.8878,88.8879,88.9824,-0.0945,-0.0945,0.0001
2679,999.2,320.9,88.8817,88.8818,88.9758,-0.0941,-0.0940,0.0001
2680,1000.6,274.0,88.8756,88.8757,88.9691,-0.0935,-0.0935,0.0001
2681,1000.1,310.2,88.8695,88.8696,88.9625,-0.0930,-0.0929,0.0001
2682,1000.6,320.2,88.8634,88.8634,88.9554,-0.0920,-0.0920,0.0001
2683,1001.8,484.4,88.8572,88.8573,88.9490,-0.0918,-0.0917,0.0001
2684,999.1,323.8,88.8511,88.8512,88.9428,-0.0917,-0.0916,0.0001
2685,1001.8,485.7,88.8450,88.8451,88.9366,-0.0916,-0.0916,0.0001
2686,998.3,317.3,88.8389,88.8390,88.9301,-0.0912,-0.0911,0.0001
2687,999.8,488.7,88.8328,88.8329,88.9241,-0.0913,-0.0912,0.0001
2688,1000.2,326.1,88.8267,88.8268,88.9184,-0.0918,-0.0917,0.0001
2689,1000.5,299.3,88.8206,88.8206,88.9130,-0.0924,-0.0923,0.0001
2690,1000.1,290.4,88.8145,88.8145,88.9075,-0.0930,-0.0929,0.0001
2691,999.4,271.1,88.8083,88.8084,88.9024,-0.0941,-0.0940,0.0001
2692,998.6,319.1,88.8022,88.8023,88.8972,-0.0950,-0.0949,0.0001
2693,1000.8,499.1,88.7961,88.7962,88.8920,-0.0958,-0.0957,0.0001
2694,1001.3,323.2,88.7900,88.7901,88.8861,-0.0961,-0.0960,0.0001
2695,999.7,300.0,88.7840,88.7840,88.8806,-0.0967,-0.0966,0.0001
2696,998.2,298.9,88.7779,88.7780,88.8751,-0.0972,-0.0971,0.0001
2697,1000.1,313.1,88.7718,88.7719,88.8694,-0.0977,-0.0976,0.0001
2698,1002.8,273.6,88.7657,88.7658,88.8633,-0.0977,-0.0976,0.0001
2699,997.3,311.3,88.7596,88.7597,88.8575,-0.0979,-0.0978,0.0001
2700,1000.6,295.6,88.7535,88.7536,88.8515,-0.0980,-0.0979,0.0001
2701,999.6,303.5,88.7474,88.7475,88.8452,-0.0978,-0.0977,0.0001
2702,1000.1,295.3,88.7413,88.7414,88.8385,-0.0971,-0.0970,0.0001
2703,1001.5,298.7,88.7353,88.7354,88.8322,-0.0969,-0.0968,0.0001
2704,999.2,283.4,88.7292,88.7293,88.8258,-0.0966,-0.0965,0.0001
2705,1000.0,287.6,88.7231,88.7232,88.8194,-0.0963,-0.0962,0.0001
2706,1001.1,275.7,88.7170,88.7171,88.8123,-0.0953,-0.0952,0.0001
2707,1000.5,272.6,88.7109,88.7111,88.8057,-0.0948,-0.0947,0.0001
2708,998.2,271.6,88.7049,88.7050,88.7992,-0.0943,-0.0942,0.0001
2709,999.9,279.5,88.6988,88.6989,88.7927,-0.0939,-0.0938,0.0001
2710,999.4,259.5,88.6927,88.6928,88.7858,-0.0931,-0.0930,0.0001
2711,1000.1,276.8,88.6867,88.6868,88.7795,-0.0928,-0.0927,0.0001
2712,1000.0,267.8,88.6806,88.6807,88.7732,-0.0926,-0.0925,0.0001
2713,999.1,270.7,88.6746,88.6747,88.7668,-0.0922,-0.0921,0.0001
2714,999.9,305.5,88.6685,88.6686,88.7597,-0.0912,-0.0911,0.0001
2715,1000.3,275.7,88.6624,88.6626,88.7531,-0.0906,-0.0905,0.0001
2716,999.7,235.5,88.6564,88.6565,88.7465,-0.0901,-0.0900,0.0001
2717,1000.3,275.6,88.6503,88.6504,88.7399,-0.0896,-0.0895,0.0001
2718,1002.3,277.3,88.6443,88.6444,88.7329,-0.0886,-0.0885,0.0001
2719,999.7,3624.7,88.6382,88.6384,88.7262,-0.0880,-0.0879,0.0001
2720,3647.4,438.0,88.6322,88.6323,88.7001,-0.0679,-0.0678,0.0001
2721,444.8,342.1,88.6261,88.6263,88.7001,-0.0739,-0.0738,0.0001
2722,348.3,489.4,88.6201,88.6202,88.6942,-0.0741,-0.0740,0.0001
2723,496.0,283.5,88.6141,88.6142,88.6942,-0.0801,-0.0800,0.0001
2724,289.6,378.3,88.6080,88.6082,88.6884,-0.0804,-0.0803,0.0001
2725,760.8,351.1,88.6020,88.6021,88.6884,-0.0864,-0.0863,0.0001
2726,984.8,357.7,88.5960,88.5961,88.6824,-0.0865,-0.0863,0.0001
2727,1076.9,310.9,88.5899,88.5901,88.6772,-0.0873,-0.0871,0.0001
2728,927.0,236.7,88.5839,88.5840,88.6723,-0.0884,-0.0883,0.0001
2729,1023.1,287.8,88.5779,88.5780,88.6675,-0.0897,-0.0895,0.0001
2730,1008.2,315.2,88.5719,88.5720,88.6622,-0.0903,-0.0902,0.0001
2731,1001.0,340.3,88.5658,88.5660,88.6571,-0.0913,-0.0911,0.0001
2732,1000.0,350.6,88.5598,88.5599,88.6519,-0.0921,-0.0920,0.0001
2733,1004.3,342.2,88.5538,88.5539,88.6466,-0.0928,-0.0927,0.0001
2734,994.2,327.7,88.5478,88.5479,88.6408,-0.0930,-0.0929,0.0001
2735,1000.1,315.1,88.5418,88.5419,88.6354,-0.0936,-0.0935,0.0001
2736,999.9,319.1,88.5358,88.5359,88.6302,-0.0944,-0.0943,0.0001
2737,999.9,333.9,88.5297,88.5299,88.6251,-0.0953,-0.0952,0.0001
2738,1000.9,331.3,88.5237,88.5239,88.6196,-0.0958,-0.0957,0.0001
2739,997.9,301.1,88.5177,88.5179,88.6144,-0.0967,-0.0965,0.0001
2740,1001.0,294.9,88.5117,88.5119,88.6091,-0.0973,-0.0972,0.0001
2741,999.4,368.7,88.5057,88.5059,88.6036,-0.0978,-0.0977,0.0001
2742,1002.4,334.5,88.4997,88.4999,88.5976,-0.0978,-0.0977,0.0001
2743,999.5,339.7,88.4938,88.4939,88.5919,-0.0981,-0.0980,0.0001
2744,1000.7,336.1,88.4878,88.4879,88.5861,-0.0984,-0.0982,0.0001
2745,1001.9,310.4,88.4818,88.4819,88.5803,-0.0986,-0.0984,0.0001
2746,999.2,337.7,88.4758,88.4759,88.5740,-0.0982,-0.0981,0.0001
2747,1000.1,332.7,88.4698,88.4700,88.5680,-0.0982,-0.0980,0.0002
2748,999.4,327.5,88.4638,88.4640,88.5619,-0.0980,-0.0979,0.0002
2749,997.7,339.0,88.4578,88.4580,88.5556,-0.0978,-0.0977,0.0002
2750,1002.7,327.7,88.4519,88.4520,88.5489,-0.0970,-0.0969,0.0002
2751,1017.9,352.1,88.4459,88.4460,88.5427,-0.0968,-0.0966,0.0002
2752,982.7,329.1,88.4399,88.4401,88.5365,-0.0965,-0.0964,0.0002
2753,1006.6,361.4,88.4339,88.4341,88.5304,-0.0965,-0.0963,0.0002
2754,996.5,323.1,88.4280,88.4281,88.5238,-0.0958,-0.0957,0.0002
2755,999.6,345.6,88.4220,88.4222,88.5175,-0.0955,-0.0953,0.0002
2756,996.2,351.3,88.4161,88.4162,88.5110,-0.0949,-0.0947,0.0002
2757,999.4,326.3,88.4101,88.4103,88.5044,-0.0943,-0.0941,0.0002
2758,999.2,335.6,88.4041,88.4043,88.4978,-0.0937,-0.0935,0.0002
2759,999.4,335.9,88.3982,88.3983,88.4909,-0.0927,-0.0926,0.0002
2760,1001.3,323.1,88.3922,88.3924,88.4845,-0.0922,-0.0921,0.0002
2761,1001.8,366.7,88.3863,88.3864,88.4779,-0.0916,-0.0915,0.0002
2762,1000.3,346.3,88.3803,88.3805,88.4712,-0.0909,-0.0907,0.0002
2763,998.0,366.4,88.3744,88.3746,88.4639,-0.0895,-0.0894,0.0002
2764,997.6,348.3,88.3684,88.3686,88.4572,-0.0888,-0.0886,0.0002
2765,1001.3,359.5,88.3625,88.3627,88.4505,-0.0880,-0.0878,0.0002
2766,1002.1,372.7,88.3566,88.3567,88.4439,-0.0873,-0.0871,0.0002
2767,999.5,366.5,88.3506,88.3508,88.4369,-0.0863,-0.0861,0.0002
2768,998.1,386.0,88.3447,88.3449,88.4306,-0.0859,-0.0857,0.0002
2769,1005.7,376.1,88.3388,88.3390,88.4243,-0.0855,-0.0853,0.0002
2770,994.5,343.2,88.3329,88.3330,88.4182,-0.0853,-0.0852,0.0002
2771,1000.2,331.1,88.3269,88.3271,88.4119,-0.0850,-0.0848,0.0002
2772,1000.1,314.0,88.3210,88.3212,88.4064,-0.0854,-0.0852,0.0002
2773,1001.3,332.2,88.3151,88.3153,88.4009,-0.0858,-0.0856,0.0002
2774,997.8,326.4,88.3092,88.3094,88.3953,-0.0862,-0.0860,0.0002
2775,1002.2,307.1,88.3033,88.3034,88.3894,-0.0861,-0.0859,0.0002
2776,998.9,328.8,88.2973,88.2975,88.3837,-0.0864,-0.0862,0.0002
2777,1001.2,357.1,88.2914,88.2916,88.3781,-0.0867,-0.0865,0.0002
2778,1001.6,339.7,88.2855,88.2857,88.3725,-0.0870,-0.0868,0.0002
2779,997.5,336.1,88.2796,88.2798,88.3665,-0.0868,-0.0866,0.0002
2780,999.5,354.2,88.2737,88.2739,88.3609,-0.0872,-0.0870,0.0002
2781,1001.6,324.1,88.2678,88.2680,88.3552,-0.0873,-0.0871,0.0002
2782,996.4,321.9,88.2619,88.2621,88.3495,-0.0876,-0.0874,0.0002
2783,999.6,333.7,88.2561,88.2562,88.3435,-0.0874,-0.0872,0.0002
2784,1002.0,305.1,88.2502,88.2504,88.3378,-0.0876,-0.0874,0.0002
2785,1002.5,360.5,88.2443,88.2445,88.3322,-0.0880,-0.0878,0.0002
2786,998.5,370.1,88.2384,88.2386,88.3267,-0.0883,-0.0881,0.0002
2787,1002.9,329.2,88.2325,88.2327,88.3207,-0.0882,-0.0880,0.0002
2788,1000.1,370.7,88.2266,88.2268,88.3151,-0.0885,-0.0883,0.0002
2789,998.8,366.4,88.2208,88.2210,88.3096,-0.0888,-0.0886,0.0002
2790,999.4,413.3,88.2149,88.2151,88.3042,-0.0893,-0.0891,0.0002
2791,1000.2,381.7,88.2090,88.2092,88.2982,-0.0892,-0.0890,0.0002
2792,1000.0,358.7,88.2032,88.2034,88.2928,-0.0897,-0.0895,0.0002
2793,1000.2,379.2,88.1973,88.1975,88.2875,-0.0902,-0.0900,0.0002
2794,999.9,357.1,88.1914,88.1916,88.2822,-0.0908,-0.0906,0.0002
2795,1000.8,319.9,88.1856,88.1858,88.2765,-0.0909,-0.0907,0.0002
2796,999.5,379.3,88.1797,88.1799,88.2710,-0.0913,-0.0911,0.0002
2797,999.4,364.7,88.1739,88.1741,88.2645,-0.0906,-0.0904,0.0002
2798,999.7,376.1,88.1680,88.1682,88.2596,-0.0916,-0.0914,0.0002
2799,998.0,383.1,88.1622,88.1624,88.2523,-0.0902,-0.0899,0.0002
2800,1000.5,380.5,88.1563,88.1565,88.2463,-0.0900,-0.0897,0.0002
2801,1000.2,363.7,88.1505,88.1507,88.2405,-0.0900,-0.0898,0.0002
2802,999.5,377.9,88.1446,88.1449,88.2348,-0.0902,-0.0900,0.0002
2803,1000.0,372.0,88.1388,88.1390,88.2286,-0.0898,-0.0896,0.0002
2804,1000.6,362.9,88.1330,88.1332,88.2225,-0.0895,-0.0893,0.0002
2805,999.3,316.5,88.1272,88.1274,88.2162,-0.0891,-0.0889,0.0002
2806,999.5,356.5,88.1213,88.1216,88.2100,-0.0886,-0.0884,0.0002
2807,999.9,358.4,88.1155,88.1157,88.2034,-0.0879,-0.0876,0.0002
2808,1002.3,379.6,88.1097,88.1099,88.1974,-0.0877,-0.0875,0.0002
2809,998.5,357.0,88.1039,88.1041,88.1914,-0.0876,-0.0873,0.0002
2810,999.7,341.0,88.0981,88.0983,88.1854,-0.0874,-0.0872,0.0002
2811,1003.3,368.8,88.0922,88.0925,88.1790,-0.0867,-0.0865,0.0002
2812,1007.6,340.7,88.0864,88.0867,88.1729,-0.0865,-0.0862,0.0002
2813,989.6,321.9,88.0806,88.0809,88.1669,-0.0863,-0.0860,0.0002
2814,999.1,385.9,88.0748,88.0751,88.1669,-0.0921,-0.0918,0.0002
2815,1000.8,390.4,88.0690,88.0693,88.1611,-0.0921,-0.0918,0.0002
2816,999.7,351.1,88.0632,88.0635,88.1550,-0.0917,-0.0915,0.0002
2817,999.3,339.8,88.0574,88.0577,88.1494,-0.0919,-0.0917,0.0002
2818,999.6,340.1,88.0517,88.0519,88.1437,-0.0920,-0.0918,0.0002
2819,1000.2,327.8,88.0459,88.0461,88.1372,-0.0913,-0.0911,0.0002
2820,999.7,309.4,88.0401,88.0403,88.1311,-0.0910,-0.0907,0.0003
2821,999.2,340.9,88.0343,88.0346,88.1249,-0.0906,-0.0903,0.0003
2822,1003.6,352.4,88.0285,88.0288,88.1190,-0.0905,-0.0902,0.0003
2823,998.4,371.0,88.0227,88.0230,88.1127,-0.0900,-0.0897,0.0003
2824,1000.7,372.1,88.0170,88.0172,88.1070,-0.0900,-0.0898,0.0003
2825,1001.0,328.7,88.0112,88.0115,88.1012,-0.0900,-0.0898,0.0003
2826,998.6,369.4,88.0054,88.0057,88.0953,-0.0898,-0.0896,0.0003
2827,1005.1,369.7,87.9997,87.9999,88.0889,-0.0892,-0.0890,0.0003
2828,988.1,308.8,87.9939,87.9942,88.0829,-0.0890,-0.0887,0.0003
2829,1001.5,301.9,87.9882,87.9884,88.0771,-0.0889,-0.0887,0.0003
2830,997.8,287.9,87.9824,87.9827,88.0715,-0.0891,-0.0888,0.0003
2831,998.4,291.2,87.9767,87.9769,88.0655,-0.0888,-0.0885,0.0003
2832,1000.9,300.4,87.9709,87.9712,88.0599,-0.0889,-0.0887,0.0003
2833,999.7,293.3,87.9652,87.9654,88.0541,-0.0889,-0.0886,0.0003
2834,1000.3,281.3,87.9594,87.9597,88.0483,-0.0889,-0.0886,0.0003
2835,999.7,296.1,87.9537,87.9540,88.0425,-0.0888,-0.0885,0.0003
2836,1000.1,306.6,87.9480,87.9482,88.0374,-0.0894,-0.0891,0.0003
2837,999.7,286.3,87.9422,87.9425,88.0324,-0.0902,-0.0899,0.0003
2838,1000.2,297.3,87.9365,87.9368,88.0274,-0.0909,-0.0906,0.0003
2839,999.8,273.0,87.9308,87.9311,88.0224,-0.0916,-0.0913,0.0003
2840,1000.3,292.7,87.9251,87.9254,88.0169,-0.0918,-0.0915,0.0003
2841,1000.1,316.9,87.9194,87.9196,88.0116,-0.0922,-0.0919,0.0003
2842,999.8,343.0,87.9136,87.9139,88.0061,-0.0925,-0.0922,0.0003
2843,999.0,354.7,87.9079,87.9082,88.0007,-0.0927,-0.0925,0.0003
2844,1000.1,293.4,87.9022,87.9025,87.9947,-0.0925,-0.0922,0.0003
2845,1000.0,342.2,87.8965,87.8968,87.9891,-0.0926,-0.0923,0.0003
2846,1000.0,256.7,87.8908,87.8911,87.9837,-0.0928,-0.0926,0.0003
2847,1000.0,345.3,87.8851,87.8854,87.9781,-0.0929,-0.0926,0.0003
2848,1003.4,311.7,87.8794,87.8797,87.9717,-0.0922,-0.0919,0.0003
2849,997.3,235.2,87.8737,87.8740,87.9657,-0.0919,-0.0916,0.0003
2850,999.5,284.5,87.8681,87.8684,87.9596,-0.0915,-0.0912,0.0003
2851,999.0,244.9,87.8624,87.8627,87.9532,-0.0908,-0.0905,0.0003
2852,1000.9,319.8,87.8567,87.8570,87.9464,-0.0897,-0.0894,0.0003
2853,1010.1,341.1,87.8510,87.8513,87.9403,-0.0893,-0.0890,0.0003
2854,1004.5,345.5,87.8453,87.8456,87.9342,-0.0889,-0.0886,0.0003
2855,995.1,349.5,87.8397,87.8400,87.9281,-0.0885,-0.0881,0.0003
2856,1000.2,372.4,87.8340,87.8343,87.9215,-0.0875,-0.0872,0.0003
2857,1005.0,322.5,87.8283,87.8286,87.9153,-0.0870,-0.0867,0.0003
2858,997.9,338.3,87.8227,87.8230,87.9092,-0.0865,-0.0862,0.0003
2859,997.1,370.4,87.8170,87.8173,87.9034,-0.0864,-0.0861,0.0003
2860,999.1,299.3,87.8114,87.8117,87.8973,-0.0860,-0.0856,0.0003
2861,999.9,368.3,87.8057,87.8060,87.8917,-0.0860,-0.0857,0.0003
2862,1005.4,367.5,87.8001,87.8004,87.8861,-0.0860,-0.0857,0.0003
2863,994.6,311.1,87.7944,87.7948,87.8803,-0.0859,-0.0856,0.0003
2864,1000.1,401.3,87.7888,87.7891,87.8739,-0.0852,-0.0848,0.0003
2865,998.2,415.5,87.7832,87.7835,87.8681,-0.0849,-0.0846,0.0003
2866,1002.3,375.8,87.7775,87.7779,87.8621,-0.0845,-0.0842,0.0003
2867,997.9,358.3,87.7719,87.7722,87.8561,-0.0842,-0.0838,0.0003
2868,999.8,367.9,87.7663,87.7666,87.8501,-0.0839,-0.0835,0.0003
2869,1000.8,314.8,87.7607,87.7610,87.8438,-0.0831,-0.0828,0.0003
2870,995.5,284.8,87.7550,87.7554,87.8377,-0.0827,-0.0823,0.0003
2871,998.2,345.9,87.7494,87.7498,87.8316,-0.0822,-0.0818,0.0003
2872,999.5,334.1,87.7438,87.7441,87.8255,-0.0817,-0.0813,0.0003
2873,1001.2,360.6,87.7382,87.7385,87.8192,-0.0810,-0.0806,0.0003
2874,1007.8,373.0,87.7326,87.7329,87.8134,-0.0808,-0.0805,0.0003
2875,1000.2,399.5,87.7270,87.7273,87.8077,-0.0807,-0.0804,0.0003
2876,1002.5,376.7,87.7214,87.7217,87.8020,-0.0806,-0.0803,0.0003
2877,998.6,359.2,87.7158,87.7162,87.7958,-0.0800,-0.0797,0.0003
2878,992.9,355.8,87.7102,87.7106,87.7900,-0.0797,-0.0794,0.0003
2879,1005.6,339.1,87.7046,87.7050,87.7843,-0.0797,-0.0793,0.0003
2880,999.2,320.5,87.6990,87.6994,87.7788,-0.0798,-0.0794,0.0004
2881,999.5,320.0,87.6935,87.6938,87.7733,-0.0798,-0.0795,0.0004
2882,1000.3,307.6,87.6879,87.6883,87.7684,-0.0805,-0.0801,0.0004
2883,999.6,310.6,87.6823,87.6827,87.7635,-0.0812,-0.0808,0.0004
2884,999.7,305.0,87.6768,87.6771,87.7584,-0.0817,-0.0813,0.0004
2885,997.9,302.9,87.6712,87.6716,87.7529,-0.0817,-0.0813,0.0004
2886,1000.4,321.3,87.6656,87.6660,87.7475,-0.0819,-0.0815,0.0004
2887,999.9,291.7,87.6601,87.6604,87.7422,-0.0821,-0.0818,0.0004
2888,999.5,292.0,87.6545,87.6549,87.7370,-0.0825,-0.0821,0.0004
2889,1000.2,316.8,87.6490,87.6493,87.7317,-0.0827,-0.0823,0.0004
2890,1000.3,309.8,87.6434,87.6438,87.7268,-0.0834,-0.0830,0.0004
2891,1004.0,358.2,87.6379,87.6383,87.7219,-0.0840,-0.0836,0.0004
2892,991.2,257.3,87.6323,87.6327,87.7168,-0.0844,-0.0840,0.0004
2893,1007.6,317.9,87.6268,87.6272,87.7111,-0.0843,-0.0839,0.0004
2894,1000.8,354.9,87.6213,87.6217,87.7058,-0.0845,-0.0841,0.0004
2895,1004.5,345.5,87.6158,87.6161,87.7005,-0.0848,-0.0844,0.0004
2896,994.8,324.2,87.6102,87.6106,87.6952,-0.0849,-0.0846,0.0004
2897,1001.9,326.9,87.6047,87.6051,87.6894,-0.0847,-0.0843,0.0004
2898,998.1,320.8,87.5992,87.5996,87.6841,-0.0849,-0.0845,0.0004
2899,3569.1,1014.1,87.5937,87.5941,87.6621,-0.0684,-0.0680,0.0004
2900,1022.4,982.8,87.5882,87.5886,87.6566,-0.0684,-0.0680,0.0004
2901,988.6,993.8,87.5827,87.5831,87.6513,-0.0686,-0.0682,0.0004
2902,999.2,859.9,87.5772,87.5776,87.6459,-0.0687,-0.0683,0.0004
2903,865.1,506.2,87.5717,87.5721,87.6412,-0.0695,-0.0691,0.0004
2904,511.1,277.2,87.5662,87.5666,87.6412,-0.0750,-0.0746,0.0004
2905,281.2,274.5,87.5607,87.5611,87.6368,-0.0761,-0.0757,0.0004
2906,278.2,460.0,87.5552,87.5556,87.6368,-0.0816,-0.0812,0.0004
2907,466.7,282.0,87.5497,87.5501,87.6368,-0.0871,-0.0867,0.0004
2908,985.4,309.3,87.5443,87.5447,87.6326,-0.0883,-0.0879,0.0004
2909,1034.1,369.9,87.5388,87.5392,87.6281,-0.0893,-0.0889,0.0004
2910,1001.1,3640.1,87.5333,87.5337,87.6236,-0.0903,-0.0899,0.0004
2911,3647.9,545.3,87.5278,87.5283,87.6016,-0.0737,-0.0733,0.0004
2912,551.9,923.9,87.5224,87.5228,87.5958,-0.0734,-0.0730,0.0004
2913,945.0,434.7,87.5169,87.5173,87.5958,-0.0789,-0.0785,0.0004
2914,441.8,414.4,87.5115,87.5119,87.5901,-0.0787,-0.0782,0.0004
2915,421.1,345.4,87.5060,87.5064,87.5901,-0.0841,-0.0837,0.0004
2916,352.4,563.7,87.5006,87.5010,87.5841,-0.0836,-0.0831,0.0004
2917,644.6,504.9,87.4951,87.4956,87.5841,-0.0890,-0.0886,0.0004
2918,1000.4,496.8,87.4897,87.4901,87.5790,-0.0893,-0.0888,0.0004
2919,1004.3,565.3,87.4843,87.4847,87.5739,-0.0896,-0.0892,0.0004
2920,1000.0,416.8,87.4788,87.4793,87.5688,-0.0900,-0.0896,0.0004
2921,1000.6,374.7,87.4734,87.4738,87.5630,-0.0896,-0.0892,0.0004
2922,990.5,347.0,87.4680,87.4684,87.5571,-0.0891,-0.0887,0.0004
2923,999.9,341.3,87.4626,87.4630,87.5510,-0.0884,-0.0880,0.0004
2924,998.0,341.7,87.4572,87.4576,87.5448,-0.0877,-0.0873,0.0004
2925,1001.7,326.7,87.4517,87.4522,87.5380,-0.0863,-0.0858,0.0004
2926,998.6,338.6,87.4463,87.4468,87.5318,-0.0855,-0.0850,0.0004
2927,1003.7,336.2,87.4409,87.4414,87.5258,-0.0848,-0.0844,0.0004
2928,991.3,276.6,87.4355,87.4360,87.5199,-0.0843,-0.0839,0.0004
2929,989.9,331.6,87.4301,87.4306,87.5142,-0.0841,-0.0836,0.0004
2930,1014.8,296.4,87.4248,87.4252,87.5083,-0.0836,-0.0831,0.0004
2931,1000.5,307.7,87.4194,87.4198,87.5030,-0.0836,-0.0832,0.0004
2932,1005.0,304.7,87.4140,87.4144,87.4975,-0.0835,-0.0830,0.0005
2933,993.3,288.1,87.4086,87.4091,87.4919,-0.0833,-0.0828,0.0005
2934,990.4,222.0,87.4032,87.4037,87.4858,-0.0826,-0.0821,0.0005
2935,1001.5,204.9,87.3979,87.3983,87.4801,-0.0823,-0.0818,0.0005
2936,999.1,288.9,87.3925,87.3930,87.4746,-0.0821,-0.0817,0.0005
2937,1005.6,287.3,87.3871,87.3876,87.4691,-0.0819,-0.0815,0.0005
2938,1009.6,290.4,87.3818,87.3822,87.4632,-0.0815,-0.0810,0.0005
2939,986.5,263.9,87.3764,87.3769,87.4579,-0.0815,-0.0810,0.0005
2940,998.5,275.9,87.3711,87.3715,87.4525,-0.0814,-0.0810,0.0005
2941,1001.1,256.8,87.3657,87.3662,87.4471,-0.0814,-0.0809,0.0005
2942,998.3,262.6,87.3604,87.3609,87.4411,-0.0807,-0.0803,0.0005
2943,1002.7,271.2,87.3551,87.3555,87.4356,-0.0806,-0.0801,0.0005
2944,997.0,217.5,87.3497,87.3502,87.4302,-0.0805,-0.0800,0.0005
2945,1002.0,268.8,87.3444,87.3449,87.4249,-0.0805,-0.0801,0.0005
2946,1000.3,234.9,87.3391,87.3395,87.4195,-0.0804,-0.0799,0.0005
2947,1000.6,278.6,87.3337,87.3342,87.4144,-0.0807,-0.0802,0.0005
2948,998.7,286.3,87.3284,87.3289,87.4092,-0.0808,-0.0803,0.0005
2949,999.5,222.5,87.3231,87.3236,87.4040,-0.0809,-0.0804,0.0005
2950,999.1,205.2,87.3178,87.3183,87.3984,-0.0806,-0.0801,0.0005
2951,1000.1,266.0,87.3125,87.3130,87.3933,-0.0807,-0.0803,0.0005
2952,999.8,262.5,87.3072,87.3077,87.3884,-0.0811,-0.0806,0.0005
2953,1000.2,229.8,87.3019,87.3024,87.3836,-0.0816,-0.0811,0.0005
2954,999.9,259.8,87.2966,87.2971,87.3782,-0.0816,-0.0811,0.0005
2955,1000.3,256.3,87.2913,87.2918,87.3735,-0.0821,-0.0816,0.0005
2956,999.9,224.7,87.2861,87.2866,87.3686,-0.0826,-0.0821,0.0005
2957,1000.4,274.4,87.2808,87.2813,87.3637,-0.0829,-0.0824,0.0005
2958,1006.8,283.3,87.2755,87.2760,87.3583,-0.0828,-0.0823,0.0005
2959,994.0,214.3,87.2702,87.2707,87.3530,-0.0828,-0.0823,0.0005
2960,1015.2,289.1,87.2650,87.2655,87.3477,-0.0828,-0.0823,0.0005
2961,995.6,325.7,87.2597,87.2602,87.3425,-0.0827,-0.0822,0.0005
2962,999.0,309.2,87.2545,87.2550,87.3366,-0.0822,-0.0816,0.0005
2963,1002.3,306.8,87.2492,87.2497,87.3312,-0.0820,-0.0815,0.0005
2964,998.6,259.8,87.2440,87.2445,87.3259,-0.0819,-0.0814,0.0005
2965,1047.8,524.9,87.2387,87.2392,87.3205,-0.0818,-0.0813,0.0005
2966,941.2,256.2,87.2335,87.2340,87.3146,-0.0811,-0.0805,0.0005
2967,1003.3,274.0,87.2282,87.2288,87.3089,-0.0806,-0.0801,0.0005
2968,1017.8,357.0,87.2230,87.2235,87.3033,-0.0803,-0.0798,0.0005
2969,992.7,343.5,87.2178,87.2183,87.2978,-0.0800,-0.0795,0.0005
2970,981.1,326.3,87.2126,87.2131,87.2911,-0.0785,-0.0780,0.0005
2971,1016.5,373.6,87.2074,87.2079,87.2864,-0.0790,-0.0785,0.0005
2972,996.7,349.4,87.2021,87.2027,87.2808,-0.0787,-0.0781,0.0005
2973,999.8,362.5,87.1969,87.1975,87.2753,-0.0784,-0.0778,0.0005
2974,1007.2,333.2,87.1917,87.1923,87.2685,-0.0768,-0.0762,0.0005
2975,1002.6,329.9,87.1865,87.1871,87.2627,-0.0762,-0.0756,0.0005
2976,989.7,312.9,87.1813,87.1819,87.2570,-0.0757,-0.0752,0.0005
2977,995.6,343.1,87.1761,87.1767,87.2517,-0.0755,-0.0750,0.0005
2978,998.1,308.0,87.1710,87.1715,87.2461,-0.0752,-0.0746,0.0006
2979,1018.9,350.8,87.1658,87.1663,87.2411,-0.0753,-0.0747,0.0006
2980,985.8,312.7,87.1606,87.1612,87.2358,-0.0752,-0.0746,0.0006
2981,999.7,314.7,87.1554,87.1560,87.2305,-0.0751,-0.0745,0.0006
2982,1001.9,303.5,87.1503,87.1508,87.2246,-0.0744,-0.0738,0.0006
2983,1003.6,377.6,87.1451,87.1457,87.2191,-0.0740,-0.0735,0.0006
2984,1001.4,314.7,87.1399,87.1405,87.2136,-0.0737,-0.0731,0.0006
2985,997.5,348.2,87.1348,87.1354,87.2079,-0.0732,-0.0726,0.0006
2986,999.8,374.3,87.1296,87.1302,87.2029,-0.0732,-0.0727,0.0006
2987,999.4,349.9,87.1245,87.1251,87.1979,-0.0734,-0.0728,0.0006
2988,1000.3,368.8,87.1194,87.1199,87.1979,-0.0786,-0.0780,0.0006
2989,1007.7,370.8,87.1142,87.1148,87.1929,-0.0787,-0.0781,0.0006
2990,991.5,367.7,87.1091,87.1097,87.1874,-0.0783,-0.0777,0.0006
2991,999.7,287.7,87.1040,87.1045,87.1821,-0.0781,-0.0776,0.0006
2992,1010.5,353.4,87.0988,87.0994,87.1767,-0.0778,-0.0772,0.0006
2993,1018.5,343.4,87.0937,87.0943,87.1712,-0.0775,-0.0769,0.0006
2994,965.1,297.2,87.0886,87.0892,87.1655,-0.0769,-0.0763,0.0006
2995,1002.4,334.1,87.0835,87.0841,87.1605,-0.0770,-0.0764,0.0006
2996,963.3,249.1,87.0784,87.0790,87.1557,-0.0773,-0.0767,0.0006
2997,1037.5,349.4,87.0733,87.0739,87.1508,-0.0775,-0.0769,0.0006
2998,998.3,389.5,87.0682,87.0688,87.1456,-0.0774,-0.0768,0.0006
2999,1008.8,330.5,87.0631,87.0637,87.1408,-0.0777,-0.0771,0.0006
3000,997.3,313.6,87.0580,87.0586,87.1361,-0.0781,-0.0775,0.0006
3001,1001.1,369.1,87.0529,87.0535,87.1315,-0.0785,-0.0779,0.0006
3002,998.0,315.4,87.0479,87.0485,87.1266,-0.0787,-0.0781,0.0006
3003,999.6,332.6,87.0428,87.0434,87.1222,-0.0794,-0.0788,0.0006
3004,999.6,323.2,87.0377,87.0383,87.1180,-0.0803,-0.0797,0.0006
3005,1001.7,299.3,87.0327,87.0333,87.1139,-0.0813,-0.0806,0.0006
3006,999.2,328.8,87.0276,87.0282,87.1096,-0.0820,-0.0814,0.0006
3007,999.8,355.1,87.0226,87.0232,87.1055,-0.0830,-0.0824,0.0006
3008,1000.7,344.9,87.0175,87.0181,87.1013,-0.0838,-0.0831,0.0006
3009,1000.8,347.3,87.0125,87.0131,87.0967,-0.0843,-0.0837,0.0006
3010,998.6,334.1,87.0074,87.0080,87.0917,-0.0843,-0.0837,0.0006
3011,3307.3,354.3,87.0024,87.0030,87.0727,-0.0703,-0.0697,0.0006
3012,363.0,343.0,86.9974,86.9980,87.0727,-0.0753,-0.0747,0.0006
3013,347.9,339.8,86.9923,86.9930,87.0727,-0.0804,-0.0797,0.0006
3014,344.6,739.7,86.9873,86.9879,87.0680,-0.0807,-0.0800,0.0006
3015,745.9,379.9,86.9823,86.9829,87.0680,-0.0857,-0.0850,0.0006
3016,891.6,350.3,86.9773,86.9779,87.0632,-0.0859,-0.0852,0.0006
3017,994.0,304.7,86.9723,86.9729,87.0583,-0.0860,-0.0854,0.0006
3018,1002.8,347.4,86.9673,86.9679,87.0531,-0.0859,-0.0852,0.0006
3019,999.5,278.8,86.9623,86.9629,87.0483,-0.0861,-0.0854,0.0006
3020,3582.3,418.1,86.9573,86.9579,87.0264,-0.0691,-0.0685,0.0006
3021,421.5,271.6,86.9523,86.9530,87.0264,-0.0741,-0.0735,0.0007
3022,277.8,262.2,86.9473,86.9480,87.0208,-0.0735,-0.0728,0.0007
3023,283.1,364.3,86.9424,86.9430,87.0208,-0.0785,-0.0778,0.0007
3024,431.6,250.1,86.9374,86.9380,87.0208,-0.0834,-0.0828,0.0007
3025,1000.3,287.5,86.9324,86.9331,87.0147,-0.0823,-0.0816,0.0007
3026,1008.7,317.8,86.9275,86.9281,87.0092,-0.0818,-0.0811,0.0007
3027,952.5,258.8,86.9225,86.9232,87.0041,-0.0816,-0.0809,0.0007
3028,3261.4,391.9,86.9175,86.9182,86.9831,-0.0656,-0.0649,0.0007
3029,401.7,310.4,86.9126,86.9133,86.9831,-0.0705,-0.0698,0.0007
3030,313.7,269.8,86.9077,86.9083,86.9831,-0.0755,-0.0748,0.0007
3031,272.5,270.5,86.9027,86.9034,86.9776,-0.0749,-0.0742,0.0007
3032,789.6,236.5,86.8978,86.8985,86.9776,-0.0798,-0.0791,0.0007
3033,976.6,242.9,86.8929,86.8935,86.9718,-0.0789,-0.0782,0.0007
3034,1020.6,264.1,86.8879,86.8886,86.9663,-0.0784,-0.0777,0.0007
3035,1000.5,212.3,86.8830,86.8837,86.9611,-0.0781,-0.0774,0.0007
3036,999.7,219.0,86.8781,86.8788,86.9560,-0.0779,-0.0772,0.0007
3037,998.9,217.4,86.8732,86.8739,86.9506,-0.0774,-0.0767,0.0007
3038,1000.2,229.2,86.8683,86.8690,86.9447,-0.0764,-0.0757,0.0007
3039,1000.0,294.8,86.8634,86.8641,86.9391,-0.0757,-0.0750,0.0007
3040,1003.3,2240.7,86.8585,86.8592,86.9334,-0.0749,-0.0742,0.0007
3041,2245.9,355.3,86.8536,86.8543,86.9161,-0.0625,-0.0618,0.0007
3042,357.9,308.4,86.8487,86.8494,86.9161,-0.0673,-0.0666,0.0007
3043,396.7,215.2,86.8438,86.8445,86.9161,-0.0722,-0.0715,0.0007
3044,976.4,243.4,86.8390,86.8397,86.9104,-0.0714,-0.0707,0.0007
3045,1021.0,206.0,86.8341,86.8348,86.9048,-0.0707,-0.0700,0.0007
3046,1007.2,261.6,86.8292,86.8299,86.8989,-0.0697,-0.0690,0.0007
3047,995.9,282.1,86.8244,86.8251,86.8938,-0.0694,-0.0687,0.0007
3048,1007.2,308.6,86.8195,86.8202,86.8890,-0.0694,-0.0687,0.0007
3049,992.1,252.1,86.8147,86.8154,86.8836,-0.0690,-0.0682,0.0007
3050,999.8,215.2,86.8098,86.8105,86.8787,-0.0688,-0.0681,0.0007
3051,1013.8,304.6,86.8050,86.8057,86.8735,-0.0686,-0.0678,0.0007
3052,990.6,310.8,86.8002,86.8009,86.8685,-0.0683,-0.0676,0.0007
3053,994.7,248.4,86.7953,86.7961,86.8636,-0.0683,-0.0676,0.0007
3054,1001.1,308.8,86.7905,86.7912,86.8587,-0.0682,-0.0674,0.0007
3055,998.4,294.8,86.7857,86.7864,86.8543,-0.0686,-0.0679,0.0007
3056,1000.5,234.7,86.7809,86.7816,86.8500,-0.0691,-0.0684,0.0007
3057,1000.2,240.2,86.7761,86.7768,86.8457,-0.0696,-0.0689,0.0007
3058,987.1,267.7,86.7713,86.7720,86.8411,-0.0698,-0.0691,0.0007
3059,1014.5,258.8,86.7665,86.7672,86.8367,-0.0702,-0.0695,0.0007
3060,1004.9,296.9,86.7617,86.7624,86.8323,-0.0706,-0.0699,0.0007
3061,993.3,238.2,86.7569,86.7576,86.8279,-0.0710,-0.0702,0.0007
3062,1000.4,218.1,86.7521,86.7528,86.8231,-0.0710,-0.0703,0.0008
3063,1000.0,296.8,86.7473,86.7481,86.8189,-0.0716,-0.0708,0.0008
3064,998.5,289.1,86.7425,86.7433,86.8146,-0.0720,-0.0713,0.0008
3065,1001.5,306.7,86.7378,86.7385,86.8103,-0.0725,-0.0717,0.0008
3066,998.7,284.7,86.7330,86.7338,86.8056,-0.0726,-0.0718,0.0008
3067,1003.6,324.6,86.7283,86.7290,86.8012,-0.0730,-0.0722,0.0008
3068,1011.4,341.3,86.7235,86.7243,86.7970,-0.0735,-0.0727,0.0008
3069,996.3,313.0,86.7188,86.7195,86.7926,-0.0738,-0.0731,0.0008
3070,1008.0,336.0,86.7140,86.7148,86.7878,-0.0738,-0.0730,0.0008
3071,992.8,273.8,86.7093,86.7101,86.7833,-0.0740,-0.0732,0.0008
3072,997.2,308.0,86.7046,86.7053,86.7786,-0.0741,-0.0733,0.0008
3073,1001.7,310.8,86.6998,86.7006,86.7741,-0.0742,-0.0735,0.0008
3074,1037.2,357.4,86.6951,86.6959,86.7692,-0.0741,-0.0733,0.0008
3075,963.4,284.5,86.6904,86.6912,86.7646,-0.0742,-0.0734,0.0008
3076,998.3,294.8,86.6857,86.6865,86.7600,-0.0743,-0.0735,0.0008
3077,998.8,293.6,86.6810,86.6818,86.7553,-0.0743,-0.0735,0.0008
3078,991.5,252.3,86.6763,86.6771,86.7500,-0.0737,-0.0729,0.0008
3079,1003.5,286.4,86.6716,86.6724,86.7449,-0.0733,-0.0725,0.0008
3080,994.7,210.5,86.6669,86.6677,86.7399,-0.0730,-0.0722,0.0008
3081,999.8,258.3,86.6622,86.6630,86.7350,-0.0728,-0.0720,0.0008
3082,1001.8,274.5,86.6575,86.6583,86.7297,-0.0721,-0.0713,0.0008
3083,1005.8,303.9,86.6529,86.6537,86.7249,-0.0720,-0.0712,0.0008
3084,951.9,251.9,86.6482,86.6490,86.7201,-0.0719,-0.0711,0.0008
3085,1045.7,272.9,86.6435,86.6443,86.7155,-0.0720,-0.0711,0.0008
3086,1002.4,306.5,86.6389,86.6397,86.7105,-0.0716,-0.0708,0.0008
3087,1002.6,315.6,86.6342,86.6350,86.7056,-0.0714,-0.0706,0.0008
3088,1007.8,323.9,86.6296,86.6304,86.7005,-0.0710,-0.0702,0.0008
3089,994.1,345.2,86.6249,86.6257,86.6954,-0.0705,-0.0697,0.0008
3090,999.1,331.5,86.6203,86.6211,86.6900,-0.0697,-0.0689,0.0008
3091,1000.0,281.1,86.6157,86.6165,86.6850,-0.0693,-0.0685,0.0008
3092,1000.7,331.6,86.6110,86.6119,86.6801,-0.0690,-0.0682,0.0008
3093,1000.4,335.6,86.6064,86.6072,86.6753,-0.0688,-0.0680,0.0008
3094,999.7,258.9,86.6018,86.6026,86.6700,-0.0682,-0.0674,0.0008
3095,999.8,328.3,86.5972,86.5980,86.6652,-0.0680,-0.0671,0.0008
3096,1004.3,386.4,86.5926,86.5934,86.6602,-0.0676,-0.0668,0.0008
3097,1000.2,373.3,86.5880,86.5888,86.6552,-0.0672,-0.0664,0.0008
3098,995.2,376.5,86.5834,86.5842,86.6497,-0.0664,-0.0655,0.0008
3099,1013.5,352.7,86.5788,86.5796,86.6446,-0.0658,-0.0649,0.0008
3100,993.5,1027.2,86.5742,86.5751,86.6393,-0.0651,-0.0643,0.0009
3101,1037.7,371.6,86.5696,86.5705,86.6344,-0.0648,-0.0639,0.0009
3102,947.3,329.0,86.5651,86.5659,86.6293,-0.0642,-0.0634,0.0009
3103,997.9,255.3,86.5605,86.5614,86.6246,-0.0641,-0.0632,0.0009
3104,1022.5,411.7,86.5559,86.5568,86.6197,-0.0638,-0.0629,0.0009
3105,994.7,327.8,86.5514,86.5522,86.6148,-0.0634,-0.0626,0.0009
3106,987.4,284.8,86.5468,86.5477,86.6097,-0.0629,-0.0620,0.0009
3107,996.9,279.1,86.5423,86.5432,86.6050,-0.0628,-0.0619,0.0009
3108,1000.8,294.7,86.5377,86.5386,86.6006,-0.0629,-0.0620,0.0009
3109,999.1,255.8,86.5332,86.5341,86.5963,-0.0631,-0.0622,0.0009
3110,1000.0,225.7,86.5287,86.5296,86.5918,-0.0631,-0.0622,0.0009
3111,1000.8,268.9,86.5242,86.5250,86.5877,-0.0635,-0.0626,0.0009
3112,999.1,237.4,86.5196,86.5205,86.5837,-0.0640,-0.0632,0.0009
3113,1000.0,229.3,86.5151,86.5160,86.5798,-0.0646,-0.0637,0.0009
3114,961.6,299.4,86.5106,86.5115,86.5756,-0.0650,-0.0641,0.0009
3115,1037.7,316.8,86.5061,86.5070,86.5716,-0.0655,-0.0646,0.0009
3116,981.6,288.3,86.5016,86.5025,86.5676,-0.0660,-0.0651,0.0009
3117,1018.6,314.7,86.4971,86.4980,86.5634,-0.0663,-0.0654,0.0009
3118,1001.9,268.1,86.4927,86.4936,86.5588,-0.0661,-0.0652,0.0009
3119,1000.0,251.8,86.4882,86.4891,86.5546,-0.0665,-0.0656,0.0009
3120,1000.3,245.0,86.4837,86.4846,86.5505,-0.0668,-0.0659,0.0009
3121,999.3,266.2,86.4792,86.4801,86.5465,-0.0673,-0.0664,0.0009
3122,1003.5,340.5,86.4748,86.4757,86.5422,-0.0674,-0.0665,0.0009
3123,1008.3,328.4,86.4703,86.4712,86.5380,-0.0677,-0.0668,0.0009
3124,998.0,315.1,86.4659,86.4668,86.5337,-0.0678,-0.0669,0.0009
3125,966.9,270.0,86.4614,86.4623,86.5294,-0.0680,-0.0671,0.0009
3126,1022.9,259.2,86.4570,86.4579,86.5248,-0.0678,-0.0669,0.0009
3127,996.8,243.4,86.4525,86.4535,86.5204,-0.0679,-0.0669,0.0009
3128,1001.0,232.6,86.4481,86.4490,86.5162,-0.0680,-0.0671,0.0009
3129,1001.3,240.0,86.4437,86.4446,86.5120,-0.0683,-0.0673,0.0009
3130,999.9,223.1,86.4393,86.4402,86.5075,-0.0682,-0.0673,0.0009
3131,1000.0,262.5,86.4349,86.4358,86.5033,-0.0684,-0.0675,0.0009
3132,998.3,234.6,86.4305,86.4314,86.4991,-0.0687,-0.0678,0.0009
3133,1004.2,372.5,86.4261,86.4270,86.4951,-0.0690,-0.0681,0.0009
3134,996.3,246.8,86.4217,86.4226,86.4906,-0.0689,-0.0680,0.0009
3135,1023.7,334.9,86.4173,86.4182,86.4863,-0.0691,-0.0681,0.0009
3136,988.5,326.4,86.4129,86.4138,86.4814,-0.0685,-0.0676,0.0010
3137,998.6,324.9,86.4085,86.4095,86.4771,-0.0686,-0.0677,0.0010
3138,992.4,254.7,86.4041,86.4051,86.4726,-0.0685,-0.0675,0.0010
3139,998.5,261.6,86.3998,86.4007,86.4686,-0.0688,-0.0678,0.0010
3140,1000.0,271.3,86.3954,86.3964,86.4646,-0.0692,-0.0683,0.0010
3141,1000.0,292.1,86.3910,86.3920,86.4607,-0.0697,-0.0687,0.0010
3142,1001.1,243.4,86.3867,86.3877,86.4565,-0.0698,-0.0688,0.0010
3143,998.9,235.8,86.3824,86.3833,86.4524,-0.0701,-0.0691,0.0010
3144,1000.5,282.3,86.3780,86.3790,86.4482,-0.0702,-0.0692,0.0010
3145,1006.3,318.5,86.3737,86.3747,86.4434,-0.0698,-0.0688,0.0010
3146,1001.0,291.1,86.3694,86.3703,86.4389,-0.0696,-0.0686,0.0010
3147,990.7,241.2,86.3650,86.3660,86.4343,-0.0692,-0.0683,0.0010
3148,998.7,230.6,86.3607,86.3617,86.4296,-0.0689,-0.0679,0.0010
3149,1003.6,501.8,86.3564,86.3574,86.4250,-0.0686,-0.0676,0.0010
3150,1003.7,300.3,86.3521,86.3531,86.4200,-0.0679,-0.0669,0.0010
3151,1000.8,254.2,86.3478,86.3488,86.4155,-0.0677,-0.0667,0.0010
3152,995.2,238.1,86.3435,86.3445,86.4108,-0.0673,-0.0663,0.0010
3153,998.8,282.2,86.3392,86.3402,86.4108,-0.0716,-0.0706,0.0010
3154,1005.1,324.4,86.3349,86.3359,86.4061,-0.0711,-0.0701,0.0010
3155,1011.4,317.5,86.3307,86.3317,86.4008,-0.0701,-0.0691,0.0010
3156,994.2,286.3,86.3264,86.3274,86.3958,-0.0693,-0.0683,0.0010
3157,1001.6,330.3,86.3221,86.3232,86.3906,-0.0684,-0.0674,0.0010
3158,998.7,344.8,86.3179,86.3189,86.3853,-0.0674,-0.0664,0.0010
3159,999.3,345.8,86.3136,86.3146,86.3796,-0.0660,-0.0650,0.0010
3160,999.7,397.8,86.3094,86.3104,86.3745,-0.0651,-0.0641,0.0010
3161,1009.6,349.4,86.3051,86.3062,86.3696,-0.0645,-0.0635,0.0010
3162,998.3,331.1,86.3009,86.3019,86.3647,-0.0638,-0.0628,0.0010
3163,998.8,426.4,86.2967,86.2977,86.3595,-0.0628,-0.0618,0.0010
3164,1000.2,377.5,86.2925,86.2935,86.3546,-0.0621,-0.0611,0.0010
3165,1000.1,326.0,86.2882,86.2893,86.3496,-0.0614,-0.0604,0.0010
3166,997.9,415.8,86.2840,86.2851,86.3447,-0.0607,-0.0597,0.0010
3167,1007.4,443.3,86.2798,86.2809,86.3397,-0.0598,-0.0588,0.0010
3168,997.0,365.4,86.2756,86.2767,86.3352,-0.0596,-0.0585,0.0010
3169,984.9,258.8,86.2714,86.2725,86.3309,-0.0595,-0.0584,0.0010
3170,999.6,317.0,86.2672,86.2683,86.3266,-0.0594,-0.0583,0.0010
3171,1072.6,566.9,86.2631,86.2641,86.3178,-0.0547,-0.0537,0.0011
3172,943.1,334.1,86.2589,86.2599,86.3178,-0.0589,-0.0579,0.0011
3173,978.2,357.6,86.2547,86.2558,86.3137,-0.0589,-0.0579,0.0011
3174,1005.9,288.3,86.2506,86.2516,86.3095,-0.0589,-0.0579,0.0011
3175,1006.5,337.7,86.2464,86.2475,86.3048,-0.0584,-0.0573,0.0011
3176,1000.2,324.0,86.2422,86.2433,86.3004,-0.0582,-0.0571,0.0011
3177,998.8,349.2,86.2381,86.2392,86.2962,-0.0581,-0.0571,0.0011
3178,1013.6,355.0,86.2340,86.2350,86.2922,-0.0583,-0.0572,0.0011
3179,987.7,365.7,86.2298,86.2309,86.2879,-0.0581,-0.0570,0.0011
3180,1000.3,311.2,86.2257,86.2268,86.2839,-0.0582,-0.0571,0.0011
3181,997.5,285.2,86.2216,86.2227,86.2799,-0.0583,-0.0572,0.0011
3182,1000.0,351.4,86.2175,86.2185,86.2758,-0.0583,-0.0572,0.0011
3183,999.6,264.1,86.2133,86.2144,86.2714,-0.0580,-0.0569,0.0011
3184,1006.5,326.9,86.2092,86.2103,86.2672,-0.0580,-0.0569,0.0011
3185,983.7,274.8,86.2051,86.2062,86.2631,-0.0579,-0.0569,0.0011
3186,1000.0,242.3,86.2010,86.2021,86.2590,-0.0580,-0.0569,0.0011
3187,1000.9,266.4,86.1970,86.1981,86.2547,-0.0578,-0.0567,0.0011
3188,998.0,291.5,86.1929,86.1940,86.2508,-0.0579,-0.0568,0.0011
3189,1016.1,354.0,86.1888,86.1899,86.2469,-0.0581,-0.0570,0.0011
3190,987.1,340.8,86.1847,86.1858,86.2430,-0.0583,-0.0572,0.0011
3191,1013.1,396.7,86.1807,86.1818,86.2388,-0.0581,-0.0570,0.0011
3192,996.3,357.9,86.1766,86.1777,86.2348,-0.0582,-0.0571,0.0011
3193,999.1,348.7,86.1726,86.1737,86.2307,-0.0581,-0.0570,0.0011
3194,999.8,326.4,86.1685,86.1696,86.2267,-0.0582,-0.0571,0.0011
3195,1010.6,391.4,86.1645,86.1656,86.2225,-0.0580,-0.0569,0.0011
3196,1000.2,337.1,86.1605,86.1616,86.2185,-0.0580,-0.0569,0.0011
3197,981.0,243.2,86.1564,86.1576,86.2148,-0.0584,-0.0572,0.0011
3198,1001.7,236.8,86.1524,86.1535,86.2112,-0.0588,-0.0577,0.0011
3199,998.6,264.2,86.1484,86.1495,86.2075,-0.0591,-0.0580,0.0011
3200,999.2,369.0,86.1444,86.1455,86.2041,-0.0597,-0.0586,0.0011
3201,1014.5,362.5,86.1404,86.1415,86.2008,-0.0605,-0.0593,0.0011
3202,996.0,324.2,86.1364,86.1375,86.1975,-0.0611,-0.0599,0.0011
3203,998.3,317.6,86.1324,86.1335,86.1938,-0.0614,-0.0603,0.0011
3204,1000.6,269.2,86.1284,86.1296,86.1904,-0.0620,-0.0608,0.0012
3205,999.2,322.7,86.1244,86.1256,86.1869,-0.0624,-0.0613,0.0012
3206,999.5,277.7,86.1205,86.1216,86.1833,-0.0628,-0.0617,0.0012
3207,1002.3,361.9,86.1165,86.1177,86.1793,-0.0628,-0.0616,0.0012
3208,1005.2,348.3,86.1125,86.1137,86.1755,-0.0630,-0.0618,0.0012
3209,1001.6,333.7,86.1086,86.1098,86.1717,-0.0631,-0.0620,0.0012
3210,995.1,331.9,86.1046,86.1058,86.1680,-0.0633,-0.0622,0.0012
3211,999.3,356.1,86.1007,86.1019,86.1640,-0.0633,-0.0621,0.0012
3212,1001.3,572.6,86.0968,86.0979,86.1603,-0.0636,-0.0624,0.0012
3213,997.4,361.6,86.0928,86.0940,86.1568,-0.0640,-0.0628,0.0012
3214,999.7,328.4,86.0889,86.0901,86.1531,-0.0642,-0.0631,0.0012
3215,998.4,326.4,86.0850,86.0862,86.1490,-0.0640,-0.0628,0.0012
3216,989.7,261.8,86.0811,86.0823,86.1449,-0.0638,-0.0626,0.0012
3217,1005.1,275.3,86.0772,86.0784,86.1407,-0.0635,-0.0623,0.0012
3218,996.1,270.3,86.0733,86.0745,86.1365,-0.0632,-0.0620,0.0012
3219,998.5,254.4,86.0694,86.0706,86.1323,-0.0629,-0.0617,0.0012
3220,1000.4,253.8,86.0655,86.0667,86.1278,-0.0623,-0.0611,0.0012
3221,1000.7,280.2,86.0616,86.0628,86.1235,-0.0619,-0.0607,0.0012
3222,999.4,250.4,86.0578,86.0590,86.1192,-0.0615,-0.0603,0.0012
3223,1000.1,261.4,86.0539,86.0551,86.1149,-0.0610,-0.0598,0.0012
3224,999.9,258.5,86.0500,86.0512,86.1105,-0.0604,-0.0592,0.0012
3225,1002.6,317.1,86.0462,86.0474,86.1064,-0.0602,-0.0590,0.0012
3226,1003.0,292.2,86.0423,86.0435,86.1023,-0.0600,-0.0587,0.0012
3227,997.6,255.6,86.0385,86.0397,86.0981,-0.0597,-0.0584,0.0012
3228,954.0,257.6,86.0346,86.0359,86.0937,-0.0590,-0.0578,0.0012
3229,1036.8,324.6,86.0308,86.0320,86.0895,-0.0587,-0.0574,0.0012
3230,1020.5,335.2,86.0270,86.0282,86.0854,-0.0584,-0.0572,0.0012
3231,1000.7,370.8,86.0232,86.0244,86.0815,-0.0583,-0.0571,0.0012
3232,999.3,343.1,86.0194,86.0206,86.0776,-0.0582,-0.0570,0.0012
3233,996.3,341.3,86.0156,86.0168,86.0740,-0.0584,-0.0572,0.0012
3234,999.1,320.9,86.0118,86.0130,86.0705,-0.0587,-0.0574,0.0012
3235,1005.9,338.6,86.0080,86.0092,86.0669,-0.0589,-0.0577,0.0012
3236,996.1,299.1,86.0042,86.0054,86.0631,-0.0589,-0.0577,0.0013
3237,998.1,277.2,86.0004,86.0017,86.0595,-0.0591,-0.0578,0.0013
3238,1001.2,345.5,85.9966,85.9979,86.0558,-0.0592,-0.0579,0.0013
3239,1003.0,326.7,85.9929,85.9941,86.0520,-0.0591,-0.0578,0.0013
3240,995.6,347.6,85.9891,85.9904,86.0478,-0.0587,-0.0574,0.0013
3241,1009.8,362.3,85.9854,85.9866,86.0439,-0.0585,-0.0572,0.0013
3242,991.0,261.1,85.9816,85.9829,86.0400,-0.0584,-0.0571,0.0013
3243,1015.3,850.5,85.9779,85.9791,86.0361,-0.0582,-0.0569,0.0013
3244,982.9,302.4,85.9741,85.9754,86.0319,-0.0577,-0.0565,0.0013
3245,1008.0,350.6,85.9704,85.9717,86.0280,-0.0576,-0.0563,0.0013
3246,1014.4,329.5,85.9667,85.9680,86.0241,-0.0574,-0.0562,0.0013
3247,971.3,254.0,85.9630,85.9643,86.0202,-0.0572,-0.0559,0.0013
3248,1012.0,240.7,85.9593,85.9606,86.0158,-0.0566,-0.0553,0.0013
3249,988.4,274.4,85.9556,85.9569,86.0116,-0.0560,-0.0547,0.0013
3250,964.8,241.0,85.9519,85.9532,86.0073,-0.0555,-0.0542,0.0013
3251,1036.8,274.2,85.9482,85.9495,86.0033,-0.0551,-0.0538,0.0013
3252,1013.2,320.6,85.9445,85.9458,85.9988,-0.0544,-0.0530,0.0013
3253,993.5,306.9,85.9408,85.9421,85.9949,-0.0540,-0.0527,0.0013
3254,998.9,479.4,85.9371,85.9385,85.9909,-0.0538,-0.0525,0.0013
3255,1000.9,329.8,85.9335,85.9348,85.9871,-0.0536,-0.0523,0.0013
3256,999.4,290.6,85.9298,85.9311,85.9829,-0.0530,-0.0517,0.0013
3257,1002.6,297.8,85.9262,85.9275,85.9790,-0.0528,-0.0515,0.0013
3258,997.9,286.5,85.9225,85.9238,85.9751,-0.0526,-0.0513,0.0013
3259,998.1,287.2,85.9189,85.9202,85.9711,-0.0523,-0.0509,0.0013
3260,1002.1,271.2,85.9153,85.9166,85.9669,-0.0516,-0.0503,0.0013
3261,1001.5,262.9,85.9116,85.9130,85.9630,-0.0513,-0.0500,0.0013
3262,1002.6,339.5,85.9080,85.9093,85.9593,-0.0513,-0.0499,0.0013
3263,998.8,350.7,85.9044,85.9057,85.9557,-0.0513,-0.0500,0.0013
3264,964.1,300.4,85.9008,85.9021,85.9522,-0.0514,-0.0501,0.0013
3265,1034.5,319.6,85.8972,85.8985,85.9489,-0.0517,-0.0503,0.0013
3266,1006.7,666.8,85.8936,85.8949,85.9456,-0.0520,-0.0507,0.0013
3267,1000.8,355.9,85.8900,85.8914,85.9425,-0.0525,-0.0511,0.0014
3268,982.8,250.4,85.8864,85.8878,85.9389,-0.0525,-0.0511,0.0014
3269,998.1,258.1,85.8829,85.8842,85.9355,-0.0526,-0.0513,0.0014
3270,1003.2,250.6,85.8793,85.8806,85.9320,-0.0527,-0.0514,0.0014
3271,998.2,281.8,85.8757,85.8771,85.9286,-0.0529,-0.0515,0.0014
3272,1017.4,329.7,85.8722,85.8735,85.9249,-0.0527,-0.0513,0.0014
3273,999.7,320.6,85.8686,85.8700,85.9215,-0.0529,-0.0515,0.0014
3274,982.6,284.0,85.8651,85.8665,85.9182,-0.0531,-0.0517,0.0014
3275,999.8,256.3,85.8615,85.8629,85.9147,-0.0531,-0.0518,0.0014
3276,999.7,282.9,85.8580,85.8594,85.9108,-0.0527,-0.0514,0.0014
3277,999.3,255.1,85.8545,85.8559,85.9073,-0.0528,-0.0514,0.0014
3278,999.5,240.4,85.8510,85.8524,85.9043,-0.0533,-0.0519,0.0014
3279,1000.5,266.4,85.8475,85.8489,85.9013,-0.0538,-0.0524,0.0014
3280,1001.6,248.3,85.8440,85.8454,85.8979,-0.0540,-0.0526,0.0014
3281,1000.1,259.0,85.8405,85.8419,85.8947,-0.0542,-0.0528,0.0014
3282,999.1,261.0,85.8370,85.8384,85.8913,-0.0544,-0.0530,0.0014
3283,999.1,273.5,85.8335,85.8349,85.8879,-0.0544,-0.0530,0.0014
3284,1002.9,265.2,85.8300,85.8314,85.8840,-0.0540,-0.0526,0.0014
3285,999.2,261.5,85.8266,85.8280,85.8802,-0.0537,-0.0523,0.0014
3286,1001.0,266.0,85.8231,85.8245,85.8767,-0.0536,-0.0522,0.0014
3287,998.0,243.7,85.8196,85.8211,85.8732,-0.0536,-0.0521,0.0014
3288,1023.0,404.8,85.8162,85.8176,85.8694,-0.0533,-0.0518,0.0014
3289,986.4,324.9,85.8127,85.8142,85.8659,-0.0532,-0.0517,0.0014
3290,966.0,296.6,85.8093,85.8107,85.8625,-0.0532,-0.0518,0.0014
3291,1034.6,343.6,85.8059,85.8073,85.8592,-0.0533,-0.0519,0.0014
3292,1001.4,265.4,85.8025,85.8039,85.8555,-0.0530,-0.0516,0.0014
3293,994.5,362.8,85.7990,85.8005,85.8520,-0.0530,-0.0515,0.0014
3294,1001.0,269.0,85.7956,85.7971,85.8483,-0.0527,-0.0513,0.0014
3295,1005.4,243.8,85.7922,85.7937,85.8446,-0.0524,-0.0510,0.0014
3296,996.2,337.2,85.7888,85.7903,85.8407,-0.0518,-0.0504,0.0014
3297,993.7,279.4,85.7854,85.7869,85.8371,-0.0516,-0.0502,0.0014
3298,1003.6,286.1,85.7821,85.7835,85.8335,-0.0514,-0.0500,0.0015
3299,1000.9,288.7,85.7787,85.7801,85.8299,-0.0512,-0.0498,0.0015
3300,1001.0,341.4,85.7753,85.7768,85.8264,-0.0511,-0.0496,0.0015
3301,999.5,286.4,85.7719,85.7734,85.8226,-0.0507,-0.0492,0.0015
3302,1006.9,363.6,85.7686,85.7701,85.8192,-0.0506,-0.0492,0.0015
3303,995.6,339.8,85.7652,85.7667,85.8160,-0.0508,-0.0493,0.0015
3304,993.4,286.9,85.7619,85.7634,85.8127,-0.0508,-0.0493,0.0015
3305,1028.7,395.1,85.7586,85.7600,85.8095,-0.0510,-0.0495,0.0015
3306,980.0,366.3,85.7552,85.7567,85.8063,-0.0511,-0.0496,0.0015
3307,1007.4,1058.2,85.7519,85.7534,85.8023,-0.0504,-0.0490,0.0015
3308,1063.9,320.0,85.7486,85.7501,85.7985,-0.0499,-0.0484,0.0015
3309,918.8,288.2,85.7453,85.7468,85.7954,-0.0501,-0.0486,0.0015
3310,1166.4,303.4,85.7420,85.7435,85.7913,-0.0493,-0.0478,0.0015
3311,832.8,256.7,85.7387,85.7402,85.7879,-0.0492,-0.0477,0.0015
3312,987.3,463.3,85.7354,85.7369,85.7841,-0.0488,-0.0473,0.0015
3313,1000.6,261.4,85.7321,85.7336,85.7806,-0.0485,-0.0470,0.0015
3314,1011.1,307.8,85.7288,85.7303,85.7772,-0.0484,-0.0469,0.0015
3315,998.4,303.1,85.7256,85.7271,85.7738,-0.0483,-0.0468,0.0015
3316,1000.8,257.3,85.7223,85.7238,85.7702,-0.0479,-0.0464,0.0015
3317,998.7,260.2,85.7190,85.7206,85.7668,-0.0477,-0.0462,0.0015
3318,1002.2,259.6,85.7158,85.7173,85.7632,-0.0474,-0.0459,0.0015
3319,1001.0,267.0,85.7126,85.7141,85.7596,-0.0471,-0.0455,0.0015
3320,996.9,226.8,85.7093,85.7108,85.7557,-0.0464,-0.0449,0.0015
3321,1000.1,265.1,85.7061,85.7076,85.7521,-0.0460,-0.0445,0.0015
3322,999.2,230.1,85.7029,85.7044,85.7484,-0.0456,-0.0440,0.0015
3323,1012.2,314.1,85.6996,85.7012,85.7448,-0.0452,-0.0437,0.0015
3324,993.1,287.7,85.6964,85.6980,85.7448,-0.0484,-0.0469,0.0015
3325,1013.6,361.2,85.6932,85.6948,85.7409,-0.0477,-0.0461,0.0015
3326,999.1,346.6,85.6900,85.6916,85.7372,-0.0471,-0.0456,0.0015
3327,1001.9,337.6,85.6869,85.6884,85.7335,-0.0467,-0.0451,0.0015
3328,965.8,246.9,85.6837,85.6852,85.7297,-0.0460,-0.0445,0.0016
3329,986.6,232.7,85.6805,85.6821,85.7262,-0.0457,-0.0441,0.0016
3330,1016.0,332.0,85.6773,85.6789,85.7227,-0.0454,-0.0438,0.0016
3331,1040.3,398.2,85.6742,85.6757,85.7192,-0.0450,-0.0434,0.0016
3332,984.0,327.5,85.6710,85.6726,85.7152,-0.0442,-0.0426,0.0016
3333,1002.1,325.0,85.6679,85.6694,85.7115,-0.0437,-0.0421,0.0016
3334,1029.1,371.2,85.6647,85.6663,85.7079,-0.0432,-0.0416,0.0016
3335,956.7,321.7,85.6616,85.6632,85.7046,-0.0430,-0.0414,0.0016
3336,1021.0,323.9,85.6585,85.6600,85.7012,-0.0427,-0.0411,0.0016
3337,995.8,287.5,85.6553,85.6569,85.6981,-0.0427,-0.0411,0.0016
3338,999.7,406.1,85.6522,85.6538,85.6951,-0.0428,-0.0413,0.0016
3339,998.3,337.0,85.6491,85.6507,85.6922,-0.0431,-0.0415,0.0016
3340,1001.7,333.1,85.6460,85.6476,85.6892,-0.0432,-0.0416,0.0016
3341,994.3,346.6,85.6429,85.6445,85.6864,-0.0434,-0.0418,0.0016
3342,1001.4,362.1,85.6399,85.6415,85.6836,-0.0438,-0.0422,0.0016
3343,1009.6,402.2,85.6368,85.6384,85.6808,-0.0440,-0.0424,0.0016
3344,985.2,341.9,85.6337,85.6353,85.6776,-0.0439,-0.0423,0.0016
3345,1023.8,321.0,85.6306,85.6322,85.6745,-0.0439,-0.0423,0.0016
3346,984.7,311.9,85.6276,85.6292,85.6714,-0.0438,-0.0422,0.0016
3347,995.1,277.2,85.6245,85.6261,85.6682,-0.0437,-0.0421,0.0016
3348,992.6,252.0,85.6215,85.6231,85.6649,-0.0434,-0.0418,0.0016
3349,999.6,268.5,85.6184,85.6201,85.6619,-0.0434,-0.0418,0.0016
3350,1225.7,385.2,85.6154,85.6170,85.6560,-0.0406,-0.0390,0.0016
3351,781.4,269.9,85.6124,85.6140,85.6560,-0.0436,-0.0420,0.0016
3352,1001.9,246.0,85.6094,85.6110,85.6532,-0.0438,-0.0422,0.0016
3353,1000.5,260.8,85.6064,85.6080,85.6504,-0.0441,-0.0424,0.0016
3354,999.9,251.6,85.6034,85.6050,85.6476,-0.0442,-0.0426,0.0016
3355,999.0,233.3,85.6004,85.6020,85.6445,-0.0441,-0.0425,0.0016
3356,998.8,264.6,85.5974,85.5990,85.6415,-0.0442,-0.0425,0.0016
3357,999.8,265.4,85.5944,85.5960,85.6385,-0.0441,-0.0424,0.0017
3358,1000.9,245.6,85.5914,85.5931,85.6354,-0.0440,-0.0424,0.0017
3359,999.6,258.4,85.5885,85.5901,85.6320,-0.0436,-0.0419,0.0017
3360,1002.1,249.1,85.5855,85.5872,85.6287,-0.0433,-0.0416,0.0017
3361,998.7,257.3,85.5825,85.5842,85.6255,-0.0430,-0.0413,0.0017
3362,1000.2,284.0,85.5796,85.5813,85.6225,-0.0429,-0.0412,0.0017
3363,995.0,283.1,85.5767,85.5783,85.6194,-0.0427,-0.0410,0.0017
3364,996.0,283.9,85.5737,85.5754,85.6166,-0.0429,-0.0413,0.0017
3365,1012.4,335.5,85.5708,85.5725,85.6140,-0.0432,-0.0415,0.0017
3366,992.5,356.9,85.5679,85.5696,85.6113,-0.0434,-0.0417,0.0017
3367,998.7,285.3,85.5650,85.5666,85.6085,-0.0435,-0.0418,0.0017
3368,1009.4,317.2,85.5621,85.5637,85.6057,-0.0437,-0.0420,0.0017
3369,1006.2,321.8,85.5592,85.5609,85.6031,-0.0439,-0.0422,0.0017
3370,980.5,256.9,85.5563,85.5580,85.6004,-0.0441,-0.0424,0.0017
3371,1000.6,314.4,85.5534,85.5551,85.5975,-0.0441,-0.0424,0.0017
3372,999.3,234.5,85.5505,85.5522,85.5949,-0.0444,-0.0427,0.0017
3373,1039.8,348.5,85.5476,85.5493,85.5924,-0.0447,-0.0430,0.0017
3374,961.4,253.9,85.5448,85.5465,85.5898,-0.0450,-0.0433,0.0017
3375,1004.2,233.5,85.5419,85.5436,85.5869,-0.0450,-0.0433,0.0017
3376,992.6,268.9,85.5391,85.5408,85.5843,-0.0452,-0.0435,0.0017
3377,1000.6,261.1,85.5362,85.5379,85.5816,-0.0454,-0.0436,0.0017
3378,971.3,264.5,85.5334,85.5351,85.5790,-0.0456,-0.0439,0.0017
3379,1029.1,224.5,85.5306,85.5323,85.5763,-0.0457,-0.0440,0.0017
3380,1000.6,244.7,85.5277,85.5295,85.5738,-0.0461,-0.0443,0.0017
3381,1004.9,522.6,85.5249,85.5267,85.5714,-0.0464,-0.0447,0.0017
3382,1001.5,297.7,85.5221,85.5239,85.5691,-0.0469,-0.0452,0.0017
3383,993.9,274.9,85.5193,85.5211,85.5666,-0.0473,-0.0455,0.0017
3384,1000.2,252.9,85.5165,85.5183,85.5642,-0.0477,-0.0459,0.0017
3385,1006.1,250.0,85.5137,85.5155,85.5618,-0.0480,-0.0463,0.0018
3386,993.8,288.6,85.5110,85.5127,85.5592,-0.0483,-0.0465,0.0018
3387,999.5,215.7,85.5082,85.5100,85.5564,-0.0482,-0.0465,0.0018
3388,1003.9,260.4,85.5054,85.5072,85.5536,-0.0482,-0.0464,0.0018
3389,999.2,321.6,85.5027,85.5044,85.5506,-0.0480,-0.0462,0.0018
3390,998.4,321.0,85.4999,85.5017,85.5477,-0.0478,-0.0461,0.0018
3391,999.3,329.7,85.4972,85.4990,85.5446,-0.0474,-0.0456,0.0018
3392,998.9,268.1,85.4944,85.4962,85.5416,-0.0472,-0.0454,0.0018
3393,1000.6,241.3,85.4917,85.4935,85.5389,-0.0471,-0.0454,0.0018
3394,1000.2,241.3,85.4890,85.4908,85.5360,-0.0470,-0.0452,0.0018
3395,999.9,271.7,85.4863,85.4881,85.5329,-0.0466,-0.0448,0.0018
3396,980.2,256.1,85.4836,85.4854,85.5299,-0.0464,-0.0446,0.0018
3397,1023.5,247.9,85.4809,85.4827,85.5269,-0.0461,-0.0443,0.0018
3398,999.0,261.0,85.4782,85.4800,85.5239,-0.0457,-0.0440,0.0018
3399,1005.5,250.7,85.4755,85.4773,85.5207,-0.0452,-0.0434,0.0018
3400,994.6,241.9,85.4728,85.4746,85.5177,-0.0449,-0.0431,0.0018
3401,999.2,235.1,85.4701,85.4719,85.5146,-0.0445,-0.0427,0.0018
3402,998.9,278.1,85.4675,85.4693,85.5115,-0.0440,-0.0422,0.0018
3403,1018.9,351.3,85.4648,85.4666,85.5082,-0.0434,-0.0415,0.0018
3404,996.3,386.5,85.4622,85.4640,85.5052,-0.0430,-0.0412,0.0018
3405,984.8,241.5,85.4595,85.4613,85.5022,-0.0427,-0.0408,0.0018
3406,1002.6,271.1,85.4569,85.4587,85.4992,-0.0423,-0.0405,0.0018
3407,999.4,262.3,85.4543,85.4561,85.4959,-0.0416,-0.0398,0.0018
3408,1011.2,253.3,85.4516,85.4535,85.4928,-0.0412,-0.0393,0.0018
3409,994.3,438.8,85.4490,85.4509,85.4898,-0.0408,-0.0389,0.0018
3410,1005.6,293.1,85.4464,85.4483,85.4868,-0.0404,-0.0385,0.0018
3411,993.5,274.9,85.4438,85.4457,85.4837,-0.0398,-0.0380,0.0018
3412,1007.2,297.3,85.4412,85.4431,85.4807,-0.0395,-0.0376,0.0018
3413,993.2,295.5,85.4386,85.4405,85.4778,-0.0392,-0.0373,0.0019
3414,1004.7,333.7,85.4361,85.4379,85.4749,-0.0388,-0.0370,0.0019
3415,995.5,332.9,85.4335,85.4353,85.4715,-0.0381,-0.0362,0.0019
3416,1012.5,317.4,85.4309,85.4328,85.4684,-0.0375,-0.0356,0.0019
3417,1004.2,384.1,85.4284,85.4302,85.4653,-0.0370,-0.0351,0.0019
3418,1000.9,350.3,85.4258,85.4277,85.4623,-0.0365,-0.0346,0.0019
3419,986.0,284.6,85.4233,85.4252,85.4592,-0.0360,-0.0341,0.0019
3420,998.8,296.7,85.4207,85.4226,85.4564,-0.0357,-0.0338,0.0019
3421,1001.3,314.3,85.4182,85.4201,85.4536,-0.0354,-0.0335,0.0019
3422,1009.9,313.4,85.4157,85.4176,85.4509,-0.0352,-0.0333,0.0019
3423,1006.0,347.5,85.4132,85.4151,85.4482,-0.0350,-0.0331,0.0019
3424,985.8,281.5,85.4107,85.4126,85.4455,-0.0349,-0.0330,0.0019
3425,998.1,320.6,85.4082,85.4101,85.4430,-0.0349,-0.0330,0.0019
3426,1013.6,357.6,85.4057,85.4076,85.4405,-0.0349,-0.0330,0.0019
3427,1002.1,363.4,85.4032,85.4051,85.4379,-0.0347,-0.0328,0.0019
3428,994.8,359.9,85.4007,85.4026,85.4352,-0.0345,-0.0326,0.0019
3429,999.2,367.1,85.3983,85.4002,85.4325,-0.0343,-0.0324,0.0019
3430,999.1,342.0,85.3958,85.3977,85.4297,-0.0339,-0.0320,0.0019
3431,993.4,302.9,85.3933,85.3952,85.4266,-0.0333,-0.0314,0.0019
3432,997.9,285.2,85.3909,85.3928,85.4239,-0.0330,-0.0311,0.0019
3433,996.6,312.7,85.3884,85.3904,85.4210,-0.0326,-0.0307,0.0019
3434,999.8,280.1,85.3860,85.3879,85.4184,-0.0323,-0.0304,0.0019
3435,1000.0,270.8,85.3836,85.3855,85.4156,-0.0320,-0.0301,0.0019
3436,1000.8,285.6,85.3812,85.3831,85.4131,-0.0320,-0.0300,0.0019
3437,997.5,261.8,85.3788,85.3807,85.4105,-0.0317,-0.0298,0.0019
3438,1003.8,280.0,85.3763,85.3783,85.4079,-0.0316,-0.0296,0.0019
3439,998.5,438.0,85.3740,85.3759,85.4052,-0.0312,-0.0293,0.0019
3440,1001.4,365.2,85.3716,85.3735,85.4026,-0.0311,-0.0291,0.0019
3441,1001.1,316.4,85.3692,85.3711,85.4001,-0.0310,-0.0290,0.0020
3442,1007.6,287.6,85.3668,85.3688,85.3977,-0.0309,-0.0289,0.0020
3443,991.2,329.2,85.3644,85.3664,85.3952,-0.0308,-0.0288,0.0020
3444,1008.9,373.5,85.3621,85.3640,85.3927,-0.0306,-0.0286,0.0020
3445,986.0,356.6,85.3597,85.3617,85.3904,-0.0307,-0.0288,0.0020
3446,1000.8,412.7,85.3574,85.3593,85.3882,-0.0308,-0.0289,0.0020
3447,998.1,264.8,85.3550,85.3570,85.3857,-0.0307,-0.0287,0.0020
3448,998.0,300.0,85.3527,85.3547,85.3834,-0.0306,-0.0287,0.0020
3449,1009.6,293.3,85.3504,85.3524,85.3809,-0.0305,-0.0285,0.0020
3450,997.7,285.6,85.3481,85.3501,85.3784,-0.0303,-0.0283,0.0020
3451,1000.0,295.3,85.3458,85.3477,85.3755,-0.0298,-0.0278,0.0020
3452,997.9,270.1,85.3435,85.3454,85.3728,-0.0294,-0.0274,0.0020
3453,999.9,279.6,85.3412,85.3432,85.3702,-0.0291,-0.0271,0.0020
3454,1004.8,285.0,85.3389,85.3409,85.3678,-0.0289,-0.0269,0.0020
3455,998.2,263.3,85.3366,85.3386,85.3652,-0.0286,-0.0266,0.0020
3456,998.5,295.0,85.3343,85.3363,85.3629,-0.0286,-0.0266,0.0020
3457,1021.3,515.2,85.3321,85.3341,85.3607,-0.0287,-0.0267,0.0020
3458,981.2,318.6,85.3298,85.3318,85.3585,-0.0287,-0.0267,0.0020
3459,992.5,262.5,85.3275,85.3296,85.3561,-0.0286,-0.0265,0.0020
3460,1002.8,292.9,85.3253,85.3273,85.3540,-0.0287,-0.0267,0.0020
3461,995.7,279.3,85.3231,85.3251,85.3517,-0.0287,-0.0267,0.0020
3462,1009.9,347.7,85.3208,85.3229,85.3497,-0.0288,-0.0268,0.0020
3463,999.9,294.5,85.3186,85.3207,85.3474,-0.0288,-0.0267,0.0020
3464,998.9,317.2,85.3164,85.3184,85.3453,-0.0289,-0.0268,0.0020
3465,998.2,320.2,85.3142,85.3162,85.3432,-0.0290,-0.0269,0.0020
3466,1006.9,453.8,85.3120,85.3140,85.3411,-0.0291,-0.0270,0.0020
3467,990.5,277.3,85.3098,85.3119,85.3388,-0.0290,-0.0270,0.0020
3468,997.1,255.9,85.3076,85.3097,85.3367,-0.0291,-0.0270,0.0021
3469,1003.8,293.7,85.3054,85.3075,85.3342,-0.0287,-0.0267,0.0021
3470,1003.3,278.9,85.3033,85.3053,85.3322,-0.0290,-0.0269,0.0021
3471,998.0,297.1,85.3011,85.3032,85.3302,-0.0290,-0.0270,0.0021
3472,997.7,282.8,85.2990,85.3010,85.3284,-0.0295,-0.0274,0.0021
3473,999.6,273.6,85.2968,85.2989,85.3267,-0.0299,-0.0278,0.0021
3474,1001.1,296.7,85.2947,85.2968,85.3251,-0.0304,-0.0283,0.0021
3475,999.3,270.5,85.2925,85.2946,85.3233,-0.0308,-0.0287,0.0021
3476,1000.0,284.2,85.2904,85.2925,85.3217,-0.0313,-0.0292,0.0021
3477,1000.5,288.4,85.2883,85.2904,85.3202,-0.0319,-0.0298,0.0021
3478,1002.5,296.5,85.2862,85.2883,85.3187,-0.0325,-0.0304,0.0021
3479,999.6,270.4,85.2841,85.2862,85.3169,-0.0328,-0.0307,0.0021
3480,1021.3,352.6,85.2820,85.2841,85.3153,-0.0333,-0.0312,0.0021
3481,974.1,303.5,85.2799,85.2820,85.3137,-0.0338,-0.0317,0.0021
3482,996.1,269.3,85.2778,85.2799,85.3121,-0.0343,-0.0322,0.0021
3483,1011.5,275.3,85.2758,85.2779,85.3103,-0.0346,-0.0325,0.0021
3484,998.4,260.2,85.2737,85.2758,85.3087,-0.0350,-0.0329,0.0021
3485,1007.0,316.4,85.2716,85.2737,85.3071,-0.0354,-0.0333,0.0021
3486,1006.6,326.2,85.2696,85.2717,85.3054,-0.0358,-0.0337,0.0021
3487,986.7,260.8,85.2675,85.2697,85.3054,-0.0379,-0.0357,0.0021
3488,1000.5,280.8,85.2655,85.2676,85.3018,-0.0363,-0.0342,0.0021
3489,1001.8,333.7,85.2635,85.2656,85.3018,-0.0383,-0.0362,0.0021
3490,994.8,317.6,85.2615,85.2636,85.3000,-0.0386,-0.0364,0.0021
3491,999.6,304.8,85.2594,85.2616,85.2982,-0.0388,-0.0366,0.0021
3492,1002.8,325.9,85.2574,85.2596,85.2962,-0.0387,-0.0366,0.0021
3493,997.1,291.7,85.2554,85.2576,85.2941,-0.0386,-0.0365,0.0021
3494,1000.0,336.2,85.2535,85.2556,85.2920,-0.0385,-0.0364,0.0021
3495,1000.4,338.3,85.2515,85.2536,85.2896,-0.0381,-0.0359,0.0022
3496,1007.0,281.2,85.2495,85.2516,85.2873,-0.0378,-0.0357,0.0022
3497,984.7,271.0,85.2475,85.2497,85.2851,-0.0376,-0.0354,0.0022
3498,1132.9,317.3,85.2456,85.2477,85.2829,-0.0373,-0.0351,0.0022
3499,867.8,241.1,85.2436,85.2458,85.2808,-0.0372,-0.0351,0.0022
3500,999.4,228.2,85.2417,85.2438,85.2788,-0.0372,-0.0350,0.0022
3501,1002.2,238.4,85.2397,85.2419,85.2769,-0.0371,-0.0350,0.0022
3502,998.9,218.1,85.2378,85.2400,85.2747,-0.0369,-0.0348,0.0022
3503,1008.4,273.7,85.2359,85.2381,85.2727,-0.0368,-0.0347,0.0022
3504,994.6,241.9,85.2340,85.2361,85.2705,-0.0366,-0.0344,0.0022
3505,1000.3,262.9,85.2321,85.2342,85.2683,-0.0362,-0.0341,0.0022
3506,1008.8,336.6,85.2302,85.2323,85.2660,-0.0358,-0.0336,0.0022
3507,998.7,283.5,85.2283,85.2305,85.2638,-0.0355,-0.0333,0.0022
3508,999.6,427.2,85.2264,85.2286,85.2616,-0.0352,-0.0330,0.0022
3509,981.1,319.3,85.2245,85.2267,85.2593,-0.0348,-0.0326,0.0022
3510,993.3,281.3,85.2226,85.2248,85.2570,-0.0343,-0.0321,0.0022
3511,1033.7,390.3,85.2208,85.2230,85.2544,-0.0336,-0.0314,0.0022
3512,1003.2,339.3,85.2189,85.2211,85.2519,-0.0330,-0.0308,0.0022
3513,992.2,297.5,85.2171,85.2193,85.2495,-0.0325,-0.0303,0.0022
3514,992.1,339.3,85.2152,85.2174,85.2472,-0.0320,-0.0298,0.0022
3515,1001.3,397.7,85.2134,85.2156,85.2448,-0.0314,-0.0291,0.0022
3516,1005.0,323.8,85.2116,85.2138,85.2424,-0.0308,-0.0286,0.0022
3517,999.6,284.7,85.2097,85.2120,85.2400,-0.0303,-0.0280,0.0022
3518,997.6,297.5,85.2079,85.2102,85.2378,-0.0299,-0.0276,0.0022
3519,999.3,292.8,85.2061,85.2084,85.2356,-0.0295,-0.0272,0.0022
3520,983.2,688.3,85.2043,85.2066,85.2335,-0.0292,-0.0269,0.0022
3521,1024.4,303.2,85.2026,85.2048,85.2313,-0.0288,-0.0265,0.0023
3522,987.6,286.8,85.2008,85.2030,85.2290,-0.0283,-0.0260,0.0023
3523,998.4,283.0,85.1990,85.2013,85.2265,-0.0275,-0.0253,0.0023
3524,998.8,268.0,85.1972,85.1995,85.2243,-0.0270,-0.0248,0.0023
3525,1000.3,243.0,85.1955,85.1977,85.2221,-0.0266,-0.0243,0.0023
3526,998.9,277.5,85.1937,85.1960,85.2198,-0.0261,-0.0238,0.0023
3527,972.5,282.1,85.1920,85.1943,85.2173,-0.0253,-0.0231,0.0023
3528,1028.8,269.4,85.1903,85.1925,85.2150,-0.0248,-0.0225,0.0023
3529,998.9,252.1,85.1885,85.1908,85.2129,-0.0243,-0.0221,0.0023
3530,1003.3,346.4,85.1868,85.1891,85.2107,-0.0239,-0.0216,0.0023
3531,1000.9,274.1,85.1851,85.1874,85.2082,-0.0231,-0.0208,0.0023
3532,997.9,250.7,85.1834,85.1857,85.2060,-0.0226,-0.0203,0.0023
3533,998.6,270.8,85.1817,85.1840,85.2040,-0.0223,-0.0200,0.0023
3534,997.8,268.1,85.1800,85.1823,85.2020,-0.0220,-0.0197,0.0023
3535,1001.4,236.8,85.1783,85.1806,85.2002,-0.0218,-0.0195,0.0023
3536,1000.1,274.3,85.1767,85.1790,85.1986,-0.0219,-0.0196,0.0023
3537,998.6,260.9,85.1750,85.1773,85.1971,-0.0221,-0.0198,0.0023
3538,999.8,280.1,85.1733,85.1756,85.1954,-0.0221,-0.0198,0.0023
3539,1043.4,404.9,85.1717,85.1740,85.1937,-0.0220,-0.0197,0.0023
3540,968.2,387.8,85.1700,85.1724,85.1921,-0.0221,-0.0197,0.0023
3541,999.6,370.7,85.1684,85.1707,85.1906,-0.0222,-0.0198,0.0023
3542,1001.7,335.1,85.1668,85.1691,85.1890,-0.0223,-0.0199,0.0023
3543,998.1,303.2,85.1652,85.1675,85.1874,-0.0222,-0.0199,0.0023
3544,1001.4,323.7,85.1635,85.1659,85.1857,-0.0222,-0.0198,0.0023
3545,1020.3,451.9,85.1619,85.1643,85.1840,-0.0221,-0.0197,0.0023
3546,985.0,281.3,85.1603,85.1627,85.1823,-0.0219,-0.0196,0.0023
3547,995.9,257.0,85.1588,85.1611,85.1803,-0.0216,-0.0192,0.0023
3548,987.6,300.6,85.1572,85.1595,85.1785,-0.0213,-0.0189,0.0024
3549,1010.6,284.6,85.1556,85.1580,85.1767,-0.0211,-0.0187,0.0024
3550,1016.1,331.3,85.1540,85.1564,85.1749,-0.0208,-0.0185,0.0024
3551,987.1,284.5,85.1525,85.1548,85.1730,-0.0205,-0.0181,0.0024
3552,997.9,307.6,85.1509,85.1533,85.1711,-0.0202,-0.0178,0.0024
3553,999.5,314.8,85.1494,85.1518,85.1693,-0.0199,-0.0176,0.0024
3554,999.6,295.9,85.1478,85.1502,85.1674,-0.0195,-0.0171,0.0024
3555,1000.4,273.1,85.1463,85.1487,85.1654,-0.0191,-0.0167,0.0024
3556,997.5,329.9,85.1448,85.1472,85.1633,-0.0185,-0.0161,0.0024
3557,998.0,325.0,85.1433,85.1457,85.1614,-0.0181,-0.0157,0.0024
3558,1000.0,301.9,85.1418,85.1442,85.1595,-0.0177,-0.0153,0.0024
3559,1002.0,338.3,85.1403,85.1427,85.1578,-0.0175,-0.0151,0.0024
3560,1001.4,310.9,85.1388,85.1412,85.1560,-0.0172,-0.0148,0.0024
3561,996.8,343.4,85.1373,85.1397,85.1544,-0.0171,-0.0147,0.0024
3562,999.5,277.0,85.1358,85.1382,85.1527,-0.0169,-0.0145,0.0024
3563,1001.9,332.3,85.1344,85.1368,85.1512,-0.0168,-0.0144,0.0024
3564,1001.9,364.2,85.1329,85.1353,85.1496,-0.0167,-0.0143,0.0024
3565,996.6,379.4,85.1315,85.1339,85.1481,-0.0167,-0.0142,0.0024
3566,1001.3,337.7,85.1300,85.1324,85.1466,-0.0166,-0.0141,0.0024
3567,1016.6,318.8,85.1286,85.1310,85.1450,-0.0164,-0.0140,0.0024
3568,993.5,311.3,85.1271,85.1296,85.1434,-0.0162,-0.0138,0.0024
3569,998.2,340.3,85.1257,85.1282,85.1418,-0.0161,-0.0136,0.0024
3570,999.0,267.3,85.1243,85.1268,85.1402,-0.0159,-0.0135,0.0024
3571,1002.5,344.4,85.1229,85.1254,85.1386,-0.0157,-0.0132,0.0024
3572,999.2,273.8,85.1215,85.1240,85.1367,-0.0152,-0.0128,0.0024
3573,999.1,273.2,85.1201,85.1226,85.1350,-0.0149,-0.0125,0.0024
3574,999.4,294.1,85.1187,85.1212,85.1333,-0.0145,-0.0121,0.0025
3575,999.4,274.4,85.1174,85.1198,85.1314,-0.0141,-0.0116,0.0025
3576,1003.8,296.3,85.1160,85.1185,85.1295,-0.0135,-0.0111,0.0025
3577,995.5,287.7,85.1146,85.1171,85.1279,-0.0133,-0.0108,0.0025
3578,1003.8,294.8,85.1133,85.1158,85.1264,-0.0131,-0.0107,0.0025
3579,991.3,309.7,85.1119,85.1144,85.1250,-0.0131,-0.0106,0.0025
3580,1000.3,284.5,85.1106,85.1131,85.1236,-0.0130,-0.0105,0.0025
3581,997.3,325.8,85.1093,85.1118,85.1222,-0.0129,-0.0104,0.0025
3582,1006.7,267.8,85.1080,85.1104,85.1209,-0.0130,-0.0105,0.0025
3583,995.1,296.1,85.1066,85.1091,85.1197,-0.0131,-0.0106,0.0025
3584,1032.4,320.5,85.1053,85.1078,85.1185,-0.0131,-0.0106,0.0025
3585,976.1,350.6,85.1040,85.1065,85.1174,-0.0133,-0.0108,0.0025
3586,969.9,309.6,85.1028,85.1053,85.1163,-0.0136,-0.0111,0.0025
3587,1016.5,300.4,85.1015,85.1040,85.1152,-0.0137,-0.0112,0.0025
3588,973.5,295.9,85.1002,85.1027,85.1139,-0.0137,-0.0112,0.0025
3589,1374.3,330.4,85.0989,85.1014,85.1115,-0.0126,-0.0101,0.0025
3590,668.7,330.7,85.0977,85.1002,85.1115,-0.0139,-0.0113,0.0025
3591,1003.1,297.0,85.0964,85.0989,85.1103,-0.0139,-0.0114,0.0025
3592,988.2,275.7,85.0952,85.0977,85.1091,-0.0140,-0.0114,0.0025
3593,999.3,279.6,85.0939,85.0965,85.1080,-0.0141,-0.0116,0.0025
3594,999.5,257.6,85.0927,85.0952,85.1070,-0.0143,-0.0118,0.0025
3595,990.2,237.2,85.0915,85.0940,85.1060,-0.0145,-0.0120,0.0025
3596,1010.8,332.6,85.0903,85.0928,85.1048,-0.0145,-0.0120,0.0025
3597,998.4,282.2,85.0891,85.0916,85.1037,-0.0146,-0.0121,0.0025
3598,998.0,300.1,85.0879,85.0904,85.1026,-0.0147,-0.0122,0.0025
3599,1001.1,296.1,85.0867,85.0892,85.1015,-0.0148,-0.0123,0.0025
3600,997.1,272.6,85.0855,85.0881,85.1004,-0.0149,-0.0123,0.0026
3601,999.9,278.8,85.0843,85.0869,85.0994,-0.0150,-0.0125,0.0026
3602,1014.6,281.8,85.0832,85.0857,85.0983,-0.0152,-0.0126,0.0026
3603,991.8,294.0,85.0820,85.0846,85.0973,-0.0153,-0.0127,0.0026
3604,996.9,326.8,85.0809,85.0834,85.0961,-0.0153,-0.0127,0.0026
3605,960.4,303.4,85.0797,85.0823,85.0950,-0.0153,-0.0127,0.0026
3606,1040.2,281.3,85.0786,85.0812,85.0939,-0.0153,-0.0127,0.0026
3607,1010.1,298.5,85.0775,85.0800,85.0927,-0.0152,-0.0126,0.0026
3608,987.6,266.7,85.0763,85.0789,85.0914,-0.0151,-0.0125,0.0026
3609,995.4,237.7,85.0752,85.0778,85.0903,-0.0150,-0.0125,0.0026
3610,998.7,241.5,85.0741,85.0767,85.0892,-0.0151,-0.0125,0.0026
3611,1005.1,243.9,85.0730,85.0756,85.0883,-0.0152,-0.0126,0.0026
3612,999.6,256.3,85.0719,85.0745,85.0872,-0.0152,-0.0126,0.0026
3613,1006.5,308.1,85.0709,85.0735,85.0862,-0.0153,-0.0127,0.0026
3614,1002.8,300.5,85.0698,85.0724,85.0852,-0.0154,-0.0128,0.0026
3615,3638.6,948.3,85.0687,85.0713,85.0819,-0.0132,-0.0105,0.0026
3616,952.7,632.4,85.0677,85.0703,85.0811,-0.0134,-0.0108,0.0026
3617,635.6,345.1,85.0666,85.0692,85.0802,-0.0136,-0.0110,0.0026
3618,348.3,400.0,85.0656,85.0682,85.0802,-0.0146,-0.0120,0.0026
3619,407.0,2683.0,85.0645,85.0672,85.0802,-0.0156,-0.0130,0.0026
3620,2686.2,314.3,85.0635,85.0661,85.0775,-0.0140,-0.0114,0.0026
3621,316.4,221.3,85.0625,85.0651,85.0775,-0.0150,-0.0124,0.0026
3622,223.5,277.9,85.0615,85.0641,85.0775,-0.0160,-0.0134,0.0026
3623,280.2,250.9,85.0605,85.0631,85.0765,-0.0161,-0.0134,0.0026
3624,494.5,227.0,85.0595,85.0621,85.0765,-0.0171,-0.0144,0.0026
3625,1010.9,316.5,85.0585,85.0612,85.0757,-0.0172,-0.0146,0.0027
3626,994.0,246.2,85.0575,85.0602,85.0750,-0.0174,-0.0148,0.0027
3627,998.5,272.9,85.0566,85.0592,85.0741,-0.0176,-0.0149,0.0027
3628,1009.6,344.8,85.0556,85.0583,85.0734,-0.0178,-0.0151,0.0027
3629,1006.7,265.2,85.0546,85.0573,85.0725,-0.0179,-0.0152,0.0027
3630,994.6,282.5,85.0537,85.0564,85.0717,-0.0180,-0.0153,0.0027
3631,965.4,495.6,85.0527,85.0554,85.0708,-0.0180,-0.0153,0.0027
3632,1082.7,354.0,85.0518,85.0545,85.0698,-0.0180,-0.0153,0.0027
3633,949.1,314.7,85.0509,85.0536,85.0689,-0.0180,-0.0153,0.0027
3634,1008.4,310.9,85.0500,85.0527,85.0681,-0.0181,-0.0154,0.0027
3635,1008.0,1867.5,85.0491,85.0518,85.0673,-0.0183,-0.0156,0.0027
3636,1875.3,374.0,85.0482,85.0509,85.0658,-0.0176,-0.0149,0.0027
3637,380.5,397.9,85.0473,85.0500,85.0653,-0.0180,-0.0153,0.0027
3638,702.7,259.1,85.0464,85.0491,85.0653,-0.0189,-0.0162,0.0027
3639,999.2,285.4,85.0455,85.0482,85.0646,-0.0191,-0.0164,0.0027
3640,992.3,299.1,85.0446,85.0474,85.0638,-0.0191,-0.0164,0.0027
3641,1028.9,286.8,85.0438,85.0465,85.0630,-0.0192,-0.0165,0.0027
3642,997.9,310.2,85.0429,85.0456,85.0622,-0.0193,-0.0166,0.0027
3643,999.9,282.9,85.0421,85.0448,85.0613,-0.0193,-0.0165,0.0027
3644,998.7,286.6,85.0412,85.0440,85.0607,-0.0194,-0.0167,0.0027
3645,997.4,312.0,85.0404,85.0431,85.0598,-0.0193,-0.0166,0.0027
3646,1001.0,275.2,85.0396,85.0423,85.0590,-0.0194,-0.0167,0.0027
3647,3832.8,395.9,85.0388,85.0415,85.0555,-0.0167,-0.0140,0.0027
3648,403.6,308.8,85.0380,85.0407,85.0545,-0.0165,-0.0138,0.0027
3649,311.7,681.3,85.0372,85.0399,85.0545,-0.0173,-0.0146,0.0027
3650,694.7,368.4,85.0364,85.0391,85.0535,-0.0171,-0.0144,0.0027
3651,373.4,350.4,85.0356,85.0383,85.0535,-0.0179,-0.0151,0.0028
3652,353.6,238.3,85.0348,85.0376,85.0535,-0.0187,-0.0159,0.0028
3653,1037.6,421.2,85.0340,85.0368,85.0524,-0.0184,-0.0156,0.0028
3654,996.2,286.2,85.0333,85.0361,85.0514,-0.0181,-0.0153,0.0028
3655,996.2,234.0,85.0325,85.0353,85.0505,-0.0180,-0.0152,0.0028
3656,998.9,242.6,85.0318,85.0346,85.0496,-0.0178,-0.0150,0.0028
3657,1001.0,232.4,85.0311,85.0338,85.0496,-0.0185,-0.0157,0.0028
3658,1001.2,251.8,85.0303,85.0331,85.0485,-0.0182,-0.0154,0.0028
3659,997.3,233.8,85.0296,85.0324,85.0475,-0.0179,-0.0151,0.0028
3660,1001.4,3585.6,85.0289,85.0317,85.0466,-0.0177,-0.0149,0.0028
3661,3589.7,449.1,85.0282,85.0310,85.0432,-0.0150,-0.0122,0.0028
3662,451.4,252.5,85.0275,85.0303,85.0432,-0.0157,-0.0129,0.0028
3663,263.3,587.4,85.0268,85.0296,85.0424,-0.0156,-0.0128,0.0028
3664,589.5,231.3,85.0261,85.0289,85.0424,-0.0162,-0.0134,0.0028
3665,233.3,278.1,85.0254,85.0283,85.0424,-0.0169,-0.0141,0.0028
3666,874.9,287.1,85.0248,85.0276,85.0415,-0.0167,-0.0139,0.0028
3667,1011.4,234.2,85.0241,85.0269,85.0407,-0.0166,-0.0138,0.0028
3668,987.1,251.9,85.0235,85.0263,85.0400,-0.0166,-0.0137,0.0028
3669,998.9,284.0,85.0228,85.0257,85.0393,-0.0164,-0.0136,0.0028
3670,999.0,250.8,85.0222,85.0250,85.0384,-0.0162,-0.0134,0.0028
3671,999.8,261.1,85.0216,85.0244,85.0376,-0.0160,-0.0132,0.0028
3672,1000.5,245.1,85.0209,85.0238,85.0368,-0.0158,-0.0130,0.0028
3673,999.3,267.2,85.0203,85.0232,85.0359,-0.0156,-0.0128,0.0028
3674,1001.8,238.6,85.0197,85.0226,85.0351,-0.0154,-0.0125,0.0028
3675,998.9,263.9,85.0191,85.0220,85.0344,-0.0152,-0.0124,0.0028
3676,1001.8,283.0,85.0186,85.0214,85.0336,-0.0151,-0.0122,0.0029
3677,1002.0,245.7,85.0180,85.0208,85.0330,-0.0150,-0.0122,0.0029
3678,1003.7,257.9,85.0174,85.0203,85.0323,-0.0149,-0.0120,0.0029
3679,995.0,268.8,85.0168,85.0197,85.0315,-0.0146,-0.0118,0.0029
3680,999.8,222.5,85.0163,85.0191,85.0308,-0.0145,-0.0116,0.0029
3681,999.8,274.1,85.0157,85.0186,85.0301,-0.0143,-0.0114,0.0029
3682,999.9,244.8,85.0152,85.0181,85.0294,-0.0142,-0.0113,0.0029
3683,1002.1,250.8,85.0147,85.0175,85.0287,-0.0141,-0.0112,0.0029
3684,997.1,269.8,85.0141,85.0170,85.0281,-0.0140,-0.0111,0.0029
3685,999.6,236.1,85.0136,85.0165,85.0275,-0.0139,-0.0110,0.0029
3686,999.7,262.8,85.0131,85.0160,85.0269,-0.0138,-0.0109,0.0029
3687,1000.4,239.8,85.0126,85.0155,85.0262,-0.0136,-0.0107,0.0029
3688,999.4,266.0,85.0121,85.0150,85.0256,-0.0135,-0.0106,0.0029
3689,1000.8,283.4,85.0116,85.0145,85.0248,-0.0131,-0.0102,0.0029
3690,999.8,277.7,85.0112,85.0141,85.0239,-0.0127,-0.0098,0.0029
3691,1000.1,259.3,85.0107,85.0136,85.0231,-0.0124,-0.0095,0.0029
3692,1000.5,237.6,85.0102,85.0131,85.0224,-0.0121,-0.0092,0.0029
3693,999.7,257.9,85.0098,85.0127,85.0217,-0.0119,-0.0090,0.0029
3694,1000.3,246.0,85.0093,85.0122,85.0210,-0.0117,-0.0088,0.0029
3695,1002.7,279.3,85.0089,85.0118,85.0205,-0.0116,-0.0086,0.0029
3696,997.5,292.1,85.0085,85.0114,85.0200,-0.0115,-0.0086,0.0029
3697,1000.3,224.1,85.0080,85.0110,85.0195,-0.0114,-0.0085,0.0029
3698,999.6,224.8,85.0076,85.0106,85.0190,-0.0114,-0.0084,0.0029
3699,1000.7,266.4,85.0072,85.0102,85.0184,-0.0112,-0.0082,0.0029
3700,999.5,212.5,85.0068,85.0098,85.0178,-0.0110,-0.0080,0.0029
3701,999.8,253.8,85.0064,85.0094,85.0172,-0.0108,-0.0079,0.0029
3702,1000.0,237.7,85.0060,85.0090,85.0166,-0.0105,-0.0076,0.0030
3703,1002.0,212.6,85.0057,85.0086,85.0160,-0.0104,-0.0074,0.0030
3704,998.3,271.6,85.0053,85.0083,85.0155,-0.0102,-0.0073,0.0030
3705,999.7,230.7,85.0049,85.0079,85.0151,-0.0101,-0.0072,0.0030
3706,998.8,241.0,85.0046,85.0076,85.0146,-0.0100,-0.0070,0.0030
3707,1000.3,238.2,85.0042,85.0072,85.0141,-0.0098,-0.0069,0.0030
3708,1000.2,269.7,85.0039,85.0069,85.0136,-0.0097,-0.0068,0.0030
3709,1000.5,233.1,85.0036,85.0066,85.0133,-0.0097,-0.0067,0.0030
3710,999.0,236.8,85.0033,85.0062,85.0128,-0.0096,-0.0066,0.0030
3711,1000.0,287.3,85.0030,85.0059,85.0124,-0.0094,-0.0065,0.0030
3712,1000.1,261.2,85.0026,85.0056,85.0120,-0.0094,-0.0064,0.0030
3713,1001.5,283.3,85.0024,85.0053,85.0115,-0.0092,-0.0062,0.0030
3714,999.3,290.9,85.0021,85.0051,85.0109,-0.0089,-0.0059,0.0030
3715,1000.2,288.3,85.0018,85.0048,85.0104,-0.0086,-0.0056,0.0030
3716,998.7,303.9,85.0015,85.0045,85.0098,-0.0083,-0.0053,0.0030
3717,1000.6,285.2,85.0012,85.0043,85.0092,-0.0079,-0.0049,0.0030
3718,1000.6,280.3,85.0010,85.0040,85.0085,-0.0075,-0.0045,0.0030
3719,1000.0,246.5,85.0007,85.0038,85.0079,-0.0072,-0.0042,0.0030
3720,1001.9,271.6,85.0005,85.0035,85.0073,-0.0068,-0.0038,0.0030
3721,998.6,281.5,85.0003,85.0033,85.0068,-0.0066,-0.0035,0.0030
3722,999.4,261.6,85.0000,85.0031,85.0064,-0.0064,-0.0034,0.0030
3723,1000.1,319.9,84.9998,85.0029,85.0061,-0.0063,-0.0033,0.0030
3724,999.9,308.5,84.9996,85.0027,85.0058,-0.0062,-0.0031,0.0030
3725,1000.3,258.1,84.9994,85.0025,85.0055,-0.0061,-0.0030,0.0030
3726,999.9,322.1,84.9992,85.0023,85.0051,-0.0059,-0.0028,0.0030
3727,999.7,255.4,84.9990,85.0021,85.0047,-0.0056,-0.0026,0.0031
3728,999.8,316.5,84.9989,85.0019,85.0043,-0.0054,-0.0024,0.0031
3729,999.8,320.5,84.9987,85.0017,85.0038,-0.0051,-0.0021,0.0031
3730,999.6,291.8,84.9985,85.0016,85.0034,-0.0049,-0.0018,0.0031
3731,1001.0,296.9,84.9984,85.0014,85.0030,-0.0046,-0.0016,0.0031
3732,999.4,307.6,84.9982,85.0013,85.0026,-0.0044,-0.0013,0.0031
3733,999.7,283.8,84.9981,85.0012,85.0023,-0.0042,-0.0011,0.0031
3734,1000.1,257.4,84.9980,85.0010,85.0019,-0.0040,-0.0009,0.0031
3735,1000.8,307.1,84.9978,85.0009,85.0016,-0.0038,-0.0007,0.0031
3736,999.3,292.2,84.9977,85.0008,85.0012,-0.0035,-0.0004,0.0031
3737,1003.1,316.7,84.9976,85.0007,85.0008,-0.0032,-0.0001,0.0031
3738,997.4,291.7,84.9975,85.0006,85.0004,-0.0029,0.0002,0.0031
3739,1009.5,381.1,84.9974,85.0005,85.0000,-0.0025,0.0006,0.0031
3740,999.3,386.9,84.9973,85.0004,84.9996,-0.0022,0.0009,0.0031
3741,998.5,299.7,84.9973,85.0004,84.9993,-0.0020,0.0011,0.0031
3742,1000.4,310.5,84.9972,85.0003,84.9989,-0.0017,0.0014,0.0031
3743,999.0,344.9,84.9971,85.0003,84.9987,-0.0016,0.0015,0.0031
3744,1000.7,274.9,84.9971,85.0002,84.9985,-0.0014,0.0017,0.0031
3745,1002.1,337.7,84.9970,85.0002,84.9983,-0.0013,0.0018,0.0031
3746,998.0,320.7,84.9970,85.0001,84.9982,-0.0011,0.0020,0.0031
3747,999.9,309.3,84.9970,85.0001,84.9981,-0.0011,0.0021,0.0031
3748,999.2,300.2,84.9970,85.0001,84.9979,-0.0009,0.0022,0.0031
3749,998.8,330.5,84.9970,85.0001,84.9978,-0.0008,0.0023,0.0031
3750,999.5,272.1,84.9969,85.0001,84.9976,-0.0007,0.0025,0.0031
3751,1000.8,270.2,84.9970,85.0001,84.9975,-0.0005,0.0026,0.0031
3752,999.6,276.0,84.9970,85.0001,84.9973,-0.0004,0.0028,0.0032
3753,1012.8,313.6,84.9970,85.0001,84.9972,-0.0003,0.0029,0.0032
3754,988.7,329.8,84.9970,85.0002,84.9971,-0.0001,0.0030,0.0032
3755,1001.0,302.0,84.9970,85.0002,84.9971,-0.0000,0.0031,0.0032
3756,998.2,315.2,84.9971,85.0003,84.9970,0.0001,0.0032,0.0032
3757,1001.1,302.3,84.9971,85.0003,84.9970,0.0001,0.0033,0.0032
3758,998.3,278.9,84.9972,85.0004,84.9970,0.0002,0.0034,0.0032
3759,1001.7,268.9,84.9973,85.0004,84.9970,0.0003,0.0035,0.0032
3760,1000.3,290.2,84.9973,85.0005,84.9970,0.0004,0.0036,0.0032
3761,1000.0,326.0,84.9974,85.0006,84.9969,0.0005,0.0037,0.0032
3762,999.1,261.9,84.9975,85.0007,84.9969,0.0007,0.0038,0.0032
3763,999.8,289.2,84.9976,85.0008,84.9968,0.0008,0.0040,0.0032
3764,1000.2,356.4,84.9977,85.0009,84.9968,0.0009,0.0041,0.0032
3765,1001.3,333.3,84.9978,85.0010,84.9967,0.0011,0.0043,0.0032
3766,999.0,357.0,84.9980,85.0012,84.9967,0.0012,0.0044,0.0032
3767,1000.3,300.5,84.9981,85.0013,84.9967,0.0013,0.0045,0.0032
3768,1000.6,316.3,84.9982,85.0014,84.9967,0.0015,0.0047,0.0032
3769,999.5,321.6,84.9984,85.0016,84.9967,0.0016,0.0048,0.0032
3770,1006.5,329.0,84.9985,85.0017,84.9967,0.0018,0.0050,0.0032
3771,993.0,319.5,84.9987,85.0019,84.9967,0.0019,0.0052,0.0032
3772,998.6,316.7,84.9989,85.0021,84.9967,0.0021,0.0053,0.0032
3773,1000.2,290.4,84.9990,85.0023,84.9967,0.0023,0.0055,0.0032
3774,1000.0,273.2,84.9992,85.0025,84.9967,0.0025,0.0057,0.0032
3775,999.7,268.2,84.9994,85.0027,84.9967,0.0027,0.0059,0.0032
3776,1000.6,319.9,84.9996,85.0029,84.9967,0.0029,0.0061,0.0032
3777,999.7,307.4,84.9998,85.0031,84.9967,0.0031,0.0063,0.0032
3778,1000.8,274.6,85.0000,85.0033,84.9967,0.0033,0.0065,0.0033
3779,999.4,317.9,85.0003,85.0035,84.9967,0.0035,0.0068,0.0033
3780,1000.0,295.7,85.0005,85.0038,84.9967,0.0038,0.0070,0.0033
3781,1002.0,284.1,85.0007,85.0040,84.9967,0.0040,0.0073,0.0033
3782,999.9,257.0,85.0010,85.0043,84.9967,0.0042,0.0075,0.0033
3783,1000.4,250.1,85.0012,85.0045,84.9968,0.0044,0.0077,0.0033
3784,999.8,331.0,85.0015,85.0048,84.9968,0.0047,0.0080,0.0033
3785,999.4,260.2,85.0018,85.0051,84.9968,0.0050,0.0083,0.0033
3786,999.8,287.1,85.0021,85.0053,84.9969,0.0052,0.0085,0.0033
3787,1003.8,308.5,85.0024,85.0056,84.9969,0.0055,0.0088,0.0033
3788,997.1,298.4,85.0026,85.0059,84.9969,0.0058,0.0091,0.0033
3789,999.6,509.4,85.0030,85.0062,84.9969,0.0061,0.0094,0.0033
3790,999.3,512.6,85.0033,85.0066,84.9969,0.0064,0.0097,0.0033
3791,1000.0,366.5,85.0036,85.0069,84.9969,0.0067,0.0100,0.0033
3792,998.1,511.5,85.0039,85.0072,84.9970,0.0069,0.0103,0.0033
3793,1000.8,345.2,85.0042,85.0076,84.9970,0.0073,0.0106,0.0033
3794,999.5,354.2,85.0046,85.0079,84.9970,0.0076,0.0109,0.0033
3795,1000.4,520.6,85.0049,85.0083,84.9970,0.0079,0.0112,0.0033
3796,999.4,347.7,85.0053,85.0086,84.9971,0.0082,0.0115,0.0033
3797,1000.4,353.0,85.0057,85.0090,84.9971,0.0085,0.0119,0.0033
3798,999.5,284.9,85.0060,85.0094,84.9972,0.0089,0.0122,0.0033
3799,1001.0,334.9,85.0064,85.0098,84.9972,0.0092,0.0126,0.0033
3800,999.4,321.6,85.0068,85.0102,84.9972,0.0096,0.0129,0.0033
3801,1001.7,318.5,85.0072,85.0106,84.9973,0.0099,0.0133,0.0033
3802,1000.9,319.4,85.0076,85.0110,84.9973,0.0103,0.0136,0.0033
3803,1004.6,309.3,85.0080,85.0114,84.9975,0.0106,0.0139,0.0034
3804,995.5,295.4,85.0085,85.0118,84.9975,0.0109,0.0143,0.0034
3805,999.2,324.4,85.0089,85.0122,84.9976,0.0113,0.0147,0.0034
3806,999.9,330.5,85.0093,85.0127,84.9976,0.0117,0.0151,0.0034
3807,999.9,318.6,85.0098,85.0131,84.9977,0.0120,0.0154,0.0034
3808,1000.9,300.3,85.0102,85.0136,84.9978,0.0124,0.0158,0.0034
3809,999.7,316.3,85.0107,85.0141,84.9979,0.0128,0.0162,0.0034
3810,999.1,294.3,85.0112,85.0145,84.9979,0.0132,0.0166,0.0034
3811,1000.1,287.5,85.0116,85.0150,84.9981,0.0136,0.0170,0.0034
3812,1000.5,264.1,85.0121,85.0155,84.9982,0.0140,0.0173,0.0034
3813,1000.0,261.3,85.0126,85.0160,84.9983,0.0143,0.0177,0.0034
3814,998.6,293.9,85.0131,85.0165,84.9983,0.0148,0.0182,0.0034
3815,999.8,331.2,85.0136,85.0170,84.9984,0.0152,0.0186,0.0034
3816,999.4,332.1,85.0141,85.0175,84.9985,0.0156,0.0190,0.0034
3817,1000.1,311.6,85.0147,85.0181,84.9985,0.0161,0.0195,0.0034
3818,1000.0,294.1,85.0152,85.0186,84.9987,0.0165,0.0199,0.0034
3819,1000.4,285.1,85.0157,85.0191,84.9988,0.0170,0.0204,0.0034
3820,1004.9,334.3,85.0163,85.0197,84.9989,0.0174,0.0208,0.0034
3821,995.9,316.2,85.0168,85.0203,84.9991,0.0177,0.0212,0.0034
3822,1000.5,294.7,85.0174,85.0208,84.9993,0.0181,0.0216,0.0034
3823,998.7,322.5,85.0180,85.0214,84.9994,0.0186,0.0220,0.0034
3824,1001.5,289.0,85.0186,85.0220,84.9996,0.0189,0.0224,0.0034
3825,999.9,297.4,85.0191,85.0226,84.9996,0.0195,0.0229,0.0034
3826,1000.1,278.6,85.0197,85.0232,84.9999,0.0199,0.0233,0.0034
3827,1000.6,260.5,85.0203,85.0238,85.0001,0.0202,0.0237,0.0034
3828,1000.9,307.2,85.0209,85.0244,85.0005,0.0205,0.0239,0.0034
3829,999.8,285.2,85.0216,85.0250,85.0008,0.0207,0.0242,0.0035
3830,999.0,252.2,85.0222,85.0257,85.0014,0.0208,0.0243,0.0035
3831,999.5,285.0,85.0228,85.0263,85.0020,0.0208,0.0243,0.0035
3832,1000.9,301.9,85.0235,85.0269,85.0027,0.0207,0.0242,0.0035
3833,1000.0,296.6,85.0241,85.0276,85.0037,0.0204,0.0239,0.0035
3834,1000.3,329.1,85.0248,85.0283,85.0050,0.0198,0.0233,0.0035
3835,999.1,270.2,85.0254,85.0289,85.0060,0.0194,0.0229,0.0035
3836,1000.4,314.4,85.0261,85.0296,85.0069,0.0192,0.0227,0.0035
3837,1000.5,283.3,85.0268,85.0303,85.0077,0.0191,0.0226,0.0035
3838,997.7,282.4,85.0275,85.0310,85.0082,0.0192,0.0227,0.0035
3839,999.7,349.6,85.0282,85.0317,85.0087,0.0195,0.0230,0.0035
3840,1002.6,328.3,85.0289,85.0324,85.0092,0.0197,0.0232,0.0035
3841,998.1,289.7,85.0296,85.0331,85.0097,0.0199,0.0234,0.0035
3842,1000.4,305.9,85.0303,85.0338,85.0103,0.0201,0.0236,0.0035
3843,998.8,317.6,85.0311,85.0346,85.0109,0.0201,0.0236,0.0035
3844,1001.8,317.3,85.0318,85.0353,85.0116,0.0202,0.0237,0.0035
3845,999.5,307.3,85.0325,85.0361,85.0124,0.0201,0.0237,0.0035
3846,999.8,342.8,85.0333,85.0368,85.0133,0.0200,0.0235,0.0035
3847,999.6,268.1,85.0340,85.0376,85.0142,0.0199,0.0234,0.0035
3848,1001.2,244.7,85.0348,85.0383,85.0151,0.0198,0.0233,0.0035
3849,999.4,277.6,85.0356,85.0391,85.0158,0.0198,0.0233,0.0035
3850,1000.5,302.3,85.0364,85.0399,85.0166,0.0198,0.0233,0.0035
3851,1000.1,277.0,85.0372,85.0407,85.0172,0.0199,0.0235,0.0035
3852,1001.1,288.7,85.0380,85.0415,85.0179,0.0201,0.0236,0.0035
3853,1003.9,358.8,85.0388,85.0423,85.0185,0.0202,0.0238,0.0035
3854,995.7,322.5,85.0396,85.0431,85.0193,0.0203,0.0238,0.0036
3855,1001.7,314.6,85.0404,85.0440,85.0200,0.0204,0.0239,0.0036
3856,997.3,323.7,85.0412,85.0448,85.0208,0.0205,0.0240,0.0036
3857,998.1,271.2,85.0421,85.0456,85.0215,0.0205,0.0241,0.0036
3858,1000.3,329.3,85.0429,85.0465,85.0224,0.0206,0.0241,0.0036
3859,1000.3,327.0,85.0438,85.0474,85.0230,0.0208,0.0243,0.0036
3860,999.4,255.7,85.0446,85.0482,85.0236,0.0210,0.0246,0.0036
3861,1001.8,337.2,85.0455,85.0491,85.0242,0.0213,0.0249,0.0036
3862,998.9,323.5,85.0464,85.0500,85.0249,0.0215,0.0250,0.0036
3863,1000.0,302.8,85.0473,85.0509,85.0257,0.0216,0.0252,0.0036
3864,1000.8,290.2,85.0482,85.0518,85.0265,0.0217,0.0253,0.0036
3865,1001.1,339.0,85.0491,85.0527,85.0273,0.0218,0.0254,0.0036
3866,998.5,350.9,85.0500,85.0536,85.0282,0.0218,0.0254,0.0036
3867,999.3,331.7,85.0509,85.0545,85.0292,0.0217,0.0253,0.0036
3868,1001.6,317.3,85.0518,85.0554,85.0301,0.0217,0.0253,0.0036
3869,999.6,319.6,85.0527,85.0564,85.0311,0.0217,0.0253,0.0036
3870,1003.8,325.1,85.0537,85.0573,85.0321,0.0216,0.0252,0.0036
3871,997.3,283.2,85.0546,85.0583,85.0329,0.0218,0.0254,0.0036
3872,1000.4,267.9,85.0556,85.0592,85.0336,0.0219,0.0256,0.0036
3873,998.9,292.4,85.0566,85.0602,85.0344,0.0221,0.0258,0.0036
3874,999.5,320.4,85.0575,85.0612,85.0352,0.0223,0.0259,0.0036
3875,1000.1,306.7,85.0585,85.0621,85.0361,0.0224,0.0260,0.0036
3876,1002.5,295.9,85.0595,85.0631,85.0370,0.0225,0.0261,0.0036
3877,1000.5,310.8,85.0605,85.0641,85.0379,0.0226,0.0262,0.0036
3878,1003.0,268.1,85.0615,85.0651,85.0388,0.0227,0.0263,0.0036
3879,1004.7,292.2,85.0625,85.0661,85.0397,0.0228,0.0265,0.0036
3880,990.1,278.5,85.0635,85.0672,85.0405,0.0231,0.0267,0.0037
3881,998.8,314.7,85.0645,85.0682,85.0413,0.0232,0.0269,0.0037
3882,999.3,287.0,85.0656,85.0692,85.0423,0.0233,0.0269,0.0037
3883,1000.1,281.3,85.0666,85.0703,85.0433,0.0233,0.0270,0.0037
3884,1000.7,319.3,85.0677,85.0713,85.0443,0.0234,0.0271,0.0037
3885,999.1,300.8,85.0687,85.0724,85.0453,0.0235,0.0271,0.0037
3886,1001.5,322.6,85.0698,85.0735,85.0463,0.0235,0.0272,0.0037
3887,1001.2,301.2,85.0709,85.0745,85.0472,0.0236,0.0273,0.0037
3888,999.0,310.4,85.0719,85.0756,85.0481,0.0238,0.0275,0.0037
3889,999.0,328.4,85.0730,85.0767,85.0490,0.0240,0.0277,0.0037
3890,999.6,347.8,85.0741,85.0778,85.0499,0.0242,0.0279,0.0037
3891,1001.3,317.6,85.0752,85.0789,85.0507,0.0245,0.0282,0.0037
3892,1000.1,286.9,85.0763,85.0800,85.0515,0.0248,0.0285,0.0037
3893,999.2,297.3,85.0775,85.0812,85.0524,0.0251,0.0288,0.0037
3894,1001.0,306.0,85.0786,85.0823,85.0534,0.0252,0.0289,0.0037
3895,1001.3,258.8,85.0797,85.0834,85.0544,0.0253,0.0290,0.0037
3896,998.4,296.3,85.0809,85.0846,85.0556,0.0253,0.0290,0.0037
3897,1001.1,323.4,85.0820,85.0857,85.0567,0.0253,0.0290,0.0037
3898,998.5,285.2,85.0832,85.0869,85.0580,0.0252,0.0289,0.0037
3899,1000.9,316.9,85.0843,85.0881,85.0592,0.0251,0.0289,0.0037
3900,997.2,321.1,85.0855,85.0892,85.0604,0.0251,0.0288,0.0037
3901,1000.5,333.1,85.0867,85.0904,85.0617,0.0250,0.0288,0.0037
3902,1001.9,294.6,85.0879,85.0916,85.0630,0.0249,0.0286,0.0037
3903,1002.1,311.2,85.0891,85.0928,85.0642,0.0249,0.0287,0.0037
3904,1000.3,291.6,85.0903,85.0940,85.0653,0.0250,0.0288,0.0037
3905,998.1,269.7,85.0915,85.0952,85.0662,0.0252,0.0290,0.0038
3906,1000.2,276.3,85.0927,85.0965,85.0674,0.0253,0.0291,0.0038
3907,3585.6,499.3,85.0939,85.0977,85.0712,0.0227,0.0265,0.0038
3908,505.0,903.6,85.0952,85.0989,85.0712,0.0240,0.0277,0.0038
3909,909.5,338.7,85.0964,85.1002,85.0721,0.0243,0.0281,0.0038
3910,343.9,288.9,85.0977,85.1014,85.0730,0.0247,0.0284,0.0038
3911,293.8,380.2,85.0989,85.1027,85.0730,0.0259,0.0297,0.0038
3912,384.7,255.9,85.1002,85.1040,85.0730,0.0272,0.0310,0.0038
3913,986.2,308.5,85.1015,85.1053,85.0739,0.0275,0.0313,0.0038
3914,997.6,340.0,85.1028,85.1065,85.0749,0.0278,0.0316,0.0038
3915,999.9,359.8,85.1040,85.1078,85.0757,0.0284,0.0322,0.0038
3916,1003.7,330.1,85.1053,85.1091,85.0765,0.0288,0.0326,0.0038
3917,999.3,303.6,85.1066,85.1104,85.0773,0.0293,0.0331,0.0038
3918,997.8,296.5,85.1080,85.1118,85.0782,0.0297,0.0335,0.0038
3919,995.1,278.2,85.1093,85.1131,85.0793,0.0300,0.0338,0.0038
3920,1005.3,301.5,85.1106,85.1144,85.0804,0.0302,0.0341,0.0038
3921,989.7,342.3,85.1119,85.1158,85.0816,0.0304,0.0342,0.0038
3922,1012.7,3638.5,85.1133,85.1171,85.0829,0.0304,0.0342,0.0038
3923,3651.5,431.6,85.1146,85.1185,85.0877,0.0270,0.0308,0.0038
3924,437.2,347.1,85.1160,85.1198,85.0877,0.0283,0.0322,0.0038
3925,352.3,566.5,85.1174,85.1212,85.0888,0.0286,0.0324,0.0038
3926,572.1,286.0,85.1187,85.1226,85.0888,0.0300,0.0338,0.0038
3927,291.0,278.7,85.1201,85.1240,85.0897,0.0304,0.0342,0.0038
3928,692.4,278.0,85.1215,85.1254,85.0897,0.0318,0.0356,0.0038
3929,993.4,283.8,85.1229,85.1268,85.0908,0.0321,0.0360,0.0038
3930,992.4,281.9,85.1243,85.1282,85.0920,0.0323,0.0362,0.0038
3931,1000.8,252.5,85.1257,85.1296,85.0929,0.0328,0.0366,0.0039
3932,1408.5,579.2,85.1271,85.1310,85.0951,0.0321,0.0359,0.0039
3933,587.6,268.3,85.1286,85.1324,85.0951,0.0335,0.0374,0.0039
3934,985.5,268.9,85.1300,85.1339,85.0963,0.0337,0.0375,0.0039
3935,996.3,267.8,85.1315,85.1353,85.0977,0.0337,0.0376,0.0039
3936,1026.8,292.1,85.1329,85.1368,85.0993,0.0336,0.0375,0.0039
3937,978.3,240.5,85.1344,85.1382,85.1007,0.0337,0.0375,0.0039
3938,1021.9,635.1,85.1358,85.1397,85.1023,0.0336,0.0374,0.0039
3939,1003.2,304.0,85.1373,85.1412,85.1037,0.0336,0.0375,0.0039
3940,995.9,305.3,85.1388,85.1427,85.1052,0.0336,0.0375,0.0039
3941,1000.6,291.8,85.1403,85.1442,85.1066,0.0337,0.0376,0.0039
3942,996.2,313.7,85.1418,85.1457,85.1082,0.0336,0.0375,0.0039
3943,997.9,284.8,85.1433,85.1472,85.1097,0.0336,0.0375,0.0039
3944,998.9,315.4,85.1448,85.1487,85.1111,0.0337,0.0376,0.0039
3945,1000.9,288.5,85.1463,85.1502,85.1126,0.0337,0.0376,0.0039
3946,1035.6,337.8,85.1478,85.1518,85.1141,0.0337,0.0377,0.0039
3947,974.6,264.9,85.1494,85.1533,85.1155,0.0339,0.0378,0.0039
3948,990.5,274.0,85.1509,85.1548,85.1169,0.0340,0.0379,0.0039
3949,979.3,237.7,85.1525,85.1564,85.1184,0.0341,0.0380,0.0039
3950,1020.3,256.1,85.1540,85.1580,85.1201,0.0339,0.0378,0.0039
3951,1003.9,239.1,85.1556,85.1595,85.1217,0.0339,0.0379,0.0039
3952,997.0,217.6,85.1572,85.1611,85.1232,0.0340,0.0379,0.0039
3953,998.0,235.4,85.1588,85.1627,85.1246,0.0342,0.0381,0.0039
3954,1000.5,217.7,85.1603,85.1643,85.1260,0.0343,0.0382,0.0039
3955,999.6,210.8,85.1619,85.1659,85.1274,0.0345,0.0385,0.0039
3956,1000.7,258.1,85.1635,85.1675,85.1289,0.0347,0.0386,0.0039
3957,964.6,249.5,85.1652,85.1691,85.1304,0.0347,0.0387,0.0040
3958,1035.5,206.7,85.1668,85.1707,85.1320,0.0347,0.0387,0.0040
3959,999.5,230.6,85.1684,85.1724,85.1335,0.0349,0.0389,0.0040
3960,1001.9,212.1,85.1700,85.1740,85.1349,0.0352,0.0391,0.0040
3961,998.3,219.1,85.1717,85.1756,85.1363,0.0354,0.0394,0.0040
3962,999.7,230.5,85.1733,85.1773,85.1380,0.0354,0.0393,0.0040
3963,999.9,203.6,85.1750,85.1790,85.1397,0.0353,0.0393,0.0040
3964,1012.0,274.9,85.1767,85.1806,85.1415,0.0352,0.0392,0.0040
3965,993.7,298.0,85.1783,85.1823,85.1434,0.0350,0.0389,0.0040
3966,996.2,253.2,85.1800,85.1840,85.1455,0.0345,0.0385,0.0040
3967,1000.9,262.6,85.1817,85.1857,85.1475,0.0342,0.0382,0.0040
3968,998.4,244.4,85.1834,85.1874,85.1495,0.0339,0.0379,0.0040
3969,1000.2,229.5,85.1851,85.1891,85.1515,0.0336,0.0376,0.0040
3970,998.1,206.9,85.1868,85.1908,85.1537,0.0331,0.0371,0.0040
3971,1000.2,291.6,85.1885,85.1925,85.1560,0.0326,0.0366,0.0040
3972,999.3,216.0,85.1903,85.1943,85.1579,0.0324,0.0364,0.0040
3973,1002.0,282.6,85.1920,85.1960,85.1594,0.0325,0.0366,0.0040
3974,1009.7,330.7,85.1937,85.1977,85.1617,0.0320,0.0360,0.0040
3975,1001.0,306.7,85.1955,85.1995,85.1635,0.0320,0.0360,0.0040
3976,999.3,307.3,85.1972,85.2013,85.1652,0.0320,0.0360,0.0040
3977,998.9,289.5,85.1990,85.2030,85.1671,0.0319,0.0360,0.0040
3978,1000.6,271.0,85.2008,85.2048,85.1689,0.0319,0.0359,0.0040
3979,992.1,266.9,85.2026,85.2066,85.1707,0.0319,0.0359,0.0040
3980,998.8,250.9,85.2043,85.2084,85.1726,0.0318,0.0358,0.0040
3981,999.4,267.5,85.2061,85.2102,85.1745,0.0316,0.0357,0.0040
3982,1000.8,266.7,85.2079,85.2120,85.1767,0.0312,0.0353,0.0040
3983,998.7,255.3,85.2097,85.2138,85.1788,0.0310,0.0350,0.0040
3984,1000.2,255.8,85.2116,85.2156,85.1808,0.0307,0.0348,0.0041
3985,1003.8,274.2,85.2134,85.2174,85.1829,0.0305,0.0345,0.0041
3986,996.9,255.7,85.2152,85.2193,85.1850,0.0302,0.0343,0.0041
3987,998.6,257.2,85.2171,85.2211,85.1870,0.0300,0.0341,0.0041
3988,1030.5,405.3,85.2189,85.2230,85.1870,0.0319,0.0359,0.0041
3989,971.6,352.7,85.2208,85.2248,85.1892,0.0316,0.0357,0.0041
3990,1012.5,309.9,85.2226,85.2267,85.1914,0.0312,0.0353,0.0041
3991,986.4,275.2,85.2245,85.2286,85.1936,0.0309,0.0350,0.0041
3992,1000.8,273.9,85.2264,85.2305,85.1957,0.0306,0.0347,0.0041
3993,1001.3,243.6,85.2283,85.2323,85.1978,0.0304,0.0345,0.0041
3994,999.3,581.4,85.2302,85.2342,85.2000,0.0302,0.0342,0.0041
3995,997.6,230.7,85.2321,85.2361,85.2020,0.0301,0.0342,0.0041
3996,1004.0,244.0,85.2340,85.2381,85.2039,0.0301,0.0342,0.0041
3997,997.1,236.2,85.2359,85.2400,85.2056,0.0303,0.0344,0.0041
3998,998.1,255.0,85.2378,85.2419,85.2075,0.0303,0.0344,0.0041
3999,1001.4,233.5,85.2397,85.2438,85.2091,0.0306,0.0347,0.0041
4000,1002.2,225.2,85.2417,85.2458,85.2107,0.0310,0.0351,0.0041
4001,999.5,254.3,85.2436,85.2477,85.2122,0.0315,0.0356,0.0041
4002,1001.4,226.2,85.2456,85.2497,85.2138,0.0317,0.0358,0.0041
4003,998.7,237.4,85.2475,85.2516,85.2155,0.0320,0.0361,0.0041
4004,999.5,228.4,85.2495,85.2536,85.2174,0.0321,0.0362,0.0041
4005,1000.2,211.0,85.2515,85.2556,85.2192,0.0322,0.0364,0.0041
4006,1004.8,245.3,85.2535,85.2576,85.2214,0.0320,0.0362,0.0041
4007,1001.1,242.7,85.2554,85.2596,85.2233,0.0322,0.0363,0.0041
4008,3566.1,610.3,85.2574,85.2616,85.2316,0.0259,0.0300,0.0041
4009,619.2,308.4,85.2594,85.2636,85.2316,0.0279,0.0320,0.0041
4010,311.6,455.3,85.2615,85.2656,85.2336,0.0278,0.0320,0.0042
4011,458.8,236.0,85.2635,85.2676,85.2336,0.0298,0.0340,0.0042
4012,239.0,260.1,85.2655,85.2697,85.2336,0.0319,0.0360,0.0042
4013,808.2,269.9,85.2675,85.2717,85.2357,0.0318,0.0360,0.0042
4014,989.9,293.7,85.2696,85.2737,85.2379,0.0316,0.0358,0.0042
4015,1011.0,328.8,85.2716,85.2758,85.2400,0.0317,0.0358,0.0042
4016,996.4,739.2,85.2737,85.2779,85.2420,0.0317,0.0359,0.0042
4017,992.6,237.8,85.2758,85.2799,85.2439,0.0318,0.0360,0.0042
4018,999.5,253.2,85.2778,85.2820,85.2461,0.0318,0.0360,0.0042
4019,1001.2,259.1,85.2799,85.2841,85.2481,0.0318,0.0360,0.0042
4020,1870.6,1591.8,85.2820,85.2862,85.2524,0.0296,0.0338,0.0042
4021,1595.4,279.1,85.2841,85.2883,85.2570,0.0271,0.0313,0.0042
4022,281.3,291.2,85.2862,85.2904,85.2570,0.0292,0.0334,0.0042
4023,294.0,205.9,85.2883,85.2925,85.2570,0.0313,0.0355,0.0042
4024,963.1,265.8,85.2904,85.2946,85.2592,0.0312,0.0354,0.0042
4025,994.9,235.0,85.2925,85.2968,85.2614,0.0312,0.0354,0.0042
4026,1001.4,250.7,85.2947,85.2989,85.2637,0.0310,0.0352,0.0042
4027,998.6,257.1,85.2968,85.3010,85.2658,0.0310,0.0352,0.0042
4028,999.4,229.5,85.2990,85.3032,85.2680,0.0309,0.0352,0.0042
4029,1000.0,261.7,85.3011,85.3053,85.2703,0.0308,0.0350,0.0042
4030,1000.3,238.8,85.3033,85.3075,85.2728,0.0305,0.0347,0.0042
4031,999.2,250.6,85.3054,85.3097,85.2752,0.0303,0.0345,0.0042
4032,1007.9,251.7,85.3076,85.3119,85.2775,0.0301,0.0344,0.0042
4033,995.6,275.9,85.3098,85.3140,85.2799,0.0300,0.0342,0.0042
4034,1033.7,589.0,85.3120,85.3162,85.2824,0.0296,0.0339,0.0042
4035,983.2,300.2,85.3142,85.3184,85.2846,0.0296,0.0339,0.0042
4036,999.3,297.5,85.3164,85.3207,85.2867,0.0297,0.0339,0.0042
4037,996.0,255.4,85.3186,85.3229,85.2887,0.0299,0.0341,0.0043
4038,998.8,276.3,85.3208,85.3251,85.2907,0.0301,0.0343,0.0043
4039,3565.3,535.4,85.3231,85.3273,85.2982,0.0249,0.0291,0.0043
4040,544.2,291.7,85.3253,85.3296,85.2982,0.0271,0.0313,0.0043
4041,295.4,564.4,85.3275,85.3318,85.3002,0.0273,0.0316,0.0043
4042,567.7,220.7,85.3298,85.3341,85.3002,0.0296,0.0338,0.0043
4043,223.2,264.6,85.3321,85.3363,85.3002,0.0318,0.0361,0.0043
4044,806.2,271.0,85.3343,85.3386,85.3024,0.0319,0.0362,0.0043
4045,986.9,259.5,85.3366,85.3409,85.3045,0.0321,0.0364,0.0043
4046,997.7,228.6,85.3389,85.3432,85.3066,0.0323,0.0366,0.0043
4047,1001.2,287.6,85.3412,85.3454,85.3083,0.0329,0.0371,0.0043
4048,1003.1,281.9,85.3435,85.3477,85.3100,0.0335,0.0378,0.0043
4049,970.8,228.3,85.3458,85.3501,85.3118,0.0340,0.0383,0.0043
4050,1029.9,240.3,85.3481,85.3524,85.3139,0.0342,0.0385,0.0043
4051,995.9,265.2,85.3504,85.3547,85.3158,0.0346,0.0389,0.0043
4052,999.0,234.8,85.3527,85.3570,85.3177,0.0350,0.0393,0.0043
4053,1000.2,258.0,85.3550,85.3593,85.3196,0.0355,0.0398,0.0043
4054,999.9,261.2,85.3574,85.3617,85.3215,0.0358,0.0401,0.0043
4055,999.6,241.5,85.3597,85.3640,85.3233,0.0364,0.0407,0.0043
4056,1000.1,268.7,85.3621,85.3664,85.3251,0.0370,0.0413,0.0043
4057,1000.6,251.2,85.3644,85.3688,85.3268,0.0376,0.0419,0.0043
4058,999.7,220.7,85.3668,85.3711,85.3287,0.0381,0.0424,0.0043
4059,1012.9,285.4,85.3692,85.3735,85.3303,0.0389,0.0432,0.0043
4060,988.6,231.3,85.3716,85.3759,85.3320,0.0395,0.0439,0.0043
4061,999.9,255.3,85.3740,85.3783,85.3336,0.0403,0.0446,0.0043
4062,978.7,255.9,85.3763,85.3807,85.3354,0.0409,0.0452,0.0043
4063,1022.4,236.3,85.3788,85.3831,85.3371,0.0416,0.0460,0.0043
4064,999.9,293.1,85.3812,85.3855,85.3388,0.0423,0.0467,0.0043
4065,1000.5,299.1,85.3836,85.3879,85.3405,0.0431,0.0475,0.0044
4066,998.7,280.9,85.3860,85.3904,85.3423,0.0437,0.0481,0.0044
4067,999.9,274.7,85.3884,85.3928,85.3442,0.0443,0.0486,0.0044
4068,1002.2,265.3,85.3909,85.3952,85.3461,0.0448,0.0491,0.0044
4069,973.3,264.5,85.3933,85.3977,85.3481,0.0452,0.0496,0.0044
4070,1025.2,238.0,85.3958,85.4002,85.3504,0.0454,0.0498,0.0044
4071,1001.3,272.7,85.3983,85.4026,85.3525,0.0458,0.0502,0.0044
4072,1008.4,268.7,85.4007,85.4051,85.3546,0.0461,0.0505,0.0044
4073,1000.9,671.3,85.4032,85.4076,85.3568,0.0464,0.0508,0.0044
4074,1004.5,287.9,85.4057,85.4101,85.3592,0.0465,0.0509,0.0044
4075,995.2,922.0,85.4082,85.4126,85.3614,0.0468,0.0512,0.0044
4076,988.9,246.9,85.4107,85.4151,85.3637,0.0470,0.0514,0.0044
4077,1003.7,231.7,85.4132,85.4176,85.3659,0.0473,0.0517,0.0044
4078,994.5,218.2,85.4157,85.4201,85.3681,0.0475,0.0519,0.0044
4079,982.8,290.1,85.4182,85.4226,85.3707,0.0476,0.0520,0.0044
4080,1024.9,238.6,85.4207,85.4252,85.3730,0.0477,0.0521,0.0044
4081,994.3,245.0,85.4233,85.4277,85.3753,0.0480,0.0524,0.0044
4082,1001.6,234.8,85.4258,85.4302,85.3777,0.0481,0.0525,0.0044
4083,1003.7,279.6,85.4284,85.4328,85.3800,0.0484,0.0528,0.0044
4084,997.2,233.2,85.4309,85.4353,85.3823,0.0487,0.0531,0.0044
4085,1002.3,233.7,85.4335,85.4379,85.3848,0.0487,0.0531,0.0044
4086,1000.1,244.5,85.4361,85.4405,85.3878,0.0483,0.0527,0.0044
4087,987.3,233.9,85.4386,85.4431,85.3905,0.0481,0.0525,0.0044
4088,1007.4,230.4,85.4412,85.4457,85.3934,0.0478,0.0523,0.0044
4089,1000.0,299.3,85.4438,85.4483,85.3964,0.0474,0.0519,0.0044
4090,1005.6,282.4,85.4464,85.4509,85.3995,0.0469,0.0514,0.0044
4091,995.2,290.8,85.4490,85.4535,85.4022,0.0468,0.0513,0.0044
4092,994.8,304.5,85.4516,85.4561,85.4048,0.0469,0.0513,0.0045
4093,1015.9,252.1,85.4543,85.4587,85.4073,0.0469,0.0514,0.0045
4094,995.3,257.2,85.4569,85.4613,85.4102,0.0467,0.0511,0.0045
4095,999.3,285.2,85.4595,85.4640,85.4130,0.0465,0.0510,0.0045
4096,998.0,285.3,85.4622,85.4666,85.4157,0.0464,0.0509,0.0045
4097,1002.5,293.3,85.4648,85.4693,85.4185,0.0464,0.0508,0.0045
4098,995.0,286.4,85.4675,85.4719,85.4214,0.0461,0.0505,0.0045
4099,999.0,263.4,85.4701,85.4746,85.4242,0.0460,0.0504,0.0045
4100,998.4,286.5,85.4728,85.4773,85.4270,0.0458,0.0503,0.0045
4101,999.9,275.5,85.4755,85.4800,85.4297,0.0458,0.0502,0.0045
4102,1000.8,252.2,85.4782,85.4827,85.4327,0.0454,0.0499,0.0045
4103,1003.4,266.9,85.4809,85.4854,85.4355,0.0454,0.0498,0.0045
4104,999.1,266.9,85.4836,85.4881,85.4384,0.0452,0.0497,0.0045
4105,1002.3,244.2,85.4863,85.4908,85.4412,0.0450,0.0495,0.0045
4106,1005.0,280.8,85.4890,85.4935,85.4445,0.0445,0.0490,0.0045
4107,1064.0,270.5,85.4917,85.4962,85.4475,0.0443,0.0488,0.0045
4108,930.9,287.1,85.4944,85.4990,85.4505,0.0440,0.0485,0.0045
4109,998.6,701.4,85.4972,85.5017,85.4533,0.0438,0.0483,0.0045
4110,996.4,266.8,85.4999,85.5044,85.4565,0.0435,0.0480,0.0045
4111,999.2,292.4,85.5027,85.5072,85.4592,0.0434,0.0480,0.0045
4112,1006.0,859.7,85.5054,85.5100,85.4618,0.0436,0.0481,0.0045
4113,994.2,264.7,85.5082,85.5127,85.4644,0.0438,0.0483,0.0045
4114,1005.1,341.6,85.5110,85.5155,85.4671,0.0438,0.0484,0.0045
4115,1000.2,367.1,85.5137,85.5183,85.4697,0.0440,0.0485,0.0045
4116,994.3,316.6,85.5165,85.5211,85.4725,0.0440,0.0485,0.0045
4117,1000.8,302.5,85.5193,85.5239,85.4752,0.0441,0.0487,0.0045
4118,998.5,317.3,85.5221,85.5267,85.4781,0.0440,0.0486,0.0045
4119,1001.2,307.9,85.5249,85.5295,85.4808,0.0441,0.0487,0.0045
4120,998.3,290.4,85.5277,85.5323,85.4837,0.0441,0.0486,0.0046
4121,999.9,271.3,85.5306,85.5351,85.4866,0.0440,0.0485,0.0046
4122,1000.3,258.9,85.5334,85.5379,85.4898,0.0436,0.0481,0.0046
4123,1005.0,250.4,85.5362,85.5408,85.4928,0.0435,0.0480,0.0046
4124,981.3,298.7,85.5391,85.5436,85.4956,0.0434,0.0480,0.0046
4125,1009.1,305.9,85.5419,85.5465,85.4986,0.0433,0.0479,0.0046
4126,1015.8,267.0,85.5448,85.5493,85.5016,0.0432,0.0478,0.0046
4127,1002.6,303.8,85.5476,85.5522,85.5044,0.0432,0.0478,0.0046
4128,992.8,260.2,85.5505,85.5551,85.5074,0.0432,0.0477,0.0046
4129,997.2,265.3,85.5534,85.5580,85.5104,0.0430,0.0476,0.0046
4130,1001.6,566.1,85.5563,85.5609,85.5136,0.0427,0.0473,0.0046
4131,1006.1,326.1,85.5592,85.5637,85.5165,0.0426,0.0472,0.0046
4132,994.0,249.4,85.5621,85.5666,85.5195,0.0426,0.0472,0.0046
4133,1005.3,319.5,85.5650,85.5696,85.5223,0.0426,0.0472,0.0046
4134,1004.1,286.7,85.5679,85.5725,85.5253,0.0426,0.0472,0.0046
4135,995.4,276.5,85.5708,85.5754,85.5286,0.0422,0.0468,0.0046
4136,992.9,272.9,85.5737,85.5783,85.5316,0.0421,0.0467,0.0046
4137,1002.2,241.0,85.5767,85.5813,85.5346,0.0421,0.0467,0.0046
4138,998.9,282.3,85.5796,85.5842,85.5374,0.0421,0.0468,0.0046
4139,1000.1,311.6,85.5825,85.5872,85.5411,0.0414,0.0461,0.0046
4140,1019.5,363.7,85.5855,85.5901,85.5440,0.0415,0.0461,0.0046
4141,956.4,1075.3,85.5885,85.5931,85.5465,0.0420,0.0466,0.0046
4142,1079.3,272.0,85.5914,85.5960,85.5494,0.0420,0.0466,0.0046
4143,943.5,244.9,85.5944,85.5990,85.5529,0.0415,0.0461,0.0046
4144,998.6,252.2,85.5974,85.6020,85.5558,0.0416,0.0462,0.0046
4145,1001.0,239.2,85.6004,85.6050,85.5586,0.0418,0.0464,0.0046
4146,1001.5,261.8,85.6034,85.6080,85.5614,0.0419,0.0466,0.0046
4147,997.3,249.0,85.6064,85.6110,85.5646,0.0418,0.0464,0.0046
4148,1000.7,312.6,85.6094,85.6140,85.5676,0.0418,0.0464,0.0046
4149,1005.6,260.9,85.6124,85.6170,85.5707,0.0417,0.0463,0.0047
4150,996.4,235.5,85.6154,85.6201,85.5737,0.0417,0.0463,0.0047
4151,999.5,258.1,85.6184,85.6231,85.5769,0.0416,0.0463,0.0047
4152,1000.7,249.7,85.6215,85.6261,85.5795,0.0420,0.0467,0.0047
4153,1002.8,272.5,85.6245,85.6292,85.5820,0.0425,0.0472,0.0047
4154,997.0,283.3,85.6276,85.6322,85.5844,0.0432,0.0478,0.0047
4155,983.8,275.1,85.6306,85.6353,85.5870,0.0436,0.0483,0.0047
4156,1015.6,296.1,85.6337,85.6384,85.5870,0.0467,0.0513,0.0047
4157,1001.7,279.0,85.6368,85.6415,85.5894,0.0473,0.0520,0.0047
4158,999.7,248.0,85.6399,85.6445,85.5919,0.0480,0.0526,0.0047
4159,995.6,236.8,85.6429,85.6476,85.5944,0.0486,0.0533,0.0047
4160,999.5,265.1,85.6460,85.6507,85.5971,0.0489,0.0536,0.0047
4161,1025.2,286.7,85.6491,85.6538,85.5999,0.0493,0.0540,0.0047
4162,980.4,282.1,85.6522,85.6569,85.6027,0.0495,0.0542,0.0047
4163,995.5,281.6,85.6553,85.6600,85.6058,0.0496,0.0543,0.0047
4164,999.4,267.9,85.6585,85.6632,85.6086,0.0499,0.0546,0.0047
4165,999.7,293.7,85.6616,85.6663,85.6112,0.0504,0.0551,0.0047
4166,975.4,330.1,85.6647,85.6694,85.6139,0.0508,0.0555,0.0047
4167,1045.0,301.1,85.6679,85.6726,85.6168,0.0511,0.0558,0.0047
4168,991.3,304.3,85.6710,85.6757,85.6195,0.0515,0.0562,0.0047
4169,1005.7,311.0,85.6742,85.6789,85.6222,0.0520,0.0567,0.0047
4170,994.2,311.2,85.6773,85.6821,85.6251,0.0522,0.0570,0.0047
4171,961.5,322.1,85.6805,85.6852,85.6278,0.0527,0.0575,0.0047
4172,1031.5,283.7,85.6837,85.6884,85.6304,0.0532,0.0580,0.0047
4173,1001.1,276.9,85.6869,85.6916,85.6330,0.0538,0.0585,0.0047
4174,1025.0,315.0,85.6900,85.6948,85.6358,0.0543,0.0590,0.0047
4175,997.0,299.6,85.6932,85.6980,85.6383,0.0549,0.0596,0.0047
4176,992.7,367.9,85.6964,85.7012,85.6412,0.0553,0.0600,0.0047
4177,1005.2,334.9,85.6996,85.7044,85.6442,0.0555,0.0602,0.0047
4178,997.3,316.3,85.7029,85.7076,85.6473,0.0556,0.0603,0.0048
4179,998.1,308.3,85.7061,85.7108,85.6507,0.0554,0.0601,0.0048
4180,1002.9,360.6,85.7093,85.7141,85.6540,0.0553,0.0600,0.0048
4181,980.5,280.2,85.7126,85.7173,85.6573,0.0552,0.0600,0.0048
4182,998.7,288.4,85.7158,85.7206,85.6606,0.0552,0.0600,0.0048
4183,1042.5,607.2,85.7190,85.7238,85.6641,0.0550,0.0597,0.0048
4184,987.3,333.4,85.7223,85.7271,85.6673,0.0550,0.0598,0.0048
4185,986.1,324.9,85.7256,85.7303,85.6704,0.0552,0.0599,0.0048
4186,985.2,288.6,85.7288,85.7336,85.6734,0.0554,0.0602,0.0048
4187,1011.7,262.6,85.7321,85.7369,85.6765,0.0556,0.0604,0.0048
4188,995.2,255.7,85.7354,85.7402,85.6798,0.0556,0.0604,0.0048
4189,998.2,332.4,85.7387,85.7435,85.6829,0.0558,0.0605,0.0048
4190,1003.2,309.9,85.7420,85.7468,85.6862,0.0557,0.0605,0.0048
4191,998.1,284.7,85.7453,85.7501,85.6896,0.0557,0.0604,0.0048
4192,997.1,252.3,85.7486,85.7534,85.6933,0.0553,0.0601,0.0048
4193,993.7,282.0,85.7519,85.7567,85.6967,0.0552,0.0600,0.0048
4194,1000.5,209.5,85.7552,85.7600,85.7001,0.0551,0.0599,0.0048
4195,999.9,255.4,85.7586,85.7634,85.7033,0.0553,0.0601,0.0048
4196,1001.6,248.5,85.7619,85.7667,85.7065,0.0554,0.0602,0.0048
4197,999.9,275.3,85.7652,85.7701,85.7095,0.0557,0.0605,0.0048
4198,1003.3,272.7,85.7686,85.7734,85.7125,0.0561,0.0609,0.0048
4199,996.1,252.9,85.7719,85.7768,85.7153,0.0567,0.0615,0.0048
4200,999.5,240.0,85.7753,85.7801,85.7184,0.0569,0.0617,0.0048
4201,1001.1,260.9,85.7787,85.7835,85.7212,0.0575,0.0623,0.0048
4202,1007.3,280.2,85.7821,85.7869,85.7241,0.0579,0.0628,0.0048
4203,1000.0,300.1,85.7854,85.7903,85.7272,0.0582,0.0630,0.0048
4204,1000.5,273.8,85.7888,85.7937,85.7307,0.0581,0.0629,0.0048
4205,999.5,300.1,85.7922,85.7971,85.7341,0.0581,0.0630,0.0048
4206,999.4,312.9,85.7956,85.8005,85.7376,0.0580,0.0629,0.0048
4207,1000.4,346.0,85.7990,85.8039,85.7410,0.0580,0.0629,0.0048
4208,997.8,289.0,85.8025,85.8073,85.7443,0.0582,0.0630,0.0049
4209,1000.2,315.2,85.8059,85.8107,85.7478,0.0581,0.0630,0.0049
4210,999.5,269.3,85.8093,85.8142,85.7511,0.0582,0.0631,0.0049
4211,1002.1,297.8,85.8127,85.8176,85.7545,0.0582,0.0631,0.0049
4212,1003.0,287.4,85.8162,85.8211,85.7584,0.0578,0.0627,0.0049
4213,1014.5,390.3,85.8196,85.8245,85.7620,0.0576,0.0625,0.0049
4214,983.3,335.8,85.8231,85.8280,85.7657,0.0574,0.0623,0.0049
4215,997.8,344.1,85.8266,85.8314,85.7693,0.0572,0.0621,0.0049
4216,1005.1,298.4,85.8300,85.8349,85.7733,0.0567,0.0616,0.0049
4217,990.0,265.0,85.8335,85.8384,85.7771,0.0564,0.0613,0.0049
4218,1000.1,292.9,85.8370,85.8419,85.7809,0.0561,0.0610,0.0049
4219,1014.8,333.9,85.8405,85.8454,85.7847,0.0557,0.0606,0.0049
4220,990.9,315.8,85.8440,85.8489,85.7888,0.0552,0.0601,0.0049
4221,1027.7,362.4,85.8475,85.8524,85.7924,0.0550,0.0599,0.0049
4222,976.7,337.6,85.8510,85.8559,85.7960,0.0550,0.0599,0.0049
4223,998.9,272.5,85.8545,85.8594,85.7996,0.0549,0.0598,0.0049
4224,996.7,281.8,85.8580,85.8629,85.8035,0.0545,0.0594,0.0049
4225,999.3,629.1,85.8615,85.8665,85.8072,0.0543,0.0593,0.0049
4226,1019.9,313.3,85.8651,85.8700,85.8108,0.0542,0.0591,0.0049
4227,994.4,310.2,85.8686,85.8735,85.8145,0.0541,0.0590,0.0049
4228,989.5,355.1,85.8722,85.8771,85.8185,0.0536,0.0586,0.0049
4229,999.3,343.4,85.8757,85.8806,85.8223,0.0534,0.0583,0.0049
4230,998.6,289.1,85.8793,85.8842,85.8261,0.0532,0.0581,0.0049
4231,999.8,293.0,85.8829,85.8878,85.8297,0.0532,0.0581,0.0049
4232,999.4,262.9,85.8864,85.8914,85.8333,0.0531,0.0581,0.0049
4233,999.6,273.7,85.8900,85.8949,85.8365,0.0535,0.0584,0.0049
4234,1000.2,299.5,85.8936,85.8985,85.8398,0.0538,0.0587,0.0049
4235,999.7,251.2,85.8972,85.9021,85.8432,0.0540,0.0589,0.0049
4236,1008.9,300.9,85.9008,85.9057,85.8469,0.0539,0.0589,0.0049
4237,1013.6,353.8,85.9044,85.9093,85.8504,0.0540,0.0589,0.0049
4238,1012.1,344.8,85.9080,85.9130,85.8539,0.0541,0.0591,0.0050
4239,973.2,343.8,85.9116,85.9166,85.8574,0.0542,0.0592,0.0050
4240,990.1,347.5,85.9153,85.9202,85.8612,0.0540,0.0590,0.0050
4241,998.2,304.8,85.9189,85.9238,85.8649,0.0540,0.0590,0.0050
4242,1031.3,409.0,85.9225,85.9275,85.8686,0.0539,0.0589,0.0050
4243,991.5,305.2,85.9262,85.9311,85.8723,0.0538,0.0588,0.0050
4244,982.6,282.9,85.9298,85.9348,85.8760,0.0538,0.0588,0.0050
4245,1006.5,336.5,85.9335,85.9385,85.8797,0.0537,0.0587,0.0050
4246,999.6,329.6,85.9371,85.9421,85.8834,0.0537,0.0587,0.0050
4247,985.4,319.7,85.9408,85.9458,85.8869,0.0539,0.0589,0.0050
4248,1009.5,263.4,85.9445,85.9495,85.8904,0.0541,0.0590,0.0050
4249,991.9,274.8,85.9482,85.9532,85.8941,0.0541,0.0591,0.0050
4250,1008.4,274.9,85.9519,85.9569,85.8977,0.0542,0.0592,0.0050
4251,996.1,301.4,85.9556,85.9606,85.9015,0.0541,0.0591,0.0050
4252,993.5,298.3,85.9593,85.9643,85.9053,0.0540,0.0590,0.0050
4253,999.6,257.9,85.9630,85.9680,85.9094,0.0536,0.0586,0.0050
4254,1002.3,265.1,85.9667,85.9717,85.9133,0.0534,0.0584,0.0050
4255,998.1,246.0,85.9704,85.9754,85.9169,0.0535,0.0586,0.0050
4256,1002.3,271.1,85.9741,85.9791,85.9201,0.0540,0.0590,0.0050
4257,997.8,298.1,85.9779,85.9829,85.9236,0.0543,0.0593,0.0050
4258,998.0,288.8,85.9816,85.9866,85.9269,0.0547,0.0597,0.0050
4259,1001.7,440.6,85.9854,85.9904,85.9303,0.0551,0.0601,0.0050
4260,1040.0,268.4,85.9891,85.9941,85.9339,0.0552,0.0603,0.0050
4261,964.2,275.8,85.9929,85.9979,85.9377,0.0551,0.0602,0.0050
4262,998.5,270.7,85.9966,86.0017,85.9412,0.0554,0.0604,0.0050
4263,1015.9,308.9,86.0004,86.0054,85.9447,0.0557,0.0607,0.0050
4264,992.3,287.7,86.0042,86.0092,85.9481,0.0560,0.0611,0.0050
4265,1013.6,372.6,86.0080,86.0130,85.9520,0.0560,0.0610,0.0050
4266,991.6,297.7,86.0118,86.0168,85.9555,0.0563,0.0613,0.0050
4267,986.5,272.3,86.0156,86.0206,85.9589,0.0566,0.0617,0.0050
4268,1014.2,309.8,86.0194,86.0244,85.9624,0.0570,0.0620,0.0050
4269,993.0,307.5,86.0232,86.0282,85.9660,0.0572,0.0623,0.0050
4270,1036.2,319.0,86.0270,86.0320,85.9691,0.0579,0.0629,0.0051
4271,963.8,311.6,86.0308,86.0359,85.9722,0.0586,0.0636,0.0051
4272,998.2,282.1,86.0346,86.0397,85.9753,0.0593,0.0644,0.0051
4273,1001.0,252.9,86.0385,86.0435,85.9787,0.0598,0.0648,0.0051
4274,999.8,274.8,86.0423,86.0474,85.9820,0.0603,0.0654,0.0051
4275,999.4,266.6,86.0462,86.0512,85.9855,0.0607,0.0658,0.0051
4276,999.7,277.5,86.0500,86.0551,85.9891,0.0609,0.0660,0.0051
4277,1050.4,297.3,86.0539,86.0590,85.9930,0.0609,0.0660,0.0051
4278,988.2,336.6,86.0578,86.0628,85.9965,0.0612,0.0663,0.0051
4279,968.5,312.3,86.0616,86.0667,86.0002,0.0614,0.0665,0.0051
4280,998.1,303.1,86.0655,86.0706,86.0039,0.0616,0.0667,0.0051
4281,1002.4,394.6,86.0694,86.0745,86.0079,0.0615,0.0666,0.0051
4282,1125.4,362.3,86.0733,86.0784,86.0115,0.0617,0.0668,0.0051
4283,876.2,314.7,86.0772,86.0823,86.0152,0.0620,0.0671,0.0051
4284,1004.9,335.5,86.0811,86.0862,86.0189,0.0622,0.0673,0.0051
4285,993.1,300.9,86.0850,86.0901,86.0230,0.0620,0.0671,0.0051
4286,996.7,300.7,86.0889,86.0940,86.0270,0.0619,0.0670,0.0051
4287,997.7,283.0,86.0928,86.0979,86.0310,0.0618,0.0669,0.0051
4288,1004.4,275.6,86.0968,86.1019,86.0351,0.0617,0.0668,0.0051
4289,992.9,378.4,86.1007,86.1058,86.0396,0.0611,0.0662,0.0051
4290,1000.3,361.4,86.1046,86.1098,86.0438,0.0608,0.0659,0.0051
4291,1001.4,329.9,86.1086,86.1137,86.0478,0.0607,0.0659,0.0051
4292,999.7,354.4,86.1125,86.1177,86.0518,0.0607,0.0658,0.0051
4293,998.4,359.7,86.1165,86.1216,86.0561,0.0604,0.0655,0.0051
4294,999.5,346.1,86.1205,86.1256,86.0602,0.0603,0.0654,0.0051
4295,1017.0,301.9,86.1244,86.1296,86.0642,0.0602,0.0653,0.0051
4296,989.3,299.4,86.1284,86.1335,86.0684,0.0600,0.0651,0.0051
4297,1000.1,281.0,86.1324,86.1375,86.0730,0.0594,0.0645,0.0051
4298,990.8,277.4,86.1364,86.1415,86.0772,0.0592,0.0644,0.0051
4299,998.8,318.4,86.1404,86.1455,86.0812,0.0592,0.0643,0.0051
4300,1000.4,258.6,86.1444,86.1495,86.0851,0.0593,0.0645,0.0051
4301,1018.5,274.9,86.1484,86.1535,86.0892,0.0592,0.0643,0.0051
4302,983.1,311.0,86.1524,86.1576,86.0930,0.0594,0.0646,0.0052
4303,1007.4,286.2,86.1564,86.1616,86.0966,0.0598,0.0650,0.0052
4304,1000.7,302.2,86.1605,86.1656,86.1001,0.0603,0.0655,0.0052
4305,999.5,293.0,86.1645,86.1696,86.1038,0.0607,0.0658,0.0052
4306,998.5,280.7,86.1685,86.1737,86.1073,0.0612,0.0664,0.0052
4307,997.6,269.4,86.1726,86.1777,86.1111,0.0615,0.0667,0.0052
4308,1000.3,272.5,86.1766,86.1818,86.1150,0.0616,0.0667,0.0052
4309,1000.1,269.8,86.1807,86.1858,86.1200,0.0607,0.0658,0.0052
4310,999.6,275.6,86.1847,86.1899,86.1234,0.0614,0.0665,0.0052
4311,1009.3,444.8,86.1888,86.1940,86.1277,0.0611,0.0662,0.0052
4312,990.6,271.6,86.1929,86.1981,86.1314,0.0614,0.0666,0.0052
4313,1019.4,355.4,86.1970,86.2021,86.1355,0.0614,0.0666,0.0052
4314,1001.7,309.1,86.2010,86.2062,86.1395,0.0616,0.0668,0.0052
4315,988.7,354.7,86.2051,86.2103,86.1434,0.0618,0.0669,0.0052
4316,984.9,265.6,86.2092,86.2144,86.1474,0.0618,0.0670,0.0052
4317,998.9,274.6,86.2133,86.2185,86.1518,0.0615,0.0667,0.0052
4318,1004.9,275.7,86.2175,86.2227,86.1561,0.0614,0.0666,0.0052
4319,1080.0,279.5,86.2216,86.2268,86.1604,0.0612,0.0664,0.0052
4320,927.2,288.7,86.2257,86.2309,86.1647,0.0609,0.0661,0.0052
4321,997.0,272.3,86.2298,86.2350,86.1695,0.0603,0.0655,0.0052
4322,1001.3,310.5,86.2340,86.2392,86.1739,0.0600,0.0653,0.0052
4323,1048.9,287.8,86.2381,86.2433,86.1781,0.0600,0.0652,0.0052
4324,943.3,301.5,86.2422,86.2475,86.1823,0.0600,0.0652,0.0052
4325,999.7,255.3,86.2464,86.2516,86.1866,0.0598,0.0651,0.0052
4326,999.0,266.7,86.2506,86.2558,86.1905,0.0601,0.0653,0.0052
4327,998.3,258.3,86.2547,86.2599,86.1945,0.0602,0.0654,0.0052
4328,999.7,292.1,86.2589,86.2641,86.1945,0.0644,0.0696,0.0052
4329,999.9,323.8,86.2631,86.2683,86.1985,0.0645,0.0697,0.0052
4330,1015.7,377.2,86.2672,86.2725,86.2030,0.0643,0.0695,0.0052
4331,997.5,324.3,86.2714,86.2767,86.2070,0.0644,0.0697,0.0052
4332,995.6,279.4,86.2756,86.2809,86.2111,0.0645,0.0697,0.0052
4333,999.5,327.4,86.2798,86.2851,86.2152,0.0647,0.0699,0.0052
4334,1000.3,319.0,86.2840,86.2893,86.2193,0.0647,0.0700,0.0052
4335,999.8,314.1,86.2882,86.2935,86.2231,0.0652,0.0704,0.0052
4336,1002.6,321.0,86.2925,86.2977,86.2267,0.0658,0.0710,0.0053
4337,990.4,258.5,86.2967,86.3019,86.2302,0.0665,0.0718,0.0053
4338,1000.3,282.9,86.3009,86.3062,86.2339,0.0670,0.0722,0.0053
4339,998.8,289.5,86.3051,86.3104,86.2375,0.0677,0.0729,0.0053
4340,1004.4,325.7,86.3094,86.3146,86.2412,0.0682,0.0735,0.0053
4341,1062.6,324.7,86.3136,86.3189,86.2450,0.0686,0.0739,0.0053
4342,934.1,288.7,86.3179,86.3232,86.2492,0.0686,0.0739,0.0053
4343,1016.0,307.5,86.3221,86.3274,86.2532,0.0690,0.0743,0.0053
4344,983.9,257.0,86.3264,86.3317,86.2571,0.0693,0.0746,0.0053
4345,1008.6,286.0,86.3307,86.3359,86.2611,0.0696,0.0749,0.0053
4346,1000.7,294.2,86.3349,86.3402,86.2653,0.0696,0.0749,0.0053
4347,999.8,330.5,86.3392,86.3445,86.2693,0.0699,0.0752,0.0053
4348,1006.0,329.5,86.3435,86.3488,86.2733,0.0702,0.0755,0.0053
4349,997.7,321.3,86.3478,86.3531,86.2774,0.0704,0.0757,0.0053
4350,981.4,294.4,86.3521,86.3574,86.2818,0.0703,0.0756,0.0053
4351,1016.5,313.1,86.3564,86.3617,86.2859,0.0705,0.0758,0.0053
4352,999.3,290.4,86.3607,86.3660,86.2901,0.0707,0.0760,0.0053
4353,999.4,271.2,86.3650,86.3703,86.2942,0.0708,0.0761,0.0053
4354,1012.4,332.8,86.3694,86.3747,86.2987,0.0707,0.0760,0.0053
4355,997.9,307.1,86.3737,86.3790,86.3029,0.0708,0.0761,0.0053
4356,989.3,304.0,86.3780,86.3833,86.3071,0.0709,0.0763,0.0053
4357,999.6,305.2,86.3824,86.3877,86.3112,0.0712,0.0765,0.0053
4358,999.9,300.2,86.3867,86.3920,86.3155,0.0712,0.0766,0.0053
4359,1050.7,323.5,86.3910,86.3964,86.3195,0.0716,0.0769,0.0053
4360,951.9,280.2,86.3954,86.4007,86.3237,0.0717,0.0770,0.0053
4361,998.2,302.4,86.3998,86.4051,86.3280,0.0717,0.0770,0.0053
4362,999.2,283.4,86.4041,86.4095,86.3326,0.0715,0.0768,0.0053
4363,1001.6,300.3,86.4085,86.4138,86.3369,0.0716,0.0769,0.0053
4364,997.7,313.0,86.4129,86.4182,86.3411,0.0718,0.0771,0.0053
4365,1001.1,446.0,86.4173,86.4226,86.3453,0.0720,0.0773,0.0053
4366,998.8,331.6,86.4217,86.4270,86.3497,0.0719,0.0772,0.0053
4367,1023.1,453.3,86.4261,86.4314,86.3539,0.0722,0.0775,0.0053
4368,991.6,355.2,86.4305,86.4358,86.3580,0.0725,0.0778,0.0053
4369,995.7,347.4,86.4349,86.4402,86.3620,0.0729,0.0782,0.0053
4370,1007.3,319.0,86.4393,86.4446,86.3664,0.0728,0.0782,0.0053
4371,993.8,283.4,86.4437,86.4490,86.3708,0.0729,0.0783,0.0054
4372,996.6,298.7,86.4481,86.4535,86.3752,0.0729,0.0783,0.0054
4373,1012.8,321.3,86.4525,86.4579,86.3797,0.0728,0.0782,0.0054
4374,983.0,284.8,86.4570,86.4623,86.3847,0.0723,0.0777,0.0054
4375,989.5,288.7,86.4614,86.4668,86.3892,0.0722,0.0776,0.0054
4376,1000.2,253.0,86.4659,86.4712,86.3937,0.0722,0.0775,0.0054
4377,999.3,300.5,86.4703,86.4757,86.3980,0.0723,0.0777,0.0054
4378,1263.7,359.5,86.4748,86.4801,86.4028,0.0719,0.0773,0.0054
4379,736.8,300.2,86.4792,86.4846,86.4075,0.0718,0.0771,0.0054
4380,998.2,290.3,86.4837,86.4891,86.4123,0.0714,0.0768,0.0054
4381,1002.1,260.9,86.4882,86.4936,86.4172,0.0710,0.0763,0.0054
4382,998.8,315.9,86.4927,86.4980,86.4227,0.0700,0.0754,0.0054
4383,999.2,276.5,86.4971,86.5025,86.4278,0.0693,0.0747,0.0054
4384,1001.3,304.6,86.5016,86.5070,86.4329,0.0688,0.0741,0.0054
4385,998.1,299.4,86.5061,86.5115,86.4379,0.0682,0.0736,0.0054
4386,1007.9,306.7,86.5106,86.5160,86.4432,0.0674,0.0728,0.0054
4387,999.7,285.6,86.5151,86.5205,86.4482,0.0669,0.0723,0.0054
4388,1001.9,262.0,86.5196,86.5250,86.4533,0.0664,0.0718,0.0054
4389,999.8,286.8,86.5242,86.5296,86.4583,0.0658,0.0712,0.0054
4390,998.0,323.5,86.5287,86.5341,86.4639,0.0648,0.0702,0.0054
4391,1004.3,319.5,86.5332,86.5386,86.4691,0.0642,0.0696,0.0054
4392,1001.1,305.9,86.5377,86.5432,86.4741,0.0636,0.0690,0.0054
4393,997.1,289.1,86.5423,86.5477,86.4789,0.0634,0.0688,0.0054
4394,1000.5,274.5,86.5468,86.5522,86.4835,0.0634,0.0688,0.0054
4395,1004.6,281.8,86.5514,86.5568,86.4882,0.0632,0.0686,0.0054
4396,997.1,303.1,86.5559,86.5614,86.4926,0.0634,0.0688,0.0054
4397,996.4,276.5,86.5605,86.5659,86.4969,0.0636,0.0691,0.0054
4398,999.4,284.5,86.5651,86.5705,86.5012,0.0638,0.0693,0.0054
4399,999.4,286.9,86.5696,86.5751,86.5060,0.0636,0.0691,0.0054
4400,1000.3,333.1,86.5742,86.5796,86.5105,0.0637,0.0692,0.0054
4401,1002.4,325.6,86.5788,86.5842,86.5148,0.0639,0.0694,0.0054
4402,996.2,280.8,86.5834,86.5888,86.5191,0.0642,0.0697,0.0054
4403,1000.3,259.1,86.5880,86.5934,86.5233,0.0647,0.0701,0.0054
4404,1001.4,256.2,86.5926,86.5980,86.5278,0.0648,0.0703,0.0054
4405,999.8,286.3,86.5972,86.6026,86.5318,0.0654,0.0708,0.0054
4406,1003.2,272.7,86.6018,86.6072,86.5359,0.0659,0.0713,0.0054
4407,999.6,297.6,86.6064,86.6119,86.5405,0.0659,0.0713,0.0055
4408,1005.5,285.2,86.6110,86.6165,86.5448,0.0663,0.0717,0.0055
4409,996.0,290.2,86.6157,86.6211,86.5490,0.0666,0.0721,0.0055
4410,998.7,262.7,86.6203,86.6257,86.5534,0.0669,0.0724,0.0055
4411,1021.0,388.7,86.6249,86.6304,86.5580,0.0669,0.0724,0.0055
4412,996.8,312.1,86.6296,86.6350,86.5623,0.0673,0.0728,0.0055
4413,989.0,1461.7,86.6342,86.6397,86.5666,0.0676,0.0731,0.0055
4414,1470.2,620.6,86.6389,86.6443,86.5752,0.0637,0.0692,0.0055
4415,626.7,366.8,86.6435,86.6490,86.5752,0.0683,0.0738,0.0055
4416,901.4,389.7,86.6482,86.6537,86.5793,0.0689,0.0743,0.0055
4417,995.2,296.2,86.6529,86.6583,86.5836,0.0693,0.0748,0.0055
4418,999.4,277.6,86.6575,86.6630,86.5878,0.0697,0.0752,0.0055
4419,998.6,308.8,86.6622,86.6677,86.5924,0.0698,0.0753,0.0055
4420,999.1,285.6,86.6669,86.6724,86.5965,0.0704,0.0759,0.0055
4421,999.2,278.4,86.6716,86.6771,86.6004,0.0712,0.0766,0.0055
4422,1003.0,281.4,86.6763,86.6818,86.6043,0.0720,0.0775,0.0055
4423,997.5,281.2,86.6810,86.6865,86.6081,0.0729,0.0784,0.0055
4424,1000.0,259.5,86.6857,86.6912,86.6123,0.0734,0.0789,0.0055
4425,1002.0,258.3,86.6904,86.6959,86.6162,0.0742,0.0797,0.0055
4426,1001.2,290.8,86.6951,86.7006,86.6201,0.0750,0.0805,0.0055
4427,1001.9,309.1,86.6998,86.7053,86.6241,0.0757,0.0813,0.0055
4428,995.8,299.8,86.7046,86.7101,86.6283,0.0762,0.0817,0.0055
4429,1001.0,298.1,86.7093,86.7148,86.6324,0.0769,0.0824,0.0055
4430,999.6,613.5,86.7140,86.7195,86.6367,0.0774,0.0829,0.0055
4431,1001.9,330.2,86.7188,86.7243,86.6411,0.0776,0.0831,0.0055
4432,1055.8,417.6,86.7235,86.7290,86.6460,0.0775,0.0830,0.0055
4433,944.3,282.2,86.7283,86.7338,86.6504,0.0779,0.0834,0.0055
4434,1008.8,1456.2,86.7330,86.7385,86.6548,0.0782,0.0837,0.0055
4435,1466.5,358.9,86.7378,86.7433,86.6639,0.0739,0.0794,0.0055
4436,523.2,298.7,86.7425,86.7481,86.6639,0.0787,0.0842,0.0055
4437,1003.1,294.8,86.7473,86.7528,86.6689,0.0784,0.0839,0.0055
4438,996.6,266.5,86.7521,86.7576,86.6738,0.0783,0.0838,0.0055
4439,1000.0,295.9,86.7569,86.7624,86.6790,0.0779,0.0835,0.0055
4440,997.8,302.9,86.7617,86.7672,86.6841,0.0776,0.0831,0.0055
4441,1010.5,323.4,86.7665,86.7720,86.6896,0.0769,0.0824,0.0055
4442,990.8,279.4,86.7713,86.7768,86.6946,0.0767,0.0822,0.0055
4443,1048.5,334.0,86.7761,86.7816,86.6997,0.0764,0.0819,0.0055
4444,954.4,307.3,86.7809,86.7864,86.7050,0.0759,0.0814,0.0055
4445,996.9,277.0,86.7857,86.7912,86.7101,0.0756,0.0812,0.0056
4446,999.5,275.5,86.7905,86.7961,86.7151,0.0754,0.0810,0.0056
4447,1002.4,289.0,86.7953,86.8009,86.7202,0.0752,0.0807,0.0056
4448,1350.3,316.6,86.8002,86.8057,86.7312,0.0689,0.0745,0.0056
4449,640.8,269.4,86.8050,86.8105,86.7312,0.0738,0.0793,0.0056
4450,1000.7,263.0,86.8098,86.8154,86.7364,0.0734,0.0790,0.0056
4451,997.2,257.2,86.8147,86.8202,86.7414,0.0733,0.0789,0.0056
4452,1001.0,260.6,86.8195,86.8251,86.7465,0.0730,0.0785,0.0056
4453,1008.2,292.1,86.8244,86.8299,86.7513,0.0730,0.0786,0.0056
4454,997.7,271.6,86.8292,86.8348,86.7562,0.0730,0.0786,0.0056
4455,997.9,250.1,86.8341,86.8397,86.7612,0.0729,0.0785,0.0056
4456,999.2,256.0,86.8390,86.8445,86.7666,0.0724,0.0779,0.0056
4457,1014.6,322.1,86.8438,86.8494,86.7718,0.0721,0.0776,0.0056
4458,993.6,293.0,86.8487,86.8543,86.7770,0.0718,0.0773,0.0056
4459,998.9,335.8,86.8536,86.8592,86.7822,0.0714,0.0770,0.0056
4460,999.5,340.0,86.8585,86.8641,86.7877,0.0708,0.0764,0.0056
4461,1001.0,342.6,86.8634,86.8690,86.7927,0.0707,0.0763,0.0056
4462,996.8,322.5,86.8683,86.8739,86.7977,0.0706,0.0762,0.0056
4463,1036.8,365.4,86.8732,86.8788,86.8026,0.0706,0.0761,0.0056
4464,967.6,339.6,86.8781,86.8837,86.8080,0.0701,0.0757,0.0056
4465,993.2,296.2,86.8830,86.8886,86.8130,0.0700,0.0756,0.0056
4466,999.6,481.2,86.8879,86.8935,86.8178,0.0701,0.0757,0.0056
4467,1012.7,260.9,86.8929,86.8985,86.8225,0.0703,0.0759,0.0056
4468,982.7,241.7,86.8978,86.9034,86.8275,0.0702,0.0758,0.0056
4469,1000.8,248.4,86.9027,86.9083,86.8321,0.0706,0.0762,0.0056
4470,998.0,236.1,86.9077,86.9133,86.8366,0.0711,0.0767,0.0056
4471,1000.1,274.1,86.9126,86.9182,86.8410,0.0716,0.0772,0.0056
4472,1010.6,293.0,86.9175,86.9232,86.8458,0.0717,0.0774,0.0056
4473,999.5,289.1,86.9225,86.9281,86.8503,0.0722,0.0778,0.0056
4474,1001.1,271.1,86.9275,86.9331,86.8547,0.0728,0.0784,0.0056
4475,1001.0,268.1,86.9324,86.9380,86.8591,0.0733,0.0789,0.0056
4476,999.6,290.3,86.9374,86.9430,86.8638,0.0735,0.0792,0.0056
4477,999.6,286.0,86.9424,86.9480,86.8682,0.0741,0.0798,0.0056
4478,1006.0,335.0,86.9473,86.9530,86.8724,0.0749,0.0806,0.0056
4479,996.8,289.2,86.9523,86.9579,86.8765,0.0758,0.0814,0.0056
4480,998.0,291.5,86.9573,86.9629,86.8810,0.0763,0.0820,0.0056
4481,999.3,291.2,86.9623,86.9679,86.8850,0.0773,0.0829,0.0056
4482,1004.8,324.3,86.9673,86.9729,86.8891,0.0781,0.0838,0.0056
4483,992.4,296.0,86.9723,86.9779,86.8934,0.0789,0.0845,0.0056
4484,1000.4,344.1,86.9773,86.9829,86.8983,0.0790,0.0846,0.0056
4485,999.8,340.5,86.9823,86.9879,86.9036,0.0787,0.0843,0.0056
4486,1000.8,338.2,86.9873,86.9930,86.9083,0.0791,0.0847,0.0057
4487,998.8,255.7,86.9923,86.9980,86.9122,0.0801,0.0858,0.0057
4488,1000.5,358.1,86.9974,87.0030,86.9176,0.0797,0.0854,0.0057
4489,1009.1,334.1,87.0024,87.0080,86.9222,0.0802,0.0859,0.0057
4490,986.2,335.9,87.0074,87.0131,86.9268,0.0806,0.0863,0.0057
4491,998.3,324.0,87.0125,87.0181,86.9315,0.0810,0.0866,0.0057
4492,997.5,247.0,87.0175,87.0232,86.9368,0.0807,0.0863,0.0057
4493,1019.2,315.0,87.0226,87.0282,86.9420,0.0805,0.0862,0.0057
4494,982.0,291.4,87.0276,87.0333,86.9473,0.0803,0.0860,0.0057
4495,999.6,254.2,87.0327,87.0383,86.9526,0.0801,0.0858,0.0057
4496,1000.0,273.7,87.0377,87.0434,86.9580,0.0797,0.0854,0.0057
4497,1017.7,290.8,87.0428,87.0485,86.9638,0.0790,0.0847,0.0057
4498,1088.8,373.4,87.0479,87.0535,86.9690,0.0788,0.0845,0.0057
4499,906.1,310.2,87.0529,87.0586,86.9743,0.0786,0.0843,0.0057
4500,997.3,280.8,87.0580,87.0637,86.9797,0.0783,0.0840,0.0057
4501,1011.2,288.4,87.0631,87.0688,86.9858,0.0773,0.0830,0.0057
4502,1013.0,282.7,87.0682,87.0739,86.9916,0.0766,0.0823,0.0057
4503,970.0,277.5,87.0733,87.0790,86.9972,0.0761,0.0818,0.0057
4504,1000.4,260.0,87.0784,87.0841,87.0027,0.0757,0.0814,0.0057
4505,998.1,261.2,87.0835,87.0892,87.0084,0.0751,0.0807,0.0057
4506,1029.5,303.8,87.0886,87.0943,87.0084,0.0802,0.0859,0.0057
4507,1105.3,352.8,87.0937,87.0994,87.0136,0.0801,0.0858,0.0057
4508,878.7,321.1,87.0988,87.1045,87.0188,0.0801,0.0858,0.0057
4509,994.5,290.3,87.1040,87.1097,87.0240,0.0800,0.0857,0.0057
4510,1001.4,297.4,87.1091,87.1148,87.0298,0.0793,0.0850,0.0057
4511,1000.2,350.7,87.1142,87.1199,87.0356,0.0786,0.0843,0.0057
4512,998.7,293.8,87.1194,87.1251,87.0415,0.0779,0.0836,0.0057
4513,1000.1,273.1,87.1245,87.1302,87.0476,0.0769,0.0826,0.0057
4514,997.6,377.0,87.1296,87.1354,87.0533,0.0763,0.0820,0.0057
4515,1003.1,362.7,87.1348,87.1405,87.0590,0.0758,0.0815,0.0057
4516,998.8,354.8,87.1399,87.1457,87.0647,0.0752,0.0810,0.0057
4517,997.4,362.8,87.1451,87.1508,87.0709,0.0742,0.0800,0.0057
4518,1005.1,324.3,87.1503,87.1560,87.0767,0.0735,0.0792,0.0057
4519,1000.5,345.9,87.1554,87.1612,87.0826,0.0728,0.0785,0.0057
4520,1014.3,354.6,87.1606,87.1663,87.0884,0.0722,0.0780,0.0057
4521,1001.9,303.6,87.1658,87.1715,87.0944,0.0714,0.0772,0.0057
4522,991.9,352.9,87.1710,87.1767,87.0998,0.0712,0.0769,0.0057
4523,997.2,356.2,87.1761,87.1819,87.1051,0.0710,0.0767,0.0057
4524,1003.3,283.3,87.1813,87.1871,87.1104,0.0710,0.0767,0.0057
4525,996.6,289.8,87.1865,87.1923,87.1159,0.0707,0.0764,0.0057
4526,999.5,599.4,87.1917,87.1975,87.1210,0.0707,0.0765,0.0057
4527,994.5,300.9,87.1969,87.2027,87.1260,0.0709,0.0767,0.0057
4528,996.4,279.7,87.2021,87.2079,87.1308,0.0713,0.0771,0.0057
4529,1000.8,303.3,87.2074,87.2131,87.1354,0.0720,0.0777,0.0057
4530,1001.9,278.0,87.2126,87.2183,87.1400,0.0725,0.0783,0.0058
4531,995.7,259.3,87.2178,87.2235,87.1442,0.0736,0.0793,0.0058
4532,1091.1,487.7,87.2230,87.2288,87.1485,0.0745,0.0803,0.0058
4533,909.8,280.4,87.2282,87.2340,87.1527,0.0755,0.0813,0.0058
4534,1008.6,290.5,87.2335,87.2392,87.1572,0.0762,0.0820,0.0058
4535,1006.7,298.1,87.2387,87.2445,87.1615,0.0772,0.0830,0.0058
4536,988.6,366.4,87.2440,87.2497,87.1659,0.0781,0.0839,0.0058
4537,992.5,251.9,87.2492,87.2550,87.1703,0.0789,0.0847,0.0058
4538,997.0,261.2,87.2545,87.2602,87.1751,0.0793,0.0851,0.0058
4539,998.9,290.6,87.2597,87.2655,87.1795,0.0802,0.0859,0.0058
4540,1009.2,323.6,87.2650,87.2707,87.1840,0.0810,0.0868,0.0058
4541,1003.2,290.8,87.2702,87.2760,87.1883,0.0819,0.0877,0.0058
4542,1000.3,311.1,87.2755,87.2813,87.1931,0.0824,0.0882,0.0058
4543,991.6,243.5,87.2808,87.2866,87.1977,0.0831,0.0889,0.0058
4544,998.4,274.7,87.2861,87.2918,87.2025,0.0835,0.0893,0.0058
4545,1007.0,262.4,87.2913,87.2971,87.2075,0.0838,0.0896,0.0058
4546,1004.2,318.4,87.2966,87.3024,87.2130,0.0837,0.0895,0.0058
4547,991.5,290.5,87.3019,87.3077,87.2180,0.0839,0.0897,0.0058
4548,993.9,229.7,87.3072,87.3130,87.2231,0.0841,0.0899,0.0058
4549,1000.2,263.8,87.3125,87.3183,87.2281,0.0844,0.0902,0.0058
4550,999.0,307.8,87.3178,87.3236,87.2334,0.0844,0.0902,0.0058
4551,1000.9,270.0,87.3231,87.3289,87.2385,0.0847,0.0905,0.0058
4552,999.3,299.2,87.3284,87.3342,87.2436,0.0848,0.0906,0.0058
4553,999.8,299.9,87.3337,87.3395,87.2489,0.0848,0.0906,0.0058
4554,1005.8,303.4,87.3391,87.3449,87.2548,0.0843,0.0901,0.0058
4555,1006.2,300.6,87.3444,87.3502,87.2603,0.0841,0.0899,0.0058
4556,999.4,307.9,87.3497,87.3555,87.2658,0.0840,0.0898,0.0058
4557,999.5,301.9,87.3551,87.3609,87.2710,0.0841,0.0899,0.0058
4558,1000.4,290.3,87.3604,87.3662,87.2763,0.0841,0.0899,0.0058
4559,1012.0,322.6,87.3657,87.3715,87.2814,0.0844,0.0902,0.0058
4560,1323.4,429.0,87.3711,87.3769,87.2920,0.0790,0.0848,0.0058
4561,637.1,363.3,87.3764,87.3822,87.2920,0.0844,0.0902,0.0058
4562,1036.4,293.7,87.3818,87.3876,87.2979,0.0838,0.0897,0.0058
4563,1013.0,304.3,87.3871,87.3930,87.3035,0.0836,0.0894,0.0058
4564,973.0,282.6,87.3925,87.3983,87.3091,0.0834,0.0892,0.0058
4565,994.3,279.5,87.3979,87.4037,87.3147,0.0832,0.0890,0.0058
4566,992.7,353.5,87.4032,87.4091,87.3205,0.0827,0.0885,0.0058
4567,1019.6,312.5,87.4086,87.4144,87.3259,0.0827,0.0885,0.0058
4568,987.5,262.3,87.4140,87.4198,87.3316,0.0824,0.0883,0.0058
4569,999.4,275.7,87.4194,87.4252,87.3373,0.0821,0.0879,0.0058
4570,998.8,273.9,87.4248,87.4306,87.3435,0.0813,0.0871,0.0058
4571,1012.7,320.1,87.4301,87.4360,87.3493,0.0808,0.0867,0.0058
4572,990.1,263.4,87.4355,87.4414,87.3550,0.0805,0.0864,0.0058
4573,998.0,257.8,87.4409,87.4468,87.3607,0.0802,0.0861,0.0058
4574,1001.3,265.7,87.4463,87.4522,87.3668,0.0795,0.0854,0.0058
4575,998.1,249.3,87.4517,87.4576,87.3725,0.0793,0.0851,0.0058
4576,1001.9,282.8,87.4572,87.4630,87.3782,0.0789,0.0848,0.0058
4577,998.3,249.7,87.4626,87.4684,87.3841,0.0785,0.0843,0.0059
4578,1000.3,248.3,87.4680,87.4738,87.3897,0.0783,0.0841,0.0059
4579,1000.2,309.3,87.4734,87.4793,87.3957,0.0777,0.0835,0.0059
4580,999.8,262.0,87.4788,87.4847,87.4012,0.0776,0.0835,0.0059
4581,1000.1,272.8,87.4843,87.4901,87.4063,0.0779,0.0838,0.0059
4582,1001.0,270.5,87.4897,87.4956,87.4117,0.0780,0.0839,0.0059
4583,999.0,265.2,87.4951,87.5010,87.4165,0.0786,0.0845,0.0059
4584,1001.1,380.8,87.5006,87.5064,87.4215,0.0791,0.0849,0.0059
4585,1003.3,275.0,87.5060,87.5119,87.4266,0.0795,0.0853,0.0059
4586,995.5,267.1,87.5115,87.5173,87.4322,0.0793,0.0852,0.0059
4587,1000.1,250.4,87.5169,87.5228,87.4374,0.0796,0.0854,0.0059
4588,1003.7,324.2,87.5224,87.5283,87.4424,0.0800,0.0858,0.0059
4589,1027.4,341.5,87.5278,87.5337,87.4473,0.0805,0.0864,0.0059
4590,993.8,377.2,87.5333,87.5392,87.4525,0.0809,0.0867,0.0059
4591,987.2,342.8,87.5388,87.5447,87.4574,0.0814,0.0873,0.0059
4592,998.1,316.0,87.5443,87.5501,87.4624,0.0819,0.0878,0.0059
4593,1020.3,422.9,87.5497,87.5556,87.4676,0.0821,0.0880,0.0059
4594,983.1,280.5,87.5552,87.5611,87.4733,0.0819,0.0878,0.0059
4595,1011.4,277.8,87.5607,87.5666,87.4786,0.0821,0.0880,0.0059
4596,949.9,258.9,87.5662,87.5721,87.4839,0.0823,0.0882,0.0059
4597,1009.0,245.7,87.5717,87.5776,87.4891,0.0825,0.0884,0.0059
4598,1022.8,247.7,87.5772,87.5831,87.4948,0.0824,0.0883,0.0059
4599,995.7,238.0,87.5827,87.5886,87.5000,0.0827,0.0886,0.0059
4600,1000.2,239.9,87.5882,87.5941,87.5052,0.0830,0.0889,0.0059
4601,998.9,251.2,87.5937,87.5996,87.5105,0.0832,0.0891,0.0059
4602,1002.0,240.8,87.5992,87.6051,87.5164,0.0828,0.0887,0.0059
4603,999.2,254.0,87.6047,87.6106,87.5219,0.0828,0.0887,0.0059
4604,1012.0,281.4,87.6102,87.6161,87.5274,0.0828,0.0887,0.0059
4605,995.9,221.7,87.6158,87.6217,87.5326,0.0831,0.0890,0.0059
4606,991.6,255.7,87.6213,87.6272,87.5382,0.0831,0.0890,0.0059
4607,1003.7,282.5,87.6268,87.6327,87.5432,0.0836,0.0895,0.0059
4608,968.7,252.5,87.6323,87.6383,87.5482,0.0841,0.0900,0.0059
4609,1026.8,278.1,87.6379,87.6438,87.5534,0.0845,0.0904,0.0059
4610,999.2,246.1,87.6434,87.6493,87.5593,0.0841,0.0901,0.0059
4611,1002.6,260.3,87.6490,87.6549,87.5649,0.0841,0.0900,0.0059
4612,998.3,242.8,87.6545,87.6604,87.5704,0.0841,0.0900,0.0059
4613,1011.8,259.3,87.6601,87.6660,87.5761,0.0840,0.0899,0.0059
4614,997.1,301.5,87.6656,87.6716,87.5822,0.0835,0.0894,0.0059
4615,999.8,298.9,87.6712,87.6771,87.5878,0.0833,0.0893,0.0059
4616,1001.4,277.5,87.6768,87.6827,87.5937,0.0831,0.0890,0.0059
4617,999.6,267.0,87.6823,87.6883,87.5995,0.0828,0.0887,0.0059
4618,999.4,323.4,87.6879,87.6938,87.6059,0.0820,0.0879,0.0059
4619,994.0,269.2,87.6935,87.6994,87.6118,0.0816,0.0876,0.0059
4620,3561.8,514.0,87.6990,87.7050,87.6351,0.0639,0.0699,0.0059
4621,518.5,270.8,87.7046,87.7106,87.6351,0.0695,0.0755,0.0059
4622,274.0,263.5,87.7102,87.7162,87.6407,0.0695,0.0754,0.0059
4623,266.5,415.8,87.7158,87.7217,87.6407,0.0751,0.0810,0.0059
4624,418.9,226.2,87.7214,87.7273,87.6407,0.0807,0.0866,0.0059
4625,959.6,250.3,87.7270,87.7329,87.6468,0.0802,0.0861,0.0059
4626,984.8,239.0,87.7326,87.7385,87.6522,0.0804,0.0863,0.0059
4627,1006.7,268.9,87.7382,87.7441,87.6572,0.0810,0.0869,0.0059
4628,1005.6,234.2,87.7438,87.7498,87.6619,0.0819,0.0879,0.0059
4629,974.8,241.4,87.7494,87.7554,87.6668,0.0826,0.0885,0.0059
4630,1028.7,340.2,87.7550,87.7610,87.6718,0.0832,0.0891,0.0059
4631,997.6,254.0,87.7607,87.7666,87.6772,0.0834,0.0894,0.0060
4632,998.5,259.2,87.7663,87.7722,87.6827,0.0835,0.0895,0.0060
4633,1000.1,251.0,87.7719,87.7779,87.6887,0.0832,0.0892,0.0060
4634,1011.3,310.7,87.7775,87.7835,87.6943,0.0832,0.0892,0.0060
4635,2876.6,327.6,87.7832,87.7891,87.7110,0.0721,0.0781,0.0060
4636,332.3,287.8,87.7888,87.7948,87.7110,0.0778,0.0837,0.0060
4637,289.9,446.3,87.7944,87.8004,87.7164,0.0781,0.0840,0.0060
4638,449.2,277.8,87.8001,87.8060,87.7164,0.0837,0.0897,0.0060
4639,1048.6,322.9,87.8057,87.8117,87.7218,0.0840,0.0899,0.0060
4640,993.1,270.5,87.8114,87.8173,87.7272,0.0842,0.0901,0.0060
4641,998.7,280.0,87.8170,87.8230,87.7330,0.0840,0.0899,0.0060
4642,1003.7,266.9,87.8227,87.8286,87.7383,0.0844,0.0904,0.0060
4643,997.2,274.8,87.8283,87.8343,87.7436,0.0847,0.0907,0.0060
4644,998.9,248.0,87.8340,87.8400,87.7490,0.0850,0.0910,0.0060
4645,1005.2,238.2,87.8397,87.8456,87.7544,0.0853,0.0913,0.0060
4646,1003.0,311.6,87.8453,87.8513,87.7601,0.0852,0.0912,0.0060
4647,4580.5,546.6,87.8510,87.8570,87.7876,0.0634,0.0694,0.0060
4648,553.6,780.6,87.8567,87.8627,87.7876,0.0691,0.0751,0.0060
4649,787.3,402.8,87.8624,87.8684,87.7927,0.0696,0.0756,0.0060
4650,406.3,309.8,87.8681,87.8740,87.7976,0.0705,0.0765,0.0060
4651,323.0,380.9,87.8737,87.8797,87.7976,0.0762,0.0821,0.0060
4652,384.1,240.1,87.8794,87.8854,87.7976,0.0818,0.0878,0.0060
4653,242.8,286.6,87.8851,87.8911,87.7976,0.0875,0.0935,0.0060
4654,727.8,243.6,87.8908,87.8968,87.8024,0.0884,0.0944,0.0060
4655,987.9,254.4,87.8965,87.9025,87.8064,0.0901,0.0961,0.0060
4656,1005.0,266.6,87.9022,87.9082,87.8102,0.0920,0.0980,0.0060
4657,1010.1,280.7,87.9079,87.9139,87.8143,0.0937,0.0997,0.0060
4658,986.8,236.5,87.9136,87.9196,87.8201,0.0935,0.0995,0.0060
4659,997.2,255.6,87.9194,87.9254,87.8255,0.0938,0.0998,0.0060
4660,999.4,246.2,87.9251,87.9311,87.8315,0.0936,0.0996,0.0060
4661,999.5,212.2,87.9308,87.9368,87.8365,0.0943,0.1003,0.0060
4662,1000.3,266.3,87.9365,87.9425,87.8436,0.0929,0.0989,0.0060
4663,1001.1,242.7,87.9422,87.9482,87.8493,0.0930,0.0990,0.0060
4664,998.6,298.6,87.9480,87.9540,87.8550,0.0930,0.0990,0.0060
4665,1000.1,282.9,87.9537,87.9597,87.8608,0.0929,0.0989,0.0060
4666,1002.3,310.3,87.9594,87.9654,87.8672,0.0923,0.0983,0.0060
4667,998.6,434.3,87.9652,87.9712,87.8731,0.0920,0.0981,0.0060
4668,999.1,304.3,87.9709,87.9769,87.8791,0.0918,0.0978,0.0060
4669,1001.0,391.9,87.9767,87.9827,87.8851,0.0916,0.0976,0.0060
4670,999.9,309.8,87.9824,87.9884,87.8915,0.0909,0.0969,0.0060
4671,1000.4,262.9,87.9882,87.9942,87.8977,0.0905,0.0965,0.0060
4672,999.9,286.1,87.9939,87.9999,87.9039,0.0901,0.0961,0.0060
4673,998.9,223.3,87.9997,88.0057,87.9100,0.0897,0.0957,0.0060
4674,1000.8,263.2,88.0054,88.0115,87.9100,0.0955,0.1015,0.0060
4675,1003.4,238.7,88.0112,88.0172,87.9165,0.0947,0.1007,0.0060
4676,1020.1,297.4,88.0170,88.0230,87.9225,0.0945,0.1005,0.0060
4677,980.0,277.3,88.0227,88.0288,87.9285,0.0943,0.1003,0.0060
4678,996.7,255.0,88.0285,88.0346,87.9349,0.0936,0.0997,0.0060
4679,1000.0,241.6,88.0343,88.0403,87.9409,0.0934,0.0995,0.0060
4680,1001.3,268.8,88.0401,88.0461,87.9469,0.0931,0.0992,0.0060
4681,999.7,380.9,88.0459,88.0519,87.9533,0.0926,0.0986,0.0060
4682,993.6,304.1,88.0517,88.0577,87.9601,0.0916,0.0976,0.0060
4683,1015.8,288.2,88.0574,88.0635,87.9662,0.0912,0.0973,0.0060
4684,999.8,270.9,88.0632,88.0693,87.9723,0.0909,0.0969,0.0060
4685,996.1,230.6,88.0690,88.0751,87.9785,0.0905,0.0965,0.0060
4686,1005.2,271.0,88.0748,88.0809,87.9854,0.0895,0.0955,0.0060
4687,999.4,231.6,88.0806,88.0867,87.9918,0.0888,0.0949,0.0060
4688,998.6,263.1,88.0864,88.0925,87.9985,0.0879,0.0940,0.0060
4689,998.2,296.3,88.0922,88.0983,88.0052,0.0870,0.0931,0.0060
4690,1003.3,353.9,88.0981,88.1041,88.0122,0.0858,0.0919,0.0060
4691,1001.6,332.0,88.1039,88.1099,88.0185,0.0853,0.0914,0.0060
4692,999.8,304.1,88.1097,88.1157,88.0248,0.0849,0.0909,0.0061
4693,1000.1,285.7,88.1155,88.1216,88.0312,0.0843,0.0904,0.0061
4694,997.5,281.7,88.1213,88.1274,88.0376,0.0838,0.0898,0.0061
4695,1003.5,286.6,88.1272,88.1332,88.0443,0.0829,0.0889,0.0061
4696,997.4,278.7,88.1330,88.1390,88.0503,0.0827,0.0888,0.0061
4697,1001.1,281.5,88.1388,88.1449,88.0559,0.0829,0.0889,0.0061
4698,1004.8,287.3,88.1446,88.1507,88.0617,0.0829,0.0890,0.0061
4699,994.5,295.2,88.1505,88.1565,88.0669,0.0835,0.0896,0.0061
4700,997.9,286.4,88.1563,88.1624,88.0721,0.0843,0.0903,0.0061
4701,1028.9,346.2,88.1622,88.1682,88.0774,0.0848,0.0908,0.0061
4702,971.1,263.6,88.1680,88.1741,88.0832,0.0848,0.0909,0.0061
4703,999.7,275.5,88.1739,88.1799,88.0888,0.0851,0.0912,0.0061
4704,995.5,253.4,88.1797,88.1858,88.0941,0.0856,0.0916,0.0061
4705,996.1,286.3,88.1856,88.1916,88.0995,0.0860,0.0921,0.0061
4706,1000.7,238.8,88.1914,88.1975,88.1053,0.0862,0.0922,0.0061
4707,1009.2,300.6,88.1973,88.2034,88.1106,0.0867,0.0928,0.0061
4708,1000.5,286.9,88.2032,88.2092,88.1161,0.0871,0.0932,0.0061
4709,1000.7,284.6,88.2090,88.2151,88.1216,0.0874,0.0935,0.0061
4710,999.8,291.8,88.2149,88.2210,88.1277,0.0872,0.0932,0.0061
4711,999.5,293.4,88.2208,88.2268,88.1333,0.0875,0.0936,0.0061
4712,1000.2,268.9,88.2266,88.2327,88.1388,0.0878,0.0939,0.0061
4713,999.6,282.8,88.2325,88.2386,88.1442,0.0883,0.0944,0.0061
4714,1002.5,353.3,88.2384,88.2445,88.1497,0.0887,0.0948,0.0061
4715,998.2,335.8,88.2443,88.2504,88.1556,0.0886,0.0947,0.0061
4716,999.5,400.9,88.2502,88.2562,88.1614,0.0888,0.0948,0.0061
4717,999.2,271.4,88.2561,88.2621,88.1671,0.0889,0.0950,0.0061
4718,990.6,309.2,88.2619,88.2680,88.1733,0.0886,0.0947,0.0061
4719,1011.4,311.4,88.2678,88.2739,88.1788,0.0890,0.0951,0.0061
4720,999.7,364.7,88.2737,88.2798,88.1841,0.0896,0.0957,0.0061
4721,996.7,375.4,88.2796,88.2857,88.1901,0.0896,0.0956,0.0061
4722,1002.4,304.7,88.2855,88.2916,88.1957,0.0898,0.0959,0.0061
4723,999.3,263.1,88.2914,88.2975,88.2014,0.0901,0.0962,0.0061
4724,999.6,374.6,88.2973,88.3034,88.2071,0.0902,0.0963,0.0061
4725,1012.6,315.8,88.3033,88.3094,88.2130,0.0903,0.0964,0.0061
4726,987.1,284.1,88.3092,88.3153,88.2192,0.0899,0.0960,0.0061
4727,992.0,270.7,88.3151,88.3212,88.2251,0.0900,0.0961,0.0061
4728,999.1,253.4,88.3210,88.3271,88.2308,0.0902,0.0963,0.0061
4729,1000.2,358.0,88.3269,88.3330,88.2366,0.0904,0.0965,0.0061
4730,1000.2,311.8,88.3329,88.3390,88.2430,0.0898,0.0960,0.0061
4731,998.8,319.9,88.3388,88.3449,88.2493,0.0895,0.0956,0.0061
4732,1002.9,293.4,88.3447,88.3508,88.2556,0.0891,0.0952,0.0061
4733,998.2,266.4,88.3506,88.3567,88.2619,0.0888,0.0949,0.0061
4734,999.7,280.9,88.3566,88.3627,88.2686,0.0880,0.0941,0.0061
4735,1000.1,380.3,88.3625,88.3686,88.2748,0.0877,0.0938,0.0061
4736,1000.0,256.4,88.3684,88.3746,88.2812,0.0873,0.0934,0.0061
4737,1000.3,385.1,88.3744,88.3805,88.2875,0.0869,0.0930,0.0061
4738,999.8,308.1,88.3803,88.3864,88.2943,0.0860,0.0922,0.0061
4739,999.7,325.1,88.3863,88.3924,88.3006,0.0857,0.0918,0.0061
4740,1002.8,317.5,88.3922,88.3983,88.3068,0.0855,0.0916,0.0061
4741,1000.0,337.2,88.3982,88.4043,88.3127,0.0855,0.0916,0.0061
4742,998.4,289.8,88.4041,88.4103,88.3189,0.0853,0.0914,0.0061
4743,999.0,290.0,88.4101,88.4162,88.3245,0.0855,0.0917,0.0061
4744,1007.4,399.1,88.4161,88.4222,88.3302,0.0859,0.0920,0.0061
4745,1001.9,305.4,88.4220,88.4281,88.3358,0.0862,0.0923,0.0061
4746,998.5,361.2,88.4280,88.4341,88.3416,0.0864,0.0926,0.0061
4747,998.9,278.8,88.4339,88.4401,88.3477,0.0862,0.0924,0.0061
4748,1008.3,297.0,88.4399,88.4460,88.3533,0.0866,0.0928,0.0061
4749,992.4,389.4,88.4459,88.4520,88.3588,0.0871,0.0932,0.0061
4750,999.8,314.8,88.4519,88.4580,88.3645,0.0874,0.0935,0.0061
4751,1001.1,388.5,88.4578,88.4640,88.3705,0.0873,0.0935,0.0061
4752,998.1,307.8,88.4638,88.4700,88.3761,0.0877,0.0938,0.0061
4753,1003.2,301.2,88.4698,88.4759,88.3819,0.0879,0.0940,0.0061
4754,997.0,320.1,88.4758,88.4819,88.3875,0.0883,0.0944,0.0061
4755,1002.5,264.4,88.4818,88.4879,88.3935,0.0882,0.0944,0.0061
4756,998.7,331.0,88.4878,88.4939,88.3993,0.0884,0.0946,0.0061
4757,1003.2,379.2,88.4938,88.4999,88.4049,0.0889,0.0950,0.0061
4758,996.9,282.2,88.4997,88.5059,88.4106,0.0892,0.0953,0.0061
4759,1012.7,335.5,88.5057,88.5119,88.4167,0.0890,0.0952,0.0061
4760,988.6,380.0,88.5117,88.5179,88.4223,0.0895,0.0956,0.0061
4761,998.3,320.1,88.5177,88.5239,88.4278,0.0899,0.0961,0.0061
4762,1001.2,386.5,88.5237,88.5299,88.4333,0.0905,0.0966,0.0061
4763,998.3,305.5,88.5297,88.5359,88.4388,0.0909,0.0971,0.0061
4764,999.1,283.2,88.5358,88.5419,88.4440,0.0917,0.0979,0.0061
4765,999.4,412.0,88.5418,88.5479,88.4493,0.0925,0.0986,0.0061
4766,999.9,326.4,88.5478,88.5539,88.4550,0.0928,0.0989,0.0061
4767,1000.8,393.5,88.5538,88.5599,88.4610,0.0928,0.0989,0.0061
4768,1002.1,294.4,88.5598,88.5660,88.4666,0.0932,0.0994,0.0062
4769,992.9,314.3,88.5658,88.5720,88.4723,0.0935,0.0997,0.0062
4770,999.2,385.1,88.5719,88.5780,88.4781,0.0938,0.0999,0.0062
4771,999.0,303.8,88.5779,88.5840,88.4843,0.0936,0.0997,0.0062
4772,1001.0,266.0,88.5839,88.5901,88.4903,0.0936,0.0997,0.0062
4773,999.1,281.4,88.5899,88.5961,88.4966,0.0934,0.0995,0.0062
4774,1000.8,256.3,88.5960,88.6021,88.5029,0.0930,0.0992,0.0062
4775,999.8,298.6,88.6020,88.6082,88.5100,0.0920,0.0982,0.0062
4776,1002.1,282.7,88.6080,88.6142,88.5165,0.0915,0.0977,0.0062
4777,1007.1,391.7,88.6141,88.6202,88.5229,0.0911,0.0973,0.0062
4778,1000.7,409.6,88.6201,88.6263,88.5294,0.0907,0.0969,0.0062
4779,999.3,314.8,88.6261,88.6323,88.5364,0.0898,0.0960,0.0062
4780,1000.8,291.0,88.6322,88.6384,88.5431,0.0891,0.0952,0.0062
4781,997.6,401.1,88.6382,88.6444,88.5499,0.0884,0.0945,0.0062
4782,1002.0,412.9,88.6443,88.6504,88.5565,0.0878,0.0939,0.0062
4783,997.5,401.3,88.6503,88.6565,88.5634,0.0869,0.0931,0.0062
4784,1000.5,275.0,88.6564,88.6626,88.5699,0.0865,0.0927,0.0062
4785,999.5,404.4,88.6624,88.6686,88.5762,0.0862,0.0924,0.0062
4786,998.5,434.0,88.6685,88.6747,88.5826,0.0859,0.0921,0.0062
4787,1000.3,420.3,88.6746,88.6807,88.5897,0.0849,0.0911,0.0062
4788,1000.3,428.4,88.6806,88.6868,88.5963,0.0844,0.0905,0.0062
4789,1001.4,296.9,88.6867,88.6928,88.6027,0.0839,0.0901,0.0062
4790,993.3,412.7,88.6927,88.6989,88.6093,0.0835,0.0896,0.0062
4791,998.6,471.8,88.6988,88.7050,88.6161,0.0827,0.0888,0.0062
4792,1010.5,314.4,88.7049,88.7111,88.6226,0.0823,0.0885,0.0062
4793,998.5,273.7,88.7109,88.7171,88.6288,0.0821,0.0883,0.0062
4794,998.3,296.5,88.7170,88.7232,88.6349,0.0821,0.0883,0.0062
4795,1000.6,305.3,88.7231,88.7293,88.6414,0.0817,0.0879,0.0062
4796,999.8,433.0,88.7292,88.7354,88.6473,0.0818,0.0880,0.0062
4797,1000.1,396.2,88.7353,88.7414,88.6530,0.0823,0.0884,0.0062
4798,1006.3,317.4,88.7413,88.7475,88.6585,0.0828,0.0890,0.0062
4799,994.7,306.9,88.7474,88.7536,88.6644,0.0830,0.0892,0.0062
4800,1001.3,272.4,88.7535,88.7597,88.6698,0.0837,0.0898,0.0062
4801,1000.5,289.0,88.7596,88.7658,88.6752,0.0844,0.0906,0.0062
4802,998.7,267.7,88.7657,88.7719,88.6804,0.0853,0.0914,0.0062
4803,999.4,267.3,88.7718,88.7780,88.6858,0.0860,0.0921,0.0062
4804,1000.6,266.3,88.7779,88.7840,88.6907,0.0871,0.0933,0.0062
4805,1000.1,252.9,88.7840,88.7901,88.6956,0.0883,0.0945,0.0062
4806,999.1,334.4,88.7900,88.7962,88.7005,0.0895,0.0957,0.0062
4807,999.1,321.9,88.7961,88.8023,88.7060,0.0901,0.0963,0.0062
4808,1000.6,303.4,88.8022,88.8084,88.7113,0.0910,0.0972,0.0062
4809,998.3,292.1,88.8083,88.8145,88.7164,0.0919,0.0981,0.0062
4810,999.1,346.3,88.8145,88.8206,88.7216,0.0929,0.0991,0.0062
4811,1001.7,436.6,88.8206,88.8268,88.7272,0.0934,0.0996,0.0062
4812,995.0,415.5,88.8267,88.8329,88.7324,0.0943,0.1005,0.0062
4813,997.4,327.6,88.8328,88.8390,88.7376,0.0951,0.1013,0.0062
4814,1008.8,316.8,88.8389,88.8451,88.7430,0.0959,0.1021,0.0062
4815,1001.8,321.9,88.8450,88.8512,88.7490,0.0960,0.1022,0.0062
4816,996.9,461.4,88.8511,88.8573,88.7550,0.0961,0.1023,0.0062
4817,998.9,483.4,88.8572,88.8634,88.7610,0.0962,0.1024,0.0062
4818,999.6,483.6,88.8634,88.8696,88.7671,0.0962,0.1024,0.0062
4819,1002.0,438.1,88.8695,88.8757,88.7737,0.0957,0.1019,0.0062
4820,999.9,477.6,88.8756,88.8818,88.7799,0.0957,0.1019,0.0062
4821,1002.0,335.9,88.8817,88.8879,88.7863,0.0954,0.1016,0.0062
4822,996.1,304.9,88.8878,88.8940,88.7928,0.0950,0.1012,0.0062
4823,997.4,261.8,88.8940,88.9002,88.7998,0.0941,0.1003,0.0062
4824,998.3,261.9,88.9001,88.9063,88.8062,0.0939,0.1001,0.0062
4825,999.6,297.6,88.9062,88.9124,88.8136,0.0927,0.0989,0.0062
4826,1000.1,242.4,88.9124,88.9186,88.8189,0.0935,0.0997,0.0062
4827,999.9,236.4,88.9185,88.9247,88.8266,0.0919,0.0981,0.0062
4828,1000.0,270.6,88.9246,88.9308,88.8329,0.0917,0.0979,0.0062
4829,998.9,287.6,88.9308,88.9370,88.8394,0.0914,0.0976,0.0062
4830,999.8,265.4,88.9369,88.9431,88.8459,0.0910,0.0972,0.0062
4831,1000.7,274.9,88.9431,88.9493,88.8531,0.0900,0.0962,0.0062
4832,1000.6,272.5,88.9492,88.9554,88.8597,0.0895,0.0957,0.0062
4833,999.2,277.7,88.9553,88.9616,88.8664,0.0890,0.0952,0.0062
4834,999.5,244.7,88.9615,88.9677,88.8730,0.0884,0.0947,0.0062
4835,1002.7,248.3,88.9676,88.9739,88.8803,0.0873,0.0936,0.0062
4836,997.8,255.7,88.9738,88.9800,88.8871,0.0867,0.0929,0.0062
4837,1000.4,414.5,88.9799,88.9862,88.8938,0.0861,0.0923,0.0062
4838,999.2,253.6,88.9861,88.9923,88.9003,0.0858,0.0920,0.0062
4839,1000.9,406.3,88.9922,88.9985,88.9071,0.0851,0.0914,0.0062
4840,999.1,440.4,88.9984,89.0046,88.9134,0.0850,0.0913,0.0062
4841,1000.9,303.2,89.0046,89.0108,88.9195,0.0851,0.0913,0.0062
4842,1013.2,298.1,89.0107,89.0169,88.9254,0.0853,0.0915,0.0062
4843,995.0,328.4,89.0169,89.0231,88.9315,0.0854,0.0916,0.0062
4844,987.7,357.5,89.0230,89.0293,88.9315,0.0915,0.0977,0.0062
4845,1018.5,349.8,89.0292,89.0354,88.9369,0.0923,0.0985,0.0062
4846,997.7,321.3,89.0354,89.0416,88.9422,0.0932,0.0994,0.0062
4847,999.1,291.3,89.0415,89.0478,88.9475,0.0940,0.1002,0.0062
4848,999.2,306.3,89.0477,89.0539,88.9535,0.0942,0.1004,0.0062
4849,999.8,290.7,89.0539,89.0601,88.9591,0.0948,0.1010,0.0062
4850,1000.2,290.7,89.0600,89.0663,88.9648,0.0952,0.1014,0.0062
4851,1000.0,306.3,89.0662,89.0724,88.9706,0.0956,0.1018,0.0062
4852,998.5,295.2,89.0724,89.0786,88.9767,0.0957,0.1019,0.0062
4853,1000.0,289.1,89.0786,89.0848,88.9823,0.0962,0.1025,0.0062
4854,1000.9,307.1,89.0847,89.0910,88.9880,0.0967,0.1029,0.0062
4855,998.5,304.7,89.0909,89.0972,88.9939,0.0970,0.1032,0.0062
4856,1001.4,296.3,89.0971,89.1033,89.0005,0.0966,0.1029,0.0062
4857,998.9,307.7,89.1033,89.1095,89.0068,0.0965,0.1027,0.0062
4858,1001.8,327.6,89.1095,89.1157,89.0132,0.0963,0.1025,0.0062
4859,1012.6,314.7,89.1156,89.1219,89.0194,0.0962,0.1024,0.0062
4860,985.2,348.6,89.1218,89.1281,89.0260,0.0958,0.1020,0.0062
4861,999.1,282.7,89.1280,89.1343,89.0322,0.0958,0.1021,0.0062
4862,999.7,505.4,89.1342,89.1404,89.0386,0.0956,0.1019,0.0062
4863,999.4,523.1,89.1404,89.1466,89.0451,0.0953,0.1016,0.0062
4864,1000.5,335.0,89.1466,89.1528,89.0521,0.0944,0.1007,0.0062
4865,999.3,362.8,89.1528,89.1590,89.0587,0.0940,0.1003,0.0062
4866,999.9,318.4,89.1590,89.1652,89.0652,0.0938,0.1000,0.0062
4867,1000.0,283.5,89.1652,89.1714,89.0715,0.0936,0.0999,0.0062
4868,1005.5,339.7,89.1714,89.1776,89.0782,0.0932,0.0994,0.0062
4869,999.0,296.3,89.1776,89.1838,89.0845,0.0931,0.0993,0.0062
4870,996.7,268.6,89.1838,89.1900,89.0908,0.0929,0.0992,0.0062
4871,1007.3,305.0,89.1900,89.1962,89.0973,0.0926,0.0989,0.0062
4872,991.4,279.3,89.1962,89.2024,89.1044,0.0917,0.0980,0.0062
4873,999.6,271.6,89.2024,89.2086,89.1110,0.0914,0.0976,0.0062
4874,999.8,307.0,89.2086,89.2148,89.1176,0.0910,0.0972,0.0062
4875,1000.3,297.8,89.2148,89.2210,89.1241,0.0906,0.0969,0.0062
4876,996.6,267.4,89.2210,89.2272,89.1313,0.0897,0.0959,0.0062
4877,1004.5,287.8,89.2272,89.2334,89.1379,0.0893,0.0956,0.0062
4878,1000.4,313.9,89.2334,89.2396,89.1444,0.0890,0.0952,0.0062
4879,1000.0,286.6,89.2396,89.2459,89.1510,0.0886,0.0949,0.0062
4880,1000.3,313.6,89.2458,89.2521,89.1580,0.0878,0.0941,0.0062
4881,999.7,316.5,89.2520,89.2583,89.1645,0.0876,0.0938,0.0062
4882,999.8,301.4,89.2582,89.2645,89.1710,0.0873,0.0935,0.0062
4883,999.9,287.8,89.2645,89.2707,89.1775,0.0870,0.0933,0.0062
4884,1001.1,276.3,89.2707,89.2769,89.1843,0.0864,0.0927,0.0062
4885,999.8,270.3,89.2769,89.2831,89.1903,0.0866,0.0929,0.0063
4886,999.8,298.0,89.2831,89.2894,89.1959,0.0872,0.0934,0.0063
4887,1001.0,281.3,89.2893,89.2956,89.2017,0.0877,0.0939,0.0063
4888,998.4,271.1,89.2956,89.3018,89.2079,0.0877,0.0939,0.0063
4889,1000.7,322.8,89.3018,89.3080,89.2136,0.0881,0.0944,0.0063
4890,999.3,319.5,89.3080,89.3143,89.2193,0.0887,0.0949,0.0063
4891,1000.0,298.8,89.3142,89.3205,89.2250,0.0892,0.0955,0.0063
4892,1007.6,302.5,89.3204,89.3267,89.2308,0.0896,0.0959,0.0063
4893,995.9,269.5,89.3267,89.3329,89.2362,0.0905,0.0967,0.0063
4894,994.7,299.6,89.3329,89.3392,89.2417,0.0912,0.0975,0.0063
4895,999.3,328.5,89.3391,89.3454,89.2472,0.0919,0.0982,0.0063
4896,1008.2,328.0,89.3454,89.3516,89.2534,0.0919,0.0982,0.0063
4897,998.8,300.1,89.3516,89.3578,89.2594,0.0922,0.0984,0.0063
4898,996.7,301.8,89.3578,89.3641,89.2655,0.0923,0.0986,0.0063
4899,999.2,292.5,89.3640,89.3703,89.2715,0.0926,0.0988,0.0063
4900,1000.2,275.4,89.3703,89.3765,89.2778,0.0925,0.0987,0.0063
4901,999.7,296.7,89.3765,89.3828,89.2837,0.0928,0.0990,0.0063
4902,1011.4,329.1,89.3828,89.3890,89.2898,0.0930,0.0992,0.0063
4903,988.5,275.4,89.3890,89.3952,89.2959,0.0931,0.0994,0.0063
4904,999.9,323.2,89.3952,89.4015,89.3026,0.0926,0.0989,0.0063
4905,1002.3,295.5,89.4015,89.4077,89.3085,0.0929,0.0992,0.0063
4906,998.3,321.0,89.4077,89.4140,89.3143,0.0934,0.0997,0.0063
4907,999.4,346.6,89.4139,89.4202,89.3199,0.0940,0.1003,0.0063
4908,999.4,298.6,89.4202,89.4264,89.3259,0.0943,0.1006,0.0063
4909,1002.9,300.6,89.4264,89.4327,89.3315,0.0949,0.1012,0.0063
4910,999.6,277.8,89.4327,89.4389,89.3373,0.0953,0.1016,0.0063
4911,998.6,283.9,89.4389,89.4452,89.3434,0.0955,0.1018,0.0063
4912,1000.5,275.2,89.4452,89.4514,89.3501,0.0951,0.1013,0.0063
4913,1006.0,341.1,89.4514,89.4577,89.3563,0.0951,0.1014,0.0063
4914,3559.5,1062.8,89.4576,89.4639,89.3823,0.0754,0.0816,0.0063
4915,1067.9,494.7,89.4639,89.4702,89.3888,0.0751,0.0813,0.0063
4916,497.9,325.4,89.4701,89.4764,89.3888,0.0813,0.0876,0.0063
4917,328.8,274.5,89.4764,89.4827,89.3953,0.0811,0.0874,0.0063
4918,278.5,340.4,89.4826,89.4889,89.3953,0.0874,0.0936,0.0063
4919,343.5,262.5,89.4889,89.4952,89.3953,0.0936,0.0999,0.0063
4920,898.2,308.2,89.4951,89.5014,89.4016,0.0936,0.0998,0.0063
4921,1007.6,300.8,89.5014,89.5077,89.4081,0.0933,0.0996,0.0063
4922,984.7,269.4,89.5076,89.5139,89.4137,0.0939,0.1002,0.0063
4923,998.8,296.1,89.5139,89.5202,89.4193,0.0946,0.1009,0.0063
4924,1103.2,325.9,89.5202,89.5264,89.4257,0.0945,0.1007,0.0063
4925,928.6,315.9,89.5264,89.5327,89.4321,0.0944,0.1006,0.0063
4926,998.3,291.1,89.5327,89.5389,89.4387,0.0940,0.1002,0.0063
4927,999.8,307.1,89.5389,89.5452,89.4452,0.0937,0.1000,0.0063
4928,1133.2,2505.7,89.5452,89.5514,89.4517,0.0934,0.0997,0.0063
4929,2514.9,531.2,89.5514,89.5577,89.4715,0.0799,0.0862,0.0063
4930,538.4,806.1,89.5577,89.5640,89.4715,0.0862,0.0925,0.0063
4931,813.6,298.8,89.5640,89.5702,89.4780,0.0860,0.0922,0.0063
4932,302.3,328.9,89.5702,89.5765,89.4852,0.0850,0.0912,0.0063
4933,693.5,262.9,89.5765,89.5827,89.4852,0.0912,0.0975,0.0063
4934,963.6,271.4,89.5827,89.5890,89.4918,0.0909,0.0972,0.0063
4935,1042.0,287.2,89.5890,89.5953,89.4978,0.0912,0.0974,0.0063
4936,1000.7,326.5,89.5953,89.6015,89.5038,0.0915,0.0978,0.0063
4937,997.6,291.6,89.6015,89.6078,89.5103,0.0913,0.0975,0.0063
4938,1158.5,402.2,89.6078,89.6141,89.5167,0.0911,0.0974,0.0063
4939,845.4,339.9,89.6140,89.6203,89.5230,0.0911,0.0974,0.0063
4940,992.7,324.3,89.6203,89.6266,89.5292,0.0911,0.0974,0.0063
4941,996.4,325.5,89.6266,89.6329,89.5359,0.0907,0.0970,0.0063
4942,1000.6,280.3,89.6328,89.6391,89.5421,0.0907,0.0970,0.0063
4943,998.4,277.5,89.6391,89.6454,89.5483,0.0908,0.0971,0.0063
4944,1001.8,252.6,89.6454,89.6517,89.5546,0.0908,0.0971,0.0063
4945,1016.5,308.3,89.6516,89.6579,89.5612,0.0905,0.0968,0.0063
4946,995.7,311.0,89.6579,89.6642,89.5672,0.0907,0.0970,0.0063
4947,1008.1,291.1,89.6642,89.6705,89.5729,0.0912,0.0975,0.0063
4948,989.2,308.4,89.6705,89.6767,89.5787,0.0917,0.0980,0.0063
4949,997.1,291.8,89.6767,89.6830,89.5849,0.0918,0.0981,0.0063
4950,1001.9,278.1,89.6830,89.6893,89.5907,0.0923,0.0986,0.0063
4951,1035.1,344.2,89.6893,89.6955,89.5966,0.0927,0.0989,0.0063
4952,954.8,279.2,89.6955,89.7018,89.6028,0.0928,0.0991,0.0063
4953,1005.2,271.0,89.7018,89.7081,89.6095,0.0923,0.0986,0.0063
4954,995.2,265.5,89.7081,89.7144,89.6156,0.0925,0.0987,0.0063
4955,998.8,239.8,89.7144,89.7206,89.6217,0.0927,0.0990,0.0063
4956,998.1,271.0,89.7206,89.7269,89.6279,0.0927,0.0990,0.0063
4957,999.9,288.5,89.7269,89.7332,89.6349,0.0920,0.0983,0.0063
4958,1000.7,245.4,89.7332,89.7395,89.6415,0.0917,0.0979,0.0063
4959,1001.2,282.9,89.7395,89.7457,89.6481,0.0914,0.0977,0.0063
4960,1008.8,283.4,89.7457,89.7520,89.6546,0.0911,0.0974,0.0063
4961,999.2,296.7,89.7520,89.7583,89.6615,0.0905,0.0968,0.0063
4962,999.0,281.8,89.7583,89.7646,89.6680,0.0903,0.0966,0.0063
4963,1000.5,313.9,89.7646,89.7708,89.6745,0.0901,0.0963,0.0063
4964,1003.0,365.0,89.7708,89.7771,89.6810,0.0898,0.0961,0.0063
4965,1000.1,290.3,89.7771,89.7834,89.6880,0.0891,0.0954,0.0063
4966,1002.4,312.7,89.7834,89.7897,89.6943,0.0891,0.0954,0.0063
4967,1001.4,287.2,89.7897,89.7959,89.7003,0.0894,0.0957,0.0063
4968,997.1,284.1,89.7959,89.8022,89.7060,0.0899,0.0962,0.0063
4969,998.2,274.9,89.8022,89.8085,89.7125,0.0897,0.0960,0.0063
4970,1000.3,263.5,89.8085,89.8148,89.7186,0.0899,0.0961,0.0063
4971,988.4,273.1,89.8148,89.8211,89.7249,0.0899,0.0962,0.0063
4972,1040.5,299.8,89.8211,89.8273,89.7310,0.0901,0.0964,0.0063
4973,970.8,274.2,89.8273,89.8336,89.7376,0.0898,0.0961,0.0063
4974,999.0,263.2,89.8336,89.8399,89.7437,0.0899,0.0962,0.0063
4975,999.5,291.7,89.8399,89.8462,89.7500,0.0899,0.0962,0.0063
4976,1001.3,288.0,89.8462,89.8525,89.7564,0.0898,0.0961,0.0063
4977,1002.0,347.9,89.8525,89.8587,89.7634,0.0890,0.0953,0.0063
4978,998.3,333.2,89.8587,89.8650,89.7701,0.0886,0.0949,0.0063
4979,997.9,280.1,89.8650,89.8713,89.7769,0.0882,0.0944,0.0063
4980,994.5,231.0,89.8713,89.8776,89.7834,0.0879,0.0942,0.0063
4981,997.4,253.9,89.8776,89.8839,89.7901,0.0875,0.0938,0.0063
4982,998.2,270.5,89.8839,89.8901,89.7963,0.0876,0.0939,0.0063
4983,999.7,259.3,89.8901,89.8964,89.8024,0.0877,0.0940,0.0063
4984,1016.2,314.5,89.8964,89.9027,89.8087,0.0877,0.0940,0.0063
4985,997.9,279.1,89.9027,89.9090,89.8149,0.0878,0.0941,0.0063
4986,996.9,251.3,89.9090,89.9153,89.8214,0.0876,0.0939,0.0063
4987,1000.9,283.0,89.9153,89.9216,89.8270,0.0882,0.0945,0.0063
4988,996.9,277.3,89.9216,89.9278,89.8325,0.0891,0.0954,0.0063
4989,1005.4,314.5,89.9278,89.9341,89.8378,0.0900,0.0963,0.0063
4990,998.2,283.3,89.9341,89.9404,89.8436,0.0905,0.0968,0.0063
4991,988.5,311.0,89.9404,89.9467,89.8493,0.0911,0.0974,0.0063
4992,1000.0,302.1,89.9467,89.9530,89.8551,0.0916,0.0978,0.0063
4993,1002.2,260.9,89.9530,89.9592,89.8610,0.0920,0.0982,0.0063
4994,997.8,252.7,89.9592,89.9655,89.8672,0.0920,0.0983,0.0063
4995,999.7,242.8,89.9655,89.9718,89.8730,0.0925,0.0988,0.0063
4996,1000.2,286.6,89.9718,89.9781,89.8788,0.0930,0.0993,0.0063
4997,1000.0,270.5,89.9781,89.9844,89.8847,0.0934,0.0997,0.0063
4998,1041.0,310.5,89.9844,89.9907,89.8911,0.0933,0.0996,0.0063
4999,970.5,286.9,89.9907,89.9969,89.8971,0.0935,0.0998,0.0063
5000,999.5,267.4,89.9969,90.0032,89.9033,0.0937,0.1000,0.0063
5001,1001.4,262.0,90.0032,90.0095,89.9093,0.0939,0.1002,0.0063
5002,997.9,296.7,90.0095,90.0158,89.9164,0.0931,0.0994,0.0063
5003,1006.2,418.9,90.0158,90.0221,89.9222,0.0936,0.0999,0.0063
5004,997.1,318.9,90.0221,90.0284,89.9282,0.0939,0.1001,0.0063
5005,998.2,272.4,90.0284,90.0346,89.9342,0.0942,0.1004,0.0063
5006,1005.9,288.6,90.0346,90.0409,89.9406,0.0940,0.1003,0.0063
5007,2666.4,497.7,90.0409,90.0472,89.9587,0.0822,0.0885,0.0063
5008,503.6,337.8,90.0472,90.0535,89.9587,0.0885,0.0948,0.0063
5009,342.5,527.1,90.0535,90.0598,89.9645,0.0890,0.0953,0.0063
5010,533.3,296.9,90.0598,90.0661,89.9645,0.0953,0.1016,0.0063
5011,947.0,316.5,90.0661,90.0723,89.9704,0.0957,0.1019,0.0063
5012,1000.9,292.3,90.0723,90.0786,89.9764,0.0959,0.1022,0.0063
5013,999.4,619.1,90.0786,90.0849,89.9764,0.1022,0.1085,0.0063
5014,1003.6,348.8,90.0849,90.0912,89.9829,0.1020,0.1083,0.0063
5015,1002.9,306.7,90.0912,90.0975,89.9888,0.1024,0.1087,0.0063
5016,1000.1,356.3,90.0975,90.1038,89.9948,0.1027,0.1090,0.0063
5017,985.1,294.0,90.1038,90.1100,90.0017,0.1020,0.1083,0.0063
5018,997.7,294.4,90.1100,90.1163,90.0086,0.1014,0.1077,0.0063
5019,1000.0,288.2,90.1163,90.1226,90.0158,0.1006,0.1068,0.0063
5020,1021.4,329.3,90.1226,90.1289,90.0235,0.0991,0.1053,0.0063
5021,2554.9,558.6,90.1289,90.1352,90.0455,0.0834,0.0897,0.0063
5022,562.3,225.7,90.1352,90.1414,90.0455,0.0897,0.0959,0.0063
5023,227.3,285.4,90.1414,90.1477,90.0533,0.0882,0.0945,0.0063
5024,633.3,239.6,90.1477,90.1540,90.0533,0.0945,0.1008,0.0063
5025,1011.8,292.9,90.1540,90.1603,90.0604,0.0936,0.0998,0.0063
5026,997.3,286.0,90.1603,90.1666,90.0677,0.0926,0.0989,0.0063
5027,999.5,269.3,90.1666,90.1728,90.0747,0.0918,0.0981,0.0063
5028,1000.9,280.9,90.1728,90.1791,90.0819,0.0910,0.0973,0.0063
5029,999.6,297.0,90.1791,90.1854,90.0884,0.0908,0.0970,0.0063
5030,999.7,261.2,90.1854,90.1917,90.0948,0.0906,0.0969,0.0063
5031,1001.6,292.4,90.1917,90.1980,90.1012,0.0905,0.0967,0.0063
5032,1000.6,298.7,90.1980,90.2042,90.1083,0.0897,0.0959,0.0063
5033,998.8,286.3,90.2042,90.2105,90.1148,0.0894,0.0957,0.0063
5034,1000.5,2702.7,90.2105,90.2168,90.1213,0.0892,0.0955,0.0063
5035,2713.4,447.0,90.2168,90.2231,90.1404,0.0764,0.0827,0.0063
5036,451.7,329.0,90.2231,90.2293,90.1404,0.0827,0.0889,0.0063
5037,334.7,587.3,90.2293,90.2356,90.1465,0.0828,0.0891,0.0063
5038,592.1,254.1,90.2356,90.2419,90.1465,0.0891,0.0954,0.0063
5039,909.6,356.1,90.2419,90.2482,90.1527,0.0892,0.0954,0.0063
5040,1002.3,372.9,90.2482,90.2544,90.1593,0.0889,0.0951,0.0063
5041,1029.3,331.7,90.2544,90.2607,90.1653,0.0891,0.0954,0.0063
5042,962.7,291.7,90.2607,90.2670,90.1709,0.0898,0.0961,0.0063
5043,996.1,298.3,90.2670,90.2733,90.1763,0.0907,0.0969,0.0063
5044,1179.3,320.6,90.2733,90.2795,90.1824,0.0908,0.0971,0.0063
5045,827.9,244.0,90.2795,90.2858,90.1884,0.0911,0.0974,0.0063
5046,999.6,269.3,90.2858,90.2921,90.1946,0.0912,0.0975,0.0063
5047,992.6,254.2,90.2921,90.2984,90.2006,0.0914,0.0977,0.0063
5048,1000.2,250.5,90.2984,90.3046,90.2068,0.0916,0.0978,0.0063
5049,1004.1,262.9,90.3046,90.3109,90.2124,0.0923,0.0986,0.0063
5050,994.4,229.6,90.3109,90.3172,90.2177,0.0932,0.0995,0.0063
5051,1000.4,243.1,90.3172,90.3234,90.2230,0.0942,0.1005,0.0063
5052,999.7,274.4,90.3234,90.3297,90.2288,0.0946,0.1009,0.0063
5053,1000.3,273.7,90.3297,90.3360,90.2344,0.0953,0.1016,0.0063
5054,999.0,277.3,90.3360,90.3423,90.2402,0.0958,0.1021,0.0063
5055,1000.6,295.0,90.3422,90.3485,90.2461,0.0961,0.1024,0.0063
5056,1000.0,245.2,90.3485,90.3548,90.2525,0.0960,0.1023,0.0063
5057,1000.0,236.0,90.3548,90.3611,90.2584,0.0964,0.1026,0.0063
5058,1004.5,231.7,90.3611,90.3673,90.2643,0.0968,0.1030,0.0063
5059,996.1,273.2,90.3673,90.3736,90.2703,0.0970,0.1032,0.0063
5060,1215.5,306.6,90.3736,90.3799,90.2772,0.0964,0.1027,0.0063
5061,785.9,255.0,90.3798,90.3861,90.2837,0.0961,0.1024,0.0063
5062,998.6,265.7,90.3861,90.3924,90.2904,0.0958,0.1020,0.0063
5063,1001.1,424.5,90.3924,90.3986,90.2971,0.0953,0.1016,0.0063
5064,1012.1,310.9,90.3986,90.4049,90.3041,0.0945,0.1008,0.0063
5065,1002.8,291.6,90.4049,90.4112,90.3106,0.0943,0.1005,0.0063
5066,1000.3,352.2,90.4112,90.4174,90.3172,0.0939,0.1002,0.0063
5067,992.1,300.8,90.4174,90.4237,90.3239,0.0935,0.0998,0.0063
5068,999.2,243.7,90.4237,90.4300,90.3312,0.0925,0.0987,0.0063
5069,1013.9,389.4,90.4299,90.4362,90.3380,0.0920,0.0982,0.0063
5070,990.9,306.8,90.4362,90.4425,90.3446,0.0916,0.0979,0.0063
5071,996.9,302.8,90.4425,90.4487,90.3510,0.0914,0.0977,0.0063
5072,1000.0,314.0,90.4487,90.4550,90.3579,0.0908,0.0971,0.0063
5073,1000.0,323.5,90.4550,90.4612,90.3645,0.0905,0.0968,0.0063
5074,1000.0,311.1,90.4612,90.4675,90.3712,0.0900,0.0963,0.0063
5075,1000.8,327.3,90.4675,90.4738,90.3779,0.0896,0.0959,0.0063
5076,1001.5,344.0,90.4737,90.4800,90.3852,0.0886,0.0948,0.0063
5077,998.7,329.1,90.4800,90.4863,90.3918,0.0882,0.0945,0.0063
5078,999.6,271.4,90.4863,90.4925,90.3983,0.0879,0.0942,0.0063
5079,1004.2,327.9,90.4925,90.4988,90.4048,0.0877,0.0940,0.0063
5080,999.7,335.5,90.4988,90.5050,90.4117,0.0871,0.0933,0.0063
5081,997.3,281.4,90.5050,90.5113,90.4181,0.0869,0.0932,0.0063
5082,1008.1,288.2,90.5113,90.5175,90.4242,0.0870,0.0933,0.0063
5083,984.3,266.3,90.5175,90.5238,90.4303,0.0872,0.0935,0.0063
5084,1001.0,272.3,90.5238,90.5300,90.4368,0.0870,0.0932,0.0063
5085,999.4,325.9,90.5300,90.5363,90.4427,0.0873,0.0935,0.0063
5086,1011.3,322.0,90.5363,90.5425,90.4486,0.0877,0.0939,0.0063
5087,987.1,285.6,90.5425,90.5488,90.4544,0.0881,0.0944,0.0063
5088,998.0,268.5,90.5487,90.5550,90.4606,0.0882,0.0944,0.0063
5089,999.9,342.1,90.5550,90.5613,90.4662,0.0887,0.0950,0.0063
5090,1004.2,307.5,90.5612,90.5675,90.4719,0.0894,0.0956,0.0063
5091,1005.7,397.3,90.5675,90.5737,90.4774,0.0901,0.0964,0.0063
5092,999.6,354.7,90.5737,90.5800,90.4830,0.0907,0.0969,0.0063
5093,1008.2,337.4,90.5800,90.5862,90.4884,0.0915,0.0978,0.0063
5094,997.1,323.3,90.5862,90.5925,90.4939,0.0923,0.0986,0.0063
5095,993.4,311.5,90.5924,90.5987,90.4995,0.0929,0.0992,0.0063
5096,992.4,311.8,90.5987,90.6049,90.5057,0.0930,0.0992,0.0063
5097,1000.7,518.3,90.6049,90.6112,90.5116,0.0933,0.0996,0.0063
5098,1045.8,584.3,90.6111,90.6174,90.5175,0.0937,0.0999,0.0063
5099,961.8,316.8,90.6174,90.6236,90.5233,0.0941,0.1003,0.0063
5100,999.7,333.1,90.6236,90.6299,90.5295,0.0941,0.1004,0.0063
5101,1010.8,327.2,90.6298,90.6361,90.5354,0.0945,0.1008,0.0063
5102,992.0,285.4,90.6361,90.6423,90.5415,0.0946,0.1008,0.0063
5103,998.4,305.2,90.6423,90.6486,90.5479,0.0944,0.1006,0.0063
5104,999.6,301.9,90.6485,90.6548,90.5551,0.0934,0.0997,0.0063
5105,999.8,299.5,90.6548,90.6610,90.5617,0.0931,0.0993,0.0063
5106,1000.2,328.9,90.6610,90.6673,90.5682,0.0928,0.0990,0.0063
5107,999.8,301.0,90.6672,90.6735,90.5747,0.0925,0.0988,0.0063
5108,1009.1,305.8,90.6735,90.6797,90.5820,0.0914,0.0977,0.0063
5109,994.1,296.0,90.6797,90.6859,90.5890,0.0907,0.0969,0.0063
5110,998.7,304.8,90.6859,90.6922,90.5959,0.0900,0.0962,0.0063
5111,997.9,332.7,90.6921,90.6984,90.6027,0.0895,0.0957,0.0063
5112,1000.2,296.1,90.6983,90.7046,90.6096,0.0887,0.0949,0.0063
5113,1004.6,306.2,90.7046,90.7108,90.6160,0.0886,0.0948,0.0063
5114,999.0,391.6,90.7108,90.7170,90.6223,0.0885,0.0947,0.0063
5115,999.2,350.7,90.7170,90.7233,90.6287,0.0883,0.0945,0.0063
5116,1012.0,349.8,90.7232,90.7295,90.6359,0.0873,0.0936,0.0062
5117,995.6,294.9,90.7294,90.7357,90.6427,0.0867,0.0930,0.0062
5118,995.5,289.1,90.7357,90.7419,90.6495,0.0861,0.0924,0.0062
5119,997.3,321.7,90.7419,90.7481,90.6562,0.0856,0.0919,0.0062
5120,1015.2,294.3,90.7481,90.7543,90.6635,0.0846,0.0908,0.0062
5121,993.5,353.0,90.7543,90.7605,90.6703,0.0840,0.0902,0.0062
5122,990.2,326.3,90.7605,90.7667,90.6771,0.0834,0.0896,0.0062
5123,998.9,320.5,90.7667,90.7730,90.6840,0.0827,0.0889,0.0062
5124,999.9,267.9,90.7729,90.7792,90.6912,0.0817,0.0879,0.0062
5125,999.3,257.5,90.7791,90.7854,90.6978,0.0813,0.0875,0.0062
5126,999.8,265.2,90.7853,90.7916,90.7043,0.0811,0.0873,0.0062
5127,1000.4,254.7,90.7915,90.7978,90.7106,0.0809,0.0871,0.0062
5128,999.7,276.9,90.7977,90.8040,90.7174,0.0804,0.0866,0.0062
5129,999.7,306.8,90.8039,90.8102,90.7235,0.0805,0.0867,0.0062
5130,1051.9,397.8,90.8101,90.8164,90.7295,0.0807,0.0869,0.0062
5131,948.3,310.3,90.8163,90.8226,90.7351,0.0812,0.0875,0.0062
5132,1014.1,761.7,90.8225,90.8288,90.7409,0.0816,0.0879,0.0062
5133,987.8,322.7,90.8287,90.8350,90.7461,0.0826,0.0889,0.0062
5134,989.4,287.1,90.8349,90.8412,90.7511,0.0838,0.0900,0.0062
5135,1005.2,261.4,90.8411,90.8474,90.7562,0.0849,0.0911,0.0062
5136,995.6,253.7,90.8473,90.8535,90.7618,0.0855,0.0918,0.0062
5137,999.6,265.0,90.8535,90.8597,90.7671,0.0864,0.0927,0.0062
5138,1001.3,274.2,90.8597,90.8659,90.7724,0.0873,0.0935,0.0062
5139,1019.9,763.5,90.8659,90.8721,90.7777,0.0881,0.0944,0.0062
5140,985.1,325.7,90.8721,90.8783,90.7835,0.0886,0.0948,0.0062
5141,995.3,303.0,90.8782,90.8845,90.7888,0.0894,0.0957,0.0062
5142,1006.0,251.6,90.8844,90.8907,90.7942,0.0903,0.0965,0.0062
5143,1000.7,254.8,90.8906,90.8968,90.7997,0.0910,0.0972,0.0062
5144,1003.4,806.5,90.8968,90.9030,90.8058,0.0910,0.0973,0.0062
5145,1005.5,308.6,90.9030,90.9092,90.8116,0.0914,0.0976,0.0062
5146,987.8,285.3,90.9092,90.9154,90.8176,0.0916,0.0978,0.0062
5147,995.6,247.2,90.9153,90.9216,90.8235,0.0919,0.0981,0.0062
5148,1000.3,253.9,90.9215,90.9277,90.8297,0.0918,0.0980,0.0062
5149,998.9,219.1,90.9277,90.9339,90.8354,0.0923,0.0985,0.0062
5150,999.8,260.8,90.9339,90.9401,90.8413,0.0926,0.0988,0.0062
5151,1000.0,244.5,90.9400,90.9463,90.8473,0.0927,0.0990,0.0062
5152,1001.0,255.8,90.9462,90.9524,90.8540,0.0921,0.0984,0.0062
5153,969.0,266.5,90.9524,90.9586,90.8603,0.0920,0.0983,0.0062
5154,1028.9,279.9,90.9585,90.9648,90.8666,0.0919,0.0982,0.0062
5155,999.8,301.2,90.9647,90.9709,90.8735,0.0912,0.0974,0.0062
5156,1000.7,273.6,90.9709,90.9771,90.8799,0.0910,0.0972,0.0062
5157,999.9,319.3,90.9770,90.9832,90.8849,0.0921,0.0983,0.0062
5158,1337.2,390.3,90.9832,90.9894,90.8979,0.0853,0.0915,0.0062
5159,673.8,282.6,90.9893,90.9956,90.8979,0.0914,0.0976,0.0062
5160,990.1,267.0,90.9955,91.0017,90.9048,0.0907,0.0969,0.0062
5161,999.4,300.1,91.0017,91.0079,90.9112,0.0904,0.0966,0.0062
5162,999.6,330.6,91.0078,91.0140,90.9177,0.0901,0.0963,0.0062
5163,1002.0,302.8,91.0140,91.0202,90.9246,0.0894,0.0956,0.0062
5164,999.1,292.3,91.0201,91.0263,90.9308,0.0893,0.0955,0.0062
5165,998.4,296.4,91.0263,91.0325,90.9372,0.0890,0.0953,0.0062
5166,1004.7,282.9,91.0324,91.0386,90.9438,0.0886,0.0949,0.0062
5167,1000.0,268.6,91.0386,91.0448,90.9503,0.0882,0.0945,0.0062
5168,992.9,264.8,91.0447,91.0509,90.9574,0.0873,0.0935,0.0062
5169,1004.1,257.4,91.0508,91.0571,90.9639,0.0869,0.0931,0.0062
5170,1002.7,268.1,91.0570,91.0632,90.9704,0.0866,0.0928,0.0062
5171,1015.2,340.6,91.0631,91.0693,90.9773,0.0858,0.0920,0.0062
5172,992.2,269.2,91.0693,91.0755,90.9839,0.0854,0.0916,0.0062
5173,993.8,299.1,91.0754,91.0816,90.9903,0.0851,0.0913,0.0062
5174,1008.4,257.0,91.0815,91.0877,90.9966,0.0849,0.0912,0.0062
5175,1002.0,326.9,91.0877,91.0939,91.0029,0.0848,0.0910,0.0062
5176,1591.2,489.2,91.0938,91.1000,91.0094,0.0844,0.0906,0.0062
5177,501.7,271.4,91.0999,91.1061,91.0094,0.0905,0.0967,0.0062
5178,909.0,265.5,91.1061,91.1123,91.0153,0.0907,0.0969,0.0062
5179,998.1,318.3,91.1122,91.1184,91.0212,0.0910,0.0972,0.0062
5180,997.7,275.3,91.1183,91.1245,91.0272,0.0911,0.0973,0.0062
5181,993.9,298.0,91.1244,91.1306,91.0338,0.0906,0.0968,0.0062
5182,998.6,246.9,91.1305,91.1367,91.0399,0.0906,0.0968,0.0062
5183,995.7,250.2,91.1367,91.1429,91.0459,0.0907,0.0970,0.0062
5184,1001.0,255.1,91.1428,91.1490,91.0521,0.0907,0.0969,0.0062
5185,1194.3,289.6,91.1489,91.1551,91.0580,0.0909,0.0971,0.0062
5186,803.2,254.6,91.1550,91.1612,91.0639,0.0911,0.0973,0.0062
5187,999.3,219.5,91.1611,91.1673,91.0700,0.0911,0.0973,0.0062
5188,999.9,233.0,91.1672,91.1734,91.0767,0.0906,0.0968,0.0062
5189,999.8,240.2,91.1733,91.1795,91.0828,0.0905,0.0967,0.0062
5190,1001.1,245.8,91.1794,91.1856,91.0890,0.0905,0.0967,0.0062
5191,1000.0,255.4,91.1855,91.1917,91.0951,0.0905,0.0967,0.0062
5192,1002.0,247.7,91.1916,91.1978,91.1016,0.0900,0.0962,0.0062
5193,998.9,214.7,91.1977,91.2039,91.1077,0.0901,0.0963,0.0062
5194,1002.5,277.3,91.2038,91.2100,91.1138,0.0900,0.0962,0.0062
5195,998.3,253.5,91.2099,91.2161,91.1202,0.0897,0.0959,0.0062
5196,997.3,227.5,91.2160,91.2222,91.1270,0.0891,0.0953,0.0062
5197,1000.2,263.9,91.2221,91.2283,91.1330,0.0891,0.0953,0.0062
5198,1006.0,252.5,91.2282,91.2344,91.1390,0.0893,0.0955,0.0062
5199,1006.2,281.6,91.2343,91.2405,91.1448,0.0895,0.0957,0.0062
5200,1055.2,423.5,91.2404,91.2466,91.1509,0.0895,0.0957,0.0062
5201,954.4,310.4,91.2465,91.2527,91.1568,0.0897,0.0959,0.0062
5202,991.7,310.3,91.2526,91.2587,91.1628,0.0897,0.0959,0.0062
5203,990.0,263.6,91.2586,91.2648,91.1691,0.0895,0.0957,0.0062
5204,999.0,260.5,91.2647,91.2709,91.1759,0.0888,0.0950,0.0062
5205,1000.5,241.6,91.2708,91.2770,91.1823,0.0885,0.0947,0.0062
5206,999.4,254.6,91.2769,91.2831,91.1886,0.0883,0.0944,0.0062
5207,1000.1,240.4,91.2829,91.2891,91.1951,0.0879,0.0940,0.0062
5208,999.5,258.0,91.2890,91.2952,91.2022,0.0868,0.0930,0.0062
5209,1000.1,254.3,91.2951,91.3013,91.2088,0.0863,0.0925,0.0062
5210,998.8,245.0,91.3012,91.3073,91.2153,0.0858,0.0920,0.0062
5211,1000.4,226.2,91.3072,91.3134,91.2218,0.0854,0.0916,0.0062
5212,999.9,244.7,91.3133,91.3195,91.2286,0.0847,0.0909,0.0062
5213,999.8,236.5,91.3193,91.3255,91.2348,0.0846,0.0907,0.0062
5214,999.9,263.7,91.3254,91.3316,91.2409,0.0845,0.0907,0.0062
5215,1000.1,267.3,91.3315,91.3376,91.2471,0.0844,0.0905,0.0062
5216,1001.5,285.0,91.3375,91.3437,91.2537,0.0838,0.0899,0.0062
5217,1007.9,366.9,91.3436,91.3497,91.2599,0.0837,0.0898,0.0062
5218,995.5,295.5,91.3496,91.3558,91.2658,0.0838,0.0900,0.0062
5219,1000.8,287.1,91.3557,91.3618,91.2715,0.0841,0.0903,0.0062
5220,998.9,322.4,91.3617,91.3679,91.2777,0.0840,0.0902,0.0062
5221,1000.5,291.6,91.3678,91.3739,91.2834,0.0843,0.0905,0.0062
5222,997.2,300.2,91.3738,91.3800,91.2892,0.0846,0.0908,0.0062
5223,1029.0,422.4,91.3798,91.3860,91.2952,0.0847,0.0908,0.0062
5224,988.5,348.3,91.3859,91.3920,91.3011,0.0848,0.0909,0.0062
5225,995.2,258.4,91.3919,91.3981,91.3074,0.0845,0.0906,0.0062
5226,984.6,283.0,91.3979,91.4041,91.3133,0.0847,0.0908,0.0062
5227,1002.6,262.4,91.4040,91.4101,91.3191,0.0849,0.0910,0.0062
5228,996.6,222.9,91.4100,91.4161,91.3250,0.0850,0.0912,0.0062
5229,1002.3,244.6,91.4160,91.4222,91.3314,0.0847,0.0908,0.0062
5230,999.2,250.6,91.4220,91.4282,91.3374,0.0847,0.0908,0.0062
5231,998.5,229.2,91.4281,91.4342,91.3435,0.0846,0.0908,0.0062
5232,1009.1,287.1,91.4341,91.4402,91.3493,0.0847,0.0909,0.0062
5233,1000.2,293.8,91.4401,91.4463,91.3554,0.0847,0.0909,0.0061
5234,1000.6,288.7,91.4461,91.4523,91.3610,0.0851,0.0913,0.0061
5235,1007.2,272.8,91.4521,91.4583,91.3667,0.0855,0.0916,0.0061
5236,992.0,295.3,91.4581,91.4643,91.3725,0.0857,0.0918,0.0061
5237,1003.8,293.0,91.4641,91.4703,91.3788,0.0854,0.0915,0.0061
5238,998.8,361.3,91.4702,91.4763,91.3846,0.0855,0.0917,0.0061
5239,999.1,343.2,91.4762,91.4823,91.3903,0.0859,0.0920,0.0061
5240,978.0,331.9,91.4822,91.4883,91.3958,0.0864,0.0925,0.0061
5241,1027.7,386.1,91.4882,91.4943,91.4015,0.0867,0.0928,0.0061
5242,994.1,344.2,91.4942,91.5003,91.4069,0.0873,0.0934,0.0061
5243,1000.2,345.1,91.5001,91.5063,91.4122,0.0879,0.0940,0.0061
5244,1001.2,359.8,91.5061,91.5123,91.4177,0.0884,0.0945,0.0061
5245,1005.0,563.6,91.5121,91.5183,91.4238,0.0883,0.0945,0.0061
5246,985.3,355.4,91.5181,91.5242,91.4294,0.0887,0.0948,0.0061
5247,1001.2,832.7,91.5241,91.5302,91.4351,0.0890,0.0951,0.0061
5248,1000.8,303.0,91.5301,91.5362,91.4408,0.0893,0.0954,0.0061
5249,997.8,263.0,91.5361,91.5422,91.4469,0.0892,0.0953,0.0061
5250,999.7,243.1,91.5420,91.5482,91.4526,0.0894,0.0955,0.0061
5251,1000.4,307.7,91.5480,91.5541,91.4586,0.0894,0.0956,0.0061
5252,1009.8,274.0,91.5540,91.5601,91.4646,0.0894,0.0955,0.0061
5253,998.5,271.9,91.5599,91.5661,91.4712,0.0888,0.0949,0.0061
5254,992.2,295.7,91.5659,91.5720,91.4773,0.0886,0.0947,0.0061
5255,1008.5,264.1,91.5719,91.5780,91.4836,0.0883,0.0944,0.0061
5256,1000.6,316.3,91.5778,91.5840,91.4898,0.0880,0.0942,0.0061
5257,999.1,292.4,91.5838,91.5899,91.4966,0.0872,0.0934,0.0061
5258,1004.6,567.9,91.5898,91.5959,91.5029,0.0869,0.0930,0.0061
5259,982.0,293.8,91.5957,91.6018,91.5090,0.0867,0.0928,0.0061
5260,1003.9,252.6,91.6017,91.6078,91.5153,0.0864,0.0925,0.0061
5261,998.6,239.1,91.6076,91.6137,91.5220,0.0857,0.0918,0.0061
5262,1000.4,275.8,91.6136,91.6197,91.5279,0.0857,0.0918,0.0061
5263,1001.9,565.8,91.6195,91.6256,91.5337,0.0858,0.0919,0.0061
5264,1002.5,308.7,91.6254,91.6316,91.5395,0.0859,0.0920,0.0061
5265,997.7,304.6,91.6314,91.6375,91.5459,0.0855,0.0916,0.0061
5266,997.5,308.5,91.6373,91.6434,91.5519,0.0854,0.0915,0.0061
5267,1001.4,242.5,91.6433,91.6494,91.5582,0.0851,0.0912,0.0061
5268,999.5,268.7,91.6492,91.6553,91.5643,0.0849,0.0910,0.0061
5269,1012.0,269.7,91.6551,91.6612,91.5703,0.0848,0.0909,0.0061
5270,991.9,257.8,91.6610,91.6671,91.5769,0.0842,0.0903,0.0061
5271,1000.1,289.3,91.6670,91.6731,91.5830,0.0840,0.0901,0.0061
5272,998.9,265.6,91.6729,91.6790,91.5893,0.0836,0.0897,0.0061
5273,1002.4,280.8,91.6788,91.6849,91.5965,0.0823,0.0884,0.0061
5274,1026.2,331.1,91.6847,91.6908,91.6033,0.0814,0.0875,0.0061
5275,979.7,277.3,91.6906,91.6967,91.6099,0.0807,0.0868,0.0061
5276,968.6,255.9,91.6965,91.7026,91.6165,0.0800,0.0861,0.0061
5277,1024.7,291.7,91.7025,91.7086,91.6233,0.0791,0.0852,0.0061
5278,996.9,269.4,91.7084,91.7145,91.6297,0.0787,0.0848,0.0061
5279,1000.6,274.3,91.7143,91.7204,91.6359,0.0784,0.0845,0.0061
5280,998.8,259.1,91.7202,91.7263,91.6420,0.0781,0.0842,0.0061
5281,1000.4,249.0,91.7261,91.7321,91.6481,0.0779,0.0840,0.0061
5282,1188.1,357.2,91.7320,91.7380,91.6544,0.0776,0.0837,0.0061
5283,834.1,300.6,91.7378,91.7439,91.6599,0.0780,0.0841,0.0061
5284,986.6,300.3,91.7437,91.7498,91.6652,0.0785,0.0846,0.0061
5285,1003.4,295.4,91.7496,91.7557,91.6708,0.0788,0.0849,0.0061
5286,999.7,314.4,91.7555,91.7616,91.6761,0.0794,0.0855,0.0061
5287,991.0,314.5,91.7614,91.7675,91.6816,0.0798,0.0859,0.0061
5288,1021.9,331.6,91.7673,91.7733,91.6870,0.0802,0.0863,0.0061
5289,985.3,312.3,91.7731,91.7792,91.6925,0.0806,0.0867,0.0061
5290,1004.3,355.3,91.7790,91.7851,91.6983,0.0807,0.0868,0.0061
5291,1003.5,306.2,91.7849,91.7910,91.7036,0.0813,0.0874,0.0061
5292,985.9,286.4,91.7907,91.7968,91.7089,0.0818,0.0879,0.0061
5293,978.8,269.5,91.7966,91.8027,91.7143,0.0823,0.0884,0.0061
5294,1043.5,368.6,91.8025,91.8085,91.7203,0.0822,0.0882,0.0061
5295,985.3,351.3,91.8083,91.8144,91.7259,0.0824,0.0885,0.0061
5296,998.4,409.6,91.8142,91.8202,91.7315,0.0827,0.0888,0.0061
5297,1002.9,298.7,91.8200,91.8261,91.7369,0.0831,0.0892,0.0061
5298,997.8,268.5,91.8259,91.8319,91.7428,0.0831,0.0892,0.0061
5299,1000.5,285.5,91.8317,91.8378,91.7482,0.0835,0.0896,0.0061
5300,999.6,327.4,91.8376,91.8436,91.7536,0.0840,0.0900,0.0061
5301,1001.8,301.1,91.8434,91.8495,91.7593,0.0841,0.0902,0.0061
5302,997.5,269.9,91.8492,91.8553,91.7654,0.0838,0.0899,0.0061
5303,1004.3,348.0,91.8551,91.8611,91.7710,0.0841,0.0901,0.0061
5304,1006.2,308.6,91.8609,91.8670,91.7766,0.0843,0.0904,0.0061
5305,989.4,262.4,91.8667,91.8728,91.7820,0.0847,0.0908,0.0061
5306,1000.1,309.3,91.8726,91.8786,91.7878,0.0847,0.0908,0.0061
5307,1020.3,1267.5,91.8784,91.8844,91.7934,0.0850,0.0911,0.0061
5308,1276.1,402.0,91.8842,91.8903,91.7990,0.0852,0.0913,0.0061
5309,692.1,274.5,91.8900,91.8961,91.8047,0.0853,0.0914,0.0060
5310,1012.0,289.7,91.8958,91.9019,91.8105,0.0853,0.0914,0.0060
5311,998.4,325.2,91.9017,91.9077,91.8167,0.0849,0.0910,0.0060
5312,999.2,278.0,91.9075,91.9135,91.8225,0.0850,0.0911,0.0060
5313,991.3,265.6,91.9133,91.9193,91.8283,0.0850,0.0910,0.0060
5314,1000.4,276.6,91.9191,91.9251,91.8344,0.0846,0.0907,0.0060
5315,1010.6,335.2,91.9249,91.9309,91.8402,0.0846,0.0907,0.0060
5316,1001.0,299.7,91.9307,91.9367,91.8463,0.0844,0.0904,0.0060
5317,998.0,287.6,91.9365,91.9425,91.8526,0.0839,0.0899,0.0060
5318,998.6,272.8,91.9422,91.9483,91.8594,0.0829,0.0889,0.0060
5319,1000.0,272.3,91.9480,91.9541,91.8655,0.0825,0.0886,0.0060
5320,1000.3,272.4,91.9538,91.9598,91.8716,0.0822,0.0882,0.0060
5321,1001.2,326.0,91.9596,91.9656,91.8783,0.0813,0.0874,0.0060
5322,999.8,272.1,91.9654,91.9714,91.8846,0.0808,0.0868,0.0060
5323,1002.5,306.6,91.9711,91.9772,91.8910,0.0801,0.0862,0.0060
5324,1003.4,302.0,91.9769,91.9829,91.8973,0.0796,0.0857,0.0060
5325,995.3,259.7,91.9827,91.9887,91.9049,0.0778,0.0838,0.0060
5326,996.6,307.6,91.9885,91.9945,91.9107,0.0778,0.0838,0.0060
5327,987.5,291.4,91.9942,92.0002,91.9163,0.0779,0.0839,0.0060
5328,1028.3,309.9,92.0000,92.0060,91.9211,0.0789,0.0849,0.0060
5329,990.5,283.9,92.0057,92.0117,91.9279,0.0778,0.0838,0.0060
5330,996.0,288.2,92.0115,92.0175,91.9334,0.0781,0.0841,0.0060
5331,1004.7,280.4,92.0172,92.0232,91.9389,0.0783,0.0844,0.0060
5332,996.1,286.9,92.0230,92.0290,91.9443,0.0786,0.0847,0.0060
5333,1000.4,262.8,92.0287,92.0347,91.9498,0.0789,0.0849,0.0060
5334,998.4,283.7,92.0345,92.0405,91.9556,0.0789,0.0849,0.0060
5335,1009.5,346.3,92.0402,92.0462,91.9610,0.0792,0.0852,0.0060
5336,998.1,301.4,92.0459,92.0519,91.9664,0.0796,0.0856,0.0060
5337,1001.2,1387.7,92.0517,92.0577,91.9717,0.0799,0.0859,0.0060
5338,1394.7,625.7,92.0574,92.0634,91.9830,0.0744,0.0804,0.0060
5339,629.1,281.0,92.0631,92.0691,91.9830,0.0801,0.0861,0.0060
5340,958.9,294.8,92.0688,92.0748,91.9884,0.0804,0.0864,0.0060
5341,998.0,285.9,92.0745,92.0805,91.9938,0.0807,0.0867,0.0060
5342,970.9,317.2,92.0803,92.0863,91.9998,0.0805,0.0865,0.0060
5343,1030.0,285.0,92.0860,92.0920,92.0052,0.0808,0.0868,0.0060
5344,1004.8,291.5,92.0917,92.0977,92.0106,0.0811,0.0871,0.0060
5345,1000.0,282.4,92.0974,92.1034,92.0161,0.0813,0.0873,0.0060
5346,999.0,308.6,92.1031,92.1091,92.0219,0.0811,0.0871,0.0060
5347,982.5,306.8,92.1088,92.1148,92.0272,0.0815,0.0875,0.0060
5348,1023.7,307.7,92.1145,92.1205,92.0324,0.0821,0.0880,0.0060
5349,1005.1,366.9,92.1202,92.1261,92.0324,0.0877,0.0937,0.0060
5350,993.1,310.8,92.1258,92.1318,92.0374,0.0885,0.0945,0.0060
5351,1000.2,446.4,92.1315,92.1375,92.0426,0.0889,0.0949,0.0060
5352,999.2,419.8,92.1372,92.1432,92.0479,0.0893,0.0953,0.0060
5353,999.6,329.5,92.1429,92.1489,92.0533,0.0895,0.0955,0.0060
5354,1001.6,487.4,92.1486,92.1545,92.0589,0.0897,0.0956,0.0060
5355,999.2,290.7,92.1542,92.1602,92.0651,0.0892,0.0951,0.0060
5356,1000.7,306.8,92.1599,92.1659,92.0708,0.0891,0.0951,0.0060
5357,1001.2,283.9,92.1656,92.1715,92.0766,0.0889,0.0949,0.0060
5358,999.6,322.3,92.1712,92.1772,92.0824,0.0888,0.0948,0.0060
5359,1006.2,349.9,92.1769,92.1828,92.0887,0.0882,0.0941,0.0060
5360,995.0,419.4,92.1825,92.1885,92.0948,0.0878,0.0937,0.0060
5361,1012.9,310.1,92.1882,92.1941,92.1010,0.0871,0.0931,0.0060
5362,996.1,287.1,92.1938,92.1998,92.1074,0.0865,0.0924,0.0060
5363,992.2,269.3,92.1995,92.2054,92.1143,0.0852,0.0911,0.0060
5364,1000.2,342.6,92.2051,92.2111,92.1206,0.0845,0.0905,0.0060
5365,994.8,397.4,92.2107,92.2167,92.1269,0.0839,0.0898,0.0060
5366,1045.8,561.7,92.2164,92.2223,92.1331,0.0832,0.0892,0.0060
5367,959.1,297.9,92.2220,92.2280,92.1400,0.0820,0.0880,0.0060
5368,995.9,289.2,92.2276,92.2336,92.1466,0.0810,0.0870,0.0060
5369,972.7,302.1,92.2332,92.2392,92.1530,0.0802,0.0862,0.0060
5370,983.9,243.2,92.2389,92.2448,92.1595,0.0794,0.0854,0.0059
5371,1034.8,247.2,92.2445,92.2504,92.1661,0.0784,0.0843,0.0059
5372,999.0,232.0,92.2501,92.2560,92.1722,0.0779,0.0839,0.0059
5373,999.3,223.3,92.2557,92.2616,92.1783,0.0774,0.0834,0.0059
5374,1004.4,254.5,92.2613,92.2672,92.1845,0.0768,0.0827,0.0059
5375,997.4,231.3,92.2669,92.2728,92.1914,0.0755,0.0815,0.0059
5376,998.7,241.0,92.2725,92.2784,92.1977,0.0748,0.0808,0.0059
5377,1002.4,415.9,92.2781,92.2840,92.2039,0.0742,0.0801,0.0059
5378,1023.3,305.8,92.2837,92.2896,92.2101,0.0736,0.0795,0.0059
5379,997.2,324.5,92.2893,92.2952,92.2166,0.0727,0.0786,0.0059
5380,989.7,265.1,92.2948,92.3008,92.2226,0.0723,0.0782,0.0059
5381,999.5,314.1,92.3004,92.3064,92.2285,0.0720,0.0779,0.0059
5382,1002.4,294.5,92.3060,92.3119,92.2342,0.0718,0.0777,0.0059
5383,1020.6,347.9,92.3116,92.3175,92.2403,0.0713,0.0772,0.0059
5384,981.2,301.8,92.3171,92.3231,92.2458,0.0714,0.0773,0.0059
5385,995.7,281.0,92.3227,92.3286,92.2510,0.0717,0.0776,0.0059
5386,1000.0,308.7,92.3283,92.3342,92.2561,0.0722,0.0781,0.0059
5387,1000.7,309.1,92.3338,92.3397,92.2616,0.0722,0.0781,0.0059
5388,1006.2,532.7,92.3394,92.3453,92.2667,0.0726,0.0786,0.0059
5389,991.9,329.2,92.3449,92.3508,92.2719,0.0731,0.0790,0.0059
5390,999.3,319.5,92.3505,92.3564,92.2768,0.0737,0.0796,0.0059
5391,1000.9,318.4,92.3560,92.3619,92.2819,0.0741,0.0800,0.0059
5392,999.1,472.2,92.3615,92.3675,92.2864,0.0751,0.0810,0.0059
5393,1002.8,360.5,92.3671,92.3730,92.2908,0.0763,0.0822,0.0059
5394,997.5,297.9,92.3726,92.3785,92.2952,0.0774,0.0833,0.0059
5395,993.9,372.8,92.3781,92.3840,92.3001,0.0780,0.0839,0.0059
5396,1007.4,324.0,92.3837,92.3896,92.3048,0.0788,0.0847,0.0059
5397,998.5,287.5,92.3892,92.3951,92.3097,0.0795,0.0854,0.0059
5398,1000.5,291.1,92.3947,92.4006,92.3144,0.0803,0.0862,0.0059
5399,1000.1,287.3,92.4002,92.4061,92.3195,0.0807,0.0866,0.0059
5400,999.9,301.7,92.4057,92.4116,92.3242,0.0815,0.0874,0.0059
5401,1003.0,295.0,92.4112,92.4171,92.3288,0.0824,0.0883,0.0059
5402,1001.0,288.1,92.4167,92.4226,92.3335,0.0832,0.0891,0.0059
5403,998.2,319.2,92.4222,92.4281,92.3387,0.0835,0.0894,0.0059
5404,1012.4,322.4,92.4277,92.4336,92.3438,0.0839,0.0898,0.0059
5405,992.7,270.5,92.4332,92.4391,92.3491,0.0841,0.0899,0.0059
5406,1014.5,332.6,92.4387,92.4446,92.3547,0.0840,0.0899,0.0059
5407,990.0,287.2,92.4442,92.4500,92.3606,0.0836,0.0895,0.0059
5408,991.9,262.6,92.4496,92.4555,92.3663,0.0834,0.0893,0.0059
5409,1012.7,278.0,92.4551,92.4610,92.3719,0.0832,0.0891,0.0059
5410,1063.6,313.0,92.4606,92.4665,92.3776,0.0830,0.0889,0.0059
5411,924.9,297.9,92.4661,92.4719,92.3837,0.0823,0.0882,0.0059
5412,995.8,353.3,92.4715,92.4774,92.3896,0.0819,0.0878,0.0059
5413,999.6,287.5,92.4770,92.4828,92.3956,0.0814,0.0873,0.0059
5414,1000.6,276.1,92.4824,92.4883,92.4016,0.0808,0.0867,0.0059
5415,990.7,295.3,92.4879,92.4937,92.4080,0.0799,0.0858,0.0059
5416,1001.6,296.9,92.4933,92.4992,92.4137,0.0796,0.0854,0.0059
5417,999.9,261.7,92.4988,92.5046,92.4193,0.0794,0.0853,0.0059
5418,1006.8,297.8,92.5042,92.5101,92.4250,0.0792,0.0851,0.0059
5419,1000.6,285.0,92.5096,92.5155,92.4307,0.0789,0.0848,0.0059
5420,1000.1,263.7,92.5151,92.5209,92.4370,0.0781,0.0839,0.0059
5421,999.0,271.6,92.5205,92.5263,92.4430,0.0775,0.0833,0.0059
5422,998.9,287.4,92.5259,92.5318,92.4492,0.0767,0.0826,0.0059
5423,1000.6,404.8,92.5313,92.5372,92.4557,0.0757,0.0815,0.0058
5424,975.2,334.7,92.5367,92.5426,92.4617,0.0750,0.0809,0.0058
5425,1037.0,331.7,92.5422,92.5480,92.4677,0.0745,0.0803,0.0058
5426,1044.0,430.8,92.5476,92.5534,92.4738,0.0738,0.0796,0.0058
5427,949.4,302.5,92.5530,92.5588,92.4805,0.0725,0.0783,0.0058
5428,999.6,387.1,92.5584,92.5642,92.4867,0.0717,0.0775,0.0058
5429,996.4,334.5,92.5638,92.5696,92.4927,0.0711,0.0769,0.0058
5430,1039.7,275.6,92.5691,92.5750,92.4984,0.0707,0.0765,0.0058
5431,967.4,316.7,92.5745,92.5804,92.5045,0.0700,0.0758,0.0058
5432,996.1,287.5,92.5799,92.5857,92.5100,0.0699,0.0757,0.0058
5433,999.6,340.6,92.5853,92.5911,92.5154,0.0698,0.0757,0.0058
5434,997.2,337.0,92.5907,92.5965,92.5207,0.0699,0.0758,0.0058
5435,998.6,300.4,92.5960,92.6019,92.5262,0.0698,0.0756,0.0058
5436,999.2,342.5,92.6014,92.6072,92.5311,0.0703,0.0761,0.0058
5437,1001.9,329.3,92.6068,92.6126,92.5358,0.0710,0.0768,0.0058
5438,998.7,317.6,92.6121,92.6179,92.5402,0.0719,0.0777,0.0058
5439,999.2,325.5,92.6175,92.6233,92.5450,0.0725,0.0783,0.0058
5440,1000.5,359.8,92.6228,92.6286,92.5494,0.0734,0.0792,0.0058
5441,999.6,336.4,92.6282,92.6340,92.5539,0.0742,0.0801,0.0058
5442,1003.0,298.0,92.6335,92.6393,92.5586,0.0750,0.0808,0.0058
5443,1008.4,294.0,92.6388,92.6447,92.5637,0.0751,0.0809,0.0058
5444,990.1,274.9,92.6442,92.6500,92.5685,0.0756,0.0814,0.0058
5445,1007.8,279.9,92.6495,92.6553,92.5733,0.0762,0.0820,0.0058
5446,1000.6,455.0,92.6548,92.6606,92.5781,0.0767,0.0825,0.0058
5447,1006.1,261.6,92.6601,92.6659,92.5831,0.0770,0.0828,0.0058
5448,989.5,254.8,92.6655,92.6713,92.5881,0.0774,0.0832,0.0058
5449,996.9,298.3,92.6708,92.6766,92.5931,0.0777,0.0835,0.0058
5450,1013.5,309.9,92.6761,92.6819,92.5982,0.0778,0.0836,0.0058
5451,1000.4,283.8,92.6814,92.6872,92.6040,0.0774,0.0832,0.0058
5452,990.8,265.9,92.6867,92.6925,92.6094,0.0773,0.0831,0.0058
5453,1005.8,281.9,92.6920,92.6978,92.6148,0.0772,0.0830,0.0058
5454,996.7,274.1,92.6973,92.7031,92.6202,0.0771,0.0829,0.0058
5455,997.2,285.4,92.7026,92.7083,92.6260,0.0766,0.0824,0.0058
5456,1002.3,305.2,92.7078,92.7136,92.6313,0.0765,0.0823,0.0058
5457,997.0,301.7,92.7131,92.7189,92.6367,0.0764,0.0822,0.0058
5458,1154.8,354.7,92.7184,92.7242,92.6421,0.0763,0.0821,0.0058
5459,949.9,452.8,92.7237,92.7294,92.6482,0.0754,0.0812,0.0058
5460,886.5,273.3,92.7289,92.7347,92.6538,0.0751,0.0809,0.0058
5461,1004.1,244.7,92.7342,92.7400,92.6594,0.0747,0.0805,0.0058
5462,991.8,235.0,92.7394,92.7452,92.6649,0.0745,0.0803,0.0058
5463,999.8,232.2,92.7447,92.7505,92.6707,0.0740,0.0798,0.0058
5464,1000.0,293.6,92.7499,92.7557,92.6760,0.0740,0.0797,0.0058
5465,999.2,339.9,92.7552,92.7609,92.6813,0.0739,0.0797,0.0058
5466,999.5,299.3,92.7604,92.7662,92.6867,0.0737,0.0795,0.0058
5467,1004.9,302.6,92.7657,92.7714,92.6927,0.0730,0.0787,0.0058
5468,997.8,273.9,92.7709,92.7766,92.6983,0.0726,0.0783,0.0058
5469,1000.3,243.9,92.7761,92.7819,92.7040,0.0721,0.0778,0.0058
5470,1008.5,239.1,92.7813,92.7871,92.7096,0.0717,0.0775,0.0058
5471,1004.4,333.3,92.7865,92.7923,92.7151,0.0714,0.0771,0.0057
5472,996.2,279.4,92.7918,92.7975,92.7212,0.0706,0.0763,0.0057
5473,990.4,261.4,92.7970,92.8027,92.7268,0.0701,0.0759,0.0057
5474,1009.2,309.7,92.8022,92.8079,92.7324,0.0698,0.0755,0.0057
5475,998.8,306.9,92.8074,92.8131,92.7380,0.0694,0.0751,0.0057
5476,999.4,262.8,92.8126,92.8183,92.7440,0.0686,0.0743,0.0057
5477,998.9,285.8,92.8177,92.8235,92.7495,0.0682,0.0739,0.0057
5478,1001.6,298.2,92.8229,92.8287,92.7550,0.0679,0.0737,0.0057
5479,998.6,281.4,92.8281,92.8338,92.7605,0.0676,0.0733,0.0057
5480,1000.6,302.5,92.8333,92.8390,92.7664,0.0669,0.0726,0.0057
5481,999.2,306.6,92.8385,92.8442,92.7719,0.0666,0.0723,0.0057
5482,997.1,272.2,92.8436,92.8494,92.7772,0.0664,0.0721,0.0057
5483,1000.2,295.6,92.8488,92.8545,92.7824,0.0664,0.0722,0.0057
5484,999.5,270.0,92.8540,92.8597,92.7876,0.0663,0.0720,0.0057
5485,1013.6,317.8,92.8591,92.8648,92.7923,0.0668,0.0725,0.0057
5486,1036.4,484.5,92.8643,92.8700,92.7970,0.0673,0.0730,0.0057
5487,968.8,311.5,92.8694,92.8751,92.8020,0.0674,0.0731,0.0057
5488,985.9,270.0,92.8745,92.8803,92.8067,0.0679,0.0736,0.0057
5489,995.1,272.0,92.8797,92.8854,92.8114,0.0683,0.0740,0.0057
5490,997.0,297.4,92.8848,92.8905,92.8161,0.0687,0.0744,0.0057
5491,1000.2,261.4,92.8899,92.8956,92.8211,0.0689,0.0746,0.0057
5492,1001.7,267.7,92.8951,92.9008,92.8256,0.0695,0.0752,0.0057
5493,998.6,239.8,92.9002,92.9059,92.8300,0.0702,0.0759,0.0057
5494,999.4,276.3,92.9053,92.9110,92.8344,0.0709,0.0766,0.0057
5495,1000.1,276.9,92.9104,92.9161,92.8399,0.0705,0.0762,0.0057
5496,1000.0,277.1,92.9155,92.9212,92.8438,0.0717,0.0774,0.0057
5497,999.4,271.5,92.9206,92.9263,92.8493,0.0713,0.0770,0.0057
5498,998.8,261.9,92.9257,92.9314,92.8542,0.0715,0.0771,0.0057
5499,1000.1,285.0,92.9308,92.9365,92.8596,0.0712,0.0769,0.0057
5500,1000.5,277.7,92.9359,92.9416,92.8646,0.0713,0.0770,0.0057
5501,998.9,256.8,92.9410,92.9466,92.8694,0.0716,0.0772,0.0057
5502,1001.6,245.2,92.9460,92.9517,92.8742,0.0718,0.0775,0.0057
5503,1002.3,247.5,92.9511,92.9568,92.8794,0.0717,0.0774,0.0057
5504,999.4,259.2,92.9562,92.9618,92.8842,0.0719,0.0776,0.0057
5505,998.4,269.2,92.9612,92.9669,92.8891,0.0721,0.0778,0.0057
5506,1008.1,316.8,92.9663,92.9720,92.8941,0.0721,0.0778,0.0057
5507,1001.7,663.7,92.9713,92.9770,92.8997,0.0717,0.0774,0.0057
5508,1021.6,282.8,92.9764,92.9821,92.9047,0.0717,0.0773,0.0057
5509,990.3,304.9,92.9814,92.9871,92.9096,0.0718,0.0775,0.0057
5510,989.5,275.7,92.9865,92.9921,92.9142,0.0723,0.0780,0.0057
5511,997.0,316.2,92.9915,92.9972,92.9142,0.0774,0.0830,0.0057
5512,1003.9,341.0,92.9965,93.0022,92.9235,0.0730,0.0787,0.0057
5513,1003.6,321.5,93.0016,93.0072,92.9281,0.0735,0.0792,0.0057
5514,1005.8,496.4,93.0066,93.0122,92.9281,0.0785,0.0842,0.0056
5515,939.9,308.1,93.0116,93.0172,92.9332,0.0784,0.0840,0.0056
5516,1041.4,303.4,93.0166,93.0223,92.9381,0.0785,0.0841,0.0056
5517,997.8,252.5,93.0216,93.0273,92.9433,0.0784,0.0840,0.0056
5518,1002.7,268.0,93.0266,93.0323,92.9490,0.0776,0.0832,0.0056
5519,999.6,283.4,93.0316,93.0372,92.9544,0.0772,0.0829,0.0056
5520,996.9,273.6,93.0366,93.0422,92.9597,0.0769,0.0825,0.0056
5521,986.6,293.5,93.0416,93.0472,92.9652,0.0764,0.0820,0.0056
5522,1013.7,284.9,93.0466,93.0522,92.9707,0.0759,0.0815,0.0056
5523,1023.5,278.5,93.0515,93.0572,92.9766,0.0749,0.0806,0.0056
5524,986.0,289.9,93.0565,93.0621,92.9822,0.0743,0.0800,0.0056
5525,999.5,328.2,93.0615,93.0671,92.9878,0.0737,0.0793,0.0056
5526,1016.1,338.5,93.0664,93.0721,92.9934,0.0730,0.0787,0.0056
5527,991.3,304.2,93.0714,93.0770,92.9993,0.0721,0.0777,0.0056
5528,993.8,320.0,93.0764,93.0820,93.0047,0.0716,0.0772,0.0056
5529,1004.7,358.1,93.0813,93.0869,93.0101,0.0712,0.0768,0.0056
5530,1000.2,336.4,93.0862,93.0919,93.0156,0.0707,0.0763,0.0056
5531,1006.2,292.3,93.0912,93.0968,93.0215,0.0697,0.0753,0.0056
5532,986.8,311.6,93.0961,93.1017,93.0269,0.0692,0.0748,0.0056
5533,1011.3,352.8,93.1010,93.1066,93.0323,0.0687,0.0743,0.0056
5534,997.9,342.1,93.1060,93.1116,93.0376,0.0684,0.0740,0.0056
5535,1006.6,335.8,93.1109,93.1165,93.0430,0.0679,0.0735,0.0056
5536,1001.1,348.2,93.1158,93.1214,93.0479,0.0679,0.0735,0.0056
5537,997.7,337.2,93.1207,93.1263,93.0529,0.0678,0.0734,0.0056
5538,993.7,300.1,93.1256,93.1312,93.0579,0.0677,0.0733,0.0056
5539,999.9,347.4,93.1305,93.1361,93.0634,0.0671,0.0727,0.0056
5540,1002.1,672.2,93.1354,93.1410,93.0687,0.0667,0.0723,0.0056
5541,998.4,366.3,93.1403,93.1459,93.0740,0.0663,0.0719,0.0056
5542,1011.2,404.7,93.1452,93.1508,93.0790,0.0661,0.0717,0.0056
5543,990.3,348.9,93.1501,93.1556,93.0846,0.0655,0.0710,0.0056
5544,998.6,399.0,93.1549,93.1605,93.0897,0.0653,0.0708,0.0056
5545,997.4,784.5,93.1598,93.1654,93.0945,0.0653,0.0709,0.0056
5546,1037.6,398.2,93.1647,93.1702,93.0993,0.0654,0.0709,0.0056
5547,953.0,317.5,93.1695,93.1751,93.1048,0.0647,0.0703,0.0056
5548,1018.6,349.2,93.1744,93.1799,93.1100,0.0644,0.0699,0.0056
5549,1000.9,379.4,93.1792,93.1848,93.1153,0.0639,0.0695,0.0056
5550,984.7,298.1,93.1841,93.1896,93.1202,0.0638,0.0694,0.0056
5551,998.9,301.3,93.1889,93.1945,93.1250,0.0639,0.0695,0.0056
5552,997.5,308.2,93.1937,93.1993,93.1298,0.0639,0.0695,0.0056
5553,1001.4,269.0,93.1986,93.2041,93.1344,0.0642,0.0697,0.0056
5554,1000.1,290.6,93.2034,93.2089,93.1391,0.0643,0.0698,0.0056
5555,999.7,283.9,93.2082,93.2138,93.1438,0.0644,0.0699,0.0055
5556,1000.3,275.2,93.2130,93.2186,93.1490,0.0640,0.0696,0.0055
5557,1000.2,271.9,93.2178,93.2234,93.1539,0.0639,0.0695,0.0055
5558,1002.3,331.1,93.2226,93.2282,93.1586,0.0640,0.0696,0.0055
5559,1018.5,306.7,93.2274,93.2330,93.1631,0.0644,0.0699,0.0055
5560,986.7,291.4,93.2322,93.2378,93.1677,0.0645,0.0700,0.0055
5561,997.2,301.8,93.2370,93.2425,93.1719,0.0651,0.0706,0.0055
5562,1028.2,330.9,93.2418,93.2473,93.1761,0.0657,0.0712,0.0055
5563,983.9,710.7,93.2466,93.2521,93.1805,0.0661,0.0716,0.0055
5564,987.0,315.8,93.2513,93.2569,93.1853,0.0660,0.0716,0.0055
5565,991.4,301.3,93.2561,93.2616,93.1898,0.0663,0.0719,0.0055
5566,999.5,292.7,93.2609,93.2664,93.1944,0.0665,0.0720,0.0055
5567,1008.4,640.6,93.2656,93.2712,93.1992,0.0665,0.0720,0.0055
5568,999.1,323.2,93.2704,93.2759,93.2042,0.0662,0.0717,0.0055
5569,1000.4,313.1,93.2751,93.2806,93.2089,0.0662,0.0717,0.0055
5570,1001.4,307.1,93.2799,93.2854,93.2136,0.0663,0.0718,0.0055
5571,997.7,280.9,93.2846,93.2901,93.2182,0.0664,0.0719,0.0055
5572,1000.2,300.0,93.2893,93.2949,93.2233,0.0661,0.0716,0.0055
5573,1000.2,290.4,93.2941,93.2996,93.2282,0.0659,0.0714,0.0055
5574,999.9,270.0,93.2988,93.3043,93.2332,0.0656,0.0711,0.0055
5575,998.4,294.7,93.3035,93.3090,93.2382,0.0653,0.0708,0.0055
5576,1015.8,321.0,93.3082,93.3137,93.2436,0.0646,0.0701,0.0055
5577,995.4,332.3,93.3129,93.3184,93.2487,0.0643,0.0698,0.0055
5578,1014.5,327.7,93.3176,93.3231,93.2536,0.0640,0.0695,0.0055
5579,979.0,254.1,93.3223,93.3278,93.2586,0.0637,0.0692,0.0055
5580,997.4,291.5,93.3270,93.3325,93.2640,0.0630,0.0685,0.0055
5581,1046.8,339.0,93.3317,93.3372,93.2691,0.0626,0.0681,0.0055
5582,956.8,322.3,93.3364,93.3419,93.2741,0.0623,0.0677,0.0055
5583,999.0,322.7,93.3410,93.3465,93.2791,0.0619,0.0674,0.0055
5584,998.3,283.0,93.3457,93.3512,93.2844,0.0613,0.0668,0.0055
5585,998.2,269.2,93.3504,93.3558,93.2892,0.0612,0.0666,0.0055
5586,1010.2,316.6,93.3550,93.3605,93.2937,0.0613,0.0668,0.0055
5587,990.6,331.7,93.3597,93.3652,93.2981,0.0615,0.0670,0.0055
5588,1001.1,338.2,93.3643,93.3698,93.3028,0.0615,0.0670,0.0055
5589,1000.7,347.7,93.3690,93.3744,93.3073,0.0617,0.0671,0.0055
5590,997.8,353.8,93.3736,93.3791,93.3119,0.0617,0.0672,0.0055
5591,999.4,353.9,93.3782,93.3837,93.3165,0.0618,0.0672,0.0055
5592,996.3,334.8,93.3829,93.3883,93.3215,0.0613,0.0668,0.0055
5593,1003.5,314.0,93.3875,93.3929,93.3261,0.0614,0.0668,0.0055
5594,1013.1,348.8,93.3921,93.3976,93.3306,0.0615,0.0670,0.0054
5595,991.8,347.3,93.3967,93.4022,93.3352,0.0616,0.0670,0.0054
5596,1006.0,337.5,93.4013,93.4068,93.3401,0.0613,0.0667,0.0054
5597,1002.4,340.3,93.4059,93.4114,93.3447,0.0612,0.0666,0.0054
5598,997.7,352.9,93.4105,93.4159,93.3495,0.0610,0.0665,0.0054
5599,993.1,301.6,93.4151,93.4205,93.3542,0.0609,0.0664,0.0054
5600,1001.0,301.4,93.4197,93.4251,93.3595,0.0602,0.0656,0.0054
5601,1005.8,340.3,93.4243,93.4297,93.3645,0.0597,0.0652,0.0054
5602,997.0,311.0,93.4288,93.4343,93.3696,0.0592,0.0647,0.0054
5603,1002.7,295.0,93.4334,93.4388,93.3745,0.0589,0.0644,0.0054
5604,999.7,314.3,93.4380,93.4434,93.3796,0.0583,0.0638,0.0054
5605,998.9,729.8,93.4425,93.4479,93.3844,0.0581,0.0636,0.0054
5606,998.3,314.9,93.4471,93.4525,93.3888,0.0582,0.0636,0.0054
5607,994.2,294.0,93.4516,93.4570,93.3934,0.0582,0.0637,0.0054
5608,1007.9,757.4,93.4562,93.4616,93.3979,0.0582,0.0636,0.0054
5609,999.3,332.7,93.4607,93.4661,93.4029,0.0578,0.0632,0.0054
5610,994.4,322.0,93.4652,93.4706,93.4074,0.0578,0.0632,0.0054
5611,990.7,334.5,93.4697,93.4751,93.4120,0.0578,0.0632,0.0054
5612,998.3,285.8,93.4743,93.4797,93.4165,0.0578,0.0632,0.0054
5613,1002.9,270.7,93.4788,93.4842,93.4206,0.0581,0.0635,0.0054
5614,997.4,280.6,93.4833,93.4887,93.4245,0.0587,0.0641,0.0054
5615,999.8,368.2,93.4878,93.4932,93.4284,0.0594,0.0648,0.0054
5616,998.9,335.4,93.4923,93.4977,93.4323,0.0599,0.0653,0.0054
5617,1008.5,292.1,93.4968,93.5021,93.4361,0.0607,0.0660,0.0054
5618,1003.5,330.3,93.5012,93.5066,93.4400,0.0612,0.0666,0.0054
5619,1000.2,336.3,93.5057,93.5111,93.4440,0.0617,0.0671,0.0054
5620,996.8,358.2,93.5102,93.5156,93.4484,0.0618,0.0672,0.0054
5621,998.2,298.5,93.5147,93.5200,93.4525,0.0622,0.0676,0.0054
5622,1000.5,3630.6,93.5191,93.5245,93.4566,0.0625,0.0678,0.0054
5623,3638.6,469.7,93.5236,93.5290,93.4737,0.0499,0.0552,0.0054
5624,473.7,271.0,93.5280,93.5334,93.4737,0.0543,0.0597,0.0054
5625,273.9,251.3,93.5325,93.5378,93.4737,0.0588,0.0641,0.0054
5626,254.6,464.5,93.5369,93.5423,93.4779,0.0590,0.0644,0.0054
5627,467.5,238.4,93.5414,93.5467,93.4779,0.0635,0.0688,0.0054
5628,885.3,252.1,93.5458,93.5511,93.4821,0.0637,0.0690,0.0054
5629,1003.2,253.5,93.5502,93.5556,93.4866,0.0636,0.0690,0.0054
5630,1594.0,542.2,93.5546,93.5600,93.4946,0.0600,0.0654,0.0053
5631,546.6,225.7,93.5590,93.5644,93.4946,0.0645,0.0698,0.0053
5632,861.3,285.2,93.5634,93.5688,93.4989,0.0645,0.0698,0.0053
5633,1002.4,301.0,93.5678,93.5732,93.5031,0.0648,0.0701,0.0053
5634,1010.4,303.9,93.5722,93.5776,93.5073,0.0649,0.0702,0.0053
5635,989.9,290.5,93.5766,93.5820,93.5116,0.0650,0.0704,0.0053
5636,1109.3,318.2,93.5810,93.5863,93.5161,0.0650,0.0703,0.0053
5637,899.0,314.6,93.5854,93.5907,93.5203,0.0651,0.0705,0.0053
5638,993.6,3582.6,93.5898,93.5951,93.5246,0.0651,0.0705,0.0053
5639,3615.4,582.7,93.5941,93.5995,93.5428,0.0514,0.0567,0.0053
5640,589.6,289.6,93.5985,93.6038,93.5428,0.0557,0.0610,0.0053
5641,295.6,517.6,93.6028,93.6082,93.5471,0.0558,0.0611,0.0053
5642,522.5,239.4,93.6072,93.6125,93.5471,0.0601,0.0654,0.0053
5643,243.2,266.4,93.6115,93.6169,93.5471,0.0645,0.0698,0.0053
5644,732.3,263.9,93.6159,93.6212,93.5517,0.0642,0.0695,0.0053
5645,999.9,246.2,93.6202,93.6255,93.5556,0.0646,0.0699,0.0053
5646,999.8,281.7,93.6245,93.6298,93.5594,0.0651,0.0704,0.0053
5647,999.2,267.7,93.6289,93.6342,93.5629,0.0659,0.0712,0.0053
5648,1000.4,262.6,93.6332,93.6385,93.5670,0.0662,0.0715,0.0053
5649,999.2,270.7,93.6375,93.6428,93.5713,0.0662,0.0715,0.0053
5650,998.5,267.7,93.6418,93.6471,93.5760,0.0658,0.0711,0.0053
5651,1000.1,296.6,93.6461,93.6514,93.5807,0.0654,0.0707,0.0053
5652,1026.5,3785.1,93.6504,93.6557,93.5858,0.0646,0.0698,0.0053
5653,3798.4,3352.2,93.6547,93.6600,93.6188,0.0359,0.0411,0.0053
5654,3362.3,319.5,93.6589,93.6642,93.6188,0.0401,0.0454,0.0053
5655,324.9,251.0,93.6632,93.6685,93.6239,0.0393,0.0446,0.0053
5656,255.3,357.2,93.6675,93.6728,93.6239,0.0436,0.0488,0.0053
5657,361.5,247.2,93.6718,93.6770,93.6239,0.0478,0.0531,0.0053
5658,249.8,310.0,93.6760,93.6813,93.6284,0.0476,0.0529,0.0053
5659,312.5,397.4,93.6803,93.6855,93.6284,0.0519,0.0571,0.0053
5660,400.0,234.4,93.6845,93.6898,93.6284,0.0561,0.0614,0.0053
5661,236.8,613.3,93.6888,93.6940,93.6284,0.0604,0.0656,0.0053
5662,617.1,233.2,93.6930,93.6982,93.6325,0.0605,0.0657,0.0053
5663,1049.5,235.5,93.6972,93.7025,93.6364,0.0608,0.0661,0.0053
5664,998.4,289.6,93.7014,93.7067,93.6402,0.0612,0.0665,0.0053
5665,999.5,287.2,93.7057,93.7109,93.6445,0.0612,0.0664,0.0052
5666,1001.2,285.1,93.7099,93.7151,93.6480,0.0619,0.0671,0.0052
5667,998.4,229.6,93.7141,93.7193,93.6530,0.0611,0.0663,0.0052
5668,1025.5,261.1,93.7183,93.7235,93.6598,0.0585,0.0637,0.0052
5669,975.9,221.6,93.7225,93.7277,93.6655,0.0570,0.0622,0.0052
5670,984.2,249.4,93.7267,93.7319,93.6710,0.0557,0.0609,0.0052
5671,1014.5,234.7,93.7308,93.7361,93.6761,0.0547,0.0599,0.0052
5672,999.3,257.1,93.7350,93.7402,93.6812,0.0539,0.0591,0.0052
5673,999.9,248.5,93.7392,93.7444,93.6854,0.0538,0.0590,0.0052
5674,1000.2,225.1,93.7433,93.7486,93.6896,0.0538,0.0590,0.0052
5675,999.8,253.5,93.7475,93.7527,93.6937,0.0538,0.0590,0.0052
5676,1002.8,265.8,93.7517,93.7569,93.6982,0.0534,0.0587,0.0052
5677,998.8,223.1,93.7558,93.7610,93.7025,0.0533,0.0585,0.0052
5678,1002.6,257.0,93.7599,93.7652,93.7068,0.0532,0.0584,0.0052
5679,997.5,251.6,93.7641,93.7693,93.7110,0.0530,0.0583,0.0052
5680,1004.2,247.6,93.7682,93.7734,93.7156,0.0526,0.0578,0.0052
5681,996.8,253.0,93.7723,93.7775,93.7156,0.0567,0.0619,0.0052
5682,1001.5,253.4,93.7764,93.7816,93.7197,0.0567,0.0619,0.0052
5683,1000.2,247.8,93.7806,93.7857,93.7238,0.0568,0.0620,0.0052
5684,998.2,251.0,93.7847,93.7899,93.7277,0.0570,0.0621,0.0052
5685,999.4,248.7,93.7888,93.7939,93.7319,0.0569,0.0620,0.0052
5686,1000.0,233.8,93.7929,93.7980,93.7360,0.0569,0.0620,0.0052
5687,1000.0,242.3,93.7969,93.8021,93.7402,0.0567,0.0619,0.0052
5688,1000.3,258.6,93.8010,93.8062,93.7448,0.0563,0.0614,0.0052
5689,999.7,307.4,93.8051,93.8103,93.7491,0.0560,0.0611,0.0052
5690,1000.1,296.9,93.8092,93.8143,93.7535,0.0557,0.0608,0.0052
5691,999.9,275.4,93.8132,93.8184,93.7577,0.0555,0.0607,0.0052
5692,1008.4,299.9,93.8173,93.8224,93.7619,0.0554,0.0606,0.0052
5693,1004.3,340.5,93.8213,93.8265,93.7658,0.0555,0.0607,0.0052
5694,994.9,315.5,93.8254,93.8305,93.7696,0.0558,0.0609,0.0052
5695,1011.3,371.9,93.8294,93.8346,93.7734,0.0560,0.0611,0.0052
5696,991.3,352.3,93.8334,93.8386,93.7777,0.0558,0.0609,0.0052
5697,997.6,353.2,93.8375,93.8426,93.7817,0.0558,0.0610,0.0052
5698,999.4,351.8,93.8415,93.8466,93.7856,0.0558,0.0610,0.0051
5699,999.6,324.3,93.8455,93.8507,93.7896,0.0559,0.0611,0.0051
5700,1001.0,306.3,93.8495,93.8547,93.7938,0.0557,0.0609,0.0051
5701,1001.0,295.8,93.8535,93.8587,93.7975,0.0560,0.0611,0.0051
5702,999.9,336.9,93.8575,93.8626,93.8012,0.0563,0.0614,0.0051
5703,998.6,328.5,93.8615,93.8666,93.8048,0.0567,0.0619,0.0051
5704,1000.1,322.3,93.8655,93.8706,93.8086,0.0569,0.0620,0.0051
5705,1001.8,299.0,93.8695,93.8746,93.8120,0.0574,0.0626,0.0051
5706,999.2,299.3,93.8734,93.8786,93.8154,0.0581,0.0632,0.0051
5707,1002.2,284.5,93.8774,93.8825,93.8187,0.0587,0.0638,0.0051
5708,999.2,300.7,93.8814,93.8865,93.8223,0.0590,0.0642,0.0051
5709,1000.4,314.0,93.8853,93.8904,93.8259,0.0594,0.0646,0.0051
5710,999.4,318.3,93.8893,93.8944,93.8296,0.0597,0.0648,0.0051
5711,1001.1,287.6,93.8932,93.8983,93.8333,0.0599,0.0650,0.0051
5712,999.6,316.6,93.8971,93.9022,93.8374,0.0597,0.0648,0.0051
5713,998.8,305.4,93.9011,93.9062,93.8414,0.0597,0.0648,0.0051
5714,997.3,334.3,93.9050,93.9101,93.8453,0.0597,0.0648,0.0051
5715,1000.5,333.1,93.9089,93.9140,93.8492,0.0597,0.0648,0.0051
5716,1000.7,344.3,93.9128,93.9179,93.8532,0.0596,0.0647,0.0051
5717,998.9,289.7,93.9167,93.9218,93.8570,0.0597,0.0648,0.0051
5718,1000.2,273.9,93.9206,93.9257,93.8611,0.0595,0.0646,0.0051
5719,999.7,320.5,93.9245,93.9296,93.8652,0.0593,0.0644,0.0051
5720,1000.3,303.1,93.9284,93.9335,93.8697,0.0587,0.0638,0.0051
5721,1000.6,312.6,93.9323,93.9373,93.8741,0.0582,0.0633,0.0051
5722,1001.4,318.3,93.9361,93.9412,93.8785,0.0577,0.0627,0.0051
5723,998.9,278.8,93.9400,93.9451,93.8829,0.0571,0.0622,0.0051
5724,1000.0,297.8,93.9439,93.9489,93.8876,0.0563,0.0614,0.0051
5725,1001.1,262.8,93.9477,93.9528,93.8919,0.0558,0.0609,0.0051
5726,997.9,272.8,93.9516,93.9566,93.8963,0.0553,0.0603,0.0051
5727,1006.0,307.2,93.9554,93.9605,93.9006,0.0548,0.0599,0.0051
5728,1006.1,343.0,93.9592,93.9643,93.9051,0.0541,0.0592,0.0051
5729,997.5,618.2,93.9631,93.9681,93.9093,0.0538,0.0588,0.0051
5730,1001.0,314.6,93.9669,93.9720,93.9135,0.0534,0.0584,0.0051
5731,999.9,333.6,93.9707,93.9758,93.9179,0.0528,0.0579,0.0050
5732,2616.7,593.0,93.9745,93.9796,93.9317,0.0429,0.0479,0.0050
5733,597.3,357.2,93.9783,93.9834,93.9317,0.0467,0.0517,0.0050
5734,363.3,573.6,93.9821,93.9872,93.9359,0.0462,0.0512,0.0050
5735,579.8,263.2,93.9859,93.9910,93.9359,0.0500,0.0550,0.0050
5736,834.9,336.7,93.9897,93.9947,93.9404,0.0493,0.0543,0.0050
5737,998.3,329.2,93.9935,93.9985,93.9445,0.0490,0.0540,0.0050
5738,1000.7,313.1,93.9973,94.0023,93.9483,0.0490,0.0540,0.0050
5739,1009.1,338.1,94.0010,94.0060,93.9518,0.0492,0.0542,0.0050
5740,995.5,363.7,94.0048,94.0098,93.9557,0.0491,0.0542,0.0050
5741,996.9,380.3,94.0085,94.0136,93.9594,0.0491,0.0541,0.0050
5742,998.3,322.2,94.0123,94.0173,93.9634,0.0489,0.0539,0.0050
5743,999.8,270.0,94.0160,94.0210,93.9675,0.0485,0.0535,0.0050
5744,1003.0,303.3,94.0198,94.0248,93.9722,0.0475,0.0525,0.0050
5745,999.3,312.1,94.0235,94.0285,93.9765,0.0470,0.0520,0.0050
5746,1003.1,296.9,94.0272,94.0322,93.9807,0.0465,0.0515,0.0050
5747,997.9,317.0,94.0309,94.0359,93.9848,0.0462,0.0512,0.0050
5748,1015.1,325.3,94.0346,94.0396,93.9887,0.0460,0.0510,0.0050
5749,975.5,286.7,94.0383,94.0433,93.9928,0.0456,0.0506,0.0050
5750,999.4,277.7,94.0420,94.0470,93.9966,0.0454,0.0504,0.0050
5751,998.6,261.1,94.0457,94.0507,94.0005,0.0452,0.0502,0.0050
5752,1000.1,253.7,94.0494,94.0544,94.0043,0.0451,0.0501,0.0050
5753,1000.2,261.4,94.0531,94.0581,94.0085,0.0446,0.0496,0.0050
5754,999.6,288.4,94.0568,94.0617,94.0122,0.0445,0.0495,0.0050
5755,1000.3,302.1,94.0604,94.0654,94.0160,0.0444,0.0494,0.0050
5756,999.7,294.5,94.0641,94.0690,94.0197,0.0444,0.0494,0.0050
5757,999.2,291.1,94.0677,94.0727,94.0235,0.0443,0.0492,0.0050
5758,999.9,268.3,94.0714,94.0763,94.0269,0.0444,0.0494,0.0050
5759,1000.1,284.8,94.0750,94.0800,94.0304,0.0446,0.0496,0.0050
5760,1036.9,426.1,94.0786,94.0836,94.0338,0.0448,0.0498,0.0050
5761,979.1,351.0,94.0823,94.0872,94.0374,0.0449,0.0498,0.0050
5762,997.0,335.2,94.0859,94.0908,94.0407,0.0452,0.0501,0.0049
5763,1016.4,314.4,94.0895,94.0944,94.0439,0.0456,0.0506,0.0049
5764,979.5,320.5,94.0931,94.0981,94.0471,0.0461,0.0510,0.0049
5765,999.0,348.8,94.0967,94.1016,94.0505,0.0462,0.0512,0.0049
5766,1000.3,291.4,94.1003,94.1052,94.0538,0.0465,0.0514,0.0049
5767,999.8,336.6,94.1039,94.1088,94.0572,0.0467,0.0516,0.0049
5768,1003.4,300.8,94.1075,94.1124,94.0605,0.0470,0.0519,0.0049
5769,999.1,282.7,94.1110,94.1160,94.0640,0.0470,0.0520,0.0049
5770,998.7,276.9,94.1146,94.1195,94.0672,0.0474,0.0524,0.0049
5771,999.3,355.5,94.1182,94.1231,94.0702,0.0480,0.0529,0.0049
5772,1002.4,288.6,94.1217,94.1266,94.0732,0.0486,0.0535,0.0049
5773,999.5,356.4,94.1253,94.1302,94.0763,0.0490,0.0539,0.0049
5774,1000.0,358.0,94.1288,94.1337,94.0792,0.0497,0.0546,0.0049
5775,1000.0,279.1,94.1324,94.1373,94.0822,0.0501,0.0550,0.0049
5776,999.5,319.6,94.1359,94.1408,94.0854,0.0505,0.0554,0.0049
5777,1000.7,283.3,94.1394,94.1443,94.0889,0.0505,0.0554,0.0049
5778,999.3,279.9,94.1429,94.1478,94.0922,0.0507,0.0556,0.0049
5779,997.9,329.3,94.1464,94.1513,94.0955,0.0509,0.0558,0.0049
5780,1003.9,328.0,94.1499,94.1548,94.0988,0.0511,0.0560,0.0049
5781,997.9,361.2,94.1534,94.1583,94.1022,0.0513,0.0561,0.0049
5782,999.2,331.6,94.1569,94.1618,94.1058,0.0511,0.0560,0.0049
5783,1005.5,325.5,94.1604,94.1653,94.1092,0.0511,0.0560,0.0049
5784,993.7,341.8,94.1639,94.1687,94.1126,0.0513,0.0562,0.0049
5785,1000.9,282.9,94.1673,94.1722,94.1161,0.0513,0.0562,0.0049
5786,1004.4,288.8,94.1708,94.1757,94.1194,0.0514,0.0562,0.0049
5787,996.6,329.7,94.1743,94.1791,94.1229,0.0514,0.0563,0.0049
5788,1001.1,312.8,94.1777,94.1826,94.1263,0.0515,0.0563,0.0049
5789,1003.0,347.4,94.1812,94.1860,94.1300,0.0512,0.0561,0.0049
5790,1010.7,378.1,94.1846,94.1894,94.1336,0.0510,0.0558,0.0049
5791,990.2,349.7,94.1880,94.1929,94.1374,0.0506,0.0554,0.0049
5792,1002.4,305.3,94.1914,94.1963,94.1413,0.0501,0.0549,0.0049
5793,1001.7,323.7,94.1949,94.1997,94.1456,0.0493,0.0541,0.0048
5794,1006.7,346.0,94.1983,94.2031,94.1496,0.0487,0.0535,0.0048
5795,1000.3,332.8,94.2017,94.2065,94.1536,0.0481,0.0529,0.0048
5796,1000.2,325.5,94.2051,94.2099,94.1576,0.0475,0.0523,0.0048
5797,997.1,342.2,94.2085,94.2133,94.1616,0.0468,0.0517,0.0048
5798,996.4,308.8,94.2118,94.2167,94.1654,0.0465,0.0513,0.0048
5799,994.6,348.5,94.2152,94.2200,94.1692,0.0461,0.0509,0.0048
5800,1032.6,311.8,94.2186,94.2234,94.1730,0.0456,0.0504,0.0048
5801,969.7,288.3,94.2220,94.2268,94.1773,0.0447,0.0495,0.0048
5802,998.2,291.4,94.2253,94.2301,94.1814,0.0439,0.0488,0.0048
5803,992.4,282.6,94.2287,94.2335,94.1855,0.0432,0.0480,0.0048
5804,999.6,296.2,94.2320,94.2368,94.1895,0.0425,0.0473,0.0048
5805,999.2,286.1,94.2353,94.2401,94.1938,0.0415,0.0463,0.0048
5806,1000.8,282.1,94.2387,94.2435,94.1977,0.0410,0.0458,0.0048
5807,999.3,285.4,94.2420,94.2468,94.2014,0.0406,0.0454,0.0048
5808,1001.9,278.2,94.2453,94.2501,94.2048,0.0405,0.0453,0.0048
5809,1000.3,284.5,94.2486,94.2534,94.2086,0.0401,0.0449,0.0048
5810,1000.1,278.6,94.2519,94.2567,94.2120,0.0399,0.0447,0.0048
5811,998.2,298.2,94.2552,94.2600,94.2154,0.0398,0.0446,0.0048
5812,1000.6,275.9,94.2585,94.2633,94.2189,0.0396,0.0444,0.0048
5813,1001.8,267.6,94.2618,94.2666,94.2227,0.0391,0.0438,0.0048
5814,999.0,319.6,94.2651,94.2698,94.2263,0.0387,0.0435,0.0048
5815,1002.7,341.7,94.2683,94.2731,94.2299,0.0385,0.0432,0.0048
5816,1000.3,304.9,94.2716,94.2764,94.2334,0.0382,0.0430,0.0048
5817,1000.3,299.7,94.2749,94.2796,94.2373,0.0376,0.0423,0.0048
5818,999.6,290.3,94.2781,94.2829,94.2409,0.0372,0.0420,0.0048
5819,1002.8,292.7,94.2813,94.2861,94.2445,0.0369,0.0416,0.0048
5820,995.9,289.3,94.2846,94.2893,94.2480,0.0366,0.0414,0.0048
5821,999.9,293.3,94.2878,94.2926,94.2518,0.0360,0.0408,0.0048
5822,998.4,285.6,94.2910,94.2958,94.2554,0.0357,0.0404,0.0048
5823,1002.3,300.7,94.2942,94.2990,94.2590,0.0353,0.0400,0.0047
5824,997.3,302.8,94.2975,94.3022,94.2625,0.0349,0.0397,0.0047
5825,998.7,280.1,94.3007,94.3054,94.2663,0.0344,0.0391,0.0047
5826,999.6,298.6,94.3039,94.3086,94.2699,0.0340,0.0387,0.0047
5827,1000.3,286.0,94.3070,94.3118,94.2735,0.0335,0.0382,0.0047
5828,1000.9,277.2,94.3102,94.3150,94.2772,0.0330,0.0377,0.0047
5829,1001.1,287.1,94.3134,94.3181,94.2812,0.0322,0.0370,0.0047
5830,1000.9,267.5,94.3166,94.3213,94.2846,0.0319,0.0366,0.0047
5831,999.2,261.7,94.3197,94.3244,94.2880,0.0318,0.0365,0.0047
5832,998.3,297.0,94.3229,94.3276,94.2912,0.0317,0.0364,0.0047
5833,1003.2,279.2,94.3260,94.3307,94.2943,0.0317,0.0364,0.0047
5834,999.1,294.7,94.3292,94.3339,94.2982,0.0310,0.0357,0.0047
5835,1040.7,320.9,94.3323,94.3370,94.3014,0.0309,0.0356,0.0047
5836,963.5,292.0,94.3354,94.3401,94.3046,0.0308,0.0355,0.0047
5837,997.7,349.3,94.3385,94.3432,94.3079,0.0306,0.0353,0.0047
5838,1003.5,318.5,94.3417,94.3464,94.3109,0.0307,0.0354,0.0047
5839,997.8,324.3,94.3448,94.3495,94.3138,0.0310,0.0357,0.0047
5840,999.4,316.2,94.3479,94.3526,94.3169,0.0309,0.0356,0.0047
5841,999.3,313.7,94.3510,94.3556,94.3198,0.0312,0.0358,0.0047
5842,999.9,305.0,94.3540,94.3587,94.3226,0.0315,0.0361,0.0047
5843,1000.5,297.5,94.3571,94.3618,94.3253,0.0319,0.0365,0.0047
5844,998.3,302.3,94.3602,94.3649,94.3278,0.0324,0.0371,0.0047
5845,999.8,289.9,94.3633,94.3679,94.3304,0.0329,0.0376,0.0047
5846,999.8,311.0,94.3663,94.3710,94.3328,0.0335,0.0382,0.0047
5847,999.7,302.7,94.3694,94.3740,94.3352,0.0342,0.0389,0.0047
5848,999.2,290.5,94.3724,94.3771,94.3375,0.0349,0.0396,0.0047
5849,998.7,270.6,94.3755,94.3801,94.3400,0.0354,0.0401,0.0047
5850,1000.4,298.5,94.3785,94.3831,94.3423,0.0362,0.0409,0.0047
5851,1001.4,278.9,94.3815,94.3862,94.3423,0.0392,0.0439,0.0047
5852,1000.5,298.7,94.3845,94.3892,94.3444,0.0401,0.0447,0.0046
5853,999.0,281.0,94.3875,94.3922,94.3466,0.0409,0.0456,0.0046
5854,1001.1,270.9,94.3905,94.3952,94.3491,0.0415,0.0461,0.0046
5855,998.9,293.8,94.3935,94.3982,94.3515,0.0421,0.0467,0.0046
5856,1001.9,323.0,94.3965,94.4012,94.3541,0.0424,0.0471,0.0046
5857,1004.5,290.5,94.3995,94.4041,94.3570,0.0425,0.0472,0.0046
5858,995.8,310.9,94.4025,94.4071,94.3598,0.0427,0.0473,0.0046
5859,1000.6,304.7,94.4054,94.4101,94.3625,0.0429,0.0475,0.0046
5860,999.1,284.3,94.4084,94.4130,94.3652,0.0432,0.0478,0.0046
5861,1000.4,309.0,94.4114,94.4160,94.3679,0.0434,0.0480,0.0046
5862,998.8,287.7,94.4143,94.4189,94.3708,0.0435,0.0481,0.0046
5863,999.0,279.0,94.4172,94.4219,94.3735,0.0438,0.0484,0.0046
5864,1005.0,307.2,94.4202,94.4248,94.3761,0.0441,0.0487,0.0046
5865,995.8,319.1,94.4231,94.4277,94.3787,0.0444,0.0490,0.0046
5866,998.2,292.2,94.4260,94.4306,94.3816,0.0445,0.0491,0.0046
5867,999.2,298.1,94.4289,94.4335,94.3842,0.0447,0.0493,0.0046
5868,1002.3,293.6,94.4318,94.4364,94.3870,0.0449,0.0495,0.0046
5869,1003.4,306.2,94.4347,94.4393,94.3897,0.0450,0.0496,0.0046
5870,995.7,283.8,94.4376,94.4422,94.3929,0.0447,0.0493,0.0046
5871,1001.2,303.5,94.4405,94.4451,94.3958,0.0447,0.0493,0.0046
5872,998.4,251.4,94.4434,94.4480,94.3987,0.0447,0.0492,0.0046
5873,1001.7,275.2,94.4463,94.4508,94.4017,0.0446,0.0492,0.0046
5874,997.9,295.0,94.4491,94.4537,94.4049,0.0442,0.0488,0.0046
5875,1001.7,277.2,94.4520,94.4565,94.4081,0.0439,0.0484,0.0046
5876,1000.1,289.5,94.4548,94.4594,94.4113,0.0436,0.0481,0.0046
5877,1001.2,297.7,94.4577,94.4622,94.4144,0.0432,0.0478,0.0046
5878,1001.7,287.7,94.4605,94.4651,94.4177,0.0428,0.0473,0.0046
5879,1001.5,301.7,94.4633,94.4679,94.4207,0.0426,0.0472,0.0046
5880,999.8,295.8,94.4662,94.4707,94.4236,0.0426,0.0471,0.0045
5881,999.9,299.3,94.4690,94.4735,94.4264,0.0426,0.0471,0.0045
5882,999.2,299.3,94.4718,94.4763,94.4295,0.0422,0.0468,0.0045
5883,1004.6,292.4,94.4746,94.4791,94.4324,0.0422,0.0467,0.0045
5884,998.3,314.2,94.4774,94.4819,94.4354,0.0420,0.0465,0.0045
5885,996.5,337.8,94.4802,94.4847,94.4385,0.0417,0.0462,0.0045
5886,1004.5,325.6,94.4829,94.4875,94.4418,0.0411,0.0456,0.0045
5887,993.3,277.0,94.4857,94.4902,94.4450,0.0407,0.0452,0.0045
5888,997.0,288.8,94.4885,94.4930,94.4483,0.0402,0.0447,0.0045
5889,1002.0,314.4,94.4912,94.4957,94.4516,0.0396,0.0441,0.0045
5890,998.7,324.1,94.4940,94.4985,94.4550,0.0390,0.0435,0.0045
5891,1001.4,315.2,94.4967,94.5012,94.4580,0.0387,0.0433,0.0045
5892,999.7,303.7,94.4995,94.5040,94.4610,0.0385,0.0430,0.0045
5893,1000.2,287.8,94.5022,94.5067,94.4639,0.0383,0.0428,0.0045
5894,998.5,306.7,94.5049,94.5094,94.4670,0.0379,0.0424,0.0045
5895,1002.5,367.3,94.5076,94.5121,94.4699,0.0378,0.0423,0.0045
5896,1001.3,296.7,94.5103,94.5148,94.4727,0.0376,0.0421,0.0045
5897,997.1,357.6,94.5130,94.5175,94.4756,0.0374,0.0419,0.0045
5898,1002.3,336.5,94.5157,94.5202,94.4785,0.0372,0.0417,0.0045
5899,1002.8,328.4,94.5184,94.5229,94.4813,0.0371,0.0416,0.0045
5900,998.2,298.4,94.5211,94.5256,94.4841,0.0370,0.0415,0.0045
5901,1002.6,319.1,94.5238,94.5282,94.4870,0.0368,0.0413,0.0045
5902,1002.2,295.6,94.5264,94.5309,94.4902,0.0362,0.0406,0.0045
5903,995.6,294.6,94.5291,94.5335,94.4933,0.0358,0.0403,0.0045
5904,999.2,296.8,94.5317,94.5362,94.4963,0.0354,0.0399,0.0045
5905,1002.4,268.6,94.5344,94.5388,94.4993,0.0351,0.0395,0.0045
5906,4568.5,1014.7,94.5370,94.5415,94.5145,0.0225,0.0270,0.0045
5907,1024.6,2582.1,94.5396,94.5441,94.5175,0.0221,0.0265,0.0045
5908,2590.4,410.0,94.5423,94.5467,94.5229,0.0194,0.0238,0.0044
5909,417.0,582.0,94.5449,94.5493,94.5256,0.0193,0.0238,0.0044
5910,587.3,283.4,94.5475,94.5519,94.5256,0.0219,0.0264,0.0044
5911,285.9,599.8,94.5501,94.5545,94.5279,0.0222,0.0266,0.0044
5912,602.0,286.7,94.5527,94.5571,94.5279,0.0248,0.0292,0.0044
5913,300.7,360.9,94.5553,94.5597,94.5301,0.0251,0.0295,0.0044
5914,364.1,402.3,94.5578,94.5623,94.5301,0.0277,0.0321,0.0044
5915,405.3,354.2,94.5604,94.5648,94.5301,0.0303,0.0347,0.0044
5916,361.2,577.4,94.5630,94.5674,94.5325,0.0305,0.0349,0.0044
5917,582.7,276.0,94.5655,94.5699,94.5325,0.0330,0.0375,0.0044
5918,3468.2,1073.3,94.5681,94.5725,94.5430,0.0251,0.0295,0.0044
5919,1081.3,607.9,94.5706,94.5750,94.5461,0.0246,0.0290,0.0044
5920,611.8,429.5,94.5732,94.5776,94.5461,0.0271,0.0315,0.0044
5921,432.6,470.7,94.5757,94.5801,94.5491,0.0266,0.0310,0.0044
5922,473.4,395.5,94.5782,94.5826,94.5491,0.0291,0.0335,0.0044
5923,397.9,456.2,94.5807,94.5851,94.5520,0.0287,0.0331,0.0044
5924,458.8,273.6,94.5832,94.5876,94.5520,0.0312,0.0356,0.0044
5925,975.9,286.5,94.5857,94.5901,94.5547,0.0310,0.0354,0.0044
5926,999.6,279.0,94.5882,94.5926,94.5575,0.0307,0.0351,0.0044
5927,999.7,232.9,94.5907,94.5951,94.5600,0.0307,0.0351,0.0044
5928,1149.4,324.4,94.5932,94.5976,94.5625,0.0307,0.0350,0.0044
5929,853.8,241.0,94.5956,94.6000,94.5651,0.0306,0.0349,0.0044
5930,995.7,271.1,94.5981,94.6025,94.5681,0.0300,0.0344,0.0044
5931,963.9,287.2,94.6006,94.6049,94.5711,0.0295,0.0339,0.0044
5932,1042.5,282.0,94.6030,94.6074,94.5741,0.0289,0.0332,0.0044
5933,964.2,253.3,94.6055,94.6098,94.5771,0.0283,0.0327,0.0044
5934,1027.3,274.0,94.6079,94.6122,94.5802,0.0277,0.0320,0.0044
5935,1001.9,243.1,94.6103,94.6147,94.5830,0.0273,0.0316,0.0044
5936,1000.8,264.2,94.6127,94.6171,94.5857,0.0270,0.0314,0.0043
5937,999.9,263.6,94.6151,94.6195,94.5882,0.0269,0.0312,0.0043
5938,999.2,260.2,94.6175,94.6219,94.5908,0.0268,0.0311,0.0043
5939,999.9,298.9,94.6199,94.6243,94.5934,0.0266,0.0309,0.0043
5940,1000.8,250.7,94.6223,94.6267,94.5957,0.0266,0.0310,0.0043
5941,1000.1,261.9,94.6247,94.6290,94.5981,0.0267,0.0310,0.0043
5942,1000.0,267.6,94.6271,94.6314,94.6002,0.0269,0.0312,0.0043
5943,1000.4,273.8,94.6295,94.6338,94.6025,0.0269,0.0313,0.0043
5944,1000.6,348.7,94.6318,94.6361,94.6047,0.0272,0.0315,0.0043
5945,1007.4,282.8,94.6342,94.6385,94.6067,0.0275,0.0318,0.0043
5946,992.2,305.7,94.6365,94.6408,94.6087,0.0278,0.0321,0.0043
5947,1005.9,270.4,94.6389,94.6432,94.6108,0.0281,0.0324,0.0043
5948,995.2,230.6,94.6412,94.6455,94.6130,0.0281,0.0325,0.0043
5949,999.4,269.3,94.6435,94.6478,94.6153,0.0282,0.0325,0.0043
5950,997.7,280.3,94.6458,94.6501,94.6176,0.0282,0.0325,0.0043
5951,999.6,286.8,94.6481,94.6524,94.6201,0.0280,0.0323,0.0043
5952,998.9,281.3,94.6504,94.6547,94.6224,0.0280,0.0323,0.0043
5953,1000.3,251.4,94.6527,94.6570,94.6246,0.0281,0.0324,0.0043
5954,1000.4,242.4,94.6550,94.6593,94.6268,0.0282,0.0325,0.0043
5955,999.6,261.6,94.6573,94.6616,94.6293,0.0280,0.0323,0.0043
5956,999.7,248.9,94.6596,94.6639,94.6315,0.0281,0.0324,0.0043
5957,1000.2,262.3,94.6618,94.6661,94.6336,0.0282,0.0325,0.0043
5958,1000.4,245.0,94.6641,94.6684,94.6358,0.0283,0.0326,0.0043
5959,1000.6,282.5,94.6663,94.6706,94.6381,0.0283,0.0326,0.0043
5960,999.3,257.7,94.6686,94.6729,94.6401,0.0285,0.0327,0.0043
5961,999.8,234.2,94.6708,94.6751,94.6420,0.0288,0.0330,0.0043
5962,1015.8,481.4,94.6731,94.6773,94.6440,0.0291,0.0334,0.0043
5963,1007.0,299.1,94.6753,94.6795,94.6461,0.0292,0.0335,0.0042
5964,992.6,316.7,94.6775,94.6817,94.6480,0.0295,0.0338,0.0042
5965,1020.9,323.1,94.6797,94.6839,94.6501,0.0296,0.0338,0.0042
5966,982.7,497.4,94.6819,94.6861,94.6523,0.0296,0.0338,0.0042
5967,992.5,375.6,94.6841,94.6883,94.6547,0.0294,0.0336,0.0042
5968,1014.9,330.3,94.6863,94.6905,94.6569,0.0294,0.0336,0.0042
5969,990.2,372.2,94.6884,94.6927,94.6592,0.0293,0.0335,0.0042
5970,994.9,360.0,94.6906,94.6948,94.6615,0.0291,0.0333,0.0042
5971,1000.0,333.8,94.6928,94.6970,94.6641,0.0287,0.0329,0.0042
5972,999.1,312.1,94.6949,94.6991,94.6665,0.0284,0.0326,0.0042
5973,1005.1,333.8,94.6971,94.7013,94.6689,0.0282,0.0324,0.0042
5974,994.1,295.5,94.6992,94.7034,94.6713,0.0279,0.0321,0.0042
5975,1001.4,308.7,94.7014,94.7056,94.6738,0.0275,0.0317,0.0042
5976,999.4,285.7,94.7035,94.7077,94.6761,0.0274,0.0316,0.0042
5977,999.7,287.5,94.7056,94.7098,94.6783,0.0273,0.0315,0.0042
5978,1000.0,303.2,94.7077,94.7119,94.6804,0.0273,0.0315,0.0042
5979,1014.7,345.6,94.7098,94.7140,94.6828,0.0271,0.0312,0.0042
5980,1020.3,348.7,94.7119,94.7161,94.6850,0.0269,0.0310,0.0042
5981,969.0,295.6,94.7140,94.7182,94.6872,0.0268,0.0309,0.0042
5982,998.9,283.5,94.7161,94.7202,94.6894,0.0267,0.0308,0.0042
5983,1001.1,274.1,94.7181,94.7223,94.6915,0.0267,0.0308,0.0042
5984,1000.3,328.1,94.7202,94.7244,94.6937,0.0265,0.0307,0.0042
5985,988.9,249.8,94.7223,94.7264,94.6959,0.0264,0.0305,0.0042
5986,999.4,251.7,94.7243,94.7285,94.6981,0.0262,0.0304,0.0042
5987,999.4,241.0,94.7264,94.7305,94.7004,0.0260,0.0302,0.0042
5988,1000.9,230.1,94.7284,94.7325,94.7028,0.0256,0.0298,0.0042
5989,999.4,301.4,94.7304,94.7346,94.7050,0.0254,0.0296,0.0042
5990,999.5,321.6,94.7324,94.7366,94.7073,0.0252,0.0293,0.0041
5991,1000.5,305.4,94.7345,94.7386,94.7096,0.0249,0.0290,0.0041
5992,1000.0,275.6,94.7365,94.7406,94.7120,0.0244,0.0286,0.0041
5993,999.9,235.5,94.7385,94.7426,94.7143,0.0241,0.0283,0.0041
5994,999.8,282.3,94.7404,94.7446,94.7166,0.0239,0.0280,0.0041
5995,999.9,270.0,94.7424,94.7466,94.7187,0.0238,0.0279,0.0041
5996,1000.3,267.2,94.7444,94.7485,94.7209,0.0235,0.0277,0.0041
5997,999.5,307.1,94.7464,94.7505,94.7228,0.0236,0.0277,0.0041
5998,999.2,259.9,94.7483,94.7525,94.7247,0.0236,0.0277,0.0041
5999,1001.9,364.1,94.7503,94.7544,94.7267,0.0236,0.0277,0.0041
6000,1005.6,329.9,94.7522,94.7563,94.7288,0.0235,0.0276,0.0041
6001,1013.3,359.2,94.7542,94.7583,94.7306,0.0236,0.0277,0.0041
6002,1006.6,336.8,94.7561,94.7602,94.7323,0.0238,0.0279,0.0041
6003,986.2,323.3,94.7580,94.7621,94.7341,0.0239,0.0280,0.0041
6004,998.5,315.6,94.7599,94.7640,94.7357,0.0242,0.0283,0.0041
6005,3567.6,593.1,94.7618,94.7659,94.7436,0.0183,0.0224,0.0041
6006,601.5,295.9,94.7637,94.7678,94.7436,0.0202,0.0243,0.0041
6007,300.7,264.5,94.7656,94.7697,94.7456,0.0200,0.0241,0.0041
6008,268.7,618.7,94.7675,94.7716,94.7456,0.0219,0.0260,0.0041
6009,626.9,404.5,94.7694,94.7735,94.7476,0.0218,0.0259,0.0041
6010,635.2,312.4,94.7713,94.7753,94.7476,0.0237,0.0277,0.0041
6011,999.9,315.9,94.7731,94.7772,94.7496,0.0235,0.0276,0.0041
6012,1008.6,316.1,94.7750,94.7791,94.7515,0.0235,0.0276,0.0041
6013,993.4,300.5,94.7768,94.7809,94.7533,0.0235,0.0276,0.0041
6014,997.4,300.1,94.7787,94.7827,94.7552,0.0234,0.0275,0.0041
6015,999.5,329.6,94.7805,94.7846,94.7573,0.0232,0.0273,0.0041
6016,999.2,327.4,94.7823,94.7864,94.7596,0.0228,0.0268,0.0041
6017,1011.7,2579.0,94.7842,94.7882,94.7616,0.0225,0.0266,0.0040
6018,2586.5,613.7,94.7860,94.7900,94.7682,0.0177,0.0218,0.0040
6019,620.6,301.3,94.7878,94.7918,94.7682,0.0195,0.0236,0.0040
6020,304.7,601.9,94.7896,94.7936,94.7705,0.0191,0.0231,0.0040
6021,622.4,246.3,94.7913,94.7954,94.7705,0.0209,0.0249,0.0040
6022,849.5,248.4,94.7931,94.7972,94.7727,0.0204,0.0245,0.0040
6023,996.8,312.0,94.7949,94.7989,94.7749,0.0200,0.0240,0.0040
6024,3563.1,779.0,94.7967,94.8007,94.7804,0.0163,0.0203,0.0040
6025,784.8,296.5,94.7984,94.8024,94.7804,0.0180,0.0221,0.0040
6026,298.3,401.0,94.8002,94.8042,94.7826,0.0176,0.0216,0.0040
6027,403.7,219.7,94.8019,94.8059,94.7826,0.0194,0.0234,0.0040
6028,221.6,259.8,94.8036,94.8076,94.7826,0.0211,0.0251,0.0040
6029,728.3,245.7,94.8054,94.8094,94.7848,0.0206,0.0246,0.0040
6030,1001.8,255.0,94.8071,94.8111,94.7870,0.0201,0.0241,0.0040
6031,958.8,253.7,94.8088,94.8128,94.7892,0.0196,0.0236,0.0040
6032,4574.6,658.2,94.8105,94.8145,94.7996,0.0109,0.0149,0.0040
6033,662.8,213.7,94.8122,94.8162,94.7996,0.0126,0.0166,0.0040
6034,215.0,263.0,94.8139,94.8179,94.8017,0.0122,0.0162,0.0040
6035,264.5,407.4,94.8156,94.8195,94.8017,0.0139,0.0179,0.0040
6036,410.7,223.1,94.8172,94.8212,94.8017,0.0156,0.0195,0.0040
6037,225.0,261.4,94.8189,94.8229,94.8017,0.0172,0.0212,0.0040
6038,685.6,237.8,94.8206,94.8245,94.8038,0.0167,0.0207,0.0040
6039,999.4,268.8,94.8222,94.8262,94.8057,0.0165,0.0205,0.0040
6040,1000.0,282.6,94.8239,94.8278,94.8077,0.0162,0.0201,0.0040
6041,999.4,288.3,94.8255,94.8294,94.8093,0.0162,0.0201,0.0040
6042,1000.2,282.3,94.8271,94.8311,94.8110,0.0162,0.0201,0.0040
6043,999.6,260.1,94.8287,94.8327,94.8128,0.0160,0.0199,0.0039
6044,1000.7,260.4,94.8304,94.8343,94.8146,0.0157,0.0197,0.0039
6045,1000.3,270.7,94.8320,94.8359,94.8165,0.0155,0.0194,0.0039
6046,1011.8,252.8,94.8336,94.8375,94.8183,0.0152,0.0192,0.0039
6047,994.7,251.3,94.8351,94.8391,94.8203,0.0149,0.0188,0.0039
6048,993.1,366.4,94.8367,94.8407,94.8220,0.0147,0.0186,0.0039
6049,1011.7,328.7,94.8383,94.8422,94.8238,0.0145,0.0185,0.0039
6050,1007.7,281.6,94.8399,94.8438,94.8253,0.0145,0.0184,0.0039
6051,1875.4,361.1,94.8414,94.8453,94.8286,0.0128,0.0167,0.0039
6052,367.8,301.3,94.8430,94.8469,94.8286,0.0144,0.0183,0.0039
6053,745.4,258.7,94.8445,94.8484,94.8303,0.0142,0.0181,0.0039
6054,995.4,268.0,94.8461,94.8500,94.8320,0.0140,0.0179,0.0039
6055,997.9,239.0,94.8476,94.8515,94.8338,0.0137,0.0176,0.0039
6056,999.9,240.3,94.8491,94.8530,94.8355,0.0136,0.0175,0.0039
6057,1002.5,275.8,94.8506,94.8545,94.8370,0.0136,0.0175,0.0039
6058,1006.5,293.0,94.8521,94.8560,94.8385,0.0136,0.0175,0.0039
6059,993.9,299.7,94.8536,94.8575,94.8402,0.0134,0.0173,0.0039
6060,999.6,289.0,94.8551,94.8590,94.8419,0.0132,0.0171,0.0039
6061,997.9,317.2,94.8566,94.8605,94.8435,0.0131,0.0170,0.0039
6062,999.2,294.9,94.8581,94.8619,94.8451,0.0130,0.0169,0.0039
6063,999.3,309.3,94.8595,94.8634,94.8467,0.0129,0.0167,0.0039
6064,1002.1,275.4,94.8610,94.8649,94.8482,0.0128,0.0167,0.0039
6065,1002.0,326.8,94.8624,94.8663,94.8497,0.0127,0.0166,0.0039
6066,997.9,293.5,94.8639,94.8677,94.8511,0.0128,0.0166,0.0039
6067,997.7,307.2,94.8653,94.8692,94.8526,0.0127,0.0166,0.0039
6068,1000.3,315.2,94.8667,94.8706,94.8538,0.0130,0.0168,0.0039
6069,1000.3,281.1,94.8682,94.8720,94.8549,0.0132,0.0171,0.0038
6070,998.4,302.9,94.8696,94.8734,94.8561,0.0134,0.0173,0.0038
6071,1002.6,271.9,94.8710,94.8748,94.8575,0.0135,0.0174,0.0038
6072,1001.3,254.3,94.8724,94.8762,94.8587,0.0137,0.0175,0.0038
6073,1003.6,243.9,94.8738,94.8776,94.8600,0.0138,0.0176,0.0038
6074,1002.1,283.0,94.8752,94.8790,94.8613,0.0139,0.0177,0.0038
6075,997.2,270.5,94.8765,94.8804,94.8626,0.0140,0.0178,0.0038
6076,1000.8,308.8,94.8779,94.8817,94.8637,0.0142,0.0181,0.0038
6077,1006.2,355.4,94.8793,94.8831,94.8649,0.0144,0.0182,0.0038
6078,1003.6,291.1,94.8806,94.8844,94.8661,0.0146,0.0184,0.0038
6079,995.2,288.0,94.8820,94.8858,94.8674,0.0145,0.0183,0.0038
6080,996.4,385.7,94.8833,94.8871,94.8687,0.0146,0.0184,0.0038
6081,1008.4,318.1,94.8846,94.8884,94.8701,0.0145,0.0183,0.0038
6082,990.1,301.2,94.8859,94.8897,94.8715,0.0145,0.0183,0.0038
6083,975.5,344.2,94.8873,94.8910,94.8730,0.0143,0.0181,0.0038
6084,1033.3,297.3,94.8886,94.8923,94.8743,0.0142,0.0180,0.0038
6085,997.6,287.2,94.8899,94.8936,94.8757,0.0141,0.0179,0.0038
6086,995.7,255.2,94.8911,94.8949,94.8771,0.0141,0.0179,0.0038
6087,999.6,272.6,94.8924,94.8962,94.8784,0.0140,0.0178,0.0038
6088,1001.7,249.8,94.8937,94.8975,94.8797,0.0140,0.0178,0.0038
6089,998.6,297.0,94.8950,94.8987,94.8810,0.0140,0.0177,0.0038
6090,1001.6,301.2,94.8962,94.9000,94.8824,0.0139,0.0176,0.0038
6091,999.8,315.6,94.8975,94.9012,94.8839,0.0135,0.0173,0.0038
6092,999.7,279.5,94.8987,94.9025,94.8854,0.0134,0.0171,0.0038
6093,998.6,295.2,94.9000,94.9037,94.8868,0.0131,0.0169,0.0038
6094,1002.7,282.3,94.9012,94.9049,94.8883,0.0129,0.0166,0.0038
6095,1013.8,293.2,94.9024,94.9061,94.8898,0.0126,0.0163,0.0037
6096,989.1,326.1,94.9036,94.9074,94.8912,0.0124,0.0161,0.0037
6097,999.9,282.8,94.9048,94.9086,94.8924,0.0124,0.0162,0.0037
6098,1001.0,602.2,94.9060,94.9098,94.8936,0.0124,0.0162,0.0037
6099,1004.0,315.8,94.9072,94.9109,94.8948,0.0124,0.0161,0.0037
6100,999.6,298.1,94.9084,94.9121,94.8961,0.0122,0.0160,0.0037
6101,997.9,300.8,94.9096,94.9133,94.8974,0.0122,0.0159,0.0037
6102,968.3,258.0,94.9107,94.9144,94.8987,0.0120,0.0157,0.0037
6103,1034.7,311.7,94.9119,94.9156,94.9001,0.0118,0.0155,0.0037
6104,988.8,295.2,94.9130,94.9167,94.9013,0.0118,0.0155,0.0037
6105,1002.2,266.8,94.9142,94.9179,94.9025,0.0117,0.0154,0.0037
6106,1000.2,272.7,94.9153,94.9190,94.9037,0.0116,0.0153,0.0037
6107,997.9,262.1,94.9164,94.9201,94.9050,0.0114,0.0151,0.0037
6108,1004.3,254.5,94.9176,94.9213,94.9062,0.0113,0.0150,0.0037
6109,996.3,286.5,94.9187,94.9224,94.9075,0.0112,0.0149,0.0037
6110,1003.5,287.6,94.9198,94.9235,94.9087,0.0110,0.0147,0.0037
6111,1000.6,301.5,94.9209,94.9246,94.9101,0.0108,0.0144,0.0037
6112,1002.8,325.8,94.9220,94.9256,94.9113,0.0107,0.0143,0.0037
6113,993.4,302.1,94.9230,94.9267,94.9125,0.0105,0.0142,0.0037
6114,1002.1,316.1,94.9241,94.9278,94.9136,0.0105,0.0141,0.0037
6115,999.7,335.6,94.9252,94.9288,94.9149,0.0103,0.0139,0.0037
6116,1000.1,346.4,94.9262,94.9299,94.9160,0.0102,0.0138,0.0037
6117,999.5,342.2,94.9273,94.9309,94.9172,0.0101,0.0138,0.0037
6118,997.1,374.0,94.9283,94.9320,94.9183,0.0100,0.0136,0.0037
6119,1004.0,351.5,94.9294,94.9330,94.9196,0.0097,0.0134,0.0037
6120,996.5,301.9,94.9304,94.9340,94.9209,0.0095,0.0131,0.0037
6121,994.2,307.5,94.9314,94.9350,94.9222,0.0092,0.0128,0.0036
6122,1001.5,286.1,94.9324,94.9361,94.9234,0.0090,0.0126,0.0036
6123,998.3,274.2,94.9334,94.9370,94.9247,0.0088,0.0124,0.0036
6124,1001.9,290.8,94.9344,94.9380,94.9258,0.0086,0.0122,0.0036
6125,968.8,610.1,94.9354,94.9390,94.9270,0.0084,0.0120,0.0036
6126,1031.3,293.3,94.9364,94.9400,94.9283,0.0081,0.0117,0.0036
6127,1009.4,297.2,94.9373,94.9410,94.9296,0.0078,0.0114,0.0036
6128,995.1,255.5,94.9383,94.9419,94.9306,0.0077,0.0113,0.0036
6129,999.9,269.8,94.9393,94.9429,94.9318,0.0075,0.0111,0.0036
6130,999.2,258.1,94.9402,94.9438,94.9329,0.0073,0.0109,0.0036
6131,1001.8,264.3,94.9411,94.9448,94.9340,0.0072,0.0108,0.0036
6132,1000.8,255.6,94.9421,94.9457,94.9350,0.0071,0.0107,0.0036
6133,1001.1,283.9,94.9430,94.9466,94.9360,0.0070,0.0106,0.0036
6134,997.0,261.9,94.9439,94.9475,94.9370,0.0069,0.0105,0.0036
6135,1001.5,255.9,94.9448,94.9484,94.9380,0.0068,0.0104,0.0036
6136,1009.9,312.8,94.9457,94.9493,94.9389,0.0068,0.0104,0.0036
6137,989.8,281.2,94.9466,94.9502,94.9397,0.0069,0.0105,0.0036
6138,1006.9,329.3,94.9475,94.9511,94.9404,0.0071,0.0107,0.0036
6139,996.2,350.4,94.9484,94.9520,94.9412,0.0072,0.0108,0.0036
6140,997.4,355.1,94.9493,94.9528,94.9420,0.0073,0.0108,0.0036
6141,1003.1,343.2,94.9501,94.9537,94.9428,0.0073,0.0109,0.0036
6142,999.0,287.1,94.9510,94.9545,94.9436,0.0074,0.0109,0.0036
6143,999.3,303.0,94.9518,94.9554,94.9445,0.0073,0.0109,0.0036
6144,1001.4,286.1,94.9527,94.9562,94.9453,0.0073,0.0109,0.0036
6145,998.9,273.2,94.9535,94.9570,94.9462,0.0073,0.0108,0.0036
6146,1015.4,322.6,94.9543,94.9579,94.9472,0.0071,0.0107,0.0036
6147,986.9,276.5,94.9551,94.9587,94.9481,0.0070,0.0105,0.0035
6148,989.2,265.5,94.9559,94.9595,94.9491,0.0069,0.0104,0.0035
6149,999.3,256.7,94.9567,94.9603,94.9499,0.0068,0.0104,0.0035
6150,998.8,224.4,94.9575,94.9611,94.9506,0.0069,0.0105,0.0035
6151,998.7,261.8,94.9583,94.9618,94.9513,0.0070,0.0105,0.0035
6152,1014.4,357.8,94.9591,94.9626,94.9520,0.0071,0.0106,0.0035
6153,993.8,348.1,94.9598,94.9634,94.9528,0.0071,0.0106,0.0035
6154,1003.6,294.5,94.9606,94.9641,94.9537,0.0070,0.0105,0.0035
6155,1000.3,290.1,94.9614,94.9649,94.9546,0.0067,0.0102,0.0035
6156,1005.8,260.9,94.9621,94.9656,94.9557,0.0064,0.0100,0.0035
6157,992.6,299.6,94.9628,94.9663,94.9566,0.0062,0.0097,0.0035
6158,998.6,296.6,94.9636,94.9671,94.9576,0.0059,0.0094,0.0035
6159,1002.7,322.8,94.9643,94.9678,94.9585,0.0058,0.0093,0.0035
6160,1000.2,285.2,94.9650,94.9685,94.9593,0.0057,0.0092,0.0035
6161,997.8,288.6,94.9657,94.9692,94.9600,0.0057,0.0092,0.0035
6162,1001.9,274.0,94.9664,94.9699,94.9607,0.0057,0.0092,0.0035
6163,1000.0,270.9,94.9671,94.9706,94.9613,0.0058,0.0092,0.0035
6164,999.6,289.4,94.9678,94.9713,94.9619,0.0058,0.0093,0.0035
6165,1000.8,324.3,94.9685,94.9719,94.9626,0.0059,0.0093,0.0035
6166,1003.6,346.5,94.9691,94.9726,94.9632,0.0059,0.0093,0.0035
6167,997.2,303.7,94.9698,94.9732,94.9641,0.0057,0.0092,0.0035
6168,997.4,269.6,94.9704,94.9739,94.9648,0.0056,0.0091,0.0035
6169,1001.5,633.6,94.9711,94.9745,94.9656,0.0055,0.0089,0.0035
6170,994.4,307.2,94.9717,94.9752,94.9665,0.0052,0.0087,0.0035
6171,1009.0,336.0,94.9723,94.9758,94.9676,0.0048,0.0082,0.0035
6172,1009.0,274.4,94.9729,94.9764,94.9684,0.0045,0.0080,0.0034
6173,978.3,252.8,94.9736,94.9770,94.9693,0.0043,0.0077,0.0034
6174,1003.8,274.5,94.9742,94.9776,94.9702,0.0040,0.0074,0.0034
6175,998.7,250.7,94.9748,94.9782,94.9710,0.0037,0.0072,0.0034
6176,1008.3,267.9,94.9753,94.9788,94.9719,0.0035,0.0069,0.0034
6177,998.4,266.2,94.9759,94.9794,94.9726,0.0034,0.0068,0.0034
6178,997.3,265.6,94.9765,94.9799,94.9732,0.0033,0.0067,0.0034
6179,1000.3,272.6,94.9771,94.9805,94.9739,0.0031,0.0066,0.0034
6180,1001.4,251.2,94.9776,94.9810,94.9746,0.0030,0.0065,0.0034
6181,998.9,266.4,94.9782,94.9816,94.9752,0.0030,0.0064,0.0034
6182,999.6,262.1,94.9787,94.9821,94.9758,0.0029,0.0063,0.0034
6183,1000.1,229.9,94.9792,94.9826,94.9765,0.0027,0.0061,0.0034
6184,999.6,277.4,94.9798,94.9832,94.9774,0.0023,0.0057,0.0034
6185,1000.3,259.7,94.9803,94.9837,94.9782,0.0021,0.0055,0.0034
6186,1000.7,269.2,94.9808,94.9842,94.9789,0.0019,0.0053,0.0034
6187,1000.8,261.3,94.9813,94.9847,94.9795,0.0017,0.0051,0.0034
6188,1005.2,361.8,94.9818,94.9852,94.9795,0.0022,0.0056,0.0034
6189,1003.8,334.3,94.9823,94.9856,94.9801,0.0021,0.0055,0.0034
6190,992.0,366.8,94.9827,94.9861,94.9806,0.0022,0.0055,0.0034
6191,999.5,325.1,94.9832,94.9866,94.9810,0.0022,0.0056,0.0034
6192,998.4,304.5,94.9837,94.9870,94.9815,0.0022,0.0056,0.0034
6193,1088.2,332.4,94.9841,94.9875,94.9819,0.0022,0.0056,0.0034
6194,874.0,527.0,94.9846,94.9879,94.9823,0.0023,0.0057,0.0034
6195,1031.7,313.3,94.9850,94.9884,94.9827,0.0023,0.0057,0.0034
6196,999.8,305.6,94.9854,94.9888,94.9831,0.0024,0.0057,0.0034
6197,1010.6,344.3,94.9859,94.9892,94.9835,0.0023,0.0057,0.0034
6198,1003.4,310.7,94.9863,94.9896,94.9839,0.0024,0.0057,0.0033
6199,982.8,290.4,94.9867,94.9900,94.9844,0.0023,0.0056,0.0033
6200,998.6,247.6,94.9871,94.9904,94.9848,0.0023,0.0056,0.0033
6201,1001.7,239.3,94.9875,94.9908,94.9853,0.0022,0.0055,0.0033
6202,999.5,241.0,94.9879,94.9912,94.9857,0.0022,0.0055,0.0033
6203,1001.3,323.7,94.9882,94.9916,94.9861,0.0021,0.0054,0.0033
6204,1000.8,288.3,94.9886,94.9919,94.9865,0.0021,0.0054,0.0033
6205,998.5,320.4,94.9890,94.9923,94.9870,0.0019,0.0053,0.0033
6206,999.9,251.3,94.9893,94.9926,94.9874,0.0019,0.0052,0.0033
6207,1000.4,244.7,94.9897,94.9930,94.9879,0.0018,0.0051,0.0033
6208,1000.8,315.4,94.9900,94.9933,94.9883,0.0017,0.0050,0.0033
6209,990.7,305.0,94.9903,94.9936,94.9888,0.0015,0.0048,0.0033
6210,1000.9,311.8,94.9906,94.9939,94.9892,0.0014,0.0047,0.0033
6211,1018.6,286.0,94.9909,94.9942,94.9896,0.0013,0.0046,0.0033
6212,1009.5,279.2,94.9912,94.9945,94.9900,0.0012,0.0045,0.0033
6213,992.6,332.9,94.9915,94.9948,94.9904,0.0012,0.0044,0.0033
6214,997.3,332.9,94.9918,94.9951,94.9907,0.0012,0.0045,0.0033
6215,998.5,362.9,94.9921,94.9954,94.9910,0.0011,0.0044,0.0033
6216,1000.7,377.4,94.9924,94.9957,94.9913,0.0011,0.0044,0.0033
6217,999.8,315.6,94.9926,94.9959,94.9915,0.0011,0.0044,0.0033
6218,1011.5,360.0,94.9929,94.9962,94.9918,0.0011,0.0044,0.0033
6219,1011.0,319.1,94.9932,94.9964,94.9922,0.0010,0.0042,0.0033
6220,982.2,347.4,94.9934,94.9967,94.9925,0.0009,0.0041,0.0033
6221,997.1,285.4,94.9936,94.9969,94.9928,0.0008,0.0040,0.0033
6222,999.0,323.7,94.9939,94.9971,94.9932,0.0007,0.0039,0.0033
6223,1000.6,320.4,94.9941,94.9973,94.9935,0.0006,0.0038,0.0032
6224,1004.0,319.3,94.9943,94.9975,94.9938,0.0005,0.0037,0.0032
6225,997.5,322.7,94.9945,94.9977,94.9941,0.0004,0.0036,0.0032
6226,999.2,346.3,94.9947,94.9979,94.9943,0.0004,0.0036,0.0032
6227,1010.0,254.0,94.9949,94.9981,94.9945,0.0004,0.0036,0.0032
6228,983.7,281.6,94.9950,94.9983,94.9947,0.0003,0.0036,0.0032
6229,1008.8,308.0,94.9952,94.9984,94.9949,0.0003,0.0036,0.0032
6230,998.0,289.7,94.9954,94.9986,94.9951,0.0003,0.0035,0.0032
6231,1007.2,289.0,94.9955,94.9987,94.9953,0.0002,0.0034,0.0032
6232,971.4,338.1,94.9957,94.9989,94.9956,0.0001,0.0033,0.0032
6233,1030.3,324.9,94.9958,94.9990,94.9958,-0.0000,0.0032,0.0032
6234,989.0,283.3,94.9959,94.9991,94.9961,-0.0002,0.0030,0.0032
6235,1009.7,304.2,94.9961,94.9993,94.9964,-0.0004,0.0028,0.0032
6236,988.9,302.7,94.9962,94.9994,94.9967,-0.0005,0.0027,0.0032
6237,999.0,284.3,94.9963,94.9995,94.9970,-0.0008,0.0024,0.0032
6238,1000.1,272.8,94.9964,94.9996,94.9973,-0.0009,0.0023,0.0032
6239,1000.0,303.1,94.9965,94.9997,94.9976,-0.0012,0.0020,0.0032
6240,1002.5,320.9,94.9966,94.9997,94.9979,-0.0014,0.0018,0.0032
6241,1001.4,320.8,94.9966,94.9998,94.9981,-0.0015,0.0017,0.0032
6242,998.3,270.9,94.9967,94.9999,94.9984,-0.0017,0.0015,0.0032
6243,1001.0,281.0,94.9968,94.9999,94.9986,-0.0019,0.0013,0.0032
6244,998.1,282.0,94.9968,95.0000,94.9988,-0.0020,0.0011,0.0032
6245,1000.7,311.3,94.9968,95.0000,94.9990,-0.0022,0.0010,0.0032
6246,1013.8,349.9,94.9969,95.0000,94.9992,-0.0023,0.0008,0.0032
6247,991.4,283.2,94.9969,95.0001,94.9993,-0.0024,0.0007,0.0032
6248,1009.9,314.6,94.9969,95.0001,94.9995,-0.0026,0.0006,0.0031
6249,986.6,276.7,94.9969,95.0001,94.9997,-0.0027,0.0004,0.0031
6250,1054.2,393.3,94.9969,95.0001,94.9998,-0.0029,0.0003,0.0031
6251,1297.0,398.7,94.9969,95.0001,95.0000,-0.0031,0.0000,0.0031
6252,648.1,309.0,94.9969,95.0001,95.0003,-0.0033,-0.0002,0.0031
6253,1011.1,332.8,94.9969,95.0000,95.0005,-0.0036,-0.0004,0.0031
6254,991.0,352.7,94.9969,95.0000,95.0007,-0.0038,-0.0007,0.0031
6255,995.9,289.1,94.9968,95.0000,95.0010,-0.0041,-0.0010,0.0031
6256,999.6,284.1,94.9968,94.9999,95.0011,-0.0043,-0.0012,0.0031
6257,999.7,316.6,94.9968,94.9999,95.0013,-0.0045,-0.0014,0.0031
6258,1009.0,329.0,94.9967,94.9998,95.0014,-0.0047,-0.0016,0.0031
6259,991.3,329.4,94.9966,94.9997,95.0015,-0.0049,-0.0018,0.0031
6260,998.6,289.7,94.9966,94.9997,95.0016,-0.0051,-0.0020,0.0031
6261,1001.2,301.3,94.9965,94.9996,95.0016,-0.0051,-0.0020,0.0031
6262,997.9,300.7,94.9964,94.9995,95.0016,-0.0052,-0.0021,0.0031
6263,1000.9,260.3,94.9963,94.9994,95.0017,-0.0054,-0.0023,0.0031
6264,1000.0,314.7,94.9962,94.9993,95.0017,-0.0055,-0.0024,0.0031
6265,1000.2,311.5,94.9961,94.9991,95.0017,-0.0056,-0.0025,0.0031
6266,999.0,309.4,94.9959,94.9990,95.0017,-0.0058,-0.0027,0.0031
6267,1001.4,313.9,94.9958,94.9989,95.0018,-0.0060,-0.0029,0.0031
6268,1000.8,290.3,94.9957,94.9987,95.0018,-0.0062,-0.0031,0.0031
6269,999.6,334.3,94.9955,94.9986,95.0019,-0.0064,-0.0033,0.0031
6270,1029.2,392.9,94.9954,94.9984,95.0019,-0.0066,-0.0035,0.0031
6271,974.8,314.4,94.9952,94.9983,95.0020,-0.0068,-0.0037,0.0031
6272,1002.3,354.6,94.9950,94.9981,95.0021,-0.0070,-0.0040,0.0031
6273,994.6,301.4,94.9949,94.9979,95.0021,-0.0072,-0.0041,0.0031
6274,1000.2,581.8,94.9947,94.9977,95.0021,-0.0074,-0.0043,0.0030
6275,1008.4,345.7,94.9945,94.9975,95.0021,-0.0076,-0.0045,0.0030
6276,996.5,351.7,94.9943,94.9973,95.0021,-0.0078,-0.0047,0.0030
6277,1000.3,384.8,94.9941,94.9971,95.0021,-0.0080,-0.0049,0.0030
6278,997.9,360.3,94.9939,94.9969,95.0021,-0.0082,-0.0052,0.0030
6279,1010.9,342.7,94.9936,94.9967,95.0021,-0.0084,-0.0054,0.0030
6280,988.4,297.9,94.9934,94.9964,95.0021,-0.0087,-0.0056,0.0030
6281,997.7,314.4,94.9932,94.9962,95.0021,-0.0089,-0.0059,0.0030
6282,1000.0,337.6,94.9929,94.9959,95.0021,-0.0091,-0.0061,0.0030
6283,1003.9,330.2,94.9926,94.9957,95.0021,-0.0094,-0.0064,0.0030
6284,1000.5,297.2,94.9924,94.9954,95.0021,-0.0097,-0.0067,0.0030
6285,1022.4,306.1,94.9921,94.9951,95.0021,-0.0099,-0.0069,0.0030
6286,980.7,322.6,94.9918,94.9948,95.0020,-0.0102,-0.0072,0.0030
6287,979.7,341.9,94.9915,94.9945,95.0020,-0.0105,-0.0075,0.0030
6288,1024.1,325.8,94.9912,94.9942,95.0020,-0.0108,-0.0078,0.0030
6289,990.9,353.5,94.9909,94.9939,95.0020,-0.0111,-0.0081,0.0030
6290,1017.0,371.8,94.9906,94.9936,95.0019,-0.0113,-0.0083,0.0030
6291,990.1,320.4,94.9903,94.9933,95.0019,-0.0116,-0.0087,0.0030
6292,1002.0,260.6,94.9900,94.9930,95.0019,-0.0120,-0.0090,0.0030
6293,1012.9,349.8,94.9897,94.9926,95.0019,-0.0122,-0.0093,0.0030
6294,967.6,271.8,94.9893,94.9923,95.0019,-0.0126,-0.0096,0.0030
6295,999.0,228.2,94.9890,94.9919,95.0018,-0.0129,-0.0099,0.0030
6296,999.5,242.9,94.9886,94.9916,95.0018,-0.0132,-0.0103,0.0030
6297,998.6,235.9,94.9882,94.9912,95.0018,-0.0135,-0.0106,0.0030
6298,999.6,221.4,94.9879,94.9908,95.0017,-0.0139,-0.0109,0.0030
6299,1000.5,245.4,94.9875,94.9904,95.0017,-0.0143,-0.0113,0.0029
6300,1000.0,238.0,94.9871,94.9900,95.0017,-0.0146,-0.0116,0.0029
6301,1008.2,312.3,94.9867,94.9896,95.0016,-0.0149,-0.0120,0.0029
6302,1001.7,289.0,94.9863,94.9892,95.0016,-0.0153,-0.0124,0.0029
6303,1000.2,284.9,94.9859,94.9888,95.0015,-0.0156,-0.0127,0.0029
6304,995.3,240.5,94.9854,94.9884,95.0014,-0.0160,-0.0131,0.0029
6305,998.7,314.6,94.9850,94.9879,95.0014,-0.0164,-0.0135,0.0029
6306,1003.2,278.3,94.9846,94.9875,95.0013,-0.0168,-0.0138,0.0029
6307,997.1,262.8,94.9841,94.9870,95.0012,-0.0171,-0.0142,0.0029
6308,998.0,255.0,94.9837,94.9866,95.0011,-0.0175,-0.0145,0.0029
6309,1000.5,250.8,94.9832,94.9861,95.0011,-0.0179,-0.0149,0.0029
6310,1003.9,298.6,94.9827,94.9856,95.0010,-0.0183,-0.0154,0.0029
6311,1015.6,354.8,94.9823,94.9852,95.0009,-0.0186,-0.0157,0.0029
6312,997.9,344.1,94.9818,94.9847,95.0009,-0.0191,-0.0162,0.0029
6313,988.7,279.4,94.9813,94.9842,95.0007,-0.0195,-0.0166,0.0029
6314,1008.8,298.0,94.9808,94.9837,95.0006,-0.0198,-0.0170,0.0029
6315,1003.8,337.3,94.9803,94.9832,95.0005,-0.0202,-0.0174,0.0029
6316,993.5,332.6,94.9798,94.9826,95.0004,-0.0207,-0.0178,0.0029
6317,998.7,277.1,94.9792,94.9821,95.0003,-0.0211,-0.0182,0.0029
6318,999.4,268.9,94.9787,94.9816,95.0002,-0.0215,-0.0186,0.0029
6319,999.3,308.0,94.9782,94.9810,95.0001,-0.0219,-0.0191,0.0029
6320,997.8,281.4,94.9776,94.9805,95.0000,-0.0224,-0.0195,0.0029
6321,1003.2,321.0,94.9771,94.9799,94.9999,-0.0228,-0.0199,0.0029
6322,998.3,316.1,94.9765,94.9794,94.9997,-0.0232,-0.0204,0.0029
6323,998.6,333.4,94.9759,94.9788,94.9996,-0.0237,-0.0208,0.0029
6324,1001.5,340.8,94.9753,94.9782,94.9994,-0.0240,-0.0212,0.0028
6325,1005.7,315.5,94.9748,94.9776,94.9992,-0.0245,-0.0216,0.0028
6326,992.6,332.0,94.9742,94.9770,94.9991,-0.0249,-0.0220,0.0028
6327,1002.5,324.2,94.9736,94.9764,94.9988,-0.0253,-0.0224,0.0028
6328,1001.3,438.4,94.9729,94.9758,94.9986,-0.0256,-0.0228,0.0028
6329,994.8,306.2,94.9723,94.9752,94.9983,-0.0260,-0.0232,0.0028
6330,999.2,257.5,94.9717,94.9745,94.9980,-0.0263,-0.0235,0.0028
6331,995.9,253.8,94.9711,94.9739,94.9977,-0.0266,-0.0238,0.0028
6332,1021.9,278.6,94.9704,94.9732,94.9973,-0.0268,-0.0240,0.0028
6333,978.1,261.7,94.9698,94.9726,94.9967,-0.0269,-0.0241,0.0028
6334,1005.2,319.2,94.9691,94.9719,94.9961,-0.0270,-0.0242,0.0028
6335,993.4,250.9,94.9685,94.9713,94.9953,-0.0269,-0.0241,0.0028
6336,1002.9,261.8,94.9678,94.9706,94.9944,-0.0266,-0.0238,0.0028
6337,996.6,307.2,94.9671,94.9699,94.9932,-0.0261,-0.0233,0.0028
6338,1652.7,587.5,94.9664,94.9692,94.9918,-0.0253,-0.0226,0.0028
6339,591.8,380.0,94.9657,94.9685,94.9918,-0.0260,-0.0233,0.0028
6340,755.5,286.6,94.9650,94.9678,94.9913,-0.0263,-0.0235,0.0028
6341,1000.4,358.1,94.9643,94.9671,94.9910,-0.0267,-0.0239,0.0028
6342,1027.9,400.1,94.9636,94.9663,94.9907,-0.0271,-0.0244,0.0028
6343,972.9,271.6,94.9628,94.9656,94.9904,-0.0276,-0.0248,0.0028
6344,999.5,286.3,94.9621,94.9649,94.9901,-0.0280,-0.0252,0.0028
6345,1010.6,262.1,94.9614,94.9641,94.9896,-0.0282,-0.0254,0.0028
6346,1006.2,311.8,94.9606,94.9634,94.9890,-0.0284,-0.0257,0.0028
6347,996.9,292.2,94.9598,94.9626,94.9884,-0.0286,-0.0258,0.0028
6348,995.9,290.5,94.9591,94.9618,94.9878,-0.0287,-0.0259,0.0028
6349,999.8,331.2,94.9583,94.9611,94.9871,-0.0288,-0.0260,0.0028
6350,1001.7,309.6,94.9575,94.9603,94.9865,-0.0289,-0.0262,0.0027
6351,996.4,289.9,94.9567,94.9595,94.9859,-0.0292,-0.0264,0.0027
6352,1004.3,310.2,94.9559,94.9587,94.9854,-0.0294,-0.0267,0.0027
6353,1107.2,330.6,94.9551,94.9579,94.9848,-0.0296,-0.0269,0.0027
6354,898.7,286.6,94.9543,94.9570,94.9848,-0.0305,-0.0277,0.0027
6355,992.2,277.5,94.9535,94.9562,94.9842,-0.0307,-0.0280,0.0027
6356,1002.3,297.1,94.9527,94.9554,94.9835,-0.0309,-0.0281,0.0027
6357,1019.3,372.8,94.9518,94.9545,94.9828,-0.0310,-0.0283,0.0027
6358,989.8,326.8,94.9510,94.9537,94.9820,-0.0311,-0.0284,0.0027
6359,992.2,322.5,94.9501,94.9528,94.9813,-0.0312,-0.0285,0.0027
6360,997.0,351.7,94.9493,94.9520,94.9804,-0.0312,-0.0285,0.0027
6361,1001.2,305.6,94.9484,94.9511,94.9797,-0.0313,-0.0286,0.0027
6362,996.3,290.3,94.9475,94.9502,94.9790,-0.0315,-0.0288,0.0027
6363,999.4,246.6,94.9466,94.9493,94.9785,-0.0319,-0.0292,0.0027
6364,1001.4,346.7,94.9457,94.9484,94.9779,-0.0322,-0.0295,0.0027
6365,999.7,360.1,94.9448,94.9475,94.9773,-0.0325,-0.0298,0.0027
6366,997.9,385.4,94.9439,94.9466,94.9766,-0.0327,-0.0300,0.0027
6367,1006.7,319.2,94.9430,94.9457,94.9758,-0.0328,-0.0302,0.0027
6368,996.4,279.0,94.9421,94.9448,94.9750,-0.0329,-0.0302,0.0027
6369,1000.7,329.3,94.9411,94.9438,94.9740,-0.0329,-0.0302,0.0027
6370,999.7,296.2,94.9402,94.9429,94.9731,-0.0328,-0.0302,0.0027
6371,997.7,302.9,94.9393,94.9419,94.9721,-0.0328,-0.0302,0.0027
6372,1007.7,286.4,94.9383,94.9410,94.9710,-0.0327,-0.0301,0.0027
6373,1158.8,355.0,94.9373,94.9400,94.9701,-0.0328,-0.0301,0.0027
6374,844.5,306.5,94.9364,94.9390,94.9692,-0.0328,-0.0302,0.0027
6375,997.1,1707.0,94.9354,94.9380,94.9683,-0.0329,-0.0303,0.0026
6376,1718.8,490.6,94.9344,94.9370,94.9664,-0.0320,-0.0293,0.0026
6377,499.2,301.1,94.9334,94.9361,94.9664,-0.0329,-0.0303,0.0026
6378,778.4,315.4,94.9324,94.9350,94.9653,-0.0329,-0.0303,0.0026
6379,1010.2,339.9,94.9314,94.9340,94.9643,-0.0329,-0.0302,0.0026
6380,989.5,295.8,94.9304,94.9330,94.9629,-0.0325,-0.0299,0.0026
6381,1000.7,327.7,94.9294,94.9320,94.9617,-0.0323,-0.0297,0.0026
6382,1013.3,517.0,94.9283,94.9309,94.9604,-0.0321,-0.0295,0.0026
6383,1001.9,286.3,94.9273,94.9299,94.9592,-0.0319,-0.0293,0.0026
6384,980.4,296.8,94.9262,94.9288,94.9580,-0.0318,-0.0292,0.0026
6385,1001.6,323.7,94.9252,94.9278,94.9570,-0.0318,-0.0292,0.0026
6386,1000.1,305.5,94.9241,94.9267,94.9559,-0.0318,-0.0292,0.0026
6387,1004.8,655.9,94.9230,94.9256,94.9549,-0.0319,-0.0293,0.0026
6388,996.1,323.4,94.9220,94.9246,94.9539,-0.0320,-0.0294,0.0026
6389,1000.0,288.3,94.9209,94.9235,94.9529,-0.0321,-0.0295,0.0026
6390,996.6,353.5,94.9198,94.9224,94.9519,-0.0321,-0.0295,0.0026
6391,1001.2,354.9,94.9187,94.9213,94.9508,-0.0321,-0.0295,0.0026
6392,994.9,282.0,94.9176,94.9201,94.9495,-0.0319,-0.0293,0.0026
6393,1000.7,252.2,94.9164,94.9190,94.9481,-0.0317,-0.0291,0.0026
6394,1001.7,266.4,94.9153,94.9179,94.9471,-0.0318,-0.0292,0.0026
6395,999.9,442.0,94.9142,94.9167,94.9460,-0.0318,-0.0293,0.0026
6396,1000.3,290.7,94.9130,94.9156,94.9449,-0.0318,-0.0293,0.0026
6397,998.9,435.0,94.9119,94.9144,94.9439,-0.0320,-0.0294,0.0026
6398,1000.0,387.7,94.9107,94.9133,94.9429,-0.0321,-0.0296,0.0026
6399,1015.6,356.7,94.9096,94.9121,94.9416,-0.0320,-0.0295,0.0026
6400,996.7,344.5,94.9084,94.9109,94.9404,-0.0320,-0.0295,0.0026
6401,1272.8,409.5,94.9072,94.9098,94.9392,-0.0320,-0.0295,0.0025
6402,723.2,283.6,94.9060,94.9086,94.9380,-0.0319,-0.0294,0.0025
6403,1002.5,268.4,94.9048,94.9074,94.9368,-0.0319,-0.0294,0.0025
6404,994.8,276.9,94.9036,94.9061,94.9357,-0.0321,-0.0296,0.0025
6405,996.9,344.6,94.9024,94.9049,94.9347,-0.0323,-0.0298,0.0025
6406,1004.9,285.1,94.9012,94.9037,94.9338,-0.0326,-0.0300,0.0025
6407,999.2,313.2,94.9000,94.9025,94.9328,-0.0328,-0.0303,0.0025
6408,993.4,344.6,94.8987,94.9012,94.9318,-0.0331,-0.0306,0.0025
6409,1003.7,344.8,94.8975,94.9000,94.9308,-0.0333,-0.0308,0.0025
6410,1002.2,620.1,94.8962,94.8987,94.9297,-0.0335,-0.0310,0.0025
6411,1016.7,310.5,94.8950,94.8975,94.9286,-0.0336,-0.0311,0.0025
6412,980.0,306.8,94.8937,94.8962,94.9273,-0.0336,-0.0311,0.0025
6413,1000.6,315.3,94.8924,94.8949,94.9262,-0.0338,-0.0313,0.0025
6414,1029.0,340.7,94.8911,94.8936,94.9251,-0.0340,-0.0315,0.0025
6415,973.8,312.3,94.8899,94.8923,94.9240,-0.0342,-0.0317,0.0025
6416,998.8,331.0,94.8886,94.8910,94.9227,-0.0342,-0.0317,0.0025
6417,998.9,310.8,94.8873,94.8897,94.9215,-0.0342,-0.0318,0.0025
6418,1000.6,351.7,94.8859,94.8884,94.9202,-0.0342,-0.0318,0.0025
6419,999.1,316.5,94.8846,94.8871,94.9189,-0.0343,-0.0318,0.0025
6420,1000.8,331.9,94.8833,94.8858,94.9174,-0.0341,-0.0316,0.0025
6421,999.8,310.1,94.8820,94.8844,94.9161,-0.0341,-0.0317,0.0025
6422,998.9,274.0,94.8806,94.8831,94.9147,-0.0341,-0.0317,0.0025
6423,1009.8,320.0,94.8793,94.8817,94.9132,-0.0340,-0.0315,0.0025
6424,991.2,332.9,94.8779,94.8804,94.9116,-0.0337,-0.0312,0.0025
6425,1000.5,303.7,94.8765,94.8790,94.9101,-0.0336,-0.0311,0.0025
6426,998.6,283.2,94.8752,94.8776,94.9087,-0.0336,-0.0311,0.0025
6427,1000.5,315.1,94.8738,94.8762,94.9073,-0.0335,-0.0310,0.0024
6428,998.0,282.6,94.8724,94.8748,94.9058,-0.0334,-0.0310,0.0024
6429,1001.1,302.3,94.8710,94.8734,94.9044,-0.0334,-0.0310,0.0024
6430,1041.5,372.4,94.8696,94.8720,94.9030,-0.0334,-0.0310,0.0024
6431,964.6,364.8,94.8682,94.8706,94.9016,-0.0335,-0.0310,0.0024
6432,995.3,292.9,94.8667,94.8692,94.9001,-0.0334,-0.0309,0.0024
6433,1001.5,708.2,94.8653,94.8677,94.8987,-0.0334,-0.0310,0.0024
6434,1001.1,280.5,94.8639,94.8663,94.8973,-0.0334,-0.0310,0.0024
6435,1008.2,337.3,94.8624,94.8649,94.8958,-0.0334,-0.0310,0.0024
6436,988.9,298.1,94.8610,94.8634,94.8944,-0.0334,-0.0310,0.0024
6437,1016.3,305.4,94.8595,94.8619,94.8930,-0.0335,-0.0311,0.0024
6438,985.5,300.2,94.8581,94.8605,94.8916,-0.0336,-0.0312,0.0024
6439,1001.2,274.8,94.8566,94.8590,94.8902,-0.0336,-0.0312,0.0024
6440,997.3,288.0,94.8551,94.8575,94.8887,-0.0336,-0.0312,0.0024
6441,999.3,321.2,94.8536,94.8560,94.8873,-0.0336,-0.0312,0.0024
6442,1000.3,268.0,94.8521,94.8545,94.8859,-0.0338,-0.0314,0.0024
6443,999.8,287.6,94.8506,94.8530,94.8845,-0.0339,-0.0315,0.0024
6444,1000.0,252.7,94.8491,94.8515,94.8832,-0.0341,-0.0317,0.0024
6445,1000.4,254.0,94.8476,94.8500,94.8817,-0.0341,-0.0317,0.0024
6446,999.5,268.0,94.8461,94.8484,94.8802,-0.0342,-0.0318,0.0024
6447,999.5,264.4,94.8445,94.8469,94.8787,-0.0341,-0.0318,0.0024
6448,998.0,253.9,94.8430,94.8453,94.8771,-0.0341,-0.0317,0.0024
6449,1004.4,333.3,94.8414,94.8438,94.8753,-0.0339,-0.0315,0.0024
6450,1002.5,320.2,94.8399,94.8422,94.8737,-0.0338,-0.0315,0.0024
6451,996.3,289.3,94.8383,94.8407,94.8722,-0.0339,-0.0315,0.0024
6452,1000.0,289.8,94.8367,94.8391,94.8707,-0.0340,-0.0316,0.0024
6453,1005.6,512.3,94.8351,94.8375,94.8693,-0.0341,-0.0318,0.0023
6454,1000.2,299.3,94.8336,94.8359,94.8676,-0.0341,-0.0317,0.0023
6455,1036.9,271.1,94.8320,94.8343,94.8662,-0.0342,-0.0319,0.0023
6456,959.3,282.3,94.8304,94.8327,94.8646,-0.0343,-0.0320,0.0023
6457,998.6,243.4,94.8287,94.8311,94.8630,-0.0343,-0.0319,0.0023
6458,999.6,321.6,94.8271,94.8294,94.8614,-0.0343,-0.0319,0.0023
6459,1021.2,372.7,94.8255,94.8278,94.8597,-0.0342,-0.0319,0.0023
6460,987.7,293.1,94.8239,94.8262,94.8582,-0.0343,-0.0320,0.0023
6461,966.6,283.0,94.8222,94.8245,94.8566,-0.0344,-0.0321,0.0023
6462,1033.1,311.4,94.8206,94.8229,94.8553,-0.0347,-0.0324,0.0023
6463,994.1,329.8,94.8189,94.8212,94.8539,-0.0349,-0.0326,0.0023
6464,996.6,320.0,94.8172,94.8195,94.8524,-0.0352,-0.0329,0.0023
6465,999.5,329.1,94.8156,94.8179,94.8510,-0.0354,-0.0331,0.0023
6466,999.8,280.3,94.8139,94.8162,94.8495,-0.0356,-0.0333,0.0023
6467,1000.5,272.0,94.8122,94.8145,94.8481,-0.0359,-0.0336,0.0023
6468,1000.9,257.8,94.8105,94.8128,94.8467,-0.0362,-0.0339,0.0023
6469,999.6,254.0,94.8088,94.8111,94.8455,-0.0367,-0.0344,0.0023
6470,997.4,249.7,94.8071,94.8094,94.8441,-0.0371,-0.0348,0.0023
6471,1000.0,270.1,94.8054,94.8076,94.8428,-0.0374,-0.0351,0.0023
6472,1004.7,304.3,94.8036,94.8059,94.8414,-0.0378,-0.0355,0.0023
6473,1003.1,285.6,94.8019,94.8042,94.8400,-0.0380,-0.0358,0.0023
6474,1022.9,263.9,94.8002,94.8024,94.8384,-0.0382,-0.0359,0.0023
6475,987.9,356.9,94.7984,94.8007,94.8368,-0.0384,-0.0362,0.0023
6476,983.5,305.6,94.7967,94.7989,94.8354,-0.0387,-0.0365,0.0023
6477,999.7,271.0,94.7949,94.7972,94.8337,-0.0388,-0.0365,0.0023
6478,1000.7,288.8,94.7931,94.7954,94.8320,-0.0389,-0.0366,0.0023
6479,1003.9,314.9,94.7913,94.7936,94.8303,-0.0389,-0.0367,0.0022
6480,997.9,305.6,94.7896,94.7918,94.8286,-0.0391,-0.0368,0.0022
6481,997.4,271.1,94.7878,94.7900,94.8270,-0.0393,-0.0370,0.0022
6482,1000.4,290.0,94.7860,94.7882,94.8254,-0.0394,-0.0372,0.0022
6483,1000.8,281.0,94.7842,94.7864,94.8237,-0.0396,-0.0373,0.0022
6484,998.9,277.4,94.7823,94.7846,94.8217,-0.0394,-0.0372,0.0022
6485,1002.1,302.8,94.7805,94.7827,94.8198,-0.0393,-0.0371,0.0022
6486,998.5,282.9,94.7787,94.7809,94.8180,-0.0394,-0.0371,0.0022
6487,999.4,283.1,94.7768,94.7791,94.8162,-0.0393,-0.0371,0.0022
6488,999.8,305.0,94.7750,94.7772,94.8145,-0.0395,-0.0373,0.0022
6489,1000.6,324.0,94.7731,94.7753,94.8128,-0.0397,-0.0375,0.0022
6490,1000.0,297.7,94.7713,94.7735,94.8111,-0.0398,-0.0376,0.0022
6491,999.9,336.7,94.7694,94.7716,94.8093,-0.0399,-0.0377,0.0022
6492,998.4,285.0,94.7675,94.7697,94.8074,-0.0398,-0.0376,0.0022
6493,1016.2,289.3,94.7656,94.7678,94.8055,-0.0399,-0.0377,0.0022
6494,993.3,312.8,94.7637,94.7659,94.8038,-0.0400,-0.0378,0.0022
6495,991.9,267.3,94.7618,94.7640,94.8019,-0.0401,-0.0379,0.0022
6496,999.4,279.0,94.7599,94.7621,94.8003,-0.0404,-0.0382,0.0022
6497,1007.1,307.2,94.7580,94.7602,94.7985,-0.0405,-0.0383,0.0022
6498,1003.9,561.1,94.7561,94.7583,94.7967,-0.0406,-0.0385,0.0022
6499,1002.1,359.0,94.7542,94.7563,94.7945,-0.0404,-0.0382,0.0022
6500,992.4,279.9,94.7522,94.7544,94.7925,-0.0403,-0.0381,0.0022
6501,1007.1,403.8,94.7503,94.7525,94.7905,-0.0402,-0.0380,0.0022
6502,994.3,287.1,94.7483,94.7505,94.7884,-0.0401,-0.0379,0.0022
6503,999.4,276.1,94.7464,94.7485,94.7863,-0.0399,-0.0377,0.0022
6504,995.3,254.9,94.7444,94.7466,94.7842,-0.0398,-0.0376,0.0022
6505,1001.1,274.9,94.7424,94.7446,94.7822,-0.0397,-0.0376,0.0022
6506,998.6,263.4,94.7404,94.7426,94.7802,-0.0397,-0.0376,0.0021
6507,999.7,274.2,94.7385,94.7406,94.7780,-0.0395,-0.0374,0.0021
6508,999.9,288.3,94.7365,94.7386,94.7759,-0.0395,-0.0373,0.0021
6509,999.7,261.7,94.7345,94.7366,94.7737,-0.0392,-0.0371,0.0021
6510,1000.5,252.2,94.7324,94.7346,94.7715,-0.0391,-0.0370,0.0021
6511,999.6,252.2,94.7304,94.7325,94.7689,-0.0385,-0.0363,0.0021
6512,1002.3,338.3,94.7284,94.7305,94.7667,-0.0383,-0.0362,0.0021
6513,1000.8,281.6,94.7264,94.7285,94.7647,-0.0384,-0.0363,0.0021
6514,996.8,296.3,94.7243,94.7264,94.7626,-0.0383,-0.0362,0.0021
6515,999.6,297.3,94.7223,94.7244,94.7606,-0.0383,-0.0362,0.0021
6516,1001.9,294.6,94.7202,94.7223,94.7586,-0.0384,-0.0363,0.0021
6517,1003.5,305.1,94.7181,94.7202,94.7564,-0.0383,-0.0361,0.0021
6518,998.6,301.0,94.7161,94.7182,94.7542,-0.0381,-0.0360,0.0021
6519,996.4,260.5,94.7140,94.7161,94.7519,-0.0379,-0.0358,0.0021
6520,999.8,287.3,94.7119,94.7140,94.7497,-0.0378,-0.0358,0.0021
6521,1004.0,309.7,94.7098,94.7119,94.7477,-0.0379,-0.0358,0.0021
6522,1002.1,304.1,94.7077,94.7098,94.7455,-0.0378,-0.0357,0.0021
6523,997.4,289.4,94.7056,94.7077,94.7430,-0.0374,-0.0354,0.0021
6524,1031.4,548.0,94.7035,94.7056,94.7409,-0.0374,-0.0353,0.0021
6525,966.7,250.5,94.7014,94.7034,94.7387,-0.0373,-0.0352,0.0021
6526,1007.6,284.3,94.6992,94.7013,94.7366,-0.0374,-0.0353,0.0021
6527,1007.1,341.7,94.6971,94.6991,94.7366,-0.0395,-0.0375,0.0021
6528,994.0,308.9,94.6949,94.6970,94.7343,-0.0394,-0.0373,0.0021
6529,999.8,305.4,94.6928,94.6948,94.7321,-0.0394,-0.0373,0.0021
6530,992.5,279.7,94.6906,94.6927,94.7300,-0.0393,-0.0373,0.0021
6531,999.2,264.9,94.6884,94.6905,94.7277,-0.0392,-0.0372,0.0021
6532,999.7,328.6,94.6863,94.6883,94.7256,-0.0393,-0.0373,0.0021
6533,999.4,272.0,94.6841,94.6861,94.7236,-0.0396,-0.0375,0.0020
6534,999.4,336.6,94.6819,94.6839,94.7216,-0.0397,-0.0377,0.0020
6535,997.8,344.4,94.6797,94.6817,94.7196,-0.0399,-0.0379,0.0020
6536,1005.1,354.6,94.6775,94.6795,94.7177,-0.0402,-0.0382,0.0020
6537,996.2,316.4,94.6753,94.6773,94.7158,-0.0405,-0.0385,0.0020
6538,1000.3,275.4,94.6731,94.6751,94.7138,-0.0407,-0.0387,0.0020
6539,999.0,346.0,94.6708,94.6729,94.7120,-0.0411,-0.0391,0.0020
6540,1001.3,662.4,94.6686,94.6706,94.7102,-0.0416,-0.0396,0.0020
6541,999.5,400.7,94.6663,94.6684,94.7084,-0.0421,-0.0401,0.0020
6542,1005.4,333.0,94.6641,94.6661,94.7065,-0.0424,-0.0404,0.0020
6543,997.4,444.0,94.6618,94.6639,94.7045,-0.0427,-0.0407,0.0020
6544,1013.5,341.3,94.6596,94.6616,94.7025,-0.0429,-0.0409,0.0020
6545,993.6,278.1,94.6573,94.6593,94.7003,-0.0430,-0.0410,0.0020
6546,1004.9,304.2,94.6550,94.6570,94.6979,-0.0429,-0.0409,0.0020
6547,988.2,278.2,94.6527,94.6547,94.6957,-0.0430,-0.0410,0.0020
6548,998.3,257.5,94.6504,94.6524,94.6935,-0.0431,-0.0411,0.0020
6549,1006.1,298.7,94.6481,94.6501,94.6913,-0.0432,-0.0412,0.0020
6550,998.4,288.8,94.6458,94.6478,94.6890,-0.0431,-0.0412,0.0020
6551,995.5,263.7,94.6435,94.6455,94.6866,-0.0431,-0.0411,0.0020
6552,1000.1,237.8,94.6412,94.6432,94.6844,-0.0433,-0.0413,0.0020
6553,999.6,248.3,94.6389,94.6408,94.6823,-0.0434,-0.0414,0.0020
6554,1000.2,269.1,94.6365,94.6385,94.6800,-0.0435,-0.0415,0.0020
6555,999.3,258.7,94.6342,94.6361,94.6779,-0.0437,-0.0418,0.0020
6556,998.2,298.5,94.6318,94.6338,94.6757,-0.0439,-0.0419,0.0020
6557,999.3,269.6,94.6295,94.6314,94.6735,-0.0440,-0.0421,0.0020
6558,1001.9,270.6,94.6271,94.6290,94.6711,-0.0440,-0.0420,0.0020
6559,1012.6,329.0,94.6247,94.6267,94.6689,-0.0441,-0.0422,0.0020
6560,1286.6,360.1,94.6223,94.6243,94.6667,-0.0444,-0.0425,0.0019
6561,725.2,303.1,94.6199,94.6219,94.6647,-0.0447,-0.0428,0.0019
6562,976.0,295.6,94.6175,94.6195,94.6624,-0.0448,-0.0429,0.0019
6563,998.5,271.6,94.6151,94.6171,94.6603,-0.0452,-0.0432,0.0019
6564,1026.4,359.1,94.6127,94.6147,94.6581,-0.0454,-0.0435,0.0019
6565,991.4,371.8,94.6103,94.6122,94.6559,-0.0456,-0.0436,0.0019
6566,991.0,334.0,94.6079,94.6098,94.6534,-0.0455,-0.0436,0.0019
6567,1003.1,325.7,94.6055,94.6074,94.6510,-0.0455,-0.0436,0.0019
6568,1006.4,346.1,94.6030,94.6049,94.6486,-0.0456,-0.0437,0.0019
6569,986.0,318.9,94.6006,94.6025,94.6462,-0.0456,-0.0437,0.0019
6570,998.5,329.2,94.5981,94.6000,94.6435,-0.0454,-0.0435,0.0019
6571,999.3,322.9,94.5956,94.5976,94.6410,-0.0453,-0.0434,0.0019
6572,998.9,300.3,94.5932,94.5951,94.6384,-0.0453,-0.0434,0.0019
6573,999.7,291.8,94.5907,94.5926,94.6360,-0.0453,-0.0434,0.0019
6574,999.1,332.7,94.5882,94.5901,94.6338,-0.0455,-0.0436,0.0019
6575,1000.2,286.0,94.5857,94.5876,94.6315,-0.0457,-0.0439,0.0019
6576,1001.7,307.1,94.5832,94.5851,94.6294,-0.0462,-0.0443,0.0019
6577,1006.0,339.2,94.5807,94.5826,94.6273,-0.0466,-0.0447,0.0019
6578,1007.5,329.4,94.5782,94.5801,94.6251,-0.0469,-0.0451,0.0019
6579,991.0,334.5,94.5757,94.5776,94.6229,-0.0472,-0.0453,0.0019
6580,1003.3,320.7,94.5732,94.5750,94.6207,-0.0476,-0.0457,0.0019
6581,993.8,291.9,94.5706,94.5725,94.6186,-0.0479,-0.0461,0.0019
6582,1006.2,306.9,94.5681,94.5699,94.6162,-0.0481,-0.0463,0.0019
6583,1002.0,301.3,94.5655,94.5674,94.6136,-0.0481,-0.0463,0.0019
6584,993.1,722.8,94.5630,94.5648,94.6114,-0.0484,-0.0465,0.0019
6585,1007.7,321.1,94.5604,94.5623,94.6091,-0.0487,-0.0468,0.0019
6586,1003.6,320.2,94.5578,94.5597,94.6067,-0.0489,-0.0470,0.0019
6587,986.3,273.2,94.5553,94.5571,94.6041,-0.0488,-0.0470,0.0018
6588,1000.9,277.3,94.5527,94.5545,94.6017,-0.0490,-0.0472,0.0018
6589,1015.4,354.3,94.5501,94.5519,94.5993,-0.0492,-0.0473,0.0018
6590,984.7,333.2,94.5475,94.5493,94.5970,-0.0495,-0.0476,0.0018
6591,999.8,320.2,94.5449,94.5467,94.5946,-0.0497,-0.0479,0.0018
6592,1001.1,289.3,94.5423,94.5441,94.5923,-0.0501,-0.0482,0.0018
6593,998.6,290.7,94.5396,94.5415,94.5901,-0.0505,-0.0487,0.0018
6594,1000.3,345.9,94.5370,94.5388,94.5880,-0.0510,-0.0491,0.0018
6595,999.9,301.0,94.5344,94.5362,94.5856,-0.0512,-0.0494,0.0018
6596,997.5,287.7,94.5317,94.5335,94.5834,-0.0517,-0.0499,0.0018
6597,1000.2,296.6,94.5291,94.5309,94.5811,-0.0520,-0.0502,0.0018
6598,1000.3,283.5,94.5264,94.5282,94.5789,-0.0525,-0.0506,0.0018
6599,999.9,279.6,94.5238,94.5256,94.5766,-0.0528,-0.0510,0.0018
6600,998.7,281.9,94.5211,94.5229,94.5744,-0.0533,-0.0515,0.0018
6601,998.6,293.4,94.5184,94.5202,94.5721,-0.0537,-0.0519,0.0018
6602,1001.7,282.2,94.5157,94.5175,94.5697,-0.0540,-0.0522,0.0018
6603,1044.1,310.9,94.5130,94.5148,94.5670,-0.0540,-0.0522,0.0018
6604,957.9,486.4,94.5103,94.5121,94.5644,-0.0541,-0.0523,0.0018
6605,1013.7,337.3,94.5076,94.5094,94.5618,-0.0541,-0.0523,0.0018
6606,991.2,311.9,94.5049,94.5067,94.5590,-0.0541,-0.0523,0.0018
6607,1011.0,382.3,94.5022,94.5040,94.5561,-0.0539,-0.0521,0.0018
6608,993.1,370.6,94.4995,94.5012,94.5533,-0.0538,-0.0520,0.0018
6609,991.9,352.7,94.4967,94.4985,94.5504,-0.0537,-0.0519,0.0018
6610,1016.5,335.7,94.4940,94.4957,94.5477,-0.0537,-0.0519,0.0018
6611,984.2,309.0,94.4912,94.4930,94.5448,-0.0536,-0.0518,0.0018
6612,997.6,318.5,94.4885,94.4902,94.5421,-0.0536,-0.0518,0.0018
6613,1000.0,296.6,94.4857,94.4875,94.5392,-0.0535,-0.0518,0.0018
6614,999.3,308.0,94.4829,94.4847,94.5364,-0.0535,-0.0517,0.0018
6615,999.5,354.8,94.4802,94.4819,94.5335,-0.0533,-0.0516,0.0018
6616,999.8,356.7,94.4774,94.4791,94.5308,-0.0534,-0.0517,0.0017
6617,1002.0,315.2,94.4746,94.4763,94.5280,-0.0534,-0.0517,0.0017
6618,998.9,276.8,94.4718,94.4735,94.5251,-0.0533,-0.0516,0.0017
6619,999.5,292.0,94.4690,94.4707,94.5217,-0.0528,-0.0510,0.0017
6620,999.7,256.2,94.4662,94.4679,94.5186,-0.0525,-0.0508,0.0017
6621,998.8,292.2,94.4633,94.4651,94.5156,-0.0523,-0.0505,0.0017
6622,1002.2,277.8,94.4605,94.4622,94.5126,-0.0521,-0.0504,0.0017
6623,1016.0,1042.1,94.4577,94.4594,94.5096,-0.0520,-0.0502,0.0017
6624,1047.8,280.4,94.4548,94.4565,94.5065,-0.0517,-0.0500,0.0017
6625,939.6,287.6,94.4520,94.4537,94.5036,-0.0516,-0.0499,0.0017
6626,1021.4,318.1,94.4491,94.4508,94.5007,-0.0516,-0.0499,0.0017
6627,3531.1,322.4,94.4463,94.4480,94.4888,-0.0425,-0.0408,0.0017
6628,325.9,282.9,94.4434,94.4451,94.4888,-0.0454,-0.0437,0.0017
6629,285.1,234.5,94.4405,94.4422,94.4888,-0.0483,-0.0466,0.0017
6630,236.5,261.7,94.4376,94.4393,94.4888,-0.0511,-0.0494,0.0017
6631,568.6,300.3,94.4347,94.4364,94.4856,-0.0509,-0.0492,0.0017
6632,1042.0,290.3,94.4318,94.4335,94.4826,-0.0508,-0.0491,0.0017
6633,998.8,298.6,94.4289,94.4306,94.4797,-0.0507,-0.0490,0.0017
6634,993.0,279.4,94.4260,94.4277,94.4767,-0.0507,-0.0490,0.0017
6635,999.9,333.0,94.4231,94.4248,94.4738,-0.0507,-0.0491,0.0017
6636,994.8,262.1,94.4202,94.4219,94.4707,-0.0505,-0.0488,0.0017
6637,995.9,257.1,94.4172,94.4189,94.4676,-0.0504,-0.0487,0.0017
6638,1002.3,230.2,94.4143,94.4160,94.4646,-0.0503,-0.0486,0.0017
6639,3560.7,395.8,94.4114,94.4130,94.4527,-0.0414,-0.0397,0.0017
6640,403.2,298.8,94.4084,94.4101,94.4527,-0.0443,-0.0427,0.0017
6641,302.0,299.6,94.4054,94.4071,94.4527,-0.0473,-0.0456,0.0017
6642,306.6,226.1,94.4025,94.4041,94.4499,-0.0474,-0.0457,0.0017
6643,440.5,271.1,94.3995,94.4012,94.4499,-0.0504,-0.0487,0.0017
6644,993.2,249.8,94.3965,94.3982,94.4469,-0.0503,-0.0487,0.0016
6645,995.6,293.4,94.3935,94.3952,94.4442,-0.0507,-0.0491,0.0016
6646,1001.9,283.2,94.3905,94.3922,94.4417,-0.0511,-0.0495,0.0016
6647,992.2,266.9,94.3875,94.3892,94.4391,-0.0516,-0.0499,0.0016
6648,996.9,263.0,94.3845,94.3862,94.4361,-0.0516,-0.0500,0.0016
6649,999.1,290.6,94.3815,94.3831,94.4331,-0.0516,-0.0499,0.0016
6650,1000.0,286.1,94.3785,94.3801,94.4299,-0.0514,-0.0498,0.0016
6651,999.8,315.5,94.3755,94.3771,94.4267,-0.0512,-0.0496,0.0016
6652,999.8,266.3,94.3724,94.3740,94.4233,-0.0509,-0.0493,0.0016
6653,3568.3,603.1,94.3694,94.3710,94.4110,-0.0417,-0.0401,0.0016
6654,606.2,252.2,94.3663,94.3679,94.4110,-0.0447,-0.0431,0.0016
6655,254.3,311.7,94.3633,94.3649,94.4110,-0.0478,-0.0462,0.0016
6656,313.8,431.4,94.3602,94.3618,94.4084,-0.0482,-0.0466,0.0016
6657,433.6,247.0,94.3571,94.3587,94.4084,-0.0513,-0.0497,0.0016
6658,829.3,266.2,94.3540,94.3556,94.4056,-0.0515,-0.0499,0.0016
6659,1001.7,263.8,94.3510,94.3526,94.4029,-0.0519,-0.0503,0.0016
6660,994.9,268.8,94.3479,94.3495,94.4000,-0.0522,-0.0506,0.0016
6661,998.6,274.6,94.3448,94.3464,94.3975,-0.0527,-0.0511,0.0016
6662,1001.1,311.0,94.3417,94.3432,94.3948,-0.0531,-0.0516,0.0016
6663,999.9,293.0,94.3385,94.3401,94.3919,-0.0533,-0.0517,0.0016
6664,1000.6,327.7,94.3354,94.3370,94.3884,-0.0529,-0.0514,0.0016
6665,1000.4,346.5,94.3323,94.3339,94.3852,-0.0529,-0.0513,0.0016
6666,999.1,323.7,94.3292,94.3307,94.3820,-0.0529,-0.0513,0.0016
6667,1005.2,2619.2,94.3260,94.3276,94.3790,-0.0530,-0.0514,0.0016
6668,2627.7,592.9,94.3229,94.3244,94.3700,-0.0471,-0.0456,0.0016
6669,596.0,217.9,94.3197,94.3213,94.3700,-0.0503,-0.0487,0.0016
6670,220.4,290.6,94.3166,94.3181,94.3671,-0.0505,-0.0490,0.0016
6671,553.8,260.6,94.3134,94.3150,94.3671,-0.0537,-0.0522,0.0016
6672,980.0,284.3,94.3102,94.3118,94.3641,-0.0539,-0.0523,0.0016
6673,997.6,606.7,94.3070,94.3086,94.3614,-0.0544,-0.0529,0.0015
6674,1028.2,282.9,94.3039,94.3054,94.3589,-0.0550,-0.0535,0.0015
6675,997.7,264.7,94.3007,94.3022,94.3564,-0.0558,-0.0542,0.0015
6676,997.0,270.3,94.2975,94.2990,94.3537,-0.0562,-0.0547,0.0015
6677,997.5,266.2,94.2942,94.2958,94.3509,-0.0567,-0.0551,0.0015
6678,999.9,268.7,94.2910,94.2926,94.3481,-0.0571,-0.0555,0.0015
6679,998.3,254.7,94.2878,94.2893,94.3447,-0.0569,-0.0554,0.0015
6680,1601.8,3005.4,94.2846,94.2861,94.3388,-0.0542,-0.0527,0.0015
6681,3015.8,508.7,94.2813,94.2829,94.3309,-0.0495,-0.0480,0.0015
6682,512.0,225.6,94.2781,94.2796,94.3309,-0.0528,-0.0513,0.0015
6683,228.6,285.2,94.2749,94.2764,94.3309,-0.0560,-0.0545,0.0015
6684,288.0,525.9,94.2716,94.2731,94.3284,-0.0568,-0.0553,0.0015
6685,528.6,223.0,94.2683,94.2698,94.3284,-0.0601,-0.0586,0.0015
6686,814.7,296.7,94.2651,94.2666,94.3260,-0.0609,-0.0594,0.0015
6687,987.5,311.2,94.2618,94.2633,94.3236,-0.0618,-0.0603,0.0015
6688,1029.1,276.8,94.2585,94.2600,94.3213,-0.0628,-0.0613,0.0015
6689,983.8,347.4,94.2552,94.2567,94.3192,-0.0640,-0.0625,0.0015
6690,1013.0,322.9,94.2519,94.2534,94.3169,-0.0650,-0.0635,0.0015
6691,1340.0,396.6,94.2486,94.2501,94.3145,-0.0658,-0.0644,0.0015
6692,656.5,274.9,94.2453,94.2468,94.3117,-0.0664,-0.0649,0.0015
6693,1001.3,303.8,94.2420,94.2435,94.3091,-0.0671,-0.0656,0.0015
6694,1000.8,250.5,94.2387,94.2401,94.3064,-0.0677,-0.0663,0.0015
6695,998.0,278.1,94.2353,94.2368,94.3036,-0.0683,-0.0668,0.0015
6696,1000.5,260.9,94.2320,94.2335,94.3036,-0.0716,-0.0701,0.0015
6697,999.8,245.9,94.2287,94.2301,94.3005,-0.0718,-0.0704,0.0015
6698,999.5,282.9,94.2253,94.2268,94.2976,-0.0723,-0.0709,0.0015
6699,1000.7,293.1,94.2220,94.2234,94.2947,-0.0728,-0.0713,0.0015
6700,999.9,256.4,94.2186,94.2200,94.2914,-0.0728,-0.0714,0.0015
6701,1001.9,264.6,94.2152,94.2167,94.2882,-0.0730,-0.0715,0.0015
6702,998.8,261.2,94.2118,94.2133,94.2849,-0.0731,-0.0716,0.0015
6703,999.4,233.3,94.2085,94.2099,94.2815,-0.0731,-0.0716,0.0014
6704,1000.8,263.2,94.2051,94.2065,94.2778,-0.0728,-0.0713,0.0014
6705,999.2,246.4,94.2017,94.2031,94.2745,-0.0728,-0.0714,0.0014
6706,999.9,237.0,94.1983,94.1997,94.2712,-0.0729,-0.0715,0.0014
6707,1000.9,264.7,94.1949,94.1963,94.2678,-0.0729,-0.0715,0.0014
6708,999.0,255.5,94.1914,94.1929,94.2640,-0.0726,-0.0711,0.0014
6709,1000.3,267.1,94.1880,94.1894,94.2603,-0.0723,-0.0708,0.0014
6710,999.4,257.9,94.1846,94.1860,94.2565,-0.0719,-0.0705,0.0014
6711,999.6,261.0,94.1812,94.1826,94.2527,-0.0716,-0.0701,0.0014
6712,1000.8,264.2,94.1777,94.1791,94.2485,-0.0708,-0.0694,0.0014
6713,1019.8,242.1,94.1743,94.1757,94.2446,-0.0704,-0.0690,0.0014
6714,981.4,275.1,94.1708,94.1722,94.2407,-0.0699,-0.0685,0.0014
6715,998.9,297.7,94.1673,94.1687,94.2368,-0.0695,-0.0681,0.0014
6716,1001.1,310.0,94.1639,94.1653,94.2327,-0.0688,-0.0674,0.0014
6717,1000.6,270.2,94.1604,94.1618,94.2289,-0.0685,-0.0671,0.0014
6718,999.7,274.1,94.1569,94.1583,94.2250,-0.0681,-0.0667,0.0014
6719,997.9,311.8,94.1534,94.1548,94.2210,-0.0676,-0.0662,0.0014
6720,1000.3,279.2,94.1499,94.1513,94.2166,-0.0667,-0.0653,0.0014
6721,999.9,284.3,94.1464,94.1478,94.2126,-0.0662,-0.0648,0.0014
6722,1000.0,287.3,94.1429,94.1443,94.2085,-0.0656,-0.0642,0.0014
6723,1000.8,307.6,94.1394,94.1408,94.2044,-0.0650,-0.0636,0.0014
6724,999.2,288.8,94.1359,94.1373,94.2001,-0.0642,-0.0629,0.0014
6725,1004.7,262.0,94.1324,94.1337,94.1962,-0.0638,-0.0625,0.0014
6726,999.3,279.5,94.1288,94.1302,94.1925,-0.0637,-0.0623,0.0014
6727,999.1,309.3,94.1253,94.1266,94.1889,-0.0636,-0.0622,0.0014
6728,998.9,330.0,94.1217,94.1231,94.1851,-0.0633,-0.0620,0.0014
6729,1002.9,320.0,94.1182,94.1195,94.1815,-0.0633,-0.0619,0.0014
6730,996.8,275.6,94.1146,94.1160,94.1778,-0.0632,-0.0618,0.0014
6731,999.5,272.6,94.1110,94.1124,94.1741,-0.0630,-0.0617,0.0014
6732,1000.0,259.6,94.1075,94.1088,94.1699,-0.0624,-0.0611,0.0014
6733,999.7,261.9,94.1039,94.1052,94.1660,-0.0621,-0.0607,0.0013
6734,1001.4,268.3,94.1003,94.1016,94.1621,-0.0618,-0.0604,0.0013
6735,1001.4,254.4,94.0967,94.0981,94.1581,-0.0614,-0.0601,0.0013
6736,998.6,275.7,94.0931,94.0944,94.1539,-0.0608,-0.0594,0.0013
6737,999.7,257.2,94.0895,94.0908,94.1500,-0.0605,-0.0591,0.0013
6738,1002.3,249.0,94.0859,94.0872,94.1461,-0.0603,-0.0589,0.0013
6739,997.8,290.3,94.0823,94.0836,94.1423,-0.0601,-0.0587,0.0013
6740,1002.5,297.7,94.0786,94.0800,94.1382,-0.0595,-0.0582,0.0013
6741,997.8,310.5,94.0750,94.0763,94.1343,-0.0592,-0.0579,0.0013
6742,1000.7,263.6,94.0714,94.0727,94.1303,-0.0590,-0.0576,0.0013
6743,999.0,246.0,94.0677,94.0690,94.1264,-0.0587,-0.0574,0.0013
6744,1007.3,313.3,94.0641,94.0654,94.1221,-0.0580,-0.0567,0.0013
6745,1005.5,316.5,94.0604,94.0617,94.1180,-0.0575,-0.0562,0.0013
6746,998.1,289.8,94.0568,94.0581,94.1140,-0.0572,-0.0559,0.0013
6747,1003.8,321.7,94.0531,94.0544,94.1101,-0.0570,-0.0557,0.0013
6748,994.6,336.7,94.0494,94.0507,94.1061,-0.0567,-0.0554,0.0013
6749,1002.4,328.8,94.0457,94.0470,94.1019,-0.0562,-0.0549,0.0013
6750,1000.7,315.9,94.0420,94.0433,94.0982,-0.0562,-0.0549,0.0013
6751,995.9,340.0,94.0383,94.0396,94.0947,-0.0564,-0.0551,0.0013
6752,994.2,298.1,94.0346,94.0359,94.0911,-0.0565,-0.0552,0.0013
6753,997.4,252.9,94.0309,94.0322,94.0876,-0.0567,-0.0554,0.0013
6754,1000.0,303.1,94.0272,94.0285,94.0840,-0.0568,-0.0555,0.0013
6755,999.1,273.8,94.0235,94.0248,94.0804,-0.0569,-0.0556,0.0013
6756,1000.0,276.4,94.0198,94.0210,94.0768,-0.0570,-0.0557,0.0013
6757,1000.0,281.5,94.0160,94.0173,94.0728,-0.0568,-0.0555,0.0013
6758,1012.4,284.2,94.0123,94.0136,94.0694,-0.0571,-0.0559,0.0013
6759,997.0,291.9,94.0085,94.0098,94.0661,-0.0575,-0.0563,0.0013
6760,1002.6,287.3,94.0048,94.0060,94.0626,-0.0578,-0.0565,0.0013
6761,998.9,293.6,94.0010,94.0023,94.0594,-0.0584,-0.0571,0.0013
6762,997.2,300.9,93.9973,93.9985,94.0563,-0.0590,-0.0578,0.0013
6763,999.8,321.7,93.9935,93.9947,94.0532,-0.0597,-0.0584,0.0013
6764,1000.1,319.8,93.9897,93.9910,94.0501,-0.0604,-0.0592,0.0013
6765,1001.6,325.9,93.9859,93.9872,94.0469,-0.0610,-0.0597,0.0012
6766,998.5,359.3,93.9821,93.9834,94.0439,-0.0618,-0.0605,0.0012
6767,999.8,280.3,93.9783,93.9796,94.0408,-0.0625,-0.0613,0.0012
6768,999.9,265.7,93.9745,93.9758,94.0374,-0.0629,-0.0616,0.0012
6769,1000.4,318.0,93.9707,93.9720,94.0341,-0.0634,-0.0622,0.0012
6770,1023.9,294.8,93.9669,93.9681,94.0308,-0.0639,-0.0627,0.0012
6771,977.6,311.9,93.9631,93.9643,94.0275,-0.0645,-0.0632,0.0012
6772,996.6,327.8,93.9592,93.9605,94.0241,-0.0648,-0.0636,0.0012
6773,1000.2,281.3,93.9554,93.9566,94.0208,-0.0654,-0.0641,0.0012
6774,1002.4,291.2,93.9516,93.9528,94.0175,-0.0659,-0.0647,0.0012
6775,1002.3,293.4,93.9477,93.9489,94.0142,-0.0665,-0.0653,0.0012
6776,999.7,291.8,93.9439,93.9451,94.0106,-0.0668,-0.0656,0.0012
6777,997.8,301.8,93.9400,93.9412,94.0074,-0.0674,-0.0662,0.0012
6778,1000.5,287.3,93.9361,93.9373,94.0042,-0.0680,-0.0668,0.0012
6779,999.3,291.8,93.9323,93.9335,94.0008,-0.0686,-0.0674,0.0012
6780,1002.0,289.0,93.9284,93.9296,93.9971,-0.0687,-0.0675,0.0012
6781,1000.6,297.2,93.9245,93.9257,93.9935,-0.0690,-0.0678,0.0012
6782,997.8,283.4,93.9206,93.9218,93.9898,-0.0692,-0.0680,0.0012
6783,1001.9,280.9,93.9167,93.9179,93.9862,-0.0695,-0.0683,0.0012
6784,999.7,319.5,93.9128,93.9140,93.9823,-0.0695,-0.0683,0.0012
6785,1001.0,302.3,93.9089,93.9101,93.9787,-0.0698,-0.0686,0.0012
6786,999.8,291.8,93.9050,93.9062,93.9751,-0.0701,-0.0689,0.0012
6787,999.5,309.0,93.9011,93.9022,93.9715,-0.0704,-0.0692,0.0012
6788,999.8,287.3,93.8971,93.8983,93.9674,-0.0703,-0.0691,0.0012
6789,1000.5,328.8,93.8932,93.8944,93.9636,-0.0704,-0.0692,0.0012
6790,999.8,332.0,93.8893,93.8904,93.9598,-0.0706,-0.0694,0.0012
6791,999.5,329.9,93.8853,93.8865,93.9560,-0.0707,-0.0695,0.0012
6792,964.6,338.6,93.8814,93.8825,93.9517,-0.0703,-0.0691,0.0012
6793,1038.7,295.1,93.8774,93.8786,93.9476,-0.0702,-0.0690,0.0012
6794,994.6,308.6,93.8734,93.8746,93.9434,-0.0700,-0.0689,0.0012
6795,1006.5,296.1,93.8695,93.8706,93.9393,-0.0698,-0.0687,0.0012
6796,994.9,335.5,93.8655,93.8666,93.9349,-0.0694,-0.0682,0.0012
6797,999.7,325.1,93.8615,93.8626,93.9308,-0.0693,-0.0682,0.0011
6798,999.7,330.1,93.8575,93.8587,93.9269,-0.0694,-0.0683,0.0011
6799,999.6,336.7,93.8535,93.8547,93.9231,-0.0696,-0.0685,0.0011
6800,999.6,286.1,93.8495,93.8507,93.9190,-0.0695,-0.0683,0.0011
6801,1002.3,349.5,93.8455,93.8466,93.9152,-0.0696,-0.0685,0.0011
6802,999.2,306.5,93.8415,93.8426,93.9113,-0.0698,-0.0687,0.0011
6803,1001.0,314.8,93.8375,93.8386,93.9073,-0.0698,-0.0687,0.0011
6804,999.7,335.2,93.8334,93.8346,93.9027,-0.0693,-0.0682,0.0011
6805,1001.9,322.8,93.8294,93.8305,93.8984,-0.0689,-0.0678,0.0011
6806,997.3,315.6,93.8254,93.8265,93.8939,-0.0685,-0.0674,0.0011
6807,1000.5,326.5,93.8213,93.8224,93.8896,-0.0683,-0.0671,0.0011
6808,1000.8,286.8,93.8173,93.8184,93.8851,-0.0678,-0.0667,0.0011
6809,1002.5,275.7,93.8132,93.8143,93.8811,-0.0679,-0.0668,0.0011
6810,998.0,277.4,93.8092,93.8103,93.8771,-0.0679,-0.0668,0.0011
6811,999.4,285.9,93.8051,93.8062,93.8730,-0.0679,-0.0668,0.0011
6812,1001.8,278.6,93.8010,93.8021,93.8686,-0.0675,-0.0664,0.0011
6813,998.8,289.9,93.7969,93.7980,93.8642,-0.0673,-0.0662,0.0011
6814,998.9,335.6,93.7929,93.7939,93.8598,-0.0670,-0.0659,0.0011
6815,1000.3,328.6,93.7888,93.7899,93.8555,-0.0667,-0.0656,0.0011
6816,997.0,353.4,93.7847,93.7857,93.8507,-0.0661,-0.0650,0.0011
6817,1000.6,306.1,93.7806,93.7816,93.8463,-0.0657,-0.0646,0.0011
6818,1000.0,289.2,93.7764,93.7775,93.8417,-0.0653,-0.0642,0.0011
6819,1001.9,311.1,93.7723,93.7734,93.8374,-0.0651,-0.0640,0.0011
6820,997.2,306.3,93.7682,93.7693,93.8329,-0.0647,-0.0636,0.0011
6821,1003.0,311.0,93.7641,93.7652,93.8288,-0.0647,-0.0636,0.0011
6822,1001.0,308.5,93.7599,93.7610,93.8246,-0.0646,-0.0635,0.0011
6823,1001.7,310.6,93.7558,93.7569,93.8204,-0.0646,-0.0635,0.0011
6824,1008.9,326.8,93.7517,93.7527,93.8157,-0.0641,-0.0630,0.0011
6825,986.3,309.5,93.7475,93.7486,93.8115,-0.0640,-0.0629,0.0011
6826,1002.2,297.2,93.7433,93.7444,93.8073,-0.0639,-0.0629,0.0011
6827,997.5,298.9,93.7392,93.7402,93.8033,-0.0641,-0.0631,0.0011
6828,1001.4,353.0,93.7350,93.7361,93.7993,-0.0643,-0.0632,0.0011
6829,999.1,348.4,93.7308,93.7319,93.7956,-0.0648,-0.0637,0.0011
6830,1000.6,330.7,93.7267,93.7277,93.7921,-0.0655,-0.0644,0.0010
6831,1000.8,328.4,93.7225,93.7235,93.7887,-0.0663,-0.0652,0.0010
6832,1000.2,346.2,93.7183,93.7193,93.7853,-0.0670,-0.0660,0.0010
6833,999.4,333.8,93.7141,93.7151,93.7816,-0.0675,-0.0664,0.0010
6834,998.9,373.3,93.7099,93.7109,93.7781,-0.0682,-0.0672,0.0010
6835,1000.4,347.3,93.7057,93.7067,93.7744,-0.0688,-0.0677,0.0010
6836,1001.9,303.2,93.7014,93.7025,93.7708,-0.0693,-0.0683,0.0010
6837,1007.7,294.2,93.6972,93.6982,93.7671,-0.0699,-0.0689,0.0010
6838,987.5,327.0,93.6930,93.6940,93.7631,-0.0701,-0.0691,0.0010
6839,1004.8,394.5,93.6888,93.6898,93.7593,-0.0706,-0.0695,0.0010
6840,997.7,407.0,93.6845,93.6855,93.7556,-0.0710,-0.0700,0.0010
6841,1001.8,387.1,93.6803,93.6813,93.7515,-0.0712,-0.0702,0.0010
6842,999.0,374.3,93.6760,93.6770,93.7477,-0.0717,-0.0707,0.0010
6843,998.4,406.8,93.6718,93.6728,93.7440,-0.0722,-0.0712,0.0010
6844,1002.0,419.4,93.6675,93.6685,93.7403,-0.0729,-0.0718,0.0010
6845,998.8,339.2,93.6632,93.6642,93.7366,-0.0734,-0.0724,0.0010
6846,1005.1,337.2,93.6589,93.6600,93.7326,-0.0736,-0.0726,0.0010
6847,992.2,339.1,93.6547,93.6557,93.7286,-0.0739,-0.0729,0.0010
6848,1003.9,336.0,93.6504,93.6514,93.7244,-0.0740,-0.0730,0.0010
6849,996.5,358.0,93.6461,93.6471,93.7193,-0.0732,-0.0722,0.0010
6850,1001.3,334.1,93.6418,93.6428,93.7152,-0.0734,-0.0724,0.0010
6851,999.6,306.4,93.6375,93.6385,93.7112,-0.0738,-0.0728,0.0010
6852,1006.2,300.0,93.6332,93.6342,93.7071,-0.0739,-0.0729,0.0010
6853,994.5,303.2,93.6289,93.6298,93.7033,-0.0745,-0.0735,0.0010
6854,1000.1,304.9,93.6245,93.6255,93.6995,-0.0749,-0.0740,0.0010
6855,999.4,322.6,93.6202,93.6212,93.6956,-0.0754,-0.0744,0.0010
6856,1000.0,308.3,93.6159,93.6169,93.6917,-0.0758,-0.0748,0.0010
6857,999.2,290.1,93.6115,93.6125,93.6874,-0.0758,-0.0749,0.0010
6858,1001.1,309.4,93.6072,93.6082,93.6833,-0.0761,-0.0751,0.0010
6859,1014.3,311.5,93.6028,93.6038,93.6791,-0.0763,-0.0753,0.0010
6860,982.8,324.5,93.5985,93.5995,93.6748,-0.0763,-0.0753,0.0010
6861,995.1,335.9,93.5941,93.5951,93.6709,-0.0767,-0.0758,0.0010
6862,1000.4,288.8,93.5898,93.5907,93.6670,-0.0772,-0.0763,0.0010
6863,999.1,329.5,93.5854,93.5863,93.6632,-0.0778,-0.0768,0.0010
6864,1001.9,362.4,93.5810,93.5820,93.6632,-0.0822,-0.0812,0.0010
6865,999.1,328.8,93.5766,93.5776,93.6592,-0.0826,-0.0816,0.0009
6866,999.8,361.4,93.5722,93.5732,93.6549,-0.0826,-0.0817,0.0009
6867,1012.3,302.3,93.5678,93.5688,93.6507,-0.0828,-0.0819,0.0009
6868,995.8,288.3,93.5634,93.5644,93.6463,-0.0828,-0.0819,0.0009
6869,1009.9,295.5,93.5590,93.5600,93.6414,-0.0823,-0.0814,0.0009
6870,995.7,279.9,93.5546,93.5556,93.6367,-0.0821,-0.0811,0.0009
6871,995.5,279.4,93.5502,93.5511,93.6318,-0.0816,-0.0807,0.0009
6872,1001.1,304.3,93.5458,93.5467,93.6270,-0.0812,-0.0803,0.0009
6873,999.4,276.2,93.5414,93.5423,93.6219,-0.0805,-0.0796,0.0009
6874,999.1,312.7,93.5369,93.5378,93.6172,-0.0803,-0.0793,0.0009
6875,1005.3,298.9,93.5325,93.5334,93.6124,-0.0799,-0.0790,0.0009
6876,993.8,300.4,93.5280,93.5290,93.6076,-0.0795,-0.0786,0.0009
6877,999.3,279.6,93.5236,93.5245,93.6023,-0.0787,-0.0778,0.0009
6878,995.0,303.4,93.5191,93.5200,93.5972,-0.0781,-0.0772,0.0009
6879,1005.2,292.2,93.5147,93.5156,93.5920,-0.0773,-0.0764,0.0009
6880,999.2,293.0,93.5102,93.5111,93.5867,-0.0765,-0.0756,0.0009
6881,1007.0,314.5,93.5057,93.5066,93.5810,-0.0753,-0.0744,0.0009
6882,998.4,294.3,93.5012,93.5021,93.5760,-0.0747,-0.0738,0.0009
6883,995.2,294.8,93.4968,93.4977,93.5710,-0.0742,-0.0733,0.0009
6884,1000.8,300.6,93.4923,93.4932,93.5660,-0.0738,-0.0729,0.0009
6885,997.9,292.2,93.4878,93.4887,93.5607,-0.0729,-0.0720,0.0009
6886,999.1,275.1,93.4833,93.4842,93.5557,-0.0724,-0.0715,0.0009
6887,1002.0,302.9,93.4788,93.4797,93.5507,-0.0719,-0.0710,0.0009
6888,979.2,317.7,93.4743,93.4751,93.5456,-0.0713,-0.0705,0.0009
6889,1020.7,307.9,93.4697,93.4706,93.5404,-0.0706,-0.0697,0.0009
6890,1000.3,339.4,93.4652,93.4661,93.5357,-0.0705,-0.0696,0.0009
6891,999.5,331.7,93.4607,93.4616,93.5313,-0.0706,-0.0697,0.0009
6892,1001.0,283.1,93.4562,93.4570,93.5269,-0.0708,-0.0699,0.0009
6893,999.7,285.0,93.4516,93.4525,93.5224,-0.0708,-0.0700,0.0009
6894,999.7,286.8,93.4471,93.4479,93.5176,-0.0706,-0.0697,0.0009
6895,999.8,271.4,93.4425,93.4434,93.5132,-0.0707,-0.0698,0.0009
6896,999.7,300.8,93.4380,93.4388,93.5088,-0.0709,-0.0700,0.0009
6897,1000.3,291.6,93.4334,93.4343,93.5039,-0.0705,-0.0696,0.0009
6898,999.7,268.6,93.4288,93.4297,93.4994,-0.0706,-0.0697,0.0009
6899,1000.8,312.3,93.4243,93.4251,93.4949,-0.0706,-0.0698,0.0009
6900,999.3,286.9,93.4197,93.4205,93.4906,-0.0709,-0.0700,0.0009
6901,1000.5,276.7,93.4151,93.4159,93.4860,-0.0709,-0.0700,0.0008
6902,1007.6,305.3,93.4105,93.4114,93.4818,-0.0713,-0.0704,0.0008
6903,993.9,304.7,93.4059,93.4068,93.4775,-0.0716,-0.0707,0.0008
6904,1009.9,311.9,93.4013,93.4022,93.4732,-0.0718,-0.0710,0.0008
6905,996.3,295.9,93.3967,93.3976,93.4684,-0.0717,-0.0709,0.0008
6906,992.6,353.1,93.3921,93.3929,93.4640,-0.0719,-0.0711,0.0008
6907,999.7,347.8,93.3875,93.3883,93.4596,-0.0721,-0.0713,0.0008
6908,1001.1,344.4,93.3829,93.3837,93.4552,-0.0724,-0.0715,0.0008
6909,1001.7,307.9,93.3782,93.3791,93.4506,-0.0724,-0.0715,0.0008
6910,997.3,284.4,93.3736,93.3744,93.4464,-0.0727,-0.0719,0.0008
6911,1001.0,324.1,93.3690,93.3698,93.4420,-0.0731,-0.0722,0.0008
6912,1003.4,304.6,93.3643,93.3652,93.4377,-0.0734,-0.0726,0.0008
6913,995.8,309.2,93.3597,93.3605,93.4331,-0.0734,-0.0725,0.0008
6914,1005.4,366.1,93.3550,93.3558,93.4286,-0.0736,-0.0728,0.0008
6915,1001.3,364.8,93.3504,93.3512,93.4242,-0.0738,-0.0730,0.0008
6916,1000.1,343.2,93.3457,93.3465,93.4199,-0.0742,-0.0734,0.0008
6917,3602.5,549.3,93.3410,93.3419,93.4033,-0.0623,-0.0615,0.0008
6918,555.0,266.2,93.3364,93.3372,93.4033,-0.0670,-0.0662,0.0008
6919,270.3,326.0,93.3317,93.3325,93.4033,-0.0717,-0.0709,0.0008
6920,329.0,436.9,93.3270,93.3278,93.3994,-0.0724,-0.0716,0.0008
6921,439.5,227.7,93.3223,93.3231,93.3994,-0.0771,-0.0763,0.0008
6922,792.2,319.8,93.3176,93.3184,93.3958,-0.0781,-0.0774,0.0008
6923,1290.8,339.8,93.3129,93.3137,93.3922,-0.0792,-0.0785,0.0008
6924,709.5,275.1,93.3082,93.3090,93.3886,-0.0804,-0.0796,0.0008
6925,999.0,2586.2,93.3035,93.3043,93.3847,-0.0812,-0.0804,0.0008
6926,2592.5,973.9,93.2988,93.2996,93.3722,-0.0734,-0.0726,0.0008
6927,977.0,1005.2,93.2941,93.2949,93.3675,-0.0734,-0.0726,0.0008
6928,1008.1,1030.7,93.2893,93.2901,93.3632,-0.0738,-0.0731,0.0008
6929,1038.2,344.7,93.2846,93.2854,93.3588,-0.0742,-0.0734,0.0008
6930,350.5,330.1,93.2799,93.2806,93.3588,-0.0789,-0.0782,0.0008
6931,332.5,372.3,93.2751,93.2759,93.3588,-0.0837,-0.0829,0.0008
6932,713.2,286.4,93.2704,93.2712,93.3546,-0.0842,-0.0834,0.0008
6933,991.8,267.5,93.2656,93.2664,93.3501,-0.0845,-0.0837,0.0008
6934,994.1,317.9,93.2609,93.2616,93.3458,-0.0850,-0.0842,0.0008
6935,1003.0,311.6,93.2561,93.2569,93.3413,-0.0852,-0.0844,0.0008
6936,997.0,297.5,93.2513,93.2521,93.3366,-0.0852,-0.0845,0.0008
6937,1001.9,320.2,93.2466,93.2473,93.3313,-0.0847,-0.0840,0.0008
6938,999.3,424.8,93.2418,93.2425,93.3263,-0.0845,-0.0837,0.0008
6939,997.2,351.4,93.2370,93.2378,93.3212,-0.0842,-0.0834,0.0007
6940,1001.1,496.2,93.2322,93.2330,93.3160,-0.0838,-0.0831,0.0007
6941,1015.6,325.2,93.2274,93.2282,93.3107,-0.0832,-0.0825,0.0007
6942,975.3,316.1,93.2226,93.2234,93.3058,-0.0832,-0.0825,0.0007
6943,1491.0,1120.4,93.2178,93.2186,93.2960,-0.0782,-0.0774,0.0007
6944,1123.9,530.5,93.2130,93.2138,93.2906,-0.0775,-0.0768,0.0007
6945,532.7,431.1,93.2082,93.2089,93.2906,-0.0824,-0.0816,0.0007
6946,863.2,294.5,93.2034,93.2041,93.2856,-0.0822,-0.0814,0.0007
6947,999.5,522.1,93.1986,93.1993,93.2806,-0.0821,-0.0813,0.0007
6948,999.8,376.3,93.1937,93.1945,93.2760,-0.0823,-0.0815,0.0007
6949,1002.9,569.1,93.1889,93.1896,93.2712,-0.0823,-0.0815,0.0007
6950,1004.6,749.7,93.1841,93.1848,93.2668,-0.0827,-0.0820,0.0007
6951,997.5,292.0,93.1792,93.1799,93.2623,-0.0831,-0.0824,0.0007
6952,959.4,301.6,93.1744,93.1751,93.2578,-0.0834,-0.0827,0.0007
6953,1035.7,274.0,93.1695,93.1702,93.2527,-0.0832,-0.0825,0.0007
6954,1000.8,296.7,93.1647,93.1654,93.2479,-0.0833,-0.0826,0.0007
6955,998.0,271.1,93.1598,93.1605,93.2430,-0.0832,-0.0825,0.0007
6956,1003.6,284.3,93.1549,93.1556,93.2381,-0.0832,-0.0824,0.0007
6957,968.7,275.2,93.1501,93.1508,93.2327,-0.0827,-0.0820,0.0007
6958,1002.7,297.2,93.1452,93.1459,93.2279,-0.0827,-0.0820,0.0007
6959,1031.2,291.8,93.1403,93.1410,93.2229,-0.0826,-0.0819,0.0007
6960,956.2,269.7,93.1354,93.1361,93.2179,-0.0825,-0.0818,0.0007
6961,1037.0,271.8,93.1305,93.1312,93.2124,-0.0819,-0.0812,0.0007
6962,999.6,269.4,93.1256,93.1263,93.2072,-0.0816,-0.0809,0.0007
6963,1000.9,277.6,93.1207,93.1214,93.2018,-0.0811,-0.0804,0.0007
6964,999.2,297.1,93.1158,93.1165,93.1966,-0.0808,-0.0801,0.0007
6965,1002.7,296.6,93.1109,93.1116,93.1911,-0.0802,-0.0795,0.0007
6966,998.4,328.8,93.1060,93.1066,93.1861,-0.0802,-0.0795,0.0007
6967,999.8,300.1,93.1010,93.1017,93.1812,-0.0801,-0.0795,0.0007
6968,1001.5,272.7,93.0961,93.0968,93.1761,-0.0800,-0.0793,0.0007
6969,998.8,292.6,93.0912,93.0919,93.1705,-0.0794,-0.0787,0.0007
6970,1002.6,269.7,93.0862,93.0869,93.1654,-0.0792,-0.0785,0.0007
6971,997.1,282.9,93.0813,93.0820,93.1604,-0.0791,-0.0784,0.0007
6972,1000.2,280.9,93.0764,93.0770,93.1556,-0.0792,-0.0785,0.0007
6973,1000.2,272.2,93.0714,93.0721,93.1504,-0.0790,-0.0784,0.0007
6974,1002.0,291.9,93.0664,93.0671,93.1459,-0.0794,-0.0788,0.0007
6975,982.0,310.8,93.0615,93.0621,93.1413,-0.0799,-0.0792,0.0007
6976,1015.0,283.4,93.0565,93.0572,93.1369,-0.0804,-0.0797,0.0007
6977,1000.1,289.4,93.0515,93.0522,93.1321,-0.0806,-0.0799,0.0007
6978,1003.3,299.1,93.0466,93.0472,93.1275,-0.0809,-0.0803,0.0007
6979,997.7,279.6,93.0416,93.0422,93.1228,-0.0812,-0.0806,0.0006
6980,1308.9,355.6,93.0366,93.0372,93.1182,-0.0816,-0.0809,0.0006
6981,691.9,280.9,93.0316,93.0323,93.1130,-0.0814,-0.0808,0.0006
6982,1001.3,364.9,93.0266,93.0273,93.1082,-0.0816,-0.0810,0.0006
6983,1000.5,277.2,93.0216,93.0223,93.1038,-0.0822,-0.0815,0.0006
6984,997.0,302.4,93.0166,93.0172,93.0994,-0.0828,-0.0822,0.0006
6985,1001.3,264.9,93.0116,93.0122,93.0947,-0.0831,-0.0825,0.0006
6986,997.8,317.6,93.0066,93.0072,93.0903,-0.0837,-0.0831,0.0006
6987,1014.4,299.3,93.0016,93.0022,93.0855,-0.0839,-0.0833,0.0006
6988,994.6,296.0,92.9965,92.9972,93.0804,-0.0839,-0.0832,0.0006
6989,998.9,561.2,92.9915,92.9921,93.0751,-0.0836,-0.0830,0.0006
6990,1000.9,395.9,92.9865,92.9871,93.0703,-0.0838,-0.0832,0.0006
6991,999.6,366.4,92.9814,92.9821,93.0655,-0.0840,-0.0834,0.0006
6992,999.3,339.2,92.9764,92.9770,93.0607,-0.0843,-0.0837,0.0006
6993,996.1,369.4,92.9713,92.9720,93.0554,-0.0841,-0.0835,0.0006
6994,1007.5,353.3,92.9663,92.9669,93.0505,-0.0842,-0.0836,0.0006
6995,995.0,339.1,92.9612,92.9618,93.0456,-0.0844,-0.0838,0.0006
6996,995.8,312.4,92.9562,92.9568,93.0406,-0.0844,-0.0838,0.0006
6997,1005.3,304.7,92.9511,92.9517,93.0350,-0.0839,-0.0833,0.0006
6998,998.4,289.8,92.9460,92.9466,93.0298,-0.0838,-0.0832,0.0006
6999,1000.0,298.6,92.9410,92.9416,93.0249,-0.0840,-0.0834,0.0006
7000,994.9,277.2,92.9359,92.9365,93.0201,-0.0842,-0.0836,0.0006
7001,1002.8,276.9,92.9308,92.9314,93.0149,-0.0841,-0.0835,0.0006
7002,1008.3,313.0,92.9257,92.9263,93.0101,-0.0844,-0.0838,0.0006
7003,994.3,282.0,92.9206,92.9212,93.0053,-0.0847,-0.0841,0.0006
7004,1297.0,400.5,92.9155,92.9161,93.0004,-0.0849,-0.0843,0.0006
7005,713.7,294.1,92.9104,92.9110,92.9949,-0.0845,-0.0839,0.0006
7006,998.5,760.8,92.9053,92.9059,92.9898,-0.0845,-0.0839,0.0006
7007,997.1,283.0,92.9002,92.9008,92.9846,-0.0844,-0.0838,0.0006
7008,995.6,310.9,92.8951,92.8956,92.9793,-0.0843,-0.0837,0.0006
7009,994.9,293.0,92.8899,92.8905,92.9741,-0.0842,-0.0836,0.0006
7010,996.9,270.1,92.8848,92.8854,92.9685,-0.0837,-0.0831,0.0006
7011,1024.9,296.6,92.8797,92.8803,92.9633,-0.0836,-0.0830,0.0006
7012,981.6,284.6,92.8745,92.8751,92.9580,-0.0834,-0.0829,0.0006
7013,993.2,267.2,92.8694,92.8700,92.9526,-0.0832,-0.0826,0.0006
7014,1004.0,329.8,92.8643,92.8648,92.9470,-0.0828,-0.0822,0.0006
7015,968.2,318.1,92.8591,92.8597,92.9401,-0.0810,-0.0804,0.0006
7016,1046.0,301.1,92.8540,92.8545,92.9354,-0.0815,-0.0809,0.0006
7017,996.8,294.6,92.8488,92.8494,92.9300,-0.0812,-0.0807,0.0006
7018,1003.6,312.4,92.8436,92.8442,92.9234,-0.0797,-0.0792,0.0006
7019,986.3,272.1,92.8385,92.8390,92.9177,-0.0793,-0.0787,0.0006
7020,1002.4,279.1,92.8333,92.8338,92.9122,-0.0789,-0.0783,0.0006
7021,993.2,315.9,92.8281,92.8287,92.9067,-0.0786,-0.0781,0.0006
7022,1016.3,313.8,92.8229,92.8235,92.9011,-0.0782,-0.0776,0.0005
7023,999.5,303.0,92.8177,92.8183,92.8962,-0.0784,-0.0779,0.0005
7024,994.6,269.8,92.8126,92.8131,92.8914,-0.0788,-0.0783,0.0005
7025,997.4,260.0,92.8074,92.8079,92.8867,-0.0793,-0.0788,0.0005
7026,995.2,304.1,92.8022,92.8027,92.8817,-0.0795,-0.0790,0.0005
7027,997.0,290.3,92.7970,92.7975,92.8769,-0.0800,-0.0794,0.0005
7028,1000.2,278.2,92.7918,92.7923,92.8721,-0.0803,-0.0798,0.0005
7029,1001.0,290.0,92.7865,92.7871,92.8671,-0.0805,-0.0800,0.0005
7030,998.6,261.4,92.7813,92.7819,92.8616,-0.0803,-0.0798,0.0005
7031,1002.8,296.4,92.7761,92.7766,92.8616,-0.0855,-0.0850,0.0005
7032,998.1,306.6,92.7709,92.7714,92.8567,-0.0858,-0.0852,0.0005
7033,999.9,296.8,92.7657,92.7662,92.8518,-0.0861,-0.0856,0.0005
7034,1000.0,307.2,92.7604,92.7609,92.8471,-0.0866,-0.0861,0.0005
7035,999.9,297.9,92.7552,92.7557,92.8418,-0.0866,-0.0861,0.0005
7036,1002.5,287.7,92.7499,92.7505,92.8367,-0.0868,-0.0862,0.0005
7037,1005.8,306.8,92.7447,92.7452,92.8314,-0.0867,-0.0862,0.0005
7038,1017.9,284.4,92.7394,92.7400,92.8260,-0.0866,-0.0861,0.0005
7039,4558.7,546.4,92.7342,92.7347,92.7998,-0.0656,-0.0651,0.0005
7040,557.6,287.1,92.7289,92.7294,92.7998,-0.0709,-0.0704,0.0005
7041,290.3,346.8,92.7237,92.7242,92.7998,-0.0761,-0.0756,0.0005
7042,349.6,450.5,92.7184,92.7189,92.7951,-0.0767,-0.0762,0.0005
7043,454.7,272.9,92.7131,92.7136,92.7951,-0.0819,-0.0814,0.0005
7044,275.3,261.5,92.7078,92.7083,92.7905,-0.0826,-0.0821,0.0005
7045,490.0,282.1,92.7026,92.7031,92.7905,-0.0879,-0.0874,0.0005
7046,998.7,335.3,92.6973,92.6978,92.7861,-0.0888,-0.0883,0.0005
7047,999.7,3582.5,92.6920,92.6925,92.7816,-0.0897,-0.0892,0.0005
7048,3590.3,319.6,92.6867,92.6872,92.7640,-0.0774,-0.0769,0.0005
7049,322.8,324.5,92.6814,92.6819,92.7640,-0.0827,-0.0822,0.0005
7050,326.7,244.1,92.6761,92.6766,92.7640,-0.0880,-0.0875,0.0005
7051,246.0,336.2,92.6708,92.6713,92.7593,-0.0885,-0.0880,0.0005
7052,532.2,269.7,92.6655,92.6659,92.7593,-0.0938,-0.0934,0.0005
7053,985.4,310.6,92.6601,92.6606,92.7546,-0.0944,-0.0939,0.0005
7054,1000.5,324.4,92.6548,92.6553,92.7499,-0.0950,-0.0946,0.0005
7055,996.6,321.5,92.6495,92.6500,92.7449,-0.0954,-0.0949,0.0005
7056,999.2,331.2,92.6442,92.6447,92.7403,-0.0961,-0.0956,0.0005
7057,1000.2,322.3,92.6388,92.6393,92.7354,-0.0965,-0.0961,0.0005
7058,998.8,328.6,92.6335,92.6340,92.7301,-0.0966,-0.0961,0.0005
7059,1001.2,329.1,92.6282,92.6286,92.7241,-0.0960,-0.0955,0.0005
7060,998.6,282.3,92.6228,92.6233,92.7185,-0.0957,-0.0952,0.0005
7061,1000.3,345.0,92.6175,92.6179,92.7129,-0.0954,-0.0949,0.0005
7062,1006.1,316.9,92.6121,92.6126,92.7073,-0.0952,-0.0947,0.0005
7063,998.1,292.2,92.6068,92.6072,92.7011,-0.0944,-0.0939,0.0005
7064,997.4,321.4,92.6014,92.6019,92.6953,-0.0939,-0.0935,0.0005
7065,999.0,330.7,92.5960,92.5965,92.6895,-0.0935,-0.0930,0.0005
7066,1002.0,331.2,92.5907,92.5911,92.6839,-0.0932,-0.0927,0.0005
7067,1018.0,317.5,92.5853,92.5857,92.6777,-0.0924,-0.0919,0.0005
7068,980.7,312.9,92.5799,92.5804,92.6719,-0.0920,-0.0916,0.0005
7069,1001.4,299.5,92.5745,92.5750,92.6660,-0.0915,-0.0911,0.0004
7070,1002.6,284.7,92.5691,92.5696,92.6601,-0.0910,-0.0905,0.0004
7071,1002.3,307.0,92.5638,92.5642,92.6537,-0.0899,-0.0895,0.0004
7072,987.7,288.9,92.5584,92.5588,92.6479,-0.0896,-0.0891,0.0004
7073,1006.8,273.2,92.5530,92.5534,92.6423,-0.0893,-0.0889,0.0004
7074,1004.0,327.5,92.5476,92.5480,92.6368,-0.0892,-0.0888,0.0004
7075,974.4,332.9,92.5422,92.5426,92.6307,-0.0886,-0.0881,0.0004
7076,1025.6,297.0,92.5367,92.5372,92.6250,-0.0883,-0.0878,0.0004
7077,970.1,288.7,92.5313,92.5318,92.6193,-0.0879,-0.0875,0.0004
7078,1024.8,275.6,92.5259,92.5263,92.6135,-0.0876,-0.0872,0.0004
7079,999.2,300.9,92.5205,92.5209,92.6072,-0.0867,-0.0863,0.0004
7080,1000.9,279.0,92.5151,92.5155,92.6015,-0.0864,-0.0860,0.0004
7081,999.8,263.1,92.5096,92.5101,92.5958,-0.0862,-0.0858,0.0004
7082,1002.6,300.6,92.5042,92.5046,92.5903,-0.0861,-0.0857,0.0004
7083,998.5,271.8,92.4988,92.4992,92.5847,-0.0860,-0.0855,0.0004
7084,1000.1,289.2,92.4933,92.4937,92.5786,-0.0852,-0.0848,0.0004
7085,1000.1,279.5,92.4879,92.4883,92.5728,-0.0849,-0.0845,0.0004
7086,1001.0,274.9,92.4824,92.4828,92.5671,-0.0846,-0.0842,0.0004
7087,1000.0,285.8,92.4770,92.4774,92.5613,-0.0844,-0.0840,0.0004
7088,1000.7,278.3,92.4715,92.4719,92.5554,-0.0839,-0.0835,0.0004
7089,1001.3,369.7,92.4661,92.4665,92.5500,-0.0840,-0.0835,0.0004
7090,998.8,335.8,92.4606,92.4610,92.5447,-0.0841,-0.0837,0.0004
7091,1004.1,335.0,92.4551,92.4555,92.5394,-0.0843,-0.0839,0.0004
7092,1051.5,247.4,92.4496,92.4500,92.5337,-0.0841,-0.0837,0.0004
7093,945.1,314.7,92.4442,92.4446,92.5285,-0.0843,-0.0839,0.0004
7094,997.6,328.8,92.4387,92.4391,92.5234,-0.0847,-0.0843,0.0004
7095,999.9,282.4,92.4332,92.4336,92.5185,-0.0853,-0.0850,0.0004
7096,1000.8,299.8,92.4277,92.4281,92.5136,-0.0859,-0.0855,0.0004
7097,997.7,304.7,92.4222,92.4226,92.5092,-0.0870,-0.0866,0.0004
7098,999.8,277.8,92.4167,92.4171,92.5049,-0.0881,-0.0878,0.0004
7099,999.1,304.9,92.4112,92.4116,92.5003,-0.0891,-0.0887,0.0004
7100,999.8,296.6,92.4057,92.4061,92.4954,-0.0897,-0.0893,0.0004
7101,1000.4,280.5,92.4002,92.4006,92.4906,-0.0904,-0.0901,0.0004
7102,1002.6,326.0,92.3947,92.3951,92.4858,-0.0912,-0.0908,0.0004
7103,1000.6,311.2,92.3892,92.3896,92.4811,-0.0919,-0.0915,0.0004
7104,999.0,294.5,92.3837,92.3840,92.4759,-0.0923,-0.0919,0.0004
7105,999.6,318.1,92.3781,92.3785,92.4710,-0.0929,-0.0925,0.0004
7106,1001.8,313.9,92.3726,92.3730,92.4661,-0.0935,-0.0931,0.0004
7107,997.2,282.4,92.3671,92.3675,92.4610,-0.0939,-0.0935,0.0004
7108,1017.5,298.7,92.3615,92.3619,92.4553,-0.0937,-0.0933,0.0004
7109,996.5,307.1,92.3560,92.3564,92.4497,-0.0936,-0.0933,0.0004
7110,998.3,293.4,92.3505,92.3508,92.4440,-0.0935,-0.0931,0.0004
7111,1001.5,328.4,92.3449,92.3453,92.4384,-0.0934,-0.0931,0.0004
7112,1014.5,336.3,92.3394,92.3397,92.4322,-0.0928,-0.0925,0.0004
7113,984.2,287.0,92.3338,92.3342,92.4264,-0.0926,-0.0922,0.0004
7114,1051.6,394.2,92.3283,92.3286,92.4205,-0.0923,-0.0919,0.0004
7115,954.6,364.6,92.3227,92.3231,92.4145,-0.0918,-0.0914,0.0004
7116,1000.8,349.4,92.3171,92.3175,92.4080,-0.0908,-0.0905,0.0004
7117,1008.2,327.9,92.3116,92.3119,92.4020,-0.0904,-0.0900,0.0004
7118,955.5,323.2,92.3060,92.3064,92.3961,-0.0901,-0.0897,0.0004
7119,1026.1,291.6,92.3004,92.3008,92.3903,-0.0899,-0.0895,0.0004
7120,1000.5,291.6,92.2948,92.2952,92.3841,-0.0892,-0.0889,0.0004
7121,998.8,301.3,92.2893,92.2896,92.3785,-0.0892,-0.0889,0.0003
7122,1001.3,278.2,92.2837,92.2840,92.3727,-0.0891,-0.0887,0.0003
7123,999.3,302.0,92.2781,92.2784,92.3668,-0.0887,-0.0884,0.0003
7124,999.0,317.1,92.2725,92.2728,92.3603,-0.0878,-0.0874,0.0003
7125,1002.0,282.5,92.2669,92.2672,92.3542,-0.0873,-0.0870,0.0003
7126,1001.5,314.4,92.2613,92.2616,92.3482,-0.0869,-0.0865,0.0003
7127,997.3,281.4,92.2557,92.2560,92.3422,-0.0865,-0.0861,0.0003
7128,1001.6,288.8,92.2501,92.2504,92.3357,-0.0856,-0.0853,0.0003
7129,1003.3,308.1,92.2445,92.2448,92.3297,-0.0853,-0.0849,0.0003
7130,998.2,291.0,92.2389,92.2392,92.3237,-0.0848,-0.0845,0.0003
7131,999.0,299.8,92.2332,92.2336,92.3176,-0.0843,-0.0840,0.0003
7132,1004.3,316.9,92.2276,92.2280,92.3112,-0.0835,-0.0832,0.0003
7133,1000.1,307.3,92.2220,92.2223,92.3054,-0.0834,-0.0830,0.0003
7134,993.1,354.6,92.2164,92.2167,92.2998,-0.0834,-0.0831,0.0003
7135,1056.4,337.5,92.2107,92.2111,92.2945,-0.0837,-0.0834,0.0003
7136,939.0,340.7,92.2051,92.2054,92.2889,-0.0838,-0.0834,0.0003
7137,1003.3,279.9,92.1995,92.1998,92.2837,-0.0842,-0.0839,0.0003
7138,997.4,274.6,92.1938,92.1941,92.2786,-0.0847,-0.0844,0.0003
7139,995.2,374.1,92.1882,92.1885,92.2734,-0.0853,-0.0849,0.0003
7140,1021.8,349.8,92.1825,92.1828,92.2685,-0.0860,-0.0857,0.0003
7141,993.4,320.6,92.1769,92.1772,92.2635,-0.0866,-0.0863,0.0003
7142,993.4,347.8,92.1712,92.1715,92.2589,-0.0877,-0.0874,0.0003
7143,1001.4,370.6,92.1656,92.1659,92.2545,-0.0889,-0.0886,0.0003
7144,998.4,368.7,92.1599,92.1602,92.2499,-0.0900,-0.0897,0.0003
7145,998.2,340.6,92.1542,92.1545,92.2447,-0.0905,-0.0902,0.0003
7146,1000.4,330.1,92.1486,92.1489,92.2398,-0.0912,-0.0909,0.0003
7147,1000.8,349.6,92.1429,92.1432,92.2349,-0.0920,-0.0917,0.0003
7148,1002.4,307.3,92.1372,92.1375,92.2302,-0.0929,-0.0926,0.0003
7149,998.7,305.8,92.1315,92.1318,92.2250,-0.0935,-0.0932,0.0003
7150,998.3,324.1,92.1258,92.1261,92.2201,-0.0943,-0.0940,0.0003
7151,1004.3,315.4,92.1202,92.1205,92.2153,-0.0951,-0.0948,0.0003
7152,998.4,305.5,92.1145,92.1148,92.2104,-0.0960,-0.0957,0.0003
7153,1005.8,330.7,92.1088,92.1091,92.2051,-0.0964,-0.0961,0.0003
7154,994.9,329.4,92.1031,92.1034,92.2000,-0.0969,-0.0966,0.0003
7155,1003.1,300.7,92.0974,92.0977,92.1948,-0.0974,-0.0971,0.0003
7156,1015.3,309.2,92.0917,92.0920,92.1895,-0.0978,-0.0975,0.0003
7157,998.9,282.3,92.0860,92.0863,92.1836,-0.0976,-0.0974,0.0003
7158,986.7,305.9,92.0803,92.0805,92.1781,-0.0979,-0.0976,0.0003
7159,998.7,302.0,92.0745,92.0748,92.1726,-0.0981,-0.0978,0.0003
7160,998.9,292.4,92.0688,92.0691,92.1670,-0.0982,-0.0979,0.0003
7161,1155.4,347.0,92.0631,92.0634,92.1612,-0.0980,-0.0978,0.0003
7162,861.5,338.7,92.0574,92.0577,92.1548,-0.0974,-0.0971,0.0003
7163,973.0,306.1,92.0517,92.0519,92.1487,-0.0971,-0.0968,0.0003
7164,979.0,306.5,92.0459,92.0462,92.1427,-0.0968,-0.0965,0.0003
7165,1002.9,315.1,92.0402,92.0405,92.1364,-0.0962,-0.0959,0.0003
7166,1015.1,300.3,92.0345,92.0347,92.1306,-0.0962,-0.0959,0.0003
7167,1073.2,345.8,92.0287,92.0290,92.1249,-0.0961,-0.0959,0.0003
7168,938.9,310.8,92.0230,92.0232,92.1188,-0.0958,-0.0956,0.0003
7169,999.2,290.4,92.0172,92.0175,92.1120,-0.0948,-0.0945,0.0003
7170,1003.0,289.5,92.0115,92.0117,92.1057,-0.0942,-0.0939,0.0003
7171,997.9,315.0,92.0057,92.0060,92.0995,-0.0938,-0.0935,0.0003
7172,997.8,285.8,92.0000,92.0002,92.0934,-0.0934,-0.0932,0.0003
7173,999.2,307.2,91.9942,91.9945,92.0868,-0.0926,-0.0923,0.0003
7174,1001.7,292.0,91.9885,91.9887,92.0805,-0.0921,-0.0918,0.0003
7175,1000.4,268.5,91.9827,91.9829,92.0742,-0.0915,-0.0913,0.0003
7176,999.4,304.1,91.9769,91.9772,92.0678,-0.0909,-0.0906,0.0003
7177,1001.4,288.2,91.9711,91.9714,92.0609,-0.0898,-0.0895,0.0003
7178,999.3,281.0,91.9654,91.9656,92.0545,-0.0892,-0.0889,0.0003
7179,1000.5,306.2,91.9596,91.9598,92.0483,-0.0887,-0.0884,0.0003
7180,999.0,291.2,91.9538,91.9541,92.0420,-0.0882,-0.0879,0.0003
7181,1004.1,381.7,91.9480,91.9483,92.0353,-0.0873,-0.0870,0.0002
7182,1006.4,339.4,91.9422,91.9425,92.0291,-0.0868,-0.0866,0.0002
7183,994.6,356.8,91.9365,91.9367,92.0231,-0.0866,-0.0864,0.0002
7184,1011.6,853.1,91.9307,91.9309,92.0174,-0.0867,-0.0865,0.0002
7185,961.0,308.6,91.9249,91.9251,92.0114,-0.0866,-0.0863,0.0002
7186,977.6,325.3,91.9191,91.9193,92.0061,-0.0870,-0.0868,0.0002
7187,1011.7,300.9,91.9133,91.9135,92.0009,-0.0876,-0.0874,0.0002
7188,1025.4,342.4,91.9075,91.9077,91.9957,-0.0883,-0.0880,0.0002
7189,1000.3,364.2,91.9017,91.9019,91.9892,-0.0876,-0.0874,0.0002
7190,998.0,328.9,91.8958,91.8961,91.9839,-0.0881,-0.0878,0.0002
7191,999.6,333.8,91.8900,91.8903,91.9793,-0.0893,-0.0891,0.0002
7192,999.4,296.6,91.8842,91.8844,91.9740,-0.0898,-0.0895,0.0002
7193,999.2,321.1,91.8784,91.8786,91.9673,-0.0889,-0.0887,0.0002
7194,999.2,332.5,91.8726,91.8728,91.9618,-0.0893,-0.0890,0.0002
7195,1001.8,341.1,91.8667,91.8670,91.9563,-0.0895,-0.0893,0.0002
7196,999.2,350.5,91.8609,91.8611,91.9508,-0.0899,-0.0897,0.0002
7197,1003.9,354.4,91.8551,91.8553,91.9449,-0.0898,-0.0896,0.0002
7198,999.8,341.6,91.8492,91.8495,91.9394,-0.0902,-0.0900,0.0002
7199,1000.7,344.8,91.8434,91.8436,91.9340,-0.0906,-0.0904,0.0002
7200,999.4,306.1,91.8376,91.8378,91.9287,-0.0912,-0.0910,0.0002
7201,1014.6,292.8,91.8317,91.8319,91.9229,-0.0912,-0.0910,0.0002
7202,983.2,278.7,91.8259,91.8261,91.9175,-0.0916,-0.0914,0.0002
7203,1000.9,276.9,91.8200,91.8202,91.9121,-0.0920,-0.0918,0.0002
7204,997.6,313.3,91.8142,91.8144,91.9066,-0.0924,-0.0922,0.0002
7205,1000.6,323.7,91.8083,91.8085,91.9008,-0.0925,-0.0922,0.0002
7206,1077.7,316.3,91.8025,91.8027,91.9008,-0.0983,-0.0981,0.0002
7207,933.4,330.4,91.7966,91.7968,91.8903,-0.0937,-0.0934,0.0002
7208,1000.5,299.7,91.7907,91.7910,91.8851,-0.0943,-0.0941,0.0002
7209,988.9,310.3,91.7849,91.7851,91.8851,-0.1002,-0.1000,0.0002
7210,999.0,302.3,91.7790,91.7792,91.8793,-0.1003,-0.1001,0.0002
7211,1009.5,598.4,91.7731,91.7733,91.8739,-0.1007,-0.1005,0.0002
7212,992.4,306.8,91.7673,91.7675,91.8683,-0.1010,-0.1008,0.0002
7213,1001.3,302.1,91.7614,91.7616,91.8626,-0.1012,-0.1010,0.0002
7214,997.3,305.1,91.7555,91.7557,91.8561,-0.1006,-0.1004,0.0002
7215,1000.3,311.3,91.7496,91.7498,91.8498,-0.1001,-0.0999,0.0002
7216,1001.1,301.1,91.7437,91.7439,91.8434,-0.0997,-0.0995,0.0002
7217,999.7,295.8,91.7378,91.7380,91.8374,-0.0996,-0.0994,0.0002
7218,999.3,296.1,91.7320,91.7321,91.8308,-0.0989,-0.0987,0.0002
7219,1000.5,268.0,91.7261,91.7263,91.8246,-0.0985,-0.0983,0.0002
7220,999.7,281.5,91.7202,91.7204,91.8181,-0.0979,-0.0977,0.0002
7221,1000.1,303.6,91.7143,91.7145,91.8111,-0.0968,-0.0966,0.0002
7222,999.1,274.1,91.7084,91.7086,91.8047,-0.0963,-0.0961,0.0002
7223,1001.3,283.5,91.7025,91.7026,91.7984,-0.0960,-0.0958,0.0002
7224,997.9,282.9,91.6965,91.6967,91.7923,-0.0958,-0.0956,0.0002
7225,1019.7,277.3,91.6906,91.6908,91.7862,-0.0956,-0.0954,0.0002
7226,999.4,319.3,91.6847,91.6849,91.7796,-0.0948,-0.0946,0.0002
7227,995.5,326.2,91.6788,91.6790,91.7733,-0.0945,-0.0943,0.0002
7228,996.8,301.2,91.6729,91.6731,91.7670,-0.0941,-0.0939,0.0002
7229,1000.7,316.1,91.6670,91.6671,91.7610,-0.0941,-0.0939,0.0002
7230,1380.1,375.0,91.6610,91.6612,91.7547,-0.0936,-0.0934,0.0002
7231,624.7,306.8,91.6551,91.6553,91.7489,-0.0938,-0.0936,0.0002
7232,999.1,323.5,91.6492,91.6494,91.7431,-0.0939,-0.0937,0.0002
7233,997.0,285.0,91.6433,91.6434,91.7373,-0.0940,-0.0938,0.0002
7234,1004.0,284.8,91.6373,91.6375,91.7313,-0.0940,-0.0938,0.0002
7235,994.5,290.4,91.6314,91.6316,91.7249,-0.0935,-0.0933,0.0002
7236,1008.7,365.5,91.6254,91.6256,91.7190,-0.0936,-0.0934,0.0002
7237,981.0,292.3,91.6195,91.6197,91.7132,-0.0937,-0.0935,0.0002
7238,1012.7,293.2,91.6136,91.6137,91.7070,-0.0935,-0.0933,0.0002
7239,1004.9,334.9,91.6076,91.6078,91.7012,-0.0936,-0.0934,0.0002
7240,994.8,298.5,91.6017,91.6018,91.6953,-0.0936,-0.0935,0.0002
7241,997.2,318.8,91.5957,91.5959,91.6894,-0.0937,-0.0935,0.0002
7242,1001.2,294.4,91.5898,91.5899,91.6830,-0.0933,-0.0931,0.0002
7243,999.5,292.4,91.5838,91.5840,91.6773,-0.0935,-0.0933,0.0002
7244,1000.1,286.0,91.5778,91.5780,91.6717,-0.0939,-0.0937,0.0002
7245,1000.8,293.9,91.5719,91.5720,91.6662,-0.0943,-0.0942,0.0002
7246,998.9,274.0,91.5659,91.5661,91.6600,-0.0941,-0.0940,0.0002
7247,1001.2,297.6,91.5599,91.5601,91.6542,-0.0942,-0.0941,0.0002
7248,996.9,293.1,91.5540,91.5541,91.6484,-0.0944,-0.0942,0.0002
7249,1055.2,391.3,91.5480,91.5482,91.6429,-0.0949,-0.0948,0.0002
7250,947.3,333.5,91.5420,91.5422,91.6372,-0.0952,-0.0950,0.0002
7251,992.0,353.9,91.5361,91.5362,91.6321,-0.0960,-0.0959,0.0002
7252,1010.2,338.8,91.5301,91.5302,91.6269,-0.0969,-0.0967,0.0002
7253,1002.2,325.1,91.5241,91.5242,91.6218,-0.0977,-0.0976,0.0001
7254,999.0,326.4,91.5181,91.5183,91.6161,-0.0980,-0.0979,0.0001
7255,1003.6,467.0,91.5121,91.5123,91.6108,-0.0986,-0.0985,0.0001
7256,1004.4,330.9,91.5061,91.5063,91.6053,-0.0992,-0.0990,0.0001
7257,989.0,333.1,91.5001,91.5003,91.5997,-0.0995,-0.0994,0.0001
7258,1007.0,351.5,91.4942,91.4943,91.5935,-0.0994,-0.0992,0.0001
7259,998.6,319.9,91.4882,91.4883,91.5879,-0.0997,-0.0996,0.0001
7260,1006.6,312.1,91.4822,91.4823,91.5822,-0.1000,-0.0999,0.0001
7261,965.2,354.4,91.4762,91.4763,91.5763,-0.1002,-0.1000,0.0001
7262,1023.7,323.0,91.4702,91.4703,91.5698,-0.0996,-0.0995,0.0001
7263,994.5,306.3,91.4641,91.4643,91.5635,-0.0994,-0.0992,0.0001
7264,994.6,322.4,91.4581,91.4583,91.5570,-0.0988,-0.0987,0.0001
7265,999.7,296.5,91.4521,91.4523,91.5503,-0.0982,-0.0980,0.0001
7266,1000.1,346.1,91.4461,91.4463,91.5435,-0.0974,-0.0972,0.0001
7267,1002.4,352.7,91.4401,91.4402,91.5373,-0.0972,-0.0970,0.0001
7268,997.7,351.0,91.4341,91.4342,91.5311,-0.0970,-0.0968,0.0001
7269,1021.4,312.5,91.4281,91.4282,91.5248,-0.0967,-0.0966,0.0001
7270,989.7,317.0,91.4220,91.4222,91.5179,-0.0958,-0.0957,0.0001
7271,1003.0,344.1,91.4160,91.4161,91.5114,-0.0954,-0.0952,0.0001
7272,1004.3,424.0,91.4100,91.4101,91.5052,-0.0952,-0.0951,0.0001
7273,992.4,353.1,91.4040,91.4041,91.4992,-0.0953,-0.0951,0.0001
7274,999.2,382.8,91.3979,91.3981,91.4930,-0.0951,-0.0950,0.0001
7275,1012.3,399.2,91.3919,91.3920,91.4872,-0.0953,-0.0952,0.0001
7276,1001.0,392.5,91.3859,91.3860,91.4812,-0.0954,-0.0953,0.0001
7277,980.0,383.4,91.3798,91.3800,91.4751,-0.0953,-0.0952,0.0001
7278,997.6,343.7,91.3738,91.3739,91.4684,-0.0946,-0.0945,0.0001
7279,999.2,326.9,91.3678,91.3679,91.4621,-0.0944,-0.0942,0.0001
7280,1003.8,366.6,91.3617,91.3618,91.4559,-0.0942,-0.0941,0.0001
7281,996.6,708.3,91.3557,91.3558,91.4497,-0.0940,-0.0939,0.0001
7282,967.0,343.1,91.3496,91.3497,91.4429,-0.0933,-0.0932,0.0001
7283,1042.3,334.8,91.3436,91.3437,91.4364,-0.0929,-0.0928,0.0001
7284,1003.0,346.0,91.3375,91.3376,91.4300,-0.0924,-0.0923,0.0001
7285,999.9,339.3,91.3315,91.3316,91.4234,-0.0920,-0.0918,0.0001
7286,1002.7,326.7,91.3254,91.3255,91.4167,-0.0913,-0.0911,0.0001
7287,995.0,320.4,91.3193,91.3195,91.4106,-0.0912,-0.0911,0.0001
7288,957.5,280.8,91.3133,91.3134,91.4046,-0.0913,-0.0912,0.0001
7289,1032.6,335.6,91.3072,91.3073,91.3986,-0.0913,-0.0912,0.0001
7290,999.1,329.7,91.3012,91.3013,91.3921,-0.0909,-0.0908,0.0001
7291,998.3,343.8,91.2951,91.2952,91.3859,-0.0908,-0.0907,0.0001
7292,1000.0,343.7,91.2890,91.2891,91.3799,-0.0908,-0.0907,0.0001
7293,1000.2,299.1,91.2829,91.2831,91.3741,-0.0912,-0.0911,0.0001
7294,1002.1,352.2,91.2769,91.2770,91.3682,-0.0913,-0.0912,0.0001
7295,1016.4,366.5,91.2708,91.2709,91.3629,-0.0921,-0.0920,0.0001
7296,992.6,327.2,91.2647,91.2648,91.3575,-0.0927,-0.0926,0.0001
7297,998.5,341.5,91.2586,91.2587,91.3514,-0.0927,-0.0926,0.0001
7298,999.7,306.6,91.2526,91.2527,91.3456,-0.0930,-0.0929,0.0001
7299,1001.1,308.6,91.2465,91.2466,91.3399,-0.0934,-0.0933,0.0001
7300,1000.4,311.1,91.2404,91.2405,91.3344,-0.0940,-0.0939,0.0001
7301,1421.3,490.5,91.2343,91.2344,91.3286,-0.0943,-0.0942,0.0001
7302,579.6,332.3,91.2282,91.2283,91.3231,-0.0949,-0.0948,0.0001
7303,998.9,390.8,91.2221,91.2222,91.3176,-0.0954,-0.0953,0.0001
7304,1015.0,341.4,91.2160,91.2161,91.3120,-0.0959,-0.0958,0.0001
7305,1007.2,359.1,91.2099,91.2100,91.3058,-0.0958,-0.0958,0.0001
7306,985.6,365.1,91.2038,91.2039,91.3001,-0.0962,-0.0961,0.0001
7307,995.3,350.2,91.1977,91.1978,91.2943,-0.0966,-0.0965,0.0001
7308,1000.5,325.1,91.1916,91.1917,91.2885,-0.0969,-0.0968,0.0001
7309,1006.0,331.2,91.1855,91.1856,91.2823,-0.0968,-0.0967,0.0001
7310,995.1,321.7,91.1794,91.1795,91.2765,-0.0971,-0.0970,0.0001
7311,997.0,315.5,91.1733,91.1734,91.2707,-0.0974,-0.0973,0.0001
7312,998.0,350.6,91.1672,91.1673,91.2649,-0.0976,-0.0975,0.0001
7313,1013.7,340.4,91.1611,91.1612,91.2589,-0.0978,-0.0977,0.0001
7314,987.4,384.2,91.1550,91.1551,91.2525,-0.0975,-0.0974,0.0001
7315,997.8,401.5,91.1489,91.1490,91.2467,-0.0978,-0.0977,0.0001
7316,999.6,373.8,91.1428,91.1429,91.2409,-0.0982,-0.0981,0.0001
7317,1001.8,333.5,91.1367,91.1367,91.2353,-0.0987,-0.0986,0.0001
7318,998.8,337.2,91.1305,91.1306,91.2292,-0.0987,-0.0986,0.0001
7319,1001.9,329.6,91.1244,91.1245,91.2235,-0.0991,-0.0990,0.0001
7320,999.5,303.7,91.1183,91.1184,91.2178,-0.0995,-0.0994,0.0001
7321,1001.8,338.3,91.1122,91.1123,91.2118,-0.0996,-0.0995,0.0001
7322,998.3,347.4,91.1061,91.1061,91.2053,-0.0992,-0.0992,0.0001
7323,998.5,312.6,91.0999,91.1000,91.1993,-0.0994,-0.0993,0.0001
7324,1001.3,361.4,91.0938,91.0939,91.1935,-0.0997,-0.0996,0.0001
7325,1003.7,340.7,91.0877,91.0877,91.1875,-0.0998,-0.0997,0.0001
7326,998.3,335.6,91.0815,91.0816,91.1809,-0.0994,-0.0993,0.0001
7327,998.3,446.1,91.0754,91.0755,91.1747,-0.0993,-0.0992,0.0001
7328,1004.0,329.8,91.0693,91.0693,91.1683,-0.0990,-0.0989,0.0001
7329,995.4,340.5,91.0631,91.0632,91.1618,-0.0987,-0.0986,0.0001
7330,1013.8,318.8,91.0570,91.0571,91.1549,-0.0979,-0.0978,0.0001
7331,960.5,330.5,91.0508,91.0509,91.1483,-0.0975,-0.0974,0.0001
7332,1028.9,331.8,91.0447,91.0448,91.1418,-0.0971,-0.0971,0.0001
7333,1000.4,332.5,91.0386,91.0386,91.1352,-0.0967,-0.0966,0.0001
7334,997.4,335.2,91.0324,91.0325,91.1284,-0.0960,-0.0959,0.0001
7335,999.0,337.3,91.0263,91.0263,91.1221,-0.0958,-0.0957,0.0001
7336,1000.4,318.4,91.0201,91.0202,91.1158,-0.0957,-0.0957,0.0001
7337,1006.6,321.5,91.0140,91.0140,91.1097,-0.0958,-0.0957,0.0001
7338,993.0,309.9,91.0078,91.0079,91.1033,-0.0955,-0.0954,0.0001
7339,1000.4,358.9,91.0017,91.0017,91.0973,-0.0957,-0.0956,0.0001
7340,998.8,352.6,90.9955,90.9956,91.0912,-0.0957,-0.0956,0.0001
7341,1010.5,360.8,90.9893,90.9894,91.0850,-0.0957,-0.0956,0.0001
7342,990.4,328.0,90.9832,90.9832,91.0783,-0.0952,-0.0951,0.0001
7343,1000.1,300.6,90.9770,90.9771,91.0722,-0.0952,-0.0952,0.0001
7344,999.0,322.6,90.9709,90.9709,91.0662,-0.0953,-0.0953,0.0001
7345,1004.3,323.5,90.9647,90.9648,91.0602,-0.0955,-0.0954,0.0001
7346,1088.1,333.7,90.9585,90.9586,91.0538,-0.0952,-0.0952,0.0001
7347,910.7,348.8,90.9524,90.9524,91.0475,-0.0952,-0.0951,0.0001
7348,998.9,339.8,90.9462,90.9463,91.0413,-0.0951,-0.0950,0.0001
7349,1000.4,326.4,90.9400,90.9401,91.0351,-0.0950,-0.0950,0.0001
7350,999.4,379.2,90.9339,90.9339,91.0285,-0.0946,-0.0946,0.0001
7351,1001.1,375.8,90.9277,90.9277,91.0225,-0.0948,-0.0947,0.0001
7352,1061.6,409.1,90.9215,90.9216,91.0165,-0.0950,-0.0950,0.0001
7353,938.2,357.5,90.9153,90.9154,91.0108,-0.0955,-0.0954,0.0001
7354,1026.3,319.1,90.9092,90.9092,91.0047,-0.0956,-0.0955,0.0001
7355,957.0,324.3,90.9030,90.9030,90.9989,-0.0959,-0.0958,0.0001
7356,1025.8,323.9,90.8968,90.8968,90.9930,-0.0962,-0.0962,0.0001
7357,989.3,314.2,90.8906,90.8907,90.9873,-0.0967,-0.0967,0.0001
7358,998.6,324.6,90.8844,90.8845,90.9804,-0.0960,-0.0959,0.0000
7359,1005.7,344.6,90.8782,90.8783,90.9748,-0.0966,-0.0965,0.0000
7360,994.1,326.0,90.8721,90.8721,90.9693,-0.0973,-0.0972,0.0000
7361,1002.3,643.3,90.8659,90.8659,90.9638,-0.0980,-0.0979,0.0000
7362,1001.5,357.5,90.8597,90.8597,90.9577,-0.0980,-0.0979,0.0000
7363,997.6,350.8,90.8535,90.8535,90.9518,-0.0983,-0.0982,0.0000
7364,1001.1,385.1,90.8473,90.8474,90.9458,-0.0985,-0.0984,0.0000
7365,997.8,364.1,90.8411,90.8412,90.9392,-0.0981,-0.0981,0.0000
7366,1002.8,390.2,90.8349,90.8350,90.9331,-0.0982,-0.0982,0.0000
7367,998.1,368.5,90.8287,90.8288,90.9271,-0.0984,-0.0984,0.0000
7368,1000.8,365.0,90.8225,90.8226,90.9211,-0.0986,-0.0985,0.0000
7369,999.7,348.2,90.8163,90.8164,90.9148,-0.0984,-0.0984,0.0000
7370,999.7,373.6,90.8101,90.8102,90.9078,-0.0977,-0.0976,0.0000
7371,1000.4,411.2,90.8039,90.8040,90.9013,-0.0974,-0.0973,0.0000
7372,999.4,400.0,90.7977,90.7978,90.8950,-0.0972,-0.0972,0.0000
7373,1003.8,429.5,90.7915,90.7916,90.8882,-0.0966,-0.0966,0.0000
7374,997.6,407.0,90.7853,90.7854,90.8817,-0.0964,-0.0964,0.0000
7375,999.0,375.1,90.7791,90.7792,90.8753,-0.0962,-0.0961,0.0000
7376,999.6,359.0,90.7729,90.7730,90.8688,-0.0959,-0.0959,0.0000
7377,998.1,380.4,90.7667,90.7667,90.8688,-0.1021,-0.1021,0.0000
7378,1000.5,370.7,90.7605,90.7605,90.8622,-0.1017,-0.1017,0.0000
7379,999.8,378.1,90.7543,90.7543,90.8552,-0.1010,-0.1009,0.0000
7380,1005.4,356.9,90.7481,90.7481,90.8488,-0.1007,-0.1007,0.0000
7381,1001.5,775.0,90.7419,90.7419,90.8424,-0.1005,-0.1005,0.0000
7382,993.4,366.9,90.7357,90.7357,90.8359,-0.1002,-0.1002,0.0000
7383,1000.4,353.1,90.7294,90.7295,90.8288,-0.0993,-0.0993,0.0000
7384,997.9,380.7,90.7232,90.7233,90.8219,-0.0987,-0.0986,0.0000
7385,1000.4,331.8,90.7170,90.7170,90.8151,-0.0981,-0.0980,0.0000
7386,1069.5,550.1,90.7108,90.7108,90.8084,-0.0976,-0.0976,0.0000
7387,933.1,349.7,90.7046,90.7046,90.8015,-0.0969,-0.0969,0.0000
7388,1009.3,520.8,90.6983,90.6984,90.7952,-0.0968,-0.0968,0.0000
7389,1772.6,555.0,90.6921,90.6922,90.7825,-0.0904,-0.0904,0.0000
7390,566.5,376.3,90.6859,90.6859,90.7825,-0.0966,-0.0966,0.0000
7391,654.3,357.4,90.6797,90.6797,90.7760,-0.0963,-0.0963,0.0000
7392,1012.3,376.6,90.6735,90.6735,90.7690,-0.0956,-0.0955,0.0000
7393,1012.5,330.5,90.6672,90.6673,90.7628,-0.0956,-0.0956,0.0000
7394,965.9,335.1,90.6610,90.6610,90.7568,-0.0958,-0.0958,0.0000
7395,1003.1,337.5,90.6548,90.6548,90.7511,-0.0963,-0.0963,0.0000
7396,1007.0,342.2,90.6485,90.6486,90.7448,-0.0962,-0.0962,0.0000
7397,1001.0,387.5,90.6423,90.6423,90.7390,-0.0967,-0.0967,0.0000
7398,995.5,389.3,90.6361,90.6361,90.7333,-0.0972,-0.0972,0.0000
7399,997.1,349.8,90.6298,90.6299,90.7277,-0.0978,-0.0978,0.0000
7400,1000.4,341.7,90.6236,90.6236,90.7219,-0.0983,-0.0982,0.0000
7401,1000.7,370.4,90.6174,90.6174,90.7166,-0.0993,-0.0992,0.0000
7402,999.1,345.5,90.6111,90.6112,90.7117,-0.1005,-0.1005,0.0000
7403,1003.9,365.2,90.6049,90.6049,90.7067,-0.1018,-0.1018,0.0000
7404,997.0,324.1,90.5987,90.5987,90.7011,-0.1024,-0.1024,0.0000
7405,998.8,338.1,90.5924,90.5925,90.6958,-0.1033,-0.1033,0.0000
7406,1001.9,337.2,90.5862,90.5862,90.6904,-0.1042,-0.1042,0.0000
7407,1000.8,764.6,90.5800,90.5800,90.6849,-0.1050,-0.1049,0.0000
7408,1006.0,420.7,90.5737,90.5737,90.6789,-0.1052,-0.1052,0.0000
7409,1000.5,736.0,90.5675,90.5675,90.6733,-0.1058,-0.1058,0.0000
7410,1011.8,401.6,90.5612,90.5613,90.6675,-0.1063,-0.1063,0.0000
7411,985.7,347.0,90.5550,90.5550,90.6616,-0.1067,-0.1066,0.0000
7412,1562.5,327.2,90.5487,90.5488,90.6489,-0.1002,-0.1002,0.0000
7413,435.5,354.7,90.5425,90.5425,90.6489,-0.1065,-0.1064,0.0000
7414,1006.1,358.2,90.5363,90.5363,90.6426,-0.1063,-0.1063,0.0000
7415,998.1,369.0,90.5300,90.5300,90.6361,-0.1061,-0.1061,0.0000
7416,998.3,366.4,90.5238,90.5238,90.6291,-0.1053,-0.1053,0.0000
7417,1000.1,322.2,90.5175,90.5175,90.6225,-0.1050,-0.1050,0.0000
7418,1003.1,330.4,90.5113,90.5113,90.6159,-0.1046,-0.1046,0.0000
7419,994.8,337.5,90.5050,90.5050,90.6091,-0.1041,-0.1041,0.0000
7420,997.5,309.7,90.4988,90.4988,90.6017,-0.1030,-0.1030,0.0000
7421,999.6,324.9,90.4925,90.4925,90.5949,-0.1024,-0.1024,0.0000
7422,1020.6,341.0,90.4863,90.4863,90.5884,-0.1021,-0.1021,0.0000
7423,990.2,315.2,90.4800,90.4800,90.5819,-0.1019,-0.1019,0.0000
7424,996.9,345.9,90.4737,90.4738,90.5749,-0.1012,-0.1012,0.0000
7425,1007.3,353.6,90.4675,90.4675,90.5684,-0.1010,-0.1009,0.0000
7426,991.4,346.5,90.4612,90.4612,90.5617,-0.1005,-0.1005,0.0000
7427,1003.9,444.7,90.4550,90.4550,90.5549,-0.0999,-0.0999,0.0000
7428,995.4,354.6,90.4487,90.4487,90.5475,-0.0987,-0.0987,0.0000
7429,1002.0,333.5,90.4425,90.4425,90.5406,-0.0982,-0.0982,0.0000
7430,1006.6,332.1,90.4362,90.4362,90.5338,-0.0976,-0.0976,0.0000
7431,995.4,590.2,90.4299,90.4300,90.5270,-0.0971,-0.0971,0.0000
7432,997.9,444.8,90.4237,90.4237,90.5196,-0.0959,-0.0959,0.0000
7433,995.0,345.2,90.4174,90.4174,90.5126,-0.0952,-0.0952,0.0000
7434,997.6,621.5,90.4112,90.4112,90.5057,-0.0945,-0.0945,0.0000
7435,970.0,376.9,90.4049,90.4049,90.4988,-0.0939,-0.0939,0.0000
7436,1035.1,350.3,90.3986,90.3986,90.4916,-0.0929,-0.0929,0.0000
7437,1005.7,392.5,90.3924,90.3924,90.4852,-0.0928,-0.0928,0.0000
7438,982.1,332.9,90.3861,90.3861,90.4787,-0.0926,-0.0926,0.0000
7439,1007.5,370.5,90.3798,90.3799,90.4722,-0.0924,-0.0924,0.0000
7440,998.7,420.4,90.3736,90.3736,90.4654,-0.0918,-0.0918,0.0000
7441,999.6,393.1,90.3673,90.3673,90.4592,-0.0919,-0.0919,0.0000
7442,998.5,454.3,90.3611,90.3611,90.4533,-0.0923,-0.0923,0.0000
7443,1005.8,398.3,90.3548,90.3548,90.4476,-0.0928,-0.0928,0.0000
7444,995.0,365.0,90.3485,90.3485,90.4416,-0.0930,-0.0930,0.0000
7445,998.9,418.4,90.3422,90.3423,90.4358,-0.0936,-0.0936,0.0000
7446,999.6,349.3,90.3360,90.3360,90.4302,-0.0942,-0.0942,0.0000
7447,1025.2,300.8,90.3297,90.3297,90.4244,-0.0947,-0.0947,0.0000
7448,980.2,331.5,90.3234,90.3234,90.4183,-0.0948,-0.0948,0.0000
7449,1008.5,353.4,90.3172,90.3172,90.4126,-0.0954,-0.0954,0.0000
7450,997.5,349.4,90.3109,90.3109,90.4070,-0.0961,-0.0961,0.0000
7451,992.0,424.6,90.3046,90.3046,90.4014,-0.0968,-0.0967,0.0000
7452,1001.7,395.3,90.2984,90.2984,90.3953,-0.0970,-0.0970,0.0000
7453,1000.0,341.5,90.2921,90.2921,90.3896,-0.0975,-0.0975,0.0000
7454,1000.3,362.2,90.2858,90.2858,90.3838,-0.0980,-0.0980,0.0000
7455,999.7,396.2,90.2795,90.2795,90.3778,-0.0983,-0.0983,0.0000
7456,1000.6,372.2,90.2733,90.2733,90.3715,-0.0982,-0.0982,0.0000
7457,1028.5,355.3,90.2670,90.2670,90.3655,-0.0985,-0.0985,0.0000
7458,969.5,326.8,90.2607,90.2607,90.3596,-0.0989,-0.0988,0.0000
7459,999.6,359.7,90.2544,90.2544,90.3535,-0.0991,-0.0991,0.0000
7460,1010.2,347.4,90.2482,90.2482,90.3468,-0.0986,-0.0986,0.0000
7461,994.8,333.7,90.2419,90.2419,90.3404,-0.0985,-0.0985,0.0000
7462,999.1,345.7,90.2356,90.2356,90.3339,-0.0983,-0.0983,0.0000
7463,995.4,393.1,90.2293,90.2293,90.3275,-0.0982,-0.0982,0.0000
7464,1001.2,354.2,90.2231,90.2231,90.3208,-0.0978,-0.0978,0.0000
7465,999.5,410.1,90.2168,90.2168,90.3148,-0.0980,-0.0980,0.0000
7466,1000.2,414.0,90.2105,90.2105,90.3087,-0.0982,-0.0982,0.0000
7467,1000.1,354.0,90.2042,90.2042,90.3024,-0.0982,-0.0982,0.0000
7468,1002.7,390.0,90.1980,90.1980,90.2954,-0.0975,-0.0975,0.0000
7469,965.4,349.8,90.1917,90.1917,90.2887,-0.0970,-0.0970,0.0000
7470,1040.8,385.0,90.1854,90.1854,90.2820,-0.0966,-0.0966,0.0000
7471,994.9,348.9,90.1791,90.1791,90.2755,-0.0964,-0.0964,0.0000
7472,1007.1,338.4,90.1728,90.1728,90.2686,-0.0958,-0.0958,0.0000
7473,1002.0,335.5,90.1666,90.1666,90.2622,-0.0956,-0.0956,0.0000
7474,999.4,363.0,90.1603,90.1603,90.2556,-0.0953,-0.0953,0.0000
7475,971.8,384.9,90.1540,90.1540,90.2489,-0.0949,-0.0949,0.0000
7476,1018.5,404.1,90.1477,90.1477,90.2415,-0.0938,-0.0938,0.0000
7477,998.7,343.7,90.1414,90.1414,90.2348,-0.0933,-0.0933,0.0000
7478,1325.0,421.0,90.1352,90.1352,90.2282,-0.0930,-0.0930,0.0000
7479,673.2,309.9,90.1289,90.1289,90.2216,-0.0927,-0.0927,0.0000
7480,1006.8,318.2,90.1226,90.1226,90.2145,-0.0919,-0.0919,0.0000
7481,1014.0,319.5,90.1163,90.1163,90.2080,-0.0917,-0.0917,0.0000
7482,985.1,339.6,90.1100,90.1100,90.2018,-0.0917,-0.0917,0.0000
7483,997.6,349.0,90.1038,90.1038,90.1956,-0.0919,-0.0919,0.0000
7484,999.6,397.1,90.0975,90.0975,90.1897,-0.0922,-0.0922,0.0000
7485,1001.4,328.3,90.0912,90.0912,90.1836,-0.0924,-0.0924,0.0000
7486,995.7,364.4,90.0849,90.0849,90.1781,-0.0932,-0.0932,0.0000
7487,1000.2,379.2,90.0786,90.0786,90.1726,-0.0939,-0.0939,0.0000
7488,999.9,436.9,90.0723,90.0723,90.1665,-0.0941,-0.0941,0.0000
7489,1011.1,412.0,90.0661,90.0661,90.1607,-0.0946,-0.0946,0.0000
7490,1009.3,404.7,90.0598,90.0598,90.1550,-0.0952,-0.0952,0.0000
7491,980.1,399.6,90.0535,90.0535,90.1492,-0.0957,-0.0957,0.0000
7492,1012.7,395.2,90.0472,90.0472,90.1431,-0.0959,-0.0959,0.0000
7493,1015.6,352.5,90.0409,90.0409,90.1374,-0.0964,-0.0964,0.0000
7494,969.2,327.2,90.0346,90.0346,90.1315,-0.0969,-0.0969,0.0000
7495,1000.4,318.1,90.0284,90.0284,90.1257,-0.0973,-0.0973,0.0000
7496,1002.8,373.3,90.0221,90.0221,90.1193,-0.0972,-0.0972,0.0000
7497,996.9,344.8,90.0158,90.0158,90.1133,-0.0975,-0.0975,0.0000
7498,999.2,367.5,90.0095,90.0095,90.1075,-0.0980,-0.0980,0.0000
7499,1013.6,351.6,90.0032,90.0032,90.1017,-0.0984,-0.0984,0.0000
7500,992.6,491.0,89.9969,89.9969,90.0954,-0.0984,-0.0984,0.0000
7501,1012.1,375.5,89.9907,89.9907,90.0896,-0.0989,-0.0989,0.0000
7502,995.9,361.7,89.9844,89.9844,90.0838,-0.0994,-0.0994,0.0000
7503,997.9,317.7,89.9781,89.9781,90.0779,-0.0998,-0.0998,0.0000
7504,997.5,364.1,89.9718,89.9718,90.0716,-0.0997,-0.0997,0.0000
7505,995.7,340.2,89.9655,89.9655,90.0657,-0.1002,-0.1002,0.0000
7506,999.1,356.8,89.9592,89.9592,90.0601,-0.1008,-0.1008,0.0000
7507,997.9,352.4,89.9530,89.9530,90.0545,-0.1015,-0.1015,0.0000
7508,1000.0,349.8,89.9467,89.9467,90.0481,-0.1014,-0.1014,0.0000
7509,999.7,352.7,89.9404,89.9404,90.0421,-0.1017,-0.1017,0.0000
7510,1000.2,349.8,89.9341,89.9341,90.0359,-0.1018,-0.1018,0.0000
7511,999.4,349.3,89.9278,89.9278,90.0294,-0.1016,-0.1016,0.0000
7512,1004.3,353.5,89.9216,89.9216,90.0225,-0.1009,-0.1009,0.0000
7513,1002.7,356.2,89.9153,89.9153,90.0161,-0.1008,-0.1008,0.0000
7514,995.4,359.4,89.9090,89.9090,90.0095,-0.1005,-0.1005,0.0000
7515,1002.0,379.3,89.9027,89.9027,90.0029,-0.1002,-0.1002,0.0000
7516,998.4,381.8,89.8964,89.8964,89.9955,-0.0991,-0.0991,0.0000
7517,999.3,342.9,89.8901,89.8901,89.9885,-0.0984,-0.0984,0.0000
7518,1003.9,359.1,89.8839,89.8839,89.9815,-0.0976,-0.0976,0.0000
7519,1000.5,359.8,89.8776,89.8776,89.9745,-0.0970,-0.0970,0.0000
7520,999.2,336.6,89.8713,89.8713,89.9672,-0.0959,-0.0959,0.0000
7521,997.2,325.7,89.8650,89.8650,89.9604,-0.0954,-0.0954,0.0000
7522,1013.6,614.8,89.8587,89.8587,89.9537,-0.0949,-0.0949,0.0000
7523,994.5,354.0,89.8525,89.8525,89.9468,-0.0943,-0.0943,0.0000
7524,993.7,382.5,89.8462,89.8462,89.9394,-0.0933,-0.0933,0.0000
7525,1049.3,359.3,89.8399,89.8399,89.9328,-0.0929,-0.0929,0.0000
7526,951.9,401.8,89.8336,89.8336,89.9263,-0.0927,-0.0927,0.0000
7527,994.8,487.0,89.8273,89.8273,89.9200,-0.0927,-0.0927,0.0000
7528,1000.1,377.2,89.8211,89.8211,89.9135,-0.0924,-0.0924,0.0000
7529,1002.9,335.7,89.8148,89.8148,89.9073,-0.0926,-0.0926,0.0000
7530,1001.4,344.3,89.8085,89.8085,89.9001,-0.0916,-0.0916,0.0000
7531,995.7,361.7,89.8022,89.8022,89.8938,-0.0916,-0.0916,0.0000
7532,1000.1,338.4,89.7959,89.7959,89.8872,-0.0913,-0.0913,0.0000
7533,998.1,351.6,89.7897,89.7897,89.8812,-0.0915,-0.0915,0.0000
7534,998.8,364.7,89.7834,89.7834,89.8752,-0.0918,-0.0918,0.0000
7535,1000.3,347.7,89.7771,89.7771,89.8691,-0.0920,-0.0920,0.0000
7536,1000.2,344.2,89.7708,89.7708,89.8625,-0.0917,-0.0917,0.0000
7537,1005.8,396.6,89.7646,89.7646,89.8563,-0.0918,-0.0918,0.0000
7538,1010.4,624.1,89.7583,89.7583,89.8502,-0.0919,-0.0919,0.0000
7539,1029.1,339.2,89.7520,89.7520,89.8442,-0.0922,-0.0922,0.0000
7540,962.5,372.9,89.7457,89.7457,89.8378,-0.0921,-0.0921,0.0000
7541,999.7,349.4,89.7395,89.7395,89.8319,-0.0924,-0.0924,0.0000
7542,1006.7,405.1,89.7332,89.7332,89.8260,-0.0928,-0.0928,0.0000
7543,1014.4,334.0,89.7269,89.7269,89.8199,-0.0930,-0.0930,0.0000
7544,1752.7,469.3,89.7206,89.7206,89.8079,-0.0872,-0.0872,0.0000
7545,477.5,314.8,89.7144,89.7144,89.8079,-0.0935,-0.0935,0.0000
7546,746.4,346.9,89.7081,89.7081,89.8025,-0.0944,-0.0944,0.0000
7547,1000.0,345.8,89.7018,89.7018,89.7973,-0.0955,-0.0955,0.0000
7548,999.5,341.6,89.6955,89.6955,89.7973,-0.1018,-0.1018,0.0000
7549,1590.4,323.6,89.6893,89.6893,89.7861,-0.0968,-0.0968,0.0000
7550,408.3,333.4,89.6830,89.6830,89.7861,-0.1031,-0.1031,0.0000
7551,1001.7,351.5,89.6767,89.6767,89.7804,-0.1037,-0.1037,0.0000
7552,998.6,334.6,89.6705,89.6705,89.7745,-0.1040,-0.1040,0.0000
7553,999.6,315.6,89.6642,89.6642,89.7679,-0.1037,-0.1037,0.0000
7554,1000.3,342.2,89.6579,89.6579,89.7620,-0.1041,-0.1040,0.0000
7555,999.9,326.5,89.6516,89.6517,89.7561,-0.1044,-0.1044,0.0000
7556,999.7,335.6,89.6454,89.6454,89.7502,-0.1048,-0.1048,0.0000
7557,1000.8,381.2,89.6391,89.6391,89.7437,-0.1045,-0.1045,0.0000
7558,1061.6,351.5,89.6328,89.6329,89.7373,-0.1044,-0.1044,0.0000
7559,948.5,333.5,89.6266,89.6266,89.7308,-0.1042,-0.1042,0.0000
7560,990.0,359.0,89.6203,89.6203,89.7243,-0.1039,-0.1039,0.0000
7561,1008.3,346.3,89.6140,89.6141,89.7169,-0.1029,-0.1029,0.0000
7562,997.9,352.0,89.6078,89.6078,89.7103,-0.1025,-0.1025,0.0000
7563,994.9,390.2,89.6015,89.6015,89.7038,-0.1022,-0.1022,0.0000
7564,999.8,384.5,89.5953,89.5953,89.6973,-0.1021,-0.1021,0.0000
7565,1001.4,361.0,89.5890,89.5890,89.6904,-0.1014,-0.1013,0.0000
7566,1000.0,367.0,89.5827,89.5827,89.6839,-0.1011,-0.1011,0.0000
7567,999.4,312.2,89.5765,89.5765,89.6775,-0.1011,-0.1011,0.0000
7568,1000.1,290.0,89.5702,89.5702,89.6714,-0.1012,-0.1012,0.0000
7569,1000.0,323.3,89.5640,89.5640,89.6650,-0.1011,-0.1010,0.0000
7570,1001.2,324.2,89.5577,89.5577,89.6591,-0.1014,-0.1014,0.0000
7571,994.7,283.7,89.5514,89.5514,89.6529,-0.1015,-0.1015,0.0000
7572,999.4,319.3,89.5452,89.5452,89.6466,-0.1014,-0.1014,0.0000
7573,1000.9,311.6,89.5389,89.5389,89.6398,-0.1009,-0.1009,0.0000
7574,1000.5,316.3,89.5327,89.5327,89.6334,-0.1008,-0.1008,0.0000
7575,999.5,314.0,89.5264,89.5264,89.6271,-0.1007,-0.1007,0.0000
7576,1000.3,318.7,89.5202,89.5202,89.6206,-0.1005,-0.1005,0.0000
7577,999.9,301.9,89.5139,89.5139,89.6136,-0.0997,-0.0997,0.0000
7578,1004.7,347.1,89.5076,89.5077,89.6070,-0.0993,-0.0993,0.0000
7579,996.7,329.3,89.5014,89.5014,89.6003,-0.0989,-0.0988,0.0000
7580,999.4,320.7,89.4951,89.4952,89.5936,-0.0984,-0.0984,0.0000
7581,1001.7,325.4,89.4889,89.4889,89.5865,-0.0976,-0.0976,0.0000
7582,1023.1,313.4,89.4826,89.4827,89.5801,-0.0974,-0.0974,0.0000
7583,969.2,287.2,89.4764,89.4764,89.5734,-0.0971,-0.0970,0.0000
7584,1000.8,352.0,89.4701,89.4702,89.5668,-0.0966,-0.0966,0.0000
7585,1005.2,294.5,89.4639,89.4639,89.5602,-0.0964,-0.0963,0.0000
7586,994.8,278.3,89.4576,89.4577,89.5534,-0.0958,-0.0958,0.0000
7587,997.9,296.1,89.4514,89.4514,89.5473,-0.0959,-0.0959,0.0000
7588,1015.5,329.8,89.4452,89.4452,89.5414,-0.0962,-0.0962,0.0000
7589,1000.0,335.3,89.4389,89.4389,89.5350,-0.0961,-0.0961,0.0000
7590,987.4,338.4,89.4327,89.4327,89.5291,-0.0965,-0.0964,0.0000
7591,996.7,326.8,89.4264,89.4264,89.5231,-0.0967,-0.0967,0.0000
7592,1003.3,293.3,89.4202,89.4202,89.5171,-0.0970,-0.0969,0.0000
7593,995.1,293.8,89.4139,89.4140,89.5105,-0.0965,-0.0965,0.0000
7594,1001.4,306.1,89.4077,89.4077,89.5045,-0.0968,-0.0968,0.0000
7595,998.9,282.9,89.4015,89.4015,89.4987,-0.0972,-0.0972,0.0000
7596,999.7,329.2,89.3952,89.3952,89.4931,-0.0979,-0.0978,0.0000
7597,1002.4,318.9,89.3890,89.3890,89.4868,-0.0978,-0.0978,0.0000
7598,1020.1,366.0,89.3828,89.3828,89.4806,-0.0979,-0.0978,0.0000
7599,991.8,355.6,89.3765,89.3765,89.4745,-0.0980,-0.0980,0.0000
7600,994.7,301.8,89.3703,89.3703,89.4685,-0.0982,-0.0982,0.0000
7601,1002.4,329.5,89.3640,89.3641,89.4619,-0.0979,-0.0978,0.0000
7602,999.1,337.7,89.3578,89.3578,89.4559,-0.0981,-0.0980,0.0000
7603,998.0,301.4,89.3516,89.3516,89.4498,-0.0982,-0.0981,0.0000
7604,1002.6,376.7,89.3454,89.3454,89.4435,-0.0981,-0.0981,0.0000
7605,1001.4,590.0,89.3391,89.3392,89.4366,-0.0975,-0.0975,0.0000
7606,1003.5,330.9,89.3329,89.3329,89.4303,-0.0974,-0.0973,0.0000
7607,997.0,348.9,89.3267,89.3267,89.4239,-0.0973,-0.0972,0.0000
7608,999.6,325.7,89.3204,89.3205,89.4178,-0.0974,-0.0973,0.0000
7609,1002.5,320.9,89.3142,89.3143,89.4113,-0.0971,-0.0971,0.0000
7610,1008.3,315.6,89.3080,89.3080,89.4054,-0.0974,-0.0974,0.0000
7611,989.5,321.3,89.3018,89.3018,89.3994,-0.0976,-0.0976,0.0000
7612,997.6,322.4,89.2956,89.2956,89.3932,-0.0976,-0.0976,0.0000
7613,1000.1,320.6,89.2893,89.2894,89.3865,-0.0972,-0.0971,0.0000
7614,1001.8,322.7,89.2831,89.2831,89.3801,-0.0969,-0.0969,0.0000
7615,998.1,318.8,89.2769,89.2769,89.3736,-0.0967,-0.0967,0.0000
7616,997.3,335.6,89.2707,89.2707,89.3672,-0.0965,-0.0965,0.0000
7617,1000.9,334.0,89.2645,89.2645,89.3602,-0.0958,-0.0957,0.0000
7618,1000.1,309.4,89.2582,89.2583,89.3537,-0.0955,-0.0954,0.0000
7619,999.4,336.2,89.2520,89.2521,89.3471,-0.0951,-0.0951,0.0000
7620,999.8,326.3,89.2458,89.2459,89.3404,-0.0945,-0.0945,0.0000
7621,1002.2,312.6,89.2396,89.2396,89.3332,-0.0936,-0.0935,0.0000
7622,999.7,333.4,89.2334,89.2334,89.3265,-0.0931,-0.0930,0.0000
7623,999.6,311.1,89.2272,89.2272,89.3198,-0.0926,-0.0925,0.0000
7624,1001.2,315.8,89.2210,89.2210,89.3131,-0.0921,-0.0920,0.0000
7625,1019.6,860.1,89.2148,89.2148,89.3059,-0.0911,-0.0911,0.0000
7626,990.1,724.4,89.2086,89.2086,89.2993,-0.0907,-0.0907,0.0000
7627,995.7,567.5,89.2024,89.2024,89.2930,-0.0906,-0.0905,0.0000
7628,1001.4,574.1,89.1962,89.1962,89.2870,-0.0908,-0.0908,0.0000
7629,1000.3,321.4,89.1900,89.1900,89.2809,-0.0909,-0.0908,0.0000
7630,992.9,306.1,89.1838,89.1838,89.2750,-0.0913,-0.0912,0.0000
7631,1008.4,327.9,89.1776,89.1776,89.2691,-0.0915,-0.0915,0.0000
7632,998.1,309.7,89.1714,89.1714,89.2631,-0.0917,-0.0917,0.0000
7633,994.5,297.9,89.1652,89.1652,89.2565,-0.0913,-0.0913,0.0000
7634,998.0,330.8,89.1590,89.1590,89.2505,-0.0915,-0.0915,0.0000
7635,1002.5,331.5,89.1528,89.1528,89.2446,-0.0918,-0.0917,0.0000
7636,998.7,312.5,89.1466,89.1466,89.2386,-0.0920,-0.0920,0.0000
7637,3584.7,361.7,89.1404,89.1404,89.2139,-0.0735,-0.0735,0.0000
7638,368.0,544.5,89.1342,89.1343,89.2139,-0.0797,-0.0797,0.0000
7639,549.6,331.4,89.1280,89.1281,89.2076,-0.0796,-0.0796,0.0000
7640,336.1,472.0,89.1218,89.1219,89.2076,-0.0858,-0.0858,0.0000
7641,477.0,254.0,89.1156,89.1157,89.2076,-0.0920,-0.0920,0.0000
7642,690.2,311.2,89.1095,89.1095,89.2020,-0.0925,-0.0925,0.0001
7643,1000.2,525.6,89.1033,89.1033,89.1966,-0.0933,-0.0933,0.0001
7644,998.1,461.9,89.0971,89.0972,89.1917,-0.0946,-0.0945,0.0001
7645,998.7,302.2,89.0909,89.0910,89.1864,-0.0955,-0.0955,0.0001
7646,988.8,303.0,89.0847,89.0848,89.1814,-0.0966,-0.0966,0.0001
7647,1013.4,323.4,89.0786,89.0786,89.1759,-0.0974,-0.0973,0.0001
7648,992.9,274.9,89.0724,89.0724,89.1703,-0.0979,-0.0979,0.0001
7649,993.0,281.1,89.0662,89.0663,89.1643,-0.0980,-0.0980,0.0001
7650,1003.5,289.9,89.0600,89.0601,89.1588,-0.0988,-0.0987,0.0001
7651,1000.1,279.9,89.0539,89.0539,89.1533,-0.0994,-0.0994,0.0001
7652,991.6,306.1,89.0477,89.0478,89.1477,-0.1000,-0.1000,0.0001
7653,3573.8,367.6,89.0415,89.0416,89.1236,-0.0821,-0.0820,0.0001
7654,375.3,2461.3,89.0354,89.0354,89.1236,-0.0882,-0.0882,0.0001
7655,2466.6,336.8,89.0292,89.0293,89.1108,-0.0816,-0.0816,0.0001
7656,339.6,503.9,89.0230,89.0231,89.1047,-0.0817,-0.0816,0.0001
7657,506.4,237.3,89.0169,89.0169,89.1047,-0.0878,-0.0878,0.0001
7658,241.0,302.8,89.0107,89.0108,89.1047,-0.0940,-0.0939,0.0001
7659,305.5,436.8,89.0046,89.0046,89.0987,-0.0942,-0.0941,0.0001
7660,439.5,232.1,88.9984,88.9985,89.0987,-0.1003,-0.1003,0.0001
7661,756.8,277.6,88.9922,88.9923,89.0925,-0.1002,-0.1002,0.0001
7662,998.5,270.8,88.9861,88.9862,89.0869,-0.1008,-0.1007,0.0001
7663,998.9,256.0,88.9799,88.9800,89.0813,-0.1014,-0.1013,0.0001
7664,1000.6,298.6,88.9738,88.9739,89.0757,-0.1019,-0.1018,0.0001
7665,1000.5,290.5,88.9676,88.9677,89.0691,-0.1015,-0.1014,0.0001
7666,999.5,310.9,88.9615,88.9616,89.0624,-0.1009,-0.1008,0.0001
7667,999.4,284.9,88.9553,88.9554,89.0554,-0.1001,-0.1000,0.0001
7668,1000.9,273.2,88.9492,88.9493,89.0485,-0.0993,-0.0992,0.0001
7669,1000.9,272.4,88.9431,88.9431,89.0413,-0.0982,-0.0982,0.0001
7670,998.5,260.5,88.9369,88.9370,89.0348,-0.0979,-0.0978,0.0001
7671,999.8,275.8,88.9308,88.9308,89.0283,-0.0976,-0.0975,0.0001
7672,999.7,257.7,88.9246,88.9247,89.0218,-0.0971,-0.0971,0.0001
7673,1009.1,296.1,88.9185,88.9186,89.0145,-0.0960,-0.0959,0.0001
7674,996.9,291.2,88.9124,88.9124,89.0077,-0.0953,-0.0952,0.0001
7675,997.9,305.1,88.9062,88.9063,89.0010,-0.0948,-0.0947,0.0001
7676,1000.3,307.0,88.9001,88.9002,88.9945,-0.0944,-0.0943,0.0001
7677,998.7,292.7,88.8940,88.8940,88.9876,-0.0936,-0.0936,0.0001
7678,1030.3,334.2,88.8878,88.8879,88.9812,-0.0933,-0.0933,0.0001
7679,968.6,292.0,88.8817,88.8818,88.9746,-0.0929,-0.0928,0.0001
7680,999.6,272.0,88.8756,88.8757,88.9680,-0.0924,-0.0923,0.0001
7681,999.7,279.8,88.8695,88.8696,88.9609,-0.0914,-0.0913,0.0001
7682,1002.0,287.2,88.8634,88.8634,88.9544,-0.0910,-0.0909,0.0001
7683,1000.5,286.8,88.8572,88.8573,88.9481,-0.0909,-0.0908,0.0001
7684,999.0,291.3,88.8511,88.8512,88.9420,-0.0909,-0.0908,0.0001
7685,1000.7,279.7,88.8450,88.8451,88.9355,-0.0905,-0.0904,0.0001
7686,1000.9,275.9,88.8389,88.8390,88.9295,-0.0906,-0.0905,0.0001
7687,997.4,279.1,88.8328,88.8329,88.9236,-0.0908,-0.0907,0.0001
7688,1000.8,272.9,88.8267,88.8268,88.9179,-0.0912,-0.0911,0.0001
7689,999.8,276.5,88.8206,88.8206,88.9122,-0.0917,-0.0916,0.0001
7690,1002.0,315.8,88.8145,88.8145,88.9072,-0.0928,-0.0927,0.0001
7691,999.5,311.8,88.8083,88.8084,88.9022,-0.0938,-0.0938,0.0001
7692,999.3,267.6,88.8022,88.8023,88.8970,-0.0948,-0.0947,0.0001
7693,1000.7,285.4,88.7961,88.7962,88.8914,-0.0953,-0.0952,0.0001
7694,998.6,274.6,88.7900,88.7901,88.8860,-0.0960,-0.0959,0.0001
7695,1000.9,271.1,88.7840,88.7840,88.8805,-0.0966,-0.0965,0.0001
7696,999.7,294.2,88.7779,88.7780,88.8749,-0.0970,-0.0969,0.0001
7697,999.8,274.3,88.7718,88.7719,88.8680,-0.0963,-0.0962,0.0001
7698,999.9,273.1,88.7657,88.7658,88.8625,-0.0968,-0.0967,0.0001
7699,999.3,290.8,88.7596,88.7597,88.8566,-0.0970,-0.0969,0.0001
7700,1000.5,274.2,88.7535,88.7536,88.8506,-0.0971,-0.0970,0.0001
7701,998.7,265.0,88.7474,88.7475,88.8440,-0.0966,-0.0965,0.0001
7702,999.8,292.9,88.7413,88.7414,88.8379,-0.0966,-0.0965,0.0001
7703,1000.4,280.4,88.7353,88.7354,88.8317,-0.0964,-0.0963,0.0001
7704,1022.5,345.6,88.7292,88.7293,88.8253,-0.0961,-0.0960,0.0001
7705,988.6,299.8,88.7231,88.7232,88.8184,-0.0953,-0.0952,0.0001
7706,998.3,304.7,88.7170,88.7171,88.8119,-0.0949,-0.0948,0.0001
7707,998.9,288.9,88.7109,88.7111,88.8054,-0.0945,-0.0943,0.0001
7708,1002.3,293.0,88.7049,88.7050,88.7989,-0.0940,-0.0939,0.0001
7709,998.7,296.6,88.6988,88.6989,88.7920,-0.0932,-0.0931,0.0001
7710,1001.3,291.3,88.6927,88.6928,88.7857,-0.0929,-0.0928,0.0001
7711,1000.1,304.2,88.6867,88.6868,88.7794,-0.0928,-0.0927,0.0001
7712,999.9,336.8,88.6806,88.6807,88.7732,-0.0926,-0.0925,0.0001
7713,1000.2,323.6,88.6746,88.6747,88.7663,-0.0918,-0.0916,0.0001
7714,1001.2,378.6,88.6685,88.6686,88.7663,-0.0978,-0.0977,0.0001
7715,999.1,412.3,88.6624,88.6626,88.7597,-0.0973,-0.0972,0.0001
7716,1001.2,389.7,88.6564,88.6565,88.7532,-0.0968,-0.0967,0.0001
7717,997.9,417.8,88.6503,88.6504,88.7461,-0.0958,-0.0956,0.0001
7718,1003.4,388.0,88.6443,88.6444,88.7394,-0.0951,-0.0950,0.0001
7719,998.0,395.0,88.6382,88.6384,88.7325,-0.0943,-0.0942,0.0001
7720,1000.9,401.3,88.6322,88.6323,88.7250,-0.0928,-0.0927,0.0001
7721,999.2,370.0,88.6261,88.6263,88.7180,-0.0919,-0.0918,0.0001
7722,1001.2,384.6,88.6201,88.6202,88.7113,-0.0912,-0.0911,0.0001
7723,997.4,391.7,88.6141,88.6142,88.7048,-0.0907,-0.0906,0.0001
7724,1000.0,374.6,88.6080,88.6082,88.6980,-0.0900,-0.0899,0.0001
7725,998.7,354.0,88.6020,88.6021,88.6920,-0.0900,-0.0899,0.0001
7726,1000.7,363.1,88.5960,88.5961,88.6859,-0.0900,-0.0898,0.0001
7727,1000.6,350.2,88.5899,88.5901,88.6800,-0.0900,-0.0899,0.0001
7728,997.8,354.1,88.5839,88.5840,88.6737,-0.0898,-0.0897,0.0001
7729,1001.2,374.8,88.5779,88.5780,88.6680,-0.0902,-0.0900,0.0001
7730,1001.6,313.3,88.5719,88.5720,88.6626,-0.0908,-0.0907,0.0001
7731,999.1,373.0,88.5658,88.5660,88.6575,-0.0916,-0.0915,0.0001
7732,999.5,362.2,88.5598,88.5599,88.6520,-0.0922,-0.0921,0.0001
7733,997.4,304.1,88.5538,88.5539,88.6469,-0.0932,-0.0930,0.0001
7734,1005.4,375.7,88.5478,88.5479,88.6416,-0.0938,-0.0937,0.0001
7735,999.1,360.3,88.5418,88.5419,88.6363,-0.0946,-0.0944,0.0001
7736,1001.1,370.9,88.5358,88.5359,88.6307,-0.0949,-0.0948,0.0001
7737,998.8,383.2,88.5297,88.5299,88.6254,-0.0957,-0.0955,0.0001
7738,1000.8,363.0,88.5237,88.5239,88.6201,-0.0964,-0.0962,0.0001
7739,998.8,377.9,88.5177,88.5179,88.6149,-0.0972,-0.0970,0.0001
7740,1000.5,400.1,88.5117,88.5119,88.6092,-0.0975,-0.0973,0.0001
7741,997.5,386.2,88.5057,88.5059,88.6038,-0.0980,-0.0979,0.0001
7742,999.7,353.1,88.4997,88.4999,88.5983,-0.0985,-0.0984,0.0001
7743,999.7,365.7,88.4938,88.4939,88.5926,-0.0989,-0.0987,0.0001
7744,1000.0,367.4,88.4878,88.4879,88.5864,-0.0987,-0.0985,0.0001
7745,998.5,344.6,88.4818,88.4819,88.5807,-0.0989,-0.0987,0.0001
7746,1002.6,384.4,88.4758,88.4759,88.5747,-0.0989,-0.0987,0.0001
7747,1001.1,364.4,88.4698,88.4700,88.5688,-0.0990,-0.0988,0.0002
7748,998.0,350.5,88.4638,88.4640,88.5622,-0.0984,-0.0983,0.0002
7749,998.5,376.4,88.4578,88.4580,88.5560,-0.0982,-0.0980,0.0002
7750,1000.0,353.3,88.4519,88.4520,88.5497,-0.0978,-0.0976,0.0002
7751,1000.9,354.9,88.4459,88.4460,88.5433,-0.0974,-0.0972,0.0002
7752,1000.3,324.4,88.4399,88.4401,88.5366,-0.0967,-0.0966,0.0002
7753,1008.1,383.4,88.4339,88.4341,88.5306,-0.0966,-0.0965,0.0002
7754,1000.5,343.1,88.4280,88.4281,88.5245,-0.0965,-0.0964,0.0002
7755,1002.0,342.9,88.4220,88.4222,88.5182,-0.0962,-0.0960,0.0002
7756,998.2,360.3,88.4161,88.4162,88.5111,-0.0951,-0.0949,0.0002
7757,1004.6,368.2,88.4101,88.4103,88.5045,-0.0944,-0.0942,0.0002
7758,1000.5,401.9,88.4041,88.4043,88.4979,-0.0938,-0.0936,0.0002
7759,992.9,397.2,88.3982,88.3983,88.4916,-0.0934,-0.0932,0.0002
7760,964.5,367.0,88.3922,88.3924,88.4846,-0.0924,-0.0922,0.0002
7761,1032.5,349.5,88.3863,88.3864,88.4781,-0.0918,-0.0916,0.0002
7762,999.0,341.2,88.3803,88.3805,88.4714,-0.0910,-0.0909,0.0002
7763,1001.6,319.7,88.3744,88.3746,88.4646,-0.0902,-0.0901,0.0002
7764,1000.3,350.2,88.3684,88.3686,88.4574,-0.0889,-0.0888,0.0002
7765,999.1,359.3,88.3625,88.3627,88.4507,-0.0882,-0.0880,0.0002
7766,997.3,344.9,88.3566,88.3567,88.4442,-0.0876,-0.0874,0.0002
7767,1000.5,348.1,88.3506,88.3508,88.4378,-0.0871,-0.0869,0.0002
7768,1001.7,337.2,88.3447,88.3449,88.4308,-0.0861,-0.0859,0.0002
7769,998.7,333.8,88.3388,88.3390,88.4245,-0.0857,-0.0856,0.0002
7770,998.8,337.4,88.3329,88.3330,88.4184,-0.0856,-0.0854,0.0002
7771,1000.1,350.2,88.3269,88.3271,88.4126,-0.0856,-0.0855,0.0002
7772,1001.9,334.0,88.3210,88.3212,88.4065,-0.0855,-0.0853,0.0002
7773,999.5,334.7,88.3151,88.3153,88.4010,-0.0859,-0.0857,0.0002
7774,1000.8,330.6,88.3092,88.3094,88.3955,-0.0863,-0.0862,0.0002
7775,999.9,316.7,88.3033,88.3034,88.3900,-0.0867,-0.0865,0.0002
7776,999.8,355.8,88.2973,88.2975,88.3840,-0.0866,-0.0864,0.0002
7777,997.4,323.7,88.2914,88.2916,88.3784,-0.0870,-0.0868,0.0002
7778,1002.4,316.5,88.2855,88.2857,88.3727,-0.0872,-0.0870,0.0002
7779,999.8,336.8,88.2796,88.2798,88.3671,-0.0874,-0.0872,0.0002
7780,1000.8,324.7,88.2737,88.2739,88.3610,-0.0873,-0.0871,0.0002
7781,999.6,318.1,88.2678,88.2680,88.3552,-0.0874,-0.0872,0.0002
7782,1005.1,340.1,88.2619,88.2621,88.3496,-0.0876,-0.0874,0.0002
7783,994.5,322.6,88.2561,88.2562,88.3438,-0.0878,-0.0876,0.0002
7784,999.7,322.5,88.2502,88.2504,88.3376,-0.0875,-0.0873,0.0002
7785,999.6,325.8,88.2443,88.2445,88.3321,-0.0878,-0.0876,0.0002
7786,1000.1,324.8,88.2384,88.2386,88.3266,-0.0882,-0.0880,0.0002
7787,997.2,316.1,88.2325,88.2327,88.3211,-0.0885,-0.0883,0.0002
7788,999.5,325.9,88.2266,88.2268,88.3156,-0.0890,-0.0888,0.0002
7789,1000.2,323.1,88.2208,88.2210,88.3097,-0.0889,-0.0887,0.0002
7790,999.7,363.5,88.2149,88.2151,88.3041,-0.0892,-0.0890,0.0002
7791,1000.0,352.1,88.2090,88.2092,88.2985,-0.0895,-0.0893,0.0002
7792,999.9,314.2,88.2032,88.2034,88.2926,-0.0894,-0.0892,0.0002
7793,1000.4,301.5,88.1973,88.1975,88.2873,-0.0900,-0.0898,0.0002
7794,1000.3,318.5,88.1914,88.1916,88.2821,-0.0907,-0.0904,0.0002
7795,999.8,308.4,88.1856,88.1858,88.2767,-0.0911,-0.0909,0.0002
7796,1003.6,332.8,88.1797,88.1799,88.2707,-0.0910,-0.0908,0.0002
7797,997.8,319.7,88.1739,88.1741,88.2650,-0.0912,-0.0909,0.0002
7798,1001.7,291.4,88.1680,88.1682,88.2593,-0.0913,-0.0911,0.0002
7799,1001.6,318.7,88.1622,88.1624,88.2535,-0.0913,-0.0911,0.0002
7800,999.9,334.2,88.1563,88.1565,88.2470,-0.0907,-0.0905,0.0002
7801,998.7,320.5,88.1505,88.1507,88.2411,-0.0906,-0.0904,0.0002
7802,998.8,336.4,88.1446,88.1449,88.2353,-0.0906,-0.0904,0.0002
7803,1000.3,322.5,88.1388,88.1390,88.2293,-0.0905,-0.0902,0.0002
7804,1003.9,345.0,88.1330,88.1332,88.2226,-0.0896,-0.0894,0.0002
7805,994.9,315.0,88.1272,88.1274,88.2164,-0.0892,-0.0890,0.0002
7806,1002.0,320.2,88.1213,88.1216,88.2100,-0.0887,-0.0885,0.0002
7807,998.7,317.7,88.1155,88.1157,88.2039,-0.0884,-0.0881,0.0002
7808,1001.4,339.7,88.1097,88.1099,88.1973,-0.0876,-0.0874,0.0002
7809,998.5,354.4,88.1039,88.1041,88.1912,-0.0874,-0.0871,0.0002
7810,1000.0,336.7,88.0981,88.0983,88.1852,-0.0872,-0.0869,0.0002
7811,998.0,334.8,88.0922,88.0925,88.1792,-0.0870,-0.0868,0.0002
7812,1000.4,311.8,88.0864,88.0867,88.1727,-0.0863,-0.0861,0.0002
7813,1000.7,317.5,88.0806,88.0809,88.1667,-0.0861,-0.0858,0.0002
7814,1000.6,312.5,88.0748,88.0751,88.1608,-0.0859,-0.0857,0.0002
7815,998.5,365.9,88.0690,88.0693,88.1550,-0.0859,-0.0857,0.0002
7816,1000.8,337.4,88.0632,88.0635,88.1489,-0.0857,-0.0854,0.0002
7817,999.3,332.3,88.0574,88.0577,88.1434,-0.0859,-0.0857,0.0002
7818,1002.7,311.9,88.0517,88.0519,88.1378,-0.0861,-0.0859,0.0002
7819,1002.5,312.7,88.0459,88.0461,88.1319,-0.0861,-0.0858,0.0002
7820,997.8,324.9,88.0401,88.0403,88.1257,-0.0856,-0.0854,0.0003
7821,999.7,325.7,88.0343,88.0346,88.1200,-0.0857,-0.0854,0.0003
7822,1000.7,315.0,88.0285,88.0288,88.1144,-0.0859,-0.0856,0.0003
7823,1001.2,322.4,88.0227,88.0230,88.1088,-0.0861,-0.0858,0.0003
7824,999.4,352.7,88.0170,88.0172,88.1028,-0.0858,-0.0856,0.0003
7825,999.0,341.3,88.0112,88.0115,88.0970,-0.0858,-0.0856,0.0003
7826,999.6,332.4,88.0054,88.0057,88.0913,-0.0858,-0.0856,0.0003
7827,1077.9,282.8,87.9997,87.9999,88.0855,-0.0858,-0.0855,0.0003
7828,924.0,301.0,87.9939,87.9942,88.0793,-0.0854,-0.0851,0.0003
7829,996.3,336.5,87.9882,87.9884,88.0737,-0.0855,-0.0853,0.0003
7830,999.9,324.2,87.9824,87.9827,88.0683,-0.0859,-0.0856,0.0003
7831,997.8,296.7,87.9767,87.9769,88.0630,-0.0863,-0.0860,0.0003
7832,1000.5,319.7,87.9709,87.9712,88.0570,-0.0861,-0.0858,0.0003
7833,1002.2,328.5,87.9652,87.9654,88.0514,-0.0862,-0.0859,0.0003
7834,998.5,316.8,87.9594,87.9597,88.0460,-0.0865,-0.0863,0.0003
7835,1012.2,382.8,87.9537,87.9540,88.0407,-0.0870,-0.0868,0.0003
7836,989.6,347.5,87.9480,87.9482,88.0353,-0.0873,-0.0870,0.0003
7837,1003.9,319.6,87.9422,87.9425,88.0304,-0.0881,-0.0879,0.0003
7838,995.6,345.2,87.9365,87.9368,88.0256,-0.0891,-0.0888,0.0003
7839,998.7,357.6,87.9308,87.9311,88.0207,-0.0899,-0.0896,0.0003
7840,1007.1,373.9,87.9251,87.9254,88.0152,-0.0902,-0.0899,0.0003
7841,998.8,383.0,87.9194,87.9196,88.0099,-0.0905,-0.0902,0.0003
7842,997.7,347.0,87.9136,87.9139,88.0045,-0.0908,-0.0906,0.0003
7843,1002.8,328.1,87.9079,87.9082,87.9990,-0.0911,-0.0908,0.0003
7844,998.7,356.3,87.9022,87.9025,87.9931,-0.0909,-0.0906,0.0003
7845,1000.1,346.0,87.8965,87.8968,87.9878,-0.0913,-0.0910,0.0003
7846,1003.6,305.9,87.8908,87.8911,87.9824,-0.0916,-0.0913,0.0003
7847,995.1,331.3,87.8851,87.8854,87.9769,-0.0917,-0.0914,0.0003
7848,1000.0,336.5,87.8794,87.8797,87.9706,-0.0912,-0.0909,0.0003
7849,1000.3,342.8,87.8737,87.8740,87.9645,-0.0908,-0.0905,0.0003
7850,998.9,339.1,87.8681,87.8684,87.9583,-0.0903,-0.0900,0.0003
7851,999.3,340.0,87.8624,87.8627,87.9520,-0.0897,-0.0894,0.0003
7852,998.7,331.3,87.8567,87.8570,87.9455,-0.0888,-0.0885,0.0003
7853,999.1,337.8,87.8510,87.8513,87.9394,-0.0884,-0.0881,0.0003
7854,1001.8,360.8,87.8453,87.8456,87.9334,-0.0881,-0.0878,0.0003
7855,997.9,328.1,87.8397,87.8400,87.9274,-0.0877,-0.0874,0.0003
7856,999.4,341.8,87.8340,87.8343,87.9199,-0.0859,-0.0856,0.0003
7857,1008.7,339.2,87.8283,87.8286,87.9137,-0.0853,-0.0850,0.0003
7858,1002.8,331.1,87.8227,87.8230,87.9077,-0.0850,-0.0847,0.0003
7859,991.9,342.7,87.8170,87.8173,87.9016,-0.0846,-0.0842,0.0003
7860,997.1,324.1,87.8114,87.8117,87.8961,-0.0848,-0.0844,0.0003
7861,1001.1,340.8,87.8057,87.8060,87.8907,-0.0850,-0.0846,0.0003
7862,1005.6,337.5,87.8001,87.8004,87.8851,-0.0850,-0.0847,0.0003
7863,999.2,317.4,87.7944,87.7948,87.8794,-0.0850,-0.0846,0.0003
7864,995.7,394.6,87.7888,87.7891,87.8731,-0.0843,-0.0840,0.0003
7865,1005.0,368.8,87.7832,87.7835,87.8671,-0.0840,-0.0837,0.0003
7866,998.8,372.3,87.7775,87.7779,87.8612,-0.0837,-0.0834,0.0003
7867,999.7,358.3,87.7719,87.7722,87.8554,-0.0835,-0.0831,0.0003
7868,1000.4,357.2,87.7663,87.7666,87.8491,-0.0828,-0.0825,0.0003
7869,998.7,365.4,87.7607,87.7610,87.8432,-0.0826,-0.0822,0.0003
7870,998.1,381.2,87.7550,87.7554,87.8373,-0.0822,-0.0819,0.0003
7871,1004.5,348.0,87.7494,87.7498,87.8313,-0.0819,-0.0815,0.0003
7872,995.2,325.4,87.7438,87.7441,87.8247,-0.0809,-0.0806,0.0003
7873,1000.1,343.3,87.7382,87.7385,87.8188,-0.0806,-0.0803,0.0003
7874,1000.4,343.9,87.7326,87.7329,87.8188,-0.0862,-0.0859,0.0003
7875,1002.9,332.9,87.7270,87.7273,87.8074,-0.0804,-0.0801,0.0003
7876,1002.5,353.0,87.7214,87.7217,87.8074,-0.0860,-0.0857,0.0003
7877,991.7,344.8,87.7158,87.7162,87.8012,-0.0854,-0.0851,0.0003
7878,1001.8,324.7,87.7102,87.7106,87.7955,-0.0852,-0.0849,0.0003
7879,999.1,337.7,87.7046,87.7050,87.7896,-0.0849,-0.0846,0.0003
7880,1000.7,326.9,87.6990,87.6994,87.7837,-0.0847,-0.0843,0.0004
7881,998.4,324.8,87.6935,87.6938,87.7776,-0.0842,-0.0838,0.0004
7882,1003.0,341.8,87.6879,87.6883,87.7722,-0.0843,-0.0839,0.0004
7883,1000.7,342.7,87.6823,87.6827,87.7670,-0.0846,-0.0843,0.0004
7884,1000.7,328.8,87.6768,87.6771,87.7618,-0.0850,-0.0847,0.0004
7885,999.0,314.3,87.6712,87.6716,87.7561,-0.0849,-0.0845,0.0004
7886,1001.1,316.0,87.6656,87.6660,87.7508,-0.0851,-0.0848,0.0004
7887,999.4,306.5,87.6601,87.6604,87.7453,-0.0852,-0.0848,0.0004
7888,999.4,323.5,87.6545,87.6549,87.7399,-0.0854,-0.0850,0.0004
7889,1000.5,334.7,87.6490,87.6493,87.7342,-0.0853,-0.0849,0.0004
7890,999.6,324.5,87.6434,87.6438,87.7292,-0.0858,-0.0854,0.0004
7891,997.9,342.8,87.6379,87.6383,87.7241,-0.0862,-0.0858,0.0004
7892,1000.0,296.4,87.6323,87.6327,87.7190,-0.0866,-0.0863,0.0004
7893,1000.0,297.9,87.6268,87.6272,87.7133,-0.0864,-0.0861,0.0004
7894,1000.1,302.0,87.6213,87.6217,87.7078,-0.0865,-0.0861,0.0004
7895,998.2,300.1,87.6158,87.6161,87.7024,-0.0866,-0.0862,0.0004
7896,1002.9,314.9,87.6102,87.6106,87.6970,-0.0868,-0.0864,0.0004
7897,998.5,343.8,87.6047,87.6051,87.6916,-0.0869,-0.0865,0.0004
7898,1000.0,323.9,87.5992,87.5996,87.6858,-0.0866,-0.0863,0.0004
7899,3571.4,1389.0,87.5937,87.5941,87.6636,-0.0699,-0.0695,0.0004
7900,1396.0,348.2,87.5882,87.5886,87.6580,-0.0698,-0.0694,0.0004
7901,353.3,326.8,87.5827,87.5831,87.6580,-0.0753,-0.0749,0.0004
7902,332.3,250.8,87.5772,87.5776,87.6525,-0.0754,-0.0750,0.0004
7903,254.3,382.1,87.5717,87.5721,87.6525,-0.0809,-0.0805,0.0004
7904,386.0,260.7,87.5662,87.5666,87.6525,-0.0864,-0.0860,0.0004
7905,702.4,287.2,87.5607,87.5611,87.6469,-0.0862,-0.0858,0.0004
7906,1002.4,333.5,87.5552,87.5556,87.6421,-0.0869,-0.0865,0.0004
7907,1010.5,366.5,87.5497,87.5501,87.6375,-0.0878,-0.0874,0.0004
7908,981.1,3603.9,87.5443,87.5447,87.6328,-0.0886,-0.0882,0.0004
7909,3611.4,372.3,87.5388,87.5392,87.6111,-0.0723,-0.0719,0.0004
7910,377.9,338.8,87.5333,87.5337,87.6111,-0.0777,-0.0773,0.0004
7911,344.4,544.3,87.5278,87.5283,87.6111,-0.0832,-0.0828,0.0004
7912,550.0,431.4,87.5224,87.5228,87.6053,-0.0829,-0.0825,0.0004
7913,436.9,297.8,87.5169,87.5173,87.6053,-0.0884,-0.0879,0.0004
7914,3257.4,483.6,87.5115,87.5119,87.5839,-0.0725,-0.0720,0.0004
7915,489.9,319.4,87.5060,87.5064,87.5839,-0.0779,-0.0775,0.0004
7916,325.0,318.1,87.5006,87.5010,87.5839,-0.0833,-0.0829,0.0004
7917,323.6,488.6,87.4951,87.4956,87.5787,-0.0836,-0.0832,0.0004
7918,495.1,325.4,87.4897,87.4901,87.5787,-0.0890,-0.0886,0.0004
7919,807.3,338.3,87.4843,87.4847,87.5732,-0.0889,-0.0885,0.0004
7920,1009.7,348.5,87.4788,87.4793,87.5669,-0.0880,-0.0876,0.0004
7921,984.2,364.6,87.4734,87.4738,87.5611,-0.0877,-0.0873,0.0004
7922,999.9,289.5,87.4680,87.4684,87.5557,-0.0877,-0.0873,0.0004
7923,992.1,292.9,87.4626,87.4630,87.5500,-0.0875,-0.0870,0.0004
7924,998.8,307.8,87.4572,87.4576,87.5437,-0.0865,-0.0861,0.0004
7925,1001.8,284.8,87.4517,87.4522,87.5375,-0.0857,-0.0853,0.0004
7926,1003.6,3623.9,87.4463,87.4468,87.5312,-0.0848,-0.0844,0.0004
7927,3627.9,313.8,87.4409,87.4414,87.5077,-0.0667,-0.0663,0.0004
7928,316.5,314.2,87.4355,87.4360,87.5077,-0.0721,-0.0717,0.0004
7929,316.7,225.3,87.4301,87.4306,87.5077,-0.0775,-0.0771,0.0004
7930,227.8,283.8,87.4248,87.4252,87.5077,-0.0829,-0.0825,0.0004
7931,502.7,271.0,87.4194,87.4198,87.5024,-0.0830,-0.0826,0.0004
7932,987.4,286.4,87.4140,87.4144,87.4966,-0.0826,-0.0822,0.0005
7933,1404.9,306.4,87.4086,87.4091,87.4913,-0.0827,-0.0822,0.0005
7934,609.9,260.7,87.4032,87.4037,87.4860,-0.0828,-0.0823,0.0005
7935,1001.7,267.4,87.3979,87.3983,87.4809,-0.0830,-0.0825,0.0005
7936,998.5,277.5,87.3925,87.3930,87.4753,-0.0828,-0.0823,0.0005
7937,964.9,313.1,87.3871,87.3876,87.4698,-0.0827,-0.0822,0.0005
7938,1038.2,265.5,87.3818,87.3822,87.4643,-0.0825,-0.0820,0.0005
7939,998.0,275.9,87.3764,87.3769,87.4587,-0.0823,-0.0818,0.0005
7940,997.7,284.7,87.3711,87.3715,87.4528,-0.0818,-0.0813,0.0005
7941,1000.2,304.9,87.3657,87.3662,87.4473,-0.0816,-0.0811,0.0005
7942,1033.5,382.9,87.3604,87.3609,87.4418,-0.0814,-0.0809,0.0005
7943,943.5,293.9,87.3551,87.3555,87.4363,-0.0812,-0.0807,0.0005
7944,1026.0,307.5,87.3497,87.3502,87.4304,-0.0807,-0.0802,0.0005
7945,998.2,269.1,87.3444,87.3449,87.4250,-0.0806,-0.0802,0.0005
7946,999.1,261.3,87.3391,87.3395,87.4199,-0.0808,-0.0803,0.0005
7947,1000.5,257.8,87.3337,87.3342,87.4147,-0.0809,-0.0804,0.0005
7948,1000.1,278.0,87.3284,87.3289,87.4092,-0.0807,-0.0803,0.0005
7949,999.8,265.9,87.3231,87.3236,87.4040,-0.0809,-0.0804,0.0005
7950,999.0,272.6,87.3178,87.3183,87.3988,-0.0810,-0.0805,0.0005
7951,1001.5,280.4,87.3125,87.3130,87.3938,-0.0812,-0.0808,0.0005
7952,1007.6,274.2,87.3072,87.3077,87.3883,-0.0811,-0.0806,0.0005
7953,994.7,304.0,87.3019,87.3024,87.3834,-0.0815,-0.0810,0.0005
7954,1001.1,287.1,87.2966,87.2971,87.3785,-0.0819,-0.0814,0.0005
7955,998.5,266.1,87.2913,87.2918,87.3737,-0.0824,-0.0819,0.0005
7956,1038.6,323.3,87.2861,87.2866,87.3686,-0.0825,-0.0820,0.0005
7957,970.6,315.6,87.2808,87.2813,87.3637,-0.0829,-0.0824,0.0005
7958,998.7,277.6,87.2755,87.2760,87.3587,-0.0831,-0.0826,0.0005
7959,1000.8,296.8,87.2702,87.2707,87.3534,-0.0832,-0.0827,0.0005
7960,988.0,282.7,87.2650,87.2655,87.3476,-0.0827,-0.0822,0.0005
7961,1000.9,253.3,87.2597,87.2602,87.3422,-0.0825,-0.0820,0.0005
7962,999.2,272.5,87.2545,87.2550,87.3368,-0.0823,-0.0818,0.0005
7963,1007.6,364.9,87.2492,87.2497,87.3315,-0.0823,-0.0818,0.0005
7964,1012.4,357.7,87.2440,87.2445,87.3257,-0.0818,-0.0812,0.0005
7965,997.0,345.9,87.2387,87.2392,87.3203,-0.0816,-0.0810,0.0005
7966,992.8,347.4,87.2335,87.2340,87.3147,-0.0812,-0.0807,0.0005
7967,1004.6,309.9,87.2282,87.2288,87.3092,-0.0809,-0.0804,0.0005
7968,1001.8,319.6,87.2230,87.2235,87.3032,-0.0801,-0.0796,0.0005
7969,994.0,300.3,87.2178,87.2183,87.2975,-0.0798,-0.0792,0.0005
7970,1001.7,284.2,87.2126,87.2131,87.2920,-0.0794,-0.0789,0.0005
7971,1001.4,324.4,87.2074,87.2079,87.2865,-0.0792,-0.0786,0.0005
7972,998.8,309.3,87.2021,87.2027,87.2806,-0.0785,-0.0779,0.0005
7973,1000.2,278.5,87.1969,87.1975,87.2750,-0.0781,-0.0776,0.0005
7974,998.9,297.0,87.1917,87.1923,87.2694,-0.0776,-0.0771,0.0005
7975,1001.5,350.4,87.1865,87.1871,87.2636,-0.0771,-0.0766,0.0005
7976,992.6,301.6,87.1813,87.1819,87.2575,-0.0762,-0.0757,0.0005
7977,1007.5,311.9,87.1761,87.1767,87.2521,-0.0760,-0.0754,0.0005
7978,999.5,285.6,87.1710,87.1715,87.2469,-0.0759,-0.0754,0.0006
7979,999.8,284.2,87.1658,87.1663,87.2417,-0.0759,-0.0753,0.0006
7980,1000.4,293.7,87.1606,87.1612,87.2360,-0.0754,-0.0748,0.0006
7981,999.7,292.8,87.1554,87.1560,87.2307,-0.0752,-0.0747,0.0006
7982,997.9,329.4,87.1503,87.1508,87.2252,-0.0749,-0.0743,0.0006
7983,999.8,312.5,87.1451,87.1457,87.2196,-0.0745,-0.0739,0.0006
7984,1000.1,293.1,87.1399,87.1405,87.2137,-0.0738,-0.0732,0.0006
7985,1025.1,384.3,87.1348,87.1354,87.2084,-0.0736,-0.0730,0.0006
7986,974.3,319.5,87.1296,87.1302,87.2033,-0.0737,-0.0731,0.0006
7987,1020.9,368.0,87.1245,87.1251,87.1983,-0.0738,-0.0732,0.0006
7988,977.4,284.7,87.1194,87.1199,87.1928,-0.0734,-0.0729,0.0006
7989,951.2,352.8,87.1142,87.1148,87.1876,-0.0733,-0.0728,0.0006
7990,1007.7,334.2,87.1091,87.1097,87.1823,-0.0732,-0.0726,0.0006
7991,1037.3,351.4,87.1040,87.1045,87.1770,-0.0731,-0.0725,0.0006
7992,1012.6,372.2,87.0988,87.0994,87.1715,-0.0727,-0.0721,0.0006
7993,984.7,333.4,87.0937,87.0943,87.1666,-0.0729,-0.0723,0.0006
7994,1002.3,326.1,87.0886,87.0892,87.1618,-0.0732,-0.0726,0.0006
7995,999.1,299.9,87.0835,87.0841,87.1570,-0.0735,-0.0729,0.0006
7996,1002.8,313.2,87.0784,87.0790,87.1520,-0.0736,-0.0730,0.0006
7997,999.7,291.1,87.0733,87.0739,87.1472,-0.0739,-0.0733,0.0006
7998,996.8,297.6,87.0682,87.0688,87.1426,-0.0744,-0.0738,0.0006
7999,1003.5,343.7,87.0631,87.0637,87.1380,-0.0748,-0.0742,0.0006
8000,1009.5,340.0,87.0580,87.0586,87.1332,-0.0751,-0.0745,0.0006
8001,1009.4,401.9,87.0529,87.0535,87.1286,-0.0757,-0.0751,0.0006
8002,1003.4,389.9,87.0479,87.0485,87.1243,-0.0764,-0.0758,0.0006
8003,987.0,333.3,87.0428,87.0434,87.1202,-0.0774,-0.0768,0.0006
8004,991.6,336.4,87.0377,87.0383,87.1161,-0.0784,-0.0778,0.0006
8005,993.0,678.9,87.0327,87.0333,87.1122,-0.0796,-0.0790,0.0006
8006,1018.4,409.6,87.0276,87.0282,87.1082,-0.0806,-0.0800,0.0006
8007,998.1,397.3,87.0226,87.0232,87.1040,-0.0814,-0.0808,0.0006
8008,1014.9,358.0,87.0175,87.0181,87.0993,-0.0818,-0.0811,0.0006
8009,973.2,362.3,87.0125,87.0131,87.0949,-0.0824,-0.0818,0.0006
8010,1002.3,291.7,87.0074,87.0080,87.0906,-0.0832,-0.0825,0.0006
8011,993.7,302.0,87.0024,87.0030,87.0862,-0.0838,-0.0832,0.0006
8012,1020.6,388.2,86.9974,86.9980,87.0813,-0.0839,-0.0833,0.0006
8013,1002.2,357.3,86.9923,86.9930,87.0766,-0.0843,-0.0837,0.0006
8014,987.6,363.0,86.9873,86.9879,87.0720,-0.0847,-0.0840,0.0006
8015,1002.2,384.4,86.9823,86.9829,87.0673,-0.0850,-0.0844,0.0006
8016,4427.3,471.9,86.9773,86.9779,87.0467,-0.0694,-0.0687,0.0006
8017,478.9,383.3,86.9723,86.9729,87.0410,-0.0688,-0.0681,0.0006
8018,388.1,257.8,86.9673,86.9679,87.0410,-0.0738,-0.0731,0.0006
8019,262.0,335.0,86.9623,86.9629,87.0356,-0.0734,-0.0727,0.0006
8020,339.0,380.5,86.9573,86.9579,87.0356,-0.0783,-0.0777,0.0006
8021,385.2,280.7,86.9523,86.9530,87.0356,-0.0833,-0.0827,0.0007
8022,718.7,323.9,86.9473,86.9480,87.0295,-0.0822,-0.0816,0.0007
8023,1003.7,2836.8,86.9424,86.9430,87.0247,-0.0823,-0.0817,0.0007
8024,2840.7,814.7,86.9374,86.9380,87.0100,-0.0726,-0.0720,0.0007
8025,819.5,329.0,86.9324,86.9331,87.0044,-0.0720,-0.0713,0.0007
8026,333.9,304.1,86.9275,86.9281,87.0044,-0.0770,-0.0763,0.0007
8027,308.9,295.8,86.9225,86.9232,87.0044,-0.0819,-0.0813,0.0007
8028,692.4,319.1,86.9175,86.9182,86.9981,-0.0806,-0.0799,0.0007
8029,1000.5,352.9,86.9126,86.9133,86.9925,-0.0799,-0.0792,0.0007
8030,1000.3,372.1,86.9077,86.9083,86.9872,-0.0795,-0.0789,0.0007
8031,1446.4,425.1,86.9027,86.9034,86.9823,-0.0796,-0.0789,0.0007
8032,543.2,289.2,86.8978,86.8985,86.9771,-0.0793,-0.0786,0.0007
8033,1001.3,298.9,86.8929,86.8935,86.9720,-0.0792,-0.0785,0.0007
8034,987.3,351.0,86.8879,86.8886,86.9666,-0.0787,-0.0780,0.0007
8035,1022.6,324.4,86.8830,86.8837,86.9610,-0.0780,-0.0773,0.0007
8036,1002.2,3586.4,86.8781,86.8788,86.9548,-0.0767,-0.0760,0.0007
8037,3594.3,378.3,86.8732,86.8739,86.9379,-0.0647,-0.0640,0.0007
8038,381.2,323.1,86.8683,86.8690,86.9379,-0.0696,-0.0689,0.0007
8039,325.6,232.2,86.8634,86.8641,86.9379,-0.0745,-0.0738,0.0007
8040,234.1,335.2,86.8585,86.8592,86.9321,-0.0736,-0.0729,0.0007
8041,452.8,270.4,86.8536,86.8543,86.9321,-0.0785,-0.0778,0.0007
8042,1003.6,296.3,86.8487,86.8494,86.9268,-0.0781,-0.0774,0.0007
8043,994.5,281.6,86.8438,86.8445,86.9212,-0.0774,-0.0767,0.0007
8044,1003.2,327.3,86.8390,86.8397,86.9152,-0.0763,-0.0756,0.0007
8045,998.0,294.5,86.8341,86.8348,86.9098,-0.0757,-0.0750,0.0007
8046,998.2,293.5,86.8292,86.8299,86.9043,-0.0751,-0.0743,0.0007
8047,1024.2,368.7,86.8244,86.8251,86.8987,-0.0743,-0.0736,0.0007
8048,986.1,336.0,86.8195,86.8202,86.8927,-0.0732,-0.0724,0.0007
8049,1000.2,330.0,86.8147,86.8154,86.8873,-0.0726,-0.0719,0.0007
8050,1012.4,334.6,86.8098,86.8105,86.8819,-0.0721,-0.0713,0.0007
8051,992.9,345.5,86.8050,86.8057,86.8766,-0.0716,-0.0709,0.0007
8052,998.2,337.1,86.8002,86.8009,86.8710,-0.0708,-0.0701,0.0007
8053,1004.0,322.9,86.7953,86.7961,86.8660,-0.0706,-0.0699,0.0007
8054,1004.0,355.3,86.7905,86.7912,86.8612,-0.0707,-0.0699,0.0007
8055,988.4,283.1,86.7857,86.7864,86.8565,-0.0709,-0.0701,0.0007
8056,989.8,274.5,86.7809,86.7816,86.8517,-0.0708,-0.0701,0.0007
8057,1002.0,296.0,86.7761,86.7768,86.8473,-0.0713,-0.0705,0.0007
8058,971.9,334.7,86.7713,86.7720,86.8430,-0.0718,-0.0710,0.0007
8059,1030.8,294.4,86.7665,86.7672,86.8386,-0.0721,-0.0713,0.0007
8060,1001.9,321.5,86.7617,86.7624,86.8336,-0.0719,-0.0712,0.0007
8061,986.9,291.8,86.7569,86.7576,86.8291,-0.0722,-0.0714,0.0007
8062,998.2,299.9,86.7521,86.7528,86.8246,-0.0725,-0.0718,0.0008
8063,1035.2,380.1,86.7473,86.7481,86.8202,-0.0729,-0.0722,0.0008
8064,977.7,291.4,86.7425,86.7433,86.8156,-0.0730,-0.0722,0.0008
8065,996.1,319.5,86.7378,86.7385,86.8112,-0.0734,-0.0726,0.0008
8066,1001.8,312.1,86.7330,86.7338,86.8068,-0.0738,-0.0731,0.0008
8067,999.0,288.7,86.7283,86.7290,86.8025,-0.0742,-0.0734,0.0008
8068,1000.5,286.7,86.7235,86.7243,86.7978,-0.0743,-0.0735,0.0008
8069,1000.0,290.9,86.7188,86.7195,86.7933,-0.0746,-0.0738,0.0008
8070,999.4,287.0,86.7140,86.7148,86.7888,-0.0748,-0.0740,0.0008
8071,1000.2,289.0,86.7093,86.7101,86.7843,-0.0750,-0.0743,0.0008
8072,1000.8,287.9,86.7046,86.7053,86.7794,-0.0748,-0.0740,0.0008
8073,1001.1,306.9,86.6998,86.7006,86.7747,-0.0748,-0.0741,0.0008
8074,1000.9,280.6,86.6951,86.6959,86.7701,-0.0750,-0.0742,0.0008
8075,997.3,276.4,86.6904,86.6912,86.7654,-0.0750,-0.0742,0.0008
8076,1009.0,288.2,86.6857,86.6865,86.7604,-0.0747,-0.0739,0.0008
8077,1003.8,297.1,86.6810,86.6818,86.7557,-0.0747,-0.0739,0.0008
8078,988.5,298.2,86.6763,86.6771,86.7509,-0.0746,-0.0738,0.0008
8079,1001.2,301.1,86.6716,86.6724,86.7458,-0.0743,-0.0735,0.0008
8080,998.1,280.6,86.6669,86.6677,86.7403,-0.0734,-0.0726,0.0008
8081,1014.5,330.9,86.6622,86.6630,86.7353,-0.0731,-0.0723,0.0008
8082,998.0,298.9,86.6575,86.6583,86.7302,-0.0727,-0.0719,0.0008
8083,996.5,312.7,86.6529,86.6537,86.7255,-0.0726,-0.0718,0.0008
8084,999.7,306.9,86.6482,86.6490,86.7205,-0.0723,-0.0715,0.0008
8085,1002.9,304.4,86.6435,86.6443,86.7158,-0.0723,-0.0715,0.0008
8086,1008.2,351.5,86.6389,86.6397,86.7110,-0.0721,-0.0713,0.0008
8087,984.3,289.0,86.6342,86.6350,86.7060,-0.0718,-0.0710,0.0008
8088,1001.4,271.7,86.6296,86.6304,86.7006,-0.0710,-0.0702,0.0008
8089,959.4,327.9,86.6249,86.6257,86.6955,-0.0706,-0.0697,0.0008
8090,1033.4,310.5,86.6203,86.6211,86.6904,-0.0701,-0.0692,0.0008
8091,1001.7,295.0,86.6157,86.6165,86.6854,-0.0697,-0.0689,0.0008
8092,998.7,297.1,86.6110,86.6119,86.6801,-0.0691,-0.0682,0.0008
8093,1001.1,329.9,86.6064,86.6072,86.6753,-0.0689,-0.0681,0.0008
8094,1011.1,323.2,86.6018,86.6026,86.6706,-0.0688,-0.0679,0.0008
8095,987.4,279.6,86.5972,86.5980,86.6657,-0.0685,-0.0677,0.0008
8096,1001.1,278.4,86.5926,86.5934,86.6607,-0.0681,-0.0673,0.0008
8097,1000.4,317.0,86.5880,86.5888,86.6552,-0.0672,-0.0664,0.0008
8098,1000.2,294.3,86.5834,86.5842,86.6500,-0.0666,-0.0658,0.0008
8099,1002.8,289.9,86.5788,86.5796,86.6448,-0.0660,-0.0652,0.0008
8100,998.4,279.2,86.5742,86.5751,86.6393,-0.0651,-0.0642,0.0009
8101,1006.0,338.1,86.5696,86.5705,86.6344,-0.0647,-0.0639,0.0009
8102,1005.8,354.7,86.5651,86.5659,86.6296,-0.0646,-0.0637,0.0009
8103,1001.0,356.2,86.5605,86.5614,86.6248,-0.0643,-0.0634,0.0009
8104,998.7,335.4,86.5559,86.5568,86.6196,-0.0636,-0.0628,0.0009
8105,1009.4,345.8,86.5514,86.5522,86.6146,-0.0633,-0.0624,0.0009
8106,996.1,330.8,86.5468,86.5477,86.6098,-0.0630,-0.0622,0.0009
8107,1041.0,406.7,86.5423,86.5432,86.6052,-0.0629,-0.0620,0.0009
8108,965.2,333.4,86.5377,86.5386,86.6003,-0.0625,-0.0616,0.0009
8109,988.3,364.7,86.5332,86.5341,86.5959,-0.0627,-0.0619,0.0009
8110,999.2,371.5,86.5287,86.5296,86.5919,-0.0632,-0.0623,0.0009
8111,1003.5,323.5,86.5242,86.5250,86.5878,-0.0637,-0.0628,0.0009
8112,989.6,313.0,86.5196,86.5205,86.5835,-0.0639,-0.0630,0.0009
8113,994.5,355.2,86.5151,86.5160,86.5796,-0.0645,-0.0636,0.0009
8114,998.5,345.8,86.5106,86.5115,86.5756,-0.0649,-0.0640,0.0009
8115,1002.5,348.1,86.5061,86.5070,86.5715,-0.0654,-0.0645,0.0009
8116,997.9,343.0,86.5016,86.5025,86.5670,-0.0654,-0.0645,0.0009
8117,1001.6,319.2,86.4971,86.4980,86.5628,-0.0657,-0.0648,0.0009
8118,998.8,345.7,86.4927,86.4936,86.5587,-0.0661,-0.0652,0.0009
8119,999.2,352.8,86.4882,86.4891,86.5547,-0.0666,-0.0657,0.0009
8120,1005.2,341.5,86.4837,86.4846,86.5503,-0.0666,-0.0657,0.0009
8121,1004.2,326.3,86.4792,86.4801,86.5462,-0.0670,-0.0660,0.0009
8122,1002.0,360.3,86.4748,86.4757,86.5420,-0.0673,-0.0664,0.0009
8123,996.4,334.2,86.4703,86.4712,86.5380,-0.0676,-0.0667,0.0009
8124,1002.1,315.8,86.4659,86.4668,86.5334,-0.0676,-0.0667,0.0009
8125,998.4,339.7,86.4614,86.4623,86.5292,-0.0678,-0.0668,0.0009
8126,1067.3,558.2,86.4570,86.4579,86.5249,-0.0679,-0.0670,0.0009
8127,929.3,295.1,86.4525,86.4535,86.5205,-0.0680,-0.0670,0.0009
8128,1276.3,252.7,86.4481,86.4490,86.5159,-0.0678,-0.0668,0.0009
8129,721.8,324.1,86.4437,86.4446,86.5116,-0.0679,-0.0670,0.0009
8130,998.4,298.1,86.4393,86.4402,86.5075,-0.0683,-0.0673,0.0009
8131,1003.5,380.8,86.4349,86.4358,86.5034,-0.0685,-0.0676,0.0009
8132,1012.2,331.3,86.4305,86.4314,86.4989,-0.0685,-0.0675,0.0009
8133,995.8,359.7,86.4261,86.4270,86.4948,-0.0688,-0.0678,0.0009
8134,973.0,371.2,86.4217,86.4226,86.4906,-0.0690,-0.0680,0.0009
8135,1020.7,337.0,86.4173,86.4182,86.4864,-0.0691,-0.0682,0.0009
8136,996.9,331.5,86.4129,86.4138,86.4818,-0.0689,-0.0679,0.0010
8137,998.6,316.5,86.4085,86.4095,86.4775,-0.0690,-0.0681,0.0010
8138,999.8,301.5,86.4041,86.4051,86.4733,-0.0692,-0.0682,0.0010
8139,1000.7,343.8,86.3998,86.4007,86.4692,-0.0694,-0.0684,0.0010
8140,998.3,340.5,86.3954,86.3964,86.4649,-0.0695,-0.0685,0.0010
8141,999.7,339.9,86.3910,86.3920,86.4610,-0.0699,-0.0690,0.0010
8142,1000.5,331.6,86.3867,86.3877,86.4571,-0.0704,-0.0694,0.0010
8143,999.9,308.1,86.3824,86.3833,86.4530,-0.0707,-0.0697,0.0010
8144,1000.9,303.2,86.3780,86.3790,86.4484,-0.0704,-0.0694,0.0010
8145,1003.4,303.5,86.3737,86.3747,86.4439,-0.0702,-0.0693,0.0010
8146,997.3,324.6,86.3694,86.3703,86.4394,-0.0701,-0.0691,0.0010
8147,1002.8,298.5,86.3650,86.3660,86.4349,-0.0698,-0.0689,0.0010
8148,1017.9,373.2,86.3607,86.3617,86.4299,-0.0692,-0.0682,0.0010
8149,963.9,333.7,86.3564,86.3574,86.4251,-0.0687,-0.0677,0.0010
8150,1016.4,297.1,86.3521,86.3531,86.4205,-0.0684,-0.0674,0.0010
8151,1002.0,296.4,86.3478,86.3488,86.4159,-0.0681,-0.0671,0.0010
8152,1005.6,371.5,86.3435,86.3445,86.4109,-0.0674,-0.0664,0.0010
8153,996.2,318.9,86.3392,86.3402,86.4062,-0.0669,-0.0659,0.0010
8154,977.6,531.7,86.3349,86.3359,86.4013,-0.0663,-0.0653,0.0010
8155,1038.8,375.1,86.3307,86.3317,86.3962,-0.0655,-0.0645,0.0010
8156,988.6,322.5,86.3264,86.3274,86.3907,-0.0643,-0.0633,0.0010
8157,997.0,372.1,86.3221,86.3232,86.3856,-0.0635,-0.0625,0.0010
8158,1021.8,396.4,86.3179,86.3189,86.3806,-0.0627,-0.0617,0.0010
8159,992.1,434.3,86.3136,86.3146,86.3757,-0.0621,-0.0611,0.0010
8160,1011.3,1293.7,86.3094,86.3104,86.3707,-0.0613,-0.0603,0.0010
8161,1303.8,308.1,86.3051,86.3062,86.3661,-0.0610,-0.0599,0.0010
8162,672.1,312.7,86.3009,86.3019,86.3614,-0.0605,-0.0595,0.0010
8163,1000.1,332.9,86.2967,86.2977,86.3567,-0.0600,-0.0590,0.0010
8164,998.0,373.0,86.2925,86.2935,86.3515,-0.0590,-0.0580,0.0010
8165,1047.0,396.2,86.2882,86.2893,86.3466,-0.0584,-0.0574,0.0010
8166,956.9,356.4,86.2840,86.2851,86.3420,-0.0580,-0.0569,0.0010
8167,1010.3,373.9,86.2798,86.2809,86.3376,-0.0578,-0.0567,0.0010
8168,991.9,357.1,86.2756,86.2767,86.3330,-0.0573,-0.0563,0.0010
8169,998.2,499.1,86.2714,86.2725,86.3289,-0.0574,-0.0564,0.0010
8170,1004.4,392.1,86.2672,86.2683,86.3248,-0.0576,-0.0565,0.0010
8171,996.3,372.6,86.2631,86.2641,86.3208,-0.0577,-0.0567,0.0011
8172,999.1,360.9,86.2589,86.2599,86.3164,-0.0575,-0.0565,0.0011
8173,1001.7,338.6,86.2547,86.2558,86.3122,-0.0575,-0.0564,0.0011
8174,1007.6,380.8,86.2506,86.2516,86.3079,-0.0574,-0.0563,0.0011
8175,992.2,335.1,86.2464,86.2475,86.3037,-0.0573,-0.0562,0.0011
8176,1005.3,374.8,86.2422,86.2433,86.2992,-0.0570,-0.0559,0.0011
8177,995.7,332.7,86.2381,86.2392,86.2951,-0.0570,-0.0560,0.0011
8178,1027.0,334.2,86.2340,86.2350,86.2911,-0.0571,-0.0561,0.0011
8179,970.0,321.3,86.2298,86.2309,86.2872,-0.0574,-0.0563,0.0011
8180,1005.9,344.0,86.2257,86.2268,86.2830,-0.0573,-0.0563,0.0011
8181,998.8,389.2,86.2216,86.2227,86.2791,-0.0575,-0.0564,0.0011
8182,996.0,325.6,86.2175,86.2185,86.2751,-0.0576,-0.0565,0.0011
8183,997.8,313.7,86.2133,86.2144,86.2710,-0.0576,-0.0566,0.0011
8184,1237.6,337.6,86.2092,86.2103,86.2665,-0.0573,-0.0562,0.0011
8185,780.0,324.5,86.2051,86.2062,86.2618,-0.0567,-0.0556,0.0011
8186,987.3,318.2,86.2010,86.2021,86.2579,-0.0568,-0.0557,0.0011
8187,996.9,309.7,86.1970,86.1981,86.2539,-0.0570,-0.0559,0.0011
8188,998.0,293.9,86.1929,86.1940,86.2496,-0.0567,-0.0556,0.0011
8189,1000.9,311.3,86.1888,86.1899,86.2458,-0.0569,-0.0558,0.0011
8190,1015.5,375.7,86.1847,86.1858,86.2419,-0.0572,-0.0561,0.0011
8191,998.8,415.9,86.1807,86.1818,86.2379,-0.0572,-0.0561,0.0011
8192,986.9,354.8,86.1766,86.1777,86.2340,-0.0574,-0.0562,0.0011
8193,999.8,380.3,86.1726,86.1737,86.2300,-0.0574,-0.0563,0.0011
8194,1000.0,349.3,86.1685,86.1696,86.2261,-0.0576,-0.0565,0.0011
8195,1032.6,364.4,86.1645,86.1656,86.2221,-0.0577,-0.0565,0.0011
8196,972.3,378.5,86.1605,86.1616,86.2179,-0.0574,-0.0563,0.0011
8197,995.9,344.8,86.1564,86.1576,86.2141,-0.0577,-0.0566,0.0011
8198,998.5,324.8,86.1524,86.1535,86.2105,-0.0581,-0.0570,0.0011
8199,1001.1,336.5,86.1484,86.1495,86.2071,-0.0587,-0.0576,0.0011
8200,999.9,309.8,86.1444,86.1455,86.2036,-0.0592,-0.0581,0.0011
8201,1000.1,326.9,86.1404,86.1415,86.2005,-0.0601,-0.0590,0.0011
8202,999.3,319.9,86.1364,86.1375,86.2005,-0.0641,-0.0630,0.0011
8203,1000.1,340.9,86.1324,86.1335,86.1973,-0.0650,-0.0638,0.0011
8204,1001.0,324.9,86.1284,86.1296,86.1938,-0.0654,-0.0642,0.0012
8205,1000.4,336.2,86.1244,86.1256,86.1903,-0.0658,-0.0647,0.0012
8206,1000.1,302.7,86.1205,86.1216,86.1866,-0.0661,-0.0649,0.0012
8207,1017.8,332.2,86.1165,86.1177,86.1827,-0.0662,-0.0651,0.0012
8208,980.9,312.5,86.1125,86.1137,86.1785,-0.0660,-0.0648,0.0012
8209,999.2,289.2,86.1086,86.1098,86.1746,-0.0660,-0.0648,0.0012
8210,1000.9,344.0,86.1046,86.1058,86.1707,-0.0661,-0.0649,0.0012
8211,991.3,325.1,86.1007,86.1019,86.1670,-0.0663,-0.0651,0.0012
8212,1010.5,348.8,86.0968,86.0979,86.1629,-0.0661,-0.0650,0.0012
8213,998.3,333.4,86.0928,86.0940,86.1590,-0.0662,-0.0650,0.0012
8214,1001.3,301.8,86.0889,86.0901,86.1552,-0.0662,-0.0651,0.0012
8215,996.9,319.6,86.0850,86.0862,86.1513,-0.0663,-0.0651,0.0012
8216,996.3,360.8,86.0811,86.0823,86.1470,-0.0659,-0.0647,0.0012
8217,1006.3,334.4,86.0772,86.0784,86.1429,-0.0657,-0.0645,0.0012
8218,999.2,312.8,86.0733,86.0745,86.1387,-0.0654,-0.0642,0.0012
8219,997.8,324.7,86.0694,86.0706,86.1343,-0.0649,-0.0637,0.0012
8220,1000.5,335.5,86.0655,86.0667,86.1295,-0.0640,-0.0628,0.0012
8221,998.4,298.9,86.0616,86.0628,86.1252,-0.0636,-0.0624,0.0012
8222,999.2,323.9,86.0578,86.0590,86.1209,-0.0631,-0.0619,0.0012
8223,1000.7,313.2,86.0539,86.0551,86.1164,-0.0625,-0.0613,0.0012
8224,1006.1,631.0,86.0500,86.0512,86.1119,-0.0619,-0.0606,0.0012
8225,996.7,368.4,86.0462,86.0474,86.1077,-0.0615,-0.0603,0.0012
8226,1012.6,334.8,86.0423,86.0435,86.1035,-0.0612,-0.0600,0.0012
8227,985.8,322.2,86.0385,86.0397,86.0993,-0.0609,-0.0596,0.0012
8228,993.5,326.0,86.0346,86.0359,86.0948,-0.0601,-0.0589,0.0012
8229,1018.5,375.6,86.0308,86.0320,86.0906,-0.0598,-0.0586,0.0012
8230,994.3,361.5,86.0270,86.0282,86.0865,-0.0595,-0.0583,0.0012
8231,998.9,330.5,86.0232,86.0244,86.0826,-0.0594,-0.0582,0.0012
8232,992.8,322.3,86.0194,86.0206,86.0785,-0.0592,-0.0579,0.0012
8233,1004.8,345.0,86.0156,86.0168,86.0749,-0.0593,-0.0581,0.0012
8234,1016.8,394.2,86.0118,86.0130,86.0713,-0.0596,-0.0583,0.0012
8235,991.3,367.7,86.0080,86.0092,86.0678,-0.0598,-0.0586,0.0012
8236,999.2,321.1,86.0042,86.0054,86.0639,-0.0597,-0.0584,0.0013
8237,996.7,521.2,86.0004,86.0017,86.0602,-0.0597,-0.0585,0.0013
8238,1007.0,376.8,85.9966,85.9979,86.0564,-0.0598,-0.0585,0.0013
8239,988.1,351.8,85.9929,85.9941,86.0526,-0.0597,-0.0584,0.0013
8240,1011.4,416.8,85.9891,85.9904,86.0484,-0.0593,-0.0581,0.0013
8241,1012.8,383.4,85.9854,85.9866,86.0446,-0.0592,-0.0579,0.0013
8242,984.0,370.4,85.9816,85.9829,86.0406,-0.0590,-0.0578,0.0013
8243,985.9,315.2,85.9779,85.9791,86.0366,-0.0587,-0.0575,0.0013
8244,995.9,323.6,85.9741,85.9754,86.0323,-0.0582,-0.0569,0.0013
8245,1016.4,332.8,85.9704,85.9717,86.0284,-0.0580,-0.0567,0.0013
8246,953.8,337.2,85.9667,85.9680,86.0246,-0.0579,-0.0566,0.0013
8247,1040.6,300.7,85.9630,85.9643,86.0205,-0.0576,-0.0563,0.0013
8248,998.1,294.8,85.9593,85.9606,86.0161,-0.0569,-0.0556,0.0013
8249,1000.5,345.5,85.9556,85.9569,86.0119,-0.0564,-0.0551,0.0013
8250,994.9,310.2,85.9519,85.9532,86.0078,-0.0559,-0.0546,0.0013
8251,996.2,328.5,85.9482,85.9495,86.0036,-0.0555,-0.0542,0.0013
8252,997.4,305.1,85.9445,85.9458,85.9992,-0.0547,-0.0534,0.0013
8253,1020.1,311.1,85.9408,85.9421,85.9952,-0.0544,-0.0531,0.0013
8254,995.1,307.4,85.9371,85.9385,85.9913,-0.0541,-0.0528,0.0013
8255,998.2,296.4,85.9335,85.9348,85.9874,-0.0539,-0.0526,0.0013
8256,997.8,295.7,85.9298,85.9311,85.9836,-0.0538,-0.0524,0.0013
8257,1003.1,363.9,85.9262,85.9275,85.9794,-0.0533,-0.0519,0.0013
8258,999.3,336.6,85.9225,85.9238,85.9754,-0.0529,-0.0516,0.0013
8259,1000.5,354.0,85.9189,85.9202,85.9713,-0.0524,-0.0511,0.0013
8260,999.8,364.8,85.9153,85.9166,85.9670,-0.0518,-0.0504,0.0013
8261,1002.6,363.6,85.9116,85.9130,85.9631,-0.0515,-0.0502,0.0013
8262,996.1,345.4,85.9080,85.9093,85.9594,-0.0514,-0.0501,0.0013
8263,1031.9,535.4,85.9044,85.9057,85.9559,-0.0515,-0.0502,0.0013
8264,975.5,466.9,85.9008,85.9021,85.9523,-0.0516,-0.0502,0.0013
8265,997.3,383.5,85.8972,85.8985,85.9490,-0.0518,-0.0505,0.0013
8266,1004.5,385.4,85.8936,85.8949,85.9457,-0.0521,-0.0508,0.0013
8267,977.8,356.3,85.8900,85.8914,85.9424,-0.0524,-0.0510,0.0014
8268,1014.3,358.1,85.8864,85.8878,85.9391,-0.0527,-0.0513,0.0014
8269,996.8,367.6,85.8829,85.8842,85.9356,-0.0527,-0.0513,0.0014
8270,1000.3,350.0,85.8793,85.8806,85.9322,-0.0529,-0.0515,0.0014
8271,1001.4,347.2,85.8757,85.8771,85.9287,-0.0530,-0.0517,0.0014
8272,1000.4,359.4,85.8722,85.8735,85.9251,-0.0529,-0.0516,0.0014
8273,999.9,337.1,85.8686,85.8700,85.9216,-0.0530,-0.0516,0.0014
8274,1002.9,353.0,85.8651,85.8665,85.9181,-0.0530,-0.0516,0.0014
8275,1001.1,372.5,85.8615,85.8629,85.9146,-0.0531,-0.0517,0.0014
8276,996.9,372.3,85.8580,85.8594,85.9109,-0.0528,-0.0515,0.0014
8277,964.8,364.8,85.8545,85.8559,85.9075,-0.0530,-0.0517,0.0014
8278,1064.3,372.9,85.8510,85.8524,85.9044,-0.0535,-0.0521,0.0014
8279,991.0,362.7,85.8475,85.8489,85.9013,-0.0539,-0.0525,0.0014
8280,986.8,311.9,85.8440,85.8454,85.8978,-0.0539,-0.0525,0.0014
8281,1013.9,375.5,85.8405,85.8419,85.8947,-0.0542,-0.0528,0.0014
8282,977.2,323.0,85.8370,85.8384,85.8915,-0.0545,-0.0531,0.0014
8283,1009.9,366.4,85.8335,85.8349,85.8881,-0.0546,-0.0532,0.0014
8284,992.6,349.8,85.8300,85.8314,85.8842,-0.0541,-0.0527,0.0014
8285,990.8,324.3,85.8266,85.8280,85.8803,-0.0538,-0.0524,0.0014
8286,990.5,357.5,85.8231,85.8245,85.8767,-0.0536,-0.0522,0.0014
8287,1023.6,404.1,85.8196,85.8211,85.8733,-0.0536,-0.0522,0.0014
8288,998.4,390.2,85.8162,85.8176,85.8696,-0.0534,-0.0519,0.0014
8289,1002.4,439.3,85.8127,85.8142,85.8662,-0.0535,-0.0521,0.0014
8290,1000.1,420.3,85.8093,85.8107,85.8628,-0.0535,-0.0521,0.0014
8291,1001.1,407.1,85.8059,85.8073,85.8594,-0.0535,-0.0521,0.0014
8292,1000.5,398.7,85.8025,85.8039,85.8555,-0.0531,-0.0517,0.0014
8293,997.5,409.1,85.7990,85.8005,85.8520,-0.0530,-0.0515,0.0014
8294,1002.0,478.3,85.7956,85.7971,85.8483,-0.0527,-0.0513,0.0014
8295,1001.4,401.6,85.7922,85.7937,85.8446,-0.0524,-0.0510,0.0014
8296,998.5,367.9,85.7888,85.7903,85.8408,-0.0519,-0.0505,0.0014
8297,998.3,340.8,85.7854,85.7869,85.8371,-0.0517,-0.0502,0.0014
8298,996.6,362.0,85.7821,85.7835,85.8335,-0.0514,-0.0500,0.0015
8299,1000.1,364.1,85.7787,85.7801,85.8298,-0.0511,-0.0497,0.0015
8300,1008.4,316.6,85.7753,85.7768,85.8259,-0.0506,-0.0492,0.0015
8301,992.1,319.7,85.7719,85.7734,85.8226,-0.0507,-0.0492,0.0015
8302,1011.2,353.6,85.7686,85.7701,85.8194,-0.0508,-0.0493,0.0015
8303,994.9,291.4,85.7652,85.7667,85.8162,-0.0509,-0.0495,0.0015
8304,981.8,294.0,85.7619,85.7634,85.8128,-0.0509,-0.0494,0.0015
8305,1001.8,299.3,85.7586,85.7600,85.8095,-0.0510,-0.0495,0.0015
8306,970.8,321.9,85.7552,85.7567,85.8062,-0.0510,-0.0495,0.0015
8307,1025.5,285.9,85.7519,85.7534,85.8028,-0.0509,-0.0494,0.0015
8308,999.5,305.7,85.7486,85.7501,85.7990,-0.0504,-0.0489,0.0015
8309,999.8,290.8,85.7453,85.7468,85.7954,-0.0501,-0.0486,0.0015
8310,1004.7,316.7,85.7420,85.7435,85.7919,-0.0500,-0.0485,0.0015
8311,1000.6,474.0,85.7387,85.7402,85.7884,-0.0498,-0.0483,0.0015
8312,999.6,297.1,85.7354,85.7369,85.7847,-0.0493,-0.0478,0.0015
8313,1000.5,291.8,85.7321,85.7336,85.7811,-0.0490,-0.0475,0.0015
8314,999.9,342.7,85.7288,85.7303,85.7776,-0.0488,-0.0473,0.0015
8315,1004.6,332.1,85.7256,85.7271,85.7743,-0.0487,-0.0472,0.0015
8316,1040.2,471.6,85.7223,85.7238,85.7706,-0.0483,-0.0468,0.0015
8317,955.8,337.2,85.7190,85.7206,85.7671,-0.0481,-0.0466,0.0015
8318,988.8,344.1,85.7158,85.7173,85.7635,-0.0477,-0.0462,0.0015
8319,990.7,358.8,85.7126,85.7141,85.7599,-0.0473,-0.0458,0.0015
8320,1017.1,350.5,85.7093,85.7108,85.7560,-0.0467,-0.0452,0.0015
8321,982.9,327.3,85.7061,85.7076,85.7524,-0.0463,-0.0448,0.0015
8322,1016.0,329.3,85.7029,85.7044,85.7487,-0.0458,-0.0443,0.0015
8323,1000.7,322.8,85.6996,85.7012,85.7450,-0.0454,-0.0438,0.0015
8324,1008.5,335.8,85.6964,85.6980,85.7411,-0.0446,-0.0431,0.0015
8325,1003.6,353.4,85.6932,85.6948,85.7375,-0.0443,-0.0428,0.0015
8326,1001.0,333.6,85.6900,85.6916,85.7340,-0.0440,-0.0424,0.0015
8327,948.6,380.1,85.6869,85.6884,85.7304,-0.0435,-0.0420,0.0015
8328,1205.9,292.1,85.6837,85.6852,85.7265,-0.0429,-0.0413,0.0016
8329,839.6,339.3,85.6805,85.6821,85.7231,-0.0426,-0.0410,0.0016
8330,998.4,321.5,85.6773,85.6789,85.7197,-0.0423,-0.0408,0.0016
8331,991.8,325.0,85.6742,85.6757,85.7162,-0.0421,-0.0405,0.0016
8332,991.1,345.7,85.6710,85.6726,85.7126,-0.0416,-0.0400,0.0016
8333,1012.4,289.3,85.6679,85.6694,85.7092,-0.0414,-0.0398,0.0016
8334,996.9,320.9,85.6647,85.6663,85.7060,-0.0413,-0.0397,0.0016
8335,1000.2,325.0,85.6616,85.6632,85.7029,-0.0413,-0.0398,0.0016
8336,1006.8,312.1,85.6585,85.6600,85.6995,-0.0410,-0.0394,0.0016
8337,1014.3,357.8,85.6553,85.6569,85.6964,-0.0411,-0.0395,0.0016
8338,990.1,326.5,85.6522,85.6538,85.6936,-0.0413,-0.0397,0.0016
8339,997.1,312.3,85.6491,85.6507,85.6909,-0.0418,-0.0402,0.0016
8340,1180.1,326.5,85.6460,85.6476,85.6881,-0.0421,-0.0405,0.0016
8341,824.6,321.0,85.6429,85.6445,85.6855,-0.0425,-0.0410,0.0016
8342,996.8,288.7,85.6399,85.6415,85.6828,-0.0429,-0.0413,0.0016
8343,1000.5,433.1,85.6368,85.6384,85.6800,-0.0432,-0.0416,0.0016
8344,1005.2,355.7,85.6337,85.6353,85.6768,-0.0431,-0.0415,0.0016
8345,993.0,659.2,85.6306,85.6322,85.6737,-0.0431,-0.0415,0.0016
8346,997.3,317.2,85.6276,85.6292,85.6705,-0.0430,-0.0414,0.0016
8347,1010.5,346.6,85.6245,85.6261,85.6674,-0.0429,-0.0413,0.0016
8348,1001.3,310.1,85.6215,85.6231,85.6644,-0.0429,-0.0413,0.0016
8349,1002.2,307.6,85.6184,85.6201,85.6612,-0.0427,-0.0411,0.0016
8350,989.5,295.2,85.6154,85.6170,85.6578,-0.0424,-0.0407,0.0016
8351,999.5,344.3,85.6124,85.6140,85.6550,-0.0426,-0.0410,0.0016
8352,1003.8,324.5,85.6094,85.6110,85.6522,-0.0429,-0.0412,0.0016
8353,996.5,322.9,85.6064,85.6080,85.6496,-0.0433,-0.0416,0.0016
8354,999.3,324.6,85.6034,85.6050,85.6469,-0.0435,-0.0419,0.0016
8355,1002.5,299.5,85.6004,85.6020,85.6437,-0.0434,-0.0417,0.0016
8356,1001.7,332.2,85.5974,85.5990,85.6407,-0.0433,-0.0417,0.0016
8357,996.8,322.0,85.5944,85.5960,85.6376,-0.0432,-0.0415,0.0017
8358,1001.3,331.0,85.5914,85.5931,85.6345,-0.0431,-0.0414,0.0017
8359,999.7,306.1,85.5885,85.5901,85.6315,-0.0430,-0.0414,0.0017
8360,1001.1,301.3,85.5855,85.5872,85.6281,-0.0426,-0.0409,0.0017
8361,1001.0,321.2,85.5825,85.5842,85.6250,-0.0425,-0.0408,0.0017
8362,1006.8,386.6,85.5796,85.5813,85.6220,-0.0424,-0.0408,0.0017
8363,1010.9,381.2,85.5767,85.5783,85.6191,-0.0425,-0.0408,0.0017
8364,987.6,320.5,85.5737,85.5754,85.6162,-0.0425,-0.0408,0.0017
8365,993.1,379.7,85.5708,85.5725,85.6135,-0.0427,-0.0411,0.0017
8366,998.3,341.2,85.5679,85.5696,85.6108,-0.0429,-0.0413,0.0017
8367,971.8,595.3,85.5650,85.5666,85.6081,-0.0432,-0.0415,0.0017
8368,1041.2,350.4,85.5621,85.5637,85.6081,-0.0461,-0.0444,0.0017
8369,990.6,344.7,85.5592,85.5609,85.6053,-0.0462,-0.0445,0.0017
8370,962.0,383.1,85.5563,85.5580,85.6027,-0.0464,-0.0447,0.0017
8371,1035.6,336.0,85.5534,85.5551,85.6001,-0.0467,-0.0450,0.0017
8372,1002.2,310.5,85.5505,85.5522,85.5973,-0.0468,-0.0451,0.0017
8373,988.1,323.4,85.5476,85.5493,85.5946,-0.0470,-0.0453,0.0017
8374,1001.0,338.4,85.5448,85.5465,85.5918,-0.0470,-0.0453,0.0017
8375,997.8,320.8,85.5419,85.5436,85.5890,-0.0470,-0.0453,0.0017
8376,973.9,386.0,85.5391,85.5408,85.5860,-0.0469,-0.0452,0.0017
8377,1029.8,303.3,85.5362,85.5379,85.5832,-0.0470,-0.0453,0.0017
8378,996.6,302.1,85.5334,85.5351,85.5805,-0.0471,-0.0454,0.0017
8379,1001.1,332.3,85.5306,85.5323,85.5778,-0.0472,-0.0455,0.0017
8380,1007.1,313.4,85.5277,85.5295,85.5749,-0.0472,-0.0455,0.0017
8381,995.0,354.8,85.5249,85.5267,85.5725,-0.0476,-0.0458,0.0017
8382,998.9,347.6,85.5221,85.5239,85.5702,-0.0480,-0.0463,0.0017
8383,1000.5,317.2,85.5193,85.5211,85.5677,-0.0484,-0.0466,0.0017
8384,998.3,359.2,85.5165,85.5183,85.5650,-0.0485,-0.0467,0.0017
8385,999.2,352.8,85.5137,85.5155,85.5625,-0.0488,-0.0470,0.0018
8386,999.6,338.5,85.5110,85.5127,85.5600,-0.0490,-0.0472,0.0018
8387,1003.6,361.5,85.5082,85.5100,85.5573,-0.0491,-0.0473,0.0018
8388,997.2,361.0,85.5054,85.5072,85.5542,-0.0488,-0.0470,0.0018
8389,999.3,350.9,85.5027,85.5044,85.5513,-0.0487,-0.0469,0.0018
8390,999.8,387.0,85.4999,85.5017,85.5486,-0.0486,-0.0469,0.0018
8391,1000.1,391.2,85.4972,85.4990,85.5457,-0.0485,-0.0467,0.0018
8392,999.1,340.1,85.4944,85.4962,85.5425,-0.0480,-0.0462,0.0018
8393,1015.6,400.7,85.4917,85.4935,85.5395,-0.0478,-0.0460,0.0018
8394,1002.9,352.7,85.4890,85.4908,85.5366,-0.0476,-0.0458,0.0018
8395,1001.0,299.8,85.4863,85.4881,85.5336,-0.0473,-0.0455,0.0018
8396,1032.0,339.9,85.4836,85.4854,85.5303,-0.0467,-0.0449,0.0018
8397,980.7,347.8,85.4809,85.4827,85.5274,-0.0465,-0.0447,0.0018
8398,989.1,688.4,85.4782,85.4800,85.5245,-0.0463,-0.0445,0.0018
8399,1000.0,321.1,85.4755,85.4773,85.5215,-0.0460,-0.0442,0.0018
8400,984.0,309.4,85.4728,85.4746,85.5183,-0.0454,-0.0436,0.0018
8401,997.7,311.3,85.4701,85.4719,85.5152,-0.0450,-0.0432,0.0018
8402,1001.0,301.3,85.4675,85.4693,85.5120,-0.0445,-0.0427,0.0018
8403,997.8,320.9,85.4648,85.4666,85.5089,-0.0441,-0.0422,0.0018
8404,1001.1,316.2,85.4622,85.4640,85.5056,-0.0434,-0.0416,0.0018
8405,1000.6,319.5,85.4595,85.4613,85.5025,-0.0430,-0.0412,0.0018
8406,1010.4,336.0,85.4569,85.4587,85.4995,-0.0426,-0.0408,0.0018
8407,998.8,322.5,85.4543,85.4561,85.4965,-0.0422,-0.0404,0.0018
8408,1000.1,330.2,85.4516,85.4535,85.4932,-0.0415,-0.0397,0.0018
8409,1000.2,349.6,85.4490,85.4509,85.4901,-0.0411,-0.0393,0.0018
8410,1006.9,335.4,85.4464,85.4483,85.4871,-0.0407,-0.0389,0.0018
8411,999.1,357.9,85.4438,85.4457,85.4842,-0.0404,-0.0386,0.0018
8412,990.0,311.2,85.4412,85.4431,85.4811,-0.0399,-0.0381,0.0018
8413,1008.2,313.2,85.4386,85.4405,85.4781,-0.0395,-0.0377,0.0019
8414,1008.3,383.9,85.4361,85.4379,85.4751,-0.0390,-0.0372,0.0019
8415,982.8,339.3,85.4335,85.4353,85.4720,-0.0385,-0.0366,0.0019
8416,995.5,369.9,85.4309,85.4328,85.4687,-0.0377,-0.0359,0.0019
8417,1001.3,333.9,85.4284,85.4302,85.4657,-0.0373,-0.0354,0.0019
8418,1038.3,374.2,85.4258,85.4277,85.4627,-0.0369,-0.0350,0.0019
8419,973.3,326.9,85.4233,85.4252,85.4598,-0.0365,-0.0346,0.0019
8420,986.7,369.8,85.4207,85.4226,85.4566,-0.0359,-0.0340,0.0019
8421,1010.1,339.3,85.4182,85.4201,85.4537,-0.0355,-0.0336,0.0019
8422,999.7,328.9,85.4157,85.4176,85.4509,-0.0352,-0.0334,0.0019
8423,1012.3,338.9,85.4132,85.4151,85.4483,-0.0351,-0.0333,0.0019
8424,988.2,378.9,85.4107,85.4126,85.4455,-0.0348,-0.0329,0.0019
8425,999.4,365.4,85.4082,85.4101,85.4430,-0.0348,-0.0329,0.0019
8426,1012.6,353.9,85.4057,85.4076,85.4405,-0.0349,-0.0330,0.0019
8427,988.3,390.7,85.4032,85.4051,85.4380,-0.0348,-0.0329,0.0019
8428,1008.7,325.4,85.4007,85.4026,85.4351,-0.0344,-0.0325,0.0019
8429,997.8,348.0,85.3983,85.4002,85.4323,-0.0341,-0.0321,0.0019
8430,993.8,319.8,85.3958,85.3977,85.4295,-0.0337,-0.0318,0.0019
8431,998.7,321.8,85.3933,85.3952,85.4267,-0.0334,-0.0315,0.0019
8432,1002.5,524.3,85.3909,85.3928,85.4238,-0.0329,-0.0310,0.0019
8433,989.5,300.9,85.3884,85.3904,85.4211,-0.0326,-0.0307,0.0019
8434,997.6,307.6,85.3860,85.3879,85.4184,-0.0324,-0.0305,0.0019
8435,1001.9,309.0,85.3836,85.3855,85.4158,-0.0322,-0.0303,0.0019
8436,998.4,309.5,85.3812,85.3831,85.4131,-0.0319,-0.0300,0.0019
8437,1004.2,347.4,85.3788,85.3807,85.4104,-0.0317,-0.0298,0.0019
8438,1006.8,350.9,85.3763,85.3783,85.4079,-0.0315,-0.0296,0.0019
8439,998.4,345.0,85.3740,85.3759,85.4054,-0.0314,-0.0295,0.0019
8440,999.1,364.9,85.3716,85.3735,85.4026,-0.0311,-0.0291,0.0019
8441,999.8,361.7,85.3692,85.3711,85.4001,-0.0309,-0.0290,0.0020
8442,999.3,330.2,85.3668,85.3688,85.3977,-0.0309,-0.0289,0.0020
8443,1000.4,354.4,85.3644,85.3664,85.3953,-0.0309,-0.0290,0.0020
8444,1005.9,437.8,85.3621,85.3640,85.3928,-0.0308,-0.0288,0.0020
8445,997.3,341.0,85.3597,85.3617,85.3905,-0.0308,-0.0288,0.0020
8446,992.9,342.1,85.3574,85.3593,85.3881,-0.0307,-0.0288,0.0020
8447,1003.8,334.4,85.3550,85.3570,85.3858,-0.0307,-0.0287,0.0020
8448,993.0,351.9,85.3527,85.3547,85.3834,-0.0306,-0.0287,0.0020
8449,1000.0,362.5,85.3504,85.3524,85.3808,-0.0304,-0.0284,0.0020
8450,1010.5,317.6,85.3481,85.3501,85.3782,-0.0302,-0.0282,0.0020
8451,1005.5,327.1,85.3458,85.3477,85.3755,-0.0298,-0.0278,0.0020
8452,994.3,329.7,85.3435,85.3454,85.3727,-0.0292,-0.0272,0.0020
8453,997.9,325.0,85.3412,85.3432,85.3702,-0.0290,-0.0270,0.0020
8454,1001.0,321.0,85.3389,85.3409,85.3678,-0.0289,-0.0269,0.0020
8455,1002.6,319.1,85.3366,85.3386,85.3654,-0.0288,-0.0268,0.0020
8456,996.2,327.8,85.3343,85.3363,85.3628,-0.0285,-0.0265,0.0020
8457,997.8,318.1,85.3321,85.3341,85.3605,-0.0285,-0.0265,0.0020
8458,1000.5,332.8,85.3298,85.3318,85.3582,-0.0284,-0.0264,0.0020
8459,1009.6,341.7,85.3275,85.3296,85.3560,-0.0285,-0.0265,0.0020
8460,985.3,318.7,85.3253,85.3273,85.3538,-0.0285,-0.0264,0.0020
8461,999.7,336.6,85.3231,85.3251,85.3517,-0.0286,-0.0266,0.0020
8462,1080.8,336.9,85.3208,85.3229,85.3497,-0.0288,-0.0268,0.0020
8463,940.5,314.4,85.3186,85.3207,85.3476,-0.0290,-0.0270,0.0020
8464,986.5,344.2,85.3164,85.3184,85.3453,-0.0289,-0.0269,0.0020
8465,999.8,352.5,85.3142,85.3162,85.3431,-0.0289,-0.0269,0.0020
8466,1007.0,372.8,85.3120,85.3140,85.3409,-0.0289,-0.0269,0.0020
8467,994.7,371.1,85.3098,85.3119,85.3388,-0.0290,-0.0269,0.0020
8468,998.4,421.2,85.3076,85.3097,85.3365,-0.0289,-0.0269,0.0021
8469,1003.4,349.6,85.3054,85.3075,85.3345,-0.0290,-0.0270,0.0021
8470,995.5,334.4,85.3033,85.3053,85.3325,-0.0292,-0.0271,0.0021
8471,999.1,341.3,85.3011,85.3032,85.3305,-0.0294,-0.0273,0.0021
8472,1002.5,378.3,85.2990,85.3010,85.3285,-0.0295,-0.0274,0.0021
8473,999.1,349.5,85.2968,85.2989,85.3267,-0.0299,-0.0278,0.0021
8474,1013.4,364.9,85.2947,85.2968,85.3250,-0.0304,-0.0283,0.0021
8475,987.4,333.0,85.2925,85.2946,85.3234,-0.0309,-0.0288,0.0021
8476,997.4,343.1,85.2904,85.2925,85.3217,-0.0312,-0.0292,0.0021
8477,1000.0,382.0,85.2883,85.2904,85.3200,-0.0317,-0.0296,0.0021
8478,998.1,380.1,85.2862,85.2883,85.3184,-0.0323,-0.0302,0.0021
8479,1002.5,365.1,85.2841,85.2862,85.3169,-0.0328,-0.0307,0.0021
8480,1002.3,362.0,85.2820,85.2841,85.3153,-0.0333,-0.0312,0.0021
8481,998.1,328.7,85.2799,85.2820,85.3138,-0.0338,-0.0317,0.0021
8482,998.6,344.5,85.2778,85.2799,85.3122,-0.0343,-0.0322,0.0021
8483,999.9,325.9,85.2758,85.2779,85.3106,-0.0348,-0.0327,0.0021
8484,1000.9,412.3,85.2737,85.2758,85.3088,-0.0352,-0.0330,0.0021
8485,1000.8,338.5,85.2716,85.2737,85.3072,-0.0356,-0.0335,0.0021
8486,998.6,341.6,85.2696,85.2717,85.3055,-0.0359,-0.0338,0.0021
8487,1002.6,346.6,85.2675,85.2697,85.3038,-0.0362,-0.0341,0.0021
8488,998.6,332.9,85.2655,85.2676,85.3019,-0.0364,-0.0342,0.0021
8489,998.9,319.3,85.2635,85.2656,85.3000,-0.0365,-0.0344,0.0021
8490,999.1,379.9,85.2615,85.2636,85.2981,-0.0367,-0.0345,0.0021
8491,1000.7,392.6,85.2594,85.2616,85.2962,-0.0368,-0.0346,0.0021
8492,999.9,348.2,85.2574,85.2596,85.2940,-0.0366,-0.0344,0.0021
8493,999.6,344.3,85.2554,85.2576,85.2920,-0.0365,-0.0344,0.0021
8494,1003.7,386.0,85.2535,85.2556,85.2899,-0.0364,-0.0343,0.0021
8495,997.4,333.9,85.2515,85.2536,85.2878,-0.0363,-0.0342,0.0022
8496,1011.6,329.0,85.2495,85.2516,85.2856,-0.0361,-0.0340,0.0022
8497,1065.4,328.6,85.2475,85.2497,85.2837,-0.0362,-0.0340,0.0022
8498,937.8,308.5,85.2456,85.2477,85.2817,-0.0361,-0.0340,0.0022
8499,985.6,332.4,85.2436,85.2458,85.2798,-0.0362,-0.0340,0.0022
8500,999.3,346.3,85.2417,85.2438,85.2777,-0.0361,-0.0339,0.0022
8501,999.6,340.7,85.2397,85.2419,85.2758,-0.0360,-0.0339,0.0022
8502,1397.9,302.9,85.2378,85.2400,85.2738,-0.0360,-0.0338,0.0022
8503,603.3,302.3,85.2359,85.2381,85.2717,-0.0359,-0.0337,0.0022
8504,997.5,334.9,85.2340,85.2361,85.2695,-0.0355,-0.0333,0.0022
8505,1000.4,307.3,85.2321,85.2342,85.2674,-0.0353,-0.0331,0.0022
8506,1001.9,321.2,85.2302,85.2323,85.2651,-0.0350,-0.0328,0.0022
8507,1008.7,323.6,85.2283,85.2305,85.2630,-0.0347,-0.0325,0.0022
8508,1004.5,341.0,85.2264,85.2286,85.2608,-0.0344,-0.0322,0.0022
8509,997.8,348.5,85.2245,85.2267,85.2584,-0.0339,-0.0317,0.0022
8510,1001.0,334.7,85.2226,85.2248,85.2561,-0.0335,-0.0313,0.0022
8511,992.4,341.5,85.2208,85.2230,85.2537,-0.0330,-0.0308,0.0022
8512,996.6,340.6,85.2189,85.2211,85.2513,-0.0324,-0.0302,0.0022
8513,1000.0,330.9,85.2171,85.2193,85.2491,-0.0320,-0.0298,0.0022
8514,1002.2,348.8,85.2152,85.2174,85.2465,-0.0313,-0.0290,0.0022
8515,998.6,356.5,85.2134,85.2156,85.2441,-0.0308,-0.0285,0.0022
8516,999.5,353.0,85.2116,85.2138,85.2419,-0.0303,-0.0281,0.0022
8517,999.8,340.2,85.2097,85.2120,85.2395,-0.0297,-0.0275,0.0022
8518,1013.1,351.5,85.2079,85.2102,85.2373,-0.0293,-0.0271,0.0022
8519,1005.3,671.9,85.2061,85.2084,85.2348,-0.0286,-0.0264,0.0022
8520,985.7,349.7,85.2043,85.2066,85.2327,-0.0283,-0.0261,0.0022
8521,996.0,351.1,85.2026,85.2048,85.2303,-0.0278,-0.0255,0.0023
8522,1289.7,321.6,85.2008,85.2030,85.2281,-0.0274,-0.0251,0.0023
8523,709.5,309.2,85.1990,85.2013,85.2258,-0.0268,-0.0246,0.0023
8524,990.9,353.4,85.1972,85.1995,85.2233,-0.0261,-0.0238,0.0023
8525,1273.1,250.9,85.1955,85.1977,85.2211,-0.0257,-0.0234,0.0023
8526,713.2,349.3,85.1937,85.1960,85.2190,-0.0252,-0.0230,0.0023
8527,1015.0,322.3,85.1920,85.1943,85.2168,-0.0249,-0.0226,0.0023
8528,1000.5,309.9,85.1903,85.1925,85.2146,-0.0244,-0.0221,0.0023
8529,1000.7,338.9,85.1885,85.1908,85.2122,-0.0236,-0.0213,0.0023
8530,1194.3,297.0,85.1868,85.1891,85.2099,-0.0231,-0.0208,0.0023
8531,814.2,308.7,85.1851,85.1874,85.2077,-0.0226,-0.0204,0.0023
8532,990.9,323.9,85.1834,85.1857,85.2057,-0.0223,-0.0200,0.0023
8533,999.7,315.4,85.1817,85.1840,85.2037,-0.0220,-0.0197,0.0023
8534,997.8,357.9,85.1800,85.1823,85.2020,-0.0220,-0.0197,0.0023
8535,1000.9,325.6,85.1783,85.1806,85.2020,-0.0236,-0.0213,0.0023
8536,1002.1,352.8,85.1767,85.1790,85.2003,-0.0236,-0.0213,0.0023
8537,998.1,474.8,85.1750,85.1773,85.1985,-0.0235,-0.0212,0.0023
8538,1000.0,353.6,85.1733,85.1756,85.1967,-0.0234,-0.0211,0.0023
8539,1000.5,351.7,85.1717,85.1740,85.1950,-0.0234,-0.0210,0.0023
8540,999.4,376.3,85.1700,85.1724,85.1935,-0.0234,-0.0211,0.0023
8541,1000.3,389.3,85.1684,85.1707,85.1918,-0.0234,-0.0211,0.0023
8542,1005.5,339.1,85.1668,85.1691,85.1901,-0.0233,-0.0210,0.0023
8543,1003.0,333.6,85.1652,85.1675,85.1884,-0.0233,-0.0210,0.0023
8544,997.9,366.3,85.1635,85.1659,85.1868,-0.0233,-0.0209,0.0023
8545,993.8,342.9,85.1619,85.1643,85.1850,-0.0231,-0.0207,0.0023
8546,1001.4,464.1,85.1603,85.1627,85.1833,-0.0229,-0.0206,0.0023
8547,1009.2,450.5,85.1588,85.1611,85.1815,-0.0227,-0.0204,0.0023
8548,998.2,355.0,85.1572,85.1595,85.1796,-0.0224,-0.0201,0.0024
8549,1000.4,347.9,85.1556,85.1580,85.1776,-0.0220,-0.0196,0.0024
8550,1000.6,353.0,85.1540,85.1564,85.1756,-0.0216,-0.0192,0.0024
8551,998.5,349.5,85.1525,85.1548,85.1736,-0.0211,-0.0188,0.0024
8552,1001.1,338.7,85.1509,85.1533,85.1717,-0.0207,-0.0184,0.0024
8553,998.8,344.9,85.1494,85.1518,85.1695,-0.0201,-0.0177,0.0024
8554,1001.9,339.3,85.1478,85.1502,85.1675,-0.0197,-0.0173,0.0024
8555,1000.2,335.5,85.1463,85.1487,85.1656,-0.0193,-0.0169,0.0024
8556,1000.1,354.5,85.1448,85.1472,85.1637,-0.0189,-0.0165,0.0024
8557,1009.8,365.6,85.1433,85.1457,85.1617,-0.0184,-0.0160,0.0024
8558,990.8,351.4,85.1418,85.1442,85.1598,-0.0181,-0.0157,0.0024
8559,980.5,393.5,85.1403,85.1427,85.1581,-0.0179,-0.0155,0.0024
8560,1036.9,340.6,85.1388,85.1412,85.1565,-0.0177,-0.0153,0.0024
8561,995.8,329.5,85.1373,85.1397,85.1548,-0.0175,-0.0151,0.0024
8562,978.7,325.5,85.1358,85.1382,85.1531,-0.0173,-0.0149,0.0024
8563,997.9,299.1,85.1344,85.1368,85.1515,-0.0171,-0.0147,0.0024
8564,999.2,377.2,85.1329,85.1353,85.1499,-0.0169,-0.0145,0.0024
8565,1012.6,352.6,85.1315,85.1339,85.1482,-0.0168,-0.0143,0.0024
8566,994.9,349.4,85.1300,85.1324,85.1467,-0.0167,-0.0143,0.0024
8567,1001.0,352.2,85.1286,85.1310,85.1452,-0.0166,-0.0142,0.0024
8568,999.9,352.8,85.1271,85.1296,85.1437,-0.0165,-0.0141,0.0024
8569,1000.1,342.0,85.1257,85.1282,85.1419,-0.0162,-0.0137,0.0024
8570,998.4,331.1,85.1243,85.1268,85.1402,-0.0158,-0.0134,0.0024
8571,1000.4,355.7,85.1229,85.1254,85.1384,-0.0154,-0.0130,0.0024
8572,999.2,341.9,85.1215,85.1240,85.1366,-0.0151,-0.0127,0.0024
8573,1001.9,320.6,85.1201,85.1226,85.1348,-0.0147,-0.0122,0.0024
8574,999.1,356.0,85.1187,85.1212,85.1332,-0.0144,-0.0120,0.0025
8575,1001.0,345.2,85.1174,85.1198,85.1315,-0.0141,-0.0117,0.0025
8576,1007.2,344.7,85.1160,85.1185,85.1299,-0.0139,-0.0114,0.0025
8577,1001.4,527.5,85.1146,85.1171,85.1282,-0.0135,-0.0111,0.0025
8578,999.0,325.6,85.1133,85.1158,85.1267,-0.0134,-0.0109,0.0025
8579,999.6,332.3,85.1119,85.1144,85.1253,-0.0134,-0.0109,0.0025
8580,1002.4,355.2,85.1106,85.1131,85.1240,-0.0134,-0.0109,0.0025
8581,997.3,333.3,85.1093,85.1118,85.1225,-0.0133,-0.0108,0.0025
8582,1365.0,341.1,85.1080,85.1104,85.1212,-0.0132,-0.0107,0.0025
8583,611.2,358.1,85.1066,85.1091,85.1199,-0.0132,-0.0107,0.0025
8584,1025.9,314.2,85.1053,85.1078,85.1185,-0.0132,-0.0107,0.0025
8585,1001.8,338.1,85.1040,85.1065,85.1171,-0.0131,-0.0106,0.0025
8586,995.4,349.4,85.1028,85.1053,85.1160,-0.0132,-0.0107,0.0025
8587,1001.8,330.6,85.1015,85.1040,85.1147,-0.0132,-0.0107,0.0025
8588,1070.9,428.9,85.1002,85.1027,85.1135,-0.0133,-0.0108,0.0025
8589,920.3,388.4,85.0989,85.1014,85.1122,-0.0133,-0.0108,0.0025
8590,1004.0,365.6,85.0977,85.1002,85.1111,-0.0134,-0.0109,0.0025
8591,1010.4,425.5,85.0964,85.0989,85.1101,-0.0136,-0.0111,0.0025
8592,987.6,394.9,85.0952,85.0977,85.1090,-0.0139,-0.0113,0.0025
8593,999.8,355.1,85.0939,85.0965,85.1079,-0.0139,-0.0114,0.0025
8594,1069.9,350.6,85.0927,85.0952,85.1068,-0.0141,-0.0116,0.0025
8595,919.9,360.6,85.0915,85.0940,85.1058,-0.0143,-0.0117,0.0025
8596,1000.1,346.0,85.0903,85.0928,85.1047,-0.0144,-0.0118,0.0025
8597,999.8,342.6,85.0891,85.0916,85.1035,-0.0144,-0.0119,0.0025
8598,1001.9,472.0,85.0879,85.0904,85.1024,-0.0146,-0.0120,0.0025
8599,997.3,339.4,85.0867,85.0892,85.1012,-0.0145,-0.0120,0.0025
8600,1000.0,325.8,85.0855,85.0881,85.1001,-0.0146,-0.0121,0.0026
8601,1002.0,322.7,85.0843,85.0869,85.0991,-0.0148,-0.0122,0.0026
8602,997.5,349.0,85.0832,85.0857,85.0979,-0.0147,-0.0121,0.0026
8603,1000.3,325.5,85.0820,85.0846,85.0968,-0.0147,-0.0122,0.0026
8604,999.6,550.1,85.0809,85.0834,85.0958,-0.0149,-0.0124,0.0026
8605,1006.4,353.5,85.0797,85.0823,85.0946,-0.0149,-0.0123,0.0026
8606,994.7,344.6,85.0786,85.0812,85.0936,-0.0150,-0.0124,0.0026
8607,999.1,353.6,85.0775,85.0800,85.0925,-0.0151,-0.0125,0.0026
8608,1001.0,353.4,85.0763,85.0789,85.0915,-0.0151,-0.0126,0.0026
8609,999.1,383.6,85.0752,85.0778,85.0903,-0.0151,-0.0125,0.0026
8610,999.2,353.0,85.0741,85.0767,85.0894,-0.0152,-0.0126,0.0026
8611,1000.9,339.8,85.0730,85.0756,85.0884,-0.0153,-0.0127,0.0026
8612,988.2,357.8,85.0719,85.0745,85.0874,-0.0154,-0.0128,0.0026
8613,1022.8,310.9,85.0709,85.0735,85.0862,-0.0154,-0.0128,0.0026
8614,999.3,334.2,85.0698,85.0724,85.0853,-0.0155,-0.0129,0.0026
8615,999.3,361.5,85.0687,85.0713,85.0843,-0.0156,-0.0129,0.0026
8616,1020.6,445.4,85.0677,85.0703,85.0833,-0.0156,-0.0130,0.0026
8617,1010.6,325.6,85.0666,85.0692,85.0823,-0.0156,-0.0130,0.0026
8618,970.9,352.4,85.0656,85.0682,85.0813,-0.0157,-0.0131,0.0026
8619,999.3,348.2,85.0645,85.0672,85.0803,-0.0157,-0.0131,0.0026
8620,1000.6,338.2,85.0635,85.0661,85.0793,-0.0158,-0.0132,0.0026
8621,3571.3,1042.4,85.0625,85.0651,85.0758,-0.0133,-0.0107,0.0026
8622,1049.4,303.5,85.0615,85.0641,85.0750,-0.0135,-0.0109,0.0026
8623,308.9,372.7,85.0605,85.0631,85.0750,-0.0145,-0.0119,0.0026
8624,378.9,229.8,85.0595,85.0621,85.0750,-0.0155,-0.0129,0.0026
8625,247.3,299.4,85.0585,85.0612,85.0742,-0.0157,-0.0130,0.0027
8626,442.1,300.3,85.0575,85.0602,85.0742,-0.0167,-0.0140,0.0027
8627,993.8,357.5,85.0566,85.0592,85.0733,-0.0168,-0.0141,0.0027
8628,1013.6,324.6,85.0556,85.0583,85.0725,-0.0169,-0.0143,0.0027
8629,987.6,338.1,85.0546,85.0573,85.0719,-0.0172,-0.0145,0.0027
8630,996.1,504.5,85.0537,85.0564,85.0713,-0.0176,-0.0149,0.0027
8631,1000.0,344.9,85.0527,85.0554,85.0705,-0.0178,-0.0151,0.0027
8632,1001.1,314.9,85.0518,85.0545,85.0697,-0.0179,-0.0152,0.0027
8633,998.9,491.3,85.0509,85.0536,85.0689,-0.0180,-0.0153,0.0027
8634,999.9,356.6,85.0500,85.0527,85.0680,-0.0181,-0.0154,0.0027
8635,1000.4,353.5,85.0491,85.0518,85.0672,-0.0182,-0.0155,0.0027
8636,1004.4,348.9,85.0482,85.0509,85.0663,-0.0181,-0.0154,0.0027
8637,958.1,355.4,85.0473,85.0500,85.0655,-0.0183,-0.0156,0.0027
8638,999.5,384.2,85.0464,85.0491,85.0649,-0.0185,-0.0158,0.0027
8639,1033.4,3603.3,85.0455,85.0482,85.0643,-0.0188,-0.0161,0.0027
8640,3613.0,697.7,85.0446,85.0474,85.0617,-0.0171,-0.0144,0.0027
8641,700.5,227.9,85.0438,85.0465,85.0617,-0.0179,-0.0152,0.0027
8642,230.4,283.6,85.0429,85.0456,85.0617,-0.0188,-0.0161,0.0027
8643,286.1,405.4,85.0421,85.0448,85.0609,-0.0188,-0.0161,0.0027
8644,407.7,211.3,85.0412,85.0440,85.0609,-0.0197,-0.0169,0.0027
8645,773.6,341.4,85.0404,85.0431,85.0600,-0.0196,-0.0168,0.0027
8646,1093.8,485.1,85.0396,85.0423,85.0590,-0.0195,-0.0167,0.0027
8647,911.1,331.0,85.0388,85.0415,85.0581,-0.0193,-0.0166,0.0027
8648,989.6,314.0,85.0380,85.0407,85.0571,-0.0192,-0.0164,0.0027
8649,999.5,313.5,85.0372,85.0399,85.0561,-0.0189,-0.0162,0.0027
8650,999.0,307.2,85.0364,85.0391,85.0550,-0.0186,-0.0158,0.0027
8651,999.2,341.9,85.0356,85.0383,85.0539,-0.0183,-0.0156,0.0028
8652,999.8,333.7,85.0348,85.0376,85.0527,-0.0179,-0.0152,0.0028
8653,999.5,343.5,85.0340,85.0368,85.0517,-0.0177,-0.0149,0.0028
8654,1000.4,346.9,85.0333,85.0361,85.0508,-0.0175,-0.0148,0.0028
8655,1000.2,3748.2,85.0325,85.0353,85.0499,-0.0174,-0.0146,0.0028
8656,3751.8,634.3,85.0318,85.0346,85.0463,-0.0145,-0.0117,0.0028
8657,636.8,236.4,85.0311,85.0338,85.0463,-0.0152,-0.0125,0.0028
8658,238.7,263.3,85.0303,85.0331,85.0453,-0.0150,-0.0122,0.0028
8659,265.5,539.6,85.0296,85.0324,85.0453,-0.0157,-0.0129,0.0028
8660,542.9,257.5,85.0289,85.0317,85.0453,-0.0164,-0.0136,0.0028
8661,567.5,346.2,85.0282,85.0310,85.0444,-0.0163,-0.0135,0.0028
8662,997.8,318.5,85.0275,85.0303,85.0436,-0.0161,-0.0133,0.0028
8663,1002.7,318.6,85.0268,85.0296,85.0429,-0.0161,-0.0133,0.0028
8664,1004.4,322.1,85.0261,85.0289,85.0421,-0.0160,-0.0132,0.0028
8665,992.6,350.1,85.0254,85.0283,85.0414,-0.0160,-0.0132,0.0028
8666,1000.5,349.9,85.0248,85.0276,85.0408,-0.0160,-0.0132,0.0028
8667,999.0,343.1,85.0241,85.0269,85.0401,-0.0160,-0.0131,0.0028
8668,1000.1,344.6,85.0235,85.0263,85.0393,-0.0158,-0.0130,0.0028
8669,999.9,339.1,85.0228,85.0257,85.0385,-0.0157,-0.0128,0.0028
8670,1004.3,2209.6,85.0222,85.0250,85.0377,-0.0155,-0.0127,0.0028
8671,2217.2,342.8,85.0216,85.0244,85.0363,-0.0147,-0.0119,0.0028
8672,345.6,289.3,85.0209,85.0238,85.0363,-0.0154,-0.0125,0.0028
8673,432.4,298.5,85.0203,85.0232,85.0356,-0.0153,-0.0124,0.0028
8674,1000.3,355.0,85.0197,85.0226,85.0350,-0.0152,-0.0124,0.0028
8675,1001.0,313.1,85.0191,85.0220,85.0343,-0.0152,-0.0123,0.0028
8676,999.1,353.5,85.0186,85.0214,85.0336,-0.0150,-0.0122,0.0029
8677,999.8,360.8,85.0180,85.0208,85.0328,-0.0149,-0.0120,0.0029
8678,999.9,350.7,85.0174,85.0203,85.0321,-0.0147,-0.0118,0.0029
8679,999.4,359.5,85.0168,85.0197,85.0312,-0.0144,-0.0116,0.0029
8680,1000.3,356.4,85.0163,85.0191,85.0305,-0.0143,-0.0114,0.0029
8681,1001.4,315.8,85.0157,85.0186,85.0298,-0.0140,-0.0112,0.0029
8682,999.1,326.2,85.0152,85.0181,85.0290,-0.0138,-0.0109,0.0029
8683,1000.1,336.4,85.0147,85.0175,85.0281,-0.0135,-0.0106,0.0029
8684,1016.0,344.2,85.0141,85.0170,85.0274,-0.0133,-0.0104,0.0029
8685,994.3,324.7,85.0136,85.0165,85.0267,-0.0131,-0.0102,0.0029
8686,1011.0,336.9,85.0131,85.0160,85.0260,-0.0129,-0.0100,0.0029
8687,982.4,324.1,85.0126,85.0155,85.0253,-0.0127,-0.0098,0.0029
8688,997.1,317.7,85.0121,85.0150,85.0246,-0.0125,-0.0096,0.0029
8689,1001.6,329.7,85.0116,85.0145,85.0240,-0.0124,-0.0095,0.0029
8690,998.9,333.2,85.0112,85.0141,85.0234,-0.0122,-0.0093,0.0029
8691,999.0,354.2,85.0107,85.0136,85.0229,-0.0122,-0.0093,0.0029
8692,1000.2,333.0,85.0102,85.0131,85.0223,-0.0120,-0.0091,0.0029
8693,1001.3,318.3,85.0098,85.0127,85.0217,-0.0119,-0.0090,0.0029
8694,997.8,330.2,85.0093,85.0122,85.0217,-0.0124,-0.0095,0.0029
8695,1000.4,332.2,85.0089,85.0118,85.0211,-0.0122,-0.0092,0.0029
8696,999.9,321.6,85.0085,85.0114,85.0205,-0.0120,-0.0091,0.0029
8697,999.6,330.1,85.0080,85.0110,85.0198,-0.0118,-0.0088,0.0029
8698,1003.2,332.5,85.0076,85.0106,85.0193,-0.0116,-0.0087,0.0029
8699,1001.7,333.3,85.0072,85.0102,85.0188,-0.0116,-0.0086,0.0029
8700,997.6,337.0,85.0068,85.0098,85.0182,-0.0114,-0.0085,0.0029
8701,999.6,338.3,85.0064,85.0094,85.0177,-0.0113,-0.0084,0.0029
8702,1003.5,321.1,85.0060,85.0090,85.0173,-0.0113,-0.0083,0.0030
8703,996.7,336.5,85.0057,85.0086,85.0169,-0.0112,-0.0082,0.0030
8704,1001.1,340.3,85.0053,85.0083,85.0165,-0.0112,-0.0082,0.0030
8705,999.1,322.3,85.0049,85.0079,85.0160,-0.0111,-0.0081,0.0030
8706,999.9,352.4,85.0046,85.0076,85.0157,-0.0111,-0.0081,0.0030
8707,1001.8,326.9,85.0042,85.0072,85.0153,-0.0110,-0.0081,0.0030
8708,1007.4,340.9,85.0039,85.0069,85.0147,-0.0108,-0.0078,0.0030
8709,1002.3,632.4,85.0036,85.0066,85.0142,-0.0107,-0.0077,0.0030
8710,999.8,378.5,85.0033,85.0062,85.0137,-0.0104,-0.0075,0.0030
8711,1001.3,337.4,85.0030,85.0059,85.0131,-0.0101,-0.0072,0.0030
8712,998.7,404.1,85.0026,85.0056,85.0124,-0.0098,-0.0068,0.0030
8713,998.9,401.3,85.0024,85.0053,85.0118,-0.0094,-0.0064,0.0030
8714,1000.4,401.8,85.0021,85.0051,85.0111,-0.0091,-0.0061,0.0030
8715,992.2,417.9,85.0018,85.0048,85.0104,-0.0086,-0.0056,0.0030
8716,996.1,427.8,85.0015,85.0045,85.0098,-0.0083,-0.0053,0.0030
8717,1000.1,353.8,85.0012,85.0043,85.0092,-0.0080,-0.0050,0.0030
8718,1007.9,402.4,85.0010,85.0040,85.0088,-0.0078,-0.0048,0.0030
8719,1001.1,400.3,85.0007,85.0038,85.0084,-0.0076,-0.0046,0.0030
8720,999.4,395.8,85.0005,85.0035,85.0078,-0.0073,-0.0043,0.0030
8721,1000.2,361.1,85.0003,85.0033,85.0073,-0.0071,-0.0040,0.0030
8722,1000.0,395.3,85.0000,85.0031,85.0069,-0.0068,-0.0038,0.0030
8723,1001.5,383.5,84.9998,85.0029,85.0063,-0.0065,-0.0035,0.0030
8724,998.9,352.9,84.9996,85.0027,85.0059,-0.0062,-0.0032,0.0030
8725,1000.7,371.8,84.9994,85.0025,85.0052,-0.0058,-0.0028,0.0030
8726,1001.0,352.9,84.9992,85.0023,85.0047,-0.0054,-0.0024,0.0030
8727,998.9,361.0,84.9990,85.0021,85.0041,-0.0050,-0.0020,0.0031
8728,4574.6,842.6,84.9989,85.0019,85.0012,-0.0023,0.0008,0.0031
8729,849.1,363.8,84.9987,85.0017,85.0012,-0.0025,0.0006,0.0031
8730,368.7,555.5,84.9985,85.0016,85.0008,-0.0023,0.0008,0.0031
8731,560.3,300.7,84.9984,85.0014,85.0008,-0.0025,0.0006,0.0031
8732,305.2,613.6,84.9982,85.0013,85.0006,-0.0024,0.0007,0.0031
8733,618.3,296.4,84.9981,85.0012,85.0006,-0.0025,0.0005,0.0031
8734,301.2,402.7,84.9980,85.0010,85.0004,-0.0024,0.0006,0.0031
8735,409.7,3576.7,84.9978,85.0009,85.0004,-0.0026,0.0005,0.0031
8736,3580.9,458.2,84.9977,85.0008,84.9996,-0.0019,0.0012,0.0031
8737,461.5,448.2,84.9976,85.0007,84.9996,-0.0020,0.0011,0.0031
8738,451.3,329.1,84.9975,85.0006,84.9996,-0.0021,0.0010,0.0031
8739,331.8,527.3,84.9974,85.0005,84.9995,-0.0020,0.0011,0.0031
8740,529.8,233.5,84.9973,85.0004,84.9995,-0.0021,0.0010,0.0031
8741,647.3,353.0,84.9973,85.0004,84.9993,-0.0020,0.0011,0.0031
8742,1000.3,354.3,84.9972,85.0003,84.9991,-0.0019,0.0012,0.0031
8743,1003.6,366.7,84.9971,85.0003,84.9990,-0.0019,0.0012,0.0031
8744,997.5,402.1,84.9971,85.0002,84.9990,-0.0019,0.0012,0.0031
8745,1000.3,406.8,84.9970,85.0002,84.9989,-0.0018,0.0013,0.0031
8746,1001.2,386.0,84.9970,85.0001,84.9988,-0.0018,0.0014,0.0031
8747,1000.0,363.2,84.9970,85.0001,84.9987,-0.0017,0.0015,0.0031
8748,999.8,343.4,84.9970,85.0001,84.9985,-0.0016,0.0016,0.0031
8749,999.1,331.4,84.9970,85.0001,84.9985,-0.0015,0.0016,0.0031
8750,1000.1,348.0,84.9969,85.0001,84.9984,-0.0015,0.0017,0.0031
8751,1000.7,343.7,84.9970,85.0001,84.9983,-0.0014,0.0018,0.0031
8752,1004.3,356.4,84.9970,85.0001,84.9983,-0.0013,0.0018,0.0032
8753,1001.2,378.3,84.9970,85.0001,84.9982,-0.0012,0.0019,0.0032
8754,1001.3,402.3,84.9970,85.0002,84.9982,-0.0011,0.0020,0.0032
8755,996.9,388.4,84.9970,85.0002,84.9981,-0.0011,0.0021,0.0032
8756,1000.0,357.3,84.9971,85.0003,84.9981,-0.0010,0.0022,0.0032
8757,1002.0,354.9,84.9971,85.0003,84.9980,-0.0009,0.0023,0.0032
8758,1020.2,368.2,84.9972,85.0004,84.9979,-0.0007,0.0024,0.0032
8759,974.1,343.6,84.9973,85.0004,84.9979,-0.0006,0.0026,0.0032
8760,985.9,356.4,84.9973,85.0005,84.9978,-0.0005,0.0027,0.0032
8761,1015.8,367.4,84.9974,85.0006,84.9978,-0.0004,0.0028,0.0032
8762,997.0,410.7,84.9975,85.0007,84.9978,-0.0003,0.0029,0.0032
8763,1005.5,359.9,84.9976,85.0008,84.9977,-0.0001,0.0031,0.0032
8764,994.6,401.5,84.9977,85.0009,84.9977,-0.0000,0.0032,0.0032
8765,1000.2,422.8,84.9978,85.0010,84.9977,0.0002,0.0034,0.0032
8766,1006.7,378.5,84.9980,85.0012,84.9977,0.0003,0.0035,0.0032
8767,993.6,345.6,84.9981,85.0013,84.9977,0.0004,0.0036,0.0032
8768,998.9,397.8,84.9982,85.0014,84.9977,0.0006,0.0038,0.0032
8769,1000.8,399.1,84.9984,85.0016,84.9977,0.0007,0.0039,0.0032
8770,1000.6,386.6,84.9985,85.0017,84.9977,0.0009,0.0041,0.0032
8771,1009.6,403.1,84.9987,85.0019,84.9977,0.0010,0.0042,0.0032
8772,1000.7,395.3,84.9989,85.0021,84.9977,0.0012,0.0044,0.0032
8773,1002.1,387.3,84.9990,85.0023,84.9977,0.0014,0.0046,0.0032
8774,999.4,395.0,84.9992,85.0025,84.9977,0.0015,0.0048,0.0032
8775,998.1,395.7,84.9994,85.0027,84.9977,0.0017,0.0050,0.0032
8776,1004.4,336.1,84.9996,85.0029,84.9977,0.0019,0.0052,0.0032
8777,996.5,368.1,84.9998,85.0031,84.9977,0.0022,0.0054,0.0032
8778,998.5,373.3,85.0000,85.0033,84.9977,0.0024,0.0056,0.0033
8779,992.2,401.8,85.0003,85.0035,84.9977,0.0026,0.0059,0.0033
8780,997.4,410.1,85.0005,85.0038,84.9977,0.0028,0.0061,0.0033
8781,1008.9,401.1,85.0007,85.0040,84.9977,0.0031,0.0063,0.0033
8782,999.8,352.4,85.0010,85.0043,84.9977,0.0033,0.0066,0.0033
8783,1002.1,399.0,85.0012,85.0045,84.9977,0.0036,0.0068,0.0033
8784,999.4,416.4,85.0015,85.0048,84.9977,0.0038,0.0071,0.0033
8785,999.6,397.2,85.0018,85.0051,84.9977,0.0041,0.0073,0.0033
8786,1000.4,368.7,85.0021,85.0053,84.9977,0.0043,0.0076,0.0033
8787,999.4,411.7,85.0024,85.0056,84.9978,0.0046,0.0079,0.0033
8788,1000.3,393.0,85.0026,85.0059,84.9978,0.0049,0.0082,0.0033
8789,1087.1,397.0,85.0030,85.0062,84.9978,0.0052,0.0085,0.0033
8790,904.0,416.2,85.0033,85.0066,84.9978,0.0054,0.0087,0.0033
8791,1000.1,424.0,85.0036,85.0069,84.9978,0.0057,0.0090,0.0033
8792,1000.5,394.8,85.0039,85.0072,84.9979,0.0060,0.0093,0.0033
8793,999.5,390.6,85.0042,85.0076,84.9979,0.0064,0.0097,0.0033
8794,1007.5,398.7,85.0046,85.0079,84.9979,0.0067,0.0100,0.0033
8795,1000.8,398.1,85.0049,85.0083,84.9979,0.0070,0.0103,0.0033
8796,1000.5,346.8,85.0053,85.0086,84.9979,0.0074,0.0107,0.0033
8797,997.6,387.9,85.0057,85.0090,84.9980,0.0077,0.0110,0.0033
8798,1000.3,394.7,85.0060,85.0094,84.9981,0.0080,0.0113,0.0033
8799,999.9,391.3,85.0064,85.0098,84.9981,0.0084,0.0117,0.0033
8800,1001.9,389.0,85.0068,85.0102,84.9981,0.0087,0.0120,0.0033
8801,1000.8,407.0,85.0072,85.0106,84.9982,0.0091,0.0124,0.0033
8802,998.3,393.3,85.0076,85.0110,84.9982,0.0094,0.0127,0.0033
8803,1006.4,364.7,85.0080,85.0114,84.9983,0.0098,0.0131,0.0034
8804,986.4,413.2,85.0085,85.0118,84.9983,0.0101,0.0135,0.0034
8805,1006.7,389.9,85.0089,85.0122,84.9984,0.0105,0.0139,0.0034
8806,1000.0,401.7,85.0093,85.0127,84.9984,0.0109,0.0143,0.0034
8807,999.4,429.8,85.0098,85.0131,84.9985,0.0112,0.0146,0.0034
8808,1002.1,371.1,85.0102,85.0136,84.9986,0.0116,0.0150,0.0034
8809,997.7,410.2,85.0107,85.0141,84.9987,0.0120,0.0153,0.0034
8810,1000.8,412.9,85.0112,85.0145,84.9988,0.0124,0.0158,0.0034
8811,1000.4,408.6,85.0116,85.0150,84.9989,0.0128,0.0161,0.0034
8812,998.1,407.5,85.0121,85.0155,84.9989,0.0132,0.0166,0.0034
8813,1003.2,416.9,85.0126,85.0160,84.9990,0.0136,0.0170,0.0034
8814,1001.6,418.7,85.0131,85.0165,84.9991,0.0140,0.0174,0.0034
8815,998.3,444.9,85.0136,85.0170,84.9991,0.0145,0.0179,0.0034
8816,998.5,425.1,85.0141,85.0175,84.9993,0.0149,0.0183,0.0034
8817,1002.2,400.7,85.0147,85.0181,84.9994,0.0153,0.0187,0.0034
8818,999.3,398.4,85.0152,85.0186,84.9995,0.0157,0.0191,0.0034
8819,999.3,442.2,85.0157,85.0191,84.9996,0.0162,0.0196,0.0034
8820,998.7,428.4,85.0163,85.0197,84.9997,0.0166,0.0200,0.0034
8821,1003.8,375.4,85.0168,85.0203,84.9998,0.0170,0.0205,0.0034
8822,995.7,412.9,85.0174,85.0208,85.0000,0.0174,0.0209,0.0034
8823,1001.3,402.8,85.0180,85.0214,85.0001,0.0179,0.0213,0.0034
8824,1001.1,382.1,85.0186,85.0220,85.0003,0.0183,0.0217,0.0034
8825,1003.5,395.6,85.0191,85.0226,85.0005,0.0187,0.0221,0.0034
8826,995.3,360.9,85.0197,85.0232,85.0007,0.0191,0.0225,0.0034
8827,998.2,417.9,85.0203,85.0238,85.0009,0.0194,0.0229,0.0034
8828,1001.1,412.7,85.0209,85.0244,85.0012,0.0198,0.0232,0.0034
8829,1000.1,374.1,85.0216,85.0250,85.0015,0.0201,0.0235,0.0035
8830,1000.1,414.7,85.0222,85.0257,85.0018,0.0204,0.0239,0.0035
8831,998.8,403.1,85.0228,85.0263,85.0021,0.0207,0.0241,0.0035
8832,1000.0,389.1,85.0235,85.0269,85.0026,0.0209,0.0244,0.0035
8833,1002.5,392.6,85.0241,85.0276,85.0032,0.0209,0.0244,0.0035
8834,1000.4,370.9,85.0248,85.0283,85.0038,0.0210,0.0245,0.0035
8835,999.5,384.9,85.0254,85.0289,85.0045,0.0210,0.0244,0.0035
8836,999.3,358.5,85.0261,85.0296,85.0052,0.0209,0.0244,0.0035
8837,1001.4,400.2,85.0268,85.0303,85.0061,0.0207,0.0242,0.0035
8838,999.6,388.3,85.0275,85.0310,85.0069,0.0205,0.0240,0.0035
8839,999.2,405.0,85.0282,85.0317,85.0078,0.0204,0.0239,0.0035
8840,999.5,420.1,85.0289,85.0324,85.0085,0.0204,0.0239,0.0035
8841,1002.4,408.3,85.0296,85.0331,85.0093,0.0203,0.0238,0.0035
8842,998.6,377.7,85.0303,85.0338,85.0099,0.0204,0.0239,0.0035
8843,993.2,405.4,85.0311,85.0346,85.0106,0.0205,0.0240,0.0035
8844,1000.1,400.0,85.0318,85.0353,85.0112,0.0205,0.0241,0.0035
8845,997.0,409.1,85.0325,85.0361,85.0121,0.0205,0.0240,0.0035
8846,1003.6,387.7,85.0333,85.0368,85.0126,0.0207,0.0242,0.0035
8847,998.2,408.3,85.0340,85.0376,85.0134,0.0207,0.0242,0.0035
8848,999.0,413.7,85.0348,85.0383,85.0142,0.0206,0.0242,0.0035
8849,1000.2,412.7,85.0356,85.0391,85.0152,0.0204,0.0240,0.0035
8850,998.9,405.6,85.0364,85.0399,85.0161,0.0203,0.0238,0.0035
8851,1000.2,370.4,85.0372,85.0407,85.0170,0.0201,0.0237,0.0035
8852,999.7,412.9,85.0380,85.0415,85.0180,0.0200,0.0235,0.0035
8853,1000.8,403.4,85.0388,85.0423,85.0189,0.0198,0.0234,0.0035
8854,999.8,422.9,85.0396,85.0431,85.0197,0.0199,0.0234,0.0036
8855,1003.3,407.5,85.0404,85.0440,85.0203,0.0201,0.0237,0.0036
8856,1004.4,378.7,85.0412,85.0448,85.0210,0.0203,0.0238,0.0036
8857,1003.9,422.9,85.0421,85.0456,85.0216,0.0205,0.0240,0.0036
8858,999.6,409.2,85.0429,85.0465,85.0222,0.0207,0.0243,0.0036
8859,1000.7,404.6,85.0438,85.0474,85.0229,0.0209,0.0245,0.0036
8860,998.6,448.3,85.0446,85.0482,85.0235,0.0211,0.0247,0.0036
8861,1001.6,383.0,85.0455,85.0491,85.0243,0.0212,0.0248,0.0036
8862,996.2,381.5,85.0464,85.0500,85.0243,0.0221,0.0256,0.0036
8863,1000.2,386.5,85.0473,85.0509,85.0251,0.0222,0.0258,0.0036
8864,1004.2,404.4,85.0482,85.0518,85.0259,0.0223,0.0259,0.0036
8865,998.7,406.7,85.0491,85.0527,85.0267,0.0224,0.0260,0.0036
8866,999.2,420.6,85.0500,85.0536,85.0274,0.0226,0.0262,0.0036
8867,1002.8,377.1,85.0509,85.0545,85.0281,0.0227,0.0264,0.0036
8868,984.6,388.2,85.0518,85.0554,85.0289,0.0229,0.0265,0.0036
8869,1013.7,375.4,85.0527,85.0564,85.0297,0.0230,0.0266,0.0036
8870,1000.1,354.1,85.0537,85.0573,85.0305,0.0232,0.0268,0.0036
8871,996.9,419.5,85.0546,85.0583,85.0314,0.0233,0.0269,0.0036
8872,999.4,419.3,85.0556,85.0592,85.0323,0.0233,0.0269,0.0036
8873,999.5,405.9,85.0566,85.0602,85.0333,0.0232,0.0269,0.0036
8874,999.1,416.4,85.0575,85.0612,85.0343,0.0232,0.0269,0.0036
8875,1002.5,378.8,85.0585,85.0621,85.0353,0.0232,0.0269,0.0036
8876,1001.8,411.8,85.0595,85.0631,85.0363,0.0232,0.0268,0.0036
8877,1000.8,422.9,85.0605,85.0641,85.0373,0.0232,0.0268,0.0036
8878,995.8,425.7,85.0615,85.0651,85.0383,0.0232,0.0269,0.0036
8879,1003.8,405.3,85.0625,85.0661,85.0393,0.0232,0.0269,0.0036
8880,997.9,375.2,85.0635,85.0672,85.0402,0.0233,0.0270,0.0037
8881,999.0,416.1,85.0645,85.0682,85.0412,0.0234,0.0270,0.0037
8882,1001.0,406.4,85.0656,85.0692,85.0420,0.0235,0.0272,0.0037
8883,1000.1,405.0,85.0666,85.0703,85.0430,0.0237,0.0273,0.0037
8884,1000.0,415.0,85.0677,85.0713,85.0439,0.0238,0.0274,0.0037
8885,1000.5,347.9,85.0687,85.0724,85.0448,0.0239,0.0276,0.0037
8886,1010.4,360.6,85.0698,85.0735,85.0457,0.0240,0.0277,0.0037
8887,996.9,367.7,85.0709,85.0745,85.0466,0.0242,0.0279,0.0037
8888,995.3,343.0,85.0719,85.0756,85.0474,0.0245,0.0282,0.0037
8889,1009.4,391.3,85.0730,85.0767,85.0484,0.0247,0.0284,0.0037
8890,987.9,405.5,85.0741,85.0778,85.0492,0.0249,0.0286,0.0037
8891,1000.3,388.8,85.0752,85.0789,85.0502,0.0251,0.0288,0.0037
8892,997.0,456.8,85.0763,85.0800,85.0511,0.0252,0.0289,0.0037
8893,999.9,451.4,85.0775,85.0812,85.0522,0.0252,0.0289,0.0037
8894,999.9,389.4,85.0786,85.0823,85.0533,0.0253,0.0290,0.0037
8895,1001.4,450.5,85.0797,85.0834,85.0543,0.0254,0.0291,0.0037
8896,1000.5,410.5,85.0809,85.0846,85.0553,0.0255,0.0292,0.0037
8897,998.3,402.9,85.0820,85.0857,85.0564,0.0256,0.0293,0.0037
8898,1001.5,429.2,85.0832,85.0869,85.0574,0.0258,0.0295,0.0037
8899,1001.3,429.6,85.0843,85.0881,85.0583,0.0260,0.0297,0.0037
8900,998.7,410.0,85.0855,85.0892,85.0594,0.0261,0.0298,0.0037
8901,1000.7,386.7,85.0867,85.0904,85.0607,0.0260,0.0297,0.0037
8902,999.3,429.6,85.0879,85.0916,85.0619,0.0260,0.0297,0.0037
8903,1001.1,426.7,85.0891,85.0928,85.0632,0.0259,0.0296,0.0037
8904,1001.5,423.9,85.0903,85.0940,85.0646,0.0257,0.0295,0.0037
8905,998.2,422.6,85.0915,85.0952,85.0659,0.0256,0.0293,0.0038
8906,999.5,375.2,85.0927,85.0965,85.0671,0.0256,0.0294,0.0038
8907,995.3,391.0,85.0939,85.0977,85.0682,0.0258,0.0295,0.0038
8908,1000.0,408.2,85.0952,85.0989,85.0691,0.0261,0.0299,0.0038
8909,998.2,397.1,85.0964,85.1002,85.0700,0.0264,0.0302,0.0038
8910,999.4,394.4,85.0977,85.1014,85.0709,0.0267,0.0305,0.0038
8911,998.6,377.2,85.0989,85.1027,85.0719,0.0271,0.0309,0.0038
8912,4614.2,528.8,85.1002,85.1040,85.0768,0.0234,0.0272,0.0038
8913,536.0,441.9,85.1015,85.1053,85.0768,0.0247,0.0285,0.0038
8914,447.7,596.0,85.1028,85.1065,85.0779,0.0249,0.0286,0.0038
8915,603.9,314.7,85.1040,85.1078,85.0779,0.0261,0.0299,0.0038
8916,321.0,361.0,85.1053,85.1091,85.0779,0.0274,0.0312,0.0038
8917,367.4,435.9,85.1066,85.1104,85.0789,0.0278,0.0316,0.0038
8918,442.3,298.6,85.1080,85.1118,85.0789,0.0291,0.0329,0.0038
8919,669.1,389.3,85.1093,85.1131,85.0798,0.0295,0.0333,0.0038
8920,976.9,410.1,85.1106,85.1144,85.0806,0.0300,0.0338,0.0038
8921,1041.3,581.4,85.1119,85.1158,85.0815,0.0304,0.0343,0.0038
8922,993.4,376.8,85.1133,85.1171,85.0823,0.0310,0.0348,0.0038
8923,987.2,350.4,85.1146,85.1185,85.0833,0.0313,0.0352,0.0038
8924,1001.4,338.8,85.1160,85.1198,85.0844,0.0316,0.0354,0.0038
8925,1000.4,346.0,85.1174,85.1212,85.0857,0.0317,0.0355,0.0038
8926,998.9,332.2,85.1187,85.1226,85.0870,0.0318,0.0356,0.0038
8927,3567.0,1953.1,85.1201,85.1240,85.0919,0.0282,0.0320,0.0038
8928,1960.5,324.0,85.1215,85.1254,85.0932,0.0283,0.0322,0.0038
8929,326.6,474.3,85.1229,85.1268,85.0944,0.0285,0.0324,0.0038
8930,476.8,236.2,85.1243,85.1282,85.0944,0.0299,0.0338,0.0038
8931,238.3,272.3,85.1257,85.1296,85.0944,0.0314,0.0352,0.0039
8932,274.2,239.7,85.1271,85.1310,85.0957,0.0314,0.0353,0.0039
8933,241.6,239.0,85.1286,85.1324,85.0957,0.0328,0.0367,0.0039
8934,915.8,340.2,85.1300,85.1339,85.0968,0.0332,0.0371,0.0039
8935,999.5,328.5,85.1315,85.1353,85.0980,0.0335,0.0374,0.0039
8936,1000.0,328.2,85.1329,85.1368,85.0992,0.0337,0.0376,0.0039
8937,1000.3,344.9,85.1344,85.1382,85.1003,0.0341,0.0379,0.0039
8938,998.7,337.7,85.1358,85.1397,85.1016,0.0342,0.0381,0.0039
8939,1315.6,296.5,85.1373,85.1412,85.1031,0.0342,0.0381,0.0039
8940,685.5,357.4,85.1388,85.1427,85.1046,0.0342,0.0381,0.0039
8941,999.6,365.0,85.1403,85.1442,85.1062,0.0340,0.0379,0.0039
8942,1038.8,426.6,85.1418,85.1457,85.1077,0.0341,0.0380,0.0039
8943,971.4,345.4,85.1433,85.1472,85.1091,0.0341,0.0380,0.0039
8944,1005.4,371.5,85.1448,85.1487,85.1106,0.0342,0.0381,0.0039
8945,993.9,362.3,85.1463,85.1502,85.1123,0.0340,0.0379,0.0039
8946,998.6,361.1,85.1478,85.1518,85.1138,0.0340,0.0379,0.0039
8947,1001.5,338.5,85.1494,85.1533,85.1153,0.0341,0.0380,0.0039
8948,998.8,527.3,85.1509,85.1548,85.1167,0.0342,0.0381,0.0039
8949,997.4,334.1,85.1525,85.1564,85.1182,0.0343,0.0382,0.0039
8950,997.0,324.4,85.1540,85.1580,85.1196,0.0344,0.0383,0.0039
8951,999.0,334.7,85.1556,85.1595,85.1211,0.0345,0.0384,0.0039
8952,1001.6,333.6,85.1572,85.1611,85.1225,0.0347,0.0386,0.0039
8953,995.5,350.8,85.1588,85.1627,85.1241,0.0346,0.0386,0.0039
8954,1000.6,369.9,85.1603,85.1643,85.1256,0.0347,0.0387,0.0039
8955,999.3,395.1,85.1619,85.1659,85.1272,0.0348,0.0387,0.0039
8956,999.2,362.9,85.1635,85.1675,85.1287,0.0348,0.0388,0.0039
8957,1001.2,394.6,85.1652,85.1691,85.1303,0.0349,0.0388,0.0040
8958,999.0,394.0,85.1668,85.1707,85.1319,0.0349,0.0388,0.0040
8959,1000.4,394.4,85.1684,85.1724,85.1334,0.0350,0.0389,0.0040
8960,999.5,353.1,85.1700,85.1740,85.1350,0.0351,0.0390,0.0040
8961,1000.2,403.1,85.1717,85.1756,85.1366,0.0351,0.0391,0.0040
8962,1000.0,394.6,85.1733,85.1773,85.1383,0.0350,0.0390,0.0040
8963,1001.1,392.8,85.1750,85.1790,85.1400,0.0350,0.0390,0.0040
8964,999.6,412.2,85.1767,85.1806,85.1417,0.0349,0.0389,0.0040
8965,1006.3,373.9,85.1783,85.1823,85.1435,0.0348,0.0388,0.0040
8966,995.4,383.2,85.1800,85.1840,85.1455,0.0345,0.0384,0.0040
8967,997.4,391.1,85.1817,85.1857,85.1475,0.0342,0.0382,0.0040
8968,1008.3,355.4,85.1834,85.1874,85.1494,0.0340,0.0380,0.0040
8969,993.4,377.3,85.1851,85.1891,85.1514,0.0337,0.0377,0.0040
8970,999.9,350.7,85.1868,85.1908,85.1536,0.0332,0.0372,0.0040
8971,999.7,345.4,85.1885,85.1925,85.1556,0.0330,0.0370,0.0040
8972,999.2,366.3,85.1903,85.1943,85.1575,0.0327,0.0367,0.0040
8973,1002.0,350.1,85.1920,85.1960,85.1594,0.0325,0.0366,0.0040
8974,997.9,330.1,85.1937,85.1977,85.1615,0.0322,0.0362,0.0040
8975,1000.6,331.2,85.1955,85.1995,85.1634,0.0321,0.0361,0.0040
8976,999.0,333.1,85.1972,85.2013,85.1652,0.0321,0.0361,0.0040
8977,998.8,326.2,85.1990,85.2030,85.1669,0.0321,0.0361,0.0040
8978,999.5,355.7,85.2008,85.2048,85.1689,0.0319,0.0359,0.0040
8979,1000.8,339.6,85.2026,85.2066,85.1707,0.0319,0.0359,0.0040
8980,1004.2,345.6,85.2043,85.2084,85.1725,0.0318,0.0358,0.0040
8981,1002.5,1589.2,85.2061,85.2102,85.1744,0.0317,0.0358,0.0040
8982,1593.1,388.4,85.2079,85.2120,85.1785,0.0294,0.0335,0.0040
8983,394.6,350.6,85.2097,85.2138,85.1785,0.0312,0.0353,0.0040
8984,1017.0,370.0,85.2116,85.2156,85.1805,0.0311,0.0351,0.0041
8985,1056.9,396.8,85.2134,85.2174,85.1826,0.0308,0.0348,0.0041
8986,930.4,357.9,85.2152,85.2193,85.1847,0.0305,0.0346,0.0041
8987,1012.8,339.4,85.2171,85.2211,85.1868,0.0303,0.0344,0.0041
8988,990.0,328.2,85.2189,85.2230,85.1890,0.0299,0.0339,0.0041
8989,1001.0,342.9,85.2208,85.2248,85.1911,0.0296,0.0337,0.0041
8990,976.5,414.9,85.2226,85.2267,85.1934,0.0293,0.0333,0.0041
8991,1034.9,359.4,85.2245,85.2286,85.1954,0.0291,0.0332,0.0041
8992,1004.1,325.9,85.2264,85.2305,85.1976,0.0288,0.0329,0.0041
8993,998.0,340.0,85.2283,85.2323,85.1996,0.0287,0.0328,0.0041
8994,995.7,373.3,85.2302,85.2342,85.2014,0.0288,0.0329,0.0041
8995,999.2,352.5,85.2321,85.2361,85.2033,0.0287,0.0328,0.0041
8996,999.7,365.0,85.2340,85.2381,85.2051,0.0289,0.0330,0.0041
8997,997.6,409.2,85.2359,85.2400,85.2069,0.0290,0.0331,0.0041
8998,1003.9,360.3,85.2378,85.2419,85.2086,0.0292,0.0333,0.0041
8999,999.7,351.8,85.2397,85.2438,85.2104,0.0294,0.0335,0.0041
9000,1003.6,347.7,85.2417,85.2458,85.2118,0.0298,0.0339,0.0041
9001,996.5,348.9,85.2436,85.2477,85.2134,0.0303,0.0344,0.0041
9002,1101.9,362.4,85.2456,85.2497,85.2149,0.0306,0.0347,0.0041
9003,901.5,327.5,85.2475,85.2516,85.2167,0.0308,0.0350,0.0041
9004,977.3,361.2,85.2495,85.2536,85.2184,0.0311,0.0353,0.0041
9005,1013.8,416.5,85.2515,85.2556,85.2201,0.0314,0.0355,0.0041
9006,1012.8,1993.7,85.2535,85.2576,85.2220,0.0314,0.0356,0.0041
9007,1999.3,359.4,85.2554,85.2596,85.2261,0.0294,0.0335,0.0041
9008,363.7,288.4,85.2574,85.2616,85.2261,0.0314,0.0355,0.0041
9009,640.5,350.6,85.2594,85.2636,85.2281,0.0314,0.0355,0.0041
9010,990.7,379.2,85.2615,85.2656,85.2301,0.0314,0.0355,0.0042
9011,989.2,616.1,85.2635,85.2676,85.2323,0.0312,0.0354,0.0042
9012,1009.7,351.3,85.2655,85.2697,85.2343,0.0312,0.0354,0.0042
9013,2501.2,412.3,85.2675,85.2717,85.2384,0.0291,0.0333,0.0042
9014,417.5,420.0,85.2696,85.2737,85.2407,0.0289,0.0331,0.0042
9015,423.3,232.8,85.2716,85.2758,85.2407,0.0310,0.0351,0.0042
9016,648.9,392.4,85.2737,85.2779,85.2428,0.0308,0.0350,0.0042
9017,998.2,376.3,85.2758,85.2799,85.2450,0.0308,0.0350,0.0042
9018,1000.5,392.7,85.2778,85.2820,85.2470,0.0308,0.0350,0.0042
9019,999.0,398.1,85.2799,85.2841,85.2494,0.0305,0.0347,0.0042
9020,1049.3,336.2,85.2820,85.2862,85.2513,0.0307,0.0348,0.0042
9021,959.3,345.7,85.2841,85.2883,85.2534,0.0307,0.0349,0.0042
9022,994.9,350.0,85.2862,85.2904,85.2555,0.0307,0.0349,0.0042
9023,996.8,342.7,85.2883,85.2925,85.2579,0.0304,0.0346,0.0042
9024,1007.9,376.7,85.2904,85.2946,85.2600,0.0304,0.0346,0.0042
9025,1006.7,346.4,85.2925,85.2968,85.2622,0.0304,0.0346,0.0042
9026,993.6,376.1,85.2947,85.2989,85.2644,0.0303,0.0345,0.0042
9027,993.0,347.7,85.2968,85.3010,85.2669,0.0299,0.0342,0.0042
9028,1002.4,342.8,85.2990,85.3032,85.2692,0.0298,0.0340,0.0042
9029,999.1,348.4,85.3011,85.3053,85.2713,0.0298,0.0340,0.0042
9030,996.7,357.3,85.3033,85.3075,85.2736,0.0297,0.0339,0.0042
9031,1001.5,357.4,85.3054,85.3097,85.2759,0.0295,0.0338,0.0042
9032,1005.8,2590.5,85.3076,85.3119,85.2782,0.0295,0.0337,0.0042
9033,2596.2,359.8,85.3098,85.3140,85.2827,0.0271,0.0313,0.0042
9034,362.2,365.7,85.3120,85.3162,85.2827,0.0293,0.0335,0.0042
9035,368.0,215.8,85.3142,85.3184,85.2827,0.0315,0.0357,0.0042
9036,679.8,321.0,85.3164,85.3207,85.2851,0.0313,0.0356,0.0042
9037,996.2,582.1,85.3186,85.3229,85.2872,0.0315,0.0357,0.0043
9038,998.5,326.9,85.3208,85.3251,85.2892,0.0317,0.0359,0.0043
9039,995.5,369.5,85.3231,85.3273,85.2912,0.0319,0.0361,0.0043
9040,995.7,382.8,85.3253,85.3296,85.2932,0.0322,0.0364,0.0043
9041,999.9,362.7,85.3275,85.3318,85.2950,0.0325,0.0368,0.0043
9042,1000.5,381.6,85.3298,85.3341,85.2970,0.0328,0.0371,0.0043
9043,1000.0,371.7,85.3321,85.3363,85.2990,0.0330,0.0373,0.0043
9044,1001.5,379.1,85.3343,85.3386,85.3012,0.0332,0.0374,0.0043
9045,1001.2,451.0,85.3366,85.3409,85.3033,0.0333,0.0376,0.0043
9046,1000.1,379.0,85.3389,85.3432,85.3054,0.0335,0.0377,0.0043
9047,997.7,349.6,85.3412,85.3454,85.3077,0.0335,0.0377,0.0043
9048,1001.2,372.0,85.3435,85.3477,85.3098,0.0337,0.0380,0.0043
9049,999.9,372.7,85.3458,85.3501,85.3118,0.0340,0.0383,0.0043
9050,999.9,339.7,85.3481,85.3524,85.3138,0.0343,0.0386,0.0043
9051,998.1,356.2,85.3504,85.3547,85.3159,0.0345,0.0388,0.0043
9052,1005.1,371.4,85.3527,85.3570,85.3178,0.0349,0.0392,0.0043
9053,999.0,343.6,85.3550,85.3593,85.3197,0.0353,0.0397,0.0043
9054,976.6,392.9,85.3574,85.3617,85.3215,0.0358,0.0401,0.0043
9055,1029.7,361.3,85.3597,85.3640,85.3233,0.0364,0.0407,0.0043
9056,997.0,340.8,85.3621,85.3664,85.3251,0.0369,0.0413,0.0043
9057,995.7,359.7,85.3644,85.3688,85.3268,0.0377,0.0420,0.0043
9058,999.9,363.7,85.3668,85.3711,85.3285,0.0383,0.0427,0.0043
9059,999.5,360.4,85.3692,85.3735,85.3303,0.0389,0.0432,0.0043
9060,1000.0,458.1,85.3716,85.3759,85.3320,0.0396,0.0439,0.0043
9061,1000.0,350.4,85.3740,85.3783,85.3335,0.0404,0.0447,0.0043
9062,999.4,458.0,85.3763,85.3807,85.3351,0.0412,0.0456,0.0043
9063,999.8,346.6,85.3788,85.3831,85.3369,0.0419,0.0462,0.0043
9064,1000.5,372.3,85.3812,85.3855,85.3386,0.0426,0.0469,0.0043
9065,999.8,382.5,85.3836,85.3879,85.3404,0.0432,0.0475,0.0044
9066,1000.1,391.7,85.3860,85.3904,85.3421,0.0439,0.0482,0.0044
9067,1001.0,367.3,85.3884,85.3928,85.3442,0.0443,0.0486,0.0044
9068,1003.3,360.7,85.3909,85.3952,85.3461,0.0448,0.0492,0.0044
9069,999.0,509.8,85.3933,85.3977,85.3480,0.0453,0.0497,0.0044
9070,1006.3,367.2,85.3958,85.4002,85.3502,0.0456,0.0500,0.0044
9071,1000.6,382.3,85.3983,85.4026,85.3524,0.0458,0.0502,0.0044
9072,994.5,365.8,85.4007,85.4051,85.3546,0.0461,0.0505,0.0044
9073,998.6,394.9,85.4032,85.4076,85.3569,0.0463,0.0507,0.0044
9074,1002.3,359.5,85.4057,85.4101,85.3592,0.0465,0.0509,0.0044
9075,996.1,375.0,85.4082,85.4126,85.3615,0.0467,0.0511,0.0044
9076,999.1,490.9,85.4107,85.4151,85.3637,0.0470,0.0514,0.0044
9077,1001.0,343.2,85.4132,85.4176,85.3659,0.0473,0.0517,0.0044
9078,998.7,346.4,85.4157,85.4201,85.3681,0.0476,0.0520,0.0044
9079,1000.7,377.9,85.4182,85.4226,85.3706,0.0476,0.0520,0.0044
9080,999.0,383.6,85.4207,85.4252,85.3729,0.0478,0.0522,0.0044
9081,1002.9,390.5,85.4233,85.4277,85.3753,0.0480,0.0524,0.0044
9082,997.4,359.2,85.4258,85.4302,85.3776,0.0482,0.0526,0.0044
9083,1001.3,354.0,85.4284,85.4328,85.3801,0.0482,0.0526,0.0044
9084,999.1,372.4,85.4309,85.4353,85.3824,0.0485,0.0529,0.0044
9085,1001.1,355.8,85.4335,85.4379,85.3849,0.0486,0.0530,0.0044
9086,999.8,339.0,85.4361,85.4405,85.3874,0.0486,0.0530,0.0044
9087,999.2,371.8,85.4386,85.4431,85.3904,0.0482,0.0526,0.0044
9088,1446.5,399.5,85.4412,85.4457,85.3934,0.0478,0.0523,0.0044
9089,514.3,395.4,85.4438,85.4483,85.3963,0.0475,0.0520,0.0044
9090,1041.9,419.2,85.4464,85.4509,85.3992,0.0473,0.0517,0.0044
9091,1005.9,391.1,85.4490,85.4535,85.4019,0.0471,0.0515,0.0044
9092,1003.0,368.6,85.4516,85.4561,85.4048,0.0468,0.0513,0.0045
9093,967.4,391.6,85.4543,85.4587,85.4075,0.0468,0.0512,0.0045
9094,1021.7,383.1,85.4569,85.4613,85.4102,0.0467,0.0511,0.0045
9095,981.5,368.4,85.4595,85.4640,85.4130,0.0466,0.0510,0.0045
9096,988.2,398.5,85.4622,85.4666,85.4159,0.0463,0.0507,0.0045
9097,1028.9,347.1,85.4648,85.4693,85.4186,0.0462,0.0507,0.0045
9098,959.9,360.1,85.4675,85.4719,85.4213,0.0461,0.0506,0.0045
9099,1009.6,385.9,85.4701,85.4746,85.4243,0.0458,0.0503,0.0045
9100,1029.4,340.6,85.4728,85.4773,85.4270,0.0458,0.0503,0.0045
9101,999.7,344.1,85.4755,85.4800,85.4297,0.0458,0.0502,0.0045
9102,1000.2,345.9,85.4782,85.4827,85.4326,0.0456,0.0501,0.0045
9103,1001.0,339.3,85.4809,85.4854,85.4357,0.0452,0.0497,0.0045
9104,999.2,346.5,85.4836,85.4881,85.4386,0.0450,0.0495,0.0045
9105,999.3,351.5,85.4863,85.4908,85.4415,0.0448,0.0493,0.0045
9106,999.8,355.9,85.4890,85.4935,85.4445,0.0445,0.0490,0.0045
9107,1053.2,442.9,85.4917,85.4962,85.4477,0.0440,0.0485,0.0045
9108,960.1,446.3,85.4944,85.4990,85.4506,0.0439,0.0484,0.0045
9109,1003.8,378.6,85.4972,85.5017,85.4535,0.0437,0.0482,0.0045
9110,1372.9,313.1,85.4999,85.5044,85.4563,0.0436,0.0482,0.0045
9111,634.2,393.4,85.5027,85.5072,85.4592,0.0434,0.0480,0.0045
9112,987.0,372.4,85.5054,85.5100,85.4618,0.0436,0.0481,0.0045
9113,1001.0,375.0,85.5082,85.5127,85.4644,0.0438,0.0484,0.0045
9114,997.5,431.7,85.5110,85.5155,85.4669,0.0441,0.0486,0.0045
9115,1007.8,390.6,85.5137,85.5183,85.4697,0.0440,0.0485,0.0045
9116,994.2,416.2,85.5165,85.5211,85.4725,0.0440,0.0485,0.0045
9117,999.3,379.4,85.5193,85.5239,85.4753,0.0440,0.0486,0.0045
9118,999.4,366.4,85.5221,85.5267,85.4781,0.0440,0.0486,0.0045
9119,1000.0,369.4,85.5249,85.5295,85.4811,0.0438,0.0484,0.0045
9120,1001.6,429.1,85.5277,85.5323,85.4839,0.0439,0.0484,0.0046
9121,998.4,421.4,85.5306,85.5351,85.4866,0.0439,0.0485,0.0046
9122,1002.4,532.8,85.5334,85.5379,85.4895,0.0439,0.0484,0.0046
9123,999.4,418.9,85.5362,85.5408,85.4925,0.0437,0.0483,0.0046
9124,1000.5,432.1,85.5391,85.5436,85.4957,0.0434,0.0479,0.0046
9125,1001.1,441.8,85.5419,85.5465,85.4987,0.0432,0.0478,0.0046
9126,995.9,525.7,85.5448,85.5493,85.5016,0.0431,0.0477,0.0046
9127,1001.8,399.9,85.5476,85.5522,85.5045,0.0431,0.0477,0.0046
9128,1023.5,373.1,85.5505,85.5551,85.5075,0.0430,0.0476,0.0046
9129,981.7,411.7,85.5534,85.5580,85.5105,0.0429,0.0475,0.0046
9130,998.2,720.7,85.5563,85.5609,85.5134,0.0429,0.0475,0.0046
9131,992.4,421.3,85.5592,85.5637,85.5163,0.0429,0.0475,0.0046
9132,995.2,386.8,85.5621,85.5666,85.5195,0.0425,0.0471,0.0046
9133,998.5,416.9,85.5650,85.5696,85.5225,0.0425,0.0471,0.0046
9134,1028.8,438.0,85.5679,85.5725,85.5254,0.0425,0.0471,0.0046
9135,982.0,382.8,85.5708,85.5754,85.5285,0.0423,0.0469,0.0046
9136,1001.6,366.7,85.5737,85.5783,85.5317,0.0420,0.0466,0.0046
9137,998.0,655.3,85.5767,85.5813,85.5347,0.0419,0.0465,0.0046
9138,1000.7,406.6,85.5796,85.5842,85.5377,0.0419,0.0465,0.0046
9139,999.0,390.3,85.5825,85.5872,85.5406,0.0419,0.0466,0.0046
9140,1000.1,398.9,85.5855,85.5901,85.5437,0.0418,0.0464,0.0046
9141,999.7,498.5,85.5885,85.5931,85.5466,0.0419,0.0465,0.0046
9142,1010.8,397.5,85.5914,85.5960,85.5495,0.0419,0.0466,0.0046
9143,991.0,395.9,85.5944,85.5990,85.5523,0.0421,0.0467,0.0046
9144,998.0,391.4,85.5974,85.6020,85.5555,0.0419,0.0465,0.0046
9145,1000.9,379.6,85.6004,85.6050,85.5584,0.0419,0.0466,0.0046
9146,1064.5,355.5,85.6034,85.6080,85.5613,0.0420,0.0467,0.0046
9147,933.9,403.1,85.6064,85.6110,85.5642,0.0422,0.0469,0.0046
9148,997.3,371.7,85.6094,85.6140,85.5674,0.0420,0.0467,0.0046
9149,1000.5,390.2,85.6124,85.6170,85.5703,0.0421,0.0467,0.0047
9150,1000.0,415.9,85.6154,85.6201,85.5733,0.0422,0.0468,0.0047
9151,1000.1,359.8,85.6184,85.6231,85.5761,0.0424,0.0470,0.0047
9152,999.6,411.6,85.6215,85.6261,85.5791,0.0424,0.0471,0.0047
9153,999.6,487.1,85.6245,85.6292,85.5818,0.0427,0.0474,0.0047
9154,1002.3,394.4,85.6276,85.6322,85.5843,0.0433,0.0479,0.0047
9155,998.5,393.5,85.6306,85.6353,85.5867,0.0439,0.0486,0.0047
9156,1023.9,354.0,85.6337,85.6384,85.5892,0.0445,0.0492,0.0047
9157,983.1,350.9,85.6368,85.6415,85.5917,0.0451,0.0498,0.0047
9158,1001.9,365.1,85.6399,85.6445,85.5942,0.0457,0.0503,0.0047
9159,1249.8,305.6,85.6429,85.6476,85.5966,0.0463,0.0510,0.0047
9160,747.3,346.8,85.6460,85.6507,85.5994,0.0466,0.0513,0.0047
9161,998.2,367.4,85.6491,85.6538,85.6021,0.0470,0.0517,0.0047
9162,999.3,347.9,85.6522,85.6569,85.6048,0.0474,0.0521,0.0047
9163,999.7,344.1,85.6553,85.6600,85.6075,0.0479,0.0526,0.0047
9164,1000.4,382.7,85.6585,85.6632,85.6103,0.0481,0.0529,0.0047
9165,1001.0,375.2,85.6616,85.6663,85.6129,0.0487,0.0534,0.0047
9166,998.2,404.1,85.6647,85.6694,85.6155,0.0492,0.0539,0.0047
9167,1227.5,299.6,85.6679,85.6726,85.6181,0.0498,0.0545,0.0047
9168,776.2,344.0,85.6710,85.6757,85.6208,0.0502,0.0550,0.0047
9169,996.5,359.4,85.6742,85.6789,85.6235,0.0507,0.0554,0.0047
9170,998.9,350.5,85.6773,85.6821,85.6261,0.0512,0.0559,0.0047
9171,962.8,401.2,85.6805,85.6852,85.6287,0.0518,0.0565,0.0047
9172,1031.4,352.9,85.6837,85.6884,85.6314,0.0523,0.0570,0.0047
9173,1000.6,355.5,85.6869,85.6916,85.6339,0.0529,0.0577,0.0047
9174,999.5,359.4,85.6900,85.6948,85.6365,0.0535,0.0582,0.0047
9175,999.9,354.3,85.6932,85.6980,85.6393,0.0540,0.0587,0.0047
9176,998.6,367.5,85.6964,85.7012,85.6424,0.0541,0.0588,0.0047
9177,1001.3,349.5,85.6996,85.7044,85.6453,0.0543,0.0591,0.0047
9178,1000.0,343.2,85.7029,85.7076,85.6484,0.0545,0.0593,0.0048
9179,999.8,360.3,85.7061,85.7108,85.6515,0.0546,0.0594,0.0048
9180,999.4,353.2,85.7093,85.7141,85.6547,0.0546,0.0594,0.0048
9181,1001.3,348.3,85.7126,85.7173,85.6583,0.0543,0.0590,0.0048
9182,1076.3,396.9,85.7158,85.7206,85.6616,0.0542,0.0590,0.0048
9183,895.4,384.9,85.7190,85.7238,85.6648,0.0543,0.0590,0.0048
9184,1030.1,449.3,85.7223,85.7271,85.6678,0.0545,0.0592,0.0048
9185,1011.1,407.9,85.7256,85.7303,85.6710,0.0546,0.0594,0.0048
9186,1001.2,393.1,85.7288,85.7336,85.6739,0.0549,0.0597,0.0048
9187,998.5,374.8,85.7321,85.7369,85.6769,0.0552,0.0600,0.0048
9188,995.3,388.5,85.7354,85.7402,85.6804,0.0550,0.0598,0.0048
9189,1052.2,384.9,85.7387,85.7435,85.6840,0.0547,0.0595,0.0048
9190,926.1,465.1,85.7420,85.7468,85.6873,0.0547,0.0595,0.0048
9191,1018.0,402.7,85.7453,85.7501,85.6901,0.0552,0.0600,0.0048
9192,992.3,508.7,85.7486,85.7534,85.6936,0.0550,0.0598,0.0048
9193,1018.1,433.1,85.7519,85.7567,85.6977,0.0542,0.0590,0.0048
9194,991.4,438.5,85.7552,85.7600,85.7010,0.0542,0.0590,0.0048
9195,1003.0,444.0,85.7586,85.7634,85.7041,0.0544,0.0592,0.0048
9196,996.7,654.5,85.7619,85.7667,85.7072,0.0547,0.0595,0.0048
9197,999.1,431.9,85.7652,85.7701,85.7100,0.0552,0.0600,0.0048
9198,1001.0,403.1,85.7686,85.7734,85.7128,0.0557,0.0606,0.0048
9199,1000.1,386.4,85.7719,85.7768,85.7157,0.0562,0.0610,0.0048
9200,1002.0,392.4,85.7753,85.7801,85.7187,0.0566,0.0615,0.0048
9201,1000.4,372.1,85.7787,85.7835,85.7218,0.0568,0.0617,0.0048
9202,997.7,369.7,85.7821,85.7869,85.7248,0.0573,0.0621,0.0048
9203,1003.0,379.7,85.7854,85.7903,85.7278,0.0577,0.0625,0.0048
9204,1000.9,372.8,85.7888,85.7937,85.7310,0.0578,0.0627,0.0048
9205,998.2,374.6,85.7922,85.7971,85.7345,0.0577,0.0626,0.0048
9206,1034.0,365.8,85.7956,85.8005,85.7345,0.0611,0.0660,0.0048
9207,969.0,430.4,85.7990,85.8039,85.7378,0.0613,0.0661,0.0048
9208,997.3,415.5,85.8025,85.8073,85.7411,0.0614,0.0662,0.0049
9209,1003.7,402.4,85.8059,85.8107,85.7447,0.0612,0.0660,0.0049
9210,1005.9,413.6,85.8093,85.8142,85.7483,0.0610,0.0659,0.0049
9211,1001.9,433.5,85.8127,85.8176,85.7519,0.0609,0.0657,0.0049
9212,992.7,409.3,85.8162,85.8211,85.7554,0.0608,0.0657,0.0049
9213,990.5,433.1,85.8196,85.8245,85.7592,0.0605,0.0653,0.0049
9214,1253.8,397.5,85.8231,85.8280,85.7629,0.0602,0.0650,0.0049
9215,768.4,424.6,85.8266,85.8314,85.7668,0.0597,0.0646,0.0049
9216,982.7,411.5,85.8300,85.8349,85.7707,0.0593,0.0642,0.0049
9217,986.2,522.4,85.8335,85.8384,85.7749,0.0586,0.0635,0.0049
9218,1028.2,381.8,85.8370,85.8419,85.7787,0.0582,0.0631,0.0049
9219,984.2,381.4,85.8405,85.8454,85.7827,0.0578,0.0627,0.0049
9220,989.2,415.8,85.8440,85.8489,85.7865,0.0575,0.0624,0.0049
9221,999.2,421.4,85.8475,85.8524,85.7905,0.0570,0.0619,0.0049
9222,1001.4,426.3,85.8510,85.8559,85.7943,0.0567,0.0616,0.0049
9223,999.2,417.7,85.8545,85.8594,85.7980,0.0565,0.0614,0.0049
9224,1000.6,416.4,85.8580,85.8629,85.8017,0.0563,0.0612,0.0049
9225,998.8,405.9,85.8615,85.8665,85.8054,0.0561,0.0611,0.0049
9226,1000.0,525.9,85.8651,85.8700,85.8094,0.0556,0.0606,0.0049
9227,1000.5,414.1,85.8686,85.8735,85.8132,0.0554,0.0603,0.0049
9228,1000.0,413.6,85.8722,85.8771,85.8170,0.0552,0.0601,0.0049
9229,1000.6,434.6,85.8757,85.8806,85.8212,0.0546,0.0595,0.0049
9230,999.6,421.9,85.8793,85.8842,85.8250,0.0543,0.0592,0.0049
9231,1001.8,451.5,85.8829,85.8878,85.8287,0.0542,0.0591,0.0049
9232,1021.7,562.9,85.8864,85.8914,85.8322,0.0542,0.0591,0.0049
9233,989.1,395.8,85.8900,85.8949,85.8359,0.0541,0.0591,0.0049
9234,999.6,422.3,85.8936,85.8985,85.8392,0.0544,0.0593,0.0049
9235,1001.7,403.9,85.8972,85.9021,85.8426,0.0546,0.0596,0.0049
9236,1000.6,397.3,85.9008,85.9057,85.8460,0.0548,0.0597,0.0049
9237,1015.3,384.7,85.9044,85.9093,85.8498,0.0546,0.0596,0.0049
9238,981.9,652.9,85.9080,85.9130,85.8533,0.0547,0.0596,0.0050
9239,1005.7,399.3,85.9116,85.9166,85.8568,0.0548,0.0597,0.0050
9240,992.8,409.3,85.9153,85.9202,85.8605,0.0547,0.0597,0.0050
9241,1002.6,421.0,85.9189,85.9238,85.8645,0.0544,0.0594,0.0050
9242,998.5,386.9,85.9225,85.9275,85.8681,0.0544,0.0594,0.0050
9243,1000.6,382.1,85.9262,85.9311,85.8718,0.0543,0.0593,0.0050
9244,1000.6,381.6,85.9298,85.9348,85.8755,0.0543,0.0592,0.0050
9245,998.9,369.1,85.9335,85.9385,85.8795,0.0540,0.0590,0.0050
9246,997.8,371.1,85.9371,85.9421,85.8832,0.0540,0.0589,0.0050
9247,999.8,375.5,85.9408,85.9458,85.8868,0.0540,0.0590,0.0050
9248,1001.0,372.7,85.9445,85.9495,85.8903,0.0542,0.0592,0.0050
9249,1001.5,377.8,85.9482,85.9532,85.8939,0.0543,0.0593,0.0050
9250,1000.2,399.7,85.9519,85.9569,85.8973,0.0545,0.0595,0.0050
9251,1009.7,397.8,85.9556,85.9606,85.9012,0.0544,0.0594,0.0050
9252,993.2,377.8,85.9593,85.9643,85.9051,0.0542,0.0592,0.0050
9253,969.6,399.5,85.9630,85.9680,85.9092,0.0537,0.0587,0.0050
9254,1018.7,817.3,85.9667,85.9717,85.9130,0.0536,0.0586,0.0050
9255,1017.5,401.4,85.9704,85.9754,85.9165,0.0539,0.0589,0.0050
9256,984.8,404.2,85.9741,85.9791,85.9199,0.0543,0.0593,0.0050
9257,1012.0,384.5,85.9779,85.9829,85.9235,0.0544,0.0594,0.0050
9258,1000.4,396.1,85.9816,85.9866,85.9268,0.0548,0.0598,0.0050
9259,992.3,434.6,85.9854,85.9904,85.9302,0.0552,0.0602,0.0050
9260,998.5,419.5,85.9891,85.9941,85.9336,0.0555,0.0605,0.0050
9261,1019.6,385.2,85.9929,85.9979,85.9374,0.0555,0.0605,0.0050
9262,980.6,400.0,85.9966,86.0017,85.9409,0.0557,0.0608,0.0050
9263,1000.4,375.9,86.0004,86.0054,85.9445,0.0559,0.0609,0.0050
9264,998.4,395.6,86.0042,86.0092,85.9481,0.0561,0.0611,0.0050
9265,1001.5,534.1,86.0080,86.0130,85.9519,0.0561,0.0612,0.0050
9266,1017.3,381.5,86.0118,86.0168,85.9552,0.0565,0.0616,0.0050
9267,983.3,392.9,86.0156,86.0206,85.9586,0.0570,0.0620,0.0050
9268,1010.3,692.9,86.0194,86.0244,85.9620,0.0574,0.0624,0.0050
9269,989.4,390.1,86.0232,86.0282,85.9656,0.0576,0.0626,0.0050
9270,1023.9,412.8,86.0270,86.0320,85.9688,0.0582,0.0632,0.0051
9271,990.5,385.5,86.0308,86.0359,85.9720,0.0589,0.0639,0.0051
9272,991.3,386.9,86.0346,86.0397,85.9751,0.0595,0.0646,0.0051
9273,998.7,424.3,86.0385,86.0435,85.9786,0.0599,0.0650,0.0051
9274,1009.9,399.6,86.0423,86.0474,85.9818,0.0605,0.0656,0.0051
9275,990.6,376.8,86.0462,86.0512,85.9852,0.0610,0.0661,0.0051
9276,1013.6,409.9,86.0500,86.0551,85.9887,0.0613,0.0664,0.0051
9277,983.2,416.1,86.0539,86.0590,85.9926,0.0613,0.0663,0.0051
9278,999.0,389.1,86.0578,86.0628,85.9963,0.0614,0.0665,0.0051
9279,999.3,411.0,86.0616,86.0667,86.0000,0.0616,0.0667,0.0051
9280,1000.3,394.5,86.0655,86.0706,86.0037,0.0618,0.0668,0.0051
9281,998.8,385.0,86.0694,86.0745,86.0078,0.0616,0.0667,0.0051
9282,999.5,391.8,86.0733,86.0784,86.0114,0.0619,0.0669,0.0051
9283,1000.3,402.4,86.0772,86.0823,86.0151,0.0621,0.0672,0.0051
9284,998.1,391.2,86.0811,86.0862,86.0188,0.0623,0.0674,0.0051
9285,1000.5,380.7,86.0850,86.0901,86.0230,0.0620,0.0671,0.0051
9286,1001.1,392.5,86.0889,86.0940,86.0269,0.0620,0.0671,0.0051
9287,1004.1,429.1,86.0928,86.0979,86.0309,0.0619,0.0671,0.0051
9288,1000.0,430.3,86.0968,86.1019,86.0350,0.0617,0.0668,0.0051
9289,1004.9,436.9,86.1007,86.1058,86.0396,0.0611,0.0663,0.0051
9290,1004.8,464.1,86.1046,86.1098,86.0436,0.0610,0.0661,0.0051
9291,986.7,445.4,86.1086,86.1137,86.0477,0.0609,0.0660,0.0051
9292,999.4,408.5,86.1125,86.1177,86.0517,0.0608,0.0660,0.0051
9293,1012.0,407.7,86.1165,86.1216,86.0561,0.0604,0.0655,0.0051
9294,999.9,416.7,86.1205,86.1256,86.0602,0.0603,0.0654,0.0051
9295,996.3,414.5,86.1244,86.1296,86.0643,0.0601,0.0653,0.0051
9296,998.8,384.5,86.1284,86.1335,86.0685,0.0599,0.0650,0.0051
9297,991.0,399.2,86.1324,86.1375,86.0730,0.0594,0.0646,0.0051
9298,999.5,394.9,86.1364,86.1415,86.0770,0.0593,0.0645,0.0051
9299,995.0,395.2,86.1404,86.1455,86.0811,0.0592,0.0644,0.0051
9300,986.6,405.7,86.1444,86.1495,86.0851,0.0593,0.0645,0.0051
9301,1012.3,421.4,86.1484,86.1535,86.0892,0.0592,0.0643,0.0051
9302,999.8,413.3,86.1524,86.1576,86.0929,0.0595,0.0647,0.0052
9303,1000.1,425.0,86.1564,86.1616,86.0965,0.0600,0.0651,0.0052
9304,999.8,421.9,86.1605,86.1656,86.1001,0.0603,0.0655,0.0052
9305,1005.3,426.9,86.1645,86.1696,86.1038,0.0607,0.0659,0.0052
9306,1006.4,405.2,86.1685,86.1737,86.1077,0.0608,0.0660,0.0052
9307,999.7,382.6,86.1726,86.1777,86.1113,0.0612,0.0664,0.0052
9308,1006.9,390.4,86.1766,86.1818,86.1150,0.0616,0.0667,0.0052
9309,992.1,415.3,86.1807,86.1858,86.1190,0.0617,0.0669,0.0052
9310,1013.5,374.5,86.1847,86.1899,86.1232,0.0615,0.0667,0.0052
9311,987.6,416.0,86.1888,86.1940,86.1271,0.0617,0.0669,0.0052
9312,1001.2,420.0,86.1929,86.1981,86.1309,0.0620,0.0672,0.0052
9313,998.7,407.5,86.1970,86.2021,86.1348,0.0622,0.0674,0.0052
9314,1000.5,436.0,86.2010,86.2062,86.1390,0.0620,0.0672,0.0052
9315,999.1,440.3,86.2051,86.2103,86.1430,0.0621,0.0673,0.0052
9316,1000.3,444.3,86.2092,86.2144,86.1470,0.0622,0.0674,0.0052
9317,999.9,435.6,86.2133,86.2185,86.1512,0.0622,0.0674,0.0052
9318,1000.3,423.9,86.2175,86.2227,86.1558,0.0616,0.0668,0.0052
9319,999.7,431.3,86.2216,86.2268,86.1602,0.0613,0.0665,0.0052
9320,1002.4,391.1,86.2257,86.2309,86.1646,0.0610,0.0663,0.0052
9321,997.3,427.6,86.2298,86.2350,86.1690,0.0608,0.0660,0.0052
9322,1016.1,408.4,86.2340,86.2392,86.1737,0.0603,0.0655,0.0052
9323,999.6,437.4,86.2381,86.2433,86.1779,0.0602,0.0654,0.0052
9324,996.7,413.5,86.2422,86.2475,86.1820,0.0602,0.0654,0.0052
9325,993.7,408.3,86.2464,86.2516,86.1861,0.0603,0.0655,0.0052
9326,1004.9,427.8,86.2506,86.2558,86.1905,0.0601,0.0653,0.0052
9327,987.2,430.2,86.2547,86.2599,86.1946,0.0601,0.0653,0.0052
9328,992.7,437.0,86.2589,86.2641,86.1987,0.0602,0.0655,0.0052
9329,1028.6,434.3,86.2631,86.2683,86.2027,0.0604,0.0656,0.0052
9330,962.8,434.8,86.2672,86.2725,86.2071,0.0601,0.0654,0.0052
9331,1016.0,383.0,86.2714,86.2767,86.2112,0.0602,0.0655,0.0052
9332,1004.4,398.3,86.2756,86.2809,86.2151,0.0606,0.0658,0.0052
9333,1001.2,396.6,86.2798,86.2851,86.2187,0.0612,0.0664,0.0052
9334,991.2,433.5,86.2840,86.2893,86.2224,0.0617,0.0669,0.0052
9335,1004.7,431.4,86.2882,86.2935,86.2257,0.0625,0.0678,0.0052
9336,1001.4,434.4,86.2925,86.2977,86.2289,0.0636,0.0688,0.0053
9337,999.8,411.6,86.2967,86.3019,86.2322,0.0644,0.0697,0.0053
9338,1004.9,413.5,86.3009,86.3062,86.2360,0.0649,0.0702,0.0053
9339,995.6,453.0,86.3051,86.3104,86.2396,0.0655,0.0708,0.0053
9340,998.6,419.4,86.3094,86.3146,86.2433,0.0660,0.0713,0.0053
9341,1588.8,617.7,86.3136,86.3189,86.2512,0.0624,0.0677,0.0053
9342,627.6,315.0,86.3179,86.3232,86.2512,0.0667,0.0720,0.0053
9343,796.9,391.9,86.3221,86.3274,86.2551,0.0670,0.0723,0.0053
9344,996.4,419.9,86.3264,86.3317,86.2590,0.0674,0.0727,0.0053
9345,996.8,434.6,86.3307,86.3359,86.2628,0.0679,0.0731,0.0053
9346,975.4,437.3,86.3349,86.3402,86.2670,0.0679,0.0732,0.0053
9347,1025.1,418.0,86.3392,86.3445,86.2709,0.0683,0.0736,0.0053
9348,996.5,406.6,86.3435,86.3488,86.2749,0.0687,0.0739,0.0053
9349,989.7,411.2,86.3478,86.3531,86.2788,0.0690,0.0743,0.0053
9350,1001.0,399.0,86.3521,86.3574,86.2828,0.0693,0.0746,0.0053
9351,996.2,385.8,86.3564,86.3617,86.2873,0.0691,0.0744,0.0053
9352,1017.0,428.2,86.3607,86.3660,86.2916,0.0691,0.0744,0.0053
9353,994.2,422.1,86.3650,86.3703,86.2957,0.0693,0.0746,0.0053
9354,959.8,439.2,86.3694,86.3747,86.2999,0.0695,0.0748,0.0053
9355,1031.2,389.9,86.3737,86.3790,86.3042,0.0695,0.0748,0.0053
9356,997.2,434.2,86.3780,86.3833,86.3082,0.0699,0.0752,0.0053
9357,1000.8,420.1,86.3824,86.3877,86.3121,0.0703,0.0756,0.0053
9358,999.1,416.3,86.3867,86.3920,86.3161,0.0706,0.0760,0.0053
9359,1000.0,454.5,86.3910,86.3964,86.3210,0.0700,0.0753,0.0053
9360,1000.6,428.1,86.3954,86.4007,86.3253,0.0701,0.0755,0.0053
9361,1001.6,395.6,86.3998,86.4051,86.3289,0.0708,0.0762,0.0053
9362,998.2,431.3,86.4041,86.4095,86.3332,0.0710,0.0763,0.0053
9363,999.9,422.7,86.4085,86.4138,86.3384,0.0701,0.0755,0.0053
9364,999.3,443.1,86.4129,86.4182,86.3424,0.0704,0.0758,0.0053
9365,1003.7,459.5,86.4173,86.4226,86.3465,0.0707,0.0761,0.0053
9366,1015.2,400.7,86.4217,86.4270,86.3500,0.0717,0.0770,0.0053
9367,991.7,389.4,86.4261,86.4314,86.3539,0.0722,0.0775,0.0053
9368,1001.0,393.7,86.4305,86.4358,86.3578,0.0726,0.0780,0.0053
9369,990.9,480.9,86.4349,86.4402,86.3628,0.0721,0.0774,0.0053
9370,1031.3,371.1,86.4393,86.4446,86.3670,0.0722,0.0776,0.0053
9371,949.7,419.5,86.4437,86.4490,86.3713,0.0724,0.0777,0.0054
9372,1020.2,390.8,86.4481,86.4535,86.3757,0.0724,0.0777,0.0054
9373,1009.2,401.1,86.4525,86.4579,86.3806,0.0719,0.0773,0.0054
9374,1002.4,414.1,86.4570,86.4623,86.3851,0.0719,0.0772,0.0054
9375,1007.1,382.3,86.4614,86.4668,86.3896,0.0718,0.0772,0.0054
9376,992.9,410.2,86.4659,86.4712,86.3940,0.0719,0.0772,0.0054
9377,998.1,412.9,86.4703,86.4757,86.3987,0.0716,0.0769,0.0054
9378,999.6,404.4,86.4748,86.4801,86.4032,0.0716,0.0769,0.0054
9379,999.4,405.4,86.4792,86.4846,86.4078,0.0714,0.0768,0.0054
9380,1000.9,401.6,86.4837,86.4891,86.4125,0.0712,0.0765,0.0054
9381,999.3,385.8,86.4882,86.4936,86.4178,0.0703,0.0757,0.0054
9382,999.4,395.2,86.4927,86.4980,86.4228,0.0698,0.0752,0.0054
9383,999.1,400.5,86.4971,86.5025,86.4280,0.0692,0.0746,0.0054
9384,1001.2,448.8,86.5016,86.5070,86.4330,0.0686,0.0740,0.0054
9385,1001.7,412.4,86.5061,86.5115,86.4330,0.0731,0.0785,0.0054
9386,1008.9,426.1,86.5106,86.5160,86.4385,0.0721,0.0775,0.0054
9387,990.5,400.5,86.5151,86.5205,86.4434,0.0717,0.0771,0.0054
9388,997.0,424.9,86.5196,86.5250,86.4483,0.0713,0.0767,0.0054
9389,1001.3,424.7,86.5242,86.5296,86.4535,0.0706,0.0760,0.0054
9390,959.1,450.2,86.5287,86.5341,86.4592,0.0694,0.0748,0.0054
9391,1045.0,441.6,86.5332,86.5386,86.4646,0.0686,0.0740,0.0054
9392,1003.3,392.7,86.5377,86.5432,86.4700,0.0677,0.0731,0.0054
9393,994.8,420.6,86.5423,86.5477,86.4757,0.0666,0.0720,0.0054
9394,1003.6,426.1,86.5468,86.5522,86.4807,0.0661,0.0715,0.0054
9395,996.2,428.5,86.5514,86.5568,86.4854,0.0660,0.0714,0.0054
9396,1004.9,405.1,86.5559,86.5614,86.4898,0.0661,0.0715,0.0054
9397,992.4,441.3,86.5605,86.5659,86.4946,0.0659,0.0714,0.0054
9398,1016.6,408.2,86.5651,86.5705,86.4989,0.0661,0.0716,0.0054
9399,985.1,389.4,86.5696,86.5751,86.5034,0.0662,0.0717,0.0054
9400,999.0,397.1,86.5742,86.5796,86.5080,0.0662,0.0716,0.0054
9401,998.7,410.9,86.5788,86.5842,86.5129,0.0659,0.0713,0.0054
9402,1001.9,433.9,86.5834,86.5888,86.5174,0.0660,0.0714,0.0054
9403,963.6,534.0,86.5880,86.5934,86.5218,0.0662,0.0717,0.0054
9404,1039.0,403.4,86.5926,86.5980,86.5261,0.0665,0.0720,0.0054
9405,996.7,380.7,86.5972,86.6026,86.5305,0.0667,0.0721,0.0054
9406,998.9,402.6,86.6018,86.6072,86.5346,0.0672,0.0726,0.0054
9407,1023.9,387.5,86.6064,86.6119,86.5389,0.0675,0.0730,0.0055
9408,980.1,393.9,86.6110,86.6165,86.5432,0.0678,0.0732,0.0055
9409,995.6,432.5,86.6157,86.6211,86.5480,0.0676,0.0731,0.0055
9410,998.9,389.9,86.6203,86.6257,86.5525,0.0678,0.0733,0.0055
9411,1002.1,402.2,86.6249,86.6304,86.5568,0.0681,0.0736,0.0055
9412,997.6,410.9,86.6296,86.6350,86.5611,0.0685,0.0740,0.0055
9413,999.6,400.1,86.6342,86.6397,86.5658,0.0684,0.0739,0.0055
9414,999.5,410.4,86.6389,86.6443,86.5701,0.0687,0.0742,0.0055
9415,999.4,430.5,86.6435,86.6490,86.5744,0.0692,0.0746,0.0055
9416,1000.8,422.1,86.6482,86.6537,86.5786,0.0696,0.0750,0.0055
9417,999.4,425.9,86.6529,86.6583,86.5828,0.0701,0.0756,0.0055
9418,1002.4,425.6,86.6575,86.6630,86.5874,0.0701,0.0756,0.0055
9419,1003.3,393.1,86.6622,86.6677,86.5916,0.0706,0.0760,0.0055
9420,1013.9,440.9,86.6669,86.6724,86.5959,0.0710,0.0765,0.0055
9421,994.9,420.8,86.6716,86.6771,86.6000,0.0716,0.0771,0.0055
9422,998.2,437.9,86.6763,86.6818,86.6043,0.0719,0.0774,0.0055
9423,996.3,389.2,86.6810,86.6865,86.6083,0.0727,0.0782,0.0055
9424,995.4,403.9,86.6857,86.6912,86.6121,0.0735,0.0790,0.0055
9425,998.1,405.6,86.6904,86.6959,86.6160,0.0744,0.0799,0.0055
9426,1014.5,390.0,86.6951,86.7006,86.6201,0.0750,0.0805,0.0055
9427,991.0,433.7,86.6998,86.7053,86.6240,0.0759,0.0814,0.0055
9428,1003.8,416.8,86.7046,86.7101,86.6279,0.0766,0.0821,0.0055
9429,994.1,416.5,86.7093,86.7148,86.6321,0.0771,0.0827,0.0055
9430,995.6,429.8,86.7140,86.7195,86.6367,0.0773,0.0828,0.0055
9431,1019.0,380.0,86.7188,86.7243,86.6411,0.0776,0.0831,0.0055
9432,980.4,376.7,86.7235,86.7290,86.6456,0.0779,0.0834,0.0055
9433,1000.2,385.8,86.7283,86.7338,86.6501,0.0782,0.0837,0.0055
9434,1000.3,373.8,86.7330,86.7385,86.6549,0.0781,0.0837,0.0055
9435,1002.0,423.5,86.7378,86.7433,86.6593,0.0785,0.0840,0.0055
9436,998.7,416.6,86.7425,86.7481,86.6639,0.0787,0.0842,0.0055
9437,1000.2,385.2,86.7473,86.7528,86.6686,0.0787,0.0842,0.0055
9438,1000.6,377.9,86.7521,86.7576,86.6738,0.0783,0.0838,0.0055
9439,1014.2,447.1,86.7569,86.7624,86.6790,0.0779,0.0835,0.0055
9440,997.4,420.4,86.7617,86.7672,86.6841,0.0776,0.0831,0.0055
9441,994.1,432.7,86.7665,86.7720,86.6893,0.0771,0.0827,0.0055
9442,1001.6,423.7,86.7713,86.7768,86.6949,0.0764,0.0819,0.0055
9443,999.8,400.9,86.7761,86.7816,86.6998,0.0762,0.0818,0.0055
9444,1006.4,599.3,86.7809,86.7864,86.7047,0.0761,0.0817,0.0055
9445,994.2,403.7,86.7857,86.7912,86.7097,0.0760,0.0815,0.0056
9446,992.4,380.9,86.7905,86.7961,86.7152,0.0753,0.0808,0.0056
9447,1000.5,412.9,86.7953,86.8009,86.7204,0.0749,0.0804,0.0056
9448,999.5,391.5,86.8002,86.8057,86.7257,0.0745,0.0800,0.0056
9449,999.6,387.8,86.8050,86.8105,86.7310,0.0740,0.0795,0.0056
9450,1033.6,414.7,86.8098,86.8154,86.7366,0.0732,0.0788,0.0056
9451,965.2,416.9,86.8147,86.8202,86.7418,0.0729,0.0785,0.0056
9452,1014.8,428.9,86.8195,86.8251,86.7467,0.0729,0.0784,0.0056
9453,941.1,439.2,86.8244,86.8299,86.7515,0.0729,0.0784,0.0056
9454,1025.2,444.4,86.8292,86.8348,86.7563,0.0729,0.0785,0.0056
9455,1021.8,458.4,86.8341,86.8397,86.7616,0.0725,0.0781,0.0056
9456,998.7,450.3,86.8390,86.8445,86.7667,0.0723,0.0779,0.0056
9457,1001.1,507.6,86.8438,86.8494,86.7719,0.0719,0.0775,0.0056
9458,1000.0,428.6,86.8487,86.8543,86.7771,0.0716,0.0772,0.0056
9459,1000.2,431.5,86.8536,86.8592,86.7827,0.0709,0.0765,0.0056
9460,1001.9,439.9,86.8585,86.8641,86.7878,0.0707,0.0763,0.0056
9461,998.7,392.7,86.8634,86.8690,86.7928,0.0706,0.0762,0.0056
9462,1002.4,398.2,86.8683,86.8739,86.7977,0.0706,0.0761,0.0056
9463,977.6,463.2,86.8732,86.8788,86.8031,0.0701,0.0757,0.0056
9464,1019.4,446.3,86.8781,86.8837,86.8081,0.0700,0.0756,0.0056
9465,999.8,490.1,86.8830,86.8886,86.8131,0.0699,0.0755,0.0056
9466,1000.8,464.3,86.8879,86.8935,86.8179,0.0700,0.0756,0.0056
9467,999.8,475.3,86.8929,86.8985,86.8229,0.0699,0.0755,0.0056
9468,998.2,480.8,86.8978,86.9034,86.8274,0.0703,0.0760,0.0056
9469,1000.1,472.8,86.9027,86.9083,86.8320,0.0707,0.0763,0.0056
9470,1000.0,472.0,86.9077,86.9133,86.8365,0.0711,0.0767,0.0056
9471,1000.5,449.0,86.9126,86.9182,86.8414,0.0712,0.0768,0.0056
9472,998.0,452.2,86.9175,86.9232,86.8458,0.0717,0.0774,0.0056
9473,999.7,446.3,86.9225,86.9281,86.8502,0.0723,0.0779,0.0056
9474,1000.1,466.7,86.9275,86.9331,86.8546,0.0728,0.0784,0.0056
9475,1000.7,814.3,86.9324,86.9380,86.8592,0.0733,0.0789,0.0056
9476,1000.4,435.2,86.9374,86.9430,86.8639,0.0735,0.0791,0.0056
9477,1000.8,450.3,86.9424,86.9480,86.8682,0.0741,0.0798,0.0056
9478,1009.8,652.6,86.9473,86.9530,86.8724,0.0749,0.0806,0.0056
9479,977.8,425.9,86.9523,86.9579,86.8769,0.0754,0.0811,0.0056
9480,1004.9,444.4,86.9573,86.9629,86.8810,0.0763,0.0819,0.0056
9481,998.9,403.9,86.9623,86.9679,86.8852,0.0771,0.0828,0.0056
9482,1002.9,448.4,86.9673,86.9729,86.8893,0.0780,0.0836,0.0056
9483,1010.0,435.8,86.9723,86.9779,86.8935,0.0787,0.0844,0.0056
9484,997.4,437.0,86.9773,86.9829,86.8983,0.0789,0.0846,0.0056
9485,998.8,440.0,86.9823,86.9879,86.9029,0.0794,0.0851,0.0056
9486,1000.3,404.4,86.9873,86.9930,86.9074,0.0799,0.0855,0.0057
9487,1013.1,392.2,86.9923,86.9980,86.9125,0.0799,0.0855,0.0057
9488,987.8,409.9,86.9974,87.0030,86.9171,0.0803,0.0859,0.0057
9489,999.4,412.2,87.0024,87.0080,86.9217,0.0807,0.0863,0.0057
9490,1002.1,428.4,87.0074,87.0131,86.9263,0.0811,0.0868,0.0057
9491,998.3,461.5,87.0125,87.0181,86.9313,0.0811,0.0868,0.0057
9492,999.9,434.4,87.0175,87.0232,86.9362,0.0813,0.0869,0.0057
9493,998.2,403.0,87.0226,87.0282,86.9414,0.0811,0.0868,0.0057
9494,999.9,408.6,87.0276,87.0333,86.9467,0.0809,0.0866,0.0057
9495,1000.6,410.7,87.0327,87.0383,86.9525,0.0801,0.0858,0.0057
9496,999.2,406.7,87.0377,87.0434,86.9579,0.0798,0.0855,0.0057
9497,1001.0,409.8,87.0428,87.0485,86.9632,0.0796,0.0853,0.0057
9498,998.9,439.6,87.0479,87.0535,86.9686,0.0793,0.0850,0.0057
9499,1197.9,390.3,87.0529,87.0586,86.9743,0.0786,0.0843,0.0057
9500,796.0,403.9,87.0580,87.0637,86.9798,0.0782,0.0839,0.0057
9501,999.2,420.7,87.0631,87.0688,86.9855,0.0776,0.0833,0.0057
9502,998.6,449.8,87.0682,87.0739,86.9911,0.0771,0.0828,0.0057
9503,1017.4,425.0,87.0733,87.0790,86.9972,0.0761,0.0818,0.0057
9504,991.5,421.1,87.0784,87.0841,87.0027,0.0757,0.0814,0.0057
9505,999.2,412.3,87.0835,87.0892,87.0080,0.0755,0.0812,0.0057
9506,1003.1,397.4,87.0886,87.0943,87.0132,0.0754,0.0811,0.0057
9507,993.6,420.5,87.0937,87.0994,87.0188,0.0750,0.0807,0.0057
9508,995.1,389.8,87.0988,87.1045,87.0240,0.0748,0.0805,0.0057
9509,999.8,424.6,87.1040,87.1097,87.0293,0.0746,0.0803,0.0057
9510,999.6,414.1,87.1091,87.1148,87.0347,0.0744,0.0801,0.0057
9511,1000.0,406.5,87.1142,87.1199,87.0407,0.0736,0.0793,0.0057
9512,999.9,423.3,87.1194,87.1251,87.0462,0.0732,0.0789,0.0057
9513,999.8,428.7,87.1245,87.1302,87.0516,0.0729,0.0786,0.0057
9514,1000.4,386.6,87.1296,87.1354,87.0571,0.0726,0.0783,0.0057
9515,998.9,449.1,87.1348,87.1405,87.0630,0.0718,0.0775,0.0057
9516,1000.3,457.9,87.1399,87.1457,87.0686,0.0714,0.0771,0.0057
9517,999.7,424.8,87.1451,87.1508,87.0741,0.0710,0.0767,0.0057
9518,1007.9,428.5,87.1503,87.1560,87.0798,0.0705,0.0762,0.0057
9519,1001.2,446.8,87.1554,87.1612,87.0858,0.0696,0.0753,0.0057
9520,1001.2,450.6,87.1606,87.1663,87.0914,0.0692,0.0750,0.0057
9521,1001.5,420.5,87.1658,87.1715,87.0966,0.0691,0.0749,0.0057
9522,1316.0,341.6,87.1710,87.1767,87.1020,0.0690,0.0747,0.0057
9523,688.1,419.2,87.1761,87.1819,87.1077,0.0685,0.0742,0.0057
9524,1002.9,424.8,87.1813,87.1871,87.1127,0.0686,0.0744,0.0057
9525,1001.2,405.2,87.1865,87.1923,87.1177,0.0689,0.0746,0.0057
9526,998.7,431.3,87.1917,87.1975,87.1226,0.0691,0.0749,0.0057
9527,1000.3,450.6,87.1969,87.2027,87.1277,0.0692,0.0750,0.0057
9528,999.9,446.7,87.2021,87.2079,87.1323,0.0698,0.0755,0.0057
9529,999.8,442.8,87.2074,87.2131,87.1367,0.0707,0.0764,0.0057
9530,1000.0,444.8,87.2126,87.2183,87.1409,0.0717,0.0774,0.0058
9531,1000.2,444.5,87.2178,87.2235,87.1453,0.0725,0.0782,0.0058
9532,999.8,437.5,87.2230,87.2288,87.1495,0.0736,0.0793,0.0058
9533,999.3,441.5,87.2282,87.2340,87.1536,0.0746,0.0804,0.0058
9534,998.6,440.8,87.2335,87.2392,87.1578,0.0757,0.0814,0.0058
9535,1044.4,485.1,87.2387,87.2445,87.1624,0.0763,0.0821,0.0058
9536,935.3,844.7,87.2440,87.2497,87.1668,0.0772,0.0829,0.0058
9537,1020.0,424.2,87.2492,87.2550,87.1711,0.0781,0.0839,0.0058
9538,1715.0,373.1,87.2545,87.2602,87.1807,0.0738,0.0795,0.0058
9539,383.0,388.1,87.2597,87.2655,87.1807,0.0790,0.0848,0.0058
9540,907.0,431.9,87.2650,87.2707,87.1851,0.0799,0.0856,0.0058
9541,993.7,470.4,87.2702,87.2760,87.1895,0.0808,0.0866,0.0058
9542,1002.0,396.4,87.2755,87.2813,87.1932,0.0823,0.0881,0.0058
9543,987.5,388.1,87.2808,87.2866,87.1988,0.0819,0.0877,0.0058
9544,997.1,389.8,87.2861,87.2918,87.2035,0.0825,0.0883,0.0058
9545,1001.6,390.4,87.2913,87.2971,87.2085,0.0829,0.0886,0.0058
9546,999.7,397.1,87.2966,87.3024,87.2139,0.0827,0.0885,0.0058
9547,999.1,408.7,87.3019,87.3077,87.2190,0.0829,0.0887,0.0058
9548,1000.6,427.8,87.3072,87.3130,87.2239,0.0833,0.0891,0.0058
9549,1000.6,414.0,87.3125,87.3183,87.2288,0.0837,0.0895,0.0058
9550,1000.5,412.1,87.3178,87.3236,87.2337,0.0841,0.0899,0.0058
9551,998.5,449.8,87.3231,87.3289,87.2390,0.0841,0.0899,0.0058
9552,1009.2,407.4,87.3284,87.3342,87.2441,0.0843,0.0901,0.0058
9553,1000.1,493.5,87.3337,87.3395,87.2495,0.0842,0.0900,0.0058
9554,1059.1,461.7,87.3391,87.3449,87.2550,0.0841,0.0899,0.0058
9555,965.1,407.6,87.3444,87.3502,87.2608,0.0836,0.0894,0.0058
9556,985.6,430.2,87.3497,87.3555,87.2661,0.0836,0.0894,0.0058
9557,989.4,409.7,87.3551,87.3609,87.2713,0.0838,0.0896,0.0058
9558,992.4,434.8,87.3604,87.3662,87.2764,0.0840,0.0898,0.0058
9559,1008.8,409.5,87.3657,87.3715,87.2764,0.0893,0.0951,0.0058
9560,999.8,731.9,87.3711,87.3769,87.2819,0.0892,0.0950,0.0058
9561,999.3,425.1,87.3764,87.3822,87.2870,0.0894,0.0952,0.0058
9562,1000.3,416.7,87.3818,87.3876,87.2925,0.0892,0.0951,0.0058
9563,1000.1,422.5,87.3871,87.3930,87.2983,0.0889,0.0947,0.0058
9564,997.6,440.3,87.3925,87.3983,87.3046,0.0879,0.0937,0.0058
9565,1000.2,474.6,87.3979,87.4037,87.3105,0.0873,0.0932,0.0058
9566,1000.5,469.0,87.4032,87.4091,87.3164,0.0869,0.0927,0.0058
9567,1000.2,437.4,87.4086,87.4144,87.3225,0.0861,0.0919,0.0058
9568,1002.0,441.1,87.4140,87.4198,87.3282,0.0858,0.0916,0.0058
9569,998.8,442.2,87.4194,87.4252,87.3339,0.0855,0.0913,0.0058
9570,1001.2,432.5,87.4248,87.4306,87.3397,0.0850,0.0908,0.0058
9571,1002.0,439.0,87.4301,87.4360,87.3461,0.0840,0.0899,0.0058
9572,997.9,417.0,87.4355,87.4414,87.3521,0.0834,0.0893,0.0058
9573,1001.0,421.0,87.4409,87.4468,87.3579,0.0830,0.0888,0.0058
9574,1004.7,450.0,87.4463,87.4522,87.3637,0.0826,0.0885,0.0058
9575,987.8,453.1,87.4517,87.4576,87.3700,0.0817,0.0875,0.0058
9576,1006.1,399.7,87.4572,87.4630,87.3759,0.0813,0.0871,0.0058
9577,1008.7,409.8,87.4626,87.4684,87.3818,0.0808,0.0866,0.0059
9578,995.2,430.4,87.4680,87.4738,87.3878,0.0802,0.0860,0.0059
9579,1005.7,413.5,87.4734,87.4793,87.3940,0.0794,0.0852,0.0059
9580,996.8,426.9,87.4788,87.4847,87.3995,0.0794,0.0852,0.0059
9581,992.1,459.8,87.4843,87.4901,87.4048,0.0795,0.0854,0.0059
9582,999.0,401.9,87.4897,87.4956,87.4097,0.0800,0.0858,0.0059
9583,1001.5,435.5,87.4951,87.5010,87.4152,0.0800,0.0858,0.0059
9584,1000.4,439.3,87.5006,87.5064,87.4203,0.0803,0.0861,0.0059
9585,1008.5,415.5,87.5060,87.5119,87.4255,0.0806,0.0864,0.0059
9586,1000.7,424.1,87.5115,87.5173,87.4307,0.0808,0.0866,0.0059
9587,991.8,426.7,87.5169,87.5228,87.4363,0.0806,0.0865,0.0059
9588,998.8,414.8,87.5224,87.5283,87.4414,0.0810,0.0869,0.0059
9589,1003.6,414.9,87.5278,87.5337,87.4464,0.0814,0.0873,0.0059
9590,990.8,468.3,87.5333,87.5392,87.4513,0.0821,0.0879,0.0059
9591,1013.0,519.1,87.5388,87.5447,87.4566,0.0821,0.0880,0.0059
9592,994.3,463.3,87.5443,87.5501,87.4617,0.0825,0.0884,0.0059
9593,991.6,450.0,87.5497,87.5556,87.4669,0.0828,0.0887,0.0059
9594,1000.4,430.3,87.5552,87.5611,87.4723,0.0829,0.0888,0.0059
9595,1032.1,413.7,87.5607,87.5666,87.4781,0.0826,0.0885,0.0059
9596,980.8,419.0,87.5662,87.5721,87.4834,0.0828,0.0887,0.0059
9597,996.0,408.6,87.5717,87.5776,87.4888,0.0829,0.0888,0.0059
9598,1000.2,419.7,87.5772,87.5831,87.4939,0.0832,0.0891,0.0059
9599,998.3,416.6,87.5827,87.5886,87.4995,0.0832,0.0891,0.0059
9600,999.8,417.7,87.5882,87.5941,87.5047,0.0835,0.0894,0.0059
9601,998.2,418.0,87.5937,87.5996,87.5101,0.0836,0.0895,0.0059
9602,1000.1,415.6,87.5992,87.6051,87.5156,0.0836,0.0895,0.0059
9603,1001.8,405.2,87.6047,87.6106,87.5215,0.0833,0.0892,0.0059
9604,998.9,426.3,87.6102,87.6161,87.5269,0.0833,0.0892,0.0059
9605,1001.3,406.5,87.6158,87.6217,87.5321,0.0837,0.0896,0.0059
9606,999.0,408.7,87.6213,87.6272,87.5372,0.0841,0.0900,0.0059
9607,1001.0,426.7,87.6268,87.6327,87.5428,0.0840,0.0900,0.0059
9608,1000.0,457.6,87.6323,87.6383,87.5478,0.0845,0.0904,0.0059
9609,1001.7,531.9,87.6379,87.6438,87.5530,0.0849,0.0908,0.0059
9610,997.7,430.5,87.6434,87.6493,87.5585,0.0850,0.0909,0.0059
9611,1002.0,460.3,87.6490,87.6549,87.5645,0.0845,0.0904,0.0059
9612,990.2,442.5,87.6545,87.6604,87.5702,0.0843,0.0903,0.0059
9613,1067.5,402.7,87.6601,87.6660,87.5760,0.0841,0.0900,0.0059
9614,933.4,433.5,87.6656,87.6716,87.5816,0.0841,0.0900,0.0059
9615,1000.2,469.1,87.6712,87.6771,87.5872,0.0840,0.0899,0.0059
9616,1018.6,480.1,87.6768,87.6827,87.5935,0.0832,0.0892,0.0059
9617,997.6,447.7,87.6823,87.6883,87.5994,0.0829,0.0888,0.0059
9618,993.6,450.3,87.6879,87.6938,87.6053,0.0826,0.0885,0.0059
9619,996.3,436.5,87.6935,87.6994,87.6112,0.0822,0.0882,0.0059
9620,998.9,456.0,87.6990,87.7050,87.6176,0.0815,0.0874,0.0059
9621,1000.1,458.0,87.7046,87.7106,87.6233,0.0813,0.0872,0.0059
9622,999.4,443.9,87.7102,87.7162,87.6290,0.0812,0.0872,0.0059
9623,998.2,501.7,87.7158,87.7217,87.6347,0.0811,0.0871,0.0059
9624,1000.3,500.9,87.7214,87.7273,87.6408,0.0806,0.0866,0.0059
9625,999.8,461.9,87.7270,87.7329,87.6465,0.0805,0.0864,0.0059
9626,1001.2,440.8,87.7326,87.7385,87.6521,0.0805,0.0864,0.0059
9627,1025.5,409.8,87.7382,87.7441,87.6576,0.0806,0.0865,0.0059
9628,978.4,419.1,87.7438,87.7498,87.6631,0.0807,0.0866,0.0059
9629,1000.0,422.6,87.7494,87.7554,87.6688,0.0806,0.0866,0.0059
9630,3608.2,1292.3,87.7550,87.7610,87.6904,0.0647,0.0706,0.0059
9631,1299.4,544.2,87.7607,87.7666,87.6958,0.0648,0.0708,0.0060
9632,550.2,412.0,87.7663,87.7722,87.6958,0.0704,0.0764,0.0060
9633,419.0,560.5,87.7719,87.7779,87.7012,0.0707,0.0766,0.0060
9634,566.9,360.2,87.7775,87.7835,87.7012,0.0763,0.0823,0.0060
9635,366.5,318.9,87.7832,87.7891,87.7063,0.0768,0.0828,0.0060
9636,325.3,435.7,87.7888,87.7948,87.7063,0.0825,0.0884,0.0060
9637,875.0,408.9,87.7944,87.8004,87.7117,0.0827,0.0887,0.0060
9638,989.0,451.8,87.8001,87.8060,87.7164,0.0837,0.0897,0.0060
9639,1010.5,582.7,87.8057,87.8117,87.7209,0.0848,0.0907,0.0060
9640,979.3,458.4,87.8114,87.8173,87.7257,0.0857,0.0916,0.0060
9641,1005.3,484.8,87.8170,87.8230,87.7313,0.0857,0.0917,0.0060
9642,1012.9,450.9,87.8227,87.8286,87.7370,0.0856,0.0916,0.0060
9643,1005.7,443.4,87.8283,87.8343,87.7430,0.0854,0.0913,0.0060
9644,987.1,3634.9,87.8340,87.8400,87.7487,0.0853,0.0912,0.0060
9645,3643.0,418.3,87.8397,87.8456,87.7707,0.0690,0.0749,0.0060
9646,421.5,344.8,87.8453,87.8513,87.7707,0.0746,0.0806,0.0060
9647,348.4,300.4,87.8510,87.8570,87.7707,0.0803,0.0863,0.0060
9648,302.7,252.7,87.8567,87.8627,87.7762,0.0805,0.0865,0.0060
9649,254.2,434.2,87.8624,87.8684,87.7762,0.0862,0.0921,0.0060
9650,1026.7,455.8,87.8681,87.8740,87.7821,0.0859,0.0919,0.0060
9651,1161.7,359.3,87.8737,87.8797,87.7873,0.0864,0.0924,0.0060
9652,845.3,411.8,87.8794,87.8854,87.7922,0.0872,0.0932,0.0060
9653,993.5,391.9,87.8851,87.8911,87.7966,0.0885,0.0945,0.0060
9654,1000.8,429.1,87.8908,87.8968,87.8015,0.0894,0.0954,0.0060
9655,1001.4,418.8,87.8965,87.9025,87.8064,0.0901,0.0961,0.0060
9656,999.9,413.9,87.9022,87.9082,87.8116,0.0906,0.0966,0.0060
9657,999.3,440.3,87.9079,87.9139,87.8171,0.0908,0.0968,0.0060
9658,3570.6,445.3,87.9136,87.9196,87.8340,0.0796,0.0856,0.0060
9659,452.1,418.4,87.9194,87.9254,87.8395,0.0799,0.0859,0.0060
9660,424.0,279.4,87.9251,87.9311,87.8395,0.0856,0.0916,0.0060
9661,284.8,278.2,87.9308,87.9368,87.8454,0.0854,0.0914,0.0060
9662,283.4,412.5,87.9365,87.9425,87.8454,0.0911,0.0971,0.0060
9663,995.4,453.6,87.9422,87.9482,87.8509,0.0913,0.0974,0.0060
9664,1000.7,432.2,87.9480,87.9540,87.8563,0.0917,0.0977,0.0060
9665,996.6,457.5,87.9537,87.9597,87.8616,0.0921,0.0981,0.0060
9666,993.2,465.6,87.9594,87.9654,87.8673,0.0921,0.0981,0.0060
9667,999.3,412.7,87.9652,87.9712,87.8730,0.0922,0.0982,0.0060
9668,1000.2,391.2,87.9709,87.9769,87.8789,0.0920,0.0980,0.0060
9669,1006.0,401.8,87.9767,87.9827,87.8850,0.0917,0.0977,0.0060
9670,993.1,416.2,87.9824,87.9884,87.8915,0.0909,0.0969,0.0060
9671,999.0,422.7,87.9882,87.9942,87.8977,0.0905,0.0965,0.0060
9672,998.8,429.1,87.9939,87.9999,87.9039,0.0901,0.0961,0.0060
9673,1000.6,562.3,87.9997,88.0057,87.9099,0.0898,0.0958,0.0060
9674,1000.2,384.2,88.0054,88.0115,87.9165,0.0890,0.0950,0.0060
9675,1000.0,396.8,88.0112,88.0172,87.9225,0.0888,0.0948,0.0060
9676,1005.3,388.0,88.0170,88.0230,87.9282,0.0887,0.0948,0.0060
9677,997.6,409.7,88.0227,88.0288,87.9338,0.0889,0.0949,0.0060
9678,998.5,398.9,88.0285,88.0346,87.9399,0.0886,0.0946,0.0060
9679,999.9,418.6,88.0343,88.0403,87.9458,0.0885,0.0945,0.0060
9680,1000.0,416.5,88.0401,88.0461,87.9517,0.0884,0.0944,0.0060
9681,1000.2,423.0,88.0459,88.0519,87.9577,0.0882,0.0942,0.0060
9682,999.6,413.6,88.0517,88.0577,87.9641,0.0876,0.0936,0.0060
9683,999.7,407.9,88.0574,88.0635,87.9700,0.0874,0.0934,0.0060
9684,1000.3,394.9,88.0632,88.0693,87.9760,0.0872,0.0933,0.0060
9685,1011.7,384.3,88.0690,88.0751,87.9821,0.0869,0.0930,0.0060
9686,990.3,389.5,88.0748,88.0809,87.9888,0.0860,0.0920,0.0060
9687,999.8,395.3,88.0806,88.0867,87.9953,0.0853,0.0913,0.0060
9688,997.6,389.3,88.0864,88.0925,88.0018,0.0846,0.0907,0.0060
9689,999.8,401.3,88.0922,88.0983,88.0081,0.0841,0.0901,0.0060
9690,1000.3,422.2,88.0981,88.1041,88.0150,0.0831,0.0891,0.0060
9691,1002.2,440.1,88.1039,88.1099,88.0211,0.0828,0.0888,0.0060
9692,998.4,539.1,88.1097,88.1157,88.0273,0.0824,0.0884,0.0061
9693,999.4,573.4,88.1155,88.1216,88.0335,0.0820,0.0880,0.0061
9694,1000.1,395.6,88.1213,88.1274,88.0402,0.0811,0.0872,0.0061
9695,1000.9,410.9,88.1272,88.1332,88.0462,0.0810,0.0870,0.0061
9696,1003.5,409.0,88.1330,88.1390,88.0519,0.0811,0.0871,0.0061
9697,996.8,432.9,88.1388,88.1449,88.0574,0.0814,0.0875,0.0061
9698,999.4,412.4,88.1446,88.1507,88.0631,0.0816,0.0876,0.0061
9699,1001.7,418.8,88.1505,88.1565,88.0682,0.0823,0.0883,0.0061
9700,999.9,402.4,88.1563,88.1624,88.0732,0.0831,0.0892,0.0061
9701,1014.7,406.0,88.1622,88.1682,88.0785,0.0837,0.0898,0.0061
9702,988.2,423.7,88.1680,88.1741,88.0842,0.0838,0.0899,0.0061
9703,1000.9,405.0,88.1739,88.1799,88.0897,0.0842,0.0902,0.0061
9704,997.2,419.2,88.1797,88.1858,88.0950,0.0847,0.0908,0.0061
9705,999.2,423.3,88.1856,88.1916,88.1004,0.0852,0.0913,0.0061
9706,999.6,404.6,88.1914,88.1975,88.1060,0.0854,0.0915,0.0061
9707,1000.7,429.5,88.1973,88.2034,88.1113,0.0860,0.0921,0.0061
9708,999.2,427.0,88.2032,88.2092,88.1168,0.0864,0.0925,0.0061
9709,997.5,424.5,88.2090,88.2151,88.1222,0.0868,0.0929,0.0061
9710,1001.3,440.5,88.2149,88.2210,88.1282,0.0867,0.0928,0.0061
9711,999.3,433.5,88.2208,88.2268,88.1337,0.0871,0.0932,0.0061
9712,1001.6,434.0,88.2266,88.2327,88.1390,0.0876,0.0937,0.0061
9713,998.8,441.7,88.2325,88.2386,88.1443,0.0882,0.0942,0.0061
9714,1000.8,435.1,88.2384,88.2445,88.1510,0.0874,0.0935,0.0061
9715,999.2,453.3,88.2443,88.2504,88.1566,0.0877,0.0938,0.0061
9716,1000.7,476.0,88.2502,88.2562,88.1623,0.0879,0.0940,0.0061
9717,999.9,445.1,88.2561,88.2621,88.1670,0.0890,0.0951,0.0061
9718,999.3,433.9,88.2619,88.2680,88.1739,0.0880,0.0941,0.0061
9719,1000.0,451.9,88.2678,88.2739,88.1796,0.0883,0.0944,0.0061
9720,1006.0,435.7,88.2737,88.2798,88.1850,0.0887,0.0948,0.0061
9721,996.3,433.2,88.2796,88.2857,88.1904,0.0893,0.0954,0.0061
9722,999.6,445.7,88.2855,88.2916,88.1962,0.0893,0.0954,0.0061
9723,999.6,428.6,88.2914,88.2975,88.2018,0.0896,0.0957,0.0061
9724,1000.4,433.6,88.2973,88.3034,88.2076,0.0898,0.0959,0.0061
9725,1000.4,440.3,88.3033,88.3094,88.2134,0.0899,0.0960,0.0061
9726,999.6,449.8,88.3092,88.3153,88.2196,0.0896,0.0957,0.0061
9727,1000.1,432.4,88.3151,88.3212,88.2253,0.0897,0.0958,0.0061
9728,1000.2,440.2,88.3210,88.3271,88.2311,0.0899,0.0960,0.0061
9729,999.6,439.7,88.3269,88.3330,88.2370,0.0900,0.0961,0.0061
9730,999.9,433.4,88.3329,88.3390,88.2433,0.0896,0.0957,0.0061
9731,997.6,432.2,88.3388,88.3449,88.2433,0.0955,0.1016,0.0061
9732,1004.0,412.2,88.3447,88.3508,88.2495,0.0952,0.1013,0.0061
9733,996.4,479.8,88.3506,88.3567,88.2558,0.0948,0.1009,0.0061
9734,999.6,457.8,88.3566,88.3627,88.2626,0.0939,0.1001,0.0061
9735,1014.9,428.3,88.3625,88.3686,88.2690,0.0936,0.0997,0.0061
9736,986.3,417.3,88.3684,88.3746,88.2755,0.0930,0.0991,0.0061
9737,997.9,443.5,88.3744,88.3805,88.2821,0.0922,0.0984,0.0061
9738,999.4,414.1,88.3803,88.3864,88.2893,0.0910,0.0972,0.0061
9739,999.5,479.0,88.3863,88.3924,88.2959,0.0904,0.0965,0.0061
9740,1000.6,486.7,88.3922,88.3983,88.3025,0.0898,0.0959,0.0061
9741,999.4,473.7,88.3982,88.4043,88.3088,0.0894,0.0955,0.0061
9742,1000.9,459.4,88.4041,88.4103,88.3152,0.0889,0.0950,0.0061
9743,1000.3,464.4,88.4101,88.4162,88.3211,0.0890,0.0951,0.0061
9744,1000.7,442.1,88.4161,88.4222,88.3269,0.0891,0.0952,0.0061
9745,1000.2,436.9,88.4220,88.4281,88.3332,0.0888,0.0949,0.0061
9746,999.9,445.8,88.4280,88.4341,88.3390,0.0890,0.0951,0.0061
9747,999.9,429.1,88.4339,88.4401,88.3449,0.0891,0.0952,0.0061
9748,999.1,433.7,88.4399,88.4460,88.3507,0.0893,0.0954,0.0061
9749,1000.9,450.0,88.4459,88.4520,88.3568,0.0891,0.0952,0.0061
9750,999.6,436.1,88.4519,88.4580,88.3625,0.0893,0.0955,0.0061
9751,999.6,452.9,88.4578,88.4640,88.3683,0.0896,0.0957,0.0061
9752,998.5,447.2,88.4638,88.4700,88.3741,0.0897,0.0959,0.0061
9753,1005.8,422.2,88.4698,88.4759,88.3803,0.0895,0.0956,0.0061
9754,996.9,445.7,88.4758,88.4819,88.3861,0.0897,0.0958,0.0061
9755,999.7,454.1,88.4818,88.4879,88.3919,0.0899,0.0960,0.0061
9756,997.9,431.8,88.4878,88.4939,88.3976,0.0902,0.0963,0.0061
9757,1000.6,449.8,88.4938,88.4999,88.4038,0.0900,0.0961,0.0061
9758,999.4,464.4,88.4997,88.5059,88.4096,0.0902,0.0963,0.0061
9759,1000.3,442.9,88.5057,88.5119,88.4153,0.0904,0.0966,0.0061
9760,1000.3,453.4,88.5117,88.5179,88.4210,0.0907,0.0969,0.0061
9761,999.4,428.9,88.5177,88.5239,88.4271,0.0907,0.0968,0.0061
9762,1001.1,445.1,88.5237,88.5299,88.4325,0.0912,0.0974,0.0061
9763,1000.9,459.7,88.5297,88.5359,88.4378,0.0919,0.0981,0.0061
9764,1001.2,484.8,88.5358,88.5419,88.4430,0.0928,0.0989,0.0061
9765,999.2,436.4,88.5418,88.5479,88.4488,0.0930,0.0992,0.0061
9766,999.9,474.3,88.5478,88.5539,88.4544,0.0934,0.0996,0.0061
9767,999.4,474.1,88.5538,88.5599,88.4600,0.0937,0.0999,0.0061
9768,999.7,469.4,88.5598,88.5660,88.4658,0.0940,0.1001,0.0062
9769,1000.4,498.0,88.5658,88.5720,88.4720,0.0938,0.0999,0.0062
9770,1002.8,504.2,88.5719,88.5780,88.4778,0.0941,0.1002,0.0062
9771,997.3,470.7,88.5779,88.5840,88.4836,0.0943,0.1004,0.0062
9772,1000.4,479.8,88.5839,88.5901,88.4896,0.0943,0.1005,0.0062
9773,1000.3,445.1,88.5899,88.5961,88.4963,0.0936,0.0998,0.0062
9774,1010.4,419.6,88.5960,88.6021,88.5027,0.0932,0.0994,0.0062
9775,988.3,424.1,88.6020,88.6082,88.5093,0.0927,0.0989,0.0062
9776,999.7,472.5,88.6080,88.6142,88.5159,0.0921,0.0983,0.0062
9777,998.8,438.2,88.6141,88.6202,88.5229,0.0911,0.0973,0.0062
9778,999.9,469.0,88.6201,88.6263,88.5294,0.0907,0.0969,0.0062
9779,1000.4,475.3,88.6261,88.6323,88.5359,0.0902,0.0964,0.0062
9780,1000.3,439.3,88.6322,88.6384,88.5426,0.0896,0.0958,0.0062
9781,999.8,432.2,88.6382,88.6444,88.5499,0.0884,0.0945,0.0062
9782,1000.4,462.2,88.6443,88.6504,88.5565,0.0878,0.0939,0.0062
9783,999.9,437.1,88.6503,88.6565,88.5630,0.0873,0.0935,0.0062
9784,1001.4,478.6,88.6564,88.6626,88.5694,0.0869,0.0931,0.0062
9785,999.8,414.2,88.6624,88.6686,88.5763,0.0861,0.0923,0.0062
9786,1007.2,456.1,88.6685,88.6747,88.5827,0.0858,0.0919,0.0062
9787,994.6,466.7,88.6746,88.6807,88.5893,0.0852,0.0914,0.0062
9788,1000.1,454.0,88.6806,88.6868,88.5959,0.0847,0.0909,0.0062
9789,998.4,458.9,88.6867,88.6928,88.6024,0.0843,0.0905,0.0062
9790,999.6,486.3,88.6927,88.6989,88.6094,0.0833,0.0895,0.0062
9791,999.9,486.7,88.6988,88.7050,88.6159,0.0829,0.0891,0.0062
9792,999.6,454.6,88.7049,88.7111,88.6223,0.0826,0.0888,0.0062
9793,1000.5,468.3,88.7109,88.7171,88.6285,0.0824,0.0886,0.0062
9794,999.4,459.3,88.7170,88.7232,88.6351,0.0819,0.0881,0.0062
9795,1003.3,418.7,88.7231,88.7293,88.6412,0.0819,0.0881,0.0062
9796,995.7,469.6,88.7292,88.7354,88.6472,0.0820,0.0882,0.0062
9797,999.4,459.0,88.7353,88.7414,88.6529,0.0824,0.0885,0.0062
9798,999.9,452.8,88.7413,88.7475,88.6588,0.0825,0.0887,0.0062
9799,1001.7,468.8,88.7474,88.7536,88.6643,0.0831,0.0893,0.0062
9800,998.7,456.5,88.7535,88.7597,88.6697,0.0838,0.0900,0.0062
9801,999.8,463.1,88.7596,88.7658,88.6751,0.0845,0.0907,0.0062
9802,1000.0,436.0,88.7657,88.7719,88.6807,0.0850,0.0912,0.0062
9803,1005.1,468.2,88.7718,88.7780,88.6857,0.0861,0.0923,0.0062
9804,995.7,481.7,88.7779,88.7840,88.6906,0.0873,0.0934,0.0062
9805,1000.4,423.2,88.7840,88.7901,88.6955,0.0885,0.0947,0.0062
9806,1000.4,458.9,88.7900,88.7962,88.7007,0.0893,0.0955,0.0062
9807,999.2,456.9,88.7961,88.8023,88.7059,0.0903,0.0965,0.0062
9808,1001.1,477.8,88.8022,88.8084,88.7111,0.0911,0.0973,0.0062
9809,1000.4,468.6,88.8083,88.8145,88.7163,0.0920,0.0982,0.0062
9810,999.5,483.0,88.8145,88.8206,88.7219,0.0926,0.0988,0.0062
9811,1001.7,481.9,88.8206,88.8268,88.7271,0.0935,0.0997,0.0062
9812,998.2,463.1,88.8267,88.8329,88.7322,0.0945,0.1007,0.0062
9813,1001.3,475.1,88.8328,88.8390,88.7374,0.0953,0.1015,0.0062
9814,998.6,469.1,88.8389,88.8451,88.7433,0.0956,0.1018,0.0062
9815,1000.0,436.9,88.8450,88.8512,88.7490,0.0960,0.1022,0.0062
9816,1000.5,465.7,88.8511,88.8573,88.7549,0.0962,0.1024,0.0062
9817,998.6,479.6,88.8572,88.8634,88.7609,0.0964,0.1026,0.0062
9818,1000.3,457.6,88.8634,88.8696,88.7674,0.0959,0.1022,0.0062
9819,1000.4,499.0,88.8695,88.8757,88.7735,0.0960,0.1022,0.0062
9820,1000.8,473.4,88.8756,88.8818,88.7797,0.0959,0.1021,0.0062
9821,998.2,459.8,88.8817,88.8879,88.7861,0.0956,0.1018,0.0062
9822,999.7,473.3,88.8878,88.8940,88.7931,0.0947,0.1009,0.0062
9823,1000.2,474.7,88.8940,88.9002,88.7997,0.0943,0.1005,0.0062
9824,1001.3,467.0,88.9001,88.9063,88.8061,0.0940,0.1002,0.0062
9825,998.5,425.7,88.9062,88.9124,88.8124,0.0938,0.1000,0.0062
9826,1000.5,475.9,88.9124,88.9186,88.8192,0.0932,0.0994,0.0062
9827,999.7,466.8,88.9185,88.9247,88.8254,0.0931,0.0993,0.0062
9828,999.7,477.3,88.9246,88.9308,88.8317,0.0929,0.0991,0.0062
9829,1002.5,473.0,88.9308,88.9370,88.8381,0.0927,0.0989,0.0062
9830,999.0,456.3,88.9369,88.9431,88.8451,0.0918,0.0980,0.0062
9831,1001.6,464.1,88.9431,88.9493,88.8518,0.0912,0.0974,0.0062
9832,998.5,467.7,88.9492,88.9554,88.8586,0.0906,0.0968,0.0062
9833,999.7,455.9,88.9553,88.9616,88.8653,0.0900,0.0963,0.0062
9834,1000.2,469.4,88.9615,88.9677,88.8725,0.0889,0.0952,0.0062
9835,999.5,462.3,88.9676,88.9739,88.8793,0.0883,0.0945,0.0062
9836,1004.4,458.3,88.9738,88.9800,88.8862,0.0876,0.0938,0.0062
9837,999.5,471.8,88.9799,88.9862,88.8929,0.0870,0.0932,0.0062
9838,1013.5,452.0,88.9861,88.9923,88.9000,0.0861,0.0923,0.0062
9839,992.9,439.8,88.9922,88.9985,88.9064,0.0858,0.0921,0.0062
9840,997.7,453.3,88.9984,89.0046,88.9128,0.0856,0.0918,0.0062
9841,993.1,486.5,89.0046,89.0108,88.9190,0.0856,0.0918,0.0062
9842,998.2,444.3,89.0107,89.0169,88.9254,0.0854,0.0916,0.0062
9843,999.5,475.9,89.0169,89.0231,88.9311,0.0858,0.0920,0.0062
9844,1000.1,479.5,89.0230,89.0293,88.9365,0.0865,0.0927,0.0062
9845,1000.0,398.4,89.0292,89.0354,88.9417,0.0875,0.0937,0.0062
9846,1000.9,475.5,89.0354,89.0416,88.9472,0.0882,0.0944,0.0062
9847,999.1,465.2,89.0415,89.0478,88.9522,0.0893,0.0955,0.0062
9848,1000.9,434.9,89.0477,89.0539,88.9576,0.0901,0.0964,0.0062
9849,1000.0,472.3,89.0539,89.0601,88.9630,0.0908,0.0971,0.0062
9850,1001.4,457.4,89.0600,89.0663,88.9689,0.0911,0.0974,0.0062
9851,1002.0,422.7,89.0662,89.0724,88.9745,0.0917,0.0980,0.0062
9852,998.0,520.7,89.0724,89.0786,88.9800,0.0924,0.0986,0.0062
9853,1006.1,461.7,89.0786,89.0848,88.9854,0.0931,0.0994,0.0062
9854,996.6,464.3,89.0847,89.0910,88.9915,0.0933,0.0995,0.0062
9855,999.4,505.4,89.0909,89.0972,88.9973,0.0937,0.0999,0.0062
9856,1002.9,440.4,89.0971,89.1033,89.0033,0.0938,0.1000,0.0062
9857,997.5,446.1,89.1033,89.1095,89.0095,0.0938,0.1000,0.0062
9858,999.3,449.4,89.1095,89.1157,89.0161,0.0934,0.0996,0.0062
9859,999.6,428.2,89.1156,89.1219,89.0222,0.0934,0.0997,0.0062
9860,1012.1,433.1,89.1218,89.1281,89.0283,0.0935,0.0997,0.0062
9861,991.5,432.0,89.1280,89.1343,89.0344,0.0936,0.0998,0.0062
9862,994.6,442.5,89.1342,89.1404,89.0411,0.0931,0.0993,0.0062
9863,999.0,439.2,89.1404,89.1466,89.0475,0.0929,0.0991,0.0062
9864,999.4,451.6,89.1466,89.1528,89.0540,0.0926,0.0988,0.0062
9865,999.9,463.3,89.1528,89.1590,89.0605,0.0923,0.0985,0.0062
9866,1002.1,471.0,89.1590,89.1652,89.0673,0.0917,0.0979,0.0062
9867,997.9,451.1,89.1652,89.1714,89.0734,0.0918,0.0980,0.0062
9868,1000.8,444.7,89.1714,89.1776,89.0796,0.0918,0.0980,0.0062
9869,999.2,470.7,89.1776,89.1838,89.0857,0.0918,0.0981,0.0062
9870,1004.0,454.4,89.1838,89.1900,89.0920,0.0918,0.0980,0.0062
9871,998.0,449.0,89.1900,89.1962,89.0990,0.0909,0.0972,0.0062
9872,1000.1,441.6,89.1962,89.2024,89.1056,0.0906,0.0968,0.0062
9873,999.6,448.1,89.2024,89.2086,89.1120,0.0903,0.0966,0.0062
9874,999.6,438.9,89.2086,89.2148,89.1190,0.0896,0.0958,0.0062
9875,1000.0,435.9,89.2148,89.2210,89.1256,0.0892,0.0955,0.0062
9876,1001.2,433.5,89.2210,89.2272,89.1322,0.0888,0.0951,0.0062
9877,999.1,424.0,89.2272,89.2334,89.1402,0.0870,0.0932,0.0062
9878,1001.9,436.4,89.2334,89.2396,89.1458,0.0876,0.0939,0.0062
9879,997.8,454.1,89.2396,89.2459,89.1531,0.0865,0.0927,0.0062
9880,1000.4,438.4,89.2458,89.2521,89.1595,0.0863,0.0925,0.0062
9881,999.3,457.8,89.2520,89.2583,89.1659,0.0861,0.0924,0.0062
9882,998.3,453.8,89.2582,89.2645,89.1728,0.0854,0.0917,0.0062
9883,1000.6,441.4,89.2645,89.2707,89.1791,0.0854,0.0916,0.0062
9884,1000.5,466.1,89.2707,89.2769,89.1852,0.0855,0.0917,0.0062
9885,999.7,470.1,89.2769,89.2831,89.1915,0.0854,0.0916,0.0063
9886,1000.6,433.1,89.2831,89.2894,89.1972,0.0859,0.0921,0.0063
9887,1000.1,485.0,89.2893,89.2956,89.2029,0.0865,0.0927,0.0063
9888,999.2,478.5,89.2956,89.3018,89.2086,0.0870,0.0932,0.0063
9889,1000.2,483.3,89.3018,89.3080,89.2142,0.0876,0.0938,0.0063
9890,1000.0,500.9,89.3080,89.3143,89.2202,0.0878,0.0941,0.0063
9891,999.4,503.1,89.3142,89.3205,89.2258,0.0884,0.0947,0.0063
9892,1000.9,483.0,89.3204,89.3267,89.2312,0.0892,0.0955,0.0063
9893,999.8,498.4,89.3267,89.3329,89.2366,0.0901,0.0963,0.0063
9894,1001.5,479.1,89.3329,89.3392,89.2424,0.0905,0.0967,0.0063
9895,999.0,467.9,89.3391,89.3454,89.2480,0.0911,0.0974,0.0063
9896,1003.2,435.1,89.3454,89.3516,89.2480,0.0974,0.1036,0.0063
9897,998.2,468.4,89.3516,89.3578,89.2538,0.0978,0.1040,0.0063
9898,1000.7,444.5,89.3578,89.3641,89.2602,0.0976,0.1038,0.0063
9899,1003.6,463.9,89.3640,89.3703,89.2663,0.0978,0.1040,0.0063
9900,996.1,476.3,89.3703,89.3765,89.2723,0.0980,0.1042,0.0063
9901,1000.1,412.8,89.3765,89.3828,89.2785,0.0980,0.1043,0.0063
9902,1000.0,435.9,89.3828,89.3890,89.2848,0.0980,0.1042,0.0063
9903,1000.9,446.1,89.3890,89.3952,89.2916,0.0973,0.1036,0.0063
9904,1005.1,433.8,89.3952,89.4015,89.2981,0.0972,0.1034,0.0063
9905,996.3,421.1,89.4015,89.4077,89.3045,0.0970,0.1032,0.0063
9906,1003.6,2785.1,89.4077,89.4140,89.3106,0.0971,0.1034,0.0063
9907,2791.7,645.1,89.4139,89.4202,89.3283,0.0856,0.0919,0.0063
9908,649.7,3133.9,89.4202,89.4264,89.3283,0.0919,0.0981,0.0063
9909,3139.8,403.1,89.4264,89.4327,89.3471,0.0793,0.0856,0.0063
9910,407.8,417.3,89.4327,89.4389,89.3533,0.0793,0.0856,0.0063
9911,421.9,268.4,89.4389,89.4452,89.3533,0.0856,0.0918,0.0063
9912,272.8,357.5,89.4452,89.4514,89.3593,0.0858,0.0921,0.0063
9913,361.8,389.7,89.4514,89.4577,89.3593,0.0921,0.0983,0.0063
9914,394.2,320.2,89.4576,89.4639,89.3593,0.0983,0.1046,0.0063
9915,558.0,441.9,89.4639,89.4702,89.3658,0.0981,0.1043,0.0063
9916,1007.5,476.7,89.4701,89.4764,89.3718,0.0984,0.1046,0.0063
9917,998.3,460.7,89.4764,89.4827,89.3775,0.0989,0.1052,0.0063
9918,992.3,464.0,89.4826,89.4889,89.3833,0.0994,0.1056,0.0063
9919,998.4,1720.8,89.4889,89.4952,89.3899,0.0990,0.1053,0.0063
9920,1729.9,668.1,89.4951,89.5014,89.4033,0.0919,0.0981,0.0063
9921,673.8,303.2,89.5014,89.5077,89.4033,0.0981,0.1044,0.0063
9922,597.0,472.6,89.5076,89.5139,89.4102,0.0974,0.1037,0.0063
9923,3573.5,469.3,89.5139,89.5202,89.4313,0.0826,0.0889,0.0063
9924,476.0,580.2,89.5202,89.5264,89.4379,0.0822,0.0885,0.0063
9925,585.1,590.4,89.5264,89.5327,89.4379,0.0885,0.0947,0.0063
9926,595.3,290.3,89.5327,89.5389,89.4448,0.0879,0.0941,0.0063
9927,297.3,338.9,89.5389,89.5452,89.4448,0.0941,0.1004,0.0063
9928,471.6,408.8,89.5452,89.5514,89.4511,0.0941,0.1004,0.0063
9929,996.2,422.6,89.5514,89.5577,89.4573,0.0942,0.1004,0.0063
9930,1001.7,409.7,89.5577,89.5640,89.4633,0.0944,0.1007,0.0063
9931,994.1,433.4,89.5640,89.5702,89.4697,0.0943,0.1006,0.0063
9932,999.4,418.3,89.5702,89.5765,89.4758,0.0945,0.1007,0.0063
9933,1000.0,402.3,89.5765,89.5827,89.4821,0.0943,0.1006,0.0063
9934,999.4,404.8,89.5827,89.5890,89.4890,0.0937,0.1000,0.0063
9935,1000.4,412.0,89.5890,89.5953,89.4961,0.0929,0.0992,0.0063
9936,1007.0,404.8,89.5953,89.6015,89.5027,0.0925,0.0988,0.0063
9937,3563.9,504.0,89.6015,89.6078,89.5230,0.0786,0.0848,0.0063
9938,510.2,357.0,89.6078,89.6141,89.5291,0.0787,0.0849,0.0063
9939,359.3,273.1,89.6140,89.6203,89.5291,0.0849,0.0912,0.0063
9940,275.2,355.6,89.6203,89.6266,89.5353,0.0850,0.0913,0.0063
9941,357.9,365.3,89.6266,89.6329,89.5353,0.0913,0.0976,0.0063
9942,932.7,439.7,89.6328,89.6391,89.5414,0.0915,0.0977,0.0063
9943,998.4,451.6,89.6391,89.6454,89.5479,0.0912,0.0975,0.0063
9944,1013.1,475.7,89.6454,89.6517,89.5536,0.0917,0.0980,0.0063
9945,990.7,418.2,89.6516,89.6579,89.5592,0.0925,0.0988,0.0063
9946,996.7,435.1,89.6579,89.6642,89.5649,0.0930,0.0993,0.0063
9947,997.3,421.0,89.6642,89.6705,89.5713,0.0929,0.0992,0.0063
9948,998.1,397.4,89.6705,89.6767,89.5771,0.0933,0.0996,0.0063
9949,1020.3,406.4,89.6767,89.6830,89.5830,0.0937,0.1000,0.0063
9950,981.5,413.7,89.6830,89.6893,89.5890,0.0940,0.1002,0.0063
9951,998.5,396.6,89.6893,89.6955,89.5955,0.0938,0.1000,0.0063
9952,999.6,429.6,89.6955,89.7018,89.6016,0.0939,0.1002,0.0063
9953,1000.3,421.7,89.7018,89.7081,89.6078,0.0940,0.1003,0.0063
9954,998.4,417.8,89.7081,89.7144,89.6140,0.0940,0.1003,0.0063
9955,1000.2,415.3,89.7144,89.7206,89.6208,0.0936,0.0999,0.0063
9956,1000.5,405.7,89.7206,89.7269,89.6271,0.0935,0.0998,0.0063
9957,1000.1,399.1,89.7269,89.7332,89.6336,0.0933,0.0996,0.0063
9958,1000.2,423.8,89.7332,89.7395,89.6402,0.0930,0.0993,0.0063
9959,1000.6,434.9,89.7395,89.7457,89.6472,0.0923,0.0985,0.0063
9960,999.2,420.4,89.7457,89.7520,89.6537,0.0920,0.0983,0.0063
9961,999.8,428.1,89.7520,89.7583,89.6603,0.0917,0.0980,0.0063
9962,1225.6,281.7,89.7583,89.7646,89.6668,0.0915,0.0977,0.0063
9963,775.3,436.4,89.7646,89.7708,89.6739,0.0907,0.0969,0.0063
9964,1002.3,445.1,89.7708,89.7771,89.6805,0.0903,0.0966,0.0063
9965,997.7,472.8,89.7771,89.7834,89.6870,0.0901,0.0964,0.0063
9966,1008.2,430.4,89.7834,89.7897,89.6933,0.0901,0.0964,0.0063
9967,1010.9,430.8,89.7897,89.7959,89.6998,0.0898,0.0961,0.0063
9968,984.2,435.5,89.7959,89.8022,89.7058,0.0902,0.0964,0.0063
9969,996.4,401.6,89.8022,89.8085,89.7118,0.0904,0.0967,0.0063
9970,1004.5,407.1,89.8085,89.8148,89.7180,0.0905,0.0968,0.0063
9971,994.9,421.1,89.8148,89.8211,89.7246,0.0901,0.0964,0.0063
9972,999.7,404.0,89.8211,89.8273,89.7307,0.0903,0.0966,0.0063
9973,996.6,453.3,89.8273,89.8336,89.7369,0.0904,0.0967,0.0063
9974,1004.1,420.1,89.8336,89.8399,89.7431,0.0905,0.0968,0.0063
9975,1005.8,382.1,89.8399,89.8462,89.7499,0.0900,0.0963,0.0063
9976,1009.8,446.0,89.8462,89.8525,89.7564,0.0898,0.0960,0.0063
9977,1002.5,403.6,89.8525,89.8587,89.7632,0.0893,0.0956,0.0063
9978,952.1,416.4,89.8587,89.8650,89.7700,0.0887,0.0950,0.0063
9979,1040.7,426.1,89.8650,89.8713,89.7773,0.0877,0.0940,0.0063
9980,994.2,412.6,89.8713,89.8776,89.7839,0.0874,0.0936,0.0063
9981,998.0,400.5,89.8776,89.8839,89.7902,0.0874,0.0937,0.0063
9982,998.3,420.7,89.8839,89.8901,89.7963,0.0876,0.0938,0.0063
9983,999.8,411.3,89.8901,89.8964,89.8026,0.0876,0.0938,0.0063
9984,1000.0,403.9,89.8964,89.9027,89.8095,0.0869,0.0932,0.0063
9985,1000.1,417.7,89.9027,89.9090,89.8158,0.0869,0.0932,0.0063
9986,999.8,411.6,89.9090,89.9153,89.8218,0.0872,0.0935,0.0063
9987,1000.0,390.4,89.9153,89.9216,89.8278,0.0875,0.0937,0.0063
9988,1000.3,427.2,89.9216,89.9278,89.8332,0.0884,0.0947,0.0063
9989,999.5,417.9,89.9278,89.9341,89.8384,0.0894,0.0957,0.0063
9990,1002.1,432.0,89.9341,89.9404,89.8438,0.0903,0.0966,0.0063
9991,997.7,498.3,89.9404,89.9467,89.8499,0.0905,0.0968,0.0063
9992,991.9,645.2,89.9467,89.9530,89.8558,0.0909,0.0972,0.0063
9993,1048.0,431.6,89.9530,89.9592,89.8617,0.0912,0.0975,0.0063
9994,960.6,485.7,89.9592,89.9655,89.8676,0.0916,0.0979,0.0063
9995,1021.8,402.2,89.9655,89.9718,89.8737,0.0918,0.0981,0.0063
9996,976.2,430.9,89.9718,89.9781,89.8794,0.0924,0.0987,0.0063
9997,993.5,443.1,89.9781,89.9844,89.8854,0.0927,0.0990,0.0063
9998,1009.7,417.5,89.9844,89.9907,89.8914,0.0930,0.0993,0.0063
9999,1000.4,454.0,89.9907,89.9969,89.8979,0.0928,0.0990,0.0063
