cycle,cycle_dt_us,work_dt_us,q_ideal_deg,q_send_deg,q_meas_deg,error_deg,gap_deg,drift_deg
0,0.0,472.7,90.0516,90.0579,90.0516,0.0000,0.0063,0.0063
1,1057.2,368.4,90.0579,90.0642,90.0516,0.0063,0.0126,0.0063
2,1007.4,355.5,90.0642,90.0705,90.0516,0.0126,0.0188,0.0063
3,994.0,294.9,90.0705,90.0768,90.0516,0.0188,0.0251,0.0063
4,1000.6,305.6,90.0768,90.0830,90.0516,0.0251,0.0314,0.0063
5,3663.7,432.3,90.0830,90.0893,90.0516,0.0314,0.0377,0.0063
6,436.9,630.4,90.0893,90.0956,90.0516,0.0377,0.0440,0.0063
7,641.1,218.8,90.0956,90.1019,90.0516,0.0440,0.0503,0.0063
8,220.6,243.6,90.1019,90.1082,90.0516,0.0503,0.0565,0.0063
9,245.2,239.0,90.1082,90.1145,90.0516,0.0565,0.0628,0.0063
10,793.5,280.3,90.1145,90.1207,90.0516,0.0628,0.0691,0.0063
11,1496.0,333.6,90.1207,90.1270,90.0516,0.0691,0.0754,0.0063
12,506.1,299.0,90.1270,90.1333,90.0516,0.0754,0.0817,0.0063
13,1002.0,303.9,90.1333,90.1396,90.0516,0.0817,0.0880,0.0063
14,994.8,378.6,90.1396,90.1459,90.0516,0.0880,0.0942,0.0063
15,998.1,283.6,90.1459,90.1521,90.0516,0.0942,0.1005,0.0063
16,1003.0,287.4,90.1521,90.1584,90.0516,0.1005,0.1068,0.0063
17,998.0,330.6,90.1584,90.1647,90.0516,0.1068,0.1131,0.0063
18,998.1,331.1,90.1647,90.1710,90.0516,0.1131,0.1194,0.0063
19,1871.2,694.5,90.1710,90.1773,90.0516,0.1194,0.1257,0.0063
20,699.1,336.9,90.1773,90.1836,90.0516,0.1257,0.1319,0.0063
21,432.9,314.8,90.1836,90.1898,90.0516,0.1319,0.1382,0.0063
22,998.6,346.5,90.1898,90.1961,90.0516,0.1382,0.1445,0.0063
23,999.4,350.4,90.1961,90.2024,90.0516,0.1445,0.1508,0.0063
24,998.5,272.9,90.2024,90.2087,90.0516,0.1508,0.1571,0.0063
25,1000.1,305.0,90.2087,90.2150,90.0516,0.1571,0.1633,0.0063
26,1000.5,288.5,90.2150,90.2212,90.0516,0.1633,0.1696,0.0063
27,999.7,285.2,90.2212,90.2275,90.0516,0.1696,0.1759,0.0063
28,1003.0,827.7,90.2275,90.2338,90.0516,0.1759,0.1822,0.0063
29,1000.3,278.9,90.2338,90.2401,90.0516,0.1822,0.1885,0.0063
30,1002.4,376.4,90.2401,90.2464,90.0516,0.1885,0.1947,0.0063
31,997.9,288.9,90.2463,90.2526,90.0516,0.1947,0.2010,0.0063
32,1000.2,301.9,90.2526,90.2589,90.0516,0.2010,0.2073,0.0063
33,1375.4,470.5,90.2589,90.2652,90.0516,0.2073,0.2136,0.0063
34,625.5,305.2,90.2652,90.2715,90.0516,0.2136,0.2198,0.0063
35,1004.8,297.1,90.2715,90.2777,90.0516,0.2198,0.2261,0.0063
36,991.9,3543.2,90.2777,90.2840,90.0516,0.2261,0.2324,0.0063
37,3548.0,360.6,90.2840,90.2903,90.0516,0.2324,0.2387,0.0063
38,363.4,271.5,90.2903,90.2966,90.0516,0.2387,0.2449,0.0063
39,275.0,230.8,90.2966,90.3028,90.0516,0.2449,0.2512,0.0063
40,233.2,649.7,90.3028,90.3091,90.0516,0.2512,0.2575,0.0063
41,652.5,323.7,90.3091,90.3154,90.0516,0.2575,0.2638,0.0063
42,929.5,330.7,90.3154,90.3217,90.0516,0.2638,0.2701,0.0063
43,997.5,325.3,90.3217,90.3279,90.0516,0.2700,0.2763,0.0063
44,1000.0,318.0,90.3279,90.3342,90.0516,0.2763,0.2826,0.0063
45,999.6,309.8,90.3342,90.3405,90.0516,0.2826,0.2889,0.0063
46,1000.0,296.5,90.3405,90.3468,90.0516,0.2889,0.2951,0.0063
47,1000.7,303.2,90.3468,90.3530,90.0516,0.2951,0.3014,0.0063
48,999.7,281.0,90.3530,90.3593,90.0516,0.3014,0.3077,0.0063
49,1000.4,314.8,90.3593,90.3656,90.0516,0.3077,0.3140,0.0063
50,2378.0,826.8,90.3656,90.3719,90.0516,0.3140,0.3202,0.0063
51,831.1,532.1,90.3718,90.3781,90.0516,0.3202,0.3265,0.0063
52,535.6,238.3,90.3781,90.3844,90.0516,0.3265,0.3328,0.0063
53,240.6,256.8,90.3844,90.3907,90.0516,0.3328,0.3390,0.0063
54,1024.2,301.2,90.3907,90.3969,90.0516,0.3390,0.3453,0.0063
55,992.2,329.1,90.3969,90.4032,90.0516,0.3453,0.3516,0.0063
56,1010.2,317.2,90.4032,90.4095,90.0516,0.3516,0.3578,0.0063
57,999.0,342.1,90.4095,90.4157,90.0516,0.3578,0.3641,0.0063
58,999.9,310.1,90.4157,90.4220,90.0516,0.3641,0.3704,0.0063
59,1000.6,302.8,90.4220,90.4283,90.0516,0.3704,0.3766,0.0063
60,999.7,323.2,90.4283,90.4345,90.0516,0.3766,0.3829,0.0063
61,1013.1,332.7,90.4345,90.4408,90.0516,0.3829,0.3892,0.0063
62,977.7,297.9,90.4408,90.4471,90.0516,0.3892,0.3954,0.0063
63,1035.2,325.8,90.4470,90.4533,90.0516,0.3954,0.4017,0.0063
64,965.2,306.0,90.4533,90.4596,90.0516,0.4017,0.4080,0.0063
65,1004.5,341.9,90.4596,90.4658,90.0516,0.4080,0.4142,0.0063
66,994.4,307.3,90.4658,90.4721,90.0516,0.4142,0.4205,0.0063
67,999.1,362.4,90.4721,90.4784,90.0516,0.4205,0.4267,0.0063
68,1000.0,383.9,90.4784,90.4846,90.0516,0.4267,0.4330,0.0063
69,1001.0,609.6,90.4846,90.4909,90.0516,0.4330,0.4393,0.0063
70,1004.6,354.5,90.4909,90.4971,90.0516,0.4393,0.4455,0.0063
71,1002.8,341.2,90.4971,90.5034,90.0516,0.4455,0.4518,0.0063
72,993.6,343.4,90.5034,90.5097,90.0516,0.4518,0.4580,0.0063
73,998.2,321.9,90.5096,90.5159,90.0516,0.4580,0.4643,0.0063
74,1000.1,284.9,90.5159,90.5222,90.0516,0.4643,0.4706,0.0063
75,999.0,348.8,90.5222,90.5284,90.0516,0.4705,0.4768,0.0063
76,1000.3,344.0,90.5284,90.5347,90.0516,0.4768,0.4831,0.0063
77,999.7,358.5,90.5347,90.5409,90.0516,0.4831,0.4893,0.0063
78,999.9,346.9,90.5409,90.5472,90.0516,0.4893,0.4956,0.0063
79,1000.4,300.1,90.5472,90.5534,90.0516,0.4956,0.5018,0.0063
80,999.7,287.8,90.5534,90.5597,90.0516,0.5018,0.5081,0.0063
81,1000.1,298.4,90.5597,90.5659,90.0516,0.5081,0.5143,0.0063
82,999.0,343.3,90.5659,90.5722,90.0516,0.5143,0.5206,0.0063
83,1000.7,290.6,90.5722,90.5784,90.0516,0.5206,0.5268,0.0063
84,999.7,335.1,90.5784,90.5847,90.0516,0.5268,0.5331,0.0063
85,999.7,299.6,90.5847,90.5909,90.0516,0.5331,0.5393,0.0063
86,1002.5,313.9,90.5909,90.5972,90.0516,0.5393,0.5456,0.0063
87,1001.4,353.9,90.5972,90.6034,90.0516,0.5455,0.5518,0.0063
88,1008.1,332.6,90.6034,90.6097,90.0516,0.5518,0.5581,0.0063
89,1008.1,336.0,90.6097,90.6159,90.0516,0.5580,0.5643,0.0063
90,988.3,331.8,90.6159,90.6222,90.0516,0.5643,0.5705,0.0063
91,996.3,288.1,90.6221,90.6284,90.0516,0.5705,0.5768,0.0063
92,997.8,307.0,90.6284,90.6346,90.0516,0.5768,0.5830,0.0063
93,999.7,329.1,90.6346,90.6409,90.0516,0.5830,0.5893,0.0063
94,998.4,374.3,90.6409,90.6471,90.0516,0.5892,0.5955,0.0063
95,1001.2,344.8,90.6471,90.6534,90.0516,0.5955,0.6017,0.0063
96,1000.8,334.1,90.6533,90.6596,90.0516,0.6017,0.6080,0.0063
97,998.1,334.9,90.6596,90.6658,90.0516,0.6080,0.6142,0.0063
98,1000.2,297.6,90.6658,90.6721,90.0516,0.6142,0.6205,0.0063
99,1014.9,332.0,90.6721,90.6783,90.0516,0.6204,0.6267,0.0063
100,998.5,342.3,90.6783,90.6845,90.0516,0.6267,0.6329,0.0063
101,1000.2,373.4,90.6845,90.6908,90.0516,0.6329,0.6392,0.0063
102,997.9,375.2,90.6908,90.6970,90.0516,0.6391,0.6454,0.0063
103,1005.4,400.5,90.6970,90.7032,90.0530,0.6440,0.6502,0.0063
104,1016.4,381.5,90.7032,90.7095,90.0653,0.6379,0.6442,0.0063
105,977.3,340.1,90.7094,90.7157,90.0943,0.6152,0.6214,0.0063
106,1008.7,350.8,90.7157,90.7219,90.1348,0.5808,0.5871,0.0063
107,996.5,384.4,90.7219,90.7282,90.1811,0.5408,0.5470,0.0063
108,996.4,344.5,90.7281,90.7344,90.2230,0.5051,0.5113,0.0063
109,1000.8,424.0,90.7343,90.7406,90.2574,0.4770,0.4832,0.0063
110,999.8,419.9,90.7406,90.7468,90.2814,0.4592,0.4655,0.0063
111,999.5,363.3,90.7468,90.7530,90.3024,0.4444,0.4506,0.0063
112,998.4,382.2,90.7530,90.7593,90.3235,0.4295,0.4357,0.0063
113,1000.3,383.0,90.7592,90.7655,90.3461,0.4132,0.4194,0.0063
114,1000.5,356.3,90.7655,90.7717,90.3710,0.3944,0.4007,0.0063
115,1001.2,438.0,90.7717,90.7779,90.3939,0.3778,0.3841,0.0063
116,1000.5,333.4,90.7779,90.7841,90.4158,0.3621,0.3684,0.0062
117,998.9,378.3,90.7841,90.7904,90.4364,0.3477,0.3539,0.0062
118,1000.8,432.0,90.7903,90.7966,90.4571,0.3332,0.3395,0.0062
119,999.5,423.2,90.7965,90.8028,90.4751,0.3215,0.3277,0.0062
120,1008.6,392.8,90.8027,90.8090,90.4919,0.3108,0.3171,0.0062
121,991.9,342.5,90.8090,90.8152,90.5091,0.2998,0.3061,0.0062
122,1002.2,406.2,90.8152,90.8214,90.5091,0.3060,0.3123,0.0062
123,1002.5,353.5,90.8214,90.8276,90.5248,0.2966,0.3028,0.0062
124,1022.7,350.8,90.8276,90.8338,90.5401,0.2875,0.2937,0.0062
125,986.6,459.7,90.8338,90.8400,90.5719,0.2619,0.2682,0.0062
126,991.0,378.8,90.8400,90.8462,90.5719,0.2681,0.2744,0.0062
127,997.5,403.1,90.8462,90.8524,90.5873,0.2589,0.2651,0.0062
128,997.9,392.7,90.8524,90.8586,90.6026,0.2498,0.2561,0.0062
129,1006.2,401.1,90.8586,90.8648,90.6173,0.2413,0.2476,0.0062
130,991.5,346.9,90.8648,90.8710,90.6325,0.2323,0.2385,0.0062
131,1002.4,360.1,90.8710,90.8772,90.6463,0.2247,0.2309,0.0062
132,995.7,370.0,90.8772,90.8834,90.6598,0.2174,0.2237,0.0062
133,1001.2,336.3,90.8834,90.8896,90.6731,0.2103,0.2165,0.0062
134,1009.3,373.5,90.8896,90.8958,90.6874,0.2022,0.2085,0.0062
135,992.1,342.4,90.8958,90.9020,90.7003,0.1954,0.2017,0.0062
136,1002.2,330.9,90.9020,90.9082,90.7129,0.1890,0.1953,0.0062
137,991.6,364.6,90.9082,90.9144,90.7250,0.1832,0.1894,0.0062
138,1000.1,323.3,90.9144,90.9206,90.7372,0.1772,0.1834,0.0062
139,1238.4,358.2,90.9205,90.9268,90.7575,0.1631,0.1693,0.0062
140,779.4,394.5,90.9267,90.9330,90.7575,0.1693,0.1755,0.0062
141,990.6,322.6,90.9329,90.9392,90.7668,0.1661,0.1724,0.0062
142,997.8,403.0,90.9391,90.9453,90.7766,0.1625,0.1687,0.0062
143,1015.4,433.0,90.9453,90.9515,90.7858,0.1595,0.1658,0.0062
144,989.0,386.6,90.9515,90.9577,90.7947,0.1567,0.1630,0.0062
145,1000.8,414.4,90.9576,90.9639,90.8037,0.1540,0.1602,0.0062
146,1009.7,418.9,90.9638,90.9701,90.8133,0.1505,0.1567,0.0062
147,988.7,357.5,90.9700,90.9762,90.8222,0.1478,0.1541,0.0062
148,997.1,344.6,90.9762,90.9824,90.8309,0.1452,0.1515,0.0062
149,1004.8,345.8,90.9824,90.9886,90.8396,0.1428,0.1490,0.0062
150,998.0,333.8,90.9885,90.9948,90.8487,0.1398,0.1460,0.0062
151,996.7,318.2,90.9947,91.0009,90.8573,0.1374,0.1436,0.0062
152,998.5,384.7,91.0009,91.0071,90.8659,0.1349,0.1412,0.0062
153,1002.6,366.3,91.0070,91.0133,90.8743,0.1327,0.1389,0.0062
154,997.9,307.6,91.0132,91.0194,90.8831,0.1301,0.1363,0.0062
155,1006.6,380.9,91.0194,91.0256,90.8912,0.1282,0.1344,0.0062
156,994.7,322.4,91.0255,91.0318,90.8992,0.1263,0.1325,0.0062
157,1000.0,339.3,91.0317,91.0379,90.9075,0.1242,0.1304,0.0062
158,1000.3,321.6,91.0379,91.0441,90.9156,0.1223,0.1285,0.0062
159,1000.3,313.5,91.0440,91.0502,90.9245,0.1195,0.1258,0.0062
160,999.1,347.7,91.0502,91.0564,90.9326,0.1176,0.1238,0.0062
161,998.7,381.5,91.0563,91.0625,90.9407,0.1156,0.1218,0.0062
162,1001.3,342.5,91.0625,91.0687,90.9495,0.1130,0.1192,0.0062
163,999.5,314.7,91.0686,91.0749,90.9576,0.1111,0.1173,0.0062
164,1000.6,306.4,91.0748,91.0810,90.9655,0.1093,0.1155,0.0062
165,1000.0,315.1,91.0809,91.0871,90.9734,0.1075,0.1137,0.0062
166,1001.6,332.7,91.0871,91.0933,90.9819,0.1052,0.1114,0.0062
167,1001.6,398.5,91.0932,91.0994,90.9897,0.1035,0.1097,0.0062
168,998.3,347.6,91.0994,91.1056,90.9973,0.1020,0.1082,0.0062
169,995.0,358.9,91.1055,91.1117,91.0047,0.1009,0.1071,0.0062
170,999.8,370.7,91.1117,91.1179,91.0122,0.0995,0.1057,0.0062
171,1004.4,378.6,91.1178,91.1240,91.0190,0.0988,0.1050,0.0062
172,1001.1,411.8,91.1239,91.1301,91.0257,0.0982,0.1044,0.0062
173,1002.0,402.1,91.1301,91.1363,91.0326,0.0975,0.1037,0.0062
174,1002.8,344.2,91.1362,91.1424,91.0393,0.0969,0.1031,0.0062
175,994.4,348.3,91.1423,91.1485,91.0465,0.0959,0.1021,0.0062
176,1000.3,406.3,91.1485,91.1547,91.0529,0.0955,0.1017,0.0062
177,998.7,341.8,91.1546,91.1608,91.0593,0.0953,0.1015,0.0062
178,1017.9,407.2,91.1607,91.1669,91.0659,0.0948,0.1010,0.0062
179,984.2,336.0,91.1669,91.1731,91.0732,0.0937,0.0999,0.0062
180,1000.8,375.5,91.1730,91.1792,91.0798,0.0932,0.0994,0.0062
181,996.8,376.2,91.1791,91.1853,91.0864,0.0927,0.0989,0.0062
182,999.5,365.7,91.1852,91.1914,91.0929,0.0923,0.0985,0.0062
183,999.9,371.9,91.1913,91.1975,91.1000,0.0913,0.0975,0.0062
184,998.8,349.9,91.1975,91.2037,91.1066,0.0909,0.0971,0.0062
185,999.3,333.4,91.2036,91.2098,91.1132,0.0903,0.0965,0.0062
186,1000.1,342.3,91.2097,91.2159,91.1198,0.0899,0.0961,0.0062
187,999.6,414.1,91.2158,91.2220,91.1264,0.0894,0.0956,0.0062
188,1010.8,357.9,91.2219,91.2281,91.1333,0.0886,0.0948,0.0062
189,1001.5,343.3,91.2280,91.2342,91.1396,0.0884,0.0946,0.0062
190,989.5,361.1,91.2341,91.2403,91.1458,0.0883,0.0945,0.0062
191,1000.6,388.2,91.2402,91.2464,91.1524,0.0879,0.0941,0.0062
192,998.5,351.2,91.2463,91.2525,91.1586,0.0877,0.0939,0.0062
193,1001.7,394.5,91.2524,91.2586,91.1648,0.0876,0.0938,0.0062
194,999.4,622.1,91.2585,91.2647,91.1712,0.0873,0.0935,0.0062
195,1001.8,389.6,91.2646,91.2708,91.1783,0.0863,0.0925,0.0062
196,1011.1,426.6,91.2707,91.2769,91.1850,0.0858,0.0919,0.0062
197,987.6,374.3,91.2768,91.2830,91.1917,0.0851,0.0913,0.0062
198,1002.5,346.6,91.2829,91.2891,91.1983,0.0846,0.0908,0.0062
199,998.2,374.6,91.2890,91.2952,91.2056,0.0834,0.0896,0.0062
200,999.8,332.4,91.2951,91.3013,91.2123,0.0828,0.0889,0.0062
201,1001.1,369.1,91.3012,91.3073,91.2190,0.0822,0.0884,0.0062
202,998.5,370.4,91.3072,91.3134,91.2255,0.0817,0.0879,0.0062
203,999.4,335.4,91.3133,91.3195,91.2319,0.0814,0.0876,0.0062
204,999.9,302.8,91.3194,91.3256,91.2386,0.0807,0.0869,0.0062
205,1005.0,335.4,91.3255,91.3317,91.2450,0.0805,0.0867,0.0062
206,998.7,315.8,91.3315,91.3377,91.2512,0.0803,0.0865,0.0062
207,997.8,309.7,91.3376,91.3438,91.2580,0.0796,0.0858,0.0062
208,999.9,356.1,91.3437,91.3499,91.2640,0.0796,0.0858,0.0062
209,1002.7,359.3,91.3498,91.3559,91.2699,0.0798,0.0860,0.0062
210,997.9,429.4,91.3558,91.3620,91.2757,0.0801,0.0863,0.0062
211,1000.2,440.9,91.3619,91.3681,91.2820,0.0799,0.0860,0.0062
212,1000.1,387.1,91.3680,91.3741,91.2879,0.0800,0.0862,0.0062
213,1021.4,408.2,91.3740,91.3802,91.2939,0.0801,0.0863,0.0062
214,985.2,352.8,91.3801,91.3862,91.2999,0.0802,0.0863,0.0062
215,1002.3,367.5,91.3861,91.3923,91.3063,0.0798,0.0860,0.0062
216,982.9,319.7,91.3922,91.3984,91.3122,0.0800,0.0862,0.0062
217,997.0,334.4,91.3982,91.4044,91.3181,0.0802,0.0863,0.0062
218,999.8,352.5,91.4043,91.4105,91.3239,0.0804,0.0866,0.0062
219,1000.9,352.1,91.4103,91.4165,91.3303,0.0800,0.0862,0.0062
220,1015.8,370.1,91.4164,91.4225,91.3364,0.0800,0.0862,0.0062
221,986.1,312.0,91.4224,91.4286,91.3425,0.0799,0.0861,0.0062
222,997.3,298.8,91.4285,91.4346,91.3485,0.0799,0.0861,0.0062
223,999.8,295.6,91.4345,91.4407,91.3547,0.0798,0.0860,0.0062
224,1008.9,354.3,91.4405,91.4467,91.3603,0.0802,0.0864,0.0062
225,998.7,375.4,91.4466,91.4527,91.3659,0.0807,0.0868,0.0062
226,1001.4,348.9,91.4526,91.4588,91.3717,0.0809,0.0871,0.0062
227,999.7,362.3,91.4586,91.4648,91.3781,0.0806,0.0867,0.0062
228,1000.2,342.9,91.4647,91.4708,91.3839,0.0808,0.0870,0.0062
229,999.8,346.4,91.4707,91.4768,91.3896,0.0811,0.0873,0.0062
230,1000.2,354.5,91.4767,91.4829,91.3951,0.0816,0.0877,0.0062
231,1001.4,381.8,91.4827,91.4889,91.4009,0.0819,0.0880,0.0062
232,1005.2,345.2,91.4888,91.4949,91.4062,0.0826,0.0887,0.0062
233,1029.4,387.8,91.4948,91.5009,91.4115,0.0833,0.0894,0.0061
234,975.7,394.6,91.5008,91.5069,91.4170,0.0837,0.0899,0.0061
235,1013.1,365.0,91.5068,91.5129,91.4231,0.0837,0.0898,0.0061
236,978.9,343.7,91.5128,91.5190,91.4289,0.0839,0.0901,0.0061
237,997.8,359.7,91.5188,91.5250,91.4346,0.0842,0.0904,0.0061
238,1015.1,378.5,91.5248,91.5310,91.4402,0.0846,0.0908,0.0061
239,993.5,375.0,91.5308,91.5370,91.4463,0.0846,0.0907,0.0061
240,996.7,384.1,91.5368,91.5430,91.4520,0.0848,0.0910,0.0061
241,995.5,339.3,91.5428,91.5490,91.4579,0.0849,0.0910,0.0061
242,1000.0,346.7,91.5488,91.5550,91.4640,0.0848,0.0910,0.0061
243,997.7,424.5,91.5548,91.5610,91.4706,0.0842,0.0903,0.0061
244,1001.1,413.1,91.5608,91.5669,91.4768,0.0840,0.0901,0.0061
245,997.7,372.6,91.5668,91.5729,91.4830,0.0837,0.0899,0.0061
246,1000.8,368.6,91.5728,91.5789,91.4897,0.0831,0.0892,0.0061
247,998.0,318.5,91.5788,91.5849,91.4959,0.0829,0.0890,0.0061
248,1001.2,295.2,91.5847,91.5909,91.5021,0.0827,0.0888,0.0061
249,999.4,296.5,91.5907,91.5969,91.5083,0.0824,0.0885,0.0061
250,1002.2,363.6,91.5967,91.6028,91.5146,0.0821,0.0882,0.0061
251,998.5,346.2,91.6027,91.6088,91.5213,0.0814,0.0876,0.0061
252,1001.8,375.9,91.6087,91.6148,91.5271,0.0815,0.0876,0.0061
253,1009.9,770.5,91.6146,91.6207,91.5392,0.0754,0.0815,0.0061
254,994.2,329.7,91.6206,91.6267,91.5392,0.0813,0.0875,0.0061
255,998.4,361.2,91.6266,91.6327,91.5452,0.0814,0.0875,0.0061
256,998.7,327.5,91.6325,91.6386,91.5512,0.0813,0.0874,0.0061
257,1001.4,336.0,91.6385,91.6446,91.5574,0.0810,0.0871,0.0061
258,1007.0,412.7,91.6444,91.6506,91.5640,0.0804,0.0866,0.0061
259,998.4,407.2,91.6504,91.6565,91.5699,0.0805,0.0866,0.0061
260,992.7,365.5,91.6563,91.6625,91.5759,0.0804,0.0865,0.0061
261,1020.4,378.8,91.6623,91.6684,91.5820,0.0803,0.0864,0.0061
262,979.6,337.6,91.6682,91.6743,91.5888,0.0794,0.0855,0.0061
263,1008.0,370.8,91.6742,91.6803,91.5955,0.0787,0.0848,0.0061
264,991.1,364.5,91.6801,91.6862,91.6023,0.0778,0.0839,0.0061
265,1001.8,377.7,91.6861,91.6922,91.6104,0.0756,0.0817,0.0061
266,998.4,387.7,91.6920,91.6981,91.6169,0.0751,0.0812,0.0061
267,999.9,501.4,91.6979,91.7040,91.6232,0.0747,0.0808,0.0061
268,998.2,463.4,91.7039,91.7100,91.6295,0.0744,0.0805,0.0061
269,999.7,398.1,91.7098,91.7159,91.6362,0.0736,0.0797,0.0061
270,1000.5,390.6,91.7157,91.7218,91.6412,0.0745,0.0806,0.0061
271,1003.2,374.7,91.7216,91.7277,91.6481,0.0735,0.0797,0.0061
272,997.4,324.8,91.7276,91.7337,91.6540,0.0736,0.0797,0.0061
273,998.7,350.2,91.7335,91.7396,91.6599,0.0736,0.0797,0.0061
274,1020.9,393.3,91.7394,91.7455,91.6650,0.0744,0.0804,0.0061
275,990.8,377.7,91.7453,91.7514,91.6702,0.0751,0.0812,0.0061
276,994.8,366.6,91.7512,91.7573,91.6753,0.0759,0.0820,0.0061
277,996.6,416.0,91.7571,91.7632,91.6811,0.0760,0.0821,0.0061
278,998.0,348.1,91.7630,91.7691,91.6866,0.0765,0.0825,0.0061
279,1014.6,359.4,91.7689,91.7750,91.6921,0.0769,0.0829,0.0061
280,987.5,339.0,91.7748,91.7809,91.6974,0.0774,0.0835,0.0061
281,1000.3,362.8,91.7807,91.7868,91.6974,0.0833,0.0894,0.0061
282,998.2,360.6,91.7866,91.7927,91.7031,0.0835,0.0896,0.0061
283,1004.5,378.4,91.7925,91.7986,91.7084,0.0841,0.0902,0.0061
284,995.0,365.0,91.7984,91.8045,91.7138,0.0846,0.0907,0.0061
285,998.9,320.4,91.8043,91.8104,91.7199,0.0844,0.0905,0.0061
286,1002.1,316.1,91.8102,91.8163,91.7257,0.0845,0.0905,0.0061
287,1006.2,369.1,91.8161,91.8221,91.7315,0.0845,0.0906,0.0061
288,996.6,347.5,91.8219,91.8280,91.7373,0.0846,0.0907,0.0061
289,1222.8,358.4,91.8278,91.8339,91.7491,0.0787,0.0848,0.0061
290,782.1,352.5,91.8337,91.8398,91.7491,0.0846,0.0907,0.0061
291,1008.2,368.5,91.8395,91.8456,91.7548,0.0848,0.0909,0.0061
292,1000.1,383.6,91.8454,91.8515,91.7605,0.0849,0.0910,0.0061
293,990.9,358.4,91.8513,91.8574,91.7667,0.0846,0.0907,0.0061
294,993.0,363.5,91.8571,91.8632,91.7725,0.0847,0.0907,0.0061
295,1004.3,339.3,91.8630,91.8691,91.7782,0.0848,0.0909,0.0061
296,1360.9,543.1,91.8689,91.8749,91.7897,0.0791,0.0852,0.0061
297,643.4,363.3,91.8747,91.8808,91.7897,0.0850,0.0910,0.0061
298,995.4,378.1,91.8806,91.8866,91.7953,0.0852,0.0913,0.0061
299,996.2,337.6,91.8864,91.8925,91.8010,0.0854,0.0914,0.0061
300,1001.2,375.2,91.8922,91.8983,91.8070,0.0853,0.0913,0.0061
301,997.2,409.2,91.8981,91.9041,91.8134,0.0847,0.0907,0.0061
302,999.1,430.8,91.9039,91.9100,91.8192,0.0847,0.0908,0.0061
303,1001.0,357.6,91.9098,91.9158,91.8250,0.0848,0.0908,0.0061
304,1000.6,347.3,91.9156,91.9216,91.8307,0.0848,0.0909,0.0061
305,999.5,387.9,91.9214,91.9275,91.8371,0.0843,0.0904,0.0061
306,999.0,393.8,91.9272,91.9333,91.8431,0.0841,0.0902,0.0061
307,1001.0,379.2,91.9331,91.9391,91.8494,0.0836,0.0897,0.0061
308,1001.8,380.3,91.9389,91.9449,91.8558,0.0831,0.0891,0.0061
309,998.6,371.7,91.9447,91.9508,91.8627,0.0820,0.0881,0.0060
310,1001.5,317.6,91.9505,91.9566,91.8690,0.0815,0.0876,0.0060
311,999.5,351.7,91.9563,91.9624,91.8752,0.0811,0.0872,0.0060
312,1024.1,350.7,91.9621,91.9682,91.8815,0.0806,0.0867,0.0060
313,984.0,361.2,91.9679,91.9740,91.8883,0.0796,0.0857,0.0060
314,1009.3,380.6,91.9737,91.9798,91.8947,0.0790,0.0851,0.0060
315,986.8,359.1,91.9795,91.9856,91.9011,0.0784,0.0845,0.0060
316,995.6,360.7,91.9853,91.9914,91.9072,0.0781,0.0842,0.0060
317,1007.2,413.1,91.9911,91.9972,91.9134,0.0778,0.0838,0.0060
318,1002.0,400.5,91.9969,92.0030,91.9191,0.0778,0.0839,0.0060
319,995.8,397.6,92.0027,92.0087,91.9247,0.0780,0.0840,0.0060
320,996.3,430.2,92.0085,92.0145,91.9303,0.0782,0.0843,0.0060
321,1001.2,420.8,92.0143,92.0203,91.9363,0.0780,0.0840,0.0060
322,998.5,364.4,92.0200,92.0261,91.9418,0.0782,0.0842,0.0060
323,999.9,429.3,92.0258,92.0318,91.9473,0.0785,0.0845,0.0060
324,999.0,405.8,92.0316,92.0376,91.9527,0.0789,0.0849,0.0060
325,999.0,365.2,92.0374,92.0434,91.9586,0.0787,0.0848,0.0060
326,1000.6,340.5,92.0431,92.0491,91.9642,0.0790,0.0850,0.0060
327,1003.8,365.2,92.0489,92.0549,91.9696,0.0793,0.0853,0.0060
328,999.8,385.4,92.0546,92.0607,91.9751,0.0796,0.0856,0.0060
329,998.3,362.2,92.0604,92.0664,91.9810,0.0794,0.0855,0.0060
330,998.9,331.1,92.0662,92.0722,91.9864,0.0797,0.0858,0.0060
331,1004.4,315.4,92.0719,92.0779,91.9919,0.0800,0.0861,0.0060
332,1006.1,355.9,92.0776,92.0837,91.9973,0.0804,0.0864,0.0060
333,984.7,345.5,92.0834,92.0894,92.0031,0.0803,0.0863,0.0060
334,1007.2,342.5,92.0891,92.0951,92.0086,0.0805,0.0865,0.0060
335,1014.3,373.7,92.0949,92.1009,92.0142,0.0807,0.0867,0.0060
336,986.0,340.6,92.1006,92.1066,92.0197,0.0809,0.0869,0.0060
337,1009.2,379.9,92.1063,92.1123,92.0254,0.0809,0.0870,0.0060
338,999.7,377.9,92.1121,92.1181,92.0306,0.0814,0.0874,0.0060
339,1299.1,556.7,92.1178,92.1238,92.0405,0.0772,0.0832,0.0060
340,687.9,337.5,92.1235,92.1295,92.0405,0.0830,0.0890,0.0060
341,1004.2,362.9,92.1292,92.1352,92.0459,0.0833,0.0893,0.0060
342,1024.1,406.4,92.1349,92.1409,92.0512,0.0838,0.0898,0.0060
343,940.0,372.1,92.1406,92.1466,92.0566,0.0841,0.0901,0.0060
344,1030.0,399.9,92.1463,92.1523,92.0620,0.0844,0.0904,0.0060
345,999.3,350.0,92.1520,92.1580,92.0673,0.0848,0.0907,0.0060
346,999.8,360.4,92.1577,92.1637,92.0732,0.0846,0.0906,0.0060
347,999.6,377.6,92.1634,92.1694,92.0788,0.0846,0.0906,0.0060
348,1000.0,361.2,92.1691,92.1751,92.0844,0.0847,0.0907,0.0060
349,1001.1,304.5,92.1748,92.1808,92.0906,0.0842,0.0902,0.0060
350,1001.8,327.0,92.1805,92.1865,92.0967,0.0838,0.0898,0.0060
351,1019.1,377.7,92.1862,92.1922,92.1028,0.0834,0.0893,0.0060
352,988.7,399.4,92.1919,92.1979,92.1091,0.0828,0.0888,0.0060
353,994.5,356.8,92.1976,92.2035,92.1158,0.0818,0.0877,0.0060
354,1001.4,322.3,92.2032,92.2092,92.1220,0.0812,0.0872,0.0060
355,997.7,352.6,92.2089,92.2149,92.1282,0.0807,0.0867,0.0060
356,1004.8,370.0,92.2146,92.2205,92.1343,0.0802,0.0862,0.0060
357,1002.4,356.5,92.2202,92.2262,92.1410,0.0792,0.0852,0.0060
358,999.1,349.3,92.2259,92.2319,92.1475,0.0784,0.0844,0.0060
359,998.6,346.2,92.2315,92.2375,92.1539,0.0777,0.0837,0.0060
360,995.6,312.4,92.2372,92.2432,92.1601,0.0771,0.0831,0.0060
361,999.4,449.2,92.2428,92.2488,92.1667,0.0761,0.0821,0.0060
362,998.4,326.7,92.2485,92.2545,92.1728,0.0757,0.0817,0.0060
363,1000.3,352.6,92.2541,92.2601,92.1788,0.0754,0.0813,0.0060
364,1001.7,348.4,92.2598,92.2657,92.1849,0.0749,0.0808,0.0060
365,1001.2,407.3,92.2654,92.2714,92.1916,0.0738,0.0797,0.0060
366,1000.0,334.4,92.2710,92.2770,92.1979,0.0731,0.0791,0.0060
367,995.3,354.5,92.2767,92.2826,92.2041,0.0726,0.0785,0.0060
368,1002.1,390.1,92.2823,92.2883,92.2102,0.0721,0.0780,0.0060
369,1000.0,417.8,92.2879,92.2939,92.2166,0.0713,0.0773,0.0060
370,997.8,360.1,92.2935,92.2995,92.2226,0.0710,0.0769,0.0059
371,1008.7,377.3,92.2992,92.3051,92.2284,0.0708,0.0767,0.0059
372,997.9,364.9,92.3048,92.3107,92.2341,0.0706,0.0766,0.0059
373,1003.2,343.9,92.3104,92.3163,92.2403,0.0701,0.0760,0.0059
374,985.6,332.1,92.3160,92.3219,92.2458,0.0702,0.0761,0.0059
375,999.8,463.1,92.3216,92.3275,92.2511,0.0705,0.0764,0.0059
376,1001.1,350.6,92.3272,92.3331,92.2562,0.0710,0.0770,0.0059
377,1007.8,340.3,92.3328,92.3387,92.2617,0.0711,0.0770,0.0059
378,992.2,393.9,92.3384,92.3443,92.2668,0.0716,0.0775,0.0059
379,1017.6,404.2,92.3439,92.3499,92.2718,0.0721,0.0781,0.0059
380,990.9,420.2,92.3495,92.3555,92.2766,0.0729,0.0788,0.0059
381,1004.8,330.8,92.3551,92.3610,92.2817,0.0734,0.0794,0.0059
382,1001.6,453.2,92.3607,92.3666,92.2861,0.0745,0.0805,0.0059
383,997.9,374.9,92.3662,92.3722,92.2906,0.0756,0.0816,0.0059
384,999.1,317.3,92.3718,92.3777,92.2951,0.0767,0.0826,0.0059
385,997.1,358.9,92.3774,92.3833,92.3000,0.0773,0.0833,0.0059
386,1005.8,389.6,92.3829,92.3889,92.3047,0.0783,0.0842,0.0059
387,999.6,369.4,92.3885,92.3944,92.3094,0.0791,0.0850,0.0059
388,1002.3,407.6,92.3940,92.4000,92.3142,0.0799,0.0858,0.0059
389,993.5,338.0,92.3996,92.4055,92.3193,0.0803,0.0862,0.0059
390,998.8,336.5,92.4051,92.4111,92.3241,0.0811,0.0870,0.0059
391,996.0,335.3,92.4107,92.4166,92.3288,0.0819,0.0878,0.0059
392,999.7,336.7,92.4162,92.4221,92.3335,0.0827,0.0886,0.0059
393,1003.8,372.7,92.4218,92.4277,92.3386,0.0831,0.0890,0.0059
394,999.2,359.3,92.4273,92.4332,92.3436,0.0836,0.0895,0.0059
395,1002.0,347.7,92.4328,92.4387,92.3489,0.0839,0.0898,0.0059
396,996.8,306.9,92.4383,92.4442,92.3544,0.0839,0.0898,0.0059
397,1001.5,332.8,92.4439,92.4498,92.3605,0.0834,0.0893,0.0059
398,999.5,324.1,92.4494,92.4553,92.3661,0.0832,0.0891,0.0059
399,1000.0,300.3,92.4549,92.4608,92.3718,0.0831,0.0890,0.0059
400,999.8,332.1,92.4604,92.4663,92.3775,0.0829,0.0888,0.0059
401,1002.0,363.9,92.4659,92.4718,92.3836,0.0822,0.0881,0.0059
402,1001.7,339.3,92.4714,92.4773,92.3896,0.0818,0.0877,0.0059
403,999.0,333.0,92.4769,92.4828,92.3956,0.0813,0.0872,0.0059
404,1009.7,416.2,92.4824,92.4883,92.4015,0.0809,0.0867,0.0059
405,991.7,343.7,92.4879,92.4938,92.4079,0.0800,0.0859,0.0059
406,1018.5,365.9,92.4934,92.4992,92.4136,0.0797,0.0856,0.0059
407,986.3,400.0,92.4988,92.5047,92.4193,0.0795,0.0854,0.0059
408,995.4,333.4,92.5043,92.5102,92.4249,0.0794,0.0853,0.0059
409,994.6,335.5,92.5098,92.5157,92.4311,0.0787,0.0846,0.0059
410,1000.7,353.2,92.5153,92.5211,92.4370,0.0783,0.0842,0.0059
411,998.6,327.8,92.5207,92.5266,92.4430,0.0777,0.0836,0.0059
412,1001.0,334.2,92.5262,92.5321,92.4491,0.0771,0.0829,0.0059
413,999.1,334.8,92.5316,92.5375,92.4557,0.0760,0.0819,0.0059
414,1000.2,336.5,92.5371,92.5430,92.4617,0.0754,0.0813,0.0059
415,1000.2,379.3,92.5425,92.5484,92.4678,0.0747,0.0806,0.0059
416,1000.7,724.5,92.5480,92.5539,92.4740,0.0740,0.0799,0.0059
417,1022.1,399.7,92.5534,92.5593,92.4807,0.0728,0.0786,0.0059
418,979.8,398.3,92.5589,92.5647,92.4868,0.0720,0.0779,0.0059
419,1010.5,410.4,92.5643,92.5702,92.4928,0.0715,0.0773,0.0059
420,993.2,384.1,92.5697,92.5756,92.4985,0.0712,0.0770,0.0059
421,1097.0,377.4,92.5752,92.5810,92.5102,0.0650,0.0708,0.0059
422,904.7,357.5,92.5806,92.5864,92.5102,0.0704,0.0762,0.0059
423,987.6,309.0,92.5860,92.5919,92.5158,0.0702,0.0761,0.0058
424,997.6,307.7,92.5914,92.5973,92.5211,0.0704,0.0762,0.0058
425,1000.6,375.8,92.5968,92.6027,92.5266,0.0702,0.0761,0.0058
426,1003.3,334.5,92.6022,92.6081,92.5315,0.0707,0.0766,0.0058
427,998.1,331.3,92.6076,92.6135,92.5368,0.0708,0.0767,0.0058
428,1009.2,333.8,92.6130,92.6189,92.5406,0.0725,0.0783,0.0058
429,997.1,341.2,92.6184,92.6243,92.5460,0.0725,0.0783,0.0058
430,999.8,374.6,92.6238,92.6297,92.5504,0.0734,0.0792,0.0058
431,997.9,320.4,92.6292,92.6350,92.5550,0.0742,0.0801,0.0058
432,1001.3,493.9,92.6346,92.6404,92.5595,0.0750,0.0809,0.0058
433,998.6,496.7,92.6400,92.6458,92.5647,0.0753,0.0811,0.0058
434,999.7,341.9,92.6453,92.6512,92.5696,0.0758,0.0816,0.0058
435,999.7,343.2,92.6507,92.6565,92.5744,0.0763,0.0821,0.0058
436,1004.5,328.3,92.6561,92.6619,92.5792,0.0769,0.0827,0.0058
437,997.0,320.2,92.6614,92.6673,92.5843,0.0771,0.0829,0.0058
438,1004.7,498.9,92.6668,92.6726,92.5892,0.0776,0.0834,0.0058
439,995.9,367.9,92.6721,92.6780,92.5943,0.0779,0.0837,0.0058
440,997.9,331.1,92.6775,92.6833,92.5995,0.0779,0.0838,0.0058
441,1013.8,351.6,92.6828,92.6887,92.6055,0.0774,0.0832,0.0058
442,998.9,381.0,92.6882,92.6940,92.6110,0.0772,0.0830,0.0058
443,983.8,357.8,92.6935,92.6993,92.6164,0.0771,0.0829,0.0058
444,1000.2,378.1,92.6988,92.7047,92.6216,0.0773,0.0831,0.0058
445,1007.3,378.3,92.7042,92.7100,92.6272,0.0769,0.0827,0.0058
446,1012.1,544.4,92.7095,92.7153,92.6326,0.0769,0.0827,0.0058
447,994.1,375.5,92.7148,92.7206,92.6326,0.0822,0.0880,0.0058
448,986.3,341.2,92.7201,92.7259,92.6381,0.0821,0.0878,0.0058
449,996.4,342.8,92.7254,92.7312,92.6437,0.0818,0.0876,0.0058
450,1038.9,638.8,92.7308,92.7365,92.6499,0.0809,0.0867,0.0058
451,970.8,360.0,92.7361,92.7418,92.6558,0.0803,0.0861,0.0058
452,997.7,336.2,92.7414,92.7471,92.6617,0.0797,0.0855,0.0058
453,998.2,325.1,92.7467,92.7524,92.6674,0.0792,0.0850,0.0058
454,983.2,335.5,92.7519,92.7577,92.6734,0.0785,0.0843,0.0058
455,1018.9,349.5,92.7572,92.7630,92.6790,0.0783,0.0840,0.0058
456,998.3,319.2,92.7625,92.7683,92.6846,0.0779,0.0837,0.0058
457,1004.8,371.9,92.7678,92.7736,92.6908,0.0769,0.0827,0.0058
458,997.5,356.0,92.7731,92.7788,92.6967,0.0764,0.0822,0.0058
459,1000.2,331.3,92.7783,92.7841,92.7025,0.0759,0.0816,0.0058
460,1004.0,365.6,92.7836,92.7894,92.7082,0.0754,0.0811,0.0058
461,990.5,326.7,92.7889,92.7946,92.7145,0.0744,0.0801,0.0058
462,998.5,342.6,92.7941,92.7999,92.7204,0.0737,0.0795,0.0058
463,1018.1,418.0,92.7994,92.8051,92.7262,0.0731,0.0789,0.0058
464,993.6,335.0,92.8046,92.8104,92.7320,0.0726,0.0784,0.0058
465,996.6,377.3,92.8098,92.8156,92.7382,0.0716,0.0774,0.0058
466,1005.3,357.8,92.8151,92.8208,92.7439,0.0712,0.0770,0.0058
467,993.8,342.9,92.8203,92.8261,92.7496,0.0707,0.0765,0.0058
468,1002.1,409.3,92.8256,92.8313,92.7552,0.0703,0.0761,0.0058
469,1002.4,393.4,92.8308,92.8365,92.7612,0.0696,0.0753,0.0058
470,996.6,363.1,92.8360,92.8417,92.7668,0.0692,0.0749,0.0058
471,996.4,349.2,92.8412,92.8470,92.7724,0.0688,0.0745,0.0057
472,1001.3,343.4,92.8464,92.8522,92.7779,0.0685,0.0742,0.0057
473,998.4,313.2,92.8516,92.8574,92.7836,0.0680,0.0738,0.0057
474,999.2,342.7,92.8568,92.8626,92.7886,0.0682,0.0740,0.0057
475,1000.3,349.3,92.8620,92.8678,92.7935,0.0686,0.0743,0.0057
476,1000.8,312.2,92.8672,92.8730,92.7982,0.0690,0.0748,0.0057
477,998.8,315.7,92.8724,92.8782,92.8034,0.0690,0.0748,0.0057
478,1004.0,320.6,92.8776,92.8833,92.8082,0.0694,0.0751,0.0057
479,999.4,319.8,92.8828,92.8885,92.8130,0.0698,0.0755,0.0057
480,1002.2,358.7,92.8880,92.8937,92.8177,0.0702,0.0760,0.0057
481,1001.2,344.5,92.8931,92.8989,92.8228,0.0703,0.0761,0.0057
482,1011.9,342.8,92.8983,92.9040,92.8274,0.0709,0.0766,0.0057
483,977.9,329.7,92.9035,92.9092,92.8320,0.0715,0.0772,0.0057
484,1024.7,370.0,92.9086,92.9143,92.8365,0.0721,0.0779,0.0057
485,993.3,353.2,92.9138,92.9195,92.8413,0.0724,0.0782,0.0057
486,987.3,326.2,92.9189,92.9246,92.8461,0.0728,0.0785,0.0057
487,1011.2,384.7,92.9241,92.9298,92.8510,0.0730,0.0788,0.0057
488,991.8,388.3,92.9292,92.9349,92.8560,0.0732,0.0789,0.0057
489,1005.7,367.4,92.9344,92.9401,92.8616,0.0728,0.0785,0.0057
490,995.7,365.9,92.9395,92.9452,92.8666,0.0729,0.0786,0.0057
491,999.3,369.4,92.9446,92.9503,92.8715,0.0731,0.0788,0.0057
492,997.8,348.7,92.9497,92.9554,92.8765,0.0732,0.0789,0.0057
493,999.5,348.7,92.9549,92.9606,92.8818,0.0730,0.0787,0.0057
494,1000.1,436.8,92.9600,92.9657,92.8868,0.0731,0.0788,0.0057
495,1000.0,367.4,92.9651,92.9708,92.8919,0.0732,0.0789,0.0057
496,1001.5,381.2,92.9702,92.9759,92.8969,0.0733,0.0789,0.0057
497,1007.1,433.7,92.9753,92.9810,92.9025,0.0728,0.0785,0.0057
498,994.8,365.2,92.9804,92.9861,92.9074,0.0729,0.0786,0.0057
499,1007.1,339.1,92.9855,92.9911,92.9123,0.0732,0.0788,0.0057
500,1004.8,470.1,92.9905,92.9962,92.9170,0.0736,0.0792,0.0057
501,998.0,358.3,92.9956,93.0013,92.9216,0.0741,0.0797,0.0057
502,1000.8,382.3,93.0007,93.0064,92.9265,0.0742,0.0799,0.0057
503,990.2,367.2,93.0058,93.0115,92.9312,0.0746,0.0803,0.0057
504,996.5,322.1,93.0108,93.0165,92.9361,0.0748,0.0805,0.0057
505,1001.5,360.7,93.0159,93.0216,92.9415,0.0744,0.0801,0.0057
506,1012.2,405.8,93.0210,93.0266,92.9467,0.0743,0.0799,0.0057
507,991.4,352.9,93.0260,93.0317,92.9520,0.0740,0.0797,0.0057
508,996.4,365.0,93.0311,93.0367,92.9570,0.0740,0.0797,0.0057
509,999.1,358.6,93.0361,93.0418,92.9626,0.0736,0.0792,0.0057
510,1000.2,325.6,93.0411,93.0468,92.9678,0.0733,0.0790,0.0057
511,1000.0,312.5,93.0462,93.0518,92.9732,0.0730,0.0787,0.0057
512,999.7,367.5,93.0512,93.0569,92.9786,0.0726,0.0782,0.0057
513,999.9,370.6,93.0562,93.0619,92.9846,0.0717,0.0773,0.0057
514,997.6,345.8,93.0613,93.0669,92.9901,0.0712,0.0768,0.0056
515,1000.9,332.3,93.0663,93.0719,92.9956,0.0707,0.0763,0.0056
516,1000.0,367.1,93.0713,93.0769,93.0010,0.0703,0.0759,0.0056
517,999.4,371.1,93.0763,93.0819,93.0067,0.0696,0.0752,0.0056
518,1000.0,409.7,93.0813,93.0869,93.0120,0.0692,0.0749,0.0056
519,1010.6,395.4,93.0863,93.0919,93.0175,0.0688,0.0744,0.0056
520,999.1,379.5,93.0913,93.0969,93.0228,0.0684,0.0741,0.0056
521,992.5,343.0,93.0963,93.1019,93.0286,0.0676,0.0733,0.0056
522,1000.6,354.8,93.1012,93.1069,93.0340,0.0673,0.0729,0.0056
523,1201.8,289.0,93.1062,93.1118,93.0440,0.0622,0.0678,0.0056
524,824.5,361.8,93.1112,93.1168,93.0440,0.0672,0.0728,0.0056
525,967.7,359.7,93.1162,93.1218,93.0494,0.0668,0.0724,0.0056
526,1007.1,354.0,93.1211,93.1267,93.0543,0.0668,0.0724,0.0056
527,1000.0,336.2,93.1261,93.1317,93.0593,0.0668,0.0724,0.0056
528,1000.6,316.9,93.1310,93.1366,93.0644,0.0666,0.0722,0.0056
529,992.2,326.1,93.1360,93.1416,93.0702,0.0658,0.0714,0.0056
530,1180.5,385.2,93.1409,93.1465,93.0804,0.0605,0.0661,0.0056
531,828.0,366.2,93.1459,93.1515,93.0804,0.0655,0.0711,0.0056
532,1011.0,412.6,93.1508,93.1564,93.0857,0.0651,0.0707,0.0056
533,998.4,358.0,93.1557,93.1613,93.0911,0.0646,0.0702,0.0056
534,990.7,340.0,93.1606,93.1662,93.0958,0.0648,0.0704,0.0056
535,999.9,376.3,93.1656,93.1712,93.1007,0.0648,0.0704,0.0056
536,995.4,367.1,93.1705,93.1761,93.1059,0.0646,0.0702,0.0056
537,999.5,387.3,93.1754,93.1810,93.1116,0.0638,0.0693,0.0056
538,1001.4,374.8,93.1803,93.1859,93.1167,0.0636,0.0692,0.0056
539,1041.3,361.6,93.1852,93.1908,93.1215,0.0637,0.0693,0.0056
540,981.5,371.2,93.1901,93.1957,93.1262,0.0639,0.0695,0.0056
541,973.2,353.9,93.1950,93.2006,93.1311,0.0638,0.0694,0.0056
542,1009.1,379.1,93.1998,93.2054,93.1358,0.0641,0.0697,0.0056
543,997.4,380.3,93.2047,93.2103,93.1405,0.0642,0.0698,0.0056
544,1011.9,453.8,93.2096,93.2152,93.1453,0.0643,0.0699,0.0056
545,993.4,378.2,93.2145,93.2200,93.1505,0.0640,0.0696,0.0056
546,997.8,338.5,93.2193,93.2249,93.1552,0.0641,0.0697,0.0056
547,996.2,324.0,93.2242,93.2298,93.1599,0.0643,0.0698,0.0056
548,1000.3,381.6,93.2290,93.2346,93.1644,0.0646,0.0702,0.0056
549,1000.2,322.5,93.2339,93.2395,93.1688,0.0651,0.0707,0.0056
550,998.6,322.9,93.2387,93.2443,93.1734,0.0654,0.0709,0.0056
551,998.1,314.3,93.2436,93.2491,93.1776,0.0659,0.0715,0.0056
552,999.6,305.5,93.2484,93.2540,93.1819,0.0665,0.0720,0.0056
553,1002.5,334.2,93.2532,93.2588,93.1864,0.0669,0.0724,0.0056
554,998.3,303.1,93.2581,93.2636,93.1913,0.0668,0.0724,0.0056
555,999.9,307.4,93.2629,93.2684,93.1960,0.0669,0.0724,0.0055
556,999.2,292.4,93.2677,93.2732,93.2007,0.0670,0.0725,0.0055
557,998.8,374.3,93.2725,93.2780,93.2055,0.0670,0.0726,0.0055
558,1000.1,355.2,93.2773,93.2829,93.2106,0.0668,0.0723,0.0055
559,1024.8,338.0,93.2821,93.2876,93.2152,0.0669,0.0724,0.0055
560,987.1,349.6,93.2869,93.2924,93.2200,0.0669,0.0724,0.0055
561,992.1,353.9,93.2917,93.2972,93.2249,0.0668,0.0723,0.0055
562,1003.6,391.8,93.2965,93.3020,93.2302,0.0663,0.0718,0.0055
563,996.2,748.3,93.3012,93.3068,93.2352,0.0661,0.0716,0.0055
564,1002.8,318.0,93.3060,93.3115,93.2403,0.0657,0.0712,0.0055
565,998.5,384.4,93.3108,93.3163,93.2454,0.0654,0.0709,0.0055
566,1017.6,348.2,93.3156,93.3211,93.2509,0.0647,0.0702,0.0055
567,1004.5,455.5,93.3203,93.3258,93.2559,0.0644,0.0699,0.0055
568,986.2,459.2,93.3251,93.3306,93.2609,0.0641,0.0697,0.0055
569,995.5,413.1,93.3298,93.3353,93.2659,0.0639,0.0694,0.0055
570,994.8,382.0,93.3345,93.3401,93.2714,0.0632,0.0687,0.0055
571,998.4,364.2,93.3393,93.3448,93.2765,0.0628,0.0683,0.0055
572,1000.8,345.2,93.3440,93.3495,93.2816,0.0624,0.0679,0.0055
573,999.3,325.0,93.3487,93.3542,93.2865,0.0622,0.0677,0.0055
574,1001.0,313.0,93.3535,93.3590,93.2916,0.0619,0.0674,0.0055
575,998.1,317.5,93.3582,93.3637,93.2961,0.0621,0.0676,0.0055
576,1002.3,295.5,93.3629,93.3684,93.3004,0.0625,0.0679,0.0055
577,998.6,372.4,93.3676,93.3731,93.3047,0.0629,0.0683,0.0055
578,1001.0,363.1,93.3723,93.3778,93.3096,0.0626,0.0681,0.0055
579,1000.8,4468.2,93.3770,93.3825,93.3144,0.0626,0.0681,0.0055
580,4481.7,471.2,93.3817,93.3872,93.3377,0.0440,0.0494,0.0055
581,480.2,1081.2,93.3864,93.3918,93.3377,0.0486,0.0541,0.0055
582,1084.4,333.7,93.3910,93.3965,93.3424,0.0487,0.0542,0.0055
583,337.1,484.1,93.3957,93.4012,93.3469,0.0488,0.0543,0.0055
584,487.3,253.4,93.4004,93.4059,93.3469,0.0535,0.0589,0.0055
585,255.1,307.9,93.4050,93.4105,93.3517,0.0534,0.0589,0.0055
586,310.5,392.1,93.4097,93.4152,93.3517,0.0580,0.0635,0.0055
587,553.3,291.7,93.4144,93.4198,93.3517,0.0627,0.0682,0.0055
588,1001.6,284.5,93.4190,93.4245,93.3559,0.0631,0.0686,0.0055
589,998.1,3839.4,93.4236,93.4291,93.3601,0.0636,0.0690,0.0055
590,3846.9,365.7,93.4283,93.4337,93.3784,0.0499,0.0553,0.0055
591,389.7,301.5,93.4329,93.4384,93.3835,0.0494,0.0549,0.0055
592,306.1,1100.6,93.4375,93.4430,93.3835,0.0540,0.0595,0.0055
593,1129.4,346.9,93.4422,93.4476,93.3889,0.0533,0.0587,0.0055
594,351.3,320.1,93.4468,93.4522,93.3889,0.0579,0.0633,0.0054
595,323.7,548.4,93.4514,93.4568,93.3938,0.0576,0.0631,0.0054
596,663.8,339.9,93.4560,93.4614,93.3938,0.0622,0.0677,0.0054
597,999.3,384.7,93.4606,93.4660,93.3982,0.0624,0.0678,0.0054
598,1015.6,2882.8,93.4652,93.4706,93.4032,0.0620,0.0674,0.0054
599,2886.9,310.1,93.4698,93.4752,93.4152,0.0546,0.0600,0.0054
600,312.2,248.2,93.4744,93.4798,93.4199,0.0544,0.0599,0.0054
601,250.1,962.0,93.4789,93.4844,93.4199,0.0590,0.0644,0.0054
602,970.8,426.5,93.4835,93.4889,93.4243,0.0592,0.0646,0.0054
603,556.9,293.1,93.4881,93.4935,93.4243,0.0637,0.0692,0.0054
604,1001.2,288.7,93.4926,93.4981,93.4285,0.0642,0.0696,0.0054
605,997.5,315.6,93.4972,93.5026,93.4323,0.0648,0.0703,0.0054
606,997.8,294.1,93.5017,93.5072,93.4362,0.0655,0.0709,0.0054
607,1001.0,287.1,93.5063,93.5117,93.4398,0.0665,0.0719,0.0054
608,999.3,296.8,93.5108,93.5162,93.4436,0.0672,0.0726,0.0054
609,1004.9,286.5,93.5154,93.5208,93.4478,0.0675,0.0729,0.0054
610,995.9,309.4,93.5199,93.5253,93.4527,0.0672,0.0726,0.0054
611,1000.9,293.3,93.5244,93.5298,93.4574,0.0671,0.0725,0.0054
612,999.2,294.5,93.5289,93.5343,93.4618,0.0671,0.0725,0.0054
613,1000.6,283.8,93.5334,93.5388,93.4661,0.0673,0.0727,0.0054
614,1004.9,299.2,93.5379,93.5433,93.4708,0.0672,0.0726,0.0054
615,995.6,280.7,93.5424,93.5478,93.4751,0.0673,0.0727,0.0054
616,1003.1,901.0,93.5469,93.5523,93.4795,0.0674,0.0728,0.0054
617,997.4,301.8,93.5514,93.5568,93.4841,0.0673,0.0727,0.0054
618,1003.4,353.8,93.5559,93.5613,93.4841,0.0718,0.0772,0.0054
619,995.8,332.0,93.5604,93.5658,93.4887,0.0717,0.0771,0.0054
620,1005.9,333.2,93.5649,93.5702,93.4936,0.0713,0.0767,0.0054
621,1001.4,304.9,93.5693,93.5747,93.4981,0.0712,0.0766,0.0054
622,990.9,290.5,93.5738,93.5792,93.5029,0.0709,0.0763,0.0054
623,1002.1,273.0,93.5783,93.5836,93.5079,0.0704,0.0757,0.0054
624,996.5,255.3,93.5827,93.5881,93.5124,0.0703,0.0757,0.0054
625,1000.0,277.5,93.5872,93.5925,93.5169,0.0703,0.0756,0.0054
626,1000.1,269.8,93.5916,93.5970,93.5214,0.0702,0.0756,0.0054
627,1000.4,267.0,93.5960,93.6014,93.5265,0.0695,0.0749,0.0054
628,999.8,316.8,93.6005,93.6058,93.5313,0.0691,0.0745,0.0054
629,1016.6,327.0,93.6049,93.6102,93.5360,0.0689,0.0742,0.0054
630,986.5,322.8,93.6093,93.6146,93.5406,0.0687,0.0741,0.0053
631,997.5,286.6,93.6137,93.6191,93.5455,0.0682,0.0736,0.0053
632,1000.0,307.1,93.6181,93.6235,93.5500,0.0682,0.0735,0.0053
633,1000.6,296.1,93.6225,93.6279,93.5543,0.0682,0.0735,0.0053
634,954.0,284.7,93.6269,93.6323,93.5587,0.0682,0.0736,0.0053
635,1047.7,284.7,93.6313,93.6366,93.5634,0.0679,0.0732,0.0053
636,998.3,281.4,93.6357,93.6410,93.5679,0.0677,0.0731,0.0053
637,1003.7,379.3,93.6401,93.6454,93.5726,0.0675,0.0728,0.0053
638,1007.2,366.3,93.6444,93.6498,93.5772,0.0672,0.0725,0.0053
639,990.3,260.9,93.6488,93.6541,93.5824,0.0664,0.0717,0.0053
640,1001.2,326.0,93.6532,93.6585,93.5872,0.0660,0.0713,0.0053
641,1010.0,295.4,93.6575,93.6628,93.5918,0.0657,0.0710,0.0053
642,3667.3,835.4,93.6619,93.6672,93.6111,0.0508,0.0561,0.0053
643,844.9,417.2,93.6662,93.6715,93.6161,0.0501,0.0554,0.0053
644,423.7,365.8,93.6706,93.6759,93.6161,0.0545,0.0598,0.0053
645,371.3,1230.5,93.6749,93.6802,93.6215,0.0534,0.0587,0.0053
646,1235.0,384.8,93.6792,93.6845,93.6265,0.0527,0.0580,0.0053
647,390.1,307.1,93.6835,93.6888,93.6265,0.0570,0.0623,0.0053
648,311.0,540.4,93.6878,93.6931,93.6313,0.0566,0.0619,0.0053
649,744.6,330.3,93.6922,93.6975,93.6313,0.0609,0.0662,0.0053
650,1004.5,295.8,93.6965,93.7018,93.6358,0.0607,0.0659,0.0053
651,1000.0,287.1,93.7008,93.7061,93.6404,0.0603,0.0656,0.0053
652,1000.1,291.7,93.7051,93.7103,93.6449,0.0602,0.0655,0.0053
653,996.3,280.1,93.7093,93.7146,93.6496,0.0597,0.0650,0.0053
654,1002.1,291.6,93.7136,93.7189,93.6547,0.0590,0.0642,0.0053
655,3659.8,430.9,93.7179,93.7232,93.6760,0.0419,0.0472,0.0053
656,436.2,437.5,93.7222,93.7274,93.6760,0.0462,0.0515,0.0053
657,440.2,314.8,93.7264,93.7317,93.6812,0.0453,0.0505,0.0053
658,317.2,220.6,93.7307,93.7360,93.6812,0.0495,0.0548,0.0053
659,222.8,979.7,93.7349,93.7402,93.6812,0.0538,0.0590,0.0053
660,982.7,345.4,93.7392,93.7444,93.6856,0.0536,0.0588,0.0053
661,943.5,300.9,93.7434,93.7487,93.6897,0.0537,0.0590,0.0053
662,1007.2,321.3,93.7477,93.7529,93.6935,0.0541,0.0594,0.0053
663,989.6,370.3,93.7519,93.7571,93.6973,0.0545,0.0598,0.0053
664,1004.4,420.9,93.7561,93.7614,93.7011,0.0550,0.0603,0.0053
665,999.9,323.0,93.7603,93.7656,93.7053,0.0551,0.0603,0.0052
666,996.3,298.1,93.7645,93.7698,93.7096,0.0549,0.0602,0.0052
667,1001.4,309.7,93.7687,93.7740,93.7144,0.0543,0.0596,0.0052
668,1002.0,335.7,93.7729,93.7782,93.7188,0.0541,0.0594,0.0052
669,3655.8,3039.7,93.7771,93.7824,93.7352,0.0420,0.0472,0.0052
670,3044.4,291.4,93.7813,93.7866,93.7477,0.0337,0.0389,0.0052
671,293.7,274.2,93.7855,93.7907,93.7477,0.0379,0.0431,0.0052
672,276.2,552.8,93.7897,93.7949,93.7513,0.0384,0.0436,0.0052
673,554.7,245.3,93.7939,93.7991,93.7513,0.0425,0.0478,0.0052
674,248.3,281.2,93.7980,93.8032,93.7513,0.0467,0.0519,0.0052
675,283.9,265.1,93.8022,93.8074,93.7548,0.0474,0.0526,0.0052
676,268.9,290.5,93.8063,93.8115,93.7548,0.0515,0.0567,0.0052
677,368.8,277.7,93.8105,93.8157,93.7548,0.0557,0.0609,0.0052
678,1011.1,415.7,93.8146,93.8198,93.7581,0.0565,0.0617,0.0052
679,987.4,297.5,93.8187,93.8240,93.7616,0.0572,0.0624,0.0052
680,1000.3,292.0,93.8229,93.8281,93.7645,0.0583,0.0635,0.0052
681,1001.4,286.4,93.8270,93.8322,93.7677,0.0593,0.0645,0.0052
682,999.0,300.4,93.8311,93.8363,93.7713,0.0599,0.0651,0.0052
683,1004.3,297.0,93.8352,93.8404,93.7756,0.0597,0.0649,0.0052
684,1498.1,354.5,93.8393,93.8445,93.7841,0.0552,0.0604,0.0052
685,504.5,302.2,93.8434,93.8486,93.7841,0.0593,0.0645,0.0052
686,995.3,283.4,93.8475,93.8527,93.7885,0.0590,0.0642,0.0052
687,999.4,281.6,93.8516,93.8568,93.7930,0.0586,0.0638,0.0052
688,997.7,267.0,93.8557,93.8609,93.7970,0.0587,0.0638,0.0052
689,999.4,254.3,93.8598,93.8649,93.8007,0.0590,0.0642,0.0052
690,999.7,289.4,93.8638,93.8690,93.8042,0.0596,0.0648,0.0052
691,1002.7,308.3,93.8679,93.8731,93.8079,0.0600,0.0651,0.0052
692,997.4,291.4,93.8720,93.8771,93.8115,0.0605,0.0656,0.0052
693,1001.0,371.5,93.8760,93.8812,93.8151,0.0609,0.0661,0.0052
694,999.2,366.5,93.8800,93.8852,93.8187,0.0613,0.0665,0.0052
695,1001.2,333.1,93.8841,93.8892,93.8227,0.0614,0.0666,0.0052
696,1001.0,289.7,93.8881,93.8933,93.8263,0.0618,0.0670,0.0052
697,999.0,308.9,93.8921,93.8973,93.8300,0.0621,0.0673,0.0052
698,999.7,290.6,93.8962,93.9013,93.8338,0.0624,0.0675,0.0051
699,999.0,272.8,93.9002,93.9053,93.8380,0.0622,0.0673,0.0051
700,1000.5,300.5,93.9042,93.9093,93.8422,0.0620,0.0672,0.0051
701,1000.8,291.4,93.9082,93.9133,93.8463,0.0619,0.0671,0.0051
702,999.5,306.8,93.9122,93.9173,93.8502,0.0619,0.0671,0.0051
703,999.9,304.4,93.9162,93.9213,93.8545,0.0617,0.0668,0.0051
704,1003.3,263.1,93.9202,93.9253,93.8585,0.0616,0.0668,0.0051
705,1000.2,288.7,93.9241,93.9293,93.8626,0.0616,0.0667,0.0051
706,998.1,265.3,93.9281,93.9332,93.8668,0.0614,0.0665,0.0051
707,1000.2,281.8,93.9321,93.9372,93.8715,0.0606,0.0657,0.0051
708,1000.0,284.9,93.9360,93.9412,93.8760,0.0600,0.0651,0.0051
709,998.9,285.2,93.9400,93.9451,93.8805,0.0595,0.0646,0.0051
710,999.6,279.4,93.9439,93.9490,93.8850,0.0589,0.0640,0.0051
711,1000.2,278.2,93.9479,93.9530,93.8899,0.0580,0.0631,0.0051
712,1001.5,297.1,93.9518,93.9569,93.8944,0.0574,0.0625,0.0051
713,1001.3,309.7,93.9557,93.9608,93.8989,0.0568,0.0619,0.0051
714,997.8,285.5,93.9597,93.9648,93.9032,0.0564,0.0615,0.0051
715,1000.1,266.3,93.9636,93.9687,93.9078,0.0558,0.0609,0.0051
716,1000.6,273.3,93.9675,93.9726,93.9121,0.0554,0.0605,0.0051
717,999.9,279.1,93.9714,93.9765,93.9166,0.0548,0.0599,0.0051
718,1000.0,311.8,93.9753,93.9804,93.9212,0.0541,0.0592,0.0051
719,999.6,356.0,93.9792,93.9843,93.9258,0.0534,0.0585,0.0051
720,1000.6,336.4,93.9831,93.9881,93.9306,0.0524,0.0575,0.0051
721,1001.2,314.1,93.9869,93.9920,93.9350,0.0520,0.0570,0.0051
722,999.2,312.3,93.9908,93.9959,93.9392,0.0516,0.0566,0.0051
723,999.3,308.1,93.9947,93.9998,93.9434,0.0513,0.0564,0.0051
724,999.8,268.6,93.9985,94.0036,93.9477,0.0508,0.0559,0.0051
725,1000.1,318.2,94.0024,94.0075,93.9518,0.0506,0.0557,0.0051
726,1000.1,283.7,94.0062,94.0113,93.9558,0.0505,0.0555,0.0051
727,999.9,278.1,94.0101,94.0151,93.9598,0.0502,0.0553,0.0051
728,999.9,281.2,94.0139,94.0190,93.9643,0.0497,0.0547,0.0051
729,1000.2,302.0,94.0177,94.0228,93.9685,0.0493,0.0543,0.0051
730,999.3,298.6,94.0216,94.0266,93.9727,0.0489,0.0539,0.0051
731,999.4,275.0,94.0254,94.0304,93.9770,0.0484,0.0535,0.0050
732,1000.2,275.2,94.0292,94.0342,93.9815,0.0477,0.0528,0.0050
733,1000.9,282.9,94.0330,94.0380,93.9856,0.0474,0.0525,0.0050
734,999.3,303.3,94.0368,94.0418,93.9896,0.0472,0.0523,0.0050
735,1000.2,307.5,94.0406,94.0456,93.9935,0.0471,0.0521,0.0050
736,999.4,264.1,94.0444,94.0494,93.9978,0.0466,0.0516,0.0050
737,1002.5,312.3,94.0482,94.0532,94.0017,0.0465,0.0515,0.0050
738,1001.0,300.3,94.0519,94.0570,94.0056,0.0464,0.0514,0.0050
739,997.1,316.9,94.0557,94.0607,94.0094,0.0463,0.0513,0.0050
740,1002.0,349.8,94.0595,94.0645,94.0136,0.0459,0.0509,0.0050
741,998.7,336.4,94.0632,94.0682,94.0173,0.0459,0.0509,0.0050
742,1001.6,372.5,94.0670,94.0720,94.0211,0.0459,0.0509,0.0050
743,997.5,383.3,94.0707,94.0757,94.0246,0.0461,0.0511,0.0050
744,1000.8,328.5,94.0744,94.0794,94.0285,0.0460,0.0510,0.0050
745,999.9,365.4,94.0782,94.0832,94.0320,0.0461,0.0512,0.0050
746,1000.1,362.1,94.0819,94.0869,94.0355,0.0464,0.0514,0.0050
747,1001.1,353.9,94.0856,94.0906,94.0389,0.0467,0.0517,0.0050
748,998.9,347.1,94.0893,94.0943,94.0425,0.0468,0.0518,0.0050
749,1002.8,355.3,94.0930,94.0980,94.0458,0.0472,0.0522,0.0050
750,997.3,345.3,94.0967,94.1017,94.0491,0.0476,0.0526,0.0050
751,999.7,332.2,94.1004,94.1054,94.0525,0.0479,0.0529,0.0050
752,999.6,305.2,94.1041,94.1091,94.0559,0.0481,0.0531,0.0050
753,999.4,293.0,94.1078,94.1127,94.0596,0.0481,0.0531,0.0050
754,1000.2,301.2,94.1114,94.1164,94.0630,0.0484,0.0534,0.0050
755,1001.3,352.3,94.1151,94.1201,94.0663,0.0488,0.0538,0.0050
756,999.1,339.9,94.1187,94.1237,94.0697,0.0491,0.0540,0.0050
757,999.4,363.6,94.1224,94.1274,94.0727,0.0497,0.0547,0.0050
758,1000.4,345.2,94.1260,94.1310,94.0757,0.0503,0.0553,0.0050
759,1000.7,327.0,94.1297,94.1346,94.0788,0.0509,0.0559,0.0050
760,1003.3,329.3,94.1333,94.1383,94.0820,0.0513,0.0562,0.0050
761,996.4,287.6,94.1369,94.1419,94.0853,0.0517,0.0566,0.0050
762,1000.6,289.3,94.1406,94.1455,94.0886,0.0520,0.0569,0.0049
763,1000.0,284.3,94.1442,94.1491,94.0919,0.0523,0.0572,0.0049
764,1000.5,328.5,94.1478,94.1527,94.0956,0.0522,0.0572,0.0049
765,1001.1,331.5,94.1514,94.1563,94.0990,0.0524,0.0573,0.0049
766,1000.1,327.1,94.1550,94.1599,94.1024,0.0525,0.0575,0.0049
767,1000.2,320.0,94.1586,94.1635,94.1058,0.0527,0.0577,0.0049
768,998.1,328.7,94.1621,94.1671,94.1101,0.0521,0.0570,0.0049
769,1000.3,337.0,94.1657,94.1706,94.1136,0.0522,0.0571,0.0049
770,999.6,307.5,94.1693,94.1742,94.1170,0.0523,0.0572,0.0049
771,1002.2,296.2,94.1728,94.1778,94.1198,0.0530,0.0579,0.0049
772,1010.1,352.1,94.1764,94.1813,94.1240,0.0524,0.0573,0.0049
773,995.3,320.5,94.1799,94.1849,94.1275,0.0524,0.0574,0.0049
774,1006.1,330.9,94.1835,94.1884,94.1311,0.0524,0.0573,0.0049
775,993.2,321.8,94.1870,94.1919,94.1351,0.0519,0.0568,0.0049
776,1001.8,321.4,94.1906,94.1955,94.1391,0.0514,0.0563,0.0049
777,999.7,311.7,94.1941,94.1990,94.1432,0.0509,0.0558,0.0049
778,1001.8,332.3,94.1976,94.2025,94.1472,0.0504,0.0553,0.0049
779,999.8,360.2,94.2011,94.2060,94.1513,0.0498,0.0547,0.0049
780,997.1,370.2,94.2046,94.2095,94.1556,0.0490,0.0539,0.0049
781,1001.0,320.5,94.2081,94.2130,94.1596,0.0485,0.0534,0.0049
782,999.4,321.8,94.2116,94.2165,94.1635,0.0481,0.0530,0.0049
783,997.7,300.5,94.2151,94.2199,94.1674,0.0477,0.0526,0.0049
784,1002.6,320.2,94.2185,94.2234,94.1715,0.0470,0.0519,0.0049
785,999.7,356.6,94.2220,94.2269,94.1754,0.0466,0.0515,0.0049
786,999.9,361.1,94.2255,94.2303,94.1754,0.0501,0.0549,0.0049
787,998.6,314.7,94.2289,94.2338,94.1796,0.0493,0.0542,0.0049
788,1004.8,334.2,94.2324,94.2372,94.1839,0.0485,0.0533,0.0049
789,999.4,353.1,94.2358,94.2407,94.1886,0.0473,0.0521,0.0049
790,997.5,378.8,94.2393,94.2441,94.1929,0.0464,0.0513,0.0049
791,999.1,352.3,94.2427,94.2475,94.1971,0.0456,0.0505,0.0049
792,1000.1,360.7,94.2461,94.2510,94.2010,0.0451,0.0499,0.0049
793,1002.1,364.5,94.2495,94.2544,94.2051,0.0444,0.0493,0.0048
794,998.8,377.4,94.2529,94.2578,94.2088,0.0441,0.0490,0.0048
795,997.4,321.6,94.2563,94.2612,94.2125,0.0438,0.0486,0.0048
796,999.8,352.9,94.2597,94.2646,94.2165,0.0433,0.0481,0.0048
797,1001.5,350.9,94.2631,94.2680,94.2201,0.0430,0.0478,0.0048
798,1001.6,312.0,94.2665,94.2713,94.2238,0.0427,0.0475,0.0048
799,1000.9,317.2,94.2699,94.2747,94.2276,0.0423,0.0471,0.0048
800,997.9,365.7,94.2733,94.2781,94.2318,0.0415,0.0463,0.0048
801,999.8,372.9,94.2766,94.2814,94.2358,0.0409,0.0457,0.0048
802,1000.4,375.2,94.2800,94.2848,94.2396,0.0404,0.0452,0.0048
803,1000.5,332.5,94.2833,94.2881,94.2434,0.0399,0.0448,0.0048
804,1001.6,332.5,94.2867,94.2915,94.2474,0.0393,0.0441,0.0048
805,998.1,347.8,94.2900,94.2948,94.2511,0.0389,0.0437,0.0048
806,1000.5,315.3,94.2933,94.2981,94.2548,0.0386,0.0434,0.0048
807,999.6,311.5,94.2967,94.3015,94.2585,0.0382,0.0430,0.0048
808,999.3,307.0,94.3000,94.3048,94.2625,0.0375,0.0423,0.0048
809,999.7,301.4,94.3033,94.3081,94.2663,0.0370,0.0417,0.0048
810,1000.5,308.5,94.3066,94.3114,94.2701,0.0364,0.0412,0.0048
811,1000.0,360.8,94.3099,94.3147,94.2740,0.0359,0.0407,0.0048
812,1000.2,359.3,94.3132,94.3180,94.2781,0.0351,0.0399,0.0048
813,1000.3,356.8,94.3165,94.3212,94.2818,0.0346,0.0394,0.0048
814,999.3,356.5,94.3197,94.3245,94.2855,0.0342,0.0390,0.0048
815,1000.8,319.9,94.3230,94.3278,94.2891,0.0339,0.0387,0.0048
816,1000.3,295.4,94.3263,94.3310,94.2928,0.0335,0.0383,0.0048
817,997.9,326.2,94.3295,94.3343,94.2961,0.0334,0.0382,0.0048
818,999.5,360.3,94.3328,94.3375,94.2994,0.0334,0.0382,0.0048
819,1003.2,376.5,94.3360,94.3408,94.3026,0.0334,0.0381,0.0048
820,999.3,387.3,94.3393,94.3440,94.3062,0.0330,0.0378,0.0048
821,1001.9,336.8,94.3425,94.3472,94.3095,0.0330,0.0377,0.0048
822,999.8,388.3,94.3457,94.3505,94.3127,0.0330,0.0377,0.0048
823,999.2,371.2,94.3489,94.3537,94.3158,0.0331,0.0378,0.0047
824,1000.6,349.4,94.3521,94.3569,94.3192,0.0330,0.0377,0.0047
825,996.4,369.2,94.3553,94.3601,94.3221,0.0332,0.0380,0.0047
826,1001.4,309.9,94.3585,94.3633,94.3250,0.0335,0.0383,0.0047
827,1000.1,304.6,94.3617,94.3664,94.3278,0.0340,0.0387,0.0047
828,1000.1,313.0,94.3649,94.3696,94.3307,0.0342,0.0390,0.0047
829,999.0,303.4,94.3681,94.3728,94.3332,0.0349,0.0396,0.0047
830,1001.1,358.7,94.3712,94.3760,94.3356,0.0356,0.0404,0.0047
831,999.5,360.4,94.3744,94.3791,94.3378,0.0366,0.0413,0.0047
832,1000.8,356.9,94.3776,94.3823,94.3402,0.0373,0.0420,0.0047
833,999.1,353.4,94.3807,94.3854,94.3425,0.0382,0.0429,0.0047
834,999.6,356.2,94.3838,94.3885,94.3448,0.0391,0.0438,0.0047
835,1000.3,373.7,94.3870,94.3917,94.3473,0.0397,0.0444,0.0047
836,1000.2,306.2,94.3901,94.3948,94.3502,0.0399,0.0446,0.0047
837,999.3,322.2,94.3932,94.3979,94.3528,0.0404,0.0451,0.0047
838,1001.7,339.3,94.3963,94.4010,94.3553,0.0410,0.0457,0.0047
839,997.9,299.7,94.3994,94.4041,94.3578,0.0416,0.0463,0.0047
840,1001.7,351.4,94.4025,94.4072,94.3608,0.0417,0.0464,0.0047
841,1001.8,341.5,94.4056,94.4103,94.3635,0.0422,0.0469,0.0047
842,1000.4,366.2,94.4087,94.4134,94.3661,0.0426,0.0473,0.0047
843,996.8,411.7,94.4118,94.4165,94.3686,0.0432,0.0478,0.0047
844,1000.1,400.0,94.4149,94.4195,94.3715,0.0434,0.0481,0.0047
845,1000.3,360.3,94.4179,94.4226,94.3742,0.0437,0.0484,0.0047
846,1000.6,324.6,94.4210,94.4257,94.3769,0.0441,0.0488,0.0047
847,998.5,316.9,94.4240,94.4287,94.3795,0.0445,0.0492,0.0047
848,1001.6,302.0,94.4271,94.4317,94.3823,0.0448,0.0494,0.0047
849,998.2,307.2,94.4301,94.4348,94.3854,0.0447,0.0494,0.0047
850,1001.7,358.2,94.4332,94.4378,94.3881,0.0451,0.0497,0.0047
851,999.3,348.3,94.4362,94.4408,94.3908,0.0454,0.0500,0.0047
852,1001.0,371.5,94.4392,94.4438,94.3936,0.0456,0.0502,0.0046
853,999.2,352.3,94.4422,94.4468,94.3968,0.0454,0.0501,0.0046
854,1001.0,316.8,94.4452,94.4498,94.3999,0.0453,0.0500,0.0046
855,999.9,367.9,94.4482,94.4528,94.4030,0.0452,0.0498,0.0046
856,999.0,352.7,94.4512,94.4558,94.4062,0.0449,0.0496,0.0046
857,1000.1,311.1,94.4542,94.4588,94.4097,0.0444,0.0491,0.0046
858,999.8,313.0,94.4571,94.4618,94.4129,0.0442,0.0489,0.0046
859,1000.5,299.7,94.4601,94.4647,94.4160,0.0442,0.0488,0.0046
860,1001.0,316.5,94.4631,94.4677,94.4190,0.0441,0.0487,0.0046
861,998.7,325.1,94.4660,94.4706,94.4222,0.0438,0.0484,0.0046
862,998.4,348.9,94.4690,94.4736,94.4253,0.0437,0.0483,0.0046
863,1002.9,354.1,94.4719,94.4765,94.4283,0.0436,0.0483,0.0046
864,999.8,354.8,94.4749,94.4795,94.4313,0.0435,0.0481,0.0046
865,999.6,377.7,94.4778,94.4824,94.4346,0.0431,0.0477,0.0046
866,999.2,314.2,94.4807,94.4853,94.4379,0.0428,0.0474,0.0046
867,998.8,361.6,94.4836,94.4882,94.4411,0.0425,0.0471,0.0046
868,999.1,356.2,94.4865,94.4911,94.4444,0.0422,0.0468,0.0046
869,1000.5,365.5,94.4894,94.4940,94.4478,0.0416,0.0462,0.0046
870,1002.3,383.6,94.4923,94.4969,94.4512,0.0411,0.0457,0.0046
871,999.9,335.7,94.4952,94.4998,94.4544,0.0408,0.0454,0.0046
872,1001.5,364.8,94.4981,94.5026,94.4575,0.0405,0.0451,0.0046
873,996.7,393.8,94.5009,94.5055,94.4609,0.0401,0.0446,0.0046
874,1001.6,323.1,94.5038,94.5084,94.4640,0.0398,0.0444,0.0046
875,1000.7,312.4,94.5067,94.5112,94.4669,0.0397,0.0443,0.0046
876,999.6,305.9,94.5095,94.5141,94.4699,0.0396,0.0442,0.0046
877,998.8,318.4,94.5123,94.5169,94.4730,0.0394,0.0439,0.0046
878,1001.0,347.8,94.5152,94.5197,94.4759,0.0393,0.0439,0.0046
879,999.6,312.0,94.5180,94.5226,94.4787,0.0393,0.0438,0.0046
880,1002.4,318.1,94.5208,94.5254,94.4817,0.0391,0.0436,0.0045
881,995.9,300.5,94.5236,94.5282,94.4850,0.0386,0.0432,0.0045
882,1000.0,323.0,94.5264,94.5310,94.4881,0.0384,0.0429,0.0045
883,1000.5,339.4,94.5292,94.5338,94.4910,0.0382,0.0428,0.0045
884,1002.3,348.2,94.5320,94.5366,94.4940,0.0380,0.0426,0.0045
885,1000.3,373.1,94.5348,94.5394,94.4973,0.0375,0.0420,0.0045
886,999.6,350.9,94.5376,94.5421,94.5005,0.0371,0.0416,0.0045
887,999.1,331.7,94.5404,94.5449,94.5039,0.0365,0.0410,0.0045
888,1004.6,348.0,94.5431,94.5477,94.5070,0.0361,0.0406,0.0045
889,996.3,349.0,94.5459,94.5504,94.5103,0.0356,0.0401,0.0045
890,1000.9,370.4,94.5486,94.5532,94.5133,0.0353,0.0399,0.0045
891,997.7,351.1,94.5514,94.5559,94.5163,0.0350,0.0396,0.0045
892,1000.8,370.5,94.5541,94.5586,94.5194,0.0347,0.0392,0.0045
893,998.1,407.6,94.5569,94.5614,94.5226,0.0342,0.0387,0.0045
894,1001.9,394.3,94.5596,94.5641,94.5256,0.0340,0.0385,0.0045
895,997.9,396.8,94.5623,94.5668,94.5286,0.0337,0.0382,0.0045
896,1001.8,376.2,94.5650,94.5695,94.5316,0.0334,0.0379,0.0045
897,1000.0,358.0,94.5677,94.5722,94.5348,0.0329,0.0374,0.0045
898,999.7,362.6,94.5704,94.5749,94.5379,0.0325,0.0369,0.0045
899,1001.0,374.1,94.5731,94.5776,94.5411,0.0320,0.0365,0.0045
900,1001.5,372.9,94.5758,94.5802,94.5442,0.0316,0.0360,0.0045
901,998.4,348.9,94.5784,94.5829,94.5475,0.0309,0.0354,0.0045
902,998.9,372.4,94.5811,94.5856,94.5504,0.0307,0.0351,0.0045
903,998.9,359.7,94.5837,94.5882,94.5534,0.0304,0.0349,0.0045
904,1001.7,330.8,94.5864,94.5909,94.5563,0.0301,0.0346,0.0045
905,1002.2,385.7,94.5890,94.5935,94.5595,0.0296,0.0340,0.0045
906,998.6,366.1,94.5917,94.5961,94.5624,0.0293,0.0338,0.0045
907,1000.3,367.7,94.5943,94.5988,94.5651,0.0292,0.0336,0.0045
908,999.8,372.8,94.5969,94.6014,94.5679,0.0291,0.0335,0.0044
909,999.9,356.8,94.5995,94.6040,94.5707,0.0288,0.0332,0.0044
910,1001.0,361.6,94.6022,94.6066,94.5739,0.0282,0.0327,0.0044
911,998.5,315.5,94.6048,94.6092,94.5768,0.0280,0.0324,0.0044
912,1001.5,326.7,94.6073,94.6118,94.5797,0.0277,0.0321,0.0044
913,998.3,309.2,94.6099,94.6144,94.5827,0.0272,0.0316,0.0044
914,1001.0,357.6,94.6125,94.6169,94.5854,0.0271,0.0315,0.0044
915,998.6,364.8,94.6151,94.6195,94.5880,0.0271,0.0315,0.0044
916,999.5,347.6,94.6176,94.6221,94.5906,0.0271,0.0315,0.0044
917,998.7,379.0,94.6202,94.6246,94.5933,0.0269,0.0314,0.0044
918,1005.8,400.3,94.6227,94.6272,94.5957,0.0271,0.0315,0.0044
919,996.3,363.9,94.6253,94.6297,94.5981,0.0272,0.0316,0.0044
920,999.9,381.9,94.6278,94.6322,94.6004,0.0274,0.0318,0.0044
921,1010.4,342.4,94.6304,94.6348,94.6028,0.0276,0.0320,0.0044
922,994.3,351.2,94.6329,94.6373,94.6051,0.0278,0.0322,0.0044
923,1137.2,774.7,94.6354,94.6398,94.6095,0.0259,0.0303,0.0044
924,862.4,331.5,94.6379,94.6423,94.6095,0.0284,0.0328,0.0044
925,3705.2,391.8,94.6404,94.6448,94.6184,0.0220,0.0264,0.0044
926,399.4,2614.9,94.6429,94.6473,94.6184,0.0245,0.0289,0.0044
927,2622.1,375.2,94.6454,94.6498,94.6255,0.0199,0.0243,0.0044
928,381.0,365.1,94.6478,94.6522,94.6277,0.0201,0.0245,0.0044
929,370.4,443.8,94.6503,94.6547,94.6277,0.0226,0.0270,0.0044
930,449.5,311.2,94.6528,94.6572,94.6277,0.0251,0.0294,0.0044
931,316.9,610.9,94.6552,94.6596,94.6302,0.0251,0.0294,0.0044
932,616.8,530.0,94.6577,94.6620,94.6302,0.0275,0.0319,0.0044
933,536.4,583.3,94.6601,94.6645,94.6317,0.0284,0.0328,0.0044
934,590.8,332.0,94.6626,94.6669,94.6317,0.0309,0.0352,0.0044
935,1139.0,713.0,94.6650,94.6693,94.6353,0.0296,0.0340,0.0044
936,868.7,359.2,94.6674,94.6718,94.6353,0.0321,0.0364,0.0043
937,1008.7,338.5,94.6698,94.6742,94.6376,0.0322,0.0365,0.0043
938,985.4,334.7,94.6722,94.6766,94.6399,0.0324,0.0367,0.0043
939,1006.9,359.6,94.6746,94.6790,94.6422,0.0324,0.0368,0.0043
940,1005.5,336.1,94.6770,94.6813,94.6448,0.0322,0.0365,0.0043
941,1003.3,393.4,94.6794,94.6837,94.6472,0.0322,0.0366,0.0043
942,3659.5,345.1,94.6818,94.6861,94.6559,0.0258,0.0302,0.0043
943,348.7,302.4,94.6841,94.6885,94.6559,0.0282,0.0325,0.0043
944,304.9,272.1,94.6865,94.6908,94.6582,0.0283,0.0326,0.0043
945,274.4,356.0,94.6888,94.6932,94.6582,0.0307,0.0350,0.0043
946,358.5,267.4,94.6912,94.6955,94.6582,0.0330,0.0373,0.0043
947,995.1,298.4,94.6935,94.6978,94.6606,0.0330,0.0373,0.0043
948,1002.9,303.6,94.6959,94.7002,94.6631,0.0328,0.0371,0.0043
949,995.7,310.5,94.6982,94.7025,94.6657,0.0324,0.0367,0.0043
950,1042.0,320.2,94.7005,94.7048,94.6682,0.0324,0.0366,0.0043
951,1005.8,300.6,94.7028,94.7071,94.6706,0.0322,0.0365,0.0043
952,995.0,296.4,94.7051,94.7094,94.6731,0.0320,0.0363,0.0043
953,3572.9,406.5,94.7074,94.7117,94.6809,0.0265,0.0308,0.0043
954,412.7,281.5,94.7097,94.7140,94.6809,0.0288,0.0331,0.0043
955,284.5,234.4,94.7120,94.7163,94.6834,0.0286,0.0328,0.0043
956,269.1,316.9,94.7142,94.7185,94.6834,0.0308,0.0351,0.0043
957,459.5,285.1,94.7165,94.7208,94.6834,0.0331,0.0374,0.0043
958,1001.0,291.2,94.7188,94.7230,94.6860,0.0327,0.0370,0.0043
959,1000.8,285.7,94.7210,94.7253,94.6884,0.0327,0.0369,0.0043
960,998.4,289.4,94.7233,94.7275,94.6906,0.0327,0.0369,0.0043
961,1004.6,282.3,94.7255,94.7298,94.6927,0.0328,0.0370,0.0043
962,995.5,288.2,94.7277,94.7320,94.6952,0.0325,0.0367,0.0043
963,999.8,274.2,94.7300,94.7342,94.6977,0.0322,0.0365,0.0042
964,999.0,285.9,94.7322,94.7364,94.7004,0.0318,0.0360,0.0042
965,1000.0,306.8,94.7344,94.7386,94.7029,0.0314,0.0357,0.0042
966,1000.5,294.2,94.7366,94.7408,94.7055,0.0311,0.0353,0.0042
967,999.1,298.0,94.7388,94.7430,94.7083,0.0305,0.0347,0.0042
968,1000.6,351.6,94.7409,94.7452,94.7109,0.0300,0.0342,0.0042
969,999.8,346.6,94.7431,94.7473,94.7136,0.0295,0.0337,0.0042
970,1010.7,418.1,94.7453,94.7495,94.7161,0.0292,0.0334,0.0042
971,993.6,293.1,94.7475,94.7517,94.7187,0.0288,0.0330,0.0042
972,999.2,324.5,94.7496,94.7538,94.7210,0.0286,0.0328,0.0042
973,999.3,325.1,94.7518,94.7560,94.7234,0.0283,0.0325,0.0042
974,998.3,291.2,94.7539,94.7581,94.7257,0.0282,0.0324,0.0042
975,1002.6,289.2,94.7560,94.7602,94.7280,0.0280,0.0322,0.0042
976,998.8,291.2,94.7581,94.7624,94.7301,0.0281,0.0323,0.0042
977,1022.8,356.8,94.7603,94.7645,94.7320,0.0282,0.0324,0.0042
978,995.5,313.3,94.7624,94.7666,94.7340,0.0283,0.0325,0.0042
979,994.7,311.4,94.7645,94.7687,94.7362,0.0282,0.0324,0.0042
980,995.8,335.3,94.7666,94.7708,94.7383,0.0282,0.0324,0.0042
981,1011.9,309.8,94.7687,94.7728,94.7405,0.0282,0.0324,0.0042
982,989.5,320.0,94.7707,94.7749,94.7426,0.0282,0.0324,0.0042
983,1001.1,353.2,94.7728,94.7770,94.7448,0.0280,0.0322,0.0042
984,998.0,304.4,94.7749,94.7790,94.7469,0.0280,0.0322,0.0042
985,990.7,296.3,94.7769,94.7811,94.7490,0.0280,0.0321,0.0042
986,999.2,302.9,94.7790,94.7832,94.7513,0.0277,0.0319,0.0042
987,1000.1,294.0,94.7810,94.7852,94.7539,0.0271,0.0313,0.0042
988,1001.0,288.4,94.7831,94.7872,94.7563,0.0267,0.0309,0.0042
989,1000.6,277.8,94.7851,94.7892,94.7589,0.0262,0.0304,0.0042
990,998.6,281.0,94.7871,94.7913,94.7613,0.0258,0.0300,0.0041
991,1001.1,282.6,94.7891,94.7933,94.7638,0.0254,0.0295,0.0041
992,1000.0,315.2,94.7911,94.7953,94.7661,0.0250,0.0292,0.0041
993,999.8,335.1,94.7931,94.7973,94.7684,0.0247,0.0288,0.0041
994,1045.3,429.9,94.7951,94.7993,94.7707,0.0244,0.0285,0.0041
995,955.4,307.1,94.7971,94.8012,94.7731,0.0240,0.0281,0.0041
996,1016.4,338.1,94.7991,94.8032,94.7754,0.0237,0.0278,0.0041
997,994.1,304.4,94.8010,94.8052,94.7777,0.0233,0.0275,0.0041
998,990.4,281.9,94.8030,94.8071,94.7801,0.0230,0.0271,0.0041
999,997.6,278.4,94.8050,94.8091,94.7825,0.0225,0.0266,0.0041
1000,998.1,284.4,94.8069,94.8110,94.7848,0.0221,0.0262,0.0041
1001,1005.8,286.5,94.8088,94.8129,94.7871,0.0217,0.0258,0.0041
1002,995.7,288.6,94.8108,94.8149,94.7895,0.0213,0.0254,0.0041
1003,998.6,293.9,94.8127,94.8168,94.7920,0.0206,0.0247,0.0041
1004,1000.4,280.2,94.8146,94.8187,94.7944,0.0202,0.0243,0.0041
1005,1005.0,368.7,94.8165,94.8206,94.7967,0.0198,0.0239,0.0041
1006,1024.4,1107.6,94.8184,94.8225,94.7990,0.0194,0.0235,0.0041
1007,1115.6,374.8,94.8203,94.8244,94.8036,0.0167,0.0208,0.0041
1008,875.2,1147.5,94.8222,94.8263,94.8036,0.0186,0.0227,0.0041
1009,1152.5,333.7,94.8241,94.8282,94.8078,0.0163,0.0204,0.0041
1010,839.2,309.6,94.8259,94.8300,94.8078,0.0182,0.0222,0.0041
1011,1080.2,364.4,94.8278,94.8319,94.8101,0.0177,0.0217,0.0041
1012,908.2,319.3,94.8297,94.8337,94.8123,0.0173,0.0214,0.0041
1013,998.8,303.7,94.8315,94.8356,94.8144,0.0171,0.0212,0.0041
1014,999.6,269.8,94.8333,94.8374,94.8164,0.0170,0.0211,0.0041
1015,999.8,328.9,94.8352,94.8392,94.8184,0.0168,0.0208,0.0041
1016,1002.0,360.7,94.8370,94.8411,94.8203,0.0167,0.0207,0.0041
1017,997.9,376.3,94.8388,94.8429,94.8222,0.0166,0.0207,0.0040
1018,1009.4,424.9,94.8406,94.8447,94.8241,0.0165,0.0206,0.0040
1019,999.8,379.5,94.8424,94.8465,94.8259,0.0165,0.0205,0.0040
1020,1014.2,388.3,94.8442,94.8483,94.8280,0.0162,0.0202,0.0040
1021,2243.1,403.2,94.8460,94.8500,94.8334,0.0127,0.0167,0.0040
1022,409.8,795.8,94.8478,94.8518,94.8334,0.0144,0.0185,0.0040
1023,798.4,419.3,94.8496,94.8536,94.8353,0.0142,0.0183,0.0040
1024,507.8,283.8,94.8513,94.8554,94.8353,0.0160,0.0200,0.0040
1025,986.7,332.8,94.8531,94.8571,94.8371,0.0160,0.0200,0.0040
1026,1038.8,330.5,94.8548,94.8589,94.8390,0.0158,0.0198,0.0040
1027,995.8,310.8,94.8566,94.8606,94.8409,0.0157,0.0197,0.0040
1028,951.0,266.3,94.8583,94.8623,94.8427,0.0156,0.0196,0.0040
1029,3559.0,446.0,94.8600,94.8640,94.8493,0.0107,0.0147,0.0040
1030,449.7,270.5,94.8618,94.8658,94.8493,0.0124,0.0164,0.0040
1031,280.3,241.9,94.8635,94.8675,94.8509,0.0126,0.0166,0.0040
1032,245.1,383.9,94.8652,94.8692,94.8509,0.0143,0.0183,0.0040
1033,1264.6,249.3,94.8669,94.8709,94.8524,0.0145,0.0185,0.0040
1034,252.2,258.9,94.8686,94.8725,94.8524,0.0162,0.0202,0.0040
1035,996.5,323.3,94.8702,94.8742,94.8539,0.0164,0.0204,0.0040
1036,1014.4,354.5,94.8719,94.8759,94.8552,0.0167,0.0207,0.0040
1037,984.3,302.0,94.8736,94.8775,94.8565,0.0171,0.0211,0.0040
1038,3454.6,502.2,94.8752,94.8792,94.8625,0.0128,0.0167,0.0040
1039,509.8,270.4,94.8769,94.8809,94.8625,0.0144,0.0184,0.0040
1040,272.1,424.8,94.8785,94.8825,94.8640,0.0145,0.0184,0.0040
1041,429.4,1011.9,94.8802,94.8841,94.8640,0.0161,0.0201,0.0040
1042,1014.8,363.8,94.8818,94.8857,94.8656,0.0162,0.0202,0.0040
1043,369.9,337.1,94.8834,94.8874,94.8656,0.0178,0.0218,0.0039
1044,931.0,303.2,94.8850,94.8890,94.8670,0.0180,0.0219,0.0039
1045,1113.7,434.4,94.8866,94.8906,94.8683,0.0183,0.0223,0.0039
1046,918.1,369.2,94.8882,94.8922,94.8696,0.0186,0.0226,0.0039
1047,997.5,360.6,94.8898,94.8937,94.8710,0.0189,0.0228,0.0039
1048,1000.4,375.9,94.8914,94.8953,94.8727,0.0187,0.0227,0.0039
1049,999.4,300.2,94.8930,94.8969,94.8744,0.0186,0.0225,0.0039
1050,999.8,350.4,94.8945,94.8985,94.8761,0.0184,0.0224,0.0039
1051,1000.2,305.1,94.8961,94.9000,94.8777,0.0184,0.0223,0.0039
1052,960.1,294.8,94.8976,94.9016,94.8795,0.0182,0.0221,0.0039
1053,1017.8,317.8,94.8992,94.9031,94.8811,0.0181,0.0221,0.0039
1054,1020.8,339.2,94.9007,94.9046,94.8827,0.0180,0.0219,0.0039
1055,999.5,339.4,94.9023,94.9062,94.8845,0.0177,0.0216,0.0039
1056,1000.0,298.0,94.9038,94.9077,94.8864,0.0173,0.0212,0.0039
1057,999.7,310.9,94.9053,94.9092,94.8881,0.0172,0.0211,0.0039
1058,999.9,281.2,94.9068,94.9107,94.8896,0.0172,0.0211,0.0039
1059,987.1,315.9,94.9083,94.9122,94.8911,0.0172,0.0210,0.0039
1060,1013.8,303.6,94.9098,94.9137,94.8927,0.0171,0.0209,0.0039
1061,982.4,302.8,94.9113,94.9151,94.8943,0.0170,0.0208,0.0039
1062,1013.3,321.9,94.9127,94.9166,94.8959,0.0169,0.0207,0.0039
1063,999.0,281.3,94.9142,94.9181,94.8976,0.0166,0.0205,0.0039
1064,998.4,303.2,94.9157,94.9195,94.8993,0.0164,0.0203,0.0039
1065,1000.0,330.9,94.9171,94.9210,94.9007,0.0164,0.0203,0.0039
1066,999.0,318.9,94.9186,94.9224,94.9021,0.0165,0.0203,0.0039
1067,1005.4,290.4,94.9200,94.9238,94.9035,0.0165,0.0203,0.0039
1068,996.7,360.0,94.9214,94.9253,94.9051,0.0163,0.0201,0.0039
1069,998.8,331.8,94.9228,94.9267,94.9067,0.0161,0.0200,0.0038
1070,999.5,296.0,94.9243,94.9281,94.9083,0.0160,0.0198,0.0038
1071,1002.3,309.8,94.9257,94.9295,94.9098,0.0159,0.0197,0.0038
1072,1005.1,325.0,94.9271,94.9309,94.9114,0.0157,0.0195,0.0038
1073,1001.0,352.7,94.9284,94.9323,94.9129,0.0155,0.0193,0.0038
1074,1002.0,343.1,94.9298,94.9337,94.9145,0.0154,0.0192,0.0038
1075,998.8,355.6,94.9312,94.9350,94.9159,0.0153,0.0191,0.0038
1076,997.1,348.3,94.9326,94.9364,94.9175,0.0151,0.0189,0.0038
1077,1000.9,379.6,94.9339,94.9377,94.9190,0.0149,0.0187,0.0038
1078,999.0,346.2,94.9353,94.9391,94.9205,0.0148,0.0186,0.0038
1079,1000.6,347.5,94.9366,94.9404,94.9221,0.0145,0.0183,0.0038
1080,1002.0,363.5,94.9380,94.9418,94.9236,0.0143,0.0181,0.0038
1081,999.2,334.6,94.9393,94.9431,94.9254,0.0139,0.0177,0.0038
1082,1000.1,372.1,94.9406,94.9444,94.9269,0.0137,0.0175,0.0038
1083,1000.0,356.4,94.9419,94.9457,94.9284,0.0135,0.0173,0.0038
1084,1001.7,537.8,94.9432,94.9470,94.9300,0.0132,0.0170,0.0038
1085,1006.7,368.7,94.9445,94.9483,94.9314,0.0131,0.0169,0.0038
1086,990.1,330.5,94.9458,94.9496,94.9329,0.0129,0.0167,0.0038
1087,1019.1,372.2,94.9471,94.9509,94.9342,0.0128,0.0166,0.0038
1088,948.4,339.6,94.9484,94.9521,94.9357,0.0126,0.0164,0.0038
1089,1037.3,517.0,94.9496,94.9534,94.9370,0.0127,0.0164,0.0038
1090,1004.4,332.8,94.9509,94.9547,94.9383,0.0126,0.0164,0.0038
1091,990.9,371.0,94.9521,94.9559,94.9396,0.0126,0.0163,0.0038
1092,999.7,377.2,94.9534,94.9572,94.9409,0.0125,0.0163,0.0038
1093,1000.6,423.0,94.9546,94.9584,94.9421,0.0125,0.0163,0.0038
1094,1000.7,436.3,94.9559,94.9596,94.9433,0.0126,0.0163,0.0038
1095,998.9,369.4,94.9571,94.9608,94.9445,0.0126,0.0163,0.0037
1096,1000.1,309.6,94.9583,94.9620,94.9459,0.0124,0.0162,0.0037
1097,999.1,369.5,94.9595,94.9632,94.9471,0.0124,0.0161,0.0037
1098,1008.9,351.7,94.9607,94.9644,94.9482,0.0125,0.0162,0.0037
1099,995.9,330.5,94.9619,94.9656,94.9493,0.0125,0.0163,0.0037
1100,997.3,361.8,94.9631,94.9668,94.9505,0.0125,0.0162,0.0037
1101,1000.5,364.1,94.9642,94.9680,94.9516,0.0126,0.0163,0.0037
1102,1004.8,367.5,94.9654,94.9691,94.9529,0.0125,0.0162,0.0037
1103,996.9,349.2,94.9666,94.9703,94.9543,0.0123,0.0160,0.0037
1104,997.9,320.3,94.9677,94.9714,94.9556,0.0121,0.0159,0.0037
1105,1000.6,330.5,94.9688,94.9726,94.9568,0.0121,0.0158,0.0037
1106,1000.6,379.0,94.9700,94.9737,94.9579,0.0121,0.0158,0.0037
1107,999.1,360.8,94.9711,94.9748,94.9589,0.0122,0.0159,0.0037
1108,999.2,373.8,94.9722,94.9759,94.9601,0.0121,0.0158,0.0037
1109,999.3,376.4,94.9733,94.9770,94.9612,0.0122,0.0159,0.0037
1110,999.2,389.8,94.9744,94.9781,94.9623,0.0122,0.0159,0.0037
1111,999.5,300.5,94.9755,94.9792,94.9634,0.0121,0.0158,0.0037
1112,1002.8,361.0,94.9766,94.9803,94.9648,0.0119,0.0155,0.0037
1113,999.0,346.8,94.9777,94.9814,94.9659,0.0118,0.0155,0.0037
1114,999.3,361.0,94.9788,94.9825,94.9671,0.0117,0.0153,0.0037
1115,1001.3,389.4,94.9798,94.9835,94.9683,0.0116,0.0153,0.0037
1116,998.6,344.6,94.9809,94.9846,94.9695,0.0114,0.0151,0.0037
1117,1011.9,366.1,94.9819,94.9856,94.9708,0.0112,0.0148,0.0037
1118,1005.6,476.8,94.9830,94.9867,94.9720,0.0110,0.0147,0.0037
1119,991.9,394.0,94.9840,94.9877,94.9732,0.0109,0.0145,0.0037
1120,993.9,323.9,94.9851,94.9887,94.9745,0.0105,0.0142,0.0037
1121,1012.0,363.3,94.9861,94.9897,94.9757,0.0103,0.0140,0.0036
1122,998.7,408.3,94.9871,94.9907,94.9770,0.0101,0.0137,0.0036
1123,997.3,432.6,94.9881,94.9917,94.9782,0.0098,0.0135,0.0036
1124,993.4,346.3,94.9891,94.9927,94.9793,0.0098,0.0134,0.0036
1125,1010.8,340.7,94.9901,94.9937,94.9804,0.0096,0.0133,0.0036
1126,991.5,328.9,94.9910,94.9947,94.9815,0.0096,0.0132,0.0036
1127,996.3,325.4,94.9920,94.9956,94.9824,0.0096,0.0133,0.0036
1128,997.5,320.4,94.9930,94.9966,94.9833,0.0097,0.0133,0.0036
1129,1001.1,348.4,94.9939,94.9975,94.9842,0.0097,0.0133,0.0036
1130,997.5,390.2,94.9949,94.9985,94.9851,0.0098,0.0134,0.0036
1131,1002.8,312.2,94.9958,94.9994,94.9859,0.0100,0.0136,0.0036
1132,998.9,361.2,94.9968,95.0004,94.9867,0.0101,0.0137,0.0036
1133,999.8,319.9,94.9977,95.0013,94.9867,0.0110,0.0146,0.0036
1134,999.8,309.1,94.9986,95.0022,94.9877,0.0109,0.0145,0.0036
1135,1002.4,329.3,94.9995,95.0031,94.9886,0.0109,0.0144,0.0036
1136,1007.3,353.8,95.0004,95.0040,94.9896,0.0108,0.0144,0.0036
1137,987.0,348.5,95.0013,95.0049,94.9905,0.0108,0.0144,0.0036
1138,998.6,347.3,95.0022,95.0058,94.9914,0.0108,0.0144,0.0036
1139,999.4,346.2,95.0031,95.0066,94.9921,0.0109,0.0145,0.0036
1140,1010.7,369.0,95.0039,95.0075,94.9928,0.0111,0.0147,0.0036
1141,1010.8,373.8,95.0048,95.0084,94.9934,0.0114,0.0149,0.0036
1142,987.5,381.3,95.0056,95.0092,94.9941,0.0115,0.0151,0.0036
1143,999.9,396.2,95.0065,95.0101,94.9948,0.0117,0.0152,0.0036
1144,999.6,426.1,95.0073,95.0109,94.9956,0.0118,0.0153,0.0036
1145,994.0,558.5,95.0082,95.0117,94.9964,0.0118,0.0153,0.0036
1146,1007.3,355.4,95.0090,95.0125,94.9973,0.0117,0.0152,0.0036
1147,993.9,343.0,95.0098,95.0133,94.9981,0.0117,0.0152,0.0035
1148,1001.8,391.2,95.0106,95.0141,94.9990,0.0116,0.0151,0.0035
1149,1000.7,320.7,95.0114,95.0149,94.9999,0.0115,0.0151,0.0035
1150,999.5,336.3,95.0122,95.0157,95.0009,0.0113,0.0149,0.0035
1151,1000.3,364.5,95.0130,95.0165,95.0018,0.0111,0.0147,0.0035
1152,997.9,356.7,95.0138,95.0173,95.0029,0.0109,0.0144,0.0035
1153,999.0,378.4,95.0145,95.0180,95.0038,0.0107,0.0142,0.0035
1154,1001.8,329.7,95.0153,95.0188,95.0048,0.0105,0.0140,0.0035
1155,999.5,313.0,95.0160,95.0195,95.0057,0.0103,0.0138,0.0035
1156,1000.0,318.8,95.0168,95.0203,95.0066,0.0102,0.0137,0.0035
1157,1000.0,318.0,95.0175,95.0210,95.0073,0.0102,0.0137,0.0035
1158,1000.5,325.4,95.0182,95.0217,95.0083,0.0100,0.0135,0.0035
1159,972.8,319.1,95.0190,95.0225,95.0091,0.0098,0.0133,0.0035
1160,1022.7,346.5,95.0197,95.0232,95.0101,0.0096,0.0131,0.0035
1161,1004.2,301.6,95.0204,95.0239,95.0110,0.0093,0.0128,0.0035
1162,995.2,327.5,95.0211,95.0246,95.0121,0.0089,0.0124,0.0035
1163,1001.5,343.2,95.0218,95.0253,95.0132,0.0086,0.0121,0.0035
1164,1001.7,311.3,95.0225,95.0259,95.0141,0.0084,0.0118,0.0035
1165,994.0,313.7,95.0231,95.0266,95.0151,0.0080,0.0115,0.0035
1166,1000.0,332.0,95.0238,95.0273,95.0162,0.0076,0.0111,0.0035
1167,1009.7,341.3,95.0244,95.0279,95.0171,0.0074,0.0108,0.0035
1168,959.4,304.2,95.0251,95.0286,95.0180,0.0071,0.0106,0.0035
1169,1050.7,461.8,95.0257,95.0292,95.0188,0.0069,0.0104,0.0035
1170,990.3,343.9,95.0264,95.0298,95.0198,0.0066,0.0101,0.0035
1171,1009.3,381.9,95.0270,95.0305,95.0206,0.0064,0.0099,0.0035
1172,970.8,346.6,95.0276,95.0311,95.0213,0.0063,0.0097,0.0034
1173,1006.2,325.3,95.0282,95.0317,95.0222,0.0060,0.0095,0.0034
1174,1013.8,337.0,95.0288,95.0323,95.0232,0.0056,0.0091,0.0034
1175,998.2,328.3,95.0294,95.0329,95.0241,0.0053,0.0087,0.0034
1176,1001.5,309.9,95.0300,95.0335,95.0250,0.0050,0.0084,0.0034
1177,999.4,352.0,95.0306,95.0340,95.0259,0.0047,0.0082,0.0034
1178,1000.2,362.4,95.0312,95.0346,95.0267,0.0044,0.0079,0.0034
1179,971.6,339.3,95.0317,95.0352,95.0275,0.0042,0.0076,0.0034
1180,1027.8,341.3,95.0323,95.0357,95.0282,0.0041,0.0075,0.0034
1181,1005.1,342.9,95.0328,95.0362,95.0289,0.0040,0.0074,0.0034
1182,999.5,378.0,95.0334,95.0368,95.0296,0.0037,0.0072,0.0034
1183,1000.1,388.0,95.0339,95.0373,95.0303,0.0036,0.0070,0.0034
1184,999.2,362.0,95.0344,95.0378,95.0310,0.0034,0.0068,0.0034
1185,1006.4,366.1,95.0350,95.0383,95.0316,0.0033,0.0067,0.0034
1186,974.7,365.9,95.0355,95.0389,95.0324,0.0031,0.0065,0.0034
1187,1017.3,348.3,95.0360,95.0393,95.0330,0.0029,0.0063,0.0034
1188,1003.9,340.9,95.0365,95.0398,95.0337,0.0028,0.0062,0.0034
1189,997.1,361.4,95.0369,95.0403,95.0343,0.0026,0.0060,0.0034
1190,998.0,340.9,95.0374,95.0408,95.0350,0.0024,0.0058,0.0034
1191,1001.3,325.8,95.0379,95.0413,95.0356,0.0023,0.0057,0.0034
1192,1000.1,370.2,95.0383,95.0417,95.0362,0.0021,0.0055,0.0034
1193,998.9,356.2,95.0388,95.0422,95.0368,0.0020,0.0053,0.0034
1194,999.9,371.3,95.0392,95.0426,95.0375,0.0018,0.0051,0.0034
1195,1000.3,381.8,95.0397,95.0430,95.0380,0.0017,0.0050,0.0034
1196,997.9,371.8,95.0401,95.0435,95.0386,0.0015,0.0049,0.0034
1197,1002.2,382.4,95.0405,95.0439,95.0391,0.0014,0.0048,0.0034
1198,1000.3,366.8,95.0409,95.0443,95.0397,0.0012,0.0046,0.0033
1199,999.5,357.8,95.0414,95.0447,95.0403,0.0011,0.0044,0.0033
1200,999.8,328.1,95.0418,95.0451,95.0408,0.0009,0.0043,0.0033
1201,1000.8,327.2,95.0421,95.0455,95.0413,0.0008,0.0042,0.0033
1202,999.7,330.9,95.0425,95.0459,95.0417,0.0008,0.0042,0.0033
1203,1001.6,381.6,95.0429,95.0462,95.0421,0.0008,0.0042,0.0033
1204,994.5,307.5,95.0433,95.0466,95.0424,0.0008,0.0041,0.0033
1205,1007.9,338.1,95.0436,95.0469,95.0428,0.0008,0.0041,0.0033
1206,996.6,312.8,95.0440,95.0473,95.0433,0.0007,0.0040,0.0033
1207,1001.1,397.6,95.0443,95.0476,95.0438,0.0005,0.0038,0.0033
1208,1006.7,334.1,95.0447,95.0480,95.0443,0.0004,0.0037,0.0033
1209,988.5,309.2,95.0450,95.0483,95.0448,0.0002,0.0035,0.0033
1210,995.1,327.0,95.0453,95.0486,95.0453,0.0000,0.0033,0.0033
1211,993.0,375.5,95.0456,95.0489,95.0457,-0.0001,0.0032,0.0033
1212,1029.9,440.7,95.0459,95.0492,95.0462,-0.0002,0.0031,0.0033
1213,986.2,357.5,95.0462,95.0495,95.0466,-0.0004,0.0029,0.0033
1214,1003.6,325.5,95.0465,95.0498,95.0470,-0.0005,0.0028,0.0033
1215,1020.8,348.3,95.0468,95.0501,95.0474,-0.0006,0.0027,0.0033
1216,985.1,366.7,95.0471,95.0503,95.0478,-0.0008,0.0025,0.0033
1217,991.9,350.1,95.0473,95.0506,95.0482,-0.0009,0.0024,0.0033
1218,997.4,380.5,95.0476,95.0508,95.0487,-0.0011,0.0021,0.0033
1219,1000.2,370.7,95.0478,95.0511,95.0492,-0.0014,0.0019,0.0033
1220,999.7,330.1,95.0481,95.0513,95.0498,-0.0017,0.0015,0.0033
1221,1000.4,321.9,95.0483,95.0516,95.0503,-0.0020,0.0012,0.0033
1222,999.9,332.0,95.0485,95.0518,95.0509,-0.0024,0.0008,0.0033
1223,1002.8,321.8,95.0487,95.0520,95.0514,-0.0026,0.0006,0.0032
1224,964.6,311.2,95.0490,95.0522,95.0518,-0.0028,0.0004,0.0032
1225,1003.5,336.6,95.0492,95.0524,95.0520,-0.0028,0.0004,0.0032
1226,1032.7,320.8,95.0493,95.0526,95.0523,-0.0029,0.0003,0.0032
1227,996.6,331.4,95.0495,95.0528,95.0524,-0.0029,0.0004,0.0032
1228,999.0,336.5,95.0497,95.0529,95.0527,-0.0030,0.0002,0.0032
1229,1000.3,343.3,95.0499,95.0531,95.0530,-0.0031,0.0001,0.0032
1230,1193.3,346.4,95.0500,95.0533,95.0536,-0.0036,-0.0004,0.0032
1231,795.2,327.3,95.0502,95.0534,95.0536,-0.0034,-0.0002,0.0032
1232,1014.0,330.7,95.0503,95.0536,95.0540,-0.0037,-0.0004,0.0032
1233,997.3,319.1,95.0505,95.0537,95.0544,-0.0039,-0.0007,0.0032
1234,1472.7,694.6,95.0506,95.0538,95.0552,-0.0046,-0.0014,0.0032
1235,701.4,362.7,95.0507,95.0539,95.0555,-0.0048,-0.0016,0.0032
1236,822.0,339.4,95.0508,95.0540,95.0555,-0.0047,-0.0015,0.0032
1237,1001.1,323.6,95.0510,95.0541,95.0558,-0.0048,-0.0016,0.0032
1238,1000.8,364.8,95.0511,95.0542,95.0561,-0.0050,-0.0018,0.0032
1239,1010.7,334.0,95.0511,95.0543,95.0563,-0.0051,-0.0020,0.0032
1240,1010.0,376.3,95.0512,95.0544,95.0566,-0.0053,-0.0022,0.0032
1241,986.9,316.0,95.0513,95.0545,95.0568,-0.0055,-0.0023,0.0032
1242,983.2,361.5,95.0514,95.0545,95.0571,-0.0057,-0.0025,0.0032
1243,1012.6,370.7,95.0514,95.0546,95.0573,-0.0059,-0.0027,0.0032
1244,997.9,401.2,95.0515,95.0546,95.0576,-0.0062,-0.0030,0.0032
1245,1001.5,350.5,95.0515,95.0547,95.0579,-0.0064,-0.0032,0.0032
1246,994.2,330.8,95.0516,95.0547,95.0582,-0.0066,-0.0035,0.0032
1247,1004.2,315.9,95.0516,95.0547,95.0584,-0.0068,-0.0037,0.0032
1248,999.6,365.3,95.0516,95.0548,95.0586,-0.0070,-0.0039,0.0031
1249,1007.5,354.5,95.0516,95.0548,95.0587,-0.0071,-0.0040,0.0031
1250,988.2,320.3,95.0516,95.0548,95.0588,-0.0072,-0.0040,0.0031
1251,1012.4,357.8,95.0516,95.0548,95.0588,-0.0072,-0.0041,0.0031
1252,997.3,354.4,95.0516,95.0547,95.0588,-0.0072,-0.0041,0.0031
1253,1023.6,534.1,95.0516,95.0547,95.0589,-0.0073,-0.0042,0.0031
1254,978.0,366.5,95.0516,95.0547,95.0589,-0.0073,-0.0042,0.0031
1255,995.8,348.1,95.0515,95.0546,95.0590,-0.0075,-0.0044,0.0031
1256,1000.7,322.0,95.0515,95.0546,95.0591,-0.0076,-0.0045,0.0031
1257,990.1,319.3,95.0514,95.0545,95.0592,-0.0077,-0.0046,0.0031
1258,998.8,322.4,95.0514,95.0545,95.0593,-0.0079,-0.0048,0.0031
1259,999.9,310.8,95.0513,95.0544,95.0594,-0.0081,-0.0050,0.0031
1260,1000.0,359.9,95.0512,95.0543,95.0594,-0.0082,-0.0051,0.0031
1261,1000.1,301.2,95.0511,95.0542,95.0595,-0.0084,-0.0053,0.0031
1262,999.9,339.6,95.0511,95.0541,95.0596,-0.0085,-0.0054,0.0031
1263,999.9,301.6,95.0510,95.0540,95.0596,-0.0087,-0.0056,0.0031
1264,1000.6,285.0,95.0508,95.0539,95.0596,-0.0088,-0.0057,0.0031
1265,999.3,293.4,95.0507,95.0538,95.0596,-0.0089,-0.0058,0.0031
1266,1001.9,293.0,95.0506,95.0537,95.0596,-0.0090,-0.0059,0.0031
1267,1011.4,372.6,95.0505,95.0536,95.0596,-0.0091,-0.0061,0.0031
1268,1022.4,421.7,95.0503,95.0534,95.0596,-0.0093,-0.0062,0.0031
1269,981.0,403.5,95.0502,95.0533,95.0596,-0.0094,-0.0063,0.0031
1270,972.4,382.4,95.0500,95.0531,95.0596,-0.0096,-0.0065,0.0031
1271,1022.3,368.9,95.0499,95.0529,95.0596,-0.0097,-0.0067,0.0031
1272,1000.0,386.1,95.0497,95.0528,95.0596,-0.0099,-0.0068,0.0031
1273,998.9,356.5,95.0495,95.0526,95.0596,-0.0101,-0.0070,0.0031
1274,1000.3,333.7,95.0493,95.0524,95.0596,-0.0103,-0.0072,0.0030
1275,998.5,342.6,95.0492,95.0522,95.0596,-0.0105,-0.0074,0.0030
1276,998.7,324.2,95.0490,95.0520,95.0596,-0.0107,-0.0076,0.0030
1277,1003.0,403.1,95.0487,95.0518,95.0596,-0.0109,-0.0078,0.0030
1278,997.7,334.4,95.0485,95.0516,95.0596,-0.0111,-0.0081,0.0030
1279,1004.8,343.8,95.0483,95.0513,95.0596,-0.0113,-0.0082,0.0030
1280,993.3,330.0,95.0481,95.0511,95.0596,-0.0115,-0.0085,0.0030
1281,1018.0,325.7,95.0478,95.0508,95.0596,-0.0117,-0.0087,0.0030
1282,984.6,305.0,95.0476,95.0506,95.0596,-0.0120,-0.0090,0.0030
1283,997.6,309.3,95.0473,95.0503,95.0596,-0.0122,-0.0092,0.0030
1284,1001.3,314.0,95.0471,95.0501,95.0595,-0.0124,-0.0094,0.0030
1285,1000.0,348.7,95.0468,95.0498,95.0595,-0.0127,-0.0097,0.0030
1286,1001.0,318.4,95.0465,95.0495,95.0594,-0.0129,-0.0099,0.0030
1287,1010.2,341.2,95.0462,95.0492,95.0594,-0.0132,-0.0102,0.0030
1288,995.8,338.7,95.0459,95.0489,95.0594,-0.0135,-0.0105,0.0030
1289,996.7,311.4,95.0456,95.0486,95.0594,-0.0138,-0.0108,0.0030
1290,999.6,343.1,95.0453,95.0483,95.0594,-0.0141,-0.0111,0.0030
1291,998.9,346.3,95.0450,95.0480,95.0593,-0.0144,-0.0114,0.0030
1292,958.1,286.0,95.0447,95.0476,95.0593,-0.0146,-0.0116,0.0030
1293,1036.6,397.6,95.0443,95.0473,95.0592,-0.0149,-0.0119,0.0030
1294,975.0,328.5,95.0440,95.0469,95.0592,-0.0152,-0.0123,0.0030
1295,987.8,277.7,95.0436,95.0466,95.0592,-0.0155,-0.0126,0.0030
1296,1039.7,325.0,95.0433,95.0462,95.0591,-0.0159,-0.0129,0.0030
1297,1002.0,324.1,95.0429,95.0459,95.0591,-0.0162,-0.0132,0.0030
1298,998.0,324.7,95.0425,95.0455,95.0590,-0.0165,-0.0135,0.0030
1299,998.7,349.8,95.0421,95.0451,95.0590,-0.0168,-0.0139,0.0029
1300,1000.2,323.3,95.0418,95.0447,95.0589,-0.0171,-0.0142,0.0029
1301,1002.7,351.5,95.0414,95.0443,95.0588,-0.0175,-0.0146,0.0029
1302,997.8,323.5,95.0409,95.0439,95.0588,-0.0178,-0.0149,0.0029
1303,1004.4,327.4,95.0405,95.0435,95.0587,-0.0182,-0.0152,0.0029
1304,994.6,325.9,95.0401,95.0430,95.0586,-0.0185,-0.0156,0.0029
1305,1010.4,358.7,95.0397,95.0426,95.0586,-0.0189,-0.0160,0.0029
1306,989.7,328.1,95.0392,95.0422,95.0585,-0.0192,-0.0163,0.0029
1307,1006.6,355.9,95.0388,95.0417,95.0584,-0.0196,-0.0166,0.0029
1308,1011.2,348.1,95.0383,95.0413,95.0584,-0.0200,-0.0171,0.0029
1309,986.6,683.0,95.0379,95.0408,95.0583,-0.0204,-0.0175,0.0029
1310,1009.1,367.6,95.0374,95.0403,95.0581,-0.0207,-0.0178,0.0029
1311,1006.2,342.6,95.0369,95.0398,95.0581,-0.0211,-0.0182,0.0029
1312,984.6,347.8,95.0365,95.0393,95.0580,-0.0215,-0.0186,0.0029
1313,1084.9,508.5,95.0360,95.0389,95.0578,-0.0218,-0.0189,0.0029
1314,918.5,338.9,95.0355,95.0383,95.0578,-0.0223,-0.0194,0.0029
1315,994.0,326.2,95.0350,95.0378,95.0576,-0.0227,-0.0198,0.0029
1316,999.1,342.3,95.0344,95.0373,95.0575,-0.0231,-0.0202,0.0029
1317,1005.7,385.1,95.0339,95.0368,95.0574,-0.0235,-0.0206,0.0029
1318,996.5,357.0,95.0334,95.0362,95.0573,-0.0239,-0.0210,0.0029
1319,1015.6,418.6,95.0328,95.0357,95.0572,-0.0243,-0.0215,0.0029
1320,983.8,353.6,95.0323,95.0352,95.0570,-0.0247,-0.0218,0.0029
1321,998.4,321.2,95.0317,95.0346,95.0568,-0.0251,-0.0222,0.0029
1322,1001.8,324.9,95.0312,95.0340,95.0566,-0.0254,-0.0226,0.0029
1323,998.5,320.4,95.0306,95.0335,95.0564,-0.0258,-0.0229,0.0029
1324,1001.7,293.9,95.0300,95.0329,95.0561,-0.0261,-0.0232,0.0028
1325,1000.1,371.8,95.0294,95.0323,95.0557,-0.0263,-0.0234,0.0028
1326,999.1,353.5,95.0288,95.0317,95.0552,-0.0264,-0.0235,0.0028
1327,998.7,354.8,95.0282,95.0311,95.0545,-0.0263,-0.0235,0.0028
1328,1001.6,351.8,95.0276,95.0305,95.0537,-0.0261,-0.0232,0.0028
1329,1001.2,328.6,95.0270,95.0298,95.0525,-0.0255,-0.0227,0.0028
1330,999.6,372.4,95.0264,95.0292,95.0514,-0.0250,-0.0222,0.0028
1331,1000.0,349.8,95.0257,95.0286,95.0502,-0.0244,-0.0216,0.0028
1332,1000.8,583.9,95.0251,95.0279,95.0493,-0.0242,-0.0213,0.0028
1333,1015.7,371.8,95.0244,95.0273,95.0487,-0.0243,-0.0214,0.0028
1334,983.9,336.5,95.0238,95.0266,95.0483,-0.0245,-0.0217,0.0028
1335,1018.0,374.2,95.0231,95.0259,95.0479,-0.0248,-0.0220,0.0028
1336,979.6,331.7,95.0225,95.0253,95.0474,-0.0250,-0.0221,0.0028
1337,999.5,325.4,95.0218,95.0246,95.0467,-0.0249,-0.0221,0.0028
1338,1000.2,315.6,95.0211,95.0239,95.0460,-0.0249,-0.0221,0.0028
1339,999.1,315.8,95.0204,95.0232,95.0453,-0.0249,-0.0221,0.0028
1340,1000.1,382.8,95.0197,95.0225,95.0446,-0.0249,-0.0221,0.0028
1341,1000.0,364.6,95.0190,95.0217,95.0437,-0.0248,-0.0220,0.0028
1342,1000.1,354.7,95.0182,95.0210,95.0431,-0.0249,-0.0221,0.0028
1343,1001.1,405.8,95.0175,95.0203,95.0424,-0.0249,-0.0222,0.0028
1344,998.8,355.6,95.0168,95.0195,95.0419,-0.0251,-0.0223,0.0028
1345,1001.7,347.5,95.0160,95.0188,95.0412,-0.0252,-0.0224,0.0028
1346,1003.1,327.7,95.0153,95.0180,95.0406,-0.0253,-0.0225,0.0028
1347,1003.8,333.3,95.0145,95.0173,95.0399,-0.0254,-0.0226,0.0028
1348,971.3,368.9,95.0138,95.0165,95.0392,-0.0255,-0.0227,0.0028
1349,1021.4,352.8,95.0130,95.0157,95.0385,-0.0255,-0.0228,0.0028
1350,1009.3,378.9,95.0122,95.0149,95.0379,-0.0257,-0.0229,0.0027
1351,1017.4,356.7,95.0114,95.0141,95.0372,-0.0258,-0.0231,0.0027
1352,981.4,340.5,95.0106,95.0133,95.0366,-0.0259,-0.0232,0.0027
1353,976.4,328.2,95.0098,95.0125,95.0358,-0.0260,-0.0233,0.0027
1354,1077.7,459.0,95.0090,95.0117,95.0351,-0.0261,-0.0234,0.0027
1355,938.4,371.7,95.0082,95.0109,95.0344,-0.0263,-0.0235,0.0027
1356,1011.4,370.3,95.0073,95.0101,95.0337,-0.0263,-0.0236,0.0027
1357,997.3,351.4,95.0065,95.0092,95.0329,-0.0264,-0.0237,0.0027
1358,952.5,357.7,95.0056,95.0084,95.0320,-0.0264,-0.0237,0.0027
1359,1038.5,309.7,95.0048,95.0075,95.0313,-0.0265,-0.0238,0.0027
1360,999.0,320.8,95.0039,95.0066,95.0304,-0.0265,-0.0238,0.0027
1361,1002.5,328.4,95.0031,95.0058,95.0296,-0.0266,-0.0239,0.0027
1362,998.1,320.7,95.0022,95.0049,95.0287,-0.0265,-0.0238,0.0027
1363,999.5,315.9,95.0013,95.0040,95.0279,-0.0266,-0.0239,0.0027
1364,1001.1,318.4,95.0004,95.0031,95.0271,-0.0267,-0.0240,0.0027
1365,998.5,316.4,94.9995,95.0022,95.0263,-0.0268,-0.0241,0.0027
1366,1007.9,376.5,94.9986,95.0013,95.0254,-0.0268,-0.0241,0.0027
1367,995.9,356.0,94.9977,95.0004,95.0246,-0.0269,-0.0243,0.0027
1368,999.4,388.0,94.9968,94.9994,95.0238,-0.0271,-0.0244,0.0027
1369,1003.1,390.6,94.9958,94.9985,95.0230,-0.0272,-0.0245,0.0027
1370,998.1,337.6,94.9949,94.9975,95.0221,-0.0272,-0.0245,0.0027
1371,977.3,336.7,94.9939,94.9966,95.0212,-0.0273,-0.0246,0.0027
1372,991.8,363.8,94.9930,94.9956,95.0203,-0.0273,-0.0247,0.0027
1373,1029.6,334.1,94.9920,94.9947,95.0193,-0.0273,-0.0247,0.0027
1374,970.1,331.6,94.9910,94.9937,95.0182,-0.0272,-0.0245,0.0027
1375,1033.0,394.0,94.9901,94.9927,95.0172,-0.0271,-0.0245,0.0026
1376,996.5,355.8,94.9891,94.9917,95.0162,-0.0272,-0.0245,0.0026
1377,999.9,350.3,94.9881,94.9907,95.0152,-0.0272,-0.0245,0.0026
1378,997.8,323.9,94.9871,94.9897,95.0143,-0.0272,-0.0246,0.0026
1379,1000.7,330.8,94.9861,94.9887,95.0133,-0.0273,-0.0246,0.0026
1380,1001.1,326.6,94.9851,94.9877,95.0124,-0.0274,-0.0247,0.0026
1381,998.2,354.0,94.9840,94.9867,95.0114,-0.0274,-0.0247,0.0026
1382,999.8,330.4,94.9830,94.9856,95.0102,-0.0272,-0.0246,0.0026
1383,999.9,341.8,94.9819,94.9846,95.0092,-0.0272,-0.0246,0.0026
1384,1001.3,471.4,94.9809,94.9835,95.0081,-0.0272,-0.0246,0.0026
1385,1000.1,338.1,94.9798,94.9825,95.0070,-0.0272,-0.0246,0.0026
1386,998.2,324.2,94.9788,94.9814,95.0058,-0.0270,-0.0244,0.0026
1387,1001.0,326.0,94.9777,94.9803,95.0046,-0.0269,-0.0243,0.0026
1388,1001.0,313.3,94.9766,94.9792,95.0035,-0.0269,-0.0243,0.0026
1389,1010.1,358.2,94.9755,94.9781,95.0025,-0.0269,-0.0244,0.0026
1390,993.6,362.7,94.9744,94.9770,95.0013,-0.0269,-0.0243,0.0026
1391,997.2,309.0,94.9733,94.9759,95.0004,-0.0270,-0.0244,0.0026
1392,1014.3,360.0,94.9722,94.9748,94.9994,-0.0272,-0.0246,0.0026
1393,1003.6,403.4,94.9711,94.9737,94.9984,-0.0273,-0.0247,0.0026
1394,985.8,392.1,94.9700,94.9726,94.9972,-0.0272,-0.0246,0.0026
1395,996.1,335.2,94.9688,94.9714,94.9961,-0.0273,-0.0247,0.0026
1396,1002.3,373.8,94.9677,94.9703,94.9950,-0.0273,-0.0247,0.0026
1397,997.2,364.1,94.9666,94.9691,94.9938,-0.0272,-0.0246,0.0026
1398,999.3,333.9,94.9654,94.9680,94.9926,-0.0272,-0.0246,0.0026
1399,1000.8,334.9,94.9642,94.9668,94.9915,-0.0272,-0.0247,0.0026
1400,998.0,392.9,94.9631,94.9656,94.9904,-0.0274,-0.0248,0.0026
1401,998.8,368.7,94.9619,94.9644,94.9895,-0.0276,-0.0251,0.0025
1402,1001.2,395.0,94.9607,94.9632,94.9887,-0.0280,-0.0255,0.0025
1403,999.9,396.9,94.9595,94.9620,94.9879,-0.0284,-0.0259,0.0025
1404,972.7,363.0,94.9583,94.9608,94.9870,-0.0287,-0.0262,0.0025
1405,1036.8,365.5,94.9571,94.9596,94.9861,-0.0291,-0.0265,0.0025
1406,1699.5,398.9,94.9559,94.9584,94.9843,-0.0284,-0.0259,0.0025
1407,406.8,379.4,94.9546,94.9572,94.9843,-0.0297,-0.0271,0.0025
1408,894.6,390.4,94.9534,94.9559,94.9832,-0.0299,-0.0273,0.0025
1409,995.4,334.4,94.9521,94.9547,94.9823,-0.0301,-0.0276,0.0025
1410,998.2,328.9,94.9509,94.9534,94.9813,-0.0304,-0.0279,0.0025
1411,994.6,385.4,94.9496,94.9521,94.9802,-0.0306,-0.0280,0.0025
1412,1009.5,363.0,94.9484,94.9509,94.9793,-0.0310,-0.0284,0.0025
1413,996.8,323.7,94.9471,94.9496,94.9785,-0.0314,-0.0289,0.0025
1414,1001.1,335.2,94.9458,94.9483,94.9775,-0.0317,-0.0292,0.0025
1415,1000.2,353.2,94.9445,94.9470,94.9766,-0.0321,-0.0296,0.0025
1416,997.5,342.2,94.9432,94.9457,94.9757,-0.0324,-0.0300,0.0025
1417,999.8,367.8,94.9419,94.9444,94.9748,-0.0329,-0.0304,0.0025
1418,999.7,380.7,94.9406,94.9431,94.9737,-0.0331,-0.0306,0.0025
1419,1002.0,411.4,94.9393,94.9418,94.9727,-0.0334,-0.0309,0.0025
1420,998.1,404.8,94.9380,94.9404,94.9716,-0.0336,-0.0311,0.0025
1421,997.9,376.1,94.9366,94.9391,94.9704,-0.0338,-0.0313,0.0025
1422,999.7,397.0,94.9353,94.9377,94.9691,-0.0338,-0.0314,0.0025
1423,1008.4,352.0,94.9339,94.9364,94.9678,-0.0339,-0.0314,0.0025
1424,999.0,320.8,94.9326,94.9350,94.9665,-0.0339,-0.0315,0.0025
1425,1000.2,408.0,94.9312,94.9337,94.9651,-0.0339,-0.0315,0.0025
1426,999.2,695.7,94.9298,94.9323,94.9637,-0.0339,-0.0315,0.0025
1427,1011.0,371.6,94.9284,94.9309,94.9624,-0.0339,-0.0315,0.0024
1428,981.9,373.7,94.9271,94.9295,94.9611,-0.0340,-0.0316,0.0024
1429,999.3,357.2,94.9257,94.9281,94.9596,-0.0340,-0.0315,0.0024
1430,1014.9,344.4,94.9243,94.9267,94.9581,-0.0339,-0.0314,0.0024
1431,986.9,355.7,94.9228,94.9253,94.9567,-0.0339,-0.0314,0.0024
1432,999.7,349.2,94.9214,94.9238,94.9553,-0.0339,-0.0315,0.0024
1433,998.5,358.6,94.9200,94.9224,94.9541,-0.0341,-0.0317,0.0024
1434,1001.2,365.5,94.9186,94.9210,94.9529,-0.0343,-0.0319,0.0024
1435,1006.4,369.3,94.9171,94.9195,94.9516,-0.0345,-0.0321,0.0024
1436,994.9,347.2,94.9157,94.9181,94.9504,-0.0348,-0.0324,0.0024
1437,1006.5,378.3,94.9142,94.9166,94.9491,-0.0349,-0.0325,0.0024
1438,989.2,349.3,94.9127,94.9151,94.9476,-0.0349,-0.0325,0.0024
1439,1004.4,339.2,94.9113,94.9137,94.9461,-0.0349,-0.0325,0.0024
1440,1000.0,393.8,94.9098,94.9122,94.9447,-0.0349,-0.0325,0.0024
1441,1002.0,381.7,94.9083,94.9107,94.9434,-0.0351,-0.0327,0.0024
1442,998.1,386.2,94.9068,94.9092,94.9419,-0.0351,-0.0328,0.0024
1443,998.6,367.3,94.9053,94.9077,94.9407,-0.0354,-0.0331,0.0024
1444,1020.0,443.1,94.9038,94.9062,94.9394,-0.0356,-0.0333,0.0024
1445,982.0,736.9,94.9023,94.9046,94.9381,-0.0358,-0.0334,0.0024
1446,998.2,370.7,94.9007,94.9031,94.9366,-0.0359,-0.0335,0.0024
1447,1001.4,417.8,94.8992,94.9016,94.9353,-0.0361,-0.0337,0.0024
1448,999.4,336.6,94.8976,94.9000,94.9340,-0.0363,-0.0340,0.0024
1449,999.5,324.7,94.8961,94.8985,94.9327,-0.0366,-0.0342,0.0024
1450,1014.7,355.8,94.8945,94.8969,94.9312,-0.0367,-0.0343,0.0024
1451,950.1,335.0,94.8930,94.8953,94.9299,-0.0369,-0.0346,0.0024
1452,1039.8,342.9,94.8914,94.8937,94.9286,-0.0372,-0.0348,0.0024
1453,997.0,355.4,94.8898,94.8922,94.9272,-0.0374,-0.0351,0.0023
1454,1000.0,309.4,94.8882,94.8906,94.9257,-0.0375,-0.0352,0.0023
1455,990.0,342.1,94.8866,94.8890,94.9243,-0.0376,-0.0353,0.0023
1456,1006.5,399.4,94.8850,94.8874,94.9228,-0.0378,-0.0354,0.0023
1457,1006.3,393.3,94.8834,94.8857,94.9213,-0.0379,-0.0356,0.0023
1458,998.6,364.5,94.8818,94.8841,94.9198,-0.0380,-0.0357,0.0023
1459,1005.2,335.2,94.8802,94.8825,94.9182,-0.0381,-0.0357,0.0023
1460,995.1,324.8,94.8785,94.8809,94.9166,-0.0381,-0.0358,0.0023
1461,999.7,346.7,94.8769,94.8792,94.9150,-0.0381,-0.0358,0.0023
1462,999.7,397.4,94.8752,94.8775,94.9129,-0.0376,-0.0353,0.0023
1463,999.6,378.9,94.8736,94.8759,94.9111,-0.0376,-0.0353,0.0023
1464,1001.1,333.7,94.8719,94.8742,94.9094,-0.0375,-0.0352,0.0023
1465,1005.7,393.2,94.8702,94.8725,94.9077,-0.0375,-0.0352,0.0023
1466,992.9,351.1,94.8686,94.8709,94.9060,-0.0375,-0.0352,0.0023
1467,999.7,356.4,94.8669,94.8692,94.9044,-0.0376,-0.0353,0.0023
1468,1013.8,412.8,94.8652,94.8675,94.9027,-0.0376,-0.0353,0.0023
1469,997.6,416.2,94.8635,94.8658,94.9010,-0.0375,-0.0352,0.0023
1470,965.9,405.4,94.8618,94.8640,94.8993,-0.0375,-0.0353,0.0023
1471,1020.3,311.8,94.8600,94.8623,94.8977,-0.0377,-0.0354,0.0023
1472,1050.8,411.9,94.8583,94.8606,94.8960,-0.0377,-0.0354,0.0023
1473,924.6,343.1,94.8566,94.8589,94.8942,-0.0377,-0.0354,0.0023
1474,1029.0,372.1,94.8548,94.8571,94.8927,-0.0378,-0.0356,0.0023
1475,996.0,342.2,94.8531,94.8554,94.8911,-0.0380,-0.0358,0.0023
1476,999.4,328.8,94.8513,94.8536,94.8894,-0.0381,-0.0358,0.0023
1477,1001.1,325.2,94.8496,94.8518,94.8894,-0.0399,-0.0376,0.0023
1478,999.5,315.9,94.8478,94.8500,94.8876,-0.0398,-0.0375,0.0023
1479,1006.8,408.8,94.8460,94.8483,94.8858,-0.0398,-0.0375,0.0022
1480,993.7,333.4,94.8442,94.8465,94.8841,-0.0399,-0.0376,0.0022
1481,1010.2,392.4,94.8424,94.8447,94.8824,-0.0399,-0.0377,0.0022
1482,991.4,392.9,94.8406,94.8429,94.8806,-0.0399,-0.0377,0.0022
1483,999.4,344.4,94.8388,94.8411,94.8789,-0.0400,-0.0378,0.0022
1484,998.0,363.7,94.8370,94.8392,94.8771,-0.0401,-0.0379,0.0022
1485,999.9,330.5,94.8352,94.8374,94.8752,-0.0400,-0.0378,0.0022
1486,1009.9,385.8,94.8333,94.8356,94.8731,-0.0398,-0.0376,0.0022
1487,1004.9,708.8,94.8315,94.8337,94.8713,-0.0398,-0.0376,0.0022
1488,976.6,348.5,94.8297,94.8319,94.8695,-0.0398,-0.0376,0.0022
1489,1010.4,334.5,94.8278,94.8300,94.8676,-0.0398,-0.0376,0.0022
1490,1009.0,350.8,94.8259,94.8282,94.8656,-0.0396,-0.0374,0.0022
1491,1078.5,350.0,94.8241,94.8263,94.8636,-0.0395,-0.0373,0.0022
1492,916.8,340.6,94.8222,94.8244,94.8617,-0.0395,-0.0373,0.0022
1493,997.3,371.0,94.8203,94.8225,94.8599,-0.0396,-0.0374,0.0022
1494,999.7,421.1,94.8184,94.8206,94.8579,-0.0395,-0.0373,0.0022
1495,1006.6,368.3,94.8165,94.8187,94.8561,-0.0396,-0.0374,0.0022
1496,991.0,352.7,94.8146,94.8168,94.8543,-0.0397,-0.0375,0.0022
1497,1000.6,357.7,94.8127,94.8149,94.8527,-0.0400,-0.0378,0.0022
1498,1000.9,332.7,94.8108,94.8129,94.8508,-0.0400,-0.0379,0.0022
1499,999.0,323.5,94.8088,94.8110,94.8491,-0.0403,-0.0381,0.0022
1500,999.3,301.7,94.8069,94.8091,94.8473,-0.0404,-0.0382,0.0022
1501,1002.1,329.5,94.8050,94.8071,94.8455,-0.0406,-0.0384,0.0022
1502,999.2,342.0,94.8030,94.8052,94.8439,-0.0409,-0.0387,0.0022
1503,999.3,383.1,94.8010,94.8032,94.8422,-0.0412,-0.0390,0.0022
1504,1001.2,314.4,94.7991,94.8012,94.8406,-0.0415,-0.0394,0.0022
1505,1003.0,344.4,94.7971,94.7993,94.8390,-0.0419,-0.0397,0.0022
1506,998.8,345.0,94.7951,94.7973,94.8372,-0.0421,-0.0399,0.0021
1507,1004.5,381.1,94.7931,94.7953,94.8355,-0.0424,-0.0403,0.0021
1508,994.4,815.0,94.7911,94.7933,94.8338,-0.0427,-0.0405,0.0021
1509,1002.9,371.3,94.7891,94.7913,94.8320,-0.0429,-0.0408,0.0021
1510,987.6,402.4,94.7871,94.7892,94.8301,-0.0430,-0.0408,0.0021
1511,1012.2,343.8,94.7851,94.7872,94.8281,-0.0430,-0.0409,0.0021
1512,993.2,352.5,94.7831,94.7852,94.8260,-0.0430,-0.0409,0.0021
1513,996.2,359.6,94.7810,94.7832,94.8241,-0.0431,-0.0409,0.0021
1514,999.5,311.1,94.7790,94.7811,94.8220,-0.0430,-0.0409,0.0021
1515,998.9,306.8,94.7769,94.7790,94.8201,-0.0431,-0.0410,0.0021
1516,999.3,356.4,94.7749,94.7770,94.8181,-0.0432,-0.0411,0.0021
1517,1001.0,492.9,94.7728,94.7749,94.8161,-0.0433,-0.0412,0.0021
1518,999.0,457.2,94.7707,94.7728,94.8140,-0.0433,-0.0412,0.0021
1519,1000.9,510.6,94.7687,94.7708,94.8120,-0.0433,-0.0412,0.0021
1520,1000.2,367.6,94.7666,94.7687,94.8100,-0.0435,-0.0414,0.0021
1521,1000.9,463.9,94.7645,94.7666,94.8081,-0.0436,-0.0415,0.0021
1522,999.4,340.2,94.7624,94.7645,94.8060,-0.0436,-0.0415,0.0021
1523,999.7,571.1,94.7603,94.7624,94.8041,-0.0438,-0.0417,0.0021
1524,1000.3,305.3,94.7581,94.7602,94.8021,-0.0439,-0.0418,0.0021
1525,1007.3,305.4,94.7560,94.7581,94.7999,-0.0439,-0.0418,0.0021
1526,992.7,354.0,94.7539,94.7560,94.7975,-0.0437,-0.0416,0.0021
1527,1001.6,318.5,94.7518,94.7538,94.7954,-0.0436,-0.0415,0.0021
1528,999.0,248.5,94.7496,94.7517,94.7932,-0.0436,-0.0415,0.0021
1529,998.0,671.7,94.7475,94.7495,94.7911,-0.0436,-0.0415,0.0021
1530,1011.8,356.3,94.7453,94.7473,94.7889,-0.0436,-0.0416,0.0021
1531,998.7,315.1,94.7431,94.7452,94.7866,-0.0435,-0.0415,0.0021
1532,1007.9,378.7,94.7409,94.7430,94.7845,-0.0435,-0.0415,0.0021
1533,990.5,388.0,94.7388,94.7408,94.7822,-0.0435,-0.0414,0.0020
1534,999.9,369.6,94.7366,94.7386,94.7798,-0.0433,-0.0412,0.0020
1535,1000.1,354.8,94.7344,94.7364,94.7773,-0.0429,-0.0409,0.0020
1536,999.1,339.2,94.7322,94.7342,94.7749,-0.0428,-0.0407,0.0020
1537,999.6,384.1,94.7300,94.7320,94.7726,-0.0426,-0.0406,0.0020
1538,998.8,337.9,94.7277,94.7298,94.7702,-0.0425,-0.0404,0.0020
1539,1001.5,325.3,94.7255,94.7275,94.7677,-0.0422,-0.0402,0.0020
1540,998.4,339.2,94.7233,94.7253,94.7653,-0.0421,-0.0400,0.0020
1541,1001.4,374.4,94.7210,94.7230,94.7629,-0.0419,-0.0399,0.0020
1542,999.3,388.4,94.7188,94.7208,94.7606,-0.0419,-0.0399,0.0020
1543,1015.6,393.8,94.7165,94.7185,94.7582,-0.0417,-0.0397,0.0020
1544,987.1,392.6,94.7142,94.7163,94.7560,-0.0417,-0.0397,0.0020
1545,998.4,366.3,94.7120,94.7140,94.7536,-0.0416,-0.0396,0.0020
1546,980.4,343.3,94.7097,94.7117,94.7513,-0.0416,-0.0396,0.0020
1547,1030.0,362.7,94.7074,94.7094,94.7489,-0.0415,-0.0395,0.0020
1548,980.9,353.4,94.7051,94.7071,94.7466,-0.0415,-0.0395,0.0020
1549,1008.6,318.0,94.7028,94.7048,94.7442,-0.0414,-0.0394,0.0020
1550,999.7,340.4,94.7005,94.7025,94.7417,-0.0412,-0.0392,0.0020
1551,998.2,302.4,94.6982,94.7002,94.7389,-0.0407,-0.0387,0.0020
1552,999.7,312.2,94.6959,94.6978,94.7363,-0.0404,-0.0384,0.0020
1553,1001.0,339.6,94.6935,94.6955,94.7339,-0.0404,-0.0384,0.0020
1554,999.9,353.0,94.6912,94.6932,94.7316,-0.0404,-0.0384,0.0020
1555,999.9,370.9,94.6888,94.6908,94.7294,-0.0405,-0.0386,0.0020
1556,999.1,363.2,94.6865,94.6885,94.7270,-0.0405,-0.0385,0.0020
1557,1000.9,378.4,94.6841,94.6861,94.7247,-0.0406,-0.0386,0.0020
1558,999.9,378.7,94.6818,94.6837,94.7227,-0.0409,-0.0389,0.0020
1559,1000.3,332.8,94.6794,94.6813,94.7206,-0.0412,-0.0392,0.0020
1560,1002.1,364.7,94.6770,94.6790,94.7184,-0.0414,-0.0395,0.0019
1561,997.8,379.0,94.6746,94.6766,94.7164,-0.0418,-0.0399,0.0019
1562,1021.4,363.9,94.6722,94.6742,94.7144,-0.0422,-0.0403,0.0019
1563,997.6,548.0,94.6698,94.6718,94.7124,-0.0426,-0.0407,0.0019
1564,984.6,345.9,94.6674,94.6693,94.7102,-0.0428,-0.0408,0.0019
1565,998.1,329.9,94.6650,94.6669,94.7081,-0.0431,-0.0412,0.0019
1566,1005.4,366.5,94.6626,94.6645,94.7062,-0.0436,-0.0417,0.0019
1567,1001.6,354.6,94.6601,94.6620,94.7042,-0.0441,-0.0422,0.0019
1568,993.3,409.7,94.6577,94.6596,94.7020,-0.0443,-0.0424,0.0019
1569,1001.1,405.8,94.6552,94.6572,94.6998,-0.0446,-0.0427,0.0019
1570,999.6,360.2,94.6528,94.6547,94.6974,-0.0446,-0.0427,0.0019
1571,998.1,390.0,94.6503,94.6522,94.6950,-0.0447,-0.0428,0.0019
1572,998.6,389.1,94.6478,94.6498,94.6925,-0.0446,-0.0427,0.0019
1573,1000.0,388.3,94.6454,94.6473,94.6901,-0.0447,-0.0428,0.0019
1574,999.6,346.6,94.6429,94.6448,94.6878,-0.0449,-0.0430,0.0019
1575,1006.9,396.7,94.6404,94.6423,94.6854,-0.0450,-0.0431,0.0019
1576,994.3,354.8,94.6379,94.6398,94.6829,-0.0450,-0.0431,0.0019
1577,998.8,363.8,94.6354,94.6373,94.6805,-0.0451,-0.0432,0.0019
1578,1000.1,337.0,94.6329,94.6348,94.6783,-0.0454,-0.0435,0.0019
1579,1000.8,308.4,94.6304,94.6322,94.6760,-0.0456,-0.0438,0.0019
1580,1001.2,325.4,94.6278,94.6297,94.6735,-0.0457,-0.0438,0.0019
1581,1201.0,371.9,94.6253,94.6272,94.6689,-0.0436,-0.0417,0.0019
1582,800.1,340.4,94.6227,94.6246,94.6689,-0.0461,-0.0442,0.0019
1583,997.2,336.9,94.6202,94.6221,94.6666,-0.0464,-0.0446,0.0019
1584,1001.7,326.3,94.6176,94.6195,94.6644,-0.0468,-0.0449,0.0019
1585,999.7,340.5,94.6151,94.6169,94.6620,-0.0469,-0.0451,0.0019
1586,1242.6,301.2,94.6125,94.6144,94.6572,-0.0447,-0.0429,0.0019
1587,761.7,331.0,94.6099,94.6118,94.6572,-0.0473,-0.0455,0.0018
1588,1000.2,352.4,94.6073,94.6092,94.6547,-0.0473,-0.0455,0.0018
1589,1002.1,336.1,94.6048,94.6066,94.6519,-0.0471,-0.0453,0.0018
1590,997.9,333.4,94.6022,94.6040,94.6492,-0.0470,-0.0452,0.0018
1591,1001.3,331.1,94.5995,94.6014,94.6466,-0.0470,-0.0452,0.0018
1592,998.6,340.6,94.5969,94.5988,94.6439,-0.0470,-0.0451,0.0018
1593,999.4,309.0,94.5943,94.5961,94.6411,-0.0468,-0.0450,0.0018
1594,999.8,398.7,94.5917,94.5935,94.6387,-0.0470,-0.0452,0.0018
1595,998.9,356.2,94.5890,94.5909,94.6364,-0.0474,-0.0456,0.0018
1596,998.5,324.4,94.5864,94.5882,94.6341,-0.0477,-0.0459,0.0018
1597,1060.4,370.5,94.5837,94.5856,94.6317,-0.0479,-0.0461,0.0018
1598,937.3,313.3,94.5811,94.5829,94.6294,-0.0483,-0.0465,0.0018
1599,995.8,304.3,94.5784,94.5802,94.6269,-0.0485,-0.0467,0.0018
1600,999.4,353.3,94.5758,94.5776,94.6246,-0.0488,-0.0470,0.0018
1601,1021.4,349.3,94.5731,94.5749,94.6221,-0.0490,-0.0472,0.0018
1602,991.4,371.7,94.5704,94.5722,94.6198,-0.0494,-0.0476,0.0018
1603,998.1,337.1,94.5677,94.5695,94.6174,-0.0497,-0.0479,0.0018
1604,1000.6,331.3,94.5650,94.5668,94.6151,-0.0501,-0.0483,0.0018
1605,1048.8,380.8,94.5623,94.5641,94.6125,-0.0502,-0.0484,0.0018
1606,960.0,371.4,94.5596,94.5614,94.6099,-0.0504,-0.0486,0.0018
1607,1002.0,377.7,94.5569,94.5586,94.6074,-0.0505,-0.0487,0.0018
1608,987.0,334.0,94.5541,94.5559,94.6049,-0.0507,-0.0490,0.0018
1609,994.7,317.6,94.5514,94.5532,94.6022,-0.0508,-0.0490,0.0018
1610,996.4,301.5,94.5486,94.5504,94.5997,-0.0511,-0.0493,0.0018
1611,998.9,288.0,94.5459,94.5477,94.5973,-0.0514,-0.0497,0.0018
1612,1000.3,349.1,94.5431,94.5449,94.5950,-0.0519,-0.0501,0.0018
1613,999.4,342.3,94.5404,94.5421,94.5924,-0.0521,-0.0503,0.0018
1614,1000.4,330.4,94.5376,94.5394,94.5901,-0.0525,-0.0508,0.0018
1615,1000.6,310.6,94.5348,94.5366,94.5879,-0.0530,-0.0513,0.0018
1616,998.6,291.1,94.5320,94.5338,94.5855,-0.0535,-0.0517,0.0017
1617,1007.3,347.2,94.5292,94.5310,94.5830,-0.0538,-0.0520,0.0017
1618,1002.5,391.4,94.5264,94.5282,94.5807,-0.0542,-0.0525,0.0017
1619,1000.1,727.7,94.5236,94.5254,94.5782,-0.0546,-0.0528,0.0017
1620,1007.2,466.1,94.5208,94.5226,94.5758,-0.0549,-0.0532,0.0017
1621,995.4,400.3,94.5180,94.5197,94.5731,-0.0551,-0.0534,0.0017
1622,991.0,290.9,94.5152,94.5169,94.5705,-0.0554,-0.0536,0.0017
1623,1011.1,368.1,94.5123,94.5141,94.5679,-0.0555,-0.0538,0.0017
1624,1010.7,398.2,94.5095,94.5112,94.5652,-0.0557,-0.0540,0.0017
1625,992.7,360.8,94.5067,94.5084,94.5624,-0.0558,-0.0540,0.0017
1626,1003.3,361.8,94.5038,94.5055,94.5596,-0.0558,-0.0541,0.0017
1627,989.9,341.4,94.5009,94.5026,94.5567,-0.0558,-0.0540,0.0017
1628,999.9,353.9,94.4981,94.4998,94.5538,-0.0557,-0.0540,0.0017
1629,996.0,312.7,94.4952,94.4969,94.5508,-0.0556,-0.0539,0.0017
1630,1003.4,326.6,94.4923,94.4940,94.5481,-0.0558,-0.0541,0.0017
1631,1001.9,317.1,94.4894,94.4911,94.5452,-0.0558,-0.0541,0.0017
1632,999.8,378.3,94.4865,94.4882,94.5423,-0.0558,-0.0541,0.0017
1633,999.3,319.9,94.4836,94.4853,94.5392,-0.0556,-0.0539,0.0017
1634,1001.2,356.0,94.4807,94.4824,94.5363,-0.0556,-0.0539,0.0017
1635,997.5,336.4,94.4778,94.4795,94.5334,-0.0556,-0.0540,0.0017
1636,1002.3,344.3,94.4749,94.4765,94.5304,-0.0556,-0.0539,0.0017
1637,996.9,314.2,94.4719,94.4736,94.5272,-0.0553,-0.0536,0.0017
1638,1001.7,1154.5,94.4690,94.4706,94.5241,-0.0551,-0.0534,0.0017
1639,1160.7,413.8,94.4660,94.4677,94.5172,-0.0511,-0.0495,0.0017
1640,843.9,382.1,94.4631,94.4647,94.5172,-0.0541,-0.0524,0.0017
1641,1012.3,514.4,94.4601,94.4618,94.5137,-0.0536,-0.0520,0.0017
1642,1002.3,448.6,94.4571,94.4588,94.5106,-0.0534,-0.0518,0.0017
1643,980.0,389.8,94.4542,94.4558,94.5075,-0.0533,-0.0516,0.0017
1644,1013.2,423.9,94.4512,94.4528,94.5044,-0.0532,-0.0516,0.0016
1645,993.4,367.9,94.4482,94.4498,94.5011,-0.0529,-0.0513,0.0016
1646,996.3,323.3,94.4452,94.4468,94.4982,-0.0530,-0.0514,0.0016
1647,1002.8,337.6,94.4422,94.4438,94.4953,-0.0531,-0.0515,0.0016
1648,999.7,353.1,94.4392,94.4408,94.4924,-0.0532,-0.0515,0.0016
1649,995.2,313.1,94.4362,94.4378,94.4890,-0.0529,-0.0512,0.0016
1650,1009.8,359.6,94.4332,94.4348,94.4857,-0.0526,-0.0509,0.0016
1651,991.6,342.9,94.4301,94.4317,94.4824,-0.0523,-0.0506,0.0016
1652,999.8,345.3,94.4271,94.4287,94.4791,-0.0520,-0.0504,0.0016
1653,998.9,339.9,94.4240,94.4257,94.4756,-0.0515,-0.0499,0.0016
1654,1001.2,338.4,94.4210,94.4226,94.4756,-0.0546,-0.0530,0.0016
1655,999.7,343.8,94.4179,94.4195,94.4725,-0.0545,-0.0529,0.0016
1656,1001.3,345.2,94.4149,94.4165,94.4693,-0.0544,-0.0528,0.0016
1657,1011.4,353.4,94.4118,94.4134,94.4658,-0.0540,-0.0524,0.0016
1658,993.4,341.2,94.4087,94.4103,94.4625,-0.0538,-0.0522,0.0016
1659,997.3,343.6,94.4056,94.4072,94.4591,-0.0535,-0.0519,0.0016
1660,1000.3,345.0,94.4025,94.4041,94.4559,-0.0534,-0.0518,0.0016
1661,990.0,283.7,94.3994,94.4010,94.4526,-0.0532,-0.0516,0.0016
1662,1002.1,296.0,94.3963,94.3979,94.4497,-0.0534,-0.0518,0.0016
1663,1001.5,307.1,94.3932,94.3948,94.4467,-0.0535,-0.0519,0.0016
1664,1005.5,364.1,94.3901,94.3917,94.4437,-0.0536,-0.0520,0.0016
1665,986.0,398.8,94.3870,94.3885,94.4404,-0.0534,-0.0519,0.0016
1666,1002.2,371.4,94.3838,94.3854,94.4373,-0.0535,-0.0519,0.0016
1667,997.1,344.1,94.3807,94.3823,94.4341,-0.0534,-0.0518,0.0016
1668,1001.7,339.5,94.3776,94.3791,94.4309,-0.0533,-0.0518,0.0016
1669,1000.2,303.0,94.3744,94.3760,94.4275,-0.0531,-0.0515,0.0016
1670,999.4,253.2,94.3712,94.3728,94.4242,-0.0529,-0.0514,0.0016
1671,999.0,287.0,94.3681,94.3696,94.4209,-0.0528,-0.0513,0.0016
1672,1002.6,299.5,94.3649,94.3664,94.4177,-0.0528,-0.0512,0.0016
1673,999.0,229.9,94.3617,94.3633,94.4143,-0.0525,-0.0510,0.0015
1674,1000.2,276.1,94.3585,94.3601,94.4112,-0.0527,-0.0511,0.0015
1675,998.9,238.4,94.3553,94.3569,94.4082,-0.0528,-0.0513,0.0015
1676,1000.2,230.3,94.3521,94.3537,94.4052,-0.0530,-0.0515,0.0015
1677,1010.3,365.9,94.3489,94.3505,94.4021,-0.0531,-0.0516,0.0015
1678,3665.6,511.5,94.3457,94.3472,94.3896,-0.0439,-0.0424,0.0015
1679,520.3,450.0,94.3425,94.3440,94.3864,-0.0439,-0.0423,0.0015
1680,461.7,323.4,94.3393,94.3408,94.3864,-0.0471,-0.0456,0.0015
1681,325.0,271.7,94.3360,94.3375,94.3864,-0.0503,-0.0488,0.0015
1682,274.3,598.5,94.3328,94.3343,94.3831,-0.0504,-0.0488,0.0015
1683,763.1,336.6,94.3295,94.3310,94.3831,-0.0536,-0.0521,0.0015
1684,1013.3,366.3,94.3263,94.3278,94.3801,-0.0538,-0.0523,0.0015
1685,968.3,263.4,94.3230,94.3245,94.3770,-0.0540,-0.0525,0.0015
1686,999.0,270.5,94.3197,94.3212,94.3745,-0.0547,-0.0532,0.0015
1687,998.1,314.0,94.3165,94.3180,94.3719,-0.0554,-0.0539,0.0015
1688,1002.1,246.6,94.3132,94.3147,94.3691,-0.0560,-0.0545,0.0015
1689,998.5,315.5,94.3099,94.3114,94.3660,-0.0561,-0.0546,0.0015
1690,1000.4,267.1,94.3066,94.3081,94.3629,-0.0563,-0.0548,0.0015
1691,999.9,241.8,94.3033,94.3048,94.3598,-0.0565,-0.0550,0.0015
1692,998.7,351.9,94.3000,94.3015,94.3568,-0.0568,-0.0553,0.0015
1693,1002.1,296.1,94.2967,94.2981,94.3538,-0.0571,-0.0557,0.0015
1694,999.1,329.3,94.2933,94.2948,94.3510,-0.0576,-0.0562,0.0015
1695,1002.0,343.1,94.2900,94.2915,94.3481,-0.0581,-0.0566,0.0015
1696,997.6,338.1,94.2867,94.2881,94.3452,-0.0585,-0.0571,0.0015
1697,1000.1,362.5,94.2833,94.2848,94.3422,-0.0589,-0.0574,0.0015
1698,1000.0,256.8,94.2800,94.2814,94.3394,-0.0594,-0.0579,0.0015
1699,999.9,274.8,94.2766,94.2781,94.3365,-0.0599,-0.0584,0.0015
1700,1000.2,243.7,94.2733,94.2747,94.3335,-0.0603,-0.0588,0.0015
1701,1000.1,290.0,94.2699,94.2713,94.3305,-0.0607,-0.0592,0.0015
1702,998.6,298.6,94.2665,94.2680,94.3279,-0.0614,-0.0599,0.0015
1703,1000.1,285.2,94.2631,94.2646,94.3254,-0.0623,-0.0608,0.0014
1704,1000.0,337.2,94.2597,94.2612,94.3230,-0.0633,-0.0618,0.0014
1705,1000.2,300.1,94.2563,94.2578,94.3204,-0.0640,-0.0626,0.0014
1706,1000.1,241.0,94.2529,94.2544,94.3179,-0.0650,-0.0635,0.0014
1707,1000.0,343.4,94.2495,94.2510,94.3154,-0.0659,-0.0644,0.0014
1708,1000.0,335.4,94.2461,94.2475,94.3128,-0.0667,-0.0653,0.0014
1709,1000.0,291.2,94.2427,94.2441,94.3100,-0.0674,-0.0659,0.0014
1710,1000.8,259.7,94.2393,94.2407,94.3074,-0.0681,-0.0667,0.0014
1711,1000.2,290.9,94.2358,94.2372,94.3045,-0.0687,-0.0672,0.0014
1712,999.1,288.9,94.2324,94.2338,94.3015,-0.0692,-0.0677,0.0014
1713,1000.6,302.0,94.2289,94.2303,94.2984,-0.0695,-0.0680,0.0014
1714,999.1,249.4,94.2255,94.2269,94.2954,-0.0699,-0.0685,0.0014
1715,1002.6,237.8,94.2220,94.2234,94.2924,-0.0704,-0.0690,0.0014
1716,999.7,279.1,94.2185,94.2199,94.2893,-0.0707,-0.0693,0.0014
1717,998.7,237.8,94.2151,94.2165,94.2858,-0.0708,-0.0694,0.0014
1718,1000.2,299.1,94.2116,94.2130,94.2825,-0.0709,-0.0695,0.0014
1719,1002.2,341.3,94.2081,94.2095,94.2792,-0.0711,-0.0697,0.0014
1720,997.8,299.0,94.2046,94.2060,94.2759,-0.0713,-0.0699,0.0014
1721,999.9,255.6,94.2011,94.2025,94.2724,-0.0713,-0.0699,0.0014
1722,1000.0,324.6,94.1976,94.1990,94.2691,-0.0715,-0.0701,0.0014
1723,999.2,264.9,94.1941,94.1955,94.2656,-0.0715,-0.0701,0.0014
1724,1000.4,287.1,94.1906,94.1919,94.2620,-0.0714,-0.0700,0.0014
1725,999.5,272.1,94.1870,94.1884,94.2580,-0.0710,-0.0697,0.0014
1726,1002.0,243.4,94.1835,94.1849,94.2543,-0.0708,-0.0694,0.0014
1727,998.1,297.3,94.1799,94.1813,94.2504,-0.0704,-0.0691,0.0014
1728,999.9,241.2,94.1764,94.1778,94.2464,-0.0700,-0.0687,0.0014
1729,1000.0,220.9,94.1728,94.1742,94.2423,-0.0694,-0.0681,0.0014
1730,1001.0,264.3,94.1693,94.1706,94.2384,-0.0691,-0.0678,0.0014
1731,999.9,307.6,94.1657,94.1671,94.2346,-0.0688,-0.0675,0.0014
1732,999.4,241.3,94.1621,94.1635,94.2306,-0.0685,-0.0671,0.0014
1733,1000.5,250.9,94.1586,94.1599,94.2264,-0.0679,-0.0665,0.0013
1734,1000.0,305.3,94.1550,94.1563,94.2226,-0.0676,-0.0662,0.0013
1735,999.8,266.5,94.1514,94.1527,94.2186,-0.0673,-0.0659,0.0013
1736,1001.2,306.2,94.1478,94.1491,94.2146,-0.0668,-0.0655,0.0013
1737,999.0,286.5,94.1442,94.1455,94.2101,-0.0660,-0.0646,0.0013
1738,999.8,267.4,94.1406,94.1419,94.2059,-0.0654,-0.0640,0.0013
1739,1000.9,312.5,94.1369,94.1383,94.2019,-0.0649,-0.0636,0.0013
1740,999.1,266.1,94.1333,94.1346,94.1979,-0.0646,-0.0633,0.0013
1741,1000.1,259.8,94.1297,94.1310,94.1942,-0.0645,-0.0632,0.0013
1742,999.9,289.8,94.1260,94.1274,94.1902,-0.0641,-0.0628,0.0013
1743,1002.6,309.9,94.1224,94.1237,94.1865,-0.0641,-0.0628,0.0013
1744,997.5,321.2,94.1187,94.1201,94.1828,-0.0641,-0.0628,0.0013
1745,999.2,303.8,94.1151,94.1164,94.1791,-0.0640,-0.0627,0.0013
1746,999.8,291.9,94.1114,94.1127,94.1751,-0.0637,-0.0624,0.0013
1747,1000.0,281.4,94.1078,94.1091,94.1713,-0.0636,-0.0623,0.0013
1748,1000.1,277.1,94.1041,94.1054,94.1674,-0.0633,-0.0620,0.0013
1749,999.9,313.3,94.1004,94.1017,94.1633,-0.0629,-0.0616,0.0013
1750,1000.0,267.4,94.0967,94.0980,94.1590,-0.0623,-0.0610,0.0013
1751,1000.4,266.1,94.0930,94.0943,94.1549,-0.0619,-0.0606,0.0013
1752,1000.4,311.7,94.0893,94.0906,94.1509,-0.0616,-0.0603,0.0013
1753,1000.5,241.8,94.0856,94.0869,94.1469,-0.0613,-0.0600,0.0013
1754,999.7,312.1,94.0819,94.0832,94.1428,-0.0609,-0.0596,0.0013
1755,1000.1,272.8,94.0782,94.0794,94.1390,-0.0608,-0.0595,0.0013
1756,999.2,256.9,94.0744,94.0757,94.1351,-0.0607,-0.0594,0.0013
1757,1001.6,297.2,94.0707,94.0720,94.1313,-0.0606,-0.0593,0.0013
1758,999.1,268.3,94.0670,94.0682,94.1270,-0.0600,-0.0587,0.0013
1759,1000.0,248.0,94.0632,94.0645,94.1228,-0.0596,-0.0583,0.0013
1760,1000.0,270.7,94.0595,94.0607,94.1185,-0.0591,-0.0578,0.0013
1761,1000.0,300.2,94.0557,94.0570,94.1143,-0.0586,-0.0573,0.0013
1762,1000.1,275.7,94.0519,94.0532,94.1099,-0.0580,-0.0567,0.0013
1763,1000.3,268.7,94.0482,94.0494,94.1059,-0.0578,-0.0565,0.0013
1764,999.7,259.4,94.0444,94.0456,94.1021,-0.0577,-0.0564,0.0013
1765,999.7,269.6,94.0406,94.0418,94.0983,-0.0578,-0.0565,0.0012
1766,1000.6,310.7,94.0368,94.0380,94.0944,-0.0576,-0.0564,0.0012
1767,998.9,275.6,94.0330,94.0342,94.0908,-0.0578,-0.0566,0.0012
1768,1017.4,404.3,94.0292,94.0304,94.0872,-0.0580,-0.0568,0.0012
1769,995.2,390.7,94.0254,94.0266,94.0835,-0.0581,-0.0568,0.0012
1770,996.5,331.5,94.0216,94.0228,94.0795,-0.0579,-0.0567,0.0012
1771,999.9,368.5,94.0177,94.0190,94.0758,-0.0581,-0.0569,0.0012
1772,999.4,302.9,94.0139,94.0151,94.0722,-0.0583,-0.0570,0.0012
1773,1000.7,356.3,94.0101,94.0113,94.0686,-0.0585,-0.0573,0.0012
1774,999.0,330.9,94.0062,94.0075,94.0648,-0.0586,-0.0574,0.0012
1775,1002.6,354.5,94.0024,94.0036,94.0616,-0.0592,-0.0579,0.0012
1776,999.7,325.4,93.9985,93.9998,94.0583,-0.0598,-0.0586,0.0012
1777,998.7,330.4,93.9947,93.9959,94.0552,-0.0605,-0.0593,0.0012
1778,1001.3,326.4,93.9908,93.9920,94.0519,-0.0611,-0.0599,0.0012
1779,999.9,300.7,93.9869,93.9881,94.0487,-0.0617,-0.0605,0.0012
1780,1000.0,316.6,93.9831,93.9843,94.0456,-0.0625,-0.0613,0.0012
1781,999.3,308.9,93.9792,93.9804,94.0425,-0.0634,-0.0622,0.0012
1782,1001.1,321.2,93.9753,93.9765,94.0390,-0.0637,-0.0625,0.0012
1783,999.3,375.9,93.9714,93.9726,94.0356,-0.0642,-0.0630,0.0012
1784,1002.1,358.0,93.9675,93.9687,94.0321,-0.0646,-0.0634,0.0012
1785,997.9,377.6,93.9636,93.9648,94.0288,-0.0652,-0.0640,0.0012
1786,1004.4,362.5,93.9597,93.9608,94.0253,-0.0656,-0.0645,0.0012
1787,1001.2,394.9,93.9557,93.9569,94.0221,-0.0664,-0.0652,0.0012
1788,995.3,381.7,93.9518,93.9530,94.0189,-0.0671,-0.0659,0.0012
1789,998.2,378.3,93.9479,93.9490,94.0155,-0.0677,-0.0665,0.0012
1790,1000.5,384.5,93.9439,93.9451,94.0118,-0.0679,-0.0667,0.0012
1791,1001.9,368.1,93.9400,93.9412,94.0085,-0.0685,-0.0673,0.0012
1792,999.3,421.6,93.9360,93.9372,94.0050,-0.0690,-0.0678,0.0012
1793,998.3,305.9,93.9321,93.9332,94.0016,-0.0695,-0.0684,0.0012
1794,1000.3,315.5,93.9281,93.9293,93.9978,-0.0697,-0.0685,0.0012
1795,1000.3,292.2,93.9241,93.9253,93.9942,-0.0701,-0.0689,0.0012
1796,999.6,369.8,93.9202,93.9213,93.9906,-0.0704,-0.0693,0.0012
1797,1001.9,369.9,93.9162,93.9173,93.9870,-0.0708,-0.0697,0.0011
1798,999.4,375.9,93.9122,93.9133,93.9830,-0.0708,-0.0697,0.0011
1799,1000.7,359.4,93.9082,93.9093,93.9792,-0.0711,-0.0699,0.0011
1800,999.4,368.7,93.9042,93.9053,93.9755,-0.0713,-0.0702,0.0011
1801,1001.3,322.9,93.9002,93.9013,93.9717,-0.0716,-0.0704,0.0011
1802,1015.4,344.2,93.8962,93.8973,93.9676,-0.0714,-0.0703,0.0011
1803,974.1,303.9,93.8921,93.8933,93.9638,-0.0716,-0.0705,0.0011
1804,1000.8,369.8,93.8881,93.8892,93.9593,-0.0712,-0.0701,0.0011
1805,998.5,326.2,93.8841,93.8852,93.9560,-0.0719,-0.0708,0.0011
1806,1002.3,314.9,93.8800,93.8812,93.9510,-0.0709,-0.0698,0.0011
1807,998.7,300.2,93.8760,93.8771,93.9467,-0.0707,-0.0695,0.0011
1808,999.2,324.9,93.8720,93.8731,93.9425,-0.0705,-0.0694,0.0011
1809,1001.2,252.7,93.8679,93.8690,93.9380,-0.0701,-0.0690,0.0011
1810,1001.6,264.5,93.8638,93.8649,93.9340,-0.0701,-0.0690,0.0011
1811,1003.6,352.8,93.8598,93.8609,93.9300,-0.0702,-0.0691,0.0011
1812,1000.8,397.4,93.8557,93.8568,93.9260,-0.0703,-0.0692,0.0011
1813,999.2,336.7,93.8516,93.8527,93.9221,-0.0705,-0.0694,0.0011
1814,1000.2,367.0,93.8475,93.8486,93.9179,-0.0704,-0.0693,0.0011
1815,998.7,322.0,93.8434,93.8445,93.9139,-0.0705,-0.0694,0.0011
1816,1000.3,370.6,93.8393,93.8404,93.9099,-0.0706,-0.0695,0.0011
1817,999.3,335.4,93.8352,93.8363,93.9057,-0.0705,-0.0694,0.0011
1818,1001.6,304.9,93.8311,93.8322,93.9011,-0.0700,-0.0689,0.0011
1819,1001.2,313.4,93.8270,93.8281,93.8967,-0.0697,-0.0686,0.0011
1820,999.6,321.0,93.8229,93.8240,93.8923,-0.0694,-0.0684,0.0011
1821,999.3,257.3,93.8187,93.8198,93.8881,-0.0693,-0.0682,0.0011
1822,996.3,319.7,93.8146,93.8157,93.8835,-0.0689,-0.0679,0.0011
1823,999.7,335.2,93.8105,93.8115,93.8835,-0.0731,-0.0720,0.0011
1824,996.7,241.7,93.8063,93.8074,93.8793,-0.0730,-0.0719,0.0011
1825,1000.0,328.2,93.8022,93.8032,93.8750,-0.0729,-0.0718,0.0011
1826,1001.2,355.5,93.7980,93.7991,93.8705,-0.0724,-0.0714,0.0011
1827,998.9,254.3,93.7939,93.7949,93.8661,-0.0722,-0.0712,0.0011
1828,1000.0,333.8,93.7897,93.7907,93.8616,-0.0719,-0.0709,0.0011
1829,1001.2,359.7,93.7855,93.7866,93.8570,-0.0715,-0.0704,0.0011
1830,998.9,317.8,93.7813,93.7824,93.8519,-0.0705,-0.0695,0.0010
1831,1000.6,317.0,93.7771,93.7782,93.8471,-0.0700,-0.0689,0.0010
1832,1001.2,309.2,93.7729,93.7740,93.8423,-0.0693,-0.0683,0.0010
1833,1004.5,316.5,93.7687,93.7698,93.8376,-0.0689,-0.0679,0.0010
1834,1000.9,339.8,93.7645,93.7656,93.8329,-0.0684,-0.0673,0.0010
1835,1000.3,335.9,93.7603,93.7614,93.8287,-0.0683,-0.0673,0.0010
1836,998.7,363.7,93.7561,93.7571,93.8243,-0.0682,-0.0671,0.0010
1837,999.0,380.8,93.7519,93.7529,93.8199,-0.0680,-0.0670,0.0010
1838,999.4,317.5,93.7477,93.7487,93.8150,-0.0674,-0.0663,0.0010
1839,1000.4,372.7,93.7434,93.7444,93.8106,-0.0671,-0.0661,0.0010
1840,1002.3,290.8,93.7392,93.7402,93.8063,-0.0671,-0.0660,0.0010
1841,999.4,361.5,93.7349,93.7360,93.8021,-0.0671,-0.0661,0.0010
1842,999.6,343.0,93.7307,93.7317,93.7977,-0.0671,-0.0660,0.0010
1843,995.5,299.2,93.7264,93.7274,93.7940,-0.0676,-0.0665,0.0010
1844,1000.3,345.3,93.7222,93.7232,93.7903,-0.0682,-0.0672,0.0010
1845,997.8,322.7,93.7179,93.7189,93.7867,-0.0688,-0.0678,0.0010
1846,1001.7,319.9,93.7136,93.7146,93.7830,-0.0694,-0.0684,0.0010
1847,999.9,341.8,93.7093,93.7103,93.7794,-0.0701,-0.0691,0.0010
1848,997.9,283.5,93.7051,93.7061,93.7758,-0.0708,-0.0698,0.0010
1849,1000.3,312.7,93.7008,93.7018,93.7721,-0.0714,-0.0704,0.0010
1850,1004.5,294.5,93.6965,93.6975,93.7681,-0.0716,-0.0706,0.0010
1851,1004.6,312.6,93.6922,93.6931,93.7642,-0.0721,-0.0711,0.0010
1852,1002.7,339.1,93.6878,93.6888,93.7602,-0.0723,-0.0714,0.0010
1853,998.1,375.1,93.6835,93.6845,93.7563,-0.0728,-0.0718,0.0010
1854,995.8,376.4,93.6792,93.6802,93.7525,-0.0733,-0.0723,0.0010
1855,999.4,336.8,93.6749,93.6759,93.7484,-0.0735,-0.0726,0.0010
1856,1001.1,314.2,93.6706,93.6715,93.7447,-0.0742,-0.0732,0.0010
1857,998.3,377.1,93.6662,93.6672,93.7410,-0.0747,-0.0738,0.0010
1858,1000.0,326.4,93.6619,93.6628,93.7366,-0.0748,-0.0738,0.0010
1859,1000.6,260.6,93.6575,93.6585,93.7325,-0.0749,-0.0740,0.0010
1860,1000.1,273.2,93.6532,93.6541,93.7282,-0.0751,-0.0741,0.0010
1861,1001.6,283.9,93.6488,93.6498,93.7241,-0.0753,-0.0743,0.0010
1862,999.6,319.0,93.6444,93.6454,93.7198,-0.0754,-0.0744,0.0010
1863,1001.0,346.3,93.6401,93.6410,93.7158,-0.0757,-0.0747,0.0010
1864,994.9,345.2,93.6357,93.6366,93.7118,-0.0761,-0.0752,0.0010
1865,999.4,308.0,93.6313,93.6323,93.7078,-0.0765,-0.0756,0.0009
1866,999.0,289.5,93.6269,93.6279,93.7035,-0.0765,-0.0756,0.0009
1867,999.8,294.7,93.6225,93.6235,93.6995,-0.0770,-0.0760,0.0009
1868,999.1,351.0,93.6181,93.6191,93.6954,-0.0773,-0.0764,0.0009
1869,1012.7,342.6,93.6137,93.6146,93.6914,-0.0777,-0.0768,0.0009
1870,997.5,369.1,93.6093,93.6102,93.6869,-0.0776,-0.0767,0.0009
1871,998.8,325.0,93.6049,93.6058,93.6827,-0.0779,-0.0769,0.0009
1872,1000.6,336.0,93.6005,93.6014,93.6785,-0.0781,-0.0772,0.0009
1873,997.9,291.9,93.5960,93.5970,93.6745,-0.0784,-0.0775,0.0009
1874,999.3,306.2,93.5916,93.5925,93.6701,-0.0785,-0.0776,0.0009
1875,998.4,329.2,93.5872,93.5881,93.6662,-0.0790,-0.0781,0.0009
1876,1000.2,284.3,93.5827,93.5836,93.6623,-0.0796,-0.0787,0.0009
1877,1000.2,282.8,93.5783,93.5792,93.6584,-0.0801,-0.0792,0.0009
1878,999.6,285.8,93.5738,93.5747,93.6541,-0.0803,-0.0794,0.0009
1879,1000.4,361.3,93.5693,93.5702,93.6498,-0.0805,-0.0796,0.0009
1880,999.9,328.3,93.5649,93.5658,93.6454,-0.0805,-0.0796,0.0009
1881,1001.9,375.2,93.5604,93.5613,93.6409,-0.0805,-0.0796,0.0009
1882,999.3,311.5,93.5559,93.5568,93.6363,-0.0804,-0.0795,0.0009
1883,1000.5,323.2,93.5514,93.5523,93.6312,-0.0798,-0.0789,0.0009
1884,999.0,329.9,93.5469,93.5478,93.6265,-0.0796,-0.0787,0.0009
1885,1003.3,278.5,93.5424,93.5433,93.6218,-0.0794,-0.0785,0.0009
1886,995.3,288.5,93.5379,93.5388,93.6171,-0.0791,-0.0782,0.0009
1887,997.6,318.2,93.5334,93.5343,93.6120,-0.0786,-0.0777,0.0009
1888,1000.6,326.5,93.5289,93.5298,93.6072,-0.0783,-0.0774,0.0009
1889,1000.8,352.7,93.5244,93.5253,93.6023,-0.0779,-0.0770,0.0009
1890,996.8,332.5,93.5199,93.5208,93.5972,-0.0773,-0.0765,0.0009
1891,1004.1,293.1,93.5154,93.5162,93.5917,-0.0763,-0.0754,0.0009
1892,1007.5,344.2,93.5108,93.5117,93.5864,-0.0755,-0.0747,0.0009
1893,996.6,352.4,93.5063,93.5072,93.5811,-0.0748,-0.0739,0.0009
1894,1000.5,342.2,93.5017,93.5026,93.5760,-0.0742,-0.0734,0.0009
1895,998.2,346.4,93.4972,93.4981,93.5706,-0.0734,-0.0725,0.0009
1896,998.4,339.1,93.4926,93.4935,93.5657,-0.0730,-0.0722,0.0009
1897,999.7,341.9,93.4881,93.4889,93.5607,-0.0726,-0.0718,0.0009
1898,999.9,382.8,93.4835,93.4844,93.5558,-0.0723,-0.0714,0.0009
1899,1000.3,368.8,93.4789,93.4798,93.5505,-0.0715,-0.0707,0.0009
1900,999.7,303.4,93.4744,93.4752,93.5454,-0.0711,-0.0702,0.0009
1901,999.8,267.0,93.4698,93.4706,93.5406,-0.0708,-0.0700,0.0008
1902,1004.2,335.1,93.4652,93.4660,93.5358,-0.0707,-0.0698,0.0008
1903,999.8,291.9,93.4606,93.4614,93.5309,-0.0703,-0.0695,0.0008
1904,996.5,378.5,93.4560,93.4568,93.5265,-0.0705,-0.0697,0.0008
1905,1001.3,326.7,93.4514,93.4522,93.5221,-0.0707,-0.0698,0.0008
1906,1000.7,279.1,93.4468,93.4476,93.5177,-0.0709,-0.0701,0.0008
1907,1000.9,377.1,93.4422,93.4430,93.5130,-0.0708,-0.0700,0.0008
1908,992.4,338.9,93.4375,93.4384,93.5084,-0.0709,-0.0701,0.0008
1909,999.4,275.5,93.4329,93.4337,93.5039,-0.0710,-0.0702,0.0008
1910,999.8,281.9,93.4283,93.4291,93.4994,-0.0711,-0.0703,0.0008
1911,1000.2,280.2,93.4236,93.4245,93.4945,-0.0708,-0.0700,0.0008
1912,999.9,337.2,93.4190,93.4198,93.4901,-0.0711,-0.0703,0.0008
1913,1001.7,315.0,93.4144,93.4152,93.4858,-0.0715,-0.0706,0.0008
1914,1000.2,318.1,93.4097,93.4105,93.4815,-0.0717,-0.0709,0.0008
1915,1006.1,333.0,93.4050,93.4059,93.4768,-0.0718,-0.0710,0.0008
1916,1001.7,381.5,93.4004,93.4012,93.4725,-0.0721,-0.0713,0.0008
1917,998.0,359.6,93.3957,93.3965,93.4681,-0.0724,-0.0716,0.0008
1918,996.9,351.2,93.3910,93.3918,93.4636,-0.0726,-0.0718,0.0008
1919,1003.6,330.1,93.3864,93.3872,93.4589,-0.0725,-0.0717,0.0008
1920,998.9,361.4,93.3817,93.3825,93.4545,-0.0728,-0.0720,0.0008
1921,998.3,331.5,93.3770,93.3778,93.4501,-0.0731,-0.0723,0.0008
1922,1000.5,380.2,93.3723,93.3731,93.4457,-0.0735,-0.0727,0.0008
1923,1001.5,389.1,93.3676,93.3684,93.4411,-0.0735,-0.0727,0.0008
1924,997.6,361.8,93.3629,93.3637,93.4367,-0.0738,-0.0730,0.0008
1925,1000.4,343.3,93.3582,93.3590,93.4323,-0.0741,-0.0733,0.0008
1926,1001.2,339.5,93.3535,93.3542,93.4279,-0.0744,-0.0736,0.0008
1927,1000.2,291.5,93.3487,93.3495,93.4231,-0.0744,-0.0736,0.0008
1928,1000.5,286.1,93.3440,93.3448,93.4188,-0.0748,-0.0740,0.0008
1929,994.5,286.0,93.3393,93.3401,93.4145,-0.0752,-0.0744,0.0008
1930,997.8,306.7,93.3345,93.3353,93.4103,-0.0758,-0.0750,0.0008
1931,1000.2,270.3,93.3298,93.3306,93.4061,-0.0763,-0.0755,0.0008
1932,999.9,278.3,93.3251,93.3258,93.4023,-0.0772,-0.0765,0.0008
1933,1002.6,293.4,93.3203,93.3211,93.3986,-0.0783,-0.0775,0.0008
1934,1060.7,352.8,93.3156,93.3163,93.3947,-0.0792,-0.0784,0.0008
1935,956.9,355.0,93.3108,93.3115,93.3905,-0.0797,-0.0789,0.0008
1936,996.1,332.9,93.3060,93.3068,93.3864,-0.0804,-0.0796,0.0008
1937,992.9,342.6,93.3012,93.3020,93.3822,-0.0809,-0.0802,0.0008
1938,999.0,289.6,93.2965,93.2972,93.3779,-0.0814,-0.0807,0.0008
1939,1012.1,360.0,93.2917,93.2924,93.3733,-0.0816,-0.0808,0.0007
1940,3662.9,446.9,93.2869,93.2876,93.3558,-0.0689,-0.0682,0.0007
1941,453.2,2602.2,93.2821,93.2829,93.3558,-0.0737,-0.0730,0.0007
1942,2606.9,576.2,93.2773,93.2780,93.3425,-0.0652,-0.0644,0.0007
1943,580.7,309.1,93.2725,93.2732,93.3377,-0.0652,-0.0645,0.0007
1944,313.1,342.8,93.2677,93.2684,93.3377,-0.0700,-0.0693,0.0007
1945,347.0,324.5,93.2629,93.2636,93.3377,-0.0748,-0.0741,0.0007
1946,328.8,296.0,93.2581,93.2588,93.3334,-0.0753,-0.0746,0.0007
1947,300.2,371.8,93.2532,93.2540,93.3334,-0.0802,-0.0794,0.0007
1948,376.2,303.3,93.2484,93.2491,93.3334,-0.0850,-0.0843,0.0007
1949,1032.3,319.6,93.2436,93.2443,93.3292,-0.0856,-0.0849,0.0007
1950,991.6,352.7,93.2387,93.2395,93.3249,-0.0862,-0.0854,0.0007
1951,1002.4,369.7,93.2339,93.2346,93.3203,-0.0864,-0.0857,0.0007
1952,998.2,314.4,93.2290,93.2298,93.3160,-0.0869,-0.0862,0.0007
1953,989.5,276.6,93.2242,93.2249,93.3115,-0.0873,-0.0866,0.0007
1954,1019.6,387.6,93.2193,93.2200,93.3065,-0.0872,-0.0865,0.0007
1955,991.2,381.1,93.2145,93.2152,93.3009,-0.0864,-0.0857,0.0007
1956,1004.2,320.2,93.2096,93.2103,93.2955,-0.0859,-0.0852,0.0007
1957,3666.4,414.0,93.2047,93.2054,93.2747,-0.0700,-0.0693,0.0007
1958,422.3,431.3,93.1998,93.2006,93.2747,-0.0749,-0.0742,0.0007
1959,437.7,458.7,93.1950,93.1957,93.2701,-0.0751,-0.0744,0.0007
1960,465.5,369.2,93.1901,93.1908,93.2701,-0.0800,-0.0793,0.0007
1961,375.8,484.7,93.1852,93.1859,93.2655,-0.0803,-0.0796,0.0007
1962,633.0,353.1,93.1803,93.1810,93.2655,-0.0852,-0.0845,0.0007
1963,1000.1,370.7,93.1754,93.1761,93.2607,-0.0853,-0.0846,0.0007
1964,997.2,367.6,93.1705,93.1712,93.2564,-0.0860,-0.0853,0.0007
1965,999.7,363.7,93.1656,93.1662,93.2523,-0.0867,-0.0860,0.0007
1966,995.4,313.5,93.1606,93.1613,93.2479,-0.0873,-0.0866,0.0007
1967,994.8,257.7,93.1557,93.1564,93.2428,-0.0871,-0.0864,0.0007
1968,997.0,291.9,93.1508,93.1515,93.2376,-0.0869,-0.0862,0.0007
1969,998.1,300.0,93.1459,93.1465,93.2323,-0.0864,-0.0858,0.0007
1970,2940.6,339.8,93.1409,93.1416,93.2162,-0.0753,-0.0746,0.0007
1971,346.1,236.5,93.1360,93.1366,93.2101,-0.0741,-0.0734,0.0007
1972,239.1,395.3,93.1310,93.1317,93.2101,-0.0790,-0.0784,0.0007
1973,475.7,250.3,93.1261,93.1267,93.2101,-0.0840,-0.0833,0.0007
1974,996.7,242.0,93.1211,93.1218,93.2047,-0.0835,-0.0829,0.0007
1975,1000.4,241.9,93.1162,93.1168,93.1988,-0.0827,-0.0820,0.0007
1976,999.8,248.5,93.1112,93.1118,93.1937,-0.0825,-0.0819,0.0007
1977,999.4,269.8,93.1062,93.1069,93.1890,-0.0828,-0.0821,0.0007
1978,999.7,257.4,93.1012,93.1019,93.1843,-0.0830,-0.0824,0.0007
1979,1000.2,253.1,93.0963,93.0969,93.1790,-0.0827,-0.0821,0.0006
1980,1000.3,244.4,93.0913,93.0919,93.1738,-0.0825,-0.0818,0.0006
1981,999.8,220.8,93.0863,93.0869,93.1685,-0.0822,-0.0816,0.0006
1982,999.9,274.5,93.0813,93.0819,93.1631,-0.0818,-0.0812,0.0006
1983,1045.1,348.9,93.0763,93.0769,93.1575,-0.0812,-0.0805,0.0006
1984,965.5,314.5,93.0713,93.0719,93.1525,-0.0812,-0.0805,0.0006
1985,997.7,279.1,93.0663,93.0669,93.1477,-0.0814,-0.0808,0.0006
1986,1004.3,324.1,93.0613,93.0619,93.1428,-0.0815,-0.0809,0.0006
1987,998.3,362.7,93.0562,93.0569,93.1382,-0.0820,-0.0814,0.0006
1988,998.3,345.7,93.0512,93.0518,93.1382,-0.0870,-0.0864,0.0006
1989,1002.7,312.4,93.0462,93.0468,93.1337,-0.0875,-0.0869,0.0006
1990,999.0,354.5,93.0411,93.0418,93.1291,-0.0879,-0.0873,0.0006
1991,1104.1,389.6,93.0361,93.0367,93.1238,-0.0877,-0.0871,0.0006
1992,886.4,293.6,93.0311,93.0317,93.1188,-0.0878,-0.0871,0.0006
1993,1014.8,312.5,93.0260,93.0266,93.1138,-0.0877,-0.0871,0.0006
1994,996.6,325.7,93.0210,93.0216,93.1086,-0.0876,-0.0870,0.0006
1995,980.7,256.1,93.0159,93.0165,93.1033,-0.0874,-0.0868,0.0006
1996,1009.9,256.8,93.0108,93.0115,93.0987,-0.0878,-0.0872,0.0006
1997,996.6,289.9,93.0058,93.0064,93.0940,-0.0882,-0.0876,0.0006
1998,1001.0,305.3,93.0007,93.0013,93.0893,-0.0886,-0.0880,0.0006
1999,999.2,260.8,92.9956,92.9962,93.0838,-0.0882,-0.0875,0.0006
2000,999.9,284.7,92.9905,92.9911,93.0784,-0.0879,-0.0873,0.0006
2001,1000.0,283.1,92.9855,92.9861,93.0734,-0.0879,-0.0873,0.0006
2002,1010.3,337.0,92.9804,92.9810,93.0683,-0.0879,-0.0873,0.0006
2003,999.9,290.4,92.9753,92.9759,93.0630,-0.0877,-0.0871,0.0006
2004,1000.2,329.1,92.9702,92.9708,93.0579,-0.0878,-0.0872,0.0006
2005,998.1,288.7,92.9651,92.9657,93.0529,-0.0879,-0.0873,0.0006
2006,1000.3,310.0,92.9600,92.9606,93.0477,-0.0878,-0.0872,0.0006
2007,1001.6,312.7,92.9549,92.9554,93.0421,-0.0873,-0.0867,0.0006
2008,997.9,274.1,92.9497,92.9503,93.0368,-0.0871,-0.0865,0.0006
2009,1002.6,326.2,92.9446,92.9452,93.0314,-0.0868,-0.0863,0.0006
2010,997.7,325.0,92.9395,92.9401,93.0262,-0.0867,-0.0862,0.0006
2011,1021.6,2129.5,92.9344,92.9349,93.0209,-0.0865,-0.0859,0.0006
2012,2136.8,379.6,92.9292,92.9298,93.0110,-0.0818,-0.0812,0.0006
2013,383.8,422.7,92.9241,92.9246,93.0060,-0.0819,-0.0814,0.0006
2014,428.6,291.1,92.9189,92.9195,93.0060,-0.0871,-0.0865,0.0006
2015,1032.9,296.5,92.9138,92.9143,93.0006,-0.0868,-0.0863,0.0006
2016,997.9,313.9,92.9086,92.9092,92.9954,-0.0868,-0.0862,0.0006
2017,999.0,313.1,92.9035,92.9040,92.9901,-0.0867,-0.0861,0.0006
2018,999.8,345.2,92.8983,92.8989,92.9851,-0.0868,-0.0862,0.0006
2019,1007.3,3660.1,92.8931,92.8937,92.9796,-0.0865,-0.0859,0.0006
2020,3664.4,408.1,92.8880,92.8885,92.9576,-0.0696,-0.0691,0.0006
2021,410.4,302.7,92.8828,92.8833,92.9576,-0.0748,-0.0743,0.0006
2022,304.5,291.3,92.8776,92.8782,92.9520,-0.0744,-0.0739,0.0005
2023,292.9,296.4,92.8724,92.8730,92.9520,-0.0796,-0.0791,0.0005
2024,297.9,238.6,92.8672,92.8678,92.9520,-0.0848,-0.0843,0.0005
2025,1017.1,528.6,92.8620,92.8626,92.9465,-0.0844,-0.0839,0.0005
2026,997.9,270.7,92.8568,92.8574,92.9410,-0.0842,-0.0836,0.0005
2027,1000.1,292.5,92.8516,92.8522,92.9355,-0.0839,-0.0833,0.0005
2028,999.9,247.5,92.8464,92.8470,92.9307,-0.0842,-0.0837,0.0005
2029,3673.5,486.8,92.8412,92.8417,92.9082,-0.0669,-0.0664,0.0005
2030,492.4,326.0,92.8360,92.8365,92.9082,-0.0722,-0.0716,0.0005
2031,332.1,596.2,92.8308,92.8313,92.9024,-0.0717,-0.0711,0.0005
2032,602.8,336.3,92.8256,92.8261,92.9024,-0.0769,-0.0764,0.0005
2033,338.8,957.3,92.8203,92.8208,92.8970,-0.0767,-0.0761,0.0005
2034,960.8,426.1,92.8151,92.8156,92.8918,-0.0767,-0.0761,0.0005
2035,1120.2,459.1,92.8098,92.8104,92.8874,-0.0776,-0.0771,0.0005
2036,462.2,234.0,92.8046,92.8051,92.8874,-0.0828,-0.0823,0.0005
2037,1015.6,231.7,92.7994,92.7999,92.8834,-0.0841,-0.0835,0.0005
2038,2038.9,361.4,92.7941,92.7946,92.8746,-0.0805,-0.0800,0.0005
2039,368.0,605.5,92.7889,92.7894,92.8691,-0.0802,-0.0797,0.0005
2040,608.8,227.0,92.7836,92.7841,92.8691,-0.0855,-0.0850,0.0005
2041,986.6,258.8,92.7783,92.7788,92.8638,-0.0855,-0.0850,0.0005
2042,999.9,250.5,92.7731,92.7736,92.8585,-0.0854,-0.0849,0.0005
2043,1001.0,315.2,92.7678,92.7683,92.8529,-0.0851,-0.0846,0.0005
2044,996.7,282.1,92.7625,92.7630,92.8479,-0.0854,-0.0849,0.0005
2045,1002.0,247.5,92.7572,92.7577,92.8432,-0.0860,-0.0855,0.0005
2046,998.3,228.0,92.7519,92.7524,92.8383,-0.0863,-0.0858,0.0005
2047,1000.1,256.5,92.7467,92.7471,92.8328,-0.0862,-0.0857,0.0005
2048,1001.2,242.0,92.7414,92.7418,92.8275,-0.0861,-0.0856,0.0005
2049,998.8,224.3,92.7361,92.7365,92.8221,-0.0860,-0.0855,0.0005
2050,963.0,260.7,92.7308,92.7312,92.8168,-0.0860,-0.0856,0.0005
2051,1041.7,258.7,92.7254,92.7259,92.8114,-0.0859,-0.0854,0.0005
2052,992.9,237.1,92.7201,92.7206,92.8064,-0.0863,-0.0858,0.0005
2053,1005.4,256.5,92.7148,92.7153,92.8016,-0.0868,-0.0863,0.0005
2054,1001.6,269.6,92.7095,92.7100,92.7968,-0.0873,-0.0868,0.0005
2055,994.9,270.7,92.7042,92.7047,92.7917,-0.0875,-0.0870,0.0005
2056,1000.6,254.4,92.6988,92.6993,92.7868,-0.0880,-0.0875,0.0005
2057,999.6,219.8,92.6935,92.6940,92.7819,-0.0884,-0.0879,0.0005
2058,999.4,212.2,92.6882,92.6887,92.7771,-0.0889,-0.0884,0.0005
2059,1000.9,243.6,92.6828,92.6833,92.7723,-0.0894,-0.0890,0.0005
2060,1009.5,261.9,92.6775,92.6780,92.7673,-0.0898,-0.0893,0.0005
2061,1000.7,250.9,92.6721,92.6726,92.7629,-0.0908,-0.0903,0.0005
2062,999.5,278.7,92.6668,92.6673,92.7584,-0.0916,-0.0912,0.0005
2063,1001.5,258.9,92.6614,92.6619,92.7538,-0.0924,-0.0919,0.0005
2064,998.0,303.6,92.6561,92.6565,92.7487,-0.0926,-0.0921,0.0005
2065,1232.0,400.6,92.6507,92.6512,92.7385,-0.0878,-0.0874,0.0005
2066,772.0,443.6,92.6453,92.6458,92.7385,-0.0932,-0.0927,0.0005
2067,1000.6,505.3,92.6400,92.6404,92.7332,-0.0933,-0.0928,0.0005
2068,1003.7,361.8,92.6346,92.6350,92.7276,-0.0930,-0.0926,0.0005
2069,996.5,359.2,92.6292,92.6297,92.7224,-0.0932,-0.0928,0.0004
2070,997.6,370.7,92.6238,92.6243,92.7171,-0.0932,-0.0928,0.0004
2071,992.3,329.4,92.6184,92.6189,92.7116,-0.0932,-0.0927,0.0004
2072,998.3,299.4,92.6130,92.6135,92.7056,-0.0926,-0.0921,0.0004
2073,997.4,338.3,92.6076,92.6081,92.7000,-0.0924,-0.0919,0.0004
2074,1001.1,350.7,92.6022,92.6027,92.6943,-0.0920,-0.0916,0.0004
2075,999.4,309.5,92.5968,92.5973,92.6886,-0.0918,-0.0913,0.0004
2076,1001.4,301.4,92.5914,92.5919,92.6826,-0.0912,-0.0908,0.0004
2077,1000.1,285.2,92.5860,92.5864,92.6769,-0.0909,-0.0905,0.0004
2078,998.9,275.7,92.5806,92.5810,92.6711,-0.0905,-0.0900,0.0004
2079,999.0,258.8,92.5752,92.5756,92.6652,-0.0901,-0.0896,0.0004
2080,1000.2,248.2,92.5697,92.5702,92.6590,-0.0892,-0.0888,0.0004
2081,999.9,252.5,92.5643,92.5647,92.6531,-0.0888,-0.0883,0.0004
2082,1002.7,314.8,92.5589,92.5593,92.6473,-0.0885,-0.0881,0.0004
2083,1000.4,343.8,92.5534,92.5539,92.6417,-0.0882,-0.0878,0.0004
2084,1004.6,268.9,92.5480,92.5484,92.6357,-0.0877,-0.0873,0.0004
2085,994.7,291.3,92.5425,92.5430,92.6302,-0.0877,-0.0873,0.0004
2086,1001.6,276.1,92.5371,92.5375,92.6246,-0.0875,-0.0871,0.0004
2087,1005.7,395.9,92.5316,92.5321,92.6187,-0.0871,-0.0867,0.0004
2088,1013.9,342.6,92.5262,92.5266,92.6125,-0.0863,-0.0859,0.0004
2089,989.1,323.8,92.5207,92.5211,92.6067,-0.0860,-0.0856,0.0004
2090,999.0,310.6,92.5153,92.5157,92.6011,-0.0858,-0.0854,0.0004
2091,997.8,304.8,92.5098,92.5102,92.5954,-0.0856,-0.0852,0.0004
2092,1002.5,383.1,92.5043,92.5047,92.5895,-0.0851,-0.0847,0.0004
2093,997.1,329.0,92.4988,92.4992,92.5839,-0.0851,-0.0847,0.0004
2094,998.7,310.9,92.4934,92.4938,92.5783,-0.0850,-0.0846,0.0004
2095,1000.4,334.7,92.4879,92.4883,92.5726,-0.0847,-0.0843,0.0004
2096,999.2,338.9,92.4824,92.4828,92.5663,-0.0839,-0.0835,0.0004
2097,1001.5,382.3,92.4769,92.4773,92.5606,-0.0837,-0.0833,0.0004
2098,998.7,308.8,92.4714,92.4718,92.5550,-0.0836,-0.0832,0.0004
2099,1003.5,316.7,92.4659,92.4663,92.5496,-0.0837,-0.0833,0.0004
2100,995.5,406.0,92.4604,92.4608,92.5439,-0.0835,-0.0831,0.0004
2101,1006.1,275.8,92.4549,92.4553,92.5386,-0.0837,-0.0833,0.0004
2102,1014.8,365.1,92.4494,92.4498,92.5334,-0.0840,-0.0836,0.0004
2103,996.9,361.2,92.4439,92.4442,92.5282,-0.0843,-0.0840,0.0004
2104,980.9,301.4,92.4383,92.4387,92.5227,-0.0844,-0.0840,0.0004
2105,1013.0,338.7,92.4328,92.4332,92.5179,-0.0851,-0.0847,0.0004
2106,995.5,294.7,92.4273,92.4277,92.5133,-0.0860,-0.0857,0.0004
2107,1005.1,350.4,92.4218,92.4221,92.5090,-0.0872,-0.0868,0.0004
2108,993.2,293.1,92.4162,92.4166,92.5043,-0.0881,-0.0877,0.0004
2109,1002.8,336.1,92.4107,92.4111,92.4997,-0.0891,-0.0887,0.0004
2110,996.7,344.1,92.4051,92.4055,92.4951,-0.0900,-0.0896,0.0004
2111,997.5,312.6,92.3996,92.4000,92.4904,-0.0908,-0.0905,0.0004
2112,998.0,293.1,92.3940,92.3944,92.4852,-0.0912,-0.0908,0.0004
2113,999.5,274.0,92.3885,92.3889,92.4805,-0.0920,-0.0916,0.0004
2114,1000.6,268.3,92.3829,92.3833,92.4755,-0.0926,-0.0922,0.0004
2115,1000.1,314.6,92.3774,92.3777,92.4706,-0.0932,-0.0928,0.0004
2116,999.4,341.8,92.3718,92.3722,92.4652,-0.0934,-0.0931,0.0004
2117,1000.5,341.5,92.3662,92.3666,92.4601,-0.0939,-0.0935,0.0004
2118,1001.4,349.0,92.3607,92.3610,92.4547,-0.0941,-0.0937,0.0004
2119,1006.0,357.8,92.3551,92.3555,92.4492,-0.0941,-0.0937,0.0004
2120,999.3,337.3,92.3495,92.3499,92.4430,-0.0935,-0.0931,0.0004
2121,999.8,288.8,92.3439,92.3443,92.4373,-0.0933,-0.0930,0.0003
2122,1011.4,357.8,92.3384,92.3387,92.4317,-0.0933,-0.0930,0.0003
2123,992.3,362.3,92.3328,92.3331,92.4258,-0.0931,-0.0927,0.0003
2124,999.9,343.0,92.3272,92.3275,92.4195,-0.0923,-0.0919,0.0003
2125,1002.2,281.4,92.3216,92.3219,92.4134,-0.0918,-0.0915,0.0003
2126,999.8,335.9,92.3160,92.3163,92.4074,-0.0914,-0.0910,0.0003
2127,999.2,337.1,92.3104,92.3107,92.4013,-0.0909,-0.0906,0.0003
2128,999.3,284.5,92.3048,92.3051,92.3949,-0.0902,-0.0898,0.0003
2129,1002.5,362.3,92.2992,92.2995,92.3892,-0.0900,-0.0897,0.0003
2130,997.6,377.1,92.2935,92.2939,92.3835,-0.0899,-0.0896,0.0003
2131,1005.6,406.1,92.2879,92.2883,92.3778,-0.0899,-0.0896,0.0003
2132,997.5,329.3,92.2823,92.2826,92.3715,-0.0892,-0.0889,0.0003
2133,984.0,330.3,92.2767,92.2770,92.3656,-0.0889,-0.0886,0.0003
2134,997.6,309.7,92.2710,92.2714,92.3594,-0.0884,-0.0881,0.0003
2135,999.8,309.0,92.2654,92.2657,92.3533,-0.0879,-0.0876,0.0003
2136,999.9,320.6,92.2598,92.2601,92.3470,-0.0872,-0.0869,0.0003
2137,1002.2,300.6,92.2541,92.2545,92.3410,-0.0869,-0.0866,0.0003
2138,1026.0,358.7,92.2485,92.2488,92.3350,-0.0865,-0.0862,0.0003
2139,987.5,422.2,92.2428,92.2432,92.3290,-0.0861,-0.0858,0.0003
2140,999.1,714.0,92.2372,92.2375,92.3228,-0.0856,-0.0853,0.0003
2141,1016.1,365.2,92.2315,92.2319,92.3162,-0.0847,-0.0844,0.0003
2142,985.3,346.9,92.2259,92.2262,92.3101,-0.0842,-0.0839,0.0003
2143,983.1,274.8,92.2202,92.2205,92.3034,-0.0832,-0.0829,0.0003
2144,1001.1,375.1,92.2146,92.2149,92.2976,-0.0830,-0.0827,0.0003
2145,999.3,267.0,92.2089,92.2092,92.2924,-0.0835,-0.0832,0.0003
2146,1002.5,260.2,92.2032,92.2035,92.2873,-0.0841,-0.0837,0.0003
2147,996.9,297.3,92.1976,92.1979,92.2821,-0.0845,-0.0842,0.0003
2148,999.8,300.7,92.1919,92.1922,92.2765,-0.0847,-0.0844,0.0003
2149,999.3,301.7,92.1862,92.1865,92.2715,-0.0853,-0.0850,0.0003
2150,999.9,280.1,92.1805,92.1808,92.2666,-0.0861,-0.0858,0.0003
2151,999.9,261.7,92.1748,92.1751,92.2619,-0.0870,-0.0868,0.0003
2152,1000.3,278.3,92.1691,92.1694,92.2571,-0.0880,-0.0877,0.0003
2153,999.8,277.7,92.1634,92.1637,92.2527,-0.0892,-0.0889,0.0003
2154,999.9,294.3,92.1577,92.1580,92.2480,-0.0903,-0.0900,0.0003
2155,999.1,273.7,92.1520,92.1523,92.2432,-0.0912,-0.0909,0.0003
2156,1000.7,408.2,92.1463,92.1466,92.2380,-0.0916,-0.0913,0.0003
2157,1000.5,280.8,92.1406,92.1409,92.2330,-0.0924,-0.0921,0.0003
2158,1003.1,305.0,92.1349,92.1352,92.2282,-0.0933,-0.0930,0.0003
2159,1010.4,310.8,92.1292,92.1295,92.2234,-0.0942,-0.0939,0.0003
2160,999.2,326.7,92.1235,92.1238,92.2234,-0.0999,-0.0996,0.0003
2161,999.9,418.9,92.1178,92.1181,92.2182,-0.1004,-0.1002,0.0003
2162,1000.3,349.6,92.1121,92.1123,92.2133,-0.1012,-0.1009,0.0003
2163,998.2,320.3,92.1063,92.1066,92.2081,-0.1018,-0.1015,0.0003
2164,993.9,285.9,92.1006,92.1009,92.2027,-0.1021,-0.1018,0.0003
2165,997.4,287.5,92.0949,92.0951,92.1967,-0.1019,-0.1016,0.0003
2166,998.4,291.9,92.0891,92.0894,92.1912,-0.1021,-0.1018,0.0003
2167,1000.8,274.0,92.0834,92.0837,92.1855,-0.1021,-0.1019,0.0003
2168,999.8,380.5,92.0776,92.0779,92.1798,-0.1021,-0.1019,0.0003
2169,999.9,346.8,92.0719,92.0722,92.1737,-0.1018,-0.1015,0.0003
2170,999.9,341.8,92.0662,92.0664,92.1678,-0.1017,-0.1014,0.0003
2171,999.6,326.3,92.0604,92.0607,92.1618,-0.1014,-0.1011,0.0003
2172,1002.1,345.9,92.0546,92.0549,92.1557,-0.1011,-0.1008,0.0003
2173,1030.5,482.6,92.0489,92.0491,92.1491,-0.1002,-0.0999,0.0003
2174,1086.1,373.7,92.0431,92.0434,92.1429,-0.0998,-0.0995,0.0003
2175,885.4,300.4,92.0374,92.0376,92.1368,-0.0995,-0.0992,0.0003
2176,1007.6,392.4,92.0316,92.0318,92.1309,-0.0993,-0.0991,0.0003
2177,995.6,318.4,92.0258,92.0261,92.1244,-0.0986,-0.0983,0.0003
2178,1007.9,347.0,92.0200,92.0203,92.1181,-0.0981,-0.0978,0.0003
2179,995.0,275.5,92.0143,92.0145,92.1118,-0.0975,-0.0972,0.0003
2180,997.0,300.1,92.0085,92.0087,92.1053,-0.0969,-0.0966,0.0003
2181,999.4,278.9,92.0027,92.0030,92.0986,-0.0959,-0.0956,0.0002
2182,998.9,340.2,91.9969,91.9972,92.0924,-0.0955,-0.0952,0.0002
2183,980.5,311.8,91.9911,91.9914,92.0861,-0.0950,-0.0947,0.0002
2184,1022.5,264.3,91.9853,91.9856,92.0798,-0.0944,-0.0942,0.0002
2185,1010.2,377.9,91.9795,91.9798,92.0728,-0.0933,-0.0930,0.0002
2186,992.4,325.8,91.9737,91.9740,92.0662,-0.0925,-0.0922,0.0002
2187,995.8,293.0,91.9679,91.9682,92.0597,-0.0917,-0.0915,0.0002
2188,976.2,310.4,91.9621,91.9624,92.0532,-0.0910,-0.0908,0.0002
2189,1025.4,317.3,91.9563,91.9566,92.0463,-0.0899,-0.0897,0.0002
2190,999.1,315.7,91.9505,91.9508,92.0399,-0.0894,-0.0891,0.0002
2191,975.8,288.3,91.9447,91.9449,92.0337,-0.0890,-0.0888,0.0002
2192,1026.5,306.4,91.9389,91.9391,92.0271,-0.0882,-0.0880,0.0002
2193,1000.6,301.1,91.9331,91.9333,92.0210,-0.0879,-0.0877,0.0002
2194,997.4,360.2,91.9272,91.9275,92.0151,-0.0879,-0.0877,0.0002
2195,1011.4,393.0,91.9214,91.9216,92.0096,-0.0882,-0.0879,0.0002
2196,1002.0,289.3,91.9156,91.9158,92.0037,-0.0882,-0.0879,0.0002
2197,991.3,302.3,91.9098,91.9100,91.9985,-0.0888,-0.0885,0.0002
2198,997.9,287.8,91.9039,91.9041,91.9932,-0.0893,-0.0890,0.0002
2199,1000.7,330.2,91.8981,91.8983,91.9878,-0.0897,-0.0895,0.0002
2200,1009.4,384.1,91.8922,91.8925,91.9819,-0.0896,-0.0894,0.0002
2201,994.3,336.0,91.8864,91.8866,91.9763,-0.0899,-0.0897,0.0002
2202,997.1,254.8,91.8806,91.8808,91.9707,-0.0902,-0.0899,0.0002
2203,995.7,318.3,91.8747,91.8749,91.9652,-0.0905,-0.0903,0.0002
2204,999.8,297.0,91.8689,91.8691,91.9592,-0.0904,-0.0901,0.0002
2205,1001.0,281.4,91.8630,91.8632,91.9537,-0.0907,-0.0904,0.0002
2206,1002.5,286.5,91.8571,91.8574,91.9481,-0.0910,-0.0907,0.0002
2207,998.2,320.7,91.8513,91.8515,91.9425,-0.0913,-0.0910,0.0002
2208,1001.2,317.6,91.8454,91.8456,91.9365,-0.0911,-0.0909,0.0002
2209,998.6,334.6,91.8395,91.8398,91.9310,-0.0914,-0.0912,0.0002
2210,1000.0,306.4,91.8337,91.8339,91.9255,-0.0918,-0.0916,0.0002
2211,1000.6,292.9,91.8278,91.8280,91.9199,-0.0921,-0.0919,0.0002
2212,1004.7,287.3,91.8219,91.8221,91.9140,-0.0920,-0.0918,0.0002
2213,1013.8,304.9,91.8161,91.8163,91.9086,-0.0926,-0.0924,0.0002
2214,996.6,334.9,91.8102,91.8104,91.9032,-0.0930,-0.0928,0.0002
2215,987.8,294.5,91.8043,91.8045,91.8977,-0.0934,-0.0932,0.0002
2216,997.4,305.9,91.7984,91.7986,91.8920,-0.0935,-0.0933,0.0002
2217,1003.5,366.9,91.7925,91.7927,91.8867,-0.0941,-0.0940,0.0002
2218,990.1,302.4,91.7866,91.7868,91.8815,-0.0949,-0.0947,0.0002
2219,998.9,331.0,91.7807,91.7809,91.8762,-0.0955,-0.0953,0.0002
2220,1007.9,318.2,91.7748,91.7750,91.8703,-0.0955,-0.0953,0.0002
2221,1000.3,336.8,91.7689,91.7691,91.8646,-0.0957,-0.0955,0.0002
2222,1049.0,422.6,91.7630,91.7632,91.8588,-0.0958,-0.0956,0.0002
2223,964.4,353.2,91.7571,91.7573,91.8529,-0.0957,-0.0956,0.0002
2224,990.9,288.7,91.7512,91.7514,91.8469,-0.0957,-0.0955,0.0002
2225,1007.2,289.6,91.7453,91.7455,91.8406,-0.0953,-0.0951,0.0002
2226,985.2,276.6,91.7394,91.7396,91.8348,-0.0954,-0.0953,0.0002
2227,997.5,293.0,91.7335,91.7337,91.8288,-0.0954,-0.0952,0.0002
2228,1074.0,364.9,91.7276,91.7277,91.8226,-0.0950,-0.0948,0.0002
2229,936.2,350.3,91.7216,91.7218,91.8159,-0.0942,-0.0940,0.0002
2230,997.1,288.7,91.7157,91.7159,91.8096,-0.0939,-0.0937,0.0002
2231,997.6,275.1,91.7098,91.7100,91.8035,-0.0937,-0.0935,0.0002
2232,1002.2,271.8,91.7039,91.7040,91.7975,-0.0936,-0.0935,0.0002
2233,1008.7,368.8,91.6979,91.6981,91.7911,-0.0931,-0.0930,0.0002
2234,990.9,294.2,91.6920,91.6922,91.7850,-0.0930,-0.0928,0.0002
2235,999.9,268.9,91.6861,91.6862,91.7789,-0.0928,-0.0927,0.0002
2236,992.4,271.3,91.6801,91.6803,91.7728,-0.0927,-0.0925,0.0002
2237,997.4,265.7,91.6742,91.6743,91.7663,-0.0921,-0.0920,0.0002
2238,1007.6,325.7,91.6682,91.6684,91.7604,-0.0921,-0.0920,0.0002
2239,1001.0,308.2,91.6623,91.6625,91.7546,-0.0923,-0.0921,0.0002
2240,999.4,291.1,91.6563,91.6565,91.7490,-0.0926,-0.0925,0.0002
2241,1001.7,297.5,91.6504,91.6506,91.7428,-0.0924,-0.0923,0.0002
2242,997.1,300.0,91.6444,91.6446,91.7370,-0.0926,-0.0924,0.0002
2243,1000.4,325.7,91.6385,91.6386,91.7312,-0.0927,-0.0925,0.0002
2244,999.7,311.1,91.6325,91.6327,91.7253,-0.0928,-0.0927,0.0002
2245,1002.0,349.9,91.6266,91.6267,91.7191,-0.0926,-0.0924,0.0002
2246,1013.0,349.1,91.6206,91.6207,91.7134,-0.0928,-0.0926,0.0002
2247,990.4,318.2,91.6146,91.6148,91.7076,-0.0930,-0.0928,0.0002
2248,998.8,328.0,91.6087,91.6088,91.7019,-0.0932,-0.0931,0.0002
2249,998.9,318.9,91.6027,91.6028,91.6956,-0.0929,-0.0927,0.0002
2250,1001.0,324.7,91.5967,91.5969,91.6897,-0.0930,-0.0928,0.0002
2251,1013.0,350.7,91.5907,91.5909,91.6838,-0.0931,-0.0930,0.0002
2252,990.5,284.5,91.5847,91.5849,91.6782,-0.0934,-0.0933,0.0002
2253,995.8,340.1,91.5788,91.5789,91.6721,-0.0934,-0.0932,0.0001
2254,998.0,322.5,91.5728,91.5729,91.6666,-0.0938,-0.0936,0.0001
2255,1000.2,301.2,91.5668,91.5669,91.6609,-0.0941,-0.0940,0.0001
2256,1000.8,325.8,91.5608,91.5610,91.6551,-0.0943,-0.0941,0.0001
2257,1001.3,331.9,91.5548,91.5550,91.6489,-0.0940,-0.0939,0.0001
2258,997.1,273.4,91.5488,91.5490,91.6433,-0.0945,-0.0943,0.0001
2259,1000.7,313.6,91.5428,91.5430,91.6380,-0.0951,-0.0950,0.0001
2260,999.1,270.4,91.5368,91.5370,91.6328,-0.0960,-0.0959,0.0001
2261,1000.1,305.8,91.5308,91.5310,91.6277,-0.0969,-0.0967,0.0001
2262,1007.6,296.9,91.5248,91.5250,91.6221,-0.0973,-0.0971,0.0001
2263,1000.2,309.4,91.5188,91.5190,91.6169,-0.0980,-0.0979,0.0001
2264,994.3,288.9,91.5128,91.5129,91.6115,-0.0987,-0.0986,0.0001
2265,1000.6,316.0,91.5068,91.5069,91.6061,-0.0993,-0.0991,0.0001
2266,999.7,296.2,91.5008,91.5009,91.6000,-0.0992,-0.0991,0.0001
2267,1001.9,312.8,91.4948,91.4949,91.5943,-0.0995,-0.0994,0.0001
2268,997.3,372.6,91.4888,91.4889,91.5885,-0.0998,-0.0996,0.0001
2269,1002.9,395.6,91.4827,91.4829,91.5823,-0.0996,-0.0994,0.0001
2270,998.2,338.1,91.4767,91.4768,91.5765,-0.0998,-0.0996,0.0001
2271,1001.5,314.3,91.4707,91.4708,91.5705,-0.0998,-0.0997,0.0001
2272,999.7,315.2,91.4647,91.4648,91.5642,-0.0995,-0.0994,0.0001
2273,1007.3,376.7,91.4586,91.4588,91.5571,-0.0984,-0.0983,0.0001
2274,991.2,297.8,91.4526,91.4527,91.5504,-0.0978,-0.0977,0.0001
2275,1000.2,319.6,91.4466,91.4467,91.5440,-0.0975,-0.0973,0.0001
2276,1000.0,290.4,91.4405,91.4407,91.5378,-0.0973,-0.0972,0.0001
2277,999.3,298.4,91.4345,91.4346,91.5311,-0.0966,-0.0964,0.0001
2278,999.7,315.6,91.4285,91.4286,91.5248,-0.0963,-0.0962,0.0001
2279,999.8,281.8,91.4224,91.4225,91.5183,-0.0959,-0.0958,0.0001
2280,999.8,317.5,91.4164,91.4165,91.5118,-0.0954,-0.0953,0.0001
2281,1000.1,298.3,91.4103,91.4105,91.5051,-0.0948,-0.0947,0.0001
2282,1007.6,289.0,91.4043,91.4044,91.4991,-0.0948,-0.0947,0.0001
2283,995.5,313.4,91.3982,91.3984,91.4934,-0.0952,-0.0951,0.0001
2284,998.6,293.7,91.3922,91.3923,91.4876,-0.0954,-0.0953,0.0001
2285,1000.2,409.9,91.3861,91.3862,91.4811,-0.0950,-0.0949,0.0001
2286,1005.8,296.7,91.3801,91.3802,91.4750,-0.0949,-0.0948,0.0001
2287,992.5,308.1,91.3740,91.3741,91.4687,-0.0946,-0.0945,0.0001
2288,999.3,302.8,91.3680,91.3681,91.4623,-0.0944,-0.0943,0.0001
2289,1001.5,291.5,91.3619,91.3620,91.4556,-0.0937,-0.0936,0.0001
2290,998.7,298.6,91.3558,91.3559,91.4494,-0.0936,-0.0935,0.0001
2291,1000.6,272.1,91.3498,91.3499,91.4431,-0.0933,-0.0932,0.0001
2292,1003.2,305.6,91.3437,91.3438,91.4367,-0.0930,-0.0929,0.0001
2293,998.3,310.4,91.3376,91.3377,91.4297,-0.0921,-0.0920,0.0001
2294,1006.1,346.4,91.3315,91.3317,91.4231,-0.0916,-0.0915,0.0001
2295,993.7,363.2,91.3255,91.3256,91.4169,-0.0914,-0.0913,0.0001
2296,998.0,323.6,91.3194,91.3195,91.4107,-0.0913,-0.0912,0.0001
2297,1000.5,298.1,91.3133,91.3134,91.4043,-0.0910,-0.0909,0.0001
2298,999.4,389.8,91.3072,91.3073,91.3983,-0.0911,-0.0910,0.0001
2299,1058.4,353.6,91.3012,91.3013,91.3922,-0.0911,-0.0910,0.0001
2300,933.8,266.1,91.2951,91.2952,91.3861,-0.0910,-0.0909,0.0001
2301,1010.8,351.8,91.2890,91.2891,91.3795,-0.0906,-0.0905,0.0001
2302,1002.1,306.4,91.2829,91.2830,91.3739,-0.0910,-0.0909,0.0001
2303,999.8,314.5,91.2768,91.2769,91.3684,-0.0916,-0.0915,0.0001
2304,1891.7,328.6,91.2707,91.2708,91.3572,-0.0865,-0.0864,0.0001
2305,332.5,357.9,91.2646,91.2647,91.3515,-0.0869,-0.0868,0.0001
2306,762.8,251.6,91.2585,91.2586,91.3515,-0.0930,-0.0929,0.0001
2307,997.5,309.4,91.2524,91.2525,91.3457,-0.0933,-0.0932,0.0001
2308,999.4,292.1,91.2463,91.2464,91.3391,-0.0928,-0.0927,0.0001
2309,999.8,301.5,91.2402,91.2403,91.3333,-0.0930,-0.0930,0.0001
2310,999.7,328.7,91.2341,91.2342,91.3280,-0.0939,-0.0938,0.0001
2311,1001.6,310.8,91.2280,91.2281,91.3228,-0.0948,-0.0947,0.0001
2312,998.9,233.4,91.2219,91.2220,91.3169,-0.0950,-0.0949,0.0001
2313,999.7,281.9,91.2158,91.2159,91.3114,-0.0956,-0.0955,0.0001
2314,1000.5,303.9,91.2097,91.2098,91.3056,-0.0959,-0.0958,0.0001
2315,1006.9,261.5,91.2036,91.2037,91.2999,-0.0963,-0.0962,0.0001
2316,999.1,277.3,91.1975,91.1975,91.2941,-0.0966,-0.0965,0.0001
2317,996.8,300.2,91.1913,91.1914,91.2878,-0.0965,-0.0964,0.0001
2318,1001.4,332.6,91.1852,91.1853,91.2821,-0.0969,-0.0968,0.0001
2319,1001.2,572.0,91.1791,91.1792,91.2764,-0.0973,-0.0972,0.0001
2320,999.3,321.5,91.1730,91.1731,91.2706,-0.0976,-0.0975,0.0001
2321,998.8,324.6,91.1669,91.1669,91.2642,-0.0973,-0.0972,0.0001
2322,999.1,302.9,91.1607,91.1608,91.2582,-0.0975,-0.0974,0.0001
2323,999.6,293.4,91.1546,91.1547,91.2523,-0.0977,-0.0977,0.0001
2324,999.5,313.8,91.1485,91.1485,91.2465,-0.0980,-0.0979,0.0001
2325,1000.0,302.1,91.1423,91.1424,91.2407,-0.0984,-0.0983,0.0001
2326,999.7,297.2,91.1362,91.1363,91.2346,-0.0984,-0.0983,0.0001
2327,1000.5,276.8,91.1301,91.1301,91.2289,-0.0989,-0.0988,0.0001
2328,998.6,292.4,91.1239,91.1240,91.2289,-0.1050,-0.1049,0.0001
2329,1001.5,274.7,91.1178,91.1179,91.2175,-0.0997,-0.0996,0.0001
2330,999.6,302.3,91.1117,91.1117,91.2175,-0.1058,-0.1058,0.0001
2331,999.5,327.2,91.1055,91.1056,91.2111,-0.1056,-0.1055,0.0001
2332,999.7,308.1,91.0994,91.0994,91.2048,-0.1054,-0.1054,0.0001
2333,1009.1,336.1,91.0932,91.0933,91.1987,-0.1055,-0.1054,0.0001
2334,999.1,277.7,91.0871,91.0871,91.1926,-0.1055,-0.1054,0.0001
2335,1002.1,280.6,91.0809,91.0810,91.1858,-0.1049,-0.1048,0.0001
2336,1006.2,696.2,91.0748,91.0749,91.1794,-0.1046,-0.1045,0.0001
2337,1000.4,368.5,91.0686,91.0687,91.1728,-0.1042,-0.1041,0.0001
2338,993.6,290.1,91.0625,91.0625,91.1660,-0.1036,-0.1035,0.0001
2339,1000.6,298.5,91.0563,91.0564,91.1588,-0.1025,-0.1024,0.0001
2340,1000.2,310.7,91.0502,91.0502,91.1520,-0.1019,-0.1018,0.0001
2341,999.9,283.0,91.0440,91.0441,91.1454,-0.1014,-0.1013,0.0001
2342,997.9,292.7,91.0379,91.0379,91.1386,-0.1007,-0.1007,0.0001
2343,999.3,309.2,91.0317,91.0318,91.1313,-0.0996,-0.0996,0.0001
2344,1001.7,332.6,91.0255,91.0256,91.1247,-0.0991,-0.0991,0.0001
2345,1000.4,320.7,91.0194,91.0194,91.1181,-0.0987,-0.0987,0.0001
2346,998.8,319.4,91.0132,91.0133,91.1117,-0.0985,-0.0984,0.0001
2347,999.4,299.7,91.0070,91.0071,91.1052,-0.0982,-0.0981,0.0001
2348,1006.5,369.7,91.0009,91.0009,91.0992,-0.0983,-0.0982,0.0001
2349,1097.8,430.4,90.9947,90.9948,91.0929,-0.0982,-0.0981,0.0001
2350,1043.4,374.7,90.9885,90.9886,91.0866,-0.0980,-0.0980,0.0001
2351,867.4,314.6,90.9824,90.9824,91.0796,-0.0972,-0.0972,0.0001
2352,987.3,322.5,90.9762,90.9762,91.0734,-0.0972,-0.0971,0.0001
2353,996.7,269.0,90.9700,90.9701,91.0672,-0.0972,-0.0972,0.0001
2354,1028.2,360.9,90.9638,90.9639,91.0611,-0.0973,-0.0972,0.0001
2355,976.5,328.0,90.9576,90.9577,91.0546,-0.0969,-0.0969,0.0001
2356,1005.5,296.0,90.9515,90.9515,91.0483,-0.0968,-0.0967,0.0001
2357,992.0,293.3,90.9453,90.9453,91.0419,-0.0966,-0.0966,0.0001
2358,998.3,268.9,90.9391,90.9392,91.0356,-0.0964,-0.0964,0.0000
2359,999.6,288.6,90.9329,90.9330,91.0288,-0.0959,-0.0958,0.0000
2360,998.3,319.7,90.9267,90.9268,91.0226,-0.0959,-0.0959,0.0000
2361,1015.3,274.8,90.9205,90.9206,91.0167,-0.0961,-0.0961,0.0000
2362,990.2,312.0,90.9144,90.9144,91.0109,-0.0965,-0.0965,0.0000
2363,1001.1,330.7,90.9082,90.9082,91.0046,-0.0964,-0.0964,0.0000
2364,997.2,280.3,90.9020,90.9020,90.9987,-0.0967,-0.0966,0.0000
2365,1000.5,302.8,90.8958,90.8958,90.9928,-0.0970,-0.0969,0.0000
2366,1000.2,278.3,90.8896,90.8896,90.9870,-0.0974,-0.0974,0.0000
2367,1001.1,296.6,90.8834,90.8834,90.9809,-0.0975,-0.0974,0.0000
2368,999.4,366.0,90.8772,90.8772,90.9753,-0.0981,-0.0981,0.0000
2369,1001.3,338.9,90.8710,90.8710,90.9697,-0.0987,-0.0987,0.0000
2370,998.7,282.0,90.8648,90.8648,90.9640,-0.0992,-0.0991,0.0000
2371,1035.0,358.5,90.8586,90.8586,90.9582,-0.0996,-0.0995,0.0000
2372,974.5,319.4,90.8524,90.8524,90.9518,-0.0994,-0.0993,0.0000
2373,989.9,285.5,90.8462,90.8462,90.9457,-0.0995,-0.0994,0.0000
2374,998.3,325.4,90.8400,90.8400,90.9395,-0.0995,-0.0994,0.0000
2375,1003.9,308.8,90.8338,90.8338,90.9333,-0.0995,-0.0995,0.0000
2376,994.6,264.1,90.8276,90.8276,90.9268,-0.0992,-0.0991,0.0000
2377,999.4,291.7,90.8214,90.8214,90.9206,-0.0992,-0.0992,0.0000
2378,999.8,279.8,90.8152,90.8152,90.9142,-0.0991,-0.0990,0.0000
2379,1001.1,252.3,90.8090,90.8090,90.9077,-0.0987,-0.0987,0.0000
2380,1000.5,260.3,90.8027,90.8028,90.9007,-0.0980,-0.0979,0.0000
2381,1036.9,335.2,90.7965,90.7966,90.8943,-0.0978,-0.0978,0.0000
2382,965.6,297.3,90.7903,90.7904,90.8879,-0.0976,-0.0975,0.0000
2383,999.8,276.4,90.7841,90.7841,90.8809,-0.0968,-0.0968,0.0000
2384,1000.2,387.0,90.7779,90.7779,90.8744,-0.0965,-0.0965,0.0000
2385,999.2,280.9,90.7717,90.7717,90.8679,-0.0962,-0.0962,0.0000
2386,999.9,315.0,90.7655,90.7655,90.8613,-0.0958,-0.0958,0.0000
2387,1000.2,316.2,90.7592,90.7593,90.8543,-0.0950,-0.0950,0.0000
2388,1059.4,607.2,90.7530,90.7530,90.8479,-0.0949,-0.0949,0.0000
2389,943.6,340.9,90.7468,90.7468,90.8416,-0.0948,-0.0948,0.0000
2390,1007.1,348.0,90.7406,90.7406,90.8354,-0.0948,-0.0948,0.0000
2391,1008.1,366.7,90.7343,90.7344,90.8285,-0.0942,-0.0942,0.0000
2392,986.4,312.7,90.7281,90.7282,90.8221,-0.0940,-0.0940,0.0000
2393,1033.1,500.0,90.7219,90.7219,90.8156,-0.0937,-0.0936,0.0000
2394,965.6,359.4,90.7157,90.7157,90.8091,-0.0935,-0.0934,0.0000
2395,997.1,308.8,90.7094,90.7095,90.8024,-0.0929,-0.0929,0.0000
2396,998.4,293.3,90.7032,90.7032,90.7962,-0.0930,-0.0930,0.0000
2397,1010.1,349.0,90.6970,90.6970,90.7901,-0.0931,-0.0931,0.0000
2398,992.3,302.2,90.6908,90.6908,90.7840,-0.0932,-0.0932,0.0000
2399,999.3,293.9,90.6845,90.6845,90.7772,-0.0927,-0.0927,0.0000
2400,1001.3,265.1,90.6783,90.6783,90.7709,-0.0926,-0.0926,0.0000
2401,999.9,321.1,90.6721,90.6721,90.7647,-0.0927,-0.0926,0.0000
2402,1000.5,326.3,90.6658,90.6658,90.7583,-0.0925,-0.0925,0.0000
2403,1000.0,315.1,90.6596,90.6596,90.7526,-0.0930,-0.0930,0.0000
2404,999.0,312.9,90.6533,90.6534,90.7469,-0.0936,-0.0935,0.0000
2405,1009.4,296.2,90.6471,90.6471,90.7411,-0.0940,-0.0939,0.0000
2406,989.8,305.9,90.6409,90.6409,90.7350,-0.0941,-0.0941,0.0000
2407,1011.4,306.6,90.6346,90.6346,90.7296,-0.0949,-0.0949,0.0000
2408,993.4,325.5,90.6284,90.6284,90.7241,-0.0957,-0.0957,0.0000
2409,995.7,293.2,90.6221,90.6222,90.7190,-0.0969,-0.0969,0.0000
2410,999.7,286.4,90.6159,90.6159,90.7138,-0.0979,-0.0978,0.0000
2411,999.8,304.2,90.6097,90.6097,90.7088,-0.0992,-0.0992,0.0000
2412,1001.9,270.5,90.6034,90.6034,90.7039,-0.1005,-0.1005,0.0000
2413,997.1,275.8,90.5972,90.5972,90.6988,-0.1016,-0.1016,0.0000
2414,997.1,286.3,90.5909,90.5909,90.6930,-0.1021,-0.1021,0.0000
2415,1000.3,273.4,90.5847,90.5847,90.6876,-0.1030,-0.1030,0.0000
2416,1000.6,275.4,90.5784,90.5784,90.6822,-0.1038,-0.1038,0.0000
2417,999.5,283.4,90.5722,90.5722,90.6766,-0.1045,-0.1044,0.0000
2418,1000.6,306.1,90.5659,90.5659,90.6706,-0.1047,-0.1047,0.0000
2419,1021.7,364.0,90.5597,90.5597,90.6649,-0.1052,-0.1052,0.0000
2420,983.7,338.4,90.5534,90.5534,90.6590,-0.1055,-0.1055,0.0000
2421,1001.0,297.6,90.5472,90.5472,90.6529,-0.1057,-0.1057,0.0000
2422,1011.9,304.4,90.5409,90.5409,90.6461,-0.1052,-0.1052,0.0000
2423,989.1,301.7,90.5347,90.5347,90.6397,-0.1051,-0.1050,0.0000
2424,999.1,301.6,90.5284,90.5284,90.6333,-0.1049,-0.1049,0.0000
2425,1019.4,360.2,90.5222,90.5222,90.6269,-0.1047,-0.1047,0.0000
2426,981.5,300.7,90.5159,90.5159,90.6199,-0.1040,-0.1040,0.0000
2427,1011.7,339.4,90.5096,90.5097,90.6132,-0.1035,-0.1035,0.0000
2428,1034.0,363.6,90.5034,90.5034,90.6064,-0.1030,-0.1030,0.0000
2429,971.8,351.0,90.4971,90.4971,90.5995,-0.1024,-0.1024,0.0000
2430,994.3,452.7,90.4909,90.4909,90.5923,-0.1014,-0.1014,0.0000
2431,993.6,324.2,90.4846,90.4846,90.5858,-0.1012,-0.1012,0.0000
2432,992.5,286.8,90.4784,90.4784,90.5796,-0.1012,-0.1012,0.0000
2433,998.3,275.6,90.4721,90.4721,90.5732,-0.1011,-0.1011,0.0000
2434,997.8,312.1,90.4658,90.4658,90.5666,-0.1008,-0.1008,0.0000
2435,1013.1,369.6,90.4596,90.4596,90.5593,-0.0998,-0.0998,0.0000
2436,1002.0,375.7,90.4533,90.4533,90.5524,-0.0991,-0.0991,0.0000
2437,987.8,324.2,90.4470,90.4471,90.5455,-0.0985,-0.0985,0.0000
2438,1004.9,304.4,90.4408,90.4408,90.5382,-0.0975,-0.0975,0.0000
2439,994.0,316.0,90.4345,90.4345,90.5315,-0.0970,-0.0970,0.0000
2440,1003.1,370.7,90.4283,90.4283,90.5247,-0.0964,-0.0964,0.0000
2441,998.2,277.5,90.4220,90.4220,90.5177,-0.0957,-0.0957,0.0000
2442,990.7,273.9,90.4157,90.4157,90.5103,-0.0946,-0.0946,0.0000
2443,1001.6,295.8,90.4095,90.4095,90.5034,-0.0940,-0.0940,0.0000
2444,1006.3,337.3,90.4032,90.4032,90.4967,-0.0935,-0.0935,0.0000
2445,1000.6,366.7,90.3969,90.3969,90.4900,-0.0931,-0.0931,0.0000
2446,1009.3,319.5,90.3907,90.3907,90.4829,-0.0923,-0.0923,0.0000
2447,989.2,325.7,90.3844,90.3844,90.4766,-0.0922,-0.0922,0.0000
2448,1000.1,353.2,90.3781,90.3781,90.4702,-0.0921,-0.0920,0.0000
2449,1007.9,337.6,90.3718,90.3719,90.4637,-0.0919,-0.0919,0.0000
2450,994.9,315.8,90.3656,90.3656,90.4573,-0.0917,-0.0917,0.0000
2451,1000.5,345.6,90.3593,90.3593,90.4515,-0.0922,-0.0922,0.0000
2452,998.1,358.5,90.3530,90.3530,90.4459,-0.0928,-0.0928,0.0000
2453,1001.2,340.6,90.3468,90.3468,90.4402,-0.0935,-0.0935,0.0000
2454,998.9,290.6,90.3405,90.3405,90.4340,-0.0935,-0.0935,0.0000
2455,1000.5,285.6,90.3342,90.3342,90.4284,-0.0941,-0.0941,0.0000
2456,1000.4,264.1,90.3279,90.3279,90.4227,-0.0948,-0.0947,0.0000
2457,1019.6,353.9,90.3217,90.3217,90.4170,-0.0954,-0.0954,0.0000
2458,977.8,285.1,90.3154,90.3154,90.4109,-0.0955,-0.0955,0.0000
2459,999.1,300.4,90.3091,90.3091,90.4053,-0.0962,-0.0962,0.0000
2460,999.3,322.0,90.3028,90.3028,90.3997,-0.0969,-0.0969,0.0000
2461,1002.9,305.2,90.2966,90.2966,90.3941,-0.0976,-0.0976,0.0000
2462,1086.1,396.4,90.2903,90.2903,90.3880,-0.0977,-0.0977,0.0000
2463,914.8,522.9,90.2840,90.2840,90.3820,-0.0980,-0.0980,0.0000
2464,1010.7,395.7,90.2777,90.2777,90.3760,-0.0983,-0.0983,0.0000
2465,995.1,319.1,90.2715,90.2715,90.3702,-0.0987,-0.0987,0.0000
2466,1003.1,352.9,90.2652,90.2652,90.3638,-0.0986,-0.0986,0.0000
2467,990.1,329.0,90.2589,90.2589,90.3579,-0.0990,-0.0990,0.0000
2468,1009.6,339.1,90.2526,90.2526,90.3518,-0.0992,-0.0992,0.0000
2469,998.3,357.7,90.2463,90.2464,90.3455,-0.0991,-0.0991,0.0000
2470,985.1,316.3,90.2401,90.2401,90.3385,-0.0985,-0.0985,0.0000
2471,997.9,283.1,90.2338,90.2338,90.3320,-0.0983,-0.0983,0.0000
2472,1000.5,334.0,90.2275,90.2275,90.3256,-0.0981,-0.0981,0.0000
2473,1001.3,330.5,90.2212,90.2212,90.3195,-0.0982,-0.0982,0.0000
2474,998.7,335.2,90.2150,90.2150,90.3120,-0.0970,-0.0970,0.0000
2475,998.6,338.6,90.2087,90.2087,90.3068,-0.0981,-0.0981,0.0000
2476,1000.0,314.5,90.2024,90.2024,90.3006,-0.0982,-0.0982,0.0000
2477,1000.1,253.1,90.1961,90.1961,90.2940,-0.0979,-0.0979,0.0000
2478,1037.5,340.9,90.1898,90.1898,90.2857,-0.0959,-0.0959,0.0000
2479,980.5,297.9,90.1836,90.1836,90.2791,-0.0956,-0.0956,0.0000
2480,990.0,338.6,90.1773,90.1773,90.2726,-0.0953,-0.0953,0.0000
2481,1009.5,360.4,90.1710,90.1710,90.2662,-0.0952,-0.0952,0.0000
2482,993.2,326.1,90.1647,90.1647,90.2593,-0.0946,-0.0946,0.0000
2483,1000.6,284.7,90.1584,90.1584,90.2527,-0.0943,-0.0943,0.0000
2484,1002.3,306.0,90.1521,90.1521,90.2460,-0.0938,-0.0938,0.0000
2485,1001.7,321.3,90.1459,90.1459,90.2392,-0.0933,-0.0933,0.0000
2486,1004.5,334.7,90.1396,90.1396,90.2321,-0.0925,-0.0925,0.0000
2487,1003.9,296.8,90.1333,90.1333,90.2256,-0.0923,-0.0923,0.0000
2488,986.9,282.1,90.1270,90.1270,90.2192,-0.0922,-0.0922,0.0000
2489,1005.4,294.8,90.1207,90.1207,90.2121,-0.0913,-0.0913,0.0000
2490,1003.6,341.0,90.1145,90.1145,90.2057,-0.0912,-0.0912,0.0000
2491,1007.3,297.1,90.1082,90.1082,90.1994,-0.0913,-0.0913,0.0000
2492,988.4,363.6,90.1019,90.1019,90.1934,-0.0915,-0.0915,0.0000
2493,1003.2,354.7,90.0956,90.0956,90.1934,-0.0978,-0.0978,0.0000
2494,1018.7,660.3,90.0893,90.0893,90.1877,-0.0983,-0.0983,0.0000
2495,975.6,465.5,90.0830,90.0830,90.1818,-0.0987,-0.0987,0.0000
2496,1000.8,405.2,90.0768,90.0768,90.1763,-0.0996,-0.0996,0.0000
2497,2123.7,443.0,90.0705,90.0705,90.1642,-0.0938,-0.0938,0.0000
2498,450.9,450.5,90.0642,90.0642,90.1581,-0.0939,-0.0939,0.0000
2499,455.9,319.8,90.0579,90.0579,90.1581,-0.1002,-0.1002,0.0000
2500,967.3,332.5,90.0516,90.0516,90.1520,-0.1004,-0.1004,0.0000
2501,997.1,322.0,90.0453,90.0453,90.1456,-0.1002,-0.1002,0.0000
2502,1001.3,340.9,90.0391,90.0391,90.1397,-0.1006,-0.1006,0.0000
2503,999.1,275.1,90.0328,90.0328,90.1338,-0.1010,-0.1010,0.0000
2504,999.5,303.7,90.0265,90.0265,90.1281,-0.1017,-0.1017,0.0000
2505,1000.1,319.1,90.0202,90.0202,90.1218,-0.1016,-0.1016,0.0000
2506,1064.8,363.9,90.0139,90.0139,90.1157,-0.1018,-0.1018,0.0000
2507,938.2,296.5,90.0076,90.0076,90.1096,-0.1019,-0.1019,0.0000
2508,998.2,285.9,90.0014,90.0014,90.1034,-0.1020,-0.1020,0.0000
2509,999.3,300.2,89.9951,89.9951,90.0970,-0.1019,-0.1019,0.0000
2510,1000.7,292.1,89.9888,89.9888,90.0910,-0.1022,-0.1022,0.0000
2511,1010.0,301.0,89.9825,89.9825,90.0850,-0.1025,-0.1025,0.0000
2512,990.8,307.7,89.9762,89.9762,90.0790,-0.1028,-0.1028,0.0000
2513,1000.5,305.8,89.9699,89.9699,90.0725,-0.1026,-0.1026,0.0000
2514,998.5,282.5,89.9637,89.9637,90.0666,-0.1029,-0.1029,0.0000
2515,999.5,304.0,89.9574,89.9574,90.0607,-0.1033,-0.1033,0.0000
2516,999.7,305.1,89.9511,89.9511,90.0549,-0.1038,-0.1038,0.0000
2517,1000.5,307.6,89.9448,89.9448,90.0485,-0.1036,-0.1036,0.0000
2518,1001.0,322.9,89.9385,89.9385,90.0424,-0.1038,-0.1038,0.0000
2519,999.4,374.9,89.9323,89.9323,90.0360,-0.1038,-0.1038,0.0000
2520,999.0,378.6,89.9260,89.9260,90.0295,-0.1036,-0.1036,0.0000
2521,1002.9,329.4,89.9197,89.9197,90.0225,-0.1028,-0.1028,0.0000
2522,995.6,340.2,89.9134,89.9134,90.0160,-0.1026,-0.1026,0.0000
2523,1002.5,308.4,89.9071,89.9071,90.0093,-0.1022,-0.1022,0.0000
2524,998.3,288.5,89.9008,89.9008,90.0025,-0.1017,-0.1017,0.0000
2525,999.8,314.9,89.8946,89.8946,89.9950,-0.1004,-0.1004,0.0000
2526,1002.7,281.1,89.8883,89.8883,89.9880,-0.0997,-0.0997,0.0000
2527,1068.3,386.3,89.8820,89.8820,89.9808,-0.0988,-0.0988,0.0000
2528,943.4,309.2,89.8757,89.8757,89.9737,-0.0980,-0.0980,0.0000
2529,981.6,283.2,89.8694,89.8695,89.9663,-0.0969,-0.0969,0.0000
2530,1005.3,278.5,89.8632,89.8632,89.9595,-0.0963,-0.0963,0.0000
2531,1009.2,342.2,89.8569,89.8569,89.9526,-0.0957,-0.0957,0.0000
2532,1004.7,322.5,89.8506,89.8506,89.9457,-0.0951,-0.0951,0.0000
2533,996.5,292.8,89.8443,89.8443,89.9384,-0.0940,-0.0940,0.0000
2534,984.2,296.4,89.8381,89.8381,89.9316,-0.0936,-0.0936,0.0000
2535,997.9,289.0,89.8318,89.8318,89.9252,-0.0934,-0.0934,0.0000
2536,1008.6,327.2,89.8255,89.8255,89.9188,-0.0933,-0.0933,0.0000
2537,1024.4,360.5,89.8192,89.8192,89.9121,-0.0929,-0.0928,0.0000
2538,1126.4,456.6,89.8130,89.8130,89.9059,-0.0929,-0.0929,0.0000
2539,848.8,280.2,89.8067,89.8067,89.8995,-0.0929,-0.0929,0.0000
2540,1002.3,318.4,89.8004,89.8004,89.8932,-0.0928,-0.0928,0.0000
2541,1000.1,323.2,89.7941,89.7941,89.8865,-0.0924,-0.0924,0.0000
2542,1013.0,345.3,89.7878,89.7879,89.8803,-0.0925,-0.0924,0.0000
2543,988.7,337.1,89.7816,89.7816,89.8743,-0.0927,-0.0927,0.0000
2544,983.8,356.8,89.7753,89.7753,89.8681,-0.0928,-0.0928,0.0000
2545,1003.9,297.1,89.7690,89.7690,89.8614,-0.0924,-0.0924,0.0000
2546,998.4,279.0,89.7628,89.7628,89.8551,-0.0923,-0.0923,0.0000
2547,1018.3,297.8,89.7565,89.7565,89.8490,-0.0925,-0.0925,0.0000
2548,982.6,239.8,89.7502,89.7502,89.8431,-0.0929,-0.0929,0.0000
2549,998.9,295.0,89.7439,89.7439,89.8371,-0.0931,-0.0931,0.0000
2550,1000.1,263.0,89.7377,89.7377,89.8305,-0.0928,-0.0928,0.0000
2551,1000.2,239.9,89.7314,89.7314,89.8244,-0.0930,-0.0930,0.0000
2552,1000.0,267.6,89.7251,89.7251,89.8183,-0.0931,-0.0931,0.0000
2553,1001.9,295.7,89.7189,89.7189,89.8124,-0.0935,-0.0935,0.0000
2554,1015.2,318.3,89.7126,89.7126,89.8067,-0.0941,-0.0941,0.0000
2555,984.2,289.7,89.7063,89.7063,89.8009,-0.0946,-0.0946,0.0000
2556,999.2,291.6,89.7001,89.7001,89.7956,-0.0955,-0.0955,0.0000
2557,1015.6,293.8,89.6938,89.6938,89.7903,-0.0965,-0.0965,0.0000
2558,982.7,327.6,89.6875,89.6875,89.7848,-0.0973,-0.0973,0.0000
2559,1011.0,287.5,89.6813,89.6813,89.7786,-0.0974,-0.0974,0.0000
2560,1000.6,289.8,89.6750,89.6750,89.7728,-0.0978,-0.0978,0.0000
2561,996.4,290.2,89.6687,89.6687,89.7672,-0.0984,-0.0984,0.0000
2562,1003.0,287.0,89.6625,89.6625,89.7615,-0.0990,-0.0990,0.0000
2563,1004.2,314.2,89.6562,89.6562,89.7555,-0.0993,-0.0993,0.0000
2564,994.0,276.2,89.6499,89.6499,89.7499,-0.0999,-0.0999,0.0000
2565,999.1,289.5,89.6437,89.6437,89.7439,-0.1003,-0.1003,0.0000
2566,999.2,268.6,89.6374,89.6374,89.7378,-0.1004,-0.1004,0.0000
2567,1001.1,291.5,89.6311,89.6312,89.7314,-0.1002,-0.1002,0.0000
2568,999.2,315.2,89.6249,89.6249,89.7245,-0.0996,-0.0996,0.0000
2569,1003.2,371.0,89.6186,89.6186,89.7179,-0.0993,-0.0993,0.0000
2570,1000.2,307.2,89.6124,89.6124,89.7114,-0.0991,-0.0991,0.0000
2571,1324.8,339.5,89.6061,89.6061,89.6983,-0.0922,-0.0921,0.0000
2572,663.1,313.2,89.5998,89.5999,89.6983,-0.0984,-0.0984,0.0000
2573,1012.4,315.0,89.5936,89.5936,89.6919,-0.0983,-0.0983,0.0000
2574,966.6,282.8,89.5873,89.5873,89.6856,-0.0982,-0.0982,0.0000
2575,1040.0,316.7,89.5811,89.5811,89.6793,-0.0983,-0.0983,0.0000
2576,988.6,293.1,89.5748,89.5748,89.6727,-0.0979,-0.0979,0.0000
2577,1001.8,259.4,89.5686,89.5686,89.6669,-0.0983,-0.0983,0.0000
2578,1003.7,311.6,89.5623,89.5623,89.6611,-0.0988,-0.0987,0.0000
2579,997.9,265.5,89.5561,89.5561,89.6553,-0.0992,-0.0992,0.0000
2580,1000.1,275.4,89.5498,89.5498,89.6487,-0.0989,-0.0989,0.0000
2581,999.7,268.8,89.5436,89.5436,89.6424,-0.0989,-0.0989,0.0000
2582,1000.1,326.4,89.5373,89.5373,89.6361,-0.0988,-0.0988,0.0000
2583,974.5,357.9,89.5311,89.5311,89.6299,-0.0988,-0.0988,0.0000
2584,1033.5,304.7,89.5248,89.5248,89.6230,-0.0982,-0.0982,0.0000
2585,995.5,306.4,89.5186,89.5186,89.6167,-0.0981,-0.0981,0.0000
2586,997.9,263.2,89.5123,89.5123,89.6103,-0.0980,-0.0979,0.0000
2587,995.1,272.8,89.5061,89.5061,89.6037,-0.0976,-0.0976,0.0000
2588,1000.4,320.6,89.4998,89.4998,89.5965,-0.0967,-0.0967,0.0000
2589,1007.1,320.9,89.4936,89.4936,89.5900,-0.0964,-0.0964,0.0000
2590,997.3,283.0,89.4873,89.4874,89.5836,-0.0963,-0.0963,0.0000
2591,991.2,273.5,89.4811,89.4811,89.5772,-0.0961,-0.0961,0.0000
2592,1000.9,300.7,89.4749,89.4749,89.5701,-0.0953,-0.0952,0.0000
2593,1001.0,527.7,89.4686,89.4686,89.5636,-0.0950,-0.0950,0.0000
2594,1033.0,336.7,89.4624,89.4624,89.5573,-0.0949,-0.0949,0.0000
2595,964.7,289.2,89.4561,89.4562,89.5511,-0.0950,-0.0949,0.0000
2596,1001.2,294.0,89.4499,89.4499,89.5446,-0.0947,-0.0947,0.0000
2597,997.9,304.9,89.4437,89.4437,89.5388,-0.0951,-0.0951,0.0000
2598,998.9,254.9,89.4374,89.4374,89.5330,-0.0956,-0.0955,0.0000
2599,1001.2,306.9,89.4312,89.4312,89.5271,-0.0959,-0.0959,0.0000
2600,1003.2,312.4,89.4250,89.4250,89.5211,-0.0962,-0.0961,0.0000
2601,1003.1,278.1,89.4187,89.4187,89.5146,-0.0959,-0.0959,0.0000
2602,996.4,284.5,89.4125,89.4125,89.5085,-0.0960,-0.0960,0.0000
2603,1000.1,310.7,89.4063,89.4063,89.5025,-0.0963,-0.0962,0.0000
2604,975.8,266.9,89.4000,89.4001,89.4964,-0.0964,-0.0964,0.0000
2605,1024.2,273.0,89.3938,89.3938,89.4909,-0.0971,-0.0970,0.0000
2606,997.8,296.5,89.3876,89.3876,89.4850,-0.0974,-0.0974,0.0000
2607,1014.0,280.0,89.3813,89.3814,89.4787,-0.0974,-0.0973,0.0000
2608,986.0,280.7,89.3751,89.3751,89.4722,-0.0971,-0.0970,0.0000
2609,997.2,245.8,89.3689,89.3689,89.4661,-0.0972,-0.0972,0.0000
2610,1009.0,277.1,89.3627,89.3627,89.4601,-0.0975,-0.0974,0.0000
2611,992.6,269.2,89.3564,89.3565,89.4541,-0.0976,-0.0976,0.0000
2612,999.2,242.5,89.3502,89.3503,89.4475,-0.0972,-0.0972,0.0000
2613,999.8,230.2,89.3440,89.3440,89.4413,-0.0973,-0.0973,0.0000
2614,1000.4,242.5,89.3378,89.3378,89.4349,-0.0971,-0.0971,0.0000
2615,1000.1,243.7,89.3316,89.3316,89.4285,-0.0969,-0.0969,0.0000
2616,1000.9,228.6,89.3253,89.3254,89.4218,-0.0964,-0.0964,0.0000
2617,1000.1,262.7,89.3191,89.3192,89.4157,-0.0966,-0.0965,0.0000
2618,999.7,275.3,89.3129,89.3130,89.4097,-0.0968,-0.0967,0.0000
2619,1001.5,298.5,89.3067,89.3067,89.4038,-0.0971,-0.0971,0.0000
2620,1028.7,1063.5,89.3005,89.3005,89.3910,-0.0905,-0.0904,0.0000
2621,1072.9,337.0,89.2943,89.2943,89.3910,-0.0967,-0.0966,0.0000
2622,915.1,304.6,89.2881,89.2881,89.3846,-0.0966,-0.0965,0.0000
2623,968.6,289.1,89.2819,89.2819,89.3783,-0.0964,-0.0964,0.0000
2624,1015.5,264.2,89.2757,89.2757,89.3719,-0.0963,-0.0962,0.0000
2625,1009.5,328.9,89.2694,89.2695,89.3655,-0.0960,-0.0960,0.0000
2626,999.6,325.8,89.2632,89.2633,89.3586,-0.0953,-0.0953,0.0000
2627,998.1,291.0,89.2570,89.2571,89.3522,-0.0952,-0.0951,0.0000
2628,999.7,268.6,89.2508,89.2509,89.3456,-0.0947,-0.0947,0.0000
2629,1002.5,252.8,89.2446,89.2447,89.3383,-0.0937,-0.0936,0.0000
2630,995.7,301.7,89.2384,89.2385,89.3316,-0.0932,-0.0931,0.0000
2631,1001.2,287.4,89.2322,89.2323,89.3251,-0.0928,-0.0928,0.0000
2632,1021.9,390.8,89.2260,89.2261,89.3184,-0.0924,-0.0923,0.0000
2633,980.3,295.7,89.2198,89.2199,89.3112,-0.0913,-0.0913,0.0000
2634,995.7,298.0,89.2136,89.2137,89.3045,-0.0909,-0.0908,0.0000
2635,990.2,327.3,89.2075,89.2075,89.2980,-0.0906,-0.0905,0.0000
2636,982.4,339.6,89.2013,89.2013,89.2919,-0.0906,-0.0906,0.0000
2637,1006.1,710.0,89.1951,89.1951,89.2856,-0.0905,-0.0905,0.0000
2638,1021.8,300.8,89.1889,89.1889,89.2799,-0.0910,-0.0909,0.0000
2639,1003.6,298.6,89.1827,89.1827,89.2741,-0.0914,-0.0914,0.0000
2640,979.3,363.6,89.1765,89.1766,89.2682,-0.0916,-0.0916,0.0000
2641,1020.3,330.7,89.1703,89.1704,89.2617,-0.0913,-0.0913,0.0000
2642,972.5,293.6,89.1641,89.1642,89.2556,-0.0915,-0.0914,0.0001
2643,1023.8,325.7,89.1580,89.1580,89.2496,-0.0917,-0.0916,0.0001
2644,1001.5,324.4,89.1518,89.1518,89.2437,-0.0920,-0.0919,0.0001
2645,1014.5,340.6,89.1456,89.1456,89.2374,-0.0918,-0.0918,0.0001
2646,985.5,333.8,89.1394,89.1395,89.2315,-0.0921,-0.0921,0.0001
2647,973.1,323.1,89.1332,89.1333,89.2255,-0.0922,-0.0922,0.0001
2648,3702.2,410.7,89.1271,89.1271,89.2004,-0.0733,-0.0733,0.0001
2649,417.5,2664.0,89.1209,89.1209,89.2004,-0.0795,-0.0795,0.0001
2650,2671.3,388.3,89.1147,89.1148,89.1840,-0.0693,-0.0692,0.0001
2651,395.2,341.1,89.1085,89.1086,89.1840,-0.0754,-0.0754,0.0001
2652,348.1,488.1,89.1024,89.1024,89.1790,-0.0766,-0.0765,0.0001
2653,495.0,313.1,89.0962,89.0963,89.1790,-0.0828,-0.0827,0.0001
2654,320.0,304.8,89.0900,89.0901,89.1743,-0.0843,-0.0842,0.0001
2655,311.7,398.2,89.0839,89.0839,89.1743,-0.0904,-0.0904,0.0001
2656,405.3,309.9,89.0777,89.0778,89.1743,-0.0966,-0.0965,0.0001
2657,960.1,243.5,89.0715,89.0716,89.1694,-0.0979,-0.0978,0.0001
2658,953.1,256.4,89.0654,89.0654,89.1651,-0.0997,-0.0996,0.0001
2659,1047.3,244.7,89.0592,89.0593,89.1608,-0.1015,-0.1015,0.0001
2660,1002.0,272.6,89.0531,89.0531,89.1562,-0.1031,-0.1031,0.0001
2661,1035.9,329.8,89.0469,89.0470,89.1506,-0.1037,-0.1036,0.0001
2662,975.6,320.5,89.0408,89.0408,89.1448,-0.1040,-0.1040,0.0001
2663,977.9,357.3,89.0346,89.0347,89.1386,-0.1040,-0.1039,0.0001
2664,1001.4,262.9,89.0285,89.0285,89.1322,-0.1038,-0.1037,0.0001
2665,1003.9,308.2,89.0223,89.0224,89.1253,-0.1030,-0.1030,0.0001
2666,996.4,290.1,89.0162,89.0162,89.1190,-0.1029,-0.1028,0.0001
2667,1007.5,347.8,89.0100,89.0101,89.1127,-0.1027,-0.1026,0.0001
2668,1002.7,373.4,89.0039,89.0039,89.1064,-0.1025,-0.1024,0.0001
2669,1002.7,381.4,88.9977,88.9978,89.0993,-0.1016,-0.1015,0.0001
2670,996.9,339.2,88.9916,88.9917,89.0993,-0.1078,-0.1077,0.0001
2671,1000.3,323.5,88.9854,88.9855,89.0927,-0.1073,-0.1072,0.0001
2672,999.1,266.8,88.9793,88.9794,89.0860,-0.1067,-0.1067,0.0001
2673,1001.4,306.1,88.9732,88.9732,89.0790,-0.1058,-0.1057,0.0001
2674,996.7,295.5,88.9670,88.9671,89.0721,-0.1051,-0.1050,0.0001
2675,1003.6,789.0,88.9609,88.9610,89.0651,-0.1042,-0.1041,0.0001
2676,1009.2,356.5,88.9548,88.9548,89.0580,-0.1033,-0.1032,0.0001
2677,981.7,347.7,88.9486,88.9487,89.0505,-0.1018,-0.1017,0.0001
2678,996.0,335.4,88.9425,88.9426,89.0436,-0.1011,-0.1010,0.0001
2679,1005.5,333.5,88.9364,88.9365,89.0369,-0.1005,-0.1005,0.0001
2680,1010.5,321.7,88.9303,88.9303,89.0303,-0.1000,-0.0999,0.0001
2681,987.0,243.8,88.9241,88.9242,89.0231,-0.0990,-0.0989,0.0001
2682,1000.6,232.3,88.9180,88.9181,89.0163,-0.0983,-0.0982,0.0001
2683,1000.1,227.2,88.9119,88.9120,89.0094,-0.0974,-0.0974,0.0001
2684,998.4,210.0,88.9058,88.9059,89.0025,-0.0968,-0.0967,0.0001
2685,1000.6,237.8,88.8997,88.8998,88.9953,-0.0957,-0.0956,0.0001
2686,999.0,236.9,88.8936,88.8936,88.9889,-0.0954,-0.0953,0.0001
2687,999.6,213.2,88.8874,88.8875,88.9823,-0.0949,-0.0948,0.0001
2688,1002.1,289.6,88.8813,88.8814,88.9757,-0.0944,-0.0943,0.0001
2689,998.1,335.0,88.8752,88.8753,88.9685,-0.0932,-0.0932,0.0001
2690,1000.8,352.2,88.8691,88.8692,88.9618,-0.0927,-0.0926,0.0001
2691,998.9,269.9,88.8630,88.8631,88.9553,-0.0923,-0.0922,0.0001
2692,999.8,321.0,88.8569,88.8570,88.9489,-0.0920,-0.0919,0.0001
2693,1005.4,361.8,88.8508,88.8509,88.9422,-0.0914,-0.0913,0.0001
2694,995.0,340.3,88.8447,88.8448,88.9361,-0.0914,-0.0913,0.0001
2695,998.6,286.9,88.8386,88.8387,88.9301,-0.0914,-0.0913,0.0001
2696,1003.1,251.7,88.8325,88.8326,88.9241,-0.0916,-0.0915,0.0001
2697,997.2,307.3,88.8264,88.8265,88.9180,-0.0915,-0.0914,0.0001
2698,999.6,313.6,88.8203,88.8204,88.9126,-0.0923,-0.0922,0.0001
2699,1005.9,239.6,88.8143,88.8144,88.9075,-0.0932,-0.0931,0.0001
2700,993.2,272.9,88.8082,88.8083,88.9024,-0.0942,-0.0941,0.0001
2701,1002.4,263.0,88.8021,88.8022,88.8968,-0.0947,-0.0946,0.0001
2702,998.0,318.5,88.7960,88.7961,88.8915,-0.0955,-0.0954,0.0001
2703,999.7,308.2,88.7899,88.7900,88.8861,-0.0962,-0.0961,0.0001
2704,999.5,263.2,88.7838,88.7839,88.8806,-0.0968,-0.0967,0.0001
2705,1000.6,285.3,88.7778,88.7779,88.8746,-0.0968,-0.0967,0.0001
2706,999.8,339.7,88.7717,88.7718,88.8690,-0.0973,-0.0972,0.0001
2707,999.5,273.0,88.7656,88.7657,88.8633,-0.0977,-0.0976,0.0001
2708,1000.0,318.2,88.7595,88.7597,88.8575,-0.0979,-0.0978,0.0001
2709,1000.5,271.0,88.7535,88.7536,88.8510,-0.0975,-0.0974,0.0001
2710,1000.1,277.3,88.7474,88.7475,88.8449,-0.0974,-0.0973,0.0001
2711,1000.0,241.0,88.7413,88.7415,88.8386,-0.0972,-0.0971,0.0001
2712,1000.5,320.1,88.7353,88.7354,88.8323,-0.0970,-0.0969,0.0001
2713,1000.8,258.8,88.7292,88.7293,88.8255,-0.0962,-0.0961,0.0001
2714,999.7,273.3,88.7232,88.7233,88.8190,-0.0958,-0.0957,0.0001
2715,999.2,291.5,88.7171,88.7172,88.8125,-0.0954,-0.0953,0.0001
2716,995.5,308.0,88.7111,88.7112,88.8059,-0.0948,-0.0947,0.0001
2717,1005.4,268.0,88.7050,88.7051,88.7989,-0.0939,-0.0937,0.0001
2718,998.6,359.2,88.6990,88.6991,88.7924,-0.0935,-0.0934,0.0001
2719,999.9,319.7,88.6929,88.6930,88.7860,-0.0931,-0.0930,0.0001
2720,1000.1,332.3,88.6869,88.6870,88.7797,-0.0929,-0.0927,0.0001
2721,1000.4,324.0,88.6808,88.6809,88.7730,-0.0921,-0.0920,0.0001
2722,999.0,280.1,88.6748,88.6749,88.7666,-0.0918,-0.0917,0.0001
2723,1000.5,292.4,88.6687,88.6689,88.7601,-0.0914,-0.0912,0.0001
2724,999.9,268.0,88.6627,88.6628,88.7535,-0.0908,-0.0907,0.0001
2725,1000.1,274.7,88.6567,88.6568,88.7464,-0.0898,-0.0896,0.0001
2726,999.6,302.9,88.6506,88.6508,88.7398,-0.0892,-0.0891,0.0001
2727,1001.4,296.6,88.6446,88.6447,88.7333,-0.0887,-0.0886,0.0001
2728,1000.3,304.4,88.6386,88.6387,88.7266,-0.0880,-0.0879,0.0001
2729,999.0,316.0,88.6325,88.6327,88.7194,-0.0868,-0.0867,0.0001
2730,999.8,288.5,88.6265,88.6267,88.7130,-0.0864,-0.0863,0.0001
2731,1000.1,314.3,88.6205,88.6206,88.7066,-0.0861,-0.0860,0.0001
2732,1001.6,267.4,88.6145,88.6146,88.7005,-0.0860,-0.0859,0.0001
2733,998.4,250.2,88.6085,88.6086,88.6942,-0.0857,-0.0856,0.0001
2734,999.9,293.1,88.6025,88.6026,88.6884,-0.0860,-0.0858,0.0001
2735,999.8,329.9,88.5964,88.5966,88.6826,-0.0862,-0.0861,0.0001
2736,1001.9,312.4,88.5904,88.5906,88.6769,-0.0864,-0.0863,0.0001
2737,998.6,287.9,88.5844,88.5846,88.6709,-0.0865,-0.0863,0.0001
2738,998.9,303.5,88.5784,88.5786,88.6655,-0.0871,-0.0869,0.0001
2739,1000.1,304.1,88.5724,88.5726,88.6604,-0.0880,-0.0879,0.0001
2740,1000.0,327.6,88.5664,88.5666,88.6555,-0.0891,-0.0889,0.0001
2741,1001.1,327.0,88.5604,88.5606,88.6502,-0.0898,-0.0897,0.0001
2742,1000.1,299.9,88.5544,88.5546,88.6451,-0.0907,-0.0906,0.0001
2743,998.7,306.0,88.5484,88.5486,88.6399,-0.0915,-0.0913,0.0001
2744,1000.1,308.4,88.5424,88.5426,88.6346,-0.0922,-0.0920,0.0001
2745,1000.3,277.4,88.5364,88.5366,88.6291,-0.0927,-0.0925,0.0001
2746,1000.5,277.6,88.5305,88.5306,88.6241,-0.0936,-0.0934,0.0001
2747,999.9,295.8,88.5245,88.5246,88.6190,-0.0945,-0.0944,0.0002
2748,999.4,318.6,88.5185,88.5186,88.6138,-0.0953,-0.0952,0.0002
2749,1001.0,247.5,88.5125,88.5127,88.6082,-0.0957,-0.0955,0.0002
2750,1000.2,318.6,88.5065,88.5067,88.6028,-0.0963,-0.0961,0.0002
2751,999.9,311.4,88.5006,88.5007,88.5973,-0.0968,-0.0966,0.0002
2752,1000.1,272.3,88.4946,88.4947,88.5917,-0.0971,-0.0970,0.0002
2753,999.6,281.6,88.4886,88.4888,88.5857,-0.0971,-0.0969,0.0002
2754,999.8,307.3,88.4827,88.4828,88.5800,-0.0973,-0.0971,0.0002
2755,1000.0,284.7,88.4767,88.4768,88.5742,-0.0975,-0.0973,0.0002
2756,1000.1,314.8,88.4707,88.4709,88.5683,-0.0976,-0.0974,0.0002
2757,999.7,291.8,88.4648,88.4649,88.5617,-0.0969,-0.0968,0.0002
2758,1000.1,315.5,88.4588,88.4590,88.5555,-0.0967,-0.0966,0.0002
2759,1000.2,318.9,88.4529,88.4530,88.5493,-0.0965,-0.0963,0.0002
2760,1000.9,319.6,88.4469,88.4471,88.5431,-0.0962,-0.0960,0.0002
2761,998.3,304.7,88.4410,88.4411,88.5365,-0.0956,-0.0954,0.0002
2762,1000.3,261.6,88.4350,88.4352,88.5305,-0.0955,-0.0953,0.0002
2763,1000.4,280.8,88.4291,88.4292,88.5244,-0.0953,-0.0951,0.0002
2764,999.5,300.2,88.4231,88.4233,88.5180,-0.0949,-0.0948,0.0002
2765,999.9,348.0,88.4172,88.4174,88.5111,-0.0939,-0.0937,0.0002
2766,1013.5,316.6,88.4112,88.4114,88.5045,-0.0933,-0.0931,0.0002
2767,996.6,301.7,88.4053,88.4055,88.4981,-0.0928,-0.0926,0.0002
2768,1002.3,366.5,88.3994,88.3996,88.4918,-0.0924,-0.0922,0.0002
2769,999.9,295.1,88.3934,88.3936,88.4850,-0.0915,-0.0913,0.0002
2770,998.0,349.8,88.3875,88.3877,88.4785,-0.0910,-0.0908,0.0002
2771,1001.6,274.6,88.3816,88.3818,88.4719,-0.0903,-0.0901,0.0002
2772,998.3,252.8,88.3757,88.3759,88.4652,-0.0895,-0.0893,0.0002
2773,960.1,277.8,88.3698,88.3699,88.4580,-0.0883,-0.0881,0.0002
2774,3693.3,447.0,88.3638,88.3640,88.4316,-0.0678,-0.0676,0.0002
2775,450.7,618.0,88.3579,88.3581,88.4316,-0.0737,-0.0735,0.0002
2776,620.6,340.8,88.3520,88.3522,88.4253,-0.0733,-0.0731,0.0002
2777,343.1,269.3,88.3461,88.3463,88.4253,-0.0792,-0.0790,0.0002
2778,271.5,268.7,88.3402,88.3404,88.4192,-0.0790,-0.0788,0.0002
2779,657.0,305.1,88.3343,88.3345,88.4192,-0.0849,-0.0847,0.0002
2780,1002.5,298.9,88.3284,88.3286,88.4135,-0.0851,-0.0849,0.0002
2781,996.3,285.4,88.3225,88.3227,88.4079,-0.0854,-0.0852,0.0002
2782,996.5,262.4,88.3166,88.3168,88.4032,-0.0866,-0.0864,0.0002
2783,1004.2,314.4,88.3107,88.3109,88.3986,-0.0878,-0.0876,0.0002
2784,1009.5,306.9,88.3048,88.3050,88.3933,-0.0885,-0.0883,0.0002
2785,1006.4,372.7,88.2989,88.2991,88.3873,-0.0883,-0.0881,0.0002
2786,989.7,275.9,88.2931,88.2933,88.3814,-0.0883,-0.0881,0.0002
2787,996.8,3687.2,88.2872,88.2874,88.3755,-0.0883,-0.0881,0.0002
2788,3691.6,359.4,88.2813,88.2815,88.3521,-0.0708,-0.0706,0.0002
2789,362.6,247.4,88.2754,88.2756,88.3521,-0.0766,-0.0764,0.0002
2790,250.6,264.4,88.2696,88.2698,88.3464,-0.0768,-0.0766,0.0002
2791,267.4,427.9,88.2637,88.2639,88.3464,-0.0827,-0.0825,0.0002
2792,431.1,235.0,88.2578,88.2580,88.3464,-0.0886,-0.0884,0.0002
2793,949.8,282.3,88.2520,88.2522,88.3402,-0.0883,-0.0881,0.0002
2794,1051.6,297.4,88.2461,88.2463,88.3347,-0.0886,-0.0884,0.0002
2795,995.0,325.9,88.2402,88.2405,88.3297,-0.0894,-0.0892,0.0002
2796,1007.8,319.2,88.2344,88.2346,88.3248,-0.0904,-0.0902,0.0002
2797,996.1,326.1,88.2285,88.2288,88.3195,-0.0910,-0.0908,0.0002
2798,1002.9,294.1,88.2227,88.2229,88.3141,-0.0914,-0.0912,0.0002
2799,991.7,250.4,88.2168,88.2171,88.3085,-0.0916,-0.0914,0.0002
2800,999.3,250.5,88.2110,88.2112,88.3026,-0.0916,-0.0914,0.0002
2801,995.5,235.2,88.2052,88.2054,88.2964,-0.0912,-0.0910,0.0002
2802,999.8,223.2,88.1993,88.1995,88.2907,-0.0914,-0.0912,0.0002
2803,1000.7,239.5,88.1935,88.1937,88.2854,-0.0919,-0.0916,0.0002
2804,1001.0,248.1,88.1877,88.1879,88.2801,-0.0925,-0.0922,0.0002
2805,998.1,244.4,88.1818,88.1821,88.2742,-0.0924,-0.0921,0.0002
2806,999.2,247.1,88.1760,88.1762,88.2686,-0.0926,-0.0923,0.0002
2807,999.9,242.7,88.1702,88.1704,88.2628,-0.0926,-0.0924,0.0002
2808,999.9,225.7,88.1644,88.1646,88.2569,-0.0925,-0.0923,0.0002
2809,1001.2,233.1,88.1585,88.1588,88.2505,-0.0919,-0.0917,0.0002
2810,1001.8,244.1,88.1527,88.1530,88.2445,-0.0918,-0.0915,0.0002
2811,998.5,222.4,88.1469,88.1472,88.2386,-0.0917,-0.0915,0.0002
2812,999.3,235.0,88.1411,88.1413,88.2327,-0.0916,-0.0914,0.0002
2813,1000.3,249.9,88.1353,88.1355,88.2262,-0.0909,-0.0906,0.0002
2814,1000.2,239.7,88.1295,88.1297,88.2198,-0.0903,-0.0901,0.0002
2815,999.4,250.9,88.1237,88.1239,88.2135,-0.0898,-0.0896,0.0002
2816,1000.2,235.5,88.1179,88.1181,88.2073,-0.0893,-0.0891,0.0002
2817,1000.5,221.9,88.1121,88.1124,88.1997,-0.0876,-0.0873,0.0002
2818,999.6,250.1,88.1063,88.1066,88.1937,-0.0874,-0.0871,0.0002
2819,1000.3,283.3,88.1005,88.1008,88.1877,-0.0872,-0.0870,0.0002
2820,1000.2,3701.0,88.0948,88.0950,88.1813,-0.0865,-0.0862,0.0003
2821,3711.7,406.1,88.0890,88.0892,88.1573,-0.0683,-0.0680,0.0003
2822,412.2,323.3,88.0832,88.0834,88.1573,-0.0741,-0.0738,0.0003
2823,331.8,557.0,88.0774,88.0777,88.1518,-0.0743,-0.0741,0.0003
2824,561.7,272.1,88.0716,88.0719,88.1518,-0.0801,-0.0799,0.0003
2825,279.6,323.7,88.0659,88.0661,88.1463,-0.0804,-0.0801,0.0003
2826,712.6,269.3,88.0601,88.0604,88.1463,-0.0861,-0.0859,0.0003
2827,998.9,300.8,88.0544,88.0546,88.1409,-0.0865,-0.0862,0.0003
2828,1019.1,420.8,88.0486,88.0489,88.1356,-0.0870,-0.0867,0.0003
2829,961.7,284.4,88.0428,88.0431,88.1303,-0.0874,-0.0872,0.0003
2830,1020.9,353.9,88.0371,88.0374,88.1253,-0.0882,-0.0880,0.0003
2831,1002.9,289.9,88.0313,88.0316,88.1200,-0.0887,-0.0884,0.0003
2832,973.2,283.6,88.0256,88.0259,88.1144,-0.0888,-0.0885,0.0003
2833,1023.4,332.9,88.0199,88.0201,88.1144,-0.0945,-0.0943,0.0003
2834,975.1,274.0,88.0141,88.0144,88.1080,-0.0939,-0.0937,0.0003
2835,1024.3,293.2,88.0084,88.0086,88.1022,-0.0938,-0.0936,0.0003
2836,1000.5,319.2,88.0026,88.0029,88.0961,-0.0935,-0.0932,0.0003
2837,999.3,305.1,87.9969,87.9972,88.0895,-0.0925,-0.0923,0.0003
2838,1007.5,312.8,87.9912,87.9915,88.0833,-0.0921,-0.0918,0.0003
2839,994.7,324.5,87.9855,87.9857,88.0773,-0.0918,-0.0915,0.0003
2840,999.9,296.8,87.9797,87.9800,88.0715,-0.0917,-0.0914,0.0003
2841,999.2,324.9,87.9740,87.9743,88.0653,-0.0913,-0.0910,0.0003
2842,1000.4,307.7,87.9683,87.9686,88.0595,-0.0912,-0.0909,0.0003
2843,999.1,323.2,87.9626,87.9629,88.0538,-0.0912,-0.0909,0.0003
2844,974.3,326.7,87.9569,87.9572,88.0480,-0.0911,-0.0909,0.0003
2845,1028.0,291.9,87.9512,87.9515,88.0420,-0.0909,-0.0906,0.0003
2846,990.1,291.9,87.9455,87.9458,88.0368,-0.0913,-0.0910,0.0003
2847,999.6,295.0,87.9398,87.9401,88.0316,-0.0918,-0.0915,0.0003
2848,1005.3,307.7,87.9341,87.9344,88.0266,-0.0925,-0.0922,0.0003
2849,1001.2,276.3,87.9284,87.9287,88.0210,-0.0926,-0.0923,0.0003
2850,999.2,321.5,87.9227,87.9230,88.0158,-0.0931,-0.0928,0.0003
2851,1004.7,295.9,87.9170,87.9173,88.0104,-0.0933,-0.0930,0.0003
2852,997.0,269.8,87.9114,87.9117,88.0049,-0.0935,-0.0932,0.0003
2853,1000.0,274.2,87.9057,87.9060,87.9993,-0.0936,-0.0933,0.0003
2854,1003.1,310.6,87.9000,87.9003,87.9933,-0.0932,-0.0929,0.0003
2855,995.6,324.7,87.8943,87.8946,87.9878,-0.0934,-0.0931,0.0003
2856,1001.0,378.2,87.8887,87.8890,87.9821,-0.0935,-0.0932,0.0003
2857,999.7,307.4,87.8830,87.8833,87.9760,-0.0930,-0.0927,0.0003
2858,1000.8,258.8,87.8774,87.8777,87.9701,-0.0928,-0.0925,0.0003
2859,999.5,299.6,87.8717,87.8720,87.9640,-0.0923,-0.0920,0.0003
2860,1065.8,409.8,87.8660,87.8664,87.9578,-0.0917,-0.0914,0.0003
2861,933.1,278.9,87.8604,87.8607,87.9509,-0.0905,-0.0902,0.0003
2862,1004.2,333.8,87.8547,87.8551,87.9446,-0.0899,-0.0896,0.0003
2863,999.7,297.7,87.8491,87.8494,87.9385,-0.0894,-0.0891,0.0003
2864,995.1,258.0,87.8435,87.8438,87.9324,-0.0890,-0.0886,0.0003
2865,1001.9,267.1,87.8378,87.8382,87.9258,-0.0880,-0.0876,0.0003
2866,1000.2,259.5,87.8322,87.8325,87.9196,-0.0874,-0.0870,0.0003
2867,1002.1,284.8,87.8266,87.8269,87.9134,-0.0868,-0.0865,0.0003
2868,998.1,302.9,87.8209,87.8213,87.9075,-0.0865,-0.0862,0.0003
2869,1000.8,323.2,87.8153,87.8157,87.9012,-0.0859,-0.0855,0.0003
2870,999.0,341.7,87.8097,87.8100,87.8955,-0.0858,-0.0855,0.0003
2871,1001.2,325.5,87.8041,87.8044,87.8900,-0.0859,-0.0855,0.0003
2872,999.8,327.5,87.7985,87.7988,87.8842,-0.0858,-0.0854,0.0003
2873,999.1,268.9,87.7929,87.7932,87.8780,-0.0852,-0.0848,0.0003
2874,1006.5,306.0,87.7873,87.7876,87.8721,-0.0848,-0.0845,0.0003
2875,994.1,319.8,87.7817,87.7820,87.8660,-0.0844,-0.0840,0.0003
2876,1003.4,329.4,87.7761,87.7764,87.8602,-0.0841,-0.0837,0.0003
2877,997.6,303.3,87.7705,87.7708,87.8539,-0.0834,-0.0831,0.0003
2878,1000.7,338.0,87.7649,87.7652,87.8480,-0.0831,-0.0828,0.0003
2879,1002.2,318.3,87.7593,87.7597,87.8420,-0.0827,-0.0823,0.0003
2880,999.2,327.1,87.7537,87.7541,87.8359,-0.0822,-0.0818,0.0004
2881,997.4,286.2,87.7481,87.7485,87.8294,-0.0812,-0.0809,0.0004
2882,1002.6,320.6,87.7426,87.7429,87.8234,-0.0808,-0.0805,0.0004
2883,999.6,315.5,87.7370,87.7374,87.8175,-0.0805,-0.0802,0.0004
2884,998.9,301.8,87.7314,87.7318,87.8117,-0.0803,-0.0799,0.0004
2885,999.7,270.6,87.7259,87.7262,87.8056,-0.0798,-0.0794,0.0004
2886,1000.2,336.3,87.7203,87.7207,87.8000,-0.0797,-0.0793,0.0004
2887,1002.1,315.4,87.7147,87.7151,87.7943,-0.0796,-0.0792,0.0004
2888,1058.6,437.3,87.7092,87.7096,87.7886,-0.0794,-0.0791,0.0004
2889,939.2,322.9,87.7036,87.7040,87.7826,-0.0789,-0.0786,0.0004
2890,997.4,300.8,87.6981,87.6985,87.7773,-0.0792,-0.0788,0.0004
2891,999.7,288.0,87.6926,87.6929,87.7722,-0.0796,-0.0793,0.0004
2892,1000.4,320.1,87.6870,87.6874,87.7673,-0.0803,-0.0799,0.0004
2893,1002.1,359.7,87.6815,87.6819,87.7620,-0.0805,-0.0801,0.0004
2894,997.4,345.6,87.6760,87.6763,87.7570,-0.0810,-0.0806,0.0004
2895,999.6,322.0,87.6704,87.6708,87.7517,-0.0813,-0.0809,0.0004
2896,1000.5,303.4,87.6649,87.6653,87.7465,-0.0816,-0.0812,0.0004
2897,1001.0,287.1,87.6594,87.6598,87.7408,-0.0815,-0.0811,0.0004
2898,1001.2,308.4,87.6539,87.6543,87.7359,-0.0820,-0.0816,0.0004
2899,1002.5,303.9,87.6484,87.6487,87.7309,-0.0826,-0.0822,0.0004
2900,997.2,307.2,87.6429,87.6432,87.7260,-0.0832,-0.0828,0.0004
2901,998.6,298.6,87.6373,87.6377,87.7205,-0.0832,-0.0828,0.0004
2902,1002.4,304.7,87.6318,87.6322,87.7155,-0.0837,-0.0833,0.0004
2903,998.5,308.2,87.6264,87.6267,87.7103,-0.0839,-0.0835,0.0004
2904,1000.6,294.2,87.6209,87.6213,87.7050,-0.0841,-0.0837,0.0004
2905,999.5,297.2,87.6154,87.6158,87.6992,-0.0838,-0.0834,0.0004
2906,1021.3,328.3,87.6099,87.6103,87.6939,-0.0840,-0.0836,0.0004
2907,980.6,308.9,87.6044,87.6048,87.6886,-0.0842,-0.0838,0.0004
2908,999.1,299.4,87.5989,87.5993,87.6834,-0.0845,-0.0841,0.0004
2909,1000.1,312.4,87.5935,87.5939,87.6778,-0.0843,-0.0839,0.0004
2910,1000.3,297.0,87.5880,87.5884,87.6724,-0.0845,-0.0840,0.0004
2911,997.5,267.9,87.5825,87.5829,87.6670,-0.0845,-0.0841,0.0004
2912,999.8,283.5,87.5771,87.5775,87.6616,-0.0845,-0.0841,0.0004
2913,1001.4,291.3,87.5716,87.5720,87.6558,-0.0842,-0.0837,0.0004
2914,998.7,269.3,87.5661,87.5666,87.6504,-0.0843,-0.0839,0.0004
2915,1000.3,293.9,87.5607,87.5611,87.6451,-0.0844,-0.0840,0.0004
2916,998.5,279.7,87.5552,87.5557,87.6400,-0.0847,-0.0843,0.0004
2917,1001.3,284.5,87.5498,87.5502,87.6345,-0.0847,-0.0843,0.0004
2918,1000.4,320.5,87.5444,87.5448,87.6294,-0.0850,-0.0846,0.0004
2919,999.6,338.3,87.5389,87.5394,87.6242,-0.0853,-0.0848,0.0004
2920,1000.3,300.5,87.5335,87.5339,87.6189,-0.0854,-0.0850,0.0004
2921,1000.3,296.9,87.5281,87.5285,87.6132,-0.0851,-0.0847,0.0004
2922,999.5,289.1,87.5227,87.5231,87.6078,-0.0852,-0.0848,0.0004
2923,998.7,283.1,87.5172,87.5177,87.6025,-0.0853,-0.0848,0.0004
2924,1009.9,331.5,87.5118,87.5123,87.5971,-0.0853,-0.0849,0.0004
2925,963.5,325.3,87.5064,87.5069,87.5913,-0.0849,-0.0844,0.0004
2926,1031.5,296.8,87.5010,87.5014,87.5858,-0.0848,-0.0844,0.0004
2927,1006.2,327.1,87.4956,87.4960,87.5803,-0.0847,-0.0843,0.0004
2928,994.8,318.1,87.4902,87.4907,87.5747,-0.0845,-0.0841,0.0004
2929,998.4,512.7,87.4848,87.4853,87.5686,-0.0837,-0.0833,0.0004
2930,1007.7,363.4,87.4794,87.4799,87.5628,-0.0834,-0.0830,0.0004
2931,992.4,351.7,87.4740,87.4745,87.5571,-0.0831,-0.0826,0.0004
2932,999.6,316.1,87.4687,87.4691,87.5514,-0.0827,-0.0823,0.0005
2933,996.7,358.7,87.4633,87.4637,87.5452,-0.0819,-0.0815,0.0005
2934,1001.8,320.8,87.4579,87.4584,87.5393,-0.0814,-0.0810,0.0005
2935,1010.5,353.5,87.4525,87.4530,87.5334,-0.0809,-0.0804,0.0005
2936,1001.2,361.3,87.4472,87.4476,87.5276,-0.0804,-0.0799,0.0005
2937,988.0,328.2,87.4418,87.4423,87.5215,-0.0796,-0.0792,0.0005
2938,1002.5,310.4,87.4364,87.4369,87.5160,-0.0796,-0.0791,0.0005
2939,1001.6,323.9,87.4311,87.4316,87.5107,-0.0796,-0.0791,0.0005
2940,996.7,326.1,87.4257,87.4262,87.5055,-0.0797,-0.0793,0.0005
2941,998.1,282.1,87.4204,87.4209,87.4999,-0.0795,-0.0790,0.0005
2942,1002.7,309.5,87.4151,87.4155,87.4946,-0.0795,-0.0790,0.0005
2943,998.9,345.5,87.4097,87.4102,87.4892,-0.0795,-0.0790,0.0005
2944,996.9,306.3,87.4044,87.4049,87.4837,-0.0793,-0.0788,0.0005
2945,999.8,370.3,87.3991,87.3995,87.4778,-0.0787,-0.0783,0.0005
2946,1000.6,347.0,87.3937,87.3942,87.4724,-0.0787,-0.0782,0.0005
2947,1000.4,400.5,87.3884,87.3889,87.4672,-0.0787,-0.0783,0.0005
2948,999.3,365.6,87.3831,87.3836,87.4619,-0.0788,-0.0783,0.0005
2949,1002.0,303.5,87.3778,87.3783,87.4564,-0.0786,-0.0781,0.0005
2950,998.3,298.7,87.3725,87.3730,87.4512,-0.0787,-0.0782,0.0005
2951,986.0,301.3,87.3672,87.3677,87.4460,-0.0788,-0.0783,0.0005
2952,1018.7,284.3,87.3619,87.3624,87.4405,-0.0786,-0.0781,0.0005
2953,994.7,305.0,87.3566,87.3571,87.4347,-0.0781,-0.0776,0.0005
2954,1003.4,292.4,87.3513,87.3518,87.4294,-0.0781,-0.0776,0.0005
2955,1009.7,310.8,87.3460,87.3465,87.4242,-0.0781,-0.0776,0.0005
2956,1001.5,293.1,87.3407,87.3412,87.4192,-0.0784,-0.0779,0.0005
2957,989.7,301.3,87.3355,87.3360,87.4137,-0.0783,-0.0778,0.0005
2958,1000.1,320.4,87.3302,87.3307,87.4087,-0.0786,-0.0780,0.0005
2959,996.3,246.4,87.3249,87.3254,87.4037,-0.0788,-0.0782,0.0005
2960,1000.4,324.3,87.3196,87.3202,87.3986,-0.0789,-0.0784,0.0005
2961,998.4,258.6,87.3144,87.3149,87.3932,-0.0788,-0.0783,0.0005
2962,1000.7,255.6,87.3091,87.3096,87.3883,-0.0792,-0.0787,0.0005
2963,1001.2,268.6,87.3039,87.3044,87.3836,-0.0797,-0.0792,0.0005
2964,999.8,250.4,87.2986,87.2992,87.3787,-0.0801,-0.0796,0.0005
2965,1001.0,287.5,87.2934,87.2939,87.3736,-0.0802,-0.0797,0.0005
2966,998.4,271.8,87.2882,87.2887,87.3688,-0.0807,-0.0802,0.0005
2967,1000.4,245.6,87.2829,87.2834,87.3641,-0.0812,-0.0807,0.0005
2968,1032.3,408.5,87.2777,87.2782,87.3592,-0.0815,-0.0810,0.0005
2969,983.9,380.0,87.2725,87.2730,87.3540,-0.0815,-0.0810,0.0005
2970,993.4,296.8,87.2672,87.2678,87.3484,-0.0812,-0.0806,0.0005
2971,984.8,278.8,87.2620,87.2626,87.3431,-0.0811,-0.0806,0.0005
2972,1015.4,321.5,87.2568,87.2574,87.3378,-0.0810,-0.0805,0.0005
2973,995.8,312.6,87.2516,87.2521,87.3322,-0.0806,-0.0800,0.0005
2974,1002.3,300.1,87.2464,87.2469,87.3269,-0.0805,-0.0799,0.0005
2975,996.7,273.1,87.2412,87.2417,87.3216,-0.0804,-0.0798,0.0005
2976,998.2,280.2,87.2360,87.2366,87.3161,-0.0801,-0.0796,0.0005
2977,1000.2,337.0,87.2308,87.2314,87.3106,-0.0798,-0.0793,0.0005
2978,1009.1,325.2,87.2256,87.2262,87.3045,-0.0789,-0.0783,0.0006
2979,983.5,279.2,87.2205,87.2210,87.2990,-0.0785,-0.0780,0.0006
2980,1009.7,318.3,87.2153,87.2158,87.2935,-0.0782,-0.0777,0.0006
2981,996.1,333.2,87.2101,87.2107,87.2882,-0.0781,-0.0775,0.0006
2982,1011.6,288.6,87.2049,87.2055,87.2815,-0.0765,-0.0760,0.0006
2983,989.9,299.6,87.1998,87.2003,87.2760,-0.0762,-0.0757,0.0006
2984,1000.4,304.9,87.1946,87.1952,87.2704,-0.0758,-0.0752,0.0006
2985,1000.7,266.2,87.1895,87.1900,87.2648,-0.0754,-0.0748,0.0006
2986,999.0,294.6,87.1843,87.1849,87.2589,-0.0746,-0.0740,0.0006
2987,998.3,287.9,87.1792,87.1797,87.2536,-0.0745,-0.0739,0.0006
2988,1002.6,280.5,87.1740,87.1746,87.2484,-0.0744,-0.0738,0.0006
2989,999.2,274.0,87.1689,87.1695,87.2433,-0.0744,-0.0738,0.0006
2990,999.6,286.7,87.1638,87.1643,87.2378,-0.0740,-0.0734,0.0006
2991,1001.2,267.7,87.1586,87.1592,87.2325,-0.0738,-0.0733,0.0006
2992,999.1,298.0,87.1535,87.1541,87.2272,-0.0737,-0.0731,0.0006
2993,1000.0,312.4,87.1484,87.1490,87.2217,-0.0733,-0.0728,0.0006
2994,1010.1,709.8,87.1433,87.1439,87.2159,-0.0726,-0.0720,0.0006
2995,990.9,361.2,87.1382,87.1388,87.2106,-0.0724,-0.0718,0.0006
2996,1000.2,306.9,87.1331,87.1337,87.2054,-0.0724,-0.0718,0.0006
2997,1001.1,307.4,87.1280,87.1286,87.2005,-0.0725,-0.0719,0.0006
2998,1012.8,1087.0,87.1229,87.1235,87.1951,-0.0722,-0.0716,0.0006
2999,1100.7,422.7,87.1178,87.1184,87.1900,-0.0722,-0.0716,0.0006
3000,890.0,329.2,87.1127,87.1133,87.1850,-0.0723,-0.0717,0.0006
3001,995.2,565.6,87.1076,87.1082,87.1798,-0.0721,-0.0715,0.0006
3002,1004.4,348.7,87.1025,87.1031,87.1798,-0.0772,-0.0766,0.0006
3003,964.9,274.8,87.0975,87.0981,87.1743,-0.0768,-0.0762,0.0006
3004,1021.1,273.3,87.0924,87.0930,87.1693,-0.0769,-0.0763,0.0006
3005,998.7,277.8,87.0873,87.0879,87.1644,-0.0771,-0.0765,0.0006
3006,977.9,283.0,87.0823,87.0829,87.1595,-0.0773,-0.0766,0.0006
3007,3143.5,400.2,87.0772,87.0778,87.1444,-0.0672,-0.0666,0.0006
3008,407.0,992.5,87.0722,87.0728,87.1397,-0.0675,-0.0669,0.0006
3009,998.6,565.8,87.0671,87.0678,87.1347,-0.0675,-0.0669,0.0006
3010,574.1,334.0,87.0621,87.0627,87.1347,-0.0726,-0.0720,0.0006
3011,338.8,248.6,87.0571,87.0577,87.1301,-0.0730,-0.0724,0.0006
3012,568.6,257.9,87.0520,87.0527,87.1301,-0.0780,-0.0774,0.0006
3013,1007.6,277.5,87.0470,87.0476,87.1257,-0.0787,-0.0781,0.0006
3014,993.3,245.7,87.0420,87.0426,87.1219,-0.0799,-0.0793,0.0006
3015,999.7,260.2,87.0370,87.0376,87.1182,-0.0812,-0.0806,0.0006
3016,999.3,262.1,87.0320,87.0326,87.1146,-0.0827,-0.0820,0.0006
3017,999.0,3722.9,87.0270,87.0276,87.1108,-0.0839,-0.0832,0.0006
3018,3731.5,447.6,87.0220,87.0226,87.0924,-0.0704,-0.0698,0.0006
3019,453.5,472.0,87.0170,87.0176,87.0924,-0.0754,-0.0748,0.0006
3020,477.1,440.3,87.0120,87.0126,87.0879,-0.0759,-0.0752,0.0006
3021,445.6,352.1,87.0070,87.0076,87.0879,-0.0809,-0.0802,0.0007
3022,356.8,729.8,87.0020,87.0027,87.0833,-0.0813,-0.0806,0.0007
3023,735.1,460.2,86.9970,86.9977,87.0833,-0.0863,-0.0856,0.0007
3024,801.4,304.2,86.9921,86.9927,87.0784,-0.0864,-0.0857,0.0007
3025,1000.0,280.3,86.9871,86.9877,87.0741,-0.0870,-0.0864,0.0007
3026,1388.8,397.1,86.9821,86.9828,87.0656,-0.0835,-0.0828,0.0007
3027,633.7,324.8,86.9772,86.9778,87.0656,-0.0885,-0.0878,0.0007
3028,970.5,282.0,86.9722,86.9729,87.0609,-0.0887,-0.0881,0.0007
3029,999.7,255.4,86.9673,86.9679,87.0558,-0.0885,-0.0878,0.0007
3030,1002.2,269.4,86.9623,86.9630,87.0503,-0.0879,-0.0873,0.0007
3031,3668.9,387.9,86.9574,86.9581,87.0275,-0.0701,-0.0695,0.0007
3032,391.3,228.0,86.9525,86.9531,87.0275,-0.0751,-0.0744,0.0007
3033,229.9,261.0,86.9475,86.9482,87.0221,-0.0745,-0.0739,0.0007
3034,263.1,848.1,86.9426,86.9433,87.0221,-0.0795,-0.0788,0.0007
3035,851.1,269.4,86.9377,86.9384,87.0161,-0.0784,-0.0777,0.0007
3036,592.9,253.8,86.9328,86.9335,87.0161,-0.0833,-0.0826,0.0007
3037,1000.3,234.1,86.9279,86.9285,87.0106,-0.0827,-0.0820,0.0007
3038,2601.2,729.4,86.9230,86.9236,86.9947,-0.0718,-0.0711,0.0007
3039,732.4,588.9,86.9181,86.9188,86.9895,-0.0715,-0.0708,0.0007
3040,590.9,221.6,86.9132,86.9139,86.9895,-0.0764,-0.0757,0.0007
3041,222.9,251.8,86.9083,86.9090,86.9895,-0.0813,-0.0806,0.0007
3042,849.7,225.5,86.9034,86.9041,86.9842,-0.0808,-0.0801,0.0007
3043,999.8,297.0,86.8985,86.8992,86.9783,-0.0798,-0.0791,0.0007
3044,1000.3,293.8,86.8936,86.8943,86.9730,-0.0794,-0.0787,0.0007
3045,1000.4,320.8,86.8888,86.8895,86.9679,-0.0792,-0.0785,0.0007
3046,999.4,273.7,86.8839,86.8846,86.9628,-0.0789,-0.0782,0.0007
3047,1000.3,406.9,86.8790,86.8798,86.9569,-0.0779,-0.0772,0.0007
3048,999.4,273.7,86.8742,86.8749,86.9512,-0.0770,-0.0763,0.0007
3049,999.5,221.2,86.8693,86.8701,86.9454,-0.0761,-0.0754,0.0007
3050,1001.6,213.3,86.8645,86.8652,86.9398,-0.0753,-0.0746,0.0007
3051,999.6,214.9,86.8597,86.8604,86.9338,-0.0742,-0.0734,0.0007
3052,1187.9,2405.1,86.8548,86.8556,86.9283,-0.0735,-0.0728,0.0007
3053,2415.8,479.3,86.8500,86.8507,86.9110,-0.0610,-0.0603,0.0007
3054,482.3,240.1,86.8452,86.8459,86.9110,-0.0658,-0.0651,0.0007
3055,242.2,313.0,86.8404,86.8411,86.9054,-0.0651,-0.0643,0.0007
3056,1548.9,262.8,86.8355,86.8363,86.8999,-0.0644,-0.0636,0.0007
3057,265.5,276.1,86.8307,86.8315,86.8999,-0.0692,-0.0685,0.0007
3058,869.3,260.6,86.8259,86.8267,86.8947,-0.0688,-0.0680,0.0007
3059,989.6,242.7,86.8211,86.8219,86.8898,-0.0687,-0.0679,0.0007
3060,1003.9,269.8,86.8163,86.8171,86.8848,-0.0684,-0.0677,0.0007
3061,3443.0,616.9,86.8116,86.8123,86.8649,-0.0534,-0.0526,0.0007
3062,620.9,831.9,86.8068,86.8075,86.8649,-0.0582,-0.0574,0.0008
3063,834.0,229.2,86.8020,86.8027,86.8602,-0.0582,-0.0574,0.0008
3064,230.7,270.1,86.7972,86.7980,86.8602,-0.0630,-0.0622,0.0008
3065,272.1,235.6,86.7925,86.7932,86.8557,-0.0633,-0.0625,0.0008
3066,595.9,271.3,86.7877,86.7885,86.8557,-0.0680,-0.0673,0.0008
3067,998.6,241.7,86.7829,86.7837,86.8516,-0.0686,-0.0679,0.0008
3068,999.1,295.2,86.7782,86.7789,86.8475,-0.0694,-0.0686,0.0008
3069,1000.9,320.2,86.7734,86.7742,86.8440,-0.0706,-0.0698,0.0008
3070,999.2,291.2,86.7687,86.7695,86.8402,-0.0715,-0.0708,0.0008
3071,999.7,260.8,86.7640,86.7647,86.8359,-0.0720,-0.0712,0.0008
3072,999.6,253.5,86.7592,86.7600,86.8310,-0.0718,-0.0710,0.0008
3073,1000.5,257.7,86.7545,86.7553,86.8264,-0.0719,-0.0711,0.0008
3074,1007.7,1484.7,86.7498,86.7506,86.8219,-0.0722,-0.0714,0.0008
3075,1488.8,548.8,86.7451,86.7458,86.8128,-0.0678,-0.0670,0.0008
3076,551.4,234.7,86.7404,86.7411,86.8128,-0.0725,-0.0717,0.0008
3077,950.4,283.6,86.7356,86.7364,86.8085,-0.0729,-0.0721,0.0008
3078,1009.1,308.0,86.7309,86.7317,86.8043,-0.0733,-0.0725,0.0008
3079,995.2,3417.4,86.7263,86.7270,86.8000,-0.0737,-0.0729,0.0008
3080,3427.6,402.3,86.7216,86.7224,86.7820,-0.0604,-0.0596,0.0008
3081,407.4,300.3,86.7169,86.7177,86.7820,-0.0651,-0.0643,0.0008
3082,304.2,865.5,86.7122,86.7130,86.7820,-0.0698,-0.0690,0.0008
3083,871.9,285.5,86.7075,86.7083,86.7770,-0.0694,-0.0686,0.0008
3084,288.6,327.5,86.7029,86.7037,86.7724,-0.0695,-0.0687,0.0008
3085,702.4,258.7,86.6982,86.6990,86.7724,-0.0742,-0.0734,0.0008
3086,997.1,269.3,86.6935,86.6943,86.7679,-0.0744,-0.0736,0.0008
3087,1000.0,284.7,86.6889,86.6897,86.7638,-0.0749,-0.0741,0.0008
3088,1000.0,324.0,86.6842,86.6851,86.7595,-0.0752,-0.0744,0.0008
3089,1002.3,296.9,86.6796,86.6804,86.7552,-0.0756,-0.0747,0.0008
3090,998.9,265.0,86.6750,86.6758,86.7504,-0.0754,-0.0746,0.0008
3091,999.2,250.2,86.6703,86.6712,86.7452,-0.0749,-0.0740,0.0008
3092,966.4,246.9,86.6657,86.6665,86.7395,-0.0738,-0.0730,0.0008
3093,1032.7,285.1,86.6611,86.6619,86.7344,-0.0734,-0.0725,0.0008
3094,998.7,266.9,86.6565,86.6573,86.7295,-0.0730,-0.0722,0.0008
3095,1001.1,286.4,86.6519,86.6527,86.7247,-0.0729,-0.0721,0.0008
3096,997.7,235.8,86.6472,86.6481,86.7197,-0.0725,-0.0716,0.0008
3097,1001.2,284.2,86.6426,86.6435,86.7150,-0.0724,-0.0715,0.0008
3098,1001.0,252.2,86.6381,86.6389,86.7103,-0.0722,-0.0714,0.0008
3099,999.8,226.7,86.6335,86.6343,86.7053,-0.0719,-0.0710,0.0008
3100,1006.4,271.8,86.6289,86.6297,86.6999,-0.0711,-0.0702,0.0009
3101,999.0,283.6,86.6243,86.6252,86.6948,-0.0705,-0.0696,0.0009
3102,995.3,262.3,86.6197,86.6206,86.6896,-0.0699,-0.0691,0.0009
3103,999.2,278.8,86.6152,86.6160,86.6846,-0.0695,-0.0686,0.0009
3104,1000.5,258.3,86.6106,86.6115,86.6795,-0.0688,-0.0680,0.0009
3105,1000.6,302.7,86.6061,86.6069,86.6747,-0.0686,-0.0677,0.0009
3106,998.5,249.2,86.6015,86.6024,86.6700,-0.0685,-0.0676,0.0009
3107,1000.7,279.5,86.5970,86.5978,86.6652,-0.0683,-0.0674,0.0009
3108,998.3,270.3,86.5924,86.5933,86.6603,-0.0678,-0.0670,0.0009
3109,999.9,280.7,86.5879,86.5888,86.6548,-0.0669,-0.0660,0.0009
3110,999.6,312.9,86.5834,86.5842,86.6495,-0.0662,-0.0653,0.0009
3111,1000.3,270.3,86.5788,86.5797,86.6443,-0.0655,-0.0646,0.0009
3112,1000.7,243.7,86.5743,86.5752,86.6392,-0.0649,-0.0640,0.0009
3113,999.2,253.1,86.5698,86.5707,86.6340,-0.0642,-0.0633,0.0009
3114,1000.2,259.3,86.5653,86.5662,86.6292,-0.0640,-0.0631,0.0009
3115,1000.6,258.9,86.5608,86.5617,86.6245,-0.0637,-0.0628,0.0009
3116,1004.1,257.6,86.5563,86.5572,86.6197,-0.0634,-0.0625,0.0009
3117,995.9,306.1,86.5518,86.5527,86.6145,-0.0627,-0.0618,0.0009
3118,999.2,317.0,86.5473,86.5482,86.6098,-0.0625,-0.0616,0.0009
3119,1018.2,324.1,86.5428,86.5437,86.6051,-0.0623,-0.0614,0.0009
3120,999.2,343.1,86.5384,86.5393,86.6003,-0.0619,-0.0610,0.0009
3121,1212.2,387.1,86.5339,86.5348,86.5961,-0.0622,-0.0612,0.0009
3122,772.0,249.6,86.5294,86.5304,86.5921,-0.0626,-0.0617,0.0009
3123,1012.0,544.5,86.5250,86.5259,86.5881,-0.0631,-0.0622,0.0009
3124,997.6,312.5,86.5205,86.5215,86.5840,-0.0634,-0.0625,0.0009
3125,1002.0,305.4,86.5161,86.5170,86.5801,-0.0641,-0.0631,0.0009
3126,996.2,274.9,86.5116,86.5126,86.5762,-0.0645,-0.0636,0.0009
3127,991.6,278.3,86.5072,86.5081,86.5721,-0.0649,-0.0639,0.0009
3128,999.7,315.9,86.5028,86.5037,86.5676,-0.0648,-0.0639,0.0009
3129,1002.4,309.6,86.4984,86.4993,86.5634,-0.0650,-0.0641,0.0009
3130,997.6,270.7,86.4939,86.4949,86.5592,-0.0653,-0.0643,0.0009
3131,1018.0,412.9,86.4895,86.4905,86.5553,-0.0658,-0.0648,0.0009
3132,1001.5,332.1,86.4851,86.4861,86.5511,-0.0660,-0.0650,0.0009
3133,991.7,334.3,86.4807,86.4817,86.5471,-0.0664,-0.0654,0.0009
3134,960.8,322.1,86.4763,86.4773,86.5431,-0.0667,-0.0658,0.0009
3135,1043.5,356.1,86.4719,86.4729,86.5389,-0.0670,-0.0660,0.0009
3136,1002.3,280.1,86.4676,86.4685,86.5344,-0.0669,-0.0659,0.0010
3137,995.1,357.8,86.4632,86.4641,86.5303,-0.0671,-0.0661,0.0010
3138,966.5,335.8,86.4588,86.4598,86.5260,-0.0672,-0.0663,0.0010
3139,1031.8,323.5,86.4544,86.4554,86.5217,-0.0673,-0.0663,0.0010
3140,1001.1,348.3,86.4501,86.4510,86.5171,-0.0671,-0.0661,0.0010
3141,1005.6,342.8,86.4457,86.4467,86.5129,-0.0672,-0.0663,0.0010
3142,993.3,319.6,86.4414,86.4423,86.5089,-0.0675,-0.0665,0.0010
3143,999.0,332.0,86.4370,86.4380,86.5047,-0.0677,-0.0667,0.0010
3144,984.2,325.9,86.4327,86.4337,86.5006,-0.0679,-0.0669,0.0010
3145,1026.8,307.5,86.4284,86.4293,86.4962,-0.0678,-0.0669,0.0010
3146,990.6,317.8,86.4240,86.4250,86.4922,-0.0681,-0.0672,0.0010
3147,1014.1,361.8,86.4197,86.4207,86.4880,-0.0683,-0.0673,0.0010
3148,990.7,304.6,86.4154,86.4164,86.4835,-0.0681,-0.0671,0.0010
3149,3661.0,562.4,86.4111,86.4121,86.4667,-0.0556,-0.0546,0.0010
3150,570.2,457.9,86.4068,86.4078,86.4667,-0.0599,-0.0589,0.0010
3151,479.4,327.4,86.4025,86.4035,86.4630,-0.0605,-0.0595,0.0010
3152,331.6,283.7,86.3982,86.3992,86.4630,-0.0648,-0.0638,0.0010
3153,287.7,344.1,86.3939,86.3949,86.4591,-0.0652,-0.0642,0.0010
3154,671.0,1076.3,86.3896,86.3906,86.4554,-0.0658,-0.0648,0.0010
3155,1083.2,319.5,86.3853,86.3863,86.4554,-0.0700,-0.0690,0.0010
3156,912.4,283.2,86.3811,86.3821,86.4507,-0.0696,-0.0686,0.0010
3157,995.0,291.6,86.3768,86.3778,86.4469,-0.0701,-0.0691,0.0010
3158,998.3,290.9,86.3726,86.3736,86.4430,-0.0705,-0.0694,0.0010
3159,3672.1,467.7,86.3683,86.3693,86.4246,-0.0563,-0.0553,0.0010
3160,481.0,330.2,86.3641,86.3651,86.4246,-0.0606,-0.0596,0.0010
3161,335.3,300.5,86.3598,86.3608,86.4199,-0.0601,-0.0591,0.0010
3162,305.2,1062.7,86.3556,86.3566,86.4199,-0.0643,-0.0633,0.0010
3163,1069.3,292.3,86.3514,86.3524,86.4149,-0.0636,-0.0626,0.0010
3164,298.1,309.3,86.3471,86.3482,86.4149,-0.0678,-0.0668,0.0010
3165,845.2,284.9,86.3429,86.3439,86.4105,-0.0675,-0.0665,0.0010
3166,999.0,306.8,86.3387,86.3397,86.4061,-0.0674,-0.0664,0.0010
3167,1000.9,320.6,86.3345,86.3355,86.4018,-0.0673,-0.0663,0.0010
3168,999.8,298.9,86.3303,86.3313,86.3972,-0.0669,-0.0659,0.0010
3169,1000.0,341.1,86.3261,86.3271,86.3920,-0.0659,-0.0649,0.0010
3170,998.0,310.8,86.3219,86.3230,86.3870,-0.0651,-0.0641,0.0010
3171,1000.4,303.0,86.3177,86.3188,86.3819,-0.0642,-0.0631,0.0011
3172,999.6,303.9,86.3136,86.3146,86.3769,-0.0633,-0.0623,0.0011
3173,1001.6,315.1,86.3094,86.3104,86.3717,-0.0623,-0.0612,0.0011
3174,1004.7,284.4,86.3052,86.3063,86.3669,-0.0616,-0.0606,0.0011
3175,999.9,300.2,86.3011,86.3021,86.3622,-0.0612,-0.0601,0.0011
3176,1031.4,287.3,86.2969,86.2980,86.3575,-0.0606,-0.0596,0.0011
3177,955.6,214.8,86.2928,86.2938,86.3575,-0.0648,-0.0637,0.0011
3178,998.9,285.5,86.2886,86.2897,86.3525,-0.0638,-0.0628,0.0011
3179,1001.5,253.2,86.2845,86.2856,86.3477,-0.0632,-0.0622,0.0011
3180,1000.6,296.3,86.2804,86.2814,86.3430,-0.0627,-0.0616,0.0011
3181,1000.1,301.5,86.2762,86.2773,86.3384,-0.0622,-0.0611,0.0011
3182,2673.7,1655.0,86.2721,86.2732,86.3247,-0.0526,-0.0515,0.0011
3183,1667.4,332.1,86.2680,86.2691,86.3161,-0.0480,-0.0470,0.0011
3184,334.6,343.5,86.2639,86.2650,86.3161,-0.0522,-0.0511,0.0011
3185,345.8,691.7,86.2598,86.2609,86.3161,-0.0563,-0.0552,0.0011
3186,699.3,356.8,86.2557,86.2568,86.3118,-0.0561,-0.0550,0.0011
3187,379.0,456.1,86.2516,86.2527,86.3118,-0.0602,-0.0591,0.0011
3188,921.8,341.3,86.2476,86.2487,86.3076,-0.0601,-0.0590,0.0011
3189,1004.4,299.4,86.2435,86.2446,86.3033,-0.0598,-0.0587,0.0011
3190,972.7,281.0,86.2394,86.2405,86.2995,-0.0601,-0.0590,0.0011
3191,1016.1,320.7,86.2353,86.2365,86.2958,-0.0604,-0.0593,0.0011
3192,987.9,284.4,86.2313,86.2324,86.2920,-0.0607,-0.0596,0.0011
3193,993.8,311.7,86.2272,86.2284,86.2877,-0.0605,-0.0594,0.0011
3194,998.7,298.4,86.2232,86.2243,86.2835,-0.0603,-0.0592,0.0011
3195,999.7,256.7,86.2192,86.2203,86.2792,-0.0601,-0.0589,0.0011
3196,1001.5,279.4,86.2151,86.2163,86.2751,-0.0599,-0.0588,0.0011
3197,998.8,248.6,86.2111,86.2122,86.2707,-0.0596,-0.0584,0.0011
3198,1001.2,263.1,86.2071,86.2082,86.2665,-0.0594,-0.0583,0.0011
3199,999.4,251.3,86.2031,86.2042,86.2623,-0.0593,-0.0581,0.0011
3200,1004.2,231.4,86.1991,86.2002,86.2582,-0.0592,-0.0580,0.0011
3201,998.7,217.6,86.1951,86.1962,86.2542,-0.0592,-0.0581,0.0011
3202,998.4,235.5,86.1911,86.1922,86.2499,-0.0588,-0.0577,0.0011
3203,999.9,233.1,86.1871,86.1882,86.2459,-0.0588,-0.0577,0.0011
3204,998.3,226.1,86.1831,86.1842,86.2419,-0.0589,-0.0577,0.0012
3205,1003.9,250.7,86.1791,86.1803,86.2377,-0.0586,-0.0574,0.0012
3206,998.4,223.1,86.1751,86.1763,86.2337,-0.0586,-0.0574,0.0012
3207,998.2,216.9,86.1712,86.1723,86.2297,-0.0586,-0.0574,0.0012
3208,1086.0,341.7,86.1672,86.1684,86.2258,-0.0586,-0.0574,0.0012
3209,931.2,297.6,86.1633,86.1644,86.2215,-0.0583,-0.0571,0.0012
3210,999.5,307.0,86.1593,86.1605,86.2176,-0.0583,-0.0571,0.0012
3211,1223.2,342.6,86.1554,86.1565,86.2139,-0.0585,-0.0573,0.0012
3212,763.0,257.9,86.1514,86.1526,86.2102,-0.0587,-0.0575,0.0012
3213,957.7,316.7,86.1475,86.1487,86.2064,-0.0589,-0.0577,0.0012
3214,1049.2,321.8,86.1436,86.1448,86.2031,-0.0595,-0.0584,0.0012
3215,998.7,296.5,86.1397,86.1409,86.2000,-0.0603,-0.0591,0.0012
3216,1009.9,330.7,86.1358,86.1369,86.1968,-0.0610,-0.0599,0.0012
3217,993.0,394.9,86.1319,86.1330,86.1933,-0.0614,-0.0602,0.0012
3218,1001.3,353.0,86.1280,86.1291,86.1898,-0.0619,-0.0607,0.0012
3219,991.2,373.6,86.1241,86.1253,86.1862,-0.0622,-0.0610,0.0012
3220,1002.1,343.3,86.1202,86.1214,86.1826,-0.0625,-0.0613,0.0012
3221,994.0,294.0,86.1163,86.1175,86.1789,-0.0626,-0.0614,0.0012
3222,1000.0,299.7,86.1124,86.1136,86.1749,-0.0625,-0.0613,0.0012
3223,997.2,256.5,86.1086,86.1098,86.1712,-0.0626,-0.0614,0.0012
3224,1002.5,314.1,86.1047,86.1059,86.1676,-0.0629,-0.0617,0.0012
3225,999.6,240.3,86.1008,86.1021,86.1638,-0.0629,-0.0617,0.0012
3226,999.9,284.4,86.0970,86.0982,86.1602,-0.0632,-0.0620,0.0012
3227,1003.9,260.1,86.0932,86.0944,86.1565,-0.0634,-0.0621,0.0012
3228,997.8,270.5,86.0893,86.0905,86.1528,-0.0635,-0.0623,0.0012
3229,999.9,241.9,86.0855,86.0867,86.1487,-0.0632,-0.0620,0.0012
3230,999.9,297.4,86.0817,86.0829,86.1446,-0.0630,-0.0617,0.0012
3231,1000.2,304.2,86.0779,86.0791,86.1405,-0.0627,-0.0615,0.0012
3232,1000.0,309.0,86.0740,86.0753,86.1364,-0.0623,-0.0611,0.0012
3233,999.9,257.8,86.0702,86.0715,86.1319,-0.0617,-0.0604,0.0012
3234,1002.1,253.2,86.0664,86.0677,86.1277,-0.0612,-0.0600,0.0012
3235,999.7,316.8,86.0626,86.0639,86.1235,-0.0608,-0.0596,0.0012
3236,1000.6,293.7,86.0589,86.0601,86.1193,-0.0604,-0.0592,0.0013
3237,1002.3,274.1,86.0551,86.0563,86.1148,-0.0597,-0.0584,0.0013
3238,997.6,297.3,86.0513,86.0526,86.1107,-0.0594,-0.0582,0.0013
3239,999.0,343.2,86.0475,86.0488,86.1067,-0.0592,-0.0579,0.0013
3240,999.2,354.4,86.0438,86.0450,86.1027,-0.0589,-0.0576,0.0013
3241,999.6,325.5,86.0400,86.0413,86.0982,-0.0582,-0.0569,0.0013
3242,1000.0,271.1,86.0363,86.0376,86.0941,-0.0578,-0.0566,0.0013
3243,998.9,317.0,86.0325,86.0338,86.0901,-0.0576,-0.0563,0.0013
3244,1002.5,278.3,86.0288,86.0301,86.0862,-0.0574,-0.0561,0.0013
3245,999.2,352.8,86.0251,86.0264,86.0821,-0.0570,-0.0558,0.0013
3246,1004.2,304.1,86.0214,86.0226,86.0785,-0.0572,-0.0559,0.0013
3247,999.0,339.3,86.0176,86.0189,86.0750,-0.0573,-0.0561,0.0013
3248,1001.3,281.3,86.0139,86.0152,86.0715,-0.0576,-0.0563,0.0013
3249,999.2,267.7,86.0102,86.0115,86.0679,-0.0577,-0.0564,0.0013
3250,1000.4,310.1,86.0065,86.0078,86.0645,-0.0579,-0.0566,0.0013
3251,1010.7,565.3,86.0028,86.0041,86.0609,-0.0581,-0.0568,0.0013
3252,2162.3,523.9,85.9992,86.0005,86.0532,-0.0541,-0.0528,0.0013
3253,534.4,329.6,85.9955,85.9968,86.0494,-0.0539,-0.0526,0.0013
3254,333.2,276.4,85.9918,85.9931,86.0494,-0.0575,-0.0562,0.0013
3255,995.8,344.8,85.9881,85.9895,86.0456,-0.0575,-0.0561,0.0013
3256,951.1,289.3,85.9845,85.9858,86.0419,-0.0574,-0.0561,0.0013
3257,1025.3,423.4,85.9808,85.9822,86.0379,-0.0571,-0.0558,0.0013
3258,989.4,319.8,85.9772,85.9785,86.0342,-0.0570,-0.0556,0.0013
3259,992.9,253.8,85.9736,85.9749,86.0304,-0.0568,-0.0555,0.0013
3260,999.5,309.8,85.9699,85.9713,86.0266,-0.0567,-0.0554,0.0013
3261,1001.4,331.7,85.9663,85.9676,86.0225,-0.0562,-0.0549,0.0013
3262,999.3,291.3,85.9627,85.9640,86.0186,-0.0559,-0.0546,0.0013
3263,999.8,315.8,85.9591,85.9604,86.0145,-0.0555,-0.0541,0.0013
3264,1000.4,307.6,85.9555,85.9568,86.0104,-0.0549,-0.0536,0.0013
3265,999.7,268.7,85.9519,85.9532,86.0060,-0.0542,-0.0528,0.0013
3266,999.9,294.5,85.9483,85.9496,86.0020,-0.0537,-0.0524,0.0013
3267,1000.3,285.3,85.9447,85.9460,85.9980,-0.0533,-0.0520,0.0014
3268,1000.2,353.4,85.9411,85.9425,85.9941,-0.0530,-0.0516,0.0014
3269,998.8,364.9,85.9375,85.9389,85.9901,-0.0525,-0.0512,0.0014
3270,1010.3,313.6,85.9340,85.9353,85.9864,-0.0524,-0.0510,0.0014
3271,991.9,319.4,85.9304,85.9318,85.9827,-0.0523,-0.0509,0.0014
3272,999.6,262.9,85.9268,85.9282,85.9789,-0.0521,-0.0507,0.0014
3273,1011.8,298.0,85.9233,85.9247,85.9747,-0.0515,-0.0501,0.0014
3274,993.4,411.0,85.9198,85.9211,85.9707,-0.0510,-0.0496,0.0014
3275,997.6,279.3,85.9162,85.9176,85.9668,-0.0506,-0.0492,0.0014
3276,996.1,245.9,85.9127,85.9141,85.9630,-0.0503,-0.0489,0.0014
3277,1006.9,270.7,85.9092,85.9106,85.9592,-0.0500,-0.0486,0.0014
3278,1004.3,307.4,85.9057,85.9070,85.9558,-0.0501,-0.0487,0.0014
3279,998.1,280.2,85.9021,85.9035,85.9526,-0.0504,-0.0490,0.0014
3280,999.5,283.0,85.8986,85.9000,85.9493,-0.0506,-0.0493,0.0014
3281,999.2,293.9,85.8951,85.8965,85.9459,-0.0507,-0.0493,0.0014
3282,1000.7,320.8,85.8917,85.8931,85.9427,-0.0510,-0.0496,0.0014
3283,1001.8,306.3,85.8882,85.8896,85.9395,-0.0513,-0.0499,0.0014
3284,997.8,288.7,85.8847,85.8861,85.9363,-0.0516,-0.0502,0.0014
3285,1000.0,293.3,85.8812,85.8826,85.9327,-0.0515,-0.0501,0.0014
3286,1001.7,292.7,85.8778,85.8792,85.9293,-0.0516,-0.0502,0.0014
3287,996.8,357.9,85.8743,85.8757,85.9260,-0.0517,-0.0503,0.0014
3288,1011.3,426.6,85.8709,85.8723,85.9226,-0.0518,-0.0504,0.0014
3289,1005.5,344.3,85.8674,85.8688,85.9191,-0.0517,-0.0503,0.0014
3290,986.9,356.0,85.8640,85.8654,85.9158,-0.0518,-0.0504,0.0014
3291,1000.8,340.9,85.8606,85.8620,85.9124,-0.0518,-0.0504,0.0014
3292,1001.8,307.1,85.8571,85.8586,85.9090,-0.0518,-0.0504,0.0014
3293,1010.2,366.5,85.8537,85.8551,85.9056,-0.0519,-0.0504,0.0014
3294,1230.1,770.5,85.8503,85.8517,85.8996,-0.0493,-0.0478,0.0014
3295,780.0,292.9,85.8469,85.8483,85.8996,-0.0527,-0.0512,0.0014
3296,984.8,331.9,85.8435,85.8449,85.8965,-0.0530,-0.0515,0.0014
3297,999.1,346.6,85.8401,85.8416,85.8931,-0.0530,-0.0515,0.0014
3298,992.4,301.5,85.8367,85.8382,85.8899,-0.0532,-0.0518,0.0015
3299,997.4,331.7,85.8334,85.8348,85.8864,-0.0531,-0.0516,0.0015
3300,998.9,344.0,85.8300,85.8314,85.8828,-0.0528,-0.0514,0.0015
3301,998.9,349.3,85.8266,85.8281,85.8789,-0.0523,-0.0508,0.0015
3302,1000.9,329.4,85.8233,85.8247,85.8755,-0.0522,-0.0508,0.0015
3303,999.4,315.8,85.8199,85.8214,85.8721,-0.0521,-0.0507,0.0015
3304,999.6,326.3,85.8166,85.8180,85.8687,-0.0522,-0.0507,0.0015
3305,1000.6,279.0,85.8132,85.8147,85.8655,-0.0522,-0.0508,0.0015
3306,1000.1,309.5,85.8099,85.8114,85.8619,-0.0520,-0.0505,0.0015
3307,1000.0,417.1,85.8066,85.8081,85.8585,-0.0520,-0.0505,0.0015
3308,1005.4,317.1,85.8033,85.8047,85.8550,-0.0518,-0.0503,0.0015
3309,998.6,328.3,85.8000,85.8014,85.8515,-0.0516,-0.0501,0.0015
3310,997.7,322.9,85.7966,85.7981,85.8477,-0.0510,-0.0496,0.0015
3311,1001.8,368.4,85.7934,85.7948,85.8442,-0.0508,-0.0494,0.0015
3312,967.9,602.4,85.7901,85.7916,85.8407,-0.0507,-0.0492,0.0015
3313,1046.2,305.5,85.7868,85.7883,85.8371,-0.0503,-0.0488,0.0015
3314,984.2,309.3,85.7835,85.7850,85.8334,-0.0499,-0.0484,0.0015
3315,1001.2,292.9,85.7802,85.7817,85.8299,-0.0496,-0.0481,0.0015
3316,1004.0,358.0,85.7770,85.7785,85.8264,-0.0495,-0.0479,0.0015
3317,995.0,343.1,85.7737,85.7752,85.8231,-0.0493,-0.0478,0.0015
3318,1009.8,369.9,85.7705,85.7720,85.8196,-0.0491,-0.0476,0.0015
3319,990.8,381.7,85.7672,85.7687,85.8165,-0.0492,-0.0477,0.0015
3320,999.2,359.3,85.7640,85.7655,85.8134,-0.0494,-0.0479,0.0015
3321,997.5,339.5,85.7608,85.7623,85.8104,-0.0496,-0.0481,0.0015
3322,1000.6,286.8,85.7575,85.7591,85.8069,-0.0494,-0.0479,0.0015
3323,1005.1,313.5,85.7543,85.7559,85.8037,-0.0494,-0.0478,0.0015
3324,995.7,353.4,85.7511,85.7527,85.8003,-0.0492,-0.0476,0.0015
3325,1012.9,352.7,85.7479,85.7495,85.7968,-0.0489,-0.0474,0.0015
3326,997.6,327.5,85.7447,85.7463,85.7926,-0.0479,-0.0463,0.0015
3327,999.8,355.5,85.7415,85.7431,85.7892,-0.0477,-0.0461,0.0015
3328,989.5,310.0,85.7383,85.7399,85.7858,-0.0475,-0.0459,0.0016
3329,1010.9,349.6,85.7352,85.7367,85.7824,-0.0473,-0.0457,0.0016
3330,999.2,311.7,85.7320,85.7336,85.7789,-0.0469,-0.0453,0.0016
3331,1005.6,317.6,85.7288,85.7304,85.7756,-0.0467,-0.0452,0.0016
3332,990.2,338.2,85.7257,85.7273,85.7723,-0.0466,-0.0450,0.0016
3333,998.4,353.8,85.7225,85.7241,85.7687,-0.0462,-0.0446,0.0016
3334,998.0,382.0,85.7194,85.7210,85.7653,-0.0459,-0.0444,0.0016
3335,1016.9,319.2,85.7163,85.7178,85.7619,-0.0456,-0.0441,0.0016
3336,994.3,301.7,85.7131,85.7147,85.7585,-0.0453,-0.0437,0.0016
3337,983.9,288.8,85.7100,85.7116,85.7550,-0.0450,-0.0434,0.0016
3338,1000.4,315.0,85.7069,85.7085,85.7512,-0.0443,-0.0427,0.0016
3339,997.2,276.5,85.7038,85.7054,85.7476,-0.0438,-0.0422,0.0016
3340,999.4,298.3,85.7007,85.7023,85.7441,-0.0434,-0.0418,0.0016
3341,999.7,328.2,85.6976,85.6992,85.7406,-0.0430,-0.0414,0.0016
3342,1000.0,320.8,85.6945,85.6961,85.7369,-0.0424,-0.0408,0.0016
3343,1002.9,343.4,85.6914,85.6930,85.7369,-0.0454,-0.0438,0.0016
3344,996.2,340.1,85.6884,85.6900,85.7335,-0.0451,-0.0435,0.0016
3345,1545.7,489.7,85.6853,85.6869,85.7262,-0.0409,-0.0393,0.0016
3346,493.1,273.5,85.6823,85.6839,85.7262,-0.0439,-0.0423,0.0016
3347,962.5,289.7,85.6792,85.6808,85.7228,-0.0436,-0.0419,0.0016
3348,1027.9,292.4,85.6762,85.6778,85.7194,-0.0432,-0.0416,0.0016
3349,988.7,292.5,85.6731,85.6747,85.7157,-0.0426,-0.0409,0.0016
3350,982.9,319.2,85.6701,85.6717,85.7122,-0.0421,-0.0405,0.0016
3351,1006.3,259.5,85.6671,85.6687,85.7087,-0.0416,-0.0400,0.0016
3352,1011.2,346.8,85.6640,85.6657,85.7055,-0.0414,-0.0398,0.0016
3353,995.7,322.2,85.6610,85.6627,85.7023,-0.0412,-0.0396,0.0016
3354,996.1,296.1,85.6580,85.6597,85.6993,-0.0412,-0.0396,0.0016
3355,1000.3,326.2,85.6550,85.6567,85.6963,-0.0412,-0.0396,0.0016
3356,1000.7,347.0,85.6521,85.6537,85.6934,-0.0413,-0.0397,0.0016
3357,999.3,286.9,85.6491,85.6507,85.6904,-0.0414,-0.0397,0.0017
3358,1001.9,288.1,85.6461,85.6477,85.6878,-0.0417,-0.0400,0.0017
3359,998.5,341.5,85.6431,85.6448,85.6851,-0.0420,-0.0403,0.0017
3360,998.9,312.1,85.6402,85.6418,85.6824,-0.0422,-0.0405,0.0017
3361,999.8,265.8,85.6372,85.6389,85.6794,-0.0422,-0.0406,0.0017
3362,1000.1,279.5,85.6343,85.6359,85.6766,-0.0423,-0.0407,0.0017
3363,1000.3,258.5,85.6313,85.6330,85.6737,-0.0423,-0.0407,0.0017
3364,999.8,301.0,85.6284,85.6301,85.6707,-0.0423,-0.0406,0.0017
3365,998.2,335.2,85.6255,85.6271,85.6677,-0.0422,-0.0405,0.0017
3366,1000.9,290.2,85.6225,85.6242,85.6644,-0.0418,-0.0402,0.0017
3367,1010.6,389.9,85.6196,85.6213,85.6613,-0.0417,-0.0400,0.0017
3368,999.7,371.8,85.6167,85.6184,85.6584,-0.0417,-0.0400,0.0017
3369,992.4,332.6,85.6138,85.6155,85.6554,-0.0416,-0.0399,0.0017
3370,995.7,367.4,85.6109,85.6126,85.6528,-0.0418,-0.0401,0.0017
3371,1009.8,402.5,85.6081,85.6098,85.6503,-0.0422,-0.0405,0.0017
3372,996.0,338.8,85.6052,85.6069,85.6477,-0.0425,-0.0408,0.0017
3373,995.2,413.0,85.6023,85.6040,85.6448,-0.0425,-0.0408,0.0017
3374,975.7,378.4,85.5994,85.6012,85.6419,-0.0424,-0.0407,0.0017
3375,1032.0,351.8,85.5966,85.5983,85.6389,-0.0423,-0.0406,0.0017
3376,998.4,361.1,85.5937,85.5955,85.6358,-0.0421,-0.0404,0.0017
3377,998.7,343.6,85.5909,85.5926,85.6326,-0.0417,-0.0400,0.0017
3378,1002.0,304.3,85.5881,85.5898,85.6297,-0.0416,-0.0399,0.0017
3379,1000.3,298.1,85.5852,85.5870,85.6267,-0.0414,-0.0397,0.0017
3380,999.5,309.2,85.5824,85.5841,85.6237,-0.0413,-0.0395,0.0017
3381,1000.6,294.4,85.5796,85.5813,85.6206,-0.0410,-0.0392,0.0017
3382,1001.7,329.5,85.5768,85.5785,85.6178,-0.0410,-0.0393,0.0017
3383,1070.5,482.3,85.5740,85.5757,85.6152,-0.0412,-0.0395,0.0017
3384,922.8,326.5,85.5712,85.5729,85.6127,-0.0415,-0.0397,0.0017
3385,974.6,358.2,85.5684,85.5702,85.6099,-0.0415,-0.0398,0.0018
3386,1026.3,298.6,85.5656,85.5674,85.6074,-0.0418,-0.0400,0.0018
3387,1024.1,319.9,85.5629,85.5646,85.6049,-0.0421,-0.0403,0.0018
3388,974.1,331.3,85.5601,85.5619,85.6024,-0.0423,-0.0405,0.0018
3389,1008.4,371.6,85.5573,85.5591,85.5996,-0.0422,-0.0405,0.0018
3390,995.0,341.3,85.5546,85.5564,85.5971,-0.0425,-0.0407,0.0018
3391,987.4,316.0,85.5519,85.5536,85.5946,-0.0428,-0.0410,0.0018
3392,1012.9,298.6,85.5491,85.5509,85.5921,-0.0430,-0.0412,0.0018
3393,992.7,278.7,85.5464,85.5482,85.5893,-0.0429,-0.0412,0.0018
3394,996.8,340.9,85.5437,85.5454,85.5868,-0.0431,-0.0413,0.0018
3395,991.2,344.3,85.5410,85.5427,85.5843,-0.0433,-0.0415,0.0018
3396,1004.7,317.0,85.5382,85.5400,85.5818,-0.0435,-0.0417,0.0018
3397,1000.5,326.4,85.5355,85.5373,85.5791,-0.0435,-0.0417,0.0018
3398,1007.4,305.6,85.5329,85.5346,85.5767,-0.0438,-0.0420,0.0018
3399,993.2,299.5,85.5302,85.5320,85.5743,-0.0442,-0.0424,0.0018
3400,999.9,265.4,85.5275,85.5293,85.5721,-0.0446,-0.0428,0.0018
3401,1000.0,261.7,85.5248,85.5266,85.5696,-0.0448,-0.0430,0.0018
3402,1000.3,256.3,85.5221,85.5240,85.5673,-0.0452,-0.0434,0.0018
3403,999.5,281.4,85.5195,85.5213,85.5650,-0.0455,-0.0437,0.0018
3404,1001.4,297.9,85.5168,85.5187,85.5627,-0.0459,-0.0441,0.0018
3405,1012.6,338.4,85.5142,85.5160,85.5602,-0.0460,-0.0442,0.0018
3406,1001.5,303.1,85.5116,85.5134,85.5577,-0.0462,-0.0443,0.0018
3407,995.7,290.8,85.5089,85.5108,85.5551,-0.0462,-0.0443,0.0018
3408,1018.0,318.3,85.5063,85.5081,85.5524,-0.0461,-0.0443,0.0018
3409,1002.5,343.4,85.5037,85.5055,85.5494,-0.0457,-0.0439,0.0018
3410,973.6,258.9,85.5011,85.5029,85.5467,-0.0456,-0.0437,0.0018
3411,1000.8,254.0,85.4985,85.5003,85.5438,-0.0453,-0.0435,0.0018
3412,997.3,281.7,85.4959,85.4977,85.5410,-0.0451,-0.0432,0.0018
3413,1000.6,371.2,85.4933,85.4952,85.5380,-0.0447,-0.0429,0.0019
3414,998.6,254.2,85.4907,85.4926,85.5353,-0.0446,-0.0427,0.0019
3415,1015.7,378.7,85.4882,85.4900,85.5325,-0.0444,-0.0425,0.0019
3416,999.0,352.8,85.4856,85.4875,85.5296,-0.0440,-0.0422,0.0019
3417,999.1,359.0,85.4830,85.4849,85.5268,-0.0438,-0.0419,0.0019
3418,1000.6,378.7,85.4805,85.4824,85.5238,-0.0433,-0.0414,0.0019
3419,999.6,323.8,85.4779,85.4798,85.5210,-0.0431,-0.0412,0.0019
3420,1001.9,335.8,85.4754,85.4773,85.5183,-0.0428,-0.0410,0.0019
3421,998.6,319.5,85.4729,85.4748,85.5151,-0.0422,-0.0403,0.0019
3422,1001.6,281.8,85.4704,85.4722,85.5120,-0.0417,-0.0398,0.0019
3423,1001.8,342.6,85.4679,85.4697,85.5091,-0.0412,-0.0394,0.0019
3424,998.2,294.9,85.4653,85.4672,85.5062,-0.0409,-0.0390,0.0019
3425,1000.3,300.5,85.4628,85.4647,85.5032,-0.0403,-0.0384,0.0019
3426,999.4,305.5,85.4604,85.4623,85.5003,-0.0400,-0.0381,0.0019
3427,1051.1,507.5,85.4579,85.4598,85.4974,-0.0395,-0.0376,0.0019
3428,942.8,286.7,85.4554,85.4573,85.4944,-0.0390,-0.0371,0.0019
3429,1549.2,585.4,85.4529,85.4548,85.4884,-0.0355,-0.0336,0.0019
3430,591.6,323.8,85.4505,85.4524,85.4884,-0.0380,-0.0361,0.0019
3431,849.2,290.6,85.4480,85.4499,85.4857,-0.0377,-0.0358,0.0019
3432,998.1,273.5,85.4456,85.4475,85.4830,-0.0375,-0.0356,0.0019
3433,1014.0,337.8,85.4431,85.4450,85.4800,-0.0369,-0.0350,0.0019
3434,998.0,309.0,85.4407,85.4426,85.4771,-0.0364,-0.0344,0.0019
3435,994.3,307.2,85.4383,85.4402,85.4743,-0.0360,-0.0341,0.0019
3436,1004.0,333.4,85.4358,85.4378,85.4714,-0.0356,-0.0337,0.0019
3437,1000.3,635.9,85.4334,85.4354,85.4683,-0.0349,-0.0329,0.0019
3438,1005.5,321.9,85.4310,85.4330,85.4654,-0.0344,-0.0325,0.0019
3439,1003.8,295.4,85.4286,85.4306,85.4626,-0.0340,-0.0320,0.0019
3440,998.3,345.9,85.4262,85.4282,85.4598,-0.0335,-0.0316,0.0019
3441,993.1,294.7,85.4239,85.4258,85.4568,-0.0329,-0.0310,0.0020
3442,1011.9,316.0,85.4215,85.4234,85.4540,-0.0326,-0.0306,0.0020
3443,993.2,337.7,85.4191,85.4211,85.4514,-0.0323,-0.0304,0.0020
3444,995.6,403.6,85.4167,85.4187,85.4489,-0.0322,-0.0302,0.0020
3445,998.6,367.8,85.4144,85.4164,85.4464,-0.0320,-0.0300,0.0020
3446,999.7,320.0,85.4120,85.4140,85.4440,-0.0320,-0.0300,0.0020
3447,999.9,328.1,85.4097,85.4117,85.4417,-0.0320,-0.0300,0.0020
3448,1001.8,322.6,85.4074,85.4094,85.4392,-0.0318,-0.0299,0.0020
3449,998.0,258.1,85.4051,85.4070,85.4365,-0.0314,-0.0295,0.0020
3450,999.8,285.1,85.4027,85.4047,85.4340,-0.0313,-0.0293,0.0020
3451,1004.3,306.4,85.4004,85.4024,85.4315,-0.0311,-0.0291,0.0020
3452,994.5,358.9,85.3981,85.4001,85.4291,-0.0310,-0.0290,0.0020
3453,999.7,327.9,85.3958,85.3978,85.4264,-0.0306,-0.0286,0.0020
3454,991.4,282.6,85.3935,85.3955,85.4239,-0.0304,-0.0284,0.0020
3455,1006.2,275.7,85.3913,85.3933,85.4213,-0.0300,-0.0280,0.0020
3456,1012.9,329.4,85.3890,85.3910,85.4187,-0.0297,-0.0277,0.0020
3457,996.7,281.3,85.3867,85.3887,85.4160,-0.0293,-0.0273,0.0020
3458,994.2,263.9,85.3845,85.3865,85.4135,-0.0290,-0.0270,0.0020
3459,999.1,261.6,85.3822,85.3842,85.4111,-0.0289,-0.0269,0.0020
3460,1003.4,331.4,85.3800,85.3820,85.4088,-0.0288,-0.0268,0.0020
3461,974.6,333.0,85.3777,85.3798,85.4063,-0.0286,-0.0265,0.0020
3462,1029.1,330.5,85.3755,85.3775,85.4040,-0.0284,-0.0264,0.0020
3463,992.1,280.2,85.3733,85.3753,85.4017,-0.0284,-0.0264,0.0020
3464,1020.5,322.7,85.3711,85.3731,85.3995,-0.0284,-0.0264,0.0020
3465,989.5,302.2,85.3689,85.3709,85.3971,-0.0282,-0.0262,0.0020
3466,996.4,293.6,85.3667,85.3687,85.3950,-0.0283,-0.0262,0.0020
3467,1000.8,361.6,85.3645,85.3665,85.3928,-0.0283,-0.0263,0.0020
3468,997.2,388.9,85.3623,85.3643,85.3905,-0.0283,-0.0262,0.0021
3469,998.8,374.3,85.3601,85.3622,85.3882,-0.0281,-0.0260,0.0021
3470,1000.3,387.4,85.3580,85.3600,85.3860,-0.0280,-0.0260,0.0021
3471,1000.2,364.0,85.3558,85.3579,85.3837,-0.0279,-0.0258,0.0021
3472,999.5,329.2,85.3536,85.3557,85.3814,-0.0278,-0.0257,0.0021
3473,998.0,322.6,85.3515,85.3536,85.3788,-0.0273,-0.0253,0.0021
3474,1000.4,306.2,85.3493,85.3514,85.3765,-0.0271,-0.0251,0.0021
3475,999.6,303.1,85.3472,85.3493,85.3741,-0.0269,-0.0249,0.0021
3476,999.5,338.7,85.3451,85.3472,85.3719,-0.0268,-0.0247,0.0021
3477,1000.3,368.4,85.3430,85.3451,85.3693,-0.0264,-0.0243,0.0021
3478,1004.3,287.8,85.3409,85.3430,85.3671,-0.0262,-0.0242,0.0021
3479,1004.9,4653.1,85.3388,85.3409,85.3649,-0.0262,-0.0241,0.0021
3480,4658.1,466.7,85.3367,85.3388,85.3546,-0.0180,-0.0159,0.0021
3481,473.5,326.2,85.3346,85.3367,85.3546,-0.0200,-0.0179,0.0021
3482,331.3,305.9,85.3325,85.3346,85.3528,-0.0203,-0.0182,0.0021
3483,311.9,314.5,85.3304,85.3325,85.3528,-0.0224,-0.0202,0.0021
3484,318.0,256.4,85.3284,85.3305,85.3528,-0.0244,-0.0223,0.0021
3485,258.7,267.0,85.3263,85.3284,85.3509,-0.0246,-0.0224,0.0021
3486,632.5,260.5,85.3243,85.3264,85.3509,-0.0266,-0.0245,0.0021
3487,1000.5,337.0,85.3222,85.3243,85.3491,-0.0269,-0.0248,0.0021
3488,1013.2,339.7,85.3202,85.3223,85.3474,-0.0273,-0.0251,0.0021
3489,1000.4,288.1,85.3181,85.3203,85.3458,-0.0277,-0.0255,0.0021
3490,1003.3,305.2,85.3161,85.3183,85.3437,-0.0276,-0.0255,0.0021
3491,997.2,4077.4,85.3141,85.3163,85.3421,-0.0280,-0.0259,0.0021
3492,4094.2,600.8,85.3121,85.3143,85.3336,-0.0215,-0.0193,0.0021
3493,604.1,705.4,85.3101,85.3123,85.3317,-0.0216,-0.0195,0.0021
3494,708.3,342.1,85.3081,85.3103,85.3301,-0.0220,-0.0198,0.0021
3495,344.5,319.2,85.3061,85.3083,85.3301,-0.0240,-0.0218,0.0022
3496,322.2,252.8,85.3042,85.3063,85.3301,-0.0259,-0.0238,0.0022
3497,255.9,334.1,85.3022,85.3044,85.3285,-0.0263,-0.0241,0.0022
3498,654.1,2579.3,85.3002,85.3024,85.3285,-0.0282,-0.0261,0.0022
3499,2588.2,521.2,85.2983,85.3005,85.3245,-0.0263,-0.0241,0.0022
3500,525.5,215.0,85.2963,85.2985,85.3245,-0.0282,-0.0260,0.0022
3501,217.5,235.1,85.2944,85.2966,85.3231,-0.0287,-0.0265,0.0022
3502,675.4,235.9,85.2925,85.2946,85.3231,-0.0306,-0.0284,0.0022
3503,996.8,259.6,85.2905,85.2927,85.3215,-0.0310,-0.0288,0.0022
3504,998.6,267.1,85.2886,85.2908,85.3199,-0.0313,-0.0291,0.0022
3505,2615.1,542.6,85.2867,85.2889,85.3169,-0.0301,-0.0279,0.0022
3506,548.0,331.9,85.2848,85.2870,85.3169,-0.0320,-0.0298,0.0022
3507,334.4,294.8,85.2829,85.2851,85.3142,-0.0313,-0.0291,0.0022
3508,504.6,236.7,85.2810,85.2832,85.3142,-0.0331,-0.0309,0.0022
3509,995.6,240.6,85.2792,85.2814,85.3128,-0.0336,-0.0314,0.0022
3510,1003.8,295.8,85.2773,85.2795,85.3128,-0.0355,-0.0333,0.0022
3511,998.0,233.0,85.2754,85.2776,85.3112,-0.0358,-0.0336,0.0022
3512,998.7,229.0,85.2736,85.2758,85.3098,-0.0362,-0.0340,0.0022
3513,1000.4,254.3,85.2717,85.2740,85.3084,-0.0366,-0.0344,0.0022
3514,999.6,281.6,85.2699,85.2721,85.3067,-0.0368,-0.0346,0.0022
3515,999.9,282.6,85.2681,85.2703,85.3049,-0.0368,-0.0346,0.0022
3516,999.1,284.8,85.2662,85.2685,85.3030,-0.0367,-0.0345,0.0022
3517,1001.9,299.9,85.2644,85.2667,85.3011,-0.0366,-0.0344,0.0022
3518,998.6,287.2,85.2626,85.2648,85.2991,-0.0365,-0.0342,0.0022
3519,3666.4,473.2,85.2608,85.2630,85.2909,-0.0301,-0.0279,0.0022
3520,477.7,226.7,85.2590,85.2613,85.2909,-0.0319,-0.0297,0.0022
3521,228.6,905.3,85.2572,85.2595,85.2888,-0.0316,-0.0293,0.0023
3522,908.0,362.0,85.2554,85.2577,85.2888,-0.0333,-0.0311,0.0023
3523,364.3,433.8,85.2537,85.2559,85.2869,-0.0333,-0.0310,0.0023
3524,436.1,253.8,85.2519,85.2542,85.2869,-0.0350,-0.0328,0.0023
3525,926.0,267.3,85.2502,85.2524,85.2851,-0.0350,-0.0327,0.0023
3526,996.3,269.8,85.2484,85.2507,85.2835,-0.0351,-0.0328,0.0023
3527,1128.8,330.7,85.2467,85.2489,85.2817,-0.0350,-0.0328,0.0023
3528,867.7,289.3,85.2449,85.2472,85.2800,-0.0351,-0.0328,0.0023
3529,1000.6,233.5,85.2432,85.2455,85.2783,-0.0351,-0.0328,0.0023
3530,998.8,307.9,85.2415,85.2438,85.2765,-0.0350,-0.0327,0.0023
3531,1001.0,246.6,85.2398,85.2421,85.2745,-0.0347,-0.0324,0.0023
3532,1000.2,244.4,85.2381,85.2404,85.2725,-0.0344,-0.0321,0.0023
3533,999.6,286.9,85.2364,85.2387,85.2705,-0.0341,-0.0318,0.0023
3534,1012.6,362.8,85.2347,85.2370,85.2684,-0.0337,-0.0314,0.0023
3535,989.6,274.8,85.2330,85.2353,85.2661,-0.0331,-0.0308,0.0023
3536,999.2,250.9,85.2313,85.2336,85.2640,-0.0327,-0.0304,0.0023
3537,998.3,247.4,85.2297,85.2320,85.2620,-0.0324,-0.0300,0.0023
3538,979.7,293.6,85.2280,85.2303,85.2600,-0.0320,-0.0296,0.0023
3539,1025.3,251.2,85.2264,85.2287,85.2576,-0.0312,-0.0289,0.0023
3540,995.4,255.4,85.2247,85.2270,85.2553,-0.0306,-0.0283,0.0023
3541,1003.7,313.4,85.2231,85.2254,85.2531,-0.0300,-0.0277,0.0023
3542,999.1,281.8,85.2214,85.2238,85.2510,-0.0295,-0.0272,0.0023
3543,1006.4,299.6,85.2198,85.2222,85.2487,-0.0288,-0.0265,0.0023
3544,995.5,330.9,85.2182,85.2206,85.2466,-0.0284,-0.0260,0.0023
3545,996.5,311.1,85.2166,85.2190,85.2445,-0.0279,-0.0255,0.0023
3546,1001.0,275.8,85.2150,85.2174,85.2425,-0.0275,-0.0252,0.0023
3547,1008.8,351.8,85.2134,85.2158,85.2404,-0.0270,-0.0246,0.0023
3548,998.4,340.4,85.2118,85.2142,85.2384,-0.0265,-0.0242,0.0024
3549,1000.5,273.2,85.2103,85.2126,85.2364,-0.0261,-0.0237,0.0024
3550,1000.4,278.5,85.2087,85.2111,85.2344,-0.0257,-0.0233,0.0024
3551,997.7,289.3,85.2071,85.2095,85.2324,-0.0252,-0.0229,0.0024
3552,1002.2,258.7,85.2056,85.2080,85.2301,-0.0245,-0.0222,0.0024
3553,999.8,290.9,85.2041,85.2064,85.2281,-0.0241,-0.0217,0.0024
3554,1000.0,274.8,85.2025,85.2049,85.2261,-0.0235,-0.0212,0.0024
3555,1000.0,286.7,85.2010,85.2034,85.2239,-0.0229,-0.0205,0.0024
3556,999.8,413.3,85.1995,85.2019,85.2219,-0.0224,-0.0201,0.0024
3557,1001.2,299.1,85.1980,85.2003,85.2199,-0.0220,-0.0196,0.0024
3558,1000.4,325.0,85.1964,85.1988,85.2180,-0.0216,-0.0192,0.0024
3559,998.5,277.5,85.1950,85.1973,85.2158,-0.0208,-0.0184,0.0024
3560,1002.7,2758.4,85.1935,85.1959,85.2137,-0.0202,-0.0178,0.0024
3561,2767.7,402.2,85.1920,85.1944,85.2078,-0.0159,-0.0135,0.0024
3562,409.9,372.2,85.1905,85.1929,85.2078,-0.0173,-0.0149,0.0024
3563,378.8,320.4,85.1890,85.1914,85.2063,-0.0172,-0.0148,0.0024
3564,448.9,252.5,85.1876,85.1900,85.2063,-0.0187,-0.0163,0.0024
3565,984.9,268.7,85.1861,85.1885,85.2047,-0.0186,-0.0162,0.0024
3566,1000.9,609.1,85.1847,85.1871,85.2032,-0.0185,-0.0161,0.0024
3567,1019.2,354.6,85.1832,85.1857,85.2016,-0.0183,-0.0159,0.0024
3568,989.2,345.0,85.1818,85.1842,85.2003,-0.0185,-0.0160,0.0024
3569,1003.0,329.0,85.1804,85.1828,85.1989,-0.0185,-0.0161,0.0024
3570,996.6,294.0,85.1790,85.1814,85.1976,-0.0186,-0.0162,0.0024
3571,2617.2,532.1,85.1776,85.1800,85.1934,-0.0158,-0.0133,0.0024
3572,541.3,328.5,85.1762,85.1786,85.1934,-0.0172,-0.0147,0.0024
3573,334.0,285.1,85.1748,85.1772,85.1919,-0.0171,-0.0146,0.0024
3574,496.7,217.7,85.1734,85.1759,85.1919,-0.0185,-0.0160,0.0025
3575,1000.6,241.4,85.1720,85.1745,85.1904,-0.0183,-0.0159,0.0025
3576,1019.9,292.2,85.1707,85.1731,85.1890,-0.0183,-0.0159,0.0025
3577,993.1,255.4,85.1693,85.1718,85.1876,-0.0183,-0.0159,0.0025
3578,3665.3,439.7,85.1680,85.1704,85.1822,-0.0142,-0.0117,0.0025
3579,446.4,306.0,85.1666,85.1691,85.1822,-0.0156,-0.0131,0.0025
3580,310.1,270.6,85.1653,85.1678,85.1808,-0.0155,-0.0130,0.0025
3581,275.3,951.3,85.1640,85.1664,85.1808,-0.0168,-0.0143,0.0025
3582,954.6,393.5,85.1626,85.1651,85.1793,-0.0167,-0.0142,0.0025
3583,395.7,222.7,85.1613,85.1638,85.1793,-0.0180,-0.0155,0.0025
3584,938.1,211.5,85.1600,85.1625,85.1778,-0.0178,-0.0153,0.0025
3585,1001.4,239.9,85.1587,85.1612,85.1762,-0.0175,-0.0150,0.0025
3586,3665.5,457.7,85.1574,85.1599,85.1694,-0.0119,-0.0094,0.0025
3587,461.5,259.2,85.1561,85.1586,85.1694,-0.0132,-0.0107,0.0025
3588,261.7,273.6,85.1549,85.1574,85.1677,-0.0129,-0.0104,0.0025
3589,276.6,372.9,85.1536,85.1561,85.1677,-0.0141,-0.0116,0.0025
3590,375.2,719.3,85.1523,85.1549,85.1677,-0.0154,-0.0129,0.0025
3591,961.0,248.9,85.1511,85.1536,85.1661,-0.0150,-0.0125,0.0025
3592,999.7,250.0,85.1499,85.1524,85.1646,-0.0148,-0.0123,0.0025
3593,999.0,247.5,85.1486,85.1511,85.1633,-0.0146,-0.0121,0.0025
3594,999.8,249.2,85.1474,85.1499,85.1621,-0.0147,-0.0121,0.0025
3595,1000.5,294.6,85.1462,85.1487,85.1606,-0.0145,-0.0119,0.0025
3596,1000.7,245.7,85.1450,85.1475,85.1593,-0.0144,-0.0118,0.0025
3597,999.6,249.0,85.1438,85.1463,85.1579,-0.0142,-0.0116,0.0025
3598,1000.3,252.3,85.1426,85.1451,85.1563,-0.0138,-0.0112,0.0025
3599,999.3,221.3,85.1414,85.1439,85.1548,-0.0135,-0.0109,0.0025
3600,1000.0,247.6,85.1402,85.1427,85.1534,-0.0132,-0.0107,0.0026
3601,1001.8,239.1,85.1390,85.1416,85.1521,-0.0131,-0.0105,0.0026
3602,998.3,258.1,85.1378,85.1404,85.1510,-0.0132,-0.0106,0.0026
3603,999.7,259.3,85.1367,85.1393,85.1499,-0.0132,-0.0106,0.0026
3604,999.6,240.7,85.1355,85.1381,85.1488,-0.0132,-0.0107,0.0026
3605,1000.0,259.8,85.1344,85.1370,85.1476,-0.0132,-0.0107,0.0026
3606,999.7,233.0,85.1333,85.1358,85.1464,-0.0131,-0.0105,0.0026
3607,1002.1,230.4,85.1321,85.1347,85.1450,-0.0128,-0.0102,0.0026
3608,998.2,218.9,85.1310,85.1336,85.1436,-0.0126,-0.0100,0.0026
3609,1000.6,210.9,85.1299,85.1325,85.1422,-0.0123,-0.0097,0.0026
3610,1000.9,246.1,85.1288,85.1314,85.1408,-0.0120,-0.0094,0.0026
3611,1000.8,226.3,85.1277,85.1303,85.1393,-0.0116,-0.0090,0.0026
3612,997.9,227.0,85.1266,85.1292,85.1379,-0.0113,-0.0087,0.0026
3613,1001.1,241.3,85.1255,85.1281,85.1366,-0.0110,-0.0084,0.0026
3614,999.2,215.5,85.1245,85.1271,85.1352,-0.0107,-0.0081,0.0026
3615,999.4,236.8,85.1234,85.1260,85.1338,-0.0104,-0.0078,0.0026
3616,1000.2,228.4,85.1223,85.1250,85.1325,-0.0101,-0.0075,0.0026
3617,1000.7,261.6,85.1213,85.1239,85.1312,-0.0099,-0.0073,0.0026
3618,1000.5,432.0,85.1203,85.1229,85.1301,-0.0098,-0.0072,0.0026
3619,1001.6,295.4,85.1192,85.1218,85.1289,-0.0097,-0.0071,0.0026
3620,998.5,326.2,85.1182,85.1208,85.1279,-0.0097,-0.0071,0.0026
3621,1002.9,318.9,85.1172,85.1198,85.1269,-0.0097,-0.0070,0.0026
3622,995.8,310.9,85.1162,85.1188,85.1258,-0.0096,-0.0070,0.0026
3623,999.0,259.5,85.1152,85.1178,85.1246,-0.0095,-0.0068,0.0026
3624,999.1,237.0,85.1142,85.1168,85.1236,-0.0094,-0.0068,0.0026
3625,1000.4,253.9,85.1132,85.1158,85.1225,-0.0093,-0.0067,0.0027
3626,1000.2,244.7,85.1122,85.1149,85.1215,-0.0093,-0.0066,0.0027
3627,1000.9,287.5,85.1112,85.1139,85.1204,-0.0091,-0.0065,0.0027
3628,998.8,297.2,85.1103,85.1129,85.1193,-0.0091,-0.0064,0.0027
3629,999.8,280.5,85.1093,85.1120,85.1182,-0.0089,-0.0063,0.0027
3630,1033.4,282.2,85.1084,85.1110,85.1172,-0.0088,-0.0062,0.0027
3631,969.4,251.9,85.1074,85.1101,85.1162,-0.0088,-0.0061,0.0027
3632,1001.2,277.0,85.1065,85.1092,85.1153,-0.0089,-0.0062,0.0027
3633,1001.0,243.9,85.1056,85.1082,85.1146,-0.0090,-0.0063,0.0027
3634,997.6,296.6,85.1046,85.1073,85.1138,-0.0092,-0.0065,0.0027
3635,1008.5,310.6,85.1037,85.1064,85.1130,-0.0093,-0.0066,0.0027
3636,1019.9,316.9,85.1028,85.1055,85.1122,-0.0094,-0.0067,0.0027
3637,979.9,274.3,85.1019,85.1046,85.1114,-0.0094,-0.0067,0.0027
3638,993.2,269.9,85.1011,85.1038,85.1106,-0.0095,-0.0068,0.0027
3639,1020.0,346.5,85.1002,85.1029,85.1098,-0.0096,-0.0069,0.0027
3640,981.4,334.2,85.0993,85.1020,85.1091,-0.0098,-0.0071,0.0027
3641,1003.7,307.4,85.0985,85.1012,85.1084,-0.0099,-0.0072,0.0027
3642,993.9,235.4,85.0976,85.1003,85.1077,-0.0101,-0.0074,0.0027
3643,1000.9,355.1,85.0968,85.0995,85.1069,-0.0102,-0.0074,0.0027
3644,998.6,292.2,85.0959,85.0986,85.1062,-0.0103,-0.0076,0.0027
3645,998.7,317.1,85.0951,85.0978,85.1054,-0.0103,-0.0076,0.0027
3646,1001.5,3687.3,85.0943,85.0970,85.1044,-0.0101,-0.0074,0.0027
3647,3695.6,500.4,85.0934,85.0962,85.1011,-0.0076,-0.0049,0.0027
3648,505.6,474.9,85.0926,85.0954,85.1011,-0.0084,-0.0057,0.0027
3649,480.0,425.1,85.0918,85.0946,85.1004,-0.0086,-0.0058,0.0027
3650,430.1,314.5,85.0910,85.0938,85.1004,-0.0094,-0.0066,0.0027
3651,319.7,269.8,85.0903,85.0930,85.0998,-0.0095,-0.0067,0.0028
3652,586.7,348.6,85.0895,85.0922,85.0998,-0.0103,-0.0075,0.0028
3653,996.9,296.1,85.0887,85.0915,85.0992,-0.0104,-0.0077,0.0028
3654,1002.5,298.9,85.0880,85.0907,85.0985,-0.0105,-0.0077,0.0028
3655,1005.0,307.3,85.0872,85.0900,85.0977,-0.0105,-0.0077,0.0028
3656,986.7,273.9,85.0865,85.0892,85.0969,-0.0105,-0.0077,0.0028
3657,998.1,283.0,85.0857,85.0885,85.0962,-0.0105,-0.0077,0.0028
3658,994.1,241.0,85.0850,85.0878,85.0955,-0.0105,-0.0077,0.0028
3659,1004.3,270.2,85.0843,85.0871,85.0947,-0.0104,-0.0076,0.0028
3660,996.4,243.9,85.0836,85.0864,85.0940,-0.0104,-0.0076,0.0028
3661,999.6,230.6,85.0829,85.0857,85.0933,-0.0104,-0.0076,0.0028
3662,1000.4,223.4,85.0822,85.0850,85.0926,-0.0105,-0.0077,0.0028
3663,998.1,252.1,85.0815,85.0843,85.0919,-0.0104,-0.0076,0.0028
3664,2171.3,1043.0,85.0808,85.0836,85.0906,-0.0098,-0.0070,0.0028
3665,1051.6,318.2,85.0801,85.0829,85.0898,-0.0097,-0.0069,0.0028
3666,322.4,518.4,85.0795,85.0823,85.0891,-0.0097,-0.0069,0.0028
3667,520.8,237.4,85.0788,85.0816,85.0891,-0.0103,-0.0075,0.0028
3668,933.8,267.7,85.0781,85.0810,85.0885,-0.0103,-0.0075,0.0028
3669,997.8,273.8,85.0775,85.0803,85.0878,-0.0103,-0.0075,0.0028
3670,999.8,282.9,85.0769,85.0797,85.0871,-0.0103,-0.0074,0.0028
3671,1002.1,268.3,85.0762,85.0791,85.0863,-0.0101,-0.0072,0.0028
3672,998.2,275.1,85.0756,85.0785,85.0856,-0.0100,-0.0072,0.0028
3673,1000.0,248.5,85.0750,85.0778,85.0849,-0.0099,-0.0071,0.0028
3674,1000.7,286.3,85.0744,85.0772,85.0842,-0.0098,-0.0069,0.0028
3675,999.2,254.2,85.0738,85.0767,85.0834,-0.0096,-0.0068,0.0028
3676,1000.6,247.8,85.0732,85.0761,85.0827,-0.0095,-0.0066,0.0029
3677,1010.2,249.9,85.0726,85.0755,85.0821,-0.0095,-0.0066,0.0029
3678,996.5,259.3,85.0721,85.0749,85.0821,-0.0100,-0.0072,0.0029
3679,998.8,257.9,85.0715,85.0744,85.0816,-0.0101,-0.0072,0.0029
3680,997.8,240.5,85.0710,85.0738,85.0811,-0.0102,-0.0073,0.0029
3681,1000.6,250.1,85.0704,85.0733,85.0806,-0.0102,-0.0074,0.0029
3682,1002.5,250.2,85.0699,85.0727,85.0802,-0.0103,-0.0075,0.0029
3683,1001.5,241.5,85.0693,85.0722,85.0797,-0.0103,-0.0074,0.0029
3684,996.7,251.6,85.0688,85.0717,85.0792,-0.0104,-0.0075,0.0029
3685,997.5,260.5,85.0683,85.0712,85.0786,-0.0103,-0.0074,0.0029
3686,1001.5,246.9,85.0678,85.0707,85.0781,-0.0103,-0.0075,0.0029
3687,998.7,346.5,85.0673,85.0702,85.0775,-0.0102,-0.0073,0.0029
3688,1008.4,268.6,85.0668,85.0697,85.0769,-0.0101,-0.0072,0.0029
3689,993.8,258.8,85.0663,85.0692,85.0764,-0.0101,-0.0072,0.0029
3690,997.9,252.0,85.0658,85.0687,85.0758,-0.0100,-0.0071,0.0029
3691,998.7,244.2,85.0654,85.0683,85.0754,-0.0100,-0.0071,0.0029
3692,1000.8,237.6,85.0649,85.0678,85.0750,-0.0101,-0.0072,0.0029
3693,999.4,288.9,85.0644,85.0674,85.0746,-0.0101,-0.0072,0.0029
3694,999.5,319.6,85.0640,85.0669,85.0741,-0.0101,-0.0072,0.0029
3695,1000.6,302.9,85.0636,85.0665,85.0737,-0.0101,-0.0072,0.0029
3696,1000.4,287.5,85.0631,85.0661,85.0732,-0.0101,-0.0072,0.0029
3697,1000.1,307.2,85.0627,85.0656,85.0728,-0.0101,-0.0072,0.0029
3698,999.9,277.1,85.0623,85.0652,85.0724,-0.0101,-0.0072,0.0029
3699,1010.1,272.8,85.0619,85.0648,85.0720,-0.0101,-0.0071,0.0029
3700,989.0,288.3,85.0615,85.0644,85.0715,-0.0100,-0.0071,0.0029
3701,999.3,264.1,85.0611,85.0640,85.0712,-0.0101,-0.0071,0.0029
3702,1001.0,245.7,85.0607,85.0637,85.0708,-0.0100,-0.0071,0.0030
3703,999.2,222.6,85.0603,85.0633,85.0703,-0.0100,-0.0070,0.0030
3704,999.8,252.7,85.0600,85.0629,85.0700,-0.0100,-0.0071,0.0030
3705,999.8,261.9,85.0596,85.0626,85.0697,-0.0101,-0.0071,0.0030
3706,1000.1,240.6,85.0593,85.0622,85.0694,-0.0101,-0.0072,0.0030
3707,1000.0,279.6,85.0589,85.0619,85.0691,-0.0102,-0.0072,0.0030
3708,1000.0,278.7,85.0586,85.0616,85.0688,-0.0102,-0.0072,0.0030
3709,999.8,253.1,85.0583,85.0612,85.0685,-0.0102,-0.0072,0.0030
3710,999.6,221.8,85.0579,85.0609,85.0682,-0.0103,-0.0073,0.0030
3711,1000.0,264.8,85.0576,85.0606,85.0678,-0.0102,-0.0072,0.0030
3712,999.9,258.8,85.0573,85.0603,85.0674,-0.0101,-0.0071,0.0030
3713,1000.1,294.3,85.0570,85.0600,85.0671,-0.0101,-0.0071,0.0030
3714,1000.4,233.0,85.0567,85.0597,85.0667,-0.0099,-0.0069,0.0030
3715,999.4,232.6,85.0565,85.0595,85.0662,-0.0098,-0.0068,0.0030
3716,1000.5,240.8,85.0562,85.0592,85.0658,-0.0096,-0.0066,0.0030
3717,999.7,268.1,85.0559,85.0589,85.0654,-0.0095,-0.0065,0.0030
3718,1000.9,273.8,85.0557,85.0587,85.0650,-0.0094,-0.0064,0.0030
3719,999.9,302.1,85.0554,85.0584,85.0647,-0.0092,-0.0062,0.0030
3720,999.5,303.1,85.0552,85.0582,85.0643,-0.0092,-0.0061,0.0030
3721,1001.2,269.2,85.0549,85.0580,85.0639,-0.0090,-0.0060,0.0030
3722,999.9,320.5,85.0547,85.0577,85.0636,-0.0089,-0.0059,0.0030
3723,999.5,270.1,85.0545,85.0575,85.0632,-0.0087,-0.0057,0.0030
3724,999.7,241.8,85.0543,85.0573,85.0629,-0.0086,-0.0055,0.0030
3725,1000.2,273.3,85.0541,85.0571,85.0625,-0.0085,-0.0054,0.0030
3726,1000.0,258.7,85.0539,85.0569,85.0622,-0.0083,-0.0053,0.0030
3727,1000.0,296.5,85.0537,85.0568,85.0618,-0.0081,-0.0051,0.0031
3728,999.8,312.9,85.0535,85.0566,85.0615,-0.0080,-0.0049,0.0031
3729,1000.0,300.3,85.0534,85.0564,85.0612,-0.0078,-0.0048,0.0031
3730,1000.1,315.7,85.0532,85.0563,85.0608,-0.0076,-0.0045,0.0031
3731,1002.9,271.4,85.0530,85.0561,85.0604,-0.0073,-0.0042,0.0031
3732,996.9,294.3,85.0529,85.0560,85.0600,-0.0071,-0.0040,0.0031
3733,999.6,263.0,85.0528,85.0558,85.0596,-0.0068,-0.0038,0.0031
3734,1000.2,253.1,85.0526,85.0557,85.0592,-0.0065,-0.0034,0.0031
3735,999.5,255.2,85.0525,85.0556,85.0587,-0.0062,-0.0031,0.0031
3736,1000.3,253.7,85.0524,85.0555,85.0583,-0.0059,-0.0029,0.0031
3737,999.9,355.2,85.0523,85.0554,85.0580,-0.0057,-0.0026,0.0031
3738,1011.4,341.2,85.0522,85.0553,85.0576,-0.0054,-0.0023,0.0031
3739,998.0,302.2,85.0521,85.0552,85.0573,-0.0052,-0.0021,0.0031
3740,1002.0,270.6,85.0520,85.0551,85.0569,-0.0049,-0.0018,0.0031
3741,998.9,286.2,85.0519,85.0550,85.0566,-0.0047,-0.0016,0.0031
3742,999.3,258.8,85.0519,85.0550,85.0563,-0.0044,-0.0013,0.0031
3743,1001.3,345.4,85.0518,85.0549,85.0561,-0.0042,-0.0011,0.0031
3744,1000.0,323.4,85.0518,85.0549,85.0558,-0.0041,-0.0010,0.0031
3745,999.8,276.0,85.0517,85.0548,85.0557,-0.0040,-0.0008,0.0031
3746,1000.1,267.9,85.0517,85.0548,85.0555,-0.0038,-0.0006,0.0031
3747,1000.0,328.6,85.0517,85.0548,85.0553,-0.0036,-0.0005,0.0031
3748,999.7,319.5,85.0516,85.0548,85.0551,-0.0035,-0.0004,0.0031
3749,1000.0,330.0,85.0516,85.0548,85.0550,-0.0034,-0.0003,0.0031
3750,999.8,315.0,85.0516,85.0548,85.0548,-0.0032,-0.0001,0.0031
3751,1000.2,251.9,85.0516,85.0548,85.0547,-0.0031,0.0001,0.0031
3752,1000.2,273.9,85.0516,85.0548,85.0545,-0.0029,0.0003,0.0032
3753,997.8,313.1,85.0517,85.0548,85.0544,-0.0027,0.0005,0.0032
3754,1004.9,304.2,85.0517,85.0548,85.0543,-0.0026,0.0006,0.0032
3755,996.3,274.0,85.0517,85.0549,85.0540,-0.0023,0.0008,0.0032
3756,998.5,256.0,85.0518,85.0549,85.0539,-0.0022,0.0010,0.0032
3757,1000.2,302.0,85.0518,85.0550,85.0538,-0.0020,0.0012,0.0032
3758,1001.1,340.0,85.0519,85.0550,85.0536,-0.0017,0.0015,0.0032
3759,998.7,296.2,85.0519,85.0551,85.0535,-0.0015,0.0016,0.0032
3760,1000.5,260.9,85.0520,85.0552,85.0534,-0.0014,0.0018,0.0032
3761,1001.7,287.3,85.0521,85.0553,85.0533,-0.0012,0.0020,0.0032
3762,998.6,278.9,85.0522,85.0554,85.0532,-0.0010,0.0022,0.0032
3763,1001.3,323.6,85.0523,85.0555,85.0532,-0.0009,0.0023,0.0032
3764,1000.5,286.5,85.0524,85.0556,85.0531,-0.0007,0.0025,0.0032
3765,999.7,289.9,85.0525,85.0557,85.0531,-0.0005,0.0027,0.0032
3766,1003.3,296.6,85.0526,85.0558,85.0531,-0.0004,0.0028,0.0032
3767,998.6,316.2,85.0528,85.0560,85.0530,-0.0002,0.0030,0.0032
3768,997.9,334.9,85.0529,85.0561,85.0529,-0.0000,0.0032,0.0032
3769,1000.1,360.2,85.0530,85.0563,85.0529,0.0002,0.0034,0.0032
3770,1000.0,308.6,85.0532,85.0564,85.0528,0.0004,0.0036,0.0032
3771,1004.8,307.3,85.0534,85.0566,85.0528,0.0005,0.0038,0.0032
3772,996.7,302.8,85.0535,85.0568,85.0528,0.0008,0.0040,0.0032
3773,998.9,354.6,85.0537,85.0569,85.0528,0.0009,0.0042,0.0032
3774,999.5,272.5,85.0539,85.0571,85.0528,0.0011,0.0044,0.0032
3775,998.3,276.5,85.0541,85.0573,85.0527,0.0014,0.0046,0.0032
3776,1000.4,291.2,85.0543,85.0575,85.0527,0.0016,0.0048,0.0032
3777,1000.0,258.3,85.0545,85.0577,85.0527,0.0018,0.0050,0.0032
3778,999.5,330.2,85.0547,85.0580,85.0527,0.0020,0.0052,0.0033
3779,999.9,338.1,85.0549,85.0582,85.0527,0.0022,0.0055,0.0033
3780,999.7,324.6,85.0552,85.0584,85.0527,0.0024,0.0057,0.0033
3781,1000.6,270.3,85.0554,85.0587,85.0527,0.0027,0.0060,0.0033
3782,1000.4,323.1,85.0557,85.0589,85.0527,0.0029,0.0062,0.0033
3783,1001.5,314.9,85.0559,85.0592,85.0527,0.0032,0.0065,0.0033
3784,999.7,312.8,85.0562,85.0595,85.0527,0.0035,0.0067,0.0033
3785,1000.3,294.3,85.0565,85.0597,85.0527,0.0037,0.0070,0.0033
3786,998.4,309.5,85.0567,85.0600,85.0527,0.0040,0.0073,0.0033
3787,1001.6,338.7,85.0570,85.0603,85.0527,0.0043,0.0076,0.0033
3788,1001.9,345.3,85.0573,85.0606,85.0528,0.0045,0.0078,0.0033
3789,998.8,258.5,85.0576,85.0609,85.0528,0.0048,0.0081,0.0033
3790,999.1,320.9,85.0579,85.0612,85.0528,0.0052,0.0085,0.0033
3791,999.8,334.7,85.0583,85.0616,85.0528,0.0055,0.0088,0.0033
3792,999.9,300.8,85.0586,85.0619,85.0528,0.0057,0.0091,0.0033
3793,1000.1,338.4,85.0589,85.0622,85.0528,0.0061,0.0094,0.0033
3794,1000.0,354.4,85.0593,85.0626,85.0528,0.0064,0.0097,0.0033
3795,1000.8,374.1,85.0596,85.0629,85.0529,0.0067,0.0100,0.0033
3796,999.2,343.8,85.0600,85.0633,85.0529,0.0070,0.0104,0.0033
3797,999.2,297.3,85.0603,85.0637,85.0529,0.0074,0.0107,0.0033
3798,999.6,330.7,85.0607,85.0640,85.0529,0.0078,0.0111,0.0033
3799,999.0,319.0,85.0611,85.0644,85.0530,0.0081,0.0114,0.0033
3800,1000.4,319.7,85.0615,85.0648,85.0531,0.0084,0.0118,0.0033
3801,999.5,271.2,85.0619,85.0652,85.0531,0.0088,0.0122,0.0033
3802,1001.0,322.6,85.0623,85.0656,85.0531,0.0092,0.0125,0.0033
3803,1000.0,261.9,85.0627,85.0661,85.0532,0.0095,0.0129,0.0034
3804,1002.4,286.3,85.0631,85.0665,85.0532,0.0099,0.0133,0.0034
3805,999.8,291.1,85.0636,85.0669,85.0533,0.0103,0.0136,0.0034
3806,1002.9,330.1,85.0640,85.0674,85.0533,0.0107,0.0140,0.0034
3807,996.5,290.3,85.0644,85.0678,85.0534,0.0111,0.0144,0.0034
3808,999.4,287.9,85.0649,85.0683,85.0534,0.0115,0.0148,0.0034
3809,1001.2,293.1,85.0654,85.0687,85.0535,0.0119,0.0152,0.0034
3810,999.2,275.4,85.0658,85.0692,85.0536,0.0122,0.0156,0.0034
3811,999.4,267.0,85.0663,85.0697,85.0537,0.0126,0.0160,0.0034
3812,1001.6,293.9,85.0668,85.0702,85.0538,0.0130,0.0164,0.0034
3813,1005.7,286.4,85.0673,85.0707,85.0539,0.0134,0.0167,0.0034
3814,994.7,288.9,85.0678,85.0712,85.0540,0.0138,0.0171,0.0034
3815,999.5,263.6,85.0683,85.0717,85.0541,0.0141,0.0175,0.0034
3816,999.9,271.9,85.0688,85.0722,85.0543,0.0146,0.0180,0.0034
3817,1000.3,289.6,85.0693,85.0727,85.0544,0.0150,0.0184,0.0034
3818,998.6,359.0,85.0699,85.0733,85.0545,0.0154,0.0188,0.0034
3819,999.9,368.8,85.0704,85.0738,85.0546,0.0158,0.0192,0.0034
3820,1000.0,338.8,85.0710,85.0744,85.0547,0.0163,0.0197,0.0034
3821,1000.8,360.7,85.0715,85.0749,85.0548,0.0167,0.0201,0.0034
3822,999.6,336.1,85.0721,85.0755,85.0549,0.0172,0.0206,0.0034
3823,999.9,326.4,85.0726,85.0761,85.0551,0.0176,0.0210,0.0034
3824,999.3,344.4,85.0732,85.0767,85.0552,0.0180,0.0215,0.0034
3825,1000.3,303.4,85.0738,85.0772,85.0553,0.0185,0.0219,0.0034
3826,1001.2,322.1,85.0744,85.0778,85.0556,0.0188,0.0223,0.0034
3827,1000.5,297.7,85.0750,85.0785,85.0557,0.0193,0.0227,0.0034
3828,998.2,331.8,85.0756,85.0791,85.0559,0.0197,0.0231,0.0034
3829,1000.5,341.1,85.0762,85.0797,85.0561,0.0201,0.0236,0.0035
3830,999.7,318.2,85.0769,85.0803,85.0564,0.0205,0.0239,0.0035
3831,999.8,325.8,85.0775,85.0810,85.0566,0.0209,0.0243,0.0035
3832,999.9,332.1,85.0781,85.0816,85.0570,0.0212,0.0246,0.0035
3833,1001.6,283.6,85.0788,85.0823,85.0574,0.0214,0.0249,0.0035
3834,999.8,324.6,85.0795,85.0829,85.0578,0.0216,0.0251,0.0035
3835,999.9,276.8,85.0801,85.0836,85.0584,0.0217,0.0251,0.0035
3836,999.7,252.9,85.0808,85.0843,85.0592,0.0216,0.0251,0.0035
3837,999.4,283.2,85.0815,85.0850,85.0600,0.0214,0.0249,0.0035
3838,1003.9,345.7,85.0822,85.0857,85.0609,0.0213,0.0248,0.0035
3839,996.9,304.9,85.0829,85.0864,85.0618,0.0211,0.0246,0.0035
3840,997.7,337.9,85.0836,85.0871,85.0626,0.0209,0.0244,0.0035
3841,999.6,318.7,85.0843,85.0878,85.0633,0.0210,0.0245,0.0035
3842,1001.0,265.9,85.0850,85.0885,85.0638,0.0212,0.0247,0.0035
3843,998.8,364.8,85.0857,85.0892,85.0638,0.0219,0.0254,0.0035
3844,1000.6,371.0,85.0865,85.0900,85.0643,0.0222,0.0257,0.0035
3845,1000.1,279.7,85.0872,85.0907,85.0647,0.0225,0.0260,0.0035
3846,999.4,310.5,85.0880,85.0915,85.0652,0.0228,0.0263,0.0035
3847,1002.5,292.5,85.0887,85.0922,85.0657,0.0230,0.0265,0.0035
3848,997.8,334.0,85.0895,85.0930,85.0664,0.0231,0.0267,0.0035
3849,999.8,352.0,85.0903,85.0938,85.0671,0.0232,0.0267,0.0035
3850,1002.5,363.8,85.0910,85.0946,85.0678,0.0233,0.0268,0.0035
3851,999.7,286.2,85.0918,85.0954,85.0685,0.0233,0.0268,0.0035
3852,998.8,329.9,85.0926,85.0962,85.0692,0.0234,0.0269,0.0035
3853,1001.1,285.3,85.0934,85.0970,85.0699,0.0235,0.0270,0.0035
3854,1001.3,330.9,85.0943,85.0978,85.0705,0.0237,0.0273,0.0036
3855,1000.2,293.2,85.0951,85.0986,85.0712,0.0239,0.0275,0.0036
3856,999.3,304.1,85.0959,85.0995,85.0717,0.0242,0.0278,0.0036
3857,999.2,252.8,85.0968,85.1003,85.0722,0.0245,0.0281,0.0036
3858,999.3,334.9,85.0976,85.1012,85.0727,0.0249,0.0284,0.0036
3859,1000.0,312.1,85.0985,85.1020,85.0733,0.0251,0.0287,0.0036
3860,1000.0,321.0,85.0993,85.1029,85.0740,0.0253,0.0289,0.0036
3861,998.1,338.1,85.1002,85.1038,85.0746,0.0255,0.0291,0.0036
3862,1000.6,296.1,85.1011,85.1046,85.0753,0.0258,0.0294,0.0036
3863,999.3,319.2,85.1019,85.1055,85.0759,0.0261,0.0296,0.0036
3864,1000.1,321.0,85.1028,85.1064,85.0767,0.0262,0.0298,0.0036
3865,1000.8,303.1,85.1037,85.1073,85.0773,0.0264,0.0300,0.0036
3866,1000.0,263.6,85.1046,85.1082,85.0780,0.0266,0.0302,0.0036
3867,999.7,296.0,85.1056,85.1092,85.0787,0.0269,0.0305,0.0036
3868,1001.9,374.7,85.1065,85.1101,85.0794,0.0271,0.0307,0.0036
3869,998.7,331.6,85.1074,85.1110,85.0802,0.0272,0.0308,0.0036
3870,1000.2,365.5,85.1084,85.1120,85.0810,0.0274,0.0310,0.0036
3871,1001.2,312.2,85.1093,85.1129,85.0818,0.0275,0.0311,0.0036
3872,1000.3,315.4,85.1103,85.1139,85.0826,0.0277,0.0313,0.0036
3873,999.6,289.6,85.1112,85.1149,85.0834,0.0279,0.0315,0.0036
3874,998.6,309.6,85.1122,85.1158,85.0840,0.0282,0.0318,0.0036
3875,1001.6,272.7,85.1132,85.1168,85.0846,0.0286,0.0322,0.0036
3876,999.3,273.1,85.1142,85.1178,85.0853,0.0288,0.0325,0.0036
3877,999.7,280.4,85.1152,85.1188,85.0860,0.0291,0.0328,0.0036
3878,1000.7,316.5,85.1162,85.1198,85.0869,0.0293,0.0329,0.0036
3879,1000.1,327.6,85.1172,85.1208,85.0878,0.0293,0.0330,0.0036
3880,999.2,318.6,85.1182,85.1218,85.0889,0.0293,0.0329,0.0037
3881,1000.1,265.5,85.1192,85.1229,85.0900,0.0293,0.0329,0.0037
3882,1000.7,261.3,85.1203,85.1239,85.0911,0.0292,0.0328,0.0037
3883,998.1,328.6,85.1213,85.1250,85.0922,0.0291,0.0327,0.0037
3884,999.6,315.5,85.1223,85.1260,85.0933,0.0291,0.0327,0.0037
3885,1000.1,296.5,85.1234,85.1271,85.0943,0.0291,0.0328,0.0037
3886,1001.0,261.8,85.1245,85.1281,85.0954,0.0291,0.0327,0.0037
3887,998.7,305.2,85.1255,85.1292,85.0965,0.0290,0.0327,0.0037
3888,1004.4,299.7,85.1266,85.1303,85.0976,0.0290,0.0327,0.0037
3889,999.4,289.8,85.1277,85.1314,85.0987,0.0290,0.0327,0.0037
3890,999.9,322.9,85.1288,85.1325,85.0997,0.0291,0.0328,0.0037
3891,997.3,346.2,85.1299,85.1336,85.1007,0.0292,0.0329,0.0037
3892,998.5,331.9,85.1310,85.1347,85.1019,0.0291,0.0328,0.0037
3893,1002.3,377.1,85.1321,85.1358,85.1031,0.0290,0.0327,0.0037
3894,1000.3,357.5,85.1333,85.1370,85.1042,0.0291,0.0328,0.0037
3895,1000.0,314.1,85.1344,85.1381,85.1053,0.0291,0.0328,0.0037
3896,1000.2,349.9,85.1355,85.1393,85.1064,0.0292,0.0329,0.0037
3897,1000.9,350.1,85.1367,85.1404,85.1073,0.0293,0.0331,0.0037
3898,998.8,307.5,85.1378,85.1416,85.1085,0.0294,0.0331,0.0037
3899,999.2,309.9,85.1390,85.1427,85.1097,0.0293,0.0330,0.0037
3900,1000.4,308.8,85.1402,85.1439,85.1109,0.0292,0.0330,0.0037
3901,1000.5,291.8,85.1414,85.1451,85.1123,0.0291,0.0328,0.0037
3902,999.0,339.8,85.1426,85.1463,85.1134,0.0291,0.0329,0.0037
3903,1002.0,302.0,85.1438,85.1475,85.1146,0.0291,0.0328,0.0037
3904,997.6,289.9,85.1450,85.1487,85.1158,0.0292,0.0329,0.0037
3905,999.4,319.4,85.1462,85.1499,85.1170,0.0292,0.0329,0.0038
3906,1000.1,343.4,85.1474,85.1511,85.1181,0.0293,0.0331,0.0038
3907,998.9,328.8,85.1486,85.1524,85.1192,0.0294,0.0331,0.0038
3908,1001.9,337.2,85.1499,85.1536,85.1203,0.0295,0.0333,0.0038
3909,998.4,268.2,85.1511,85.1549,85.1213,0.0297,0.0335,0.0038
3910,1000.5,340.4,85.1523,85.1561,85.1224,0.0300,0.0337,0.0038
3911,1000.1,306.2,85.1536,85.1574,85.1235,0.0301,0.0338,0.0038
3912,1000.5,321.4,85.1549,85.1586,85.1247,0.0301,0.0339,0.0038
3913,1005.0,341.2,85.1561,85.1599,85.1261,0.0300,0.0338,0.0038
3914,995.6,338.2,85.1574,85.1612,85.1275,0.0299,0.0337,0.0038
3915,999.4,314.3,85.1587,85.1625,85.1289,0.0298,0.0336,0.0038
3916,1000.1,339.8,85.1600,85.1638,85.1302,0.0298,0.0336,0.0038
3917,1002.5,351.9,85.1613,85.1651,85.1317,0.0297,0.0335,0.0038
3918,998.8,329.8,85.1626,85.1664,85.1330,0.0297,0.0335,0.0038
3919,1000.5,300.9,85.1640,85.1678,85.1343,0.0296,0.0334,0.0038
3920,998.3,367.7,85.1653,85.1691,85.1356,0.0297,0.0335,0.0038
3921,1001.6,299.1,85.1666,85.1704,85.1370,0.0296,0.0334,0.0038
3922,1009.0,342.4,85.1680,85.1718,85.1383,0.0297,0.0335,0.0038
3923,995.5,319.6,85.1693,85.1731,85.1397,0.0296,0.0335,0.0038
3924,1000.2,2456.6,85.1707,85.1745,85.1411,0.0296,0.0334,0.0038
3925,2463.9,651.6,85.1720,85.1759,85.1456,0.0264,0.0303,0.0038
3926,656.4,295.1,85.1734,85.1772,85.1456,0.0278,0.0316,0.0038
3927,299.5,303.5,85.1748,85.1786,85.1472,0.0276,0.0314,0.0038
3928,584.2,288.1,85.1762,85.1800,85.1472,0.0289,0.0328,0.0038
3929,999.5,313.6,85.1776,85.1814,85.1489,0.0287,0.0325,0.0038
3930,999.2,309.5,85.1790,85.1828,85.1506,0.0284,0.0322,0.0038
3931,998.0,293.7,85.1804,85.1842,85.1523,0.0281,0.0319,0.0039
3932,1007.5,321.9,85.1818,85.1857,85.1541,0.0278,0.0316,0.0039
3933,991.1,305.3,85.1832,85.1871,85.1559,0.0274,0.0313,0.0039
3934,1001.4,266.1,85.1847,85.1885,85.1574,0.0273,0.0312,0.0039
3935,997.5,292.5,85.1861,85.1900,85.1588,0.0273,0.0311,0.0039
3936,1003.0,293.8,85.1876,85.1914,85.1602,0.0274,0.0312,0.0039
3937,1130.5,327.0,85.1890,85.1929,85.1616,0.0275,0.0313,0.0039
3938,891.8,321.3,85.1905,85.1944,85.1631,0.0274,0.0313,0.0039
3939,978.5,254.1,85.1920,85.1959,85.1647,0.0273,0.0312,0.0039
3940,993.8,311.2,85.1935,85.1973,85.1663,0.0272,0.0311,0.0039
3941,999.5,302.8,85.1950,85.1988,85.1678,0.0271,0.0310,0.0039
3942,1006.1,3714.2,85.1964,85.2003,85.1695,0.0269,0.0308,0.0039
3943,3723.9,464.6,85.1980,85.2019,85.1756,0.0224,0.0263,0.0039
3944,469.9,293.7,85.1995,85.2034,85.1756,0.0239,0.0278,0.0039
3945,297.6,548.1,85.2010,85.2049,85.1770,0.0240,0.0279,0.0039
3946,554.2,247.9,85.2025,85.2064,85.1770,0.0255,0.0294,0.0039
3947,251.4,308.3,85.2041,85.2080,85.1770,0.0270,0.0310,0.0039
3948,695.8,272.7,85.2056,85.2095,85.1786,0.0270,0.0309,0.0039
3949,1003.8,247.4,85.2071,85.2111,85.1802,0.0269,0.0309,0.0039
3950,998.7,3678.9,85.2087,85.2126,85.1820,0.0267,0.0307,0.0039
3951,3686.9,505.7,85.2103,85.2142,85.1893,0.0210,0.0249,0.0039
3952,510.8,293.0,85.2118,85.2158,85.1893,0.0226,0.0265,0.0039
3953,297.3,284.3,85.2134,85.2174,85.1911,0.0224,0.0263,0.0039
3954,288.8,290.5,85.2150,85.2190,85.1911,0.0240,0.0279,0.0039
3955,295.0,243.0,85.2166,85.2206,85.1911,0.0256,0.0295,0.0039
3956,924.1,260.0,85.2182,85.2222,85.1929,0.0254,0.0293,0.0039
3957,1011.0,277.3,85.2198,85.2238,85.1945,0.0253,0.0293,0.0040
3958,983.5,277.6,85.2214,85.2254,85.1962,0.0253,0.0292,0.0040
3959,1001.0,253.3,85.2231,85.2270,85.1977,0.0254,0.0294,0.0040
3960,1005.3,266.7,85.2247,85.2287,85.1991,0.0256,0.0295,0.0040
3961,991.3,266.0,85.2264,85.2303,85.2007,0.0256,0.0296,0.0040
3962,1002.8,243.6,85.2280,85.2320,85.2025,0.0256,0.0295,0.0040
3963,996.2,255.1,85.2297,85.2336,85.2041,0.0256,0.0296,0.0040
3964,1005.7,300.0,85.2313,85.2353,85.2056,0.0258,0.0297,0.0040
3965,995.5,280.3,85.2330,85.2370,85.2070,0.0260,0.0300,0.0040
3966,1001.2,251.1,85.2347,85.2387,85.2086,0.0261,0.0301,0.0040
3967,999.0,258.8,85.2364,85.2404,85.2101,0.0263,0.0303,0.0040
3968,1002.0,280.7,85.2381,85.2421,85.2115,0.0266,0.0306,0.0040
3969,991.7,275.2,85.2398,85.2438,85.2129,0.0268,0.0308,0.0040
3970,999.2,287.1,85.2415,85.2455,85.2143,0.0272,0.0312,0.0040
3971,1000.2,245.5,85.2432,85.2472,85.2157,0.0275,0.0315,0.0040
3972,999.3,247.3,85.2449,85.2489,85.2171,0.0279,0.0319,0.0040
3973,1000.5,263.6,85.2467,85.2507,85.2184,0.0283,0.0323,0.0040
3974,999.3,257.9,85.2484,85.2524,85.2197,0.0287,0.0327,0.0040
3975,2358.9,699.5,85.2502,85.2542,85.2248,0.0254,0.0294,0.0040
3976,704.2,242.7,85.2519,85.2559,85.2248,0.0271,0.0311,0.0040
3977,244.5,289.3,85.2537,85.2577,85.2248,0.0289,0.0329,0.0040
3978,694.9,221.9,85.2554,85.2595,85.2266,0.0288,0.0329,0.0040
3979,999.9,252.4,85.2572,85.2613,85.2285,0.0287,0.0328,0.0040
3980,3670.1,519.8,85.2590,85.2630,85.2356,0.0234,0.0274,0.0040
3981,527.2,292.0,85.2608,85.2648,85.2356,0.0252,0.0292,0.0040
3982,294.7,272.3,85.2626,85.2667,85.2376,0.0251,0.0291,0.0040
3983,275.6,311.9,85.2644,85.2685,85.2376,0.0269,0.0309,0.0040
3984,314.2,870.7,85.2662,85.2703,85.2376,0.0287,0.0327,0.0041
3985,873.4,243.9,85.2681,85.2721,85.2395,0.0286,0.0327,0.0041
3986,1047.5,259.7,85.2699,85.2740,85.2414,0.0285,0.0326,0.0041
3987,997.0,247.6,85.2717,85.2758,85.2432,0.0285,0.0326,0.0041
3988,3665.2,478.3,85.2736,85.2776,85.2505,0.0231,0.0271,0.0041
3989,481.9,218.5,85.2754,85.2795,85.2505,0.0249,0.0290,0.0041
3990,220.3,236.9,85.2773,85.2814,85.2525,0.0248,0.0289,0.0041
3991,239.2,849.1,85.2792,85.2832,85.2525,0.0267,0.0308,0.0041
3992,851.7,239.3,85.2810,85.2851,85.2544,0.0266,0.0307,0.0041
3993,542.3,258.8,85.2829,85.2870,85.2544,0.0285,0.0326,0.0041
3994,1000.1,288.9,85.2848,85.2889,85.2564,0.0284,0.0325,0.0041
3995,998.3,273.8,85.2867,85.2908,85.2584,0.0283,0.0324,0.0041
3996,1003.4,236.8,85.2886,85.2927,85.2601,0.0286,0.0327,0.0041
3997,997.4,236.2,85.2905,85.2946,85.2618,0.0288,0.0329,0.0041
3998,999.4,297.0,85.2925,85.2966,85.2635,0.0289,0.0330,0.0041
3999,999.8,273.1,85.2944,85.2985,85.2658,0.0286,0.0327,0.0041
4000,999.6,274.8,85.2963,85.3005,85.2679,0.0284,0.0325,0.0041
4001,1005.9,1900.2,85.2983,85.3024,85.2701,0.0281,0.0323,0.0041
4002,1908.8,272.6,85.3002,85.3044,85.2748,0.0255,0.0296,0.0041
4003,277.3,494.0,85.3022,85.3063,85.2748,0.0274,0.0315,0.0041
4004,814.0,247.5,85.3042,85.3083,85.2769,0.0273,0.0314,0.0041
4005,1000.9,269.2,85.3061,85.3103,85.2789,0.0273,0.0314,0.0041
4006,994.6,270.8,85.3081,85.3123,85.2809,0.0272,0.0313,0.0041
4007,1007.1,2690.3,85.3101,85.3143,85.2832,0.0269,0.0311,0.0041
4008,2695.4,440.3,85.3121,85.3163,85.2886,0.0235,0.0277,0.0041
4009,442.7,240.6,85.3141,85.3183,85.2886,0.0255,0.0297,0.0041
4010,242.3,283.8,85.3161,85.3203,85.2905,0.0256,0.0297,0.0042
4011,618.0,229.1,85.3181,85.3223,85.2905,0.0276,0.0318,0.0042
4012,997.3,250.4,85.3202,85.3243,85.2922,0.0280,0.0321,0.0042
4013,999.7,257.3,85.3222,85.3264,85.2940,0.0282,0.0324,0.0042
4014,996.3,228.0,85.3243,85.3284,85.2957,0.0285,0.0327,0.0042
4015,1001.1,3449.4,85.3263,85.3305,85.2973,0.0290,0.0331,0.0042
4016,3454.9,394.5,85.3284,85.3325,85.3041,0.0243,0.0285,0.0042
4017,396.9,274.3,85.3304,85.3346,85.3041,0.0264,0.0306,0.0042
4018,276.0,820.1,85.3325,85.3367,85.3041,0.0284,0.0326,0.0042
4019,824.2,286.4,85.3346,85.3388,85.3041,0.0305,0.0347,0.0042
4020,288.5,269.9,85.3367,85.3409,85.3041,0.0326,0.0368,0.0042
4021,766.8,269.4,85.3388,85.3430,85.3060,0.0328,0.0370,0.0042
4022,993.1,243.2,85.3409,85.3451,85.3079,0.0329,0.0371,0.0042
4023,1003.9,778.2,85.3430,85.3472,85.3099,0.0331,0.0373,0.0042
4024,994.8,252.9,85.3451,85.3493,85.3117,0.0334,0.0376,0.0042
4025,1001.2,239.1,85.3472,85.3514,85.3135,0.0337,0.0379,0.0042
4026,999.2,220.9,85.3493,85.3536,85.3154,0.0339,0.0381,0.0042
4027,999.9,237.9,85.3515,85.3557,85.3174,0.0341,0.0383,0.0042
4028,2799.8,344.0,85.3536,85.3579,85.3227,0.0309,0.0351,0.0042
4029,350.5,215.5,85.3558,85.3600,85.3227,0.0330,0.0373,0.0042
4030,217.9,290.6,85.3580,85.3622,85.3243,0.0337,0.0379,0.0042
4031,637.4,224.9,85.3601,85.3643,85.3243,0.0358,0.0401,0.0042
4032,994.7,222.6,85.3623,85.3665,85.3259,0.0364,0.0406,0.0042
4033,999.5,241.5,85.3645,85.3687,85.3274,0.0371,0.0413,0.0042
4034,999.3,225.6,85.3667,85.3709,85.3290,0.0377,0.0419,0.0042
4035,999.6,224.0,85.3689,85.3731,85.3304,0.0384,0.0427,0.0042
4036,999.9,228.1,85.3711,85.3753,85.3321,0.0390,0.0432,0.0042
4037,1001.9,221.3,85.3733,85.3775,85.3336,0.0396,0.0439,0.0043
4038,1006.5,246.0,85.3755,85.3798,85.3353,0.0402,0.0445,0.0043
4039,980.6,245.0,85.3777,85.3820,85.3369,0.0409,0.0451,0.0043
4040,1018.4,277.0,85.3800,85.3842,85.3387,0.0413,0.0456,0.0043
4041,987.1,248.8,85.3822,85.3865,85.3404,0.0419,0.0461,0.0043
4042,1012.0,240.1,85.3845,85.3887,85.3420,0.0424,0.0467,0.0043
4043,995.2,259.0,85.3867,85.3910,85.3438,0.0429,0.0472,0.0043
4044,1000.1,267.0,85.3890,85.3933,85.3457,0.0433,0.0476,0.0043
4045,1003.9,354.9,85.3913,85.3955,85.3475,0.0438,0.0480,0.0043
4046,995.1,262.8,85.3935,85.3978,85.3494,0.0441,0.0484,0.0043
4047,1004.2,258.8,85.3958,85.4001,85.3513,0.0445,0.0488,0.0043
4048,1001.2,260.9,85.3981,85.4024,85.3535,0.0446,0.0489,0.0043
4049,1000.5,227.8,85.4004,85.4047,85.3557,0.0448,0.0491,0.0043
4050,994.2,248.3,85.4027,85.4070,85.3578,0.0449,0.0492,0.0043
4051,1001.5,253.3,85.4051,85.4094,85.3600,0.0451,0.0494,0.0043
4052,1002.4,223.5,85.4074,85.4117,85.3623,0.0451,0.0494,0.0043
4053,997.9,264.4,85.4097,85.4140,85.3644,0.0453,0.0496,0.0043
4054,999.8,263.2,85.4120,85.4164,85.3665,0.0456,0.0499,0.0043
4055,999.9,249.0,85.4144,85.4187,85.3685,0.0459,0.0502,0.0043
4056,999.2,232.4,85.4167,85.4211,85.3708,0.0459,0.0502,0.0043
4057,1000.0,261.7,85.4191,85.4234,85.3730,0.0461,0.0504,0.0043
4058,1005.7,240.0,85.4215,85.4258,85.3752,0.0463,0.0506,0.0043
4059,994.7,233.4,85.4239,85.4282,85.3774,0.0464,0.0508,0.0043
4060,1000.4,233.5,85.4262,85.4306,85.3798,0.0464,0.0508,0.0043
4061,999.5,232.1,85.4286,85.4330,85.3821,0.0465,0.0509,0.0043
4062,1002.2,243.5,85.4310,85.4354,85.3845,0.0465,0.0509,0.0043
4063,997.9,225.9,85.4334,85.4378,85.3869,0.0465,0.0509,0.0043
4064,1001.0,212.9,85.4358,85.4402,85.3896,0.0462,0.0506,0.0043
4065,998.9,245.7,85.4383,85.4426,85.3922,0.0460,0.0504,0.0044
4066,1000.5,227.1,85.4407,85.4450,85.3949,0.0458,0.0501,0.0044
4067,1001.3,220.4,85.4431,85.4475,85.3976,0.0455,0.0499,0.0044
4068,999.5,297.3,85.4456,85.4499,85.4005,0.0450,0.0494,0.0044
4069,998.4,297.8,85.4480,85.4524,85.4033,0.0448,0.0491,0.0044
4070,999.8,282.2,85.4505,85.4548,85.4059,0.0445,0.0489,0.0044
4071,1000.9,233.0,85.4529,85.4573,85.4085,0.0444,0.0488,0.0044
4072,998.4,238.9,85.4554,85.4598,85.4113,0.0441,0.0485,0.0044
4073,1002.2,241.1,85.4579,85.4623,85.4138,0.0440,0.0484,0.0044
4074,1054.1,257.1,85.4604,85.4647,85.4163,0.0440,0.0484,0.0044
4075,943.3,289.4,85.4628,85.4672,85.4188,0.0440,0.0484,0.0044
4076,1001.0,247.3,85.4653,85.4697,85.4216,0.0437,0.0481,0.0044
4077,1019.9,256.2,85.4679,85.4722,85.4242,0.0437,0.0481,0.0044
4078,984.4,282.1,85.4704,85.4748,85.4267,0.0436,0.0480,0.0044
4079,996.9,244.9,85.4729,85.4773,85.4293,0.0436,0.0480,0.0044
4080,1001.6,237.7,85.4754,85.4798,85.4322,0.0432,0.0476,0.0044
4081,2146.5,2437.9,85.4779,85.4824,85.4378,0.0401,0.0446,0.0044
4082,2443.4,548.6,85.4805,85.4849,85.4463,0.0342,0.0386,0.0044
4083,551.3,247.6,85.4830,85.4875,85.4463,0.0368,0.0412,0.0044
4084,249.6,906.5,85.4856,85.4900,85.4489,0.0367,0.0411,0.0044
4085,909.0,293.3,85.4882,85.4926,85.4489,0.0392,0.0437,0.0044
4086,296.1,266.8,85.4907,85.4952,85.4516,0.0391,0.0436,0.0044
4087,400.4,221.1,85.4933,85.4977,85.4516,0.0417,0.0461,0.0044
4088,1001.6,226.6,85.4959,85.5003,85.4544,0.0415,0.0459,0.0044
4089,1000.4,217.2,85.4985,85.5029,85.4568,0.0417,0.0461,0.0044
4090,1000.3,226.4,85.5011,85.5055,85.4591,0.0420,0.0465,0.0044
4091,999.4,251.6,85.5037,85.5081,85.4612,0.0425,0.0470,0.0044
4092,1000.8,280.2,85.5063,85.5108,85.4636,0.0427,0.0472,0.0045
4093,999.9,275.1,85.5089,85.5134,85.4660,0.0429,0.0473,0.0045
4094,3821.3,336.5,85.5116,85.5160,85.4768,0.0348,0.0392,0.0045
4095,340.1,250.2,85.5142,85.5187,85.4768,0.0374,0.0419,0.0045
4096,251.8,274.8,85.5168,85.5213,85.4795,0.0374,0.0419,0.0045
4097,276.6,381.7,85.5195,85.5240,85.4795,0.0400,0.0445,0.0045
4098,383.2,216.8,85.5221,85.5266,85.4795,0.0427,0.0472,0.0045
4099,996.1,278.4,85.5248,85.5293,85.4821,0.0427,0.0472,0.0045
4100,940.3,322.1,85.5275,85.5320,85.4848,0.0427,0.0472,0.0045
4101,992.7,259.9,85.5302,85.5346,85.4872,0.0429,0.0474,0.0045
4102,998.4,279.6,85.5329,85.5373,85.4897,0.0431,0.0476,0.0045
4103,1008.7,2961.6,85.5355,85.5400,85.4923,0.0433,0.0478,0.0045
4104,2972.0,329.8,85.5382,85.5427,85.5010,0.0373,0.0418,0.0045
4105,332.8,730.1,85.5410,85.5454,85.5010,0.0400,0.0445,0.0045
4106,732.5,221.9,85.5437,85.5482,85.5038,0.0399,0.0444,0.0045
4107,224.6,258.0,85.5464,85.5509,85.5038,0.0426,0.0471,0.0045
4108,728.3,236.0,85.5491,85.5536,85.5068,0.0424,0.0469,0.0045
4109,999.2,225.2,85.5519,85.5564,85.5095,0.0424,0.0469,0.0045
4110,999.5,234.8,85.5546,85.5591,85.5122,0.0424,0.0470,0.0045
4111,1000.8,265.0,85.5573,85.5619,85.5149,0.0425,0.0470,0.0045
4112,998.9,285.7,85.5601,85.5646,85.5178,0.0423,0.0468,0.0045
4113,1000.6,274.4,85.5629,85.5674,85.5205,0.0423,0.0468,0.0045
4114,1000.0,263.8,85.5656,85.5702,85.5233,0.0424,0.0469,0.0045
4115,1005.5,252.6,85.5684,85.5729,85.5262,0.0423,0.0468,0.0045
4116,3656.4,457.7,85.5712,85.5757,85.5382,0.0330,0.0375,0.0045
4117,461.7,247.2,85.5740,85.5785,85.5382,0.0358,0.0403,0.0045
4118,249.0,272.1,85.5768,85.5813,85.5382,0.0386,0.0431,0.0045
4119,273.6,918.3,85.5796,85.5841,85.5413,0.0383,0.0429,0.0045
4120,920.6,521.5,85.5824,85.5870,85.5441,0.0383,0.0429,0.0046
4121,524.0,225.3,85.5852,85.5898,85.5441,0.0411,0.0457,0.0046
4122,908.7,236.6,85.5881,85.5926,85.5468,0.0413,0.0459,0.0046
4123,1000.3,388.5,85.5909,85.5955,85.5494,0.0415,0.0461,0.0046
4124,1002.7,267.1,85.5937,85.5983,85.5518,0.0419,0.0465,0.0046
4125,998.3,234.3,85.5966,85.6012,85.5545,0.0421,0.0467,0.0046
4126,1002.0,222.0,85.5994,85.6040,85.5571,0.0423,0.0469,0.0046
4127,997.6,241.0,85.6023,85.6069,85.5600,0.0423,0.0469,0.0046
4128,1001.1,262.7,85.6052,85.6098,85.5631,0.0421,0.0466,0.0046
4129,999.1,243.5,85.6081,85.6126,85.5661,0.0419,0.0465,0.0046
4130,1001.3,266.6,85.6109,85.6155,85.5692,0.0418,0.0464,0.0046
4131,999.7,257.6,85.6138,85.6184,85.5721,0.0418,0.0464,0.0046
4132,999.5,217.2,85.6167,85.6213,85.5751,0.0416,0.0462,0.0046
4133,1000.1,267.3,85.6196,85.6242,85.5778,0.0418,0.0464,0.0046
4134,1000.6,223.4,85.6225,85.6271,85.5804,0.0421,0.0467,0.0046
4135,999.6,262.0,85.6255,85.6301,85.5829,0.0426,0.0472,0.0046
4136,999.8,300.1,85.6284,85.6330,85.5855,0.0429,0.0475,0.0046
4137,1002.3,237.2,85.6313,85.6359,85.5878,0.0435,0.0481,0.0046
4138,998.4,254.1,85.6343,85.6389,85.5901,0.0442,0.0488,0.0046
4139,1000.1,236.2,85.6372,85.6418,85.5924,0.0448,0.0494,0.0046
4140,1002.8,272.6,85.6402,85.6448,85.5950,0.0452,0.0498,0.0046
4141,997.9,240.7,85.6431,85.6477,85.5975,0.0457,0.0503,0.0046
4142,999.4,270.8,85.6461,85.6507,85.6000,0.0461,0.0507,0.0046
4143,1125.5,339.2,85.6491,85.6537,85.6026,0.0464,0.0511,0.0046
4144,875.5,310.3,85.6521,85.6567,85.6054,0.0466,0.0513,0.0046
4145,997.8,345.6,85.6550,85.6597,85.6079,0.0471,0.0518,0.0046
4146,998.1,263.6,85.6580,85.6627,85.6104,0.0476,0.0522,0.0046
4147,999.8,245.3,85.6610,85.6657,85.6129,0.0481,0.0527,0.0046
4148,1000.6,270.3,85.6640,85.6687,85.6158,0.0483,0.0529,0.0046
4149,1000.0,247.9,85.6671,85.6717,85.6184,0.0487,0.0533,0.0047
4150,999.9,369.7,85.6701,85.6747,85.6208,0.0492,0.0539,0.0047
4151,1000.5,342.3,85.6731,85.6778,85.6234,0.0497,0.0544,0.0047
4152,999.7,301.6,85.6762,85.6808,85.6261,0.0500,0.0547,0.0047
4153,1013.1,290.2,85.6792,85.6839,85.6285,0.0507,0.0553,0.0047
4154,989.5,255.9,85.6823,85.6869,85.6309,0.0514,0.0561,0.0047
4155,1001.6,272.2,85.6853,85.6900,85.6333,0.0520,0.0567,0.0047
4156,1006.1,288.7,85.6884,85.6930,85.6360,0.0523,0.0570,0.0047
4157,968.6,282.5,85.6914,85.6961,85.6388,0.0527,0.0574,0.0047
4158,1035.8,275.3,85.6945,85.6992,85.6417,0.0529,0.0575,0.0047
4159,982.2,280.5,85.6976,85.7023,85.6445,0.0531,0.0578,0.0047
4160,1002.1,290.7,85.7007,85.7054,85.6475,0.0532,0.0578,0.0047
4161,1004.4,262.2,85.7038,85.7085,85.6505,0.0533,0.0580,0.0047
4162,1010.1,274.0,85.7069,85.7116,85.6536,0.0533,0.0580,0.0047
4163,991.1,245.9,85.7100,85.7147,85.6569,0.0532,0.0579,0.0047
4164,996.9,244.5,85.7131,85.7178,85.6604,0.0528,0.0575,0.0047
4165,1013.3,281.7,85.7163,85.7210,85.6635,0.0527,0.0575,0.0047
4166,996.1,282.0,85.7194,85.7241,85.6665,0.0529,0.0577,0.0047
4167,1000.5,290.4,85.7225,85.7273,85.6692,0.0533,0.0580,0.0047
4168,1002.5,337.0,85.7257,85.7304,85.6727,0.0530,0.0577,0.0047
4169,995.0,295.6,85.7288,85.7336,85.6756,0.0532,0.0579,0.0047
4170,999.9,293.6,85.7320,85.7367,85.6782,0.0538,0.0586,0.0047
4171,1000.6,274.8,85.7352,85.7399,85.6819,0.0532,0.0580,0.0047
4172,999.4,282.5,85.7383,85.7431,85.6850,0.0533,0.0580,0.0047
4173,1001.8,268.5,85.7415,85.7463,85.6883,0.0533,0.0580,0.0047
4174,1000.3,285.3,85.7447,85.7495,85.6916,0.0531,0.0579,0.0047
4175,1000.2,283.9,85.7479,85.7527,85.6949,0.0531,0.0578,0.0047
4176,1000.3,301.1,85.7511,85.7559,85.6981,0.0530,0.0578,0.0047
4177,990.6,253.9,85.7543,85.7591,85.7014,0.0529,0.0577,0.0047
4178,1000.8,246.6,85.7575,85.7623,85.7043,0.0532,0.0579,0.0048
4179,1000.7,237.2,85.7608,85.7655,85.7072,0.0536,0.0583,0.0048
4180,998.1,248.3,85.7640,85.7687,85.7100,0.0540,0.0587,0.0048
4181,1004.5,271.4,85.7672,85.7720,85.7131,0.0542,0.0589,0.0048
4182,1208.1,312.9,85.7705,85.7752,85.7158,0.0546,0.0594,0.0048
4183,801.7,286.3,85.7737,85.7785,85.7186,0.0551,0.0599,0.0048
4184,993.9,290.9,85.7770,85.7817,85.7214,0.0556,0.0603,0.0048
4185,987.9,297.0,85.7802,85.7850,85.7245,0.0557,0.0605,0.0048
4186,1003.6,269.5,85.7835,85.7883,85.7276,0.0559,0.0607,0.0048
4187,1006.0,356.9,85.7868,85.7916,85.7307,0.0561,0.0609,0.0048
4188,1000.5,299.2,85.7901,85.7948,85.7338,0.0563,0.0611,0.0048
4189,995.0,269.7,85.7934,85.7981,85.7368,0.0565,0.0613,0.0048
4190,998.9,278.4,85.7966,85.8014,85.7402,0.0564,0.0612,0.0048
4191,1000.7,274.3,85.8000,85.8047,85.7434,0.0565,0.0613,0.0048
4192,999.3,294.3,85.8033,85.8081,85.7467,0.0566,0.0614,0.0048
4193,999.1,283.5,85.8066,85.8114,85.7500,0.0566,0.0614,0.0048
4194,1000.4,329.9,85.8099,85.8147,85.7536,0.0563,0.0611,0.0048
4195,998.8,331.7,85.8132,85.8180,85.7569,0.0563,0.0612,0.0048
4196,1001.7,315.8,85.8166,85.8214,85.7569,0.0597,0.0645,0.0048
4197,999.5,284.5,85.8199,85.8247,85.7603,0.0596,0.0645,0.0048
4198,1000.3,262.8,85.8233,85.8281,85.7640,0.0592,0.0641,0.0048
4199,1004.9,268.2,85.8266,85.8314,85.7677,0.0589,0.0638,0.0048
4200,994.4,280.3,85.8300,85.8348,85.7714,0.0585,0.0634,0.0048
4201,1000.8,273.1,85.8334,85.8382,85.7753,0.0581,0.0629,0.0048
4202,1000.1,259.4,85.8367,85.8416,85.7794,0.0573,0.0622,0.0048
4203,1003.8,256.0,85.8401,85.8449,85.7832,0.0569,0.0617,0.0048
4204,1002.5,282.4,85.8435,85.8483,85.7870,0.0565,0.0614,0.0048
4205,998.0,252.0,85.8469,85.8517,85.7907,0.0562,0.0610,0.0048
4206,997.1,234.6,85.8503,85.8551,85.7946,0.0557,0.0605,0.0048
4207,998.7,234.8,85.8537,85.8586,85.7983,0.0555,0.0603,0.0048
4208,1125.1,276.6,85.8571,85.8620,85.8018,0.0553,0.0601,0.0049
4209,874.5,255.1,85.8606,85.8654,85.8055,0.0550,0.0599,0.0049
4210,998.9,258.4,85.8640,85.8688,85.8094,0.0545,0.0594,0.0049
4211,1003.4,258.0,85.8674,85.8723,85.8131,0.0543,0.0591,0.0049
4212,998.4,288.4,85.8709,85.8757,85.8169,0.0540,0.0588,0.0049
4213,1000.1,274.3,85.8743,85.8792,85.8207,0.0537,0.0585,0.0049
4214,1008.0,283.7,85.8778,85.8826,85.8246,0.0532,0.0581,0.0049
4215,1000.4,313.6,85.8812,85.8861,85.8281,0.0531,0.0580,0.0049
4216,1000.4,710.6,85.8847,85.8896,85.8316,0.0531,0.0580,0.0049
4217,1001.8,296.7,85.8882,85.8931,85.8349,0.0533,0.0582,0.0049
4218,989.6,320.7,85.8917,85.8965,85.8385,0.0532,0.0581,0.0049
4219,999.2,313.3,85.8951,85.9000,85.8418,0.0533,0.0582,0.0049
4220,999.7,318.3,85.8986,85.9035,85.8451,0.0536,0.0585,0.0049
4221,1001.5,529.6,85.9021,85.9070,85.8485,0.0537,0.0586,0.0049
4222,1001.0,247.2,85.9057,85.9106,85.8522,0.0535,0.0584,0.0049
4223,998.4,256.8,85.9092,85.9141,85.8557,0.0535,0.0584,0.0049
4224,1000.0,232.7,85.9127,85.9176,85.8591,0.0536,0.0585,0.0049
4225,982.8,266.5,85.9162,85.9211,85.8627,0.0535,0.0584,0.0049
4226,995.1,340.6,85.9198,85.9247,85.8666,0.0531,0.0581,0.0049
4227,1040.8,350.1,85.9233,85.9282,85.8703,0.0530,0.0580,0.0049
4228,989.3,294.4,85.9268,85.9318,85.8739,0.0529,0.0579,0.0049
4229,995.9,272.4,85.9304,85.9353,85.8774,0.0529,0.0579,0.0049
4230,1001.9,261.1,85.9340,85.9389,85.8812,0.0527,0.0577,0.0049
4231,993.2,325.9,85.9375,85.9425,85.8848,0.0527,0.0576,0.0049
4232,1001.0,250.7,85.9411,85.9460,85.8882,0.0529,0.0578,0.0049
4233,1001.4,251.2,85.9447,85.9496,85.8916,0.0531,0.0580,0.0049
4234,997.8,234.2,85.9483,85.9532,85.8953,0.0530,0.0579,0.0049
4235,1000.4,254.0,85.9519,85.9568,85.8988,0.0530,0.0580,0.0049
4236,1000.1,275.6,85.9555,85.9604,85.9025,0.0529,0.0579,0.0049
4237,999.9,236.9,85.9591,85.9640,85.9062,0.0528,0.0578,0.0049
4238,1001.5,283.1,85.9627,85.9676,85.9103,0.0524,0.0574,0.0050
4239,998.9,257.7,85.9663,85.9713,85.9140,0.0523,0.0572,0.0050
4240,998.7,243.7,85.9699,85.9749,85.9175,0.0525,0.0574,0.0050
4241,1001.9,247.0,85.9736,85.9785,85.9207,0.0528,0.0578,0.0050
4242,999.2,256.5,85.9772,85.9822,85.9242,0.0530,0.0579,0.0050
4243,999.8,290.0,85.9808,85.9858,85.9275,0.0533,0.0583,0.0050
4244,999.8,308.9,85.9845,85.9895,85.9308,0.0537,0.0587,0.0050
4245,1000.1,306.8,85.9881,85.9931,85.9341,0.0540,0.0590,0.0050
4246,1000.4,338.2,85.9918,85.9968,85.9376,0.0542,0.0592,0.0050
4247,999.8,308.9,85.9955,86.0005,85.9413,0.0542,0.0591,0.0050
4248,1000.1,332.6,85.9992,86.0041,85.9449,0.0543,0.0593,0.0050
4249,1000.2,332.2,86.0028,86.0078,85.9483,0.0545,0.0595,0.0050
4250,999.2,293.0,86.0065,86.0115,85.9517,0.0548,0.0598,0.0050
4251,999.7,280.9,86.0102,86.0152,85.9553,0.0549,0.0599,0.0050
4252,1001.4,255.0,86.0139,86.0189,85.9586,0.0554,0.0604,0.0050
4253,999.8,266.2,86.0176,86.0226,85.9618,0.0558,0.0608,0.0050
4254,999.6,559.1,86.0214,86.0264,85.9654,0.0560,0.0610,0.0050
4255,999.7,271.3,86.0251,86.0301,85.9685,0.0566,0.0616,0.0050
4256,1003.5,291.9,86.0288,86.0338,85.9716,0.0572,0.0622,0.0050
4257,1000.6,301.5,86.0325,86.0376,85.9747,0.0579,0.0629,0.0050
4258,1021.1,307.2,86.0363,86.0413,85.9779,0.0584,0.0634,0.0050
4259,997.3,331.4,86.0400,86.0450,85.9810,0.0590,0.0640,0.0050
4260,978.4,287.0,86.0438,86.0488,85.9843,0.0595,0.0645,0.0050
4261,1011.6,293.2,86.0475,86.0526,85.9877,0.0598,0.0649,0.0050
4262,991.3,258.1,86.0513,86.0563,85.9915,0.0598,0.0648,0.0050
4263,997.0,261.5,86.0551,86.0601,85.9951,0.0600,0.0650,0.0050
4264,999.9,243.7,86.0589,86.0639,85.9988,0.0601,0.0651,0.0050
4265,999.5,313.5,86.0626,86.0677,86.0024,0.0602,0.0653,0.0050
4266,1000.4,259.5,86.0664,86.0715,86.0064,0.0601,0.0651,0.0050
4267,1000.0,245.7,86.0702,86.0753,86.0100,0.0603,0.0653,0.0050
4268,999.7,343.8,86.0740,86.0791,86.0135,0.0605,0.0656,0.0050
4269,999.9,321.6,86.0779,86.0829,86.0172,0.0607,0.0657,0.0050
4270,1002.6,288.0,86.0817,86.0867,86.0211,0.0606,0.0656,0.0051
4271,998.8,244.0,86.0855,86.0905,86.0248,0.0607,0.0657,0.0051
4272,1006.1,294.1,86.0893,86.0944,86.0287,0.0606,0.0657,0.0051
4273,1001.1,685.0,86.0932,86.0982,86.0327,0.0605,0.0655,0.0051
4274,999.6,276.5,86.0970,86.1021,86.0370,0.0599,0.0650,0.0051
4275,999.4,314.3,86.1008,86.1059,86.0411,0.0597,0.0648,0.0051
4276,1003.7,289.0,86.1047,86.1098,86.0451,0.0596,0.0647,0.0051
4277,997.2,273.3,86.1086,86.1136,86.0491,0.0595,0.0645,0.0051
4278,999.8,342.4,86.1124,86.1175,86.0534,0.0590,0.0641,0.0051
4279,1000.5,291.2,86.1163,86.1214,86.0574,0.0589,0.0639,0.0051
4280,1000.7,305.6,86.1202,86.1253,86.0614,0.0588,0.0639,0.0051
4281,999.9,300.0,86.1241,86.1291,86.0653,0.0587,0.0638,0.0051
4282,998.5,253.8,86.1280,86.1330,86.0697,0.0583,0.0633,0.0051
4283,998.2,261.3,86.1319,86.1369,86.0737,0.0581,0.0632,0.0051
4284,1001.6,279.9,86.1358,86.1409,86.0778,0.0580,0.0631,0.0051
4285,1000.7,254.8,86.1397,86.1448,86.0818,0.0579,0.0630,0.0051
4286,1410.6,332.4,86.1436,86.1487,86.0896,0.0539,0.0590,0.0051
4287,589.5,295.9,86.1475,86.1526,86.0896,0.0579,0.0630,0.0051
4288,1002.7,265.9,86.1514,86.1565,86.0932,0.0582,0.0634,0.0051
4289,1001.3,318.1,86.1554,86.1605,86.0968,0.0586,0.0637,0.0051
4290,1012.9,372.5,86.1593,86.1644,86.1003,0.0590,0.0641,0.0051
4291,986.0,279.1,86.1633,86.1684,86.1041,0.0592,0.0643,0.0051
4292,1000.4,317.3,86.1672,86.1723,86.1076,0.0596,0.0648,0.0051
4293,999.0,325.4,86.1712,86.1763,86.1111,0.0600,0.0652,0.0051
4294,998.5,307.3,86.1751,86.1803,86.1148,0.0604,0.0655,0.0051
4295,999.6,309.3,86.1791,86.1842,86.1189,0.0602,0.0653,0.0051
4296,1068.8,413.9,86.1831,86.1882,86.1227,0.0604,0.0655,0.0051
4297,932.0,315.6,86.1871,86.1922,86.1265,0.0605,0.0657,0.0051
4298,999.3,339.0,86.1911,86.1962,86.1302,0.0608,0.0659,0.0051
4299,2200.7,476.0,86.1951,86.2002,86.1382,0.0569,0.0620,0.0051
4300,485.7,456.6,86.1991,86.2042,86.1420,0.0570,0.0622,0.0051
4301,460.5,253.2,86.2031,86.2082,86.1420,0.0610,0.0662,0.0051
4302,850.2,297.2,86.2071,86.2122,86.1460,0.0611,0.0663,0.0052
4303,1003.0,700.7,86.2111,86.2163,86.1503,0.0608,0.0660,0.0052
4304,998.2,308.5,86.2151,86.2203,86.1544,0.0607,0.0659,0.0052
4305,999.1,304.1,86.2192,86.2243,86.1585,0.0606,0.0658,0.0052
4306,1008.7,350.6,86.2232,86.2284,86.1626,0.0606,0.0657,0.0052
4307,995.3,302.9,86.2272,86.2324,86.1672,0.0600,0.0652,0.0052
4308,1001.0,603.0,86.2313,86.2365,86.1715,0.0598,0.0650,0.0052
4309,977.0,292.0,86.2353,86.2405,86.1757,0.0597,0.0649,0.0052
4310,1022.2,287.0,86.2394,86.2446,86.1799,0.0595,0.0647,0.0052
4311,996.4,277.0,86.2435,86.2487,86.1843,0.0592,0.0643,0.0052
4312,1008.9,339.3,86.2476,86.2527,86.1882,0.0593,0.0645,0.0052
4313,1004.6,323.4,86.2516,86.2568,86.1922,0.0595,0.0646,0.0052
4314,991.5,292.4,86.2557,86.2609,86.1962,0.0595,0.0647,0.0052
4315,993.7,275.7,86.2598,86.2650,86.2005,0.0594,0.0645,0.0052
4316,1001.3,266.4,86.2639,86.2691,86.2044,0.0595,0.0647,0.0052
4317,1003.5,297.3,86.2680,86.2732,86.2085,0.0595,0.0647,0.0052
4318,996.2,345.6,86.2721,86.2773,86.2125,0.0596,0.0648,0.0052
4319,998.5,358.3,86.2762,86.2814,86.2164,0.0598,0.0650,0.0052
4320,1000.1,384.0,86.2804,86.2856,86.2199,0.0605,0.0657,0.0052
4321,1002.1,283.9,86.2845,86.2897,86.2231,0.0614,0.0666,0.0052
4322,998.4,324.0,86.2886,86.2938,86.2263,0.0623,0.0675,0.0052
4323,1001.6,301.4,86.2928,86.2980,86.2298,0.0630,0.0682,0.0052
4324,999.9,280.6,86.2969,86.3021,86.2332,0.0638,0.0690,0.0052
4325,1000.9,363.6,86.3011,86.3063,86.2367,0.0644,0.0696,0.0052
4326,999.6,328.6,86.3052,86.3104,86.2403,0.0649,0.0702,0.0052
4327,997.1,281.4,86.3094,86.3146,86.2442,0.0652,0.0704,0.0052
4328,1001.6,273.1,86.3136,86.3188,86.2479,0.0657,0.0709,0.0052
4329,999.9,322.1,86.3177,86.3230,86.2516,0.0661,0.0713,0.0052
4330,1004.4,606.3,86.3219,86.3271,86.2555,0.0664,0.0716,0.0052
4331,983.4,308.8,86.3261,86.3313,86.2595,0.0666,0.0718,0.0052
4332,1020.9,321.9,86.3303,86.3355,86.2634,0.0669,0.0722,0.0052
4333,999.6,317.2,86.3345,86.3397,86.2672,0.0673,0.0726,0.0052
4334,1003.1,341.9,86.3387,86.3439,86.2710,0.0677,0.0729,0.0052
4335,996.9,273.3,86.3429,86.3482,86.2749,0.0680,0.0733,0.0052
4336,998.2,301.9,86.3471,86.3524,86.2792,0.0680,0.0732,0.0053
4337,999.1,320.5,86.3514,86.3566,86.2832,0.0682,0.0734,0.0053
4338,1020.2,433.6,86.3556,86.3608,86.2873,0.0683,0.0736,0.0053
4339,939.0,283.5,86.3598,86.3651,86.2913,0.0685,0.0738,0.0053
4340,1035.1,284.0,86.3641,86.3693,86.2957,0.0683,0.0736,0.0053
4341,1002.6,283.1,86.3683,86.3736,86.2998,0.0685,0.0738,0.0053
4342,995.0,340.0,86.3726,86.3778,86.3037,0.0688,0.0741,0.0053
4343,1006.3,324.9,86.3768,86.3821,86.3077,0.0691,0.0744,0.0053
4344,968.2,344.9,86.3811,86.3863,86.3120,0.0691,0.0744,0.0053
4345,996.0,306.7,86.3853,86.3906,86.3159,0.0694,0.0747,0.0053
4346,1037.2,314.8,86.3896,86.3949,86.3198,0.0698,0.0751,0.0053
4347,996.3,298.0,86.3939,86.3992,86.3239,0.0700,0.0753,0.0053
4348,999.9,347.8,86.3982,86.4035,86.3291,0.0690,0.0743,0.0053
4349,1000.3,316.8,86.4025,86.4078,86.3335,0.0690,0.0743,0.0053
4350,1010.4,335.3,86.4068,86.4121,86.3370,0.0697,0.0750,0.0053
4351,991.2,283.6,86.4111,86.4164,86.3417,0.0694,0.0747,0.0053
4352,1003.0,292.6,86.4154,86.4207,86.3458,0.0696,0.0749,0.0053
4353,959.0,290.1,86.4197,86.4250,86.3498,0.0699,0.0752,0.0053
4354,1045.6,316.0,86.4240,86.4293,86.3537,0.0704,0.0757,0.0053
4355,993.5,306.9,86.4284,86.4337,86.3576,0.0708,0.0761,0.0053
4356,1007.0,311.1,86.4327,86.4380,86.3619,0.0708,0.0761,0.0053
4357,991.6,337.1,86.4370,86.4423,86.3660,0.0710,0.0763,0.0053
4358,1000.2,335.6,86.4414,86.4467,86.3702,0.0711,0.0764,0.0053
4359,999.2,303.6,86.4457,86.4510,86.3746,0.0711,0.0764,0.0053
4360,999.8,331.1,86.4501,86.4554,86.3793,0.0707,0.0761,0.0053
4361,999.8,286.0,86.4544,86.4598,86.3838,0.0707,0.0760,0.0053
4362,1001.1,304.3,86.4588,86.4641,86.3882,0.0706,0.0760,0.0053
4363,999.1,331.5,86.4632,86.4685,86.3925,0.0706,0.0760,0.0053
4364,1000.1,304.1,86.4676,86.4729,86.3972,0.0704,0.0757,0.0053
4365,1029.1,296.9,86.4719,86.4773,86.4015,0.0704,0.0757,0.0053
4366,974.7,284.6,86.4763,86.4817,86.4059,0.0704,0.0757,0.0053
4367,1003.8,327.0,86.4807,86.4861,86.4106,0.0701,0.0755,0.0053
4368,992.6,326.2,86.4851,86.4905,86.4106,0.0745,0.0799,0.0053
4369,986.3,674.6,86.4895,86.4949,86.4158,0.0737,0.0791,0.0053
4370,1020.9,348.4,86.4939,86.4993,86.4208,0.0731,0.0785,0.0053
4371,997.5,347.4,86.4984,86.5037,86.4259,0.0724,0.0778,0.0054
4372,1001.5,354.6,86.5028,86.5081,86.4316,0.0712,0.0766,0.0054
4373,1000.3,362.3,86.5072,86.5126,86.4367,0.0705,0.0758,0.0054
4374,966.3,316.7,86.5116,86.5170,86.4418,0.0698,0.0752,0.0054
4375,1037.6,309.0,86.5161,86.5215,86.4469,0.0692,0.0746,0.0054
4376,1000.4,298.0,86.5205,86.5259,86.4525,0.0680,0.0734,0.0054
4377,987.1,326.3,86.5250,86.5304,86.4577,0.0673,0.0727,0.0054
4378,1006.6,355.3,86.5294,86.5348,86.4629,0.0665,0.0719,0.0054
4379,994.8,371.3,86.5339,86.5393,86.4681,0.0658,0.0712,0.0054
4380,997.7,317.4,86.5384,86.5437,86.4736,0.0647,0.0701,0.0054
4381,1003.1,398.7,86.5428,86.5482,86.4785,0.0643,0.0697,0.0054
4382,996.9,273.1,86.5473,86.5527,86.4832,0.0641,0.0695,0.0054
4383,999.6,325.8,86.5518,86.5572,86.4877,0.0641,0.0695,0.0054
4384,1001.5,334.3,86.5563,86.5617,86.4923,0.0640,0.0694,0.0054
4385,1027.0,339.9,86.5608,86.5662,86.4966,0.0642,0.0696,0.0054
4386,988.4,332.3,86.5653,86.5707,86.5009,0.0644,0.0698,0.0054
4387,990.0,316.2,86.5698,86.5752,86.5054,0.0644,0.0698,0.0054
4388,996.7,318.9,86.5743,86.5797,86.5102,0.0641,0.0695,0.0054
4389,1001.5,286.8,86.5788,86.5842,86.5146,0.0642,0.0696,0.0054
4390,1013.8,306.6,86.5834,86.5888,86.5189,0.0645,0.0699,0.0054
4391,984.7,336.4,86.5879,86.5933,86.5230,0.0649,0.0703,0.0054
4392,1000.5,840.9,86.5924,86.5978,86.5275,0.0649,0.0703,0.0054
4393,997.6,348.4,86.5970,86.6024,86.5316,0.0654,0.0708,0.0054
4394,1003.7,424.1,86.6015,86.6069,86.5357,0.0658,0.0712,0.0054
4395,1003.7,412.2,86.6061,86.6115,86.5400,0.0661,0.0715,0.0054
4396,994.9,438.2,86.6106,86.6160,86.5442,0.0664,0.0718,0.0054
4397,1002.7,407.5,86.6152,86.6206,86.5489,0.0663,0.0717,0.0054
4398,996.7,353.8,86.6197,86.6252,86.5532,0.0665,0.0719,0.0054
4399,998.5,371.6,86.6243,86.6297,86.5574,0.0669,0.0723,0.0054
4400,999.6,302.3,86.6289,86.6343,86.5616,0.0673,0.0727,0.0054
4401,999.3,275.1,86.6335,86.6389,86.5663,0.0672,0.0726,0.0054
4402,999.3,281.7,86.6381,86.6435,86.5705,0.0676,0.0730,0.0054
4403,1001.5,350.1,86.6426,86.6481,86.5745,0.0681,0.0736,0.0054
4404,999.2,293.8,86.6472,86.6527,86.5785,0.0687,0.0742,0.0054
4405,1002.8,311.0,86.6519,86.6573,86.5829,0.0690,0.0744,0.0054
4406,1019.9,310.0,86.6565,86.6619,86.5870,0.0695,0.0749,0.0054
4407,993.8,372.7,86.6611,86.6665,86.5913,0.0698,0.0752,0.0055
4408,990.6,321.0,86.6657,86.6712,86.5956,0.0701,0.0755,0.0055
4409,1010.5,387.3,86.6703,86.6758,86.6001,0.0702,0.0757,0.0055
4410,1002.4,342.4,86.6750,86.6804,86.6040,0.0709,0.0764,0.0055
4411,995.7,296.4,86.6796,86.6851,86.6078,0.0718,0.0772,0.0055
4412,985.4,317.3,86.6842,86.6897,86.6116,0.0726,0.0781,0.0055
4413,1006.2,311.6,86.6889,86.6943,86.6157,0.0732,0.0787,0.0055
4414,995.1,304.1,86.6935,86.6990,86.6194,0.0741,0.0796,0.0055
4415,998.0,316.1,86.6982,86.7037,86.6233,0.0749,0.0804,0.0055
4416,1001.5,297.2,86.7029,86.7083,86.6272,0.0756,0.0811,0.0055
4417,999.7,279.3,86.7075,86.7130,86.6317,0.0759,0.0813,0.0055
4418,1000.3,303.9,86.7122,86.7177,86.6358,0.0763,0.0818,0.0055
4419,1000.1,472.6,86.7169,86.7224,86.6401,0.0768,0.0823,0.0055
4420,1000.5,313.8,86.7216,86.7270,86.6445,0.0770,0.0825,0.0055
4421,1019.9,322.1,86.7263,86.7317,86.6492,0.0771,0.0825,0.0055
4422,984.1,327.6,86.7309,86.7364,86.6536,0.0774,0.0829,0.0055
4423,1001.8,283.9,86.7356,86.7411,86.6580,0.0777,0.0832,0.0055
4424,999.2,285.0,86.7404,86.7458,86.6625,0.0779,0.0833,0.0055
4425,1002.0,287.1,86.7451,86.7506,86.6671,0.0780,0.0835,0.0055
4426,1009.7,332.0,86.7498,86.7553,86.6723,0.0775,0.0830,0.0055
4427,992.2,326.0,86.7545,86.7600,86.6772,0.0773,0.0828,0.0055
4428,1196.0,335.6,86.7592,86.7647,86.6824,0.0768,0.0823,0.0055
4429,794.6,282.2,86.7640,86.7695,86.6880,0.0760,0.0815,0.0055
4430,994.1,292.6,86.7687,86.7742,86.6931,0.0756,0.0811,0.0055
4431,1000.3,288.5,86.7734,86.7789,86.6980,0.0754,0.0809,0.0055
4432,996.0,256.0,86.7782,86.7837,86.7029,0.0753,0.0808,0.0055
4433,1000.3,262.8,86.7829,86.7885,86.7077,0.0752,0.0807,0.0055
4434,999.7,243.3,86.7877,86.7932,86.7130,0.0747,0.0802,0.0055
4435,1000.0,265.3,86.7925,86.7980,86.7182,0.0742,0.0798,0.0055
4436,1000.7,286.5,86.7972,86.8027,86.7234,0.0738,0.0793,0.0055
4437,1000.7,289.8,86.8020,86.8075,86.7287,0.0733,0.0789,0.0055
4438,998.9,302.3,86.8068,86.8123,86.7343,0.0725,0.0780,0.0055
4439,1001.3,274.0,86.8116,86.8171,86.7393,0.0722,0.0777,0.0055
4440,1004.8,270.7,86.8163,86.8219,86.7443,0.0720,0.0776,0.0055
4441,995.3,251.7,86.8211,86.8267,86.7491,0.0720,0.0776,0.0055
4442,999.8,271.0,86.8259,86.8315,86.7541,0.0718,0.0773,0.0055
4443,1003.8,283.8,86.8307,86.8363,86.7589,0.0718,0.0774,0.0055
4444,1018.5,365.4,86.8355,86.8411,86.7639,0.0717,0.0772,0.0055
4445,987.2,297.9,86.8404,86.8459,86.7690,0.0714,0.0770,0.0056
4446,964.7,293.7,86.8452,86.8507,86.7745,0.0707,0.0762,0.0056
4447,1089.9,294.1,86.8500,86.8556,86.7797,0.0703,0.0759,0.0056
4448,942.6,277.7,86.8548,86.8604,86.7848,0.0701,0.0756,0.0056
4449,996.6,267.0,86.8597,86.8652,86.7897,0.0699,0.0755,0.0056
4450,1001.3,268.8,86.8645,86.8701,86.7950,0.0695,0.0751,0.0056
4451,1002.1,289.5,86.8693,86.8749,86.7998,0.0695,0.0751,0.0056
4452,1015.8,315.6,86.8742,86.8798,86.8048,0.0694,0.0749,0.0056
4453,987.8,311.0,86.8790,86.8846,86.8097,0.0693,0.0749,0.0056
4454,1000.3,316.3,86.8839,86.8895,86.8150,0.0689,0.0745,0.0056
4455,997.9,352.1,86.8888,86.8943,86.8198,0.0690,0.0745,0.0056
4456,1002.8,361.9,86.8936,86.8992,86.8244,0.0693,0.0748,0.0056
4457,997.8,318.4,86.8985,86.9041,86.8288,0.0697,0.0752,0.0056
4458,999.8,313.1,86.9034,86.9090,86.8336,0.0698,0.0754,0.0056
4459,1002.5,328.1,86.9083,86.9139,86.8381,0.0702,0.0757,0.0056
4460,1009.3,318.5,86.9132,86.9188,86.8426,0.0706,0.0762,0.0056
4461,990.4,291.3,86.9181,86.9236,86.8469,0.0712,0.0768,0.0056
4462,999.8,277.7,86.9230,86.9285,86.8515,0.0715,0.0771,0.0056
4463,1001.0,334.1,86.9279,86.9335,86.8558,0.0720,0.0776,0.0056
4464,998.5,303.4,86.9328,86.9384,86.8603,0.0725,0.0781,0.0056
4465,1012.0,315.7,86.9377,86.9433,86.8647,0.0730,0.0786,0.0056
4466,992.8,306.8,86.9426,86.9482,86.8693,0.0733,0.0789,0.0056
4467,997.9,303.7,86.9475,86.9531,86.8733,0.0742,0.0798,0.0056
4468,994.6,365.9,86.9525,86.9581,86.8774,0.0750,0.0806,0.0056
4469,1000.4,298.7,86.9574,86.9630,86.8813,0.0760,0.0817,0.0056
4470,999.3,335.8,86.9623,86.9679,86.8857,0.0766,0.0822,0.0056
4471,1000.7,317.1,86.9673,86.9729,86.8899,0.0774,0.0830,0.0056
4472,999.1,305.5,86.9722,86.9778,86.8942,0.0780,0.0836,0.0056
4473,999.9,327.4,86.9772,86.9828,86.8986,0.0785,0.0842,0.0056
4474,1001.8,310.9,86.9821,86.9877,86.9034,0.0787,0.0843,0.0056
4475,999.8,329.8,86.9871,86.9927,86.9080,0.0791,0.0847,0.0056
4476,991.9,391.0,86.9921,86.9977,86.9125,0.0795,0.0852,0.0056
4477,1019.8,328.0,86.9970,87.0027,86.9170,0.0800,0.0856,0.0056
4478,984.9,319.0,87.0020,87.0076,86.9220,0.0800,0.0856,0.0056
4479,1003.7,342.3,87.0070,87.0126,86.9266,0.0804,0.0860,0.0056
4480,1014.8,369.5,87.0120,87.0176,86.9312,0.0808,0.0864,0.0056
4481,997.4,315.3,87.0170,87.0226,86.9361,0.0808,0.0865,0.0056
4482,989.8,291.3,87.0220,87.0276,86.9413,0.0807,0.0863,0.0056
4483,999.6,269.4,87.0270,87.0326,86.9469,0.0800,0.0857,0.0056
4484,1014.1,297.6,87.0320,87.0376,86.9523,0.0797,0.0854,0.0056
4485,986.9,283.3,87.0370,87.0426,86.9576,0.0794,0.0850,0.0056
4486,998.8,283.7,87.0420,87.0476,86.9632,0.0788,0.0845,0.0057
4487,1000.0,307.4,87.0470,87.0527,86.9684,0.0786,0.0842,0.0057
4488,998.2,297.9,87.0520,87.0577,86.9738,0.0782,0.0839,0.0057
4489,999.5,279.8,87.0571,87.0627,86.9793,0.0777,0.0834,0.0057
4490,1000.1,309.4,87.0621,87.0678,86.9854,0.0767,0.0824,0.0057
4491,999.6,284.7,87.0671,87.0728,86.9910,0.0762,0.0818,0.0057
4492,1012.2,321.8,87.0722,87.0778,86.9966,0.0756,0.0813,0.0057
4493,1002.8,372.3,87.0772,87.0829,87.0020,0.0752,0.0809,0.0057
4494,1000.4,364.3,87.0823,87.0879,87.0077,0.0746,0.0803,0.0057
4495,985.2,302.6,87.0873,87.0930,87.0128,0.0745,0.0802,0.0057
4496,999.1,339.2,87.0924,87.0981,87.0179,0.0745,0.0801,0.0057
4497,1015.8,351.9,87.0975,87.1031,87.0231,0.0744,0.0801,0.0057
4498,1071.3,399.5,87.1025,87.1082,87.0287,0.0738,0.0795,0.0057
4499,918.9,306.9,87.1076,87.1133,87.0341,0.0735,0.0792,0.0057
4500,992.7,299.3,87.1127,87.1184,87.0396,0.0731,0.0788,0.0057
4501,1002.4,287.3,87.1178,87.1235,87.0450,0.0728,0.0785,0.0057
4502,999.5,271.2,87.1229,87.1286,87.0503,0.0726,0.0782,0.0057
4503,998.5,337.7,87.1280,87.1337,87.0561,0.0718,0.0775,0.0057
4504,1001.2,333.7,87.1331,87.1388,87.0615,0.0715,0.0772,0.0057
4505,998.8,333.4,87.1382,87.1439,87.0670,0.0711,0.0768,0.0057
4506,1000.1,324.6,87.1433,87.1490,87.0731,0.0702,0.0759,0.0057
4507,1000.6,275.3,87.1484,87.1541,87.0788,0.0696,0.0753,0.0057
4508,1023.7,424.0,87.1535,87.1592,87.0844,0.0691,0.0748,0.0057
4509,987.5,294.8,87.1586,87.1643,87.0898,0.0688,0.0745,0.0057
4510,988.2,283.7,87.1638,87.1695,87.0956,0.0682,0.0739,0.0057
4511,1003.3,294.0,87.1689,87.1746,87.1007,0.0682,0.0739,0.0057
4512,974.5,323.3,87.1740,87.1797,87.1059,0.0682,0.0739,0.0057
4513,1026.5,317.9,87.1792,87.1849,87.1109,0.0682,0.0740,0.0057
4514,1014.4,328.2,87.1843,87.1900,87.1159,0.0684,0.0742,0.0057
4515,990.2,356.2,87.1895,87.1952,87.1212,0.0682,0.0740,0.0057
4516,985.7,305.8,87.1946,87.2003,87.1260,0.0686,0.0743,0.0057
4517,1018.8,350.3,87.1998,87.2055,87.1306,0.0692,0.0749,0.0057
4518,990.6,370.6,87.2049,87.2107,87.1353,0.0696,0.0753,0.0057
4519,997.6,374.8,87.2101,87.2158,87.1401,0.0700,0.0757,0.0057
4520,998.4,361.7,87.2153,87.2210,87.1435,0.0718,0.0775,0.0057
4521,1000.9,359.6,87.2205,87.2262,87.1475,0.0730,0.0787,0.0057
4522,1000.5,269.1,87.2256,87.2314,87.1516,0.0740,0.0797,0.0057
4523,999.6,348.0,87.2308,87.2366,87.1569,0.0740,0.0797,0.0057
4524,1000.4,289.2,87.2360,87.2417,87.1606,0.0754,0.0812,0.0057
4525,1000.0,252.0,87.2412,87.2469,87.1655,0.0757,0.0815,0.0057
4526,999.7,291.6,87.2464,87.2521,87.1697,0.0767,0.0824,0.0057
4527,1016.3,332.3,87.2516,87.2574,87.1743,0.0773,0.0830,0.0057
4528,993.4,332.2,87.2568,87.2626,87.1786,0.0783,0.0840,0.0057
4529,997.0,357.9,87.2620,87.2678,87.1828,0.0792,0.0850,0.0057
4530,993.6,321.3,87.2672,87.2730,87.1872,0.0801,0.0858,0.0058
4531,1001.9,363.2,87.2725,87.2782,87.1920,0.0805,0.0862,0.0058
4532,1000.4,333.1,87.2777,87.2834,87.1965,0.0812,0.0869,0.0058
4533,1005.5,350.3,87.2829,87.2887,87.2011,0.0818,0.0876,0.0058
4534,996.4,327.5,87.2882,87.2939,87.2059,0.0823,0.0880,0.0058
4535,997.8,347.8,87.2934,87.2992,87.2111,0.0823,0.0881,0.0058
4536,998.5,367.9,87.2986,87.3044,87.2162,0.0825,0.0882,0.0058
4537,998.6,369.7,87.3039,87.3096,87.2211,0.0828,0.0885,0.0058
4538,1000.3,363.1,87.3091,87.3149,87.2260,0.0831,0.0889,0.0058
4539,999.8,307.7,87.3144,87.3202,87.2313,0.0831,0.0889,0.0058
4540,1000.6,279.0,87.3196,87.3254,87.2361,0.0835,0.0893,0.0058
4541,999.3,315.4,87.3249,87.3307,87.2412,0.0837,0.0895,0.0058
4542,1000.2,338.4,87.3302,87.3360,87.2412,0.0890,0.0948,0.0058
4543,1008.9,392.7,87.3355,87.3412,87.2464,0.0890,0.0948,0.0058
4544,992.0,315.5,87.3407,87.3465,87.2522,0.0885,0.0943,0.0058
4545,992.0,354.4,87.3460,87.3518,87.2576,0.0884,0.0942,0.0058
4546,1001.9,316.5,87.3513,87.3571,87.2635,0.0878,0.0936,0.0058
4547,997.0,464.2,87.3566,87.3624,87.2690,0.0875,0.0933,0.0058
4548,1002.1,341.5,87.3619,87.3677,87.2744,0.0874,0.0932,0.0058
4549,1007.9,332.9,87.3672,87.3730,87.2797,0.0875,0.0933,0.0058
4550,989.5,364.2,87.3725,87.3783,87.2854,0.0870,0.0928,0.0058
4551,1011.6,334.4,87.3778,87.3836,87.2908,0.0870,0.0928,0.0058
4552,1005.9,998.5,87.3831,87.3889,87.2963,0.0868,0.0926,0.0058
4553,1003.9,284.4,87.3884,87.3942,87.3019,0.0865,0.0923,0.0058
4554,986.9,302.8,87.3937,87.3995,87.3081,0.0856,0.0914,0.0058
4555,999.3,296.6,87.3991,87.4049,87.3139,0.0852,0.0910,0.0058
4556,1001.3,326.2,87.4044,87.4102,87.3195,0.0849,0.0907,0.0058
4557,1000.3,286.9,87.4097,87.4155,87.3250,0.0847,0.0905,0.0058
4558,997.9,327.2,87.4151,87.4209,87.3311,0.0840,0.0898,0.0058
4559,999.5,304.3,87.4204,87.4262,87.3367,0.0837,0.0895,0.0058
4560,1002.0,340.7,87.4257,87.4316,87.3426,0.0832,0.0890,0.0058
4561,1008.1,294.4,87.4311,87.4369,87.3485,0.0826,0.0885,0.0058
4562,1010.2,307.5,87.4364,87.4423,87.3547,0.0818,0.0876,0.0058
4563,980.2,293.5,87.4418,87.4476,87.3604,0.0814,0.0872,0.0058
4564,1001.1,307.5,87.4472,87.4530,87.3661,0.0811,0.0869,0.0058
4565,1004.2,301.4,87.4525,87.4584,87.3719,0.0806,0.0865,0.0058
4566,1001.0,302.6,87.4579,87.4637,87.3781,0.0798,0.0856,0.0058
4567,999.4,323.5,87.4633,87.4691,87.3840,0.0793,0.0851,0.0058
4568,997.0,399.8,87.4687,87.4745,87.3897,0.0790,0.0848,0.0058
4569,1000.2,334.5,87.4740,87.4799,87.3953,0.0787,0.0845,0.0058
4570,1000.2,360.3,87.4794,87.4853,87.4011,0.0784,0.0842,0.0058
4571,999.0,339.5,87.4848,87.4907,87.4061,0.0787,0.0845,0.0058
4572,999.3,297.9,87.4902,87.4960,87.4111,0.0791,0.0850,0.0058
4573,1000.3,303.4,87.4956,87.5014,87.4160,0.0796,0.0854,0.0058
4574,998.6,330.9,87.5010,87.5069,87.4215,0.0795,0.0853,0.0058
4575,999.6,266.4,87.5064,87.5123,87.4267,0.0797,0.0855,0.0058
4576,999.2,334.7,87.5118,87.5177,87.4320,0.0799,0.0857,0.0058
4577,1000.7,333.5,87.5172,87.5231,87.4370,0.0802,0.0861,0.0059
4578,1022.2,317.7,87.5227,87.5285,87.4424,0.0802,0.0861,0.0059
4579,972.9,711.8,87.5281,87.5339,87.4473,0.0808,0.0866,0.0059
4580,1009.8,372.8,87.5335,87.5394,87.4521,0.0814,0.0872,0.0059
4581,999.7,299.6,87.5389,87.5448,87.4571,0.0818,0.0877,0.0059
4582,999.5,342.3,87.5444,87.5502,87.4625,0.0818,0.0877,0.0059
4583,998.6,345.9,87.5498,87.5557,87.4678,0.0820,0.0878,0.0059
4584,1006.3,282.4,87.5552,87.5611,87.4731,0.0821,0.0880,0.0059
4585,988.3,275.3,87.5607,87.5666,87.4784,0.0823,0.0882,0.0059
4586,1009.6,342.6,87.5661,87.5720,87.4837,0.0825,0.0883,0.0059
4587,997.9,284.2,87.5716,87.5775,87.4894,0.0822,0.0881,0.0059
4588,990.5,267.4,87.5771,87.5829,87.4946,0.0824,0.0883,0.0059
4589,1000.2,291.5,87.5825,87.5884,87.4998,0.0827,0.0886,0.0059
4590,999.5,295.5,87.5880,87.5939,87.5050,0.0830,0.0889,0.0059
4591,1003.2,1249.2,87.5935,87.5993,87.5107,0.0827,0.0886,0.0059
4592,1260.6,413.9,87.5989,87.6048,87.5162,0.0828,0.0886,0.0059
4593,749.1,275.4,87.6044,87.6103,87.5216,0.0828,0.0887,0.0059
4594,995.0,308.0,87.6099,87.6158,87.5271,0.0828,0.0887,0.0059
4595,998.2,336.8,87.6154,87.6213,87.5322,0.0832,0.0891,0.0059
4596,1124.6,335.9,87.6209,87.6267,87.5377,0.0832,0.0890,0.0059
4597,878.1,324.9,87.6264,87.6322,87.5428,0.0836,0.0895,0.0059
4598,998.8,322.9,87.6318,87.6377,87.5478,0.0840,0.0899,0.0059
4599,1006.2,286.4,87.6373,87.6432,87.5534,0.0839,0.0898,0.0059
4600,994.8,332.2,87.6429,87.6487,87.5588,0.0841,0.0900,0.0059
4601,998.2,366.5,87.6484,87.6543,87.5643,0.0841,0.0900,0.0059
4602,999.6,335.0,87.6539,87.6598,87.5699,0.0840,0.0899,0.0059
4603,1012.0,302.3,87.6594,87.6653,87.5761,0.0833,0.0892,0.0059
4604,989.1,327.3,87.6649,87.6708,87.5819,0.0830,0.0889,0.0059
4605,999.7,355.8,87.6704,87.6763,87.5875,0.0829,0.0888,0.0059
4606,1035.5,366.2,87.6760,87.6819,87.5933,0.0827,0.0886,0.0059
4607,966.8,349.6,87.6815,87.6874,87.5995,0.0820,0.0879,0.0059
4608,997.3,364.1,87.6870,87.6929,87.6053,0.0817,0.0876,0.0059
4609,999.6,307.4,87.6926,87.6985,87.6112,0.0813,0.0872,0.0059
4610,1000.1,289.8,87.6981,87.7040,87.6171,0.0810,0.0870,0.0059
4611,1000.6,286.5,87.7036,87.7096,87.6232,0.0804,0.0863,0.0059
4612,998.9,339.9,87.7092,87.7151,87.6288,0.0804,0.0863,0.0059
4613,990.0,346.7,87.7147,87.7207,87.6345,0.0802,0.0862,0.0059
4614,1004.3,318.2,87.7203,87.7262,87.6406,0.0797,0.0856,0.0059
4615,1010.0,330.0,87.7259,87.7318,87.6462,0.0796,0.0856,0.0059
4616,1000.8,346.6,87.7314,87.7374,87.6518,0.0796,0.0855,0.0059
4617,1132.7,317.9,87.7370,87.7429,87.6572,0.0798,0.0857,0.0059
4618,892.2,390.3,87.7426,87.7485,87.6630,0.0796,0.0855,0.0059
4619,983.0,345.3,87.7481,87.7541,87.6681,0.0800,0.0859,0.0059
4620,989.8,333.8,87.7537,87.7597,87.6734,0.0804,0.0863,0.0059
4621,1000.0,321.6,87.7593,87.7652,87.6785,0.0808,0.0867,0.0059
4622,1000.1,347.7,87.7649,87.7708,87.6839,0.0810,0.0869,0.0059
4623,998.6,342.5,87.7705,87.7764,87.6897,0.0808,0.0868,0.0059
4624,1012.0,314.3,87.7761,87.7820,87.6952,0.0809,0.0868,0.0059
4625,989.2,287.1,87.7817,87.7876,87.7006,0.0811,0.0870,0.0059
4626,1000.6,283.3,87.7873,87.7932,87.7058,0.0815,0.0874,0.0059
4627,999.6,268.5,87.7929,87.7988,87.7115,0.0814,0.0874,0.0059
4628,998.8,266.5,87.7985,87.8044,87.7167,0.0818,0.0877,0.0059
4629,1000.2,330.3,87.8041,87.8100,87.7220,0.0821,0.0880,0.0059
4630,1000.5,341.5,87.8097,87.8157,87.7279,0.0818,0.0878,0.0059
4631,998.5,242.3,87.8153,87.8213,87.7334,0.0819,0.0878,0.0060
4632,1001.6,287.3,87.8209,87.8269,87.7389,0.0820,0.0880,0.0060
4633,1000.0,348.8,87.8266,87.8325,87.7444,0.0822,0.0881,0.0060
4634,1005.3,325.0,87.8322,87.8382,87.7498,0.0824,0.0884,0.0060
4635,997.1,312.8,87.8378,87.8438,87.7553,0.0825,0.0884,0.0060
4636,1000.3,335.4,87.8435,87.8494,87.7605,0.0829,0.0889,0.0060
4637,998.2,307.6,87.8491,87.8551,87.7658,0.0833,0.0893,0.0060
4638,999.6,312.0,87.8547,87.8607,87.7715,0.0832,0.0892,0.0060
4639,998.0,302.7,87.8604,87.8664,87.7769,0.0835,0.0895,0.0060
4640,1000.4,276.9,87.8660,87.8720,87.7822,0.0838,0.0898,0.0060
4641,1021.2,353.7,87.8717,87.8777,87.7874,0.0842,0.0902,0.0060
4642,981.5,464.1,87.8774,87.8833,87.7930,0.0844,0.0904,0.0060
4643,3657.8,1073.2,87.8830,87.8890,87.8130,0.0700,0.0760,0.0060
4644,1081.3,461.4,87.8887,87.8946,87.8181,0.0706,0.0766,0.0060
4645,464.2,350.3,87.8943,87.9003,87.8181,0.0763,0.0822,0.0060
4646,352.9,553.9,87.9000,87.9060,87.8233,0.0768,0.0827,0.0060
4647,556.6,490.4,87.9057,87.9117,87.8233,0.0824,0.0884,0.0060
4648,493.1,529.3,87.9114,87.9173,87.8284,0.0830,0.0890,0.0060
4649,532.1,268.9,87.9170,87.9230,87.8284,0.0887,0.0946,0.0060
4650,858.1,286.8,87.9227,87.9287,87.8336,0.0891,0.0951,0.0060
4651,997.9,271.2,87.9284,87.9344,87.8381,0.0903,0.0963,0.0060
4652,1002.3,264.3,87.9341,87.9401,87.8425,0.0916,0.0976,0.0060
4653,976.1,332.9,87.9398,87.9458,87.8472,0.0926,0.0985,0.0060
4654,1019.3,397.8,87.9455,87.9515,87.8531,0.0924,0.0984,0.0060
4655,998.8,270.3,87.9512,87.9572,87.8590,0.0922,0.0982,0.0060
4656,994.2,262.1,87.9569,87.9629,87.8651,0.0918,0.0978,0.0060
4657,1008.9,288.7,87.9626,87.9686,87.8712,0.0914,0.0974,0.0060
4658,994.9,243.4,87.9683,87.9743,87.8777,0.0907,0.0967,0.0060
4659,999.7,251.4,87.9740,87.9800,87.8835,0.0905,0.0965,0.0060
4660,999.0,273.3,87.9797,87.9857,87.8895,0.0903,0.0963,0.0060
4661,999.8,267.1,87.9855,87.9915,87.8954,0.0900,0.0960,0.0060
4662,1000.3,273.0,87.9912,87.9972,87.9019,0.0893,0.0953,0.0060
4663,1001.4,251.3,87.9969,88.0029,87.9079,0.0890,0.0950,0.0060
4664,3665.6,531.9,88.0026,88.0086,87.9317,0.0710,0.0770,0.0060
4665,535.2,2492.5,88.0084,88.0144,87.9317,0.0767,0.0827,0.0060
4666,2496.9,519.4,88.0141,88.0201,87.9491,0.0651,0.0711,0.0060
4667,521.9,227.0,88.0199,88.0259,87.9491,0.0708,0.0768,0.0060
4668,229.0,584.2,88.0256,88.0316,87.9545,0.0711,0.0771,0.0060
4669,586.4,247.3,88.0313,88.0374,87.9545,0.0768,0.0828,0.0060
4670,249.2,266.1,88.0371,88.0431,87.9545,0.0826,0.0886,0.0060
4671,268.7,257.1,88.0428,88.0489,87.9597,0.0831,0.0891,0.0060
4672,448.6,233.0,88.0486,88.0546,87.9597,0.0889,0.0949,0.0060
4673,1005.9,239.1,88.0544,88.0604,87.9648,0.0896,0.0956,0.0060
4674,1070.6,295.3,88.0601,88.0661,87.9701,0.0900,0.0960,0.0060
4675,922.6,281.1,88.0659,88.0719,87.9749,0.0909,0.0970,0.0060
4676,998.9,274.0,88.0716,88.0777,87.9803,0.0913,0.0973,0.0060
4677,999.8,254.2,88.0774,88.0834,87.9864,0.0910,0.0971,0.0060
4678,1000.0,266.3,88.0832,88.0892,87.9936,0.0896,0.0956,0.0060
4679,999.5,240.9,88.0890,88.0950,88.0006,0.0884,0.0944,0.0060
4680,1001.5,273.4,88.0948,88.1008,88.0074,0.0873,0.0934,0.0060
4681,1545.2,237.7,88.1005,88.1066,88.0208,0.0798,0.0858,0.0060
4682,458.4,223.2,88.1063,88.1124,88.0208,0.0855,0.0916,0.0060
4683,992.3,255.1,88.1121,88.1181,88.0271,0.0850,0.0910,0.0060
4684,1000.7,260.6,88.1179,88.1239,88.0334,0.0845,0.0906,0.0060
4685,1002.7,236.4,88.1237,88.1297,88.0396,0.0841,0.0902,0.0060
4686,1010.1,292.5,88.1295,88.1355,88.0461,0.0834,0.0894,0.0060
4687,996.4,231.3,88.1353,88.1413,88.0528,0.0825,0.0885,0.0060
4688,996.7,279.0,88.1411,88.1472,88.0583,0.0828,0.0888,0.0060
4689,1001.1,268.9,88.1469,88.1530,88.0641,0.0828,0.0888,0.0060
4690,997.4,242.8,88.1527,88.1588,88.0693,0.0834,0.0895,0.0060
4691,1000.1,220.8,88.1585,88.1646,88.0745,0.0841,0.0901,0.0060
4692,998.6,251.4,88.1644,88.1704,88.0797,0.0847,0.0907,0.0061
4693,1000.8,269.3,88.1702,88.1762,88.0855,0.0846,0.0907,0.0061
4694,999.3,497.0,88.1760,88.1821,88.0909,0.0851,0.0911,0.0061
4695,1001.1,284.7,88.1818,88.1879,88.0963,0.0855,0.0916,0.0061
4696,999.5,480.3,88.1877,88.1937,88.1017,0.0860,0.0920,0.0061
4697,1001.4,297.5,88.1935,88.1995,88.1070,0.0865,0.0926,0.0061
4698,998.6,494.7,88.1993,88.2054,88.1127,0.0866,0.0926,0.0061
4699,1000.2,264.5,88.2052,88.2112,88.1182,0.0869,0.0930,0.0061
4700,1003.4,307.6,88.2110,88.2171,88.1238,0.0872,0.0933,0.0061
4701,995.3,268.3,88.2168,88.2229,88.1238,0.0930,0.0991,0.0061
4702,999.1,261.9,88.2227,88.2288,88.1294,0.0933,0.0994,0.0061
4703,1002.8,270.5,88.2285,88.2346,88.1352,0.0933,0.0994,0.0061
4704,999.3,302.0,88.2344,88.2405,88.1406,0.0938,0.0999,0.0061
4705,1035.7,318.0,88.2402,88.2463,88.1461,0.0941,0.1002,0.0061
4706,967.8,264.1,88.2461,88.2522,88.1519,0.0942,0.1002,0.0061
4707,996.1,266.3,88.2520,88.2580,88.1584,0.0936,0.0997,0.0061
4708,999.5,288.4,88.2578,88.2639,88.1644,0.0935,0.0995,0.0061
4709,1010.3,326.9,88.2637,88.2698,88.1703,0.0934,0.0995,0.0061
4710,998.6,294.6,88.2696,88.2756,88.1762,0.0934,0.0995,0.0061
4711,999.5,261.9,88.2754,88.2815,88.1823,0.0931,0.0992,0.0061
4712,1005.1,328.2,88.2813,88.2874,88.1880,0.0933,0.0994,0.0061
4713,996.3,316.1,88.2872,88.2933,88.1936,0.0936,0.0996,0.0061
4714,999.6,272.3,88.2931,88.2991,88.1998,0.0933,0.0994,0.0061
4715,1000.6,358.3,88.2989,88.3050,88.2057,0.0932,0.0993,0.0061
4716,999.3,335.4,88.3048,88.3109,88.2117,0.0931,0.0992,0.0061
4717,999.7,314.0,88.3107,88.3168,88.2177,0.0930,0.0991,0.0061
4718,1000.3,339.6,88.3166,88.3227,88.2240,0.0926,0.0987,0.0061
4719,999.9,352.1,88.3225,88.3286,88.2299,0.0926,0.0987,0.0061
4720,1003.9,384.2,88.3284,88.3345,88.2358,0.0926,0.0987,0.0061
4721,997.0,304.5,88.3343,88.3404,88.2418,0.0925,0.0986,0.0061
4722,999.2,270.9,88.3402,88.3463,88.2486,0.0916,0.0977,0.0061
4723,1000.5,283.6,88.3461,88.3522,88.2549,0.0912,0.0973,0.0061
4724,999.3,363.8,88.3520,88.3581,88.2613,0.0907,0.0968,0.0061
4725,998.1,340.9,88.3579,88.3640,88.2677,0.0902,0.0963,0.0061
4726,1001.6,339.9,88.3638,88.3699,88.2745,0.0894,0.0955,0.0061
4727,1014.6,330.1,88.3698,88.3759,88.2808,0.0889,0.0950,0.0061
4728,999.0,311.4,88.3757,88.3818,88.2872,0.0885,0.0946,0.0061
4729,988.9,327.4,88.3816,88.3877,88.2936,0.0880,0.0941,0.0061
4730,997.3,349.1,88.3875,88.3936,88.3005,0.0870,0.0931,0.0061
4731,999.5,305.6,88.3934,88.3996,88.3067,0.0867,0.0928,0.0061
4732,999.7,288.7,88.3994,88.4055,88.3126,0.0868,0.0929,0.0061
4733,1002.0,317.4,88.4053,88.4114,88.3184,0.0869,0.0930,0.0061
4734,999.1,308.8,88.4112,88.4174,88.3245,0.0867,0.0928,0.0061
4735,1001.2,336.5,88.4172,88.4233,88.3303,0.0869,0.0930,0.0061
4736,1000.5,360.2,88.4231,88.4292,88.3360,0.0871,0.0932,0.0061
4737,1004.1,325.5,88.4291,88.4352,88.3418,0.0873,0.0934,0.0061
4738,995.3,340.8,88.4350,88.4411,88.3479,0.0871,0.0932,0.0061
4739,1000.5,360.8,88.4410,88.4471,88.3536,0.0874,0.0935,0.0061
4740,1000.0,318.6,88.4469,88.4530,88.3592,0.0877,0.0939,0.0061
4741,999.8,286.3,88.4529,88.4590,88.3648,0.0881,0.0942,0.0061
4742,999.8,294.6,88.4588,88.4649,88.3709,0.0879,0.0940,0.0061
4743,1000.3,290.1,88.4648,88.4709,88.3767,0.0881,0.0942,0.0061
4744,999.8,332.2,88.4707,88.4768,88.3824,0.0883,0.0945,0.0061
4745,1000.3,385.8,88.4767,88.4828,88.3881,0.0886,0.0947,0.0061
4746,999.0,344.4,88.4827,88.4888,88.3941,0.0886,0.0947,0.0061
4747,997.6,321.6,88.4886,88.4947,88.3998,0.0888,0.0949,0.0061
4748,999.4,365.0,88.4946,88.5007,88.4054,0.0892,0.0953,0.0061
4749,1000.4,296.2,88.5006,88.5067,88.4111,0.0895,0.0956,0.0061
4750,1000.5,335.1,88.5065,88.5127,88.4173,0.0893,0.0954,0.0061
4751,999.7,335.4,88.5125,88.5186,88.4229,0.0896,0.0958,0.0061
4752,999.7,288.4,88.5185,88.5246,88.4283,0.0902,0.0963,0.0061
4753,1006.4,353.6,88.5245,88.5306,88.4337,0.0907,0.0969,0.0061
4754,995.3,324.3,88.5305,88.5366,88.4393,0.0911,0.0973,0.0061
4755,1000.9,347.1,88.5364,88.5426,88.4445,0.0919,0.0981,0.0061
4756,1000.9,327.1,88.5424,88.5486,88.4498,0.0926,0.0988,0.0061
4757,999.1,357.3,88.5484,88.5546,88.4554,0.0931,0.0992,0.0061
4758,998.1,341.0,88.5544,88.5606,88.4615,0.0929,0.0990,0.0061
4759,999.8,314.4,88.5604,88.5666,88.4672,0.0932,0.0994,0.0061
4760,1000.1,381.2,88.5664,88.5726,88.4729,0.0935,0.0996,0.0061
4761,1000.4,308.5,88.5724,88.5786,88.4786,0.0938,0.0999,0.0061
4762,999.9,287.4,88.5784,88.5846,88.4848,0.0936,0.0997,0.0061
4763,999.6,298.2,88.5844,88.5906,88.4908,0.0936,0.0997,0.0061
4764,1001.2,330.5,88.5904,88.5966,88.4971,0.0934,0.0995,0.0061
4765,998.7,326.6,88.5964,88.6026,88.5034,0.0930,0.0992,0.0061
4766,1001.5,334.9,88.6025,88.6086,88.5104,0.0920,0.0982,0.0061
4767,1013.8,311.3,88.6085,88.6146,88.5170,0.0915,0.0976,0.0061
4768,991.7,335.4,88.6145,88.6206,88.5235,0.0910,0.0971,0.0062
4769,1001.0,332.8,88.6205,88.6267,88.5299,0.0906,0.0967,0.0062
4770,997.2,384.8,88.6265,88.6327,88.5365,0.0901,0.0962,0.0062
4771,995.1,310.5,88.6325,88.6387,88.5437,0.0889,0.0950,0.0062
4772,998.9,292.8,88.6386,88.6447,88.5504,0.0882,0.0944,0.0062
4773,999.6,305.6,88.6446,88.6508,88.5571,0.0875,0.0937,0.0062
4774,1001.0,287.4,88.6506,88.6568,88.5640,0.0866,0.0928,0.0062
4775,1000.8,336.3,88.6567,88.6628,88.5703,0.0864,0.0925,0.0062
4776,997.9,333.7,88.6627,88.6689,88.5767,0.0860,0.0922,0.0062
4777,1002.4,323.9,88.6687,88.6749,88.5831,0.0856,0.0918,0.0062
4778,997.7,334.9,88.6748,88.6809,88.5901,0.0846,0.0908,0.0062
4779,1001.9,294.0,88.6808,88.6870,88.5967,0.0841,0.0903,0.0062
4780,1000.1,336.3,88.6869,88.6930,88.6032,0.0837,0.0898,0.0062
4781,1000.5,341.5,88.6929,88.6991,88.6097,0.0832,0.0894,0.0062
4782,997.9,288.8,88.6990,88.7051,88.6165,0.0824,0.0886,0.0062
4783,1001.4,297.7,88.7050,88.7112,88.6229,0.0821,0.0883,0.0062
4784,999.8,278.5,88.7111,88.7172,88.6292,0.0818,0.0880,0.0062
4785,1000.2,337.2,88.7171,88.7233,88.6353,0.0818,0.0879,0.0062
4786,999.5,311.9,88.7232,88.7293,88.6418,0.0813,0.0875,0.0062
4787,1006.7,332.5,88.7292,88.7354,88.6477,0.0816,0.0877,0.0062
4788,994.5,352.3,88.7353,88.7415,88.6533,0.0820,0.0881,0.0062
4789,999.5,337.4,88.7413,88.7475,88.6588,0.0825,0.0887,0.0062
4790,998.2,311.4,88.7474,88.7536,88.6648,0.0826,0.0888,0.0062
4791,1000.4,337.7,88.7535,88.7597,88.6702,0.0833,0.0894,0.0062
4792,999.3,302.9,88.7595,88.7657,88.6755,0.0840,0.0902,0.0062
4793,1000.1,321.1,88.7656,88.7718,88.6806,0.0850,0.0912,0.0062
4794,1000.0,294.3,88.7717,88.7779,88.6860,0.0857,0.0918,0.0062
4795,1000.3,357.7,88.7778,88.7839,88.6909,0.0868,0.0930,0.0062
4796,999.2,331.3,88.7838,88.7900,88.6958,0.0880,0.0942,0.0062
4797,1000.3,352.5,88.7899,88.7961,88.7007,0.0892,0.0954,0.0062
4798,1000.2,346.8,88.7960,88.8022,88.7063,0.0898,0.0959,0.0062
4799,1001.5,335.9,88.8021,88.8083,88.7114,0.0907,0.0968,0.0062
4800,999.8,339.7,88.8082,88.8144,88.7167,0.0915,0.0977,0.0062
4801,1000.2,300.2,88.8143,88.8204,88.7218,0.0925,0.0987,0.0062
4802,998.9,291.1,88.8203,88.8265,88.7273,0.0931,0.0992,0.0062
4803,1007.1,326.3,88.8264,88.8326,88.7324,0.0940,0.1002,0.0062
4804,996.6,303.3,88.8325,88.8387,88.7376,0.0949,0.1011,0.0062
4805,997.7,309.5,88.8386,88.8448,88.7431,0.0955,0.1017,0.0062
4806,1002.1,330.2,88.8447,88.8509,88.7492,0.0955,0.1017,0.0062
4807,1010.1,325.2,88.8508,88.8570,88.7551,0.0957,0.1019,0.0062
4808,991.8,285.9,88.8569,88.8631,88.7612,0.0957,0.1019,0.0062
4809,997.3,281.4,88.8630,88.8692,88.7672,0.0958,0.1020,0.0062
4810,998.6,320.3,88.8691,88.8753,88.7738,0.0953,0.1015,0.0062
4811,999.4,295.4,88.8752,88.8814,88.7799,0.0953,0.1015,0.0062
4812,1000.4,273.8,88.8813,88.8875,88.7863,0.0951,0.1013,0.0062
4813,999.5,307.9,88.8874,88.8936,88.7933,0.0942,0.1003,0.0062
4814,999.1,287.0,88.8936,88.8998,88.7998,0.0937,0.0999,0.0062
4815,1000.0,350.3,88.8997,88.9059,88.8063,0.0934,0.0996,0.0062
4816,999.9,367.7,88.9058,88.9120,88.8126,0.0932,0.0994,0.0062
4817,999.9,281.2,88.9119,88.9181,88.8193,0.0926,0.0988,0.0062
4818,1000.2,311.9,88.9180,88.9242,88.8255,0.0925,0.0987,0.0062
4819,1001.5,352.7,88.9241,88.9303,88.8318,0.0924,0.0986,0.0062
4820,1003.8,335.0,88.9303,88.9365,88.8382,0.0921,0.0983,0.0062
4821,997.8,309.6,88.9364,88.9426,88.8452,0.0912,0.0974,0.0062
4822,997.8,266.4,88.9425,88.9487,88.8519,0.0906,0.0968,0.0062
4823,1001.6,272.0,88.9486,88.9548,88.8586,0.0900,0.0963,0.0062
4824,998.0,272.4,88.9548,88.9610,88.8652,0.0895,0.0957,0.0062
4825,1001.5,342.4,88.9609,88.9671,88.8725,0.0884,0.0946,0.0062
4826,1000.1,304.2,88.9670,88.9732,88.8792,0.0878,0.0940,0.0062
4827,999.1,302.9,88.9732,88.9794,88.8861,0.0871,0.0933,0.0062
4828,1000.3,284.5,88.9793,88.9855,88.8928,0.0865,0.0927,0.0062
4829,1000.3,258.0,88.9854,88.9917,88.8999,0.0856,0.0918,0.0062
4830,1000.2,321.0,88.9916,88.9978,88.9062,0.0854,0.0916,0.0062
4831,999.6,308.8,88.9977,89.0039,88.9124,0.0853,0.0915,0.0062
4832,999.4,282.7,89.0039,89.0101,88.9185,0.0853,0.0915,0.0062
4833,998.6,304.8,89.0100,89.0162,88.9250,0.0850,0.0912,0.0062
4834,1000.6,304.5,89.0162,89.0224,88.9307,0.0855,0.0917,0.0062
4835,1002.2,339.1,89.0223,89.0285,88.9362,0.0862,0.0924,0.0062
4836,997.5,367.5,89.0285,89.0347,88.9413,0.0872,0.0934,0.0062
4837,1006.0,353.4,89.0346,89.0408,88.9467,0.0879,0.0941,0.0062
4838,995.2,340.8,89.0408,89.0470,88.9517,0.0890,0.0952,0.0062
4839,998.6,351.5,89.0469,89.0531,88.9571,0.0898,0.0960,0.0062
4840,1000.8,367.1,89.0531,89.0593,88.9625,0.0906,0.0968,0.0062
4841,999.0,315.6,89.0592,89.0654,88.9683,0.0909,0.0971,0.0062
4842,1002.6,300.1,89.0654,89.0716,88.9738,0.0916,0.0978,0.0062
4843,1002.2,403.3,89.0715,89.0778,88.9792,0.0923,0.0986,0.0062
4844,996.0,329.2,89.0777,89.0839,88.9847,0.0930,0.0993,0.0062
4845,1009.8,387.6,89.0839,89.0901,88.9907,0.0932,0.0994,0.0062
4846,998.7,328.9,89.0900,89.0963,88.9964,0.0937,0.0999,0.0062
4847,1002.8,342.6,89.0962,89.1024,89.0024,0.0938,0.1000,0.0062
4848,972.4,314.4,89.1024,89.1086,89.0095,0.0929,0.0991,0.0062
4849,1017.4,284.4,89.1085,89.1148,89.0162,0.0924,0.0986,0.0062
4850,1000.4,293.6,89.1147,89.1209,89.0223,0.0924,0.0987,0.0062
4851,999.1,330.9,89.1209,89.1271,89.0283,0.0926,0.0988,0.0062
4852,1000.0,318.0,89.1271,89.1333,89.0344,0.0927,0.0989,0.0062
4853,1001.4,343.0,89.1332,89.1395,89.0411,0.0922,0.0984,0.0062
4854,1002.6,321.5,89.1394,89.1456,89.0474,0.0920,0.0982,0.0062
4855,995.8,340.9,89.1456,89.1518,89.0539,0.0917,0.0979,0.0062
4856,999.6,276.5,89.1518,89.1580,89.0603,0.0915,0.0977,0.0062
4857,1000.0,323.5,89.1580,89.1642,89.0669,0.0911,0.0973,0.0062
4858,1000.5,331.9,89.1641,89.1704,89.0729,0.0912,0.0975,0.0062
4859,1000.1,320.0,89.1703,89.1766,89.0791,0.0912,0.0975,0.0062
4860,999.1,309.0,89.1765,89.1827,89.0853,0.0912,0.0975,0.0062
4861,1001.9,326.5,89.1827,89.1889,89.0853,0.0974,0.1036,0.0062
4862,999.2,269.9,89.1889,89.1951,89.0921,0.0968,0.1030,0.0062
4863,1001.0,337.1,89.1951,89.2013,89.0985,0.0965,0.1028,0.0062
4864,999.3,272.7,89.2013,89.2075,89.1050,0.0962,0.1025,0.0062
4865,1001.5,319.8,89.2075,89.2137,89.1122,0.0952,0.1015,0.0062
4866,997.6,318.0,89.2136,89.2199,89.1190,0.0946,0.1009,0.0062
4867,1001.0,305.3,89.2198,89.2261,89.1258,0.0940,0.1002,0.0062
4868,1001.4,351.2,89.2260,89.2323,89.1327,0.0934,0.0996,0.0062
4869,999.1,344.4,89.2322,89.2385,89.1400,0.0922,0.0985,0.0062
4870,1000.7,324.6,89.2384,89.2447,89.1468,0.0916,0.0979,0.0062
4871,1000.2,312.3,89.2446,89.2509,89.1535,0.0912,0.0974,0.0062
4872,999.6,286.7,89.2508,89.2571,89.1601,0.0907,0.0970,0.0062
4873,999.4,357.7,89.2570,89.2633,89.1673,0.0897,0.0960,0.0062
4874,1001.2,265.1,89.2632,89.2695,89.1740,0.0893,0.0955,0.0062
4875,999.6,327.2,89.2694,89.2757,89.1805,0.0889,0.0952,0.0062
4876,998.7,318.7,89.2757,89.2819,89.1867,0.0889,0.0952,0.0062
4877,998.7,295.3,89.2819,89.2881,89.1932,0.0887,0.0950,0.0062
4878,1000.6,293.0,89.2881,89.2943,89.1989,0.0891,0.0954,0.0062
4879,1000.3,319.1,89.2943,89.3005,89.2048,0.0895,0.0958,0.0062
4880,998.9,283.3,89.3005,89.3067,89.2106,0.0899,0.0961,0.0062
4881,999.9,320.0,89.3067,89.3130,89.2169,0.0898,0.0960,0.0062
4882,1001.6,303.1,89.3129,89.3192,89.2227,0.0902,0.0965,0.0062
4883,999.3,304.4,89.3191,89.3254,89.2283,0.0908,0.0971,0.0062
4884,1001.4,316.6,89.3253,89.3316,89.2338,0.0915,0.0978,0.0062
4885,998.7,326.6,89.3316,89.3378,89.2398,0.0918,0.0981,0.0063
4886,1000.0,279.1,89.3378,89.3440,89.2453,0.0925,0.0987,0.0063
4887,1002.5,322.8,89.3440,89.3503,89.2510,0.0930,0.0992,0.0063
4888,1000.0,300.5,89.3502,89.3565,89.2570,0.0932,0.0994,0.0063
4889,998.5,328.2,89.3564,89.3627,89.2635,0.0929,0.0992,0.0063
4890,999.2,359.7,89.3627,89.3689,89.2695,0.0932,0.0994,0.0063
4891,1002.4,324.5,89.3689,89.3751,89.2755,0.0934,0.0996,0.0063
4892,988.6,305.1,89.3751,89.3814,89.2814,0.0937,0.0999,0.0063
4893,983.7,306.0,89.3813,89.3876,89.2879,0.0934,0.0997,0.0063
4894,1026.9,353.2,89.3876,89.3938,89.2940,0.0935,0.0998,0.0063
4895,1000.3,346.4,89.3938,89.4001,89.3002,0.0936,0.0999,0.0063
4896,999.0,345.7,89.4000,89.4063,89.3063,0.0937,0.1000,0.0063
4897,999.8,338.0,89.4063,89.4125,89.3126,0.0936,0.0999,0.0063
4898,998.7,365.1,89.4125,89.4187,89.3183,0.0942,0.1004,0.0063
4899,999.7,311.2,89.4187,89.4250,89.3238,0.0949,0.1012,0.0063
4900,999.8,322.7,89.4250,89.4312,89.3294,0.0956,0.1019,0.0063
4901,1001.2,303.0,89.4312,89.4374,89.3357,0.0955,0.1018,0.0063
4902,999.4,303.4,89.4374,89.4437,89.3418,0.0956,0.1019,0.0063
4903,999.4,328.6,89.4437,89.4499,89.3480,0.0957,0.1019,0.0063
4904,1002.8,310.7,89.4499,89.4562,89.3542,0.0957,0.1020,0.0063
4905,998.7,317.5,89.4561,89.4624,89.3608,0.0953,0.1016,0.0063
4906,1001.8,348.4,89.4624,89.4686,89.3672,0.0952,0.1014,0.0063
4907,998.2,343.3,89.4686,89.4749,89.3736,0.0950,0.1013,0.0063
4908,1000.5,361.0,89.4749,89.4811,89.3801,0.0948,0.1010,0.0063
4909,998.5,301.7,89.4811,89.4874,89.3872,0.0939,0.1002,0.0063
4910,999.7,291.7,89.4873,89.4936,89.3937,0.0937,0.0999,0.0063
4911,1001.8,310.3,89.4936,89.4998,89.4002,0.0934,0.0996,0.0063
4912,1001.0,317.2,89.4998,89.5061,89.4068,0.0931,0.0993,0.0063
4913,998.7,370.3,89.5061,89.5123,89.4137,0.0923,0.0986,0.0063
4914,999.8,290.3,89.5123,89.5186,89.4203,0.0920,0.0983,0.0063
4915,1001.0,300.2,89.5186,89.5248,89.4269,0.0917,0.0980,0.0063
4916,999.3,349.0,89.5248,89.5311,89.4335,0.0913,0.0976,0.0063
4917,999.8,369.3,89.5311,89.5373,89.4403,0.0907,0.0970,0.0063
4918,1000.0,341.6,89.5373,89.5436,89.4465,0.0908,0.0970,0.0063
4919,998.1,375.5,89.5436,89.5498,89.4527,0.0909,0.0971,0.0063
4920,1003.6,360.1,89.5498,89.5561,89.4590,0.0908,0.0971,0.0063
4921,1008.7,316.6,89.5561,89.5623,89.4658,0.0903,0.0965,0.0063
4922,991.3,335.1,89.5623,89.5686,89.4722,0.0901,0.0964,0.0063
4923,1000.6,317.9,89.5686,89.5748,89.4787,0.0899,0.0962,0.0063
4924,1015.6,330.4,89.5748,89.5811,89.4853,0.0895,0.0958,0.0063
4925,3667.9,541.5,89.5811,89.5873,89.5114,0.0697,0.0760,0.0063
4926,548.4,327.6,89.5873,89.5936,89.5114,0.0760,0.0823,0.0063
4927,333.0,379.4,89.5936,89.5999,89.5183,0.0753,0.0815,0.0063
4928,385.4,292.3,89.5998,89.6061,89.5183,0.0815,0.0878,0.0063
4929,297.3,290.2,89.6061,89.6124,89.5183,0.0878,0.0940,0.0063
4930,714.6,292.2,89.6124,89.6186,89.5244,0.0880,0.0943,0.0063
4931,1024.4,294.4,89.6186,89.6249,89.5302,0.0885,0.0947,0.0063
4932,1027.0,308.4,89.6249,89.6312,89.5357,0.0892,0.0954,0.0063
4933,988.3,273.7,89.6311,89.6374,89.5416,0.0895,0.0958,0.0063
4934,1003.2,301.8,89.6374,89.6437,89.5473,0.0901,0.0964,0.0063
4935,1018.6,314.2,89.6437,89.6499,89.5533,0.0904,0.0967,0.0063
4936,988.0,332.8,89.6499,89.6562,89.5594,0.0906,0.0968,0.0063
4937,991.4,563.2,89.6562,89.6625,89.5661,0.0901,0.0964,0.0063
4938,1002.0,303.1,89.6625,89.6687,89.5720,0.0904,0.0967,0.0063
4939,988.4,255.8,89.6687,89.6750,89.5778,0.0909,0.0972,0.0063
4940,996.7,245.1,89.6750,89.6813,89.5835,0.0915,0.0978,0.0063
4941,1005.4,300.0,89.6813,89.6875,89.5896,0.0917,0.0980,0.0063
4942,3686.5,1226.2,89.6875,89.6938,89.6142,0.0733,0.0796,0.0063
4943,1230.2,365.5,89.6938,89.7001,89.6204,0.0734,0.0796,0.0063
4944,368.1,375.0,89.7001,89.7063,89.6204,0.0796,0.0859,0.0063
4945,377.9,509.6,89.7063,89.7126,89.6267,0.0796,0.0859,0.0063
4946,512.0,353.1,89.7126,89.7189,89.6267,0.0859,0.0922,0.0063
4947,355.6,250.6,89.7189,89.7251,89.6327,0.0861,0.0924,0.0063
4948,471.4,290.5,89.7251,89.7314,89.6327,0.0924,0.0987,0.0063
4949,997.3,296.7,89.7314,89.7377,89.6392,0.0922,0.0985,0.0063
4950,1000.1,292.2,89.7377,89.7439,89.6448,0.0929,0.0992,0.0063
4951,1004.6,271.5,89.7439,89.7502,89.6501,0.0938,0.1001,0.0063
4952,995.3,253.0,89.7502,89.7565,89.6557,0.0945,0.1007,0.0063
4953,1001.2,241.6,89.7565,89.7628,89.6625,0.0940,0.1003,0.0063
4954,998.5,245.5,89.7628,89.7690,89.6693,0.0935,0.0998,0.0063
4955,995.3,224.4,89.7690,89.7753,89.6762,0.0928,0.0991,0.0063
4956,1008.6,790.5,89.7753,89.7816,89.6830,0.0923,0.0986,0.0063
4957,998.9,252.2,89.7816,89.7879,89.6901,0.0915,0.0978,0.0063
4958,997.4,261.8,89.7878,89.7941,89.6964,0.0915,0.0978,0.0063
4959,999.8,226.3,89.7941,89.8004,89.7024,0.0917,0.0980,0.0063
4960,1007.2,262.7,89.8004,89.8067,89.7084,0.0920,0.0983,0.0063
4961,992.5,256.6,89.8067,89.8130,89.7150,0.0917,0.0980,0.0063
4962,999.3,216.0,89.8130,89.8192,89.7213,0.0916,0.0979,0.0063
4963,999.9,275.8,89.8192,89.8255,89.7275,0.0917,0.0980,0.0063
4964,997.8,265.6,89.8255,89.8318,89.7336,0.0919,0.0982,0.0063
4965,1004.7,229.0,89.8318,89.8381,89.7403,0.0915,0.0978,0.0063
4966,994.9,267.2,89.8381,89.8443,89.7466,0.0915,0.0977,0.0063
4967,1004.8,345.2,89.8443,89.8506,89.7530,0.0913,0.0976,0.0063
4968,1001.2,313.1,89.8506,89.8569,89.7596,0.0910,0.0973,0.0063
4969,992.4,258.5,89.8569,89.8632,89.7668,0.0901,0.0964,0.0063
4970,1006.1,307.3,89.8632,89.8695,89.7735,0.0896,0.0959,0.0063
4971,1001.4,283.6,89.8694,89.8757,89.7802,0.0892,0.0955,0.0063
4972,995.8,268.6,89.8757,89.8820,89.7867,0.0890,0.0953,0.0063
4973,998.7,305.1,89.8820,89.8883,89.7934,0.0886,0.0949,0.0063
4974,1003.3,264.9,89.8883,89.8946,89.7996,0.0886,0.0949,0.0063
4975,999.8,267.6,89.8946,89.9008,89.8058,0.0887,0.0950,0.0063
4976,997.3,240.8,89.9008,89.9071,89.8122,0.0887,0.0950,0.0063
4977,999.5,226.2,89.9071,89.9134,89.8188,0.0883,0.0946,0.0063
4978,999.5,229.2,89.9134,89.9197,89.8246,0.0888,0.0951,0.0063
4979,1003.7,246.4,89.9197,89.9260,89.8301,0.0896,0.0959,0.0063
4980,995.7,267.7,89.9260,89.9323,89.8356,0.0904,0.0967,0.0063
4981,1000.1,302.7,89.9323,89.9385,89.8411,0.0912,0.0975,0.0063
4982,1009.3,298.9,89.9385,89.9448,89.8471,0.0915,0.0978,0.0063
4983,1000.8,274.2,89.9448,89.9511,89.8528,0.0920,0.0983,0.0063
4984,998.6,297.7,89.9511,89.9574,89.8587,0.0924,0.0987,0.0063
4985,1000.4,315.6,89.9574,89.9637,89.8646,0.0928,0.0991,0.0063
4986,1015.9,411.9,89.9637,89.9699,89.8709,0.0927,0.0990,0.0063
4987,986.1,294.5,89.9699,89.9762,89.8767,0.0932,0.0995,0.0063
4988,992.4,289.5,89.9762,89.9825,89.8826,0.0936,0.0999,0.0063
4989,998.6,431.6,89.9825,89.9888,89.8885,0.0940,0.1003,0.0063
4990,1001.8,312.9,89.9888,89.9951,89.8950,0.0938,0.1001,0.0063
4991,1000.7,325.4,89.9951,90.0014,89.9011,0.0939,0.1002,0.0063
4992,996.3,251.2,90.0014,90.0076,89.9072,0.0942,0.1005,0.0063
4993,997.8,328.5,90.0076,90.0139,89.9131,0.0945,0.1008,0.0063
4994,1000.3,298.3,90.0139,90.0202,89.9194,0.0945,0.1008,0.0063
4995,1000.0,359.1,90.0202,90.0265,89.9254,0.0948,0.1011,0.0063
4996,1002.2,297.9,90.0265,90.0328,89.9314,0.0951,0.1013,0.0063
4997,998.1,274.3,90.0328,90.0391,89.9375,0.0952,0.1015,0.0063
4998,1000.9,302.9,90.0391,90.0453,89.9440,0.0950,0.1013,0.0063
4999,999.5,253.3,90.0453,90.0516,89.9500,0.0954,0.1017,0.0063
5000,1012.7,321.7,90.0516,90.0579,89.9558,0.0958,0.1021,0.0063
5001,996.1,301.2,90.0579,90.0642,89.9616,0.0963,0.1026,0.0063
5002,1019.2,282.0,90.0642,90.0705,89.9675,0.0967,0.1030,0.0063
5003,980.7,263.7,90.0705,90.0768,89.9742,0.0963,0.1026,0.0063
5004,993.3,218.9,90.0768,90.0830,89.9804,0.0964,0.1027,0.0063
5005,2532.2,948.2,90.0830,90.0893,89.9997,0.0833,0.0896,0.0063
5006,953.9,316.9,90.0893,90.0956,90.0061,0.0833,0.0896,0.0063
5007,319.9,333.5,90.0956,90.1019,90.0061,0.0896,0.0958,0.0063
5008,334.9,210.4,90.1019,90.1082,90.0061,0.0958,0.1021,0.0063
5009,857.2,217.5,90.1082,90.1145,90.0125,0.0956,0.1019,0.0063
5010,998.9,222.5,90.1145,90.1207,90.0198,0.0947,0.1010,0.0063
5011,1001.3,222.2,90.1207,90.1270,90.0266,0.0941,0.1004,0.0063
5012,999.2,255.4,90.1270,90.1333,90.0334,0.0936,0.0999,0.0063
5013,1000.2,265.9,90.1333,90.1396,90.0412,0.0921,0.0984,0.0063
5014,999.8,264.8,90.1396,90.1459,90.0485,0.0911,0.0974,0.0063
5015,1001.8,272.2,90.1459,90.1521,90.0555,0.0904,0.0967,0.0063
5016,998.0,262.3,90.1521,90.1584,90.0625,0.0896,0.0959,0.0063
5017,1000.2,254.5,90.1584,90.1647,90.0695,0.0889,0.0952,0.0063
5018,1003.4,692.5,90.1647,90.1710,90.0771,0.0876,0.0939,0.0063
5019,1019.4,329.9,90.1710,90.1773,90.0839,0.0871,0.0933,0.0063
5020,978.1,327.6,90.1773,90.1836,90.0904,0.0868,0.0931,0.0063
5021,999.0,288.9,90.1836,90.1898,90.0972,0.0864,0.0927,0.0063
5022,994.7,511.2,90.1898,90.1961,90.1035,0.0864,0.0927,0.0063
5023,999.1,341.0,90.1961,90.2024,90.1097,0.0864,0.0927,0.0063
5024,1019.6,291.9,90.2024,90.2087,90.1159,0.0865,0.0928,0.0063
5025,998.5,288.6,90.2087,90.2150,90.1220,0.0866,0.0929,0.0063
5026,1002.7,277.0,90.2150,90.2212,90.1286,0.0864,0.0927,0.0063
5027,3498.5,332.9,90.2212,90.2275,90.1527,0.0686,0.0748,0.0063
5028,339.0,331.2,90.2275,90.2338,90.1527,0.0748,0.0811,0.0063
5029,335.0,1001.5,90.2338,90.2401,90.1527,0.0811,0.0874,0.0063
5030,1007.2,285.1,90.2401,90.2464,90.1592,0.0809,0.0871,0.0063
5031,289.9,270.1,90.2463,90.2526,90.1653,0.0810,0.0873,0.0063
5032,525.5,268.0,90.2526,90.2589,90.1653,0.0873,0.0936,0.0063
5033,999.8,292.0,90.2589,90.2652,90.1653,0.0936,0.0999,0.0063
5034,999.0,274.1,90.2652,90.2715,90.1715,0.0937,0.1000,0.0063
5035,999.7,282.0,90.2715,90.2777,90.1767,0.0948,0.1010,0.0063
5036,1001.6,258.5,90.2777,90.2840,90.1819,0.0959,0.1021,0.0063
5037,1002.5,260.3,90.2840,90.2903,90.1875,0.0965,0.1028,0.0063
5038,2913.0,405.7,90.2903,90.2966,90.2068,0.0835,0.0898,0.0063
5039,413.6,355.2,90.2966,90.3028,90.2068,0.0898,0.0961,0.0063
5040,361.8,481.3,90.3028,90.3091,90.2127,0.0901,0.0964,0.0063
5041,488.3,250.6,90.3091,90.3154,90.2127,0.0964,0.1027,0.0063
5042,813.4,238.3,90.3154,90.3217,90.2184,0.0970,0.1033,0.0063
5043,998.9,271.6,90.3217,90.3279,90.2242,0.0975,0.1038,0.0063
5044,998.8,292.5,90.3279,90.3342,90.2294,0.0985,0.1048,0.0063
5045,999.7,292.9,90.3342,90.3405,90.2346,0.0996,0.1059,0.0063
5046,1011.8,315.0,90.3405,90.3468,90.2400,0.1004,0.1067,0.0063
5047,990.8,274.6,90.3468,90.3530,90.2466,0.1002,0.1065,0.0063
5048,1010.7,267.6,90.3530,90.3593,90.2527,0.1003,0.1066,0.0063
5049,958.1,278.9,90.3593,90.3656,90.2589,0.1004,0.1067,0.0063
5050,1030.5,281.4,90.3656,90.3719,90.2651,0.1005,0.1067,0.0063
5051,1000.8,382.7,90.3718,90.3781,90.2720,0.0998,0.1061,0.0063
5052,1002.8,271.9,90.3781,90.3844,90.2786,0.0995,0.1058,0.0063
5053,995.9,268.0,90.3844,90.3907,90.2853,0.0990,0.1053,0.0063
5054,999.9,286.8,90.3907,90.3969,90.2920,0.0986,0.1049,0.0063
5055,1019.5,267.3,90.3969,90.4032,90.2993,0.0976,0.1038,0.0063
5056,982.3,285.2,90.4032,90.4095,90.3060,0.0972,0.1035,0.0063
5057,997.1,249.9,90.4095,90.4157,90.3126,0.0968,0.1031,0.0063
5058,996.9,269.7,90.4157,90.4220,90.3194,0.0963,0.1026,0.0063
5059,977.2,283.2,90.4220,90.4283,90.3269,0.0951,0.1014,0.0063
5060,1037.5,304.5,90.4283,90.4345,90.3338,0.0945,0.1007,0.0063
5061,998.5,287.0,90.4345,90.4408,90.3406,0.0939,0.1002,0.0063
5062,1001.4,269.7,90.4408,90.4471,90.3472,0.0936,0.0999,0.0063
5063,999.1,271.6,90.4470,90.4533,90.3542,0.0929,0.0991,0.0063
5064,999.6,311.6,90.4533,90.4596,90.3607,0.0926,0.0989,0.0063
5065,1000.4,337.4,90.4596,90.4658,90.3674,0.0922,0.0985,0.0063
5066,1002.3,263.7,90.4658,90.4721,90.3742,0.0916,0.0979,0.0063
5067,997.7,316.6,90.4721,90.4784,90.3816,0.0905,0.0968,0.0063
5068,999.5,334.6,90.4784,90.4846,90.3883,0.0901,0.0963,0.0063
5069,1000.0,334.6,90.4846,90.4909,90.3949,0.0897,0.0960,0.0063
5070,1000.0,368.7,90.4909,90.4971,90.4014,0.0894,0.0957,0.0063
5071,998.4,262.7,90.4971,90.5034,90.4085,0.0887,0.0949,0.0063
5072,999.5,336.3,90.5034,90.5097,90.4149,0.0885,0.0948,0.0063
5073,1002.3,280.0,90.5096,90.5159,90.4212,0.0884,0.0947,0.0063
5074,991.0,263.6,90.5159,90.5222,90.4274,0.0885,0.0947,0.0063
5075,1010.7,304.7,90.5222,90.5284,90.4340,0.0881,0.0944,0.0063
5076,999.8,335.1,90.5284,90.5347,90.4401,0.0883,0.0946,0.0063
5077,1013.5,253.2,90.5347,90.5409,90.4460,0.0886,0.0949,0.0063
5078,979.4,306.3,90.5409,90.5472,90.4518,0.0891,0.0954,0.0063
5079,999.6,308.3,90.5472,90.5534,90.4581,0.0891,0.0953,0.0063
5080,1087.4,395.0,90.5534,90.5597,90.4640,0.0894,0.0957,0.0063
5081,918.2,289.8,90.5597,90.5659,90.4697,0.0900,0.0963,0.0063
5082,1000.9,283.0,90.5659,90.5722,90.4752,0.0907,0.0970,0.0063
5083,999.9,317.3,90.5722,90.5784,90.4810,0.0912,0.0974,0.0063
5084,998.5,352.5,90.5784,90.5847,90.4864,0.0921,0.0983,0.0063
5085,1001.1,936.7,90.5847,90.5909,90.4918,0.0929,0.0991,0.0063
5086,940.1,365.9,90.5909,90.5972,90.4975,0.0934,0.0997,0.0063
5087,1050.9,268.7,90.5972,90.6034,90.5033,0.0939,0.1002,0.0063
5088,1003.9,338.7,90.6034,90.6097,90.5096,0.0938,0.1001,0.0063
5089,1009.2,293.0,90.6097,90.6159,90.5155,0.0942,0.1005,0.0063
5090,995.3,292.2,90.6159,90.6222,90.5213,0.0946,0.1008,0.0063
5091,992.8,278.2,90.6221,90.6284,90.5277,0.0944,0.1007,0.0063
5092,998.8,303.7,90.6284,90.6346,90.5336,0.0948,0.1010,0.0063
5093,1001.6,540.8,90.6346,90.6409,90.5398,0.0949,0.1011,0.0063
5094,1009.6,336.6,90.6409,90.6471,90.5462,0.0947,0.1009,0.0063
5095,1009.8,417.9,90.6471,90.6534,90.5533,0.0938,0.1001,0.0063
5096,993.1,366.3,90.6533,90.6596,90.5598,0.0935,0.0998,0.0063
5097,959.6,328.7,90.6596,90.6658,90.5664,0.0932,0.0995,0.0063
5098,1041.4,330.9,90.6658,90.6721,90.5730,0.0928,0.0991,0.0063
5099,1001.7,317.1,90.6721,90.6783,90.5802,0.0919,0.0981,0.0063
5100,992.1,344.0,90.6783,90.6845,90.5871,0.0912,0.0975,0.0063
5101,1001.2,303.3,90.6845,90.6908,90.5941,0.0905,0.0967,0.0063
5102,1001.0,300.0,90.6908,90.6970,90.6009,0.0898,0.0961,0.0063
5103,1033.3,324.6,90.6970,90.7032,90.6081,0.0889,0.0951,0.0063
5104,965.8,291.0,90.7032,90.7095,90.6145,0.0887,0.0950,0.0063
5105,997.0,268.7,90.7094,90.7157,90.6208,0.0886,0.0949,0.0063
5106,1001.5,282.2,90.7157,90.7219,90.6273,0.0884,0.0947,0.0063
5107,999.6,342.4,90.7219,90.7282,90.6344,0.0875,0.0938,0.0063
5108,1004.4,359.1,90.7281,90.7344,90.6412,0.0869,0.0932,0.0063
5109,1004.6,290.4,90.7343,90.7406,90.6480,0.0864,0.0926,0.0063
5110,993.2,301.6,90.7406,90.7468,90.6547,0.0858,0.0921,0.0063
5111,1007.8,273.6,90.7468,90.7530,90.6619,0.0849,0.0911,0.0063
5112,999.4,318.2,90.7530,90.7593,90.6687,0.0843,0.0905,0.0063
5113,1017.0,328.5,90.7592,90.7655,90.6756,0.0836,0.0899,0.0063
5114,982.7,417.8,90.7655,90.7717,90.6825,0.0829,0.0892,0.0063
5115,1002.6,313.1,90.7717,90.7779,90.6899,0.0817,0.0880,0.0063
5116,994.2,299.9,90.7779,90.7841,90.6965,0.0814,0.0876,0.0062
5117,1001.9,303.0,90.7841,90.7904,90.7030,0.0811,0.0873,0.0062
5118,997.1,380.4,90.7903,90.7966,90.7094,0.0809,0.0871,0.0062
5119,1000.3,389.2,90.7965,90.8028,90.7161,0.0804,0.0866,0.0062
5120,999.2,370.5,90.8027,90.8090,90.7224,0.0804,0.0866,0.0062
5121,1001.0,307.7,90.8090,90.8152,90.7284,0.0805,0.0868,0.0062
5122,998.5,428.7,90.8152,90.8214,90.7342,0.0810,0.0872,0.0062
5123,992.7,395.1,90.8214,90.8276,90.7401,0.0813,0.0875,0.0062
5124,1001.9,324.6,90.8276,90.8338,90.7453,0.0823,0.0886,0.0062
5125,1000.6,267.3,90.8338,90.8400,90.7504,0.0834,0.0896,0.0062
5126,1003.7,301.4,90.8400,90.8462,90.7555,0.0845,0.0907,0.0062
5127,998.6,303.7,90.8462,90.8524,90.7611,0.0851,0.0914,0.0062
5128,1005.5,348.2,90.8524,90.8586,90.7663,0.0861,0.0924,0.0062
5129,1012.2,383.8,90.8586,90.8648,90.7716,0.0870,0.0933,0.0062
5130,986.7,321.8,90.8648,90.8710,90.7769,0.0879,0.0941,0.0062
5131,1001.3,314.9,90.8710,90.8772,90.7826,0.0884,0.0947,0.0062
5132,1009.3,324.4,90.8772,90.8834,90.7879,0.0893,0.0955,0.0062
5133,997.3,327.1,90.8834,90.8896,90.7933,0.0901,0.0964,0.0062
5134,994.0,338.1,90.8896,90.8958,90.7988,0.0908,0.0970,0.0062
5135,995.4,336.9,90.8958,90.9020,90.8049,0.0908,0.0971,0.0062
5136,999.5,299.0,90.9020,90.9082,90.8108,0.0912,0.0974,0.0062
5137,997.9,309.9,90.9082,90.9144,90.8168,0.0914,0.0976,0.0062
5138,998.2,315.4,90.9144,90.9206,90.8227,0.0917,0.0979,0.0062
5139,1000.4,267.1,90.9205,90.9268,90.8289,0.0917,0.0979,0.0062
5140,999.2,256.0,90.9267,90.9330,90.8345,0.0922,0.0984,0.0062
5141,1000.2,300.7,90.9329,90.9392,90.8404,0.0926,0.0988,0.0062
5142,1000.2,561.0,90.9391,90.9453,90.8464,0.0927,0.0990,0.0062
5143,1318.9,429.7,90.9453,90.9515,90.8530,0.0923,0.0985,0.0062
5144,684.8,297.3,90.9515,90.9577,90.8593,0.0921,0.0984,0.0062
5145,1000.4,328.3,90.9576,90.9639,90.8657,0.0919,0.0982,0.0062
5146,999.2,339.3,90.9638,90.9701,90.8719,0.0920,0.0982,0.0062
5147,1406.4,410.5,90.9700,90.9762,90.8841,0.0859,0.0921,0.0062
5148,593.5,257.8,90.9762,90.9824,90.8841,0.0921,0.0983,0.0062
5149,1002.1,290.7,90.9824,90.9886,90.8901,0.0922,0.0984,0.0062
5150,999.7,291.1,90.9885,90.9948,90.8962,0.0923,0.0986,0.0062
5151,998.8,289.6,90.9947,91.0009,90.9030,0.0917,0.0979,0.0062
5152,999.9,283.0,91.0009,91.0071,90.9094,0.0914,0.0977,0.0062
5153,999.6,294.3,91.0070,91.0133,90.9159,0.0911,0.0973,0.0062
5154,998.7,289.1,91.0132,91.0194,90.9223,0.0909,0.0971,0.0062
5155,1000.0,300.6,91.0194,91.0256,90.9292,0.0902,0.0964,0.0062
5156,999.8,267.9,91.0255,91.0318,90.9358,0.0898,0.0960,0.0062
5157,998.6,257.0,91.0317,91.0379,90.9424,0.0893,0.0956,0.0062
5158,998.7,292.9,91.0379,91.0441,90.9489,0.0889,0.0951,0.0062
5159,1056.7,557.1,91.0440,91.0502,90.9561,0.0879,0.0941,0.0062
5160,955.9,325.8,91.0502,91.0564,90.9626,0.0875,0.0938,0.0062
5161,986.9,258.8,91.0563,91.0625,90.9689,0.0874,0.0936,0.0062
5162,994.9,280.9,91.0625,91.0687,90.9755,0.0870,0.0932,0.0062
5163,1009.1,333.1,91.0686,91.0749,90.9826,0.0860,0.0922,0.0062
5164,1016.0,325.2,91.0748,91.0810,90.9893,0.0855,0.0917,0.0062
5165,984.4,296.4,91.0809,91.0871,90.9957,0.0853,0.0915,0.0062
5166,1000.8,280.5,91.0871,91.0933,91.0019,0.0852,0.0914,0.0062
5167,1000.2,279.0,91.0932,91.0994,91.0083,0.0849,0.0911,0.0062
5168,999.6,668.5,91.0994,91.1056,91.0140,0.0854,0.0916,0.0062
5169,1006.3,356.2,91.1055,91.1117,91.0197,0.0858,0.0920,0.0062
5170,987.8,314.3,91.1117,91.1179,91.0255,0.0862,0.0924,0.0062
5171,1819.0,455.3,91.1178,91.1240,91.0377,0.0801,0.0863,0.0062
5172,467.8,344.6,91.1239,91.1301,91.0377,0.0862,0.0924,0.0062
5173,892.8,297.0,91.1301,91.1363,91.0436,0.0865,0.0927,0.0062
5174,834.3,297.4,91.1362,91.1424,91.0492,0.0870,0.0932,0.0062
5175,998.7,286.2,91.1423,91.1485,91.0551,0.0872,0.0934,0.0062
5176,996.1,319.6,91.1485,91.1547,91.0608,0.0877,0.0939,0.0062
5177,1012.6,317.6,91.1546,91.1608,91.0665,0.0881,0.0943,0.0062
5178,988.2,275.1,91.1607,91.1669,91.0725,0.0883,0.0945,0.0062
5179,1000.9,325.1,91.1669,91.1731,91.0798,0.0870,0.0932,0.0062
5180,993.5,310.9,91.1730,91.1792,91.0849,0.0880,0.0942,0.0062
5181,998.7,252.1,91.1791,91.1853,91.0918,0.0873,0.0935,0.0062
5182,999.1,312.7,91.1852,91.1914,91.0977,0.0875,0.0937,0.0062
5183,1000.1,316.1,91.1913,91.1975,91.1041,0.0872,0.0934,0.0062
5184,999.9,313.3,91.1975,91.2037,91.1102,0.0873,0.0935,0.0062
5185,1001.0,345.5,91.2036,91.2098,91.1163,0.0873,0.0935,0.0062
5186,1000.3,279.9,91.2097,91.2159,91.1228,0.0869,0.0931,0.0062
5187,1000.6,250.0,91.2158,91.2220,91.1288,0.0870,0.0932,0.0062
5188,1000.5,308.4,91.2219,91.2281,91.1347,0.0872,0.0934,0.0062
5189,998.8,307.4,91.2280,91.2342,91.1405,0.0875,0.0937,0.0062
5190,1013.6,332.0,91.2341,91.2403,91.1463,0.0879,0.0941,0.0062
5191,989.2,318.0,91.2402,91.2464,91.1524,0.0879,0.0941,0.0062
5192,1014.6,284.0,91.2463,91.2525,91.1581,0.0882,0.0944,0.0062
5193,985.5,319.2,91.2524,91.2586,91.1641,0.0883,0.0945,0.0062
5194,999.5,536.9,91.2585,91.2647,91.1702,0.0883,0.0945,0.0062
5195,993.7,313.9,91.2646,91.2708,91.1771,0.0876,0.0938,0.0062
5196,996.4,267.8,91.2707,91.2769,91.1833,0.0874,0.0936,0.0062
5197,999.6,293.3,91.2768,91.2830,91.1833,0.0935,0.0997,0.0062
5198,1013.0,345.3,91.2829,91.2891,91.1896,0.0933,0.0994,0.0062
5199,999.1,311.9,91.2890,91.2952,91.1965,0.0925,0.0987,0.0062
5200,996.5,325.0,91.2951,91.3013,91.2030,0.0920,0.0982,0.0062
5201,999.7,276.9,91.3012,91.3073,91.2098,0.0914,0.0976,0.0062
5202,1002.0,294.2,91.3072,91.3134,91.2165,0.0908,0.0970,0.0062
5203,997.3,318.0,91.3133,91.3195,91.2237,0.0897,0.0958,0.0062
5204,1005.7,300.0,91.3194,91.3256,91.2302,0.0892,0.0954,0.0062
5205,992.4,312.5,91.3255,91.3317,91.2367,0.0887,0.0949,0.0062
5206,1000.2,306.7,91.3315,91.3377,91.2432,0.0884,0.0946,0.0062
5207,1000.1,299.1,91.3376,91.3438,91.2501,0.0875,0.0937,0.0062
5208,1001.8,256.6,91.3437,91.3499,91.2564,0.0873,0.0935,0.0062
5209,999.5,335.7,91.3498,91.3559,91.2626,0.0871,0.0933,0.0062
5210,1010.8,302.3,91.3558,91.3620,91.2686,0.0873,0.0934,0.0062
5211,1006.0,289.7,91.3619,91.3681,91.2749,0.0870,0.0932,0.0062
5212,952.6,317.2,91.3680,91.3741,91.2809,0.0871,0.0932,0.0062
5213,1037.0,304.7,91.3740,91.3802,91.2869,0.0871,0.0933,0.0062
5214,997.4,328.6,91.3801,91.3862,91.2929,0.0872,0.0934,0.0062
5215,1633.6,627.1,91.3861,91.3923,91.3054,0.0807,0.0869,0.0062
5216,641.3,343.9,91.3922,91.3984,91.3054,0.0868,0.0929,0.0062
5217,737.6,312.7,91.3982,91.4044,91.3114,0.0868,0.0930,0.0062
5218,987.5,357.8,91.4043,91.4105,91.3174,0.0869,0.0931,0.0062
5219,1016.8,354.5,91.4103,91.4165,91.3237,0.0867,0.0928,0.0062
5220,983.9,529.5,91.4164,91.4225,91.3297,0.0867,0.0929,0.0062
5221,1004.1,349.4,91.4224,91.4286,91.3356,0.0868,0.0930,0.0062
5222,993.1,299.3,91.4285,91.4346,91.3416,0.0869,0.0931,0.0062
5223,1001.2,300.9,91.4345,91.4407,91.3481,0.0864,0.0926,0.0062
5224,997.5,317.4,91.4405,91.4467,91.3541,0.0865,0.0926,0.0062
5225,999.9,318.4,91.4466,91.4527,91.3599,0.0867,0.0929,0.0062
5226,998.7,277.1,91.4526,91.4588,91.3656,0.0870,0.0932,0.0062
5227,1009.7,300.4,91.4586,91.4648,91.3719,0.0868,0.0929,0.0062
5228,995.7,284.0,91.4647,91.4708,91.3778,0.0869,0.0930,0.0062
5229,1009.6,311.5,91.4707,91.4768,91.3837,0.0870,0.0932,0.0062
5230,988.1,276.7,91.4767,91.4829,91.3895,0.0873,0.0934,0.0062
5231,1000.8,370.2,91.4827,91.4889,91.3955,0.0872,0.0934,0.0062
5232,1000.5,324.3,91.4888,91.4949,91.4009,0.0879,0.0941,0.0062
5233,1008.4,304.0,91.4948,91.5009,91.4062,0.0885,0.0947,0.0061
5234,990.6,281.6,91.5008,91.5069,91.4116,0.0892,0.0953,0.0061
5235,998.8,273.2,91.5068,91.5129,91.4176,0.0892,0.0953,0.0061
5236,999.3,310.5,91.5128,91.5190,91.4235,0.0893,0.0955,0.0061
5237,999.9,297.5,91.5188,91.5250,91.4293,0.0896,0.0957,0.0061
5238,999.3,305.2,91.5248,91.5310,91.4350,0.0898,0.0960,0.0061
5239,1001.1,292.7,91.5308,91.5370,91.4411,0.0897,0.0958,0.0061
5240,999.5,301.0,91.5368,91.5430,91.4467,0.0901,0.0962,0.0061
5241,1000.3,303.1,91.5428,91.5490,91.4525,0.0903,0.0964,0.0061
5242,999.4,273.1,91.5488,91.5550,91.4585,0.0903,0.0964,0.0061
5243,1435.1,430.4,91.5548,91.5610,91.4713,0.0835,0.0896,0.0061
5244,576.5,351.2,91.5608,91.5669,91.4713,0.0895,0.0956,0.0061
5245,1010.5,331.5,91.5668,91.5729,91.4775,0.0893,0.0954,0.0061
5246,977.8,272.9,91.5728,91.5789,91.4838,0.0890,0.0951,0.0061
5247,1000.5,274.2,91.5788,91.5849,91.4905,0.0883,0.0944,0.0061
5248,1001.0,355.5,91.5847,91.5909,91.4968,0.0880,0.0941,0.0061
5249,1008.1,298.2,91.5907,91.5969,91.5031,0.0877,0.0938,0.0061
5250,1082.8,364.4,91.5967,91.6028,91.5093,0.0874,0.0935,0.0061
5251,919.7,307.2,91.6027,91.6088,91.5160,0.0867,0.0928,0.0061
5252,988.9,277.9,91.6087,91.6148,91.5221,0.0865,0.0927,0.0061
5253,999.6,333.2,91.6146,91.6207,91.5280,0.0866,0.0927,0.0061
5254,999.6,313.3,91.6206,91.6267,91.5339,0.0867,0.0928,0.0061
5255,1008.2,324.8,91.6266,91.6327,91.5403,0.0863,0.0924,0.0061
5256,994.4,288.0,91.6325,91.6386,91.5463,0.0862,0.0924,0.0061
5257,997.2,272.4,91.6385,91.6446,91.5524,0.0860,0.0922,0.0061
5258,1008.5,354.1,91.6444,91.6506,91.5586,0.0858,0.0919,0.0061
5259,998.4,339.8,91.6504,91.6565,91.5652,0.0852,0.0913,0.0061
5260,1004.8,355.6,91.6563,91.6625,91.5712,0.0852,0.0913,0.0061
5261,993.5,301.0,91.6623,91.6684,91.5773,0.0849,0.0911,0.0061
5262,1003.6,286.7,91.6682,91.6743,91.5836,0.0846,0.0907,0.0061
5263,996.6,267.6,91.6742,91.6803,91.5905,0.0836,0.0898,0.0061
5264,998.1,294.6,91.6801,91.6862,91.5972,0.0829,0.0890,0.0061
5265,999.0,837.7,91.6861,91.6922,91.6039,0.0822,0.0883,0.0061
5266,999.3,285.6,91.6920,91.6981,91.6104,0.0816,0.0877,0.0061
5267,1003.8,378.9,91.6979,91.7040,91.6174,0.0805,0.0866,0.0061
5268,999.0,367.2,91.7039,91.7100,91.6239,0.0800,0.0861,0.0061
5269,1000.2,341.0,91.7098,91.7159,91.6303,0.0795,0.0856,0.0061
5270,996.3,375.1,91.7157,91.7218,91.6367,0.0790,0.0851,0.0061
5271,1000.2,342.7,91.7216,91.7277,91.6433,0.0783,0.0844,0.0061
5272,999.7,365.6,91.7276,91.7337,91.6493,0.0782,0.0843,0.0061
5273,1000.0,307.5,91.7335,91.7396,91.6551,0.0784,0.0845,0.0061
5274,1001.2,360.9,91.7394,91.7455,91.6607,0.0787,0.0848,0.0061
5275,999.3,284.3,91.7453,91.7514,91.6660,0.0793,0.0854,0.0061
5276,1027.8,373.2,91.7512,91.7573,91.6715,0.0797,0.0858,0.0061
5277,984.4,308.4,91.7571,91.7632,91.6768,0.0803,0.0864,0.0061
5278,991.0,305.2,91.7630,91.7691,91.6823,0.0808,0.0869,0.0061
5279,998.7,302.5,91.7689,91.7750,91.6883,0.0807,0.0868,0.0061
5280,1026.2,356.6,91.7748,91.7809,91.6938,0.0811,0.0872,0.0061
5281,990.7,331.5,91.7807,91.7868,91.6993,0.0815,0.0875,0.0061
5282,997.7,309.4,91.7866,91.7927,91.7047,0.0820,0.0880,0.0061
5283,987.2,287.4,91.7925,91.7986,91.7104,0.0821,0.0882,0.0061
5284,1000.6,291.2,91.7984,91.8045,91.7160,0.0825,0.0885,0.0061
5285,1025.2,381.9,91.8043,91.8104,91.7215,0.0828,0.0889,0.0061
5286,1086.9,323.5,91.8102,91.8163,91.7271,0.0830,0.0891,0.0061
5287,885.9,296.8,91.8161,91.8221,91.7331,0.0830,0.0891,0.0061
5288,999.7,372.8,91.8219,91.8280,91.7386,0.0834,0.0894,0.0061
5289,1000.1,313.8,91.8278,91.8339,91.7440,0.0838,0.0899,0.0061
5290,1005.3,305.4,91.8337,91.8398,91.7495,0.0842,0.0903,0.0061
5291,1020.9,360.2,91.8395,91.8456,91.7554,0.0841,0.0902,0.0061
5292,956.8,289.2,91.8454,91.8515,91.7611,0.0843,0.0904,0.0061
5293,1005.1,540.1,91.8513,91.8574,91.7668,0.0845,0.0906,0.0061
5294,1030.1,336.2,91.8571,91.8632,91.7725,0.0847,0.0907,0.0061
5295,971.6,391.0,91.8630,91.8691,91.7785,0.0845,0.0906,0.0061
5296,1016.3,288.7,91.8689,91.8749,91.7839,0.0849,0.0910,0.0061
5297,993.7,276.8,91.8747,91.8808,91.7895,0.0852,0.0913,0.0061
5298,999.0,336.4,91.8806,91.8866,91.7949,0.0856,0.0917,0.0061
5299,1010.7,301.8,91.8864,91.8925,91.8009,0.0855,0.0915,0.0061
5300,981.9,297.7,91.8922,91.8983,91.8068,0.0855,0.0916,0.0061
5301,1005.2,342.6,91.8981,91.9041,91.8126,0.0855,0.0916,0.0061
5302,1018.2,315.5,91.9039,91.9100,91.8185,0.0854,0.0915,0.0061
5303,964.2,305.1,91.9098,91.9158,91.8247,0.0850,0.0911,0.0061
5304,1013.5,297.8,91.9156,91.9216,91.8305,0.0851,0.0912,0.0061
5305,1009.4,324.2,91.9214,91.9275,91.8362,0.0852,0.0912,0.0061
5306,997.2,362.3,91.9272,91.9333,91.8421,0.0851,0.0912,0.0061
5307,1007.1,303.5,91.9331,91.9391,91.8487,0.0843,0.0904,0.0061
5308,993.2,294.8,91.9389,91.9449,91.8550,0.0838,0.0899,0.0061
5309,998.2,287.9,91.9447,91.9508,91.8614,0.0833,0.0893,0.0060
5310,1000.3,290.8,91.9505,91.9566,91.8676,0.0829,0.0889,0.0060
5311,999.1,280.4,91.9563,91.9624,91.8742,0.0821,0.0881,0.0060
5312,1001.6,285.0,91.9621,91.9682,91.8804,0.0817,0.0878,0.0060
5313,998.2,288.2,91.9679,91.9740,91.8866,0.0813,0.0874,0.0060
5314,1001.1,266.6,91.9737,91.9798,91.8929,0.0809,0.0869,0.0060
5315,1004.3,297.6,91.9795,91.9856,91.8997,0.0798,0.0858,0.0060
5316,996.7,314.8,91.9853,91.9914,91.9060,0.0794,0.0854,0.0060
5317,1014.5,342.5,91.9911,91.9972,91.9118,0.0793,0.0854,0.0060
5318,1010.5,336.4,91.9969,92.0030,91.9174,0.0796,0.0856,0.0060
5319,974.0,326.1,92.0027,92.0087,91.9233,0.0794,0.0854,0.0060
5320,1265.9,418.5,92.0085,92.0145,91.9289,0.0796,0.0856,0.0060
5321,747.4,302.5,92.0143,92.0203,91.9345,0.0798,0.0858,0.0060
5322,992.4,274.1,92.0200,92.0261,91.9401,0.0799,0.0859,0.0060
5323,998.4,531.5,92.0258,92.0318,91.9462,0.0796,0.0857,0.0060
5324,992.1,293.2,92.0316,92.0376,91.9516,0.0800,0.0860,0.0060
5325,995.1,288.3,92.0374,92.0434,91.9569,0.0804,0.0865,0.0060
5326,1011.6,331.6,92.0431,92.0491,91.9623,0.0808,0.0868,0.0060
5327,1000.1,668.1,92.0489,92.0549,91.9682,0.0807,0.0867,0.0060
5328,991.2,298.0,92.0546,92.0607,91.9738,0.0809,0.0869,0.0060
5329,998.9,306.0,92.0604,92.0664,91.9793,0.0811,0.0871,0.0060
5330,1010.0,331.5,92.0662,92.0722,91.9848,0.0813,0.0873,0.0060
5331,997.6,292.1,92.0719,92.0779,91.9907,0.0812,0.0873,0.0060
5332,1000.0,255.7,92.0776,92.0837,91.9961,0.0815,0.0876,0.0060
5333,999.4,285.0,92.0834,92.0894,92.0016,0.0818,0.0878,0.0060
5334,999.9,265.4,92.0891,92.0951,92.0070,0.0821,0.0881,0.0060
5335,1000.0,334.5,92.0949,92.1009,92.0130,0.0819,0.0879,0.0060
5336,1000.6,277.6,92.1006,92.1066,92.0184,0.0822,0.0882,0.0060
5337,1001.3,260.6,92.1063,92.1123,92.0239,0.0825,0.0885,0.0060
5338,1000.4,296.1,92.1121,92.1181,92.0291,0.0830,0.0890,0.0060
5339,1058.1,318.0,92.1178,92.1238,92.0346,0.0832,0.0892,0.0060
5340,943.8,318.9,92.1235,92.1295,92.0395,0.0840,0.0900,0.0060
5341,988.9,307.8,92.1292,92.1352,92.0445,0.0848,0.0908,0.0060
5342,1010.2,334.9,92.1349,92.1409,92.0495,0.0854,0.0914,0.0060
5343,989.8,313.5,92.1406,92.1466,92.0562,0.0845,0.0905,0.0060
5344,1015.7,361.2,92.1463,92.1523,92.0617,0.0847,0.0907,0.0060
5345,995.9,346.1,92.1520,92.1580,92.0663,0.0858,0.0918,0.0060
5346,1001.5,274.9,92.1577,92.1637,92.0717,0.0860,0.0920,0.0060
5347,995.1,273.1,92.1634,92.1694,92.0785,0.0850,0.0910,0.0060
5348,999.2,297.1,92.1691,92.1751,92.0840,0.0851,0.0911,0.0060
5349,998.6,261.3,92.1748,92.1808,92.0899,0.0850,0.0910,0.0060
5350,1000.3,250.4,92.1805,92.1865,92.0958,0.0847,0.0907,0.0060
5351,998.1,269.5,92.1862,92.1922,92.1023,0.0839,0.0898,0.0060
5352,999.3,290.6,92.1919,92.1979,92.1086,0.0833,0.0893,0.0060
5353,1000.5,295.3,92.1976,92.2035,92.1149,0.0827,0.0887,0.0060
5354,1000.4,323.3,92.2032,92.2092,92.1211,0.0821,0.0881,0.0060
5355,1002.5,293.4,92.2089,92.2149,92.1276,0.0813,0.0872,0.0060
5356,1270.6,354.4,92.2146,92.2205,92.1337,0.0808,0.0868,0.0060
5357,733.8,307.9,92.2202,92.2262,92.1400,0.0802,0.0862,0.0060
5358,994.5,282.0,92.2259,92.2319,92.1470,0.0789,0.0849,0.0060
5359,999.5,290.8,92.2315,92.2375,92.1534,0.0782,0.0842,0.0060
5360,1003.0,291.8,92.2372,92.2432,92.1596,0.0776,0.0835,0.0060
5361,1010.4,323.3,92.2428,92.2488,92.1596,0.0832,0.0892,0.0060
5362,997.8,318.9,92.2485,92.2545,92.1657,0.0828,0.0888,0.0060
5363,997.1,276.5,92.2541,92.2601,92.1716,0.0825,0.0885,0.0060
5364,991.5,272.3,92.2598,92.2657,92.1782,0.0816,0.0875,0.0060
5365,1001.9,279.1,92.2654,92.2714,92.1846,0.0808,0.0867,0.0060
5366,1122.3,448.8,92.2710,92.2770,92.1912,0.0799,0.0858,0.0060
5367,889.0,277.0,92.2767,92.2826,92.1977,0.0790,0.0849,0.0060
5368,988.7,310.2,92.2823,92.2883,92.2047,0.0776,0.0836,0.0060
5369,1000.5,368.0,92.2879,92.2939,92.2111,0.0768,0.0828,0.0060
5370,999.2,420.4,92.2935,92.2995,92.2173,0.0762,0.0822,0.0059
5371,1012.8,371.7,92.2992,92.3051,92.2235,0.0757,0.0816,0.0059
5372,996.1,327.0,92.3048,92.3107,92.2299,0.0748,0.0808,0.0059
5373,1092.3,465.4,92.3104,92.3163,92.2358,0.0745,0.0805,0.0059
5374,906.8,322.3,92.3160,92.3219,92.2417,0.0743,0.0803,0.0059
5375,993.9,319.3,92.3216,92.3275,92.2474,0.0742,0.0801,0.0059
5376,998.6,264.4,92.3272,92.3331,92.2532,0.0740,0.0799,0.0059
5377,1008.1,334.7,92.3328,92.3387,92.2584,0.0744,0.0803,0.0059
5378,995.7,685.4,92.3384,92.3443,92.2637,0.0747,0.0806,0.0059
5379,1007.9,323.1,92.3439,92.3499,92.2689,0.0751,0.0810,0.0059
5380,999.6,318.8,92.3495,92.3555,92.2743,0.0752,0.0811,0.0059
5381,989.8,296.7,92.3551,92.3610,92.2792,0.0759,0.0819,0.0059
5382,998.2,328.1,92.3607,92.3666,92.2839,0.0768,0.0827,0.0059
5383,1010.8,312.5,92.3662,92.3722,92.2886,0.0777,0.0836,0.0059
5384,1000.7,320.4,92.3718,92.3777,92.2934,0.0784,0.0843,0.0059
5385,992.7,265.0,92.3774,92.3833,92.2980,0.0794,0.0853,0.0059
5386,999.1,263.6,92.3829,92.3889,92.3027,0.0802,0.0862,0.0059
5387,997.7,268.3,92.3885,92.3944,92.3075,0.0810,0.0869,0.0059
5388,999.7,274.4,92.3940,92.4000,92.3127,0.0813,0.0872,0.0059
5389,998.8,268.2,92.3996,92.4055,92.3175,0.0821,0.0880,0.0059
5390,1000.7,313.7,92.4051,92.4111,92.3222,0.0829,0.0888,0.0059
5391,1000.1,310.8,92.4107,92.4166,92.3270,0.0837,0.0896,0.0059
5392,1010.0,335.5,92.4162,92.4221,92.3318,0.0844,0.0903,0.0059
5393,989.9,356.3,92.4218,92.4277,92.3370,0.0847,0.0906,0.0059
5394,1017.6,362.4,92.4273,92.4332,92.3421,0.0852,0.0911,0.0059
5395,993.4,364.9,92.4328,92.4387,92.3473,0.0855,0.0914,0.0059
5396,994.5,330.9,92.4383,92.4442,92.3527,0.0856,0.0915,0.0059
5397,995.0,315.4,92.4439,92.4498,92.3588,0.0850,0.0909,0.0059
5398,1000.9,307.4,92.4494,92.4553,92.3646,0.0848,0.0907,0.0059
5399,1000.5,289.7,92.4549,92.4608,92.3702,0.0846,0.0905,0.0059
5400,1024.1,354.8,92.4604,92.4663,92.3759,0.0845,0.0904,0.0059
5401,982.5,475.0,92.4659,92.4718,92.3821,0.0838,0.0897,0.0059
5402,990.7,281.3,92.4714,92.4773,92.3880,0.0834,0.0893,0.0059
5403,1005.9,317.1,92.4769,92.4828,92.3941,0.0828,0.0887,0.0059
5404,999.3,297.4,92.4824,92.4883,92.4002,0.0822,0.0881,0.0059
5405,992.1,291.2,92.4879,92.4938,92.4066,0.0813,0.0872,0.0059
5406,1018.3,319.4,92.4934,92.4992,92.4124,0.0809,0.0868,0.0059
5407,981.0,276.3,92.4988,92.5047,92.4182,0.0807,0.0866,0.0059
5408,991.6,316.9,92.5043,92.5102,92.4238,0.0805,0.0864,0.0059
5409,1016.2,289.2,92.5098,92.5157,92.4299,0.0799,0.0857,0.0059
5410,997.7,300.1,92.5153,92.5211,92.4358,0.0795,0.0854,0.0059
5411,1010.5,327.1,92.5207,92.5266,92.4419,0.0789,0.0847,0.0059
5412,1000.2,316.6,92.5262,92.5321,92.4482,0.0780,0.0839,0.0059
5413,995.9,331.9,92.5316,92.5375,92.4549,0.0768,0.0826,0.0059
5414,994.5,280.5,92.5371,92.5430,92.4610,0.0761,0.0820,0.0059
5415,1000.3,320.8,92.5425,92.5484,92.4671,0.0755,0.0813,0.0059
5416,1014.2,344.5,92.5480,92.5539,92.4733,0.0747,0.0805,0.0059
5417,968.4,300.2,92.5534,92.5593,92.4801,0.0734,0.0792,0.0059
5418,1016.9,375.5,92.5589,92.5647,92.4863,0.0725,0.0784,0.0059
5419,998.7,355.5,92.5643,92.5702,92.4924,0.0719,0.0777,0.0059
5420,999.6,330.5,92.5697,92.5756,92.4983,0.0714,0.0773,0.0059
5421,1003.0,705.7,92.5752,92.5810,92.5045,0.0707,0.0765,0.0059
5422,1014.1,349.8,92.5806,92.5864,92.5100,0.0705,0.0764,0.0059
5423,975.6,349.1,92.5860,92.5919,92.5155,0.0705,0.0763,0.0058
5424,997.3,370.9,92.5914,92.5973,92.5210,0.0705,0.0763,0.0058
5425,1000.6,284.5,92.5968,92.6027,92.5262,0.0706,0.0764,0.0058
5426,999.2,295.5,92.6022,92.6081,92.5315,0.0707,0.0766,0.0058
5427,1000.9,276.2,92.6076,92.6135,92.5362,0.0715,0.0773,0.0058
5428,1015.1,336.1,92.6130,92.6189,92.5407,0.0724,0.0782,0.0058
5429,995.1,278.5,92.6184,92.6243,92.5452,0.0733,0.0791,0.0058
5430,999.1,327.1,92.6238,92.6297,92.5500,0.0738,0.0797,0.0058
5431,1005.3,294.8,92.6292,92.6350,92.5546,0.0746,0.0805,0.0058
5432,1005.3,313.4,92.6346,92.6404,92.5593,0.0753,0.0811,0.0058
5433,999.4,350.7,92.6400,92.6458,92.5641,0.0758,0.0817,0.0058
5434,1000.9,322.1,92.6453,92.6512,92.5693,0.0760,0.0819,0.0058
5435,991.5,288.3,92.6507,92.6565,92.5741,0.0766,0.0824,0.0058
5436,1000.1,300.0,92.6561,92.6619,92.5789,0.0771,0.0830,0.0058
5437,1396.7,387.8,92.6614,92.6673,92.5837,0.0777,0.0835,0.0058
5438,603.7,290.3,92.6668,92.6726,92.5891,0.0777,0.0835,0.0058
5439,999.1,292.0,92.6721,92.6780,92.5941,0.0780,0.0838,0.0058
5440,997.8,293.2,92.6775,92.6833,92.5994,0.0781,0.0839,0.0058
5441,999.9,273.6,92.6828,92.6887,92.6048,0.0780,0.0838,0.0058
5442,1013.5,350.1,92.6882,92.6940,92.6107,0.0775,0.0833,0.0058
5443,986.9,330.9,92.6935,92.6993,92.6162,0.0773,0.0832,0.0058
5444,1008.4,351.1,92.6988,92.7047,92.6215,0.0774,0.0832,0.0058
5445,990.9,372.4,92.7042,92.7100,92.6267,0.0774,0.0832,0.0058
5446,1002.0,329.8,92.7095,92.7153,92.6325,0.0770,0.0828,0.0058
5447,999.5,290.1,92.7148,92.7206,92.6380,0.0768,0.0826,0.0058
5448,998.9,328.9,92.7201,92.7259,92.6437,0.0764,0.0822,0.0058
5449,1005.6,346.6,92.7254,92.7312,92.6495,0.0760,0.0818,0.0058
5450,995.4,321.5,92.7308,92.7365,92.6556,0.0751,0.0809,0.0058
5451,1001.5,335.9,92.7361,92.7418,92.6612,0.0749,0.0807,0.0058
5452,996.5,355.4,92.7414,92.7471,92.6666,0.0748,0.0806,0.0058
5453,1004.5,363.5,92.7467,92.7524,92.6719,0.0747,0.0805,0.0058
5454,1088.2,334.7,92.7519,92.7577,92.6777,0.0743,0.0801,0.0058
5455,923.6,320.6,92.7572,92.7630,92.6831,0.0741,0.0799,0.0058
5456,988.4,291.3,92.7625,92.7683,92.6886,0.0739,0.0797,0.0058
5457,997.9,308.8,92.7678,92.7736,92.6942,0.0736,0.0793,0.0058
5458,1000.9,297.6,92.7731,92.7788,92.7003,0.0727,0.0785,0.0058
5459,1300.4,333.5,92.7783,92.7841,92.7059,0.0724,0.0782,0.0058
5460,697.0,305.2,92.7836,92.7894,92.7116,0.0720,0.0778,0.0058
5461,998.0,280.9,92.7889,92.7946,92.7172,0.0717,0.0775,0.0058
5462,1000.7,261.5,92.7941,92.7999,92.7232,0.0709,0.0767,0.0058
5463,999.6,323.5,92.7994,92.8051,92.7289,0.0705,0.0762,0.0058
5464,1000.5,309.3,92.8046,92.8104,92.7345,0.0701,0.0759,0.0058
5465,1007.6,345.9,92.8098,92.8156,92.7401,0.0697,0.0755,0.0058
5466,995.4,321.5,92.8151,92.8208,92.7462,0.0689,0.0747,0.0058
5467,997.0,273.0,92.8203,92.8261,92.7517,0.0686,0.0744,0.0058
5468,1000.3,308.7,92.8256,92.8313,92.7571,0.0684,0.0742,0.0058
5469,998.3,329.4,92.8308,92.8365,92.7627,0.0681,0.0739,0.0058
5470,1001.7,343.3,92.8360,92.8417,92.7682,0.0678,0.0735,0.0058
5471,999.1,296.3,92.8412,92.8470,92.7742,0.0670,0.0728,0.0057
5472,1000.5,292.7,92.8464,92.8522,92.7796,0.0668,0.0726,0.0057
5473,1000.4,308.8,92.8516,92.8574,92.7847,0.0669,0.0727,0.0057
5474,999.6,287.7,92.8568,92.8626,92.7899,0.0669,0.0726,0.0057
5475,1011.3,319.3,92.8620,92.8678,92.7946,0.0674,0.0732,0.0057
5476,989.6,298.9,92.8672,92.8730,92.7992,0.0680,0.0738,0.0057
5477,999.2,289.4,92.8724,92.8782,92.8039,0.0685,0.0743,0.0057
5478,999.4,304.7,92.8776,92.8833,92.8090,0.0686,0.0743,0.0057
5479,1376.6,370.8,92.8828,92.8885,92.8138,0.0690,0.0747,0.0057
5480,624.5,282.9,92.8880,92.8937,92.8185,0.0695,0.0752,0.0057
5481,999.7,305.7,92.8931,92.8989,92.8231,0.0700,0.0757,0.0057
5482,998.7,295.2,92.8983,92.9040,92.8280,0.0703,0.0760,0.0057
5483,1001.1,311.2,92.9035,92.9092,92.8325,0.0710,0.0767,0.0057
5484,1074.1,324.3,92.9086,92.9143,92.8369,0.0718,0.0775,0.0057
5485,934.7,304.1,92.9138,92.9195,92.8414,0.0724,0.0781,0.0057
5486,1006.6,337.0,92.9189,92.9246,92.8465,0.0724,0.0781,0.0057
5487,987.7,283.2,92.9241,92.9298,92.8514,0.0727,0.0784,0.0057
5488,1000.6,296.4,92.9292,92.9349,92.8565,0.0727,0.0784,0.0057
5489,1001.1,319.4,92.9344,92.9401,92.8615,0.0728,0.0786,0.0057
5490,1007.3,345.8,92.9395,92.9452,92.8668,0.0726,0.0783,0.0057
5491,966.2,298.3,92.9446,92.9503,92.8717,0.0729,0.0786,0.0057
5492,1019.8,294.7,92.9497,92.9554,92.8767,0.0731,0.0788,0.0057
5493,1004.5,359.7,92.9549,92.9606,92.8816,0.0732,0.0789,0.0057
5494,995.8,319.4,92.9600,92.9657,92.8870,0.0730,0.0787,0.0057
5495,1002.4,329.5,92.9651,92.9708,92.8920,0.0731,0.0787,0.0057
5496,993.0,334.2,92.9702,92.9759,92.8971,0.0730,0.0787,0.0057
5497,998.7,288.8,92.9753,92.9810,92.9023,0.0730,0.0787,0.0057
5498,986.8,336.9,92.9804,92.9861,92.9076,0.0728,0.0784,0.0057
5499,1027.9,292.5,92.9855,92.9911,92.9124,0.0731,0.0787,0.0057
5500,989.6,288.0,92.9905,92.9962,92.9170,0.0736,0.0792,0.0057
5501,1007.4,312.9,92.9956,93.0013,92.9215,0.0741,0.0798,0.0057
5502,999.1,293.8,93.0007,93.0064,92.9265,0.0742,0.0799,0.0057
5503,996.9,281.3,93.0058,93.0115,92.9312,0.0746,0.0803,0.0057
5504,1000.7,286.7,93.0108,93.0165,92.9361,0.0748,0.0805,0.0057
5505,998.2,287.1,93.0159,93.0216,92.9411,0.0748,0.0804,0.0057
5506,999.4,274.7,93.0210,93.0266,92.9462,0.0748,0.0804,0.0057
5507,999.7,280.8,93.0260,93.0317,92.9518,0.0742,0.0799,0.0057
5508,1000.5,279.2,93.0311,93.0367,92.9569,0.0741,0.0798,0.0057
5509,1008.6,288.4,93.0361,93.0418,92.9622,0.0739,0.0796,0.0057
5510,1010.5,374.5,93.0411,93.0468,92.9675,0.0737,0.0793,0.0057
5511,1003.7,365.3,93.0462,93.0518,92.9732,0.0729,0.0786,0.0057
5512,981.2,302.1,93.0512,93.0569,92.9786,0.0726,0.0782,0.0057
5513,1000.7,317.7,93.0562,93.0619,92.9841,0.0721,0.0778,0.0057
5514,1005.5,303.9,93.0613,93.0669,92.9896,0.0717,0.0773,0.0056
5515,993.0,427.4,93.0663,93.0719,92.9955,0.0708,0.0764,0.0056
5516,994.9,280.2,93.0713,93.0769,93.0009,0.0704,0.0760,0.0056
5517,999.1,262.0,93.0763,93.0819,93.0063,0.0700,0.0757,0.0056
5518,997.1,326.5,93.0813,93.0869,93.0116,0.0697,0.0754,0.0056
5519,1006.3,347.7,93.0863,93.0919,93.0173,0.0689,0.0746,0.0056
5520,1001.5,357.9,93.0913,93.0969,93.0228,0.0685,0.0741,0.0056
5521,999.7,283.5,93.0963,93.1019,93.0282,0.0681,0.0737,0.0056
5522,998.0,387.5,93.1012,93.1069,93.0335,0.0678,0.0734,0.0056
5523,1000.9,347.9,93.1062,93.1118,93.0398,0.0664,0.0721,0.0056
5524,997.8,292.1,93.1112,93.1168,93.0440,0.0672,0.0728,0.0056
5525,1003.6,332.7,93.1162,93.1218,93.0489,0.0672,0.0728,0.0056
5526,1004.3,324.7,93.1211,93.1267,93.0545,0.0666,0.0722,0.0056
5527,1007.9,357.4,93.1261,93.1317,93.0599,0.0662,0.0718,0.0056
5528,990.7,306.1,93.1310,93.1366,93.0650,0.0660,0.0716,0.0056
5529,1004.0,302.6,93.1360,93.1416,93.0703,0.0657,0.0713,0.0056
5530,990.3,295.7,93.1409,93.1465,93.0754,0.0655,0.0711,0.0056
5531,996.4,299.2,93.1459,93.1515,93.0808,0.0651,0.0707,0.0056
5532,997.7,336.2,93.1508,93.1564,93.0860,0.0648,0.0704,0.0056
5533,1007.2,335.5,93.1557,93.1613,93.0909,0.0648,0.0704,0.0056
5534,1012.2,313.2,93.1606,93.1662,93.0960,0.0646,0.0702,0.0056
5535,991.0,295.0,93.1656,93.1712,93.1009,0.0646,0.0702,0.0056
5536,993.5,344.6,93.1705,93.1761,93.1060,0.0645,0.0701,0.0056
5537,1007.3,293.4,93.1754,93.1810,93.1113,0.0641,0.0697,0.0056
5538,1004.7,339.6,93.1803,93.1859,93.1164,0.0639,0.0695,0.0056
5539,998.4,337.6,93.1852,93.1908,93.1215,0.0636,0.0692,0.0056
5540,998.3,322.7,93.1901,93.1957,93.1215,0.0685,0.0741,0.0056
5541,1003.7,317.0,93.1950,93.2006,93.1262,0.0688,0.0744,0.0056
5542,1007.5,346.1,93.1998,93.2054,93.1308,0.0690,0.0746,0.0056
5543,990.5,361.1,93.2047,93.2103,93.1359,0.0688,0.0744,0.0056
5544,1007.1,313.4,93.2096,93.2152,93.1407,0.0689,0.0744,0.0056
5545,980.2,347.5,93.2145,93.2200,93.1458,0.0687,0.0742,0.0056
5546,1009.1,323.1,93.2193,93.2249,93.1509,0.0685,0.0740,0.0056
5547,995.0,304.5,93.2242,93.2298,93.1563,0.0679,0.0735,0.0056
5548,1011.2,308.3,93.2290,93.2346,93.1612,0.0678,0.0734,0.0056
5549,990.3,311.3,93.2339,93.2395,93.1660,0.0679,0.0735,0.0056
5550,1002.2,307.6,93.2387,93.2443,93.1704,0.0684,0.0739,0.0056
5551,996.8,329.8,93.2436,93.2491,93.1751,0.0685,0.0741,0.0056
5552,1000.6,321.6,93.2484,93.2540,93.1795,0.0689,0.0745,0.0056
5553,999.7,337.9,93.2532,93.2588,93.1840,0.0692,0.0748,0.0056
5554,1001.3,330.0,93.2581,93.2636,93.1888,0.0693,0.0749,0.0056
5555,998.1,344.3,93.2629,93.2684,93.1939,0.0690,0.0746,0.0055
5556,996.3,295.4,93.2677,93.2732,93.1987,0.0690,0.0745,0.0055
5557,1018.8,327.2,93.2725,93.2780,93.2036,0.0689,0.0745,0.0055
5558,999.3,310.5,93.2773,93.2829,93.2084,0.0689,0.0745,0.0055
5559,991.0,295.3,93.2821,93.2876,93.2136,0.0686,0.0741,0.0055
5560,1005.3,459.5,93.2869,93.2924,93.2184,0.0685,0.0740,0.0055
5561,987.7,302.6,93.2917,93.2972,93.2233,0.0684,0.0740,0.0055
5562,1008.7,845.8,93.2965,93.3020,93.2282,0.0683,0.0738,0.0055
5563,998.9,322.3,93.3012,93.3068,93.2338,0.0675,0.0730,0.0055
5564,998.3,288.2,93.3060,93.3115,93.2390,0.0670,0.0725,0.0055
5565,999.4,279.2,93.3108,93.3163,93.2442,0.0666,0.0721,0.0055
5566,1001.3,284.5,93.3156,93.3211,93.2493,0.0663,0.0718,0.0055
5567,997.2,266.1,93.3203,93.3258,93.2548,0.0655,0.0710,0.0055
5568,1000.6,370.4,93.3251,93.3306,93.2598,0.0652,0.0707,0.0055
5569,1000.7,321.4,93.3298,93.3353,93.2648,0.0650,0.0705,0.0055
5570,1001.6,341.5,93.3345,93.3401,93.2700,0.0646,0.0701,0.0055
5571,997.1,374.8,93.3393,93.3448,93.2756,0.0637,0.0692,0.0055
5572,1000.3,398.3,93.3440,93.3495,93.2808,0.0633,0.0688,0.0055
5573,1020.9,343.4,93.3487,93.3542,93.2858,0.0630,0.0685,0.0055
5574,974.0,377.4,93.3535,93.3590,93.2906,0.0629,0.0684,0.0055
5575,1000.6,304.3,93.3582,93.3637,93.2955,0.0627,0.0682,0.0055
5576,1003.9,421.5,93.3629,93.3684,93.2999,0.0630,0.0685,0.0055
5577,1005.5,334.6,93.3676,93.3731,93.3043,0.0633,0.0688,0.0055
5578,976.6,335.6,93.3723,93.3778,93.3088,0.0635,0.0690,0.0055
5579,1018.5,308.5,93.3770,93.3825,93.3139,0.0630,0.0685,0.0055
5580,1000.3,330.4,93.3817,93.3872,93.3187,0.0630,0.0685,0.0055
5581,1018.9,324.6,93.3864,93.3918,93.3234,0.0630,0.0685,0.0055
5582,984.5,315.3,93.3910,93.3965,93.3280,0.0631,0.0686,0.0055
5583,993.4,321.4,93.3957,93.4012,93.3328,0.0629,0.0684,0.0055
5584,999.7,311.8,93.4004,93.4059,93.3374,0.0629,0.0684,0.0055
5585,1005.2,302.9,93.4050,93.4105,93.3421,0.0629,0.0684,0.0055
5586,1015.1,315.3,93.4097,93.4152,93.3468,0.0629,0.0684,0.0055
5587,1060.7,320.7,93.4144,93.4198,93.3521,0.0623,0.0678,0.0055
5588,934.2,305.8,93.4190,93.4245,93.3571,0.0619,0.0674,0.0055
5589,992.3,282.0,93.4236,93.4291,93.3621,0.0615,0.0670,0.0055
5590,1001.2,308.5,93.4283,93.4337,93.3673,0.0610,0.0665,0.0055
5591,993.8,283.0,93.4329,93.4384,93.3727,0.0603,0.0657,0.0055
5592,1000.2,287.4,93.4375,93.4430,93.3775,0.0600,0.0655,0.0055
5593,999.4,329.5,93.4422,93.4476,93.3823,0.0599,0.0653,0.0055
5594,999.7,336.6,93.4468,93.4522,93.3869,0.0598,0.0653,0.0054
5595,999.8,330.2,93.4514,93.4568,93.3919,0.0595,0.0649,0.0054
5596,1000.7,298.3,93.4560,93.4614,93.3965,0.0595,0.0650,0.0054
5597,1003.0,313.4,93.4606,93.4660,93.4012,0.0594,0.0649,0.0054
5598,1001.2,330.4,93.4652,93.4706,93.4058,0.0594,0.0648,0.0054
5599,1065.5,358.8,93.4698,93.4752,93.4108,0.0590,0.0644,0.0054
5600,945.6,359.1,93.4744,93.4798,93.4152,0.0591,0.0646,0.0054
5601,984.8,330.7,93.4789,93.4844,93.4194,0.0595,0.0649,0.0054
5602,993.7,312.6,93.4835,93.4889,93.4235,0.0601,0.0655,0.0054
5603,1048.7,458.7,93.4881,93.4935,93.4276,0.0605,0.0659,0.0054
5604,959.2,300.5,93.4926,93.4981,93.4313,0.0613,0.0667,0.0054
5605,991.8,333.4,93.4972,93.5026,93.4352,0.0620,0.0674,0.0054
5606,1000.6,300.5,93.5017,93.5072,93.4392,0.0626,0.0680,0.0054
5607,1004.3,301.5,93.5063,93.5117,93.4435,0.0628,0.0682,0.0054
5608,999.5,298.6,93.5108,93.5162,93.4476,0.0632,0.0686,0.0054
5609,997.3,277.9,93.5154,93.5208,93.4518,0.0636,0.0690,0.0054
5610,997.9,311.3,93.5199,93.5253,93.4560,0.0639,0.0693,0.0054
5611,998.6,305.5,93.5244,93.5298,93.4606,0.0638,0.0692,0.0054
5612,999.6,343.1,93.5289,93.5343,93.4648,0.0642,0.0696,0.0054
5613,1000.7,355.1,93.5334,93.5388,93.4690,0.0644,0.0698,0.0054
5614,1000.1,295.6,93.5379,93.5433,93.4733,0.0646,0.0700,0.0054
5615,977.2,320.9,93.5424,93.5478,93.4779,0.0645,0.0699,0.0054
5616,1031.2,325.2,93.5469,93.5523,93.4823,0.0647,0.0701,0.0054
5617,1002.4,298.2,93.5514,93.5568,93.4867,0.0647,0.0701,0.0054
5618,999.7,339.8,93.5559,93.5613,93.4912,0.0647,0.0701,0.0054
5619,1010.6,378.3,93.5604,93.5658,93.4956,0.0648,0.0702,0.0054
5620,993.9,370.3,93.5649,93.5702,93.5004,0.0645,0.0698,0.0054
5621,986.6,316.1,93.5693,93.5747,93.5048,0.0646,0.0699,0.0054
5622,1012.0,322.3,93.5738,93.5792,93.5091,0.0647,0.0701,0.0054
5623,963.3,363.7,93.5783,93.5836,93.5135,0.0647,0.0701,0.0054
5624,1024.6,330.3,93.5827,93.5881,93.5177,0.0650,0.0704,0.0054
5625,1008.2,339.9,93.5872,93.5925,93.5220,0.0652,0.0705,0.0054
5626,999.5,321.7,93.5916,93.5970,93.5265,0.0651,0.0704,0.0054
5627,974.1,347.6,93.5960,93.6014,93.5313,0.0647,0.0701,0.0054
5628,1029.3,370.3,93.6005,93.6058,93.5357,0.0647,0.0701,0.0054
5629,1012.7,418.9,93.6049,93.6102,93.5402,0.0647,0.0701,0.0054
5630,1000.3,349.9,93.6093,93.6146,93.5445,0.0648,0.0701,0.0053
5631,979.1,299.1,93.6137,93.6191,93.5491,0.0646,0.0699,0.0053
5632,996.8,300.4,93.6181,93.6235,93.5533,0.0648,0.0701,0.0053
5633,998.0,303.8,93.6225,93.6279,93.5576,0.0649,0.0703,0.0053
5634,999.9,304.1,93.6269,93.6323,93.5618,0.0651,0.0704,0.0053
5635,999.7,327.3,93.6313,93.6366,93.5665,0.0648,0.0702,0.0053
5636,999.5,263.6,93.6357,93.6410,93.5709,0.0647,0.0701,0.0053
5637,999.9,275.5,93.6401,93.6454,93.5755,0.0646,0.0699,0.0053
5638,1000.1,279.7,93.6444,93.6498,93.5800,0.0644,0.0697,0.0053
5639,1000.7,310.5,93.6488,93.6541,93.5851,0.0637,0.0691,0.0053
5640,1002.9,287.6,93.6532,93.6585,93.5896,0.0635,0.0688,0.0053
5641,999.2,612.0,93.6575,93.6628,93.5941,0.0634,0.0687,0.0053
5642,984.2,3978.6,93.6619,93.6672,93.5987,0.0632,0.0685,0.0053
5643,3987.3,412.9,93.6662,93.6715,93.6180,0.0482,0.0535,0.0053
5644,415.7,270.3,93.6706,93.6759,93.6180,0.0525,0.0578,0.0053
5645,272.8,484.9,93.6749,93.6802,93.6235,0.0513,0.0566,0.0053
5646,487.8,241.7,93.6792,93.6845,93.6235,0.0557,0.0610,0.0053
5647,244.1,299.3,93.6835,93.6888,93.6235,0.0600,0.0653,0.0053
5648,606.5,286.3,93.6878,93.6931,93.6287,0.0592,0.0645,0.0053
5649,1007.9,1030.5,93.6922,93.6975,93.6336,0.0585,0.0638,0.0053
5650,1042.0,314.8,93.6965,93.7018,93.6382,0.0583,0.0635,0.0053
5651,949.9,280.8,93.7008,93.7061,93.6428,0.0580,0.0633,0.0053
5652,996.3,296.2,93.7051,93.7103,93.6472,0.0579,0.0631,0.0053
5653,1003.3,277.7,93.7093,93.7146,93.6520,0.0573,0.0626,0.0053
5654,999.4,280.1,93.7136,93.7189,93.6571,0.0565,0.0618,0.0053
5655,1000.0,291.3,93.7179,93.7232,93.6628,0.0551,0.0603,0.0053
5656,999.9,271.0,93.7222,93.7274,93.6681,0.0541,0.0594,0.0053
5657,1000.3,3697.2,93.7264,93.7317,93.6731,0.0533,0.0586,0.0053
5658,3701.8,491.3,93.7307,93.7360,93.6914,0.0393,0.0446,0.0053
5659,495.1,243.0,93.7349,93.7402,93.6914,0.0436,0.0489,0.0053
5660,246.2,288.4,93.7392,93.7444,93.6914,0.0478,0.0531,0.0053
5661,291.5,469.0,93.7434,93.7487,93.6954,0.0480,0.0532,0.0053
5662,472.2,240.2,93.7477,93.7529,93.6954,0.0522,0.0575,0.0053
5663,801.8,291.0,93.7519,93.7571,93.6999,0.0520,0.0573,0.0053
5664,999.3,264.6,93.7561,93.7614,93.7040,0.0521,0.0574,0.0053
5665,992.9,284.0,93.7603,93.7656,93.7079,0.0524,0.0577,0.0052
5666,1000.8,339.7,93.7645,93.7698,93.7117,0.0529,0.0581,0.0052
5667,1008.1,498.3,93.7687,93.7740,93.7158,0.0530,0.0582,0.0052
5668,991.9,311.5,93.7729,93.7782,93.7197,0.0532,0.0584,0.0052
5669,999.5,317.6,93.7771,93.7824,93.7238,0.0533,0.0585,0.0052
5670,999.0,309.4,93.7813,93.7866,93.7279,0.0534,0.0586,0.0052
5671,1000.8,275.1,93.7855,93.7907,93.7322,0.0533,0.0586,0.0052
5672,1006.0,300.1,93.7897,93.7949,93.7362,0.0535,0.0588,0.0052
5673,996.6,272.6,93.7939,93.7991,93.7401,0.0537,0.0589,0.0052
5674,1000.2,282.5,93.7980,93.8032,93.7441,0.0540,0.0592,0.0052
5675,989.4,320.2,93.8022,93.8074,93.7484,0.0538,0.0590,0.0052
5676,1008.4,297.5,93.8063,93.8115,93.7524,0.0539,0.0591,0.0052
5677,1000.3,299.7,93.8105,93.8157,93.7565,0.0539,0.0591,0.0052
5678,1003.9,316.3,93.8146,93.8198,93.7605,0.0541,0.0593,0.0052
5679,996.4,300.7,93.8187,93.8240,93.7649,0.0539,0.0591,0.0052
5680,1000.9,273.8,93.8229,93.8281,93.7688,0.0541,0.0593,0.0052
5681,998.9,272.3,93.8270,93.8322,93.7726,0.0544,0.0596,0.0052
5682,957.8,292.6,93.8311,93.8363,93.7764,0.0547,0.0599,0.0052
5683,3707.3,593.1,93.8352,93.8404,93.7924,0.0428,0.0480,0.0052
5684,597.5,2450.0,93.8393,93.8445,93.7924,0.0469,0.0521,0.0052
5685,2452.8,519.8,93.8434,93.8486,93.8037,0.0397,0.0449,0.0052
5686,522.2,201.8,93.8475,93.8527,93.8037,0.0438,0.0490,0.0052
5687,203.9,290.3,93.8516,93.8568,93.8037,0.0479,0.0531,0.0052
5688,293.5,248.7,93.8557,93.8609,93.8068,0.0489,0.0541,0.0052
5689,250.7,271.4,93.8598,93.8649,93.8068,0.0530,0.0581,0.0052
5690,274.0,237.4,93.8638,93.8690,93.8068,0.0570,0.0622,0.0052
5691,745.5,280.7,93.8679,93.8731,93.8099,0.0580,0.0632,0.0052
5692,1003.5,250.4,93.8720,93.8771,93.8126,0.0593,0.0645,0.0052
5693,991.1,319.9,93.8760,93.8812,93.8154,0.0606,0.0658,0.0052
5694,998.8,322.5,93.8800,93.8852,93.8182,0.0619,0.0670,0.0052
5695,999.9,325.8,93.8841,93.8892,93.8216,0.0625,0.0677,0.0052
5696,999.6,306.7,93.8881,93.8933,93.8252,0.0630,0.0681,0.0052
5697,999.8,298.9,93.8921,93.8973,93.8291,0.0631,0.0682,0.0052
5698,1000.1,267.0,93.8962,93.9013,93.8332,0.0630,0.0681,0.0051
5699,1003.3,276.4,93.9002,93.9053,93.8376,0.0626,0.0677,0.0051
5700,996.7,323.7,93.9042,93.9093,93.8417,0.0625,0.0676,0.0051
5701,1000.5,267.0,93.9082,93.9133,93.8459,0.0623,0.0675,0.0051
5702,999.9,280.5,93.9122,93.9173,93.8499,0.0623,0.0674,0.0051
5703,1002.5,282.3,93.9162,93.9213,93.8499,0.0663,0.0714,0.0051
5704,998.4,255.0,93.9202,93.9253,93.8542,0.0659,0.0711,0.0051
5705,999.2,284.8,93.9241,93.9293,93.8582,0.0659,0.0711,0.0051
5706,998.9,302.6,93.9281,93.9332,93.8626,0.0656,0.0707,0.0051
5707,1000.9,279.7,93.9321,93.9372,93.8669,0.0652,0.0703,0.0051
5708,1000.0,305.9,93.9360,93.9412,93.8714,0.0646,0.0697,0.0051
5709,1000.0,256.3,93.9400,93.9451,93.8762,0.0638,0.0689,0.0051
5710,999.5,254.4,93.9439,93.9490,93.8814,0.0626,0.0677,0.0051
5711,1000.7,307.9,93.9479,93.9530,93.8862,0.0617,0.0668,0.0051
5712,1000.0,286.1,93.9518,93.9569,93.8910,0.0609,0.0660,0.0051
5713,999.7,310.2,93.9557,93.9608,93.8956,0.0601,0.0652,0.0051
5714,1000.0,291.3,93.9597,93.9648,93.9004,0.0592,0.0643,0.0051
5715,1000.1,303.7,93.9636,93.9687,93.9048,0.0588,0.0639,0.0051
5716,999.7,308.7,93.9675,93.9726,93.9092,0.0583,0.0634,0.0051
5717,1000.5,274.4,93.9714,93.9765,93.9137,0.0577,0.0627,0.0051
5718,1005.3,294.8,93.9753,93.9804,93.9188,0.0565,0.0616,0.0051
5719,994.4,323.2,93.9792,93.9843,93.9235,0.0556,0.0607,0.0051
5720,999.5,329.8,93.9831,93.9881,93.9283,0.0548,0.0599,0.0051
5721,999.9,280.9,93.9869,93.9920,93.9328,0.0541,0.0592,0.0051
5722,1000.1,287.9,93.9908,93.9959,93.9376,0.0533,0.0583,0.0051
5723,999.5,340.0,93.9947,93.9998,93.9419,0.0528,0.0578,0.0051
5724,1000.4,287.6,93.9985,94.0036,93.9461,0.0525,0.0576,0.0051
5725,1000.1,278.9,94.0024,94.0075,93.9501,0.0523,0.0574,0.0051
5726,999.6,308.3,94.0062,94.0113,93.9545,0.0518,0.0569,0.0051
5727,1003.2,335.6,94.0101,94.0151,93.9585,0.0516,0.0567,0.0051
5728,998.0,301.9,94.0139,94.0190,93.9626,0.0513,0.0564,0.0051
5729,1000.0,292.0,94.0177,94.0228,93.9669,0.0509,0.0559,0.0051
5730,999.1,282.9,94.0216,94.0266,93.9713,0.0502,0.0553,0.0051
5731,1001.4,337.5,94.0254,94.0304,93.9761,0.0493,0.0543,0.0050
5732,1000.5,346.9,94.0292,94.0342,93.9804,0.0488,0.0539,0.0050
5733,998.7,327.3,94.0330,94.0380,93.9845,0.0485,0.0536,0.0050
5734,1000.1,295.5,94.0368,94.0418,93.9885,0.0483,0.0533,0.0050
5735,1000.0,329.3,94.0406,94.0456,93.9928,0.0478,0.0529,0.0050
5736,959.5,321.1,94.0444,94.0494,93.9967,0.0477,0.0527,0.0050
5737,1024.5,325.6,94.0482,94.0532,94.0007,0.0475,0.0525,0.0050
5738,1016.4,296.2,94.0519,94.0570,94.0047,0.0473,0.0523,0.0050
5739,1001.6,318.8,94.0557,94.0607,94.0090,0.0467,0.0518,0.0050
5740,999.0,309.0,94.0595,94.0645,94.0129,0.0465,0.0515,0.0050
5741,1000.5,345.6,94.0632,94.0682,94.0168,0.0465,0.0515,0.0050
5742,1015.0,299.7,94.0670,94.0720,94.0205,0.0464,0.0515,0.0050
5743,994.1,340.2,94.0707,94.0757,94.0243,0.0464,0.0514,0.0050
5744,989.0,325.9,94.0744,94.0794,94.0279,0.0465,0.0515,0.0050
5745,1000.5,324.5,94.0782,94.0832,94.0316,0.0466,0.0516,0.0050
5746,1002.4,318.1,94.0819,94.0869,94.0351,0.0468,0.0518,0.0050
5747,998.8,456.6,94.0856,94.0906,94.0387,0.0469,0.0519,0.0050
5748,1007.4,506.0,94.0893,94.0943,94.0420,0.0473,0.0523,0.0050
5749,999.0,370.5,94.0930,94.0980,94.0452,0.0478,0.0528,0.0050
5750,1000.4,488.8,94.0967,94.1017,94.0486,0.0481,0.0531,0.0050
5751,1001.9,399.3,94.1004,94.1054,94.0524,0.0480,0.0530,0.0050
5752,996.3,488.7,94.1041,94.1091,94.0559,0.0482,0.0532,0.0050
5753,1000.8,318.8,94.1078,94.1127,94.0594,0.0484,0.0534,0.0050
5754,1001.2,357.9,94.1114,94.1164,94.0628,0.0487,0.0537,0.0050
5755,999.0,489.5,94.1151,94.1201,94.0662,0.0488,0.0538,0.0050
5756,1000.0,388.5,94.1187,94.1237,94.0693,0.0495,0.0544,0.0050
5757,1000.2,441.4,94.1224,94.1274,94.0723,0.0501,0.0551,0.0050
5758,1000.2,337.2,94.1260,94.1310,94.0753,0.0507,0.0557,0.0050
5759,1000.7,358.3,94.1297,94.1346,94.0787,0.0510,0.0559,0.0050
5760,1010.7,311.2,94.1333,94.1383,94.0819,0.0514,0.0564,0.0050
5761,991.2,342.8,94.1369,94.1419,94.0850,0.0519,0.0568,0.0050
5762,1000.2,331.8,94.1406,94.1455,94.0883,0.0522,0.0572,0.0049
5763,996.3,338.1,94.1442,94.1491,94.0919,0.0523,0.0572,0.0049
5764,1000.5,308.5,94.1478,94.1527,94.0953,0.0525,0.0574,0.0049
5765,999.7,303.7,94.1514,94.1563,94.0987,0.0527,0.0576,0.0049
5766,1000.0,290.0,94.1550,94.1599,94.1021,0.0529,0.0578,0.0049
5767,1000.2,291.0,94.1586,94.1635,94.1056,0.0530,0.0579,0.0049
5768,999.9,339.6,94.1621,94.1671,94.1094,0.0528,0.0577,0.0049
5769,1002.5,362.6,94.1657,94.1706,94.1128,0.0529,0.0578,0.0049
5770,1002.5,394.3,94.1693,94.1742,94.1162,0.0531,0.0580,0.0049
5771,999.1,344.1,94.1728,94.1778,94.1196,0.0532,0.0582,0.0049
5772,1002.2,354.0,94.1764,94.1813,94.1234,0.0530,0.0579,0.0049
5773,994.8,333.0,94.1799,94.1849,94.1270,0.0529,0.0578,0.0049
5774,1002.5,331.2,94.1835,94.1884,94.1307,0.0528,0.0577,0.0049
5775,1000.6,326.3,94.1870,94.1919,94.1345,0.0525,0.0574,0.0049
5776,998.6,348.6,94.1906,94.1955,94.1386,0.0520,0.0569,0.0049
5777,1005.1,308.4,94.1941,94.1990,94.1426,0.0515,0.0564,0.0049
5778,995.4,310.5,94.1976,94.2025,94.1467,0.0509,0.0558,0.0049
5779,998.4,317.4,94.2011,94.2060,94.1508,0.0503,0.0552,0.0049
5780,1000.8,306.6,94.2046,94.2095,94.1553,0.0493,0.0542,0.0049
5781,998.8,336.9,94.2081,94.2130,94.1591,0.0490,0.0539,0.0049
5782,1012.3,297.4,94.2116,94.2165,94.1630,0.0486,0.0535,0.0049
5783,987.5,317.8,94.2151,94.2199,94.1669,0.0482,0.0531,0.0049
5784,1001.0,309.1,94.2185,94.2234,94.1708,0.0477,0.0526,0.0049
5785,998.3,316.5,94.2220,94.2269,94.1752,0.0468,0.0517,0.0049
5786,1000.3,310.7,94.2255,94.2303,94.1793,0.0461,0.0510,0.0049
5787,999.8,307.9,94.2289,94.2338,94.1835,0.0454,0.0503,0.0049
5788,999.8,319.7,94.2324,94.2372,94.1881,0.0443,0.0492,0.0049
5789,999.8,308.9,94.2358,94.2407,94.1922,0.0436,0.0485,0.0049
5790,1002.9,304.5,94.2393,94.2441,94.1962,0.0430,0.0479,0.0049
5791,1002.0,319.0,94.2427,94.2475,94.2000,0.0427,0.0475,0.0049
5792,1000.1,305.9,94.2461,94.2510,94.2038,0.0424,0.0472,0.0049
5793,999.4,365.6,94.2495,94.2544,94.2076,0.0419,0.0467,0.0048
5794,965.7,355.0,94.2529,94.2578,94.2112,0.0417,0.0466,0.0048
5795,1033.8,353.0,94.2563,94.2612,94.2149,0.0415,0.0463,0.0048
5796,999.1,328.9,94.2597,94.2646,94.2185,0.0413,0.0461,0.0048
5797,998.3,317.7,94.2631,94.2680,94.2224,0.0407,0.0456,0.0048
5798,1001.7,301.2,94.2665,94.2713,94.2259,0.0406,0.0454,0.0048
5799,997.7,294.7,94.2699,94.2747,94.2295,0.0404,0.0452,0.0048
5800,999.6,308.7,94.2733,94.2781,94.2332,0.0400,0.0448,0.0048
5801,1000.4,292.6,94.2766,94.2814,94.2374,0.0392,0.0441,0.0048
5802,1000.0,298.3,94.2800,94.2848,94.2412,0.0388,0.0436,0.0048
5803,1005.7,299.8,94.2833,94.2881,94.2449,0.0384,0.0432,0.0048
5804,995.7,283.2,94.2867,94.2915,94.2486,0.0381,0.0429,0.0048
5805,997.0,315.3,94.2900,94.2948,94.2522,0.0378,0.0426,0.0048
5806,1000.3,301.1,94.2933,94.2981,94.2561,0.0373,0.0421,0.0048
5807,1000.1,342.7,94.2967,94.3015,94.2597,0.0370,0.0418,0.0048
5808,999.4,361.0,94.3000,94.3048,94.2633,0.0367,0.0415,0.0048
5809,1000.6,310.8,94.3033,94.3081,94.2670,0.0363,0.0411,0.0048
5810,1008.6,310.0,94.3066,94.3114,94.2708,0.0358,0.0406,0.0048
5811,991.9,313.2,94.3099,94.3147,94.2748,0.0351,0.0399,0.0048
5812,994.9,322.2,94.3132,94.3180,94.2785,0.0346,0.0394,0.0048
5813,1008.0,304.0,94.3165,94.3212,94.2823,0.0342,0.0389,0.0048
5814,998.2,308.6,94.3197,94.3245,94.2861,0.0336,0.0384,0.0048
5815,1001.4,311.9,94.3230,94.3278,94.2896,0.0334,0.0382,0.0048
5816,999.7,303.1,94.3263,94.3310,94.2929,0.0333,0.0381,0.0048
5817,1000.7,294.8,94.3295,94.3343,94.2963,0.0333,0.0380,0.0048
5818,996.8,356.7,94.3328,94.3375,94.2999,0.0329,0.0377,0.0048
5819,1001.2,338.1,94.3360,94.3408,94.3032,0.0328,0.0376,0.0048
5820,1000.9,356.5,94.3393,94.3440,94.3064,0.0329,0.0376,0.0048
5821,998.7,323.5,94.3425,94.3472,94.3096,0.0329,0.0377,0.0048
5822,1010.2,320.5,94.3457,94.3505,94.3129,0.0328,0.0376,0.0048
5823,993.4,320.1,94.3489,94.3537,94.3159,0.0330,0.0378,0.0047
5824,999.9,355.6,94.3521,94.3569,94.3189,0.0333,0.0380,0.0047
5825,996.9,348.0,94.3553,94.3601,94.3218,0.0335,0.0382,0.0047
5826,998.3,357.5,94.3585,94.3633,94.3250,0.0335,0.0382,0.0047
5827,1000.7,357.3,94.3617,94.3664,94.3279,0.0338,0.0386,0.0047
5828,999.6,310.7,94.3649,94.3696,94.3306,0.0343,0.0390,0.0047
5829,999.4,321.9,94.3681,94.3728,94.3332,0.0349,0.0396,0.0047
5830,1000.8,312.5,94.3712,94.3760,94.3357,0.0356,0.0403,0.0047
5831,999.5,350.4,94.3744,94.3791,94.3379,0.0365,0.0412,0.0047
5832,1003.0,384.8,94.3776,94.3823,94.3402,0.0374,0.0421,0.0047
5833,1001.9,325.6,94.3807,94.3854,94.3424,0.0383,0.0430,0.0047
5834,997.9,313.1,94.3838,94.3885,94.3447,0.0391,0.0438,0.0047
5835,1007.6,352.2,94.3870,94.3917,94.3471,0.0399,0.0446,0.0047
5836,998.9,311.7,94.3901,94.3948,94.3497,0.0404,0.0451,0.0047
5837,1000.4,331.1,94.3932,94.3979,94.3523,0.0409,0.0456,0.0047
5838,1001.4,299.5,94.3963,94.4010,94.3551,0.0413,0.0460,0.0047
5839,998.9,290.0,94.3994,94.4041,94.3577,0.0418,0.0465,0.0047
5840,999.0,331.9,94.4025,94.4072,94.3604,0.0421,0.0468,0.0047
5841,1007.1,343.9,94.4056,94.4103,94.3631,0.0425,0.0472,0.0047
5842,1004.3,327.2,94.4087,94.4134,94.3658,0.0430,0.0476,0.0047
5843,988.9,431.5,94.4118,94.4165,94.3686,0.0432,0.0479,0.0047
5844,1003.1,370.7,94.4149,94.4195,94.3712,0.0437,0.0483,0.0047
5845,997.1,401.1,94.4179,94.4226,94.3739,0.0441,0.0487,0.0047
5846,1003.0,383.9,94.4210,94.4257,94.3765,0.0444,0.0491,0.0047
5847,1000.1,357.0,94.4240,94.4287,94.3794,0.0446,0.0493,0.0047
5848,995.6,348.6,94.4271,94.4317,94.3822,0.0449,0.0496,0.0047
5849,1003.3,362.7,94.4301,94.4348,94.3849,0.0452,0.0498,0.0047
5850,998.6,307.3,94.4332,94.4378,94.3878,0.0454,0.0500,0.0047
5851,1000.9,303.1,94.4362,94.4408,94.3907,0.0455,0.0501,0.0047
5852,997.2,302.9,94.4392,94.4438,94.3935,0.0457,0.0503,0.0046
5853,1002.5,337.4,94.4422,94.4468,94.3964,0.0458,0.0505,0.0046
5854,1004.2,324.3,94.4452,94.4498,94.3994,0.0458,0.0504,0.0046
5855,997.0,284.9,94.4482,94.4528,94.4028,0.0454,0.0500,0.0046
5856,1000.1,310.6,94.4512,94.4558,94.4060,0.0452,0.0498,0.0046
5857,1001.9,300.3,94.4542,94.4588,94.4092,0.0449,0.0496,0.0046
5858,994.1,351.1,94.4571,94.4618,94.4125,0.0447,0.0493,0.0046
5859,1006.5,335.2,94.4601,94.4647,94.4159,0.0442,0.0488,0.0046
5860,996.3,342.2,94.4631,94.4677,94.4190,0.0441,0.0487,0.0046
5861,1000.3,314.6,94.4660,94.4706,94.4220,0.0440,0.0486,0.0046
5862,998.4,298.1,94.4690,94.4736,94.4249,0.0440,0.0486,0.0046
5863,1004.8,293.9,94.4719,94.4765,94.4282,0.0438,0.0484,0.0046
5864,1003.3,333.7,94.4749,94.4795,94.4312,0.0436,0.0482,0.0046
5865,991.6,359.4,94.4778,94.4824,94.4343,0.0435,0.0481,0.0046
5866,1000.0,345.1,94.4807,94.4853,94.4378,0.0429,0.0475,0.0046
5867,1009.0,341.6,94.4836,94.4882,94.4412,0.0424,0.0470,0.0046
5868,989.2,338.1,94.4865,94.4911,94.4445,0.0421,0.0466,0.0046
5869,995.5,369.1,94.4894,94.4940,94.4478,0.0416,0.0462,0.0046
5870,997.0,405.5,94.4923,94.4969,94.4512,0.0411,0.0457,0.0046
5871,999.5,322.9,94.4952,94.4998,94.4547,0.0405,0.0451,0.0046
5872,1000.3,344.7,94.4981,94.5026,94.4577,0.0404,0.0449,0.0046
5873,999.5,328.2,94.5009,94.5055,94.4608,0.0402,0.0448,0.0046
5874,1001.0,311.9,94.5038,94.5084,94.4638,0.0400,0.0446,0.0046
5875,1000.6,304.5,94.5067,94.5112,94.4670,0.0397,0.0442,0.0046
5876,1002.0,333.6,94.5095,94.5141,94.4700,0.0395,0.0441,0.0046
5877,1004.4,322.3,94.5123,94.5169,94.4729,0.0394,0.0440,0.0046
5878,997.3,344.3,94.5152,94.5197,94.4757,0.0394,0.0440,0.0046
5879,999.1,338.3,94.5180,94.5226,94.4787,0.0393,0.0438,0.0046
5880,999.7,345.2,94.5208,94.5254,94.4816,0.0393,0.0438,0.0045
5881,998.5,331.6,94.5236,94.5282,94.4846,0.0390,0.0436,0.0045
5882,998.3,336.3,94.5264,94.5310,94.4877,0.0388,0.0433,0.0045
5883,1001.6,338.2,94.5292,94.5338,94.4877,0.0416,0.0461,0.0045
5884,1003.5,302.9,94.5320,94.5366,94.4911,0.0410,0.0455,0.0045
5885,996.8,315.6,94.5348,94.5394,94.4942,0.0407,0.0452,0.0045
5886,999.9,307.0,94.5376,94.5421,94.4973,0.0403,0.0449,0.0045
5887,1004.3,311.3,94.5404,94.5449,94.5007,0.0397,0.0442,0.0045
5888,995.7,342.9,94.5431,94.5477,94.5040,0.0392,0.0437,0.0045
5889,999.4,368.6,94.5459,94.5504,94.5074,0.0385,0.0431,0.0045
5890,999.3,375.5,94.5486,94.5532,94.5106,0.0381,0.0426,0.0045
5891,998.7,371.9,94.5514,94.5559,94.5140,0.0374,0.0419,0.0045
5892,1000.0,370.6,94.5541,94.5586,94.5171,0.0371,0.0416,0.0045
5893,1006.9,340.1,94.5569,94.5614,94.5201,0.0367,0.0412,0.0045
5894,994.2,409.7,94.5596,94.5641,94.5233,0.0363,0.0408,0.0045
5895,998.8,336.0,94.5623,94.5668,94.5266,0.0356,0.0401,0.0045
5896,1002.4,391.4,94.5650,94.5695,94.5299,0.0351,0.0396,0.0045
5897,995.8,369.7,94.5677,94.5722,94.5331,0.0346,0.0390,0.0045
5898,998.8,373.5,94.5704,94.5749,94.5364,0.0340,0.0385,0.0045
5899,997.6,351.6,94.5731,94.5776,94.5397,0.0333,0.0378,0.0045
5900,1001.1,339.6,94.5758,94.5802,94.5427,0.0330,0.0375,0.0045
5901,1001.5,375.3,94.5784,94.5829,94.5458,0.0326,0.0371,0.0045
5902,1019.9,323.4,94.5811,94.5856,94.5493,0.0318,0.0363,0.0045
5903,989.6,364.0,94.5837,94.5882,94.5523,0.0315,0.0359,0.0045
5904,998.0,327.6,94.5864,94.5909,94.5552,0.0312,0.0356,0.0045
5905,1000.8,306.6,94.5890,94.5935,94.5581,0.0310,0.0355,0.0045
5906,997.2,352.3,94.5917,94.5961,94.5612,0.0305,0.0350,0.0045
5907,999.7,339.6,94.5943,94.5988,94.5640,0.0303,0.0347,0.0045
5908,1000.6,376.4,94.5969,94.6014,94.5670,0.0299,0.0344,0.0044
5909,999.8,347.7,94.5995,94.6040,94.5700,0.0296,0.0340,0.0044
5910,1003.9,340.0,94.6022,94.6066,94.5729,0.0292,0.0337,0.0044
5911,996.0,316.8,94.6048,94.6092,94.5760,0.0287,0.0332,0.0044
5912,998.8,304.1,94.6073,94.6118,94.5790,0.0284,0.0328,0.0044
5913,999.8,346.6,94.6099,94.6144,94.5819,0.0280,0.0324,0.0044
5914,999.9,339.8,94.6125,94.6169,94.5850,0.0275,0.0319,0.0044
5915,1000.1,351.5,94.6151,94.6195,94.5878,0.0273,0.0317,0.0044
5916,999.7,337.4,94.6176,94.6221,94.5904,0.0272,0.0316,0.0044
5917,1001.1,322.4,94.6202,94.6246,94.5929,0.0273,0.0317,0.0044
5918,1001.1,368.1,94.6227,94.6272,94.5955,0.0273,0.0317,0.0044
5919,1000.4,347.6,94.6253,94.6297,94.5978,0.0275,0.0319,0.0044
5920,999.4,384.8,94.6278,94.6322,94.6001,0.0277,0.0321,0.0044
5921,1001.0,360.2,94.6304,94.6348,94.6024,0.0279,0.0323,0.0044
5922,999.8,354.7,94.6329,94.6373,94.6050,0.0279,0.0323,0.0044
5923,1001.7,353.4,94.6354,94.6398,94.6073,0.0281,0.0325,0.0044
5924,1000.1,344.6,94.6379,94.6423,94.6094,0.0285,0.0328,0.0044
5925,998.8,331.1,94.6404,94.6448,94.6116,0.0288,0.0332,0.0044
5926,998.0,774.5,94.6429,94.6473,94.6140,0.0289,0.0333,0.0044
5927,1003.1,314.9,94.6454,94.6498,94.6162,0.0292,0.0335,0.0044
5928,998.9,350.1,94.6478,94.6522,94.6186,0.0292,0.0336,0.0044
5929,999.4,348.0,94.6503,94.6547,94.6210,0.0293,0.0337,0.0044
5930,1005.6,438.2,94.6528,94.6572,94.6236,0.0292,0.0336,0.0044
5931,973.9,355.3,94.6552,94.6596,94.6260,0.0292,0.0336,0.0044
5932,992.0,359.6,94.6577,94.6620,94.6283,0.0294,0.0337,0.0044
5933,997.8,385.3,94.6601,94.6645,94.6306,0.0295,0.0339,0.0044
5934,991.8,351.7,94.6626,94.6669,94.6331,0.0295,0.0338,0.0044
5935,3768.1,491.3,94.6650,94.6693,94.6420,0.0229,0.0273,0.0044
5936,498.0,293.9,94.6674,94.6718,94.6420,0.0254,0.0297,0.0043
5937,299.6,312.8,94.6698,94.6742,94.6441,0.0258,0.0301,0.0043
5938,316.6,368.1,94.6722,94.6766,94.6441,0.0282,0.0325,0.0043
5939,371.6,223.9,94.6746,94.6790,94.6441,0.0306,0.0349,0.0043
5940,783.0,278.6,94.6770,94.6813,94.6461,0.0309,0.0352,0.0043
5941,994.8,362.0,94.6794,94.6837,94.6481,0.0313,0.0356,0.0043
5942,1007.4,297.7,94.6818,94.6861,94.6502,0.0315,0.0359,0.0043
5943,998.4,344.7,94.6841,94.6885,94.6522,0.0319,0.0362,0.0043
5944,1024.6,411.0,94.6865,94.6908,94.6544,0.0321,0.0365,0.0043
5945,988.0,352.9,94.6888,94.6932,94.6568,0.0321,0.0364,0.0043
5946,998.6,2723.3,94.6912,94.6955,94.6593,0.0319,0.0362,0.0043
5947,2735.0,557.7,94.6935,94.6978,94.6670,0.0265,0.0308,0.0043
5948,564.1,323.5,94.6959,94.7002,94.6670,0.0289,0.0332,0.0043
5949,368.9,285.0,94.6982,94.7025,94.6697,0.0285,0.0328,0.0043
5950,289.3,288.2,94.7005,94.7048,94.6697,0.0308,0.0351,0.0043
5951,1030.4,296.5,94.7028,94.7071,94.6722,0.0306,0.0349,0.0043
5952,995.1,260.0,94.7051,94.7094,94.6747,0.0304,0.0347,0.0043
5953,999.5,3676.6,94.7074,94.7117,94.6771,0.0303,0.0346,0.0043
5954,3680.0,558.3,94.7097,94.7140,94.6870,0.0227,0.0270,0.0043
5955,560.8,262.4,94.7120,94.7163,94.6870,0.0250,0.0293,0.0043
5956,264.9,283.8,94.7142,94.7185,94.6895,0.0247,0.0290,0.0043
5957,286.4,420.4,94.7165,94.7208,94.6895,0.0270,0.0313,0.0043
5958,422.8,228.2,94.7188,94.7230,94.6895,0.0293,0.0335,0.0043
5959,791.2,286.7,94.7210,94.7253,94.6917,0.0293,0.0335,0.0043
5960,998.5,323.1,94.7233,94.7275,94.6939,0.0293,0.0336,0.0043
5961,997.4,288.3,94.7255,94.7298,94.6961,0.0294,0.0337,0.0043
5962,996.8,285.5,94.7277,94.7320,94.6983,0.0294,0.0337,0.0043
5963,1005.8,295.7,94.7300,94.7342,94.7005,0.0295,0.0337,0.0042
5964,994.9,274.5,94.7322,94.7364,94.7029,0.0293,0.0335,0.0042
5965,999.6,306.5,94.7344,94.7386,94.7054,0.0290,0.0332,0.0042
5966,999.1,282.8,94.7366,94.7408,94.7081,0.0285,0.0327,0.0042
5967,999.2,263.3,94.7388,94.7430,94.7107,0.0280,0.0323,0.0042
5968,1007.5,325.1,94.7409,94.7452,94.7133,0.0276,0.0318,0.0042
5969,1008.7,330.9,94.7431,94.7473,94.7157,0.0274,0.0316,0.0042
5970,994.3,328.2,94.7453,94.7495,94.7182,0.0271,0.0313,0.0042
5971,1010.3,314.3,94.7475,94.7517,94.7205,0.0270,0.0312,0.0042
5972,998.0,286.8,94.7496,94.7538,94.7228,0.0268,0.0311,0.0042
5973,985.0,300.0,94.7518,94.7560,94.7250,0.0268,0.0310,0.0042
5974,998.8,302.8,94.7539,94.7581,94.7273,0.0266,0.0308,0.0042
5975,999.6,299.8,94.7560,94.7602,94.7293,0.0267,0.0309,0.0042
5976,999.4,288.9,94.7581,94.7624,94.7313,0.0269,0.0311,0.0042
5977,999.4,308.9,94.7603,94.7645,94.7333,0.0270,0.0312,0.0042
5978,1002.0,290.8,94.7624,94.7666,94.7355,0.0269,0.0311,0.0042
5979,998.5,321.7,94.7645,94.7687,94.7376,0.0268,0.0310,0.0042
5980,1001.1,352.1,94.7666,94.7708,94.7397,0.0269,0.0310,0.0042
5981,999.8,296.3,94.7687,94.7728,94.7418,0.0269,0.0311,0.0042
5982,999.2,333.7,94.7707,94.7749,94.7440,0.0267,0.0309,0.0042
5983,1012.2,322.9,94.7728,94.7770,94.7461,0.0267,0.0309,0.0042
5984,995.9,306.3,94.7749,94.7790,94.7482,0.0267,0.0309,0.0042
5985,999.5,340.1,94.7769,94.7811,94.7502,0.0267,0.0309,0.0042
5986,999.7,330.6,94.7790,94.7832,94.7524,0.0266,0.0307,0.0042
5987,1028.9,298.7,94.7810,94.7852,94.7549,0.0262,0.0303,0.0042
5988,974.9,332.8,94.7831,94.7872,94.7570,0.0260,0.0302,0.0042
5989,998.8,314.2,94.7851,94.7892,94.7593,0.0258,0.0300,0.0042
5990,998.9,310.6,94.7871,94.7913,94.7616,0.0255,0.0297,0.0041
5991,998.4,362.7,94.7891,94.7933,94.7640,0.0251,0.0292,0.0041
5992,1001.4,311.1,94.7911,94.7953,94.7663,0.0248,0.0290,0.0041
5993,1001.5,363.8,94.7931,94.7973,94.7687,0.0245,0.0286,0.0041
5994,1001.4,351.7,94.7951,94.7993,94.7710,0.0241,0.0282,0.0041
5995,998.7,404.1,94.7971,94.8012,94.7735,0.0236,0.0278,0.0041
5996,1001.3,397.3,94.7991,94.8032,94.7757,0.0233,0.0275,0.0041
5997,998.9,345.4,94.8010,94.8052,94.7780,0.0230,0.0271,0.0041
5998,1000.2,380.6,94.8030,94.8071,94.7804,0.0226,0.0267,0.0041
5999,1000.0,392.5,94.8050,94.8091,94.7831,0.0219,0.0260,0.0041
6000,999.4,358.5,94.8069,94.8110,94.7853,0.0216,0.0257,0.0041
6001,998.7,375.8,94.8088,94.8129,94.7875,0.0213,0.0254,0.0041
6002,1002.0,347.2,94.8108,94.8149,94.7897,0.0210,0.0251,0.0041
6003,1012.5,358.7,94.8127,94.8168,94.7920,0.0206,0.0247,0.0041
6004,981.1,345.6,94.8146,94.8187,94.7942,0.0204,0.0245,0.0041
6005,996.9,358.1,94.8165,94.8206,94.7966,0.0200,0.0240,0.0041
6006,998.2,319.3,94.8184,94.8225,94.7989,0.0195,0.0236,0.0041
6007,1000.5,352.4,94.8203,94.8244,94.8015,0.0188,0.0229,0.0041
6008,999.1,338.8,94.8222,94.8263,94.8039,0.0183,0.0224,0.0041
6009,1000.4,356.0,94.8241,94.8282,94.8062,0.0179,0.0219,0.0041
6010,1000.1,306.2,94.8259,94.8300,94.8083,0.0177,0.0217,0.0041
6011,1000.3,286.7,94.8278,94.8319,94.8104,0.0174,0.0215,0.0041
6012,999.5,296.1,94.8297,94.8337,94.8123,0.0174,0.0215,0.0041
6013,1000.1,350.4,94.8315,94.8356,94.8143,0.0172,0.0213,0.0041
6014,1059.2,427.9,94.8333,94.8374,94.8162,0.0171,0.0212,0.0041
6015,941.8,3893.5,94.8352,94.8392,94.8184,0.0168,0.0209,0.0041
6016,3902.3,447.1,94.8370,94.8411,94.8261,0.0109,0.0149,0.0041
6017,449.5,352.3,94.8388,94.8429,94.8261,0.0127,0.0168,0.0040
6018,355.9,959.6,94.8406,94.8447,94.8280,0.0127,0.0167,0.0040
6019,962.7,282.3,94.8424,94.8465,94.8297,0.0127,0.0168,0.0040
6020,284.0,262.4,94.8442,94.8483,94.8297,0.0145,0.0186,0.0040
6021,276.3,236.4,94.8460,94.8500,94.8297,0.0163,0.0203,0.0040
6022,777.6,305.3,94.8478,94.8518,94.8314,0.0164,0.0204,0.0040
6023,998.7,295.8,94.8496,94.8536,94.8330,0.0165,0.0206,0.0040
6024,1000.0,313.6,94.8513,94.8554,94.8345,0.0168,0.0209,0.0040
6025,3568.3,341.6,94.8531,94.8571,94.8413,0.0118,0.0158,0.0040
6026,349.2,307.5,94.8548,94.8589,94.8413,0.0135,0.0175,0.0040
6027,311.7,1154.7,94.8566,94.8606,94.8413,0.0153,0.0193,0.0040
6028,1159.5,341.3,94.8583,94.8623,94.8438,0.0145,0.0186,0.0040
6029,343.7,433.9,94.8600,94.8640,94.8455,0.0145,0.0185,0.0040
6030,436.1,238.4,94.8618,94.8658,94.8455,0.0162,0.0202,0.0040
6031,826.5,292.5,94.8635,94.8675,94.8476,0.0158,0.0198,0.0040
6032,997.8,284.9,94.8652,94.8692,94.8492,0.0160,0.0200,0.0040
6033,1000.2,289.0,94.8669,94.8709,94.8505,0.0164,0.0204,0.0040
6034,1000.0,3589.0,94.8686,94.8725,94.8520,0.0166,0.0205,0.0040
6035,3593.1,626.9,94.8702,94.8742,94.8584,0.0119,0.0158,0.0040
6036,629.2,785.0,94.8719,94.8759,94.8584,0.0135,0.0175,0.0040
6037,788.0,282.6,94.8736,94.8775,94.8601,0.0135,0.0175,0.0040
6038,284.7,265.4,94.8752,94.8792,94.8601,0.0152,0.0191,0.0040
6039,267.7,261.2,94.8769,94.8809,94.8615,0.0154,0.0194,0.0040
6040,437.6,273.8,94.8785,94.8825,94.8615,0.0170,0.0210,0.0040
6041,999.9,288.3,94.8802,94.8841,94.8628,0.0174,0.0213,0.0040
6042,999.1,278.0,94.8818,94.8857,94.8640,0.0178,0.0218,0.0040
6043,1000.0,292.1,94.8834,94.8874,94.8652,0.0182,0.0221,0.0039
6044,999.8,294.9,94.8850,94.8890,94.8664,0.0186,0.0225,0.0039
6045,1008.9,1284.0,94.8866,94.8906,94.8676,0.0190,0.0229,0.0039
6046,1287.8,267.3,94.8882,94.8922,94.8676,0.0206,0.0245,0.0039
6047,710.3,289.2,94.8898,94.8937,94.8691,0.0207,0.0246,0.0039
6048,994.5,309.4,94.8914,94.8953,94.8708,0.0206,0.0246,0.0039
6049,997.8,279.5,94.8930,94.8969,94.8723,0.0206,0.0246,0.0039
6050,999.5,330.8,94.8945,94.8985,94.8737,0.0208,0.0248,0.0039
6051,1001.4,291.5,94.8961,94.9000,94.8737,0.0224,0.0263,0.0039
6052,999.0,238.4,94.8976,94.9016,94.8753,0.0223,0.0262,0.0039
6053,1000.1,241.8,94.8992,94.9031,94.8772,0.0220,0.0259,0.0039
6054,1000.1,287.6,94.9007,94.9046,94.8789,0.0219,0.0258,0.0039
6055,1064.0,534.2,94.9023,94.9062,94.8807,0.0215,0.0254,0.0039
6056,947.9,355.2,94.9038,94.9077,94.8825,0.0213,0.0252,0.0039
6057,1003.4,292.3,94.9053,94.9092,94.8864,0.0188,0.0227,0.0039
6058,986.9,308.5,94.9068,94.9107,94.8884,0.0184,0.0223,0.0039
6059,1016.0,314.2,94.9083,94.9122,94.8884,0.0199,0.0238,0.0039
6060,992.6,301.1,94.9098,94.9137,94.8899,0.0199,0.0238,0.0039
6061,999.4,332.0,94.9113,94.9151,94.8916,0.0196,0.0235,0.0039
6062,1000.3,309.1,94.9127,94.9166,94.8934,0.0194,0.0232,0.0039
6063,999.6,299.8,94.9142,94.9181,94.8950,0.0192,0.0231,0.0039
6064,997.9,293.8,94.9157,94.9195,94.8967,0.0190,0.0228,0.0039
6065,1000.2,358.1,94.9171,94.9210,94.8984,0.0187,0.0225,0.0039
6066,999.8,325.9,94.9186,94.9224,94.8984,0.0201,0.0240,0.0039
6067,999.8,296.0,94.9200,94.9238,94.9001,0.0199,0.0237,0.0039
6068,1005.9,356.6,94.9214,94.9253,94.9037,0.0177,0.0216,0.0039
6069,1006.1,375.2,94.9228,94.9267,94.9068,0.0160,0.0199,0.0038
6070,991.0,288.4,94.9243,94.9281,94.9068,0.0174,0.0213,0.0038
6071,999.4,256.6,94.9257,94.9295,94.9068,0.0188,0.0227,0.0038
6072,992.1,294.3,94.9271,94.9309,94.9085,0.0185,0.0224,0.0038
6073,1007.4,306.1,94.9284,94.9323,94.9099,0.0186,0.0224,0.0038
6074,992.0,293.8,94.9298,94.9337,94.9133,0.0165,0.0203,0.0038
6075,999.3,240.5,94.9312,94.9350,94.9152,0.0160,0.0198,0.0038
6076,998.6,324.6,94.9326,94.9364,94.9164,0.0161,0.0200,0.0038
6077,1001.3,279.4,94.9339,94.9377,94.9164,0.0175,0.0213,0.0038
6078,999.5,251.8,94.9353,94.9391,94.9180,0.0173,0.0211,0.0038
6079,999.5,308.0,94.9366,94.9404,94.9195,0.0171,0.0210,0.0038
6080,999.7,319.0,94.9380,94.9418,94.9211,0.0168,0.0207,0.0038
6081,1000.3,286.9,94.9393,94.9431,94.9229,0.0164,0.0202,0.0038
6082,1004.3,283.8,94.9406,94.9444,94.9244,0.0162,0.0200,0.0038
6083,999.4,292.8,94.9419,94.9457,94.9261,0.0159,0.0196,0.0038
6084,1001.4,286.9,94.9432,94.9470,94.9261,0.0172,0.0209,0.0038
6085,997.7,225.2,94.9445,94.9483,94.9296,0.0149,0.0187,0.0038
6086,1000.5,245.1,94.9458,94.9496,94.9315,0.0143,0.0181,0.0038
6087,1006.3,275.2,94.9471,94.9509,94.9332,0.0139,0.0177,0.0038
6088,995.0,256.4,94.9484,94.9521,94.9348,0.0136,0.0174,0.0038
6089,1006.1,313.9,94.9496,94.9534,94.9363,0.0134,0.0171,0.0038
6090,993.5,354.2,94.9509,94.9547,94.9390,0.0119,0.0156,0.0038
6091,998.3,353.7,94.9521,94.9559,94.9404,0.0118,0.0156,0.0038
6092,999.0,276.1,94.9534,94.9572,94.9416,0.0118,0.0155,0.0038
6093,999.9,322.1,94.9546,94.9584,94.9416,0.0130,0.0168,0.0038
6094,1000.2,365.0,94.9559,94.9596,94.9430,0.0128,0.0166,0.0038
6095,999.5,344.8,94.9571,94.9608,94.9442,0.0129,0.0167,0.0037
6096,1000.6,320.4,94.9583,94.9620,94.9442,0.0141,0.0179,0.0037
6097,999.8,267.5,94.9595,94.9632,94.9452,0.0143,0.0180,0.0037
6098,999.4,280.6,94.9607,94.9644,94.9463,0.0144,0.0181,0.0037
6099,1001.3,314.2,94.9619,94.9656,94.9475,0.0144,0.0181,0.0037
6100,999.8,291.2,94.9631,94.9668,94.9488,0.0143,0.0180,0.0037
6101,999.2,325.4,94.9642,94.9680,94.9502,0.0141,0.0178,0.0037
6102,999.6,325.2,94.9654,94.9691,94.9514,0.0140,0.0177,0.0037
6103,1000.0,389.7,94.9666,94.9703,94.9526,0.0140,0.0177,0.0037
6104,1000.0,324.6,94.9677,94.9714,94.9526,0.0151,0.0189,0.0037
6105,1000.4,362.2,94.9688,94.9726,94.9551,0.0138,0.0175,0.0037
6106,1000.4,382.5,94.9700,94.9737,94.9565,0.0135,0.0172,0.0037
6107,1000.9,356.1,94.9711,94.9748,94.9565,0.0146,0.0183,0.0037
6108,998.9,351.3,94.9722,94.9759,94.9593,0.0129,0.0166,0.0037
6109,1000.7,358.6,94.9733,94.9770,94.9607,0.0127,0.0163,0.0037
6110,998.8,321.2,94.9744,94.9781,94.9607,0.0138,0.0174,0.0037
6111,1014.8,295.6,94.9755,94.9792,94.9620,0.0135,0.0172,0.0037
6112,994.5,351.4,94.9766,94.9803,94.9632,0.0134,0.0171,0.0037
6113,999.3,357.8,94.9777,94.9814,94.9644,0.0133,0.0169,0.0037
6114,1000.5,327.6,94.9788,94.9825,94.9656,0.0131,0.0168,0.0037
6115,1001.1,329.0,94.9798,94.9835,94.9672,0.0127,0.0163,0.0037
6116,999.1,295.6,94.9809,94.9846,94.9686,0.0123,0.0159,0.0037
6117,999.3,351.4,94.9819,94.9856,94.9702,0.0117,0.0154,0.0037
6118,999.2,353.3,94.9830,94.9867,94.9702,0.0128,0.0164,0.0037
6119,1002.6,340.9,94.9840,94.9877,94.9717,0.0123,0.0159,0.0037
6120,997.2,434.1,94.9851,94.9887,94.9746,0.0104,0.0141,0.0037
6121,1001.3,403.2,94.9861,94.9897,94.9758,0.0102,0.0139,0.0036
6122,1001.3,376.3,94.9871,94.9907,94.9767,0.0104,0.0140,0.0036
6123,999.9,356.2,94.9881,94.9917,94.9779,0.0102,0.0139,0.0036
6124,1002.3,365.0,94.9891,94.9927,94.9789,0.0102,0.0138,0.0036
6125,998.9,362.5,94.9901,94.9937,94.9789,0.0112,0.0148,0.0036
6126,1009.4,299.1,94.9910,94.9947,94.9799,0.0112,0.0148,0.0036
6127,992.0,290.2,94.9920,94.9956,94.9809,0.0112,0.0148,0.0036
6128,1000.1,546.6,94.9930,94.9966,94.9819,0.0110,0.0147,0.0036
6129,1038.2,399.6,94.9939,94.9975,94.9830,0.0110,0.0146,0.0036
6130,958.0,352.0,94.9949,94.9985,94.9840,0.0109,0.0145,0.0036
6131,1030.9,336.5,94.9958,94.9994,94.9849,0.0109,0.0145,0.0036
6132,978.1,420.0,94.9968,95.0004,94.9857,0.0110,0.0147,0.0036
6133,991.9,404.3,94.9977,95.0013,94.9857,0.0120,0.0156,0.0036
6134,999.8,303.7,94.9986,95.0022,94.9865,0.0121,0.0157,0.0036
6135,1000.9,670.5,94.9995,95.0031,94.9874,0.0121,0.0157,0.0036
6136,998.2,347.0,95.0004,95.0040,94.9885,0.0119,0.0155,0.0036
6137,1036.4,337.0,95.0013,95.0049,94.9896,0.0117,0.0153,0.0036
6138,964.2,308.5,95.0022,95.0058,94.9919,0.0103,0.0138,0.0036
6139,1000.1,317.2,95.0031,95.0066,94.9931,0.0100,0.0136,0.0036
6140,1000.9,371.0,95.0039,95.0075,94.9931,0.0109,0.0144,0.0036
6141,997.8,283.1,95.0048,95.0084,94.9937,0.0111,0.0146,0.0036
6142,1000.2,273.5,95.0056,95.0092,94.9945,0.0111,0.0147,0.0036
6143,1000.9,372.3,95.0065,95.0101,94.9953,0.0111,0.0147,0.0036
6144,999.7,374.1,95.0073,95.0109,94.9961,0.0112,0.0148,0.0036
6145,1001.0,382.0,95.0082,95.0117,94.9969,0.0113,0.0148,0.0036
6146,999.1,358.3,95.0090,95.0125,94.9985,0.0105,0.0140,0.0036
6147,1001.5,417.7,95.0098,95.0133,94.9994,0.0104,0.0139,0.0035
6148,1002.1,383.6,95.0106,95.0141,95.0003,0.0103,0.0138,0.0035
6149,997.1,351.6,95.0114,95.0149,95.0012,0.0102,0.0137,0.0035
6150,998.0,349.8,95.0122,95.0157,95.0022,0.0100,0.0135,0.0035
6151,1000.7,352.4,95.0130,95.0165,95.0032,0.0098,0.0133,0.0035
6152,1013.6,321.2,95.0138,95.0173,95.0042,0.0096,0.0131,0.0035
6153,988.2,340.5,95.0145,95.0180,95.0052,0.0093,0.0128,0.0035
6154,997.6,311.1,95.0153,95.0188,95.0061,0.0091,0.0127,0.0035
6155,999.5,316.7,95.0160,95.0195,95.0070,0.0091,0.0126,0.0035
6156,1290.0,374.9,95.0168,95.0203,95.0077,0.0091,0.0126,0.0035
6157,717.7,322.5,95.0175,95.0210,95.0086,0.0089,0.0124,0.0035
6158,1003.9,317.9,95.0182,95.0217,95.0096,0.0087,0.0122,0.0035
6159,989.5,332.6,95.0190,95.0225,95.0105,0.0085,0.0120,0.0035
6160,1001.1,323.6,95.0197,95.0232,95.0115,0.0082,0.0117,0.0035
6161,1001.4,316.5,95.0204,95.0239,95.0126,0.0078,0.0113,0.0035
6162,998.0,327.6,95.0211,95.0246,95.0135,0.0075,0.0110,0.0035
6163,998.7,329.1,95.0218,95.0253,95.0145,0.0073,0.0108,0.0035
6164,1001.9,311.5,95.0225,95.0259,95.0154,0.0070,0.0105,0.0035
6165,1000.0,322.6,95.0231,95.0266,95.0164,0.0067,0.0102,0.0035
6166,997.6,318.4,95.0238,95.0273,95.0173,0.0065,0.0100,0.0035
6167,999.8,306.9,95.0244,95.0279,95.0181,0.0064,0.0098,0.0035
6168,1003.5,364.6,95.0251,95.0286,95.0189,0.0062,0.0097,0.0035
6169,1013.7,391.2,95.0257,95.0292,95.0197,0.0060,0.0095,0.0035
6170,993.2,357.8,95.0264,95.0298,95.0205,0.0058,0.0093,0.0035
6171,995.0,360.9,95.0270,95.0305,95.0212,0.0058,0.0092,0.0035
6172,1096.0,325.3,95.0276,95.0311,95.0221,0.0056,0.0090,0.0034
6173,914.4,346.9,95.0282,95.0317,95.0229,0.0053,0.0088,0.0034
6174,986.1,317.2,95.0288,95.0323,95.0237,0.0051,0.0086,0.0034
6175,1003.5,352.3,95.0294,95.0329,95.0244,0.0050,0.0085,0.0034
6176,999.7,344.3,95.0300,95.0335,95.0250,0.0050,0.0084,0.0034
6177,999.4,328.6,95.0306,95.0340,95.0255,0.0051,0.0085,0.0034
6178,1002.1,358.4,95.0312,95.0346,95.0263,0.0049,0.0083,0.0034
6179,999.1,324.7,95.0317,95.0352,95.0270,0.0048,0.0082,0.0034
6180,999.1,348.4,95.0323,95.0357,95.0277,0.0046,0.0080,0.0034
6181,992.4,326.5,95.0328,95.0362,95.0285,0.0043,0.0078,0.0034
6182,1002.0,295.1,95.0334,95.0368,95.0295,0.0039,0.0073,0.0034
6183,999.4,329.1,95.0339,95.0373,95.0304,0.0035,0.0069,0.0034
6184,994.9,315.7,95.0344,95.0378,95.0312,0.0032,0.0066,0.0034
6185,994.9,348.2,95.0350,95.0383,95.0319,0.0030,0.0064,0.0034
6186,1016.9,364.5,95.0355,95.0389,95.0326,0.0028,0.0062,0.0034
6187,990.9,333.2,95.0360,95.0393,95.0332,0.0027,0.0061,0.0034
6188,997.4,305.2,95.0365,95.0398,95.0338,0.0026,0.0060,0.0034
6189,1000.8,306.5,95.0369,95.0403,95.0344,0.0025,0.0059,0.0034
6190,998.1,316.1,95.0374,95.0408,95.0350,0.0024,0.0058,0.0034
6191,1000.5,307.7,95.0379,95.0413,95.0356,0.0023,0.0057,0.0034
6192,1000.0,356.2,95.0383,95.0417,95.0361,0.0022,0.0056,0.0034
6193,998.8,303.1,95.0388,95.0422,95.0366,0.0022,0.0056,0.0034
6194,1000.0,350.3,95.0392,95.0426,95.0371,0.0021,0.0055,0.0034
6195,1000.1,381.9,95.0397,95.0430,95.0376,0.0021,0.0055,0.0034
6196,999.8,360.5,95.0401,95.0435,95.0380,0.0021,0.0054,0.0034
6197,1000.4,304.1,95.0405,95.0439,95.0385,0.0020,0.0054,0.0034
6198,1000.2,307.1,95.0409,95.0443,95.0391,0.0018,0.0052,0.0033
6199,1001.0,344.8,95.0414,95.0447,95.0397,0.0017,0.0050,0.0033
6200,1032.2,325.9,95.0418,95.0451,95.0403,0.0014,0.0048,0.0033
6201,957.2,302.0,95.0421,95.0455,95.0409,0.0012,0.0046,0.0033
6202,1011.0,340.0,95.0425,95.0459,95.0415,0.0010,0.0043,0.0033
6203,996.6,312.7,95.0429,95.0462,95.0421,0.0008,0.0042,0.0033
6204,1002.3,335.2,95.0433,95.0466,95.0425,0.0007,0.0040,0.0033
6205,1001.2,355.7,95.0436,95.0469,95.0430,0.0006,0.0039,0.0033
6206,999.2,302.0,95.0440,95.0473,95.0436,0.0003,0.0037,0.0033
6207,998.6,327.7,95.0443,95.0476,95.0442,0.0001,0.0034,0.0033
6208,1012.4,364.2,95.0447,95.0480,95.0447,-0.0000,0.0033,0.0033
6209,1142.7,486.9,95.0450,95.0483,95.0451,-0.0001,0.0032,0.0033
6210,854.8,363.0,95.0453,95.0486,95.0455,-0.0002,0.0031,0.0033
6211,984.3,327.2,95.0456,95.0489,95.0460,-0.0004,0.0029,0.0033
6212,1014.4,365.3,95.0459,95.0492,95.0465,-0.0006,0.0027,0.0033
6213,1008.0,367.6,95.0462,95.0495,95.0469,-0.0007,0.0026,0.0033
6214,997.5,398.8,95.0465,95.0498,95.0473,-0.0008,0.0024,0.0033
6215,969.3,351.4,95.0468,95.0501,95.0479,-0.0011,0.0022,0.0033
6216,1018.9,352.8,95.0471,95.0503,95.0483,-0.0013,0.0020,0.0033
6217,999.4,305.5,95.0473,95.0506,95.0488,-0.0015,0.0018,0.0033
6218,998.9,286.0,95.0476,95.0508,95.0493,-0.0017,0.0016,0.0033
6219,999.9,300.6,95.0478,95.0511,95.0498,-0.0020,0.0013,0.0033
6220,999.6,304.1,95.0481,95.0513,95.0503,-0.0022,0.0010,0.0033
6221,1000.2,266.5,95.0483,95.0516,95.0508,-0.0025,0.0008,0.0033
6222,1000.3,277.4,95.0485,95.0518,95.0513,-0.0027,0.0005,0.0033
6223,1001.1,278.1,95.0487,95.0520,95.0518,-0.0030,0.0002,0.0032
6224,1000.2,259.1,95.0490,95.0522,95.0523,-0.0033,-0.0001,0.0032
6225,999.8,279.7,95.0492,95.0524,95.0526,-0.0035,-0.0002,0.0032
6226,998.7,298.1,95.0493,95.0526,95.0531,-0.0037,-0.0005,0.0032
6227,1007.1,315.1,95.0495,95.0528,95.0535,-0.0040,-0.0007,0.0032
6228,1002.6,315.7,95.0497,95.0529,95.0539,-0.0042,-0.0009,0.0032
6229,995.3,297.2,95.0499,95.0531,95.0543,-0.0044,-0.0012,0.0032
6230,997.1,280.2,95.0500,95.0533,95.0547,-0.0047,-0.0014,0.0032
6231,1003.9,302.4,95.0502,95.0534,95.0551,-0.0049,-0.0017,0.0032
6232,995.2,275.2,95.0503,95.0536,95.0555,-0.0051,-0.0019,0.0032
6233,1002.8,288.5,95.0505,95.0537,95.0557,-0.0053,-0.0021,0.0032
6234,1005.2,312.7,95.0506,95.0538,95.0560,-0.0054,-0.0022,0.0032
6235,1005.1,320.5,95.0507,95.0539,95.0562,-0.0054,-0.0022,0.0032
6236,997.3,331.3,95.0508,95.0540,95.0563,-0.0055,-0.0023,0.0032
6237,1015.3,315.6,95.0510,95.0541,95.0566,-0.0056,-0.0024,0.0032
6238,990.5,318.8,95.0511,95.0542,95.0567,-0.0057,-0.0025,0.0032
6239,1007.1,310.4,95.0511,95.0543,95.0569,-0.0057,-0.0026,0.0032
6240,983.5,316.4,95.0512,95.0544,95.0571,-0.0058,-0.0026,0.0032
6241,999.2,284.7,95.0513,95.0545,95.0572,-0.0059,-0.0027,0.0032
6242,1000.2,297.2,95.0514,95.0545,95.0572,-0.0058,-0.0027,0.0032
6243,1000.1,316.7,95.0514,95.0546,95.0574,-0.0060,-0.0028,0.0032
6244,1001.5,315.8,95.0515,95.0546,95.0576,-0.0061,-0.0030,0.0032
6245,999.5,338.7,95.0515,95.0547,95.0578,-0.0062,-0.0031,0.0032
6246,1001.6,323.5,95.0516,95.0547,95.0579,-0.0064,-0.0032,0.0032
6247,999.4,309.5,95.0516,95.0547,95.0580,-0.0064,-0.0033,0.0032
6248,998.7,338.5,95.0516,95.0548,95.0581,-0.0065,-0.0034,0.0031
6249,1043.2,313.1,95.0516,95.0548,95.0582,-0.0066,-0.0034,0.0031
6250,965.6,320.3,95.0516,95.0548,95.0583,-0.0066,-0.0035,0.0031
6251,999.0,338.8,95.0516,95.0548,95.0583,-0.0067,-0.0036,0.0031
6252,1009.9,329.8,95.0516,95.0547,95.0583,-0.0067,-0.0036,0.0031
6253,987.0,525.3,95.0516,95.0547,95.0584,-0.0068,-0.0036,0.0031
6254,1002.3,431.6,95.0516,95.0547,95.0584,-0.0069,-0.0037,0.0031
6255,1003.5,337.2,95.0515,95.0546,95.0584,-0.0069,-0.0038,0.0031
6256,995.3,330.9,95.0515,95.0546,95.0585,-0.0070,-0.0039,0.0031
6257,990.8,382.1,95.0514,95.0545,95.0586,-0.0072,-0.0040,0.0031
6258,1457.9,422.6,95.0514,95.0545,95.0586,-0.0073,-0.0042,0.0031
6259,555.0,308.8,95.0513,95.0544,95.0586,-0.0073,-0.0042,0.0031
6260,991.1,344.4,95.0512,95.0543,95.0587,-0.0075,-0.0044,0.0031
6261,1001.1,343.5,95.0511,95.0542,95.0587,-0.0076,-0.0045,0.0031
6262,1004.3,360.0,95.0511,95.0541,95.0587,-0.0077,-0.0046,0.0031
6263,996.3,330.4,95.0510,95.0540,95.0587,-0.0078,-0.0047,0.0031
6264,997.8,305.5,95.0508,95.0539,95.0587,-0.0079,-0.0048,0.0031
6265,999.2,287.2,95.0507,95.0538,95.0587,-0.0080,-0.0049,0.0031
6266,1001.2,294.3,95.0506,95.0537,95.0587,-0.0081,-0.0051,0.0031
6267,999.9,303.6,95.0505,95.0536,95.0587,-0.0083,-0.0052,0.0031
6268,999.1,303.6,95.0503,95.0534,95.0587,-0.0084,-0.0053,0.0031
6269,1000.7,353.5,95.0502,95.0533,95.0587,-0.0085,-0.0055,0.0031
6270,1000.4,330.3,95.0500,95.0531,95.0587,-0.0087,-0.0056,0.0031
6271,999.6,298.6,95.0499,95.0529,95.0587,-0.0089,-0.0058,0.0031
6272,998.4,304.0,95.0497,95.0528,95.0587,-0.0090,-0.0060,0.0031
6273,1002.2,298.6,95.0495,95.0526,95.0587,-0.0092,-0.0062,0.0031
6274,1000.0,287.8,95.0493,95.0524,95.0587,-0.0094,-0.0063,0.0030
6275,999.4,313.4,95.0492,95.0522,95.0587,-0.0096,-0.0065,0.0030
6276,1001.2,318.3,95.0490,95.0520,95.0587,-0.0098,-0.0067,0.0030
6277,1010.2,372.9,95.0487,95.0518,95.0587,-0.0100,-0.0070,0.0030
6278,993.9,351.5,95.0485,95.0516,95.0587,-0.0102,-0.0072,0.0030
6279,988.5,323.3,95.0483,95.0513,95.0587,-0.0104,-0.0074,0.0030
6280,1008.1,361.6,95.0481,95.0511,95.0587,-0.0107,-0.0076,0.0030
6281,998.4,355.2,95.0478,95.0508,95.0587,-0.0109,-0.0078,0.0030
6282,1000.5,332.5,95.0476,95.0506,95.0587,-0.0111,-0.0081,0.0030
6283,998.8,320.9,95.0473,95.0503,95.0587,-0.0114,-0.0084,0.0030
6284,999.2,390.5,95.0471,95.0501,95.0587,-0.0116,-0.0086,0.0030
6285,1000.5,343.8,95.0468,95.0498,95.0587,-0.0119,-0.0089,0.0030
6286,999.6,315.5,95.0465,95.0495,95.0586,-0.0121,-0.0091,0.0030
6287,1000.1,318.1,95.0462,95.0492,95.0586,-0.0124,-0.0094,0.0030
6288,1000.0,332.3,95.0459,95.0489,95.0586,-0.0127,-0.0097,0.0030
6289,1000.4,327.1,95.0456,95.0486,95.0586,-0.0130,-0.0100,0.0030
6290,1001.1,328.3,95.0453,95.0483,95.0585,-0.0132,-0.0102,0.0030
6291,999.9,343.5,95.0450,95.0480,95.0585,-0.0135,-0.0106,0.0030
6292,1005.2,372.1,95.0447,95.0476,95.0585,-0.0139,-0.0109,0.0030
6293,996.3,431.7,95.0443,95.0473,95.0585,-0.0141,-0.0112,0.0030
6294,1001.3,395.2,95.0440,95.0469,95.0585,-0.0145,-0.0115,0.0030
6295,1006.6,389.0,95.0436,95.0466,95.0584,-0.0148,-0.0118,0.0030
6296,1001.6,370.5,95.0433,95.0462,95.0584,-0.0151,-0.0121,0.0030
6297,984.5,371.4,95.0429,95.0459,95.0583,-0.0154,-0.0124,0.0030
6298,969.2,397.0,95.0425,95.0455,95.0583,-0.0157,-0.0128,0.0030
6299,1037.9,388.8,95.0421,95.0451,95.0582,-0.0161,-0.0131,0.0029
6300,1097.0,322.8,95.0418,95.0447,95.0581,-0.0164,-0.0134,0.0029
6301,931.9,336.2,95.0414,95.0443,95.0581,-0.0167,-0.0138,0.0029
6302,964.7,335.8,95.0409,95.0439,95.0580,-0.0171,-0.0141,0.0029
6303,1006.0,330.1,95.0405,95.0435,95.0579,-0.0174,-0.0145,0.0029
6304,1016.5,344.4,95.0401,95.0430,95.0579,-0.0178,-0.0148,0.0029
6305,982.9,391.6,95.0397,95.0426,95.0578,-0.0181,-0.0152,0.0029
6306,1007.5,349.0,95.0392,95.0422,95.0578,-0.0185,-0.0156,0.0029
6307,990.9,347.7,95.0388,95.0417,95.0576,-0.0188,-0.0159,0.0029
6308,999.8,386.9,95.0383,95.0413,95.0576,-0.0192,-0.0163,0.0029
6309,1002.1,313.0,95.0379,95.0408,95.0575,-0.0196,-0.0167,0.0029
6310,997.0,351.1,95.0374,95.0403,95.0574,-0.0200,-0.0171,0.0029
6311,998.0,352.3,95.0369,95.0398,95.0573,-0.0203,-0.0174,0.0029
6312,1001.3,351.9,95.0365,95.0393,95.0572,-0.0207,-0.0178,0.0029
6313,1000.3,313.3,95.0360,95.0389,95.0571,-0.0211,-0.0183,0.0029
6314,998.5,337.6,95.0355,95.0383,95.0570,-0.0215,-0.0186,0.0029
6315,1000.7,344.2,95.0350,95.0378,95.0569,-0.0220,-0.0191,0.0029
6316,1000.8,370.1,95.0344,95.0373,95.0568,-0.0224,-0.0195,0.0029
6317,1010.1,332.9,95.0339,95.0368,95.0567,-0.0228,-0.0199,0.0029
6318,1002.3,393.0,95.0334,95.0362,95.0566,-0.0232,-0.0204,0.0029
6319,995.1,382.8,95.0328,95.0357,95.0565,-0.0237,-0.0208,0.0029
6320,997.1,378.2,95.0323,95.0352,95.0564,-0.0241,-0.0212,0.0029
6321,999.2,368.7,95.0317,95.0346,95.0562,-0.0245,-0.0216,0.0029
6322,1006.6,470.6,95.0312,95.0340,95.0561,-0.0249,-0.0220,0.0029
6323,992.7,384.5,95.0306,95.0335,95.0559,-0.0253,-0.0225,0.0029
6324,970.5,366.8,95.0300,95.0329,95.0557,-0.0257,-0.0228,0.0028
6325,1034.1,381.7,95.0294,95.0323,95.0555,-0.0260,-0.0232,0.0028
6326,994.4,349.8,95.0288,95.0317,95.0553,-0.0264,-0.0236,0.0028
6327,999.1,351.8,95.0282,95.0311,95.0549,-0.0267,-0.0239,0.0028
6328,1000.3,374.1,95.0276,95.0305,95.0545,-0.0269,-0.0241,0.0028
6329,999.8,357.2,95.0270,95.0298,95.0540,-0.0270,-0.0242,0.0028
6330,1000.4,352.2,95.0264,95.0292,95.0533,-0.0270,-0.0241,0.0028
6331,999.3,365.5,95.0257,95.0286,95.0525,-0.0268,-0.0240,0.0028
6332,1002.4,358.5,95.0251,95.0279,95.0516,-0.0265,-0.0237,0.0028
6333,1001.0,367.5,95.0244,95.0273,95.0505,-0.0260,-0.0232,0.0028
6334,1010.8,352.2,95.0238,95.0266,95.0495,-0.0257,-0.0229,0.0028
6335,1267.0,345.8,95.0231,95.0259,95.0487,-0.0255,-0.0227,0.0028
6336,728.1,1068.0,95.0225,95.0253,95.0480,-0.0256,-0.0228,0.0028
6337,1077.0,332.2,95.0218,95.0246,95.0473,-0.0256,-0.0228,0.0028
6338,926.1,343.3,95.0211,95.0239,95.0467,-0.0257,-0.0229,0.0028
6339,991.7,355.8,95.0204,95.0232,95.0462,-0.0258,-0.0230,0.0028
6340,998.0,363.1,95.0197,95.0225,95.0455,-0.0258,-0.0230,0.0028
6341,1006.5,318.1,95.0190,95.0217,95.0448,-0.0258,-0.0230,0.0028
6342,994.1,319.8,95.0182,95.0210,95.0441,-0.0258,-0.0231,0.0028
6343,998.4,344.8,95.0175,95.0203,95.0433,-0.0258,-0.0230,0.0028
6344,1000.7,355.4,95.0168,95.0195,95.0427,-0.0259,-0.0231,0.0028
6345,998.5,515.3,95.0160,95.0188,95.0419,-0.0259,-0.0231,0.0028
6346,997.5,495.1,95.0153,95.0180,95.0413,-0.0260,-0.0233,0.0028
6347,1001.2,354.4,95.0145,95.0173,95.0406,-0.0261,-0.0233,0.0028
6348,1001.9,340.6,95.0138,95.0165,95.0398,-0.0261,-0.0233,0.0028
6349,998.3,320.4,95.0130,95.0157,95.0390,-0.0260,-0.0232,0.0028
6350,999.9,331.7,95.0122,95.0149,95.0382,-0.0260,-0.0233,0.0027
6351,1002.6,320.8,95.0114,95.0141,95.0374,-0.0260,-0.0233,0.0027
6352,999.9,370.2,95.0106,95.0133,95.0366,-0.0259,-0.0232,0.0027
6353,998.6,343.2,95.0098,95.0125,95.0356,-0.0258,-0.0231,0.0027
6354,1022.4,364.8,95.0090,95.0117,95.0348,-0.0258,-0.0231,0.0027
6355,993.0,367.6,95.0082,95.0109,95.0341,-0.0259,-0.0232,0.0027
6356,986.7,369.6,95.0073,95.0101,95.0334,-0.0261,-0.0233,0.0027
6357,1018.3,328.4,95.0065,95.0092,95.0326,-0.0261,-0.0234,0.0027
6358,1196.2,301.3,95.0056,95.0084,95.0319,-0.0262,-0.0235,0.0027
6359,799.9,359.8,95.0048,95.0075,95.0313,-0.0265,-0.0238,0.0027
6360,986.7,397.6,95.0039,95.0066,95.0306,-0.0267,-0.0240,0.0027
6361,1006.2,373.3,95.0031,95.0058,95.0299,-0.0268,-0.0241,0.0027
6362,1008.5,339.9,95.0022,95.0049,95.0291,-0.0269,-0.0242,0.0027
6363,983.5,367.1,95.0013,95.0040,95.0282,-0.0269,-0.0242,0.0027
6364,999.6,348.8,95.0004,95.0031,95.0274,-0.0270,-0.0243,0.0027
6365,1000.2,340.3,94.9995,95.0022,95.0265,-0.0270,-0.0243,0.0027
6366,999.7,350.4,94.9986,95.0013,95.0255,-0.0270,-0.0243,0.0027
6367,998.7,335.5,94.9977,95.0004,95.0246,-0.0269,-0.0242,0.0027
6368,1000.3,341.4,94.9968,94.9994,95.0236,-0.0268,-0.0242,0.0027
6369,1000.4,363.6,94.9958,94.9985,95.0225,-0.0267,-0.0240,0.0027
6370,999.2,374.0,94.9949,94.9975,95.0215,-0.0266,-0.0240,0.0027
6371,1002.4,560.0,94.9939,94.9966,95.0206,-0.0267,-0.0240,0.0027
6372,1004.1,396.6,94.9930,94.9956,95.0198,-0.0268,-0.0242,0.0027
6373,1008.1,362.5,94.9920,94.9947,95.0189,-0.0269,-0.0242,0.0027
6374,986.2,386.0,94.9910,94.9937,95.0180,-0.0270,-0.0243,0.0027
6375,1000.0,380.9,94.9901,94.9927,95.0172,-0.0271,-0.0244,0.0026
6376,1002.6,386.8,94.9891,94.9917,95.0163,-0.0272,-0.0246,0.0026
6377,996.2,340.5,94.9881,94.9907,95.0152,-0.0272,-0.0245,0.0026
6378,1015.4,354.7,94.9871,94.9897,95.0143,-0.0272,-0.0245,0.0026
6379,979.4,300.7,94.9861,94.9887,95.0133,-0.0273,-0.0246,0.0026
6380,1005.5,295.8,94.9851,94.9877,95.0124,-0.0273,-0.0247,0.0026
6381,992.8,291.8,94.9840,94.9867,95.0114,-0.0274,-0.0248,0.0026
6382,999.3,277.7,94.9830,94.9856,95.0104,-0.0275,-0.0248,0.0026
6383,999.7,309.5,94.9819,94.9846,95.0096,-0.0276,-0.0250,0.0026
6384,1000.3,315.5,94.9809,94.9835,95.0086,-0.0277,-0.0251,0.0026
6385,1000.4,320.4,94.9798,94.9825,95.0074,-0.0276,-0.0250,0.0026
6386,999.6,306.0,94.9788,94.9814,95.0064,-0.0276,-0.0250,0.0026
6387,1000.1,333.9,94.9777,94.9803,95.0052,-0.0275,-0.0249,0.0026
6388,1001.0,540.7,94.9766,94.9792,95.0041,-0.0274,-0.0248,0.0026
6389,1015.3,366.7,94.9755,94.9781,95.0029,-0.0274,-0.0248,0.0026
6390,995.7,323.1,94.9744,94.9770,95.0019,-0.0274,-0.0249,0.0026
6391,988.6,292.7,94.9733,94.9759,95.0009,-0.0275,-0.0249,0.0026
6392,1005.4,324.8,94.9722,94.9748,94.9998,-0.0275,-0.0250,0.0026
6393,1016.0,365.0,94.9711,94.9737,94.9986,-0.0275,-0.0249,0.0026
6394,999.5,375.0,94.9700,94.9726,94.9974,-0.0274,-0.0249,0.0026
6395,1004.6,385.9,94.9688,94.9714,94.9963,-0.0275,-0.0249,0.0026
6396,983.8,355.5,94.9677,94.9703,94.9952,-0.0275,-0.0249,0.0026
6397,1000.0,373.9,94.9666,94.9691,94.9940,-0.0275,-0.0249,0.0026
6398,997.9,370.0,94.9654,94.9680,94.9929,-0.0275,-0.0249,0.0026
6399,1003.5,375.5,94.9642,94.9668,94.9920,-0.0277,-0.0252,0.0026
6400,994.5,360.8,94.9631,94.9656,94.9909,-0.0279,-0.0253,0.0026
6401,1000.1,352.2,94.9619,94.9644,94.9900,-0.0281,-0.0255,0.0025
6402,1000.1,323.0,94.9607,94.9632,94.9890,-0.0283,-0.0258,0.0025
6403,1001.1,324.4,94.9595,94.9620,94.9882,-0.0287,-0.0261,0.0025
6404,999.5,311.3,94.9583,94.9608,94.9872,-0.0289,-0.0264,0.0025
6405,999.9,325.9,94.9571,94.9596,94.9861,-0.0291,-0.0265,0.0025
6406,1001.9,323.5,94.9559,94.9584,94.9852,-0.0293,-0.0268,0.0025
6407,1009.0,345.1,94.9546,94.9572,94.9840,-0.0294,-0.0269,0.0025
6408,1002.5,428.3,94.9534,94.9559,94.9829,-0.0295,-0.0270,0.0025
6409,993.4,367.5,94.9521,94.9547,94.9817,-0.0296,-0.0271,0.0025
6410,995.0,319.0,94.9509,94.9534,94.9807,-0.0298,-0.0273,0.0025
6411,1008.9,378.3,94.9496,94.9521,94.9799,-0.0302,-0.0277,0.0025
6412,978.9,340.7,94.9484,94.9509,94.9790,-0.0307,-0.0282,0.0025
6413,1019.6,376.9,94.9471,94.9496,94.9782,-0.0311,-0.0286,0.0025
6414,995.2,383.5,94.9458,94.9483,94.9773,-0.0315,-0.0290,0.0025
6415,1004.1,344.9,94.9445,94.9470,94.9763,-0.0317,-0.0293,0.0025
6416,990.6,302.6,94.9432,94.9457,94.9753,-0.0321,-0.0296,0.0025
6417,1002.8,362.9,94.9419,94.9444,94.9753,-0.0334,-0.0309,0.0025
6418,1002.4,346.5,94.9406,94.9431,94.9743,-0.0336,-0.0312,0.0025
6419,1000.1,364.1,94.9393,94.9418,94.9730,-0.0337,-0.0312,0.0025
6420,997.3,364.8,94.9380,94.9404,94.9719,-0.0339,-0.0315,0.0025
6421,1002.0,326.0,94.9366,94.9391,94.9709,-0.0343,-0.0318,0.0025
6422,1000.0,335.2,94.9353,94.9377,94.9697,-0.0345,-0.0320,0.0025
6423,999.8,335.1,94.9339,94.9364,94.9686,-0.0347,-0.0322,0.0025
6424,1001.3,348.0,94.9326,94.9350,94.9675,-0.0349,-0.0325,0.0025
6425,1002.1,323.9,94.9312,94.9337,94.9662,-0.0350,-0.0326,0.0025
6426,1007.8,353.8,94.9298,94.9323,94.9649,-0.0351,-0.0327,0.0025
6427,998.3,318.8,94.9284,94.9309,94.9636,-0.0352,-0.0327,0.0024
6428,983.8,310.9,94.9271,94.9295,94.9623,-0.0353,-0.0328,0.0024
6429,1009.1,464.3,94.9257,94.9281,94.9610,-0.0353,-0.0329,0.0024
6430,1001.1,356.4,94.9243,94.9267,94.9595,-0.0352,-0.0328,0.0024
6431,973.3,337.3,94.9228,94.9253,94.9580,-0.0352,-0.0327,0.0024
6432,1015.5,307.5,94.9214,94.9238,94.9566,-0.0352,-0.0328,0.0024
6433,997.8,310.2,94.9200,94.9224,94.9553,-0.0353,-0.0329,0.0024
6434,999.5,323.4,94.9186,94.9210,94.9538,-0.0353,-0.0328,0.0024
6435,1003.9,351.3,94.9171,94.9195,94.9523,-0.0352,-0.0328,0.0024
6436,980.7,373.3,94.9157,94.9181,94.9508,-0.0351,-0.0327,0.0024
6437,1023.1,382.2,94.9142,94.9166,94.9491,-0.0349,-0.0325,0.0024
6438,1022.0,359.5,94.9127,94.9151,94.9475,-0.0348,-0.0324,0.0024
6439,997.6,377.8,94.9113,94.9137,94.9461,-0.0348,-0.0324,0.0024
6440,984.2,394.8,94.9098,94.9122,94.9447,-0.0349,-0.0325,0.0024
6441,1002.3,380.3,94.9083,94.9107,94.9434,-0.0351,-0.0327,0.0024
6442,1004.1,360.0,94.9068,94.9092,94.9420,-0.0352,-0.0328,0.0024
6443,997.8,399.2,94.9053,94.9077,94.9407,-0.0354,-0.0331,0.0024
6444,1005.5,391.6,94.9038,94.9062,94.9396,-0.0358,-0.0334,0.0024
6445,985.8,344.8,94.9023,94.9046,94.9383,-0.0361,-0.0337,0.0024
6446,954.1,367.5,94.9007,94.9031,94.9370,-0.0363,-0.0339,0.0024
6447,1064.1,394.0,94.8992,94.9016,94.9358,-0.0366,-0.0343,0.0024
6448,987.3,388.7,94.8976,94.9000,94.9346,-0.0369,-0.0346,0.0024
6449,997.6,370.0,94.8961,94.8985,94.9332,-0.0371,-0.0348,0.0024
6450,999.8,394.5,94.8945,94.8969,94.9319,-0.0374,-0.0350,0.0024
6451,1007.5,362.5,94.8930,94.8953,94.9306,-0.0376,-0.0353,0.0024
6452,988.3,306.1,94.8914,94.8937,94.9295,-0.0381,-0.0357,0.0024
6453,1007.2,355.0,94.8898,94.8922,94.9281,-0.0383,-0.0359,0.0023
6454,997.2,342.6,94.8882,94.8906,94.9267,-0.0385,-0.0362,0.0023
6455,998.6,356.4,94.8866,94.8890,94.9253,-0.0387,-0.0363,0.0023
6456,1008.0,616.3,94.8850,94.8874,94.9237,-0.0387,-0.0363,0.0023
6457,1013.6,341.6,94.8834,94.8857,94.9219,-0.0385,-0.0361,0.0023
6458,984.1,327.3,94.8818,94.8841,94.9201,-0.0383,-0.0360,0.0023
6459,986.8,301.6,94.8802,94.8825,94.9185,-0.0384,-0.0361,0.0023
6460,1003.0,327.4,94.8785,94.8809,94.9170,-0.0384,-0.0361,0.0023
6461,1000.9,361.7,94.8769,94.8792,94.9155,-0.0386,-0.0363,0.0023
6462,1094.6,300.8,94.8752,94.8775,94.9136,-0.0384,-0.0361,0.0023
6463,910.8,321.0,94.8736,94.8759,94.9118,-0.0383,-0.0360,0.0023
6464,1001.4,342.5,94.8719,94.8742,94.9100,-0.0381,-0.0358,0.0023
6465,997.6,298.3,94.8702,94.8725,94.9080,-0.0378,-0.0355,0.0023
6466,999.6,309.8,94.8686,94.8709,94.9062,-0.0377,-0.0354,0.0023
6467,999.9,318.3,94.8669,94.8692,94.9045,-0.0377,-0.0354,0.0023
6468,999.5,323.3,94.8652,94.8675,94.9027,-0.0376,-0.0353,0.0023
6469,1000.5,298.4,94.8635,94.8658,94.9009,-0.0375,-0.0352,0.0023
6470,1000.0,325.1,94.8618,94.8640,94.8993,-0.0375,-0.0352,0.0023
6471,999.9,306.8,94.8600,94.8623,94.8977,-0.0376,-0.0354,0.0023
6472,1004.5,298.0,94.8583,94.8606,94.8961,-0.0378,-0.0355,0.0023
6473,996.6,339.9,94.8566,94.8589,94.8945,-0.0379,-0.0357,0.0023
6474,995.8,319.2,94.8548,94.8571,94.8928,-0.0379,-0.0357,0.0023
6475,996.7,316.9,94.8531,94.8554,94.8912,-0.0381,-0.0358,0.0023
6476,999.2,333.3,94.8513,94.8536,94.8895,-0.0382,-0.0360,0.0023
6477,1030.8,357.7,94.8496,94.8518,94.8879,-0.0383,-0.0360,0.0023
6478,969.4,325.8,94.8478,94.8500,94.8862,-0.0384,-0.0361,0.0023
6479,998.7,716.5,94.8460,94.8483,94.8845,-0.0385,-0.0362,0.0022
6480,1024.0,352.8,94.8442,94.8465,94.8828,-0.0386,-0.0363,0.0022
6481,990.8,370.2,94.8424,94.8447,94.8809,-0.0385,-0.0363,0.0022
6482,995.4,358.5,94.8406,94.8429,94.8791,-0.0385,-0.0362,0.0022
6483,1000.5,366.8,94.8388,94.8411,94.8773,-0.0385,-0.0363,0.0022
6484,1016.4,383.6,94.8370,94.8392,94.8756,-0.0386,-0.0364,0.0022
6485,986.9,338.8,94.8352,94.8374,94.8737,-0.0386,-0.0363,0.0022
6486,989.7,283.2,94.8333,94.8356,94.8719,-0.0385,-0.0363,0.0022
6487,1006.8,337.2,94.8315,94.8337,94.8700,-0.0385,-0.0363,0.0022
6488,999.7,345.9,94.8297,94.8319,94.8681,-0.0384,-0.0362,0.0022
6489,1038.0,315.2,94.8278,94.8300,94.8660,-0.0382,-0.0360,0.0022
6490,960.8,319.1,94.8259,94.8282,94.8641,-0.0382,-0.0359,0.0022
6491,1006.4,335.1,94.8241,94.8263,94.8622,-0.0381,-0.0359,0.0022
6492,993.6,312.2,94.8222,94.8244,94.8603,-0.0381,-0.0359,0.0022
6493,984.7,317.5,94.8203,94.8225,94.8586,-0.0383,-0.0361,0.0022
6494,1016.4,347.6,94.8184,94.8206,94.8568,-0.0384,-0.0362,0.0022
6495,999.3,335.6,94.8165,94.8187,94.8553,-0.0388,-0.0366,0.0022
6496,998.3,373.4,94.8146,94.8168,94.8538,-0.0392,-0.0370,0.0022
6497,1009.8,443.3,94.8127,94.8149,94.8523,-0.0396,-0.0374,0.0022
6498,991.9,374.3,94.8108,94.8129,94.8505,-0.0398,-0.0376,0.0022
6499,1000.9,348.6,94.8088,94.8110,94.8489,-0.0401,-0.0379,0.0022
6500,1000.1,346.9,94.8069,94.8091,94.8473,-0.0404,-0.0382,0.0022
6501,999.0,319.3,94.8050,94.8071,94.8456,-0.0407,-0.0385,0.0022
6502,1013.4,337.7,94.8030,94.8052,94.8438,-0.0408,-0.0386,0.0022
6503,1000.1,372.1,94.8010,94.8032,94.8421,-0.0411,-0.0389,0.0022
6504,979.7,292.3,94.7991,94.8012,94.8405,-0.0414,-0.0393,0.0022
6505,1004.1,316.8,94.7971,94.7993,94.8390,-0.0419,-0.0397,0.0022
6506,1002.7,354.3,94.7951,94.7973,94.8373,-0.0422,-0.0400,0.0021
6507,999.5,360.8,94.7931,94.7953,94.8356,-0.0425,-0.0404,0.0021
6508,1002.8,370.5,94.7911,94.7933,94.8338,-0.0427,-0.0405,0.0021
6509,995.4,350.8,94.7891,94.7913,94.8319,-0.0428,-0.0406,0.0021
6510,1004.0,347.9,94.7871,94.7892,94.8297,-0.0425,-0.0404,0.0021
6511,997.8,313.4,94.7851,94.7872,94.8276,-0.0425,-0.0404,0.0021
6512,998.1,314.4,94.7831,94.7852,94.8256,-0.0426,-0.0404,0.0021
6513,999.2,321.0,94.7810,94.7832,94.8238,-0.0427,-0.0406,0.0021
6514,1000.9,341.0,94.7790,94.7811,94.8219,-0.0429,-0.0407,0.0021
6515,999.4,347.3,94.7769,94.7790,94.8198,-0.0429,-0.0407,0.0021
6516,999.7,303.7,94.7749,94.7770,94.8179,-0.0430,-0.0409,0.0021
6517,997.3,383.6,94.7728,94.7749,94.8159,-0.0431,-0.0410,0.0021
6518,998.2,327.8,94.7707,94.7728,94.8138,-0.0430,-0.0409,0.0021
6519,999.7,366.0,94.7687,94.7708,94.8117,-0.0431,-0.0410,0.0021
6520,992.4,369.7,94.7666,94.7687,94.8098,-0.0432,-0.0411,0.0021
6521,1021.5,359.3,94.7645,94.7666,94.8078,-0.0433,-0.0412,0.0021
6522,994.6,315.8,94.7624,94.7645,94.8058,-0.0434,-0.0413,0.0021
6523,999.9,348.5,94.7603,94.7624,94.8036,-0.0433,-0.0412,0.0021
6524,1006.8,374.6,94.7581,94.7602,94.8016,-0.0434,-0.0414,0.0021
6525,1003.4,349.7,94.7560,94.7581,94.7996,-0.0436,-0.0415,0.0021
6526,994.0,360.7,94.7539,94.7560,94.7975,-0.0437,-0.0416,0.0021
6527,1007.0,345.8,94.7518,94.7538,94.7956,-0.0438,-0.0418,0.0021
6528,990.9,331.1,94.7496,94.7517,94.7936,-0.0440,-0.0419,0.0021
6529,998.4,367.5,94.7475,94.7495,94.7914,-0.0440,-0.0419,0.0021
6530,999.1,363.7,94.7453,94.7473,94.7890,-0.0437,-0.0416,0.0021
6531,999.9,306.4,94.7431,94.7452,94.7866,-0.0435,-0.0415,0.0021
6532,1007.7,331.1,94.7409,94.7430,94.7842,-0.0433,-0.0412,0.0021
6533,991.1,312.9,94.7388,94.7408,94.7818,-0.0430,-0.0410,0.0020
6534,999.8,293.2,94.7366,94.7386,94.7792,-0.0427,-0.0406,0.0020
6535,1001.0,312.6,94.7344,94.7364,94.7769,-0.0425,-0.0405,0.0020
6536,1000.2,308.5,94.7322,94.7342,94.7747,-0.0425,-0.0405,0.0020
6537,1011.8,353.2,94.7300,94.7320,94.7725,-0.0426,-0.0405,0.0020
6538,992.1,365.2,94.7277,94.7298,94.7701,-0.0423,-0.0403,0.0020
6539,1004.3,379.9,94.7255,94.7275,94.7678,-0.0423,-0.0403,0.0020
6540,985.9,308.8,94.7233,94.7253,94.7654,-0.0422,-0.0402,0.0020
6541,1006.2,344.4,94.7210,94.7230,94.7630,-0.0420,-0.0400,0.0020
6542,1001.5,1330.9,94.7188,94.7208,94.7606,-0.0419,-0.0399,0.0020
6543,1336.1,390.0,94.7165,94.7185,94.7584,-0.0418,-0.0398,0.0020
6544,666.8,375.5,94.7142,94.7163,94.7559,-0.0416,-0.0396,0.0020
6545,993.1,370.5,94.7120,94.7140,94.7534,-0.0414,-0.0394,0.0020
6546,996.5,326.5,94.7097,94.7117,94.7510,-0.0413,-0.0393,0.0020
6547,997.3,316.8,94.7074,94.7094,94.7486,-0.0412,-0.0392,0.0020
6548,1000.1,305.8,94.7051,94.7071,94.7460,-0.0409,-0.0389,0.0020
6549,999.9,349.8,94.7028,94.7048,94.7437,-0.0409,-0.0389,0.0020
6550,999.8,358.5,94.7005,94.7025,94.7412,-0.0407,-0.0388,0.0020
6551,999.9,299.9,94.6982,94.7002,94.7387,-0.0405,-0.0386,0.0020
6552,999.2,288.9,94.6959,94.6978,94.7362,-0.0403,-0.0383,0.0020
6553,1000.8,349.5,94.6935,94.6955,94.7340,-0.0405,-0.0385,0.0020
6554,1000.5,317.9,94.6912,94.6932,94.7318,-0.0406,-0.0386,0.0020
6555,1015.5,364.6,94.6888,94.6908,94.7297,-0.0408,-0.0389,0.0020
6556,997.0,356.5,94.6865,94.6885,94.7273,-0.0408,-0.0389,0.0020
6557,1002.2,355.6,94.6841,94.6861,94.7251,-0.0409,-0.0390,0.0020
6558,988.3,338.0,94.6818,94.6837,94.7228,-0.0411,-0.0391,0.0020
6559,1010.7,341.5,94.6794,94.6813,94.7206,-0.0412,-0.0392,0.0020
6560,1000.2,352.7,94.6770,94.6790,94.7184,-0.0414,-0.0395,0.0019
6561,992.2,359.2,94.6746,94.6766,94.7165,-0.0419,-0.0399,0.0019
6562,1004.6,331.5,94.6722,94.6742,94.7145,-0.0423,-0.0404,0.0019
6563,997.0,322.8,94.6698,94.6718,94.7126,-0.0428,-0.0408,0.0019
6564,1000.1,319.5,94.6674,94.6693,94.7104,-0.0430,-0.0411,0.0019
6565,999.4,314.9,94.6650,94.6669,94.7083,-0.0433,-0.0414,0.0019
6566,1013.8,329.1,94.6626,94.6645,94.7064,-0.0438,-0.0419,0.0019
6567,985.1,331.2,94.6601,94.6620,94.7043,-0.0442,-0.0423,0.0019
6568,999.5,344.0,94.6577,94.6596,94.7021,-0.0444,-0.0425,0.0019
6569,1001.3,375.9,94.6552,94.6572,94.6999,-0.0446,-0.0427,0.0019
6570,1003.5,361.5,94.6528,94.6547,94.6975,-0.0447,-0.0428,0.0019
6571,996.6,443.3,94.6503,94.6522,94.6951,-0.0448,-0.0429,0.0019
6572,1000.9,347.8,94.6478,94.6498,94.6922,-0.0443,-0.0424,0.0019
6573,1314.9,617.2,94.6454,94.6473,94.6898,-0.0444,-0.0425,0.0019
6574,625.2,360.9,94.6429,94.6448,94.6874,-0.0445,-0.0426,0.0019
6575,1077.9,357.5,94.6404,94.6423,94.6850,-0.0446,-0.0428,0.0019
6576,985.6,351.0,94.6379,94.6398,94.6825,-0.0446,-0.0428,0.0019
6577,999.0,338.5,94.6354,94.6373,94.6803,-0.0449,-0.0430,0.0019
6578,998.1,738.7,94.6329,94.6348,94.6781,-0.0452,-0.0434,0.0019
6579,1005.0,370.4,94.6304,94.6322,94.6759,-0.0456,-0.0437,0.0019
6580,1010.6,371.5,94.6278,94.6297,94.6736,-0.0458,-0.0439,0.0019
6581,988.1,327.9,94.6253,94.6272,94.6714,-0.0461,-0.0442,0.0019
6582,996.3,380.1,94.6227,94.6246,94.6690,-0.0462,-0.0444,0.0019
6583,998.5,404.2,94.6202,94.6221,94.6665,-0.0463,-0.0444,0.0019
6584,999.2,372.2,94.6176,94.6195,94.6642,-0.0465,-0.0447,0.0019
6585,999.5,390.0,94.6151,94.6169,94.6618,-0.0467,-0.0449,0.0019
6586,1000.4,380.5,94.6125,94.6144,94.6595,-0.0470,-0.0451,0.0019
6587,999.7,343.3,94.6099,94.6118,94.6572,-0.0473,-0.0454,0.0018
6588,1000.6,375.2,94.6073,94.6092,94.6572,-0.0499,-0.0480,0.0018
6589,999.5,369.3,94.6048,94.6066,94.6545,-0.0497,-0.0479,0.0018
6590,1001.1,330.9,94.6022,94.6040,94.6519,-0.0497,-0.0479,0.0018
6591,1018.2,353.5,94.5995,94.6014,94.6493,-0.0497,-0.0479,0.0018
6592,986.2,354.0,94.5969,94.5988,94.6465,-0.0496,-0.0478,0.0018
6593,997.7,352.1,94.5943,94.5961,94.6438,-0.0495,-0.0477,0.0018
6594,1001.4,373.1,94.5917,94.5935,94.6411,-0.0494,-0.0476,0.0018
6595,999.2,819.7,94.5890,94.5909,94.6383,-0.0493,-0.0475,0.0018
6596,993.7,323.8,94.5864,94.5882,94.6354,-0.0490,-0.0472,0.0018
6597,996.9,340.9,94.5837,94.5856,94.6329,-0.0492,-0.0474,0.0018
6598,999.2,304.0,94.5811,94.5829,94.6305,-0.0494,-0.0476,0.0018
6599,998.8,294.1,94.5784,94.5802,94.6283,-0.0498,-0.0480,0.0018
6600,1001.0,451.1,94.5758,94.5776,94.6258,-0.0500,-0.0482,0.0018
6601,1005.3,351.8,94.5731,94.5749,94.6234,-0.0503,-0.0485,0.0018
6602,1011.5,330.3,94.5704,94.5722,94.6210,-0.0506,-0.0488,0.0018
6603,991.5,375.1,94.5677,94.5695,94.6187,-0.0510,-0.0492,0.0018
6604,1011.8,326.7,94.5650,94.5668,94.6161,-0.0511,-0.0493,0.0018
6605,987.0,318.4,94.5623,94.5641,94.6136,-0.0514,-0.0496,0.0018
6606,999.9,390.0,94.5596,94.5614,94.6112,-0.0516,-0.0498,0.0018
6607,999.5,371.4,94.5569,94.5586,94.6086,-0.0518,-0.0500,0.0018
6608,1001.0,378.2,94.5541,94.5559,94.6057,-0.0516,-0.0498,0.0018
6609,999.1,383.8,94.5514,94.5532,94.6031,-0.0517,-0.0499,0.0018
6610,1000.0,354.6,94.5486,94.5504,94.6006,-0.0519,-0.0501,0.0018
6611,1003.0,377.6,94.5459,94.5477,94.5981,-0.0522,-0.0504,0.0018
6612,999.1,346.9,94.5431,94.5449,94.5954,-0.0523,-0.0505,0.0018
6613,1007.8,348.9,94.5404,94.5421,94.5930,-0.0527,-0.0509,0.0018
6614,988.3,329.5,94.5376,94.5394,94.5907,-0.0531,-0.0513,0.0018
6615,999.5,357.0,94.5348,94.5366,94.5883,-0.0535,-0.0517,0.0018
6616,1008.4,350.6,94.5320,94.5338,94.5857,-0.0537,-0.0520,0.0017
6617,999.8,780.7,94.5292,94.5310,94.5834,-0.0541,-0.0524,0.0017
6618,1017.6,355.0,94.5264,94.5282,94.5810,-0.0545,-0.0528,0.0017
6619,986.7,381.0,94.5236,94.5254,94.5787,-0.0551,-0.0533,0.0017
6620,996.0,379.0,94.5208,94.5226,94.5762,-0.0554,-0.0536,0.0017
6621,990.2,343.8,94.5180,94.5197,94.5738,-0.0558,-0.0541,0.0017
6622,998.9,341.7,94.5152,94.5169,94.5712,-0.0561,-0.0543,0.0017
6623,981.3,367.3,94.5123,94.5141,94.5686,-0.0563,-0.0546,0.0017
6624,1030.8,325.5,94.5095,94.5112,94.5657,-0.0562,-0.0545,0.0017
6625,995.8,322.4,94.5067,94.5084,94.5630,-0.0563,-0.0546,0.0017
6626,1001.1,314.1,94.5038,94.5055,94.5601,-0.0563,-0.0546,0.0017
6627,997.9,303.0,94.5009,94.5026,94.5570,-0.0560,-0.0543,0.0017
6628,999.7,302.3,94.4981,94.4998,94.5540,-0.0560,-0.0542,0.0017
6629,1001.2,315.3,94.4952,94.4969,94.5511,-0.0559,-0.0542,0.0017
6630,960.9,320.4,94.4923,94.4940,94.5482,-0.0559,-0.0542,0.0017
6631,1029.7,341.0,94.4894,94.4911,94.5450,-0.0556,-0.0539,0.0017
6632,1011.2,346.9,94.4865,94.4882,94.5421,-0.0556,-0.0539,0.0017
6633,988.5,304.2,94.4836,94.4853,94.5393,-0.0557,-0.0540,0.0017
6634,1000.3,281.2,94.4807,94.4824,94.5364,-0.0557,-0.0540,0.0017
6635,1000.0,300.8,94.4778,94.4795,94.5331,-0.0554,-0.0537,0.0017
6636,1003.1,303.2,94.4749,94.4765,94.5301,-0.0552,-0.0536,0.0017
6637,1008.4,429.6,94.4719,94.4736,94.5271,-0.0552,-0.0535,0.0017
6638,991.9,329.1,94.4690,94.4706,94.5241,-0.0552,-0.0535,0.0017
6639,996.1,305.5,94.4660,94.4677,94.5209,-0.0548,-0.0532,0.0017
6640,1008.0,318.7,94.4631,94.4647,94.5178,-0.0547,-0.0530,0.0017
6641,997.0,321.9,94.4601,94.4618,94.5146,-0.0545,-0.0528,0.0017
6642,1002.4,293.6,94.4571,94.4588,94.5114,-0.0542,-0.0526,0.0017
6643,995.9,289.7,94.4542,94.4558,94.5082,-0.0541,-0.0524,0.0017
6644,1000.3,332.8,94.4512,94.4528,94.5049,-0.0537,-0.0521,0.0016
6645,996.1,343.5,94.4482,94.4498,94.5018,-0.0536,-0.0520,0.0016
6646,1002.1,293.4,94.4452,94.4468,94.4988,-0.0536,-0.0520,0.0016
6647,999.4,298.7,94.4422,94.4438,94.4956,-0.0534,-0.0518,0.0016
6648,1000.2,305.7,94.4392,94.4408,94.4927,-0.0535,-0.0519,0.0016
6649,3660.6,823.9,94.4362,94.4378,94.4795,-0.0433,-0.0417,0.0016
6650,832.6,3461.6,94.4332,94.4348,94.4795,-0.0464,-0.0447,0.0016
6651,3465.7,388.5,94.4301,94.4317,94.4666,-0.0365,-0.0348,0.0016
6652,391.3,315.0,94.4271,94.4287,94.4666,-0.0395,-0.0379,0.0016
6653,317.6,258.4,94.4240,94.4257,94.4639,-0.0398,-0.0382,0.0016
6654,260.9,523.5,94.4210,94.4226,94.4639,-0.0429,-0.0413,0.0016
6655,526.0,324.3,94.4179,94.4195,94.4639,-0.0459,-0.0443,0.0016
6656,326.7,513.8,94.4149,94.4165,94.4613,-0.0464,-0.0448,0.0016
6657,516.3,277.8,94.4118,94.4134,94.4613,-0.0495,-0.0479,0.0016
6658,280.0,276.0,94.4087,94.4103,94.4585,-0.0498,-0.0482,0.0016
6659,421.3,274.6,94.4056,94.4072,94.4585,-0.0529,-0.0513,0.0016
6660,1003.0,324.0,94.4025,94.4041,94.4561,-0.0535,-0.0519,0.0016
6661,1003.2,295.0,94.3994,94.4010,94.4538,-0.0543,-0.0528,0.0016
6662,1000.1,422.0,94.3963,94.3979,94.4514,-0.0551,-0.0535,0.0016
6663,1007.5,386.0,94.3932,94.3948,94.4484,-0.0552,-0.0536,0.0016
6664,988.5,301.6,94.3901,94.3917,94.4454,-0.0553,-0.0537,0.0016
6665,995.4,309.7,94.3870,94.3885,94.4422,-0.0552,-0.0536,0.0016
6666,1001.0,281.7,94.3838,94.3854,94.4390,-0.0552,-0.0536,0.0016
6667,1001.9,4867.8,94.3807,94.3823,94.4356,-0.0549,-0.0533,0.0016
6668,4874.1,614.8,94.3776,94.3791,94.4187,-0.0412,-0.0396,0.0016
6669,618.1,485.8,94.3744,94.3760,94.4187,-0.0443,-0.0428,0.0016
6670,488.9,287.7,94.3712,94.3728,94.4155,-0.0443,-0.0427,0.0016
6671,291.0,236.9,94.3681,94.3696,94.4155,-0.0474,-0.0459,0.0016
6672,240.0,383.0,94.3649,94.3664,94.4155,-0.0506,-0.0491,0.0016
6673,386.8,369.5,94.3617,94.3633,94.4125,-0.0507,-0.0492,0.0015
6674,372.6,222.4,94.3585,94.3601,94.4125,-0.0539,-0.0524,0.0015
6675,726.5,288.5,94.3553,94.3569,94.4095,-0.0541,-0.0526,0.0015
6676,1003.7,281.4,94.3521,94.3537,94.4070,-0.0548,-0.0533,0.0015
6677,1013.2,412.0,94.3489,94.3505,94.4046,-0.0557,-0.0542,0.0015
6678,994.1,338.7,94.3457,94.3472,94.4023,-0.0566,-0.0551,0.0015
6679,988.9,268.8,94.3425,94.3440,94.3994,-0.0570,-0.0554,0.0015
6680,999.4,284.2,94.3393,94.3408,94.3963,-0.0571,-0.0556,0.0015
6681,1000.3,316.0,94.3360,94.3375,94.3930,-0.0570,-0.0555,0.0015
6682,1006.7,300.9,94.3328,94.3343,94.3896,-0.0568,-0.0553,0.0015
6683,996.3,283.0,94.3295,94.3310,94.3858,-0.0563,-0.0548,0.0015
6684,998.7,270.1,94.3263,94.3278,94.3823,-0.0561,-0.0545,0.0015
6685,1001.7,279.9,94.3230,94.3245,94.3790,-0.0560,-0.0545,0.0015
6686,1000.1,291.5,94.3197,94.3212,94.3758,-0.0561,-0.0546,0.0015
6687,3670.1,663.8,94.3165,94.3180,94.3635,-0.0470,-0.0455,0.0015
6688,670.8,209.1,94.3132,94.3147,94.3635,-0.0503,-0.0488,0.0015
6689,211.6,286.1,94.3099,94.3114,94.3603,-0.0504,-0.0489,0.0015
6690,287.9,374.4,94.3066,94.3081,94.3603,-0.0537,-0.0522,0.0015
6691,377.5,220.2,94.3033,94.3048,94.3603,-0.0570,-0.0555,0.0015
6692,785.4,597.9,94.3000,94.3015,94.3574,-0.0574,-0.0559,0.0015
6693,995.6,313.2,94.2967,94.2981,94.3547,-0.0580,-0.0565,0.0015
6694,998.2,312.4,94.2933,94.2948,94.3521,-0.0588,-0.0573,0.0015
6695,1004.0,311.6,94.2900,94.2915,94.3494,-0.0594,-0.0579,0.0015
6696,996.0,283.3,94.2867,94.2881,94.3466,-0.0599,-0.0585,0.0015
6697,1001.1,267.3,94.2833,94.2848,94.3437,-0.0604,-0.0589,0.0015
6698,999.0,290.4,94.2800,94.2814,94.3407,-0.0607,-0.0592,0.0015
6699,1000.2,267.2,94.2766,94.2781,94.3376,-0.0609,-0.0595,0.0015
6700,1000.5,291.1,94.2733,94.2747,94.3344,-0.0611,-0.0596,0.0015
6701,1011.3,310.6,94.2699,94.2713,94.3315,-0.0616,-0.0601,0.0015
6702,989.3,272.6,94.2665,94.2680,94.3287,-0.0622,-0.0608,0.0015
6703,999.4,301.1,94.2631,94.2646,94.3261,-0.0630,-0.0615,0.0014
6704,1002.7,291.6,94.2597,94.2612,94.3235,-0.0638,-0.0623,0.0014
6705,999.4,297.0,94.2563,94.2578,94.3212,-0.0648,-0.0634,0.0014
6706,999.8,299.7,94.2529,94.2544,94.3188,-0.0658,-0.0644,0.0014
6707,1000.5,308.1,94.2495,94.2510,94.3163,-0.0667,-0.0653,0.0014
6708,999.2,299.3,94.2461,94.2475,94.3135,-0.0674,-0.0659,0.0014
6709,1000.8,313.4,94.2427,94.2441,94.3108,-0.0681,-0.0667,0.0014
6710,1001.9,318.4,94.2393,94.2407,94.3080,-0.0687,-0.0673,0.0014
6711,997.5,267.1,94.2358,94.2372,94.3051,-0.0693,-0.0678,0.0014
6712,999.3,320.5,94.2324,94.2338,94.3019,-0.0695,-0.0681,0.0014
6713,999.6,307.4,94.2289,94.2303,94.2989,-0.0700,-0.0686,0.0014
6714,1000.5,298.1,94.2255,94.2269,94.2959,-0.0705,-0.0690,0.0014
6715,1003.9,314.8,94.2220,94.2234,94.2929,-0.0709,-0.0695,0.0014
6716,995.8,278.0,94.2185,94.2199,94.2897,-0.0711,-0.0697,0.0014
6717,1002.0,311.0,94.2151,94.2165,94.2865,-0.0714,-0.0700,0.0014
6718,1007.9,392.3,94.2116,94.2130,94.2832,-0.0716,-0.0703,0.0014
6719,1003.5,402.8,94.2081,94.2095,94.2799,-0.0718,-0.0704,0.0014
6720,993.7,397.8,94.2046,94.2060,94.2763,-0.0717,-0.0703,0.0014
6721,1001.0,396.3,94.2011,94.2025,94.2729,-0.0718,-0.0704,0.0014
6722,999.2,385.4,94.1976,94.1990,94.2695,-0.0720,-0.0706,0.0014
6723,999.6,399.5,94.1941,94.1955,94.2660,-0.0719,-0.0706,0.0014
6724,998.8,403.8,94.1906,94.1919,94.2621,-0.0716,-0.0702,0.0014
6725,1001.6,370.7,94.1870,94.1884,94.2585,-0.0715,-0.0701,0.0014
6726,999.3,309.5,94.1835,94.1849,94.2548,-0.0713,-0.0699,0.0014
6727,1000.5,344.0,94.1799,94.1813,94.2509,-0.0710,-0.0696,0.0014
6728,999.7,379.7,94.1764,94.1778,94.2467,-0.0703,-0.0689,0.0014
6729,994.2,342.0,94.1728,94.1742,94.2428,-0.0699,-0.0686,0.0014
6730,998.2,358.1,94.1693,94.1706,94.2389,-0.0696,-0.0683,0.0014
6731,999.9,337.5,94.1657,94.1671,94.2350,-0.0693,-0.0679,0.0014
6732,1000.1,331.2,94.1621,94.1635,94.2308,-0.0687,-0.0673,0.0014
6733,1006.9,362.0,94.1586,94.1599,94.2269,-0.0683,-0.0670,0.0013
6734,999.5,309.6,94.1550,94.1563,94.2223,-0.0673,-0.0660,0.0013
6735,1000.4,326.1,94.1514,94.1527,94.2189,-0.0675,-0.0661,0.0013
6736,998.6,334.8,94.1478,94.1491,94.2138,-0.0660,-0.0647,0.0013
6737,1002.0,369.2,94.1442,94.1455,94.2097,-0.0655,-0.0642,0.0013
6738,998.8,367.0,94.1406,94.1419,94.2063,-0.0658,-0.0644,0.0013
6739,999.6,369.7,94.1369,94.1383,94.2017,-0.0647,-0.0634,0.0013
6740,1000.0,368.2,94.1333,94.1346,94.1974,-0.0641,-0.0628,0.0013
6741,1001.0,389.0,94.1297,94.1310,94.1936,-0.0639,-0.0626,0.0013
6742,999.8,336.0,94.1260,94.1274,94.1900,-0.0639,-0.0626,0.0013
6743,1001.9,365.1,94.1224,94.1237,94.1863,-0.0639,-0.0626,0.0013
6744,1001.9,361.1,94.1187,94.1201,94.1823,-0.0636,-0.0623,0.0013
6745,987.8,401.9,94.1151,94.1164,94.1786,-0.0635,-0.0622,0.0013
6746,1000.2,371.0,94.1114,94.1127,94.1748,-0.0633,-0.0620,0.0013
6747,999.9,345.5,94.1078,94.1091,94.1707,-0.0630,-0.0617,0.0013
6748,999.7,352.8,94.1041,94.1054,94.1668,-0.0627,-0.0614,0.0013
6749,999.7,292.7,94.1004,94.1017,94.1628,-0.0624,-0.0611,0.0013
6750,1000.9,295.7,94.0967,94.0980,94.1588,-0.0621,-0.0608,0.0013
6751,1000.0,349.5,94.0930,94.0943,94.1548,-0.0618,-0.0605,0.0013
6752,998.9,289.4,94.0893,94.0906,94.1504,-0.0611,-0.0598,0.0013
6753,1000.2,336.6,94.0856,94.0869,94.1504,-0.0648,-0.0635,0.0013
6754,1000.2,350.3,94.0819,94.0832,94.1464,-0.0645,-0.0633,0.0013
6755,998.9,345.2,94.0782,94.0794,94.1425,-0.0643,-0.0631,0.0013
6756,1000.7,334.3,94.0744,94.0757,94.1385,-0.0641,-0.0628,0.0013
6757,1001.5,343.8,94.0707,94.0720,94.1342,-0.0635,-0.0622,0.0013
6758,997.8,296.4,94.0670,94.0682,94.1301,-0.0632,-0.0619,0.0013
6759,999.9,334.1,94.0632,94.0645,94.1259,-0.0627,-0.0614,0.0013
6760,1000.4,302.8,94.0595,94.0607,94.1212,-0.0618,-0.0605,0.0013
6761,1001.1,299.0,94.0557,94.0570,94.1169,-0.0612,-0.0599,0.0013
6762,1000.3,338.2,94.0519,94.0532,94.1126,-0.0607,-0.0594,0.0013
6763,999.6,358.7,94.0482,94.0494,94.1084,-0.0603,-0.0590,0.0013
6764,999.6,336.3,94.0444,94.0456,94.1040,-0.0596,-0.0583,0.0013
6765,1000.5,347.1,94.0406,94.0418,94.1000,-0.0594,-0.0581,0.0012
6766,999.8,345.9,94.0368,94.0380,94.0961,-0.0593,-0.0581,0.0012
6767,1000.5,335.6,94.0330,94.0342,94.0924,-0.0594,-0.0582,0.0012
6768,999.1,305.9,94.0292,94.0304,94.0885,-0.0593,-0.0580,0.0012
6769,1000.1,324.0,94.0254,94.0266,94.0847,-0.0593,-0.0580,0.0012
6770,1000.6,316.5,94.0216,94.0228,94.0808,-0.0593,-0.0580,0.0012
6771,999.7,320.5,94.0177,94.0190,94.0770,-0.0593,-0.0581,0.0012
6772,999.5,311.2,94.0139,94.0151,94.0730,-0.0591,-0.0579,0.0012
6773,1000.4,353.0,94.0101,94.0113,94.0694,-0.0593,-0.0581,0.0012
6774,1000.1,345.3,94.0062,94.0075,94.0659,-0.0596,-0.0584,0.0012
6775,1000.0,346.3,94.0024,94.0036,94.0624,-0.0600,-0.0588,0.0012
6776,999.1,300.2,93.9985,93.9998,94.0588,-0.0602,-0.0590,0.0012
6777,999.6,337.7,93.9947,93.9959,94.0556,-0.0609,-0.0597,0.0012
6778,1001.0,354.9,93.9908,93.9920,94.0524,-0.0616,-0.0604,0.0012
6779,998.9,289.5,93.9869,93.9881,94.0493,-0.0624,-0.0611,0.0012
6780,999.9,305.2,93.9831,93.9843,94.0460,-0.0629,-0.0617,0.0012
6781,1000.8,340.3,93.9792,93.9804,94.0429,-0.0637,-0.0625,0.0012
6782,1000.0,430.8,93.9753,93.9765,94.0397,-0.0644,-0.0632,0.0012
6783,999.7,340.5,93.9714,93.9726,94.0363,-0.0649,-0.0637,0.0012
6784,1000.0,427.5,93.9675,93.9687,94.0326,-0.0651,-0.0639,0.0012
6785,999.6,338.0,93.9636,93.9648,94.0290,-0.0654,-0.0643,0.0012
6786,1001.1,303.0,93.9597,93.9608,94.0256,-0.0659,-0.0647,0.0012
6787,999.6,440.7,93.9557,93.9569,94.0223,-0.0666,-0.0654,0.0012
6788,1000.2,337.7,93.9518,93.9530,94.0189,-0.0671,-0.0659,0.0012
6789,1000.7,443.0,93.9479,93.9490,94.0155,-0.0677,-0.0665,0.0012
6790,999.4,347.9,93.9439,93.9451,94.0122,-0.0683,-0.0671,0.0012
6791,999.7,322.0,93.9400,93.9412,94.0087,-0.0688,-0.0676,0.0012
6792,1000.3,350.0,93.9360,93.9372,94.0050,-0.0689,-0.0678,0.0012
6793,1000.0,362.0,93.9321,93.9332,94.0015,-0.0694,-0.0683,0.0012
6794,1000.3,326.7,93.9281,93.9293,93.9980,-0.0699,-0.0687,0.0012
6795,1004.4,380.6,93.9241,93.9253,93.9944,-0.0703,-0.0691,0.0012
6796,995.7,363.7,93.9202,93.9213,93.9905,-0.0703,-0.0692,0.0012
6797,1009.9,363.6,93.9162,93.9173,93.9868,-0.0706,-0.0694,0.0011
6798,997.6,324.7,93.9122,93.9133,93.9831,-0.0709,-0.0697,0.0011
6799,1000.8,429.3,93.9082,93.9093,93.9793,-0.0711,-0.0700,0.0011
6800,998.7,349.7,93.9042,93.9053,93.9753,-0.0711,-0.0699,0.0011
6801,1000.4,362.9,93.9002,93.9013,93.9715,-0.0713,-0.0702,0.0011
6802,998.6,308.7,93.8962,93.8973,93.9676,-0.0715,-0.0703,0.0011
6803,1000.8,357.6,93.8921,93.8933,93.9638,-0.0717,-0.0706,0.0011
6804,1000.1,368.0,93.8881,93.8892,93.9597,-0.0716,-0.0705,0.0011
6805,999.9,312.7,93.8841,93.8852,93.9559,-0.0718,-0.0707,0.0011
6806,1000.6,296.6,93.8800,93.8812,93.9517,-0.0717,-0.0706,0.0011
6807,1001.4,361.2,93.8760,93.8771,93.9474,-0.0714,-0.0703,0.0011
6808,999.3,351.9,93.8720,93.8731,93.9427,-0.0708,-0.0697,0.0011
6809,998.8,346.4,93.8679,93.8690,93.9385,-0.0706,-0.0695,0.0011
6810,1001.0,342.5,93.8638,93.8649,93.9344,-0.0706,-0.0695,0.0011
6811,1010.5,323.3,93.8598,93.8609,93.9303,-0.0705,-0.0694,0.0011
6812,991.4,295.1,93.8557,93.8568,93.9259,-0.0703,-0.0691,0.0011
6813,998.7,329.8,93.8516,93.8527,93.9221,-0.0705,-0.0694,0.0011
6814,1002.2,306.7,93.8475,93.8486,93.9183,-0.0707,-0.0696,0.0011
6815,1000.1,356.5,93.8434,93.8445,93.9143,-0.0709,-0.0698,0.0011
6816,999.9,361.7,93.8393,93.8404,93.9099,-0.0705,-0.0694,0.0011
6817,999.7,371.6,93.8352,93.8363,93.9056,-0.0703,-0.0692,0.0011
6818,1000.5,373.7,93.8311,93.8322,93.9013,-0.0701,-0.0691,0.0011
6819,1000.3,334.4,93.8270,93.8281,93.8969,-0.0699,-0.0688,0.0011
6820,998.6,384.1,93.8229,93.8240,93.8922,-0.0693,-0.0682,0.0011
6821,999.1,327.4,93.8187,93.8198,93.8877,-0.0690,-0.0679,0.0011
6822,1000.4,342.6,93.8146,93.8157,93.8834,-0.0688,-0.0677,0.0011
6823,1002.1,359.6,93.8105,93.8115,93.8792,-0.0688,-0.0677,0.0011
6824,997.0,364.8,93.8063,93.8074,93.8747,-0.0684,-0.0673,0.0011
6825,999.4,362.0,93.8022,93.8032,93.8706,-0.0684,-0.0673,0.0011
6826,999.9,348.5,93.7980,93.7991,93.8664,-0.0684,-0.0673,0.0011
6827,999.4,363.3,93.7939,93.7949,93.8621,-0.0683,-0.0672,0.0011
6828,1005.8,342.9,93.7897,93.7907,93.8573,-0.0676,-0.0666,0.0011
6829,998.3,343.0,93.7855,93.7866,93.8527,-0.0672,-0.0661,0.0011
6830,998.2,360.9,93.7813,93.7824,93.8482,-0.0668,-0.0658,0.0010
6831,999.4,353.3,93.7771,93.7782,93.8436,-0.0665,-0.0654,0.0010
6832,998.3,346.9,93.7729,93.7740,93.8387,-0.0657,-0.0647,0.0010
6833,1002.0,333.8,93.7687,93.7698,93.8344,-0.0657,-0.0646,0.0010
6834,1002.4,346.1,93.7645,93.7656,93.8303,-0.0657,-0.0647,0.0010
6835,998.0,309.4,93.7603,93.7614,93.8261,-0.0658,-0.0647,0.0010
6836,1002.3,366.2,93.7561,93.7571,93.8214,-0.0653,-0.0643,0.0010
6837,999.4,370.7,93.7519,93.7529,93.8171,-0.0652,-0.0642,0.0010
6838,1000.4,362.4,93.7477,93.7487,93.8128,-0.0651,-0.0641,0.0010
6839,999.5,367.2,93.7434,93.7444,93.8085,-0.0651,-0.0641,0.0010
6840,999.7,381.1,93.7392,93.7402,93.8040,-0.0648,-0.0638,0.0010
6841,998.4,313.2,93.7349,93.7360,93.8001,-0.0651,-0.0641,0.0010
6842,1000.5,357.4,93.7307,93.7317,93.7963,-0.0656,-0.0646,0.0010
6843,1009.0,366.1,93.7264,93.7274,93.7926,-0.0662,-0.0652,0.0010
6844,1004.9,402.2,93.7222,93.7232,93.7888,-0.0666,-0.0656,0.0010
6845,987.7,386.9,93.7179,93.7189,93.7854,-0.0675,-0.0665,0.0010
6846,999.2,341.1,93.7136,93.7146,93.7819,-0.0683,-0.0673,0.0010
6847,1001.0,350.6,93.7093,93.7103,93.7785,-0.0691,-0.0681,0.0010
6848,998.7,343.8,93.7051,93.7061,93.7746,-0.0696,-0.0686,0.0010
6849,1000.3,340.6,93.7008,93.7018,93.7710,-0.0702,-0.0692,0.0010
6850,1001.9,316.2,93.6965,93.6975,93.7672,-0.0708,-0.0698,0.0010
6851,999.4,333.2,93.6922,93.6931,93.7634,-0.0712,-0.0702,0.0010
6852,998.1,330.5,93.6878,93.6888,93.7592,-0.0713,-0.0703,0.0010
6853,1000.3,342.2,93.6835,93.6845,93.7554,-0.0719,-0.0709,0.0010
6854,1001.5,336.5,93.6792,93.6802,93.7517,-0.0725,-0.0715,0.0010
6855,999.6,341.6,93.6749,93.6759,93.7479,-0.0730,-0.0721,0.0010
6856,1002.1,346.9,93.6706,93.6715,93.7439,-0.0734,-0.0724,0.0010
6857,998.9,333.2,93.6662,93.6672,93.7402,-0.0740,-0.0730,0.0010
6858,999.9,334.7,93.6619,93.6628,93.7362,-0.0743,-0.0733,0.0010
6859,999.8,323.7,93.6575,93.6585,93.7320,-0.0744,-0.0735,0.0010
6860,1000.2,337.5,93.6532,93.6541,93.7278,-0.0746,-0.0737,0.0010
6861,1002.4,346.1,93.6488,93.6498,93.7233,-0.0745,-0.0736,0.0010
6862,995.6,311.7,93.6444,93.6454,93.7193,-0.0749,-0.0739,0.0010
6863,998.1,330.2,93.6401,93.6410,93.7154,-0.0754,-0.0744,0.0010
6864,999.8,329.6,93.6357,93.6366,93.7112,-0.0755,-0.0746,0.0010
6865,1001.0,323.4,93.6313,93.6323,93.7072,-0.0759,-0.0750,0.0009
6866,999.4,320.1,93.6269,93.6279,93.7032,-0.0763,-0.0754,0.0009
6867,1000.6,317.1,93.6225,93.6235,93.6992,-0.0767,-0.0757,0.0009
6868,999.3,368.5,93.6181,93.6191,93.6949,-0.0768,-0.0759,0.0009
6869,1000.1,358.8,93.6137,93.6146,93.6910,-0.0773,-0.0763,0.0009
6870,1000.1,355.0,93.6093,93.6102,93.6868,-0.0775,-0.0766,0.0009
6871,999.6,365.5,93.6049,93.6058,93.6826,-0.0778,-0.0768,0.0009
6872,1002.7,373.4,93.6005,93.6014,93.6782,-0.0777,-0.0768,0.0009
6873,1000.0,340.7,93.5960,93.5970,93.6741,-0.0780,-0.0771,0.0009
6874,999.4,365.2,93.5916,93.5925,93.6702,-0.0786,-0.0776,0.0009
6875,998.8,372.9,93.5872,93.5881,93.6663,-0.0791,-0.0782,0.0009
6876,1005.1,314.1,93.5827,93.5836,93.6624,-0.0797,-0.0788,0.0009
6877,995.8,323.9,93.5783,93.5792,93.6581,-0.0798,-0.0789,0.0009
6878,993.6,324.8,93.5738,93.5747,93.6540,-0.0802,-0.0793,0.0009
6879,998.7,334.2,93.5693,93.5702,93.6498,-0.0805,-0.0796,0.0009
6880,1001.7,335.2,93.5649,93.5658,93.6455,-0.0806,-0.0797,0.0009
6881,997.3,383.2,93.5604,93.5613,93.6407,-0.0803,-0.0794,0.0009
6882,999.5,366.6,93.5559,93.5568,93.6361,-0.0802,-0.0793,0.0009
6883,1000.2,370.8,93.5514,93.5523,93.6313,-0.0799,-0.0790,0.0009
6884,999.2,393.3,93.5469,93.5478,93.6265,-0.0796,-0.0787,0.0009
6885,1000.8,303.3,93.5424,93.5433,93.6215,-0.0791,-0.0782,0.0009
6886,998.9,294.3,93.5379,93.5388,93.6168,-0.0789,-0.0780,0.0009
6887,999.4,334.1,93.5334,93.5343,93.6121,-0.0787,-0.0778,0.0009
6888,1000.4,372.3,93.5289,93.5298,93.6074,-0.0785,-0.0776,0.0009
6889,999.9,365.9,93.5244,93.5253,93.6021,-0.0777,-0.0768,0.0009
6890,1000.3,390.6,93.5199,93.5208,93.5970,-0.0771,-0.0762,0.0009
6891,999.7,362.7,93.5154,93.5162,93.5918,-0.0764,-0.0755,0.0009
6892,1000.3,361.2,93.5108,93.5117,93.5865,-0.0757,-0.0748,0.0009
6893,1000.8,368.5,93.5063,93.5072,93.5810,-0.0747,-0.0738,0.0009
6894,1000.8,365.7,93.5017,93.5026,93.5759,-0.0742,-0.0733,0.0009
6895,1009.1,408.0,93.4972,93.4981,93.5709,-0.0738,-0.0729,0.0009
6896,999.9,385.7,93.4926,93.4935,93.5660,-0.0734,-0.0725,0.0009
6897,996.6,366.2,93.4881,93.4889,93.5607,-0.0726,-0.0718,0.0009
6898,1000.4,382.3,93.4835,93.4844,93.5557,-0.0722,-0.0714,0.0009
6899,1002.2,328.8,93.4789,93.4798,93.5508,-0.0718,-0.0710,0.0009
6900,994.0,292.3,93.4744,93.4752,93.5458,-0.0714,-0.0706,0.0009
6901,999.8,332.2,93.4698,93.4706,93.5405,-0.0708,-0.0699,0.0008
6902,997.9,316.7,93.4652,93.4660,93.5351,-0.0699,-0.0690,0.0008
6903,999.6,303.2,93.4606,93.4614,93.5313,-0.0707,-0.0698,0.0008
6904,1000.1,306.1,93.4560,93.4568,93.5269,-0.0709,-0.0700,0.0008
6905,999.9,359.1,93.4514,93.4522,93.5214,-0.0700,-0.0692,0.0008
6906,998.8,358.6,93.4468,93.4476,93.5170,-0.0702,-0.0694,0.0008
6907,999.7,362.5,93.4422,93.4430,93.5126,-0.0705,-0.0696,0.0008
6908,1000.0,312.5,93.4375,93.4384,93.5079,-0.0703,-0.0695,0.0008
6909,1000.5,301.8,93.4329,93.4337,93.5033,-0.0704,-0.0696,0.0008
6910,999.7,312.4,93.4283,93.4291,93.4988,-0.0705,-0.0697,0.0008
6911,1001.4,335.2,93.4236,93.4245,93.4943,-0.0707,-0.0698,0.0008
6912,1009.2,347.9,93.4190,93.4198,93.4900,-0.0709,-0.0701,0.0008
6913,998.3,364.7,93.4144,93.4152,93.4854,-0.0710,-0.0702,0.0008
6914,1000.2,310.5,93.4097,93.4105,93.4811,-0.0714,-0.0706,0.0008
6915,1000.9,335.5,93.4050,93.4059,93.4768,-0.0718,-0.0710,0.0008
6916,1002.1,363.2,93.4004,93.4012,93.4725,-0.0721,-0.0713,0.0008
6917,993.8,364.6,93.3957,93.3965,93.4681,-0.0724,-0.0716,0.0008
6918,1001.3,327.2,93.3910,93.3918,93.4632,-0.0721,-0.0713,0.0008
6919,1001.7,338.3,93.3864,93.3872,93.4587,-0.0724,-0.0716,0.0008
6920,1002.2,391.5,93.3817,93.3825,93.4543,-0.0726,-0.0718,0.0008
6921,992.6,350.3,93.3770,93.3778,93.4501,-0.0731,-0.0723,0.0008
6922,998.2,360.6,93.3723,93.3731,93.4501,-0.0778,-0.0770,0.0008
6923,999.9,361.3,93.3676,93.3684,93.4455,-0.0779,-0.0771,0.0008
6924,999.8,305.9,93.3629,93.3637,93.4411,-0.0782,-0.0774,0.0008
6925,999.7,365.8,93.3582,93.3590,93.4366,-0.0785,-0.0777,0.0008
6926,999.8,305.5,93.3535,93.3542,93.4317,-0.0782,-0.0774,0.0008
6927,999.6,299.4,93.3487,93.3495,93.4271,-0.0783,-0.0775,0.0008
6928,1001.3,338.9,93.3440,93.3448,93.4224,-0.0783,-0.0776,0.0008
6929,1015.9,345.1,93.3393,93.3401,93.4177,-0.0784,-0.0777,0.0008
6930,993.0,363.3,93.3345,93.3353,93.4133,-0.0787,-0.0779,0.0008
6931,1011.0,361.6,93.3298,93.3306,93.4087,-0.0789,-0.0782,0.0008
6932,990.7,333.8,93.3251,93.3258,93.4047,-0.0796,-0.0789,0.0008
6933,1000.6,347.2,93.3203,93.3211,93.4008,-0.0805,-0.0798,0.0008
6934,1002.0,327.3,93.3156,93.3163,93.3970,-0.0814,-0.0807,0.0008
6935,997.0,321.4,93.3108,93.3115,93.3927,-0.0819,-0.0811,0.0008
6936,1000.2,317.4,93.3060,93.3068,93.3885,-0.0825,-0.0817,0.0008
6937,998.4,324.6,93.3012,93.3020,93.3842,-0.0830,-0.0822,0.0008
6938,1003.4,316.3,93.2965,93.2972,93.3797,-0.0833,-0.0825,0.0008
6939,999.5,306.6,93.2917,93.2924,93.3750,-0.0833,-0.0826,0.0007
6940,998.6,325.3,93.2869,93.2876,93.3707,-0.0838,-0.0831,0.0007
6941,1010.0,343.7,93.2821,93.2829,93.3664,-0.0843,-0.0835,0.0007
6942,992.2,402.6,93.2773,93.2780,93.3620,-0.0847,-0.0839,0.0007
6943,1012.4,404.0,93.2725,93.2732,93.3572,-0.0847,-0.0840,0.0007
6944,1001.6,396.0,93.2677,93.2684,93.3528,-0.0851,-0.0844,0.0007
6945,985.2,387.6,93.2629,93.2636,93.3484,-0.0855,-0.0848,0.0007
6946,1001.4,378.4,93.2581,93.2588,93.3437,-0.0856,-0.0849,0.0007
6947,998.7,3677.0,93.2532,93.2540,93.3384,-0.0851,-0.0844,0.0007
6948,3684.8,378.4,93.2484,93.2491,93.3178,-0.0694,-0.0686,0.0007
6949,382.9,445.5,93.2436,93.2443,93.3178,-0.0742,-0.0735,0.0007
6950,450.0,339.3,93.2387,93.2395,93.3178,-0.0790,-0.0783,0.0007
6951,343.8,654.6,93.2339,93.2346,93.3128,-0.0789,-0.0781,0.0007
6952,659.4,350.9,93.2290,93.2298,93.3128,-0.0837,-0.0830,0.0007
6953,483.0,322.8,93.2242,93.2249,93.3078,-0.0836,-0.0829,0.0007
6954,994.1,335.9,93.2193,93.2200,93.3031,-0.0837,-0.0830,0.0007
6955,999.9,341.1,93.2145,93.2152,93.2981,-0.0837,-0.0830,0.0007
6956,1000.2,323.4,93.2096,93.2103,93.2937,-0.0841,-0.0834,0.0007
6957,1000.2,325.0,93.2047,93.2054,93.2890,-0.0843,-0.0836,0.0007
6958,1002.3,340.2,93.1998,93.2006,93.2841,-0.0843,-0.0836,0.0007
6959,995.8,329.9,93.1950,93.1957,93.2789,-0.0839,-0.0832,0.0007
6960,993.3,319.8,93.1901,93.1908,93.2740,-0.0839,-0.0832,0.0007
6961,1006.6,307.4,93.1852,93.1859,93.2694,-0.0842,-0.0835,0.0007
6962,992.0,3176.3,93.1803,93.1810,93.2648,-0.0845,-0.0838,0.0007
6963,3186.5,332.6,93.1754,93.1761,93.2503,-0.0749,-0.0742,0.0007
6964,334.9,317.3,93.1705,93.1712,93.2503,-0.0798,-0.0791,0.0007
6965,319.4,421.6,93.1656,93.1662,93.2454,-0.0798,-0.0791,0.0007
6966,423.8,224.6,93.1606,93.1613,93.2454,-0.0847,-0.0841,0.0007
6967,736.9,313.8,93.1557,93.1564,93.2400,-0.0843,-0.0836,0.0007
6968,1002.8,292.0,93.1508,93.1515,93.2351,-0.0843,-0.0836,0.0007
6969,993.9,321.2,93.1459,93.1465,93.2303,-0.0844,-0.0838,0.0007
6970,1000.9,336.5,93.1409,93.1416,93.2257,-0.0847,-0.0841,0.0007
6971,998.6,312.7,93.1360,93.1366,93.2206,-0.0846,-0.0839,0.0007
6972,1000.5,325.2,93.1310,93.1317,93.2157,-0.0846,-0.0840,0.0007
6973,1001.9,318.5,93.1261,93.1267,93.2104,-0.0843,-0.0837,0.0007
6974,999.2,310.6,93.1211,93.1218,93.2049,-0.0838,-0.0832,0.0007
6975,999.4,314.7,93.1162,93.1168,93.1991,-0.0830,-0.0823,0.0007
6976,999.5,296.3,93.1112,93.1118,93.1938,-0.0826,-0.0819,0.0007
6977,1000.8,288.6,93.1062,93.1069,93.1886,-0.0824,-0.0818,0.0007
6978,1003.1,307.2,93.1012,93.1019,93.1836,-0.0823,-0.0817,0.0007
6979,997.6,296.5,93.0963,93.0969,93.1781,-0.0819,-0.0812,0.0006
6980,1000.5,301.7,93.0913,93.0919,93.1729,-0.0816,-0.0810,0.0006
6981,1001.6,333.8,93.0863,93.0869,93.1677,-0.0814,-0.0807,0.0006
6982,1006.9,298.9,93.0813,93.0819,93.1625,-0.0812,-0.0806,0.0006
6983,991.4,296.5,93.0763,93.0769,93.1570,-0.0807,-0.0801,0.0006
6984,1004.1,301.4,93.0713,93.0719,93.1521,-0.0808,-0.0802,0.0006
6985,998.1,295.8,93.0663,93.0669,93.1474,-0.0811,-0.0805,0.0006
6986,1000.4,283.4,93.0613,93.0619,93.1428,-0.0816,-0.0809,0.0006
6987,996.8,289.1,93.0562,93.0569,93.1380,-0.0818,-0.0811,0.0006
6988,999.7,315.6,93.0512,93.0518,93.1335,-0.0823,-0.0816,0.0006
6989,1001.1,291.0,93.0462,93.0468,93.1288,-0.0826,-0.0820,0.0006
6990,1000.2,312.7,93.0411,93.0418,93.1240,-0.0829,-0.0822,0.0006
6991,999.2,352.3,93.0361,93.0367,93.1188,-0.0827,-0.0821,0.0006
6992,999.1,305.8,93.0311,93.0317,93.1140,-0.0830,-0.0823,0.0006
6993,999.7,330.0,93.0260,93.0266,93.1091,-0.0831,-0.0825,0.0006
6994,999.6,338.3,93.0210,93.0216,93.1045,-0.0835,-0.0829,0.0006
6995,1003.5,395.7,93.0159,93.0165,93.0997,-0.0838,-0.0832,0.0006
6996,997.9,350.1,93.0108,93.0115,93.0953,-0.0845,-0.0839,0.0006
6997,1000.1,308.7,93.0058,93.0064,93.0909,-0.0851,-0.0845,0.0006
6998,1001.8,376.8,93.0007,93.0013,93.0861,-0.0854,-0.0848,0.0006
6999,1019.8,351.1,92.9956,92.9962,93.0805,-0.0849,-0.0843,0.0006
7000,979.9,321.1,92.9905,92.9911,93.0755,-0.0849,-0.0843,0.0006
7001,1000.0,419.2,92.9855,92.9861,93.0706,-0.0851,-0.0845,0.0006
7002,1005.3,348.4,92.9804,92.9810,93.0657,-0.0853,-0.0847,0.0006
7003,1002.5,329.0,92.9753,92.9759,93.0605,-0.0852,-0.0846,0.0006
7004,1002.2,354.1,92.9702,92.9708,93.0556,-0.0854,-0.0848,0.0006
7005,1007.0,353.2,92.9651,92.9657,93.0506,-0.0856,-0.0850,0.0006
7006,991.3,312.2,92.9600,92.9606,93.0456,-0.0857,-0.0851,0.0006
7007,999.2,304.2,92.9549,92.9554,93.0401,-0.0852,-0.0846,0.0006
7008,1008.4,370.5,92.9497,92.9503,93.0348,-0.0851,-0.0845,0.0006
7009,996.9,365.6,92.9446,92.9452,93.0296,-0.0850,-0.0845,0.0006
7010,998.0,370.0,92.9395,92.9401,93.0247,-0.0852,-0.0846,0.0006
7011,999.1,336.5,92.9344,92.9349,93.0194,-0.0850,-0.0845,0.0006
7012,997.9,311.4,92.9292,92.9298,93.0145,-0.0853,-0.0847,0.0006
7013,999.9,329.0,92.9241,92.9246,93.0096,-0.0855,-0.0849,0.0006
7014,998.1,330.9,92.9189,92.9195,93.0047,-0.0858,-0.0852,0.0006
7015,1013.2,379.6,92.9138,92.9143,92.9995,-0.0857,-0.0851,0.0006
7016,1002.9,379.2,92.9086,92.9092,92.9943,-0.0857,-0.0851,0.0006
7017,991.0,349.7,92.9035,92.9040,92.9890,-0.0856,-0.0850,0.0006
7018,997.8,370.8,92.8983,92.8989,92.9838,-0.0855,-0.0849,0.0006
7019,1007.7,874.9,92.8931,92.8937,92.9782,-0.0851,-0.0845,0.0006
7020,989.1,379.0,92.8880,92.8885,92.9729,-0.0849,-0.0844,0.0006
7021,1002.6,371.5,92.8828,92.8833,92.9676,-0.0848,-0.0842,0.0006
7022,988.8,381.3,92.8776,92.8782,92.9622,-0.0846,-0.0840,0.0005
7023,1001.9,371.3,92.8724,92.8730,92.9563,-0.0839,-0.0834,0.0005
7024,999.0,3671.7,92.8672,92.8678,92.9509,-0.0837,-0.0832,0.0005
7025,3678.0,387.3,92.8620,92.8626,92.9283,-0.0662,-0.0657,0.0005
7026,390.9,351.0,92.8568,92.8574,92.9283,-0.0714,-0.0709,0.0005
7027,357.9,339.3,92.8516,92.8522,92.9283,-0.0766,-0.0761,0.0005
7028,344.4,553.8,92.8464,92.8470,92.9228,-0.0763,-0.0758,0.0005
7029,558.9,1033.1,92.8412,92.8417,92.9228,-0.0816,-0.0810,0.0005
7030,1039.2,390.7,92.8360,92.8365,92.9172,-0.0812,-0.0806,0.0005
7031,641.7,358.4,92.8308,92.8313,92.9113,-0.0805,-0.0800,0.0005
7032,999.8,355.2,92.8256,92.8261,92.9062,-0.0806,-0.0801,0.0005
7033,1000.9,327.9,92.8203,92.8208,92.9014,-0.0811,-0.0805,0.0005
7034,997.4,2887.7,92.8151,92.8156,92.8967,-0.0816,-0.0810,0.0005
7035,2894.1,454.7,92.8098,92.8104,92.8818,-0.0719,-0.0714,0.0005
7036,457.0,257.5,92.8046,92.8051,92.8818,-0.0772,-0.0766,0.0005
7037,259.4,997.6,92.7994,92.7999,92.8768,-0.0774,-0.0769,0.0005
7038,1000.2,644.6,92.7941,92.7946,92.8713,-0.0772,-0.0767,0.0005
7039,647.3,231.6,92.7889,92.7894,92.8713,-0.0825,-0.0820,0.0005
7040,744.1,334.5,92.7836,92.7841,92.8662,-0.0826,-0.0821,0.0005
7041,987.7,319.7,92.7783,92.7788,92.8612,-0.0828,-0.0823,0.0005
7042,999.2,304.6,92.7731,92.7736,92.8565,-0.0835,-0.0830,0.0005
7043,999.9,321.6,92.7678,92.7683,92.8515,-0.0837,-0.0832,0.0005
7044,1001.9,351.5,92.7625,92.7630,92.8467,-0.0842,-0.0837,0.0005
7045,998.9,341.7,92.7572,92.7577,92.8418,-0.0846,-0.0841,0.0005
7046,1002.7,354.1,92.7519,92.7524,92.8367,-0.0848,-0.0843,0.0005
7047,997.8,2142.3,92.7467,92.7471,92.8311,-0.0844,-0.0839,0.0005
7048,2147.0,293.4,92.7414,92.7418,92.8206,-0.0793,-0.0788,0.0005
7049,295.3,719.9,92.7361,92.7365,92.8206,-0.0846,-0.0841,0.0005
7050,722.8,283.5,92.7308,92.7312,92.8156,-0.0848,-0.0843,0.0005
7051,838.5,328.3,92.7254,92.7259,92.8102,-0.0848,-0.0843,0.0005
7052,994.7,330.1,92.7201,92.7206,92.8054,-0.0852,-0.0847,0.0005
7053,999.3,311.3,92.7148,92.7153,92.8006,-0.0858,-0.0853,0.0005
7054,1000.5,304.4,92.7095,92.7100,92.7960,-0.0865,-0.0860,0.0005
7055,1000.0,318.8,92.7042,92.7047,92.7911,-0.0869,-0.0864,0.0005
7056,1004.9,314.0,92.6988,92.6993,92.7862,-0.0874,-0.0869,0.0005
7057,994.8,313.3,92.6935,92.6940,92.7814,-0.0879,-0.0874,0.0005
7058,1015.6,327.2,92.6882,92.6887,92.7766,-0.0884,-0.0879,0.0005
7059,995.5,343.2,92.6828,92.6833,92.7714,-0.0886,-0.0881,0.0005
7060,1002.7,357.3,92.6775,92.6780,92.7669,-0.0894,-0.0889,0.0005
7061,999.8,332.9,92.6721,92.6726,92.7625,-0.0904,-0.0899,0.0005
7062,999.5,333.0,92.6668,92.6673,92.7580,-0.0913,-0.0908,0.0005
7063,996.6,326.2,92.6614,92.6619,92.7531,-0.0917,-0.0912,0.0005
7064,1000.4,334.7,92.6561,92.6565,92.7482,-0.0922,-0.0917,0.0005
7065,1001.0,302.6,92.6507,92.6512,92.7433,-0.0926,-0.0921,0.0005
7066,999.9,318.6,92.6453,92.6458,92.7382,-0.0928,-0.0924,0.0005
7067,998.2,333.1,92.6400,92.6404,92.7326,-0.0926,-0.0922,0.0005
7068,1000.6,335.0,92.6346,92.6350,92.7274,-0.0928,-0.0924,0.0005
7069,1000.9,359.9,92.6292,92.6297,92.7221,-0.0929,-0.0925,0.0004
7070,1001.0,338.6,92.6238,92.6243,92.7168,-0.0930,-0.0925,0.0004
7071,1000.2,329.2,92.6184,92.6189,92.7110,-0.0925,-0.0921,0.0004
7072,999.7,346.4,92.6130,92.6135,92.7054,-0.0924,-0.0919,0.0004
7073,1003.0,360.0,92.6076,92.6081,92.6998,-0.0921,-0.0917,0.0004
7074,1000.1,326.2,92.6022,92.6027,92.6941,-0.0918,-0.0914,0.0004
7075,1005.1,364.0,92.5968,92.5973,92.6880,-0.0912,-0.0907,0.0004
7076,993.7,366.6,92.5914,92.5919,92.6815,-0.0901,-0.0897,0.0004
7077,997.0,324.2,92.5860,92.5864,92.6759,-0.0899,-0.0895,0.0004
7078,1006.1,333.0,92.5806,92.5810,92.6697,-0.0892,-0.0887,0.0004
7079,1020.3,368.7,92.5752,92.5756,92.6640,-0.0888,-0.0884,0.0004
7080,1013.1,358.4,92.5697,92.5702,92.6581,-0.0884,-0.0880,0.0004
7081,961.9,378.2,92.5643,92.5647,92.6524,-0.0881,-0.0876,0.0004
7082,1000.7,380.4,92.5589,92.5593,92.6467,-0.0878,-0.0874,0.0004
7083,998.2,351.9,92.5534,92.5539,92.6408,-0.0873,-0.0869,0.0004
7084,1009.0,336.4,92.5480,92.5484,92.6352,-0.0873,-0.0868,0.0004
7085,990.9,343.5,92.5425,92.5430,92.6298,-0.0873,-0.0868,0.0004
7086,1001.7,327.5,92.5371,92.5375,92.6242,-0.0871,-0.0867,0.0004
7087,999.2,325.0,92.5316,92.5321,92.6180,-0.0863,-0.0859,0.0004
7088,1000.8,373.1,92.5262,92.5266,92.6122,-0.0860,-0.0856,0.0004
7089,996.7,314.2,92.5207,92.5211,92.6064,-0.0857,-0.0853,0.0004
7090,1000.5,324.0,92.5153,92.5157,92.6007,-0.0854,-0.0850,0.0004
7091,1000.9,316.0,92.5098,92.5102,92.6007,-0.0909,-0.0905,0.0004
7092,1000.1,336.2,92.5043,92.5047,92.5947,-0.0904,-0.0900,0.0004
7093,1001.3,345.1,92.4988,92.4992,92.5892,-0.0904,-0.0899,0.0004
7094,990.2,384.1,92.4934,92.4938,92.5836,-0.0902,-0.0898,0.0004
7095,1018.4,352.8,92.4879,92.4883,92.5773,-0.0894,-0.0890,0.0004
7096,991.6,353.6,92.4824,92.4828,92.5713,-0.0889,-0.0885,0.0004
7097,1001.4,345.6,92.4769,92.4773,92.5653,-0.0884,-0.0880,0.0004
7098,998.7,345.7,92.4714,92.4718,92.5593,-0.0879,-0.0875,0.0004
7099,1005.7,330.3,92.4659,92.4663,92.5531,-0.0872,-0.0868,0.0004
7100,991.7,353.1,92.4604,92.4608,92.5474,-0.0871,-0.0867,0.0004
7101,1010.4,401.6,92.4549,92.4553,92.5420,-0.0871,-0.0867,0.0004
7102,995.0,339.5,92.4494,92.4498,92.5366,-0.0872,-0.0868,0.0004
7103,999.2,336.6,92.4439,92.4442,92.5307,-0.0869,-0.0865,0.0004
7104,996.1,334.1,92.4383,92.4387,92.5254,-0.0871,-0.0867,0.0004
7105,999.2,324.0,92.4328,92.4332,92.5203,-0.0875,-0.0871,0.0004
7106,999.9,317.2,92.4273,92.4277,92.5154,-0.0882,-0.0878,0.0004
7107,1002.0,301.6,92.4218,92.4221,92.5104,-0.0886,-0.0882,0.0004
7108,998.1,376.8,92.4162,92.4166,92.5058,-0.0896,-0.0892,0.0004
7109,999.9,316.1,92.4107,92.4111,92.5013,-0.0906,-0.0903,0.0004
7110,1002.2,313.9,92.4051,92.4055,92.4966,-0.0915,-0.0911,0.0004
7111,999.8,317.4,92.3996,92.4000,92.4915,-0.0919,-0.0915,0.0004
7112,1001.6,333.5,92.3940,92.3944,92.4866,-0.0926,-0.0922,0.0004
7113,998.9,311.7,92.3885,92.3889,92.4818,-0.0933,-0.0929,0.0004
7114,1002.9,324.8,92.3829,92.3833,92.4769,-0.0939,-0.0936,0.0004
7115,999.7,332.4,92.3774,92.3777,92.4713,-0.0940,-0.0936,0.0004
7116,999.0,303.9,92.3718,92.3722,92.4663,-0.0945,-0.0941,0.0004
7117,1013.9,361.9,92.3662,92.3666,92.4610,-0.0948,-0.0944,0.0004
7118,988.8,389.2,92.3607,92.3610,92.4557,-0.0950,-0.0947,0.0004
7119,999.1,371.5,92.3551,92.3555,92.4497,-0.0946,-0.0943,0.0004
7120,998.9,376.1,92.3495,92.3499,92.4440,-0.0945,-0.0941,0.0004
7121,998.4,377.2,92.3439,92.3443,92.4382,-0.0942,-0.0939,0.0003
7122,998.0,408.1,92.3384,92.3387,92.4324,-0.0940,-0.0937,0.0003
7123,997.3,347.4,92.3328,92.3331,92.4261,-0.0933,-0.0930,0.0003
7124,1001.9,377.6,92.3272,92.3275,92.4202,-0.0930,-0.0927,0.0003
7125,998.1,358.7,92.3216,92.3219,92.4142,-0.0926,-0.0923,0.0003
7126,998.8,330.0,92.3160,92.3163,92.4081,-0.0921,-0.0918,0.0003
7127,999.5,343.1,92.3104,92.3107,92.4014,-0.0911,-0.0907,0.0003
7128,1005.9,364.7,92.3048,92.3051,92.3954,-0.0907,-0.0903,0.0003
7129,996.2,357.9,92.2992,92.2995,92.3896,-0.0904,-0.0901,0.0003
7130,999.7,337.5,92.2935,92.2939,92.3839,-0.0903,-0.0900,0.0003
7131,1001.3,338.6,92.2879,92.2883,92.3778,-0.0898,-0.0895,0.0003
7132,1013.3,355.4,92.2823,92.2826,92.3719,-0.0896,-0.0893,0.0003
7133,994.3,324.5,92.2767,92.2770,92.3659,-0.0893,-0.0889,0.0003
7134,998.1,359.7,92.2710,92.2714,92.3598,-0.0887,-0.0884,0.0003
7135,1010.1,386.7,92.2654,92.2657,92.3531,-0.0877,-0.0874,0.0003
7136,989.0,322.9,92.2598,92.2601,92.3471,-0.0873,-0.0870,0.0003
7137,1000.0,306.3,92.2541,92.2545,92.3411,-0.0870,-0.0867,0.0003
7138,997.4,360.9,92.2485,92.2488,92.3351,-0.0866,-0.0863,0.0003
7139,998.2,368.8,92.2428,92.2432,92.3285,-0.0857,-0.0854,0.0003
7140,999.4,357.5,92.2372,92.2375,92.3223,-0.0851,-0.0848,0.0003
7141,1008.4,357.0,92.2315,92.2319,92.3162,-0.0847,-0.0844,0.0003
7142,995.2,337.3,92.2259,92.2262,92.3103,-0.0844,-0.0841,0.0003
7143,999.4,407.3,92.2202,92.2205,92.3040,-0.0838,-0.0835,0.0003
7144,1012.5,384.0,92.2146,92.2149,92.2985,-0.0839,-0.0836,0.0003
7145,984.7,403.5,92.2089,92.2092,92.2932,-0.0843,-0.0840,0.0003
7146,1000.1,361.4,92.2032,92.2035,92.2879,-0.0846,-0.0843,0.0003
7147,999.4,331.7,92.1976,92.1979,92.2822,-0.0847,-0.0844,0.0003
7148,999.4,319.4,92.1919,92.1922,92.2769,-0.0850,-0.0847,0.0003
7149,999.8,323.6,92.1862,92.1865,92.2718,-0.0856,-0.0853,0.0003
7150,998.3,361.5,92.1805,92.1808,92.2669,-0.0864,-0.0861,0.0003
7151,1015.2,340.9,92.1748,92.1751,92.2618,-0.0869,-0.0866,0.0003
7152,999.7,350.1,92.1691,92.1694,92.2573,-0.0882,-0.0879,0.0003
7153,982.9,371.0,92.1634,92.1637,92.2528,-0.0893,-0.0890,0.0003
7154,1008.7,374.5,92.1577,92.1580,92.2481,-0.0903,-0.0901,0.0003
7155,1000.0,340.2,92.1520,92.1523,92.2429,-0.0909,-0.0906,0.0003
7156,997.8,837.7,92.1463,92.1466,92.2380,-0.0917,-0.0914,0.0003
7157,1000.3,358.4,92.1406,92.1409,92.2332,-0.0925,-0.0922,0.0003
7158,1006.2,372.7,92.1349,92.1352,92.2285,-0.0935,-0.0933,0.0003
7159,992.7,345.3,92.1292,92.1295,92.2234,-0.0942,-0.0939,0.0003
7160,1002.3,337.8,92.1235,92.1238,92.2186,-0.0951,-0.0948,0.0003
7161,1000.3,376.1,92.1178,92.1181,92.2137,-0.0959,-0.0956,0.0003
7162,1004.2,365.5,92.1121,92.1123,92.2087,-0.0967,-0.0964,0.0003
7163,994.9,352.6,92.1063,92.1066,92.2032,-0.0969,-0.0966,0.0003
7164,996.8,348.8,92.1006,92.1009,92.1981,-0.0975,-0.0972,0.0003
7165,1000.5,348.0,92.0949,92.0951,92.1927,-0.0978,-0.0975,0.0003
7166,999.3,345.7,92.0891,92.0894,92.1873,-0.0981,-0.0979,0.0003
7167,999.1,356.3,92.0834,92.0837,92.1818,-0.0984,-0.0981,0.0003
7168,1001.6,382.9,92.0776,92.0779,92.1759,-0.0983,-0.0980,0.0003
7169,999.6,380.4,92.0719,92.0722,92.1704,-0.0985,-0.0982,0.0003
7170,996.2,361.5,92.0662,92.0664,92.1646,-0.0984,-0.0982,0.0003
7171,1005.7,371.5,92.0604,92.0607,92.1582,-0.0978,-0.0975,0.0003
7172,1000.8,380.0,92.0546,92.0549,92.1522,-0.0976,-0.0973,0.0003
7173,1009.8,384.3,92.0489,92.0491,92.1463,-0.0974,-0.0972,0.0003
7174,984.6,353.6,92.0431,92.0434,92.1403,-0.0972,-0.0969,0.0003
7175,1012.6,414.9,92.0374,92.0376,92.1340,-0.0966,-0.0963,0.0003
7176,984.7,323.8,92.0316,92.0318,92.1282,-0.0966,-0.0963,0.0003
7177,999.1,317.6,92.0258,92.0261,92.1222,-0.0964,-0.0961,0.0003
7178,1032.9,1246.6,92.0200,92.0203,92.1161,-0.0960,-0.0958,0.0003
7179,1256.5,339.3,92.0143,92.0145,92.1093,-0.0951,-0.0948,0.0003
7180,718.9,553.9,92.0085,92.0087,92.1031,-0.0946,-0.0943,0.0003
7181,999.5,356.2,92.0027,92.0030,92.0968,-0.0941,-0.0939,0.0002
7182,1016.0,334.8,91.9969,91.9972,92.0907,-0.0938,-0.0936,0.0002
7183,985.8,336.4,91.9911,91.9914,92.0841,-0.0930,-0.0928,0.0002
7184,997.6,317.9,91.9853,91.9856,92.0779,-0.0926,-0.0923,0.0002
7185,999.1,405.5,91.9795,91.9798,92.0715,-0.0920,-0.0918,0.0002
7186,1001.3,363.0,91.9737,91.9740,92.0651,-0.0914,-0.0911,0.0002
7187,996.6,359.1,91.9679,91.9682,92.0581,-0.0902,-0.0900,0.0002
7188,1000.6,366.6,91.9621,91.9624,92.0517,-0.0895,-0.0893,0.0002
7189,1000.1,320.5,91.9563,91.9566,92.0453,-0.0889,-0.0887,0.0002
7190,999.2,323.5,91.9505,91.9508,92.0391,-0.0886,-0.0884,0.0002
7191,1000.6,392.1,91.9447,91.9449,92.0326,-0.0879,-0.0876,0.0002
7192,1008.4,318.9,91.9389,91.9391,92.0265,-0.0876,-0.0874,0.0002
7193,987.7,325.2,91.9331,91.9333,92.0206,-0.0875,-0.0873,0.0002
7194,1006.7,359.8,91.9272,91.9275,92.0148,-0.0876,-0.0873,0.0002
7195,1003.1,371.1,91.9214,91.9216,92.0089,-0.0875,-0.0873,0.0002
7196,1022.6,382.4,91.9156,91.9158,92.0036,-0.0880,-0.0878,0.0002
7197,978.1,332.7,91.9098,91.9100,91.9984,-0.0886,-0.0884,0.0002
7198,988.9,339.2,91.9039,91.9041,91.9931,-0.0891,-0.0889,0.0002
7199,999.3,348.5,91.8981,91.8983,91.9873,-0.0892,-0.0890,0.0002
7200,999.5,405.6,91.8922,91.8925,91.9818,-0.0896,-0.0894,0.0002
7201,1008.3,340.5,91.8864,91.8866,91.9762,-0.0898,-0.0896,0.0002
7202,993.1,367.0,91.8806,91.8808,91.9708,-0.0902,-0.0900,0.0002
7203,1011.9,343.4,91.8747,91.8749,91.9649,-0.0902,-0.0900,0.0002
7204,998.2,336.6,91.8689,91.8691,91.9594,-0.0906,-0.0904,0.0002
7205,999.0,364.1,91.8630,91.8632,91.9540,-0.0910,-0.0908,0.0002
7206,1000.0,323.4,91.8571,91.8574,91.9484,-0.0913,-0.0911,0.0002
7207,1000.0,309.4,91.8513,91.8515,91.9424,-0.0911,-0.0909,0.0002
7208,997.5,326.0,91.8454,91.8456,91.9367,-0.0913,-0.0911,0.0002
7209,999.9,350.1,91.8395,91.8398,91.9311,-0.0916,-0.0914,0.0002
7210,1000.5,334.4,91.8337,91.8339,91.9257,-0.0920,-0.0918,0.0002
7211,1000.1,359.9,91.8278,91.8280,91.9199,-0.0921,-0.0918,0.0002
7212,1000.7,337.3,91.8219,91.8221,91.9145,-0.0925,-0.0923,0.0002
7213,999.9,319.8,91.8161,91.8163,91.9091,-0.0930,-0.0928,0.0002
7214,1720.4,671.0,91.8102,91.8104,91.8977,-0.0875,-0.0873,0.0002
7215,683.9,386.9,91.8043,91.8045,91.8977,-0.0934,-0.0932,0.0002
7216,587.3,303.3,91.7984,91.7986,91.8923,-0.0939,-0.0937,0.0002
7217,1006.3,331.1,91.7925,91.7927,91.8871,-0.0946,-0.0944,0.0002
7218,1007.2,344.2,91.7866,91.7868,91.8820,-0.0953,-0.0952,0.0002
7219,992.0,362.6,91.7807,91.7809,91.8763,-0.0956,-0.0954,0.0002
7220,1018.5,421.2,91.7748,91.7750,91.8708,-0.0960,-0.0958,0.0002
7221,987.7,368.9,91.7689,91.7691,91.8651,-0.0961,-0.0960,0.0002
7222,999.5,360.5,91.7630,91.7632,91.8592,-0.0962,-0.0960,0.0002
7223,1000.9,352.9,91.7571,91.7573,91.8529,-0.0957,-0.0956,0.0002
7224,1010.8,379.1,91.7512,91.7514,91.8469,-0.0957,-0.0955,0.0002
7225,1000.2,346.1,91.7453,91.7455,91.8410,-0.0957,-0.0955,0.0002
7226,980.7,343.0,91.7394,91.7396,91.8353,-0.0959,-0.0957,0.0002
7227,1005.8,366.2,91.7335,91.7337,91.8289,-0.0954,-0.0952,0.0002
7228,1002.3,345.2,91.7276,91.7277,91.8227,-0.0951,-0.0949,0.0002
7229,998.6,359.2,91.7216,91.7218,91.8164,-0.0947,-0.0945,0.0002
7230,994.2,364.2,91.7157,91.7159,91.8101,-0.0944,-0.0942,0.0002
7231,1000.6,355.8,91.7098,91.7100,91.8035,-0.0937,-0.0935,0.0002
7232,1000.8,339.9,91.7039,91.7040,91.7975,-0.0936,-0.0935,0.0002
7233,998.9,358.9,91.6979,91.6981,91.7914,-0.0935,-0.0933,0.0002
7234,1000.2,358.4,91.6920,91.6922,91.7853,-0.0933,-0.0932,0.0002
7235,1000.0,373.3,91.6861,91.6862,91.7788,-0.0927,-0.0926,0.0002
7236,1000.8,351.7,91.6801,91.6803,91.7727,-0.0926,-0.0925,0.0002
7237,1023.4,763.9,91.6742,91.6743,91.7666,-0.0925,-0.0923,0.0002
7238,975.4,336.7,91.6682,91.6684,91.7608,-0.0925,-0.0924,0.0002
7239,998.3,328.6,91.6623,91.6625,91.7536,-0.0913,-0.0912,0.0002
7240,997.7,358.0,91.6563,91.6565,91.7489,-0.0925,-0.0924,0.0002
7241,1009.5,318.3,91.6504,91.6506,91.7423,-0.0919,-0.0918,0.0002
7242,1014.9,353.6,91.6444,91.6446,91.7366,-0.0921,-0.0920,0.0002
7243,994.2,338.7,91.6385,91.6386,91.7302,-0.0918,-0.0916,0.0002
7244,992.9,385.6,91.6325,91.6327,91.7243,-0.0918,-0.0917,0.0002
7245,1012.3,424.2,91.6266,91.6267,91.7185,-0.0920,-0.0918,0.0002
7246,1105.7,436.7,91.6206,91.6207,91.7127,-0.0921,-0.0920,0.0002
7247,880.9,334.7,91.6146,91.6148,91.7066,-0.0920,-0.0918,0.0002
7248,1003.3,369.2,91.6087,91.6088,91.7009,-0.0923,-0.0921,0.0002
7249,1001.9,342.5,91.6027,91.6028,91.6952,-0.0925,-0.0923,0.0002
7250,1007.3,344.0,91.5967,91.5969,91.6895,-0.0928,-0.0926,0.0002
7251,986.2,334.8,91.5907,91.5909,91.6833,-0.0925,-0.0924,0.0002
7252,995.4,322.5,91.5847,91.5849,91.6775,-0.0928,-0.0926,0.0002
7253,1001.1,340.0,91.5788,91.5789,91.6718,-0.0930,-0.0929,0.0001
7254,999.0,330.0,91.5728,91.5729,91.6661,-0.0933,-0.0931,0.0001
7255,1002.4,361.2,91.5668,91.5669,91.6661,-0.0993,-0.0991,0.0001
7256,1016.3,342.9,91.5608,91.5610,91.6599,-0.0991,-0.0990,0.0001
7257,992.3,347.9,91.5548,91.5550,91.6542,-0.0994,-0.0992,0.0001
7258,984.8,345.7,91.5488,91.5490,91.6485,-0.0997,-0.0996,0.0001
7259,999.1,334.5,91.5428,91.5430,91.6425,-0.0997,-0.0995,0.0001
7260,1007.5,335.7,91.5368,91.5370,91.6369,-0.1000,-0.0999,0.0001
7261,1009.6,363.4,91.5308,91.5310,91.6312,-0.1004,-0.1003,0.0001
7262,992.7,347.1,91.5248,91.5250,91.6259,-0.1010,-0.1009,0.0001
7263,995.1,342.8,91.5188,91.5190,91.6201,-0.1013,-0.1011,0.0001
7264,1004.8,340.1,91.5128,91.5129,91.6147,-0.1019,-0.1018,0.0001
7265,999.3,366.0,91.5068,91.5069,91.6091,-0.1023,-0.1021,0.0001
7266,999.5,359.0,91.5008,91.5009,91.6033,-0.1025,-0.1024,0.0001
7267,999.9,373.1,91.4948,91.4949,91.5969,-0.1021,-0.1020,0.0001
7268,1000.2,411.4,91.4888,91.4889,91.5910,-0.1023,-0.1021,0.0001
7269,999.4,386.1,91.4827,91.4829,91.5852,-0.1025,-0.1024,0.0001
7270,1000.5,342.4,91.4767,91.4768,91.5794,-0.1026,-0.1025,0.0001
7271,999.7,361.6,91.4707,91.4708,91.5728,-0.1021,-0.1020,0.0001
7272,999.9,361.1,91.4647,91.4648,91.5666,-0.1019,-0.1018,0.0001
7273,997.9,375.6,91.4586,91.4588,91.5600,-0.1014,-0.1012,0.0001
7274,1002.3,1130.5,91.4526,91.4527,91.5533,-0.1007,-0.1006,0.0001
7275,1137.1,319.2,91.4466,91.4467,91.5467,-0.1001,-0.1000,0.0001
7276,862.5,327.0,91.4405,91.4407,91.5398,-0.0992,-0.0991,0.0001
7277,992.9,327.2,91.4345,91.4346,91.5335,-0.0990,-0.0988,0.0001
7278,999.1,735.9,91.4285,91.4286,91.5271,-0.0986,-0.0985,0.0001
7279,1007.1,353.8,91.4224,91.4225,91.5201,-0.0977,-0.0976,0.0001
7280,1003.5,363.9,91.4164,91.4165,91.5136,-0.0972,-0.0971,0.0001
7281,998.5,334.4,91.4103,91.4105,91.5072,-0.0969,-0.0968,0.0001
7282,1000.3,344.1,91.4043,91.4044,91.5011,-0.0968,-0.0967,0.0001
7283,1002.5,356.6,91.3982,91.3984,91.4947,-0.0964,-0.0963,0.0001
7284,998.3,365.0,91.3922,91.3923,91.4888,-0.0966,-0.0965,0.0001
7285,999.3,387.6,91.3861,91.3862,91.4828,-0.0966,-0.0965,0.0001
7286,999.6,342.4,91.3801,91.3802,91.4766,-0.0965,-0.0964,0.0001
7287,1003.3,708.7,91.3740,91.3741,91.4699,-0.0959,-0.0958,0.0001
7288,989.2,345.9,91.3680,91.3681,91.4636,-0.0956,-0.0955,0.0001
7289,999.0,354.3,91.3619,91.3620,91.4573,-0.0954,-0.0953,0.0001
7290,998.9,338.8,91.3558,91.3559,91.4509,-0.0951,-0.0950,0.0001
7291,999.9,410.9,91.3498,91.3499,91.4439,-0.0942,-0.0940,0.0001
7292,1002.3,370.3,91.3437,91.3438,91.4374,-0.0937,-0.0936,0.0001
7293,1015.3,364.6,91.3376,91.3377,91.4309,-0.0933,-0.0932,0.0001
7294,996.0,349.8,91.3315,91.3317,91.4244,-0.0929,-0.0927,0.0001
7295,994.3,356.6,91.3255,91.3256,91.4177,-0.0922,-0.0921,0.0001
7296,1000.4,348.2,91.3194,91.3195,91.4116,-0.0922,-0.0921,0.0001
7297,999.2,746.1,91.3133,91.3134,91.4055,-0.0922,-0.0921,0.0001
7298,1002.2,364.7,91.3072,91.3073,91.3993,-0.0921,-0.0920,0.0001
7299,1000.2,364.3,91.3012,91.3013,91.3926,-0.0914,-0.0913,0.0001
7300,999.3,370.2,91.2951,91.2952,91.3864,-0.0913,-0.0912,0.0001
7301,999.1,379.3,91.2890,91.2891,91.3804,-0.0914,-0.0913,0.0001
7302,999.8,445.0,91.2829,91.2830,91.3747,-0.0919,-0.0918,0.0001
7303,1000.2,454.9,91.2768,91.2769,91.3688,-0.0920,-0.0919,0.0001
7304,992.9,410.7,91.2707,91.2708,91.3634,-0.0927,-0.0926,0.0001
7305,999.5,450.4,91.2646,91.2647,91.3579,-0.0933,-0.0932,0.0001
7306,1030.9,453.0,91.2585,91.2586,91.3523,-0.0938,-0.0937,0.0001
7307,981.3,367.3,91.2524,91.2525,91.3462,-0.0938,-0.0937,0.0001
7308,997.3,379.3,91.2463,91.2464,91.3404,-0.0940,-0.0939,0.0001
7309,1000.4,381.1,91.2402,91.2403,91.3347,-0.0945,-0.0944,0.0001
7310,999.6,366.8,91.2341,91.2342,91.3292,-0.0951,-0.0950,0.0001
7311,1001.9,332.2,91.2280,91.2281,91.3232,-0.0952,-0.0951,0.0001
7312,982.5,391.9,91.2219,91.2220,91.3176,-0.0957,-0.0956,0.0001
7313,1005.7,368.3,91.2158,91.2159,91.3121,-0.0963,-0.0962,0.0001
7314,1008.5,344.0,91.2097,91.2098,91.3063,-0.0967,-0.0966,0.0001
7315,998.5,407.9,91.2036,91.2037,91.3001,-0.0966,-0.0965,0.0001
7316,981.4,387.9,91.1975,91.1975,91.2943,-0.0968,-0.0968,0.0001
7317,1017.9,356.3,91.1913,91.1914,91.2884,-0.0971,-0.0970,0.0001
7318,998.8,378.3,91.1852,91.1853,91.2826,-0.0974,-0.0973,0.0001
7319,1000.8,407.7,91.1791,91.1792,91.2765,-0.0974,-0.0973,0.0001
7320,1000.1,401.9,91.1730,91.1731,91.2706,-0.0976,-0.0975,0.0001
7321,999.8,440.7,91.1669,91.1669,91.2647,-0.0979,-0.0978,0.0001
7322,999.9,431.7,91.1607,91.1608,91.2587,-0.0980,-0.0979,0.0001
7323,999.0,450.3,91.1546,91.1547,91.2523,-0.0977,-0.0976,0.0001
7324,1001.2,376.6,91.1485,91.1485,91.2463,-0.0979,-0.0978,0.0001
7325,999.9,397.5,91.1423,91.1424,91.2406,-0.0983,-0.0982,0.0001
7326,1000.9,424.3,91.1362,91.1363,91.2350,-0.0988,-0.0987,0.0001
7327,998.8,409.5,91.1301,91.1301,91.2289,-0.0988,-0.0987,0.0001
7328,999.9,377.8,91.1239,91.1240,91.2232,-0.0992,-0.0992,0.0001
7329,1000.4,429.9,91.1178,91.1179,91.2173,-0.0995,-0.0994,0.0001
7330,1003.8,368.2,91.1117,91.1117,91.2112,-0.0996,-0.0995,0.0001
7331,1281.2,627.7,91.1055,91.1056,91.2048,-0.0993,-0.0992,0.0001
7332,722.4,455.1,91.0994,91.0994,91.1989,-0.0995,-0.0994,0.0001
7333,1001.0,348.1,91.0932,91.0933,91.1930,-0.0997,-0.0997,0.0001
7334,1021.0,330.5,91.0871,91.0871,91.1869,-0.0998,-0.0998,0.0001
7335,976.3,372.7,91.0809,91.0810,91.1803,-0.0993,-0.0993,0.0001
7336,999.7,624.1,91.0748,91.0749,91.1739,-0.0991,-0.0990,0.0001
7337,991.0,350.2,91.0686,91.0687,91.1675,-0.0988,-0.0988,0.0001
7338,1000.0,365.7,91.0625,91.0625,91.1611,-0.0986,-0.0985,0.0001
7339,998.9,364.3,91.0563,91.0564,91.1542,-0.0978,-0.0978,0.0001
7340,999.3,338.4,91.0502,91.0502,91.1477,-0.0976,-0.0975,0.0001
7341,999.9,390.8,91.0440,91.0441,91.1413,-0.0973,-0.0972,0.0001
7342,1000.3,350.6,91.0379,91.0379,91.1346,-0.0968,-0.0967,0.0001
7343,999.7,392.7,91.0317,91.0318,91.1276,-0.0959,-0.0958,0.0001
7344,999.5,416.1,91.0255,91.0256,91.1210,-0.0955,-0.0954,0.0001
7345,1000.5,370.7,91.0194,91.0194,91.1148,-0.0954,-0.0953,0.0001
7346,1001.8,344.9,91.0132,91.0133,91.1087,-0.0955,-0.0954,0.0001
7347,995.6,348.1,91.0070,91.0071,91.1029,-0.0958,-0.0958,0.0001
7348,1000.0,347.3,91.0009,91.0009,91.0964,-0.0956,-0.0955,0.0001
7349,1017.6,339.7,90.9947,90.9948,91.0903,-0.0956,-0.0955,0.0001
7350,984.9,373.2,90.9885,90.9886,91.0841,-0.0955,-0.0955,0.0001
7351,997.5,386.3,90.9824,90.9824,91.0774,-0.0951,-0.0950,0.0001
7352,1008.7,343.5,90.9762,90.9762,91.0713,-0.0951,-0.0951,0.0001
7353,1281.6,286.1,90.9700,90.9701,91.0652,-0.0952,-0.0951,0.0001
7354,712.5,345.7,90.9638,90.9639,91.0591,-0.0953,-0.0952,0.0001
7355,998.0,334.1,90.9576,90.9577,91.0526,-0.0949,-0.0949,0.0001
7356,999.8,343.0,90.9515,90.9515,91.0465,-0.0950,-0.0950,0.0001
7357,1000.4,329.5,90.9453,90.9453,91.0403,-0.0950,-0.0950,0.0001
7358,999.0,378.4,90.9391,90.9392,91.0340,-0.0949,-0.0949,0.0000
7359,999.5,373.5,90.9329,90.9330,91.0273,-0.0943,-0.0943,0.0000
7360,999.7,551.0,90.9267,90.9268,91.0213,-0.0946,-0.0945,0.0000
7361,1000.0,399.9,90.9205,90.9206,91.0155,-0.0950,-0.0950,0.0000
7362,999.9,547.6,90.9144,90.9144,91.0098,-0.0954,-0.0954,0.0000
7363,1000.1,386.6,90.9082,90.9082,91.0035,-0.0953,-0.0953,0.0000
7364,999.7,551.0,90.9020,90.9020,90.9976,-0.0956,-0.0956,0.0000
7365,1001.0,422.4,90.8958,90.8958,90.9918,-0.0960,-0.0960,0.0000
7366,999.7,371.0,90.8896,90.8896,90.9860,-0.0964,-0.0964,0.0000
7367,1004.0,326.0,90.8834,90.8834,90.9800,-0.0966,-0.0965,0.0000
7368,998.6,361.3,90.8772,90.8772,90.9744,-0.0972,-0.0972,0.0000
7369,1012.0,425.6,90.8710,90.8710,90.9689,-0.0979,-0.0978,0.0000
7370,1001.1,409.6,90.8648,90.8648,90.9634,-0.0986,-0.0985,0.0000
7371,994.5,380.8,90.8586,90.8586,90.9571,-0.0985,-0.0984,0.0000
7372,959.7,407.9,90.8524,90.8524,90.9510,-0.0986,-0.0986,0.0000
7373,1032.0,399.4,90.8462,90.8462,90.9449,-0.0987,-0.0987,0.0000
7374,1002.4,388.1,90.8400,90.8400,90.9388,-0.0988,-0.0988,0.0000
7375,996.6,353.2,90.8338,90.8338,90.9323,-0.0985,-0.0984,0.0000
7376,1000.1,339.3,90.8276,90.8276,90.9262,-0.0986,-0.0986,0.0000
7377,1003.5,346.7,90.8214,90.8214,90.9201,-0.0987,-0.0987,0.0000
7378,996.3,355.9,90.8152,90.8152,90.9138,-0.0986,-0.0986,0.0000
7379,999.8,377.6,90.8090,90.8090,90.9073,-0.0983,-0.0983,0.0000
7380,999.9,372.1,90.8027,90.8028,90.9002,-0.0975,-0.0974,0.0000
7381,999.0,340.6,90.7965,90.7966,90.8937,-0.0972,-0.0972,0.0000
7382,1000.1,340.0,90.7903,90.7904,90.8874,-0.0971,-0.0970,0.0000
7383,999.9,346.4,90.7841,90.7841,90.8811,-0.0970,-0.0969,0.0000
7384,1000.0,512.1,90.7779,90.7779,90.8743,-0.0964,-0.0964,0.0000
7385,1002.8,382.4,90.7717,90.7717,90.8678,-0.0961,-0.0961,0.0000
7386,1016.7,447.1,90.7655,90.7655,90.8611,-0.0957,-0.0956,0.0000
7387,1021.9,346.7,90.7592,90.7593,90.8545,-0.0953,-0.0953,0.0000
7388,970.1,358.8,90.7530,90.7530,90.8482,-0.0952,-0.0951,0.0000
7389,999.2,340.6,90.7468,90.7468,90.8414,-0.0946,-0.0946,0.0000
7390,1010.4,316.8,90.7406,90.7406,90.8352,-0.0947,-0.0946,0.0000
7391,1005.7,345.3,90.7343,90.7344,90.8290,-0.0946,-0.0946,0.0000
7392,976.6,352.2,90.7281,90.7282,90.8220,-0.0939,-0.0938,0.0000
7393,999.7,351.8,90.7219,90.7219,90.8155,-0.0936,-0.0935,0.0000
7394,999.9,376.6,90.7157,90.7157,90.8091,-0.0935,-0.0934,0.0000
7395,1000.8,453.5,90.7094,90.7095,90.8029,-0.0935,-0.0935,0.0000
7396,999.4,487.1,90.7032,90.7032,90.7964,-0.0932,-0.0931,0.0000
7397,999.7,504.4,90.6970,90.6970,90.7902,-0.0932,-0.0932,0.0000
7398,999.6,518.2,90.6908,90.6908,90.7840,-0.0932,-0.0932,0.0000
7399,1000.5,405.9,90.6845,90.6845,90.7776,-0.0931,-0.0931,0.0000
7400,999.6,389.1,90.6783,90.6783,90.7709,-0.0926,-0.0926,0.0000
7401,1000.2,345.9,90.6721,90.6721,90.7648,-0.0927,-0.0927,0.0000
7402,999.8,350.9,90.6658,90.6658,90.7589,-0.0931,-0.0930,0.0000
7403,998.7,413.4,90.6596,90.6596,90.7532,-0.0936,-0.0936,0.0000
7404,1000.6,467.0,90.6533,90.6534,90.7470,-0.0937,-0.0936,0.0000
7405,985.9,355.0,90.6471,90.6471,90.7413,-0.0942,-0.0942,0.0000
7406,1036.4,344.0,90.6409,90.6409,90.7357,-0.0948,-0.0948,0.0000
7407,986.8,351.5,90.6346,90.6346,90.7289,-0.0942,-0.0942,0.0000
7408,999.1,355.8,90.6284,90.6284,90.7235,-0.0951,-0.0950,0.0000
7409,992.3,595.8,90.6221,90.6222,90.7185,-0.0964,-0.0963,0.0000
7410,999.9,350.5,90.6159,90.6159,90.7136,-0.0977,-0.0977,0.0000
7411,1000.6,333.4,90.6097,90.6097,90.7085,-0.0988,-0.0988,0.0000
7412,999.1,419.9,90.6034,90.6034,90.7034,-0.1000,-0.1000,0.0000
7413,999.8,370.3,90.5972,90.5972,90.6982,-0.1010,-0.1010,0.0000
7414,1004.5,358.7,90.5909,90.5909,90.6929,-0.1020,-0.1020,0.0000
7415,996.6,351.1,90.5847,90.5847,90.6877,-0.1030,-0.1030,0.0000
7416,1118.2,312.6,90.5784,90.5784,90.6818,-0.1034,-0.1034,0.0000
7417,881.9,391.8,90.5722,90.5722,90.6763,-0.1041,-0.1041,0.0000
7418,1003.7,370.3,90.5659,90.5659,90.6706,-0.1047,-0.1046,0.0000
7419,995.9,367.0,90.5597,90.5597,90.6649,-0.1052,-0.1052,0.0000
7420,1001.4,392.9,90.5534,90.5534,90.6585,-0.1051,-0.1051,0.0000
7421,998.9,394.1,90.5472,90.5472,90.6524,-0.1053,-0.1052,0.0000
7422,1009.0,418.8,90.5409,90.5409,90.6462,-0.1052,-0.1052,0.0000
7423,998.8,411.7,90.5347,90.5347,90.6462,-0.1115,-0.1115,0.0000
7424,996.5,379.8,90.5284,90.5284,90.6393,-0.1109,-0.1109,0.0000
7425,1000.1,396.4,90.5222,90.5222,90.6329,-0.1107,-0.1107,0.0000
7426,1001.1,421.5,90.5159,90.5159,90.6263,-0.1104,-0.1104,0.0000
7427,999.2,448.8,90.5096,90.5097,90.6196,-0.1099,-0.1099,0.0000
7428,1006.8,361.5,90.5034,90.5034,90.6120,-0.1087,-0.1086,0.0000
7429,994.6,354.2,90.4971,90.4971,90.6049,-0.1078,-0.1078,0.0000
7430,999.8,363.6,90.4909,90.4909,90.5979,-0.1070,-0.1070,0.0000
7431,1012.0,339.7,90.4846,90.4846,90.5910,-0.1063,-0.1063,0.0000
7432,972.1,744.4,90.4784,90.4784,90.5837,-0.1053,-0.1053,0.0000
7433,1016.0,361.6,90.4721,90.4721,90.5770,-0.1049,-0.1049,0.0000
7434,998.3,368.4,90.4658,90.4658,90.5704,-0.1046,-0.1046,0.0000
7435,1001.2,389.5,90.4596,90.4596,90.5636,-0.1041,-0.1041,0.0000
7436,1000.9,408.1,90.4533,90.4533,90.5562,-0.1029,-0.1029,0.0000
7437,1029.0,573.3,90.4470,90.4471,90.5490,-0.1020,-0.1020,0.0000
7438,974.0,363.2,90.4408,90.4408,90.5420,-0.1012,-0.1012,0.0000
7439,1012.3,342.0,90.4345,90.4345,90.5350,-0.1005,-0.1004,0.0000
7440,993.6,332.8,90.4283,90.4283,90.5276,-0.0994,-0.0994,0.0000
7441,998.5,340.8,90.4220,90.4220,90.5206,-0.0986,-0.0986,0.0000
7442,1001.8,423.3,90.4157,90.4157,90.5135,-0.0978,-0.0978,0.0000
7443,998.8,455.6,90.4095,90.4095,90.5064,-0.0969,-0.0969,0.0000
7444,1000.1,454.2,90.4032,90.4032,90.4988,-0.0956,-0.0956,0.0000
7445,998.9,588.3,90.3969,90.3969,90.4920,-0.0950,-0.0950,0.0000
7446,998.3,406.2,90.3907,90.3907,90.4854,-0.0947,-0.0947,0.0000
7447,999.6,353.3,90.3844,90.3844,90.4787,-0.0943,-0.0943,0.0000
7448,1208.6,333.6,90.3781,90.3781,90.4721,-0.0940,-0.0940,0.0000
7449,785.3,386.0,90.3718,90.3719,90.4651,-0.0933,-0.0933,0.0000
7450,965.6,454.6,90.3656,90.3656,90.4589,-0.0934,-0.0934,0.0000
7451,1047.5,362.6,90.3593,90.3593,90.4529,-0.0936,-0.0936,0.0000
7452,993.7,355.8,90.3530,90.3530,90.4472,-0.0941,-0.0941,0.0000
7453,983.7,392.8,90.3468,90.3468,90.4411,-0.0944,-0.0944,0.0000
7454,1010.6,387.9,90.3405,90.3405,90.4354,-0.0949,-0.0949,0.0000
7455,998.7,373.8,90.3342,90.3342,90.4296,-0.0953,-0.0953,0.0000
7456,968.1,622.4,90.3279,90.3279,90.4236,-0.0957,-0.0957,0.0000
7457,1032.2,380.1,90.3217,90.3217,90.4176,-0.0959,-0.0959,0.0000
7458,1002.5,378.2,90.3154,90.3154,90.4120,-0.0966,-0.0966,0.0000
7459,998.0,356.3,90.3091,90.3091,90.4063,-0.0972,-0.0972,0.0000
7460,1000.9,377.5,90.3028,90.3028,90.4006,-0.0977,-0.0977,0.0000
7461,1002.9,594.1,90.2966,90.2966,90.3944,-0.0978,-0.0978,0.0000
7462,999.2,355.5,90.2903,90.2903,90.3886,-0.0983,-0.0983,0.0000
7463,999.7,358.6,90.2840,90.2840,90.3827,-0.0987,-0.0987,0.0000
7464,1000.3,329.8,90.2777,90.2777,90.3768,-0.0991,-0.0991,0.0000
7465,999.6,385.2,90.2715,90.2715,90.3704,-0.0989,-0.0989,0.0000
7466,1004.7,366.7,90.2652,90.2652,90.3644,-0.0992,-0.0992,0.0000
7467,984.6,352.0,90.2589,90.2589,90.3584,-0.0995,-0.0995,0.0000
7468,1008.3,363.7,90.2526,90.2526,90.3523,-0.0996,-0.0996,0.0000
7469,998.4,383.3,90.2463,90.2464,90.3454,-0.0991,-0.0991,0.0000
7470,1002.0,852.6,90.2401,90.2401,90.3390,-0.0989,-0.0989,0.0000
7471,999.4,381.9,90.2338,90.2338,90.3325,-0.0987,-0.0987,0.0000
7472,999.8,363.0,90.2275,90.2275,90.3262,-0.0987,-0.0987,0.0000
7473,999.2,398.1,90.2212,90.2212,90.3196,-0.0984,-0.0984,0.0000
7474,1000.6,376.3,90.2150,90.2150,90.3136,-0.0986,-0.0986,0.0000
7475,1000.0,394.4,90.2087,90.2087,90.3074,-0.0987,-0.0987,0.0000
7476,999.2,381.1,90.2024,90.2024,90.3010,-0.0986,-0.0986,0.0000
7477,1007.5,421.7,90.1961,90.1961,90.2938,-0.0977,-0.0977,0.0000
7478,1001.8,385.5,90.1898,90.1898,90.2870,-0.0972,-0.0972,0.0000
7479,997.4,352.7,90.1836,90.1836,90.2805,-0.0969,-0.0969,0.0000
7480,1000.4,379.5,90.1773,90.1773,90.2741,-0.0968,-0.0968,0.0000
7481,999.9,416.8,90.1710,90.1710,90.2671,-0.0961,-0.0961,0.0000
7482,1001.0,377.7,90.1647,90.1647,90.2606,-0.0959,-0.0959,0.0000
7483,1001.0,421.6,90.1584,90.1584,90.2539,-0.0955,-0.0955,0.0000
7484,1002.1,362.5,90.1521,90.1521,90.2472,-0.0950,-0.0950,0.0000
7485,977.2,375.5,90.1459,90.1459,90.2398,-0.0939,-0.0939,0.0000
7486,1020.4,408.7,90.1396,90.1396,90.2331,-0.0935,-0.0935,0.0000
7487,1000.0,370.1,90.1333,90.1333,90.2266,-0.0933,-0.0933,0.0000
7488,1058.6,392.9,90.1270,90.1270,90.2200,-0.0930,-0.0930,0.0000
7489,938.1,367.9,90.1207,90.1207,90.2130,-0.0922,-0.0922,0.0000
7490,1009.2,379.3,90.1145,90.1145,90.2064,-0.0920,-0.0920,0.0000
7491,980.7,399.8,90.1082,90.1082,90.2000,-0.0919,-0.0919,0.0000
7492,977.2,406.9,90.1019,90.1019,90.1939,-0.0920,-0.0920,0.0000
7493,1034.1,379.6,90.0956,90.0956,90.1877,-0.0921,-0.0921,0.0000
7494,993.6,427.2,90.0893,90.0893,90.1822,-0.0929,-0.0929,0.0000
7495,999.5,435.2,90.0830,90.0830,90.1768,-0.0937,-0.0937,0.0000
7496,1000.1,354.3,90.0768,90.0768,90.1712,-0.0945,-0.0945,0.0000
7497,999.7,392.2,90.0705,90.0705,90.1655,-0.0951,-0.0951,0.0000
7498,1001.6,367.1,90.0642,90.0642,90.1593,-0.0951,-0.0951,0.0000
7499,998.4,346.9,90.0579,90.0579,90.1536,-0.0957,-0.0957,0.0000
7500,1002.2,341.4,90.0516,90.0516,90.1478,-0.0961,-0.0961,0.0000
7501,998.1,355.1,90.0453,90.0453,90.1419,-0.0966,-0.0966,0.0000
7502,1001.4,336.2,90.0391,90.0391,90.1358,-0.0968,-0.0968,0.0000
7503,1012.9,367.0,90.0328,90.0328,90.1301,-0.0973,-0.0973,0.0000
7504,1004.7,349.0,90.0265,90.0265,90.1242,-0.0977,-0.0977,0.0000
7505,983.4,366.6,90.0202,90.0202,90.1182,-0.0980,-0.0980,0.0000
7506,1006.7,382.9,90.0139,90.0139,90.1117,-0.0978,-0.0978,0.0000
7507,995.7,357.7,90.0076,90.0076,90.1059,-0.0982,-0.0982,0.0000
7508,1010.3,351.6,90.0014,90.0014,90.1001,-0.0987,-0.0987,0.0000
7509,965.7,364.8,89.9951,89.9951,90.0944,-0.0993,-0.0993,0.0000
7510,1013.5,387.0,89.9888,89.9888,90.0881,-0.0993,-0.0993,0.0000
7511,1010.9,402.3,89.9825,89.9825,90.0821,-0.0996,-0.0996,0.0000
7512,996.3,385.1,89.9762,89.9762,90.0761,-0.0999,-0.0999,0.0000
7513,999.9,425.2,89.9699,89.9699,90.0703,-0.1003,-0.1003,0.0000
7514,1000.2,414.2,89.9637,89.9637,90.0640,-0.1003,-0.1003,0.0000
7515,999.5,423.5,89.9574,89.9574,90.0583,-0.1009,-0.1009,0.0000
7516,1000.5,387.3,89.9511,89.9511,90.0527,-0.1016,-0.1016,0.0000
7517,1000.6,342.4,89.9448,89.9448,90.0469,-0.1021,-0.1021,0.0000
7518,998.9,437.4,89.9385,89.9385,90.0404,-0.1019,-0.1019,0.0000
7519,1000.0,451.1,89.9323,89.9323,90.0341,-0.1019,-0.1019,0.0000
7520,1000.4,434.1,89.9260,89.9260,90.0276,-0.1017,-0.1017,0.0000
7521,1001.4,368.6,89.9197,89.9197,90.0210,-0.1014,-0.1014,0.0000
7522,994.9,409.8,89.9134,89.9134,90.0140,-0.1005,-0.1005,0.0000
7523,997.4,383.2,89.9071,89.9071,90.0074,-0.1002,-0.1002,0.0000
7524,1005.8,384.1,89.9008,89.9008,90.0007,-0.0998,-0.0998,0.0000
7525,1321.9,316.7,89.8946,89.8946,89.9938,-0.0993,-0.0993,0.0000
7526,681.6,351.3,89.8883,89.8883,89.9863,-0.0980,-0.0980,0.0000
7527,1005.0,369.0,89.8820,89.8820,89.9791,-0.0971,-0.0971,0.0000
7528,998.1,431.2,89.8757,89.8757,89.9722,-0.0965,-0.0965,0.0000
7529,996.8,414.2,89.8694,89.8695,89.9654,-0.0959,-0.0959,0.0000
7530,997.3,434.9,89.8632,89.8632,89.9581,-0.0949,-0.0949,0.0000
7531,999.9,439.0,89.8569,89.8569,89.9513,-0.0944,-0.0944,0.0000
7532,997.8,414.8,89.8506,89.8506,89.9444,-0.0938,-0.0938,0.0000
7533,1002.9,441.1,89.8443,89.8443,89.9376,-0.0933,-0.0933,0.0000
7534,997.3,427.2,89.8381,89.8381,89.9306,-0.0925,-0.0925,0.0000
7535,999.7,415.5,89.8318,89.8318,89.9241,-0.0923,-0.0923,0.0000
7536,1000.3,431.2,89.8255,89.8255,89.9179,-0.0924,-0.0924,0.0000
7537,999.9,511.2,89.8192,89.8192,89.9118,-0.0925,-0.0925,0.0000
7538,988.6,398.2,89.8130,89.8130,89.9051,-0.0922,-0.0922,0.0000
7539,1013.3,362.4,89.8067,89.8067,89.8988,-0.0921,-0.0921,0.0000
7540,1304.9,381.6,89.8004,89.8004,89.8925,-0.0921,-0.0921,0.0000
7541,715.1,360.7,89.7941,89.7941,89.8864,-0.0922,-0.0922,0.0000
7542,986.7,402.4,89.7878,89.7879,89.8799,-0.0920,-0.0920,0.0000
7543,1001.6,385.9,89.7816,89.7816,89.8738,-0.0922,-0.0922,0.0000
7544,996.0,375.1,89.7753,89.7753,89.8677,-0.0924,-0.0924,0.0000
7545,998.5,397.6,89.7690,89.7690,89.8614,-0.0924,-0.0924,0.0000
7546,1000.2,365.6,89.7628,89.7628,89.8552,-0.0925,-0.0925,0.0000
7547,1002.8,382.6,89.7565,89.7565,89.8487,-0.0922,-0.0922,0.0000
7548,998.9,375.4,89.7502,89.7502,89.8428,-0.0925,-0.0925,0.0000
7549,1000.9,365.0,89.7439,89.7439,89.8368,-0.0929,-0.0929,0.0000
7550,1001.2,567.1,89.7377,89.7377,89.8308,-0.0931,-0.0931,0.0000
7551,1011.2,379.4,89.7314,89.7314,89.8242,-0.0928,-0.0928,0.0000
7552,990.9,351.2,89.7251,89.7251,89.8182,-0.0930,-0.0930,0.0000
7553,992.8,371.3,89.7189,89.7189,89.8122,-0.0934,-0.0934,0.0000
7554,999.4,372.5,89.7126,89.7126,89.8065,-0.0939,-0.0939,0.0000
7555,986.9,380.8,89.7063,89.7063,89.8011,-0.0948,-0.0948,0.0000
7556,1014.6,355.9,89.7001,89.7001,89.7955,-0.0954,-0.0954,0.0000
7557,1006.3,369.2,89.6938,89.6938,89.7902,-0.0964,-0.0964,0.0000
7558,993.8,364.6,89.6875,89.6875,89.7848,-0.0972,-0.0972,0.0000
7559,997.7,351.8,89.6813,89.6813,89.7786,-0.0974,-0.0974,0.0000
7560,1000.3,364.1,89.6750,89.6750,89.7729,-0.0979,-0.0979,0.0000
7561,999.2,359.0,89.6687,89.6687,89.7672,-0.0985,-0.0985,0.0000
7562,1001.6,352.7,89.6625,89.6625,89.7615,-0.0991,-0.0991,0.0000
7563,1002.0,366.9,89.6562,89.6562,89.7555,-0.0993,-0.0993,0.0000
7564,999.8,351.4,89.6499,89.6499,89.7499,-0.0999,-0.0999,0.0000
7565,998.2,362.8,89.6437,89.6437,89.7440,-0.1003,-0.1003,0.0000
7566,1002.3,459.4,89.6374,89.6374,89.7378,-0.1004,-0.1004,0.0000
7567,1002.1,348.5,89.6311,89.6312,89.7310,-0.0999,-0.0999,0.0000
7568,1044.3,363.9,89.6249,89.6249,89.7246,-0.0998,-0.0997,0.0000
7569,953.3,400.1,89.6186,89.6186,89.7181,-0.0995,-0.0995,0.0000
7570,1000.4,406.2,89.6124,89.6124,89.7116,-0.0992,-0.0992,0.0000
7571,1009.5,396.5,89.6061,89.6061,89.7047,-0.0986,-0.0986,0.0000
7572,990.6,393.2,89.5998,89.5999,89.6984,-0.0986,-0.0986,0.0000
7573,1360.2,338.5,89.5936,89.5936,89.6922,-0.0986,-0.0985,0.0000
7574,650.2,356.8,89.5873,89.5873,89.6858,-0.0985,-0.0985,0.0000
7575,977.3,398.8,89.5811,89.5811,89.6791,-0.0980,-0.0980,0.0000
7576,1013.7,361.2,89.5748,89.5748,89.6729,-0.0981,-0.0981,0.0000
7577,996.0,356.0,89.5686,89.5686,89.6670,-0.0985,-0.0984,0.0000
7578,1001.8,397.7,89.5623,89.5623,89.6612,-0.0989,-0.0989,0.0000
7579,998.1,382.7,89.5561,89.5561,89.6549,-0.0988,-0.0988,0.0000
7580,1000.7,393.9,89.5498,89.5498,89.6488,-0.0990,-0.0989,0.0000
7581,996.6,365.4,89.5436,89.5436,89.6426,-0.0990,-0.0990,0.0000
7582,1003.4,328.9,89.5373,89.5373,89.6363,-0.0990,-0.0990,0.0000
7583,999.6,357.1,89.5311,89.5311,89.6299,-0.0988,-0.0988,0.0000
7584,1000.9,335.9,89.5248,89.5248,89.6221,-0.0972,-0.0972,0.0000
7585,999.8,351.0,89.5186,89.5186,89.6157,-0.0971,-0.0971,0.0000
7586,1002.7,375.0,89.5123,89.5123,89.6092,-0.0969,-0.0969,0.0000
7587,1006.0,356.1,89.5061,89.5061,89.6023,-0.0962,-0.0962,0.0000
7588,1007.7,365.2,89.4998,89.4998,89.5958,-0.0960,-0.0959,0.0000
7589,984.3,399.9,89.4936,89.4936,89.5893,-0.0957,-0.0957,0.0000
7590,1003.1,370.6,89.4873,89.4874,89.5829,-0.0955,-0.0955,0.0000
7591,999.8,365.2,89.4811,89.4811,89.5759,-0.0948,-0.0948,0.0000
7592,1012.6,373.9,89.4749,89.4749,89.5694,-0.0946,-0.0945,0.0000
7593,984.3,402.2,89.4686,89.4686,89.5630,-0.0944,-0.0944,0.0000
7594,1002.8,379.2,89.4624,89.4624,89.5568,-0.0944,-0.0944,0.0000
7595,995.2,382.4,89.4561,89.4562,89.5502,-0.0941,-0.0941,0.0000
7596,999.1,379.4,89.4499,89.4499,89.5443,-0.0944,-0.0944,0.0000
7597,998.2,377.3,89.4437,89.4437,89.5384,-0.0948,-0.0948,0.0000
7598,1001.2,438.6,89.4374,89.4374,89.5327,-0.0952,-0.0952,0.0000
7599,1002.2,407.2,89.4312,89.4312,89.5268,-0.0956,-0.0956,0.0000
7600,997.6,370.7,89.4250,89.4250,89.5205,-0.0955,-0.0955,0.0000
7601,999.8,362.7,89.4187,89.4187,89.5145,-0.0957,-0.0957,0.0000
7602,999.2,371.2,89.4125,89.4125,89.5082,-0.0958,-0.0957,0.0000
7603,1005.1,385.4,89.4063,89.4063,89.5025,-0.0962,-0.0962,0.0000
7604,997.9,371.2,89.4000,89.4001,89.5025,-0.1024,-0.1024,0.0000
7605,1001.9,373.7,89.3938,89.3938,89.4963,-0.1025,-0.1025,0.0000
7606,1012.9,435.8,89.3876,89.3876,89.4909,-0.1033,-0.1033,0.0000
7607,984.4,407.4,89.3813,89.3814,89.4849,-0.1036,-0.1035,0.0000
7608,1003.5,394.1,89.3751,89.3751,89.4784,-0.1033,-0.1033,0.0000
7609,1000.4,366.2,89.3689,89.3689,89.4716,-0.1027,-0.1027,0.0000
7610,998.6,418.0,89.3627,89.3627,89.4652,-0.1026,-0.1025,0.0000
7611,1000.4,373.3,89.3564,89.3565,89.4590,-0.1025,-0.1025,0.0000
7612,1001.4,365.2,89.3502,89.3503,89.4522,-0.1019,-0.1019,0.0000
7613,1002.6,405.2,89.3440,89.3440,89.4458,-0.1018,-0.1017,0.0000
7614,1005.6,370.5,89.3378,89.3378,89.4392,-0.1015,-0.1014,0.0000
7615,993.9,1315.3,89.3316,89.3316,89.4326,-0.1011,-0.1010,0.0000
7616,1326.5,332.5,89.3253,89.3254,89.4256,-0.1003,-0.1002,0.0000
7617,669.7,359.5,89.3191,89.3192,89.4192,-0.1001,-0.1001,0.0000
7618,997.8,407.5,89.3129,89.3130,89.4130,-0.1001,-0.1000,0.0000
7619,998.0,455.1,89.3067,89.3067,89.4069,-0.1002,-0.1001,0.0000
7620,1000.7,447.1,89.3005,89.3005,89.4002,-0.0997,-0.0997,0.0000
7621,1000.5,382.2,89.2943,89.2943,89.3938,-0.0996,-0.0995,0.0000
7622,998.7,394.0,89.2881,89.2881,89.3875,-0.0994,-0.0994,0.0000
7623,1000.3,398.2,89.2819,89.2819,89.3810,-0.0991,-0.0991,0.0000
7624,1000.3,369.1,89.2757,89.2757,89.3740,-0.0983,-0.0983,0.0000
7625,1002.8,388.0,89.2694,89.2695,89.3675,-0.0980,-0.0980,0.0000
7626,1009.3,339.8,89.2632,89.2633,89.3609,-0.0976,-0.0976,0.0000
7627,989.3,346.5,89.2570,89.2571,89.3542,-0.0972,-0.0971,0.0000
7628,1001.4,371.6,89.2508,89.2509,89.3470,-0.0961,-0.0961,0.0000
7629,1077.9,375.7,89.2446,89.2447,89.3401,-0.0955,-0.0954,0.0000
7630,934.2,363.1,89.2384,89.2385,89.3334,-0.0950,-0.0949,0.0000
7631,994.0,386.9,89.2322,89.2323,89.3267,-0.0945,-0.0945,0.0000
7632,992.3,358.9,89.2260,89.2261,89.3201,-0.0941,-0.0940,0.0000
7633,1002.1,364.2,89.2198,89.2199,89.3127,-0.0929,-0.0929,0.0000
7634,999.1,356.5,89.2136,89.2137,89.3060,-0.0923,-0.0923,0.0000
7635,998.2,349.5,89.2075,89.2075,89.2994,-0.0919,-0.0919,0.0000
7636,999.3,394.4,89.2013,89.2013,89.2926,-0.0913,-0.0913,0.0000
7637,1000.2,415.4,89.1951,89.1951,89.2865,-0.0915,-0.0914,0.0000
7638,1001.7,353.6,89.1889,89.1889,89.2807,-0.0919,-0.0918,0.0000
7639,998.8,349.3,89.1827,89.1827,89.2749,-0.0922,-0.0922,0.0000
7640,999.3,409.5,89.1765,89.1766,89.2685,-0.0920,-0.0919,0.0000
7641,998.5,398.8,89.1703,89.1704,89.2624,-0.0921,-0.0921,0.0000
7642,1000.4,371.7,89.1641,89.1642,89.2563,-0.0922,-0.0921,0.0001
7643,1001.6,791.1,89.1580,89.1580,89.2503,-0.0923,-0.0923,0.0001
7644,1008.3,393.1,89.1518,89.1518,89.2439,-0.0921,-0.0921,0.0001
7645,989.0,432.7,89.1456,89.1456,89.2380,-0.0924,-0.0923,0.0001
7646,1006.4,395.2,89.1394,89.1395,89.2320,-0.0926,-0.0925,0.0001
7647,999.3,423.8,89.1332,89.1333,89.2260,-0.0927,-0.0927,0.0001
7648,1001.3,362.2,89.1271,89.1271,89.2194,-0.0924,-0.0923,0.0001
7649,999.2,410.5,89.1209,89.1209,89.2133,-0.0924,-0.0924,0.0001
7650,999.3,359.0,89.1147,89.1148,89.2074,-0.0927,-0.0927,0.0001
7651,997.7,457.2,89.1085,89.1086,89.2017,-0.0931,-0.0931,0.0001
7652,1002.4,373.8,89.1024,89.1024,89.1956,-0.0932,-0.0932,0.0001
7653,1007.1,384.2,89.0962,89.0963,89.1902,-0.0940,-0.0939,0.0001
7654,956.4,2758.5,89.0900,89.0901,89.1847,-0.0947,-0.0946,0.0001
7655,2778.4,389.8,89.0839,89.0839,89.1676,-0.0837,-0.0837,0.0001
7656,395.9,294.8,89.0777,89.0778,89.1676,-0.0899,-0.0898,0.0001
7657,300.1,331.9,89.0715,89.0716,89.1676,-0.0960,-0.0960,0.0001
7658,557.1,402.7,89.0654,89.0654,89.1623,-0.0969,-0.0969,0.0001
7659,1016.1,356.4,89.0592,89.0593,89.1570,-0.0977,-0.0977,0.0001
7660,984.1,378.7,89.0531,89.0531,89.1512,-0.0981,-0.0981,0.0001
7661,1021.9,417.6,89.0469,89.0470,89.1458,-0.0989,-0.0989,0.0001
7662,980.5,367.7,89.0408,89.0408,89.1403,-0.0995,-0.0995,0.0001
7663,999.7,411.1,89.0346,89.0347,89.1345,-0.0999,-0.0998,0.0001
7664,999.7,407.3,89.0285,89.0285,89.1282,-0.0997,-0.0997,0.0001
7665,1002.1,370.2,89.0223,89.0224,89.1221,-0.0998,-0.0997,0.0001
7666,3667.2,398.7,89.0162,89.0162,89.0963,-0.0801,-0.0801,0.0001
7667,406.5,2652.7,89.0100,89.0101,89.0963,-0.0863,-0.0862,0.0001
7668,2674.4,1890.7,89.0039,89.0039,89.0768,-0.0729,-0.0728,0.0001
7669,1900.3,336.1,88.9977,88.9978,89.0648,-0.0671,-0.0670,0.0001
7670,338.2,348.4,88.9916,88.9917,89.0648,-0.0732,-0.0731,0.0001
7671,350.5,311.7,88.9854,88.9855,89.0648,-0.0793,-0.0793,0.0001
7672,314.9,260.3,88.9793,88.9794,89.0585,-0.0792,-0.0791,0.0001
7673,262.7,419.6,88.9732,88.9732,89.0585,-0.0853,-0.0852,0.0001
7674,422.9,217.0,88.9670,88.9671,89.0585,-0.0914,-0.0914,0.0001
7675,219.1,289.4,88.9609,88.9610,89.0585,-0.0976,-0.0975,0.0001
7676,442.3,334.2,88.9548,88.9548,89.0527,-0.0980,-0.0979,0.0001
7677,993.5,345.6,88.9486,88.9487,89.0473,-0.0987,-0.0986,0.0001
7678,999.2,343.9,88.9425,88.9426,89.0420,-0.0995,-0.0994,0.0001
7679,998.4,332.5,88.9364,88.9365,89.0369,-0.1005,-0.1004,0.0001
7680,1000.0,337.6,88.9303,88.9303,89.0308,-0.1006,-0.1005,0.0001
7681,1000.5,345.5,88.9241,88.9242,89.0245,-0.1003,-0.1002,0.0001
7682,1010.5,2077.1,88.9180,88.9181,89.0175,-0.0995,-0.0994,0.0001
7683,2088.1,372.8,88.9119,88.9120,89.0029,-0.0910,-0.0909,0.0001
7684,375.9,271.2,88.9058,88.9059,89.0029,-0.0971,-0.0970,0.0001
7685,533.3,340.2,88.8997,88.8998,88.9961,-0.0964,-0.0963,0.0001
7686,999.1,337.7,88.8936,88.8936,88.9896,-0.0960,-0.0959,0.0001
7687,974.5,375.6,88.8874,88.8875,88.9831,-0.0956,-0.0956,0.0001
7688,1016.5,355.0,88.8813,88.8814,88.9761,-0.0948,-0.0947,0.0001
7689,1000.9,336.7,88.8752,88.8753,88.9696,-0.0943,-0.0942,0.0001
7690,1006.1,355.5,88.8691,88.8692,88.9630,-0.0938,-0.0938,0.0001
7691,995.9,366.7,88.8630,88.8631,88.9565,-0.0935,-0.0934,0.0001
7692,1000.7,361.9,88.8569,88.8570,88.9495,-0.0926,-0.0925,0.0001
7693,999.4,375.6,88.8508,88.8509,88.9432,-0.0924,-0.0923,0.0001
7694,997.4,386.0,88.8447,88.8448,88.9370,-0.0923,-0.0922,0.0001
7695,1000.5,378.3,88.8386,88.8387,88.9309,-0.0922,-0.0922,0.0001
7696,1000.6,381.9,88.8325,88.8326,88.9245,-0.0920,-0.0919,0.0001
7697,1000.0,328.5,88.8264,88.8265,88.9188,-0.0924,-0.0923,0.0001
7698,999.4,374.9,88.8203,88.8204,88.9134,-0.0931,-0.0930,0.0001
7699,1000.0,373.2,88.8143,88.8144,88.9082,-0.0940,-0.0939,0.0001
7700,1000.0,358.1,88.8082,88.8083,88.9027,-0.0945,-0.0944,0.0001
7701,999.9,375.9,88.8021,88.8022,88.8975,-0.0954,-0.0953,0.0001
7702,1000.3,349.5,88.7960,88.7961,88.8922,-0.0962,-0.0961,0.0001
7703,1000.1,340.7,88.7899,88.7900,88.8869,-0.0970,-0.0969,0.0001
7704,999.8,375.1,88.7838,88.7839,88.8811,-0.0972,-0.0971,0.0001
7705,999.8,353.6,88.7778,88.7779,88.8755,-0.0977,-0.0976,0.0001
7706,999.6,370.4,88.7717,88.7718,88.8699,-0.0982,-0.0981,0.0001
7707,1015.0,386.8,88.7656,88.7657,88.8642,-0.0986,-0.0985,0.0001
7708,994.5,397.1,88.7595,88.7597,88.8584,-0.0988,-0.0987,0.0001
7709,1001.4,340.3,88.7535,88.7536,88.8519,-0.0985,-0.0984,0.0001
7710,997.4,351.9,88.7474,88.7475,88.8458,-0.0984,-0.0983,0.0001
7711,999.8,415.3,88.7413,88.7415,88.8395,-0.0981,-0.0980,0.0001
7712,1007.0,385.1,88.7353,88.7354,88.8326,-0.0974,-0.0973,0.0001
7713,996.1,384.0,88.7292,88.7293,88.8263,-0.0971,-0.0970,0.0001
7714,999.7,418.2,88.7232,88.7233,88.8199,-0.0968,-0.0967,0.0001
7715,999.8,357.9,88.7171,88.7172,88.8135,-0.0964,-0.0962,0.0001
7716,999.5,414.9,88.7111,88.7112,88.8068,-0.0958,-0.0956,0.0001
7717,1000.9,382.5,88.7050,88.7051,88.7997,-0.0947,-0.0946,0.0001
7718,997.8,391.5,88.6990,88.6991,88.7933,-0.0943,-0.0942,0.0001
7719,1002.3,435.9,88.6929,88.6930,88.7869,-0.0940,-0.0939,0.0001
7720,998.8,438.1,88.6869,88.6870,88.7806,-0.0937,-0.0936,0.0001
7721,1000.3,417.0,88.6808,88.6809,88.7744,-0.0936,-0.0934,0.0001
7722,1003.2,422.8,88.6748,88.6749,88.7675,-0.0927,-0.0926,0.0001
7723,997.9,418.5,88.6687,88.6689,88.7610,-0.0922,-0.0921,0.0001
7724,1000.4,364.0,88.6627,88.6628,88.7543,-0.0916,-0.0915,0.0001
7725,999.5,382.5,88.6567,88.6568,88.7477,-0.0910,-0.0909,0.0001
7726,1000.0,411.9,88.6506,88.6508,88.7406,-0.0900,-0.0898,0.0001
7727,998.3,417.8,88.6446,88.6447,88.7340,-0.0894,-0.0893,0.0001
7728,1000.2,423.4,88.6386,88.6387,88.7274,-0.0888,-0.0887,0.0001
7729,999.4,412.1,88.6325,88.6327,88.7207,-0.0882,-0.0881,0.0001
7730,1001.1,399.4,88.6265,88.6267,88.7137,-0.0872,-0.0871,0.0001
7731,999.2,428.0,88.6205,88.6206,88.7073,-0.0868,-0.0866,0.0001
7732,1000.4,368.0,88.6145,88.6146,88.7011,-0.0866,-0.0865,0.0001
7733,999.1,382.1,88.6085,88.6086,88.6953,-0.0868,-0.0867,0.0001
7734,1001.5,411.6,88.6025,88.6026,88.6890,-0.0865,-0.0864,0.0001
7735,1000.3,373.2,88.5964,88.5966,88.6831,-0.0867,-0.0866,0.0001
7736,1000.6,362.4,88.5904,88.5906,88.6775,-0.0870,-0.0869,0.0001
7737,1000.1,368.8,88.5844,88.5846,88.6719,-0.0874,-0.0873,0.0001
7738,1002.1,366.3,88.5784,88.5786,88.6661,-0.0877,-0.0875,0.0001
7739,997.0,406.2,88.5724,88.5726,88.6610,-0.0885,-0.0884,0.0001
7740,999.2,419.1,88.5664,88.5666,88.6560,-0.0896,-0.0894,0.0001
7741,1001.3,363.5,88.5604,88.5606,88.6510,-0.0906,-0.0905,0.0001
7742,1002.0,364.5,88.5544,88.5546,88.6455,-0.0911,-0.0910,0.0001
7743,997.7,445.2,88.5484,88.5486,88.6404,-0.0919,-0.0918,0.0001
7744,1000.3,440.4,88.5424,88.5426,88.6351,-0.0926,-0.0925,0.0001
7745,999.5,453.2,88.5364,88.5366,88.6299,-0.0935,-0.0934,0.0001
7746,1001.4,446.8,88.5305,88.5306,88.6244,-0.0940,-0.0938,0.0001
7747,999.7,435.8,88.5245,88.5246,88.6193,-0.0948,-0.0947,0.0002
7748,997.1,460.3,88.5185,88.5186,88.6142,-0.0957,-0.0955,0.0002
7749,999.9,471.4,88.5125,88.5127,88.6089,-0.0964,-0.0962,0.0002
7750,1000.2,381.3,88.5065,88.5067,88.6031,-0.0965,-0.0964,0.0002
7751,1001.8,428.1,88.5006,88.5007,88.5976,-0.0971,-0.0969,0.0002
7752,996.3,434.9,88.4946,88.4947,88.5919,-0.0974,-0.0972,0.0002
7753,999.6,424.7,88.4886,88.4888,88.5862,-0.0976,-0.0975,0.0002
7754,999.7,418.8,88.4827,88.4828,88.5801,-0.0974,-0.0973,0.0002
7755,1003.0,400.5,88.4767,88.4768,88.5743,-0.0976,-0.0974,0.0002
7756,997.8,392.0,88.4707,88.4709,88.5684,-0.0976,-0.0975,0.0002
7757,999.4,453.5,88.4648,88.4649,88.5623,-0.0975,-0.0974,0.0002
7758,1000.8,433.3,88.4588,88.4590,88.5546,-0.0957,-0.0956,0.0002
7759,1001.3,407.7,88.4529,88.4530,88.5483,-0.0954,-0.0953,0.0002
7760,999.8,402.5,88.4469,88.4471,88.5430,-0.0961,-0.0959,0.0002
7761,999.4,417.8,88.4410,88.4411,88.5360,-0.0950,-0.0949,0.0002
7762,1000.1,410.2,88.4350,88.4352,88.5295,-0.0945,-0.0943,0.0002
7763,1000.6,422.3,88.4291,88.4292,88.5234,-0.0944,-0.0942,0.0002
7764,999.7,421.2,88.4231,88.4233,88.5172,-0.0941,-0.0939,0.0002
7765,999.6,404.6,88.4172,88.4174,88.5108,-0.0936,-0.0934,0.0002
7766,1000.2,373.1,88.4112,88.4114,88.5038,-0.0926,-0.0924,0.0002
7767,999.7,366.8,88.4053,88.4055,88.4974,-0.0921,-0.0919,0.0002
7768,1000.0,366.1,88.3994,88.3996,88.4910,-0.0916,-0.0915,0.0002
7769,1000.2,439.9,88.3934,88.3936,88.4847,-0.0912,-0.0911,0.0002
7770,998.7,447.1,88.3875,88.3877,88.4777,-0.0902,-0.0900,0.0002
7771,999.4,412.4,88.3816,88.3818,88.4711,-0.0895,-0.0893,0.0002
7772,1000.1,425.3,88.3757,88.3759,88.4644,-0.0887,-0.0885,0.0002
7773,1000.4,396.0,88.3698,88.3699,88.4578,-0.0880,-0.0878,0.0002
7774,1000.6,415.9,88.3638,88.3640,88.4506,-0.0867,-0.0865,0.0002
7775,999.8,408.3,88.3579,88.3581,88.4506,-0.0926,-0.0924,0.0002
7776,999.7,373.8,88.3520,88.3522,88.4440,-0.0920,-0.0918,0.0002
7777,1000.2,409.1,88.3461,88.3463,88.4377,-0.0916,-0.0914,0.0002
7778,1001.0,417.4,88.3402,88.3404,88.4313,-0.0911,-0.0909,0.0002
7779,998.1,415.2,88.3343,88.3345,88.4244,-0.0901,-0.0899,0.0002
7780,1001.9,470.4,88.3284,88.3286,88.4180,-0.0896,-0.0894,0.0002
7781,999.5,406.7,88.3225,88.3227,88.4118,-0.0893,-0.0891,0.0002
7782,1001.5,419.1,88.3166,88.3168,88.4060,-0.0894,-0.0892,0.0002
7783,999.5,394.1,88.3107,88.3109,88.3999,-0.0891,-0.0890,0.0002
7784,1008.3,413.6,88.3048,88.3050,88.3940,-0.0892,-0.0890,0.0002
7785,992.8,428.8,88.2989,88.2991,88.3883,-0.0894,-0.0892,0.0002
7786,999.5,410.1,88.2931,88.2933,88.3825,-0.0895,-0.0893,0.0002
7787,999.2,421.5,88.2872,88.2874,88.3763,-0.0891,-0.0889,0.0002
7788,1000.9,378.0,88.2813,88.2815,88.3706,-0.0892,-0.0890,0.0002
7789,998.7,377.0,88.2754,88.2756,88.3648,-0.0893,-0.0891,0.0002
7790,1001.0,374.1,88.2696,88.2698,88.3590,-0.0894,-0.0892,0.0002
7791,997.1,417.4,88.2637,88.2639,88.3528,-0.0891,-0.0889,0.0002
7792,1001.0,378.7,88.2578,88.2580,88.3471,-0.0892,-0.0890,0.0002
7793,999.5,427.8,88.2520,88.2522,88.3412,-0.0892,-0.0890,0.0002
7794,999.7,417.3,88.2461,88.2463,88.3354,-0.0893,-0.0891,0.0002
7795,1000.2,451.2,88.2402,88.2405,88.3293,-0.0891,-0.0889,0.0002
7796,1000.4,417.8,88.2344,88.2346,88.3237,-0.0893,-0.0891,0.0002
7797,1004.3,436.9,88.2285,88.2288,88.3182,-0.0896,-0.0894,0.0002
7798,997.0,448.4,88.2227,88.2229,88.3126,-0.0899,-0.0897,0.0002
7799,999.0,440.8,88.2168,88.2171,88.3066,-0.0898,-0.0895,0.0002
7800,1000.3,436.9,88.2110,88.2112,88.3010,-0.0900,-0.0898,0.0002
7801,1000.2,431.3,88.2052,88.2054,88.2953,-0.0902,-0.0900,0.0002
7802,1001.1,436.1,88.1993,88.1995,88.2899,-0.0906,-0.0903,0.0002
7803,1001.7,393.4,88.1935,88.1937,88.2843,-0.0908,-0.0906,0.0002
7804,1005.3,436.3,88.1877,88.1879,88.2790,-0.0913,-0.0911,0.0002
7805,3726.0,637.3,88.1818,88.1821,88.2557,-0.0739,-0.0737,0.0002
7806,645.6,866.2,88.1760,88.1762,88.2557,-0.0797,-0.0795,0.0002
7807,872.1,301.5,88.1702,88.1704,88.2498,-0.0796,-0.0794,0.0002
7808,305.2,677.7,88.1644,88.1646,88.2498,-0.0855,-0.0852,0.0002
7809,683.4,297.5,88.1585,88.1588,88.2440,-0.0855,-0.0853,0.0002
7810,302.3,319.8,88.1527,88.1530,88.2440,-0.0913,-0.0911,0.0002
7811,460.6,367.1,88.1469,88.1472,88.2380,-0.0911,-0.0909,0.0002
7812,972.3,442.5,88.1411,88.1413,88.2325,-0.0914,-0.0912,0.0002
7813,1032.4,3729.4,88.1353,88.1355,88.2271,-0.0918,-0.0915,0.0002
7814,3737.2,589.9,88.1295,88.1297,88.2026,-0.0731,-0.0729,0.0002
7815,595.3,341.3,88.1237,88.1239,88.2026,-0.0789,-0.0787,0.0002
7816,346.9,298.9,88.1179,88.1181,88.1964,-0.0785,-0.0783,0.0002
7817,303.8,382.6,88.1121,88.1124,88.1964,-0.0843,-0.0840,0.0002
7818,387.5,294.7,88.1063,88.1066,88.1964,-0.0901,-0.0898,0.0002
7819,624.1,417.4,88.1005,88.1008,88.1898,-0.0893,-0.0890,0.0002
7820,959.4,462.1,88.0948,88.0950,88.1838,-0.0891,-0.0888,0.0003
7821,3323.4,418.1,88.0890,88.0892,88.1667,-0.0777,-0.0775,0.0003
7822,427.3,268.1,88.0832,88.0834,88.1610,-0.0778,-0.0776,0.0003
7823,272.0,373.2,88.0774,88.0777,88.1610,-0.0836,-0.0834,0.0003
7824,377.0,247.7,88.0716,88.0719,88.1610,-0.0894,-0.0891,0.0003
7825,643.6,375.6,88.0659,88.0661,88.1551,-0.0892,-0.0890,0.0003
7826,997.3,391.1,88.0601,88.0604,88.1493,-0.0891,-0.0889,0.0003
7827,1000.4,365.7,88.0544,88.0546,88.1432,-0.0888,-0.0886,0.0003
7828,1001.8,3749.0,88.0486,88.0489,88.1379,-0.0893,-0.0890,0.0003
7829,3755.6,615.8,88.0428,88.0431,88.1146,-0.0717,-0.0715,0.0003
7830,620.8,562.7,88.0371,88.0374,88.1146,-0.0775,-0.0772,0.0003
7831,568.0,432.2,88.0313,88.0316,88.1088,-0.0774,-0.0771,0.0003
7832,437.1,289.6,88.0256,88.0259,88.1088,-0.0832,-0.0829,0.0003
7833,294.5,272.5,88.0199,88.0201,88.1030,-0.0831,-0.0829,0.0003
7834,277.5,503.4,88.0141,88.0144,88.1030,-0.0889,-0.0886,0.0003
7835,1054.6,414.2,88.0084,88.0086,88.0968,-0.0884,-0.0882,0.0003
7836,999.4,406.7,88.0026,88.0029,88.0914,-0.0888,-0.0885,0.0003
7837,991.4,420.8,87.9969,87.9972,88.0862,-0.0893,-0.0891,0.0003
7838,1003.3,393.2,87.9912,87.9915,88.0811,-0.0899,-0.0897,0.0003
7839,986.9,381.0,87.9855,87.9857,88.0753,-0.0898,-0.0895,0.0003
7840,998.3,379.1,87.9797,87.9800,88.0696,-0.0899,-0.0896,0.0003
7841,1000.2,364.8,87.9740,87.9743,88.0638,-0.0898,-0.0895,0.0003
7842,999.9,380.0,87.9683,87.9686,88.0580,-0.0896,-0.0894,0.0003
7843,1004.0,386.4,87.9626,87.9629,88.0517,-0.0891,-0.0888,0.0003
7844,997.9,426.7,87.9569,87.9572,88.0462,-0.0893,-0.0890,0.0003
7845,1008.2,375.5,87.9512,87.9515,88.0408,-0.0896,-0.0894,0.0003
7846,990.6,416.4,87.9455,87.9458,88.0357,-0.0902,-0.0899,0.0003
7847,1000.1,387.1,87.9398,87.9401,88.0302,-0.0904,-0.0901,0.0003
7848,999.7,380.3,87.9341,87.9344,88.0253,-0.0912,-0.0909,0.0003
7849,999.8,401.3,87.9284,87.9287,88.0202,-0.0918,-0.0915,0.0003
7850,1000.9,409.5,87.9227,87.9230,88.0151,-0.0924,-0.0921,0.0003
7851,999.2,398.3,87.9170,87.9173,88.0092,-0.0922,-0.0919,0.0003
7852,1003.8,422.2,87.9114,87.9117,88.0037,-0.0924,-0.0921,0.0003
7853,999.6,369.8,87.9057,87.9060,87.9982,-0.0925,-0.0922,0.0003
7854,997.8,363.5,87.9000,87.9003,87.9926,-0.0926,-0.0923,0.0003
7855,1002.0,473.2,87.8943,87.8946,87.9867,-0.0924,-0.0921,0.0003
7856,1001.0,388.3,87.8887,87.8890,87.9813,-0.0926,-0.0923,0.0003
7857,1001.5,358.1,87.8830,87.8833,87.9756,-0.0926,-0.0923,0.0003
7858,995.8,380.3,87.8774,87.8777,87.9697,-0.0924,-0.0920,0.0003
7859,1001.8,361.3,87.8717,87.8720,87.9632,-0.0915,-0.0912,0.0003
7860,998.2,372.1,87.8660,87.8664,87.9568,-0.0908,-0.0905,0.0003
7861,1001.7,374.0,87.8604,87.8607,87.9505,-0.0901,-0.0898,0.0003
7862,996.6,379.3,87.8547,87.8551,87.9443,-0.0896,-0.0892,0.0003
7863,999.9,373.0,87.8491,87.8494,87.9378,-0.0887,-0.0884,0.0003
7864,999.8,404.0,87.8435,87.8438,87.9318,-0.0884,-0.0880,0.0003
7865,999.6,397.9,87.8378,87.8382,87.9257,-0.0879,-0.0876,0.0003
7866,1000.6,396.8,87.8322,87.8325,87.9196,-0.0874,-0.0870,0.0003
7867,1000.0,381.0,87.8266,87.8269,87.9129,-0.0863,-0.0860,0.0003
7868,999.5,387.3,87.8209,87.8213,87.9069,-0.0860,-0.0856,0.0003
7869,1000.5,432.3,87.8153,87.8157,87.9012,-0.0859,-0.0855,0.0003
7870,999.9,446.6,87.8097,87.8100,87.8956,-0.0859,-0.0855,0.0003
7871,1000.1,416.0,87.8041,87.8044,87.8896,-0.0855,-0.0852,0.0003
7872,1000.5,407.1,87.7985,87.7988,87.8839,-0.0854,-0.0850,0.0003
7873,1000.2,414.6,87.7929,87.7932,87.8781,-0.0852,-0.0849,0.0003
7874,999.8,400.8,87.7873,87.7876,87.8723,-0.0850,-0.0847,0.0003
7875,1000.2,406.4,87.7817,87.7820,87.8658,-0.0842,-0.0838,0.0003
7876,1002.9,483.1,87.7761,87.7764,87.8598,-0.0838,-0.0834,0.0003
7877,1009.0,391.0,87.7705,87.7708,87.8540,-0.0835,-0.0832,0.0003
7878,998.8,352.3,87.7649,87.7652,87.8482,-0.0833,-0.0829,0.0003
7879,991.4,415.5,87.7593,87.7597,87.8422,-0.0829,-0.0825,0.0003
7880,999.4,389.4,87.7537,87.7541,87.8356,-0.0819,-0.0816,0.0004
7881,999.2,366.0,87.7481,87.7485,87.8295,-0.0814,-0.0810,0.0004
7882,999.0,388.6,87.7426,87.7429,87.8235,-0.0810,-0.0806,0.0004
7883,1003.3,420.0,87.7370,87.7374,87.8173,-0.0803,-0.0799,0.0004
7884,997.5,414.0,87.7314,87.7318,87.8115,-0.0801,-0.0798,0.0004
7885,999.9,426.4,87.7259,87.7262,87.8059,-0.0801,-0.0797,0.0004
7886,999.9,369.8,87.7203,87.7207,87.8002,-0.0799,-0.0795,0.0004
7887,1000.5,421.4,87.7147,87.7151,87.7940,-0.0793,-0.0789,0.0004
7888,999.1,387.1,87.7092,87.7096,87.7884,-0.0792,-0.0789,0.0004
7889,1000.9,420.9,87.7036,87.7040,87.7828,-0.0792,-0.0788,0.0004
7890,1000.0,427.0,87.6981,87.6985,87.7775,-0.0794,-0.0791,0.0004
7891,1000.2,423.3,87.6926,87.6929,87.7721,-0.0796,-0.0792,0.0004
7892,999.6,415.2,87.6870,87.6874,87.7672,-0.0802,-0.0798,0.0004
7893,1000.1,454.5,87.6815,87.6819,87.7622,-0.0807,-0.0803,0.0004
7894,1002.8,450.6,87.6760,87.6763,87.7572,-0.0812,-0.0809,0.0004
7895,997.7,433.3,87.6704,87.6708,87.7516,-0.0812,-0.0808,0.0004
7896,1000.9,461.5,87.6649,87.6653,87.7465,-0.0816,-0.0812,0.0004
7897,1000.0,444.4,87.6594,87.6598,87.7412,-0.0818,-0.0814,0.0004
7898,1000.7,447.3,87.6539,87.6543,87.7362,-0.0823,-0.0819,0.0004
7899,1004.4,465.0,87.6484,87.6487,87.7309,-0.0825,-0.0821,0.0004
7900,1001.8,429.9,87.6429,87.6432,87.7261,-0.0832,-0.0828,0.0004
7901,999.5,399.1,87.6373,87.6377,87.7211,-0.0837,-0.0833,0.0004
7902,1002.3,431.3,87.6318,87.6322,87.7159,-0.0840,-0.0836,0.0004
7903,999.4,436.7,87.6264,87.6267,87.7101,-0.0837,-0.0834,0.0004
7904,1007.7,385.0,87.6209,87.6213,87.7048,-0.0840,-0.0836,0.0004
7905,994.6,397.4,87.6154,87.6158,87.6995,-0.0841,-0.0837,0.0004
7906,996.9,412.9,87.6099,87.6103,87.6942,-0.0844,-0.0840,0.0004
7907,1000.1,375.5,87.6044,87.6048,87.6886,-0.0842,-0.0838,0.0004
7908,1008.0,388.1,87.5989,87.5993,87.6833,-0.0844,-0.0840,0.0004
7909,992.3,379.9,87.5935,87.5939,87.6781,-0.0846,-0.0842,0.0004
7910,999.2,418.7,87.5880,87.5884,87.6727,-0.0847,-0.0843,0.0004
7911,999.4,400.6,87.5825,87.5829,87.6668,-0.0843,-0.0839,0.0004
7912,999.5,422.7,87.5771,87.5775,87.6614,-0.0843,-0.0839,0.0004
7913,1000.3,395.8,87.5716,87.5720,87.6560,-0.0844,-0.0840,0.0004
7914,1001.8,408.5,87.5661,87.5666,87.6506,-0.0845,-0.0841,0.0004
7915,1006.0,405.4,87.5607,87.5611,87.6450,-0.0843,-0.0839,0.0004
7916,1004.3,388.8,87.5552,87.5557,87.6398,-0.0845,-0.0841,0.0004
7917,983.4,422.3,87.5498,87.5502,87.6347,-0.0849,-0.0845,0.0004
7918,1010.2,408.8,87.5444,87.5448,87.6296,-0.0852,-0.0848,0.0004
7919,999.1,434.8,87.5389,87.5394,87.6241,-0.0852,-0.0847,0.0004
7920,999.1,437.8,87.5335,87.5339,87.6188,-0.0852,-0.0848,0.0004
7921,1011.9,416.1,87.5281,87.5285,87.6133,-0.0853,-0.0848,0.0004
7922,995.9,379.3,87.5227,87.5231,87.6079,-0.0852,-0.0848,0.0004
7923,989.4,395.3,87.5172,87.5177,87.6021,-0.0849,-0.0845,0.0004
7924,1000.7,389.1,87.5118,87.5123,87.5960,-0.0842,-0.0838,0.0004
7925,1002.8,409.3,87.5064,87.5069,87.5907,-0.0843,-0.0838,0.0004
7926,997.8,399.1,87.5010,87.5014,87.5853,-0.0843,-0.0839,0.0004
7927,999.7,389.9,87.4956,87.4960,87.5795,-0.0839,-0.0835,0.0004
7928,998.5,392.8,87.4902,87.4907,87.5738,-0.0836,-0.0831,0.0004
7929,1002.2,396.4,87.4848,87.4853,87.5681,-0.0832,-0.0828,0.0004
7930,999.0,395.5,87.4794,87.4799,87.5623,-0.0829,-0.0825,0.0004
7931,1000.4,393.2,87.4740,87.4745,87.5562,-0.0821,-0.0817,0.0004
7932,1013.4,387.6,87.4687,87.4691,87.5505,-0.0819,-0.0814,0.0005
7933,988.3,382.0,87.4633,87.4637,87.5448,-0.0816,-0.0811,0.0005
7934,1011.3,369.7,87.4579,87.4584,87.5390,-0.0811,-0.0806,0.0005
7935,988.5,423.4,87.4525,87.4530,87.5327,-0.0802,-0.0797,0.0005
7936,1000.6,440.2,87.4472,87.4476,87.5270,-0.0798,-0.0793,0.0005
7937,1001.6,435.5,87.4418,87.4423,87.5212,-0.0794,-0.0790,0.0005
7938,1006.0,583.4,87.4364,87.4369,87.5158,-0.0793,-0.0789,0.0005
7939,998.8,399.8,87.4311,87.4316,87.5101,-0.0790,-0.0785,0.0005
7940,1007.9,448.9,87.4257,87.4262,87.5049,-0.0792,-0.0787,0.0005
7941,1003.1,438.0,87.4204,87.4209,87.4998,-0.0794,-0.0789,0.0005
7942,981.4,378.8,87.4151,87.4155,87.4998,-0.0848,-0.0843,0.0005
7943,997.3,494.1,87.4097,87.4102,87.4946,-0.0849,-0.0844,0.0005
7944,1009.2,439.7,87.4044,87.4049,87.4888,-0.0844,-0.0839,0.0005
7945,996.2,438.8,87.3991,87.3995,87.4831,-0.0840,-0.0835,0.0005
7946,997.9,419.8,87.3937,87.3942,87.4775,-0.0838,-0.0833,0.0005
7947,998.6,398.6,87.3884,87.3889,87.4716,-0.0832,-0.0827,0.0005
7948,998.4,434.7,87.3831,87.3836,87.4660,-0.0829,-0.0824,0.0005
7949,980.6,454.5,87.3778,87.3783,87.4605,-0.0827,-0.0822,0.0005
7950,1020.7,435.3,87.3725,87.3730,87.4546,-0.0821,-0.0817,0.0005
7951,999.0,383.0,87.3672,87.3677,87.4491,-0.0819,-0.0815,0.0005
7952,1001.7,394.0,87.3619,87.3624,87.4437,-0.0818,-0.0813,0.0005
7953,999.8,435.5,87.3566,87.3571,87.4381,-0.0815,-0.0810,0.0005
7954,999.0,411.6,87.3513,87.3518,87.4322,-0.0809,-0.0804,0.0005
7955,1000.9,443.0,87.3460,87.3465,87.4267,-0.0807,-0.0802,0.0005
7956,1001.4,431.9,87.3407,87.3412,87.4215,-0.0808,-0.0803,0.0005
7957,1006.1,387.4,87.3355,87.3360,87.4163,-0.0809,-0.0804,0.0005
7958,1007.1,397.0,87.3302,87.3307,87.4108,-0.0806,-0.0801,0.0005
7959,995.1,388.4,87.3249,87.3254,87.4057,-0.0808,-0.0803,0.0005
7960,992.1,388.3,87.3196,87.3202,87.4005,-0.0809,-0.0803,0.0005
7961,1008.8,396.0,87.3144,87.3149,87.3953,-0.0809,-0.0804,0.0005
7962,998.8,392.3,87.3091,87.3096,87.3898,-0.0807,-0.0802,0.0005
7963,983.6,400.0,87.3039,87.3044,87.3849,-0.0810,-0.0805,0.0005
7964,996.3,390.6,87.2986,87.2992,87.3800,-0.0814,-0.0809,0.0005
7965,1003.5,397.4,87.2934,87.2939,87.3752,-0.0818,-0.0813,0.0005
7966,996.9,405.3,87.2882,87.2887,87.3701,-0.0820,-0.0815,0.0005
7967,1004.5,428.3,87.2829,87.2834,87.3653,-0.0824,-0.0819,0.0005
7968,1005.0,406.9,87.2777,87.2782,87.3603,-0.0826,-0.0821,0.0005
7969,1005.8,413.3,87.2725,87.2730,87.3550,-0.0826,-0.0821,0.0005
7970,992.8,471.3,87.2672,87.2678,87.3493,-0.0821,-0.0816,0.0005
7971,1000.5,439.6,87.2620,87.2626,87.3439,-0.0819,-0.0814,0.0005
7972,998.8,431.4,87.2568,87.2574,87.3386,-0.0818,-0.0813,0.0005
7973,1000.1,427.9,87.2516,87.2521,87.3334,-0.0818,-0.0813,0.0005
7974,1001.7,421.9,87.2464,87.2469,87.3277,-0.0813,-0.0808,0.0005
7975,1000.4,412.8,87.2412,87.2417,87.3223,-0.0811,-0.0806,0.0005
7976,1001.0,410.5,87.2360,87.2366,87.3168,-0.0808,-0.0803,0.0005
7977,1001.1,407.9,87.2308,87.2314,87.3113,-0.0805,-0.0799,0.0005
7978,999.4,429.2,87.2256,87.2262,87.3053,-0.0797,-0.0791,0.0006
7979,1010.7,396.6,87.2205,87.2210,87.2997,-0.0793,-0.0787,0.0006
7980,998.3,405.0,87.2153,87.2158,87.2943,-0.0790,-0.0784,0.0006
7981,992.0,389.9,87.2101,87.2107,87.2889,-0.0788,-0.0782,0.0006
7982,999.7,443.4,87.2049,87.2055,87.2831,-0.0781,-0.0776,0.0006
7983,1009.8,401.6,87.1998,87.2003,87.2775,-0.0777,-0.0772,0.0006
7984,1002.4,370.3,87.1946,87.1952,87.2718,-0.0772,-0.0766,0.0006
7985,989.4,392.8,87.1895,87.1900,87.2661,-0.0766,-0.0761,0.0006
7986,994.0,378.9,87.1843,87.1849,87.2600,-0.0757,-0.0751,0.0006
7987,1000.6,375.0,87.1792,87.1797,87.2547,-0.0755,-0.0749,0.0006
7988,1000.7,460.2,87.1740,87.1746,87.2494,-0.0753,-0.0748,0.0006
7989,1001.2,425.6,87.1689,87.1695,87.2442,-0.0753,-0.0747,0.0006
7990,1002.3,412.2,87.1638,87.1643,87.2386,-0.0748,-0.0742,0.0006
7991,996.7,433.7,87.1586,87.1592,87.2333,-0.0747,-0.0741,0.0006
7992,999.8,422.9,87.1535,87.1541,87.2279,-0.0744,-0.0739,0.0006
7993,1001.1,427.3,87.1484,87.1490,87.2225,-0.0741,-0.0735,0.0006
7994,997.9,453.1,87.1433,87.1439,87.2166,-0.0733,-0.0727,0.0006
7995,1000.0,458.3,87.1382,87.1388,87.2112,-0.0730,-0.0725,0.0006
7996,999.2,433.7,87.1331,87.1337,87.2061,-0.0730,-0.0724,0.0006
7997,1003.0,623.6,87.1280,87.1286,87.2011,-0.0731,-0.0725,0.0006
7998,997.2,400.2,87.1229,87.1235,87.1957,-0.0728,-0.0722,0.0006
7999,1014.9,403.5,87.1178,87.1184,87.1906,-0.0728,-0.0722,0.0006
8000,999.5,388.1,87.1127,87.1133,87.1854,-0.0727,-0.0721,0.0006
8001,1000.7,455.7,87.1076,87.1082,87.1801,-0.0725,-0.0719,0.0006
8002,994.5,615.8,87.1025,87.1031,87.1746,-0.0721,-0.0715,0.0006
8003,1002.3,428.9,87.0975,87.0981,87.1696,-0.0721,-0.0715,0.0006
8004,973.8,402.0,87.0924,87.0930,87.1647,-0.0723,-0.0717,0.0006
8005,1015.9,393.6,87.0873,87.0879,87.1600,-0.0727,-0.0721,0.0006
8006,999.6,380.0,87.0823,87.0829,87.1550,-0.0727,-0.0721,0.0006
8007,998.0,388.2,87.0772,87.0778,87.1503,-0.0731,-0.0725,0.0006
8008,1000.0,403.4,87.0722,87.0728,87.1455,-0.0734,-0.0727,0.0006
8009,999.5,393.2,87.0671,87.0678,87.1410,-0.0738,-0.0732,0.0006
8010,999.5,386.2,87.0621,87.0627,87.1362,-0.0741,-0.0734,0.0006
8011,999.7,426.3,87.0571,87.0577,87.1317,-0.0746,-0.0740,0.0006
8012,1013.3,425.4,87.0520,87.0527,87.1273,-0.0752,-0.0746,0.0006
8013,989.7,421.2,87.0470,87.0476,87.1231,-0.0761,-0.0754,0.0006
8014,998.1,419.9,87.0420,87.0426,87.1192,-0.0772,-0.0766,0.0006
8015,999.4,421.0,87.0370,87.0376,87.1151,-0.0781,-0.0775,0.0006
8016,1001.9,2022.7,87.0320,87.0326,87.1111,-0.0792,-0.0785,0.0006
8017,2043.5,408.7,87.0270,87.0276,87.1025,-0.0755,-0.0749,0.0006
8018,415.3,388.0,87.0220,87.0226,87.1025,-0.0805,-0.0799,0.0006
8019,545.3,423.2,87.0170,87.0176,87.0983,-0.0813,-0.0807,0.0006
8020,2489.1,419.2,87.0120,87.0126,87.0896,-0.0776,-0.0769,0.0006
8021,425.0,489.5,87.0070,87.0076,87.0848,-0.0778,-0.0772,0.0007
8022,497.1,803.8,87.0020,87.0027,87.0848,-0.0828,-0.0822,0.0007
8023,807.3,252.0,86.9970,86.9977,87.0805,-0.0835,-0.0828,0.0007
8024,774.9,374.6,86.9921,86.9927,87.0760,-0.0840,-0.0833,0.0007
8025,995.1,380.4,86.9871,86.9877,87.0715,-0.0844,-0.0837,0.0007
8026,1005.6,3215.7,86.9821,86.9828,87.0666,-0.0844,-0.0838,0.0007
8027,3222.4,314.1,86.9772,86.9778,87.0518,-0.0747,-0.0740,0.0007
8028,317.0,294.4,86.9722,86.9729,87.0518,-0.0796,-0.0790,0.0007
8029,297.0,507.4,86.9673,86.9679,87.0462,-0.0790,-0.0783,0.0007
8030,509.0,981.4,86.9623,86.9630,87.0462,-0.0839,-0.0832,0.0007
8031,985.4,297.9,86.9574,86.9581,87.0409,-0.0835,-0.0828,0.0007
8032,668.8,425.7,86.9525,86.9531,87.0355,-0.0830,-0.0824,0.0007
8033,998.6,404.2,86.9475,86.9482,87.0303,-0.0827,-0.0820,0.0007
8034,999.8,448.3,86.9426,86.9433,87.0249,-0.0823,-0.0816,0.0007
8035,999.7,456.8,86.9377,86.9384,87.0199,-0.0822,-0.0815,0.0007
8036,1145.4,329.0,86.9328,86.9335,87.0147,-0.0819,-0.0812,0.0007
8037,857.6,382.9,86.9279,86.9285,87.0090,-0.0812,-0.0805,0.0007
8038,994.7,380.4,86.9230,86.9236,87.0028,-0.0798,-0.0791,0.0007
8039,998.5,378.8,86.9181,86.9188,86.9971,-0.0790,-0.0783,0.0007
8040,1001.1,385.4,86.9132,86.9139,86.9916,-0.0784,-0.0777,0.0007
8041,999.5,389.9,86.9083,86.9090,86.9864,-0.0781,-0.0774,0.0007
8042,2781.3,960.3,86.9034,86.9041,86.9704,-0.0670,-0.0663,0.0007
8043,965.8,574.7,86.8985,86.8992,86.9651,-0.0666,-0.0658,0.0007
8044,577.3,236.0,86.8936,86.8943,86.9651,-0.0714,-0.0707,0.0007
8045,237.6,284.3,86.8888,86.8895,86.9651,-0.0763,-0.0756,0.0007
8046,435.8,397.9,86.8839,86.8846,86.9592,-0.0753,-0.0746,0.0007
8047,1000.7,426.5,86.8790,86.8798,86.9536,-0.0745,-0.0738,0.0007
8048,1004.7,2739.5,86.8742,86.8749,86.9481,-0.0739,-0.0732,0.0007
8049,2744.8,575.8,86.8693,86.8701,86.9322,-0.0629,-0.0621,0.0007
8050,578.5,247.9,86.8645,86.8652,86.9322,-0.0677,-0.0670,0.0007
8051,249.6,274.2,86.8597,86.8604,86.9322,-0.0725,-0.0718,0.0007
8052,902.9,309.3,86.8548,86.8556,86.9268,-0.0720,-0.0713,0.0007
8053,518.7,381.0,86.8500,86.8507,86.9212,-0.0712,-0.0705,0.0007
8054,1002.0,380.9,86.8452,86.8459,86.9156,-0.0704,-0.0697,0.0007
8055,997.8,371.9,86.8404,86.8411,86.9097,-0.0694,-0.0686,0.0007
8056,1014.8,364.0,86.8355,86.8363,86.9044,-0.0689,-0.0682,0.0007
8057,993.4,382.0,86.8307,86.8315,86.8994,-0.0686,-0.0679,0.0007
8058,1002.9,369.2,86.8259,86.8267,86.8943,-0.0683,-0.0676,0.0007
8059,999.5,402.1,86.8211,86.8219,86.8888,-0.0677,-0.0669,0.0007
8060,1000.8,391.8,86.8163,86.8171,86.8837,-0.0673,-0.0666,0.0007
8061,999.8,362.7,86.8116,86.8123,86.8787,-0.0671,-0.0664,0.0007
8062,998.6,370.3,86.8068,86.8075,86.8737,-0.0669,-0.0661,0.0008
8063,1001.5,394.2,86.8020,86.8027,86.8684,-0.0664,-0.0656,0.0008
8064,998.0,418.5,86.7972,86.7980,86.8636,-0.0664,-0.0656,0.0008
8065,1001.8,424.5,86.7925,86.7932,86.8590,-0.0666,-0.0658,0.0008
8066,999.8,394.1,86.7877,86.7885,86.8547,-0.0670,-0.0662,0.0008
8067,1000.0,386.6,86.7829,86.7837,86.8505,-0.0676,-0.0669,0.0008
8068,1000.1,372.5,86.7782,86.7789,86.8461,-0.0680,-0.0672,0.0008
8069,1000.5,416.2,86.7734,86.7742,86.8420,-0.0686,-0.0678,0.0008
8070,1006.6,411.3,86.7687,86.7695,86.8376,-0.0689,-0.0681,0.0008
8071,994.6,402.5,86.7640,86.7647,86.8329,-0.0689,-0.0682,0.0008
8072,996.4,361.1,86.7592,86.7600,86.8286,-0.0694,-0.0686,0.0008
8073,993.9,405.6,86.7545,86.7553,86.8243,-0.0698,-0.0690,0.0008
8074,1004.0,373.3,86.7498,86.7506,86.8201,-0.0703,-0.0695,0.0008
8075,994.6,383.8,86.7451,86.7458,86.8155,-0.0704,-0.0697,0.0008
8076,1000.2,401.9,86.7404,86.7411,86.8112,-0.0708,-0.0700,0.0008
8077,1007.5,417.1,86.7356,86.7364,86.8070,-0.0713,-0.0706,0.0008
8078,1000.8,448.0,86.7309,86.7317,86.8027,-0.0718,-0.0710,0.0008
8079,1077.0,457.0,86.7263,86.7270,86.7982,-0.0720,-0.0712,0.0008
8080,916.2,463.9,86.7216,86.7224,86.7939,-0.0724,-0.0716,0.0008
8081,1008.1,372.3,86.7169,86.7177,86.7896,-0.0727,-0.0719,0.0008
8082,991.2,406.2,86.7122,86.7130,86.7851,-0.0729,-0.0721,0.0008
8083,1000.6,404.0,86.7075,86.7083,86.7802,-0.0727,-0.0719,0.0008
8084,999.3,397.6,86.7029,86.7037,86.7756,-0.0727,-0.0719,0.0008
8085,1000.7,449.9,86.6982,86.6990,86.7711,-0.0729,-0.0721,0.0008
8086,999.2,448.3,86.6935,86.6943,86.7667,-0.0732,-0.0724,0.0008
8087,1000.0,429.0,86.6889,86.6897,86.7611,-0.0722,-0.0714,0.0008
8088,1000.4,403.6,86.6842,86.6851,86.7572,-0.0729,-0.0721,0.0008
8089,1000.7,421.4,86.6796,86.6804,86.7518,-0.0722,-0.0714,0.0008
8090,1004.3,398.5,86.6750,86.6758,86.7470,-0.0720,-0.0712,0.0008
8091,993.6,418.7,86.6703,86.6712,86.7416,-0.0713,-0.0705,0.0008
8092,1021.8,402.8,86.6657,86.6665,86.7367,-0.0710,-0.0701,0.0008
8093,987.2,422.4,86.6611,86.6619,86.7319,-0.0708,-0.0700,0.0008
8094,990.5,441.6,86.6565,86.6573,86.7272,-0.0707,-0.0699,0.0008
8095,999.2,429.8,86.6519,86.6527,86.7222,-0.0704,-0.0695,0.0008
8096,1035.4,395.7,86.6472,86.6481,86.7178,-0.0705,-0.0697,0.0008
8097,977.0,451.1,86.6426,86.6435,86.7131,-0.0705,-0.0696,0.0008
8098,1000.3,461.9,86.6381,86.6389,86.7084,-0.0703,-0.0695,0.0008
8099,998.7,424.2,86.6335,86.6343,86.7032,-0.0697,-0.0688,0.0008
8100,997.8,478.4,86.6289,86.6297,86.6982,-0.0693,-0.0685,0.0009
8101,999.5,465.1,86.6243,86.6252,86.6932,-0.0689,-0.0680,0.0009
8102,1000.5,452.0,86.6197,86.6206,86.6882,-0.0684,-0.0676,0.0009
8103,1001.6,466.7,86.6152,86.6160,86.6833,-0.0681,-0.0672,0.0009
8104,999.8,460.2,86.6106,86.6115,86.6781,-0.0675,-0.0667,0.0009
8105,999.9,459.2,86.6061,86.6069,86.6735,-0.0675,-0.0666,0.0009
8106,999.9,457.7,86.6015,86.6024,86.6689,-0.0674,-0.0665,0.0009
8107,1000.3,449.4,86.5970,86.5978,86.6641,-0.0672,-0.0663,0.0009
8108,999.5,457.9,86.5924,86.5933,86.6588,-0.0664,-0.0656,0.0009
8109,1001.8,460.0,86.5879,86.5888,86.6538,-0.0659,-0.0650,0.0009
8110,999.7,401.7,86.5834,86.5842,86.6538,-0.0704,-0.0695,0.0009
8111,1013.8,402.9,86.5788,86.5797,86.6487,-0.0699,-0.0690,0.0009
8112,991.7,458.3,86.5743,86.5752,86.6433,-0.0689,-0.0681,0.0009
8113,993.8,496.3,86.5698,86.5707,86.6381,-0.0683,-0.0674,0.0009
8114,1037.4,403.1,86.5653,86.5662,86.6331,-0.0678,-0.0669,0.0009
8115,981.9,389.2,86.5608,86.5617,86.6281,-0.0673,-0.0664,0.0009
8116,981.5,431.9,86.5563,86.5572,86.6228,-0.0665,-0.0656,0.0009
8117,991.9,390.1,86.5518,86.5527,86.6178,-0.0660,-0.0651,0.0009
8118,997.4,416.5,86.5473,86.5482,86.6128,-0.0655,-0.0646,0.0009
8119,1001.4,420.5,86.5428,86.5437,86.6080,-0.0651,-0.0642,0.0009
8120,997.9,476.0,86.5384,86.5393,86.6028,-0.0644,-0.0635,0.0009
8121,1000.4,474.2,86.5339,86.5348,86.5982,-0.0643,-0.0634,0.0009
8122,999.5,456.2,86.5294,86.5304,86.5939,-0.0645,-0.0636,0.0009
8123,1002.0,459.6,86.5250,86.5259,86.5898,-0.0648,-0.0639,0.0009
8124,1000.1,465.1,86.5205,86.5215,86.5855,-0.0650,-0.0641,0.0009
8125,999.7,461.5,86.5161,86.5170,86.5816,-0.0655,-0.0646,0.0009
8126,1001.1,452.1,86.5116,86.5126,86.5776,-0.0659,-0.0650,0.0009
8127,999.8,467.6,86.5072,86.5081,86.5731,-0.0659,-0.0650,0.0009
8128,999.2,468.9,86.5028,86.5037,86.5689,-0.0661,-0.0652,0.0009
8129,1001.0,443.7,86.4984,86.4993,86.5647,-0.0663,-0.0654,0.0009
8130,1018.6,420.9,86.4939,86.4949,86.5605,-0.0665,-0.0656,0.0009
8131,1003.8,444.1,86.4895,86.4905,86.5561,-0.0666,-0.0656,0.0009
8132,991.9,434.0,86.4851,86.4861,86.5522,-0.0671,-0.0661,0.0009
8133,996.5,440.8,86.4807,86.4817,86.5482,-0.0675,-0.0665,0.0009
8134,1029.2,378.0,86.4763,86.4773,86.5441,-0.0678,-0.0668,0.0009
8135,974.6,435.8,86.4719,86.4729,86.5396,-0.0677,-0.0667,0.0009
8136,989.7,420.7,86.4676,86.4685,86.5353,-0.0677,-0.0668,0.0010
8137,997.8,436.5,86.4632,86.4641,86.5310,-0.0679,-0.0669,0.0010
8138,999.1,452.1,86.4588,86.4598,86.5268,-0.0680,-0.0671,0.0010
8139,1005.9,444.8,86.4544,86.4554,86.5222,-0.0678,-0.0668,0.0010
8140,1001.6,448.1,86.4501,86.4510,86.5178,-0.0678,-0.0668,0.0010
8141,999.9,484.9,86.4457,86.4467,86.5136,-0.0679,-0.0670,0.0010
8142,1001.1,433.9,86.4414,86.4423,86.5094,-0.0681,-0.0671,0.0010
8143,995.7,447.0,86.4370,86.4380,86.5050,-0.0679,-0.0670,0.0010
8144,998.7,487.9,86.4327,86.4337,86.5008,-0.0682,-0.0672,0.0010
8145,1002.8,472.8,86.4284,86.4293,86.4967,-0.0683,-0.0674,0.0010
8146,999.9,435.7,86.4240,86.4250,86.4927,-0.0686,-0.0677,0.0010
8147,1000.0,440.2,86.4197,86.4207,86.4882,-0.0685,-0.0675,0.0010
8148,1000.5,427.7,86.4154,86.4164,86.4839,-0.0685,-0.0676,0.0010
8149,995.9,439.5,86.4111,86.4121,86.4796,-0.0685,-0.0675,0.0010
8150,998.8,419.4,86.4068,86.4078,86.4754,-0.0686,-0.0676,0.0010
8151,998.3,421.7,86.4025,86.4035,86.4710,-0.0685,-0.0676,0.0010
8152,1002.2,388.7,86.3982,86.3992,86.4670,-0.0689,-0.0679,0.0010
8153,1243.9,290.6,86.3939,86.3949,86.4632,-0.0693,-0.0683,0.0010
8154,766.2,750.3,86.3896,86.3906,86.4592,-0.0696,-0.0686,0.0010
8155,1004.3,397.7,86.3853,86.3863,86.4552,-0.0699,-0.0689,0.0010
8156,1000.1,409.2,86.3811,86.3821,86.4508,-0.0697,-0.0687,0.0010
8157,1005.4,397.9,86.3768,86.3778,86.4465,-0.0697,-0.0687,0.0010
8158,988.7,653.0,86.3726,86.3736,86.4421,-0.0696,-0.0686,0.0010
8159,987.1,421.1,86.3683,86.3693,86.4375,-0.0692,-0.0682,0.0010
8160,998.8,408.0,86.3641,86.3651,86.4329,-0.0688,-0.0678,0.0010
8161,999.9,417.2,86.3598,86.3608,86.4279,-0.0681,-0.0671,0.0010
8162,970.2,488.9,86.3556,86.3566,86.4233,-0.0677,-0.0667,0.0010
8163,1039.8,442.9,86.3514,86.3524,86.4187,-0.0673,-0.0663,0.0010
8164,998.7,433.8,86.3471,86.3482,86.4138,-0.0667,-0.0656,0.0010
8165,1000.6,443.4,86.3429,86.3439,86.4092,-0.0662,-0.0652,0.0010
8166,999.3,435.0,86.3387,86.3397,86.4044,-0.0657,-0.0646,0.0010
8167,1000.7,429.3,86.3345,86.3355,86.3995,-0.0650,-0.0639,0.0010
8168,999.7,462.4,86.3303,86.3313,86.3941,-0.0638,-0.0628,0.0010
8169,999.5,469.9,86.3261,86.3271,86.3891,-0.0630,-0.0619,0.0010
8170,1000.7,467.3,86.3219,86.3230,86.3840,-0.0621,-0.0611,0.0010
8171,983.4,455.9,86.3177,86.3188,86.3791,-0.0614,-0.0603,0.0011
8172,1020.7,401.6,86.3136,86.3146,86.3741,-0.0605,-0.0594,0.0011
8173,999.4,417.7,86.3094,86.3104,86.3695,-0.0601,-0.0590,0.0011
8174,999.6,436.5,86.3052,86.3063,86.3649,-0.0597,-0.0586,0.0011
8175,999.9,467.2,86.3011,86.3021,86.3603,-0.0592,-0.0581,0.0011
8176,1000.0,471.2,86.2969,86.2980,86.3552,-0.0583,-0.0573,0.0011
8177,1015.6,392.4,86.2928,86.2938,86.3506,-0.0578,-0.0567,0.0011
8178,989.8,385.0,86.2886,86.2897,86.3458,-0.0572,-0.0561,0.0011
8179,995.9,381.7,86.2845,86.2856,86.3412,-0.0567,-0.0557,0.0011
8180,996.2,445.1,86.2804,86.2814,86.3369,-0.0565,-0.0554,0.0011
8181,1001.5,443.9,86.2762,86.2773,86.3324,-0.0561,-0.0550,0.0011
8182,999.7,429.1,86.2721,86.2732,86.3283,-0.0562,-0.0551,0.0011
8183,999.9,442.2,86.2680,86.2691,86.3243,-0.0563,-0.0552,0.0011
8184,1000.2,429.8,86.2639,86.2650,86.3204,-0.0565,-0.0554,0.0011
8185,1019.2,413.3,86.2598,86.2609,86.3161,-0.0563,-0.0552,0.0011
8186,987.4,448.2,86.2557,86.2568,86.3120,-0.0563,-0.0552,0.0011
8187,999.5,445.4,86.2516,86.2527,86.3079,-0.0563,-0.0552,0.0011
8188,1002.3,409.9,86.2476,86.2487,86.3037,-0.0561,-0.0550,0.0011
8189,994.5,430.2,86.2435,86.2446,86.2992,-0.0557,-0.0546,0.0011
8190,1300.0,317.4,86.2394,86.2405,86.2950,-0.0556,-0.0545,0.0011
8191,702.8,408.3,86.2353,86.2365,86.2910,-0.0557,-0.0546,0.0011
8192,996.7,427.0,86.2313,86.2324,86.2872,-0.0559,-0.0548,0.0011
8193,998.8,466.2,86.2272,86.2284,86.2831,-0.0559,-0.0548,0.0011
8194,1070.8,384.7,86.2232,86.2243,86.2793,-0.0561,-0.0550,0.0011
8195,930.8,462.7,86.2192,86.2203,86.2754,-0.0562,-0.0551,0.0011
8196,999.1,459.6,86.2151,86.2163,86.2715,-0.0564,-0.0553,0.0011
8197,1000.6,478.1,86.2111,86.2122,86.2673,-0.0562,-0.0551,0.0011
8198,998.4,463.1,86.2071,86.2082,86.2634,-0.0563,-0.0551,0.0011
8199,1000.3,470.2,86.2031,86.2042,86.2593,-0.0562,-0.0551,0.0011
8200,999.8,447.7,86.1991,86.2002,86.2553,-0.0562,-0.0551,0.0011
8201,1000.9,441.6,86.1951,86.1962,86.2511,-0.0560,-0.0549,0.0011
8202,997.5,432.4,86.1911,86.1922,86.2473,-0.0563,-0.0551,0.0011
8203,999.2,445.6,86.1871,86.1882,86.2436,-0.0566,-0.0554,0.0011
8204,999.7,449.3,86.1831,86.1842,86.2398,-0.0567,-0.0556,0.0012
8205,1000.5,427.4,86.1791,86.1803,86.2357,-0.0566,-0.0554,0.0012
8206,999.1,451.0,86.1751,86.1763,86.2317,-0.0566,-0.0554,0.0012
8207,1000.6,437.9,86.1712,86.1723,86.2278,-0.0566,-0.0554,0.0012
8208,1000.3,405.1,86.1672,86.1684,86.2239,-0.0567,-0.0555,0.0012
8209,1003.0,426.2,86.1633,86.1644,86.2201,-0.0568,-0.0557,0.0012
8210,999.9,419.1,86.1593,86.1605,86.2161,-0.0568,-0.0556,0.0012
8211,993.1,390.4,86.1554,86.1565,86.2125,-0.0571,-0.0560,0.0012
8212,997.0,490.2,86.1514,86.1526,86.2091,-0.0576,-0.0565,0.0012
8213,1013.1,1157.7,86.1475,86.1487,86.2057,-0.0582,-0.0570,0.0012
8214,1190.5,440.3,86.1436,86.1448,86.2023,-0.0587,-0.0575,0.0012
8215,804.7,438.3,86.1397,86.1409,86.1991,-0.0595,-0.0583,0.0012
8216,1000.1,430.7,86.1358,86.1369,86.1960,-0.0603,-0.0591,0.0012
8217,999.2,464.6,86.1319,86.1330,86.1928,-0.0610,-0.0598,0.0012
8218,1001.7,471.9,86.1280,86.1291,86.1892,-0.0612,-0.0600,0.0012
8219,998.8,475.1,86.1241,86.1253,86.1856,-0.0615,-0.0603,0.0012
8220,999.5,461.1,86.1202,86.1214,86.1819,-0.0617,-0.0605,0.0012
8221,999.8,455.4,86.1163,86.1175,86.1782,-0.0619,-0.0607,0.0012
8222,998.8,438.7,86.1124,86.1136,86.1743,-0.0619,-0.0607,0.0012
8223,998.0,461.9,86.1086,86.1098,86.1708,-0.0622,-0.0610,0.0012
8224,1000.1,477.1,86.1047,86.1059,86.1672,-0.0625,-0.0613,0.0012
8225,999.8,471.0,86.1008,86.1021,86.1636,-0.0628,-0.0615,0.0012
8226,1000.1,466.0,86.0970,86.0982,86.1597,-0.0627,-0.0615,0.0012
8227,1000.1,471.9,86.0932,86.0944,86.1560,-0.0628,-0.0616,0.0012
8228,1005.4,411.4,86.0893,86.0905,86.1523,-0.0629,-0.0617,0.0012
8229,1000.1,448.3,86.0855,86.0867,86.1486,-0.0631,-0.0618,0.0012
8230,1005.2,837.1,86.0817,86.0829,86.1444,-0.0627,-0.0615,0.0012
8231,1018.7,370.0,86.0779,86.0791,86.1402,-0.0624,-0.0611,0.0012
8232,977.9,374.1,86.0740,86.0753,86.1360,-0.0619,-0.0607,0.0012
8233,1005.7,470.8,86.0702,86.0715,86.1318,-0.0615,-0.0603,0.0012
8234,995.3,408.6,86.0664,86.0677,86.1273,-0.0609,-0.0596,0.0012
8235,1010.2,416.0,86.0626,86.0639,86.1232,-0.0605,-0.0593,0.0012
8236,994.0,434.5,86.0589,86.0601,86.1190,-0.0602,-0.0589,0.0013
8237,995.4,449.8,86.0551,86.0563,86.1148,-0.0597,-0.0585,0.0013
8238,1010.4,420.6,86.0513,86.0526,86.1103,-0.0590,-0.0577,0.0013
8239,978.0,468.9,86.0475,86.0488,86.1062,-0.0587,-0.0574,0.0013
8240,998.9,461.2,86.0438,86.0450,86.1022,-0.0584,-0.0572,0.0013
8241,999.7,451.9,86.0400,86.0413,86.0983,-0.0582,-0.0570,0.0013
8242,1049.3,356.0,86.0363,86.0376,86.0939,-0.0577,-0.0564,0.0013
8243,950.6,488.0,86.0325,86.0338,86.0899,-0.0574,-0.0561,0.0013
8244,1001.1,503.1,86.0288,86.0301,86.0859,-0.0571,-0.0559,0.0013
8245,1004.9,501.4,86.0251,86.0264,86.0821,-0.0570,-0.0558,0.0013
8246,1008.5,802.4,86.0214,86.0226,86.0782,-0.0568,-0.0556,0.0013
8247,1003.9,408.9,86.0176,86.0189,86.0747,-0.0570,-0.0557,0.0013
8248,985.1,452.1,86.0139,86.0152,86.0712,-0.0572,-0.0559,0.0013
8249,998.9,457.6,86.0102,86.0115,86.0678,-0.0576,-0.0563,0.0013
8250,997.1,465.5,86.0065,86.0078,86.0644,-0.0578,-0.0565,0.0013
8251,1004.5,411.2,86.0028,86.0041,86.0606,-0.0577,-0.0564,0.0013
8252,1004.9,415.2,85.9992,86.0005,86.0571,-0.0579,-0.0566,0.0013
8253,999.5,462.6,85.9955,85.9968,86.0533,-0.0579,-0.0566,0.0013
8254,999.3,439.3,85.9918,85.9931,86.0495,-0.0577,-0.0564,0.0013
8255,1007.3,429.2,85.9881,85.9895,86.0453,-0.0572,-0.0559,0.0013
8256,994.0,422.8,85.9845,85.9858,86.0415,-0.0570,-0.0557,0.0013
8257,994.9,449.3,85.9808,85.9822,86.0376,-0.0568,-0.0555,0.0013
8258,999.3,431.0,85.9772,85.9785,86.0338,-0.0566,-0.0553,0.0013
8259,1005.4,438.3,85.9736,85.9749,86.0298,-0.0562,-0.0549,0.0013
8260,1008.5,434.2,85.9699,85.9713,86.0260,-0.0561,-0.0547,0.0013
8261,1003.8,407.9,85.9663,85.9676,86.0221,-0.0558,-0.0544,0.0013
8262,993.8,405.4,85.9627,85.9640,86.0182,-0.0555,-0.0542,0.0013
8263,1001.3,433.4,85.9591,85.9604,86.0139,-0.0548,-0.0535,0.0013
8264,997.2,452.9,85.9555,85.9568,86.0098,-0.0544,-0.0530,0.0013
8265,1002.2,425.6,85.9519,85.9532,86.0058,-0.0540,-0.0526,0.0013
8266,993.6,396.4,85.9483,85.9496,86.0018,-0.0536,-0.0522,0.0013
8267,1001.7,410.5,85.9447,85.9460,85.9969,-0.0522,-0.0508,0.0014
8268,998.1,445.5,85.9411,85.9425,85.9936,-0.0525,-0.0512,0.0014
8269,1001.2,447.8,85.9375,85.9389,85.9893,-0.0518,-0.0505,0.0014
8270,999.7,436.0,85.9340,85.9353,85.9856,-0.0516,-0.0503,0.0014
8271,1000.4,434.5,85.9304,85.9318,85.9824,-0.0520,-0.0506,0.0014
8272,999.5,434.0,85.9268,85.9282,85.9776,-0.0507,-0.0494,0.0014
8273,1000.6,428.2,85.9233,85.9247,85.9738,-0.0505,-0.0491,0.0014
8274,1013.2,401.4,85.9198,85.9211,85.9699,-0.0502,-0.0488,0.0014
8275,993.6,432.5,85.9162,85.9176,85.9660,-0.0498,-0.0484,0.0014
8276,1001.4,430.5,85.9127,85.9141,85.9624,-0.0497,-0.0483,0.0014
8277,994.6,456.1,85.9092,85.9106,85.9588,-0.0496,-0.0482,0.0014
8278,993.2,447.0,85.9057,85.9070,85.9553,-0.0497,-0.0483,0.0014
8279,1012.4,419.4,85.9021,85.9035,85.9520,-0.0499,-0.0485,0.0014
8280,1011.1,405.1,85.8986,85.9000,85.9485,-0.0499,-0.0485,0.0014
8281,972.7,401.7,85.8951,85.8965,85.9454,-0.0502,-0.0488,0.0014
8282,1006.4,427.5,85.8917,85.8931,85.9423,-0.0506,-0.0492,0.0014
8283,1003.4,433.4,85.8882,85.8896,85.9392,-0.0510,-0.0496,0.0014
8284,1000.9,415.1,85.8847,85.8861,85.9358,-0.0511,-0.0497,0.0014
8285,999.0,408.5,85.8812,85.8826,85.9326,-0.0514,-0.0500,0.0014
8286,998.1,430.4,85.8778,85.8792,85.9294,-0.0516,-0.0502,0.0014
8287,1000.5,423.3,85.8743,85.8757,85.9260,-0.0517,-0.0502,0.0014
8288,997.7,419.8,85.8709,85.8723,85.9222,-0.0513,-0.0499,0.0014
8289,1000.2,422.5,85.8674,85.8688,85.9222,-0.0548,-0.0534,0.0014
8290,999.9,416.0,85.8640,85.8654,85.9188,-0.0548,-0.0534,0.0014
8291,1001.0,423.1,85.8606,85.8620,85.9154,-0.0549,-0.0535,0.0014
8292,1000.1,446.6,85.8571,85.8586,85.9121,-0.0550,-0.0536,0.0014
8293,1011.3,815.3,85.8537,85.8551,85.9084,-0.0546,-0.0532,0.0014
8294,999.4,476.9,85.8503,85.8517,85.9051,-0.0548,-0.0534,0.0014
8295,993.6,448.7,85.8469,85.8483,85.9020,-0.0551,-0.0536,0.0014
8296,994.4,419.4,85.8435,85.8449,85.8985,-0.0550,-0.0536,0.0014
8297,1000.2,420.5,85.8401,85.8416,85.8953,-0.0552,-0.0538,0.0014
8298,1015.8,481.4,85.8367,85.8382,85.8921,-0.0553,-0.0539,0.0015
8299,994.6,417.9,85.8334,85.8348,85.8886,-0.0552,-0.0538,0.0015
8300,985.0,422.1,85.8300,85.8314,85.8846,-0.0546,-0.0532,0.0015
8301,1000.7,413.2,85.8266,85.8281,85.8808,-0.0542,-0.0527,0.0015
8302,998.4,443.0,85.8233,85.8247,85.8773,-0.0540,-0.0526,0.0015
8303,1004.4,448.9,85.8199,85.8214,85.8739,-0.0540,-0.0525,0.0015
8304,1000.8,463.1,85.8166,85.8180,85.8703,-0.0537,-0.0522,0.0015
8305,1002.1,448.3,85.8132,85.8147,85.8668,-0.0536,-0.0521,0.0015
8306,1005.6,402.7,85.8099,85.8114,85.8634,-0.0535,-0.0520,0.0015
8307,988.9,460.0,85.8066,85.8081,85.8599,-0.0533,-0.0518,0.0015
8308,997.3,453.1,85.8033,85.8047,85.8562,-0.0530,-0.0515,0.0015
8309,1000.6,406.6,85.8000,85.8014,85.8528,-0.0528,-0.0513,0.0015
8310,1007.7,428.4,85.7966,85.7981,85.8492,-0.0526,-0.0511,0.0015
8311,998.3,434.4,85.7934,85.7948,85.8456,-0.0523,-0.0508,0.0015
8312,1026.2,443.7,85.7901,85.7916,85.8417,-0.0516,-0.0501,0.0015
8313,985.8,443.5,85.7868,85.7883,85.8379,-0.0512,-0.0497,0.0015
8314,1002.4,417.0,85.7835,85.7850,85.8341,-0.0506,-0.0491,0.0015
8315,995.5,435.0,85.7802,85.7817,85.8305,-0.0503,-0.0488,0.0015
8316,990.5,467.1,85.7770,85.7785,85.8269,-0.0499,-0.0484,0.0015
8317,999.8,401.9,85.7737,85.7752,85.8237,-0.0499,-0.0484,0.0015
8318,1006.9,427.5,85.7705,85.7720,85.8205,-0.0501,-0.0486,0.0015
8319,1003.0,453.4,85.7672,85.7687,85.8174,-0.0502,-0.0486,0.0015
8320,997.2,474.1,85.7640,85.7655,85.8139,-0.0499,-0.0484,0.0015
8321,992.9,417.6,85.7608,85.7623,85.8106,-0.0499,-0.0483,0.0015
8322,999.9,446.6,85.7575,85.7591,85.8074,-0.0499,-0.0483,0.0015
8323,1000.1,446.4,85.7543,85.7559,85.8041,-0.0498,-0.0482,0.0015
8324,999.4,407.6,85.7511,85.7527,85.8004,-0.0493,-0.0478,0.0015
8325,1000.1,455.3,85.7479,85.7495,85.7969,-0.0490,-0.0475,0.0015
8326,999.5,443.5,85.7447,85.7463,85.7935,-0.0487,-0.0472,0.0015
8327,1000.1,472.7,85.7415,85.7431,85.7900,-0.0485,-0.0469,0.0015
8328,1002.6,430.6,85.7383,85.7399,85.7864,-0.0481,-0.0465,0.0016
8329,991.7,422.3,85.7352,85.7367,85.7831,-0.0479,-0.0463,0.0016
8330,997.5,436.9,85.7320,85.7336,85.7797,-0.0477,-0.0462,0.0016
8331,1004.3,502.1,85.7288,85.7304,85.7763,-0.0474,-0.0459,0.0016
8332,1001.6,421.1,85.7257,85.7273,85.7726,-0.0469,-0.0454,0.0016
8333,995.3,425.6,85.7225,85.7241,85.7692,-0.0467,-0.0451,0.0016
8334,1004.7,454.9,85.7194,85.7210,85.7658,-0.0464,-0.0448,0.0016
8335,1055.3,357.1,85.7163,85.7178,85.7623,-0.0461,-0.0445,0.0016
8336,958.5,423.8,85.7131,85.7147,85.7585,-0.0454,-0.0438,0.0016
8337,1003.3,423.4,85.7100,85.7116,85.7550,-0.0450,-0.0434,0.0016
8338,985.9,426.6,85.7069,85.7085,85.7513,-0.0444,-0.0428,0.0016
8339,1000.8,462.5,85.7038,85.7054,85.7477,-0.0439,-0.0423,0.0016
8340,998.8,459.9,85.7007,85.7023,85.7440,-0.0433,-0.0417,0.0016
8341,1000.1,443.8,85.6976,85.6992,85.7405,-0.0429,-0.0413,0.0016
8342,1001.3,465.6,85.6945,85.6961,85.7372,-0.0427,-0.0411,0.0016
8343,1000.5,418.6,85.6914,85.6930,85.7340,-0.0425,-0.0409,0.0016
8344,999.9,466.2,85.6884,85.6900,85.7305,-0.0421,-0.0405,0.0016
8345,999.0,483.8,85.6853,85.6869,85.7271,-0.0418,-0.0402,0.0016
8346,1001.0,454.0,85.6823,85.6839,85.7236,-0.0413,-0.0397,0.0016
8347,999.6,436.1,85.6792,85.6808,85.7201,-0.0409,-0.0393,0.0016
8348,1000.1,459.0,85.6762,85.6778,85.7163,-0.0401,-0.0385,0.0016
8349,1002.0,415.2,85.6731,85.6747,85.7127,-0.0396,-0.0379,0.0016
8350,1001.1,429.7,85.6701,85.6717,85.7091,-0.0390,-0.0374,0.0016
8351,1011.5,406.3,85.6671,85.6687,85.7058,-0.0387,-0.0371,0.0016
8352,987.8,414.9,85.6640,85.6657,85.7026,-0.0386,-0.0369,0.0016
8353,995.2,430.6,85.6610,85.6627,85.6999,-0.0389,-0.0373,0.0016
8354,1015.2,449.1,85.6580,85.6597,85.6975,-0.0394,-0.0378,0.0016
8355,988.8,431.9,85.6550,85.6567,85.6950,-0.0400,-0.0383,0.0016
8356,1004.7,397.4,85.6521,85.6537,85.6924,-0.0403,-0.0387,0.0016
8357,987.7,453.6,85.6491,85.6507,85.6897,-0.0407,-0.0390,0.0017
8358,1025.2,403.4,85.6461,85.6477,85.6870,-0.0409,-0.0393,0.0017
8359,991.1,426.2,85.6431,85.6448,85.6842,-0.0411,-0.0394,0.0017
8360,990.8,435.8,85.6402,85.6418,85.6811,-0.0410,-0.0393,0.0017
8361,995.5,449.7,85.6372,85.6389,85.6783,-0.0411,-0.0394,0.0017
8362,999.7,439.0,85.6343,85.6359,85.6754,-0.0411,-0.0395,0.0017
8363,1000.9,417.1,85.6313,85.6330,85.6726,-0.0412,-0.0396,0.0017
8364,1000.3,443.9,85.6284,85.6301,85.6695,-0.0411,-0.0394,0.0017
8365,998.0,448.0,85.6255,85.6271,85.6667,-0.0413,-0.0396,0.0017
8366,1001.5,453.0,85.6225,85.6242,85.6639,-0.0414,-0.0397,0.0017
8367,1000.8,435.2,85.6196,85.6213,85.6611,-0.0415,-0.0398,0.0017
8368,999.0,472.9,85.6167,85.6184,85.6581,-0.0414,-0.0397,0.0017
8369,1002.4,782.8,85.6138,85.6155,85.6552,-0.0414,-0.0397,0.0017
8370,998.4,475.5,85.6109,85.6126,85.6525,-0.0415,-0.0398,0.0017
8371,1011.5,473.2,85.6081,85.6098,85.6497,-0.0416,-0.0399,0.0017
8372,993.9,450.5,85.6052,85.6069,85.6467,-0.0416,-0.0398,0.0017
8373,998.8,439.8,85.6023,85.6040,85.6439,-0.0416,-0.0399,0.0017
8374,1052.2,397.1,85.5994,85.6012,85.6410,-0.0415,-0.0398,0.0017
8375,957.4,432.5,85.5966,85.5983,85.6381,-0.0415,-0.0398,0.0017
8376,983.3,425.1,85.5937,85.5955,85.6350,-0.0412,-0.0395,0.0017
8377,997.5,427.4,85.5909,85.5926,85.6322,-0.0413,-0.0396,0.0017
8378,1016.2,425.7,85.5881,85.5898,85.6294,-0.0413,-0.0396,0.0017
8379,999.6,425.7,85.5852,85.5870,85.6264,-0.0412,-0.0395,0.0017
8380,991.7,431.1,85.5824,85.5841,85.6233,-0.0409,-0.0391,0.0017
8381,991.6,427.9,85.5796,85.5813,85.6204,-0.0408,-0.0391,0.0017
8382,985.1,427.1,85.5768,85.5785,85.6177,-0.0409,-0.0391,0.0017
8383,1013.2,477.4,85.5740,85.5757,85.6150,-0.0410,-0.0393,0.0017
8384,999.7,472.8,85.5712,85.5729,85.6122,-0.0410,-0.0392,0.0017
8385,1001.3,465.0,85.5684,85.5702,85.6096,-0.0412,-0.0394,0.0018
8386,999.3,480.0,85.5656,85.5674,85.6072,-0.0415,-0.0398,0.0018
8387,999.4,480.8,85.5629,85.5646,85.6048,-0.0419,-0.0401,0.0018
8388,1000.8,472.0,85.5601,85.5619,85.6021,-0.0420,-0.0403,0.0018
8389,1000.2,478.1,85.5573,85.5591,85.5997,-0.0423,-0.0406,0.0018
8390,999.5,481.4,85.5546,85.5564,85.5972,-0.0426,-0.0409,0.0018
8391,1000.3,439.3,85.5519,85.5536,85.5947,-0.0429,-0.0411,0.0018
8392,1001.0,421.9,85.5491,85.5509,85.5920,-0.0429,-0.0411,0.0018
8393,999.8,464.5,85.5464,85.5482,85.5894,-0.0430,-0.0412,0.0018
8394,1010.9,470.5,85.5437,85.5454,85.5868,-0.0432,-0.0414,0.0018
8395,1009.9,477.1,85.5410,85.5427,85.5843,-0.0434,-0.0416,0.0018
8396,1000.0,424.1,85.5382,85.5400,85.5817,-0.0435,-0.0417,0.0018
8397,990.3,441.9,85.5355,85.5373,85.5793,-0.0438,-0.0420,0.0018
8398,998.0,432.4,85.5329,85.5346,85.5770,-0.0442,-0.0424,0.0018
8399,1002.5,431.7,85.5302,85.5320,85.5747,-0.0446,-0.0428,0.0018
8400,1005.9,422.7,85.5275,85.5293,85.5722,-0.0447,-0.0429,0.0018
8401,1008.3,487.5,85.5248,85.5266,85.5698,-0.0450,-0.0431,0.0018
8402,985.0,445.4,85.5221,85.5240,85.5673,-0.0452,-0.0434,0.0018
8403,997.7,444.8,85.5195,85.5213,85.5649,-0.0454,-0.0436,0.0018
8404,1010.2,409.3,85.5168,85.5187,85.5624,-0.0455,-0.0437,0.0018
8405,983.3,456.8,85.5142,85.5160,85.5600,-0.0458,-0.0440,0.0018
8406,1044.5,395.6,85.5116,85.5134,85.5576,-0.0460,-0.0442,0.0018
8407,962.7,459.8,85.5089,85.5108,85.5552,-0.0463,-0.0445,0.0018
8408,999.4,457.6,85.5063,85.5081,85.5525,-0.0462,-0.0444,0.0018
8409,999.0,397.1,85.5037,85.5055,85.5499,-0.0462,-0.0444,0.0018
8410,1000.0,461.6,85.5011,85.5029,85.5472,-0.0461,-0.0443,0.0018
8411,1000.3,456.9,85.4985,85.5003,85.5444,-0.0459,-0.0441,0.0018
8412,1010.6,449.1,85.4959,85.4977,85.5414,-0.0455,-0.0436,0.0018
8413,992.6,432.3,85.4933,85.4952,85.5385,-0.0452,-0.0434,0.0019
8414,998.1,458.9,85.4907,85.4926,85.5356,-0.0449,-0.0431,0.0019
8415,999.7,457.8,85.4882,85.4900,85.5328,-0.0447,-0.0428,0.0019
8416,1000.1,463.2,85.4856,85.4875,85.5298,-0.0442,-0.0424,0.0019
8417,1005.4,492.1,85.4830,85.4849,85.5270,-0.0440,-0.0421,0.0019
8418,998.6,841.8,85.4805,85.4824,85.5242,-0.0437,-0.0418,0.0019
8419,1005.9,473.5,85.4779,85.4798,85.5214,-0.0435,-0.0416,0.0019
8420,994.9,480.4,85.4754,85.4773,85.5186,-0.0432,-0.0413,0.0019
8421,996.6,460.4,85.4729,85.4748,85.5156,-0.0427,-0.0408,0.0019
8422,1000.5,468.6,85.4704,85.4722,85.5128,-0.0424,-0.0405,0.0019
8423,1002.5,705.6,85.4679,85.4697,85.5099,-0.0421,-0.0402,0.0019
8424,994.2,436.4,85.4653,85.4672,85.5067,-0.0414,-0.0395,0.0019
8425,999.2,447.5,85.4628,85.4647,85.5037,-0.0408,-0.0389,0.0019
8426,1002.6,423.4,85.4604,85.4623,85.5006,-0.0402,-0.0383,0.0019
8427,1000.6,440.9,85.4579,85.4598,85.4975,-0.0397,-0.0378,0.0019
8428,998.6,446.2,85.4554,85.4573,85.4943,-0.0389,-0.0370,0.0019
8429,996.9,438.0,85.4529,85.4548,85.4914,-0.0385,-0.0366,0.0019
8430,1001.1,499.9,85.4505,85.4524,85.4886,-0.0381,-0.0362,0.0019
8431,1005.0,414.5,85.4480,85.4499,85.4858,-0.0378,-0.0359,0.0019
8432,996.9,461.5,85.4456,85.4475,85.4829,-0.0373,-0.0354,0.0019
8433,1002.1,422.6,85.4431,85.4450,85.4801,-0.0370,-0.0351,0.0019
8434,997.0,436.3,85.4407,85.4426,85.4774,-0.0367,-0.0348,0.0019
8435,1001.7,422.3,85.4383,85.4402,85.4744,-0.0361,-0.0342,0.0019
8436,990.7,410.4,85.4358,85.4378,85.4714,-0.0356,-0.0337,0.0019
8437,1009.7,407.2,85.4334,85.4354,85.4686,-0.0352,-0.0332,0.0019
8438,1001.3,415.8,85.4310,85.4330,85.4657,-0.0347,-0.0328,0.0019
8439,999.8,400.1,85.4286,85.4306,85.4629,-0.0343,-0.0323,0.0019
8440,994.5,404.1,85.4262,85.4282,85.4599,-0.0337,-0.0317,0.0019
8441,1005.3,392.4,85.4239,85.4258,85.4572,-0.0333,-0.0314,0.0020
8442,993.3,392.3,85.4215,85.4234,85.4545,-0.0331,-0.0311,0.0020
8443,1000.1,442.8,85.4191,85.4211,85.4518,-0.0327,-0.0307,0.0020
8444,1004.5,433.6,85.4167,85.4187,85.4493,-0.0325,-0.0305,0.0020
8445,1018.7,439.4,85.4144,85.4164,85.4467,-0.0324,-0.0304,0.0020
8446,980.9,453.0,85.4120,85.4140,85.4442,-0.0322,-0.0302,0.0020
8447,999.0,442.9,85.4097,85.4117,85.4415,-0.0317,-0.0298,0.0020
8448,1000.0,441.4,85.4074,85.4094,85.4390,-0.0316,-0.0297,0.0020
8449,1000.0,438.5,85.4051,85.4070,85.4366,-0.0316,-0.0296,0.0020
8450,1001.7,402.6,85.4027,85.4047,85.4343,-0.0316,-0.0296,0.0020
8451,999.9,420.3,85.4004,85.4024,85.4320,-0.0315,-0.0296,0.0020
8452,999.6,463.8,85.3981,85.4001,85.4320,-0.0338,-0.0319,0.0020
8453,999.3,463.4,85.3958,85.3978,85.4294,-0.0336,-0.0316,0.0020
8454,1001.0,469.6,85.3935,85.3955,85.4270,-0.0335,-0.0315,0.0020
8455,1001.1,462.8,85.3913,85.3933,85.4245,-0.0332,-0.0312,0.0020
8456,999.7,450.2,85.3890,85.3910,85.4217,-0.0327,-0.0307,0.0020
8457,1007.3,437.2,85.3867,85.3887,85.4190,-0.0322,-0.0302,0.0020
8458,994.1,469.9,85.3845,85.3865,85.4162,-0.0318,-0.0297,0.0020
8459,1003.7,437.3,85.3822,85.3842,85.4136,-0.0313,-0.0293,0.0020
8460,997.0,490.5,85.3800,85.3820,85.4107,-0.0307,-0.0287,0.0020
8461,1007.5,421.0,85.3777,85.3798,85.4081,-0.0304,-0.0283,0.0020
8462,1322.2,318.1,85.3755,85.3775,85.4057,-0.0302,-0.0282,0.0020
8463,687.6,442.0,85.3733,85.3753,85.4034,-0.0301,-0.0280,0.0020
8464,982.2,477.6,85.3711,85.3731,85.4010,-0.0299,-0.0279,0.0020
8465,1007.9,422.8,85.3689,85.3709,85.3989,-0.0300,-0.0280,0.0020
8466,1126.2,357.4,85.3667,85.3687,85.3967,-0.0300,-0.0280,0.0020
8467,869.7,452.0,85.3645,85.3665,85.3945,-0.0301,-0.0280,0.0020
8468,994.7,493.1,85.3623,85.3643,85.3921,-0.0298,-0.0278,0.0021
8469,1002.2,472.6,85.3601,85.3622,85.3898,-0.0297,-0.0276,0.0021
8470,996.0,485.9,85.3580,85.3600,85.3874,-0.0294,-0.0274,0.0021
8471,997.5,480.1,85.3558,85.3579,85.3849,-0.0292,-0.0271,0.0021
8472,1000.9,491.1,85.3536,85.3557,85.3822,-0.0286,-0.0265,0.0021
8473,1000.7,494.3,85.3515,85.3536,85.3798,-0.0283,-0.0262,0.0021
8474,1004.4,487.6,85.3493,85.3514,85.3772,-0.0278,-0.0258,0.0021
8475,996.1,452.2,85.3472,85.3493,85.3747,-0.0275,-0.0254,0.0021
8476,1001.1,414.6,85.3451,85.3472,85.3720,-0.0269,-0.0248,0.0021
8477,997.7,419.3,85.3430,85.3451,85.3696,-0.0266,-0.0245,0.0021
8478,1005.1,426.1,85.3409,85.3430,85.3673,-0.0264,-0.0243,0.0021
8479,989.1,448.7,85.3388,85.3409,85.3652,-0.0264,-0.0243,0.0021
8480,1008.5,453.9,85.3367,85.3388,85.3630,-0.0264,-0.0243,0.0021
8481,1044.2,428.7,85.3346,85.3367,85.3612,-0.0266,-0.0245,0.0021
8482,963.2,436.9,85.3325,85.3346,85.3593,-0.0268,-0.0247,0.0021
8483,992.6,454.7,85.3304,85.3325,85.3574,-0.0270,-0.0249,0.0021
8484,1000.2,443.6,85.3284,85.3305,85.3551,-0.0268,-0.0247,0.0021
8485,999.5,448.9,85.3263,85.3284,85.3531,-0.0267,-0.0246,0.0021
8486,998.4,463.1,85.3243,85.3264,85.3509,-0.0267,-0.0246,0.0021
8487,1002.7,465.8,85.3222,85.3243,85.3489,-0.0267,-0.0246,0.0021
8488,997.9,443.4,85.3202,85.3223,85.3468,-0.0267,-0.0245,0.0021
8489,1000.3,455.2,85.3181,85.3203,85.3449,-0.0268,-0.0247,0.0021
8490,997.0,469.5,85.3161,85.3183,85.3430,-0.0269,-0.0248,0.0021
8491,1000.2,425.4,85.3141,85.3163,85.3411,-0.0269,-0.0248,0.0021
8492,1001.5,448.5,85.3121,85.3143,85.3390,-0.0269,-0.0248,0.0021
8493,1000.5,457.8,85.3101,85.3123,85.3371,-0.0270,-0.0249,0.0021
8494,999.7,475.6,85.3081,85.3103,85.3352,-0.0271,-0.0250,0.0021
8495,997.8,495.3,85.3061,85.3083,85.3334,-0.0272,-0.0251,0.0022
8496,1001.9,460.9,85.3042,85.3063,85.3314,-0.0272,-0.0251,0.0022
8497,999.9,456.0,85.3022,85.3044,85.3296,-0.0274,-0.0252,0.0022
8498,999.9,433.9,85.3002,85.3024,85.3278,-0.0275,-0.0254,0.0022
8499,1000.6,442.1,85.2983,85.3005,85.3261,-0.0278,-0.0256,0.0022
8500,1005.2,432.3,85.2963,85.2985,85.3244,-0.0281,-0.0259,0.0022
8501,1004.8,450.5,85.2944,85.2966,85.3231,-0.0287,-0.0265,0.0022
8502,994.0,429.2,85.2925,85.2946,85.3217,-0.0292,-0.0271,0.0022
8503,999.6,434.1,85.2905,85.2927,85.3203,-0.0298,-0.0276,0.0022
8504,999.7,422.4,85.2886,85.2908,85.3188,-0.0302,-0.0280,0.0022
8505,996.6,464.6,85.2867,85.2889,85.3174,-0.0306,-0.0284,0.0022
8506,1002.6,462.1,85.2848,85.2870,85.3159,-0.0311,-0.0289,0.0022
8507,999.0,437.9,85.2829,85.2851,85.3145,-0.0315,-0.0293,0.0022
8508,1000.4,475.3,85.2810,85.2832,85.3131,-0.0321,-0.0299,0.0022
8509,999.0,457.0,85.2792,85.2814,85.3116,-0.0325,-0.0303,0.0022
8510,997.3,462.2,85.2773,85.2795,85.3102,-0.0329,-0.0307,0.0022
8511,1001.1,459.2,85.2754,85.2776,85.3086,-0.0332,-0.0310,0.0022
8512,1000.5,462.1,85.2736,85.2758,85.3069,-0.0334,-0.0311,0.0022
8513,999.7,469.7,85.2717,85.2740,85.3051,-0.0334,-0.0312,0.0022
8514,998.6,452.8,85.2699,85.2721,85.3033,-0.0335,-0.0312,0.0022
8515,1001.0,438.9,85.2681,85.2703,85.3015,-0.0335,-0.0313,0.0022
8516,1000.5,473.1,85.2662,85.2685,85.2997,-0.0335,-0.0313,0.0022
8517,1033.2,408.4,85.2644,85.2667,85.2979,-0.0335,-0.0312,0.0022
8518,967.0,449.9,85.2626,85.2648,85.2962,-0.0336,-0.0314,0.0022
8519,1001.4,966.9,85.2608,85.2630,85.2945,-0.0337,-0.0314,0.0022
8520,972.9,576.6,85.2590,85.2613,85.2928,-0.0338,-0.0315,0.0022
8521,1029.1,457.8,85.2572,85.2595,85.2910,-0.0337,-0.0315,0.0023
8522,1166.2,396.6,85.2554,85.2577,85.2892,-0.0337,-0.0315,0.0023
8523,833.8,426.2,85.2537,85.2559,85.2874,-0.0338,-0.0315,0.0023
8524,999.0,667.1,85.2519,85.2542,85.2855,-0.0336,-0.0314,0.0023
8525,1000.3,451.4,85.2502,85.2524,85.2835,-0.0333,-0.0311,0.0023
8526,997.6,466.9,85.2484,85.2507,85.2815,-0.0331,-0.0309,0.0023
8527,1000.0,441.1,85.2467,85.2489,85.2796,-0.0330,-0.0307,0.0023
8528,998.9,502.1,85.2449,85.2472,85.2777,-0.0327,-0.0305,0.0023
8529,1002.0,499.0,85.2432,85.2455,85.2757,-0.0325,-0.0302,0.0023
8530,997.7,481.1,85.2415,85.2438,85.2739,-0.0324,-0.0301,0.0023
8531,1009.6,505.0,85.2398,85.2421,85.2721,-0.0323,-0.0301,0.0023
8532,994.5,488.7,85.2381,85.2404,85.2703,-0.0322,-0.0299,0.0023
8533,996.4,470.0,85.2364,85.2387,85.2681,-0.0318,-0.0295,0.0023
8534,1000.0,483.3,85.2347,85.2370,85.2662,-0.0315,-0.0292,0.0023
8535,985.6,508.6,85.2330,85.2353,85.2643,-0.0313,-0.0290,0.0023
8536,1015.2,468.8,85.2313,85.2336,85.2625,-0.0311,-0.0288,0.0023
8537,1002.5,487.2,85.2297,85.2320,85.2604,-0.0307,-0.0284,0.0023
8538,1046.4,394.8,85.2280,85.2303,85.2583,-0.0303,-0.0280,0.0023
8539,939.9,432.7,85.2264,85.2287,85.2561,-0.0298,-0.0275,0.0023
8540,1015.2,436.6,85.2247,85.2270,85.2539,-0.0292,-0.0269,0.0023
8541,999.0,411.2,85.2231,85.2254,85.2516,-0.0285,-0.0262,0.0023
8542,1015.8,391.6,85.2214,85.2238,85.2495,-0.0280,-0.0257,0.0023
8543,982.7,465.4,85.2198,85.2222,85.2474,-0.0275,-0.0252,0.0023
8544,1002.8,452.9,85.2182,85.2206,85.2453,-0.0271,-0.0247,0.0023
8545,998.0,458.1,85.2166,85.2190,85.2431,-0.0265,-0.0242,0.0023
8546,1002.8,445.4,85.2150,85.2174,85.2412,-0.0262,-0.0238,0.0023
8547,994.8,631.1,85.2134,85.2158,85.2392,-0.0258,-0.0235,0.0023
8548,1023.5,445.7,85.2118,85.2142,85.2372,-0.0254,-0.0230,0.0024
8549,977.2,487.2,85.2103,85.2126,85.2352,-0.0249,-0.0225,0.0024
8550,1884.6,533.4,85.2087,85.2111,85.2309,-0.0221,-0.0198,0.0024
8551,543.0,282.2,85.2071,85.2095,85.2309,-0.0237,-0.0213,0.0024
8552,576.0,428.3,85.2056,85.2080,85.2289,-0.0233,-0.0210,0.0024
8553,996.7,469.4,85.2041,85.2064,85.2271,-0.0230,-0.0207,0.0024
8554,998.6,671.6,85.2025,85.2049,85.2251,-0.0226,-0.0202,0.0024
8555,1000.4,442.0,85.2010,85.2034,85.2231,-0.0221,-0.0197,0.0024
8556,1000.9,439.6,85.1995,85.2019,85.2211,-0.0216,-0.0192,0.0024
8557,1030.2,411.7,85.1980,85.2003,85.2190,-0.0210,-0.0186,0.0024
8558,983.4,432.2,85.1964,85.1988,85.2168,-0.0204,-0.0180,0.0024
8559,987.1,415.7,85.1950,85.1973,85.2150,-0.0201,-0.0177,0.0024
8560,999.9,581.2,85.1935,85.1959,85.2133,-0.0198,-0.0174,0.0024
8561,1005.9,434.8,85.1920,85.1944,85.2116,-0.0196,-0.0172,0.0024
8562,995.8,418.9,85.1905,85.1929,85.2096,-0.0191,-0.0167,0.0024
8563,999.7,433.9,85.1890,85.1914,85.2077,-0.0187,-0.0163,0.0024
8564,999.9,455.9,85.1876,85.1900,85.2060,-0.0185,-0.0161,0.0024
8565,999.8,451.6,85.1861,85.1885,85.2045,-0.0184,-0.0160,0.0024
8566,1004.7,414.7,85.1847,85.1871,85.2030,-0.0184,-0.0159,0.0024
8567,993.8,500.5,85.1832,85.1857,85.2017,-0.0184,-0.0160,0.0024
8568,1000.4,505.3,85.1818,85.1842,85.2004,-0.0186,-0.0162,0.0024
8569,997.9,681.7,85.1804,85.1828,85.1991,-0.0187,-0.0162,0.0024
8570,999.8,520.2,85.1790,85.1814,85.1975,-0.0186,-0.0161,0.0024
8571,999.8,495.7,85.1776,85.1800,85.1960,-0.0184,-0.0160,0.0024
8572,1002.0,499.7,85.1762,85.1786,85.1944,-0.0183,-0.0158,0.0024
8573,998.7,492.6,85.1748,85.1772,85.1929,-0.0181,-0.0157,0.0024
8574,999.4,481.7,85.1734,85.1759,85.1912,-0.0178,-0.0154,0.0025
8575,986.2,490.9,85.1720,85.1745,85.1898,-0.0178,-0.0153,0.0025
8576,1016.7,735.5,85.1707,85.1731,85.1884,-0.0177,-0.0153,0.0025
8577,1008.4,421.5,85.1693,85.1718,85.1870,-0.0177,-0.0153,0.0025
8578,991.6,421.1,85.1680,85.1704,85.1856,-0.0176,-0.0152,0.0025
8579,999.1,436.0,85.1666,85.1691,85.1841,-0.0175,-0.0150,0.0025
8580,1001.8,571.5,85.1653,85.1678,85.1828,-0.0175,-0.0150,0.0025
8581,1006.4,455.9,85.1640,85.1664,85.1815,-0.0175,-0.0150,0.0025
8582,995.3,425.5,85.1626,85.1651,85.1801,-0.0174,-0.0149,0.0025
8583,997.5,454.4,85.1613,85.1638,85.1787,-0.0174,-0.0149,0.0025
8584,1002.1,483.6,85.1600,85.1625,85.1773,-0.0173,-0.0148,0.0025
8585,995.2,455.8,85.1587,85.1612,85.1756,-0.0169,-0.0144,0.0025
8586,994.6,460.1,85.1574,85.1599,85.1737,-0.0163,-0.0138,0.0025
8587,1009.4,498.8,85.1561,85.1586,85.1720,-0.0159,-0.0134,0.0025
8588,999.2,495.1,85.1549,85.1574,85.1703,-0.0155,-0.0130,0.0025
8589,1001.2,479.4,85.1536,85.1561,85.1689,-0.0153,-0.0128,0.0025
8590,997.8,497.6,85.1523,85.1549,85.1672,-0.0149,-0.0124,0.0025
8591,1000.1,499.4,85.1511,85.1536,85.1657,-0.0146,-0.0121,0.0025
8592,997.0,475.9,85.1499,85.1524,85.1642,-0.0143,-0.0118,0.0025
8593,1001.1,507.4,85.1486,85.1511,85.1628,-0.0142,-0.0116,0.0025
8594,997.4,517.7,85.1474,85.1499,85.1612,-0.0139,-0.0113,0.0025
8595,1002.8,446.9,85.1462,85.1487,85.1598,-0.0137,-0.0111,0.0025
8596,1004.3,454.6,85.1450,85.1475,85.1585,-0.0135,-0.0110,0.0025
8597,1008.8,456.9,85.1438,85.1463,85.1571,-0.0133,-0.0108,0.0025
8598,1004.8,420.9,85.1426,85.1451,85.1555,-0.0130,-0.0104,0.0025
8599,984.6,463.5,85.1414,85.1439,85.1541,-0.0127,-0.0101,0.0025
8600,1008.3,459.6,85.1402,85.1427,85.1526,-0.0124,-0.0098,0.0026
8601,1012.7,424.5,85.1390,85.1416,85.1513,-0.0123,-0.0097,0.0026
8602,989.5,439.9,85.1378,85.1404,85.1501,-0.0122,-0.0097,0.0026
8603,991.7,443.8,85.1367,85.1393,85.1489,-0.0122,-0.0096,0.0026
8604,998.1,427.2,85.1355,85.1381,85.1478,-0.0123,-0.0097,0.0026
8605,1000.2,444.2,85.1344,85.1370,85.1467,-0.0123,-0.0097,0.0026
8606,1000.7,441.7,85.1333,85.1358,85.1452,-0.0120,-0.0094,0.0026
8607,999.5,428.8,85.1321,85.1347,85.1442,-0.0121,-0.0095,0.0026
8608,999.6,444.3,85.1310,85.1336,85.1428,-0.0118,-0.0092,0.0026
8609,999.6,433.6,85.1299,85.1325,85.1416,-0.0117,-0.0091,0.0026
8610,1000.9,432.4,85.1288,85.1314,85.1404,-0.0116,-0.0090,0.0026
8611,998.2,444.6,85.1277,85.1303,85.1393,-0.0116,-0.0090,0.0026
8612,1000.4,423.9,85.1266,85.1292,85.1381,-0.0115,-0.0089,0.0026
8613,998.5,434.1,85.1255,85.1281,85.1368,-0.0112,-0.0086,0.0026
8614,1001.7,450.9,85.1245,85.1271,85.1355,-0.0110,-0.0084,0.0026
8615,1367.0,319.9,85.1234,85.1260,85.1342,-0.0108,-0.0081,0.0026
8616,633.5,428.9,85.1223,85.1250,85.1327,-0.0103,-0.0077,0.0026
8617,999.8,475.3,85.1213,85.1239,85.1313,-0.0100,-0.0074,0.0026
8618,1003.9,481.3,85.1203,85.1229,85.1300,-0.0098,-0.0071,0.0026
8619,1003.8,510.1,85.1192,85.1218,85.1288,-0.0095,-0.0069,0.0026
8620,1017.0,469.9,85.1182,85.1208,85.1276,-0.0094,-0.0067,0.0026
8621,979.2,494.6,85.1172,85.1198,85.1264,-0.0092,-0.0066,0.0026
8622,1009.4,468.6,85.1162,85.1188,85.1251,-0.0089,-0.0063,0.0026
8623,996.7,486.0,85.1152,85.1178,85.1239,-0.0087,-0.0061,0.0026
8624,993.2,452.5,85.1142,85.1168,85.1228,-0.0087,-0.0060,0.0026
8625,995.9,475.4,85.1132,85.1158,85.1217,-0.0085,-0.0059,0.0027
8626,997.0,441.2,85.1122,85.1149,85.1217,-0.0095,-0.0069,0.0027
8627,1006.0,432.7,85.1112,85.1139,85.1206,-0.0094,-0.0067,0.0027
8628,1000.3,444.1,85.1103,85.1129,85.1197,-0.0094,-0.0067,0.0027
8629,997.8,473.7,85.1093,85.1120,85.1187,-0.0094,-0.0068,0.0027
8630,1000.0,469.5,85.1084,85.1110,85.1178,-0.0094,-0.0067,0.0027
8631,1001.5,468.2,85.1074,85.1101,85.1168,-0.0094,-0.0067,0.0027
8632,997.9,466.3,85.1065,85.1092,85.1158,-0.0094,-0.0067,0.0027
8633,998.8,455.8,85.1056,85.1082,85.1149,-0.0093,-0.0066,0.0027
8634,1000.5,977.6,85.1046,85.1073,85.1138,-0.0092,-0.0065,0.0027
8635,983.3,493.5,85.1037,85.1064,85.1130,-0.0093,-0.0066,0.0027
8636,1017.9,457.4,85.1028,85.1055,85.1123,-0.0095,-0.0068,0.0027
8637,1132.3,575.5,85.1019,85.1046,85.1116,-0.0097,-0.0070,0.0027
8638,1183.5,472.7,85.1011,85.1038,85.1110,-0.0099,-0.0072,0.0027
8639,680.9,463.3,85.1002,85.1029,85.1104,-0.0103,-0.0076,0.0027
8640,1003.1,442.4,85.0993,85.1020,85.1099,-0.0106,-0.0079,0.0027
8641,996.6,436.4,85.0985,85.1012,85.1092,-0.0107,-0.0080,0.0027
8642,999.2,468.9,85.0976,85.1003,85.1084,-0.0108,-0.0081,0.0027
8643,999.8,488.9,85.0968,85.0995,85.1076,-0.0109,-0.0081,0.0027
8644,1000.3,456.9,85.0959,85.0986,85.1068,-0.0109,-0.0082,0.0027
8645,1001.2,573.8,85.0951,85.0978,85.1060,-0.0109,-0.0082,0.0027
8646,972.4,488.8,85.0943,85.0970,85.1050,-0.0107,-0.0080,0.0027
8647,992.0,500.7,85.0934,85.0962,85.1041,-0.0106,-0.0079,0.0027
8648,1008.2,474.1,85.0926,85.0954,85.1032,-0.0106,-0.0079,0.0027
8649,1007.5,469.9,85.0918,85.0946,85.1025,-0.0106,-0.0079,0.0027
8650,992.5,493.2,85.0910,85.0938,85.1017,-0.0107,-0.0079,0.0027
8651,1000.9,474.9,85.0903,85.0930,85.1010,-0.0107,-0.0079,0.0028
8652,1057.1,2670.8,85.0895,85.0922,85.1003,-0.0108,-0.0080,0.0028
8653,2675.2,349.4,85.0887,85.0915,85.0979,-0.0092,-0.0064,0.0028
8654,351.4,354.2,85.0880,85.0907,85.0979,-0.0099,-0.0072,0.0028
8655,355.8,239.5,85.0872,85.0900,85.0979,-0.0107,-0.0079,0.0028
8656,578.9,418.2,85.0865,85.0892,85.0971,-0.0106,-0.0079,0.0028
8657,1010.2,395.7,85.0857,85.0885,85.0963,-0.0105,-0.0078,0.0028
8658,992.6,455.5,85.0850,85.0878,85.0954,-0.0104,-0.0076,0.0028
8659,1000.0,470.5,85.0843,85.0871,85.0946,-0.0104,-0.0076,0.0028
8660,1006.4,462.1,85.0836,85.0864,85.0939,-0.0104,-0.0076,0.0028
8661,1009.3,444.0,85.0829,85.0857,85.0932,-0.0103,-0.0075,0.0028
8662,998.5,486.5,85.0822,85.0850,85.0925,-0.0103,-0.0075,0.0028
8663,1000.2,451.8,85.0815,85.0843,85.0918,-0.0103,-0.0075,0.0028
8664,999.2,469.7,85.0808,85.0836,85.0911,-0.0103,-0.0075,0.0028
8665,1000.5,462.2,85.0801,85.0829,85.0904,-0.0103,-0.0075,0.0028
8666,1011.9,433.4,85.0795,85.0823,85.0897,-0.0103,-0.0075,0.0028
8667,3647.2,517.7,85.0788,85.0816,85.0874,-0.0086,-0.0058,0.0028
8668,528.0,964.7,85.0781,85.0810,85.0874,-0.0092,-0.0064,0.0028
8669,970.7,388.4,85.0775,85.0803,85.0868,-0.0093,-0.0065,0.0028
8670,395.5,321.0,85.0769,85.0797,85.0868,-0.0099,-0.0071,0.0028
8671,326.2,288.2,85.0762,85.0791,85.0862,-0.0100,-0.0071,0.0028
8672,293.6,293.0,85.0756,85.0785,85.0862,-0.0106,-0.0077,0.0028
8673,813.8,453.5,85.0750,85.0778,85.0856,-0.0106,-0.0078,0.0028
8674,997.1,484.6,85.0744,85.0772,85.0851,-0.0107,-0.0078,0.0028
8675,1006.8,446.3,85.0738,85.0767,85.0846,-0.0108,-0.0080,0.0028
8676,998.5,485.3,85.0732,85.0761,85.0841,-0.0109,-0.0080,0.0029
8677,998.1,488.8,85.0726,85.0755,85.0836,-0.0109,-0.0081,0.0029
8678,999.1,3720.3,85.0721,85.0749,85.0830,-0.0109,-0.0080,0.0029
8679,3725.6,356.7,85.0715,85.0744,85.0801,-0.0086,-0.0057,0.0029
8680,359.2,364.3,85.0710,85.0738,85.0801,-0.0091,-0.0063,0.0029
8681,366.6,269.0,85.0704,85.0733,85.0801,-0.0097,-0.0068,0.0029
8682,271.2,310.8,85.0699,85.0727,85.0793,-0.0095,-0.0066,0.0029
8683,313.0,396.6,85.0693,85.0722,85.0793,-0.0100,-0.0071,0.0029
8684,963.4,436.5,85.0688,85.0717,85.0787,-0.0099,-0.0070,0.0029
8685,1009.0,428.0,85.0683,85.0712,85.0782,-0.0099,-0.0070,0.0029
8686,990.0,438.9,85.0678,85.0707,85.0776,-0.0099,-0.0070,0.0029
8687,995.4,423.3,85.0673,85.0702,85.0772,-0.0099,-0.0070,0.0029
8688,1005.7,446.8,85.0668,85.0697,85.0768,-0.0100,-0.0071,0.0029
8689,998.3,447.0,85.0663,85.0692,85.0763,-0.0100,-0.0071,0.0029
8690,998.2,403.0,85.0658,85.0687,85.0757,-0.0099,-0.0070,0.0029
8691,1000.3,542.3,85.0654,85.0683,85.0751,-0.0098,-0.0069,0.0029
8692,996.0,407.9,85.0649,85.0678,85.0746,-0.0097,-0.0068,0.0029
8693,1014.4,440.6,85.0644,85.0674,85.0740,-0.0096,-0.0067,0.0029
8694,1000.4,450.3,85.0640,85.0669,85.0735,-0.0095,-0.0066,0.0029
8695,991.1,463.0,85.0636,85.0665,85.0732,-0.0096,-0.0067,0.0029
8696,999.0,461.7,85.0631,85.0661,85.0729,-0.0098,-0.0068,0.0029
8697,1000.5,452.1,85.0627,85.0656,85.0727,-0.0100,-0.0070,0.0029
8698,1000.4,451.2,85.0623,85.0652,85.0724,-0.0101,-0.0072,0.0029
8699,998.9,428.6,85.0619,85.0648,85.0721,-0.0102,-0.0073,0.0029
8700,1000.7,454.4,85.0615,85.0644,85.0717,-0.0103,-0.0073,0.0029
8701,999.5,443.4,85.0611,85.0640,85.0714,-0.0103,-0.0073,0.0029
8702,999.6,454.6,85.0607,85.0637,85.0708,-0.0101,-0.0072,0.0030
8703,1001.4,466.7,85.0603,85.0633,85.0703,-0.0099,-0.0070,0.0030
8704,998.8,447.1,85.0600,85.0629,85.0697,-0.0098,-0.0068,0.0030
8705,999.9,466.9,85.0596,85.0626,85.0692,-0.0096,-0.0066,0.0030
8706,1000.2,449.3,85.0593,85.0622,85.0687,-0.0094,-0.0065,0.0030
8707,999.8,435.4,85.0589,85.0619,85.0684,-0.0094,-0.0065,0.0030
8708,1011.2,446.1,85.0586,85.0616,85.0681,-0.0095,-0.0065,0.0030
8709,993.4,450.6,85.0583,85.0612,85.0678,-0.0096,-0.0066,0.0030
8710,1000.0,432.2,85.0579,85.0609,85.0676,-0.0096,-0.0066,0.0030
8711,1002.3,434.5,85.0576,85.0606,85.0672,-0.0096,-0.0066,0.0030
8712,1008.6,461.6,85.0573,85.0603,85.0669,-0.0096,-0.0066,0.0030
8713,1001.1,466.2,85.0570,85.0600,85.0665,-0.0095,-0.0065,0.0030
8714,1001.7,421.1,85.0567,85.0597,85.0661,-0.0094,-0.0064,0.0030
8715,998.1,476.8,85.0565,85.0595,85.0658,-0.0093,-0.0063,0.0030
8716,1017.9,397.8,85.0562,85.0592,85.0655,-0.0093,-0.0063,0.0030
8717,958.5,474.1,85.0559,85.0589,85.0652,-0.0093,-0.0063,0.0030
8718,1020.7,478.5,85.0557,85.0587,85.0649,-0.0093,-0.0063,0.0030
8719,1000.6,474.7,85.0554,85.0584,85.0647,-0.0092,-0.0062,0.0030
8720,993.6,509.7,85.0552,85.0582,85.0644,-0.0093,-0.0062,0.0030
8721,1000.3,483.3,85.0549,85.0580,85.0642,-0.0092,-0.0062,0.0030
8722,1000.5,421.7,85.0547,85.0577,85.0638,-0.0091,-0.0061,0.0030
8723,1001.1,482.3,85.0545,85.0575,85.0635,-0.0090,-0.0060,0.0030
8724,997.8,466.6,85.0543,85.0573,85.0631,-0.0088,-0.0058,0.0030
8725,999.7,440.3,85.0541,85.0571,85.0627,-0.0086,-0.0056,0.0030
8726,999.4,466.0,85.0539,85.0569,85.0622,-0.0083,-0.0053,0.0030
8727,1002.0,468.7,85.0537,85.0568,85.0618,-0.0081,-0.0050,0.0031
8728,999.0,462.4,85.0535,85.0566,85.0613,-0.0078,-0.0048,0.0031
8729,999.4,472.4,85.0534,85.0564,85.0610,-0.0076,-0.0045,0.0031
8730,1000.7,472.8,85.0532,85.0563,85.0605,-0.0073,-0.0043,0.0031
8731,1000.2,449.4,85.0530,85.0561,85.0601,-0.0071,-0.0040,0.0031
8732,1001.9,473.5,85.0529,85.0560,85.0598,-0.0069,-0.0038,0.0031
8733,999.3,426.0,85.0528,85.0558,85.0595,-0.0067,-0.0036,0.0031
8734,999.8,450.0,85.0526,85.0557,85.0592,-0.0066,-0.0035,0.0031
8735,1000.0,481.9,85.0525,85.0556,85.0589,-0.0064,-0.0033,0.0031
8736,1000.1,442.4,85.0524,85.0555,85.0586,-0.0062,-0.0031,0.0031
8737,1013.0,434.6,85.0523,85.0554,85.0583,-0.0061,-0.0030,0.0031
8738,958.4,543.6,85.0522,85.0553,85.0580,-0.0058,-0.0027,0.0031
8739,1033.7,441.6,85.0521,85.0552,85.0577,-0.0056,-0.0025,0.0031
8740,997.2,488.8,85.0520,85.0551,85.0574,-0.0054,-0.0023,0.0031
8741,999.2,501.8,85.0519,85.0550,85.0571,-0.0052,-0.0021,0.0031
8742,997.7,501.1,85.0519,85.0550,85.0568,-0.0049,-0.0018,0.0031
8743,1000.6,526.6,85.0518,85.0549,85.0566,-0.0048,-0.0017,0.0031
8744,999.3,530.4,85.0518,85.0549,85.0564,-0.0046,-0.0015,0.0031
8745,1000.0,523.4,85.0517,85.0548,85.0562,-0.0044,-0.0013,0.0031
8746,999.9,483.4,85.0517,85.0548,85.0560,-0.0043,-0.0012,0.0031
8747,1000.9,522.0,85.0517,85.0548,85.0559,-0.0042,-0.0011,0.0031
8748,999.4,503.9,85.0516,85.0548,85.0558,-0.0041,-0.0010,0.0031
8749,1000.1,524.0,85.0516,85.0548,85.0556,-0.0040,-0.0008,0.0031
8750,999.5,525.3,85.0516,85.0548,85.0554,-0.0038,-0.0006,0.0031
8751,1000.6,510.3,85.0516,85.0548,85.0552,-0.0036,-0.0005,0.0031
8752,999.9,514.6,85.0516,85.0548,85.0550,-0.0034,-0.0002,0.0032
8753,1000.2,505.8,85.0517,85.0548,85.0547,-0.0031,0.0001,0.0032
8754,1001.8,433.7,85.0517,85.0548,85.0545,-0.0028,0.0004,0.0032
8755,998.4,498.4,85.0517,85.0549,85.0542,-0.0025,0.0007,0.0032
8756,1004.8,481.4,85.0518,85.0549,85.0539,-0.0022,0.0010,0.0032
8757,997.4,485.7,85.0518,85.0550,85.0536,-0.0018,0.0013,0.0032
8758,1002.2,483.6,85.0519,85.0550,85.0534,-0.0016,0.0016,0.0032
8759,997.3,481.2,85.0519,85.0551,85.0532,-0.0013,0.0019,0.0032
8760,999.5,476.4,85.0520,85.0552,85.0531,-0.0011,0.0021,0.0032
8761,1000.0,501.2,85.0521,85.0553,85.0530,-0.0009,0.0023,0.0032
8762,1000.1,500.5,85.0522,85.0554,85.0529,-0.0007,0.0025,0.0032
8763,998.6,490.6,85.0523,85.0555,85.0528,-0.0005,0.0026,0.0032
8764,1000.1,494.6,85.0524,85.0556,85.0528,-0.0004,0.0028,0.0032
8765,999.2,507.4,85.0525,85.0557,85.0528,-0.0003,0.0029,0.0032
8766,999.7,483.9,85.0526,85.0558,85.0527,-0.0001,0.0031,0.0032
8767,1000.1,494.5,85.0528,85.0560,85.0526,0.0001,0.0034,0.0032
8768,1002.1,536.0,85.0529,85.0561,85.0525,0.0004,0.0036,0.0032
8769,998.4,518.9,85.0530,85.0563,85.0525,0.0006,0.0038,0.0032
8770,999.6,522.5,85.0532,85.0564,85.0523,0.0009,0.0041,0.0032
8771,1001.0,497.2,85.0534,85.0566,85.0522,0.0011,0.0044,0.0032
8772,999.8,485.2,85.0535,85.0568,85.0521,0.0014,0.0046,0.0032
8773,1001.5,522.5,85.0537,85.0569,85.0520,0.0017,0.0049,0.0032
8774,998.5,510.4,85.0539,85.0571,85.0520,0.0019,0.0052,0.0032
8775,1001.6,493.4,85.0541,85.0573,85.0519,0.0022,0.0054,0.0032
8776,998.4,526.2,85.0543,85.0575,85.0519,0.0024,0.0056,0.0032
8777,1001.6,516.2,85.0545,85.0577,85.0519,0.0026,0.0058,0.0032
8778,1014.3,491.5,85.0547,85.0580,85.0519,0.0028,0.0061,0.0033
8779,987.2,449.9,85.0549,85.0582,85.0519,0.0030,0.0063,0.0033
8780,999.2,493.7,85.0552,85.0584,85.0519,0.0033,0.0065,0.0033
8781,998.9,451.9,85.0554,85.0587,85.0519,0.0035,0.0068,0.0033
8782,1000.6,490.0,85.0557,85.0589,85.0519,0.0038,0.0070,0.0033
8783,1000.2,488.2,85.0559,85.0592,85.0519,0.0040,0.0073,0.0033
8784,1000.7,450.6,85.0562,85.0595,85.0519,0.0043,0.0075,0.0033
8785,996.9,496.3,85.0565,85.0597,85.0519,0.0045,0.0078,0.0033
8786,999.8,481.3,85.0567,85.0600,85.0520,0.0048,0.0081,0.0033
8787,1000.8,447.9,85.0570,85.0603,85.0520,0.0051,0.0083,0.0033
8788,1000.3,488.1,85.0573,85.0606,85.0520,0.0054,0.0086,0.0033
8789,1020.7,467.1,85.0576,85.0609,85.0520,0.0057,0.0090,0.0033
8790,979.4,466.7,85.0579,85.0612,85.0520,0.0059,0.0092,0.0033
8791,999.2,489.6,85.0583,85.0616,85.0520,0.0062,0.0095,0.0033
8792,999.6,474.5,85.0586,85.0619,85.0520,0.0066,0.0099,0.0033
8793,1001.0,463.3,85.0589,85.0622,85.0520,0.0069,0.0102,0.0033
8794,1001.3,520.8,85.0593,85.0626,85.0521,0.0072,0.0105,0.0033
8795,998.0,505.5,85.0596,85.0629,85.0521,0.0075,0.0109,0.0033
8796,1002.2,464.1,85.0600,85.0633,85.0521,0.0079,0.0112,0.0033
8797,998.2,455.4,85.0603,85.0637,85.0521,0.0082,0.0115,0.0033
8798,1001.7,470.8,85.0607,85.0640,85.0521,0.0086,0.0119,0.0033
8799,1000.1,488.0,85.0611,85.0644,85.0522,0.0089,0.0123,0.0033
8800,1000.2,513.3,85.0615,85.0648,85.0522,0.0093,0.0126,0.0033
8801,999.7,505.8,85.0619,85.0652,85.0522,0.0097,0.0130,0.0033
8802,999.7,482.9,85.0623,85.0656,85.0523,0.0100,0.0133,0.0033
8803,1000.2,512.7,85.0627,85.0661,85.0523,0.0104,0.0137,0.0034
8804,1003.9,497.8,85.0631,85.0665,85.0523,0.0108,0.0141,0.0034
8805,996.2,508.3,85.0636,85.0669,85.0524,0.0112,0.0145,0.0034
8806,1001.2,510.1,85.0640,85.0674,85.0525,0.0115,0.0149,0.0034
8807,997.9,463.7,85.0644,85.0678,85.0525,0.0119,0.0153,0.0034
8808,999.0,475.6,85.0649,85.0683,85.0526,0.0123,0.0157,0.0034
8809,1000.1,514.4,85.0654,85.0687,85.0527,0.0127,0.0161,0.0034
8810,999.8,510.0,85.0658,85.0692,85.0528,0.0130,0.0164,0.0034
8811,999.3,504.8,85.0663,85.0697,85.0529,0.0134,0.0168,0.0034
8812,1000.2,516.6,85.0668,85.0702,85.0530,0.0138,0.0172,0.0034
8813,1000.4,517.9,85.0673,85.0707,85.0531,0.0142,0.0176,0.0034
8814,1000.1,499.9,85.0678,85.0712,85.0532,0.0146,0.0180,0.0034
8815,999.9,523.9,85.0683,85.0717,85.0533,0.0150,0.0184,0.0034
8816,999.5,496.5,85.0688,85.0722,85.0534,0.0154,0.0188,0.0034
8817,1001.2,477.2,85.0693,85.0727,85.0536,0.0157,0.0191,0.0034
8818,1001.5,454.5,85.0699,85.0733,85.0537,0.0162,0.0196,0.0034
8819,999.9,526.4,85.0704,85.0738,85.0539,0.0165,0.0199,0.0034
8820,1003.6,484.7,85.0710,85.0744,85.0540,0.0170,0.0204,0.0034
8821,997.1,522.3,85.0715,85.0749,85.0541,0.0174,0.0208,0.0034
8822,1000.4,454.1,85.0721,85.0755,85.0543,0.0178,0.0212,0.0034
8823,999.8,515.4,85.0726,85.0761,85.0544,0.0183,0.0217,0.0034
8824,999.1,495.6,85.0732,85.0767,85.0545,0.0187,0.0221,0.0034
8825,999.6,492.5,85.0738,85.0772,85.0547,0.0191,0.0226,0.0034
8826,1000.0,529.2,85.0744,85.0778,85.0549,0.0195,0.0229,0.0034
8827,1000.2,496.0,85.0750,85.0785,85.0551,0.0199,0.0233,0.0034
8828,998.9,478.9,85.0756,85.0791,85.0554,0.0202,0.0237,0.0034
8829,999.1,514.5,85.0762,85.0797,85.0557,0.0205,0.0240,0.0035
8830,999.5,523.7,85.0769,85.0803,85.0561,0.0208,0.0242,0.0035
8831,1000.0,503.9,85.0775,85.0810,85.0566,0.0209,0.0243,0.0035
8832,1000.4,522.9,85.0781,85.0816,85.0573,0.0209,0.0244,0.0035
8833,999.5,516.6,85.0788,85.0823,85.0579,0.0209,0.0244,0.0035
8834,1001.7,496.7,85.0795,85.0829,85.0587,0.0208,0.0243,0.0035
8835,998.3,512.2,85.0801,85.0836,85.0595,0.0206,0.0241,0.0035
8836,1000.1,506.8,85.0808,85.0843,85.0602,0.0205,0.0240,0.0035
8837,1000.9,458.4,85.0815,85.0850,85.0609,0.0206,0.0241,0.0035
8838,1000.4,471.7,85.0822,85.0857,85.0614,0.0207,0.0242,0.0035
8839,1006.7,454.6,85.0829,85.0864,85.0619,0.0210,0.0245,0.0035
8840,995.2,490.3,85.0836,85.0871,85.0624,0.0212,0.0247,0.0035
8841,997.4,515.2,85.0843,85.0878,85.0628,0.0215,0.0250,0.0035
8842,1002.2,513.7,85.0850,85.0885,85.0634,0.0216,0.0251,0.0035
8843,999.3,491.2,85.0857,85.0892,85.0640,0.0217,0.0252,0.0035
8844,1000.0,546.8,85.0865,85.0900,85.0647,0.0218,0.0253,0.0035
8845,999.8,526.1,85.0872,85.0907,85.0653,0.0219,0.0254,0.0035
8846,1002.0,473.3,85.0880,85.0915,85.0660,0.0220,0.0255,0.0035
8847,997.7,472.3,85.0887,85.0922,85.0665,0.0222,0.0257,0.0035
8848,1005.5,469.5,85.0895,85.0930,85.0672,0.0223,0.0258,0.0035
8849,993.9,480.3,85.0903,85.0938,85.0677,0.0226,0.0261,0.0035
8850,999.7,524.9,85.0910,85.0946,85.0682,0.0229,0.0264,0.0035
8851,1000.1,510.6,85.0918,85.0954,85.0686,0.0233,0.0268,0.0035
8852,999.4,469.4,85.0926,85.0962,85.0691,0.0236,0.0271,0.0035
8853,1000.0,514.1,85.0934,85.0970,85.0696,0.0238,0.0274,0.0035
8854,999.7,505.8,85.0943,85.0978,85.0702,0.0241,0.0276,0.0036
8855,1000.8,486.8,85.0951,85.0986,85.0708,0.0243,0.0278,0.0036
8856,1003.0,512.6,85.0959,85.0995,85.0716,0.0243,0.0279,0.0036
8857,996.8,467.0,85.0968,85.1003,85.0723,0.0244,0.0280,0.0036
8858,998.9,441.4,85.0976,85.1012,85.0731,0.0245,0.0281,0.0036
8859,999.1,508.0,85.0985,85.1020,85.0738,0.0246,0.0282,0.0036
8860,1000.8,460.8,85.0993,85.1029,85.0745,0.0248,0.0284,0.0036
8861,1013.3,451.3,85.1002,85.1038,85.0751,0.0251,0.0287,0.0036
8862,989.0,512.7,85.1011,85.1046,85.0756,0.0255,0.0291,0.0036
8863,998.7,507.4,85.1019,85.1055,85.0760,0.0259,0.0295,0.0036
8864,1000.3,486.6,85.1028,85.1064,85.0766,0.0262,0.0298,0.0036
8865,998.7,504.4,85.1037,85.1073,85.0772,0.0265,0.0301,0.0036
8866,1000.9,489.5,85.1046,85.1082,85.0779,0.0268,0.0304,0.0036
8867,999.8,428.9,85.1056,85.1092,85.0786,0.0270,0.0306,0.0036
8868,1000.1,468.4,85.1065,85.1101,85.0794,0.0271,0.0307,0.0036
8869,999.8,476.5,85.1074,85.1110,85.0803,0.0272,0.0308,0.0036
8870,1003.3,524.4,85.1084,85.1120,85.0811,0.0273,0.0309,0.0036
8871,995.5,517.0,85.1093,85.1129,85.0818,0.0275,0.0311,0.0036
8872,999.9,453.2,85.1103,85.1139,85.0826,0.0276,0.0312,0.0036
8873,1000.6,511.3,85.1112,85.1149,85.0834,0.0278,0.0314,0.0036
8874,999.7,513.8,85.1122,85.1158,85.0843,0.0279,0.0315,0.0036
8875,999.1,511.4,85.1132,85.1168,85.0852,0.0280,0.0316,0.0036
8876,999.9,496.2,85.1142,85.1178,85.0862,0.0280,0.0316,0.0036
8877,1001.0,480.9,85.1152,85.1188,85.0872,0.0279,0.0316,0.0036
8878,999.4,487.1,85.1162,85.1198,85.0882,0.0280,0.0316,0.0036
8879,999.8,495.9,85.1172,85.1208,85.0892,0.0280,0.0316,0.0036
8880,999.7,521.1,85.1182,85.1218,85.0902,0.0280,0.0316,0.0037
8881,1001.4,507.0,85.1192,85.1229,85.0912,0.0280,0.0317,0.0037
8882,1000.2,453.4,85.1203,85.1239,85.0921,0.0281,0.0318,0.0037
8883,1000.6,521.3,85.1213,85.1250,85.0930,0.0283,0.0320,0.0037
8884,999.7,510.5,85.1223,85.1260,85.0940,0.0284,0.0320,0.0037
8885,1000.2,528.9,85.1234,85.1271,85.0949,0.0285,0.0322,0.0037
8886,999.7,509.5,85.1245,85.1281,85.0958,0.0286,0.0323,0.0037
8887,1000.5,492.4,85.1255,85.1292,85.0968,0.0288,0.0325,0.0037
8888,999.5,498.2,85.1266,85.1303,85.0979,0.0288,0.0324,0.0037
8889,1002.5,458.5,85.1277,85.1314,85.0989,0.0288,0.0325,0.0037
8890,998.3,483.0,85.1288,85.1325,85.0999,0.0289,0.0326,0.0037
8891,999.0,496.0,85.1299,85.1336,85.1011,0.0288,0.0325,0.0037
8892,1000.9,500.7,85.1310,85.1347,85.1023,0.0287,0.0324,0.0037
8893,999.7,518.4,85.1321,85.1358,85.1034,0.0287,0.0324,0.0037
8894,998.3,523.7,85.1333,85.1370,85.1045,0.0288,0.0325,0.0037
8895,999.5,522.9,85.1344,85.1381,85.1056,0.0288,0.0325,0.0037
8896,999.8,497.3,85.1355,85.1393,85.1067,0.0288,0.0325,0.0037
8897,1001.3,513.4,85.1367,85.1404,85.1078,0.0289,0.0326,0.0037
8898,999.7,501.8,85.1378,85.1416,85.1090,0.0289,0.0326,0.0037
8899,999.4,487.7,85.1390,85.1427,85.1101,0.0289,0.0326,0.0037
8900,999.8,499.1,85.1402,85.1439,85.1114,0.0288,0.0325,0.0037
8901,1000.2,501.1,85.1414,85.1451,85.1127,0.0287,0.0324,0.0037
8902,1005.3,540.9,85.1426,85.1463,85.1139,0.0286,0.0324,0.0037
8903,997.6,488.5,85.1438,85.1475,85.1150,0.0287,0.0325,0.0037
8904,999.8,526.2,85.1450,85.1487,85.1162,0.0288,0.0325,0.0037
8905,999.7,460.5,85.1462,85.1499,85.1171,0.0291,0.0328,0.0038
8906,1004.0,512.7,85.1474,85.1511,85.1181,0.0293,0.0331,0.0038
8907,996.8,517.6,85.1486,85.1524,85.1192,0.0294,0.0332,0.0038
8908,1001.4,477.9,85.1499,85.1536,85.1204,0.0295,0.0332,0.0038
8909,997.7,512.7,85.1511,85.1549,85.1215,0.0296,0.0333,0.0038
8910,999.5,508.0,85.1523,85.1561,85.1227,0.0296,0.0334,0.0038
8911,1000.2,460.8,85.1536,85.1574,85.1239,0.0297,0.0335,0.0038
8912,999.6,515.2,85.1549,85.1586,85.1251,0.0298,0.0335,0.0038
8913,1000.0,508.2,85.1561,85.1599,85.1263,0.0298,0.0336,0.0038
8914,998.5,456.2,85.1574,85.1612,85.1274,0.0300,0.0338,0.0038
8915,1001.3,519.8,85.1587,85.1625,85.1286,0.0301,0.0339,0.0038
8916,999.0,506.6,85.1600,85.1638,85.1299,0.0301,0.0339,0.0038
8917,999.4,459.5,85.1613,85.1651,85.1312,0.0302,0.0340,0.0038
8918,1001.4,548.6,85.1626,85.1664,85.1325,0.0301,0.0339,0.0038
8919,999.4,536.6,85.1640,85.1678,85.1340,0.0300,0.0338,0.0038
8920,999.7,527.1,85.1653,85.1691,85.1354,0.0299,0.0337,0.0038
8921,999.8,549.4,85.1666,85.1704,85.1367,0.0299,0.0337,0.0038
8922,1000.3,508.8,85.1680,85.1718,85.1381,0.0298,0.0336,0.0038
8923,1001.4,509.9,85.1693,85.1731,85.1397,0.0296,0.0335,0.0038
8924,999.4,490.8,85.1707,85.1745,85.1414,0.0293,0.0331,0.0038
8925,1001.6,480.9,85.1720,85.1759,85.1431,0.0289,0.0328,0.0038
8926,1000.7,3745.9,85.1734,85.1772,85.1448,0.0286,0.0325,0.0038
8927,3753.3,351.1,85.1748,85.1786,85.1513,0.0235,0.0273,0.0038
8928,356.2,353.7,85.1762,85.1800,85.1513,0.0249,0.0287,0.0038
8929,359.1,313.4,85.1776,85.1814,85.1513,0.0263,0.0301,0.0038
8930,318.5,297.0,85.1790,85.1828,85.1529,0.0261,0.0299,0.0038
8931,301.9,365.4,85.1804,85.1842,85.1529,0.0275,0.0313,0.0039
8932,919.1,447.2,85.1818,85.1857,85.1546,0.0272,0.0311,0.0039
8933,999.3,463.6,85.1832,85.1871,85.1560,0.0272,0.0311,0.0039
8934,999.8,448.4,85.1847,85.1885,85.1573,0.0274,0.0312,0.0039
8935,997.6,452.6,85.1861,85.1900,85.1586,0.0275,0.0314,0.0039
8936,998.0,460.5,85.1876,85.1914,85.1600,0.0276,0.0315,0.0039
8937,1000.7,452.3,85.1890,85.1929,85.1614,0.0276,0.0315,0.0039
8938,1005.9,449.4,85.1905,85.1944,85.1629,0.0276,0.0314,0.0039
8939,990.4,466.0,85.1920,85.1959,85.1646,0.0274,0.0313,0.0039
8940,1000.2,476.7,85.1935,85.1973,85.1663,0.0272,0.0311,0.0039
8941,1010.2,503.8,85.1950,85.1988,85.1678,0.0272,0.0311,0.0039
8942,997.3,472.1,85.1964,85.2003,85.1693,0.0271,0.0310,0.0039
8943,1004.3,4189.9,85.1980,85.2019,85.1709,0.0271,0.0310,0.0039
8944,4199.5,424.4,85.1995,85.2034,85.1775,0.0219,0.0258,0.0039
8945,452.0,370.3,85.2010,85.2049,85.1790,0.0220,0.0259,0.0039
8946,375.8,517.2,85.2025,85.2064,85.1790,0.0235,0.0274,0.0039
8947,525.4,383.3,85.2041,85.2080,85.1790,0.0250,0.0289,0.0039
8948,390.9,491.2,85.2056,85.2095,85.1805,0.0251,0.0290,0.0039
8949,494.1,262.9,85.2071,85.2111,85.1805,0.0266,0.0305,0.0039
8950,544.7,502.2,85.2087,85.2126,85.1823,0.0264,0.0303,0.0039
8951,1008.8,468.7,85.2103,85.2142,85.1841,0.0261,0.0301,0.0039
8952,999.6,3978.1,85.2118,85.2158,85.1860,0.0258,0.0297,0.0039
8953,3986.2,671.6,85.2134,85.2174,85.1926,0.0208,0.0247,0.0039
8954,678.2,417.2,85.2150,85.2190,85.1943,0.0207,0.0246,0.0039
8955,423.3,386.6,85.2166,85.2206,85.1943,0.0223,0.0262,0.0039
8956,392.7,276.0,85.2182,85.2222,85.1943,0.0239,0.0278,0.0039
8957,282.3,282.7,85.2198,85.2238,85.1960,0.0238,0.0278,0.0040
8958,288.8,395.1,85.2214,85.2254,85.1960,0.0254,0.0294,0.0040
8959,953.7,475.8,85.2231,85.2270,85.1975,0.0255,0.0295,0.0040
8960,994.1,468.9,85.2247,85.2287,85.1975,0.0272,0.0311,0.0040
8961,999.0,472.5,85.2264,85.2303,85.1990,0.0273,0.0313,0.0040
8962,999.5,496.7,85.2280,85.2320,85.2003,0.0277,0.0316,0.0040
8963,1004.7,459.7,85.2297,85.2336,85.2017,0.0280,0.0319,0.0040
8964,995.7,493.9,85.2313,85.2353,85.2035,0.0278,0.0318,0.0040
8965,999.9,506.0,85.2330,85.2370,85.2052,0.0278,0.0318,0.0040
8966,1001.1,467.0,85.2347,85.2387,85.2070,0.0277,0.0316,0.0040
8967,1001.0,388.3,85.2364,85.2404,85.2087,0.0277,0.0316,0.0040
8968,989.9,446.8,85.2381,85.2421,85.2104,0.0277,0.0316,0.0040
8969,998.4,478.0,85.2398,85.2438,85.2118,0.0279,0.0319,0.0040
8970,999.6,411.5,85.2415,85.2455,85.2132,0.0282,0.0322,0.0040
8971,1001.3,440.4,85.2432,85.2472,85.2146,0.0286,0.0326,0.0040
8972,998.8,551.8,85.2449,85.2489,85.2162,0.0287,0.0327,0.0040
8973,1000.3,390.2,85.2467,85.2507,85.2180,0.0287,0.0327,0.0040
8974,999.8,461.7,85.2484,85.2524,85.2197,0.0287,0.0327,0.0040
8975,999.6,555.4,85.2502,85.2542,85.2214,0.0288,0.0328,0.0040
8976,999.9,381.2,85.2519,85.2559,85.2231,0.0289,0.0329,0.0040
8977,1000.5,555.4,85.2537,85.2577,85.2247,0.0290,0.0330,0.0040
8978,1000.0,461.8,85.2554,85.2595,85.2263,0.0292,0.0332,0.0040
8979,1000.3,394.7,85.2572,85.2613,85.2280,0.0292,0.0332,0.0040
8980,999.0,474.2,85.2590,85.2630,85.2300,0.0290,0.0331,0.0040
8981,1002.2,466.6,85.2608,85.2648,85.2319,0.0289,0.0329,0.0040
8982,1012.0,448.3,85.2626,85.2667,85.2338,0.0288,0.0329,0.0040
8983,997.6,453.6,85.2644,85.2685,85.2357,0.0287,0.0328,0.0040
8984,998.9,471.0,85.2662,85.2703,85.2377,0.0286,0.0326,0.0041
8985,1000.0,443.1,85.2681,85.2721,85.2395,0.0285,0.0326,0.0041
8986,999.1,471.2,85.2699,85.2740,85.2414,0.0285,0.0326,0.0041
8987,1000.5,463.4,85.2717,85.2758,85.2432,0.0286,0.0326,0.0041
8988,1000.2,436.6,85.2736,85.2776,85.2451,0.0284,0.0325,0.0041
8989,1002.7,450.7,85.2754,85.2795,85.2470,0.0284,0.0325,0.0041
8990,998.8,456.0,85.2773,85.2814,85.2491,0.0282,0.0323,0.0041
8991,998.4,443.6,85.2792,85.2832,85.2510,0.0282,0.0323,0.0041
8992,1004.2,462.3,85.2810,85.2851,85.2530,0.0281,0.0321,0.0041
8993,988.9,475.4,85.2829,85.2870,85.2548,0.0281,0.0322,0.0041
8994,1000.8,451.9,85.2848,85.2889,85.2567,0.0281,0.0322,0.0041
8995,999.6,553.3,85.2867,85.2908,85.2587,0.0280,0.0321,0.0041
8996,998.3,514.1,85.2886,85.2927,85.2607,0.0279,0.0320,0.0041
8997,1002.6,447.6,85.2905,85.2946,85.2627,0.0279,0.0320,0.0041
8998,1027.6,493.6,85.2925,85.2966,85.2647,0.0278,0.0319,0.0041
8999,981.2,478.9,85.2944,85.2985,85.2669,0.0275,0.0316,0.0041
9000,1007.5,546.8,85.2963,85.3005,85.2693,0.0271,0.0312,0.0041
9001,992.7,478.7,85.2983,85.3024,85.2713,0.0269,0.0311,0.0041
9002,998.1,466.4,85.3002,85.3044,85.2734,0.0268,0.0309,0.0041
9003,1004.5,476.1,85.3022,85.3063,85.2754,0.0268,0.0309,0.0041
9004,995.5,476.0,85.3042,85.3083,85.2775,0.0267,0.0308,0.0041
9005,999.8,456.3,85.3061,85.3103,85.2796,0.0266,0.0307,0.0041
9006,999.0,478.0,85.3081,85.3123,85.2815,0.0266,0.0307,0.0041
9007,1000.5,482.1,85.3101,85.3143,85.2834,0.0267,0.0309,0.0041
9008,1000.0,461.3,85.3121,85.3163,85.2852,0.0269,0.0310,0.0041
9009,1000.1,468.8,85.3141,85.3183,85.2870,0.0271,0.0313,0.0041
9010,998.1,468.9,85.3161,85.3203,85.2887,0.0274,0.0315,0.0042
9011,1001.8,464.6,85.3181,85.3223,85.2905,0.0276,0.0318,0.0042
9012,1006.7,469.9,85.3202,85.3243,85.2924,0.0277,0.0319,0.0042
9013,995.0,467.4,85.3222,85.3264,85.2943,0.0279,0.0320,0.0042
9014,999.4,457.6,85.3243,85.3284,85.2963,0.0280,0.0322,0.0042
9015,1001.2,478.1,85.3263,85.3305,85.2981,0.0282,0.0324,0.0042
9016,998.6,465.8,85.3284,85.3325,85.2999,0.0285,0.0327,0.0042
9017,1002.8,3872.8,85.3304,85.3346,85.3018,0.0287,0.0328,0.0042
9018,3880.9,667.8,85.3325,85.3367,85.3085,0.0240,0.0282,0.0042
9019,674.0,428.4,85.3346,85.3388,85.3085,0.0261,0.0303,0.0042
9020,434.8,478.2,85.3367,85.3409,85.3102,0.0265,0.0307,0.0042
9021,498.0,319.6,85.3388,85.3430,85.3102,0.0286,0.0328,0.0042
9022,323.8,1593.8,85.3409,85.3451,85.3119,0.0290,0.0332,0.0042
9023,1599.9,330.9,85.3430,85.3472,85.3138,0.0292,0.0334,0.0042
9024,336.0,301.1,85.3451,85.3493,85.3154,0.0296,0.0338,0.0042
9025,307.8,372.6,85.3472,85.3514,85.3154,0.0318,0.0360,0.0042
9026,934.9,445.4,85.3493,85.3536,85.3170,0.0323,0.0365,0.0042
9027,996.9,475.2,85.3515,85.3557,85.3186,0.0329,0.0372,0.0042
9028,1002.2,3444.5,85.3536,85.3579,85.3202,0.0334,0.0376,0.0042
9029,3453.4,377.7,85.3558,85.3600,85.3251,0.0306,0.0349,0.0042
9030,385.2,318.8,85.3580,85.3622,85.3269,0.0311,0.0353,0.0042
9031,322.9,282.7,85.3601,85.3643,85.3269,0.0332,0.0375,0.0042
9032,285.2,244.2,85.3623,85.3665,85.3269,0.0354,0.0396,0.0042
9033,552.3,883.4,85.3645,85.3687,85.3285,0.0360,0.0402,0.0042
9034,1002.6,456.6,85.3667,85.3709,85.3300,0.0367,0.0409,0.0042
9035,998.1,402.5,85.3689,85.3731,85.3314,0.0375,0.0418,0.0042
9036,1005.3,452.5,85.3711,85.3753,85.3327,0.0384,0.0427,0.0042
9037,992.8,435.3,85.3733,85.3775,85.3338,0.0395,0.0437,0.0043
9038,998.4,380.9,85.3755,85.3798,85.3352,0.0403,0.0446,0.0043
9039,1000.8,458.5,85.3777,85.3820,85.3368,0.0410,0.0452,0.0043
9040,999.2,444.3,85.3800,85.3842,85.3387,0.0413,0.0456,0.0043
9041,1000.4,399.3,85.3822,85.3865,85.3405,0.0417,0.0460,0.0043
9042,999.8,475.0,85.3845,85.3887,85.3424,0.0421,0.0464,0.0043
9043,1001.6,2322.8,85.3867,85.3910,85.3442,0.0425,0.0468,0.0043
9044,2325.1,719.1,85.3890,85.3933,85.3481,0.0409,0.0452,0.0043
9045,727.0,445.9,85.3913,85.3955,85.3501,0.0412,0.0454,0.0043
9046,448.4,268.0,85.3935,85.3978,85.3501,0.0434,0.0477,0.0043
9047,498.9,411.0,85.3958,85.4001,85.3522,0.0437,0.0479,0.0043
9048,1000.1,484.4,85.3981,85.4024,85.3544,0.0438,0.0481,0.0043
9049,999.6,443.9,85.4004,85.4047,85.3564,0.0440,0.0483,0.0043
9050,1000.9,2687.5,85.4027,85.4070,85.3583,0.0444,0.0487,0.0043
9051,2691.1,1079.1,85.4051,85.4094,85.3648,0.0403,0.0446,0.0043
9052,1082.3,303.2,85.4074,85.4117,85.3671,0.0403,0.0446,0.0043
9053,305.3,370.8,85.4097,85.4140,85.3671,0.0426,0.0469,0.0043
9054,372.8,858.2,85.4120,85.4164,85.3671,0.0449,0.0493,0.0043
9055,860.6,298.6,85.4144,85.4187,85.3695,0.0449,0.0492,0.0043
9056,687.7,443.7,85.4167,85.4211,85.3719,0.0448,0.0492,0.0043
9057,1001.0,473.5,85.4191,85.4234,85.3739,0.0452,0.0495,0.0043
9058,998.3,445.1,85.4215,85.4258,85.3758,0.0456,0.0500,0.0043
9059,1001.1,424.4,85.4239,85.4282,85.3777,0.0462,0.0505,0.0043
9060,999.5,444.0,85.4262,85.4306,85.3798,0.0464,0.0508,0.0043
9061,999.9,458.2,85.4286,85.4330,85.3820,0.0466,0.0510,0.0043
9062,999.9,422.5,85.4310,85.4354,85.3843,0.0467,0.0511,0.0043
9063,1000.1,471.3,85.4334,85.4378,85.3867,0.0467,0.0510,0.0043
9064,1000.1,435.0,85.4358,85.4402,85.3895,0.0463,0.0507,0.0043
9065,1000.2,427.2,85.4383,85.4426,85.3921,0.0461,0.0505,0.0044
9066,1274.6,256.7,85.4407,85.4450,85.3948,0.0459,0.0502,0.0044
9067,727.0,432.0,85.4431,85.4475,85.3975,0.0456,0.0499,0.0044
9068,1005.7,471.0,85.4456,85.4499,85.4006,0.0450,0.0493,0.0044
9069,993.2,496.2,85.4480,85.4524,85.4035,0.0445,0.0489,0.0044
9070,998.9,454.5,85.4505,85.4548,85.4063,0.0442,0.0485,0.0044
9071,999.7,467.1,85.4529,85.4573,85.4090,0.0439,0.0483,0.0044
9072,999.8,473.1,85.4554,85.4598,85.4118,0.0436,0.0480,0.0044
9073,1000.1,499.7,85.4579,85.4623,85.4143,0.0436,0.0480,0.0044
9074,1001.1,508.8,85.4604,85.4647,85.4167,0.0437,0.0481,0.0044
9075,999.2,492.2,85.4628,85.4672,85.4190,0.0438,0.0482,0.0044
9076,999.8,523.8,85.4653,85.4697,85.4216,0.0437,0.0481,0.0044
9077,1000.8,501.6,85.4679,85.4722,85.4241,0.0437,0.0481,0.0044
9078,999.8,528.5,85.4704,85.4748,85.4267,0.0437,0.0481,0.0044
9079,1000.0,514.8,85.4729,85.4773,85.4294,0.0435,0.0479,0.0044
9080,999.8,484.6,85.4754,85.4798,85.4324,0.0431,0.0475,0.0044
9081,1000.0,538.2,85.4779,85.4824,85.4352,0.0428,0.0472,0.0044
9082,1000.1,494.1,85.4805,85.4849,85.4381,0.0424,0.0468,0.0044
9083,1002.7,482.1,85.4830,85.4875,85.4410,0.0421,0.0465,0.0044
9084,1000.3,488.6,85.4856,85.4900,85.4440,0.0416,0.0461,0.0044
9085,997.2,478.3,85.4882,85.4926,85.4466,0.0416,0.0460,0.0044
9086,1001.0,481.3,85.4907,85.4952,85.4491,0.0416,0.0460,0.0044
9087,1006.4,481.1,85.4933,85.4977,85.4518,0.0416,0.0460,0.0044
9088,1000.4,527.5,85.4959,85.5003,85.4546,0.0413,0.0457,0.0044
9089,998.9,536.0,85.4985,85.5029,85.4571,0.0414,0.0458,0.0044
9090,999.3,515.8,85.5011,85.5055,85.4597,0.0414,0.0459,0.0044
9091,1001.5,423.4,85.5037,85.5081,85.4622,0.0415,0.0460,0.0044
9092,996.3,584.2,85.5063,85.5108,85.4648,0.0415,0.0459,0.0045
9093,1006.0,481.4,85.5089,85.5134,85.4672,0.0417,0.0461,0.0045
9094,996.7,436.4,85.5116,85.5160,85.4697,0.0418,0.0463,0.0045
9095,994.3,499.7,85.5142,85.5187,85.4724,0.0418,0.0463,0.0045
9096,996.9,486.4,85.5168,85.5213,85.4752,0.0416,0.0461,0.0045
9097,999.7,373.6,85.5195,85.5240,85.4779,0.0416,0.0461,0.0045
9098,1003.7,498.0,85.5221,85.5266,85.4806,0.0416,0.0460,0.0045
9099,998.3,475.7,85.5248,85.5293,85.4834,0.0414,0.0459,0.0045
9100,1000.2,399.8,85.5275,85.5320,85.4865,0.0410,0.0454,0.0045
9101,1000.9,577.4,85.5302,85.5346,85.4894,0.0408,0.0453,0.0045
9102,1019.0,490.4,85.5329,85.5373,85.4920,0.0408,0.0453,0.0045
9103,989.5,464.8,85.5355,85.5400,85.4947,0.0409,0.0454,0.0045
9104,1001.4,468.6,85.5382,85.5427,85.4975,0.0408,0.0452,0.0045
9105,998.0,687.0,85.5410,85.5454,85.5002,0.0407,0.0452,0.0045
9106,997.3,482.2,85.5437,85.5482,85.5029,0.0408,0.0453,0.0045
9107,1000.6,689.9,85.5464,85.5509,85.5054,0.0409,0.0454,0.0045
9108,999.6,518.0,85.5491,85.5536,85.5087,0.0404,0.0450,0.0045
9109,998.6,479.6,85.5519,85.5564,85.5114,0.0405,0.0450,0.0045
9110,999.8,480.7,85.5546,85.5591,85.5142,0.0404,0.0449,0.0045
9111,1006.2,466.2,85.5573,85.5619,85.5173,0.0401,0.0446,0.0045
9112,1001.1,691.6,85.5601,85.5646,85.5202,0.0399,0.0445,0.0045
9113,1001.3,515.7,85.5629,85.5674,85.5231,0.0398,0.0443,0.0045
9114,999.8,469.0,85.5656,85.5702,85.5260,0.0396,0.0442,0.0045
9115,1012.8,474.5,85.5684,85.5729,85.5288,0.0396,0.0442,0.0045
9116,985.7,487.2,85.5712,85.5757,85.5318,0.0394,0.0440,0.0045
9117,998.1,549.6,85.5740,85.5785,85.5344,0.0395,0.0441,0.0045
9118,1001.2,510.3,85.5768,85.5813,85.5372,0.0396,0.0442,0.0045
9119,1009.0,522.2,85.5796,85.5841,85.5400,0.0396,0.0442,0.0045
9120,994.4,478.4,85.5824,85.5870,85.5430,0.0394,0.0440,0.0046
9121,997.1,460.1,85.5852,85.5898,85.5457,0.0395,0.0441,0.0046
9122,999.4,762.4,85.5881,85.5926,85.5484,0.0397,0.0442,0.0046
9123,996.3,466.6,85.5909,85.5955,85.5510,0.0399,0.0444,0.0046
9124,1002.5,475.2,85.5937,85.5983,85.5510,0.0427,0.0473,0.0046
9125,999.7,729.0,85.5966,85.6012,85.5539,0.0427,0.0472,0.0046
9126,999.8,494.6,85.5994,85.6040,85.5567,0.0427,0.0473,0.0046
9127,1000.2,448.4,85.6023,85.6069,85.5597,0.0426,0.0472,0.0046
9128,1000.2,505.5,85.6052,85.6098,85.5629,0.0423,0.0469,0.0046
9129,1001.7,494.6,85.6081,85.6126,85.5659,0.0422,0.0467,0.0046
9130,995.8,508.2,85.6109,85.6155,85.5688,0.0421,0.0467,0.0046
9131,1110.0,417.9,85.6138,85.6184,85.5717,0.0422,0.0467,0.0046
9132,892.2,500.6,85.6167,85.6213,85.5746,0.0422,0.0468,0.0046
9133,1006.0,531.0,85.6196,85.6242,85.5772,0.0425,0.0471,0.0046
9134,996.1,520.2,85.6225,85.6271,85.5798,0.0427,0.0473,0.0046
9135,999.0,466.2,85.6255,85.6301,85.5824,0.0431,0.0477,0.0046
9136,1001.7,491.4,85.6284,85.6330,85.5851,0.0433,0.0479,0.0046
9137,1005.7,491.0,85.6313,85.6359,85.5876,0.0437,0.0483,0.0046
9138,986.3,496.8,85.6343,85.6389,85.5900,0.0442,0.0488,0.0046
9139,1010.6,474.1,85.6372,85.6418,85.5924,0.0448,0.0494,0.0046
9140,996.6,513.2,85.6402,85.6448,85.5949,0.0452,0.0498,0.0046
9141,997.2,502.0,85.6431,85.6477,85.5974,0.0457,0.0503,0.0046
9142,1002.8,485.3,85.6461,85.6507,85.5999,0.0462,0.0508,0.0046
9143,999.8,521.1,85.6491,85.6537,85.6025,0.0466,0.0512,0.0046
9144,998.9,526.6,85.6521,85.6567,85.6052,0.0468,0.0514,0.0046
9145,1000.3,554.1,85.6550,85.6597,85.6079,0.0472,0.0518,0.0046
9146,1000.6,520.2,85.6580,85.6627,85.6104,0.0476,0.0522,0.0046
9147,1001.5,496.8,85.6610,85.6657,85.6132,0.0479,0.0525,0.0046
9148,998.9,514.5,85.6640,85.6687,85.6157,0.0483,0.0530,0.0046
9149,991.8,465.3,85.6671,85.6717,85.6182,0.0488,0.0535,0.0047
9150,998.8,592.5,85.6701,85.6747,85.6206,0.0495,0.0541,0.0047
9151,1153.2,518.7,85.6731,85.6778,85.6233,0.0498,0.0545,0.0047
9152,873.2,467.5,85.6762,85.6808,85.6259,0.0502,0.0549,0.0047
9153,973.1,497.1,85.6792,85.6839,85.6284,0.0508,0.0555,0.0047
9154,1023.1,506.4,85.6823,85.6869,85.6308,0.0514,0.0561,0.0047
9155,987.0,479.2,85.6853,85.6900,85.6335,0.0518,0.0564,0.0047
9156,999.3,447.0,85.6884,85.6930,85.6363,0.0521,0.0568,0.0047
9157,999.7,509.3,85.6914,85.6961,85.6390,0.0525,0.0571,0.0047
9158,1009.0,519.2,85.6945,85.6992,85.6418,0.0527,0.0574,0.0047
9159,992.0,448.8,85.6976,85.7023,85.6446,0.0530,0.0577,0.0047
9160,997.9,521.2,85.7007,85.7054,85.6477,0.0530,0.0577,0.0047
9161,999.3,512.7,85.7038,85.7085,85.6507,0.0532,0.0578,0.0047
9162,1000.3,450.1,85.7069,85.7116,85.6538,0.0531,0.0578,0.0047
9163,1000.0,515.2,85.7100,85.7147,85.6571,0.0529,0.0576,0.0047
9164,1001.8,493.1,85.7131,85.7178,85.6602,0.0529,0.0576,0.0047
9165,999.8,456.4,85.7163,85.7210,85.6632,0.0530,0.0577,0.0047
9166,999.8,508.1,85.7194,85.7241,85.6662,0.0532,0.0579,0.0047
9167,1000.5,458.9,85.7225,85.7273,85.6696,0.0529,0.0576,0.0047
9168,999.7,463.5,85.7257,85.7304,85.6728,0.0529,0.0576,0.0047
9169,1000.2,522.6,85.7288,85.7336,85.6759,0.0530,0.0577,0.0047
9170,1003.7,497.3,85.7320,85.7367,85.6791,0.0529,0.0577,0.0047
9171,999.9,445.1,85.7352,85.7399,85.6824,0.0527,0.0575,0.0047
9172,998.2,544.1,85.7383,85.7431,85.6855,0.0529,0.0576,0.0047
9173,1003.7,490.9,85.7415,85.7463,85.6886,0.0529,0.0576,0.0047
9174,994.3,684.2,85.7447,85.7495,85.6918,0.0529,0.0577,0.0047
9175,999.6,492.7,85.7479,85.7527,85.6952,0.0527,0.0575,0.0047
9176,1016.9,453.1,85.7511,85.7559,85.6984,0.0527,0.0575,0.0047
9177,983.4,455.5,85.7543,85.7591,85.7016,0.0527,0.0575,0.0047
9178,998.3,514.6,85.7575,85.7623,85.7048,0.0528,0.0575,0.0048
9179,1001.8,495.3,85.7608,85.7655,85.7081,0.0527,0.0574,0.0048
9180,1000.1,473.1,85.7640,85.7687,85.7110,0.0529,0.0577,0.0048
9181,998.7,469.0,85.7672,85.7720,85.7137,0.0535,0.0583,0.0048
9182,1000.6,503.9,85.7705,85.7752,85.7162,0.0543,0.0591,0.0048
9183,1000.8,480.2,85.7737,85.7785,85.7187,0.0550,0.0597,0.0048
9184,999.6,505.4,85.7770,85.7817,85.7213,0.0557,0.0605,0.0048
9185,1000.4,503.2,85.7802,85.7850,85.7241,0.0561,0.0609,0.0048
9186,999.0,485.5,85.7835,85.7883,85.7271,0.0564,0.0612,0.0048
9187,1000.9,500.5,85.7868,85.7916,85.7304,0.0564,0.0612,0.0048
9188,999.6,492.3,85.7901,85.7948,85.7335,0.0566,0.0614,0.0048
9189,1003.0,461.4,85.7934,85.7981,85.7367,0.0567,0.0615,0.0048
9190,1005.7,477.1,85.7966,85.8014,85.7400,0.0566,0.0614,0.0048
9191,993.5,481.2,85.8000,85.8047,85.7438,0.0562,0.0610,0.0048
9192,1051.4,428.0,85.8033,85.8081,85.7472,0.0561,0.0609,0.0048
9193,946.9,504.7,85.8066,85.8114,85.7506,0.0560,0.0608,0.0048
9194,1006.8,498.9,85.8099,85.8147,85.7540,0.0559,0.0607,0.0048
9195,990.7,549.2,85.8132,85.8180,85.7575,0.0557,0.0605,0.0048
9196,1004.5,514.4,85.8166,85.8214,85.7608,0.0558,0.0606,0.0048
9197,996.2,463.4,85.8199,85.8247,85.7642,0.0557,0.0605,0.0048
9198,1000.2,466.7,85.8233,85.8281,85.7677,0.0556,0.0604,0.0048
9199,999.5,535.9,85.8266,85.8314,85.7715,0.0551,0.0599,0.0048
9200,1000.0,494.3,85.8300,85.8348,85.7752,0.0548,0.0596,0.0048
9201,999.5,508.7,85.8334,85.8382,85.7789,0.0545,0.0593,0.0048
9202,1003.1,480.8,85.8367,85.8416,85.7825,0.0542,0.0591,0.0048
9203,991.0,545.5,85.8401,85.8449,85.7864,0.0537,0.0586,0.0048
9204,999.0,503.1,85.8435,85.8483,85.7899,0.0536,0.0584,0.0048
9205,1005.4,535.6,85.8469,85.8517,85.7935,0.0534,0.0583,0.0048
9206,1000.5,524.5,85.8503,85.8551,85.7971,0.0532,0.0581,0.0048
9207,1000.7,552.8,85.8537,85.8586,85.8009,0.0528,0.0576,0.0048
9208,1001.8,551.5,85.8571,85.8620,85.8045,0.0527,0.0575,0.0049
9209,1000.0,771.1,85.8606,85.8654,85.8080,0.0526,0.0574,0.0049
9210,1007.9,505.1,85.8640,85.8688,85.8114,0.0526,0.0574,0.0049
9211,989.4,490.2,85.8674,85.8723,85.8153,0.0522,0.0570,0.0049
9212,1008.6,496.8,85.8709,85.8757,85.8189,0.0519,0.0568,0.0049
9213,994.2,499.9,85.8743,85.8792,85.8226,0.0517,0.0566,0.0049
9214,1009.1,487.8,85.8778,85.8826,85.8261,0.0517,0.0565,0.0049
9215,987.8,461.5,85.8812,85.8861,85.8295,0.0517,0.0566,0.0049
9216,1005.8,472.3,85.8847,85.8896,85.8333,0.0514,0.0563,0.0049
9217,1001.3,528.3,85.8882,85.8931,85.8366,0.0516,0.0565,0.0049
9218,996.4,480.9,85.8917,85.8965,85.8399,0.0518,0.0566,0.0049
9219,1000.1,545.8,85.8951,85.9000,85.8431,0.0521,0.0570,0.0049
9220,998.7,530.6,85.8986,85.9035,85.8463,0.0523,0.0572,0.0049
9221,997.7,409.7,85.9021,85.9070,85.8495,0.0527,0.0576,0.0049
9222,1001.5,508.0,85.9057,85.9106,85.8529,0.0528,0.0577,0.0049
9223,1000.8,543.7,85.9092,85.9141,85.8564,0.0528,0.0577,0.0049
9224,998.7,436.0,85.9127,85.9176,85.8603,0.0524,0.0573,0.0049
9225,1001.0,490.4,85.9162,85.9211,85.8640,0.0522,0.0571,0.0049
9226,1001.1,499.4,85.9198,85.9247,85.8678,0.0520,0.0569,0.0049
9227,999.9,436.3,85.9233,85.9282,85.8713,0.0519,0.0569,0.0049
9228,999.3,518.5,85.9268,85.9318,85.8752,0.0517,0.0566,0.0049
9229,1000.8,499.6,85.9304,85.9353,85.8787,0.0517,0.0567,0.0049
9230,998.5,415.8,85.9340,85.9389,85.8822,0.0518,0.0567,0.0049
9231,1011.1,488.9,85.9375,85.9425,85.8859,0.0516,0.0566,0.0049
9232,1001.2,460.5,85.9411,85.9460,85.8897,0.0514,0.0563,0.0049
9233,992.5,447.3,85.9447,85.9496,85.8930,0.0516,0.0566,0.0049
9234,1000.3,522.9,85.9483,85.9532,85.8963,0.0520,0.0569,0.0049
9235,997.0,505.7,85.9519,85.9568,85.8998,0.0521,0.0570,0.0049
9236,1008.3,476.1,85.9555,85.9604,85.9038,0.0517,0.0566,0.0049
9237,1000.4,685.3,85.9591,85.9640,85.9075,0.0516,0.0565,0.0049
9238,991.1,493.1,85.9627,85.9676,85.9114,0.0513,0.0562,0.0050
9239,1000.9,458.0,85.9663,85.9713,85.9151,0.0512,0.0562,0.0050
9240,996.9,482.2,85.9699,85.9749,85.9187,0.0513,0.0562,0.0050
9241,1001.6,513.5,85.9736,85.9785,85.9218,0.0518,0.0567,0.0050
9242,997.6,467.0,85.9772,85.9822,85.9249,0.0523,0.0573,0.0050
9243,1000.8,532.0,85.9808,85.9858,85.9280,0.0528,0.0578,0.0050
9244,1000.4,539.6,85.9845,85.9895,85.9315,0.0530,0.0579,0.0050
9245,1000.9,492.0,85.9881,85.9931,85.9349,0.0533,0.0582,0.0050
9246,999.1,542.0,85.9918,85.9968,85.9384,0.0534,0.0584,0.0050
9247,1000.4,518.3,85.9955,86.0005,85.9420,0.0535,0.0585,0.0050
9248,999.1,481.7,85.9992,86.0041,85.9459,0.0533,0.0583,0.0050
9249,1001.4,512.8,86.0028,86.0078,85.9493,0.0536,0.0585,0.0050
9250,998.1,573.5,86.0065,86.0115,85.9527,0.0539,0.0589,0.0050
9251,993.6,467.3,86.0102,86.0152,85.9559,0.0543,0.0593,0.0050
9252,1001.5,522.3,86.0139,86.0189,85.9592,0.0547,0.0597,0.0050
9253,1008.2,476.0,86.0176,86.0226,85.9624,0.0553,0.0603,0.0050
9254,1007.8,477.2,86.0214,86.0264,85.9654,0.0559,0.0609,0.0050
9255,985.9,497.4,86.0251,86.0301,85.9685,0.0566,0.0616,0.0050
9256,997.6,510.1,86.0288,86.0338,85.9718,0.0570,0.0620,0.0050
9257,1002.6,434.5,86.0325,86.0376,85.9749,0.0576,0.0626,0.0050
9258,997.3,524.2,86.0363,86.0413,85.9781,0.0582,0.0632,0.0050
9259,999.5,509.9,86.0400,86.0450,85.9814,0.0586,0.0637,0.0050
9260,994.1,489.9,86.0438,86.0488,85.9850,0.0588,0.0638,0.0050
9261,1012.8,528.7,86.0475,86.0526,85.9883,0.0592,0.0642,0.0050
9262,1000.3,521.4,86.0513,86.0563,85.9918,0.0596,0.0646,0.0050
9263,1000.1,523.0,86.0551,86.0601,85.9953,0.0598,0.0648,0.0050
9264,999.7,517.9,86.0589,86.0639,85.9992,0.0596,0.0647,0.0050
9265,1000.0,512.6,86.0626,86.0677,86.0029,0.0598,0.0648,0.0050
9266,1015.9,493.4,86.0664,86.0715,86.0064,0.0600,0.0651,0.0050
9267,985.3,536.8,86.0702,86.0753,86.0099,0.0603,0.0654,0.0050
9268,1009.2,504.1,86.0740,86.0791,86.0138,0.0603,0.0653,0.0050
9269,983.1,505.0,86.0779,86.0829,86.0174,0.0604,0.0655,0.0050
9270,1005.4,515.3,86.0817,86.0867,86.0211,0.0605,0.0656,0.0051
9271,1235.4,356.5,86.0855,86.0905,86.0249,0.0605,0.0656,0.0051
9272,773.4,477.7,86.0893,86.0944,86.0291,0.0602,0.0652,0.0051
9273,997.2,489.9,86.0932,86.0982,86.0337,0.0594,0.0645,0.0051
9274,999.7,456.5,86.0970,86.1021,86.0378,0.0592,0.0643,0.0051
9275,1001.4,569.3,86.1008,86.1059,86.0417,0.0591,0.0642,0.0051
9276,992.2,526.2,86.1047,86.1098,86.0459,0.0588,0.0638,0.0051
9277,1014.0,459.1,86.1086,86.1136,86.0498,0.0588,0.0638,0.0051
9278,990.2,556.0,86.1124,86.1175,86.0537,0.0588,0.0638,0.0051
9279,999.6,527.5,86.1163,86.1214,86.0575,0.0588,0.0638,0.0051
9280,999.4,433.0,86.1202,86.1253,86.0618,0.0584,0.0635,0.0051
9281,998.4,533.3,86.1241,86.1291,86.0658,0.0583,0.0634,0.0051
9282,999.4,532.1,86.1280,86.1330,86.0698,0.0582,0.0632,0.0051
9283,1000.0,491.2,86.1319,86.1369,86.0739,0.0580,0.0631,0.0051
9284,999.4,568.7,86.1358,86.1409,86.0783,0.0575,0.0626,0.0051
9285,1000.1,553.3,86.1397,86.1448,86.0823,0.0574,0.0625,0.0051
9286,1000.1,480.0,86.1436,86.1487,86.0862,0.0574,0.0625,0.0051
9287,1001.9,506.4,86.1475,86.1526,86.0901,0.0574,0.0625,0.0051
9288,994.4,536.1,86.1514,86.1565,86.0901,0.0613,0.0664,0.0051
9289,997.4,392.5,86.1554,86.1605,86.0937,0.0616,0.0667,0.0051
9290,999.7,538.4,86.1593,86.1644,86.0972,0.0621,0.0673,0.0051
9291,1000.0,507.9,86.1633,86.1684,86.1006,0.0627,0.0678,0.0051
9292,1014.9,453.9,86.1672,86.1723,86.1042,0.0630,0.0681,0.0051
9293,995.5,530.4,86.1712,86.1763,86.1083,0.0629,0.0680,0.0051
9294,1003.0,511.0,86.1751,86.1803,86.1124,0.0628,0.0679,0.0051
9295,996.0,465.3,86.1791,86.1842,86.1164,0.0627,0.0678,0.0051
9296,1007.0,496.9,86.1831,86.1882,86.1203,0.0628,0.0679,0.0051
9297,996.4,510.7,86.1871,86.1922,86.1245,0.0625,0.0677,0.0051
9298,999.5,439.3,86.1911,86.1962,86.1284,0.0626,0.0677,0.0051
9299,997.5,513.8,86.1951,86.2002,86.1323,0.0627,0.0679,0.0051
9300,999.1,507.6,86.1991,86.2042,86.1366,0.0624,0.0676,0.0051
9301,1001.3,474.1,86.2031,86.2082,86.1407,0.0624,0.0675,0.0051
9302,1001.0,480.4,86.2071,86.2122,86.1448,0.0623,0.0675,0.0052
9303,998.1,511.0,86.2111,86.2163,86.1489,0.0622,0.0674,0.0052
9304,999.0,466.6,86.2151,86.2203,86.1534,0.0617,0.0669,0.0052
9305,1000.8,520.7,86.2192,86.2243,86.1577,0.0614,0.0666,0.0052
9306,1001.1,503.2,86.2232,86.2284,86.1622,0.0610,0.0662,0.0052
9307,997.5,460.0,86.2272,86.2324,86.1667,0.0605,0.0657,0.0052
9308,999.1,524.6,86.2313,86.2365,86.1714,0.0599,0.0651,0.0052
9309,1004.9,473.7,86.2353,86.2405,86.1757,0.0596,0.0648,0.0052
9310,991.3,427.5,86.2394,86.2446,86.1800,0.0594,0.0646,0.0052
9311,1000.3,483.6,86.2435,86.2487,86.1841,0.0594,0.0645,0.0052
9312,1013.8,482.2,86.2476,86.2527,86.1884,0.0591,0.0643,0.0052
9313,995.8,475.2,86.2516,86.2568,86.1924,0.0592,0.0644,0.0052
9314,997.2,518.2,86.2557,86.2609,86.1963,0.0594,0.0646,0.0052
9315,1003.2,484.1,86.2598,86.2650,86.2004,0.0594,0.0646,0.0052
9316,995.0,459.8,86.2639,86.2691,86.2049,0.0590,0.0642,0.0052
9317,1005.9,500.0,86.2680,86.2732,86.2088,0.0592,0.0644,0.0052
9318,998.7,527.5,86.2721,86.2773,86.2128,0.0594,0.0646,0.0052
9319,998.5,495.9,86.2762,86.2814,86.2164,0.0598,0.0650,0.0052
9320,998.2,544.7,86.2804,86.2856,86.2201,0.0602,0.0654,0.0052
9321,999.8,515.7,86.2845,86.2897,86.2235,0.0610,0.0662,0.0052
9322,1000.2,446.2,86.2886,86.2938,86.2267,0.0619,0.0671,0.0052
9323,999.9,515.1,86.2928,86.2980,86.2299,0.0629,0.0681,0.0052
9324,999.7,504.7,86.2969,86.3021,86.2332,0.0637,0.0689,0.0052
9325,998.0,495.6,86.3011,86.3063,86.2369,0.0642,0.0694,0.0052
9326,999.9,516.4,86.3052,86.3104,86.2404,0.0648,0.0700,0.0052
9327,1001.4,484.8,86.3094,86.3146,86.2440,0.0654,0.0706,0.0052
9328,1000.7,512.5,86.3136,86.3188,86.2479,0.0656,0.0709,0.0052
9329,998.4,515.4,86.3177,86.3230,86.2516,0.0661,0.0713,0.0052
9330,999.8,469.3,86.3219,86.3271,86.2555,0.0664,0.0716,0.0052
9331,1002.2,501.2,86.3261,86.3313,86.2594,0.0667,0.0720,0.0052
9332,1003.2,642.8,86.3303,86.3355,86.2635,0.0668,0.0721,0.0052
9333,1000.6,499.4,86.3345,86.3397,86.2672,0.0673,0.0725,0.0052
9334,997.4,522.5,86.3387,86.3439,86.2710,0.0677,0.0730,0.0052
9335,1009.8,490.8,86.3429,86.3482,86.2749,0.0680,0.0733,0.0052
9336,990.2,490.4,86.3471,86.3524,86.2792,0.0679,0.0732,0.0053
9337,1003.5,488.4,86.3514,86.3566,86.2832,0.0681,0.0734,0.0053
9338,1002.4,515.2,86.3556,86.3608,86.2873,0.0683,0.0736,0.0053
9339,993.7,499.2,86.3598,86.3651,86.2914,0.0684,0.0737,0.0053
9340,998.4,531.0,86.3641,86.3693,86.2958,0.0682,0.0735,0.0053
9341,1001.3,514.9,86.3683,86.3736,86.2999,0.0684,0.0736,0.0053
9342,998.8,405.1,86.3726,86.3778,86.3038,0.0687,0.0740,0.0053
9343,1000.8,556.4,86.3768,86.3821,86.3077,0.0691,0.0744,0.0053
9344,999.5,554.6,86.3811,86.3863,86.3118,0.0693,0.0745,0.0053
9345,1000.6,477.9,86.3853,86.3906,86.3157,0.0697,0.0749,0.0053
9346,997.4,539.8,86.3896,86.3949,86.3197,0.0700,0.0752,0.0053
9347,1002.6,505.0,86.3939,86.3992,86.3239,0.0700,0.0753,0.0053
9348,998.3,487.9,86.3982,86.4035,86.3283,0.0699,0.0752,0.0053
9349,1001.2,565.9,86.4025,86.4078,86.3330,0.0695,0.0748,0.0053
9350,1000.1,494.7,86.4068,86.4121,86.3373,0.0695,0.0748,0.0053
9351,997.2,419.0,86.4111,86.4164,86.3414,0.0697,0.0750,0.0053
9352,1003.6,482.3,86.4154,86.4207,86.3454,0.0700,0.0753,0.0053
9353,1438.0,323.7,86.4197,86.4250,86.3498,0.0699,0.0752,0.0053
9354,563.7,415.5,86.4240,86.4293,86.3538,0.0703,0.0756,0.0053
9355,992.9,531.7,86.4284,86.4337,86.3578,0.0706,0.0759,0.0053
9356,997.9,486.9,86.4327,86.4380,86.3622,0.0705,0.0758,0.0053
9357,1006.7,602.8,86.4370,86.4423,86.3664,0.0707,0.0760,0.0053
9358,1012.1,506.7,86.4414,86.4467,86.3707,0.0707,0.0760,0.0053
9359,990.0,497.5,86.4457,86.4510,86.3751,0.0706,0.0759,0.0053
9360,961.9,455.2,86.4501,86.4554,86.3798,0.0703,0.0756,0.0053
9361,1033.9,523.9,86.4544,86.4598,86.3842,0.0702,0.0755,0.0053
9362,1000.3,504.7,86.4588,86.4641,86.3888,0.0700,0.0754,0.0053
9363,999.7,448.7,86.4632,86.4685,86.3932,0.0700,0.0753,0.0053
9364,1000.0,500.3,86.4676,86.4729,86.3978,0.0698,0.0751,0.0053
9365,999.6,499.4,86.4719,86.4773,86.4022,0.0698,0.0751,0.0053
9366,1000.0,450.3,86.4763,86.4817,86.4067,0.0696,0.0750,0.0053
9367,1012.2,505.6,86.4807,86.4861,86.4113,0.0694,0.0747,0.0053
9368,988.3,524.9,86.4851,86.4905,86.4166,0.0685,0.0738,0.0053
9369,999.5,482.6,86.4895,86.4949,86.4217,0.0678,0.0732,0.0053
9370,998.3,534.4,86.4939,86.4993,86.4267,0.0673,0.0726,0.0053
9371,1001.6,500.6,86.4984,86.5037,86.4317,0.0666,0.0720,0.0054
9372,999.3,469.9,86.5028,86.5081,86.4367,0.0660,0.0714,0.0054
9373,1002.2,513.1,86.5072,86.5126,86.4420,0.0652,0.0706,0.0054
9374,999.2,516.2,86.5116,86.5170,86.4469,0.0648,0.0701,0.0054
9375,974.0,486.1,86.5161,86.5215,86.4518,0.0643,0.0696,0.0054
9376,1022.4,556.8,86.5205,86.5259,86.4568,0.0637,0.0691,0.0054
9377,1005.3,514.4,86.5250,86.5304,86.4623,0.0627,0.0680,0.0054
9378,987.0,464.7,86.5294,86.5348,86.4674,0.0621,0.0674,0.0054
9379,1000.7,516.2,86.5339,86.5393,86.4724,0.0615,0.0669,0.0054
9380,1018.3,468.5,86.5384,86.5437,86.4773,0.0611,0.0665,0.0054
9381,992.9,483.1,86.5428,86.5482,86.4823,0.0605,0.0659,0.0054
9382,1000.1,524.9,86.5473,86.5527,86.4866,0.0607,0.0661,0.0054
9383,1000.0,508.6,86.5518,86.5572,86.4909,0.0609,0.0663,0.0054
9384,998.7,469.6,86.5563,86.5617,86.4951,0.0612,0.0666,0.0054
9385,1000.2,506.9,86.5608,86.5662,86.4996,0.0612,0.0666,0.0054
9386,999.9,598.2,86.5653,86.5707,86.5039,0.0614,0.0667,0.0054
9387,1015.1,527.7,86.5698,86.5752,86.5082,0.0616,0.0670,0.0054
9388,992.6,533.9,86.5743,86.5797,86.5124,0.0619,0.0673,0.0054
9389,1004.3,519.6,86.5788,86.5842,86.5169,0.0619,0.0673,0.0054
9390,988.7,484.5,86.5834,86.5888,86.5211,0.0622,0.0676,0.0054
9391,1000.2,524.2,86.5879,86.5933,86.5253,0.0626,0.0680,0.0054
9392,999.2,539.1,86.5924,86.5978,86.5292,0.0632,0.0686,0.0054
9393,998.9,487.0,86.5970,86.6024,86.5335,0.0635,0.0689,0.0054
9394,999.6,545.1,86.6015,86.6069,86.5375,0.0640,0.0694,0.0054
9395,1009.0,487.3,86.6061,86.6115,86.5417,0.0644,0.0698,0.0054
9396,1005.7,491.6,86.6106,86.6160,86.5458,0.0648,0.0702,0.0054
9397,963.0,555.1,86.6152,86.6206,86.5503,0.0648,0.0703,0.0054
9398,1018.9,507.0,86.6197,86.6252,86.5546,0.0652,0.0706,0.0054
9399,998.1,493.3,86.6243,86.6297,86.5589,0.0654,0.0709,0.0054
9400,999.9,493.2,86.6289,86.6343,86.5631,0.0658,0.0712,0.0054
9401,1001.3,539.9,86.6335,86.6389,86.5675,0.0660,0.0714,0.0054
9402,998.5,525.1,86.6381,86.6435,86.5715,0.0666,0.0720,0.0054
9403,1001.1,554.0,86.6426,86.6481,86.5755,0.0672,0.0726,0.0054
9404,1000.0,348.5,86.6472,86.6527,86.5795,0.0678,0.0732,0.0054
9405,999.7,540.1,86.6519,86.6573,86.5840,0.0679,0.0733,0.0054
9406,1001.7,545.9,86.6565,86.6619,86.5882,0.0683,0.0738,0.0054
9407,998.4,412.3,86.6611,86.6665,86.5924,0.0687,0.0742,0.0055
9408,1000.0,537.5,86.6657,86.6712,86.5964,0.0693,0.0747,0.0055
9409,1000.0,539.0,86.6703,86.6758,86.6009,0.0694,0.0749,0.0055
9410,999.5,453.3,86.6750,86.6804,86.6048,0.0701,0.0756,0.0055
9411,1000.4,501.3,86.6796,86.6851,86.6087,0.0709,0.0764,0.0055
9412,1009.4,545.0,86.6842,86.6897,86.6125,0.0717,0.0772,0.0055
9413,999.3,465.1,86.6889,86.6943,86.6166,0.0723,0.0777,0.0055
9414,1000.7,725.2,86.6935,86.6990,86.6204,0.0732,0.0786,0.0055
9415,1018.0,510.9,86.6982,86.7037,86.6242,0.0740,0.0794,0.0055
9416,985.0,427.5,86.7029,86.7083,86.6282,0.0747,0.0802,0.0055
9417,1003.7,542.6,86.7075,86.7130,86.6325,0.0750,0.0805,0.0055
9418,984.6,501.3,86.7122,86.7177,86.6368,0.0754,0.0809,0.0055
9419,1011.7,486.5,86.7169,86.7224,86.6411,0.0757,0.0812,0.0055
9420,999.5,542.7,86.7216,86.7270,86.6456,0.0760,0.0814,0.0055
9421,995.1,524.5,86.7263,86.7317,86.6504,0.0759,0.0813,0.0055
9422,993.1,462.4,86.7309,86.7364,86.6548,0.0761,0.0816,0.0055
9423,1007.9,518.2,86.7356,86.7411,86.6592,0.0765,0.0820,0.0055
9424,1000.8,536.1,86.7404,86.7458,86.6636,0.0767,0.0822,0.0055
9425,997.7,475.3,86.7451,86.7506,86.6687,0.0764,0.0819,0.0055
9426,1001.1,543.9,86.7498,86.7553,86.6735,0.0763,0.0818,0.0055
9427,1000.7,538.3,86.7545,86.7600,86.6786,0.0759,0.0814,0.0055
9428,1000.1,493.9,86.7592,86.7647,86.6837,0.0755,0.0810,0.0055
9429,999.7,525.3,86.7640,86.7695,86.6893,0.0747,0.0802,0.0055
9430,998.7,484.8,86.7687,86.7742,86.6943,0.0744,0.0799,0.0055
9431,1002.5,490.9,86.7734,86.7789,86.6993,0.0741,0.0797,0.0055
9432,1002.6,522.6,86.7782,86.7837,86.7041,0.0741,0.0796,0.0055
9433,995.5,497.0,86.7829,86.7885,86.7093,0.0736,0.0791,0.0055
9434,1007.3,486.9,86.7877,86.7932,86.7143,0.0734,0.0789,0.0055
9435,993.5,819.4,86.7925,86.7980,86.7194,0.0730,0.0786,0.0055
9436,998.6,515.6,86.7972,86.8027,86.7246,0.0726,0.0781,0.0055
9437,1003.2,499.7,86.8020,86.8075,86.7303,0.0717,0.0772,0.0055
9438,1000.0,541.9,86.8068,86.8123,86.7355,0.0713,0.0768,0.0055
9439,1009.4,487.0,86.8116,86.8171,86.7406,0.0710,0.0765,0.0055
9440,998.1,513.0,86.8163,86.8219,86.7454,0.0709,0.0765,0.0055
9441,992.7,529.2,86.8211,86.8267,86.7511,0.0700,0.0755,0.0055
9442,999.4,481.1,86.8259,86.8315,86.7558,0.0702,0.0757,0.0055
9443,999.2,461.7,86.8307,86.8363,86.7605,0.0702,0.0758,0.0055
9444,1000.5,536.8,86.8355,86.8411,86.7654,0.0702,0.0757,0.0055
9445,1048.2,455.2,86.8404,86.8459,86.7709,0.0695,0.0750,0.0056
9446,943.4,488.6,86.8452,86.8507,86.7759,0.0693,0.0749,0.0056
9447,1013.8,508.8,86.8500,86.8556,86.7809,0.0691,0.0746,0.0056
9448,995.0,529.5,86.8548,86.8604,86.7858,0.0690,0.0745,0.0056
9449,999.0,494.1,86.8597,86.8652,86.7910,0.0686,0.0742,0.0056
9450,1000.3,524.6,86.8645,86.8701,86.7958,0.0687,0.0743,0.0056
9451,998.6,513.7,86.8693,86.8749,86.8007,0.0687,0.0742,0.0056
9452,999.5,481.9,86.8742,86.8798,86.8057,0.0685,0.0741,0.0056
9453,999.4,488.4,86.8790,86.8846,86.8057,0.0734,0.0789,0.0056
9454,997.8,524.8,86.8839,86.8895,86.8110,0.0729,0.0785,0.0056
9455,1000.6,519.5,86.8888,86.8943,86.8158,0.0730,0.0786,0.0056
9456,1000.5,507.0,86.8936,86.8992,86.8207,0.0730,0.0785,0.0056
9457,999.5,514.3,86.8985,86.9041,86.8253,0.0733,0.0788,0.0056
9458,999.8,485.0,86.9034,86.9090,86.8299,0.0735,0.0791,0.0056
9459,1016.1,477.0,86.9083,86.9139,86.8346,0.0737,0.0793,0.0056
9460,982.7,476.9,86.9132,86.9188,86.8396,0.0735,0.0791,0.0056
9461,1011.6,512.2,86.9181,86.9236,86.8442,0.0738,0.0794,0.0056
9462,994.4,514.0,86.9230,86.9285,86.8487,0.0742,0.0798,0.0056
9463,999.0,503.7,86.9279,86.9335,86.8533,0.0746,0.0802,0.0056
9464,1012.2,514.9,86.9328,86.9384,86.8582,0.0746,0.0802,0.0056
9465,998.2,516.9,86.9377,86.9433,86.8627,0.0750,0.0806,0.0056
9466,990.0,410.9,86.9426,86.9482,86.8671,0.0755,0.0811,0.0056
9467,1008.4,527.4,86.9475,86.9531,86.8714,0.0762,0.0818,0.0056
9468,1006.0,510.1,86.9525,86.9581,86.8759,0.0765,0.0821,0.0056
9469,1001.7,472.4,86.9574,86.9630,86.8801,0.0773,0.0829,0.0056
9470,978.9,551.7,86.9623,86.9679,86.8842,0.0781,0.0838,0.0056
9471,1004.9,505.8,86.9673,86.9729,86.8886,0.0787,0.0843,0.0056
9472,1002.8,446.4,86.9722,86.9778,86.8933,0.0789,0.0845,0.0056
9473,999.0,497.1,86.9772,86.9828,86.8979,0.0793,0.0849,0.0056
9474,997.2,509.7,86.9821,86.9877,86.9025,0.0796,0.0852,0.0056
9475,2044.6,480.3,86.9871,86.9927,86.9122,0.0749,0.0805,0.0056
9476,487.5,296.5,86.9921,86.9977,86.9122,0.0799,0.0855,0.0056
9477,469.6,459.8,86.9970,87.0027,86.9168,0.0802,0.0858,0.0056
9478,997.2,410.5,87.0020,87.0076,86.9214,0.0806,0.0862,0.0056
9479,998.1,501.9,87.0070,87.0126,86.9261,0.0809,0.0865,0.0056
9480,1000.1,538.8,87.0120,87.0176,86.9312,0.0808,0.0864,0.0056
9481,1002.9,469.1,87.0170,87.0226,86.9359,0.0811,0.0867,0.0056
9482,999.4,539.8,87.0220,87.0276,86.9410,0.0810,0.0866,0.0056
9483,1000.3,494.0,87.0270,87.0326,86.9463,0.0807,0.0863,0.0056
9484,1010.4,540.9,87.0320,87.0376,86.9521,0.0798,0.0855,0.0056
9485,991.6,504.3,87.0370,87.0426,86.9576,0.0793,0.0850,0.0056
9486,999.3,530.7,87.0420,87.0476,86.9630,0.0789,0.0846,0.0057
9487,1001.3,430.8,87.0470,87.0527,86.9684,0.0786,0.0842,0.0057
9488,999.1,532.1,87.0520,87.0577,86.9743,0.0778,0.0834,0.0057
9489,1005.0,694.5,87.0571,87.0627,86.9798,0.0773,0.0829,0.0057
9490,993.0,460.6,87.0621,87.0678,86.9854,0.0767,0.0823,0.0057
9491,1005.1,508.5,87.0671,87.0728,86.9911,0.0761,0.0817,0.0057
9492,1003.4,539.0,87.0722,87.0778,86.9972,0.0750,0.0806,0.0057
9493,994.1,523.3,87.0772,87.0829,87.0027,0.0745,0.0802,0.0057
9494,998.3,589.3,87.0823,87.0879,87.0081,0.0742,0.0799,0.0057
9495,998.8,557.0,87.0873,87.0930,87.0133,0.0740,0.0797,0.0057
9496,999.7,524.6,87.0924,87.0981,87.0188,0.0736,0.0793,0.0057
9497,998.1,602.8,87.0975,87.1031,87.0240,0.0734,0.0791,0.0057
9498,999.8,541.8,87.1025,87.1082,87.0293,0.0732,0.0789,0.0057
9499,1001.2,530.9,87.1076,87.1133,87.0348,0.0728,0.0785,0.0057
9500,1001.0,564.6,87.1127,87.1184,87.0407,0.0720,0.0777,0.0057
9501,998.4,490.5,87.1178,87.1235,87.0462,0.0716,0.0773,0.0057
9502,1004.5,482.4,87.1229,87.1286,87.0516,0.0712,0.0769,0.0057
9503,1012.2,504.1,87.1280,87.1337,87.0570,0.0710,0.0766,0.0057
9504,986.7,504.9,87.1331,87.1388,87.0628,0.0702,0.0759,0.0057
9505,1012.9,500.3,87.1382,87.1439,87.0683,0.0699,0.0756,0.0057
9506,981.8,523.8,87.1433,87.1490,87.0738,0.0695,0.0752,0.0057
9507,999.7,500.2,87.1484,87.1541,87.0794,0.0690,0.0747,0.0057
9508,1009.7,494.1,87.1535,87.1592,87.0855,0.0680,0.0737,0.0057
9509,1017.6,477.2,87.1586,87.1643,87.0910,0.0676,0.0733,0.0057
9510,981.4,484.0,87.1638,87.1695,87.0963,0.0675,0.0732,0.0057
9511,1000.2,514.4,87.1689,87.1746,87.1014,0.0675,0.0732,0.0057
9512,1003.6,551.1,87.1740,87.1797,87.1069,0.0671,0.0728,0.0057
9513,1005.6,495.7,87.1792,87.1849,87.1119,0.0673,0.0730,0.0057
9514,986.4,521.2,87.1843,87.1900,87.1167,0.0676,0.0733,0.0057
9515,1001.8,562.1,87.1895,87.1952,87.1215,0.0680,0.0737,0.0057
9516,997.9,548.4,87.1946,87.2003,87.1266,0.0680,0.0737,0.0057
9517,999.6,513.1,87.1998,87.2055,87.1312,0.0685,0.0742,0.0057
9518,999.4,567.1,87.2049,87.2107,87.1356,0.0693,0.0750,0.0057
9519,998.2,575.2,87.2101,87.2158,87.1398,0.0703,0.0761,0.0057
9520,1001.4,571.8,87.2153,87.2210,87.1441,0.0712,0.0769,0.0057
9521,999.0,565.2,87.2205,87.2262,87.1481,0.0724,0.0781,0.0057
9522,1001.3,528.6,87.2256,87.2314,87.1523,0.0733,0.0790,0.0057
9523,1000.6,542.3,87.2308,87.2366,87.1566,0.0742,0.0799,0.0057
9524,995.9,508.1,87.2360,87.2417,87.1612,0.0748,0.0805,0.0057
9525,1021.5,478.4,87.2412,87.2469,87.1654,0.0758,0.0816,0.0057
9526,997.3,504.2,87.2464,87.2521,87.1696,0.0768,0.0825,0.0057
9527,998.9,495.2,87.2516,87.2574,87.1740,0.0776,0.0834,0.0057
9528,991.9,439.8,87.2568,87.2626,87.1786,0.0783,0.0840,0.0057
9529,997.0,511.4,87.2620,87.2678,87.1828,0.0793,0.0850,0.0057
9530,1010.3,522.4,87.2672,87.2730,87.1871,0.0801,0.0859,0.0058
9531,1007.2,434.0,87.2725,87.2782,87.1915,0.0809,0.0867,0.0058
9532,987.8,514.5,87.2777,87.2834,87.1964,0.0813,0.0871,0.0058
9533,995.1,503.1,87.2829,87.2887,87.2012,0.0817,0.0874,0.0058
9534,998.9,446.9,87.2882,87.2939,87.2063,0.0819,0.0877,0.0058
9535,1005.0,492.6,87.2934,87.2992,87.2113,0.0821,0.0878,0.0058
9536,994.2,526.1,87.2986,87.3044,87.2168,0.0818,0.0876,0.0058
9537,999.5,446.6,87.3039,87.3096,87.2218,0.0821,0.0879,0.0058
9538,1002.1,534.3,87.3091,87.3149,87.2267,0.0824,0.0882,0.0058
9539,999.5,520.4,87.3144,87.3202,87.2317,0.0827,0.0885,0.0058
9540,1019.3,481.1,87.3196,87.3254,87.2371,0.0826,0.0883,0.0058
9541,979.6,559.8,87.3249,87.3307,87.2421,0.0828,0.0886,0.0058
9542,999.6,547.6,87.3302,87.3360,87.2475,0.0827,0.0884,0.0058
9543,998.9,470.7,87.3355,87.3412,87.2529,0.0826,0.0884,0.0058
9544,1000.3,547.3,87.3407,87.3465,87.2586,0.0821,0.0879,0.0058
9545,1019.4,1020.8,87.3460,87.3518,87.2640,0.0820,0.0878,0.0058
9546,1032.5,478.4,87.3513,87.3571,87.2694,0.0819,0.0877,0.0058
9547,953.6,574.4,87.3566,87.3624,87.2745,0.0821,0.0879,0.0058
9548,1005.4,495.9,87.3619,87.3677,87.2799,0.0819,0.0877,0.0058
9549,990.2,439.9,87.3672,87.3730,87.2850,0.0822,0.0880,0.0058
9550,1017.8,1457.7,87.3725,87.3783,87.2902,0.0823,0.0881,0.0058
9551,1466.3,296.9,87.3778,87.3836,87.2954,0.0824,0.0882,0.0058
9552,516.4,444.3,87.3831,87.3889,87.3012,0.0819,0.0877,0.0058
9553,994.9,530.3,87.3884,87.3942,87.3068,0.0817,0.0875,0.0058
9554,995.4,492.1,87.3937,87.3995,87.3124,0.0813,0.0871,0.0058
9555,999.1,648.4,87.3991,87.4049,87.3180,0.0810,0.0868,0.0058
9556,1007.0,557.6,87.4044,87.4102,87.3240,0.0804,0.0862,0.0058
9557,993.3,559.6,87.4097,87.4155,87.3295,0.0802,0.0860,0.0058
9558,1001.5,494.6,87.4151,87.4209,87.3351,0.0800,0.0858,0.0058
9559,1001.4,570.3,87.4204,87.4262,87.3407,0.0797,0.0856,0.0058
9560,999.5,555.2,87.4257,87.4316,87.3468,0.0789,0.0847,0.0058
9561,999.9,487.5,87.4311,87.4369,87.3526,0.0785,0.0843,0.0058
9562,999.1,563.8,87.4364,87.4423,87.3582,0.0782,0.0841,0.0058
9563,1000.0,554.4,87.4418,87.4476,87.3639,0.0779,0.0837,0.0058
9564,1000.5,459.7,87.4472,87.4530,87.3701,0.0771,0.0829,0.0058
9565,1041.6,477.8,87.4525,87.4584,87.3757,0.0768,0.0826,0.0058
9566,960.0,503.9,87.4579,87.4637,87.3815,0.0764,0.0822,0.0058
9567,999.0,423.7,87.4633,87.4691,87.3873,0.0760,0.0818,0.0058
9568,999.3,516.2,87.4687,87.4745,87.3932,0.0755,0.0813,0.0058
9569,999.6,521.1,87.4740,87.4799,87.3985,0.0755,0.0814,0.0058
9570,1017.4,561.9,87.4794,87.4853,87.4037,0.0757,0.0815,0.0058
9571,991.9,512.1,87.4848,87.4907,87.4088,0.0760,0.0819,0.0058
9572,1002.9,499.0,87.4902,87.4960,87.4142,0.0760,0.0819,0.0058
9573,996.7,523.9,87.4956,87.5014,87.4192,0.0764,0.0822,0.0058
9574,1001.4,491.0,87.5010,87.5069,87.4241,0.0769,0.0827,0.0058
9575,997.9,627.2,87.5064,87.5123,87.4292,0.0772,0.0831,0.0058
9576,1005.1,536.4,87.5118,87.5177,87.4345,0.0773,0.0832,0.0058
9577,997.4,651.9,87.5172,87.5231,87.4395,0.0778,0.0836,0.0059
9578,1000.9,563.0,87.5227,87.5285,87.4444,0.0782,0.0841,0.0059
9579,999.1,615.2,87.5281,87.5339,87.4493,0.0788,0.0846,0.0059
9580,999.9,580.5,87.5335,87.5394,87.4545,0.0790,0.0848,0.0059
9581,1217.6,364.6,87.5389,87.5448,87.4594,0.0796,0.0854,0.0059
9582,782.6,533.2,87.5444,87.5502,87.4644,0.0800,0.0858,0.0059
9583,1000.9,510.7,87.5498,87.5557,87.4695,0.0803,0.0862,0.0059
9584,989.7,484.5,87.5552,87.5611,87.4751,0.0802,0.0860,0.0059
9585,1001.5,480.9,87.5607,87.5666,87.4802,0.0805,0.0864,0.0059
9586,1049.0,480.1,87.5661,87.5720,87.4854,0.0807,0.0866,0.0059
9587,964.8,534.1,87.5716,87.5775,87.4906,0.0810,0.0869,0.0059
9588,993.5,561.0,87.5771,87.5829,87.4960,0.0811,0.0869,0.0059
9589,998.8,575.9,87.5825,87.5884,87.5011,0.0815,0.0873,0.0059
9590,1000.4,420.4,87.5880,87.5939,87.5062,0.0817,0.0876,0.0059
9591,1003.4,506.8,87.5935,87.5993,87.5115,0.0820,0.0878,0.0059
9592,982.7,524.9,87.5989,87.6048,87.5169,0.0820,0.0879,0.0059
9593,1012.2,447.2,87.6044,87.6103,87.5228,0.0816,0.0875,0.0059
9594,1000.3,562.6,87.6099,87.6158,87.5281,0.0818,0.0877,0.0059
9595,999.8,554.8,87.6154,87.6213,87.5333,0.0821,0.0880,0.0059
9596,999.8,584.1,87.6209,87.6267,87.5388,0.0821,0.0880,0.0059
9597,1000.0,630.7,87.6264,87.6322,87.5440,0.0824,0.0883,0.0059
9598,999.7,540.2,87.6318,87.6377,87.5490,0.0829,0.0888,0.0059
9599,1001.3,399.7,87.6373,87.6432,87.5542,0.0831,0.0890,0.0059
9600,998.8,635.6,87.6429,87.6487,87.5609,0.0820,0.0879,0.0059
9601,1000.3,543.2,87.6484,87.6543,87.5657,0.0827,0.0886,0.0059
9602,999.6,441.6,87.6539,87.6598,87.5722,0.0817,0.0876,0.0059
9603,999.6,544.5,87.6594,87.6653,87.5781,0.0812,0.0871,0.0059
9604,1000.0,487.2,87.6649,87.6708,87.5838,0.0812,0.0871,0.0059
9605,998.8,411.1,87.6704,87.6763,87.5895,0.0810,0.0869,0.0059
9606,1004.1,505.2,87.6760,87.6819,87.5952,0.0808,0.0867,0.0059
9607,1008.8,511.9,87.6815,87.6874,87.6015,0.0800,0.0859,0.0059
9608,989.6,471.0,87.6870,87.6929,87.6075,0.0796,0.0855,0.0059
9609,999.5,531.9,87.6926,87.6985,87.6133,0.0793,0.0852,0.0059
9610,1015.3,517.0,87.6981,87.7040,87.6190,0.0791,0.0850,0.0059
9611,990.9,460.1,87.7036,87.7096,87.6247,0.0789,0.0848,0.0059
9612,992.8,517.5,87.7092,87.7151,87.6306,0.0786,0.0845,0.0059
9613,999.6,515.8,87.7147,87.7207,87.6362,0.0785,0.0844,0.0059
9614,1001.8,468.5,87.7203,87.7262,87.6418,0.0785,0.0844,0.0059
9615,997.7,696.9,87.7259,87.7318,87.6474,0.0785,0.0844,0.0059
9616,1000.2,530.9,87.7314,87.7374,87.6534,0.0781,0.0840,0.0059
9617,1000.2,472.5,87.7370,87.7429,87.6534,0.0836,0.0896,0.0059
9618,1000.4,572.9,87.7426,87.7485,87.6589,0.0836,0.0896,0.0059
9619,999.4,567.0,87.7481,87.7541,87.6645,0.0837,0.0896,0.0059
9620,1002.2,517.9,87.7537,87.7597,87.6704,0.0833,0.0892,0.0059
9621,999.0,551.7,87.7593,87.7652,87.6759,0.0834,0.0894,0.0059
9622,1000.7,534.5,87.7649,87.7708,87.6814,0.0835,0.0894,0.0059
9623,999.9,493.5,87.7705,87.7764,87.6874,0.0831,0.0890,0.0059
9624,1000.5,547.9,87.7761,87.7820,87.6929,0.0831,0.0891,0.0059
9625,999.1,594.6,87.7817,87.7876,87.6985,0.0831,0.0891,0.0059
9626,1005.7,498.6,87.7873,87.7932,87.7042,0.0831,0.0890,0.0059
9627,1376.3,314.7,87.7929,87.7988,87.7102,0.0827,0.0887,0.0059
9628,618.9,501.2,87.7985,87.8044,87.7157,0.0828,0.0888,0.0059
9629,995.4,469.7,87.8041,87.8100,87.7210,0.0831,0.0890,0.0059
9630,1002.7,513.5,87.8097,87.8157,87.7264,0.0833,0.0893,0.0059
9631,996.0,530.5,87.8153,87.8213,87.7323,0.0830,0.0890,0.0060
9632,1463.1,301.5,87.8209,87.8269,87.7377,0.0832,0.0892,0.0060
9633,537.8,514.6,87.8266,87.8325,87.7434,0.0832,0.0891,0.0060
9634,1002.4,523.4,87.8322,87.8382,87.7490,0.0832,0.0891,0.0060
9635,994.8,480.1,87.8378,87.8438,87.7549,0.0830,0.0889,0.0060
9636,999.4,531.2,87.8435,87.8494,87.7601,0.0833,0.0893,0.0060
9637,1002.5,516.7,87.8491,87.8551,87.7653,0.0838,0.0898,0.0060
9638,999.2,464.3,87.8547,87.8607,87.7707,0.0841,0.0900,0.0060
9639,1008.2,519.2,87.8604,87.8664,87.7764,0.0840,0.0899,0.0060
9640,998.9,479.6,87.8660,87.8720,87.7821,0.0840,0.0900,0.0060
9641,1000.3,486.9,87.8717,87.8777,87.7875,0.0842,0.0902,0.0060
9642,999.8,520.3,87.8774,87.8833,87.7927,0.0846,0.0906,0.0060
9643,1000.3,544.7,87.8830,87.8890,87.7981,0.0849,0.0909,0.0060
9644,999.9,515.8,87.8887,87.8946,87.8030,0.0857,0.0917,0.0060
9645,1000.6,559.9,87.8943,87.9003,87.8078,0.0866,0.0925,0.0060
9646,998.1,545.3,87.9000,87.9060,87.8127,0.0873,0.0933,0.0060
9647,1027.2,510.0,87.9057,87.9117,87.8182,0.0875,0.0935,0.0060
9648,981.4,539.2,87.9114,87.9173,87.8235,0.0879,0.0939,0.0060
9649,993.3,591.1,87.9170,87.9230,87.8289,0.0882,0.0942,0.0060
9650,1003.8,543.4,87.9227,87.9287,87.8343,0.0885,0.0944,0.0060
9651,996.9,521.5,87.9284,87.9344,87.8399,0.0885,0.0945,0.0060
9652,998.0,315.1,87.9341,87.9401,87.8452,0.0889,0.0949,0.0060
9653,1000.2,519.7,87.9398,87.9458,87.8506,0.0892,0.0952,0.0060
9654,1004.9,516.1,87.9455,87.9515,87.8561,0.0894,0.0954,0.0060
9655,995.4,424.3,87.9512,87.9572,87.8623,0.0889,0.0949,0.0060
9656,1000.6,508.2,87.9569,87.9629,87.8682,0.0887,0.0947,0.0060
9657,1001.4,513.5,87.9626,87.9686,87.8742,0.0884,0.0944,0.0060
9658,3664.0,443.3,87.9683,87.9743,87.8923,0.0761,0.0821,0.0060
9659,449.0,2612.4,87.9740,87.9800,87.8983,0.0758,0.0818,0.0060
9660,2618.3,506.5,87.9797,87.9857,87.9164,0.0633,0.0693,0.0060
9661,511.3,423.3,87.9855,87.9915,87.9164,0.0691,0.0751,0.0060
9662,427.9,327.8,87.9912,87.9972,87.9164,0.0748,0.0808,0.0060
9663,332.4,560.6,87.9969,88.0029,87.9217,0.0752,0.0812,0.0060
9664,565.6,325.5,88.0026,88.0086,87.9217,0.0809,0.0869,0.0060
9665,330.0,527.3,88.0084,88.0144,87.9266,0.0818,0.0878,0.0060
9666,531.5,291.2,88.0141,88.0201,87.9266,0.0875,0.0935,0.0060
9667,575.1,487.9,88.0199,88.0259,87.9313,0.0885,0.0945,0.0060
9668,1000.4,509.9,88.0256,88.0316,87.9364,0.0892,0.0952,0.0060
9669,992.8,551.8,88.0313,88.0374,87.9413,0.0901,0.0961,0.0060
9670,1021.3,482.2,88.0371,88.0431,87.9464,0.0907,0.0967,0.0060
9671,972.0,518.9,88.0428,88.0489,87.9523,0.0906,0.0966,0.0060
9672,998.5,517.6,88.0486,88.0546,87.9591,0.0895,0.0955,0.0060
9673,1001.1,455.6,88.0544,88.0604,87.9655,0.0888,0.0949,0.0060
9674,996.8,516.9,88.0601,88.0661,87.9716,0.0885,0.0945,0.0060
9675,999.6,530.0,88.0659,88.0719,87.9777,0.0882,0.0942,0.0060
9676,1752.6,918.5,88.0716,88.0777,87.9907,0.0809,0.0870,0.0060
9677,923.0,349.9,88.0774,88.0834,87.9907,0.0867,0.0927,0.0060
9678,358.1,468.1,88.0832,88.0892,87.9973,0.0859,0.0919,0.0060
9679,1888.1,599.5,88.0890,88.0950,88.0109,0.0781,0.0841,0.0060
9680,608.9,275.0,88.0948,88.1008,88.0109,0.0838,0.0899,0.0060
9681,469.5,485.6,88.1005,88.1066,88.0172,0.0833,0.0893,0.0060
9682,1001.1,455.1,88.1063,88.1124,88.0234,0.0829,0.0890,0.0060
9683,999.5,535.6,88.1121,88.1181,88.0296,0.0826,0.0886,0.0060
9684,999.7,501.3,88.1179,88.1239,88.0362,0.0817,0.0877,0.0060
9685,1001.6,237.0,88.1237,88.1297,88.0423,0.0814,0.0875,0.0060
9686,1001.3,510.3,88.1295,88.1355,88.0481,0.0814,0.0874,0.0060
9687,997.6,477.5,88.1353,88.1413,88.0541,0.0812,0.0873,0.0060
9688,999.2,440.7,88.1411,88.1472,88.0601,0.0810,0.0871,0.0060
9689,1000.0,515.6,88.1469,88.1530,88.0653,0.0816,0.0876,0.0060
9690,999.9,498.9,88.1527,88.1588,88.0705,0.0822,0.0883,0.0060
9691,1013.3,3778.5,88.1585,88.1646,88.0757,0.0829,0.0889,0.0060
9692,3787.8,618.0,88.1644,88.1704,88.0976,0.0667,0.0728,0.0061
9693,621.4,271.6,88.1702,88.1762,88.0976,0.0725,0.0786,0.0061
9694,275.0,1215.6,88.1760,88.1821,88.0976,0.0784,0.0844,0.0061
9695,1219.2,285.1,88.1818,88.1879,88.1087,0.0732,0.0792,0.0061
9696,288.3,274.0,88.1877,88.1937,88.1087,0.0790,0.0851,0.0061
9697,277.1,239.8,88.1935,88.1995,88.1087,0.0848,0.0909,0.0061
9698,523.7,489.2,88.1993,88.2054,88.1138,0.0855,0.0916,0.0061
9699,1017.4,466.0,88.2052,88.2112,88.1188,0.0864,0.0924,0.0061
9700,980.3,456.3,88.2110,88.2171,88.1240,0.0870,0.0930,0.0061
9701,996.7,506.9,88.2168,88.2229,88.1290,0.0879,0.0939,0.0061
9702,1000.5,488.5,88.2227,88.2288,88.1340,0.0887,0.0948,0.0061
9703,1000.7,441.4,88.2285,88.2346,88.1393,0.0893,0.0953,0.0061
9704,999.1,501.7,88.2344,88.2405,88.1453,0.0891,0.0952,0.0061
9705,999.9,487.3,88.2402,88.2463,88.1511,0.0892,0.0953,0.0061
9706,1000.7,426.0,88.2461,88.2522,88.1568,0.0893,0.0953,0.0061
9707,1003.2,483.4,88.2520,88.2580,88.1627,0.0892,0.0953,0.0061
9708,998.1,476.9,88.2578,88.2639,88.1690,0.0888,0.0949,0.0061
9709,999.9,447.4,88.2637,88.2698,88.1747,0.0890,0.0951,0.0061
9710,1000.1,503.6,88.2696,88.2756,88.1804,0.0892,0.0953,0.0061
9711,1000.0,503.2,88.2754,88.2815,88.1860,0.0894,0.0955,0.0061
9712,1001.2,446.0,88.2813,88.2874,88.1919,0.0894,0.0955,0.0061
9713,997.8,503.6,88.2872,88.2933,88.1975,0.0897,0.0958,0.0061
9714,1000.9,262.4,88.2931,88.2991,88.2033,0.0897,0.0958,0.0061
9715,999.9,475.0,88.2989,88.3050,88.2092,0.0898,0.0959,0.0061
9716,997.1,498.9,88.3048,88.3109,88.2154,0.0895,0.0956,0.0061
9717,1000.1,251.5,88.3107,88.3168,88.2213,0.0894,0.0955,0.0061
9718,1000.6,466.2,88.3166,88.3227,88.2271,0.0895,0.0956,0.0061
9719,1001.3,501.1,88.3225,88.3286,88.2330,0.0895,0.0956,0.0061
9720,1001.7,419.2,88.3284,88.3345,88.2396,0.0888,0.0949,0.0061
9721,997.9,479.7,88.3343,88.3404,88.2458,0.0885,0.0946,0.0061
9722,1000.0,512.6,88.3402,88.3463,88.2522,0.0880,0.0941,0.0061
9723,1000.0,297.3,88.3461,88.3522,88.2587,0.0874,0.0935,0.0061
9724,1001.6,474.5,88.3520,88.3581,88.2655,0.0865,0.0926,0.0061
9725,999.9,503.0,88.3579,88.3640,88.2718,0.0861,0.0922,0.0061
9726,998.6,261.2,88.3638,88.3699,88.2782,0.0857,0.0918,0.0061
9727,1001.4,448.7,88.3698,88.3759,88.2845,0.0852,0.0913,0.0061
9728,1001.0,504.4,88.3757,88.3818,88.2915,0.0842,0.0903,0.0061
9729,999.2,321.8,88.3816,88.3877,88.2980,0.0836,0.0897,0.0061
9730,1002.3,489.5,88.3875,88.3936,88.3043,0.0833,0.0894,0.0061
9731,997.1,548.2,88.3934,88.3996,88.3103,0.0831,0.0892,0.0061
9732,999.8,326.5,88.3994,88.4055,88.3165,0.0829,0.0890,0.0061
9733,999.9,529.5,88.4053,88.4114,88.3221,0.0832,0.0893,0.0061
9734,1001.6,542.2,88.4112,88.4174,88.3277,0.0835,0.0896,0.0061
9735,998.2,442.7,88.4172,88.4233,88.3333,0.0839,0.0900,0.0061
9736,999.5,559.9,88.4231,88.4292,88.3394,0.0837,0.0899,0.0061
9737,1000.1,533.5,88.4291,88.4352,88.3451,0.0840,0.0901,0.0061
9738,1000.2,482.0,88.4350,88.4411,88.3507,0.0843,0.0904,0.0061
9739,999.9,567.0,88.4410,88.4471,88.3563,0.0847,0.0908,0.0061
9740,999.4,563.9,88.4469,88.4530,88.3623,0.0846,0.0908,0.0061
9741,999.9,490.4,88.4529,88.4590,88.3679,0.0850,0.0911,0.0061
9742,1000.5,571.4,88.4588,88.4649,88.3734,0.0854,0.0915,0.0061
9743,999.5,543.3,88.4648,88.4709,88.3791,0.0857,0.0918,0.0061
9744,1000.1,508.4,88.4707,88.4768,88.3852,0.0856,0.0917,0.0061
9745,1000.4,598.8,88.4767,88.4828,88.3907,0.0860,0.0921,0.0061
9746,999.8,563.2,88.4827,88.4888,88.3964,0.0863,0.0924,0.0061
9747,1000.3,464.4,88.4886,88.4947,88.4021,0.0865,0.0926,0.0061
9748,1001.1,572.0,88.4946,88.5007,88.4082,0.0864,0.0926,0.0061
9749,999.6,572.5,88.5006,88.5067,88.4139,0.0867,0.0928,0.0061
9750,1000.0,480.6,88.5065,88.5127,88.4195,0.0870,0.0932,0.0061
9751,1000.0,569.5,88.5125,88.5186,88.4249,0.0876,0.0938,0.0061
9752,1000.5,542.0,88.5185,88.5246,88.4308,0.0877,0.0938,0.0061
9753,999.6,499.8,88.5245,88.5306,88.4361,0.0884,0.0945,0.0061
9754,1000.4,580.1,88.5305,88.5366,88.4412,0.0893,0.0954,0.0061
9755,999.7,556.1,88.5364,88.5426,88.4464,0.0900,0.0962,0.0061
9756,998.6,505.4,88.5424,88.5486,88.4523,0.0902,0.0963,0.0061
9757,1002.3,545.7,88.5484,88.5546,88.4579,0.0906,0.0967,0.0061
9758,998.9,577.8,88.5544,88.5606,88.4635,0.0909,0.0970,0.0061
9759,999.5,499.2,88.5604,88.5666,88.4692,0.0912,0.0974,0.0061
9760,999.8,576.6,88.5664,88.5726,88.4753,0.0911,0.0972,0.0061
9761,1000.3,567.5,88.5724,88.5786,88.4810,0.0914,0.0976,0.0061
9762,999.9,499.1,88.5784,88.5846,88.4868,0.0916,0.0978,0.0061
9763,999.9,583.5,88.5844,88.5906,88.4929,0.0916,0.0977,0.0061
9764,999.8,563.1,88.5904,88.5966,88.5007,0.0898,0.0959,0.0061
9765,1000.2,505.9,88.5964,88.6026,88.5072,0.0892,0.0954,0.0061
9766,1000.3,569.9,88.6025,88.6086,88.5137,0.0887,0.0949,0.0061
9767,999.9,554.7,88.6085,88.6146,88.5203,0.0882,0.0943,0.0061
9768,1000.1,514.6,88.6145,88.6206,88.5271,0.0874,0.0935,0.0062
9769,1002.1,595.6,88.6205,88.6267,88.5334,0.0871,0.0932,0.0062
9770,1000.4,592.0,88.6265,88.6327,88.5399,0.0866,0.0928,0.0062
9771,998.8,512.4,88.6325,88.6387,88.5466,0.0859,0.0921,0.0062
9772,1002.1,569.6,88.6386,88.6447,88.5537,0.0849,0.0910,0.0062
9773,1005.4,554.4,88.6446,88.6508,88.5602,0.0844,0.0905,0.0062
9774,1000.7,527.3,88.6506,88.6568,88.5666,0.0840,0.0902,0.0062
9775,1000.2,566.8,88.6567,88.6628,88.5729,0.0838,0.0899,0.0062
9776,1001.4,558.2,88.6627,88.6689,88.5797,0.0830,0.0891,0.0062
9777,999.0,532.9,88.6687,88.6749,88.5862,0.0826,0.0887,0.0062
9778,995.4,531.1,88.6748,88.6809,88.5926,0.0822,0.0884,0.0062
9779,998.3,342.5,88.6808,88.6870,88.5989,0.0819,0.0880,0.0062
9780,997.8,544.6,88.6869,88.6930,88.5989,0.0879,0.0941,0.0062
9781,998.5,560.4,88.6929,88.6991,88.6120,0.0809,0.0871,0.0062
9782,999.9,290.5,88.6990,88.7051,88.6120,0.0869,0.0931,0.0062
9783,999.8,526.2,88.7050,88.7112,88.6183,0.0867,0.0929,0.0062
9784,1000.1,549.4,88.7111,88.7172,88.6253,0.0858,0.0919,0.0062
9785,999.9,295.9,88.7171,88.7233,88.6319,0.0852,0.0914,0.0062
9786,1001.4,536.7,88.7232,88.7293,88.6383,0.0848,0.0910,0.0062
9787,1005.3,550.5,88.7292,88.7354,88.6447,0.0845,0.0907,0.0062
9788,1002.0,457.6,88.7353,88.7415,88.6514,0.0839,0.0900,0.0062
9789,1000.9,531.8,88.7413,88.7475,88.6574,0.0840,0.0902,0.0062
9790,1002.1,544.1,88.7474,88.7536,88.6631,0.0843,0.0905,0.0062
9791,995.1,454.5,88.7535,88.7597,88.6687,0.0848,0.0910,0.0062
9792,1011.2,555.8,88.7595,88.7657,88.6746,0.0849,0.0911,0.0062
9793,993.7,574.0,88.7656,88.7718,88.6800,0.0856,0.0918,0.0062
9794,996.8,497.2,88.7717,88.7779,88.6852,0.0865,0.0927,0.0062
9795,999.2,569.9,88.7778,88.7839,88.6902,0.0876,0.0938,0.0062
9796,1000.2,581.3,88.7838,88.7900,88.6956,0.0882,0.0944,0.0062
9797,999.6,502.7,88.7899,88.7961,88.7006,0.0893,0.0955,0.0062
9798,1000.2,579.5,88.7960,88.8022,88.7058,0.0902,0.0964,0.0062
9799,1000.2,568.9,88.8021,88.8083,88.7111,0.0910,0.0972,0.0062
9800,994.6,465.9,88.8082,88.8144,88.7168,0.0914,0.0976,0.0062
9801,1000.0,579.6,88.8143,88.8204,88.7220,0.0923,0.0984,0.0062
9802,1006.3,569.8,88.8203,88.8265,88.7273,0.0931,0.0992,0.0062
9803,999.4,502.8,88.8264,88.8326,88.7325,0.0940,0.1002,0.0062
9804,999.6,575.1,88.8325,88.8387,88.7381,0.0944,0.1006,0.0062
9805,1001.2,571.0,88.8386,88.8448,88.7438,0.0949,0.1011,0.0062
9806,998.8,507.6,88.8447,88.8509,88.7495,0.0952,0.1014,0.0062
9807,999.1,584.1,88.8508,88.8570,88.7554,0.0954,0.1016,0.0062
9808,999.5,547.9,88.8569,88.8631,88.7620,0.0949,0.1011,0.0062
9809,1002.4,473.8,88.8630,88.8692,88.7681,0.0949,0.1011,0.0062
9810,997.3,576.8,88.8691,88.8753,88.7742,0.0949,0.1011,0.0062
9811,999.8,565.7,88.8752,88.8814,88.7804,0.0948,0.1010,0.0062
9812,1003.9,502.4,88.8813,88.8875,88.7873,0.0940,0.1002,0.0062
9813,1000.3,575.8,88.8874,88.8936,88.7938,0.0936,0.0998,0.0062
9814,998.3,562.7,88.8936,88.8998,88.8005,0.0931,0.0993,0.0062
9815,999.3,500.0,88.8997,88.9059,88.8070,0.0927,0.0989,0.0062
9816,1000.3,597.1,88.9058,88.9120,88.8137,0.0921,0.0983,0.0062
9817,999.3,579.8,88.9119,88.9181,88.8201,0.0918,0.0980,0.0062
9818,1000.4,510.7,88.9180,88.9242,88.8263,0.0917,0.0979,0.0062
9819,1004.1,606.3,88.9241,88.9303,88.8326,0.0915,0.0977,0.0062
9820,996.2,595.1,88.9303,88.9365,88.8397,0.0906,0.0968,0.0062
9821,1001.4,499.8,88.9364,88.9426,88.8463,0.0901,0.0963,0.0062
9822,992.6,588.0,88.9425,88.9487,88.8530,0.0895,0.0957,0.0062
9823,1005.9,577.7,88.9486,88.9548,88.8598,0.0888,0.0951,0.0062
9824,1000.6,512.3,88.9548,88.9610,88.8670,0.0878,0.0940,0.0062
9825,999.3,581.3,88.9609,88.9671,88.8737,0.0872,0.0934,0.0062
9826,1000.3,565.8,88.9670,88.9732,88.8807,0.0864,0.0926,0.0062
9827,999.1,516.0,88.9732,88.9794,88.8875,0.0857,0.0919,0.0062
9828,998.9,529.6,88.9793,88.9855,88.8941,0.0852,0.0914,0.0062
9829,1000.5,574.4,88.9854,88.9917,88.9012,0.0842,0.0904,0.0062
9830,999.9,520.4,88.9916,88.9978,88.9076,0.0839,0.0902,0.0062
9831,999.4,577.5,88.9977,89.0039,88.9139,0.0839,0.0901,0.0062
9832,1000.1,572.9,89.0039,89.0101,88.9206,0.0833,0.0895,0.0062
9833,999.4,520.3,89.0100,89.0162,88.9266,0.0835,0.0897,0.0062
9834,1001.9,570.6,89.0162,89.0224,88.9322,0.0839,0.0901,0.0062
9835,1003.8,523.2,89.0223,89.0285,88.9376,0.0847,0.0909,0.0062
9836,997.6,547.2,89.0285,89.0347,88.9432,0.0853,0.0915,0.0062
9837,999.7,580.1,89.0346,89.0408,88.9482,0.0864,0.0926,0.0062
9838,999.8,526.0,89.0408,89.0470,88.9534,0.0873,0.0935,0.0062
9839,999.2,547.0,89.0469,89.0531,88.9587,0.0882,0.0944,0.0062
9840,1000.6,563.3,89.0531,89.0593,88.9646,0.0885,0.0947,0.0062
9841,999.2,361.0,89.0592,89.0654,88.9701,0.0892,0.0954,0.0062
9842,995.3,551.7,89.0654,89.0716,88.9756,0.0898,0.0960,0.0062
9843,1000.4,583.0,89.0715,89.0778,88.9810,0.0905,0.0968,0.0062
9844,998.7,480.3,89.0777,89.0839,88.9870,0.0907,0.0969,0.0062
9845,999.2,567.2,89.0839,89.0901,88.9927,0.0912,0.0974,0.0062
9846,999.0,581.5,89.0900,89.0963,88.9986,0.0914,0.0976,0.0062
9847,1000.4,285.8,89.0962,89.1024,89.0047,0.0915,0.0978,0.0062
9848,999.5,512.4,89.1024,89.1086,89.0113,0.0911,0.0973,0.0062
9849,1000.2,570.9,89.1085,89.1148,89.0174,0.0911,0.0973,0.0062
9850,1000.0,342.8,89.1147,89.1209,89.0235,0.0912,0.0974,0.0062
9851,1001.3,560.5,89.1209,89.1271,89.0296,0.0913,0.0975,0.0062
9852,999.8,568.9,89.1271,89.1333,89.0363,0.0908,0.0970,0.0062
9853,1008.0,475.9,89.1332,89.1395,89.0427,0.0905,0.0967,0.0062
9854,999.7,532.7,89.1394,89.1456,89.0493,0.0902,0.0964,0.0062
9855,1001.2,576.1,89.1456,89.1518,89.0558,0.0897,0.0960,0.0062
9856,998.9,485.4,89.1518,89.1580,89.0628,0.0889,0.0952,0.0062
9857,1001.5,528.1,89.1580,89.1642,89.0689,0.0890,0.0953,0.0062
9858,998.9,526.7,89.1641,89.1704,89.0750,0.0892,0.0954,0.0062
9859,997.8,357.7,89.1703,89.1766,89.0811,0.0892,0.0955,0.0062
9860,1000.9,573.3,89.1765,89.1827,89.0877,0.0888,0.0950,0.0062
9861,999.7,566.1,89.1827,89.1889,89.0942,0.0885,0.0948,0.0062
9862,1000.2,477.4,89.1889,89.1951,89.1007,0.0882,0.0945,0.0062
9863,1000.1,560.5,89.1951,89.2013,89.1072,0.0879,0.0941,0.0062
9864,995.0,573.9,89.2013,89.2075,89.1142,0.0870,0.0933,0.0062
9865,999.0,316.1,89.2075,89.2137,89.1207,0.0868,0.0930,0.0062
9866,1005.5,577.3,89.2136,89.2199,89.1270,0.0866,0.0928,0.0062
9867,1001.6,538.9,89.2198,89.2261,89.1336,0.0863,0.0925,0.0062
9868,999.1,472.7,89.2260,89.2323,89.1406,0.0854,0.0917,0.0062
9869,1003.8,621.1,89.2322,89.2385,89.1471,0.0851,0.0913,0.0062
9870,997.3,596.6,89.2384,89.2447,89.1536,0.0848,0.0910,0.0062
9871,997.4,498.5,89.2446,89.2509,89.1600,0.0846,0.0909,0.0062
9872,999.9,578.6,89.2508,89.2571,89.1669,0.0840,0.0902,0.0062
9873,1000.6,577.9,89.2570,89.2633,89.1734,0.0837,0.0899,0.0062
9874,998.8,491.0,89.2632,89.2695,89.1797,0.0835,0.0897,0.0062
9875,1000.5,588.0,89.2694,89.2757,89.1858,0.0837,0.0899,0.0062
9876,999.8,531.1,89.2757,89.2819,89.1921,0.0835,0.0898,0.0062
9877,1002.5,475.5,89.2819,89.2881,89.1977,0.0841,0.0904,0.0062
9878,998.5,538.5,89.2881,89.2943,89.2033,0.0847,0.0910,0.0062
9879,1004.3,551.7,89.2943,89.3005,89.2091,0.0852,0.0915,0.0062
9880,1007.1,543.3,89.3005,89.3067,89.2148,0.0857,0.0919,0.0062
9881,1007.3,518.6,89.3067,89.3130,89.2208,0.0859,0.0922,0.0062
9882,983.6,566.4,89.3129,89.3192,89.2263,0.0866,0.0929,0.0062
9883,1014.3,489.7,89.3191,89.3254,89.2317,0.0874,0.0937,0.0062
9884,986.6,576.7,89.3253,89.3316,89.2370,0.0884,0.0946,0.0062
9885,1008.8,534.9,89.3316,89.3378,89.2429,0.0887,0.0949,0.0063
9886,984.0,513.7,89.3378,89.3440,89.2486,0.0892,0.0955,0.0063
9887,1004.7,561.9,89.3440,89.3503,89.2544,0.0896,0.0959,0.0063
9888,1000.5,550.1,89.3502,89.3565,89.2602,0.0900,0.0963,0.0063
9889,1000.7,530.6,89.3564,89.3627,89.2665,0.0900,0.0962,0.0063
9890,1001.4,584.6,89.3627,89.3689,89.2723,0.0904,0.0966,0.0063
9891,995.9,577.7,89.3689,89.3751,89.2782,0.0907,0.0969,0.0063
9892,1000.2,544.1,89.3751,89.3814,89.2841,0.0910,0.0973,0.0063
9893,1000.1,602.4,89.3813,89.3876,89.2906,0.0908,0.0970,0.0063
9894,1001.2,599.0,89.3876,89.3938,89.2967,0.0909,0.0971,0.0063
9895,1001.1,522.2,89.3938,89.4001,89.3029,0.0909,0.0971,0.0063
9896,998.3,597.3,89.4000,89.4063,89.3088,0.0913,0.0975,0.0063
9897,999.8,547.1,89.4063,89.4125,89.3149,0.0914,0.0976,0.0063
9898,999.9,539.3,89.4125,89.4187,89.3204,0.0921,0.0983,0.0063
9899,1001.7,576.6,89.4187,89.4250,89.3259,0.0928,0.0991,0.0063
9900,998.7,362.2,89.4250,89.4312,89.3315,0.0935,0.0997,0.0063
9901,1000.6,544.4,89.4312,89.4374,89.3376,0.0935,0.0998,0.0063
9902,1001.3,580.6,89.4374,89.4437,89.3436,0.0938,0.1000,0.0063
9903,1000.3,372.0,89.4437,89.4499,89.3499,0.0938,0.1000,0.0063
9904,998.6,531.1,89.4499,89.4562,89.3562,0.0937,0.1000,0.0063
9905,999.9,584.0,89.4561,89.4624,89.3630,0.0931,0.0994,0.0063
9906,998.3,356.4,89.4624,89.4686,89.3696,0.0927,0.0990,0.0063
9907,997.8,523.6,89.4686,89.4749,89.3762,0.0924,0.0986,0.0063
9908,997.4,576.3,89.4749,89.4811,89.3829,0.0920,0.0982,0.0063
9909,998.3,285.6,89.4811,89.4874,89.3900,0.0911,0.0973,0.0063
9910,1000.1,539.7,89.4873,89.4936,89.3966,0.0907,0.0970,0.0063
9911,1000.5,586.0,89.4936,89.4998,89.4033,0.0903,0.0966,0.0063
9912,999.4,351.9,89.4998,89.5061,89.4099,0.0900,0.0962,0.0063
9913,1009.3,578.5,89.5061,89.5123,89.4170,0.0891,0.0954,0.0063
9914,999.1,578.7,89.5123,89.5186,89.4235,0.0888,0.0950,0.0063
9915,999.9,366.1,89.5186,89.5248,89.4301,0.0884,0.0947,0.0063
9916,1001.8,562.7,89.5248,89.5311,89.4367,0.0881,0.0944,0.0063
9917,998.8,559.7,89.5311,89.5373,89.4436,0.0875,0.0938,0.0063
9918,997.3,486.5,89.5373,89.5436,89.4497,0.0877,0.0939,0.0063
9919,1003.4,603.4,89.5436,89.5498,89.4557,0.0879,0.0942,0.0063
9920,996.6,563.5,89.5498,89.5561,89.4619,0.0879,0.0942,0.0063
9921,1002.1,499.1,89.5561,89.5623,89.4688,0.0872,0.0935,0.0063
9922,999.3,567.7,89.5623,89.5686,89.4752,0.0871,0.0934,0.0063
9923,999.8,586.9,89.5686,89.5748,89.4816,0.0870,0.0932,0.0063
9924,1001.1,357.9,89.5748,89.5811,89.4882,0.0866,0.0929,0.0063
9925,1015.3,530.1,89.5811,89.5873,89.4948,0.0862,0.0925,0.0063
9926,984.9,576.6,89.5873,89.5936,89.5011,0.0862,0.0925,0.0063
9927,999.5,474.3,89.5936,89.5999,89.5074,0.0862,0.0925,0.0063
9928,1001.2,584.6,89.5998,89.6061,89.5140,0.0859,0.0921,0.0063
9929,992.2,580.1,89.6061,89.6124,89.5208,0.0853,0.0916,0.0063
9930,998.6,356.6,89.6124,89.6186,89.5269,0.0855,0.0917,0.0063
9931,1000.1,567.7,89.6186,89.6249,89.5328,0.0858,0.0921,0.0063
9932,1000.0,575.4,89.6249,89.6312,89.5387,0.0862,0.0924,0.0063
9933,999.9,485.2,89.6311,89.6374,89.5461,0.0850,0.0913,0.0063
9934,1000.5,564.9,89.6374,89.6437,89.5522,0.0852,0.0915,0.0063
9935,999.7,559.4,89.6437,89.6499,89.5583,0.0854,0.0917,0.0063
9936,1001.5,464.0,89.6499,89.6562,89.5642,0.0857,0.0920,0.0063
9937,1011.1,560.6,89.6562,89.6625,89.5703,0.0859,0.0922,0.0063
9938,1003.9,554.6,89.6625,89.6687,89.5759,0.0866,0.0928,0.0063
9939,1004.9,472.7,89.6687,89.6750,89.5814,0.0873,0.0936,0.0063
9940,990.8,560.1,89.6750,89.6813,89.5873,0.0877,0.0939,0.0063
9941,1006.2,517.8,89.6813,89.6875,89.5932,0.0881,0.0944,0.0063
9942,994.4,464.4,89.6875,89.6938,89.5992,0.0884,0.0946,0.0063
9943,999.2,565.9,89.6938,89.7001,89.6051,0.0887,0.0950,0.0063
9944,1002.5,547.4,89.7001,89.7063,89.6112,0.0889,0.0952,0.0063
9945,998.7,502.9,89.7063,89.7126,89.6177,0.0886,0.0949,0.0063
9946,999.9,563.0,89.7126,89.7189,89.6238,0.0888,0.0951,0.0063
9947,1000.0,540.6,89.7189,89.7251,89.6300,0.0888,0.0951,0.0063
9948,995.8,489.9,89.7251,89.7314,89.6363,0.0888,0.0951,0.0063
9949,1000.9,581.0,89.7314,89.7377,89.6433,0.0881,0.0944,0.0063
9950,1003.3,538.6,89.7377,89.7439,89.6497,0.0879,0.0942,0.0063
9951,995.7,484.8,89.7439,89.7502,89.6497,0.0942,0.1005,0.0063
9952,1003.7,1729.2,89.7502,89.7565,89.6562,0.0940,0.1003,0.0063
9953,1739.3,998.6,89.7565,89.7628,89.6695,0.0870,0.0933,0.0063
9954,1005.1,365.4,89.7628,89.7690,89.6761,0.0866,0.0929,0.0063
9955,373.4,397.2,89.7690,89.7753,89.6761,0.0929,0.0992,0.0063
9956,883.3,519.0,89.7753,89.7816,89.6831,0.0922,0.0985,0.0063
9957,1004.4,510.0,89.7816,89.7879,89.6898,0.0918,0.0981,0.0063
9958,990.8,577.0,89.7878,89.7941,89.6965,0.0913,0.0976,0.0063
9959,1002.3,526.2,89.7941,89.8004,89.7026,0.0916,0.0978,0.0063
9960,1000.1,489.5,89.8004,89.8067,89.7086,0.0918,0.0981,0.0063
9961,997.8,559.8,89.8067,89.8130,89.7147,0.0920,0.0982,0.0063
9962,999.9,340.1,89.8130,89.8192,89.7216,0.0914,0.0976,0.0063
9963,1000.1,525.8,89.8192,89.8255,89.7279,0.0913,0.0976,0.0063
9964,999.4,553.9,89.8255,89.8318,89.7342,0.0913,0.0976,0.0063
9965,1005.9,321.7,89.8318,89.8381,89.7406,0.0912,0.0975,0.0063
9966,1002.1,532.3,89.8381,89.8443,89.7475,0.0905,0.0968,0.0063
9967,998.1,545.1,89.8443,89.8506,89.7541,0.0903,0.0965,0.0063
9968,995.8,443.5,89.8506,89.8569,89.7608,0.0898,0.0961,0.0063
9969,1008.2,545.3,89.8569,89.8632,89.7678,0.0891,0.0954,0.0063
9970,1006.9,3796.1,89.8632,89.8695,89.7752,0.0880,0.0942,0.0063
9971,3806.1,629.0,89.8694,89.8757,89.8013,0.0681,0.0744,0.0063
9972,635.7,320.8,89.8757,89.8820,89.8013,0.0744,0.0807,0.0063
9973,327.0,349.3,89.8820,89.8883,89.8075,0.0745,0.0808,0.0063
9974,355.4,532.3,89.8883,89.8946,89.8075,0.0808,0.0871,0.0063
9975,538.9,546.1,89.8946,89.9008,89.8075,0.0871,0.0934,0.0063
9976,552.6,444.0,89.9008,89.9071,89.8135,0.0873,0.0936,0.0063
9977,781.2,468.4,89.9071,89.9134,89.8193,0.0878,0.0941,0.0063
9978,996.7,538.4,89.9134,89.9197,89.8245,0.0889,0.0951,0.0063
9979,1276.6,338.5,89.9197,89.9260,89.8297,0.0900,0.0962,0.0063
9980,727.0,441.9,89.9260,89.9323,89.8345,0.0915,0.0977,0.0063
9981,978.3,519.7,89.9323,89.9385,89.8398,0.0924,0.0987,0.0063
9982,1008.4,507.9,89.9385,89.9448,89.8456,0.0930,0.0992,0.0063
9983,991.8,412.4,89.9448,89.9511,89.8521,0.0927,0.0990,0.0063
9984,1002.3,479.4,89.9511,89.9574,89.8583,0.0928,0.0990,0.0063
9985,1004.9,521.4,89.9574,89.9637,89.8646,0.0928,0.0991,0.0063
9986,991.2,269.5,89.9637,89.9699,89.8706,0.0931,0.0993,0.0063
9987,999.9,530.6,89.9699,89.9762,89.8769,0.0931,0.0994,0.0063
9988,999.5,535.0,89.9762,89.9825,89.8828,0.0935,0.0997,0.0063
9989,1001.5,306.6,89.9825,89.9888,89.8888,0.0937,0.1000,0.0063
9990,1000.6,507.5,89.9888,89.9951,89.8954,0.0934,0.0997,0.0063
9991,1001.5,518.0,89.9951,90.0014,89.9016,0.0935,0.0997,0.0063
9992,998.0,320.3,90.0014,90.0076,89.9079,0.0935,0.0998,0.0063
9993,998.8,535.6,90.0076,90.0139,89.9140,0.0937,0.0999,0.0063
9994,998.7,579.9,90.0139,90.0202,89.9205,0.0934,0.0997,0.0063
9995,1000.4,460.0,90.0202,90.0265,89.9266,0.0936,0.0999,0.0063
9996,999.7,545.7,90.0265,90.0328,89.9326,0.0939,0.1001,0.0063
9997,1000.0,550.9,90.0328,90.0391,89.9387,0.0941,0.1004,0.0063
9998,1000.3,457.7,90.0391,90.0453,89.9452,0.0938,0.1001,0.0063
9999,1025.2,530.8,90.0453,90.0516,89.9512,0.0942,0.1005,0.0063
