cycle,cycle_dt_us,work_dt_us
0,1069.5,576.5
1,997.1,386.8
2,1001.4,369.4
3,997.6,681.7
4,1001.7,602.4
5,999.7,594.2
6,1000.3,595.9
7,999.5,265.7
8,1000.4,302.0
9,1000.6,579.0
10,999.3,355.3
11,1000.6,363.4
12,1002.4,312.2
13,996.5,264.6
14,1029.1,321.8
15,978.9,679.1
16,993.0,581.0
17,992.0,597.7
18,1004.9,246.2
19,1001.2,766.1
20,1001.3,274.6
21,997.5,344.2
22,999.1,313.2
23,1000.8,306.0
24,1000.0,316.5
25,999.9,306.2
26,1000.2,615.6
27,1000.0,614.3
28,999.7,569.2
29,1002.6,569.6
30,994.7,266.0
31,1007.3,295.5
32,1002.3,261.6
33,999.7,348.6
34,990.3,344.3
35,997.7,304.4
36,997.8,292.0
37,999.9,294.1
38,1000.1,570.4
39,1000.8,603.3
40,999.7,583.8
41,999.8,569.8
42,1001.1,286.3
43,998.7,293.3
44,1001.6,313.8
45,999.2,302.6
46,1001.3,285.7
47,999.3,267.5
48,1005.1,321.6
49,1003.7,588.9
50,1001.8,616.3
51,991.8,556.6
52,998.9,570.2
53,998.1,240.8
54,999.8,312.2
55,1000.0,303.9
56,999.3,279.3
57,1000.0,317.1
58,1000.1,288.4
59,999.9,281.8
60,1002.0,271.9
61,998.2,601.1
62,1000.0,595.3
63,1002.8,249.8
64,1004.2,245.9
65,1005.2,284.5
66,1000.6,605.3
67,992.5,305.0
68,999.4,324.2
69,996.1,312.7
70,1001.9,276.6
71,997.8,296.0
72,1000.5,592.0
73,999.6,220.8
74,1000.0,572.6
75,1000.0,242.0
76,1000.3,276.8
77,999.7,238.7
78,1002.0,295.5
79,1007.5,267.2
80,1005.4,275.3
81,998.0,279.1
82,998.9,358.3
83,997.1,321.4
84,999.3,565.0
85,998.8,540.6
86,1001.5,246.8
87,998.3,535.2
88,1003.2,257.8
89,1000.2,332.3
90,1000.2,341.3
91,996.6,370.4
92,1000.3,325.2
93,1000.2,336.1
94,999.1,325.8
95,1000.4,599.1
96,1000.0,705.3
97,1014.2,559.9
98,999.7,557.9
99,988.1,602.2
100,1006.8,273.9
101,987.8,587.2
102,997.5,276.2
103,999.7,302.8
104,1006.6,249.1
105,1000.6,329.6
106,999.7,348.5
107,998.0,594.9
108,999.8,572.5
109,1000.2,596.9
110,1003.9,271.7
111,997.7,297.4
112,999.8,313.2
113,1000.3,332.5
114,995.3,367.5
115,1021.0,312.5
116,996.6,368.1
117,1008.3,410.7
118,985.6,640.9
119,994.9,604.0
120,997.6,596.3
121,1001.2,572.1
122,999.4,289.6
123,1000.2,305.3
124,999.2,579.7
125,999.8,344.6
126,1000.6,307.7
127,1000.1,327.5
128,1001.7,325.9
129,1002.3,323.5
130,1010.3,619.0
131,997.2,635.2
132,989.9,551.2
133,1005.5,292.5
134,995.9,621.6
135,999.9,265.2
136,999.9,356.4
137,1000.1,339.2
138,999.6,351.1
139,999.9,391.5
140,1000.7,364.1
141,999.9,671.5
142,997.5,610.0
143,1000.7,639.0
144,999.6,625.1
145,999.8,592.5
146,1014.6,281.3
147,1004.8,550.9
148,988.8,311.8
149,992.8,337.8
150,1001.6,493.4
151,1003.7,271.1
152,995.8,312.6
153,998.7,598.1
154,1000.4,592.0
155,1001.4,573.6
156,1000.1,281.9
157,999.7,281.2
158,1000.2,368.7
159,1000.8,375.9
160,998.9,295.3
161,1002.8,352.1
162,1000.7,319.0
163,1007.9,312.0
164,1002.2,662.0
165,985.6,648.5
166,998.2,646.6
167,1004.6,286.5
168,997.4,321.9
169,999.5,334.4
170,999.5,319.3
171,1003.6,314.3
172,998.4,322.1
173,1000.3,330.8
174,999.5,345.2
175,1000.3,325.7
176,998.1,628.4
177,1001.2,618.7
178,999.8,277.7
179,1003.3,334.9
180,1010.1,291.3
181,997.3,574.2
182,991.2,328.4
183,1005.6,370.2
184,993.5,344.0
185,996.5,364.8
186,999.5,312.7
187,1000.7,714.7
188,998.5,619.5
189,999.3,622.0
190,1000.1,604.8
191,1001.1,292.4
192,999.2,313.8
193,1001.4,302.3
194,999.7,396.5
195,998.9,315.2
196,1013.9,390.6
197,1011.9,310.4
198,984.0,366.9
199,994.6,625.5
200,1000.3,590.8
201,1004.7,270.2
202,996.3,287.8
203,997.5,317.0
204,1003.7,342.2
205,996.5,382.3
206,1001.9,327.4
207,996.4,352.8
208,998.5,350.4
209,1000.5,329.0
210,999.5,654.8
211,1001.2,624.3
212,1000.8,620.2
213,1014.0,271.8
214,1004.7,594.0
215,983.3,580.2
216,1000.6,331.2
217,1008.0,350.1
218,991.9,334.5
219,1001.0,349.0
220,999.1,339.6
221,1001.0,321.0
222,998.6,624.5
223,1000.0,604.0
224,999.8,608.0
225,1000.8,289.8
226,999.1,310.7
227,999.9,400.2
228,998.3,345.5
229,1003.5,335.2
230,1011.3,307.2
231,998.0,357.9
232,987.7,344.1
233,1006.6,618.1
234,992.4,622.3
235,1000.8,616.2
236,1002.5,280.4
237,998.3,319.6
238,1001.0,388.3
239,1000.0,331.5
240,1002.1,344.4
241,998.3,357.7
242,1001.6,319.8
243,997.9,344.7
244,1000.1,418.2
245,999.6,631.3
246,994.4,629.2
247,998.6,576.7
248,1019.1,234.6
249,988.6,627.3
250,998.4,269.3
251,1002.5,294.0
252,997.4,347.5
253,1000.9,329.9
254,998.6,350.1
255,999.6,318.7
256,1000.0,630.7
257,1000.0,602.3
258,1000.0,591.8
259,1005.4,273.7
260,997.3,320.7
261,999.3,433.1
262,1005.9,323.2
263,989.4,318.0
264,995.6,335.0
265,1020.4,306.4
266,989.0,351.9
267,1008.7,294.9
268,992.4,684.6
269,998.5,615.4
270,999.8,601.2
271,998.3,266.2
272,1001.9,380.8
273,999.9,335.9
274,998.8,343.3
275,999.4,402.4
276,1009.5,327.2
277,991.5,386.3
278,1000.6,330.1
279,1002.6,595.2
280,999.8,650.8
281,1002.8,567.8
282,2177.5,2171.1
283,537.4,534.6
284,314.6,312.6
285,959.2,273.2
286,997.4,300.8
287,1000.8,280.6
288,998.9,289.2
289,1000.0,422.1
290,1001.2,380.8
291,999.2,662.2
292,1001.4,627.9
293,997.6,619.5
294,999.9,617.4
295,999.8,301.7
296,1001.6,421.2
297,997.8,302.2
298,1035.6,289.7
299,982.1,379.8
300,1001.8,494.5
301,1000.4,268.9
302,998.5,621.2
303,997.8,579.6
304,1000.0,574.2
305,1002.8,255.8
306,1002.7,365.9
307,999.5,362.9
308,998.6,359.8
309,1000.2,310.6
310,1001.0,334.1
311,993.1,369.6
312,998.1,385.2
313,1002.1,309.1
314,994.8,631.0
315,1000.0,585.0
316,999.8,578.1
317,999.9,302.0
318,999.0,314.0
319,1000.3,413.8
320,1001.4,331.3
321,997.2,425.5
322,1001.9,321.7
323,999.6,311.1
324,1000.0,319.0
325,998.5,615.5
326,999.9,600.0
327,1003.8,581.5
328,999.0,294.0
329,999.0,304.7
330,1000.9,284.9
331,1002.6,252.1
332,999.7,304.1
333,1000.3,300.8
334,999.4,275.0
335,999.8,276.4
336,998.4,392.6
337,999.9,671.6
338,999.6,239.5
339,1000.2,634.0
340,1000.9,569.5
341,999.6,324.9
342,1000.2,428.9
343,999.1,442.6
344,1000.4,390.4
345,1002.0,374.0
346,998.4,419.5
347,1000.7,250.7
348,999.1,581.8
349,1001.0,574.0
350,1000.8,266.3
351,999.7,268.8
352,1000.5,417.1
353,999.8,453.0
354,999.7,460.0
355,999.7,403.6
356,1000.0,397.9
357,999.8,399.4
358,998.3,392.4
359,1000.2,618.5
360,999.9,575.9
361,999.9,588.5
362,1001.3,245.3
363,998.6,238.5
364,1000.7,276.4
365,999.9,345.7
366,1002.3,335.6
367,998.6,309.4
368,999.3,490.4
369,1001.4,419.3
370,999.3,423.0
371,998.9,660.4
372,1002.1,580.1
373,999.3,565.2
374,999.8,245.1
375,999.6,483.1
376,999.8,489.7
377,998.4,307.9
378,999.6,454.4
379,999.3,485.5
380,1001.7,269.1
381,1004.3,281.7
382,996.8,278.6
383,999.2,604.8
384,1000.1,275.8
385,1000.0,266.7
386,999.9,435.1
387,1003.3,269.5
388,998.3,291.9
389,999.0,466.1
390,1001.3,456.7
391,1000.3,302.8
392,999.4,310.7
393,1000.9,281.6
394,999.5,659.6
395,1000.0,567.5
396,1000.0,229.9
397,999.6,234.3
398,999.7,237.7
399,1000.0,317.3
400,999.7,313.5
401,999.1,265.6
402,1000.4,276.7
403,1000.5,276.8
404,999.0,292.3
405,999.9,282.8
406,1000.8,256.0
407,999.1,273.6
408,1002.2,278.3
409,1001.1,265.5
410,997.2,277.7
411,1001.5,297.2
412,999.9,278.1
413,1000.4,306.1
414,999.5,303.4
415,1001.2,314.3
416,998.7,302.1
417,999.6,623.3
418,1001.8,252.9
419,999.1,572.9
420,1000.9,236.2
421,999.6,296.2
422,998.0,282.0
423,1000.9,266.0
424,998.7,293.2
425,1000.4,274.2
426,1000.0,273.7
427,999.8,296.6
428,1000.3,278.9
429,999.8,683.1
430,998.9,580.6
431,1003.0,258.2
432,1000.0,247.2
433,999.5,268.8
434,999.4,279.4
435,999.9,287.7
436,1001.0,274.4
437,999.2,278.0
438,1000.1,274.8
439,999.7,309.5
440,999.8,705.5
441,1000.3,623.6
442,1000.0,687.2
443,1001.0,600.7
444,997.7,578.6
445,999.6,321.8
446,1000.8,341.7
447,999.6,279.6
448,1001.1,299.3
449,1000.8,285.4
450,999.5,485.7
451,1001.3,272.4
452,998.0,664.0
453,1003.3,241.1
454,998.5,268.4
455,999.8,271.7
456,1000.2,286.1
457,1000.0,303.0
458,1000.2,277.2
459,1000.1,288.7
460,998.8,312.5
461,999.6,306.9
462,998.8,320.0
463,1000.5,597.6
464,1002.3,567.8
465,998.8,634.6
466,999.4,638.3
467,999.7,281.5
468,1000.6,332.3
469,998.8,327.3
470,999.7,317.8
471,1000.1,307.4
472,1000.6,327.8
473,1000.7,263.2
474,998.8,621.9
475,1004.1,819.8
476,996.4,616.6
477,1001.8,281.5
478,999.3,289.4
479,1000.2,325.1
480,1002.4,243.4
481,1012.4,229.4
482,1003.8,342.3
483,996.2,302.8
484,988.9,321.4
485,988.9,260.6
486,997.8,552.1
487,1008.9,595.7
488,1000.2,267.4
489,999.8,614.6
490,998.4,594.9
491,1000.8,316.8
492,999.0,285.9
493,1000.3,270.2
494,1000.2,294.8
495,1001.5,275.0
496,1001.3,283.3
497,991.8,591.2
498,1008.9,566.9
499,1000.1,619.4
500,1004.1,266.0
501,991.7,310.8
502,1002.8,294.6
503,1000.6,308.3
504,999.3,321.6
505,999.1,327.7
506,999.3,317.8
507,1000.3,348.7
508,1000.5,352.9
509,997.7,729.8
510,1000.1,640.8
511,999.9,605.7
512,1003.2,287.2
513,1010.3,320.8
514,994.3,336.8
515,995.4,577.6
516,1007.7,348.9
517,990.2,341.1
518,996.8,314.3
519,997.2,382.2
520,998.8,750.7
521,1000.0,730.7
522,1000.5,258.3
523,1000.3,276.7
524,1001.5,310.9
525,998.4,303.4
526,1000.1,283.8
527,1000.0,315.4
528,1000.0,290.9
529,1002.0,324.9
530,1024.3,302.1
531,987.3,349.4
532,995.0,629.1
533,1001.5,264.4
534,993.9,613.0
535,996.0,267.9
536,998.1,282.6
537,999.7,299.7
538,1000.2,286.2
539,1000.7,309.7
540,1000.8,336.7
541,1000.8,341.2
542,1007.5,334.5
543,1002.0,324.9
544,997.8,747.9
545,1001.6,611.8
546,1011.1,267.2
547,995.2,312.9
548,994.4,264.9
549,1000.4,354.3
550,1002.5,333.3
551,992.8,303.3
552,995.0,286.1
553,998.4,299.5
554,1001.4,311.2
555,997.9,277.9
556,999.9,271.6
557,999.9,299.5
558,1000.3,295.7
559,1000.9,289.6
560,999.7,250.3
561,999.9,276.2
562,1000.9,310.2
563,1020.0,286.6
564,999.6,348.5
565,993.2,333.6
566,1000.1,653.9
567,991.9,631.6
568,999.7,273.3
569,996.8,312.3
570,997.8,292.2
571,1000.2,283.2
572,1008.6,283.7
573,1002.0,291.4
574,999.6,319.3
575,997.7,329.1
576,998.9,317.5
577,1001.5,328.9
578,998.9,619.1
579,1003.6,619.6
580,1003.8,291.3
581,995.2,282.0
582,997.3,324.4
583,996.1,324.0
584,1001.1,314.8
585,996.0,307.8
586,999.8,290.6
587,1001.0,317.6
588,999.0,312.0
589,1000.0,641.4
590,1000.0,648.1
591,1000.7,652.3
592,999.5,632.5
593,999.8,581.4
594,1000.8,303.4
595,998.9,354.5
596,1002.6,375.1
597,1010.4,326.2
598,999.1,351.4
599,998.6,352.0
600,1000.9,342.5
601,992.4,610.4
602,1004.3,631.9
603,1000.9,284.0
604,1002.1,322.1
605,997.3,309.5
606,999.9,301.5
607,1002.5,322.4
608,998.1,317.1
609,1000.7,327.1
610,998.7,310.5
611,999.8,318.2
612,1003.5,643.3
613,997.9,592.4
614,997.0,643.5
615,996.2,658.5
616,1012.1,665.0
617,989.2,634.4
618,1001.3,342.1
619,999.3,341.7
620,1003.2,314.5
621,1002.4,332.8
622,998.9,349.9
623,998.8,325.1
624,999.0,634.1
625,1000.2,621.4
626,1002.5,270.1
627,998.0,325.5
628,1001.2,312.1
629,1005.7,315.8
630,1000.6,295.2
631,993.2,297.0
632,994.8,322.2
633,1001.0,317.1
634,1009.7,349.1
635,992.7,298.5
636,997.6,608.8
637,997.5,263.8
638,999.0,302.9
639,1000.1,574.8
640,1001.1,361.9
641,998.9,361.6
642,1000.1,345.5
643,999.9,315.2
644,1000.5,329.9
645,1002.7,322.3
646,1017.7,299.5
647,1003.0,627.8
648,987.1,613.7
649,998.0,284.3
650,996.7,328.7
651,999.4,305.7
652,996.7,283.6
653,998.2,303.6
654,999.7,320.5
655,1001.5,310.3
656,998.9,301.9
657,1000.2,422.5
658,999.2,633.9
659,1000.2,619.1
660,999.1,571.1
661,1000.6,276.9
662,1000.6,407.0
663,1023.8,261.5
664,993.6,350.8
665,993.8,397.0
666,1001.1,384.7
667,992.8,359.2
668,998.3,295.0
669,998.0,334.0
670,999.0,608.4
671,1000.7,265.1
672,1001.8,323.7
673,1010.6,645.0
674,997.5,305.1
675,1000.0,338.2
676,999.1,311.1
677,999.6,370.8
678,1002.8,352.3
679,997.0,361.7
680,1001.0,302.8
681,1000.5,293.6
682,997.4,608.0
683,1001.0,296.0
684,1003.9,332.2
685,995.7,286.9
686,1002.1,268.1
687,1000.2,338.3
688,996.6,343.5
689,1000.9,394.4
690,999.7,412.3
691,1001.0,372.4
692,1000.1,374.5
693,998.3,641.6
694,999.5,659.0
695,1002.9,279.5
696,999.2,329.3
697,1002.0,295.0
698,998.6,280.4
699,1000.5,357.5
700,1001.0,343.3
701,999.3,320.2
702,998.4,356.3
703,998.6,342.5
704,997.8,664.6
705,1001.4,632.6
706,999.4,271.7
707,999.8,317.1
708,1000.3,338.4
709,999.6,330.8
710,1000.2,349.8
711,1000.3,335.5
712,1000.7,352.8
713,1002.5,301.6
714,1000.5,349.8
715,1000.9,360.4
716,996.1,696.5
717,1001.8,638.2
718,1000.5,298.6
719,999.7,321.0
720,999.5,348.4
721,1000.7,324.7
722,999.2,360.4
723,1000.1,351.3
724,998.2,354.9
725,999.5,356.4
726,1000.3,353.7
727,999.1,679.0
728,999.6,653.1
729,1000.9,285.9
730,1002.0,278.1
731,1000.4,281.6
732,1000.0,360.6
733,1001.5,338.7
734,1000.4,338.1
735,996.9,305.1
736,1002.1,313.5
737,999.1,356.9
738,998.3,331.8
739,998.5,666.0
740,1002.0,659.7
741,1000.2,627.3
742,1000.5,309.3
743,999.1,331.6
744,1000.7,334.0
745,1000.7,329.6
746,997.6,315.7
747,1001.6,308.5
748,1001.6,317.0
749,1001.1,401.5
750,998.5,730.2
751,1001.4,615.2
752,997.3,640.8
753,999.6,286.7
754,998.3,337.7
755,1000.1,399.0
756,1003.0,308.4
757,998.8,338.0
758,999.5,407.2
759,1000.5,344.4
760,999.4,341.1
761,1000.4,322.6
762,1000.4,653.8
763,1000.3,305.7
764,1002.0,574.3
765,1000.1,637.8
766,999.3,626.3
767,997.6,310.5
768,1001.7,357.1
769,998.1,421.9
770,1001.1,339.7
771,997.8,405.9
772,1000.0,345.0
773,999.9,658.6
774,999.9,639.0
775,1000.9,257.6
776,1003.0,325.7
777,997.5,330.1
778,1000.7,322.8
779,999.5,398.8
780,1000.5,301.9
781,1004.7,279.1
782,996.5,384.8
783,999.5,339.8
784,1000.1,358.0
785,1001.6,639.5
786,1000.5,645.8
787,999.4,305.1
788,999.6,411.9
789,999.9,356.2
790,998.4,375.9
791,1000.3,402.2
792,1001.2,367.1
793,999.8,341.3
794,999.0,369.3
795,1001.4,345.9
796,1000.1,307.7
797,998.5,632.8
798,1003.3,298.9
799,996.8,350.1
800,1001.8,343.6
801,999.9,305.6
802,999.6,333.3
803,999.0,421.2
804,999.9,348.9
805,1000.3,343.0
806,1002.9,328.5
807,997.9,332.6
808,998.8,730.8
809,1000.3,642.5
810,999.9,308.9
811,998.8,427.9
812,999.5,351.7
813,1001.6,339.7
814,1000.1,661.9
815,1000.7,354.5
816,998.7,367.6
817,1000.7,347.5
818,999.6,342.6
819,999.9,654.0
820,999.0,654.7
821,1001.8,282.3
822,999.8,435.0
823,998.5,343.4
824,1000.0,430.7
825,999.8,386.6
826,1001.3,367.7
827,999.8,392.9
828,1000.4,364.1
829,998.6,371.0
830,999.9,374.6
831,1001.7,683.0
832,998.1,652.7
833,999.7,285.0
834,1001.8,324.4
835,1000.0,412.1
836,1001.9,332.3
837,998.8,341.5
838,999.1,337.4
839,1001.2,400.1
840,998.1,425.1
841,1001.1,431.2
842,998.4,711.3
843,998.5,671.7
844,1000.2,659.1
845,1001.4,325.9
846,1000.3,343.2
847,1001.6,368.0
848,1001.9,355.2
849,998.0,376.7
850,999.2,345.0
851,1002.1,348.4
852,1000.1,369.5
853,1000.0,348.0
854,997.9,745.7
855,999.9,640.7
856,1000.0,288.6
857,1001.7,376.9
858,998.7,348.2
859,999.5,439.1
860,1000.1,317.5
861,1000.2,445.9
862,999.7,362.1
863,1000.4,438.3
864,1002.4,415.3
865,1000.3,734.9
866,997.6,676.4
867,999.1,674.3
868,1000.2,692.4
869,1002.1,669.3
870,999.7,652.4
871,1000.1,314.6
872,999.8,460.5
873,1001.1,351.0
874,999.1,355.3
875,999.9,333.3
876,998.8,486.7
877,1000.4,665.3
878,998.8,272.2
879,1000.3,481.3
880,1001.0,338.6
881,1009.5,349.5
882,990.4,324.7
883,998.7,413.2
884,1002.6,295.1
885,998.2,307.9
886,1000.5,338.9
887,1000.3,361.3
888,996.6,640.2
889,1002.3,662.3
890,1000.2,645.7
891,998.8,648.4
892,1000.8,316.1
893,999.3,340.9
894,1000.7,422.9
895,1000.4,340.4
896,999.0,329.7
897,999.6,359.9
898,999.3,346.2
899,999.1,357.5
900,1005.8,619.9
901,998.0,659.2
902,999.2,645.5
903,999.5,321.3
904,1000.6,498.7
905,1001.3,324.7
906,997.7,496.2
907,1000.8,377.0
908,999.9,376.8
909,999.3,384.3
910,999.7,532.4
911,1000.1,334.7
912,1003.5,798.5
913,997.1,295.1
914,1001.2,508.8
915,998.6,398.4
916,999.6,516.3
917,1001.1,354.6
918,1001.5,373.7
919,998.1,545.4
920,1000.1,358.3
921,999.9,351.1
922,1000.1,517.7
923,1000.2,737.9
924,999.5,642.0
925,1001.5,310.3
926,999.5,329.8
927,1000.6,497.8
928,1001.6,332.1
929,996.6,532.9
930,1001.7,366.0
931,999.7,358.2
932,998.2,370.2
933,999.9,372.9
934,1003.0,673.3
935,999.6,671.4
936,1000.4,291.0
937,1000.5,348.9
938,999.7,332.5
939,1000.2,365.7
940,999.8,396.3
941,998.0,403.6
942,999.6,370.1
943,1000.1,352.8
944,1000.2,373.3
945,1005.4,388.4
946,994.8,627.9
947,1000.3,652.5
948,999.1,299.7
949,998.8,335.6
950,999.3,520.5
951,1004.8,350.9
952,999.3,356.9
953,1000.2,349.5
954,999.5,360.7
955,1000.5,361.8
956,999.9,357.4
957,1000.1,657.5
958,1001.4,281.8
959,999.0,320.0
960,1000.1,317.1
961,1000.8,331.9
962,997.0,360.6
963,999.8,380.5
964,1002.3,366.2
965,998.3,403.9
966,1000.2,410.9
967,999.8,371.6
968,999.8,369.2
969,999.4,761.9
970,999.4,280.2
971,1001.5,321.2
972,999.9,344.8
973,1000.8,337.6
974,999.2,342.8
975,1000.5,342.9
976,1000.8,321.6
977,998.8,385.3
978,1003.0,389.3
979,997.7,367.2
980,999.1,757.9
981,1002.1,664.3
982,998.2,276.2
983,1003.1,330.5
984,996.7,330.1
985,998.5,351.4
986,1000.5,325.6
987,999.8,350.9
988,1001.1,346.8
989,999.0,408.8
990,1000.0,412.2
991,999.9,403.0
992,999.5,763.1
993,1002.6,290.0
994,998.7,351.7
995,1001.1,352.2
996,1000.1,330.6
997,1001.6,353.1
998,999.0,346.5
999,999.2,355.5
1000,1001.5,351.5
1001,998.7,334.6
1002,999.7,316.9
1003,1000.0,646.1
1004,999.7,607.6
1005,1000.1,305.7
1006,998.6,332.4
1007,998.6,353.5
1008,1001.9,346.7
1009,997.8,343.9
1010,1000.1,355.7
1011,1000.5,345.4
1012,999.4,366.4
1013,1000.2,355.4
1014,1000.9,401.2
1015,999.3,687.4
1016,1005.2,814.0
1017,992.1,678.4
1018,999.5,660.1
1019,1008.5,340.3
1020,1000.5,406.7
1021,992.2,414.5
1022,1004.9,360.9
1023,1000.0,360.5
1024,1000.1,366.3
1025,998.6,350.0
1026,999.9,718.8
1027,998.6,729.2
1028,1000.8,307.3
1029,999.5,352.9
1030,999.8,347.3
1031,1001.1,315.5
1032,1000.1,357.0
1033,1000.4,342.5
1034,995.6,359.7
1035,1007.4,355.4
1036,999.4,290.8
1037,999.3,321.3
1038,998.3,760.1
1039,999.8,709.8
1040,1003.6,799.5
1041,997.2,663.5
1042,1000.5,336.7
1043,1000.4,368.8
1044,997.8,366.7
1045,1000.4,346.7
1046,1000.4,341.0
1047,999.2,362.7
1048,1002.1,347.3
1049,996.7,656.0
1050,1001.9,623.3
1051,1000.8,349.5
1052,999.2,328.1
1053,999.4,308.5
1054,1000.0,384.3
1055,1000.1,363.2
1056,1000.8,346.9
1057,999.1,364.8
1058,1001.9,357.9
1059,999.5,394.9
1060,1000.9,365.0
1061,1001.5,830.0
1062,997.3,645.9
1063,1001.5,300.1
1064,999.0,350.0
1065,1001.0,646.6
1066,1000.8,369.5
1067,1000.2,369.5
1068,999.5,351.6
1069,1000.5,318.6
1070,996.5,317.6
1071,1001.0,355.7
1072,999.4,683.5
1073,1003.6,818.1
1074,999.8,835.1
1075,995.6,295.9
1076,999.3,365.8
1077,999.7,385.1
1078,1000.5,363.3
1079,1001.8,372.6
1080,1000.2,370.8
1081,999.4,380.8
1082,1001.5,399.2
1083,998.7,383.1
1084,1006.4,650.9
1085,1009.6,311.4
1086,995.9,298.1
1087,991.4,305.3
1088,1017.1,348.8
1089,983.9,356.3
1090,998.5,382.9
1091,998.3,367.7
1092,1005.9,334.9
1093,993.6,361.8
1094,998.1,383.4
1095,1000.2,675.3
1096,999.4,643.8
1097,1000.5,317.6
1098,1001.0,355.5
1099,1000.7,356.9
1100,1000.6,576.3
1101,994.9,334.5
1102,1023.7,336.7
1103,1007.4,322.3
1104,981.8,384.1
1105,994.8,375.3
1106,999.0,363.4
1107,998.1,827.0
1108,1002.2,302.7
1109,1001.6,655.0
1110,998.1,327.2
1111,1000.5,340.9
1112,999.6,366.8
1113,997.5,361.0
1114,1002.1,403.8
1115,1000.0,444.1
1116,999.0,440.4
1117,1003.0,381.3
1118,1006.3,636.0
1119,1006.5,658.6
1120,984.9,324.7
1121,998.7,344.7
1122,1001.1,357.8
1123,1000.6,334.8
1124,1001.4,330.7
1125,997.4,364.9
1126,1001.7,340.9
1127,998.4,373.4
1128,1000.9,363.0
1129,1001.6,373.3
1130,998.0,722.9
1131,1001.5,689.4
1132,997.3,318.8
1133,1001.0,383.5
1134,1002.0,358.5
1135,1012.5,312.2
1136,1000.6,300.7
1137,985.4,330.8
1138,1001.3,359.9
1139,996.8,419.8
1140,999.3,432.5
1141,1000.0,708.2
1142,999.9,686.2
1143,1001.6,652.6
1144,998.6,317.5
1145,1001.6,364.4
1146,999.8,342.2
1147,1001.4,359.2
1148,1000.1,356.7
1149,999.2,369.0
1150,1000.9,360.7
1151,1013.9,312.2
1152,1002.8,344.0
1153,984.1,628.1
1154,998.2,664.2
1155,999.6,320.3
1156,1000.0,343.9
1157,998.3,343.8
1158,999.8,356.9
1159,1001.3,365.6
1160,1000.1,369.3
1161,999.8,355.1
1162,999.3,366.1
1163,999.3,381.8
1164,1001.6,735.8
1165,998.8,707.3
1166,999.9,681.1
1167,1000.7,679.6
1168,1017.3,652.5
1169,1004.1,374.6
1170,985.5,404.1
1171,995.9,412.0
1172,999.4,387.8
1173,1000.3,379.1
1174,1000.2,349.3
1175,999.3,380.2
1176,1000.7,674.7
1177,999.4,668.7
1178,998.5,315.0
1179,999.5,379.1
1180,1002.0,364.9
1181,999.6,379.1
1182,999.5,375.7
1183,999.6,377.7
1184,1003.4,371.8
1185,1009.4,359.3
1186,995.7,326.3
1187,991.4,685.9
1188,999.0,659.8
1189,1000.1,673.0
1190,1000.7,673.0
1191,999.0,689.4
1192,1003.1,367.6
1193,999.7,365.5
1194,998.8,363.5
1195,1000.1,358.4
1196,999.7,370.2
1197,1000.3,388.6
1198,1001.1,359.7
1199,999.5,670.3
1200,999.7,313.7
1201,1008.4,346.9
1202,1008.0,352.5
1203,989.7,337.7
1204,993.0,355.4
1205,998.6,352.5
1206,1000.2,400.2
1207,1001.1,355.0
1208,998.5,372.0
1209,1000.6,400.6
1210,1000.9,674.1
1211,1000.3,308.3
1212,999.7,362.8
1213,1000.2,353.7
1214,1001.7,379.2
1215,1000.3,412.7
1216,999.8,394.1
1217,999.9,392.0
1218,1006.2,380.6
1219,1013.2,351.0
1220,986.8,375.9
1221,992.0,346.7
1222,998.6,681.2
1223,1000.1,682.2
1224,998.4,318.0
1225,1001.6,381.0
1226,998.2,362.9
1227,1000.0,393.1
1228,1000.4,368.3
1229,1000.2,405.0
1230,1000.8,389.0
1231,1000.2,393.8
1232,1001.1,378.5
1233,997.8,672.8
1234,1008.3,306.6
1235,995.5,316.6
1236,1001.3,320.1
1237,1000.5,327.5
1238,996.1,341.5
1239,1000.1,429.4
1240,999.7,409.1
1241,1000.8,415.1
1242,999.3,390.8
1243,998.4,369.5
1244,999.7,366.5
1245,1001.1,648.1
1246,998.9,312.4
1247,1001.7,437.3
1248,1044.7,358.1
1249,957.8,331.8
1250,998.9,369.2
1251,1004.1,358.0
1252,1003.3,338.9
1253,1009.0,328.4
1254,988.0,331.6
1255,995.8,362.1
1256,998.4,662.8
1257,1000.4,666.8
1258,1002.8,316.4
1259,998.9,367.3
1260,1000.8,365.9
1261,999.1,344.4
1262,999.3,366.5
1263,999.8,369.7
1264,1001.4,398.3
1265,998.0,407.6
1266,1000.7,449.0
1267,1002.7,422.4
1268,1013.3,695.2
1269,997.4,660.0
1270,987.9,340.4
1271,999.1,379.8
1272,998.8,394.6
1273,998.4,379.2
1274,999.9,357.5
1275,1002.0,395.3
1276,999.0,372.7
1277,999.7,401.7
1278,1000.4,396.9
1279,999.0,705.4
1280,1001.2,697.7
1281,1001.7,326.3
1282,998.9,344.9
1283,999.8,398.8
1284,1006.4,373.2
1285,1014.8,333.2
1286,988.5,322.6
1287,990.5,331.9
1288,1003.3,368.9
1289,996.3,425.7
1290,999.7,446.4
1291,1002.0,703.7
1292,998.9,672.0
1293,1000.8,314.2
1294,999.9,318.1
1295,1005.6,322.3
1296,995.6,347.4
1297,1012.9,376.2
1298,986.9,345.4
1299,998.5,382.5
1300,1000.4,534.9
1301,1013.7,343.4
1302,1002.6,654.7
1303,990.8,671.7
1304,992.4,350.6
1305,998.6,388.6
1306,1000.3,371.6
1307,999.7,396.6
1308,998.5,379.0
1309,1000.4,391.6
1310,1000.4,393.3
1311,1005.9,357.9
1312,994.5,414.5
1313,999.1,396.3
1314,1001.9,747.4
1315,998.2,703.8
1316,1000.1,714.8
1317,1001.0,683.0
1318,1016.8,384.1
1319,1004.6,369.6
1320,989.9,437.0
1321,992.6,414.1
1322,998.2,395.7
1323,999.9,397.4
1324,999.8,381.0
1325,1000.2,674.1
1326,999.9,677.0
1327,1000.8,332.4
1328,1003.8,382.4
1329,993.9,408.3
1330,999.9,380.8
1331,1002.3,373.1
1332,998.6,388.1
1333,998.5,369.4
1334,1000.3,395.8
1335,1015.6,351.1
1336,1002.0,318.3
1337,985.1,652.1
1338,1000.2,327.2
1339,997.7,767.5
1340,999.8,684.3
1341,1000.0,670.6
1342,1003.2,339.2
1343,998.4,371.6
1344,1001.0,422.8
1345,999.1,380.7
1346,999.7,374.1
1347,1001.6,383.2
1348,999.4,653.0
1349,999.5,664.0
1350,1004.5,529.5
1351,1006.5,319.4
1352,1007.7,337.8
1353,987.2,358.9
1354,993.8,398.6
1355,999.2,412.2
1356,999.4,387.7
1357,998.8,415.9
1358,1001.5,430.2
1359,998.1,448.1
1360,1001.1,710.3
1361,999.0,700.1
1362,1002.8,369.4
1363,1001.8,361.4
1364,999.7,456.2
1365,1000.5,425.1
1366,999.1,422.7
1367,1005.3,397.1
1368,1012.6,342.0
1369,1000.6,344.5
1370,982.9,339.5
1371,998.3,671.3
1372,998.6,672.3
1373,999.7,337.7
1374,1000.5,365.2
1375,999.2,383.5
1376,999.8,373.7
1377,1000.0,490.9
1378,998.6,392.9
1379,1000.1,406.7
1380,1001.7,395.8
1381,999.2,379.1
1382,1002.6,392.7
1383,997.5,674.5
1384,1007.6,330.7
1385,1010.4,347.0
1386,1001.1,323.1
1387,984.3,306.4
1388,999.6,482.5
1389,998.8,406.2
1390,1000.5,418.5
1391,1001.0,514.3
1392,1000.5,405.1
1393,998.7,377.3
1394,998.3,696.6
1395,999.6,688.3
1396,1000.7,319.6
1397,999.7,392.2
1398,1000.9,395.4
1399,998.1,385.6
1400,999.4,520.9
1401,1002.9,376.9
1402,1005.4,409.9
1403,1009.8,345.9
1404,992.2,372.4
1405,996.9,336.1
1406,994.0,658.1
1407,999.8,664.9
1408,1001.9,318.6
1409,999.9,383.2
1410,999.8,377.5
1411,1000.2,360.7
1412,1001.7,377.4
1413,998.7,352.7
1414,1001.3,415.8
1415,999.2,463.4
1416,1003.2,437.1
1417,996.3,670.2
1418,1015.1,645.8
1419,999.6,637.0
1420,986.4,358.5
1421,998.0,405.7
1422,1000.2,531.2
1423,999.1,381.6
1424,998.0,544.3
1425,1000.0,404.4
1426,1000.5,535.3
1427,1001.5,428.0
1428,999.4,528.3
1429,1004.0,763.3
1430,997.2,698.3
1431,1001.0,367.0
1432,999.0,378.9
1433,999.8,377.6
1434,1006.7,392.3
1435,1009.7,375.9
1436,1001.7,375.3
1437,981.9,356.2
1438,999.2,541.0
1439,1000.3,440.2
1440,999.7,828.6
1441,1000.2,720.5
1442,1001.1,699.0
1443,999.7,389.0
1444,1000.3,408.6
1445,997.3,403.5
1446,999.6,535.9
1447,1002.0,403.4
1448,1000.3,380.2
1449,1000.6,395.0
1450,1003.7,545.6
1451,1011.7,337.0
1452,1007.4,643.7
1453,985.4,324.0
1454,993.6,404.2
1455,999.1,535.7
1456,999.4,378.4
1457,999.1,535.6
1458,999.2,404.3
1459,998.4,551.4
1460,1001.5,411.1
1461,999.2,368.3
1462,999.2,540.1
1463,1005.6,770.8
1464,998.3,747.3
1465,996.9,700.8
1466,1004.7,759.0
1467,999.0,384.8
1468,1014.9,369.4
1469,1003.7,399.6
1470,983.1,416.0
1471,995.9,564.8
1472,1002.4,492.3
1473,999.7,441.6
1474,999.7,369.3
1475,996.4,784.2
1476,1002.5,331.3
1477,998.8,551.5
1478,999.9,393.9
1479,1000.2,560.2
1480,998.5,555.5
1481,1001.7,394.6
1482,998.9,399.1
1483,999.9,388.8
1484,1006.4,389.8
1485,1007.1,374.8
1486,1005.1,347.5
1487,984.4,633.7
1488,998.6,331.9
1489,999.5,596.5
1490,1001.8,399.8
1491,998.5,629.4
1492,1001.4,389.9
1493,1001.4,385.3
1494,991.6,611.4
1495,1008.9,403.4
1496,1002.8,443.9
1497,996.9,380.7
1498,1010.2,680.9
1499,994.5,667.0
1500,1001.3,341.4
1501,988.0,349.9
1502,995.4,358.5
1503,999.7,339.4
1504,999.9,339.8
1505,999.1,368.9
1506,1000.0,354.0
1507,1000.3,392.1
1508,999.6,369.7
1509,1000.0,699.9
1510,1000.9,318.2
1511,998.9,681.0
1512,1002.1,337.4
1513,1000.1,373.2
1514,998.6,399.0
1515,1004.1,428.1
1516,1015.6,423.3
1517,993.3,408.2
1518,992.5,377.9
1519,995.1,395.5
1520,999.5,364.1
1521,1000.0,780.6
1522,1000.3,331.3
1523,1000.3,362.1
1524,998.6,392.1
1525,999.9,382.6
1526,1002.6,374.5
1527,1006.7,386.8
1528,1000.0,397.2
1529,999.6,431.5
1530,998.6,422.2
1531,1013.0,404.0
1532,988.6,716.5
1533,1004.8,328.0
1534,992.3,369.3
1535,996.1,342.2
1536,999.0,318.9
1537,1010.8,338.2
1538,999.0,372.3
1539,999.8,413.4
1540,998.1,433.6
1541,999.7,422.7
1542,1000.2,426.8
1543,1001.5,382.5
1544,998.5,708.9
1545,999.0,680.5
1546,1000.8,349.7
1547,998.5,393.5
1548,1012.0,395.5
1549,994.2,389.7
1550,997.3,552.1
1551,995.5,385.6
1552,996.6,363.4
1553,999.0,342.0
1554,998.3,403.5
1555,1001.0,339.9
1556,1000.1,345.3
1557,999.9,375.6
1558,999.8,358.5
1559,999.9,379.6
1560,1000.1,365.1
1561,1000.1,309.3
1562,1000.0,371.3
1563,1000.3,352.3
1564,1008.3,417.5
1565,1002.0,419.4
1566,1008.9,429.0
1567,983.1,659.9
1568,999.4,347.3
1569,998.6,354.4
1570,998.6,355.0
1571,999.9,357.1
1572,1000.0,390.4
1573,1000.0,377.0
1574,1001.0,354.4
1575,1000.0,367.3
1576,999.3,365.3
1577,1000.6,369.6
1578,1002.8,330.9
1579,996.6,765.5
1580,1000.5,324.8
1581,1008.3,362.1
1582,1003.7,370.4
1583,1007.1,361.7
1584,987.3,358.2
1585,996.8,349.8
1586,997.0,328.2
1587,1008.8,391.5
1588,999.3,405.3
1589,1001.0,430.1
1590,997.7,793.0
1591,999.8,709.9
1592,1000.3,356.9
1593,999.3,395.6
1594,1001.2,388.6
1595,1009.4,420.4
1596,998.5,380.6
1597,1002.2,409.5
1598,998.7,351.1
1599,992.6,410.4
1600,1003.9,381.8
1601,990.7,677.6
1602,1003.6,655.9
1603,1002.0,331.3
1604,992.6,367.8
1605,999.1,339.7
1606,1000.0,349.6
1607,999.6,360.6
1608,1000.6,360.9
1609,999.2,383.4
1610,998.9,350.2
1611,1000.3,356.9
1612,1000.4,370.8
1613,999.5,763.0
1614,1000.8,719.9
1615,999.7,352.9
1616,1003.4,398.1
1617,999.8,406.8
1618,1002.5,379.5
1619,995.6,389.3
1620,999.4,373.0
1621,1000.0,341.6
1622,999.4,381.4
1623,1000.6,369.2
1624,999.3,821.0
1625,999.4,765.7
1626,1000.9,310.6
1627,999.7,358.9
1628,1000.1,360.2
1629,999.9,387.9
1630,1000.0,354.3
1631,1001.8,358.0
1632,997.6,362.1
1633,1002.6,369.3
1634,1000.7,390.1
1635,1016.2,388.0
1636,1003.6,707.1
1637,989.0,352.9
1638,995.3,390.0
1639,1000.2,400.1
1640,1000.5,435.9
1641,1000.5,438.5
1642,1000.9,401.0
1643,999.7,389.5
1644,1001.6,405.1
1645,1000.0,402.6
1646,998.8,382.8
1647,999.5,806.3
1648,1000.6,685.9
1649,1000.5,705.5
1650,1003.3,538.0
1651,1000.0,380.9
1652,997.8,392.7
1653,997.1,360.5
1654,1001.6,392.4
1655,999.7,397.9
1656,998.4,397.4
1657,1000.7,406.0
1658,999.3,400.9
1659,999.7,682.0
1660,1001.1,321.5
1661,999.1,389.9
1662,999.5,395.7
1663,1002.0,414.5
1664,1000.3,411.0
1665,1009.2,451.6
1666,996.3,487.2
1667,993.1,420.2
1668,1016.0,401.4
1669,1005.0,412.1
1670,984.5,694.6
1671,995.8,685.9
1672,999.7,690.6
1673,1000.2,356.7
1674,999.5,399.1
1675,998.4,388.0
1676,1002.4,366.4
1677,997.6,409.6
1678,1001.0,393.5
1679,999.4,418.2
1680,999.5,406.8
1681,1009.8,413.8
1682,991.8,727.1
1683,1002.4,699.1
1684,993.9,384.8
1685,999.2,352.2
1686,997.0,331.3
1687,999.5,319.5
1688,999.9,358.7
1689,1001.0,409.5
1690,999.0,400.7
1691,999.9,402.3
1692,999.9,392.7
1693,1000.1,354.3
1694,1000.1,676.6
1695,1002.3,329.9
1696,997.1,363.8
1697,1000.0,333.2
1698,1019.0,368.4
1699,993.7,370.9
1700,999.7,585.0
1701,1003.5,375.9
1702,987.6,374.8
1703,996.6,326.9
1704,999.9,364.5
1705,1000.1,338.7
1706,1000.7,361.4
1707,1001.5,335.3
1708,998.3,349.1
1709,1000.0,353.2
1710,1000.1,362.3
1711,1000.6,353.0
1712,999.7,383.7
1713,999.7,368.3
1714,1000.3,403.1
1715,1023.9,421.2
1716,992.5,777.2
1717,988.6,706.8
1718,997.7,349.5
1719,997.4,351.3
1720,999.6,316.6
1721,999.6,315.6
1722,1000.6,376.0
1723,1000.2,362.7
1724,999.2,410.9
1725,1001.7,383.4
1726,998.8,372.1
1727,1001.1,379.1
1728,999.0,360.2
1729,1000.9,367.0
1730,999.1,354.1
1731,1014.0,331.4
1732,997.5,386.3
1733,1003.6,397.6
1734,990.6,366.6
1735,998.6,340.4
1736,996.2,331.6
1737,1001.4,344.5
1738,999.3,469.0
1739,999.0,725.5
1740,1000.0,338.8
1741,1002.3,665.2
1742,997.7,378.4
1743,999.2,374.3
1744,1000.6,404.3
1745,1001.8,412.4
1746,998.5,380.5
1747,999.2,401.2
1748,1007.5,368.3
1749,1004.2,396.8
1750,995.0,437.5
1751,998.1,673.4
1752,998.3,338.3
1753,997.9,371.0
1754,1000.8,388.4
1755,1000.8,369.6
1756,998.5,360.1
1757,1000.5,357.4
1758,999.1,347.2
1759,1001.0,377.6
1760,999.9,370.0
1761,998.5,360.7
1762,1000.6,356.0
1763,1000.0,350.9
1764,1006.6,390.7
1765,1003.5,682.7
1766,995.9,711.1
1767,997.1,360.1
1768,999.5,372.4
1769,998.2,339.3
1770,1001.6,336.1
1771,997.7,372.7
1772,1001.0,372.6
1773,999.8,348.9
1774,999.8,357.3
1775,1000.0,349.4
1776,999.5,364.7
1777,1000.0,373.8
1778,999.9,362.0
1779,999.7,366.8
1780,1000.9,353.1
1781,1002.1,346.5
1782,1007.3,379.9
1783,1001.3,408.0
1784,991.7,424.2
1785,999.5,359.6
1786,998.4,376.8
1787,999.7,373.6
1788,1001.1,358.3
1789,1006.5,383.4
1790,1000.3,438.5
1791,999.9,456.7
1792,998.2,409.4
1793,1001.7,397.2
1794,1000.0,409.9
1795,999.7,407.1
1796,1000.3,351.1
1797,1006.0,721.6
1798,996.0,358.6
1799,998.2,399.4
1800,995.9,545.2
1801,999.4,376.6
1802,998.4,398.6
1803,999.1,371.5
1804,999.1,377.1
1805,999.9,367.7
1806,1000.9,375.0
1807,999.4,375.1
1808,999.9,356.0
1809,1000.1,688.7
1810,1001.6,331.5
1811,998.2,362.1
1812,1000.2,378.4
1813,1000.9,354.0
1814,1003.8,394.3
1815,999.3,422.0
1816,1003.3,439.9
1817,993.6,413.9
1818,999.1,384.1
1819,1000.9,344.6
1820,1009.9,323.8
1821,1000.6,393.7
1822,999.0,404.5
1823,999.5,387.4
1824,997.4,399.3
1825,999.9,406.9
1826,1001.0,384.4
1827,997.7,402.0
1828,1000.0,382.4
1829,1000.1,404.4
1830,999.9,411.2
1831,1004.4,371.2
1832,996.2,720.7
1833,1003.3,336.5
1834,996.7,408.7
1835,995.1,378.7
1836,1001.2,366.1
1837,997.8,381.7
1838,999.8,374.5
1839,999.9,408.1
1840,1000.1,428.9
1841,1000.0,405.0
1842,999.9,401.3
1843,1000.0,372.0
1844,1001.0,380.9
1845,999.1,370.4
1846,1001.9,345.0
1847,997.5,374.6
1848,1004.2,380.7
1849,1004.2,420.7
1850,1001.9,396.5
1851,991.2,386.9
1852,998.3,394.4
1853,999.9,357.4
1854,1000.2,677.7
1855,1003.5,335.4
1856,998.8,359.1
1857,999.0,396.1
1858,999.5,378.4
1859,999.8,374.7
1860,1000.1,370.7
1861,1000.5,355.9
1862,999.5,370.9
1863,1000.1,362.2
1864,1003.1,431.1
1865,1008.3,424.3
1866,1004.4,736.3
1867,992.3,368.8
1868,993.6,386.6
1869,997.6,388.5
1870,1000.0,367.8
1871,999.9,371.9
1872,1000.1,368.6
1873,999.9,378.0
1874,1001.5,369.0
1875,999.4,338.9
1876,1000.4,450.4
1877,999.0,731.2
1878,1001.0,319.9
1879,998.7,447.2
1880,1001.1,360.5
1881,1003.3,349.2
1882,1006.6,403.9
1883,1001.4,390.9
1884,996.4,417.6
1885,993.6,380.9
1886,998.8,373.9
1887,999.9,381.7
1888,1000.5,344.9
1889,999.7,714.0
1890,1000.5,346.5
1891,998.4,507.2
1892,999.9,417.6
1893,1000.2,435.6
1894,999.8,401.5
1895,1000.1,420.7
1896,1001.1,418.8
1897,1007.0,395.6
1898,1004.6,425.6
1899,994.6,417.6
1900,1002.1,386.3
1901,992.5,706.9
1902,1000.3,358.9
1903,998.9,340.6
1904,1003.6,357.0
1905,1006.0,399.3
1906,999.0,378.3
1907,999.1,410.9
1908,1000.5,397.3
1909,998.9,410.5
1910,999.9,381.2
1911,1000.7,349.0
1912,997.6,717.2
1913,1000.3,356.7
1914,1004.0,706.2
1915,996.7,395.7
1916,1001.3,435.6
1917,1000.5,423.8
1918,992.1,385.8
1919,998.8,391.2
1920,999.7,432.1
1921,1001.4,373.7
1922,1000.6,381.8
1923,998.8,373.7
1924,1000.3,451.3
1925,1002.4,382.3
1926,999.0,365.2
1927,1000.4,362.5
1928,1000.1,331.3
1929,998.2,447.3
1930,999.9,366.1
1931,1002.4,426.1
1932,997.9,385.1
1933,1011.0,457.8
1934,990.3,414.0
1935,999.0,383.0
1936,999.1,368.6
1937,1001.2,457.2
1938,998.2,346.6
1939,1000.2,352.2
1940,1009.8,512.3
1941,997.7,451.4
1942,998.8,406.1
1943,1000.0,453.0
1944,1001.1,405.4
1945,1001.6,384.0
1946,1002.0,377.9
1947,1001.5,727.5
1948,997.8,366.2
1949,997.7,408.2
1950,1001.4,548.0
1951,993.2,394.2
1952,1000.2,389.7
1953,998.7,398.3
1954,999.4,358.9
1955,998.8,371.7
1956,1000.7,348.9
1957,1000.9,462.7
1958,998.3,361.8
1959,999.9,463.9
1960,1000.7,345.4
1961,1000.4,482.2
1962,1010.7,390.4
1963,998.6,381.0
1964,996.6,428.1
1965,1001.6,427.8
1966,1003.9,434.6
1967,990.6,559.5
1968,999.4,381.6
1969,997.8,788.9
1970,1002.2,310.7
1971,998.5,339.8
1972,1000.0,502.7
1973,1000.0,356.9
1974,1000.5,488.9
1975,999.4,376.3
1976,1000.0,438.6
1977,999.9,517.0
1978,999.4,372.6
1979,999.9,527.6
1980,1000.1,364.4
1981,1001.4,357.9
1982,1007.5,497.0
1983,1001.1,535.9
1984,991.8,402.0
1985,998.3,462.6
1986,999.9,459.8
1987,1000.4,458.7
1988,1000.6,367.4
1989,999.9,540.9
1990,999.7,416.3
1991,1000.6,485.9
1992,999.5,468.3
1993,1000.3,470.4
1994,1000.3,469.6
1995,1000.4,483.3
1996,1008.0,538.9
1997,1000.4,404.4
1998,1000.7,394.8
1999,995.2,422.5
2000,1041.3,504.8
2001,962.9,391.2
2002,1004.0,414.5
2003,985.4,326.3
2004,1000.9,350.3
2005,1007.6,364.6
2006,999.5,545.4
2007,999.9,539.4
2008,998.6,527.0
2009,999.8,519.7
2010,999.9,513.6
2011,1002.1,532.3
2012,999.4,527.6
2013,1000.0,539.5
2014,1013.5,531.6
2015,990.6,806.4
2016,1000.8,745.0
2017,998.2,381.5
2018,993.6,359.9
2019,998.2,353.0
2020,999.5,328.1
2021,996.9,340.9
2022,1000.2,586.2
2023,999.8,352.1
2024,1000.0,367.9
2025,1000.1,336.2
2026,1000.6,325.3
2027,999.2,577.4
2028,1003.8,340.7
2029,996.5,395.3
2030,1001.9,362.1
2031,1006.3,362.5
2032,1008.8,406.9
2033,998.6,415.7
2034,989.4,410.9
2035,999.0,377.1
2036,998.1,307.6
2037,999.1,329.9
2038,1001.7,320.7
2039,998.0,706.4
2040,1001.9,339.0
2041,997.8,601.5
2042,999.2,610.8
2043,1000.0,611.6
2044,1000.1,597.1
2045,1000.1,598.1
2046,1001.0,392.0
2047,1005.2,377.4
2048,1011.9,421.5
2049,993.2,440.8
2050,999.3,708.1
2051,994.5,364.3
2052,1000.5,390.7
2053,995.7,310.8
2054,999.9,370.8
2055,1000.6,346.3
2056,999.1,363.5
2057,999.9,352.3
2058,1002.5,342.1
2059,998.1,386.7
2060,999.5,356.3
2061,999.7,339.2
2062,1000.3,366.2
2063,999.1,357.0
2064,1003.9,361.1
2065,1011.4,447.8
2066,999.4,502.8
2067,997.4,435.4
2068,991.8,373.4
2069,1000.5,354.2
2070,996.6,332.0
2071,1009.8,299.8
2072,998.1,382.6
2073,1000.6,394.9
2074,1000.1,398.0
2075,999.4,378.8
2076,1000.0,379.2
2077,999.7,392.9
2078,1002.6,387.3
2079,998.5,404.2
2080,999.2,372.6
2081,1001.8,387.3
2082,1009.5,434.2
2083,993.1,439.9
2084,1002.8,791.7
2085,1000.1,386.0
2086,993.4,354.7
2087,1000.2,377.5
2088,1000.0,362.2
2089,998.5,420.3
2090,998.9,452.9
2091,1000.4,468.0
2092,1001.1,423.8
2093,1000.0,417.6
2094,998.5,433.1
2095,1000.4,431.4
2096,1001.8,389.2
2097,999.6,427.9
2098,1001.5,392.7
2099,999.4,412.8
2100,999.6,395.2
2101,1001.9,371.4
2102,1000.1,425.4
2103,1013.0,352.7
2104,1000.3,404.2
2105,978.0,469.7
2106,1007.8,352.7
2107,1012.6,398.5
2108,988.7,702.1
2109,997.7,409.6
2110,999.1,395.6
2111,999.8,380.4
2112,999.2,404.1
2113,1000.9,394.4
2114,999.4,404.7
2115,1015.9,446.5
2116,992.4,489.2
2117,990.3,442.5
2118,1000.7,369.2
2119,1001.2,369.9
2120,1010.6,377.1
2121,991.5,730.1
2122,1005.0,343.4
2123,994.0,412.4
2124,999.6,394.7
2125,1001.6,392.3
2126,998.8,375.5
2127,1000.0,411.7
2128,999.4,400.4
2129,1000.7,378.6
2130,998.8,383.5
2131,1012.4,391.3
2132,994.0,428.6
2133,997.0,410.5
2134,995.0,422.2
2135,1001.3,355.6
2136,1018.4,377.5
2137,1007.1,445.6
2138,977.1,414.9
2139,1000.3,446.5
2140,998.8,425.6
2141,1000.0,423.2
2142,1000.1,395.6
2143,999.4,388.0
2144,1000.3,403.6
2145,1001.3,379.0
2146,998.9,366.0
2147,999.6,393.2
2148,1013.9,382.5
2149,995.1,430.7
2150,993.0,571.2
2151,995.2,382.7
2152,1003.2,408.5
2153,997.1,386.3
2154,994.3,388.6
2155,999.5,349.2
2156,1000.9,351.1
2157,999.2,359.7
2158,1000.5,341.9
2159,1000.5,365.6
2160,1000.3,340.2
2161,999.3,359.1
2162,1000.2,366.5
2163,999.8,343.4
2164,1008.1,398.6
2165,1004.0,392.3
2166,999.8,750.6
2167,993.6,387.8
2168,998.1,380.6
2169,999.6,360.9
2170,997.2,332.9
2171,1007.1,311.0
2172,1000.9,413.7
2173,1000.1,351.7
2174,999.0,404.8
2175,1000.4,341.0
2176,998.6,381.5
2177,1000.0,394.6
2178,1001.3,380.1
2179,999.7,385.0
2180,999.8,386.4
2181,1013.5,371.0
2182,995.8,484.1
2183,995.9,419.3
2184,993.2,412.1
2185,999.0,337.2
2186,998.7,318.5
2187,997.1,345.3
2188,1009.2,311.9
2189,999.0,891.2
2190,1002.3,375.7
2191,997.3,453.4
2192,999.9,431.5
2193,998.5,437.7
2194,999.9,403.7
2195,1000.2,418.8
2196,999.9,414.1
2197,1007.7,455.5
2198,1003.2,486.8
2199,990.3,745.2
2200,1003.3,369.4
2201,992.2,355.5
2202,1001.5,385.0
2203,996.6,346.7
2204,999.4,378.3
2205,999.2,352.0
2206,1000.2,344.5
2207,999.7,312.3
2208,1001.2,337.9
2209,999.9,382.9
2210,1003.1,340.1
2211,997.1,337.5
2212,999.2,354.9
2213,1000.2,357.3
2214,1001.9,371.0
2215,1010.2,414.7
2216,1002.1,448.7
2217,990.9,423.7
2218,997.3,372.2
2219,999.7,358.0
2220,998.6,340.4
2221,999.7,303.1
2222,1008.1,336.7
2223,999.6,396.6
2224,1001.3,408.7
2225,998.2,390.4
2226,1000.0,372.3
2227,999.7,395.2
2228,999.9,362.3
2229,1001.4,397.1
2230,1000.2,368.6
2231,1009.2,402.6
2232,992.0,444.9
2233,1005.0,380.7
2234,989.3,723.3
2235,1000.8,345.3
2236,996.3,316.5
2237,998.0,329.3
2238,999.3,316.0
2239,1000.8,356.4
2240,1000.5,384.8
2241,998.7,377.0
2242,1001.0,334.9
2243,999.2,350.7
2244,1002.4,332.8
2245,999.2,338.5
2246,998.9,346.0
2247,1001.5,361.7
2248,1015.0,359.9
2249,995.4,438.4
2250,1003.1,402.8
2251,989.6,364.2
2252,1000.3,364.1
2253,997.6,335.8
2254,997.9,385.2
2255,1000.4,350.5
2256,1000.0,343.3
2257,1000.3,353.1
2258,998.1,364.4
2259,1001.0,358.0
2260,999.9,353.5
2261,999.5,335.9
2262,1001.0,325.6
2263,1000.6,431.1
2264,1008.6,389.9
2265,1009.7,492.2
2266,999.8,447.9
2267,1007.1,451.3
2268,977.7,376.8
2269,999.3,351.6
2270,997.2,333.7
2271,1009.1,307.8
2272,1000.7,395.1
2273,999.6,395.5
2274,1000.8,457.8
2275,997.4,362.1
2276,1000.1,384.5
2277,1000.0,401.6
2278,1001.7,377.2
2279,996.9,388.3
2280,1000.1,401.4
2281,1012.3,371.5
2282,994.0,444.3
2283,998.5,410.8
2284,1000.3,439.5
2285,998.2,391.1
2286,999.2,365.6
2287,999.8,377.7
2288,999.8,346.9
2289,999.0,497.6
2290,1001.5,428.2
2291,999.0,399.5
2292,999.8,400.3
2293,999.7,435.5
2294,1001.5,386.7
2295,998.5,439.1
2296,999.9,363.8
2297,1001.9,463.0
2298,999.8,358.0
2299,999.2,351.6
2300,1004.1,334.8
2301,996.8,363.3
2302,998.9,361.8
2303,1000.5,339.5
2304,999.6,369.4
2305,1002.9,440.9
2306,998.0,385.4
2307,1003.3,388.8
2308,995.3,370.6
2309,1001.2,347.7
2310,1000.7,367.2
2311,998.8,372.3
2312,1000.2,383.4
2313,1000.6,364.1
2314,998.4,725.5
2315,1000.5,379.4
2316,1000.6,408.8
2317,1002.1,358.1
2318,1000.2,360.1
2319,999.2,376.4
2320,1001.1,370.3
2321,999.7,348.3
2322,997.5,385.8
2323,999.0,374.7
2324,1000.0,379.8
2325,999.2,356.1
2326,1000.4,414.3
2327,1000.3,380.9
2328,1000.4,441.2
2329,998.6,358.0
2330,1002.6,437.6
2331,999.4,366.4
2332,998.6,355.4
2333,1001.6,355.6
2334,1002.5,379.3
2335,999.1,374.7
2336,1000.9,335.9
2337,1000.2,364.7
2338,1000.1,362.5
2339,999.6,418.7
2340,1001.2,402.5
2341,998.5,426.0
2342,999.6,401.1
2343,998.1,518.1
2344,998.4,425.8
2345,1001.6,411.3
2346,998.3,408.0
2347,1001.0,445.3
2348,999.0,355.3
2349,1002.4,362.7
2350,1000.6,532.9
2351,1001.4,365.6
2352,998.9,372.1
2353,1000.5,352.2
2354,999.5,380.3
2355,999.5,366.2
2356,1002.0,434.8
2357,997.5,369.1
2358,1000.1,435.3
2359,999.6,353.3
2360,1000.0,448.6
2361,1004.2,353.4
2362,998.5,383.3
2363,999.0,349.2
2364,1000.4,379.8
2365,999.7,394.3
2366,999.2,392.1
2367,998.2,373.9
2368,1002.1,376.6
2369,1000.1,389.7
2370,998.6,351.7
2371,1000.3,359.4
2372,1000.0,389.2
2373,1000.4,388.3
2374,1002.2,394.5
2375,997.0,374.3
2376,998.6,428.4
2377,1002.9,384.4
2378,1000.4,441.3
2379,998.5,389.8
2380,999.8,443.0
2381,1002.0,345.9
2382,998.5,346.7
2383,1000.7,359.9
2384,999.0,363.1
2385,1002.8,348.4
2386,999.4,338.1
2387,997.8,359.9
2388,1001.3,355.9
2389,999.6,375.5
2390,998.7,394.4
2391,1001.5,494.2
2392,998.7,384.5
2393,999.8,447.1
2394,999.7,360.9
2395,1000.2,445.9
2396,1000.2,338.1
2397,1001.5,443.4
2398,1001.1,338.7
2399,1000.0,381.8
2400,999.7,376.7
2401,1002.3,352.8
2402,998.4,362.6
2403,998.5,344.1
2404,1000.5,378.7
2405,999.7,348.1
2406,1000.0,422.1
2407,999.9,452.3
2408,999.9,335.1
2409,998.1,449.6
2410,1000.1,358.6
2411,1002.4,458.2
2412,999.0,389.4
2413,1020.4,358.5
2414,978.8,424.1
2415,1001.7,414.0
2416,998.9,435.7
2417,998.1,391.0
2418,1004.4,375.7
2419,997.6,335.8
2420,1000.8,316.3
2421,1000.3,381.0
2422,1000.6,393.8
2423,996.7,399.3
2424,1000.0,367.9
2425,1000.1,374.0
2426,999.9,394.5
2427,999.9,409.6
2428,1000.2,376.6
2429,999.7,380.9
2430,998.6,352.0
2431,1013.8,370.9
2432,994.4,436.4
2433,994.3,404.9
2434,998.0,380.4
2435,1002.5,353.6
2436,999.7,343.7
2437,1000.6,378.9
2438,999.2,339.1
2439,1000.2,462.4
2440,999.3,393.5
2441,1004.6,403.7
2442,997.0,409.6
2443,998.0,374.9
2444,1000.8,395.8
2445,999.2,374.5
2446,999.9,384.3
2447,999.9,377.7
2448,1013.7,376.5
2449,993.3,441.7
2450,995.6,545.9
2451,1001.6,342.1
2452,998.5,331.6
2453,998.4,345.7
2454,1000.0,366.3
2455,1001.0,364.4
2456,999.0,448.7
2457,999.7,451.9
2458,999.8,446.3
2459,1000.0,447.7
2460,1000.3,430.8
2461,1001.5,432.4
2462,1001.5,354.2
2463,999.0,329.2
2464,1013.6,484.7
2465,994.3,714.3
2466,994.3,432.0
2467,998.1,370.6
2468,1000.5,330.3
2469,998.3,382.5
2470,1001.1,334.4
2471,1000.4,352.3
2472,1000.3,396.6
2473,998.2,362.7
2474,998.2,452.3
2475,998.6,380.2
2476,999.9,372.7
2477,1001.9,386.7
2478,998.7,458.0
2479,999.6,391.6
2480,999.9,459.1
2481,1013.4,373.2
2482,996.6,400.4
2483,994.2,401.6
2484,1000.4,319.2
2485,1000.2,335.6
2486,999.0,319.7
2487,999.4,361.9
2488,1000.8,390.7
2489,999.7,541.3
2490,999.7,424.8
2491,998.5,532.4
2492,999.3,402.8
2493,1000.6,377.4
2494,999.3,386.2
2495,998.9,354.1
2496,999.8,355.5
2497,1012.4,510.0
2498,998.0,429.9
2499,991.5,436.8
2500,999.5,576.3
2501,1002.4,320.7
2502,1000.1,511.3
2503,999.7,384.0
2504,999.9,402.1
2505,999.0,372.0
2506,999.6,489.5
2507,1005.0,359.3
2508,995.9,346.7
2509,999.5,370.7
2510,1000.2,339.6
2511,999.5,334.8
2512,1001.3,340.7
2513,999.0,373.7
2514,1005.2,484.8
2515,1004.8,491.8
2516,994.3,456.1
2517,995.9,384.1
2518,1001.1,339.2
2519,998.3,359.7
2520,1001.6,355.5
2521,1000.7,358.2
2522,1000.7,523.6
2523,999.1,362.5
2524,1000.0,497.7
2525,998.3,521.3
2526,1000.7,491.4
2527,999.3,535.5
2528,998.7,512.1
2529,1002.6,487.3
2530,999.6,492.0
2531,1008.5,391.5
2532,991.8,563.0
2533,999.2,393.2
2534,1002.5,356.0
2535,999.7,364.9
2536,998.9,356.8
2537,1000.7,363.1
2538,998.5,358.7
2539,998.7,532.7
2540,1000.0,545.0
2541,1000.3,593.8
2542,999.2,390.2
2543,999.4,530.6
2544,999.6,381.8
2545,999.9,536.0
2546,1000.2,361.8
2547,1001.0,370.8
2548,1009.3,393.7
2549,997.6,428.5
2550,994.2,575.8
2551,1003.2,342.2
2552,1000.3,523.8
2553,998.4,338.4
2554,1000.0,379.0
2555,998.0,343.9
2556,999.9,336.8
2557,999.9,519.3
2558,999.9,367.4
2559,999.9,521.1
2560,998.8,361.5
2561,1005.3,342.9
2562,995.1,369.4
2563,1000.8,541.5
2564,1000.4,384.8
2565,1010.6,419.3
2566,993.5,447.6
2567,996.0,371.6
2568,1001.2,459.2
2569,1000.5,353.5
2570,999.6,314.0
2571,999.7,377.6
2572,1000.1,375.2
2573,999.7,384.1
2574,971.5,383.0
2575,1027.8,365.3
2576,1000.5,366.1
2577,998.6,393.6
2578,1000.1,346.8
2579,999.8,570.2
2580,1000.1,399.4
2581,1013.6,385.6
2582,992.3,406.6
2583,994.3,380.5
2584,1001.4,348.8
2585,999.7,343.6
2586,999.1,309.3
2587,999.8,336.1
2588,1000.4,321.2
2589,1000.3,325.3
2590,999.8,441.0
2591,999.7,412.7
2592,998.4,388.1
2593,1001.4,391.1
2594,1000.0,392.5
2595,999.8,380.2
2596,1000.0,383.7
2597,999.8,385.4
2598,1013.0,359.7
2599,995.4,431.3
2600,993.7,532.2
2601,1001.7,342.0
2602,998.9,358.8
2603,998.0,338.0
2604,1000.3,364.9
2605,1000.2,347.8
2606,1000.0,350.4
2607,999.8,356.0
2608,999.9,342.9
2609,1001.2,374.7
2610,999.0,333.5
2611,999.5,342.4
2612,1002.2,359.6
2613,999.3,350.5
2614,1014.1,401.3
2615,1000.3,396.0
2616,987.4,409.0
2617,998.5,404.3
2618,1000.7,377.0
2619,999.0,375.3
2620,1002.0,363.8
2621,1000.2,375.9
2622,998.0,407.3
2623,1000.8,379.1
2624,1000.8,385.0
2625,995.0,396.1
2626,999.7,363.0
2627,1000.0,387.6
2628,1000.6,372.7
2629,999.5,392.5
2630,1000.2,375.9
2631,1012.1,353.3
2632,997.8,405.0
2633,992.6,415.1
2634,1002.5,349.2
2635,999.8,326.9
2636,999.2,315.6
2637,1000.6,382.0
2638,1000.0,335.6
2639,998.8,395.8
2640,999.8,431.2
2641,1000.1,430.8
2642,999.9,367.9
2643,999.4,380.7
2644,1000.2,362.5
2645,999.0,375.3
2646,998.3,365.0
2647,1007.8,382.5
2648,1004.6,386.3
2649,989.4,421.3
2650,998.9,603.0
2651,1001.9,339.3
2652,1000.5,375.3
2653,1000.3,324.3
2654,999.7,390.7
2655,999.6,412.6
2656,997.8,364.7
2657,1000.5,395.4
2658,1000.9,371.7
2659,999.5,369.1
2660,1000.3,377.3
2661,1000.1,360.2
2662,1001.2,340.7
2663,999.2,372.0
2664,1007.6,395.3
2665,1001.8,411.3
2666,991.9,455.5
2667,1002.7,366.0
2668,996.2,322.5
2669,999.3,338.8
2670,1000.1,280.6
2671,999.8,304.7
2672,1000.3,390.3
2673,1001.4,374.9
2674,998.2,394.4
2675,998.8,382.0
2676,1001.3,336.5
2677,998.8,385.9
2678,1001.7,357.7
2679,999.1,386.9
2680,1000.3,359.9
2681,1011.0,366.2
2682,993.5,409.1
2683,998.1,380.2
2684,1000.5,335.4
2685,1000.3,351.5
2686,998.9,320.7
2687,1000.2,326.8
2688,999.8,330.6
2689,999.7,390.2
2690,998.1,422.8
2691,1000.0,388.0
2692,998.4,370.6
2693,1001.4,362.3
2694,1000.0,385.5
2695,998.7,376.6
2696,999.7,367.1
2697,1000.9,388.4
2698,1012.7,332.7
2699,991.6,420.6
2700,995.8,670.5
2701,1004.5,318.0
2702,999.5,331.9
2703,999.1,302.4
2704,1000.3,364.7
2705,999.9,352.8
2706,998.0,359.2
2707,999.6,401.8
2708,999.7,370.7
2709,1000.2,369.8
2710,1002.1,371.5
2711,996.9,378.0
2712,1000.8,376.4
2713,999.6,337.3
2714,1000.2,356.2
2715,1013.0,415.0
2716,988.1,485.8
2717,1001.4,357.5
2718,1036.9,352.3
2719,963.1,377.2
2720,1000.2,323.4
2721,1000.5,384.0
2722,999.5,385.8
2723,998.5,383.2
2724,999.1,380.5
2725,1003.2,353.9
2726,997.6,381.4
2727,999.2,375.8
2728,999.9,375.4
2729,1000.3,376.9
2730,1000.0,356.7
2731,1014.1,392.2
2732,994.7,435.8
2733,993.0,396.5
2734,999.7,364.3
2735,1001.8,319.9
2736,997.7,310.0
2737,999.0,354.2
2738,1000.5,326.3
2739,1000.4,309.0
2740,999.3,410.6
2741,1000.1,403.2
2742,1000.7,387.5
2743,999.4,383.8
2744,1000.8,367.5
2745,999.4,389.6
2746,999.5,362.7
2747,999.9,367.8
2748,1013.6,362.8
2749,991.8,435.1
2750,995.8,397.4
2751,1001.8,325.7
2752,1000.1,348.5
2753,998.6,322.8
2754,999.0,346.1
2755,1000.0,329.6
2756,999.4,382.5
2757,999.7,391.7
2758,1000.5,341.4
2759,998.3,386.0
2760,1000.1,377.2
2761,999.9,356.5
2762,1001.1,359.2
2763,1000.9,360.4
2764,1012.0,386.0
2765,993.2,429.9
2766,996.2,445.9
2767,1004.6,432.2
2768,997.5,388.1
2769,998.6,382.3
2770,999.4,381.6
2771,1000.0,323.5
2772,999.7,340.5
2773,999.9,341.3
2774,1001.0,323.1
2775,1000.0,344.5
2776,997.7,334.0
2777,1000.3,360.2
2778,1000.2,383.5
2779,999.4,408.0
2780,998.4,359.9
2781,1004.3,362.6
2782,997.3,417.0
2783,998.9,376.4
2784,1003.4,343.4
2785,1001.9,322.2
2786,997.1,332.2
2787,1001.8,343.4
2788,999.6,338.4
2789,1001.6,368.0
2790,998.6,392.0
2791,999.8,393.9
2792,999.6,368.9
2793,1000.2,337.0
2794,1001.4,350.7
2795,999.7,332.5
2796,999.8,304.6
2797,1008.6,338.1
2798,990.5,365.2
2799,998.6,360.7
2800,1001.4,349.4
2801,996.5,340.0
2802,1002.1,345.4
2803,998.6,338.3
2804,1001.4,313.4
2805,999.1,320.6
2806,998.7,310.9
2807,1000.1,463.8
2808,1000.9,351.1
2809,1000.8,348.0
2810,999.5,431.8
2811,1002.8,337.8
2812,997.3,321.1
2813,1001.2,295.5
2814,999.3,352.5
2815,1002.3,383.5
2816,998.4,382.2
2817,1001.2,313.1
2818,997.6,319.1
2819,998.7,424.8
2820,1001.0,328.3
2821,1001.5,331.8
2822,999.8,384.0
2823,1000.0,368.3
2824,997.9,328.7
2825,999.9,379.1
2826,1000.3,358.6
2827,1000.5,401.2
2828,1000.6,358.0
2829,1000.3,385.0
2830,999.7,369.4
2831,1002.5,365.1
2832,997.9,399.4
2833,1000.5,366.8
2834,1001.7,337.9
2835,1000.9,334.1
2836,999.4,335.7
2837,1001.7,346.8
2838,999.4,335.9
2839,998.1,368.8
2840,999.0,407.0
2841,998.3,386.3
2842,1000.2,388.2
2843,998.2,369.3
2844,1001.1,390.0
2845,999.2,362.2
2846,999.8,367.2
2847,999.8,391.3
2848,1003.9,376.1
2849,998.0,405.5
2850,1000.9,355.6
2851,1001.8,314.2
2852,999.7,333.4
2853,999.7,344.0
2854,1000.9,357.2
2855,999.8,336.6
2856,1000.4,321.1
2857,999.2,342.4
2858,999.6,418.2
2859,1000.2,350.7
2860,999.9,335.9
2861,999.9,389.6
2862,998.3,326.2
2863,999.2,371.4
2864,1004.7,382.9
2865,994.4,451.4
2866,1000.4,414.0
2867,1002.0,349.0
2868,999.8,440.1
2869,1000.0,360.8
2870,1000.3,341.5
2871,1001.3,340.5
2872,998.4,438.0
2873,1001.7,315.5
2874,1000.6,395.4
2875,1000.2,341.3
2876,999.8,329.6
2877,1000.8,344.3
2878,998.2,317.0
2879,1000.4,354.4
2880,999.8,347.8
2881,1005.3,343.0
2882,995.6,379.2
2883,999.4,360.3
2884,999.3,344.4
2885,998.3,313.4
2886,1000.0,309.5
2887,998.9,300.9
2888,1001.6,417.2
2889,997.8,344.3
2890,1000.1,456.7
2891,999.8,386.6
2892,1000.0,329.7
2893,1000.0,428.0
2894,1000.3,337.0
2895,1004.0,405.0
2896,1000.3,315.7
2897,1003.2,348.4
2898,995.9,345.7
2899,1000.9,350.7
2900,998.6,312.7
2901,999.7,315.1
2902,999.6,343.1
2903,999.3,422.3
2904,1000.3,332.3
2905,1002.0,417.1
2906,998.6,308.6
2907,998.6,317.6
2908,1000.0,308.3
2909,1000.9,326.8
2910,1000.5,328.9
2911,998.5,305.9
2912,999.9,429.8
2913,1000.5,335.1
2914,1003.5,369.8
2915,1000.0,366.0
2916,998.5,378.5
2917,1001.1,388.9
2918,1011.0,415.9
2919,989.2,443.8
2920,996.8,438.2
2921,1002.2,384.8
2922,998.0,388.8
2923,1000.3,379.3
2924,999.7,388.1
2925,1001.4,382.5
2926,998.6,365.6
2927,997.8,382.7
2928,1000.1,382.0
2929,999.9,390.4
2930,999.9,357.3
2931,1000.9,348.8
2932,999.4,382.2
2933,999.8,366.9
2934,1001.0,351.2
2935,1003.8,344.1
2936,999.0,337.3
2937,1001.4,352.7
2938,999.1,328.4
2939,1000.0,425.1
2940,1000.2,379.8
2941,1001.1,397.9
2942,999.1,346.9
2943,1000.8,408.6
2944,999.4,362.2
2945,999.5,426.3
2946,1000.3,345.2
2947,1000.8,350.0
2948,1000.5,350.7
2949,998.8,363.1
2950,998.9,337.6
2951,997.8,363.6
2952,1000.4,322.0
2953,999.8,331.6
2954,1001.2,333.8
2955,999.0,417.0
2956,1001.2,303.7
2957,998.5,418.4
2958,1002.3,317.0
2959,999.7,350.8
2960,999.7,449.9
2961,1000.5,342.5
2962,1000.1,425.6
2963,1000.5,357.1
2964,999.2,392.4
2965,1001.4,406.9
2966,997.7,413.4
2967,999.8,345.7
2968,1002.8,328.1
2969,999.7,343.1
2970,998.2,340.0
2971,1000.3,327.9
2972,1000.5,355.2
2973,999.7,333.7
2974,999.2,349.3
2975,1000.5,349.3
2976,1001.2,325.6
2977,999.2,339.0
2978,1000.8,330.3
2979,1000.3,341.7
2980,998.4,343.2
2981,1000.3,346.2
2982,1000.1,378.5
2983,999.7,446.1
2984,999.4,333.6
2985,1002.1,335.1
2986,1000.2,337.0
2987,1001.0,304.8
2988,998.8,321.0
2989,999.6,415.8
2990,999.9,448.6
2991,999.8,364.0
2992,998.7,359.6
2993,999.6,409.1
2994,1000.0,357.4
2995,1000.1,426.9
2996,1001.9,402.5
2997,999.1,376.9
2998,999.9,328.3
2999,1000.0,361.6
3000,999.8,352.9
3001,1043.3,326.7
3002,958.7,452.9
3003,999.3,327.1
3004,999.4,340.5
3005,1000.0,344.1
3006,1000.8,342.7
3007,1000.2,355.5
3008,999.3,346.8
3009,1000.4,373.4
3010,999.7,485.3
3011,999.5,316.4
3012,1000.2,485.4
3013,997.9,342.4
3014,1012.0,482.7
3015,999.8,427.9
3016,990.8,427.3
3017,999.4,367.1
3018,999.8,364.1
3019,999.0,345.6
3020,1000.0,344.3
3021,999.4,330.7
3022,1003.0,328.3
3023,997.6,336.1
3024,999.6,517.4
3025,1001.9,449.9
3026,1000.9,445.8
3027,999.8,358.1
3028,998.9,344.8
3029,1000.0,515.7
3030,999.8,452.3
3031,1010.3,451.1
3032,1001.9,380.6
3033,990.7,401.4
3034,999.9,328.5
3035,997.3,296.2
3036,998.9,342.1
3037,1000.5,389.8
3038,999.1,378.4
3039,1000.0,538.3
3040,997.9,400.9
3041,1000.2,536.5
3042,1001.1,375.7
3043,999.2,542.1
3044,999.9,360.0
3045,1000.2,464.8
3046,1001.4,460.8
3047,1013.7,365.8
3048,998.8,390.3
3049,989.8,400.7
3050,998.3,522.3
3051,1002.0,309.7
3052,1000.7,457.5
3053,999.5,348.0
3054,999.4,378.5
3055,998.1,346.5
3056,999.7,454.4
3057,998.7,350.2
3058,1000.4,345.5
3059,999.6,445.5
3060,1000.7,503.8
3061,999.2,492.7
3062,1000.6,495.5
3063,999.6,319.6
3064,1006.0,538.3
3065,1004.7,437.1
3066,990.5,439.8
3067,999.3,395.4
3068,1007.3,397.1
3069,995.5,383.6
3070,1000.0,373.4
3071,999.8,356.1
3072,1000.1,560.1
3073,1000.2,538.4
3074,999.9,540.5
3075,999.8,533.4
3076,1000.0,529.0
3077,1000.0,528.5
3078,998.6,320.3
3079,1000.1,544.7
3080,1000.3,323.3
3081,1008.7,336.7
3082,992.8,580.7
3083,999.3,373.6
3084,999.9,360.0
3085,1000.2,360.9
3086,1000.8,318.1
3087,998.7,328.8
3088,1001.3,333.2
3089,997.7,580.0
3090,999.9,573.5
3091,1001.9,571.2
3092,999.6,347.7
3093,999.9,336.2
3094,1001.4,556.7
3095,998.8,344.2
3096,1000.4,568.9
3097,1001.3,354.9
3098,1009.0,346.6
3099,991.6,608.5
3100,996.9,342.0
3101,1000.3,325.3
3102,1000.4,378.9
3103,998.9,320.3
3104,1000.1,337.4
3105,1000.8,335.8
3106,999.3,327.2
3107,1000.9,338.9
3108,1000.7,343.8
3109,999.8,361.8
3110,999.8,336.0
3111,999.9,337.1
3112,1000.0,367.8
3113,1000.1,364.5
3114,1000.0,342.2
3115,1012.3,363.6
3116,995.7,377.1
3117,994.5,360.8
3118,1000.9,381.9
3119,998.8,325.9
3120,1006.9,374.5
3121,991.4,368.6
3122,999.8,357.0
3123,1000.3,345.3
3124,999.1,374.1
3125,999.8,338.5
3126,1001.7,328.9
3127,998.8,351.4
3128,1000.6,342.4
3129,999.0,365.7
3130,1003.3,343.2
3131,1009.5,336.7
3132,995.0,378.3
3133,994.7,413.9
3134,999.5,338.3
3135,998.8,317.5
3136,1000.3,323.9
3137,999.9,340.2
3138,998.6,318.6
3139,999.1,362.8
3140,1000.0,401.4
3141,1002.8,384.5
3142,996.8,365.2
3143,999.0,349.0
3144,999.8,359.2
3145,999.8,355.7
3146,1000.2,359.2
3147,1000.1,348.1
3148,1012.3,333.6
3149,995.4,406.6
3150,992.9,677.9
3151,1004.1,308.7
3152,996.4,316.0
3153,1002.6,337.5
3154,1000.7,352.6
3155,999.1,366.6
3156,999.9,349.1
3157,998.4,377.8
3158,1000.5,331.4
3159,999.2,349.6
3160,999.9,334.7
3161,1000.1,336.7
3162,1001.4,352.0
3163,999.4,315.7
3164,1012.4,359.8
3165,991.3,440.4
3166,995.7,431.8
3167,998.4,350.6
3168,1010.2,327.8
3169,991.6,347.9
3170,1000.6,320.7
3171,1000.2,291.8
3172,998.9,323.3
3173,999.8,390.5
3174,1000.0,370.7
3175,1001.1,365.3
3176,999.1,348.6
3177,999.8,382.7
3178,1001.0,353.3
3179,999.0,384.3
3180,999.9,362.5
3181,1011.9,343.5
3182,1002.5,408.0
3183,987.5,369.0
3184,1001.1,339.5
3185,1000.2,313.1
3186,998.2,322.0
3187,999.9,331.1
3188,1001.4,356.6
3189,999.0,397.3
3190,999.1,399.9
3191,998.9,397.8
3192,999.8,400.8
3193,999.1,369.2
3194,1000.4,336.9
3195,1001.4,346.5
3196,998.6,339.8
3197,1014.0,359.1
3198,998.3,388.5
3199,991.3,378.1
3200,998.5,366.0
3201,1001.7,325.7
3202,1000.0,340.3
3203,999.9,333.1
3204,1000.2,364.2
3205,999.2,341.4
3206,998.0,344.4
3207,1000.5,351.2
3208,999.7,339.5
3209,998.9,354.1
3210,999.3,351.3
3211,1000.4,341.6
3212,1000.1,355.1
3213,999.6,346.2
3214,1007.2,380.7
3215,1001.9,418.8
3216,994.1,444.5
3217,1002.0,374.2
3218,999.2,345.8
3219,999.4,351.4
3220,999.8,394.9
3221,1001.7,343.1
3222,996.0,377.5
3223,999.8,371.3
3224,1000.0,363.3
3225,1000.1,359.5
3226,999.7,344.6
3227,1000.1,362.0
3228,1001.5,363.7
3229,997.5,359.9
3230,1001.1,365.8
3231,1007.8,376.7
3232,994.1,392.7
3233,998.3,374.7
3234,1001.1,337.0
3235,1000.0,334.9
3236,1000.4,343.0
3237,1000.1,341.9
3238,1001.2,333.5
3239,998.9,388.5
3240,1001.0,414.4
3241,1000.3,390.9
3242,997.7,365.0
3243,999.6,350.4
3244,1000.2,357.2
3245,1000.1,347.5
3246,999.8,339.0
3247,999.9,352.2
3248,1011.8,387.2
3249,991.9,441.2
3250,997.0,669.0
3251,1000.5,318.6
3252,1000.3,344.5
3253,998.8,334.3
3254,1000.2,350.6
3255,999.6,357.7
3256,999.9,351.7
3257,999.0,363.0
3258,999.8,358.1
3259,1000.8,362.8
3260,999.3,349.4
3261,1001.6,328.8
3262,1000.9,339.0
3263,999.7,308.6
3264,999.3,356.6
3265,1013.2,440.9
3266,1004.5,449.9
3267,987.0,368.2
3268,997.4,335.5
3269,1000.3,352.5
3270,1000.8,332.8
3271,998.5,326.4
3272,1000.1,362.4
3273,998.2,341.8
3274,999.2,347.5
3275,998.9,345.0
3276,1000.1,342.0
3277,999.8,352.2
3278,1000.1,343.7
3279,1001.5,355.2
3280,998.5,348.3
3281,1012.8,344.2
3282,993.9,411.3
3283,995.5,376.1
3284,1003.1,320.2
3285,999.2,322.9
3286,1014.6,412.2
3287,1000.2,336.1
3288,987.7,341.5
3289,997.6,378.1
3290,998.7,419.4
3291,999.6,402.3
3292,999.9,377.9
3293,998.8,356.2
3294,998.3,365.4
3295,1000.4,345.6
3296,1001.0,349.5
3297,998.8,377.3
3298,1001.9,364.1
3299,998.8,379.8
3300,999.9,366.0
3301,1007.5,316.2
3302,1008.2,336.3
3303,1006.4,365.6
3304,991.7,402.4
3305,991.3,329.4
3306,998.2,363.1
3307,999.7,381.7
3308,998.5,347.8
3309,1000.5,365.3
3310,998.4,358.4
3311,1039.3,347.8
3312,965.2,362.6
3313,996.1,373.3
3314,1011.5,377.0
3315,1000.1,445.9
3316,988.8,446.0
3317,1001.5,373.7
3318,1005.7,347.3
3319,1005.2,354.8
3320,998.9,386.0
3321,991.6,303.0
3322,997.9,350.3
3323,1006.2,360.4
3324,992.1,364.9
3325,999.4,386.6
3326,1000.2,349.6
3327,1001.3,363.4
3328,999.2,358.3
3329,1001.4,371.8
3330,999.6,354.2
3331,1019.7,352.8
3332,989.1,385.6
3333,992.8,375.5
3334,1001.9,346.9
3335,997.3,315.9
3336,1000.0,293.7
3337,998.4,331.8
3338,999.7,318.2
3339,999.1,394.7
3340,999.8,411.0
3341,1001.1,368.8
3342,998.8,367.4
3343,999.6,377.5
3344,1002.5,364.8
3345,998.4,349.5
3346,999.3,434.4
3347,1009.3,365.8
3348,1001.6,396.9
3349,992.1,392.0
3350,1000.2,371.6
3351,1001.1,327.4
3352,998.8,342.3
3353,999.6,323.6
3354,1000.6,362.7
3355,997.9,356.5
3356,1000.0,353.9
3357,1000.0,364.2
3358,999.9,355.4
3359,998.5,364.3
3360,1000.3,360.6
3361,1000.1,350.5
3362,1000.6,362.7
3363,1002.2,321.1
3364,1000.5,347.2
3365,1008.0,427.1
3366,994.8,455.4
3367,997.3,357.4
3368,1000.2,339.4
3369,1000.3,335.9
3370,999.9,324.4
3371,998.5,309.7
3372,1001.1,337.8
3373,999.2,333.1
3374,1000.9,335.2
3375,999.9,330.1
3376,998.6,323.7
3377,1000.1,432.6
3378,999.9,415.4
3379,999.9,429.2
3380,1001.4,423.2
3381,1009.2,335.3
3382,995.6,390.8
3383,995.1,380.1
3384,1001.3,333.4
3385,998.6,323.7
3386,998.7,297.7
3387,999.9,300.0
3388,1001.4,306.4
3389,1000.5,366.5
3390,1002.2,408.5
3391,997.0,398.5
3392,998.5,365.8
3393,999.8,360.4
3394,999.9,362.7
3395,1000.2,358.6
3396,1000.1,349.2
3397,1001.6,375.2
3398,1012.0,359.5
3399,993.1,395.9
3400,997.8,362.7
3401,999.5,352.5
3402,997.9,352.3
3403,998.9,323.3
3404,1000.1,338.0
3405,998.4,346.5
3406,999.9,414.2
3407,999.9,435.8
3408,1002.8,334.6
3409,997.9,352.4
3410,1002.6,415.4
3411,1000.1,316.6
3412,997.3,331.2
3413,1001.4,419.1
3414,1015.9,307.7
3415,994.0,443.3
3416,992.3,367.4
3417,1000.0,356.3
3418,999.7,340.6
3419,1000.7,333.8
3420,998.6,312.2
3421,1000.1,336.2
3422,999.2,359.5
3423,998.3,351.6
3424,998.3,363.4
3425,1001.6,361.4
3426,998.9,357.4
3427,999.5,374.6
3428,1000.2,356.5
3429,1000.1,373.1
3430,1001.2,354.3
3431,1010.6,348.7
3432,996.2,355.7
3433,994.1,376.9
3434,999.3,328.4
3435,1004.0,345.2
3436,999.2,296.4
3437,999.2,312.1
3438,999.3,321.3
3439,1000.0,451.9
3440,1000.6,406.7
3441,998.6,412.2
3442,999.7,380.7
3443,1000.4,365.9
3444,999.3,351.9
3445,998.4,352.8
3446,999.7,423.8
3447,999.9,357.3
3448,1014.2,357.7
3449,994.5,397.9
3450,993.5,371.7
3451,1002.4,298.7
3452,999.1,316.6
3453,1000.4,293.9
3454,999.6,318.1
3455,999.8,371.2
3456,1000.6,345.9
3457,999.4,437.7
3458,998.6,349.7
3459,999.7,445.5
3460,999.9,357.0
3461,1000.4,347.2
3462,999.9,363.0
3463,999.5,311.1
3464,1011.4,361.6
3465,1000.7,479.7
3466,989.8,439.8
3467,998.0,351.9
3468,1002.9,320.1
3469,998.3,332.4
3470,1000.4,325.9
3471,1000.7,323.9
3472,1001.1,354.8
3473,999.0,343.2
3474,999.7,419.7
3475,1000.0,417.4
3476,1000.3,334.2
3477,999.8,450.1
3478,1001.9,356.9
3479,1000.2,411.4
3480,1001.1,404.3
3481,1011.8,324.5
3482,996.1,358.5
3483,991.9,384.7
3484,998.9,341.6
3485,1000.6,306.7
3486,998.1,291.1
3487,1000.0,302.0
3488,999.9,316.8
3489,999.8,496.9
3490,998.5,403.7
3491,1000.5,416.7
3492,998.2,427.1
3493,999.6,397.3
3494,999.9,406.7
3495,999.7,417.2
3496,1000.6,416.0
3497,1006.0,382.2
3498,1007.2,397.1
3499,991.6,397.3
3500,997.4,372.2
3501,1002.9,291.3
3502,999.1,330.3
3503,998.8,332.3
3504,1000.5,366.3
3505,997.8,363.9
3506,999.6,354.7
3507,1000.2,444.3
3508,1001.2,356.5
3509,998.8,443.5
3510,1000.1,364.2
3511,999.6,351.3
3512,999.6,373.0
3513,1000.0,348.7
3514,1000.3,368.3
3515,1007.5,432.6
3516,993.5,437.5
3517,999.1,345.4
3518,1004.0,304.5
3519,999.9,323.6
3520,997.3,307.8
3521,1002.3,314.4
3522,1015.5,370.0
3523,997.9,412.2
3524,997.8,378.1
3525,988.6,385.8
3526,1002.3,365.3
3527,996.9,358.4
3528,998.6,364.9
3529,999.8,365.7
3530,1001.4,359.5
3531,1011.1,368.3
3532,992.1,391.0
3533,995.6,370.2
3534,998.6,355.8
3535,1002.2,308.7
3536,999.1,314.6
3537,1001.6,311.6
3538,998.1,317.4
3539,999.7,449.2
3540,999.5,401.3
3541,1000.9,401.9
3542,999.7,379.1
3543,999.9,445.5
3544,999.9,391.3
3545,999.8,375.9
3546,1000.0,451.5
3547,1000.0,382.2
3548,1014.0,361.6
3549,993.9,388.2
3550,994.5,374.3
3551,1004.1,318.9
3552,997.5,349.6
3553,997.5,368.3
3554,999.1,389.7
3555,998.4,364.2
3556,1000.0,513.7
3557,999.7,372.4
3558,1000.4,348.7
3559,999.6,454.5
3560,1000.8,344.2
3561,999.3,340.1
3562,1002.4,358.5
3563,999.4,315.2
3564,1013.8,342.8
3565,994.3,428.0
3566,993.4,417.6
3567,999.6,372.5
3568,1002.5,348.7
3569,999.7,348.2
3570,998.9,346.5
3571,999.7,361.4
3572,1000.2,354.4
3573,999.9,439.8
3574,998.1,517.5
3575,998.4,450.9
3576,1001.2,442.7
3577,999.2,520.8
3578,999.8,482.9
3579,999.7,448.5
3580,1000.0,446.9
3581,1012.2,458.9
3582,995.9,398.1
3583,993.6,358.1
3584,1001.5,312.8
3585,1002.6,341.1
3586,997.5,332.3
3587,1001.2,312.6
3588,1000.1,308.4
3589,998.8,515.5
3590,999.4,547.8
3591,999.4,396.6
3592,999.5,488.7
3593,1000.3,495.6
3594,999.9,368.6
3595,999.5,513.7
3596,998.6,510.1
3597,1000.2,519.6
3598,1011.6,519.9
3599,993.7,400.3
3600,996.0,378.3
3601,1001.7,327.3
3602,998.9,321.5
3603,999.5,300.3
3604,1000.6,336.4
3605,1001.3,363.6
3606,998.1,346.9
3607,998.3,524.3
3608,1001.1,348.3
3609,1001.2,356.1
3610,999.2,349.9
3611,999.7,345.1
3612,1001.0,367.3
3613,998.8,356.0
3614,1011.1,532.7
3615,997.8,428.7
3616,993.1,436.5
3617,1012.4,353.0
3618,981.0,342.5
3619,1008.6,314.8
3620,991.4,333.9
3621,998.1,303.9
3622,1008.4,298.0
3623,999.6,335.4
3624,1000.7,351.7
3625,1000.2,327.1
3626,997.6,320.1
3627,1001.2,331.8
3628,999.7,317.6
3629,1000.2,321.6
3630,1000.1,347.6
3631,1001.9,330.6
3632,999.9,335.0
3633,1001.2,330.8
3634,995.0,343.6
3635,996.5,360.5
3636,997.8,326.0
3637,999.8,338.1
3638,999.2,293.1
3639,1000.0,356.9
3640,999.3,349.0
3641,999.9,365.8
3642,1002.1,379.1
3643,998.1,372.4
3644,999.9,378.1
3645,1000.0,379.5
3646,1000.0,385.6
3647,1000.2,366.0
3648,1001.9,350.4
3649,1009.7,345.8
3650,1001.6,368.1
3651,992.6,322.8
3652,999.0,318.6
3653,996.9,325.0
3654,999.9,337.4
3655,999.1,307.6
3656,1002.1,321.4
3657,997.5,338.3
3658,1001.7,319.1
3659,1000.1,336.1
3660,999.1,294.6
3661,998.9,271.4
3662,1000.3,328.2
3663,1000.4,319.0
3664,1008.1,336.8
3665,1002.0,410.3
3666,1000.0,410.5
3667,997.6,392.8
3668,996.1,364.2
3669,999.0,337.2
3670,996.9,329.6
3671,1001.3,318.6
3672,1010.5,291.9
3673,999.7,362.4
3674,998.6,362.3
3675,999.8,359.4
3676,998.5,350.2
3677,1001.5,364.2
3678,998.4,353.4
3679,999.8,357.4
3680,1000.1,360.0
3681,1002.0,357.5
3682,999.8,376.2
3683,1000.3,356.3
3684,994.9,382.3
3685,997.3,311.6
3686,998.2,306.6
3687,999.1,330.0
3688,999.5,306.8
3689,1000.2,343.1
3690,999.7,380.4
3691,1000.6,355.7
3692,1000.3,341.5
3693,1002.1,318.3
3694,999.2,342.1
3695,999.0,292.1
3696,999.7,283.6
3697,1001.4,299.3
3698,1000.7,292.3
3699,1010.3,315.4
3700,993.2,349.4
3701,999.2,313.1
3702,997.0,324.3
3703,1002.4,312.1
3704,996.6,343.6
3705,998.8,325.3
3706,999.7,329.1
3707,1000.7,332.2
3708,1000.2,317.8
3709,1002.6,330.1
3710,999.5,330.3
3711,997.0,320.9
3712,1004.0,331.3
3713,998.1,334.4
3714,1007.9,343.9
3715,1002.1,374.5
3716,999.7,372.6
3717,997.7,364.4
3718,1012.9,373.7
3719,993.5,332.0
3720,985.2,315.0
3721,999.6,300.2
3722,999.9,334.3
3723,1001.9,362.4
3724,998.8,338.8
3725,1001.8,335.5
3726,997.0,324.9
3727,999.9,317.7
3728,1019.7,323.2
3729,991.2,393.9
3730,999.4,394.7
3731,1009.5,367.9
3732,998.0,374.5
3733,992.5,354.8
3734,1009.5,368.7
3735,994.1,335.5
3736,990.7,329.4
3737,997.7,342.9
3738,998.7,324.6
3739,1001.5,328.9
3740,998.2,381.1
3741,1000.9,359.6
3742,999.3,329.8
3743,1001.1,323.5
3744,998.7,328.2
3745,1000.6,330.6
3746,1008.4,302.3
3747,1002.5,342.8
3748,997.2,326.5
3749,999.8,332.5
3750,1000.3,361.0
3751,998.9,359.4
3752,995.3,350.9
3753,1008.3,317.4
3754,998.0,383.2
3755,999.5,331.5
3756,999.7,343.1
3757,999.6,358.2
3758,1000.0,358.1
3759,1000.0,370.2
3760,1000.1,366.6
3761,999.7,349.1
3762,999.9,369.8
3763,1001.2,351.6
3764,1000.8,376.4
3765,998.9,411.8
3766,1000.6,412.2
3767,994.5,361.8
3768,1002.3,363.0
3769,999.1,344.2
3770,1003.8,339.1
3771,999.9,342.8
3772,999.3,370.6
3773,1000.0,362.9
3774,998.6,367.7
3775,1000.1,362.7
3776,999.8,342.3
3777,999.6,355.5
3778,1003.6,344.4
3779,996.9,361.8
3780,1002.4,355.0
3781,999.6,359.3
3782,1000.6,396.6
3783,1001.4,370.8
3784,997.4,373.2
3785,994.4,322.1
3786,998.9,315.2
3787,998.8,321.9
3788,999.5,298.9
3789,1002.0,334.3
3790,997.9,361.8
3791,999.3,378.7
3792,1000.0,371.9
3793,1001.2,370.1
3794,999.4,387.6
3795,999.7,369.4
3796,999.8,372.9
3797,1000.0,347.3
3798,1001.6,309.6
3799,998.5,371.3
3800,1006.1,327.9
3801,997.3,328.7
3802,997.1,351.2
3803,1003.1,332.0
3804,998.3,336.5
3805,998.7,323.4
3806,999.9,313.2
3807,1001.1,339.7
3808,1000.6,330.8
3809,999.7,343.0
3810,1009.0,330.0
3811,999.7,346.9
3812,998.1,357.9
3813,999.8,349.8
3814,1000.4,378.8
3815,1000.6,405.7
3816,998.0,399.8
3817,996.1,380.1
3818,999.5,345.4
3819,998.2,340.1
3820,1004.9,334.0
3821,997.2,317.0
3822,1001.1,332.5
3823,1000.8,337.5
3824,998.5,340.3
3825,998.4,349.4
3826,1000.0,327.0
3827,999.6,346.1
3828,1001.3,340.1
3829,998.8,343.9
3830,1000.6,338.3
3831,1003.8,333.0
3832,1006.0,358.9
3833,1001.9,368.0
3834,990.7,396.3
3835,998.1,338.0
3836,998.9,336.9
3837,999.2,348.4
3838,1001.4,330.2
3839,998.6,362.4
3840,1000.1,373.2
3841,999.9,382.2
3842,1001.7,344.8
3843,998.4,344.2
3844,1001.7,347.1
3845,999.0,335.4
3846,1000.1,330.3
3847,1000.0,336.5
3848,1002.6,340.3
3849,998.0,352.3
3850,1004.4,335.3
3851,996.3,338.8
3852,998.5,350.2
3853,1000.0,325.2
3854,999.8,330.6
3855,999.9,333.7
3856,998.2,311.7
3857,1001.0,325.6
3858,1000.9,333.9
3859,998.1,437.3
3860,1000.8,326.8
3861,999.1,318.4
3862,1002.4,328.9
3863,1007.7,359.4
3864,1002.1,400.7
3865,997.3,419.3
3866,1000.7,405.8
3867,995.1,377.2
3868,998.6,365.3
3869,998.2,353.8
3870,1000.3,338.3
3871,1000.0,344.1
3872,999.7,346.7
3873,1000.2,333.5
3874,1001.9,349.4
3875,999.1,366.6
3876,999.1,343.2
3877,999.3,349.9
3878,999.7,343.3
3879,1000.4,328.2
3880,1001.5,330.8
3881,1000.4,333.6
3882,997.8,349.5
3883,1001.3,343.1
3884,999.9,353.2
3885,1000.4,323.8
3886,999.8,308.1
3887,1000.1,331.7
3888,1000.5,321.0
3889,1009.0,345.7
3890,999.6,409.4
3891,999.1,420.3
3892,1000.1,364.9
3893,998.0,354.0
3894,1001.6,376.7
3895,997.8,358.4
3896,1001.2,354.0
3897,1001.5,438.7
3898,998.7,359.9
3899,997.7,369.0
3900,1003.4,354.3
3901,993.8,364.3
3902,999.1,347.6
3903,999.7,328.9
3904,1001.1,330.0
3905,997.1,346.3
3906,999.9,330.2
3907,1000.5,335.8
3908,1000.9,348.5
3909,1000.5,359.3
3910,1007.1,334.1
3911,1000.3,356.4
3912,999.9,380.0
3913,998.6,362.9
3914,999.5,373.9
3915,1000.9,406.6
3916,999.5,396.9
3917,995.8,386.5
3918,999.8,360.0
3919,998.0,355.3
3920,999.0,338.0
3921,999.2,416.7
3922,1000.2,351.1
3923,1000.2,340.9
3924,999.6,339.8
3925,1001.8,327.8
3926,1001.5,321.6
3927,997.5,332.8
3928,1001.7,340.0
3929,1010.3,349.3
3930,996.9,338.1
3931,1011.7,365.6
3932,989.6,358.2
3933,1000.4,398.6
3934,1001.4,397.0
3935,999.5,401.4
3936,999.3,352.9
3937,1000.0,371.1
3938,999.6,358.6
3939,999.7,385.6
3940,999.8,402.1
3941,1001.0,412.1
3942,996.8,416.1
3943,1000.5,412.7
3944,1000.4,437.7
3945,1000.6,423.4
3946,998.7,433.3
3947,999.7,386.5
3948,1004.5,366.5
3949,997.5,403.5
3950,999.5,360.6
3951,1000.3,386.5
3952,998.6,379.6
3953,1000.9,369.4
3954,999.8,370.3
3955,1001.0,362.8
3956,998.8,353.5
3957,1000.1,365.9
3958,1000.0,357.3
3959,999.7,369.2
3960,1000.0,353.8
3961,1000.4,346.5
3962,999.6,356.3
3963,1003.5,352.9
3964,999.9,398.6
3965,997.1,435.7
3966,997.1,420.8
3967,999.7,412.8
3968,1002.5,384.1
3969,999.5,382.6
3970,1000.2,378.8
3971,1000.5,348.4
3972,1000.1,368.0
3973,1002.2,360.6
3974,1001.2,343.3
3975,998.9,374.6
3976,999.3,364.3
3977,999.4,372.9
3978,999.9,347.8
3979,999.0,360.4
3980,999.8,345.5
3981,1003.2,339.2
3982,996.9,368.9
3983,999.5,338.0
3984,1000.1,330.9
3985,1002.4,334.8
3986,999.0,336.6
3987,999.4,346.6
3988,1000.3,320.8
3989,999.9,432.3
3990,1001.1,405.6
3991,997.8,397.4
3992,1000.2,442.9
3993,998.1,350.7
3994,1000.4,413.4
3995,1002.2,335.2
3996,1000.5,335.4
3997,1002.4,427.8
3998,996.4,353.5
3999,999.5,351.2
4000,1039.9,421.6
4001,974.7,339.1
4002,990.3,357.2
4003,998.8,328.2
4004,1004.0,336.1
4005,995.7,337.2
4006,998.9,321.8
4007,998.8,423.4
4008,999.1,330.5
4009,999.6,434.0
4010,1000.2,344.2
4011,1001.3,452.3
4012,998.6,345.2
4013,1000.1,427.6
4014,1007.4,442.3
4015,993.9,399.5
4016,1001.4,376.7
4017,999.4,341.2
4018,1000.8,320.9
4019,1000.1,327.9
4020,999.0,422.0
4021,1000.0,421.7
4022,1000.2,426.2
4023,999.7,331.9
4024,1000.3,433.6
4025,999.8,333.1
4026,1000.2,322.9
4027,999.9,368.1
4028,998.3,386.7
4029,999.6,448.8
4030,999.7,359.5
4031,1004.4,418.6
4032,1003.7,395.4
4033,995.4,383.4
4034,996.5,336.2
4035,1001.3,336.7
4036,999.3,375.2
4037,1000.7,352.6
4038,999.0,339.1
4039,1006.3,375.7
4040,994.8,437.7
4041,1001.3,429.4
4042,998.9,393.3
4043,998.0,385.2
4044,1010.8,465.9
4045,989.6,441.2
4046,1000.9,378.6
4047,999.3,392.5
4048,1009.9,389.9
4049,994.0,427.5
4050,996.0,384.9
4051,1001.0,336.1
4052,1000.7,387.6
4053,998.2,310.7
4054,1000.6,341.4
4055,999.9,360.4
4056,999.8,380.3
4057,999.5,389.2
4058,998.5,460.4
4059,1001.6,392.5
4060,998.1,455.9
4061,1002.0,353.2
4062,999.6,456.2
4063,1002.4,364.1
4064,998.3,352.2
4065,1010.3,453.6
4066,994.8,436.5
4067,996.1,388.9
4068,1000.9,364.5
4069,1001.5,451.1
4070,998.1,331.5
4071,999.6,329.6
4072,997.9,332.1
4073,1000.3,349.8
4074,1001.2,463.4
4075,998.6,359.1
4076,1001.3,489.8
4077,998.8,392.6
4078,1001.0,500.0
4079,999.8,388.8
4080,998.0,517.7
4081,1012.7,383.8
4082,995.3,417.4
4083,995.3,392.5
4084,998.6,371.9
4085,1003.0,363.3
4086,998.4,303.6
4087,999.6,355.2
4088,999.9,349.1
4089,1000.5,350.5
4090,999.8,514.7
4091,999.8,410.0
4092,999.7,395.9
4093,998.5,572.1
4094,1000.0,347.9
4095,1000.2,553.7
4096,1001.4,372.5
4097,998.5,384.3
4098,1014.5,310.6
4099,992.8,420.6
4100,994.2,391.9
4101,999.8,348.4
4102,1000.7,534.4
4103,999.6,333.0
4104,1000.9,363.4
4105,999.7,333.0
4106,1000.7,517.6
4107,999.5,372.1
4108,999.5,346.6
4109,999.8,541.2
4110,1000.1,352.6
4111,999.9,536.4
4112,999.7,365.9
4113,1000.3,556.0
4114,1013.3,374.9
4115,993.6,434.1
4116,993.9,423.7
4117,998.1,371.7
4118,1000.1,554.4
4119,999.6,325.1
4120,1000.2,316.8
4121,999.7,321.4
4122,1000.9,314.5
4123,999.1,553.4
4124,1000.1,365.6
4125,1000.0,565.7
4126,1001.7,350.3
4127,1000.6,379.0
4128,999.4,550.4
4129,1015.8,370.9
4130,975.6,311.6
4131,1002.2,313.4
4132,1020.5,297.5
4133,992.3,377.1
4134,996.3,376.1
4135,998.7,374.8
4136,998.2,359.0
4137,999.1,349.7
4138,999.9,345.1
4139,999.8,355.7
4140,999.7,352.3
4141,1000.6,338.9
4142,999.5,587.8
4143,1000.3,346.4
4144,999.9,351.7
4145,1000.3,351.0
4146,999.9,349.8
4147,1012.7,368.8
4148,1001.3,395.8
4149,989.0,387.5
4150,1000.3,370.4
4151,998.5,335.0
4152,1000.0,341.7
4153,999.9,318.9
4154,999.8,328.8
4155,1000.6,353.1
4156,999.5,344.7
4157,1001.1,585.9
4158,997.3,355.1
4159,999.8,368.0
4160,1000.1,360.1
4161,1000.1,360.9
4162,1000.0,370.2
4163,1001.6,380.5
4164,1006.8,372.6
4165,1002.2,456.7
4166,990.4,444.5
4167,999.2,369.4
4168,1003.3,342.8
4169,999.6,373.7
4170,999.0,330.2
4171,999.5,342.0
4172,1001.1,342.5
4173,998.6,385.2
4174,999.4,384.1
4175,998.8,386.6
4176,1001.6,357.3
4177,999.8,391.3
4178,999.0,360.9
4179,998.1,380.4
4180,1000.0,408.3
4181,1004.2,392.9
4182,1004.6,422.1
4183,993.4,413.9
4184,1001.7,374.8
4185,999.6,371.3
4186,1000.3,339.7
4187,998.6,359.4
4188,1001.1,324.2
4189,1000.4,341.6
4190,999.4,406.6
4191,1000.1,394.8
4192,999.8,378.6
4193,1000.0,367.8
4194,1000.1,372.1
4195,999.9,362.8
4196,1001.6,356.1
4197,1001.3,370.3
4198,1007.8,371.5
4199,994.7,407.9
4200,995.9,374.0
4201,998.4,347.8
4202,999.6,371.0
4203,999.4,317.2
4204,1000.0,332.1
4205,1000.5,340.7
4206,999.6,352.5
4207,1001.0,365.6
4208,999.1,363.8
4209,999.8,368.1
4210,1001.5,368.2
4211,1000.3,347.6
4212,999.9,347.9
4213,999.5,358.4
4214,1001.7,395.9
4215,1010.4,428.7
4216,996.0,490.1
4217,991.8,388.0
4218,1002.7,365.1
4219,999.3,380.4
4220,998.5,334.0
4221,1000.2,335.4
4222,1000.3,346.4
4223,998.6,373.3
4224,997.5,378.3
4225,1000.2,374.3
4226,1000.1,370.8
4227,999.6,388.1
4228,1001.2,378.2
4229,999.4,386.4
4230,1000.2,378.9
4231,1011.8,375.3
4232,993.1,424.0
4233,998.3,393.3
4234,1000.8,366.9
4235,1000.1,368.1
4236,998.8,308.4
4237,999.6,328.2
4238,1000.2,337.6
4239,1000.1,340.2
4240,1000.5,416.6
4241,999.3,417.6
4242,1000.5,334.1
4243,999.3,360.4
4244,998.0,374.2
4245,1000.4,358.6
4246,1000.1,347.2
4247,1000.3,351.3
4248,1013.8,350.0
4249,993.0,388.1
4250,994.7,401.5
4251,1000.3,356.8
4252,999.4,388.5
4253,1000.6,321.3
4254,998.9,339.3
4255,1001.4,372.1
4256,999.6,410.5
4257,997.9,398.5
4258,1000.9,368.7
4259,999.0,372.3
4260,999.9,369.7
4261,1000.2,365.4
4262,1000.9,379.3
4263,1000.7,382.4
4264,1012.7,369.2
4265,992.6,477.4
4266,993.7,436.4
4267,997.9,373.4
4268,1003.1,363.1
4269,998.7,328.9
4270,1000.3,314.8
4271,999.8,324.7
4272,1000.1,332.2
4273,1000.9,359.5
4274,999.0,361.3
4275,1001.7,357.6
4276,999.9,359.2
4277,999.7,384.7
4278,1001.1,356.8
4279,999.2,371.2
4280,999.6,343.4
4281,1018.0,338.2
4282,995.5,380.4
4283,989.0,379.1
4284,1000.8,366.7
4285,998.1,364.1
4286,999.4,317.0
4287,998.1,346.1
4288,1001.5,334.0
4289,998.3,357.7
4290,1000.5,384.2
4291,1000.4,357.5
4292,997.5,404.1
4293,999.8,366.0
4294,1000.2,379.1
4295,1001.5,374.5
4296,1000.6,370.6
4297,1010.9,397.1
4298,1004.4,410.3
4299,985.8,407.9
4300,998.5,393.7
4301,1002.4,343.9
4302,999.4,334.0
4303,1000.5,324.4
4304,1000.3,343.8
4305,999.4,346.6
4306,1001.3,330.0
4307,998.0,390.4
4308,999.6,378.2
4309,997.3,381.1
4310,1000.0,376.7
4311,999.9,371.7
4312,1000.6,334.3
4313,1002.3,352.8
4314,1004.1,371.7
4315,1001.7,379.5
4316,994.3,483.3
4317,1000.9,349.6
4318,1000.4,317.4
4319,998.8,358.3
4320,1002.4,329.4
4321,998.9,326.4
4322,999.8,361.4
4323,1000.1,327.4
4324,998.2,349.9
4325,999.9,341.8
4326,1000.4,319.9
4327,999.4,343.7
4328,1001.3,331.1
4329,998.8,356.1
4330,999.8,344.6
4331,999.0,348.9
4332,1003.7,430.6
4333,1004.8,371.7
4334,1008.2,420.3
4335,987.7,373.8
4336,1004.1,377.0
4337,995.0,402.6
4338,998.9,334.0
4339,1001.5,348.2
4340,999.3,371.9
4341,998.4,426.4
4342,1002.4,337.6
4343,996.9,390.5
4344,999.8,389.3
4345,1000.0,385.4
4346,1000.1,375.0
4347,1000.1,394.8
4348,1005.0,388.6
4349,997.8,396.4
4350,1008.6,351.2
4351,984.9,363.5
4352,1000.2,350.1
4353,997.9,322.4
4354,1001.9,337.8
4355,995.7,336.8
4356,1007.5,297.7
4357,1000.5,375.0
4358,1000.0,362.8
4359,1002.1,386.4
4360,996.8,368.2
4361,1000.3,336.9
4362,1003.1,351.6
4363,994.6,316.9
4364,998.1,361.7
4365,1004.0,332.8
4366,1004.3,339.4
4367,995.2,424.1
4368,998.1,382.6
4369,998.9,384.8
4370,1044.5,342.5
4371,995.1,355.5
4372,968.7,362.7
4373,998.2,357.2
4374,999.5,341.3
4375,998.5,373.0
4376,1001.2,358.2
4377,998.6,370.8
4378,1000.0,358.8
4379,1001.5,377.4
4380,998.5,360.2
4381,1006.5,348.5
4382,997.1,340.3
4383,1010.5,351.4
4384,982.5,385.6
4385,1001.0,336.6
4386,1000.0,310.3
4387,995.5,344.7
4388,1000.0,274.7
4389,999.5,314.5
4390,999.4,324.3
4391,1001.6,321.7
4392,998.1,336.5
4393,1000.7,287.2
4394,1000.1,373.7
4395,998.3,278.8
4396,1001.0,301.7
4397,1000.0,283.3
4398,1001.0,360.9
4399,1010.2,334.2
4400,1000.1,365.0
4401,993.2,383.6
4402,1000.5,300.6
4403,998.8,305.3
4404,996.8,252.0
4405,999.8,265.7
4406,999.7,305.2
4407,1000.8,285.2
4408,1000.2,323.9
4409,999.4,412.8
4410,999.5,286.6
4411,1001.0,321.8
4412,999.0,278.6
4413,1000.7,278.8
4414,1001.0,403.4
4415,1000.7,322.1
4416,1008.9,340.2
4417,992.4,390.3
4418,1002.7,334.0
4419,995.0,308.3
4420,1010.6,309.1
4421,997.2,349.3
4422,1001.3,338.1
4423,998.1,365.4
4424,999.5,387.4
4425,1002.4,306.8
4426,998.2,352.3
4427,1001.7,300.7
4428,999.7,356.0
4429,1000.9,359.2
4430,999.0,352.8
4431,1016.4,335.4
4432,985.1,320.6
4433,1008.8,380.7
4434,985.8,397.7
4435,997.5,352.0
4436,1008.7,344.1
4437,989.4,334.9
4438,998.9,254.7
4439,999.0,268.2
4440,1000.6,308.7
4441,1001.4,308.7
4442,998.3,287.9
4443,1000.0,371.7
4444,1001.4,330.4
4445,998.1,282.2
4446,1001.4,263.7
4447,999.9,380.4
4448,1012.9,267.9
4449,999.8,360.6
4450,1002.5,372.9
4451,988.8,365.6
4452,999.6,310.7
4453,997.5,293.8
4454,999.4,272.5
4455,999.2,282.7
4456,1000.4,320.1
4457,999.9,294.4
4458,1003.0,367.8
4459,997.2,296.9
4460,999.4,278.3
4461,999.8,259.8
4462,999.9,380.5
4463,1000.7,274.8
4464,1006.9,282.7
4465,1002.2,385.6
4466,1000.8,360.8
4467,995.0,409.7
4468,997.5,373.3
4469,999.6,323.7
4470,1011.4,278.8
4471,997.4,375.3
4472,998.8,285.8
4473,1000.2,362.0
4474,999.5,366.3
4475,998.5,353.9
4476,1000.4,415.7
4477,999.4,315.2
4478,1000.1,419.4
4479,1000.1,355.7
4480,1000.9,358.2
4481,1001.1,365.1
4482,998.7,372.1
4483,1008.0,355.7
4484,988.3,417.6
4485,999.0,318.7
4486,999.6,258.1
4487,997.1,276.5
4488,1007.7,279.2
4489,1000.3,352.3
4490,1000.3,360.6
4491,1001.2,399.9
4492,996.7,340.2
4493,1001.5,301.6
4494,999.3,312.6
4495,1000.1,360.5
4496,1001.4,377.7
4497,998.9,305.1
4498,1001.6,416.6
4499,1000.7,353.3
4500,998.7,356.5
4501,997.3,331.5
4502,1006.3,305.3
4503,992.8,338.0
4504,997.1,347.4
4505,996.7,288.5
4506,999.9,245.0
4507,1000.6,288.8
4508,999.3,268.2
4509,999.9,282.2
4510,1000.8,375.7
4511,1009.4,267.3
4512,1001.1,355.6
4513,1000.1,368.3
4514,1001.6,386.3
4515,996.9,345.1
4516,1000.5,361.0
4517,999.7,359.6
4518,996.4,356.1
4519,994.8,329.3
4520,1003.5,285.7
4521,996.5,320.3
4522,999.4,288.9
4523,1000.0,385.3
4524,1000.0,281.6
4525,999.4,385.6
4526,999.9,274.1
4527,1000.0,398.3
4528,1000.0,288.2
4529,1000.1,382.8
4530,1001.5,286.0
4531,1001.1,256.6
4532,998.9,286.7
4533,1000.1,274.1
4534,1000.7,246.5
4535,999.9,244.8
4536,1002.5,243.5
4537,998.2,274.7
4538,1009.0,290.8
4539,1005.7,374.2
4540,993.7,394.9
4541,997.6,401.1
4542,1000.8,339.5
4543,999.1,385.0
4544,1000.8,335.3
4545,999.0,436.8
4546,1000.2,379.0
4547,998.2,338.1
4548,1019.3,336.6
4549,993.2,419.2
4550,989.8,406.4
4551,1002.3,360.3
4552,1001.7,314.9
4553,999.3,333.9
4554,997.4,360.0
4555,1003.1,317.0
4556,998.2,323.9
4557,999.0,419.0
4558,999.6,346.6
4559,1000.6,327.8
4560,1001.0,422.7
4561,999.0,371.8
4562,1000.4,347.2
4563,1000.6,341.3
4564,1009.4,365.8
4565,1003.4,429.3
4566,987.6,413.1
4567,999.7,331.9
4568,998.2,350.9
4569,1001.5,347.6
4570,1004.0,338.9
4571,995.5,344.2
4572,998.5,357.6
4573,999.6,360.0
4574,1001.4,445.5
4575,998.1,296.5
4576,1000.7,447.2
4577,1001.5,318.4
4578,997.9,444.8
4579,1001.9,358.4
4580,1000.6,484.3
4581,1011.6,380.2
4582,998.1,418.6
4583,990.5,405.1
4584,999.4,367.0
4585,1001.8,372.3
4586,1001.6,336.1
4587,998.9,375.4
4588,999.9,356.3
4589,998.1,361.7
4590,998.2,488.5
4591,1000.7,357.3
4592,998.5,325.3
4593,1000.2,309.1
4594,999.8,371.9
4595,1000.6,447.6
4596,1001.2,355.1
4597,1005.5,493.4
4598,1003.0,405.8
4599,993.7,420.8
4600,998.2,396.3
4601,1002.6,328.2
4602,999.7,367.8
4603,1002.5,328.8
4604,997.6,338.4
4605,998.5,379.3
4606,999.2,376.1
4607,1001.7,427.8
4608,996.3,377.3
4609,1000.2,508.5
4610,1000.1,326.4
4611,998.0,303.1
4612,1001.4,333.6
4613,999.2,485.5
4614,999.9,319.8
4615,1010.0,381.7
4616,991.6,482.0
4617,999.8,379.6
4618,1001.3,302.0
4619,1002.6,317.6
4620,1004.1,333.5
4621,994.8,315.0
4622,999.9,322.3
4623,997.6,531.5
4624,1002.7,306.9
4625,996.8,457.7
4626,1000.0,517.2
4627,1001.2,335.3
4628,998.5,446.9
4629,1000.4,453.8
4630,1001.4,452.5
4631,1012.8,339.3
4632,991.2,418.9
4633,995.4,389.4
4634,999.2,301.2
4635,1004.4,320.9
4636,997.4,315.9
4637,1001.1,323.5
4638,1000.1,322.4
4639,997.7,359.9
4640,999.5,541.7
4641,1001.3,356.6
4642,1000.0,336.9
4643,1002.0,335.3
4644,999.5,347.0
4645,999.6,332.8
4646,999.1,362.8
4647,999.5,332.8
4648,1011.4,375.4
4649,994.0,407.0
4650,994.8,381.9
4651,1003.6,321.4
4652,1001.5,329.4
4653,997.1,334.6
4654,1002.3,363.4
4655,997.6,322.5
4656,997.7,357.7
4657,999.5,342.0
4658,998.0,333.5
4659,1000.0,330.1
4660,1000.9,336.0
4661,999.9,320.1
4662,999.9,337.5
4663,1000.2,377.3
4664,1017.5,337.4
4665,992.6,443.5
4666,992.1,381.8
4667,998.8,347.5
4668,1005.5,379.8
4669,997.4,308.1
4670,1005.2,309.5
4671,995.8,355.6
4672,999.1,365.8
4673,998.9,390.7
4674,1000.4,332.1
4675,997.3,339.4
4676,1000.9,325.8
4677,997.4,352.3
4678,1000.6,328.7
4679,999.5,538.9
4680,999.9,339.5
4681,1012.2,316.1
4682,994.0,343.4
4683,995.7,385.5
4684,1001.4,365.1
4685,1004.8,322.3
4686,997.7,321.7
4687,1000.8,279.9
4688,999.6,346.3
4689,999.6,305.4
4690,998.3,592.1
4691,1000.1,357.5
4692,1000.4,329.4
4693,998.7,306.9
4694,1000.4,313.0
4695,999.6,309.8
4696,1001.9,351.9
4697,998.4,340.9
4698,1017.3,337.2
4699,995.5,393.7
4700,987.1,387.5
4701,999.4,281.0
4702,1002.5,327.5
4703,1001.4,274.5
4704,997.0,296.1
4705,1000.9,308.5
4706,997.5,349.5
4707,1000.7,321.4
4708,1000.7,312.7
4709,1001.3,331.8
4710,998.5,314.8
4711,1000.2,297.5
4712,1001.9,329.1
4713,998.9,332.5
4714,1012.7,360.3
4715,1002.6,391.9
4716,985.3,376.3
4717,999.6,300.8
4718,999.8,302.5
4719,999.9,270.8
4720,1004.1,301.5
4721,995.8,342.0
4722,999.9,313.4
4723,998.4,370.1
4724,999.6,310.8
4725,999.7,325.4
4726,1000.7,305.4
4727,1000.0,329.6
4728,1001.5,306.5
4729,1002.3,326.9
4730,997.5,313.6
4731,1012.5,305.2
4732,998.6,407.0
4733,990.6,382.0
4734,998.6,359.0
4735,1005.9,320.7
4736,995.4,316.2
4737,1002.4,303.5
4738,1000.6,285.5
4739,986.5,279.3
4740,1001.0,343.1
4741,1006.6,299.6
4742,1009.9,321.0
4743,1002.5,361.2
4744,1490.4,1485.9
4745,506.5,503.0
4746,993.2,328.0
4747,998.5,351.8
4748,999.3,279.5
4749,1001.2,278.5
4750,1001.5,287.7
4751,994.4,307.8
4752,1007.2,269.1
4753,1001.3,329.0
4754,990.7,589.5
4755,998.9,265.7
4756,997.0,233.7
4757,1009.2,217.6
4758,1000.9,283.0
4759,1000.1,286.9
4760,1000.1,274.0
4761,997.9,255.1
4762,1000.0,282.2
4763,998.9,270.1
4764,1001.3,282.2
4765,999.0,329.4
4766,1001.2,312.9
4767,998.7,359.6
4768,997.4,318.3
4769,995.5,286.9
4770,1003.3,252.1
4771,996.0,274.4
4772,1002.2,263.6
4773,997.6,317.5
4774,1001.4,303.1
4775,998.9,280.0
4776,1000.2,288.9
4777,999.8,281.4
4778,999.9,273.4
4779,1000.1,293.7
4780,999.9,263.7
4781,1002.0,252.8
4782,999.2,277.4
4783,1000.9,282.5
4784,1003.2,303.6
4785,994.5,261.1
4786,1001.5,287.9
4787,999.8,270.2
4788,998.6,295.9
4789,999.8,273.5
4790,999.9,313.6
4791,1001.8,313.2
4792,1000.8,329.0
4793,999.8,296.4
4794,998.7,271.6
4795,999.6,273.8
4796,1000.2,288.6
4797,999.6,281.4
4798,1003.0,293.4
4799,1006.3,295.5
4800,1007.4,324.7
4801,988.0,366.1
4802,998.5,301.8
4803,1000.0,310.8
4804,998.3,279.9
4805,1000.5,278.8
4806,999.2,260.2
4807,999.8,288.7
4808,999.7,312.0
4809,1000.1,288.5
4810,999.8,278.3
4811,1000.3,305.8
4812,999.9,283.2
4813,1002.6,275.4
4814,998.3,299.4
4815,1001.2,340.6
4816,999.8,347.7
4817,999.6,362.5
4818,999.6,332.1
4819,998.6,352.5
4820,999.8,319.0
4821,999.9,295.0
4822,1000.0,286.1
4823,1001.2,297.2
4824,998.8,274.0
4825,1000.8,284.7
4826,999.4,274.5
4827,999.3,309.8
4828,1000.6,268.5
4829,999.2,276.1
4830,1000.0,273.5
4831,1001.9,294.4
4832,998.8,287.1
4833,1002.3,271.4
4834,1006.2,302.7
4835,1004.1,327.0
4836,1000.2,344.8
4837,1012.2,337.7
4838,985.2,405.4
4839,999.5,366.4
4840,999.1,389.7
4841,999.9,390.8
4842,1000.2,359.6
4843,1003.0,338.5
4844,997.4,346.4
4845,999.5,351.5
4846,999.7,331.9
4847,1000.0,355.2
4848,1004.1,341.4
4849,994.4,389.6
4850,999.3,371.2
4851,1003.0,315.2
4852,1000.4,338.2
4853,1000.9,325.4
4854,998.5,326.1
4855,1001.5,328.5
4856,997.6,312.2
4857,1000.2,358.6
4858,1002.0,357.4
4859,997.7,368.9
4860,999.7,352.9
4861,1000.8,317.5
4862,1001.2,325.4
4863,1001.4,327.3
4864,1001.7,381.6
4865,995.5,363.1
4866,999.6,398.1
4867,1002.7,348.1
4868,1001.2,330.3
4869,998.7,341.2
4870,999.1,334.8
4871,999.9,331.0
4872,999.6,352.5
4873,1004.1,340.4
4874,997.7,335.0
4875,999.2,330.0
4876,999.8,313.8
4877,1001.4,339.3
4878,1000.1,320.4
4879,1000.6,325.3
4880,999.6,330.1
4881,1003.5,329.1
4882,998.1,339.9
4883,999.5,331.2
4884,998.4,295.4
4885,998.6,317.4
4886,999.8,310.3
4887,999.9,298.7
4888,1000.7,313.2
4889,999.5,314.0
4890,999.8,380.9
4891,1001.8,388.4
4892,995.2,349.6
4893,1000.4,348.3
4894,1001.3,350.8
4895,1000.1,355.8
4896,998.4,335.5
4897,1007.3,334.6
4898,993.9,342.0
4899,1000.2,346.9
4900,1001.0,337.1
4901,1000.3,304.0
4902,1002.8,339.3
4903,998.4,337.8
4904,1001.3,336.3
4905,1001.4,336.6
4906,999.3,319.3
4907,998.2,345.6
4908,1000.9,328.4
4909,1000.4,333.2
4910,998.5,305.5
4911,999.8,317.3
4912,1000.8,336.4
4913,999.8,328.9
4914,1000.4,341.0
4915,998.9,384.3
4916,998.9,371.5
4917,1000.0,345.7
4918,998.9,330.5
4919,1000.9,312.3
4920,1001.5,290.2
4921,997.9,304.3
4922,1002.2,329.5
4923,999.8,329.6
4924,1001.0,325.2
4925,998.4,326.3
4926,1001.4,353.3
4927,998.7,345.7
4928,1000.7,327.3
4929,1000.8,321.5
4930,999.1,329.7
4931,1001.0,316.2
4932,998.1,333.6
4933,1000.2,310.3
4934,1001.0,308.9
4935,997.5,326.8
4936,999.6,309.1
4937,1001.4,313.4
4938,998.7,330.8
4939,1000.7,333.6
4940,999.8,368.3
4941,1017.7,346.1
4942,975.2,295.5
4943,1001.6,295.5
4944,1008.5,268.7
4945,1024.3,303.5
4946,977.6,379.8
4947,995.2,362.6
4948,1006.1,381.4
4949,994.5,393.5
4950,1006.3,336.1
4951,989.7,339.2
4952,998.4,305.7
4953,998.6,281.0
4954,1000.9,297.2
4955,999.3,289.7
4956,999.4,276.8
4957,999.2,298.1
4958,999.9,286.5
4959,1001.3,297.7
4960,999.3,289.1
4961,999.8,296.9
4962,1000.0,305.5
4963,1000.4,308.4
4964,1001.7,280.6
4965,1006.9,342.2
4966,999.3,359.0
4967,994.4,387.5
4968,1000.9,346.7
4969,996.8,379.2
4970,1001.2,327.5
4971,998.6,397.8
4972,1000.0,312.6
4973,1000.8,367.7
4974,1000.4,294.6
4975,998.7,285.2
4976,1000.0,272.4
4977,1000.9,312.6
4978,998.3,282.3
4979,999.9,366.9
4980,1000.0,292.5
4981,1009.7,278.9
4982,999.0,344.9
4983,1001.2,400.1
4984,994.7,316.6
4985,997.3,256.7
4986,999.1,266.5
4987,999.1,288.7
4988,1000.5,273.5
4989,1000.4,295.5
4990,999.8,330.2
4991,1010.2,287.0
4992,999.3,370.4
4993,999.9,341.9
4994,998.0,315.4
4995,1001.3,300.5
4996,998.3,315.1
4997,1000.1,406.9
4998,1003.1,325.5
4999,997.9,324.0
5000,999.9,368.8
5001,994.4,291.0
5002,999.1,289.4
5003,1009.2,277.5
5004,998.4,329.2
5005,999.2,307.9
5006,999.1,297.3
5007,998.3,305.6
5008,1001.4,284.7
5009,999.8,294.4
5010,1000.0,259.4
5011,1000.1,248.3
5012,1000.1,260.2
5013,999.9,258.9
5014,1002.7,294.4
5015,997.9,333.2
5016,1000.5,333.4
5017,1001.3,350.8
5018,995.0,330.2
5019,998.6,437.6
5020,1008.5,278.9
5021,998.8,299.7
5022,996.6,309.0
5023,1000.9,376.1
5024,998.2,305.9
5025,1001.1,307.2
5026,998.2,318.9
5027,1000.0,385.7
5028,1002.0,321.5
5029,998.2,323.9
5030,1002.0,371.3
5031,998.6,312.4
5032,1001.3,281.1
5033,1002.3,253.5
5034,997.7,325.0
5035,996.0,291.9
5036,1000.8,287.9
5037,996.1,270.0
5038,999.0,251.2
5039,1000.0,267.5
5040,999.8,328.6
5041,1000.4,319.5
5042,999.4,409.7
5043,1000.4,322.4
5044,998.9,369.2
5045,1001.9,269.8
5046,997.9,278.4
5047,1000.8,384.9
5048,1008.4,237.7
5049,1001.1,300.1
5050,1002.1,269.6
5051,999.8,256.5
5052,998.4,258.0
5053,992.3,244.1
5054,998.5,247.7
5055,1011.0,294.9
5056,998.4,298.6
5057,1000.0,291.8
5058,998.5,260.1
5059,999.6,271.2
5060,1000.2,269.5
5061,1001.3,279.8
5062,998.7,265.9
5063,1000.1,265.5
5064,1001.0,293.4
5065,999.5,339.7
5066,999.5,339.4
5067,1009.1,356.6
5068,986.7,324.2
5069,1009.0,420.4
5070,999.9,334.0
5071,989.7,304.7
5072,998.0,279.5
5073,999.3,293.2
5074,999.2,292.1
5075,1001.7,300.4
5076,999.8,273.9
5077,999.2,271.4
5078,1000.0,412.7
5079,999.9,303.9
5080,999.9,365.6
5081,1001.8,232.9
5082,1010.8,286.7
5083,1001.7,289.6
5084,995.1,300.5
5085,994.5,482.8
5086,998.0,243.3
5087,1008.9,334.8
5088,999.4,335.8
5089,1001.7,322.5
5090,995.7,391.2
5091,1001.1,351.1
5092,1000.7,329.6
5093,997.8,395.5
5094,1002.7,307.3
5095,999.5,340.3
5096,998.9,332.3
5097,1001.1,314.7
5098,1011.3,315.3
5099,997.2,343.8
5100,996.9,338.8
5101,990.0,306.3
5102,1006.4,320.5
5103,992.5,282.6
5104,998.8,295.4
5105,999.0,301.1
5106,1010.3,273.5
5107,1000.1,328.8
5108,997.1,377.0
5109,998.5,315.6
5110,999.7,388.9
5111,999.8,307.5
5112,1000.5,384.1
5113,999.7,290.1
5114,1000.0,360.9
5115,1012.8,428.5
5116,994.4,392.1
5117,1003.0,351.3
5118,990.0,320.6
5119,996.1,387.1
5120,998.9,293.9
5121,999.3,256.7
5122,1008.8,290.1
5123,1000.7,314.1
5124,1000.4,335.0
5125,997.4,298.6
5126,1002.2,292.3
5127,998.2,313.6
5128,1000.0,299.6
5129,999.4,308.3
5130,998.4,307.1
5131,1011.7,293.9
5132,1000.3,354.3
5133,998.9,336.4
5134,992.1,353.8
5135,995.6,312.4
5136,999.5,251.8
5137,995.6,259.6
5138,999.0,221.7
5139,1001.2,463.3
5140,1008.2,366.0
5141,1019.0,464.0
5142,982.3,336.0
5143,998.6,424.3
5144,1000.5,293.4
5145,1005.8,292.1
5146,995.3,316.0
5147,1013.7,318.7
5148,998.8,322.3
5149,998.8,352.4
5150,1001.2,327.0
5151,981.3,308.4
5152,1005.7,314.6
5153,992.7,270.9
5154,998.4,286.5
5155,1009.1,334.4
5156,1000.2,332.9
5157,998.1,324.5
5158,998.3,437.9
5159,1000.1,414.8
5160,999.8,398.3
5161,1003.3,402.5
5162,997.9,311.6
5163,1000.8,447.9
5164,1011.8,421.7
5165,1008.6,336.4
5166,981.8,387.7
5167,998.3,318.3
5168,997.9,506.5
5169,1005.1,276.9
5170,998.6,299.0
5171,999.5,311.4
5172,999.7,512.9
5173,998.3,315.4
5174,998.6,297.8
5175,1000.6,429.9
5176,999.9,296.2
5177,999.4,292.2
5178,1011.5,466.3
5179,988.3,426.9
5180,1000.1,448.3
5181,1010.5,445.7
5182,1003.4,355.0
5183,995.4,332.3
5184,997.2,308.2
5185,993.9,300.6
5186,996.9,259.9
5187,997.3,303.2
5188,999.1,298.8
5189,1000.1,309.8
5190,999.5,529.8
5191,1011.9,345.3
5192,998.1,329.3
5193,1000.2,316.7
5194,996.8,445.9
5195,1000.3,490.6
5196,1000.3,299.3
5197,1014.1,323.3
5198,995.9,344.9
5199,992.0,348.3
5200,1007.9,318.3
5201,985.3,321.5
5202,1001.2,318.1
5203,997.5,271.9
5204,998.8,259.5
5205,999.8,229.4
5206,1000.2,255.1
5207,1000.3,280.3
5208,1008.9,262.0
5209,1001.3,321.1
5210,999.6,320.6
5211,997.7,303.9
5212,1001.3,495.0
5213,999.4,321.7
5214,1005.7,296.0
5215,1002.7,379.8
5216,992.0,367.8
5217,1002.1,359.5
5218,991.8,327.5
5219,1010.2,319.1
5220,987.7,262.9
5221,998.7,249.0
5222,1007.9,283.0
5223,1002.6,304.2
5224,999.6,319.3
5225,999.0,323.0
5226,1000.6,307.6
5227,1000.8,323.1
5228,997.8,300.1
5229,1000.2,294.7
5230,1000.2,315.3
5231,1015.9,365.9
5232,991.3,332.3
5233,996.0,318.0
5234,992.9,317.7
5235,1002.9,324.4
5236,994.2,258.6
5237,1007.4,251.1
5238,999.5,283.7
5239,1000.3,300.2
5240,998.2,363.1
5241,1001.1,362.3
5242,999.1,358.2
5243,999.3,381.4
5244,1000.2,370.9
5245,1000.4,359.0
5246,1004.0,332.2
5247,997.6,353.9
5248,1010.0,368.0
5249,1000.5,347.1
5250,998.0,349.0
5251,989.1,337.3
5252,999.6,317.7
5253,995.9,266.9
5254,998.6,248.0
5255,999.7,234.7
5256,1000.7,288.0
5257,1000.6,287.2
5258,998.7,272.6
5259,999.7,295.5
5260,999.6,286.4
5261,1000.0,264.5
5262,1000.8,273.9
5263,999.1,258.0
5264,1000.1,280.0
5265,1006.6,299.9
5266,1004.5,326.5
5267,1003.2,370.5
5268,994.0,346.9
5269,993.6,282.8
5270,1004.8,254.4
5271,994.4,291.9
5272,999.7,290.0
5273,1000.3,265.9
5274,999.5,286.4
5275,1000.9,268.1
5276,1013.6,268.4
5277,998.0,343.6
5278,998.3,316.7
5279,998.8,327.9
5280,999.7,323.1
5281,1010.1,308.4
5282,995.2,362.8
5283,999.4,341.3
5284,989.9,364.9
5285,1000.5,320.4
5286,997.0,264.6
5287,999.8,245.3
5288,999.3,238.5
5289,999.0,282.5
5290,1000.0,330.6
5291,1000.6,310.8
5292,999.8,295.1
5293,1000.0,285.0
5294,1000.0,280.9
5295,1000.8,292.3
5296,999.4,258.0
5297,1000.6,281.8
5298,1006.4,265.2
5299,1004.0,282.5
5300,1004.1,325.8
5301,993.8,315.3
5302,993.4,303.0
5303,1007.6,244.5
5304,998.9,327.2
5305,1001.1,329.9
5306,998.2,317.1
5307,999.8,359.1
5308,1000.2,346.3
5309,1000.1,315.5
5310,1001.4,306.2
5311,998.8,301.9
5312,1001.3,329.5
5313,999.9,321.9
5314,1017.3,323.6
5315,988.4,380.4
5316,995.1,380.1
5317,1009.3,350.5
5318,994.3,349.7
5319,997.2,264.2
5320,989.2,261.8
5321,999.9,228.7
5322,999.7,283.8
5323,1000.0,271.7
5324,999.2,304.7
5325,1001.3,308.0
5326,1000.2,288.5
5327,998.6,300.5
5328,1000.8,266.4
5329,999.4,281.8
5330,1000.0,271.6
5331,1008.1,260.6
5332,1006.6,285.1
5333,1000.0,324.2
5334,999.3,326.4
5335,1000.8,311.6
5336,998.4,254.7
5337,998.5,300.2
5338,999.6,276.8
5339,999.6,291.9
5340,998.3,366.0
5341,999.5,363.9
5342,1006.2,334.2
5343,996.4,335.0
5344,998.0,285.8
5345,998.1,312.7
5346,1000.4,287.8
5347,1005.0,313.1
5348,1012.6,297.9
5349,984.3,342.7
5350,998.6,338.4
5351,1001.2,291.2
5352,994.6,307.7
5353,999.3,327.0
5354,997.7,266.5
5355,1000.6,249.3
5356,998.8,267.6
5357,1000.1,289.5
5358,1000.0,270.7
5359,999.9,291.8
5360,1000.0,287.4
5361,1000.0,276.7
5362,1000.5,295.3
5363,1000.0,282.6
5364,999.7,257.0
5365,1000.0,282.6
5366,1010.9,285.1
5367,1002.7,368.1
5368,992.3,331.8
5369,998.0,290.1
5370,995.7,253.5
5371,999.4,262.2
5372,999.9,290.2
5373,1000.1,276.5
5374,1000.6,285.5
5375,1001.4,291.0
5376,998.7,255.6
5377,1000.0,292.5
5378,1010.5,249.5
5379,1000.2,304.6
5380,1000.9,327.2
5381,997.8,313.7
5382,1000.0,306.8
5383,1007.3,301.9
5384,990.0,373.9
5385,997.0,307.4
5386,1000.7,258.7
5387,997.2,270.5
5388,999.6,277.5
5389,998.5,261.9
5390,999.8,313.5
5391,1003.1,331.2
5392,996.8,344.3
5393,1000.6,324.9
5394,999.5,320.8
5395,1001.2,328.3
5396,1000.2,307.8
5397,999.0,296.7
5398,1009.0,253.2
5399,1003.5,298.8
5400,1007.0,322.5
5401,985.1,322.0
5402,1013.8,267.3
5403,988.8,344.2
5404,997.7,290.0
5405,996.7,258.7
5406,1000.0,282.1
5407,1001.2,304.5
5408,1000.0,292.8
5409,1000.1,296.9
5410,1005.0,297.3
5411,1002.2,329.9
5412,998.9,316.9
5413,998.2,319.2
5414,999.9,309.1
5415,1002.4,338.3
5416,1000.4,310.0
5417,998.2,342.3
5418,996.5,314.4
5419,1002.3,296.8
5420,997.2,269.4
5421,996.7,228.9
5422,999.4,250.5
5423,1000.2,276.7
5424,999.8,254.0
5425,1000.0,300.7
5426,1000.2,272.9
5427,1000.0,300.8
5428,1000.6,285.2
5429,1000.1,295.7
5430,999.1,293.8
5431,1002.2,278.4
5432,1007.2,255.0
5433,1006.0,313.5
5434,988.5,398.8
5435,1007.6,246.1
5436,1005.2,317.0
5437,987.1,305.2
5438,999.8,250.3
5439,998.5,268.9
5440,1001.7,319.6
5441,997.9,347.3
5442,1000.0,329.5
5443,999.7,293.5
5444,999.9,295.0
5445,1001.1,282.0
5446,1006.9,245.3
5447,1000.7,304.6
5448,1001.9,297.9
5449,999.0,309.3
5450,1000.1,295.2
5451,997.8,338.3
5452,996.9,311.4
5453,998.7,272.1
5454,995.6,254.5
5455,999.2,273.3
5456,999.9,273.0
5457,1001.2,277.8
5458,999.7,277.1
5459,1000.1,267.4
5460,1000.0,298.0
5461,1000.1,382.0
5462,1000.2,296.6
5463,1000.3,288.3
5464,999.6,395.3
5465,1010.4,302.9
5466,1000.8,335.7
5467,992.7,378.0
5468,1013.8,291.3
5469,986.3,261.0
5470,1005.6,250.5
5471,1000.5,304.1
5472,999.6,314.6
5473,1001.7,408.0
5474,998.1,334.6
5475,996.9,305.4
5476,1000.0,337.8
5477,1000.2,332.5
5478,1000.0,311.8
5479,1002.0,291.7
5480,998.1,272.0
5481,1001.3,296.3
5482,1000.2,275.3
5483,1002.9,296.6
5484,998.5,335.7
5485,994.8,296.6
5486,1001.9,254.1
5487,994.4,277.9
5488,999.4,271.2
5489,1001.1,289.0
5490,998.8,325.7
5491,1000.7,311.1
5492,1000.2,374.4
5493,999.9,283.3
5494,1000.0,390.1
5495,999.7,292.8
5496,1000.3,287.3
5497,999.2,392.5
5498,1008.4,272.4
5499,1002.2,312.9
5500,1001.6,308.0
5501,994.6,301.4
5502,995.4,319.5
5503,998.7,267.9
5504,1001.3,264.2
5505,998.0,270.0
5506,999.7,383.5
5507,1001.3,307.0
5508,999.2,288.1
5509,1000.6,281.3
5510,1000.1,302.2
5511,999.8,283.3
5512,1000.1,391.9
5513,1009.5,293.9
5514,1004.0,322.2
5515,997.0,397.2
5516,999.3,341.0
5517,997.5,359.2
5518,994.3,307.7
5519,1010.8,334.7
5520,988.1,282.7
5521,1007.6,303.2
5522,1000.6,302.6
5523,998.5,386.2
5524,1000.7,306.8
5525,998.1,297.0
5526,1000.1,366.3
5527,1001.3,308.6
5528,1001.9,372.0
5529,1000.2,318.6
5530,1000.3,330.4
5531,999.9,308.3
5532,997.9,312.4
5533,1007.9,312.0
5534,993.7,311.5
5535,993.3,302.2
5536,1000.4,356.1
5537,998.0,321.8
5538,998.8,294.3
5539,1000.3,252.4
5540,999.7,335.2
5541,1000.3,333.0
5542,999.1,409.3
5543,999.9,317.7
5544,999.8,439.2
5545,1000.2,344.4
5546,1000.3,290.0
5547,1009.0,375.0
5548,1000.8,307.0
5549,1000.3,300.4
5550,1010.2,304.7
5551,985.2,281.8
5552,1001.7,287.8
5553,1012.4,336.3
5554,991.9,351.1
5555,999.0,319.2
5556,999.4,286.9
5557,1001.5,321.3
5558,998.4,315.6
5559,1000.1,305.4
5560,1000.5,310.7
5561,997.5,308.3
5562,1000.4,321.3
5563,1000.2,309.8
5564,1000.0,325.5
5565,1000.1,358.0
5566,1001.8,363.7
5567,998.0,350.9
5568,1000.0,324.4
5569,999.9,360.8
5570,1001.5,315.0
5571,998.5,299.8
5572,1002.3,328.3
5573,999.6,329.0
5574,999.0,406.1
5575,999.9,321.8
5576,1001.2,405.7
5577,1001.6,346.4
5578,997.8,333.0
5579,999.6,347.4
5580,1000.6,334.2
5581,1001.3,311.6
5582,1000.3,350.0
5583,997.7,357.5
5584,997.0,298.2
5585,1006.1,317.2
5586,998.6,276.2
5587,999.4,310.5
5588,997.6,295.0
5589,1000.4,321.0
5590,1000.0,339.9
5591,1000.3,342.8
5592,1000.7,336.5
5593,1000.6,333.0
5594,1000.9,398.6
5595,998.4,317.7
5596,1000.0,300.1
5597,1001.2,410.3
5598,999.7,311.4
5599,1001.0,343.2
5600,999.6,339.4
5601,1000.5,309.4
5602,1002.4,340.4
5603,998.8,314.6
5604,1000.6,334.1
5605,996.1,318.2
5606,997.9,323.3
5607,1000.5,339.1
5608,998.5,329.9
5609,1000.9,344.6
5610,1000.7,331.8
5611,999.8,347.7
5612,998.9,375.6
5613,1001.3,347.8
5614,1001.3,369.6
5615,999.7,355.6
5616,1000.7,394.3
5617,999.2,364.8
5618,1007.5,324.3
5619,996.8,293.5
5620,1000.3,301.7
5621,997.4,331.2
5622,997.6,344.5
5623,1000.5,357.8
5624,999.6,353.2
5625,999.3,359.9
5626,1002.8,331.4
5627,996.3,435.1
5628,1000.4,356.1
5629,998.9,388.5
5630,1001.6,357.2
5631,1002.0,334.0
5632,999.4,338.8
5633,998.6,337.1
5634,999.7,327.2
5635,1007.5,334.9
5636,998.0,301.2
5637,999.9,308.8
5638,998.2,297.5
5639,998.6,446.3
5640,1001.1,353.8
5641,1000.0,463.7
5642,999.3,329.2
5643,999.3,433.5
5644,1001.2,337.4
5645,998.6,442.4
5646,1000.1,309.7
5647,999.8,447.9
5648,1000.3,315.3
5649,1001.0,326.2
5650,999.9,367.8
5651,1000.5,326.8
5652,1000.8,356.3
5653,999.1,284.9
5654,999.7,295.9
5655,999.3,336.3
5656,1000.3,338.2
5657,999.4,351.3
5658,998.9,341.0
5659,1002.8,348.4
5660,998.4,353.1
5661,1001.6,334.6
5662,997.2,345.8
5663,1000.5,330.9
5664,1002.9,440.5
5665,997.9,347.8
5666,1011.6,389.9
5667,987.3,360.6
5668,1013.6,337.5
5669,988.7,309.4
5670,999.3,307.7
5671,999.6,313.6
5672,998.9,341.9
5673,1000.5,443.9
5674,999.1,329.8
5675,999.4,452.9
5676,1001.0,299.2
5677,1000.4,325.9
5678,1000.5,312.2
5679,998.4,456.7
5680,1001.8,314.9
5681,1001.0,462.4
5682,999.7,326.0
5683,1000.3,312.0
5684,1002.0,309.9
5685,1000.9,305.0
5686,1001.9,267.9
5687,995.8,299.4
5688,999.2,318.4
5689,998.9,321.0
5690,999.7,338.1
5691,998.8,371.4
5692,1000.2,359.8
5693,1001.3,511.2
5694,999.1,375.2
5695,999.6,528.5
5696,1000.3,350.9
5697,1001.0,510.1
5698,999.4,348.2
5699,1001.2,314.4
5700,998.8,317.6
5701,1001.8,302.3
5702,1001.7,310.1
5703,999.9,299.4
5704,1000.0,321.3
5705,997.5,362.3
5706,999.9,545.9
5707,999.8,345.1
5708,1000.7,541.2
5709,999.5,333.5
5710,999.9,527.6
5711,1000.9,308.6
5712,999.4,526.2
5713,998.2,318.3
5714,1000.6,531.1
5715,1000.1,363.8
5716,999.6,363.0
5717,1001.5,352.2
5718,1000.8,333.7
5719,1000.2,326.6
5720,999.5,313.3
5721,1000.3,285.2
5722,1000.2,300.7
5723,999.1,314.5
5724,998.2,548.9
5725,1002.2,335.5
5726,999.3,532.8
5727,1000.4,326.8
5728,999.0,526.7
5729,1000.2,324.1
5730,999.8,553.9
5731,1002.9,321.7
5732,998.2,347.3
5733,999.9,338.1
5734,997.4,317.3
5735,1003.3,346.9
5736,1000.0,307.9
5737,1000.6,331.2
5738,997.4,310.0
5739,999.9,515.2
5740,999.7,535.0
5741,1000.3,534.5
5742,970.9,352.3
5743,1031.4,294.3
5744,998.3,320.2
5745,1002.0,330.6
5746,999.0,305.4
5747,999.1,355.2
5748,999.3,344.7
5749,1000.2,345.2
5750,998.6,348.5
5751,1015.9,312.0
5752,999.3,346.2
5753,1002.0,339.3
5754,987.8,295.6
5755,1004.2,275.9
5756,995.7,334.4
5757,996.1,331.0
5758,999.0,323.1
5759,999.5,338.0
5760,999.5,328.0
5761,1001.3,321.4
5762,999.5,314.4
5763,999.1,321.8
5764,1001.0,325.8
5765,1000.8,364.2
5766,998.3,378.7
5767,1011.7,388.4
5768,997.5,295.8
5769,1010.1,283.1
5770,1006.8,360.9
5771,979.6,325.2
5772,999.1,336.9
5773,998.2,325.8
5774,1000.0,338.1
5775,999.7,334.3
5776,1000.1,315.0
5777,998.4,318.9
5778,999.8,303.1
5779,1000.0,311.5
5780,999.8,304.2
5781,1004.0,339.8
5782,996.9,325.1
5783,1000.2,337.6
5784,999.5,326.5
5785,1002.5,328.0
5786,1000.1,317.5
5787,999.1,344.9
5788,1001.1,331.3
5789,999.5,324.4
5790,1000.5,334.5
5791,999.3,360.8
5792,1000.8,348.1
5793,998.0,354.6
5794,999.0,363.4
5795,1000.5,331.5
5796,999.1,344.1
5797,999.8,361.1
5798,1001.4,349.2
5799,998.3,350.7
5800,999.7,313.8
5801,1002.2,311.9
5802,1000.3,342.4
5803,1001.9,331.2
5804,999.0,318.3
5805,998.6,346.8
5806,1000.5,317.7
5807,1001.4,321.3
5808,1001.6,337.5
5809,996.4,343.9
5810,1001.9,348.4
5811,1000.5,325.3
5812,999.1,332.6
5813,1002.3,327.6
5814,999.5,308.1
5815,997.8,370.6
5816,999.7,364.1
5817,1000.4,373.6
5818,1000.2,365.9
5819,1003.2,348.7
5820,994.7,339.5
5821,999.7,348.1
5822,1000.7,338.2
5823,998.4,352.0
5824,1000.2,340.1
5825,999.2,324.8
5826,1001.9,340.0
5827,998.8,363.1
5828,999.7,347.6
5829,999.7,343.6
5830,1001.5,357.1
5831,1002.8,329.7
5832,997.2,330.3
5833,1002.0,349.5
5834,1001.2,318.7
5835,1000.0,273.3
5836,1000.2,307.2
5837,999.2,311.5
5838,1001.0,350.7
5839,998.9,366.5
5840,1000.4,359.8
5841,999.5,387.2
5842,998.8,382.0
5843,1001.2,382.5
5844,998.3,397.4
5845,1000.2,379.3
5846,999.6,347.3
5847,1000.9,316.7
5848,1000.2,303.6
5849,999.6,330.1
5850,1004.5,331.7
5851,995.8,314.6
5852,1000.6,313.1
5853,1000.3,303.8
5854,1003.3,338.2
5855,997.3,323.4
5856,998.6,303.5
5857,1000.1,332.9
5858,999.9,348.3
5859,1000.5,339.1
5860,999.3,302.3
5861,1001.7,319.6
5862,999.8,316.4
5863,999.8,330.8
5864,998.5,344.1
5865,999.9,372.7
5866,999.2,330.7
5867,999.4,347.6
5868,999.9,308.4
5869,1001.0,337.0
5870,999.7,295.5
5871,1001.2,284.8
5872,999.7,305.3
5873,1000.3,329.8
5874,1000.5,313.3
5875,1001.0,276.6
5876,998.5,325.6
5877,1000.2,318.9
5878,999.5,282.8
5879,999.7,303.7
5880,1000.4,299.3
5881,1000.8,290.5
5882,1001.7,331.8
5883,998.8,321.7
5884,998.8,310.9
5885,998.6,317.4
5886,999.9,327.4
5887,999.7,316.5
5888,1003.0,327.2
5889,997.7,354.9
5890,999.8,377.8
5891,1000.4,387.3
5892,999.3,354.7
5893,999.5,322.4
5894,1001.2,316.6
5895,999.3,345.0
5896,1000.0,361.9
5897,999.9,347.0
5898,1002.1,347.6
5899,998.7,329.9
5900,1000.0,329.6
5901,1001.8,296.2
5902,1003.1,331.7
5903,997.4,306.4
5904,1000.1,304.7
5905,999.6,315.3
5906,1001.6,328.1
5907,996.6,342.3
5908,1000.5,319.9
5909,1000.3,326.6
5910,999.9,322.8
5911,1000.0,338.0
5912,1000.3,334.0
5913,999.9,309.3
5914,1000.4,340.9
5915,999.3,380.1
5916,1000.1,350.7
5917,999.7,387.5
5918,1001.9,357.6
5919,999.6,352.0
5920,1001.1,320.0
5921,999.5,313.2
5922,1002.3,328.7
5923,996.9,340.7
5924,1000.5,358.1
5925,999.0,337.9
5926,997.7,351.0
5927,1000.8,332.1
5928,998.8,350.0
5929,999.3,346.0
5930,1000.8,334.6
5931,1002.1,330.3
5932,997.8,310.3
5933,999.3,351.6
5934,1003.1,337.7
5935,999.8,319.6
5936,1001.0,308.1
5937,1001.1,332.1
5938,998.9,309.1
5939,1001.7,311.8
5940,999.4,385.8
5941,999.3,366.4
5942,999.9,339.9
5943,1002.1,328.3
5944,1000.0,329.6
5945,998.6,318.2
5946,1000.7,334.4
5947,998.4,324.4
5948,1001.4,316.5
5949,1006.4,322.1
5950,999.6,355.1
5951,1011.6,378.2
5952,981.1,375.3
5953,1006.1,380.4
5954,993.4,351.8
5955,997.9,310.3
5956,1001.1,282.1
5957,998.9,309.2
5958,1000.8,334.7
5959,1000.0,327.6
5960,999.4,337.4
5961,1000.3,317.0
5962,1002.4,328.8
5963,997.4,323.3
5964,1001.0,333.9
5965,999.5,362.0
5966,999.1,350.3
5967,1002.8,402.9
5968,1001.2,309.8
5969,999.8,334.5
5970,998.9,330.1
5971,1000.6,332.8
5972,998.7,328.8
5973,1000.6,317.9
5974,999.6,271.2
5975,998.9,318.9
5976,1000.3,333.1
5977,1000.9,330.9
5978,998.9,281.0
5979,1000.7,336.0
5980,1000.3,321.2
5981,1001.0,313.5
5982,1000.9,333.8
5983,1000.4,319.0
5984,997.5,284.6
5985,1000.7,315.5
5986,999.2,298.0
5987,999.9,308.8
5988,999.9,303.1
5989,1000.4,317.2
5990,999.6,357.4
5991,1005.3,393.8
5992,997.3,316.3
5993,995.2,351.8
5994,999.2,366.2
5995,1001.3,337.3
5996,1000.2,332.3
5997,1000.0,348.1
5998,999.4,332.6
5999,999.6,321.5
6000,1002.2,343.4
6001,1000.7,341.9
6002,1022.2,355.2
6003,999.1,344.1
6004,987.3,368.8
6005,993.5,338.0
6006,998.9,314.1
6007,999.7,341.4
6008,978.0,286.5
6009,1021.9,290.0
6010,998.4,333.0
6011,1000.4,389.4
6012,1000.1,381.5
6013,1000.2,367.0
6014,1000.5,311.6
6015,999.0,333.7
6016,998.5,342.2
6017,1003.0,430.0
6018,999.2,278.1
6019,999.8,279.9
6020,1000.8,291.5
6021,999.8,291.0
6022,999.8,358.8
6023,999.6,361.9
6024,1002.4,384.9
6025,998.4,293.9
6026,1000.9,283.9
6027,1000.5,326.1
6028,997.2,298.5
6029,1000.2,285.4
6030,999.7,307.4
6031,1001.0,288.3
6032,1000.5,302.4
6033,1002.9,290.5
6034,998.1,285.9
6035,1505.6,285.6
6036,529.9,525.2
6037,968.0,298.6
6038,994.6,256.1
6039,1000.2,323.4
6040,1000.2,428.0
6041,998.9,367.3
6042,998.5,366.1
6043,1000.3,316.8
6044,1001.3,305.4
6045,998.9,313.9
6046,1000.5,373.6
6047,999.8,307.5
6048,1000.9,343.5
6049,1000.5,321.8
6050,999.6,329.0
6051,1002.2,377.4
6052,1003.3,298.7
6053,1017.7,355.5
6054,989.0,374.6
6055,993.9,337.1
6056,996.4,336.3
6057,1001.2,332.0
6058,996.9,318.4
6059,1000.9,338.1
6060,998.5,326.1
6061,1000.6,329.6
6062,999.0,352.3
6063,999.3,338.9
6064,1000.6,327.6
6065,999.0,389.3
6066,1002.6,305.1
6067,1000.6,384.0
6068,1001.3,318.4
6069,1002.5,331.7
6070,1019.1,353.0
6071,990.7,348.9
6072,987.8,335.2
6073,998.8,311.5
6074,999.2,313.2
6075,1001.6,330.1
6076,998.6,299.1
6077,1000.2,316.6
6078,999.3,282.6
6079,1000.3,328.2
6080,998.2,319.9
6081,1001.5,317.5
6082,1000.3,350.9
6083,998.7,352.2
6084,1001.0,315.3
6085,1009.1,330.6
6086,1010.5,361.5
6087,989.1,374.3
6088,992.7,348.6
6089,997.3,308.8
6090,1002.9,337.2
6091,998.3,351.4
6092,1000.0,347.2
6093,1004.3,328.4
6094,996.9,348.7
6095,999.3,353.5
6096,999.7,336.5
6097,997.8,349.1
6098,1002.0,347.8
6099,999.6,331.9
6100,1001.6,336.8
6101,997.2,329.2
6102,1009.1,340.0
6103,1010.3,339.3
6104,993.4,349.4
6105,989.4,340.1
6106,998.0,329.4
6107,1000.7,361.9
6108,999.3,344.2
6109,1000.8,321.7
6110,999.9,341.4
6111,1000.4,327.6
6112,999.1,419.3
6113,999.5,334.5
6114,1003.7,326.6
6115,998.1,377.7
6116,998.2,374.3
6117,1000.4,385.7
6118,1012.0,359.6
6119,999.8,393.2
6120,1009.3,413.2
6121,981.8,360.6
6122,998.5,364.7
6123,996.6,341.9
6124,1001.5,404.7
6125,998.8,347.4
6126,999.8,334.2
6127,1001.7,328.9
6128,999.0,320.5
6129,1001.2,430.6
6130,998.4,348.8
6131,1004.1,339.9
6132,998.5,359.4
6133,997.8,336.3
6134,1001.4,307.0
6135,1010.9,288.7
6136,1009.1,329.3
6137,1005.3,347.4
6138,978.5,322.6
6139,997.3,433.7
6140,1001.5,402.4
6141,999.1,371.3
6142,999.2,342.5
6143,1001.0,350.4
6144,996.8,332.0
6145,999.1,351.1
6146,1002.3,369.3
6147,999.5,355.9
6148,999.0,343.7
6149,1001.4,331.7
6150,999.1,356.8
6151,1005.2,312.5
6152,1011.7,339.3
6153,1007.1,354.2
6154,983.7,362.9
6155,995.9,418.5
6156,1000.5,297.3
6157,1002.7,311.0
6158,997.2,307.1
6159,999.1,312.3
6160,1002.7,307.9
6161,995.8,300.6
6162,999.3,363.2
6163,999.8,347.5
6164,1000.8,366.6
6165,999.8,398.1
6166,998.0,324.8
6167,999.6,385.2
6168,1002.3,318.2
6169,1008.7,313.5
6170,1008.7,425.4
6171,991.5,330.5
6172,991.1,385.9
6173,1000.4,319.2
6174,1001.6,328.7
6175,998.1,435.8
6176,1001.3,319.4
6177,999.3,342.6
6178,1001.6,290.8
6179,998.8,311.5
6180,1000.2,318.9
6181,1000.1,305.5
6182,999.9,326.4
6183,1000.4,322.0
6184,1000.1,302.9
6185,1006.3,311.0
6186,1016.5,341.6
6187,988.0,358.1
6188,987.3,334.1
6189,999.2,328.0
6190,1000.3,352.4
6191,999.3,352.7
6192,1000.6,489.5
6193,1000.1,323.1
6194,1000.0,493.6
6195,1001.8,362.9
6196,1001.3,314.7
6197,996.8,366.3
6198,999.5,352.0
6199,1001.6,354.0
6200,999.1,354.2
6201,1002.7,317.4
6202,1006.2,459.2
6203,1010.6,323.0
6204,995.2,337.5
6205,989.0,301.2
6206,998.9,314.5
6207,998.9,329.1
6208,1000.0,319.6
6209,998.0,452.1
6210,1000.0,343.9
6211,999.7,457.6
6212,1000.2,486.1
6213,1000.0,274.4
6214,1001.4,477.3
6215,1000.0,367.8
6216,999.6,374.5
6217,999.6,388.9
6218,1003.3,322.9
6219,1006.9,348.6
6220,1006.3,321.7
6221,999.0,350.8
6222,986.3,346.7
6223,999.5,482.4
6224,998.0,354.4
6225,1001.0,456.3
6226,1000.1,336.2
6227,1000.0,330.4
6228,999.5,441.5
6229,1003.8,324.0
6230,997.7,340.6
6231,998.2,345.4
6232,999.4,343.7
6233,1001.5,325.5
6234,998.8,336.7
6235,1005.4,295.0
6236,1010.5,295.4
6237,993.7,336.7
6238,993.9,296.4
6239,996.9,510.8
6240,1001.5,354.1
6241,998.0,540.2
6242,1003.1,335.4
6243,998.8,524.4
6244,999.7,346.1
6245,1000.1,525.2
6246,1000.7,328.2
6247,999.2,513.9
6248,1001.1,291.9
6249,1001.7,322.3
6250,998.8,346.8
6251,1000.1,319.4
6252,1002.9,523.2
6253,1009.1,298.3
6254,994.2,328.4
6255,991.5,305.0
6256,999.4,323.5
6257,999.8,540.1
6258,1002.0,338.0
6259,997.9,527.8
6260,1002.3,296.0
6261,999.4,316.4
6262,998.4,544.1
6263,1002.7,325.5
6264,1000.1,292.7
6265,999.9,394.9
6266,1001.0,346.5
6267,996.6,393.8
6268,1010.6,391.3
6269,999.8,353.4
6270,1010.5,379.8
6271,982.5,344.7
6272,1000.4,338.1
6273,995.8,354.0
6274,999.8,349.8
6275,998.7,337.5
6276,1001.1,353.7
6277,999.8,336.7
6278,999.2,296.8
6279,999.8,331.7
6280,999.9,333.7
6281,1001.9,314.5
6282,1002.3,323.7
6283,998.0,315.5
6284,998.5,310.1
6285,1012.1,320.6
6286,999.0,326.9
6287,1011.8,282.0
6288,981.8,305.7
6289,998.7,300.5
6290,999.6,617.0
6291,999.9,309.4
6292,999.7,318.8
6293,1000.1,294.9
6294,1001.5,317.2
6295,996.9,302.7
6296,1001.9,340.3
6297,1001.7,306.2
6298,996.7,385.0
6299,999.3,366.1
6300,999.5,344.0
6301,1010.5,322.0
6302,1005.2,303.8
6303,1008.4,297.9
6304,983.3,380.3
6305,997.8,357.3
6306,1001.4,330.5
6307,999.1,317.0
6308,998.3,341.2
6309,999.9,332.3
6310,1001.7,335.2
6311,998.6,338.4
6312,999.4,361.6
6313,1000.6,339.7
6314,1001.0,350.3
6315,998.6,363.3
6316,1000.2,399.3
6317,996.8,396.9
6318,1001.5,310.2
6319,1017.7,340.0
6320,1000.9,332.0
6321,983.6,361.9
6322,997.7,347.1
6323,999.5,310.1
6324,999.9,309.3
6325,1010.2,308.0
6326,1001.1,313.0
6327,1000.2,317.9
6328,1000.3,325.2
6329,1001.1,321.5
6330,996.2,334.4
6331,1002.3,321.5
6332,1004.1,326.8
6333,999.9,347.4
6334,1003.0,333.8
6335,996.8,345.8
6336,990.7,369.5
6337,996.5,320.5
6338,1000.1,254.7
6339,998.6,291.7
6340,999.5,355.8
6341,1000.4,347.4
6342,997.8,322.4
6343,999.8,283.5
6344,1000.4,312.9
6345,999.5,303.0
6346,1002.1,287.3
6347,999.7,312.1
6348,999.3,295.6
6349,1003.4,251.6
6350,998.6,290.3
6351,1001.4,260.0
6352,1000.4,287.4
6353,998.8,270.7
6354,1000.0,279.8
6355,1000.3,309.5
6356,999.5,292.8
6357,1000.4,288.8
6358,1001.2,278.0
6359,1011.0,326.1
6360,995.9,310.4
6361,996.1,309.9
6362,1005.1,356.0
6363,996.9,298.1
6364,993.4,270.8
6365,999.4,325.6
6366,1001.2,370.6
6367,997.9,393.1
6368,1001.7,275.0
6369,998.9,302.8
6370,1002.3,282.3
6371,998.1,266.8
6372,1000.9,277.6
6373,999.9,264.1
6374,999.7,249.4
6375,1000.8,332.3
6376,999.2,282.6
6377,1002.0,291.1
6378,1000.0,304.6
6379,998.7,290.4
6380,999.5,290.9
6381,1001.2,276.6
6382,998.3,293.0
6383,999.6,280.3
6384,999.5,288.9
6385,998.3,292.8
6386,999.5,282.6
6387,1001.1,301.6
6388,999.6,284.4
6389,1005.1,286.7
6390,998.1,326.7
6391,1000.6,297.9
6392,997.7,326.1
6393,1001.7,302.5
6394,999.5,267.3
6395,999.5,297.6
6396,1000.4,264.3
6397,1001.9,281.7
6398,999.5,271.1
6399,1000.2,298.3
6400,1000.8,326.2
6401,999.8,307.5
6402,999.6,323.4
6403,997.1,269.1
6404,1001.1,275.6
6405,1000.3,290.6
6406,999.4,275.6
6407,1000.5,298.6
6408,1000.0,272.2
6409,999.3,280.2
6410,1002.5,265.4
6411,998.3,283.6
6412,998.7,279.6
6413,1001.8,279.1
6414,1001.0,293.5
6415,1000.1,339.6
6416,999.2,346.5
6417,1000.4,355.3
6418,999.6,332.8
6419,999.3,329.8
6420,1000.6,319.1
6421,999.3,280.4
6422,1000.0,290.5
6423,999.9,276.5
6424,1000.1,293.3
6425,998.5,297.5
6426,1000.0,271.6
6427,1001.9,292.8
6428,998.7,299.2
6429,999.5,285.7
6430,1000.3,291.7
6431,1001.5,273.1
6432,999.1,279.4
6433,1000.5,277.8
6434,1001.3,280.7
6435,1000.2,275.0
6436,998.7,294.4
6437,1002.4,289.9
6438,997.7,276.1
6439,999.5,286.8
6440,1000.2,325.8
6441,1001.1,311.3
6442,999.2,292.9
6443,1000.3,268.7
6444,999.6,262.5
6445,1000.1,281.6
6446,1001.4,271.3
6447,998.1,290.4
6448,999.4,280.8
6449,999.7,298.6
6450,1000.4,293.5
6451,999.0,297.1
6452,1000.2,295.9
6453,1002.2,266.3
6454,999.2,255.9
6455,1000.1,284.5
6456,998.4,269.1
6457,1001.8,288.8
6458,998.6,316.5
6459,1001.8,265.8
6460,1000.0,277.7
6461,999.6,266.8
6462,999.9,295.2
6463,999.7,283.8
6464,1004.2,289.0
6465,997.5,320.5
6466,999.8,365.7
6467,999.0,396.2
6468,999.7,326.9
6469,999.6,304.4
6470,999.7,312.9
6471,1000.5,287.1
6472,999.0,311.4
6473,1000.3,294.2
6474,999.9,289.1
6475,1000.3,297.2
6476,999.9,264.6
6477,1002.9,281.2
6478,999.0,285.4
6479,999.5,274.2
6480,999.9,285.6
6481,1002.3,277.8
6482,998.8,286.7
6483,999.1,318.5
6484,1002.5,279.2
6485,999.0,295.6
6486,1000.1,282.8
6487,999.5,297.5
6488,999.7,262.9
6489,999.4,265.7
6490,997.5,298.1
6491,1000.4,314.3
6492,999.9,306.9
6493,1000.1,282.7
6494,999.4,269.2
6495,1000.7,300.5
6496,1000.3,279.6
6497,1000.2,309.5
6498,1001.8,290.3
6499,998.6,272.4
6500,1000.3,284.5
6501,1001.3,273.0
6502,999.9,296.3
6503,1000.6,291.7
6504,999.3,297.7
6505,999.3,281.6
6506,999.8,282.5
6507,999.9,301.8
6508,1002.0,300.8
6509,998.8,285.6
6510,999.4,284.1
6511,998.6,255.9
6512,999.7,290.0
6513,999.8,285.2
6514,999.9,276.1
6515,1000.9,338.1
6516,1000.8,342.5
6517,1001.3,398.2
6518,998.0,286.7
6519,1000.2,329.1
6520,1000.3,317.5
6521,1001.7,278.6
6522,999.9,307.4
6523,999.8,278.3
6524,1000.0,277.7
6525,1000.4,297.3
6526,1005.1,267.9
6527,994.7,315.9
6528,1000.6,314.7
6529,1000.0,306.7
6530,998.4,295.6
6531,1002.9,285.8
6532,999.1,291.9
6533,997.6,324.2
6534,999.7,274.2
6535,999.5,285.4
6536,1000.3,283.0
6537,1000.8,290.0
6538,1000.0,287.7
6539,998.3,270.0
6540,1000.3,329.6
6541,1002.4,337.7
6542,1000.0,298.6
6543,998.3,291.2
6544,1001.2,299.0
6545,998.0,316.6
6546,1001.3,281.8
6547,1004.8,298.2
6548,996.7,279.9
6549,1000.1,283.8
6550,999.4,313.4
6551,1000.5,286.3
6552,1000.6,296.8
6553,1000.8,298.9
6554,998.4,305.1
6555,998.6,300.5
6556,1000.0,284.6
6557,999.8,319.5
6558,1000.9,291.9
6559,1000.1,271.7
6560,999.5,300.0
6561,998.9,270.1
6562,1012.7,295.1
6563,1000.9,405.8
6564,1003.4,357.2
6565,985.5,377.2
6566,1002.7,402.0
6567,999.9,376.9
6568,997.7,361.6
6569,1000.2,336.6
6570,1000.2,352.8
6571,998.7,313.7
6572,999.6,303.1
6573,999.7,313.2
6574,1000.4,301.4
6575,998.0,324.0
6576,1001.1,279.9
6577,1000.3,319.1
6578,999.8,303.8
6579,998.9,325.3
6580,1000.5,309.0
6581,999.9,310.9
6582,999.8,326.7
6583,998.2,313.9
6584,1002.8,295.2
6585,1001.8,301.2
6586,1000.1,388.3
6587,999.6,374.4
6588,1000.3,366.5
6589,999.8,386.2
6590,1000.9,355.0
6591,998.2,352.1
6592,1001.1,319.5
6593,999.6,307.1
6594,1001.4,300.2
6595,998.6,307.2
6596,999.9,353.7
6597,1001.6,374.3
6598,997.7,301.2
6599,1000.0,309.4
6600,998.7,322.2
6601,998.2,280.7
6602,1000.0,362.8
6603,1002.4,408.7
6604,997.7,302.2
6605,999.7,394.1
6606,1004.6,312.5
6607,998.9,322.1
6608,998.8,390.1
6609,1003.3,283.2
6610,999.2,315.8
6611,1000.6,295.9
6612,999.7,304.5
6613,1000.7,301.9
6614,999.3,290.0
6615,999.2,336.3
6616,1000.0,307.2
6617,1000.8,298.5
6618,997.6,272.7
6619,1000.7,282.3
6620,998.9,308.8
6621,1000.4,295.6
6622,998.4,293.2
6623,1001.1,297.0
6624,999.8,297.5
6625,999.7,300.3
6626,1001.8,277.1
6627,999.9,282.9
6628,998.8,288.4
6629,1002.5,291.2
6630,999.4,288.7
6631,1000.2,285.1
6632,999.2,293.9
6633,1000.0,294.0
6634,1000.0,280.6
6635,999.6,278.4
6636,999.7,302.5
6637,1001.2,289.0
6638,998.9,292.0
6639,1001.6,380.8
6640,999.1,289.2
6641,998.8,323.3
6642,999.3,292.4
6643,1001.1,278.3
6644,1000.9,319.0
6645,998.6,308.5
6646,1000.5,378.1
6647,1001.2,440.8
6648,1000.8,358.2
6649,997.9,364.0
6650,1001.6,357.3
6651,999.9,331.1
6652,1000.0,305.1
6653,999.9,385.5
6654,1000.1,370.1
6655,999.8,380.6
6656,1000.0,372.7
6657,1000.1,396.3
6658,1000.3,373.2
6659,1000.1,288.8
6660,999.5,293.9
6661,1000.0,285.0
6662,999.3,272.4
6663,998.2,377.9
6664,999.9,375.4
6665,1000.5,337.8
6666,1003.2,351.2
6667,996.3,361.0
6668,1001.5,317.3
6669,999.9,297.3
6670,1000.8,297.0
6671,1000.7,307.3
6672,997.2,364.0
6673,1001.1,359.2
6674,1001.0,382.5
6675,1000.3,320.3
6676,1001.1,280.3
6677,1000.0,315.3
6678,1002.5,365.1
6679,996.7,352.1
6680,999.3,355.0
6681,1001.8,339.5
6682,999.0,364.0
6683,999.5,353.5
6684,999.5,309.9
6685,999.2,359.1
6686,1000.3,338.5
6687,999.4,421.7
6688,1000.9,335.0
6689,999.3,414.7
6690,999.8,391.0
6691,1002.9,356.5
6692,1003.8,348.3
6693,1017.1,356.1
6694,980.0,353.0
6695,998.2,414.6
6696,1000.8,331.1
6697,998.6,410.9
6698,1002.7,341.8
6699,998.6,345.0
6700,999.0,354.5
6701,1008.2,322.4
6702,992.6,346.4
6703,999.0,412.5
6704,1002.3,346.1
6705,998.0,428.9
6706,999.6,326.0
6707,999.2,318.8
6708,1002.4,333.1
6709,1013.2,338.6
6710,992.2,376.3
6711,992.5,347.8
6712,996.1,359.7
6713,1000.4,428.3
6714,1001.5,339.9
6715,999.9,387.3
6716,1001.3,386.1
6717,1002.2,386.9
6718,999.7,370.5
6719,999.7,439.1
6720,1000.5,357.4
6721,1000.0,376.8
6722,999.0,355.7
6723,1000.0,352.5
6724,1000.1,438.7
6725,1021.9,332.2
6726,999.5,347.2
6727,979.7,359.4
6728,996.7,491.4
6729,999.9,352.3
6730,1001.1,445.5
6731,1000.9,355.6
6732,997.4,361.6
6733,1000.6,326.4
6734,1002.4,337.1
6735,998.9,346.0
6736,999.6,462.1
6737,1002.7,338.6
6738,998.6,447.6
6739,1000.8,352.9
6740,1000.7,460.1
6741,1002.6,374.5
6742,1007.5,347.9
6743,1006.3,336.2
6744,982.2,334.2
6745,999.2,326.2
6746,999.8,306.8
6747,1000.1,343.3
6748,1001.7,459.4
6749,1000.0,312.5
6750,1010.9,340.9
6751,987.6,312.1
6752,998.8,480.9
6753,1000.6,310.6
6754,999.0,328.7
6755,1000.9,431.5
6756,999.0,453.5
6757,1000.5,347.0
6758,1001.2,517.4
6759,1018.6,342.8
6760,992.8,373.5
6761,991.5,352.8
6762,998.3,355.3
6763,1000.1,308.0
6764,1002.3,429.0
6765,998.1,316.7
6766,999.8,354.4
6767,1000.8,398.1
6768,999.7,308.8
6769,1002.8,288.5
6770,998.0,316.6
6771,997.0,300.3
6772,1000.1,284.4
6773,999.8,262.2
6774,999.8,418.5
6775,1003.8,455.5
6776,996.7,300.4
6777,999.2,277.1
6778,1001.5,299.4
6779,997.3,297.5
6780,999.3,461.5
6781,1001.3,301.8
6782,1003.4,333.4
6783,996.4,458.2
6784,1000.6,274.2
6785,1002.1,516.2
6786,999.1,269.7
6787,999.6,481.0
6788,1000.0,307.9
6789,1000.3,477.2
6790,998.1,363.2
6791,1000.9,321.8
6792,998.4,316.3
6793,999.0,318.5
6794,1000.8,464.0
6795,999.8,327.0
6796,999.4,297.0
6797,1001.2,462.4
6798,999.2,304.5
6799,1000.7,293.9
6800,999.7,482.8
6801,1002.6,308.8
6802,1001.5,292.4
6803,998.1,274.8
6804,1000.6,490.5
6805,1000.5,282.7
6806,998.6,311.8
6807,1000.4,334.3
6808,998.1,300.9
6809,999.8,299.0
6810,1000.6,317.6
6811,1001.0,298.0
6812,1000.1,334.0
6813,998.9,277.5
6814,998.5,305.0
6815,1000.0,346.1
6816,1000.7,360.7
6817,1000.6,379.9
6818,1001.2,315.5
6819,1000.2,298.3
6820,1000.4,285.7
6821,1001.2,276.0
6822,1000.7,309.4
6823,999.6,289.0
6824,1000.5,310.4
6825,1000.0,313.4
6826,1000.0,303.0
6827,1001.1,324.2
6828,999.0,289.0
6829,1000.5,294.1
6830,999.5,290.5
6831,1001.4,276.2
6832,998.8,330.2
6833,999.3,297.3
6834,999.1,260.6
6835,1000.7,278.6
6836,998.0,307.6
6837,999.9,278.3
6838,1001.4,298.1
6839,1001.5,286.1
6840,995.1,362.4
6841,1001.5,376.5
6842,999.3,332.3
6843,1000.6,296.5
6844,1000.4,286.0
6845,998.6,295.9
6846,1001.5,285.7
6847,1000.1,306.3
6848,1000.6,297.2
6849,999.4,266.5
6850,999.1,304.0
6851,1004.0,267.9
6852,1000.7,303.7
6853,998.5,285.5
6854,999.5,274.4
6855,1000.1,287.2
6856,1000.1,275.3
6857,998.4,298.7
6858,999.6,284.1
6859,1000.1,285.4
6860,1000.3,299.5
6861,1000.4,286.7
6862,1000.6,297.4
6863,999.1,291.5
6864,1001.1,287.3
6865,998.1,329.4
6866,1003.3,333.9
6867,996.6,372.1
6868,1002.0,289.5
6869,1000.4,303.4
6870,999.7,288.4
6871,999.9,305.9
6872,1001.4,297.4
6873,999.7,305.5
6874,999.1,301.0
6875,1001.3,297.2
6876,998.8,337.4
6877,1000.1,322.2
6878,999.1,307.5
6879,999.4,289.4
6880,1000.9,289.1
6881,999.7,319.4
6882,999.4,321.8
6883,999.1,303.6
6884,1000.5,291.8
6885,1001.0,295.5
6886,1001.5,291.8
6887,999.4,299.5
6888,999.8,281.4
6889,998.7,285.7
6890,1001.9,343.9
6891,999.7,315.5
6892,999.3,303.7
6893,999.4,318.0
6894,1000.3,294.4
6895,999.2,310.1
6896,998.8,295.1
6897,1000.0,324.3
6898,1002.1,304.3
6899,998.4,297.7
6900,998.0,300.5
6901,1003.1,265.0
6902,1000.9,295.2
6903,998.5,292.6
6904,1000.1,281.6
6905,1000.3,308.2
6906,1001.7,288.0
6907,998.1,305.9
6908,1002.0,321.4
6909,998.2,315.7
6910,1001.5,299.2
6911,999.6,297.0
6912,1002.7,293.3
6913,998.1,285.2
6914,1001.9,282.0
6915,998.4,357.8
6916,998.2,343.5
6917,1000.2,370.2
6918,1000.7,310.2
6919,999.8,280.5
6920,1000.1,315.6
6921,1000.2,294.4
6922,999.5,308.4
6923,999.1,287.9
6924,999.4,287.0
6925,1000.5,310.7
6926,999.6,283.9
6927,1001.6,300.5
6928,999.5,282.2
6929,999.8,278.7
6930,1001.4,298.7
6931,1001.0,286.0
6932,1000.0,308.2
6933,998.8,296.2
6934,999.0,282.4
6935,999.9,281.6
6936,999.5,275.7
6937,1001.4,281.2
6938,998.7,283.6
6939,1000.8,284.4
6940,999.5,345.0
6941,999.7,333.6
6942,1002.6,314.6
6943,997.3,310.9
6944,998.6,309.8
6945,1000.5,304.6
6946,1000.8,279.1
6947,999.7,293.4
6948,999.9,283.9
6949,1000.2,280.2
6950,1000.6,305.8
6951,1001.5,271.8
6952,1001.6,319.7
6953,997.9,327.4
6954,1000.3,316.9
6955,999.8,301.4
6956,1000.1,290.1
6957,999.7,303.8
6958,1000.0,286.1
6959,999.9,282.9
6960,999.9,298.0
6961,1001.5,286.1
6962,1000.4,304.1
6963,999.2,291.3
6964,1003.2,281.4
6965,995.4,313.0
6966,1000.5,363.9
6967,997.7,376.9
6968,1013.7,334.1
6969,1003.8,341.1
6970,997.8,333.2
6971,989.5,337.3
6972,999.1,317.4
6973,997.6,328.5
6974,998.9,313.9
6975,1000.3,341.5
6976,999.8,321.3
6977,999.0,338.0
6978,1001.4,331.3
6979,998.9,320.4
6980,999.2,311.0
6981,1001.0,306.6
6982,999.5,327.4
6983,1001.4,322.1
6984,1001.3,290.1
6985,999.9,308.5
6986,997.8,284.0
6987,1000.5,335.9
6988,999.1,326.4
6989,998.8,351.0
6990,999.5,342.4
6991,1000.0,367.7
6992,999.9,364.4
6993,1001.5,379.4
6994,999.4,338.5
6995,1001.8,367.9
6996,998.8,353.4
6997,1000.1,370.2
6998,1001.4,343.7
6999,998.3,297.3
7000,1001.7,335.9
7001,1002.6,304.1
7002,999.6,301.8
7003,1000.2,278.1
7004,999.8,283.7
7005,999.4,283.2
7006,1000.9,297.9
7007,998.8,322.7
7008,996.7,311.8
7009,999.7,298.4
7010,999.8,319.5
7011,1000.0,301.5
7012,1001.4,317.9
7013,1000.4,317.2
7014,998.4,316.1
7015,1001.7,353.0
7016,1001.1,320.4
7017,1000.0,370.7
7018,1002.8,287.8
7019,998.4,271.3
7020,999.3,285.5
7021,1000.5,285.5
7022,999.6,296.6
7023,1001.1,299.2
7024,999.0,302.6
7025,1000.8,311.1
7026,999.3,300.2
7027,1000.2,318.3
7028,998.3,321.7
7029,999.6,319.4
7030,998.8,298.6
7031,1001.3,309.5
7032,999.6,325.8
7033,999.3,311.3
7034,1002.3,294.3
7035,999.4,319.1
7036,1000.2,284.8
7037,999.3,307.2
7038,1001.6,277.1
7039,1000.5,282.0
7040,999.1,317.9
7041,1000.1,314.3
7042,1000.4,320.6
7043,1001.2,285.9
7044,998.5,289.0
7045,999.7,294.9
7046,1000.1,304.0
7047,1000.0,323.7
7048,1002.0,303.0
7049,998.8,280.6
7050,999.8,289.4
7051,998.4,271.9
7052,1000.0,294.9
7053,1001.1,286.9
7054,998.1,272.8
7055,1001.5,300.7
7056,998.2,285.9
7057,1000.5,311.3
7058,1001.9,277.5
7059,999.7,302.3
7060,999.7,319.2
7061,999.7,278.4
7062,1001.4,305.5
7063,1000.0,292.3
7064,1001.2,277.4
7065,998.6,318.0
7066,1000.6,312.5
7067,999.5,350.4
7068,999.5,279.7
7069,1000.3,301.4
7070,999.8,287.9
7071,998.9,278.1
7072,1002.5,407.3
7073,995.8,287.9
7074,1001.6,293.4
7075,999.2,294.2
7076,998.9,301.7
7077,1000.8,401.9
7078,1000.2,391.5
7079,1000.3,390.9
7080,1001.8,305.6
7081,999.8,297.2
7082,1001.8,314.8
7083,998.4,305.7
7084,1000.3,272.0
7085,999.8,255.9
7086,999.9,263.5
7087,999.8,305.9
7088,1000.3,291.7
7089,998.9,286.2
7090,1001.5,322.9
7091,998.4,314.0
7092,1000.9,293.9
7093,998.6,300.5
7094,1001.6,357.2
7095,997.4,275.6
7096,999.9,383.8
7097,1003.0,373.7
7098,998.8,297.8
7099,999.4,298.2
7100,1000.5,300.6
7101,999.8,273.9
7102,1001.7,300.3
7103,999.5,286.9
7104,1002.8,292.5
7105,996.7,308.7
7106,999.6,275.3
7107,1000.9,277.4
7108,998.6,296.0
7109,1000.0,382.0
7110,999.6,392.7
7111,1000.3,382.2
7112,999.8,386.8
7113,1002.0,278.3
7114,1003.1,295.7
7115,997.2,343.4
7116,998.0,331.3
7117,1001.1,382.0
7118,999.5,272.2
7119,999.3,296.2
7120,999.7,289.5
7121,1000.5,277.5
7122,999.5,309.0
7123,1000.0,300.8
7124,1003.4,317.4
7125,997.6,327.6
7126,1000.1,376.8
7127,1000.9,368.0
7128,998.1,275.4
7129,1000.2,391.0
7130,1001.1,354.7
7131,999.8,279.1
7132,1000.9,316.8
7133,997.9,314.4
7134,1004.2,275.6
7135,998.7,294.3
7136,998.9,287.2
7137,1000.5,296.8
7138,998.8,315.6
7139,997.7,323.1
7140,1000.0,421.6
7141,1000.4,428.6
7142,1000.6,428.8
7143,999.4,344.1
7144,1002.4,405.4
7145,997.6,318.5
7146,1000.2,407.3
7147,1001.3,406.7
7148,1000.1,304.9
7149,1003.0,268.4
7150,999.1,336.2
7151,1000.5,299.8
7152,1001.0,279.8
7153,997.5,292.0
7154,1001.3,293.2
7155,998.7,320.1
7156,1000.8,384.6
7157,999.7,314.4
7158,997.5,390.5
7159,999.3,381.6
7160,1000.8,367.5
7161,999.0,290.1
7162,999.7,374.3
7163,1001.4,365.7
7164,999.9,279.9
7165,999.2,363.8
7166,1001.1,338.0
7167,1002.7,380.7
7168,1000.0,305.1
7169,998.8,292.5
7170,1006.6,293.0
7171,1007.9,272.5
7172,997.9,377.6
7173,995.1,319.0
7174,994.4,333.6
7175,996.7,343.3
7176,999.4,297.4
7177,1000.5,311.4
7178,1000.7,297.4
7179,999.0,329.8
7180,999.5,307.7
7181,1000.4,330.4
7182,1000.2,336.3
7183,999.6,317.3
7184,1000.1,302.9
7185,1001.9,307.4
7186,999.9,298.0
7187,999.0,263.1
7188,1001.5,256.1
7189,998.1,391.1
7190,1001.1,417.6
7191,1000.7,326.7
7192,1000.0,290.4
7193,1000.3,403.9
7194,1000.4,392.4
7195,998.8,337.5
7196,998.8,291.8
7197,1000.8,384.1
7198,1000.5,359.6
7199,999.7,258.9
7200,999.1,289.3
7201,1003.2,290.8
7202,998.6,317.7
7203,997.9,291.3
7204,999.8,290.3
7205,1002.0,394.0
7206,998.1,307.4
7207,1001.0,400.9
7208,998.7,285.8
7209,1000.4,366.9
7210,1000.2,365.3
7211,1001.3,355.7
7212,999.9,369.0
7213,1001.4,387.8
7214,1000.1,310.3
7215,999.9,314.9
7216,999.0,319.1
7217,1000.2,352.9
7218,1000.7,323.9
7219,999.1,264.6
7220,999.8,256.7
7221,1000.4,252.8
7222,999.8,366.4
7223,999.7,363.0
7224,999.1,380.7
7225,1001.9,273.1
7226,997.9,316.9
7227,1002.2,391.0
7228,997.0,397.5
7229,1000.0,385.7
7230,999.5,339.6
7231,1003.3,272.7
7232,999.2,314.2
7233,997.8,287.2
7234,1001.7,262.1
7235,1003.4,270.8
7236,999.0,291.4
7237,998.3,300.4
7238,1001.0,281.8
7239,998.8,301.6
7240,999.9,399.8
7241,999.8,414.7
7242,1000.9,407.2
7243,1000.0,271.9
7244,999.7,398.9
7245,1001.1,376.5
7246,997.3,266.3
7247,1151.7,282.7
7248,852.6,352.8
7249,1000.1,325.0
7250,998.4,328.1
7251,997.6,310.2
7252,1000.5,327.4
7253,998.9,298.2
7254,1001.6,310.7
7255,1000.9,302.5
7256,998.6,289.0
7257,1000.0,345.9
7258,1000.8,484.1
7259,999.6,342.4
7260,1000.4,457.5
7261,1000.7,334.2
7262,997.0,421.9
7263,1003.2,329.5
7264,998.0,352.2
7265,999.3,370.5
7266,1005.7,378.7
7267,993.0,397.9
7268,1001.9,282.1
7269,1000.5,274.3
7270,998.5,293.3
7271,1000.6,272.0
7272,999.3,441.8
7273,1000.3,307.8
7274,999.5,443.4
7275,1001.8,320.9
7276,1000.0,307.4
7277,998.5,515.0
7278,1001.0,310.7
7279,1000.6,455.4
7280,999.8,312.9
7281,1001.5,302.7
7282,1002.0,339.7
7283,997.3,309.0
7284,1001.0,305.6
7285,999.1,312.6
7286,1000.2,297.6
7287,999.0,307.3
7288,999.6,277.1
7289,999.0,483.5
7290,999.5,373.4
7291,1000.2,513.8
7292,999.6,360.6
7293,1001.2,540.2
7294,999.4,397.8
7295,998.2,538.8
7296,1001.6,355.8
7297,999.0,525.2
7298,1001.1,343.8
7299,1001.0,350.9
7300,999.1,349.2
7301,1003.1,304.0
7302,1000.7,293.6
7303,997.6,283.3
7304,1000.3,281.1
7305,1000.9,527.3
7306,999.9,302.9
7307,1001.9,332.2
7308,997.1,317.5
7309,999.8,522.5
7310,998.6,320.4
7311,999.6,529.2
7312,999.9,311.3
7313,1000.9,526.8
7314,999.9,309.1
7315,1000.3,353.7
7316,1000.6,392.4
7317,1000.3,426.8
7318,999.4,317.2
7319,1002.0,278.1
7320,998.9,304.8
7321,1000.1,265.8
7322,997.9,539.8
7323,1002.5,328.1
7324,999.0,536.9
7325,1000.5,309.7
7326,1001.0,540.3
7327,999.5,310.8
7328,999.1,527.4
7329,1000.2,308.2
7330,1000.9,333.5
7331,1000.4,312.3
7332,998.2,334.1
7333,1000.2,375.6
7334,998.4,355.4
7335,1001.5,366.9
7336,999.8,286.4
7337,999.6,294.6
7338,999.1,284.1
7339,1001.0,249.7
7340,1002.0,348.2
7341,999.0,356.3
7342,999.3,339.4
7343,999.8,318.2
7344,1000.0,313.2
7345,999.1,324.1
7346,1000.2,307.3
7347,1000.3,342.5
7348,1000.5,309.9
7349,1000.4,267.1
7350,999.1,322.2
7351,1002.2,265.3
7352,999.1,266.1
7353,998.1,254.3
7354,1000.2,262.6
7355,1000.1,327.9
7356,1000.4,314.8
7357,998.3,333.4
7358,999.4,319.6
7359,1001.2,310.7
7360,999.1,306.7
7361,1001.4,305.6
7362,999.6,326.7
7363,999.6,280.9
7364,1002.0,313.9
7365,1001.6,299.0
7366,1000.2,362.2
7367,1000.4,430.4
7368,1000.6,327.4
7369,999.3,300.2
7370,999.5,279.6
7371,999.9,269.3
7372,999.3,287.5
7373,1012.4,287.6
7374,993.8,266.8
7375,999.2,336.1
7376,1006.1,341.5
7377,994.2,339.7
7378,994.1,337.0
7379,999.4,324.1
7380,999.9,335.8
7381,1000.0,312.8
7382,999.7,326.0
7383,1000.4,314.5
7384,1002.4,288.7
7385,1000.4,298.0
7386,998.2,267.7
7387,999.9,279.4
7388,1000.0,276.1
7389,1000.9,288.6
7390,999.0,320.6
7391,1000.7,342.8
7392,1000.2,301.8
7393,999.6,306.3
7394,999.4,306.1
7395,999.9,313.2
7396,999.9,297.7
7397,999.3,304.7
7398,1000.2,308.1
7399,999.6,304.3
7400,1000.4,318.8
7401,999.9,286.2
7402,1000.3,300.8
7403,999.6,287.7
7404,1002.0,271.2
7405,999.0,277.6
7406,999.9,277.4
7407,999.5,295.8
7408,1000.9,287.3
7409,999.6,297.4
7410,1001.0,319.9
7411,999.0,309.6
7412,1000.1,302.5
7413,999.5,287.1
7414,1001.9,278.9
7415,998.5,320.8
7416,1001.0,342.9
7417,1000.7,357.4
7418,996.9,286.8
7419,1000.3,270.6
7420,999.9,285.6
7421,1000.3,272.1
7422,999.2,303.5
7423,1000.0,295.0
7424,999.9,289.8
7425,1001.5,306.9
7426,1000.9,288.2
7427,1000.3,307.8
7428,999.5,299.0
7429,1000.7,273.8
7430,998.8,292.8
7431,1000.3,285.5
7432,1000.4,298.0
7433,1000.9,294.3
7434,999.2,268.5
7435,999.6,278.3
7436,1000.1,273.9
7437,1001.0,303.2
7438,998.7,281.5
7439,999.8,280.3
7440,998.1,316.0
7441,1001.1,322.1
7442,1000.1,335.8
7443,1002.4,368.2
7444,997.0,341.8
7445,998.5,332.0
7446,1000.6,324.5
7447,1000.6,306.9
7448,1001.4,320.0
7449,999.7,331.2
7450,1000.1,303.6
7451,1001.8,270.9
7452,1000.0,300.5
7453,999.1,276.4
7454,1000.5,277.3
7455,999.3,291.4
7456,1000.0,288.6
7457,1002.3,309.6
7458,997.6,294.0
7459,1001.3,280.5
7460,999.9,303.4
7461,997.0,282.6
7462,1000.0,293.3
7463,1000.2,290.7
7464,1000.9,284.1
7465,1000.1,343.9
7466,999.5,334.9
7467,1000.4,362.7
7468,1000.7,296.3
7469,1000.6,278.4
7470,999.4,285.7
7471,999.7,270.9
7472,1000.4,311.5
7473,999.9,315.8
7474,999.8,281.7
7475,999.8,268.2
7476,1001.3,285.6
7477,999.9,291.1
7478,999.0,292.6
7479,1000.4,290.9
7480,999.6,293.2
7481,1000.9,291.3
7482,1000.7,290.4
7483,997.9,337.1
7484,1000.6,314.0
7485,999.5,304.5
7486,999.4,292.7
7487,1000.5,289.8
7488,1000.2,301.3
7489,999.1,285.9
7490,1000.4,300.9
7491,999.7,317.1
7492,1002.5,302.9
7493,998.8,326.5
7494,999.8,309.0
7495,1000.1,328.3
7496,998.5,302.9
7497,1000.1,316.3
7498,1002.0,291.0
7499,999.3,308.6
7500,999.6,316.0
7501,1001.8,296.4
7502,1001.5,315.0
7503,998.0,291.3
7504,999.7,275.8
7505,999.1,311.4
7506,1000.9,304.4
7507,999.5,312.3
7508,999.1,298.6
7509,999.8,295.3
7510,1001.7,295.7
7511,998.5,292.1
7512,1001.9,287.7
7513,999.4,290.0
7514,1001.2,291.6
7515,998.5,346.3
7516,1001.8,341.2
7517,999.7,395.8
7518,1000.0,358.5
7519,998.9,309.6
7520,999.7,261.4
7521,1000.6,282.1
7522,999.3,302.0
7523,1000.2,299.6
7524,999.8,279.4
7525,1000.0,302.9
7526,998.4,289.8
7527,1000.3,309.1
7528,1001.0,301.0
7529,999.0,304.3
7530,999.5,312.1
7531,1002.0,289.0
7532,1000.0,258.7
7533,999.9,316.7
7534,1006.3,310.8
7535,997.7,341.1
7536,1018.9,368.3
7537,986.2,365.8
7538,992.7,344.3
7539,999.3,327.4
7540,999.1,368.9
7541,999.6,350.2
7542,1001.7,323.9
7543,999.6,325.3
7544,998.8,358.2
7545,1000.3,335.7
7546,999.4,324.4
7547,1000.4,333.5
7548,999.6,275.0
7549,1000.3,333.6
7550,999.1,348.9
7551,1005.4,327.2
7552,1010.2,358.6
7553,1002.5,372.8
7554,984.8,373.8
7555,999.1,323.1
7556,999.5,321.0
7557,999.9,334.6
7558,1002.2,322.8
7559,997.4,324.2
7560,1001.7,336.5
7561,998.5,319.0
7562,1000.5,339.7
7563,999.2,352.9
7564,1004.0,341.4
7565,997.5,333.7
7566,1000.1,310.8
7567,1001.8,394.1
7568,999.4,300.0
7569,996.6,289.9
7570,999.8,290.4
7571,999.7,289.8
7572,1001.7,333.7
7573,998.7,322.3
7574,999.7,316.4
7575,998.3,302.1
7576,1012.3,271.1
7577,1003.7,339.3
7578,988.2,301.1
7579,1009.4,320.1
7580,994.3,307.2
7581,995.5,289.7
7582,998.5,302.8
7583,1000.0,269.9
7584,1002.4,286.1
7585,1000.6,309.1
7586,999.1,292.8
7587,1000.0,257.8
7588,1000.6,276.5
7589,998.7,293.8
7590,999.3,311.9
7591,998.6,315.9
7592,1000.5,335.0
7593,1002.4,334.7
7594,998.7,347.8
7595,998.3,368.2
7596,998.7,399.3
7597,1001.4,338.1
7598,1000.6,299.9
7599,999.9,286.0
7600,999.1,302.8
7601,1003.4,279.9
7602,1000.0,328.8
7603,998.9,296.3
7604,1000.2,278.9
7605,1000.7,325.7
7606,997.8,297.0
7607,1001.6,386.4
7608,1000.2,309.0
7609,999.2,295.4
7610,998.6,279.1
7611,1000.1,361.9
7612,1000.4,367.9
7613,998.4,368.5
7614,1001.9,395.5
7615,999.5,310.3
7616,1000.3,300.0
7617,1000.5,406.6
7618,1000.0,306.2
7619,999.4,294.4
7620,1000.2,300.4
7621,1001.3,288.0
7622,998.7,276.0
7623,999.8,351.9
7624,1000.1,385.6
7625,999.8,370.1
7626,1000.0,388.4
7627,1002.8,382.5
7628,997.4,309.4
7629,1001.4,303.8
7630,1000.2,308.3
7631,1000.3,295.9
7632,999.9,317.5
7633,999.8,301.0
7634,999.0,277.5
7635,1000.2,354.3
7636,999.4,292.4
7637,1000.1,269.9
7638,999.5,297.8
7639,1000.7,324.5
7640,1000.5,330.1
7641,999.5,324.4
7642,1001.2,290.8
7643,1000.0,286.9
7644,998.6,266.7
7645,1000.0,271.2
7646,999.8,369.7
7647,1000.0,371.0
7648,1002.5,385.2
7649,1016.4,295.4
7650,985.2,345.7
7651,1006.4,345.4
7652,1005.1,355.6
7653,1008.2,325.7
7654,981.3,355.6
7655,996.9,341.2
7656,999.2,294.5
7657,999.0,318.6
7658,999.2,312.3
7659,1001.0,339.1
7660,999.9,303.3
7661,1000.1,307.5
7662,1000.1,311.6
7663,999.0,339.7
7664,1000.7,300.5
7665,1002.2,366.5
7666,1000.2,380.1
7667,1001.6,434.3
7668,1002.8,322.2
7669,1010.1,340.1
7670,1003.9,333.1
7671,981.5,331.0
7672,999.4,348.6
7673,999.1,340.5
7674,1000.7,328.6
7675,998.9,314.3
7676,1000.2,309.8
7677,1000.3,317.5
7678,998.1,299.1
7679,1001.7,270.9
7680,998.6,307.9
7681,1001.0,295.3
7682,999.7,321.9
7683,999.6,313.0
7684,1006.1,355.7
7685,999.7,345.3
7686,1017.8,333.3
7687,987.6,372.7
7688,991.5,317.4
7689,1001.8,334.7
7690,996.6,364.7
7691,1000.1,367.5
7692,1001.1,329.2
7693,998.7,324.6
7694,1001.6,336.9
7695,999.6,336.4
7696,997.3,355.9
7697,1001.1,339.4
7698,1001.1,330.0
7699,997.0,301.1
7700,999.8,316.5
7701,1006.8,297.4
7702,1010.2,372.6
7703,1006.4,344.4
7704,982.8,333.3
7705,996.5,341.6
7706,1000.2,297.1
7707,999.3,418.8
7708,999.2,302.7
7709,1002.4,302.9
7710,998.3,305.3
7711,999.9,312.3
7712,1000.4,424.3
7713,1001.0,304.1
7714,999.8,353.2
7715,999.2,375.5
7716,1000.8,361.5
7717,1000.6,439.7
7718,1006.3,327.2
7719,1004.7,332.1
7720,1006.1,345.5
7721,981.7,338.0
7722,998.3,446.8
7723,999.9,314.9
7724,1000.3,396.0
7725,999.7,312.1
7726,1000.2,399.1
7727,1000.8,316.3
7728,999.8,307.6
7729,1002.8,302.8
7730,998.2,315.3
7731,1000.4,312.0
7732,1000.2,308.1
7733,1000.5,341.3
7734,1003.3,345.6
7735,1001.1,425.4
7736,1020.1,346.9
7737,983.5,368.4
7738,993.3,315.0
7739,998.1,304.9
7740,999.7,379.8
7741,1000.1,355.2
7742,998.4,315.2
7743,999.5,293.6
7744,1000.3,406.7
7745,1001.4,334.1
7746,998.3,292.4
7747,1001.3,338.5
7748,999.7,368.1
7749,1002.5,306.6
7750,1007.8,331.2
7751,991.4,334.0
7752,1015.2,332.6
7753,1010.9,346.9
7754,978.6,366.6
7755,995.0,349.4
7756,999.9,346.9
7757,1000.9,331.6
7758,998.8,393.2
7759,1000.3,325.5
7760,1001.0,405.9
7761,998.6,306.4
7762,1000.1,410.2
7763,1000.0,316.3
7764,999.1,401.8
7765,1000.2,374.0
7766,999.7,358.1
7767,1004.5,442.4
7768,1001.5,297.4
7769,1009.0,353.8
7770,1009.1,348.1
7771,977.2,350.6
7772,998.4,339.1
7773,1003.9,336.8
7774,997.4,391.6
7775,998.2,340.5
7776,1001.4,328.1
7777,998.6,319.0
7778,1000.2,346.4
7779,1001.5,306.1
7780,1000.7,323.7
7781,1005.3,293.7
7782,995.5,326.7
7783,1004.2,308.9
7784,998.3,297.5
7785,997.7,281.6
7786,1001.0,280.8
7787,998.6,285.2
7788,998.2,322.2
7789,999.9,326.0
7790,1000.8,377.1
7791,997.0,377.1
7792,1000.6,360.9
7793,999.6,347.8
7794,1000.2,410.6
7795,1001.9,321.2
7796,1000.4,389.3
7797,999.5,429.4
7798,1000.9,313.5
7799,998.4,326.5
7800,1000.6,324.4
7801,1001.6,259.0
7802,1000.0,292.8
7803,999.9,369.4
7804,1000.1,392.4
7805,1000.3,409.9
7806,1000.0,282.0
7807,998.5,396.3
7808,1001.5,283.9
7809,998.3,415.2
7810,1001.2,288.5
7811,998.5,286.1
7812,1000.1,389.4
7813,999.9,429.3
7814,1001.7,431.5
7815,1002.1,341.1
7816,997.1,357.0
7817,998.2,422.8
7818,1003.7,428.6
7819,998.8,438.1
7820,1001.7,441.2
7821,998.1,278.4
7822,1000.1,410.2
7823,1000.0,406.8
7824,999.9,309.9
7825,999.9,300.3
7826,1000.1,418.8
7827,1000.1,393.0
7828,1000.0,379.9
7829,999.3,383.6
7830,1000.9,284.0
7831,999.9,409.8
7832,997.6,332.4
7833,999.5,323.1
7834,999.0,272.9
7835,1002.2,443.9
7836,1003.2,408.3
7837,997.9,294.4
7838,999.4,325.5
7839,1002.0,310.1
7840,997.9,385.5
7841,1001.5,378.3
7842,997.9,356.5
7843,1000.5,334.3
7844,1000.5,319.1
7845,998.2,326.2
7846,1000.2,316.7
7847,1001.8,328.8
7848,999.2,323.7
7849,1000.3,280.8
7850,997.9,297.1
7851,1003.6,277.8
7852,998.2,292.0
7853,1001.2,295.5
7854,999.1,275.4
7855,1000.1,432.9
7856,999.9,435.9
7857,1002.1,274.9
7858,997.8,293.4
7859,1000.6,287.3
7860,1000.4,307.5
7861,1000.7,320.7
7862,997.1,334.5
7863,1000.5,317.5
7864,1000.6,319.2
7865,999.8,359.7
7866,998.9,375.6
7867,1037.4,427.8
7868,967.6,367.0
7869,998.2,457.4
7870,1000.3,482.3
7871,1000.4,484.0
7872,997.7,292.1
7873,999.6,448.9
7874,1003.7,298.2
7875,997.9,292.1
7876,998.7,284.5
7877,999.7,298.9
7878,999.9,285.5
7879,1002.5,280.5
7880,998.0,291.5
7881,1002.3,283.6
7882,998.5,280.0
7883,999.2,336.4
7884,1000.9,267.6
7885,1001.5,321.1
7886,999.0,286.0
7887,999.7,290.0
7888,1000.3,280.5
7889,999.8,288.6
7890,1001.1,489.5
7891,1000.2,339.4
7892,998.2,346.8
7893,998.8,327.8
7894,997.5,319.2
7895,1000.6,336.3
7896,1000.9,310.1
7897,999.7,337.8
7898,998.9,296.0
7899,1000.9,324.0
7900,1000.2,354.5
7901,1004.0,310.6
7902,999.0,296.1
7903,1000.2,285.8
7904,999.7,285.7
7905,1000.8,296.6
7906,999.3,286.7
7907,1001.6,309.2
7908,999.8,288.1
7909,999.2,296.7
7910,999.8,299.8
7911,1000.1,285.1
7912,999.7,299.3
7913,999.9,289.7
7914,1000.7,284.0
7915,997.9,319.2
7916,998.8,375.5
7917,999.7,431.1
7918,1002.3,336.6
7919,999.2,287.9
7920,1000.0,294.3
7921,1000.7,287.4
7922,1000.8,300.4
7923,1000.8,292.8
7924,997.5,273.4
7925,1001.9,295.4
7926,999.7,282.4
7927,1000.7,302.0
7928,999.1,298.5
7929,1002.5,287.3
7930,997.8,296.9
7931,1000.6,281.0
7932,999.1,270.5
7933,999.1,326.0
7934,1001.5,303.0
7935,999.9,295.0
7936,999.0,283.9
7937,999.5,298.9
7938,1000.1,294.8
7939,999.7,295.6
7940,1001.4,339.7
7941,999.9,329.3
7942,999.5,324.6
7943,999.6,326.2
7944,1000.8,339.4
7945,999.2,294.1
7946,1001.3,291.7
7947,999.9,307.3
7948,1000.5,262.8
7949,999.4,284.3
7950,998.8,331.2
7951,1002.2,288.8
7952,999.3,300.4
7953,999.7,290.9
7954,999.8,282.8
7955,1000.4,301.2
7956,999.6,291.9
7957,1000.1,300.4
7958,998.0,297.8
7959,1000.2,284.6
7960,1000.0,301.0
7961,1001.3,292.8
7962,999.5,301.3
7963,999.3,303.3
7964,1000.3,296.0
7965,1000.2,304.6
7966,999.1,352.9
7967,1000.7,426.4
7968,1001.6,328.3
7969,1000.2,294.4
7970,999.9,303.7
7971,1001.2,293.3
7972,999.1,283.9
7973,999.2,300.9
7974,1000.3,292.0
7975,1000.5,300.1
7976,999.6,322.0
7977,999.6,292.4
7978,1000.0,290.7
7979,1000.6,303.7
7980,997.4,300.4
7981,1001.5,297.1
7982,999.2,309.6
7983,999.1,333.6
7984,1001.5,307.3
7985,1000.2,310.2
7986,1002.6,286.6
7987,995.5,317.9
7988,1001.7,324.9
7989,997.2,324.1
7990,1001.1,384.2
7991,999.6,371.6
7992,1001.0,351.2
7993,999.4,287.2
7994,1000.8,322.0
7995,999.2,337.0
7996,1001.0,323.2
7997,1000.6,339.1
7998,1000.0,332.8
7999,998.3,295.1
8000,1001.1,320.2
8001,999.9,331.8
8002,1014.1,311.1
8003,1007.9,332.3
8004,985.4,359.2
8005,993.3,315.5
8006,998.4,350.0
8007,999.6,362.6
8008,1001.2,352.7
8009,997.7,341.0
8010,1001.4,360.0
8011,999.7,343.1
8012,999.7,363.5
8013,1000.2,348.6
8014,1002.2,343.7
8015,998.7,384.0
8016,999.5,379.4
8017,1000.5,451.9
8018,1005.8,384.4
8019,1002.6,368.0
8020,1011.2,386.2
8021,983.2,371.8
8022,998.9,351.8
8023,997.8,350.1
8024,999.9,346.3
8025,1000.2,357.4
8026,1000.5,330.2
8027,999.7,347.4
8028,999.7,330.3
8029,1001.1,324.2
8030,999.1,343.9
8031,1001.1,338.2
8032,999.9,323.5
8033,1000.7,357.5
8034,1003.6,326.1
8035,1004.0,343.6
8036,1011.8,329.8
8037,990.1,353.1
8038,991.4,310.7
8039,999.8,327.0
8040,999.0,386.3
8041,1000.3,366.1
8042,1001.1,362.2
8043,999.6,342.9
8044,997.4,351.5
8045,999.8,357.7
8046,999.8,323.1
8047,1001.7,345.3
8048,999.5,320.8
8049,1000.4,351.4
8050,1002.4,355.3
8051,998.1,316.6
8052,1012.6,408.3
8053,1008.4,347.4
8054,985.5,365.6
8055,995.7,334.2
8056,998.7,325.7
8057,998.7,352.0
8058,1000.3,329.6
8059,1000.7,341.9
8060,999.9,337.2
8061,999.8,334.6
8062,1002.3,333.9
8063,999.2,329.4
8064,999.9,319.5
8065,999.0,367.9
8066,999.0,380.8
8067,1001.3,455.1
8068,1001.6,336.3
8069,1004.0,304.7
8070,1009.0,337.7
8071,993.1,283.8
8072,994.0,310.5
8073,998.0,349.6
8074,997.3,302.1
8075,999.7,326.3
8076,1002.6,303.6
8077,997.8,321.0
8078,1001.7,310.2
8079,1001.0,291.8
8080,999.0,328.1
8081,1000.1,330.3
8082,999.9,319.8
8083,1000.2,297.1
8084,1002.2,291.1
8085,999.9,305.4
8086,998.5,289.6
8087,1003.3,290.5
8088,995.8,310.7
8089,1002.0,334.7
8090,997.6,378.1
8091,999.7,379.7
8092,1000.0,337.1
8093,1000.4,303.0
8094,998.0,325.7
8095,999.7,324.0
8096,1001.7,351.3
8097,1000.9,348.7
8098,999.6,312.4
8099,1000.5,291.0
8100,1000.1,305.9
8101,1001.6,305.5
8102,1000.6,326.0
8103,1000.3,285.5
8104,998.4,317.5
8105,999.7,332.8
8106,998.0,321.8
8107,999.8,334.5
8108,1002.3,322.2
8109,996.8,312.9
8110,1000.1,332.0
8111,1000.5,323.9
8112,999.3,331.2
8113,999.8,332.0
8114,999.6,332.6
8115,1001.5,366.6
8116,999.8,355.0
8117,1002.4,404.0
8118,1001.4,299.8
8119,997.5,307.2
8120,1001.5,313.0
8121,999.5,288.3
8122,1000.7,314.0
8123,999.2,313.4
8124,1000.0,305.8
8125,1000.0,312.3
8126,999.9,297.1
8127,1000.1,312.8
8128,1000.3,309.0
8129,999.6,336.6
8130,1000.5,311.3
8131,999.0,308.0
8132,1000.0,329.2
8133,999.8,328.6
8134,1000.5,298.8
8135,1000.4,308.7
8136,998.6,299.0
8137,1000.2,302.1
8138,1001.6,281.9
8139,998.1,304.8
8140,1000.2,368.0
8141,1001.0,450.5
8142,1001.2,367.9
8143,1000.1,311.3
8144,1000.1,309.6
8145,997.5,315.5
8146,1000.1,392.1
8147,999.8,403.3
8148,1002.5,413.1
8149,1000.6,283.8
8150,999.6,327.1
8151,1000.3,316.9
8152,997.9,322.6
8153,1000.1,305.0
8154,1000.4,319.1
8155,998.4,341.5
8156,998.6,390.8
8157,999.4,407.1
8158,1000.2,395.3
8159,1000.4,397.1
8160,999.5,402.2
8161,1000.4,375.8
8162,1001.2,412.3
8163,1000.9,324.6
8164,1001.0,322.9
8165,999.3,359.6
8166,1000.9,368.0
8167,1001.9,414.5
8168,998.5,376.5
8169,999.5,351.1
8170,1001.1,345.0
8171,1000.0,364.0
8172,1000.0,327.9
8173,1004.4,435.5
8174,995.4,308.0
8175,998.7,343.7
8176,999.7,315.9
8177,999.9,335.6
8178,1001.2,317.8
8179,1000.4,310.6
8180,998.8,328.1
8181,1001.0,316.2
8182,1001.0,314.8
8183,998.0,331.9
8184,1013.0,298.5
8185,1000.8,318.8
8186,1003.2,309.4
8187,984.9,283.3
8188,998.9,354.5
8189,1003.0,310.9
8190,996.0,378.7
8191,999.2,384.6
8192,1000.8,357.4
8193,1000.4,302.6
8194,999.2,326.3
8195,999.7,351.9
8196,998.9,327.0
8197,999.4,330.4
8198,1001.9,332.6
8199,998.2,295.3
8200,1000.5,313.3
8201,1002.5,306.6
8202,998.9,297.0
8203,1002.8,307.8
8204,999.4,331.8
8205,997.5,368.1
8206,1001.7,407.9
8207,998.0,418.8
8208,1000.3,334.6
8209,1000.2,345.5
8210,999.5,342.4
8211,1000.1,397.3
8212,1000.5,410.0
8213,1001.0,330.1
8214,1000.6,328.5
8215,998.6,357.0
8216,1000.7,376.0
8217,1000.1,421.1
8218,999.9,322.5
8219,999.5,315.1
8220,999.9,318.1
8221,999.7,309.7
8222,999.4,413.6
8223,1000.8,332.1
8224,998.3,318.9
8225,1000.8,341.4
8226,1000.6,335.2
8227,999.5,407.7
8228,1000.1,424.1
8229,1000.0,312.1
8230,1001.3,396.3
8231,999.8,323.2
8232,999.6,313.0
8233,999.7,319.8
8234,1002.9,307.7
8235,1000.6,318.5
8236,999.6,315.3
8237,999.2,310.2
8238,1000.0,307.7
8239,998.9,407.1
8240,999.0,362.3
8241,998.5,452.2
8242,999.9,371.4
8243,1001.3,416.7
8244,999.7,330.0
8245,999.4,338.7
8246,999.7,331.0
8247,1001.1,420.5
8248,1000.9,309.9
8249,998.1,359.9
8250,1002.8,329.3
8251,999.0,306.7
8252,1001.8,330.9
8253,1000.3,306.8
8254,999.8,330.5
8255,998.6,340.5
8256,1002.0,323.0
8257,997.1,346.7
8258,999.3,409.1
8259,1000.5,393.9
8260,998.1,412.8
8261,1000.4,332.5
8262,999.5,419.2
8263,1000.1,341.8
8264,1000.8,323.0
8265,1000.3,356.3
8266,1000.2,371.1
8267,999.9,425.6
8268,1002.2,315.6
8269,1000.1,308.2
8270,1000.2,315.1
8271,1000.0,309.3
8272,999.9,346.2
8273,999.9,418.8
8274,998.7,412.0
8275,1001.3,338.6
8276,998.4,321.1
8277,1000.0,408.6
8278,1001.3,398.9
8279,999.2,335.1
8280,1000.1,340.9
8281,1000.6,371.7
8282,998.3,328.2
8283,999.9,318.3
8284,1000.7,305.6
8285,1002.0,327.8
8286,999.5,311.0
8287,999.1,307.4
8288,999.9,312.9
8289,999.4,409.2
8290,998.9,401.2
8291,999.6,439.8
8292,1000.6,389.4
8293,1000.9,312.6
8294,1001.7,407.5
8295,999.9,349.8
8296,998.4,329.3
8297,999.9,428.4
8298,1001.0,342.3
8299,1000.2,300.8
8300,999.7,316.7
8301,1002.9,312.2
8302,999.6,325.8
8303,998.7,328.1
8304,999.3,327.9
8305,998.8,346.8
8306,999.1,344.4
8307,999.2,418.7
8308,1000.3,404.8
8309,1000.2,349.6
8310,999.9,349.0
8311,999.9,402.6
8312,1001.4,413.5
8313,998.8,401.0
8314,1002.4,403.7
8315,1000.1,371.3
8316,999.8,371.1
8317,999.4,422.0
8318,1002.6,371.6
8319,1000.1,375.3
8320,998.6,323.6
8321,999.8,362.6
8322,1001.0,435.3
8323,1000.6,429.0
8324,999.6,429.4
8325,997.6,442.3
8326,1000.1,338.2
8327,999.6,348.3
8328,1000.0,424.5
8329,1000.0,406.8
8330,1000.2,422.5
8331,1001.4,415.1
8332,999.4,332.6
8333,999.6,330.6
8334,1002.2,310.9
8335,1000.3,331.5
8336,999.8,302.8
8337,999.0,326.8
8338,1000.0,311.2
8339,1010.9,318.7
8340,997.7,335.2
8341,999.6,387.7
8342,1000.0,482.7
8343,1000.0,364.9
8344,998.9,441.2
8345,998.4,348.7
8346,1000.3,344.1
8347,998.2,356.5
8348,998.8,376.4
8349,1000.5,358.1
8350,1000.5,384.4
8351,1037.8,334.4
8352,964.1,331.5
8353,993.4,325.7
8354,999.6,328.9
8355,999.6,357.0
8356,1002.0,334.8
8357,998.2,515.2
8358,1000.2,369.9
8359,998.8,432.8
8360,1000.3,464.9
8361,999.5,341.2
8362,1000.1,431.4
8363,1001.0,326.3
8364,1003.0,335.1
8365,998.7,369.5
8366,999.5,365.1
8367,998.5,429.2
8368,1003.9,319.7
8369,996.4,335.6
8370,1000.3,324.6
8371,1000.5,331.8
8372,1000.0,352.7
8373,1000.2,486.7
8374,999.7,313.0
8375,999.5,349.6
8376,1001.3,333.5
8377,1001.2,345.9
8378,998.4,458.8
8379,1000.6,433.5
8380,1001.0,344.1
8381,1001.4,475.9
8382,998.8,322.1
8383,998.5,324.9
8384,999.7,318.4
8385,1001.7,324.1
8386,998.5,308.4
8387,999.7,339.5
8388,1002.9,322.9
8389,998.3,325.6
8390,989.6,360.3
8391,1008.1,362.5
8392,1002.7,352.6
8393,995.6,339.9
8394,1000.7,491.5
8395,1000.1,492.1
8396,999.5,341.0
8397,1000.2,352.0
8398,1001.0,327.1
8399,1000.5,315.4
8400,998.3,327.8
8401,1004.2,348.3
8402,999.8,369.1
8403,999.0,317.3
8404,1000.0,334.2
8405,1000.5,328.6
8406,999.8,338.5
8407,999.3,359.9
8408,998.7,487.9
8409,1000.7,334.5
8410,999.1,507.7
8411,999.7,511.3
8412,998.7,515.3
8413,1000.3,332.0
8414,1000.6,498.5
8415,999.1,358.5
8416,1000.7,348.7
8417,1000.0,414.9
8418,1002.3,359.4
8419,1000.5,319.4
8420,999.9,322.9
8421,998.3,328.5
8422,1000.7,542.0
8423,1000.9,328.1
8424,1000.3,550.2
8425,1001.1,321.2
8426,998.5,328.0
8427,999.9,339.3
8428,999.7,320.1
8429,1001.0,555.0
8430,1000.4,336.3
8431,999.7,315.2
8432,1000.4,330.5
8433,998.3,350.9
8434,999.7,354.8
8435,1002.4,361.6
8436,997.4,326.9
8437,999.9,337.9
8438,999.7,325.1
8439,999.7,322.7
8440,1000.5,357.3
8441,999.5,359.7
8442,1000.3,605.7
8443,1002.9,333.1
8444,998.5,328.7
8445,1001.2,335.5
8446,999.9,328.1
8447,999.1,339.6
8448,1000.6,321.2
8449,999.8,313.7
8450,1000.1,348.3
8451,1000.3,323.2
8452,1000.6,346.8
8453,998.5,331.2
8454,1000.4,320.1
8455,998.2,338.4
8456,999.9,354.1
8457,1000.0,366.8
8458,1000.5,359.5
8459,997.8,336.3
8460,1002.0,347.2
8461,998.1,334.3
8462,1000.2,354.1
8463,1001.0,344.8
8464,1001.0,340.4
8465,999.3,364.5
8466,1001.0,373.3
8467,999.9,427.4
8468,1001.6,347.5
8469,1001.0,375.8
8470,998.4,358.6
8471,1000.2,378.9
8472,999.3,334.8
8473,1000.2,331.0
8474,1000.0,331.8
8475,1000.1,334.6
8476,999.0,325.6
8477,1000.8,353.1
8478,998.5,347.4
8479,1000.4,336.7
8480,1000.9,352.6
8481,1000.0,336.9
8482,999.8,342.0
8483,1000.0,350.7
8484,1000.2,318.6
8485,1000.7,338.1
8486,999.4,321.9
8487,999.8,339.6
8488,1001.3,329.4
8489,999.5,332.6
8490,1000.1,364.8
8491,1001.1,371.1
8492,999.1,356.3
8493,999.6,357.3
8494,1000.4,319.0
8495,1000.0,342.7
8496,1000.9,337.9
8497,998.0,359.3
8498,1002.9,356.7
8499,995.6,348.3
8500,999.1,335.2
8501,1002.5,323.6
8502,1000.0,356.5
8503,999.2,326.4
8504,1000.2,337.1
8505,999.7,346.5
8506,1001.4,324.6
8507,1002.0,333.3
8508,997.8,326.6
8509,1001.6,337.9
8510,999.7,370.1
8511,1003.4,332.4
8512,1012.0,326.6
8513,985.3,299.7
8514,1003.5,363.4
8515,996.7,367.6
8516,998.5,386.9
8517,999.0,490.0
8518,1001.1,325.1
8519,1003.7,330.8
8520,1006.3,346.3
8521,988.5,291.3
8522,1000.6,373.9
8523,998.8,373.3
8524,998.8,353.8
8525,999.3,389.0
8526,1001.3,360.6
8527,999.6,365.0
8528,1000.2,343.7
8529,999.8,348.5
8530,1000.3,353.7
8531,1000.9,360.4
8532,999.6,378.3
8533,1000.6,371.0
8534,1003.1,319.0
8535,1004.6,340.8
8536,1004.9,308.6
8537,990.6,382.0
8538,1000.0,348.3
8539,999.1,351.8
8540,1001.0,366.3
8541,997.4,372.5
8542,1000.3,348.2
8543,1003.7,342.2
8544,1008.1,335.0
8545,988.6,315.9
8546,999.4,372.9
8547,998.9,379.6
8548,998.2,372.2
8549,1000.8,355.9
8550,999.4,371.9
8551,1008.9,318.6
8552,1007.4,327.6
8553,988.3,315.7
8554,999.7,328.9
8555,998.8,315.5
8556,1000.1,315.5
8557,1000.9,365.7
8558,998.5,366.6
8559,1003.7,354.8
8560,1010.1,351.1
8561,985.8,317.0
8562,999.2,365.0
8563,998.0,348.9
8564,1001.7,343.6
8565,998.6,343.8
8566,1000.9,389.4
8567,999.6,493.1
8568,1002.7,377.3
8569,999.0,371.1
8570,999.4,347.3
8571,1001.6,357.3
8572,998.7,345.9
8573,1001.5,367.0
8574,1000.1,343.4
8575,999.7,382.4
8576,1000.3,366.4
8577,997.2,392.7
8578,1000.6,383.5
8579,1001.1,386.9
8580,999.7,346.9
8581,1000.0,358.6
8582,1000.3,361.6
8583,1000.3,380.2
8584,1017.4,336.3
8585,983.4,323.8
8586,998.8,356.1
8587,1000.2,366.9
8588,1000.6,320.6
8589,998.4,323.2
8590,1000.5,402.4
8591,1000.4,396.0
8592,997.7,382.9
8593,1003.6,388.5
8594,999.9,352.8
8595,1016.3,341.1
8596,985.2,329.1
8597,997.7,358.9
8598,1000.1,364.5
8599,999.2,359.2
8600,999.3,361.9
8601,1003.0,336.4
8602,1000.2,337.1
8603,999.8,333.1
8604,1001.0,321.0
8605,1000.0,351.8
8606,997.0,353.0
8607,1004.0,373.8
8608,1010.8,381.1
8609,985.1,350.8
8610,997.7,371.7
8611,999.7,363.6
8612,1000.4,359.3
8613,1001.0,361.1
8614,1000.0,370.7
8615,1001.5,398.8
8616,997.3,376.4
8617,1003.2,494.0
8618,1001.1,389.9
8619,998.6,337.5
8620,1000.9,333.6
8621,999.9,326.0
8622,1000.1,361.0
8623,998.5,359.3
8624,998.9,368.3
8625,1000.4,360.8
8626,1000.0,353.3
8627,999.7,374.0
8628,1000.2,357.0
8629,998.0,361.8
8630,1000.2,380.4
8631,1006.1,374.8
8632,1004.1,353.0
8633,991.3,342.1
8634,1001.7,310.2
8635,1000.3,331.2
8636,998.8,361.1
8637,1000.8,335.0
8638,1002.2,343.8
8639,1003.1,382.3
8640,1008.1,389.1
8641,986.5,359.8
8642,998.8,410.0
8643,999.8,380.5
8644,999.8,366.9
8645,1000.0,382.2
8646,1000.7,371.4
8647,1006.2,384.8
8648,1004.1,377.6
8649,990.2,323.9
8650,997.9,365.8
8651,1002.8,322.2
8652,998.4,322.5
8653,1000.3,294.1
8654,1000.6,346.1
8655,1000.4,353.5
8656,997.8,343.4
8657,999.8,358.8
8658,999.6,361.9
8659,1001.6,358.1
8660,999.5,360.8
8661,999.9,356.6
8662,1000.2,366.3
8663,1002.9,373.5
8664,1008.1,360.9
8665,991.3,382.7
8666,999.2,382.0
8667,1001.4,487.3
8668,1000.7,374.9
8669,998.5,340.1
8670,999.9,347.3
8671,1002.4,368.5
8672,1014.2,375.9
8673,982.6,340.7
8674,999.9,352.6
8675,997.9,400.1
8676,1001.0,379.5
8677,1000.5,381.2
8678,998.5,367.2
8679,1005.8,366.0
8680,1006.4,361.9
8681,989.8,340.8
8682,1001.1,387.3
8683,999.1,379.9
8684,1002.3,350.0
8685,998.7,380.9
8686,999.8,333.4
8687,1004.9,341.7
8688,1012.3,359.7
8689,984.4,304.6
8690,1000.0,417.5
8691,999.0,406.2
8692,996.2,407.3
8693,1001.2,378.8
8694,998.9,376.5
8695,1000.0,385.2
8696,999.7,367.8
8697,999.9,381.1
8698,1000.9,380.5
8699,1000.2,365.3
8700,999.6,376.2
8701,1005.8,336.0
8702,997.4,362.8
8703,1003.5,311.0
8704,1006.1,373.8
8705,992.5,390.7
8706,999.7,400.3
8707,999.0,388.1
8708,999.6,377.3
8709,1001.2,367.5
8710,999.1,368.1
8711,999.4,354.7
8712,1000.2,392.6
8713,1000.5,358.7
8714,998.0,359.9
8715,1000.6,407.3
8716,998.7,404.0
8717,1001.5,488.7
8718,1000.3,362.9
8719,1001.8,384.4
8720,1008.0,392.0
8721,991.0,363.9
8722,1000.7,340.4
8723,996.4,392.1
8724,1000.3,362.2
8725,1000.7,375.5
8726,998.9,369.9
8727,1001.2,384.3
8728,998.8,374.0
8729,1001.5,378.7
8730,998.6,397.5
8731,1001.5,379.8
8732,998.4,381.4
8733,1000.8,359.6
8734,1029.9,339.1
8735,973.0,350.5
8736,997.2,326.0
8737,1008.5,329.2
8738,992.6,331.4
8739,999.4,347.7
8740,999.5,357.3
8741,999.9,363.5
8742,999.9,354.3
8743,1002.7,347.3
8744,999.0,365.7
8745,1001.5,348.6
8746,999.5,330.3
8747,1001.2,320.7
8748,999.9,325.0
8749,1003.8,322.2
8750,995.3,341.4
8751,1001.7,347.5
8752,1004.6,353.0
8753,996.5,381.9
8754,999.6,344.9
8755,998.0,353.5
8756,998.7,358.9
8757,999.3,373.4
8758,998.1,356.5
8759,999.3,350.6
8760,1001.8,328.2
8761,998.8,329.8
8762,999.2,371.4
8763,999.5,363.6
8764,1002.0,359.1
8765,999.5,394.5
8766,999.7,385.0
8767,1004.6,463.5
8768,1000.9,314.1
8769,1001.1,300.6
8770,997.0,312.9
8771,1000.4,320.7
8772,999.7,366.3
8773,998.4,361.2
8774,998.3,358.7
8775,1000.0,365.2
8776,1002.6,319.3
8777,998.2,333.3
8778,1000.4,370.2
8779,999.6,363.6
8780,998.8,365.4
8781,1001.0,351.2
8782,999.9,395.1
8783,998.6,371.0
8784,1002.3,345.7
8785,1002.1,331.5
8786,1000.8,313.4
8787,1000.5,337.3
8788,997.5,334.1
8789,1000.6,362.6
8790,999.5,387.4
8791,997.3,398.2
8792,1000.8,372.2
8793,1000.6,357.1
8794,1012.9,303.3
8795,1002.5,394.0
8796,990.9,362.2
8797,995.5,388.5
8798,1004.3,354.0
8799,996.4,340.3
8800,998.0,386.3
8801,1001.0,333.2
8802,1001.0,387.9
8803,999.5,342.6
8804,1000.2,351.4
8805,999.2,364.8
8806,998.3,379.4
8807,998.2,389.5
8808,1000.7,372.4
8809,1001.3,368.6
8810,999.1,384.3
8811,999.9,371.8
8812,1000.4,383.4
8813,999.5,379.2
8814,1002.0,361.2
8815,998.8,407.1
8816,1000.1,404.9
8817,1001.7,488.9
8818,1002.7,332.2
8819,1002.9,326.9
8820,995.7,356.1
8821,1001.5,334.0
8822,997.0,377.7
8823,998.3,379.8
8824,1000.0,378.2
8825,1000.6,388.4
8826,999.0,369.6
8827,999.9,377.4
8828,1000.2,378.4
8829,1000.3,375.2
8830,1000.4,380.2
8831,1002.1,372.2
8832,998.5,387.2
8833,1000.0,381.0
8834,1001.6,345.4
8835,1002.4,334.6
8836,1001.0,343.9
8837,998.7,358.2
8838,998.3,355.3
8839,999.8,375.9
8840,997.8,394.2
8841,999.8,413.0
8842,998.9,397.2
8843,998.4,384.5
8844,1002.0,381.0
8845,998.2,382.5
8846,1000.0,449.2
8847,1002.3,383.3
8848,1000.2,338.8
8849,999.7,352.0
8850,999.3,386.0
8851,1004.6,340.0
8852,999.2,377.6
8853,1000.9,370.4
8854,998.5,374.0
8855,998.6,382.1
8856,998.6,370.4
8857,1000.1,392.8
8858,1001.1,393.2
8859,1000.5,393.9
8860,999.0,369.0
8861,999.3,366.2
8862,999.7,361.4
8863,1000.8,447.1
8864,1000.7,326.1
8865,998.3,420.6
8866,1000.1,406.1
8867,1000.5,490.1
8868,1002.7,332.8
8869,1005.1,331.5
8870,995.4,358.5
8871,997.4,353.2
8872,1000.1,349.4
8873,998.8,358.7
8874,1000.1,520.3
8875,1001.5,362.2
8876,1000.1,361.4
8877,1000.0,527.4
8878,999.9,359.6
8879,1003.2,494.2
8880,998.4,391.4
8881,999.0,392.6
8882,999.7,390.3
8883,999.5,367.4
8884,999.9,322.1
8885,1003.6,365.7
8886,1001.1,326.7
8887,997.1,366.6
8888,999.2,374.0
8889,998.8,384.5
8890,998.5,417.2
8891,1001.1,428.0
8892,998.0,408.8
8893,1002.1,529.6
8894,998.6,392.4
8895,999.0,407.4
8896,1000.4,537.9
8897,1000.0,377.4
8898,1000.9,530.7
8899,1002.3,370.8
8900,999.0,379.1
8901,1004.1,362.4
8902,1001.2,384.6
8903,997.9,357.4
8904,999.2,378.8
8905,998.0,388.1
8906,999.0,366.7
8907,1000.4,487.3
8908,997.5,377.8
8909,1000.1,522.1
8910,1001.3,380.8
8911,999.6,357.6
8912,999.0,532.4
8913,1001.2,382.6
8914,1000.4,487.7
8915,1000.6,396.3
8916,999.5,403.6
8917,999.6,446.2
8918,1004.5,372.1
8919,1004.1,319.5
8920,1000.0,344.5
8921,996.7,353.7
8922,997.8,405.1
8923,999.1,387.3
8924,998.8,536.2
8925,999.2,373.0
8926,1000.3,542.9
8927,1000.7,373.9
8928,999.3,377.4
8929,1004.9,541.4
8930,994.6,365.0
8931,1001.3,334.9
8932,999.5,352.5
8933,999.0,345.8
8934,1003.9,346.3
8935,1002.4,346.2
8936,998.6,375.5
8937,998.5,377.4
8938,998.8,351.3
8939,1001.9,392.5
8940,996.7,538.7
8941,999.4,533.5
8942,1000.2,396.5
8943,1000.2,381.7
8944,1001.1,375.1
8945,999.5,386.3
8946,999.3,374.6
8947,1001.2,540.6
8948,999.6,379.3
8949,999.9,378.6
8950,1001.8,376.8
8951,1000.1,328.7
8952,1001.0,364.6
8953,998.3,352.3
8954,1001.2,340.6
8955,998.6,342.0
8956,998.4,357.9
8957,1001.1,364.1
8958,999.3,360.4
8959,1000.1,359.8
8960,1000.6,361.0
8961,1001.2,352.3
8962,999.4,367.3
8963,999.9,347.7
8964,1002.1,345.9
8965,998.5,366.1
8966,999.4,378.2
8967,1000.6,449.2
8968,1000.4,383.0
8969,1006.1,326.4
8970,1002.0,354.8
8971,995.2,329.5
8972,996.1,398.4
8973,997.9,377.2
8974,999.2,367.1
8975,999.5,373.3
8976,1000.0,375.9
8977,1001.4,373.3
8978,999.0,382.2
8979,999.7,383.8
8980,1001.7,375.4
8981,999.9,384.1
8982,999.0,383.4
8983,1001.2,369.7
8984,1000.0,345.2
8985,1002.2,373.7
8986,1000.2,353.3
8987,1000.0,368.4
8988,1000.0,358.8
8989,999.9,355.2
8990,1001.9,404.5
8991,1000.1,411.2
8992,998.4,385.0
8993,1000.3,371.3
8994,999.0,349.5
8995,997.8,393.6
8996,1000.2,384.0
8997,1011.0,384.6
8998,1002.1,415.1
8999,1001.1,364.0
9000,987.4,366.1
9001,1014.9,346.2
9002,988.2,364.4
9003,999.6,358.8
9004,997.9,362.5
9005,1002.3,335.0
9006,997.3,358.2
9007,1000.1,371.7
9008,1000.1,359.7
9009,999.6,343.1
9010,1000.3,359.8
9011,1000.0,378.4
9012,1000.6,367.9
9013,1000.7,360.9
9014,998.5,356.8
9015,1001.2,400.9
9016,996.9,382.6
9017,1000.1,451.0
9018,1000.4,364.9
9019,999.6,366.4
9020,1000.1,362.2
9021,999.8,353.4
9022,1000.7,362.4
9023,999.8,351.2
9024,1000.4,347.6
9025,1001.7,368.4
9026,997.9,355.7
9027,1001.8,358.1
9028,999.3,375.3
9029,1000.2,381.1
9030,999.9,382.3
9031,1000.1,382.1
9032,1000.0,371.7
9033,998.2,373.7
9034,1006.8,346.4
9035,997.9,341.9
9036,1000.1,353.6
9037,996.0,372.7
9038,997.7,376.0
9039,999.8,385.3
9040,999.8,408.3
9041,1001.7,399.5
9042,1000.5,415.7
9043,998.2,398.1
9044,1003.4,413.6
9045,997.4,404.5
9046,999.7,391.9
9047,1001.4,410.6
9048,999.8,394.3
9049,1001.3,382.2
9050,999.6,386.7
9051,1003.9,351.4
9052,999.8,365.3
9053,999.6,363.5
9054,998.9,341.8
9055,998.3,356.8
9056,1000.3,349.3
9057,999.8,359.0
9058,999.7,348.4
9059,999.8,352.9
9060,998.8,363.6
9061,1001.0,357.3
9062,1000.0,370.3
9063,998.5,353.0
9064,1001.1,360.4
9065,1000.1,379.2
9066,1000.1,408.7
9067,1003.4,499.4
9068,999.2,334.6
9069,997.2,341.1
9070,1002.6,357.2
9071,999.7,366.6
9072,999.6,363.3
9073,999.6,358.0
9074,1000.1,366.7
9075,999.6,352.9
9076,1001.9,341.6
9077,997.7,355.8
9078,999.7,372.5
9079,1000.5,364.8
9080,998.2,374.2
9081,1000.8,380.1
9082,999.1,380.7
9083,999.1,377.4
9084,1002.5,354.9
9085,1001.1,361.9
9086,999.7,359.8
9087,1000.9,376.3
9088,997.6,338.3
9089,1000.4,367.0
9090,999.0,391.9
9091,1002.5,397.0
9092,998.4,404.6
9093,999.8,383.2
9094,999.3,354.9
9095,999.8,377.3
9096,1000.2,368.6
9097,1000.1,378.5
9098,1001.3,371.6
9099,999.5,369.9
9100,999.3,378.7
9101,1005.8,344.2
9102,996.8,346.9
9103,999.8,355.1
9104,997.5,331.5
9105,1000.2,393.2
9106,999.9,380.0
9107,998.3,389.3
9108,999.7,370.5
9109,1000.0,371.5
9110,1001.3,370.2
9111,1001.8,356.1
9112,998.4,370.5
9113,999.9,362.7
9114,1002.0,358.8
9115,999.6,398.5
9116,999.4,403.8
9117,1001.6,506.5
9118,1002.4,323.6
9119,999.3,348.7
9120,998.5,382.5
9121,999.6,394.5
9122,998.2,383.9
9123,1000.1,367.1
9124,997.9,362.5
9125,1000.7,366.9
9126,999.6,363.5
9127,999.8,380.3
9128,1000.3,374.8
9129,999.6,374.1
9130,1000.3,378.4
9131,1001.5,367.7
9132,999.5,378.4
9133,1001.6,375.7
9134,1008.2,347.4
9135,994.6,351.8
9136,999.5,338.4
9137,999.4,346.1
9138,998.9,363.2
9139,999.7,360.1
9140,999.9,385.9
9141,999.9,391.2
9142,1000.2,382.4
9143,1001.4,353.7
9144,999.2,366.6
9145,999.8,355.3
9146,998.9,350.1
9147,1000.4,354.6
9148,999.8,343.2
9149,1001.0,348.1
9150,999.6,368.6
9151,1000.6,333.7
9152,1000.6,342.4
9153,999.9,365.3
9154,997.9,358.5
9155,1001.2,355.5
9156,999.7,354.4
9157,999.8,371.2
9158,1001.8,343.1
9159,999.0,341.5
9160,999.6,345.3
9161,999.6,344.2
9162,1001.7,354.1
9163,999.3,392.6
9164,999.1,376.0
9165,1000.9,395.0
9166,1000.3,384.5
9167,999.0,502.8
9168,1002.0,349.4
9169,999.4,369.0
9170,998.2,360.7
9171,999.2,351.9
9172,1001.3,357.3
9173,999.5,353.6
9174,999.0,385.8
9175,1000.3,379.0
9176,999.7,370.3
9177,999.8,384.4
9178,999.9,369.2
9179,1000.2,377.5
9180,1001.2,380.5
9181,1000.1,373.4
9182,999.9,371.5
9183,999.8,361.9
9184,1004.3,341.4
9185,999.4,347.9
9186,1000.2,357.6
9187,997.4,378.3
9188,998.0,375.2
9189,998.2,374.4
9190,1000.3,399.9
9191,1001.1,408.9
9192,1000.0,404.9
9193,1000.0,404.9
9194,999.6,381.3
9195,999.1,396.4
9196,1000.3,417.8
9197,1000.4,396.9
9198,1000.4,380.6
9199,1001.5,369.6
9200,1016.5,358.3
9201,1000.1,386.8
9202,978.7,369.4
9203,1012.7,318.2
9204,993.9,355.4
9205,999.9,371.9
9206,999.7,349.7
9207,998.2,361.0
9208,999.7,360.7
9209,999.7,356.6
9210,1000.1,354.6
9211,999.6,351.7
9212,999.2,370.8
9213,999.9,353.7
9214,1003.4,357.9
9215,998.3,355.5
9216,998.7,390.4
9217,1010.7,505.6
9218,1004.6,375.8
9219,1004.5,385.5
9220,986.4,417.0
9221,995.0,396.2
9222,999.5,380.5
9223,1001.7,373.3
9224,999.2,373.8
9225,999.9,374.8
9226,999.3,364.8
9227,999.6,380.9
9228,1000.6,361.7
9229,1002.8,343.8
9230,1001.0,352.9
9231,998.9,358.0
9232,998.0,360.4
9233,999.5,364.7
9234,1009.5,360.2
9235,1000.3,399.0
9236,1008.1,389.8
9237,984.8,407.7
9238,997.2,379.5
9239,999.9,392.7
9240,998.8,394.2
9241,999.4,398.6
9242,1000.0,405.9
9243,1002.3,394.5
9244,999.2,381.7
9245,999.9,382.9
9246,1000.4,372.1
9247,1000.9,388.0
9248,999.9,373.0
9249,1000.1,359.5
9250,999.3,377.0
9251,1007.0,343.1
9252,1013.5,384.9
9253,991.2,391.8
9254,989.1,357.0
9255,998.9,366.9
9256,999.9,354.8
9257,1001.0,368.3
9258,999.7,357.0
9259,999.2,366.9
9260,999.8,358.4
9261,1000.4,352.1
9262,1000.2,342.6
9263,1002.3,351.6
9264,999.5,349.0
9265,999.8,386.4
9266,999.9,384.5
9267,1004.7,460.1
9268,1016.8,358.2
9269,999.1,383.4
9270,980.6,387.9
9271,998.9,360.6
9272,999.5,357.5
9273,1001.3,375.5
9274,1000.2,354.4
9275,996.7,364.8
9276,999.8,354.6
9277,1000.4,357.5
9278,1000.2,350.7
9279,999.7,349.1
9280,1001.7,356.3
9281,998.6,359.5
9282,1000.5,370.4
9283,1000.2,350.3
9284,1013.9,345.2
9285,997.3,367.6
9286,1009.4,390.3
9287,983.3,402.5
9288,997.4,384.5
9289,997.4,375.6
9290,1000.4,406.0
9291,1002.0,429.0
9292,997.9,397.7
9293,1001.3,374.6
9294,1000.2,372.9
9295,998.9,366.8
9296,999.5,364.2
9297,999.9,377.2
9298,999.3,374.4
9299,999.9,374.8
9300,1001.1,385.7
9301,1011.1,362.4
9302,1008.4,405.8
9303,988.2,434.7
9304,995.3,401.5
9305,996.3,378.1
9306,999.3,363.7
9307,1002.3,379.2
9308,999.2,359.1
9309,1000.0,363.2
9310,1002.0,383.9
9311,998.2,378.8
9312,999.9,380.8
9313,1001.3,377.6
9314,1000.4,382.7
9315,998.9,407.1
9316,1000.3,418.3
9317,1001.3,515.6
9318,1020.8,361.9
9319,994.1,385.5
9320,985.5,407.8
9321,997.7,357.1
9322,1000.0,363.8
9323,1001.1,364.2
9324,999.2,357.1
9325,999.6,366.8
9326,1000.6,348.0
9327,1001.3,326.3
9328,998.1,444.4
9329,1002.2,342.2
9330,1000.3,450.5
9331,1001.4,349.8
9332,999.2,383.1
9333,1000.3,378.0
9334,1002.7,356.9
9335,1011.8,388.8
9336,1001.2,405.1
9337,985.8,410.6
9338,995.1,378.7
9339,1019.9,385.3
9340,987.3,391.0
9341,1002.1,440.5
9342,1001.4,423.4
9343,995.5,407.9
9344,1000.3,408.9
9345,1004.2,430.5
9346,994.6,378.0
9347,1005.6,427.3
9348,995.8,405.4
9349,1000.4,415.1
9350,1002.6,398.1
9351,1000.8,367.3
9352,988.2,394.1
9353,996.5,329.5
9354,1008.7,358.5
9355,998.4,359.7
9356,999.9,358.4
9357,998.1,379.2
9358,1001.6,354.1
9359,998.4,356.6
9360,1000.0,364.4
9361,1000.1,349.1
9362,997.9,358.2
9363,1001.6,384.9
9364,995.3,335.3
9365,998.8,376.0
9366,999.8,365.6
9367,999.5,466.0
9368,1000.0,338.9
9369,999.9,339.1
9370,1000.5,343.2
9371,999.2,338.2
9372,999.4,338.8
9373,985.5,437.4
9374,1016.8,353.9
9375,997.8,438.6
9376,1002.1,330.1
9377,998.2,438.2
9378,999.4,340.9
9379,1000.1,327.8
9380,1000.0,344.9
9381,1005.4,338.2
9382,995.2,343.6
9383,1084.1,342.9
9384,926.1,355.8
9385,1005.8,342.3
9386,985.3,314.1
9387,997.3,340.1
9388,1001.0,332.8
9389,999.7,426.7
9390,1001.3,336.3
9391,998.0,368.6
9392,1000.6,368.1
9393,999.8,364.9
9394,1000.8,452.2
9395,1000.7,355.4
9396,998.4,435.3
9397,1010.5,370.5
9398,1000.8,432.0
9399,999.0,349.6
9400,1000.7,354.7
9401,994.3,339.1
9402,998.9,337.5
9403,1049.0,326.3
9404,959.7,346.7
9405,996.7,333.7
9406,1003.1,326.8
9407,994.7,357.4
9408,999.8,361.2
9409,1001.2,357.6
9410,999.6,354.2
9411,999.0,351.3
9412,1000.5,356.5
9413,1001.6,338.6
9414,1001.2,347.1
9415,999.2,379.2
9416,999.5,391.9
9417,1005.8,559.4
9418,998.7,344.3
9419,998.8,357.4
9420,999.9,384.0
9421,996.2,370.2
9422,999.6,379.4
9423,1001.2,526.5
9424,999.3,371.7
9425,1000.9,489.7
9426,997.4,390.0
9427,999.9,536.2
9428,999.8,396.3
9429,1000.1,535.0
9430,1000.1,390.5
9431,1001.1,532.3
9432,999.6,396.9
9433,999.4,400.1
9434,1002.6,352.2
9435,1007.8,337.2
9436,998.5,336.4
9437,995.2,353.5
9438,999.3,354.1
9439,999.9,369.6
9440,1000.1,390.3
9441,1000.7,390.6
9442,999.4,389.8
9443,1000.6,364.9
9444,1000.4,353.5
9445,999.0,371.1
9446,1000.8,354.7
9447,999.7,368.4
9448,998.0,357.0
9449,1000.3,392.4
9450,999.8,394.6
9451,1002.7,362.7
9452,999.0,347.7
9453,1000.1,360.5
9454,999.5,340.4
9455,998.7,366.2
9456,999.8,536.4
9457,1001.2,356.3
9458,998.7,552.5
9459,1001.3,353.4
9460,1000.9,526.3
9461,1000.6,361.0
9462,998.8,379.7
9463,999.7,558.9
9464,1001.0,373.6
9465,999.5,407.1
9466,1001.0,417.7
9467,999.6,521.0
9468,1004.9,354.5
9469,996.9,357.1
9470,997.4,337.5
9471,998.6,385.1
9472,999.5,544.6
9473,999.8,404.7
9474,998.8,390.2
9475,999.9,545.6
9476,999.6,385.7
9477,1000.9,391.5
9478,1000.0,384.3
9479,1001.0,368.9
9480,1001.1,388.7
9481,999.8,383.5
9482,999.8,535.7
9483,999.9,396.9
9484,1001.1,373.5
9485,1004.5,347.1
9486,998.0,352.8
9487,997.9,372.9
9488,998.1,390.7
9489,999.8,397.8
9490,999.8,573.4
9491,1000.8,419.1
9492,998.2,550.3
9493,1000.6,392.2
9494,1000.5,384.9
9495,1000.1,395.6
9496,998.8,395.7
9497,999.7,404.5
9498,1001.4,396.7
9499,1000.3,393.9
9500,999.3,397.8
9501,1004.5,385.2
9502,1000.9,368.7
9503,999.3,357.6
9504,998.0,332.3
9505,1001.5,363.6
9506,999.0,368.4
9507,999.2,385.3
9508,1000.0,626.1
9509,1000.2,383.5
9510,1000.6,399.8
9511,999.8,373.3
9512,999.9,386.5
9513,1000.3,330.7
9514,998.3,364.7
9515,1001.2,388.3
9516,999.2,398.7
9517,999.9,522.6
9518,1005.1,401.8
9519,997.9,343.1
9520,999.2,354.8
9521,996.9,374.6
9522,1000.2,404.0
9523,1000.9,397.2
9524,1000.3,389.3
9525,999.3,403.2
9526,1000.6,350.4
9527,998.5,392.7
9528,1000.1,384.6
9529,999.8,384.9
9530,999.9,399.5
9531,1006.2,404.5
9532,995.9,402.7
9533,997.9,396.8
9534,1000.9,378.6
9535,1002.6,359.7
9536,1000.3,365.7
9537,997.4,384.0
9538,999.1,398.5
9539,998.9,394.7
9540,999.4,366.8
9541,1000.5,429.0
9542,999.6,410.4
9543,1000.5,411.9
9544,1001.8,425.4
9545,1001.9,418.7
9546,998.4,409.2
9547,1000.2,416.3
9548,1003.2,407.6
9549,1000.2,333.8
9550,995.4,395.7
9551,1005.7,366.1
9552,999.3,366.0
9553,999.3,368.1
9554,997.7,354.0
9555,1002.7,378.3
9556,996.8,342.4
9557,999.9,386.4
9558,999.1,375.4
9559,999.5,383.4
9560,1002.1,382.3
9561,998.1,368.7
9562,1000.1,379.3
9563,999.9,365.5
9564,1006.0,377.4
9565,996.1,409.6
9566,999.1,486.4
9567,1002.0,519.7
9568,1001.6,360.3
9569,999.5,387.3
9570,999.2,361.5
9571,998.3,374.8
9572,999.7,372.8
9573,1000.3,367.0
9574,999.4,364.9
9575,999.9,375.4
9576,1001.4,373.3
9577,996.8,381.9
9578,999.9,398.7
9579,1001.8,382.1
9580,998.6,379.9
9581,1006.0,346.8
9582,997.6,343.5
9583,997.2,395.0
9584,1003.0,366.6
9585,1000.2,340.6
9586,1002.7,344.7
9587,994.2,357.0
9588,1001.1,369.5
9589,999.4,375.2
9590,1001.8,404.2
9591,998.4,403.6
9592,999.6,399.6
9593,1000.6,371.8
9594,1001.2,360.1
9595,998.7,373.5
9596,1001.3,362.0
9597,1004.6,376.6
9598,998.7,339.3
9599,994.4,390.5
9600,1003.3,405.5
9601,999.5,340.8
9602,999.0,373.7
9603,1000.4,390.8
9604,996.8,369.5
9605,999.0,408.1
9606,1000.8,374.3
9607,999.1,346.1
9608,1002.0,342.0
9609,1000.0,340.9
9610,999.8,342.8
9611,999.7,399.2
9612,1001.3,400.0
9613,998.9,391.7
9614,1004.4,409.2
9615,996.7,389.0
9616,1000.0,423.3
9617,1000.8,542.0
9618,1002.9,384.0
9619,999.2,398.6
9620,999.9,406.0
9621,996.2,386.4
9622,999.6,403.4
9623,1001.8,412.6
9624,998.4,397.1
9625,999.6,394.2
9626,1000.9,386.7
9627,999.6,397.2
9628,1000.0,379.0
9629,1001.2,359.2
9630,1000.8,378.7
9631,998.1,368.8
9632,1002.8,376.6
9633,1137.4,395.2
9634,857.2,372.1
9635,997.8,349.6
9636,999.6,354.5
9637,1006.8,356.5
9638,1000.2,371.1
9639,999.7,384.3
9640,998.5,406.3
9641,1001.0,381.1
9642,997.4,391.8
9643,999.9,376.6
9644,1000.1,369.0
9645,1001.6,380.5
9646,998.4,375.1
9647,1000.3,382.5
9648,1001.6,375.0
9649,999.4,377.5
9650,1001.3,375.0
9651,994.9,372.0
9652,998.4,345.4
9653,998.0,346.9
9654,999.5,351.4
9655,999.9,364.6
9656,1000.9,359.9
9657,1000.1,370.6
9658,999.2,355.7
9659,999.8,365.5
9660,1001.6,337.8
9661,998.4,357.6
9662,1000.1,366.3
9663,999.8,353.4
9664,999.3,351.9
9665,1001.7,382.0
9666,999.7,380.4
9667,1000.3,461.3
9668,999.5,364.3
9669,999.9,358.5
9670,999.6,381.7
9671,1009.5,340.1
9672,999.9,387.8
9673,1002.2,371.3
9674,996.8,359.0
9675,999.8,372.5
9676,1000.1,368.3
9677,1002.0,371.5
9678,999.9,365.8
9679,998.3,361.5
9680,1000.2,374.1
9681,1002.5,338.9
9682,998.5,387.6
9683,1116.9,377.0
9684,887.7,336.0
9685,998.1,350.9
9686,998.8,357.0
9687,998.8,359.5
9688,998.5,339.0
9689,1001.2,372.1
9690,998.6,357.8
9691,999.6,437.8
9692,1000.4,425.0
9693,1000.0,407.9
9694,1001.3,405.8
9695,999.1,404.3
9696,999.2,395.0
9697,1001.5,427.6
9698,999.9,401.5
9699,1000.0,395.0
9700,1000.0,397.5
9701,1004.1,371.8
9702,999.7,372.5
9703,999.2,374.1
9704,997.9,354.8
9705,999.9,384.5
9706,999.8,376.3
9707,1005.7,386.4
9708,993.3,341.7
9709,999.5,370.1
9710,1001.4,382.9
9711,999.5,377.4
9712,999.5,382.8
9713,999.6,403.2
9714,1001.1,412.6
9715,998.7,437.2
9716,999.8,438.1
9717,1001.9,528.1
9718,1003.4,353.5
9719,997.9,366.0
9720,999.2,376.0
9721,1000.5,375.0
9722,999.9,375.2
9723,999.9,376.4
9724,999.0,377.7
9725,1000.0,387.4
9726,999.7,379.8
9727,1001.0,387.5
9728,999.4,383.6
9729,998.9,384.2
9730,999.4,412.4
9731,1001.1,390.4
9732,999.1,396.8
9733,1000.6,382.7
9734,1001.5,371.4
9735,1000.5,352.2
9736,999.5,355.8
9737,998.0,369.5
9738,1001.5,385.5
9739,999.8,393.1
9740,999.7,418.2
9741,1000.3,415.8
9742,999.9,405.7
9743,1001.0,390.1
9744,1000.6,372.3
9745,999.4,378.7
9746,999.4,367.8
9747,1000.5,406.4
9748,999.7,402.1
9749,1003.7,406.7
9750,997.0,361.2
9751,1000.4,381.9
9752,999.5,376.1
9753,999.8,377.8
9754,997.8,365.6
9755,1000.7,407.7
9756,999.0,380.5
9757,1000.2,381.0
9758,1000.4,381.9
9759,1001.2,373.2
9760,999.7,388.9
9761,999.6,386.3
9762,1000.5,397.8
9763,1000.1,388.1
9764,1000.6,387.5
9765,999.4,421.6
9766,1000.9,418.1
9767,1002.1,492.3
9768,999.1,376.3
9769,998.7,383.3
9770,999.9,375.3
9771,1000.4,419.0
9772,997.2,389.4
9773,1000.2,410.6
9774,999.8,404.8
9775,999.8,402.7
9776,1000.2,387.4
9777,1001.9,393.1
9778,999.7,382.8
9779,998.9,384.2
9780,1000.2,382.6
9781,1001.0,346.1
9782,1001.8,387.3
9783,1001.9,434.1
9784,1001.4,349.9
9785,998.3,359.9
9786,999.4,365.8
9787,997.7,370.6
9788,1001.0,381.6
9789,998.8,376.6
9790,999.8,417.1
9791,1000.0,405.6
9792,999.8,406.4
9793,998.7,392.5
9794,997.0,394.2
9795,1004.0,378.6
9796,999.8,394.3
9797,999.6,395.9
9798,1002.3,394.1
9799,997.7,386.9
9800,1001.4,390.9
9801,993.4,376.8
9802,1000.8,368.5
9803,997.4,368.9
9804,1000.9,369.9
9805,1000.7,373.4
9806,999.9,397.0
9807,999.1,393.7
9808,1001.7,379.2
9809,998.8,380.6
9810,1012.0,438.5
9811,998.0,364.7
9812,1001.3,374.4
9813,995.7,359.1
9814,999.8,402.5
9815,998.4,426.5
9816,999.5,431.5
9817,1001.8,544.4
9818,1001.3,403.7
9819,1000.1,406.8
9820,999.4,405.5
9821,1001.3,403.7
9822,1000.6,401.2
9823,993.5,361.0
9824,996.9,363.1
9825,999.5,365.5
9826,1008.3,365.5
9827,1001.3,385.7
9828,1000.3,380.7
9829,997.9,394.2
9830,999.7,388.1
9831,1000.8,384.2
9832,999.9,397.9
9833,1125.0,384.6
9834,871.0,306.4
9835,998.8,353.7
9836,997.8,373.7
9837,999.2,375.2
9838,1000.2,375.2
9839,1000.6,373.1
9840,1000.0,388.9
9841,998.2,415.7
9842,999.5,379.5
9843,1000.0,380.0
9844,999.8,374.3
9845,1001.1,379.3
9846,999.9,373.0
9847,999.2,369.3
9848,1001.1,366.2
9849,999.8,346.7
9850,1001.1,357.7
9851,1000.2,328.0
9852,999.0,337.7
9853,1009.5,330.2
9854,1013.2,398.0
9855,995.4,367.2
9856,988.1,402.8
9857,996.6,357.4
9858,999.2,336.2
9859,999.8,367.3
9860,1000.0,358.2
9861,1000.5,355.6
9862,1000.6,369.8
9863,999.1,384.5
9864,1000.1,396.4
9865,1000.6,394.4
9866,1000.6,424.3
9867,998.1,529.6
9868,1000.2,351.2
9869,1002.5,397.4
9870,999.8,374.8
9871,1000.2,404.5
9872,998.3,405.3
9873,1000.9,350.7
9874,999.4,360.3
9875,1000.0,382.4
9876,1001.9,414.1
9877,1000.3,416.4
9878,997.7,407.5
9879,1000.6,410.3
9880,1001.8,411.3
9881,998.4,366.9
9882,999.4,409.9
9883,1000.2,428.1
9884,1000.1,385.3
9885,999.8,363.9
9886,1000.4,410.0
9887,999.3,414.2
9888,1000.4,411.1
9889,1001.7,421.6
9890,998.8,408.5
9891,1000.3,410.1
9892,999.5,377.1
9893,1001.1,411.3
9894,998.9,410.1
9895,1000.6,384.1
9896,999.4,402.0
9897,1000.6,409.7
9898,1000.5,411.2
9899,1000.1,412.8
9900,1000.2,415.3
9901,998.3,357.4
9902,1000.4,403.4
9903,999.9,413.3
9904,999.2,399.9
9905,999.9,411.4
9906,999.5,406.0
9907,1000.3,376.8
9908,1000.0,395.4
9909,1000.3,411.3
9910,1005.5,425.2
9911,995.1,401.8
9912,1005.0,420.8
9913,998.2,410.8
9914,1002.0,418.9
9915,995.8,436.7
9916,998.9,443.7
9917,1001.0,538.1
9918,1000.7,396.2
9919,999.9,425.2
9920,999.5,428.4
9921,998.7,455.5
9922,1005.6,426.0
9923,994.1,374.3
9924,1000.4,392.0
9925,999.3,385.1
9926,1000.2,441.0
9927,1001.1,433.6
9928,999.0,414.1
9929,1004.6,417.0
9930,1000.8,419.0
9931,994.7,402.6
9932,1000.1,404.1
9933,1000.1,396.0
9934,1023.4,447.5
9935,984.5,359.2
9936,997.0,383.4
9937,994.3,368.5
9938,999.6,385.5
9939,1001.8,373.2
9940,1009.1,430.3
9941,989.4,399.2
9942,999.5,385.3
9943,1000.0,384.1
9944,999.6,390.3
9945,1000.0,391.5
9946,1006.9,404.7
9947,999.7,403.7
9948,1001.3,403.7
9949,1000.0,399.6
9950,1002.2,404.4
9951,990.6,368.9
9952,997.8,352.7
9953,1000.3,374.2
9954,1009.2,394.8
9955,1001.2,396.4
9956,1001.8,408.3
9957,989.8,374.5
9958,999.8,376.0
9959,999.6,409.0
9960,999.9,401.1
9961,999.6,383.0
9962,1000.4,382.0
9963,999.7,381.6
9964,1001.1,374.7
9965,1008.4,402.2
9966,998.0,411.1
9967,1004.6,530.8
9968,988.4,357.7
9969,999.8,392.4
9970,999.8,394.3
9971,999.4,388.4
9972,1001.3,394.2
9973,1008.7,375.8
9974,990.6,367.4
9975,1000.5,362.2
9976,999.1,383.6
9977,1000.8,384.3
9978,1000.1,384.2
9979,1000.0,384.9
9980,999.6,389.7
9981,1001.6,353.9
9982,999.8,391.8
9983,1012.1,406.1
9984,997.6,399.5
9985,989.8,350.9
9986,999.4,380.1
9987,1008.7,402.5
9988,998.5,393.7
9989,1001.9,389.7
9990,990.7,400.4
9991,999.1,420.6
9992,1000.0,394.6
9993,1000.0,391.7
9994,999.9,387.9
9995,1000.2,398.9
9996,1007.3,399.6
9997,1002.5,404.8
9998,998.7,400.0
