cycle,cycle_dt_us,work_dt_us,q_ideal_deg,q_send_deg,q_meas_deg,error_deg,gap_deg,drift_deg
0,0.0,796.9,90.0800,90.0863,90.0800,0.0000,0.0063,0.0063
1,1059.6,707.0,90.0863,90.0926,90.0800,0.0063,0.0126,0.0063
2,998.5,395.6,90.0926,90.0989,90.0800,0.0126,0.0188,0.0063
3,1002.8,390.5,90.0989,90.1051,90.0800,0.0188,0.0251,0.0063
4,998.9,697.5,90.1051,90.1114,90.0800,0.0251,0.0314,0.0063
5,1005.9,398.5,90.1114,90.1177,90.0800,0.0314,0.0377,0.0063
6,1002.2,465.0,90.1177,90.1240,90.0800,0.0377,0.0440,0.0063
7,1002.6,413.3,90.1240,90.1303,90.0800,0.0440,0.0503,0.0063
8,995.3,373.3,90.1303,90.1366,90.0800,0.0503,0.0565,0.0063
9,1018.6,377.5,90.1366,90.1428,90.0800,0.0565,0.0628,0.0063
10,995.6,400.6,90.1428,90.1491,90.0800,0.0628,0.0691,0.0063
11,1000.6,401.3,90.1491,90.1554,90.0800,0.0691,0.0754,0.0063
12,992.4,363.1,90.1554,90.1617,90.0800,0.0754,0.0817,0.0063
13,993.4,380.3,90.1617,90.1680,90.0800,0.0817,0.0880,0.0063
14,999.5,363.0,90.1680,90.1743,90.0800,0.0880,0.0942,0.0063
15,1000.6,374.7,90.1743,90.1805,90.0800,0.0942,0.1005,0.0063
16,4097.8,509.8,90.1805,90.1868,90.0800,0.1005,0.1068,0.0063
17,518.8,522.9,90.1868,90.1931,90.0800,0.1068,0.1131,0.0063
18,529.3,580.8,90.1931,90.1994,90.0800,0.1131,0.1194,0.0063
19,586.7,332.2,90.1994,90.2057,90.0800,0.1194,0.1257,0.0063
20,336.4,292.6,90.2057,90.2119,90.0800,0.1257,0.1319,0.0063
21,296.1,389.3,90.2119,90.2182,90.0800,0.1319,0.1382,0.0063
22,636.5,383.6,90.2182,90.2245,90.0800,0.1382,0.1445,0.0063
23,1000.7,400.2,90.2245,90.2308,90.0800,0.1445,0.1508,0.0063
24,999.5,387.6,90.2308,90.2371,90.0800,0.1508,0.1571,0.0063
25,999.8,374.7,90.2371,90.2434,90.0800,0.1571,0.1633,0.0063
26,999.9,378.9,90.2434,90.2496,90.0800,0.1633,0.1696,0.0063
27,1000.2,373.4,90.2496,90.2559,90.0800,0.1696,0.1759,0.0063
28,999.9,371.6,90.2559,90.2622,90.0800,0.1759,0.1822,0.0063
29,1000.3,384.2,90.2622,90.2685,90.0800,0.1822,0.1885,0.0063
30,1000.0,337.4,90.2685,90.2747,90.0800,0.1885,0.1947,0.0063
31,1024.0,334.3,90.2747,90.2810,90.0800,0.1947,0.2010,0.0063
32,967.1,368.0,90.2810,90.2873,90.0800,0.2010,0.2073,0.0063
33,999.6,400.8,90.2873,90.2936,90.0800,0.2073,0.2136,0.0063
34,999.6,383.8,90.2936,90.2999,90.0800,0.2136,0.2198,0.0063
35,998.6,366.6,90.2999,90.3061,90.0800,0.2198,0.2261,0.0063
36,1000.0,611.4,90.3061,90.3124,90.0800,0.2261,0.2324,0.0063
37,1001.6,314.5,90.3124,90.3187,90.0800,0.2324,0.2387,0.0063
38,1015.7,341.3,90.3187,90.3250,90.0800,0.2387,0.2449,0.0063
39,986.0,408.9,90.3250,90.3312,90.0800,0.2449,0.2512,0.0063
40,1017.4,330.6,90.3312,90.3375,90.0800,0.2512,0.2575,0.0063
41,998.6,353.9,90.3375,90.3438,90.0800,0.2575,0.2638,0.0063
42,990.1,369.9,90.3438,90.3501,90.0800,0.2638,0.2701,0.0063
43,1000.0,370.9,90.3501,90.3563,90.0800,0.2700,0.2763,0.0063
44,999.2,427.0,90.3563,90.3626,90.0800,0.2763,0.2826,0.0063
45,999.6,715.8,90.3626,90.3689,90.0800,0.2826,0.2889,0.0063
46,999.9,352.7,90.3689,90.3752,90.0800,0.2889,0.2951,0.0063
47,1004.7,378.6,90.3752,90.3814,90.0800,0.2951,0.3014,0.0063
48,997.4,369.2,90.3814,90.3877,90.0800,0.3014,0.3077,0.0063
49,1000.6,370.0,90.3877,90.3940,90.0800,0.3077,0.3140,0.0063
50,999.4,347.2,90.3940,90.4002,90.0800,0.3140,0.3202,0.0063
51,1003.1,685.3,90.4002,90.4065,90.0800,0.3202,0.3265,0.0063
52,997.5,331.1,90.4065,90.4128,90.0800,0.3265,0.3328,0.0063
53,999.6,380.4,90.4128,90.4191,90.0800,0.3328,0.3390,0.0063
54,999.8,361.6,90.4190,90.4253,90.0800,0.3390,0.3453,0.0063
55,1000.3,365.3,90.4253,90.4316,90.0800,0.3453,0.3516,0.0063
56,1000.1,394.9,90.4316,90.4379,90.0800,0.3516,0.3578,0.0063
57,997.5,678.6,90.4379,90.4441,90.0800,0.3578,0.3641,0.0063
58,1000.0,346.1,90.4441,90.4504,90.0800,0.3641,0.3704,0.0063
59,1010.0,341.8,90.4504,90.4567,90.0800,0.3704,0.3766,0.0063
60,993.9,350.1,90.4567,90.4629,90.0800,0.3766,0.3829,0.0063
61,997.9,390.2,90.4629,90.4692,90.0800,0.3829,0.3892,0.0063
62,1012.5,352.0,90.4692,90.4755,90.0800,0.3892,0.3954,0.0063
63,987.6,685.5,90.4754,90.4817,90.0800,0.3954,0.4017,0.0063
64,1001.4,361.6,90.4817,90.4880,90.0800,0.4017,0.4080,0.0063
65,997.8,357.0,90.4880,90.4942,90.0800,0.4080,0.4142,0.0063
66,1001.9,703.8,90.4942,90.5005,90.0800,0.4142,0.4205,0.0063
67,997.2,349.3,90.5005,90.5068,90.0800,0.4205,0.4267,0.0063
68,1004.9,411.5,90.5068,90.5130,90.0800,0.4267,0.4330,0.0063
69,997.8,430.0,90.5130,90.5193,90.0800,0.4330,0.4393,0.0063
70,999.7,447.8,90.5193,90.5255,90.0800,0.4393,0.4455,0.0063
71,999.7,693.5,90.5255,90.5318,90.0800,0.4455,0.4518,0.0063
72,998.1,368.0,90.5318,90.5381,90.0801,0.4517,0.4580,0.0063
73,1002.1,369.1,90.5380,90.5443,90.0801,0.4580,0.4642,0.0063
74,1000.1,397.6,90.5443,90.5506,90.0801,0.4642,0.4705,0.0063
75,1000.3,383.3,90.5506,90.5568,90.0801,0.4705,0.4768,0.0063
76,999.9,386.0,90.5568,90.5631,90.0801,0.4767,0.4830,0.0063
77,999.3,390.3,90.5631,90.5693,90.0801,0.4830,0.4893,0.0063
78,1002.0,355.5,90.5693,90.5756,90.0801,0.4893,0.4955,0.0063
79,999.7,354.9,90.5756,90.5818,90.0801,0.4955,0.5018,0.0063
80,997.9,352.8,90.5818,90.5881,90.0801,0.5018,0.5080,0.0063
81,999.5,354.2,90.5881,90.5943,90.0801,0.5080,0.5143,0.0063
82,999.8,355.8,90.5943,90.6006,90.0801,0.5143,0.5205,0.0063
83,1000.4,370.7,90.6006,90.6068,90.0801,0.5205,0.5268,0.0063
84,999.6,361.7,90.6068,90.6131,90.0801,0.5268,0.5330,0.0063
85,1000.3,336.5,90.6131,90.6193,90.0801,0.5330,0.5393,0.0063
86,1000.1,356.9,90.6193,90.6256,90.0801,0.5392,0.5455,0.0063
87,1002.9,341.5,90.6256,90.6318,90.0801,0.5455,0.5518,0.0063
88,998.7,353.2,90.6318,90.6381,90.0801,0.5517,0.5580,0.0063
89,1002.1,370.8,90.6381,90.6443,90.0801,0.5580,0.5642,0.0063
90,996.8,370.9,90.6443,90.6506,90.0801,0.5642,0.5705,0.0063
91,1000.3,392.5,90.6505,90.6568,90.0801,0.5705,0.5767,0.0063
92,999.7,384.1,90.6568,90.6630,90.0801,0.5767,0.5830,0.0063
93,1000.1,426.1,90.6630,90.6693,90.0801,0.5830,0.5892,0.0063
94,1000.2,398.5,90.6693,90.6755,90.0801,0.5892,0.5955,0.0063
95,999.7,722.0,90.6755,90.6818,90.0801,0.5954,0.6017,0.0063
96,999.5,389.0,90.6817,90.6880,90.0801,0.6017,0.6079,0.0063
97,1000.6,413.5,90.6880,90.6942,90.0801,0.6079,0.6142,0.0063
98,1000.3,675.9,90.6942,90.7005,90.0801,0.6141,0.6204,0.0063
99,998.4,384.3,90.7004,90.7067,90.0801,0.6204,0.6266,0.0063
100,997.4,426.1,90.7067,90.7129,90.0801,0.6266,0.6329,0.0063
101,1001.5,686.9,90.7129,90.7192,90.0801,0.6328,0.6391,0.0063
102,999.2,368.7,90.7191,90.7254,90.0801,0.6391,0.6453,0.0063
103,1002.5,352.7,90.7254,90.7316,90.0801,0.6453,0.6516,0.0063
104,1005.2,666.5,90.7316,90.7379,90.0825,0.6491,0.6553,0.0063
105,994.5,346.4,90.7378,90.7441,90.0981,0.6397,0.6460,0.0063
106,999.3,374.9,90.7441,90.7503,90.1247,0.6194,0.6256,0.0063
107,999.8,352.8,90.7503,90.7565,90.1627,0.5876,0.5939,0.0063
108,1002.8,356.7,90.7565,90.7628,90.2088,0.5478,0.5540,0.0063
109,997.9,358.5,90.7627,90.7690,90.2532,0.5095,0.5158,0.0063
110,999.4,343.7,90.7690,90.7752,90.2849,0.4841,0.4903,0.0063
111,1000.3,353.0,90.7752,90.7814,90.3095,0.4657,0.4720,0.0063
112,999.5,347.8,90.7814,90.7877,90.3311,0.4503,0.4566,0.0063
113,1001.0,674.2,90.7876,90.7939,90.3540,0.4336,0.4399,0.0063
114,998.5,341.0,90.7939,90.8001,90.3764,0.4174,0.4237,0.0063
115,1001.8,338.7,90.8001,90.8063,90.3994,0.4006,0.4069,0.0063
116,999.5,674.8,90.8063,90.8125,90.4223,0.3840,0.3903,0.0062
117,999.9,349.4,90.8125,90.8188,90.4457,0.3668,0.3730,0.0062
118,999.9,363.3,90.8187,90.8250,90.4661,0.3526,0.3588,0.0062
119,1000.0,703.3,90.8249,90.8312,90.4850,0.3399,0.3461,0.0062
120,1002.3,406.4,90.8311,90.8374,90.5026,0.3286,0.3348,0.0062
121,997.8,379.0,90.8374,90.8436,90.5205,0.3168,0.3231,0.0062
122,997.7,682.1,90.8436,90.8498,90.5368,0.3067,0.3130,0.0062
123,1000.5,372.9,90.8498,90.8560,90.5530,0.2968,0.3031,0.0062
124,1003.7,358.8,90.8560,90.8622,90.5691,0.2869,0.2931,0.0062
125,999.1,664.2,90.8622,90.8684,90.5865,0.2757,0.2820,0.0062
126,1000.0,368.7,90.8684,90.8746,90.6024,0.2660,0.2722,0.0062
127,1000.5,361.3,90.8746,90.8808,90.6180,0.2566,0.2629,0.0062
128,998.3,685.4,90.8808,90.8870,90.6329,0.2479,0.2541,0.0062
129,1000.1,351.4,90.8870,90.8932,90.6486,0.2384,0.2447,0.0062
130,999.3,335.3,90.8932,90.8994,90.6628,0.2304,0.2366,0.0062
131,1000.8,372.8,90.8994,90.9056,90.6769,0.2225,0.2287,0.0062
132,1000.2,334.2,90.9056,90.9118,90.6909,0.2147,0.2210,0.0062
133,1000.1,360.1,90.9118,90.9180,90.7055,0.2063,0.2125,0.0062
134,1001.0,366.0,90.9180,90.9242,90.7187,0.1993,0.2055,0.0062
135,998.9,331.6,90.9242,90.9304,90.7313,0.1929,0.1991,0.0062
136,1001.0,359.7,90.9304,90.9366,90.7431,0.1872,0.1935,0.0062
137,999.2,359.1,90.9366,90.9428,90.7541,0.1824,0.1887,0.0062
138,999.4,369.7,90.9428,90.9490,90.7651,0.1777,0.1839,0.0062
139,1000.3,364.2,90.9489,90.9552,90.7749,0.1740,0.1803,0.0062
140,1040.7,339.3,90.9551,90.9614,90.7846,0.1706,0.1768,0.0062
141,964.3,343.7,90.9613,90.9676,90.7949,0.1664,0.1726,0.0062
142,997.9,463.0,90.9675,90.9737,90.8045,0.1630,0.1692,0.0062
143,994.3,420.4,90.9737,90.9799,90.8142,0.1595,0.1658,0.0062
144,1004.3,398.3,90.9799,90.9861,90.8237,0.1561,0.1624,0.0062
145,992.1,422.4,90.9860,90.9923,90.8338,0.1522,0.1584,0.0062
146,997.9,449.8,90.9922,90.9985,90.8430,0.1492,0.1555,0.0062
147,1007.7,432.4,90.9984,91.0046,90.8521,0.1463,0.1525,0.0062
148,999.8,692.1,91.0046,91.0108,90.8612,0.1433,0.1496,0.0062
149,1000.1,369.0,91.0108,91.0170,90.8710,0.1397,0.1460,0.0062
150,1000.9,404.2,91.0169,91.0232,90.8799,0.1370,0.1433,0.0062
151,997.3,395.7,91.0231,91.0293,90.8886,0.1345,0.1407,0.0062
152,1001.0,460.9,91.0293,91.0355,90.8972,0.1320,0.1383,0.0062
153,999.3,330.9,91.0354,91.0417,90.9065,0.1289,0.1351,0.0062
154,1005.4,421.7,91.0416,91.0478,90.9152,0.1264,0.1327,0.0062
155,996.3,379.6,91.0478,91.0540,90.9238,0.1239,0.1302,0.0062
156,999.7,392.9,91.0539,91.0602,90.9324,0.1216,0.1278,0.0062
157,1000.6,341.0,91.0601,91.0663,90.9416,0.1185,0.1247,0.0062
158,1002.5,386.0,91.0663,91.0725,90.9501,0.1162,0.1224,0.0062
159,996.9,386.6,91.0724,91.0786,90.9586,0.1138,0.1200,0.0062
160,1001.0,388.6,91.0786,91.0848,90.9670,0.1116,0.1178,0.0062
161,999.6,356.5,91.0847,91.0909,90.9758,0.1089,0.1151,0.0062
162,1002.4,376.7,91.0909,91.0971,90.9842,0.1067,0.1129,0.0062
163,1015.0,690.9,91.0970,91.1032,90.9922,0.1049,0.1111,0.0062
164,985.8,355.8,91.1032,91.1094,91.0001,0.1031,0.1093,0.0062
165,997.3,378.0,91.1093,91.1155,91.0082,0.1011,0.1073,0.0062
166,998.1,715.0,91.1155,91.1217,91.0155,0.0999,0.1061,0.0062
167,1002.6,356.9,91.1216,91.1278,91.0226,0.0990,0.1052,0.0062
168,1000.8,405.7,91.1278,91.1340,91.0297,0.0980,0.1043,0.0062
169,998.9,749.4,91.1339,91.1401,91.0373,0.0966,0.1028,0.0062
170,1001.5,406.9,91.1401,91.1463,91.0443,0.0958,0.1020,0.0062
171,998.3,423.2,91.1462,91.1524,91.0510,0.0952,0.1014,0.0062
172,999.8,694.8,91.1523,91.1585,91.0577,0.0946,0.1009,0.0062
173,1000.3,367.4,91.1585,91.1647,91.0649,0.0936,0.0998,0.0062
174,1002.6,377.9,91.1646,91.1708,91.0718,0.0928,0.0990,0.0062
175,1000.1,664.4,91.1707,91.1769,91.0787,0.0920,0.0982,0.0062
176,998.6,373.8,91.1769,91.1831,91.0856,0.0913,0.0975,0.0062
177,999.9,387.4,91.1830,91.1892,91.0929,0.0901,0.0963,0.0062
178,999.6,719.9,91.1891,91.1953,91.0997,0.0895,0.0957,0.0062
179,998.0,343.9,91.1952,91.2015,91.1064,0.0888,0.0950,0.0062
180,1007.1,351.7,91.2014,91.2076,91.1132,0.0881,0.0943,0.0062
181,996.3,696.4,91.2075,91.2137,91.1205,0.0870,0.0932,0.0062
182,997.4,358.8,91.2136,91.2198,91.1273,0.0863,0.0925,0.0062
183,1001.5,389.8,91.2197,91.2259,91.1339,0.0859,0.0921,0.0062
184,998.2,681.3,91.2258,91.2320,91.1404,0.0855,0.0917,0.0062
185,999.5,324.4,91.2320,91.2382,91.1472,0.0847,0.0909,0.0062
186,1005.7,381.3,91.2381,91.2443,91.1535,0.0846,0.0908,0.0062
187,994.1,727.4,91.2442,91.2504,91.1598,0.0844,0.0906,0.0062
188,1001.9,372.5,91.2503,91.2565,91.1663,0.0840,0.0902,0.0062
189,999.3,391.2,91.2564,91.2626,91.1735,0.0830,0.0891,0.0062
190,1000.3,376.2,91.2625,91.2687,91.1802,0.0823,0.0885,0.0062
191,999.8,400.3,91.2686,91.2748,91.1870,0.0816,0.0878,0.0062
192,1000.0,392.2,91.2747,91.2809,91.1938,0.0809,0.0871,0.0062
193,1000.0,431.6,91.2808,91.2870,91.2011,0.0797,0.0859,0.0062
194,1000.3,412.2,91.2869,91.2931,91.2081,0.0788,0.0850,0.0062
195,1001.0,426.4,91.2930,91.2992,91.2149,0.0781,0.0843,0.0062
196,999.4,394.8,91.2991,91.3053,91.2217,0.0774,0.0835,0.0062
197,1001.6,396.4,91.3052,91.3114,91.2288,0.0764,0.0826,0.0062
198,1000.2,406.9,91.3113,91.3175,91.2353,0.0760,0.0822,0.0062
199,999.3,400.1,91.3174,91.3236,91.2417,0.0757,0.0819,0.0062
200,1001.2,372.3,91.3235,91.3297,91.2481,0.0754,0.0816,0.0062
201,1002.0,391.9,91.3296,91.3357,91.2549,0.0746,0.0808,0.0062
202,996.1,389.6,91.3356,91.3418,91.2613,0.0744,0.0806,0.0062
203,1000.1,354.7,91.3417,91.3479,91.2674,0.0743,0.0805,0.0062
204,1001.1,395.1,91.3478,91.3540,91.2733,0.0745,0.0807,0.0062
205,999.5,380.2,91.3539,91.3601,91.2796,0.0742,0.0804,0.0062
206,997.5,392.3,91.3599,91.3661,91.2856,0.0744,0.0805,0.0062
207,999.6,387.6,91.3660,91.3722,91.2916,0.0744,0.0806,0.0062
208,1000.2,373.7,91.3721,91.3783,91.2977,0.0744,0.0805,0.0062
209,1001.1,409.4,91.3782,91.3843,91.3042,0.0739,0.0801,0.0062
210,1000.8,400.3,91.3842,91.3904,91.3102,0.0740,0.0802,0.0062
211,999.4,372.0,91.3903,91.3965,91.3162,0.0741,0.0803,0.0062
212,999.8,380.2,91.3964,91.4025,91.3221,0.0742,0.0804,0.0062
213,999.9,407.8,91.4024,91.4086,91.3295,0.0730,0.0791,0.0062
214,1000.5,401.2,91.4085,91.4146,91.3355,0.0730,0.0791,0.0062
215,999.9,381.9,91.4145,91.4207,91.3416,0.0730,0.0791,0.0062
216,1000.8,362.8,91.4206,91.4267,91.3481,0.0725,0.0787,0.0062
217,1002.3,391.9,91.4266,91.4328,91.3540,0.0727,0.0788,0.0062
218,999.5,415.8,91.4327,91.4388,91.3595,0.0731,0.0793,0.0062
219,998.9,683.3,91.4387,91.4449,91.3651,0.0736,0.0798,0.0062
220,998.6,451.7,91.4448,91.4509,91.3708,0.0740,0.0801,0.0062
221,1001.8,391.9,91.4508,91.4570,91.3771,0.0737,0.0798,0.0062
222,1000.5,654.8,91.4569,91.4630,91.3830,0.0738,0.0800,0.0062
223,998.5,419.4,91.4629,91.4691,91.3889,0.0740,0.0802,0.0062
224,1000.3,417.9,91.4689,91.4751,91.3944,0.0746,0.0807,0.0062
225,1000.3,693.8,91.4750,91.4811,91.4001,0.0749,0.0810,0.0062
226,999.3,374.3,91.4810,91.4872,91.4054,0.0756,0.0818,0.0062
227,997.9,386.7,91.4870,91.4932,91.4107,0.0763,0.0825,0.0062
228,1000.6,365.5,91.4931,91.4992,91.4162,0.0768,0.0830,0.0062
229,999.6,345.3,91.4991,91.5052,91.4162,0.0829,0.0890,0.0062
230,998.9,362.4,91.5051,91.5113,91.4223,0.0828,0.0889,0.0062
231,1002.8,668.2,91.5111,91.5173,91.4281,0.0830,0.0892,0.0062
232,999.9,364.9,91.5172,91.5233,91.4343,0.0829,0.0890,0.0062
233,999.9,379.6,91.5232,91.5293,91.4400,0.0831,0.0893,0.0061
234,999.8,354.7,91.5292,91.5353,91.4459,0.0833,0.0894,0.0061
235,1000.1,356.7,91.5352,91.5413,91.4525,0.0827,0.0889,0.0061
236,1000.3,385.1,91.5412,91.5474,91.4587,0.0825,0.0887,0.0061
237,999.6,666.9,91.5472,91.5534,91.4650,0.0822,0.0884,0.0061
238,999.9,386.0,91.5532,91.5594,91.4714,0.0818,0.0879,0.0061
239,1001.9,360.0,91.5592,91.5654,91.4784,0.0809,0.0870,0.0061
240,1000.1,350.9,91.5652,91.5714,91.4847,0.0805,0.0866,0.0061
241,1000.7,368.5,91.5712,91.5774,91.4911,0.0802,0.0863,0.0061
242,1000.9,363.2,91.5772,91.5834,91.4974,0.0798,0.0859,0.0061
243,997.6,718.4,91.5832,91.5894,91.5045,0.0787,0.0849,0.0061
244,998.0,384.0,91.5892,91.5953,91.5109,0.0783,0.0844,0.0061
245,999.9,409.7,91.5952,91.6013,91.5172,0.0780,0.0841,0.0061
246,1000.3,709.6,91.6012,91.6073,91.5234,0.0777,0.0839,0.0061
247,999.9,397.4,91.6072,91.6133,91.5300,0.0772,0.0833,0.0061
248,1000.0,403.4,91.6131,91.6193,91.5359,0.0772,0.0834,0.0061
249,999.7,711.0,91.6191,91.6253,91.5419,0.0772,0.0833,0.0061
250,1000.6,343.4,91.6251,91.6312,91.5479,0.0772,0.0833,0.0061
251,999.1,373.8,91.6311,91.6372,91.5547,0.0764,0.0825,0.0061
252,1002.0,688.0,91.6370,91.6432,91.5610,0.0761,0.0822,0.0061
253,999.8,377.0,91.6430,91.6491,91.5672,0.0759,0.0820,0.0061
254,1000.1,369.2,91.6490,91.6551,91.5733,0.0757,0.0819,0.0061
255,999.9,368.7,91.6549,91.6611,91.5799,0.0750,0.0812,0.0061
256,1000.8,367.7,91.6609,91.6670,91.5862,0.0747,0.0808,0.0061
257,999.2,378.7,91.6669,91.6730,91.5928,0.0740,0.0802,0.0061
258,999.9,393.9,91.6728,91.6789,91.5997,0.0731,0.0793,0.0061
259,1000.6,368.1,91.6788,91.6849,91.6069,0.0719,0.0780,0.0061
260,1001.1,352.4,91.6847,91.6909,91.6136,0.0711,0.0773,0.0061
261,1001.2,371.3,91.6907,91.6968,91.6201,0.0706,0.0767,0.0061
262,998.6,364.1,91.6966,91.7027,91.6266,0.0701,0.0762,0.0061
263,1000.7,385.1,91.7026,91.7087,91.6334,0.0691,0.0753,0.0061
264,999.9,420.1,91.7085,91.7146,91.6398,0.0687,0.0748,0.0061
265,1007.1,363.0,91.7145,91.7206,91.6459,0.0685,0.0747,0.0061
266,992.7,371.5,91.7204,91.7265,91.6518,0.0686,0.0747,0.0061
267,1012.5,361.8,91.7263,91.7324,91.6580,0.0684,0.0745,0.0061
268,985.3,699.5,91.7323,91.7384,91.6634,0.0689,0.0750,0.0061
269,999.5,709.8,91.7382,91.7443,91.6634,0.0748,0.0809,0.0061
270,999.6,394.4,91.7441,91.7502,91.6687,0.0754,0.0815,0.0061
271,1000.4,406.5,91.7500,91.7561,91.6739,0.0761,0.0822,0.0061
272,1001.1,717.1,91.7560,91.7621,91.6854,0.0705,0.0766,0.0061
273,999.4,386.5,91.7619,91.7680,91.6910,0.0709,0.0770,0.0061
274,999.7,432.4,91.7678,91.7739,91.6965,0.0713,0.0774,0.0061
275,1001.1,699.4,91.7737,91.7798,91.7024,0.0713,0.0774,0.0061
276,999.0,377.3,91.7796,91.7857,91.7076,0.0720,0.0781,0.0061
277,999.9,384.8,91.7855,91.7916,91.7130,0.0725,0.0786,0.0061
278,1000.0,421.7,91.7914,91.7975,91.7185,0.0729,0.0790,0.0061
279,999.8,399.2,91.7973,91.8034,91.7246,0.0728,0.0789,0.0061
280,1000.1,394.1,91.8032,91.8093,91.7302,0.0731,0.0791,0.0061
281,1002.2,419.1,91.8091,91.8152,91.7357,0.0734,0.0795,0.0061
282,999.3,394.1,91.8150,91.8211,91.7412,0.0738,0.0799,0.0061
283,1002.8,399.2,91.8209,91.8270,91.7470,0.0740,0.0800,0.0061
284,996.4,353.0,91.8268,91.8329,91.7524,0.0744,0.0805,0.0061
285,1002.1,358.0,91.8327,91.8388,91.7580,0.0747,0.0808,0.0061
286,999.7,413.4,91.8386,91.8447,91.7636,0.0749,0.0810,0.0061
287,998.2,404.6,91.8445,91.8505,91.7697,0.0748,0.0808,0.0061
288,1000.0,372.3,91.8503,91.8564,91.7753,0.0750,0.0811,0.0061
289,999.3,384.4,91.8562,91.8623,91.7808,0.0754,0.0815,0.0061
290,998.8,391.3,91.8621,91.8682,91.7863,0.0758,0.0818,0.0061
291,1001.7,375.7,91.8679,91.8740,91.7921,0.0758,0.0819,0.0061
292,998.7,379.7,91.8738,91.8799,91.7976,0.0762,0.0823,0.0061
293,999.8,686.9,91.8797,91.8857,91.8034,0.0763,0.0824,0.0061
294,1003.5,448.5,91.8855,91.8916,91.8092,0.0763,0.0824,0.0061
295,999.9,433.2,91.8914,91.8975,91.8156,0.0758,0.0819,0.0061
296,998.1,697.2,91.8972,91.9033,91.8214,0.0758,0.0819,0.0061
297,998.7,367.4,91.9031,91.9092,91.8272,0.0759,0.0820,0.0061
298,1000.1,423.5,91.9090,91.9150,91.8329,0.0760,0.0821,0.0061
299,999.7,735.9,91.9148,91.9209,91.8392,0.0756,0.0817,0.0061
300,1000.4,358.7,91.9206,91.9267,91.8452,0.0755,0.0815,0.0061
301,999.9,407.8,91.9265,91.9325,91.8515,0.0750,0.0811,0.0061
302,998.1,710.9,91.9323,91.9384,91.8578,0.0745,0.0805,0.0061
303,999.8,378.1,91.9382,91.9442,91.8645,0.0736,0.0797,0.0061
304,1003.4,369.6,91.9440,91.9500,91.8707,0.0733,0.0793,0.0061
305,998.4,376.0,91.9498,91.9559,91.8769,0.0730,0.0790,0.0061
306,1005.1,356.9,91.9556,91.9617,91.8830,0.0726,0.0787,0.0061
307,995.4,403.5,91.9615,91.9675,91.8897,0.0717,0.0778,0.0061
308,999.2,720.2,91.9673,91.9733,91.8960,0.0712,0.0773,0.0061
309,998.9,349.1,91.9731,91.9791,91.9023,0.0708,0.0768,0.0060
310,1002.8,390.4,91.9789,91.9850,91.9083,0.0706,0.0767,0.0060
311,997.8,748.1,91.9847,91.9908,91.9144,0.0704,0.0764,0.0060
312,1006.4,341.4,91.9905,91.9966,91.9199,0.0707,0.0767,0.0060
313,998.3,384.3,91.9963,92.0024,91.9255,0.0709,0.0769,0.0060
314,995.4,663.2,92.0021,92.0082,91.9310,0.0712,0.0772,0.0060
315,999.6,329.8,92.0079,92.0140,91.9369,0.0711,0.0771,0.0060
316,1006.3,400.9,92.0137,92.0198,91.9424,0.0713,0.0774,0.0060
317,995.6,419.0,92.0195,92.0256,91.9478,0.0717,0.0777,0.0060
318,999.8,420.1,92.0253,92.0314,91.9532,0.0721,0.0781,0.0060
319,1000.0,445.6,92.0311,92.0371,91.9532,0.0779,0.0839,0.0060
320,999.8,454.6,92.0369,92.0429,91.9645,0.0724,0.0784,0.0060
321,999.9,419.9,92.0427,92.0487,91.9699,0.0728,0.0788,0.0060
322,1000.1,349.8,92.0484,92.0545,91.9753,0.0731,0.0791,0.0060
323,1002.1,402.3,92.0542,92.0602,91.9812,0.0730,0.0790,0.0060
324,998.5,393.5,92.0600,92.0660,91.9866,0.0734,0.0794,0.0060
325,1000.1,415.5,92.0658,92.0718,91.9921,0.0737,0.0797,0.0060
326,1002.0,426.2,92.0715,92.0775,91.9974,0.0741,0.0801,0.0060
327,999.0,388.5,92.0773,92.0833,92.0033,0.0740,0.0801,0.0060
328,999.8,422.0,92.0830,92.0891,92.0087,0.0743,0.0804,0.0060
329,1000.6,414.7,92.0888,92.0948,92.0143,0.0745,0.0806,0.0060
330,999.6,345.0,92.0945,92.1006,92.0198,0.0748,0.0808,0.0060
331,1001.8,387.9,92.1003,92.1063,92.0255,0.0748,0.0808,0.0060
332,998.2,406.5,92.1060,92.1121,92.0307,0.0753,0.0813,0.0060
333,1000.2,404.0,92.1118,92.1178,92.0357,0.0761,0.0821,0.0060
334,1000.2,409.1,92.1175,92.1235,92.0406,0.0769,0.0829,0.0060
335,999.6,399.3,92.1233,92.1293,92.0460,0.0772,0.0832,0.0060
336,1001.4,376.6,92.1290,92.1350,92.0513,0.0777,0.0837,0.0060
337,997.7,386.0,92.1347,92.1407,92.0567,0.0781,0.0841,0.0060
338,998.0,413.6,92.1405,92.1465,92.0621,0.0784,0.0844,0.0060
339,1000.1,350.7,92.1462,92.1522,92.0678,0.0783,0.0843,0.0060
340,1001.1,400.3,92.1519,92.1579,92.0734,0.0785,0.0845,0.0060
341,998.9,400.6,92.1576,92.1636,92.0791,0.0785,0.0845,0.0060
342,1000.1,379.6,92.1633,92.1693,92.0847,0.0786,0.0846,0.0060
343,1000.0,396.5,92.1690,92.1750,92.0910,0.0781,0.0841,0.0060
344,1000.0,399.1,92.1747,92.1807,92.0969,0.0778,0.0838,0.0060
345,1005.4,384.1,92.1804,92.1864,92.1031,0.0773,0.0833,0.0060
346,995.4,417.3,92.1861,92.1921,92.1093,0.0769,0.0829,0.0060
347,999.6,399.0,92.1918,92.1978,92.1160,0.0758,0.0818,0.0060
348,1001.4,420.9,92.1975,92.2035,92.1222,0.0754,0.0813,0.0060
349,999.7,400.6,92.2032,92.2092,92.1284,0.0748,0.0808,0.0060
350,1000.7,389.1,92.2089,92.2149,92.1346,0.0743,0.0803,0.0060
351,999.4,398.1,92.2146,92.2206,92.1414,0.0732,0.0792,0.0060
352,1000.0,352.0,92.2203,92.2263,92.1477,0.0725,0.0785,0.0060
353,1003.2,385.0,92.2260,92.2319,92.1541,0.0718,0.0778,0.0060
354,998.4,390.4,92.2316,92.2376,92.1604,0.0712,0.0772,0.0060
355,998.4,384.2,92.2373,92.2433,92.1670,0.0703,0.0762,0.0060
356,1000.6,398.7,92.2430,92.2489,92.1731,0.0699,0.0758,0.0060
357,999.8,360.7,92.2486,92.2546,92.1791,0.0695,0.0755,0.0060
358,999.8,705.8,92.2543,92.2603,92.1852,0.0690,0.0750,0.0060
359,998.4,345.2,92.2599,92.2659,92.1920,0.0679,0.0739,0.0060
360,1001.2,379.2,92.2656,92.2716,92.1983,0.0673,0.0733,0.0060
361,999.0,714.5,92.2712,92.2772,92.2044,0.0668,0.0728,0.0060
362,1000.1,353.1,92.2769,92.2829,92.2106,0.0663,0.0723,0.0060
363,1000.3,414.7,92.2825,92.2885,92.2170,0.0656,0.0715,0.0060
364,999.3,391.7,92.2882,92.2941,92.2229,0.0653,0.0712,0.0060
365,999.7,389.4,92.2938,92.2998,92.2288,0.0650,0.0710,0.0060
366,1004.6,368.6,92.2994,92.3054,92.2346,0.0649,0.0708,0.0060
367,997.0,702.7,92.3051,92.3110,92.2416,0.0635,0.0695,0.0060
368,999.0,381.3,92.3107,92.3166,92.2462,0.0645,0.0705,0.0060
369,1001.5,409.0,92.3163,92.3223,92.2462,0.0701,0.0761,0.0060
370,998.5,780.8,92.3219,92.3279,92.2563,0.0656,0.0716,0.0059
371,1003.3,385.1,92.3275,92.3335,92.2617,0.0658,0.0718,0.0059
372,998.1,387.5,92.3332,92.3391,92.2677,0.0655,0.0714,0.0059
373,998.2,654.7,92.3388,92.3447,92.2727,0.0661,0.0720,0.0059
374,1000.4,349.5,92.3444,92.3503,92.2776,0.0668,0.0727,0.0059
375,1001.9,435.1,92.3500,92.3559,92.2826,0.0674,0.0733,0.0059
376,998.0,753.5,92.3556,92.3615,92.2871,0.0685,0.0744,0.0059
377,1005.7,358.8,92.3612,92.3671,92.2915,0.0696,0.0756,0.0059
378,997.1,411.3,92.3667,92.3727,92.2960,0.0707,0.0767,0.0059
379,996.9,431.6,92.3723,92.3783,92.3008,0.0715,0.0774,0.0059
380,1003.3,394.1,92.3779,92.3838,92.3055,0.0724,0.0783,0.0059
381,998.0,406.2,92.3835,92.3894,92.3103,0.0732,0.0791,0.0059
382,1000.1,410.8,92.3891,92.3950,92.3151,0.0739,0.0799,0.0059
383,999.9,373.4,92.3946,92.4006,92.3203,0.0744,0.0803,0.0059
384,999.9,400.6,92.4002,92.4061,92.3249,0.0753,0.0812,0.0059
385,1000.2,368.0,92.4058,92.4117,92.3296,0.0761,0.0821,0.0059
386,1020.9,390.7,92.4113,92.4173,92.3343,0.0771,0.0830,0.0059
387,982.1,389.4,92.4169,92.4228,92.3343,0.0826,0.0885,0.0059
388,996.7,395.7,92.4224,92.4284,92.3394,0.0830,0.0889,0.0059
389,1002.7,392.6,92.4280,92.4339,92.3446,0.0834,0.0893,0.0059
390,996.6,383.7,92.4335,92.4394,92.3501,0.0835,0.0894,0.0059
391,1000.2,403.4,92.4391,92.4450,92.3560,0.0831,0.0890,0.0059
392,1001.0,336.7,92.4446,92.4505,92.3624,0.0822,0.0881,0.0059
393,1000.1,430.4,92.4502,92.4561,92.3684,0.0818,0.0877,0.0059
394,998.6,384.3,92.4557,92.4616,92.3743,0.0814,0.0873,0.0059
395,1000.2,440.7,92.4612,92.4671,92.3802,0.0810,0.0869,0.0059
396,999.8,718.7,92.4667,92.4726,92.3867,0.0800,0.0859,0.0059
397,1000.0,373.2,92.4723,92.4782,92.3929,0.0793,0.0852,0.0059
398,999.9,427.6,92.4778,92.4837,92.3991,0.0787,0.0846,0.0059
399,1000.0,762.6,92.4833,92.4892,92.4052,0.0780,0.0839,0.0059
400,1005.9,389.9,92.4888,92.4947,92.4117,0.0771,0.0830,0.0059
401,997.7,415.3,92.4943,92.5002,92.4175,0.0767,0.0826,0.0059
402,999.8,398.9,92.4998,92.5057,92.4233,0.0765,0.0824,0.0059
403,997.9,415.2,92.5053,92.5112,92.4292,0.0761,0.0820,0.0059
404,1001.6,398.5,92.5108,92.5167,92.4356,0.0751,0.0810,0.0059
405,998.3,398.3,92.5163,92.5222,92.4418,0.0745,0.0803,0.0059
406,999.9,372.9,92.5218,92.5276,92.4480,0.0737,0.0796,0.0059
407,1000.7,378.4,92.5272,92.5331,92.4542,0.0730,0.0789,0.0059
408,1000.8,426.1,92.5327,92.5386,92.4609,0.0718,0.0777,0.0059
409,998.9,402.0,92.5382,92.5441,92.4671,0.0711,0.0770,0.0059
410,999.6,380.8,92.5437,92.5495,92.4734,0.0702,0.0761,0.0059
411,1000.2,412.0,92.5491,92.5550,92.4797,0.0694,0.0753,0.0059
412,1003.0,406.0,92.5546,92.5605,92.4864,0.0682,0.0741,0.0059
413,998.6,362.5,92.5600,92.5659,92.4926,0.0675,0.0734,0.0059
414,999.8,393.3,92.5655,92.5714,92.4984,0.0671,0.0729,0.0059
415,1000.3,339.5,92.5709,92.5768,92.5042,0.0667,0.0726,0.0059
416,1001.6,411.9,92.5764,92.5823,92.5103,0.0661,0.0719,0.0059
417,999.4,404.5,92.5818,92.5877,92.5158,0.0660,0.0719,0.0059
418,999.1,424.1,92.5873,92.5931,92.5212,0.0661,0.0719,0.0059
419,1001.0,434.8,92.5927,92.5986,92.5265,0.0663,0.0721,0.0059
420,998.8,765.4,92.5981,92.6040,92.5317,0.0664,0.0723,0.0059
421,1004.6,386.6,92.6036,92.6094,92.5365,0.0671,0.0729,0.0059
422,995.5,401.1,92.6090,92.6148,92.5411,0.0679,0.0738,0.0059
423,998.9,714.3,92.6144,92.6202,92.5456,0.0688,0.0747,0.0058
424,998.5,355.8,92.6198,92.6257,92.5505,0.0693,0.0752,0.0058
425,999.9,402.4,92.6252,92.6311,92.5551,0.0701,0.0759,0.0058
426,1000.0,718.9,92.6306,92.6365,92.5599,0.0707,0.0766,0.0058
427,1000.0,358.9,92.6360,92.6419,92.5647,0.0713,0.0772,0.0058
428,1003.1,374.9,92.6414,92.6473,92.5699,0.0715,0.0773,0.0058
429,998.2,695.6,92.6468,92.6527,92.5749,0.0720,0.0778,0.0058
430,998.8,332.2,92.6522,92.6581,92.5749,0.0774,0.0832,0.0058
431,1006.6,405.6,92.6576,92.6634,92.5846,0.0730,0.0789,0.0058
432,994.1,389.6,92.6630,92.6688,92.5899,0.0731,0.0789,0.0058
433,998.9,414.8,92.6684,92.6742,92.5950,0.0733,0.0792,0.0058
434,1000.8,397.5,92.6737,92.6796,92.6004,0.0734,0.0792,0.0058
435,999.1,375.0,92.6791,92.6849,92.6059,0.0732,0.0790,0.0058
436,1000.5,370.8,92.6845,92.6903,92.6118,0.0727,0.0785,0.0058
437,1000.3,404.9,92.6898,92.6957,92.6173,0.0725,0.0783,0.0058
438,999.2,680.3,92.6952,92.7010,92.6228,0.0724,0.0782,0.0058
439,999.1,338.5,92.7005,92.7064,92.6282,0.0724,0.0782,0.0058
440,1002.7,389.6,92.7059,92.7117,92.6336,0.0723,0.0781,0.0058
441,998.7,408.9,92.7112,92.7170,92.6395,0.0717,0.0776,0.0058
442,999.6,378.9,92.7166,92.7224,92.6452,0.0714,0.0772,0.0058
443,999.8,408.2,92.7219,92.7277,92.6510,0.0709,0.0767,0.0058
444,1002.9,389.7,92.7272,92.7331,92.6568,0.0704,0.0762,0.0058
445,1000.4,394.2,92.7326,92.7384,92.6629,0.0696,0.0754,0.0058
446,998.2,361.3,92.7379,92.7437,92.6683,0.0696,0.0754,0.0058
447,1000.6,375.7,92.7432,92.7490,92.6737,0.0695,0.0753,0.0058
448,999.5,412.8,92.7485,92.7543,92.6791,0.0694,0.0752,0.0058
449,1001.2,366.8,92.7538,92.7596,92.6850,0.0688,0.0746,0.0058
450,998.0,377.5,92.7592,92.7649,92.6906,0.0685,0.0743,0.0058
451,1000.6,393.3,92.7645,92.7702,92.6963,0.0682,0.0739,0.0058
452,999.5,394.0,92.7698,92.7755,92.7020,0.0677,0.0735,0.0058
453,998.2,406.0,92.7750,92.7808,92.7081,0.0670,0.0728,0.0058
454,1001.8,386.6,92.7803,92.7861,92.7137,0.0666,0.0724,0.0058
455,1000.2,403.1,92.7856,92.7914,92.7195,0.0662,0.0719,0.0058
456,999.3,398.0,92.7909,92.7967,92.7251,0.0658,0.0716,0.0058
457,1000.2,338.0,92.7962,92.8020,92.7312,0.0650,0.0708,0.0058
458,1001.4,397.4,92.8015,92.8072,92.7368,0.0646,0.0704,0.0058
459,998.0,356.6,92.8067,92.8125,92.7425,0.0642,0.0700,0.0058
460,1001.0,390.8,92.8120,92.8178,92.7482,0.0638,0.0696,0.0058
461,999.4,405.0,92.8172,92.8230,92.7541,0.0631,0.0689,0.0058
462,1000.3,393.3,92.8225,92.8283,92.7597,0.0628,0.0686,0.0058
463,999.3,403.8,92.8278,92.8335,92.7652,0.0626,0.0683,0.0058
464,1000.2,339.0,92.8330,92.8388,92.7652,0.0678,0.0736,0.0058
465,1016.3,402.9,92.8382,92.8440,92.7767,0.0615,0.0673,0.0058
466,990.9,426.2,92.8435,92.8492,92.7820,0.0615,0.0672,0.0058
467,1012.5,387.7,92.8487,92.8545,92.7870,0.0617,0.0674,0.0058
468,988.7,399.9,92.8539,92.8597,92.7919,0.0621,0.0678,0.0058
469,998.9,436.6,92.8592,92.8649,92.7970,0.0622,0.0680,0.0058
470,994.1,719.0,92.8644,92.8701,92.8017,0.0627,0.0685,0.0058
471,1000.7,378.6,92.8696,92.8754,92.8017,0.0680,0.0737,0.0057
472,1001.5,388.1,92.8748,92.8806,92.8112,0.0636,0.0694,0.0057
473,999.7,394.6,92.8800,92.8858,92.8164,0.0637,0.0694,0.0057
474,998.8,367.1,92.8852,92.8910,92.8211,0.0642,0.0699,0.0057
475,1000.7,329.8,92.8904,92.8962,92.8257,0.0647,0.0705,0.0057
476,1010.8,661.7,92.8956,92.9014,92.8303,0.0654,0.0711,0.0057
477,989.1,350.4,92.9008,92.9066,92.8348,0.0660,0.0718,0.0057
478,1001.6,378.3,92.9060,92.9117,92.8396,0.0664,0.0721,0.0057
479,997.1,376.8,92.9112,92.9169,92.8443,0.0669,0.0726,0.0057
480,1002.6,365.4,92.9164,92.9221,92.8490,0.0673,0.0731,0.0057
481,1000.3,385.8,92.9215,92.9273,92.8544,0.0671,0.0728,0.0057
482,999.2,351.0,92.9267,92.9324,92.8595,0.0672,0.0729,0.0057
483,1002.5,378.0,92.9319,92.9376,92.8646,0.0673,0.0730,0.0057
484,997.3,346.6,92.9370,92.9427,92.8696,0.0674,0.0731,0.0057
485,1000.8,354.5,92.9422,92.9479,92.8745,0.0677,0.0734,0.0057
486,1001.1,377.5,92.9473,92.9530,92.8797,0.0676,0.0733,0.0057
487,997.8,390.4,92.9525,92.9582,92.8846,0.0679,0.0736,0.0057
488,1000.3,401.6,92.9576,92.9633,92.8896,0.0680,0.0738,0.0057
489,996.6,402.1,92.9627,92.9685,92.8948,0.0680,0.0737,0.0057
490,1001.1,393.3,92.9679,92.9736,92.9003,0.0676,0.0733,0.0057
491,1000.3,366.9,92.9730,92.9787,92.9054,0.0676,0.0733,0.0057
492,999.8,410.0,92.9781,92.9838,92.9103,0.0678,0.0735,0.0057
493,1000.7,379.5,92.9832,92.9889,92.9150,0.0683,0.0740,0.0057
494,998.7,738.0,92.9884,92.9941,92.9200,0.0684,0.0741,0.0057
495,1001.3,425.8,92.9935,92.9992,92.9245,0.0690,0.0747,0.0057
496,997.6,392.9,92.9986,93.0043,92.9245,0.0741,0.0798,0.0057
497,1000.4,385.7,93.0037,93.0094,92.9339,0.0698,0.0755,0.0057
498,1001.1,401.6,93.0088,93.0145,92.9393,0.0695,0.0752,0.0057
499,998.9,361.5,93.0139,93.0195,92.9445,0.0694,0.0751,0.0057
500,1004.9,362.0,93.0189,93.0246,92.9497,0.0693,0.0749,0.0057
501,1011.8,383.4,93.0240,93.0297,92.9549,0.0692,0.0748,0.0057
502,995.7,361.7,93.0291,93.0348,92.9604,0.0687,0.0744,0.0057
503,991.6,379.6,93.0342,93.0398,92.9657,0.0685,0.0742,0.0057
504,998.4,388.0,93.0392,93.0449,92.9709,0.0683,0.0740,0.0057
505,999.6,390.2,93.0443,93.0500,92.9763,0.0680,0.0737,0.0057
506,999.3,431.8,93.0494,93.0550,92.9822,0.0671,0.0728,0.0057
507,1004.7,381.8,93.0544,93.0601,92.9877,0.0667,0.0723,0.0057
508,998.7,370.9,93.0595,93.0651,92.9932,0.0663,0.0719,0.0057
509,999.5,386.1,93.0645,93.0702,92.9986,0.0659,0.0716,0.0057
510,999.2,353.3,93.0695,93.0752,93.0042,0.0653,0.0710,0.0057
511,997.6,373.8,93.0746,93.0802,93.0095,0.0650,0.0707,0.0057
512,1000.6,378.2,93.0796,93.0853,93.0149,0.0647,0.0703,0.0057
513,1000.7,394.4,93.0846,93.0903,93.0204,0.0642,0.0699,0.0057
514,998.9,348.4,93.0896,93.0953,93.0204,0.0693,0.0749,0.0056
515,998.5,358.8,93.0947,93.1003,93.0314,0.0632,0.0689,0.0056
516,1000.2,373.5,93.0997,93.1053,93.0367,0.0630,0.0686,0.0056
517,999.8,354.8,93.1047,93.1103,93.0418,0.0629,0.0685,0.0056
518,1000.3,381.9,93.1097,93.1153,93.0471,0.0626,0.0682,0.0056
519,999.6,376.7,93.1147,93.1203,93.0471,0.0676,0.0732,0.0056
520,1002.3,399.1,93.1197,93.1253,93.0570,0.0627,0.0683,0.0056
521,999.7,367.7,93.1247,93.1303,93.0620,0.0626,0.0683,0.0056
522,999.8,352.5,93.1296,93.1353,93.0676,0.0620,0.0676,0.0056
523,1001.2,358.0,93.1346,93.1402,93.0729,0.0617,0.0674,0.0056
524,1000.3,360.1,93.1396,93.1452,93.0780,0.0615,0.0672,0.0056
525,1000.3,348.2,93.1446,93.1502,93.0833,0.0612,0.0668,0.0056
526,998.2,363.5,93.1495,93.1551,93.0888,0.0607,0.0663,0.0056
527,1000.0,382.1,93.1545,93.1601,93.0936,0.0608,0.0664,0.0056
528,1005.1,372.9,93.1594,93.1650,93.0985,0.0609,0.0666,0.0056
529,996.9,387.9,93.1644,93.1700,93.1036,0.0608,0.0664,0.0056
530,1001.9,376.5,93.1693,93.1749,93.1092,0.0601,0.0657,0.0056
531,998.9,415.5,93.1743,93.1799,93.1146,0.0597,0.0653,0.0056
532,997.9,360.1,93.1792,93.1848,93.1146,0.0646,0.0702,0.0056
533,1000.3,376.6,93.1841,93.1897,93.1242,0.0599,0.0655,0.0056
534,1000.1,371.5,93.1890,93.1946,93.1292,0.0598,0.0654,0.0056
535,999.8,362.8,93.1940,93.1996,93.1339,0.0600,0.0656,0.0056
536,999.7,383.1,93.1989,93.2045,93.1387,0.0602,0.0658,0.0056
537,1000.6,370.0,93.2038,93.2094,93.1435,0.0603,0.0659,0.0056
538,999.8,387.9,93.2087,93.2143,93.1483,0.0604,0.0660,0.0056
539,998.9,381.9,93.2136,93.2192,93.1535,0.0600,0.0656,0.0056
540,1002.4,363.4,93.2185,93.2241,93.1583,0.0601,0.0657,0.0056
541,1001.3,386.0,93.2234,93.2289,93.1631,0.0603,0.0659,0.0056
542,999.2,363.0,93.2282,93.2338,93.1679,0.0603,0.0659,0.0056
543,1001.1,431.0,93.2331,93.2387,93.1722,0.0609,0.0665,0.0056
544,1000.2,725.5,93.2380,93.2436,93.1770,0.0610,0.0666,0.0056
545,997.0,407.3,93.2429,93.2484,93.1770,0.0659,0.0715,0.0056
546,1002.2,402.5,93.2477,93.2533,93.1854,0.0624,0.0679,0.0056
547,999.2,718.3,93.2526,93.2582,93.1907,0.0619,0.0675,0.0056
548,1000.1,423.4,93.2574,93.2630,93.1947,0.0627,0.0683,0.0056
549,1005.7,427.6,93.2623,93.2679,93.2003,0.0620,0.0675,0.0056
550,993.9,716.1,93.2671,93.2727,93.2055,0.0616,0.0672,0.0056
551,999.4,379.7,93.2720,93.2775,93.2055,0.0665,0.0720,0.0056
552,999.9,346.6,93.2768,93.2824,93.2149,0.0619,0.0675,0.0056
553,999.3,363.3,93.2816,93.2872,93.2149,0.0667,0.0723,0.0056
554,999.3,364.9,93.2865,93.2920,93.2248,0.0617,0.0672,0.0056
555,1000.3,372.2,93.2913,93.2968,93.2297,0.0616,0.0671,0.0055
556,999.6,362.0,93.2961,93.3016,93.2347,0.0614,0.0669,0.0055
557,1000.3,352.8,93.3009,93.3064,93.2399,0.0610,0.0666,0.0055
558,999.7,369.2,93.3057,93.3112,93.2454,0.0603,0.0658,0.0055
559,999.9,370.0,93.3105,93.3160,93.2505,0.0600,0.0655,0.0055
560,1008.2,380.5,93.3153,93.3208,93.2556,0.0597,0.0653,0.0055
561,991.2,356.6,93.3201,93.3256,93.2556,0.0645,0.0700,0.0055
562,1001.7,352.5,93.3249,93.3304,93.2609,0.0640,0.0695,0.0055
563,999.1,373.7,93.3296,93.3352,93.2659,0.0638,0.0693,0.0055
564,1001.3,349.9,93.3344,93.3399,93.2710,0.0635,0.0690,0.0055
565,998.4,340.1,93.3392,93.3447,93.2763,0.0629,0.0684,0.0055
566,1001.8,363.8,93.3439,93.3495,93.2821,0.0618,0.0673,0.0055
567,998.4,343.5,93.3487,93.3542,93.2874,0.0614,0.0669,0.0055
568,999.6,378.2,93.3535,93.3590,93.2924,0.0611,0.0666,0.0055
569,1000.4,395.1,93.3582,93.3637,93.2971,0.0611,0.0666,0.0055
570,1002.5,381.7,93.3629,93.3685,93.3021,0.0609,0.0664,0.0055
571,1002.4,422.3,93.3677,93.3732,93.3066,0.0610,0.0665,0.0055
572,998.5,375.3,93.3724,93.3779,93.3114,0.0610,0.0665,0.0055
573,1000.1,401.7,93.3771,93.3826,93.3163,0.0608,0.0663,0.0055
574,1002.0,418.1,93.3819,93.3874,93.3216,0.0603,0.0658,0.0055
575,994.6,396.7,93.3866,93.3921,93.3264,0.0601,0.0656,0.0055
576,1002.5,373.7,93.3913,93.3968,93.3312,0.0601,0.0656,0.0055
577,996.0,385.9,93.3960,93.4015,93.3359,0.0601,0.0656,0.0055
578,999.1,374.4,93.4007,93.4062,93.3410,0.0597,0.0652,0.0055
579,1000.2,352.3,93.4054,93.4109,93.3410,0.0644,0.0699,0.0055
580,999.9,380.6,93.4101,93.4156,93.3509,0.0592,0.0647,0.0055
581,1000.3,395.5,93.4148,93.4202,93.3509,0.0639,0.0693,0.0055
582,999.9,379.4,93.4194,93.4249,93.3560,0.0635,0.0689,0.0055
583,1000.9,399.3,93.4241,93.4296,93.3666,0.0575,0.0630,0.0055
584,1000.1,375.5,93.4288,93.4343,93.3717,0.0571,0.0625,0.0055
585,1001.0,368.7,93.4334,93.4389,93.3768,0.0566,0.0621,0.0055
586,999.1,390.3,93.4381,93.4436,93.3768,0.0613,0.0668,0.0055
587,1000.5,337.0,93.4428,93.4482,93.3818,0.0610,0.0665,0.0055
588,1000.8,392.0,93.4474,93.4529,93.3916,0.0558,0.0612,0.0055
589,999.4,393.2,93.4520,93.4575,93.3963,0.0557,0.0612,0.0055
590,999.2,382.3,93.4567,93.4621,93.4010,0.0557,0.0611,0.0055
591,1005.2,380.1,93.4613,93.4668,93.4060,0.0553,0.0608,0.0055
592,997.5,356.7,93.4659,93.4714,93.4107,0.0552,0.0607,0.0055
593,999.2,392.3,93.4706,93.4760,93.4152,0.0553,0.0608,0.0055
594,1040.5,712.5,93.4752,93.4806,93.4196,0.0556,0.0610,0.0054
595,962.7,458.6,93.4798,93.4852,93.4240,0.0558,0.0612,0.0054
596,997.8,410.3,93.4844,93.4898,93.4279,0.0565,0.0620,0.0054
597,1012.6,424.8,93.4890,93.4944,93.4316,0.0574,0.0628,0.0054
598,985.5,390.4,93.4936,93.4990,93.4356,0.0580,0.0635,0.0054
599,998.3,379.6,93.4982,93.5036,93.4400,0.0582,0.0636,0.0054
600,1000.3,377.7,93.5028,93.5082,93.4441,0.0587,0.0641,0.0054
601,1037.8,402.4,93.5073,93.5128,93.4481,0.0592,0.0647,0.0054
602,965.0,388.5,93.5119,93.5173,93.4523,0.0596,0.0650,0.0054
603,996.9,418.9,93.5165,93.5219,93.4570,0.0595,0.0649,0.0054
604,999.9,422.6,93.5210,93.5265,93.4613,0.0597,0.0652,0.0054
605,1000.1,368.9,93.5256,93.5310,93.4613,0.0643,0.0697,0.0054
606,1001.2,361.8,93.5301,93.5356,93.4656,0.0645,0.0700,0.0054
607,1000.5,380.8,93.5347,93.5401,93.4746,0.0601,0.0655,0.0054
608,999.4,376.9,93.5392,93.5446,93.4789,0.0603,0.0657,0.0054
609,1000.5,374.9,93.5438,93.5492,93.4789,0.0649,0.0703,0.0054
610,999.4,382.0,93.5483,93.5537,93.4877,0.0606,0.0660,0.0054
611,1040.0,381.8,93.5528,93.5582,93.4925,0.0603,0.0657,0.0054
612,962.5,386.6,93.5573,93.5627,93.4970,0.0603,0.0657,0.0054
613,998.1,430.0,93.5618,93.5672,93.5014,0.0604,0.0658,0.0054
614,1000.5,399.8,93.5663,93.5717,93.5058,0.0605,0.0659,0.0054
615,994.9,353.8,93.5708,93.5762,93.5058,0.0650,0.0704,0.0054
616,999.4,386.7,93.5753,93.5807,93.5104,0.0649,0.0703,0.0054
617,1006.9,403.8,93.5798,93.5852,93.5188,0.0610,0.0664,0.0054
618,999.4,361.7,93.5843,93.5897,93.5233,0.0611,0.0664,0.0054
619,1001.3,409.1,93.5888,93.5942,93.5281,0.0607,0.0661,0.0054
620,997.8,431.0,93.5933,93.5986,93.5281,0.0652,0.0705,0.0054
621,999.9,395.4,93.5977,93.6031,93.5327,0.0651,0.0704,0.0054
622,998.0,392.3,93.6022,93.6076,93.5416,0.0606,0.0659,0.0054
623,999.8,405.2,93.6067,93.6120,93.5464,0.0603,0.0657,0.0054
624,1000.7,374.9,93.6111,93.6165,93.5464,0.0647,0.0701,0.0054
625,999.2,377.2,93.6156,93.6209,93.5507,0.0649,0.0702,0.0054
626,1001.0,370.3,93.6200,93.6254,93.5549,0.0651,0.0705,0.0054
627,999.9,373.2,93.6244,93.6298,93.5636,0.0608,0.0661,0.0054
628,1001.4,387.9,93.6289,93.6342,93.5681,0.0608,0.0661,0.0054
629,999.6,389.5,93.6333,93.6386,93.5726,0.0607,0.0660,0.0054
630,1000.8,375.5,93.6377,93.6430,93.5726,0.0651,0.0705,0.0053
631,999.1,395.6,93.6421,93.6475,93.5772,0.0649,0.0703,0.0053
632,1005.2,393.6,93.6465,93.6519,93.5868,0.0597,0.0650,0.0053
633,995.2,389.9,93.6509,93.6563,93.5914,0.0595,0.0649,0.0053
634,999.9,397.0,93.6553,93.6606,93.5914,0.0639,0.0693,0.0053
635,1003.2,403.9,93.6597,93.6650,93.6005,0.0592,0.0645,0.0053
636,992.4,387.9,93.6641,93.6694,93.6056,0.0585,0.0639,0.0053
637,997.1,369.0,93.6685,93.6738,93.6056,0.0629,0.0682,0.0053
638,1008.9,409.1,93.6728,93.6782,93.6153,0.0575,0.0628,0.0053
639,999.7,374.7,93.6772,93.6825,93.6203,0.0569,0.0622,0.0053
640,1000.6,374.2,93.6816,93.6869,93.6203,0.0612,0.0666,0.0053
641,996.0,360.4,93.6859,93.6912,93.6258,0.0601,0.0654,0.0053
642,1000.3,385.4,93.6903,93.6956,93.6361,0.0542,0.0595,0.0053
643,1000.1,407.4,93.6946,93.6999,93.6410,0.0536,0.0589,0.0053
644,999.9,427.2,93.6990,93.7043,93.6410,0.0579,0.0632,0.0053
645,999.7,437.4,93.7033,93.7086,93.6513,0.0520,0.0573,0.0053
646,1000.4,393.7,93.7076,93.7129,93.6513,0.0563,0.0616,0.0053
647,999.7,378.4,93.7119,93.7172,93.6563,0.0556,0.0609,0.0053
648,1000.8,412.8,93.7162,93.7215,93.6669,0.0494,0.0547,0.0053
649,999.4,340.5,93.7206,93.7259,93.6719,0.0487,0.0540,0.0053
650,1004.2,367.0,93.7249,93.7302,93.6719,0.0530,0.0583,0.0053
651,997.1,399.0,93.7292,93.7344,93.6815,0.0477,0.0530,0.0053
652,999.7,390.0,93.7335,93.7387,93.6815,0.0520,0.0572,0.0053
653,1002.5,389.5,93.7377,93.7430,93.6904,0.0473,0.0526,0.0053
654,999.9,369.1,93.7420,93.7473,93.6946,0.0475,0.0527,0.0053
655,999.1,392.4,93.7463,93.7516,93.6987,0.0476,0.0529,0.0053
656,1001.3,413.9,93.7506,93.7558,93.7032,0.0473,0.0526,0.0053
657,998.0,398.0,93.7548,93.7601,93.7032,0.0516,0.0569,0.0053
658,992.9,370.2,93.7591,93.7644,93.7076,0.0515,0.0568,0.0053
659,1008.5,404.3,93.7633,93.7686,93.7160,0.0473,0.0526,0.0053
660,1002.4,373.9,93.7676,93.7728,93.7200,0.0476,0.0528,0.0053
661,997.9,420.4,93.7718,93.7771,93.7243,0.0475,0.0528,0.0053
662,997.0,397.0,93.7761,93.7813,93.7243,0.0517,0.0570,0.0053
663,998.9,429.6,93.7803,93.7855,93.7323,0.0480,0.0533,0.0053
664,1001.2,415.2,93.7845,93.7898,93.7323,0.0522,0.0575,0.0053
665,1014.6,404.8,93.7887,93.7940,93.7403,0.0484,0.0536,0.0052
666,994.6,373.4,93.7929,93.7982,93.7442,0.0488,0.0540,0.0052
667,991.9,371.5,93.7971,93.8024,93.7442,0.0530,0.0582,0.0052
668,1001.9,772.2,93.8013,93.8066,93.7523,0.0491,0.0543,0.0052
669,1002.1,410.9,93.8055,93.8108,93.7568,0.0488,0.0540,0.0052
670,998.3,421.9,93.8097,93.8150,93.7568,0.0530,0.0582,0.0052
671,996.6,401.0,93.8139,93.8191,93.7608,0.0531,0.0583,0.0052
672,1001.4,401.4,93.8181,93.8233,93.7687,0.0494,0.0546,0.0052
673,1000.5,359.8,93.8223,93.8275,93.7727,0.0495,0.0547,0.0052
674,1000.0,407.5,93.8264,93.8316,93.7765,0.0499,0.0551,0.0052
675,999.7,381.2,93.8306,93.8358,93.7803,0.0503,0.0555,0.0052
676,999.3,385.6,93.8347,93.8399,93.7803,0.0544,0.0596,0.0052
677,999.9,705.3,93.8389,93.8441,93.7884,0.0504,0.0557,0.0052
678,1001.0,366.6,93.8430,93.8482,93.7924,0.0506,0.0558,0.0052
679,994.9,499.1,93.8471,93.8524,93.7924,0.0547,0.0599,0.0052
680,1005.9,411.7,93.8513,93.8565,93.7999,0.0513,0.0566,0.0052
681,1000.2,357.1,93.8554,93.8606,93.7999,0.0555,0.0607,0.0052
682,999.8,462.2,93.8595,93.8647,93.8071,0.0524,0.0576,0.0052
683,998.0,407.2,93.8636,93.8688,93.8071,0.0565,0.0617,0.0052
684,1000.9,405.7,93.8677,93.8729,93.8106,0.0572,0.0624,0.0052
685,999.3,337.8,93.8718,93.8770,93.8140,0.0578,0.0630,0.0052
686,1000.9,370.8,93.8759,93.8811,93.8176,0.0583,0.0635,0.0052
687,999.1,467.6,93.8800,93.8852,93.8211,0.0589,0.0641,0.0052
688,999.9,386.4,93.8841,93.8893,93.8247,0.0594,0.0646,0.0052
689,1000.3,465.1,93.8882,93.8933,93.8323,0.0559,0.0610,0.0052
690,998.0,388.9,93.8922,93.8974,93.8362,0.0561,0.0612,0.0052
691,1000.7,466.4,93.8963,93.9015,93.8362,0.0601,0.0653,0.0052
692,999.3,385.2,93.9003,93.9055,93.8401,0.0602,0.0654,0.0052
693,1001.8,469.1,93.9044,93.9096,93.8443,0.0601,0.0653,0.0052
694,1005.6,403.3,93.9084,93.9136,93.8525,0.0560,0.0611,0.0052
695,995.5,438.8,93.9125,93.9176,93.8525,0.0600,0.0652,0.0052
696,998.8,358.8,93.9165,93.9217,93.8603,0.0562,0.0614,0.0052
697,1000.0,466.5,93.9205,93.9257,93.8646,0.0559,0.0611,0.0052
698,999.9,516.1,93.9246,93.9297,93.8689,0.0557,0.0608,0.0051
699,1006.8,399.3,93.9286,93.9337,93.8733,0.0553,0.0604,0.0051
700,997.0,390.0,93.9326,93.9377,93.8733,0.0593,0.0644,0.0051
701,999.2,346.6,93.9366,93.9417,93.8778,0.0588,0.0640,0.0051
702,998.9,356.3,93.9406,93.9457,93.8872,0.0534,0.0585,0.0051
703,1001.4,494.2,93.9446,93.9497,93.8917,0.0529,0.0580,0.0051
704,999.8,410.6,93.9486,93.9537,93.8961,0.0524,0.0576,0.0051
705,999.1,384.9,93.9525,93.9577,93.9008,0.0517,0.0568,0.0051
706,998.9,480.5,93.9565,93.9616,93.9008,0.0557,0.0608,0.0051
707,1000.3,381.3,93.9605,93.9656,93.9051,0.0554,0.0605,0.0051
708,998.9,367.4,93.9644,93.9695,93.9136,0.0508,0.0559,0.0051
709,999.8,371.4,93.9684,93.9735,93.9136,0.0548,0.0599,0.0051
710,1002.2,387.0,93.9723,93.9774,93.9231,0.0493,0.0544,0.0051
711,997.4,373.8,93.9763,93.9814,93.9277,0.0486,0.0537,0.0051
712,998.8,351.0,93.9802,93.9853,93.9277,0.0525,0.0576,0.0051
713,1002.1,394.2,93.9841,93.9892,93.9368,0.0473,0.0524,0.0051
714,999.2,388.7,93.9881,93.9932,93.9368,0.0513,0.0564,0.0051
715,1004.3,389.1,93.9920,93.9971,93.9409,0.0510,0.0561,0.0051
716,996.6,350.1,93.9959,94.0010,93.9491,0.0468,0.0519,0.0051
717,999.6,398.2,93.9998,94.0049,93.9533,0.0465,0.0516,0.0051
718,999.3,398.5,94.0037,94.0088,93.9533,0.0504,0.0555,0.0051
719,1000.2,430.0,94.0076,94.0127,93.9612,0.0464,0.0515,0.0051
720,1001.6,418.0,94.0115,94.0165,93.9612,0.0503,0.0554,0.0051
721,1001.8,411.2,94.0153,94.0204,93.9653,0.0500,0.0551,0.0051
722,999.3,350.2,94.0192,94.0243,93.9697,0.0496,0.0546,0.0051
723,1000.9,426.5,94.0231,94.0282,93.9793,0.0438,0.0488,0.0051
724,999.1,347.6,94.0269,94.0320,93.9793,0.0476,0.0527,0.0051
725,1002.0,397.9,94.0308,94.0359,93.9868,0.0440,0.0490,0.0051
726,996.3,489.6,94.0346,94.0397,93.9868,0.0478,0.0529,0.0051
727,1000.1,404.3,94.0385,94.0435,93.9916,0.0469,0.0519,0.0051
728,1000.3,485.5,94.0423,94.0474,93.9993,0.0430,0.0481,0.0051
729,999.8,398.3,94.0461,94.0512,93.9993,0.0468,0.0519,0.0051
730,999.8,351.5,94.0500,94.0550,94.0032,0.0467,0.0518,0.0051
731,1003.0,406.6,94.0538,94.0588,94.0115,0.0423,0.0474,0.0050
732,997.2,346.0,94.0576,94.0626,94.0115,0.0461,0.0512,0.0050
733,1000.5,517.5,94.0614,94.0664,94.0153,0.0461,0.0512,0.0050
734,999.4,404.6,94.0652,94.0702,94.0229,0.0423,0.0473,0.0050
735,1001.3,366.4,94.0690,94.0740,94.0266,0.0424,0.0475,0.0050
736,998.0,438.9,94.0728,94.0778,94.0302,0.0426,0.0476,0.0050
737,1003.4,524.6,94.0766,94.0816,94.0336,0.0429,0.0479,0.0050
738,996.6,419.2,94.0803,94.0854,94.0373,0.0430,0.0481,0.0050
739,1001.8,535.5,94.0841,94.0891,94.0373,0.0468,0.0518,0.0050
740,1000.0,398.9,94.0879,94.0929,94.0406,0.0472,0.0522,0.0050
741,998.9,431.1,94.0916,94.0966,94.0472,0.0444,0.0494,0.0050
742,1000.1,551.3,94.0954,94.1004,94.0472,0.0481,0.0531,0.0050
743,994.5,414.2,94.0991,94.1041,94.0472,0.0519,0.0569,0.0050
744,997.4,395.4,94.1028,94.1078,94.0510,0.0518,0.0569,0.0050
745,1009.5,797.3,94.1066,94.1116,94.0545,0.0520,0.0570,0.0050
746,1003.1,382.2,94.1103,94.1153,94.0617,0.0486,0.0536,0.0050
747,996.1,555.0,94.1140,94.1190,94.0617,0.0523,0.0573,0.0050
748,998.0,411.4,94.1177,94.1227,94.0652,0.0525,0.0575,0.0050
749,998.6,501.1,94.1214,94.1264,94.0686,0.0528,0.0578,0.0050
750,999.7,501.5,94.1251,94.1301,94.0720,0.0531,0.0581,0.0050
751,1000.6,405.1,94.1288,94.1338,94.0756,0.0532,0.0582,0.0050
752,999.5,505.8,94.1325,94.1375,94.0788,0.0536,0.0586,0.0050
753,1000.1,502.4,94.1362,94.1411,94.0820,0.0541,0.0591,0.0050
754,999.8,526.1,94.1398,94.1448,94.0853,0.0545,0.0595,0.0050
755,1001.1,364.9,94.1435,94.1485,94.0890,0.0545,0.0595,0.0050
756,1006.1,408.9,94.1471,94.1521,94.0959,0.0513,0.0562,0.0050
757,994.1,407.4,94.1508,94.1558,94.0959,0.0549,0.0599,0.0050
758,1001.2,413.1,94.1544,94.1594,94.1034,0.0510,0.0560,0.0050
759,999.4,402.4,94.1581,94.1630,94.1034,0.0547,0.0596,0.0050
760,1000.5,410.4,94.1617,94.1667,94.1070,0.0547,0.0597,0.0050
761,1003.6,432.7,94.1653,94.1703,94.1139,0.0514,0.0564,0.0050
762,996.5,379.0,94.1690,94.1739,94.1139,0.0550,0.0600,0.0049
763,999.7,376.6,94.1726,94.1775,94.1212,0.0513,0.0563,0.0049
764,1003.0,495.6,94.1762,94.1811,94.1212,0.0549,0.0599,0.0049
765,999.5,397.1,94.1798,94.1847,94.1249,0.0549,0.0598,0.0049
766,1000.2,414.1,94.1834,94.1883,94.1327,0.0507,0.0556,0.0049
767,1000.1,481.7,94.1870,94.1919,94.1366,0.0503,0.0553,0.0049
768,999.7,550.8,94.1905,94.1955,94.1406,0.0499,0.0548,0.0049
769,1000.2,445.9,94.1941,94.1990,94.1448,0.0493,0.0542,0.0049
770,998.1,555.3,94.1977,94.2026,94.1448,0.0528,0.0578,0.0049
771,1000.6,361.1,94.2012,94.2062,94.1493,0.0520,0.0569,0.0049
772,999.3,368.4,94.2048,94.2097,94.1535,0.0513,0.0563,0.0049
773,999.9,565.6,94.2083,94.2133,94.1614,0.0469,0.0518,0.0049
774,1001.2,371.2,94.2119,94.2168,94.1614,0.0505,0.0554,0.0049
775,999.3,345.9,94.2154,94.2203,94.1699,0.0456,0.0505,0.0049
776,1000.1,388.9,94.2189,94.2239,94.1699,0.0491,0.0540,0.0049
777,1005.1,375.0,94.2225,94.2274,94.1739,0.0485,0.0534,0.0049
778,997.2,644.1,94.2260,94.2309,94.1828,0.0432,0.0481,0.0049
779,1009.2,395.8,94.2295,94.2344,94.1870,0.0425,0.0474,0.0049
780,999.7,376.8,94.2330,94.2379,94.1912,0.0418,0.0467,0.0049
781,988.5,392.8,94.2365,94.2414,94.1912,0.0453,0.0502,0.0049
782,999.6,520.7,94.2400,94.2449,94.1954,0.0446,0.0495,0.0049
783,1000.0,523.3,94.2435,94.2483,94.1997,0.0437,0.0486,0.0049
784,999.3,354.4,94.2469,94.2518,94.2074,0.0396,0.0445,0.0049
785,1005.0,386.3,94.2504,94.2553,94.2074,0.0430,0.0479,0.0049
786,998.1,521.2,94.2539,94.2587,94.2148,0.0390,0.0439,0.0049
787,1000.1,530.1,94.2573,94.2622,94.2148,0.0425,0.0474,0.0049
788,999.9,371.1,94.2608,94.2656,94.2222,0.0386,0.0435,0.0049
789,1000.1,395.1,94.2642,94.2691,94.2222,0.0420,0.0469,0.0049
790,999.6,379.0,94.2677,94.2725,94.2259,0.0417,0.0466,0.0049
791,998.0,398.8,94.2711,94.2759,94.2300,0.0411,0.0459,0.0049
792,1001.3,356.7,94.2745,94.2794,94.2339,0.0406,0.0455,0.0049
793,1000.2,610.2,94.2779,94.2828,94.2416,0.0363,0.0412,0.0048
794,1001.2,437.2,94.2813,94.2862,94.2416,0.0398,0.0446,0.0048
795,998.1,742.8,94.2847,94.2896,94.2494,0.0354,0.0402,0.0048
796,1001.1,394.2,94.2881,94.2930,94.2530,0.0351,0.0399,0.0048
797,997.8,350.6,94.2915,94.2964,94.2530,0.0385,0.0433,0.0048
798,1001.0,360.9,94.2949,94.2997,94.2567,0.0382,0.0430,0.0048
799,999.3,357.0,94.2983,94.3031,94.2608,0.0375,0.0423,0.0048
800,1000.6,343.2,94.3017,94.3065,94.2646,0.0370,0.0418,0.0048
801,999.5,349.4,94.3050,94.3098,94.2685,0.0365,0.0413,0.0048
802,999.5,350.8,94.3084,94.3132,94.2723,0.0361,0.0409,0.0048
803,1000.0,363.1,94.3117,94.3165,94.2764,0.0354,0.0402,0.0048
804,1000.2,341.0,94.3151,94.3199,94.2801,0.0349,0.0398,0.0048
805,1000.2,345.0,94.3184,94.3232,94.2838,0.0346,0.0394,0.0048
806,1000.7,342.8,94.3217,94.3265,94.2875,0.0343,0.0391,0.0048
807,1002.2,362.4,94.3251,94.3299,94.2912,0.0338,0.0386,0.0048
808,1000.1,384.7,94.3284,94.3332,94.2981,0.0303,0.0351,0.0048
809,999.6,368.7,94.3317,94.3365,94.2981,0.0336,0.0384,0.0048
810,999.8,355.0,94.3350,94.3398,94.3014,0.0336,0.0383,0.0048
811,1002.6,389.3,94.3383,94.3431,94.3082,0.0301,0.0349,0.0048
812,997.8,340.0,94.3416,94.3464,94.3082,0.0334,0.0382,0.0048
813,998.1,371.9,94.3449,94.3496,94.3115,0.0334,0.0382,0.0048
814,1000.0,366.7,94.3481,94.3529,94.3147,0.0335,0.0382,0.0048
815,1000.0,371.2,94.3514,94.3562,94.3181,0.0333,0.0381,0.0048
816,1001.1,445.3,94.3547,94.3594,94.3212,0.0335,0.0383,0.0048
817,999.7,408.7,94.3579,94.3627,94.3241,0.0338,0.0386,0.0048
818,998.0,589.9,94.3612,94.3659,94.3300,0.0311,0.0359,0.0048
819,999.9,409.4,94.3644,94.3692,94.3300,0.0344,0.0391,0.0048
820,999.8,423.8,94.3677,94.3724,94.3326,0.0350,0.0398,0.0048
821,1001.3,419.8,94.3709,94.3756,94.3350,0.0359,0.0407,0.0048
822,999.0,445.1,94.3741,94.3789,94.3398,0.0343,0.0390,0.0048
823,1001.7,424.4,94.3773,94.3821,94.3398,0.0375,0.0423,0.0047
824,999.6,377.6,94.3805,94.3853,94.3421,0.0384,0.0431,0.0047
825,998.3,583.8,94.3837,94.3885,94.3446,0.0392,0.0439,0.0047
826,1000.9,357.7,94.3869,94.3917,94.3471,0.0399,0.0446,0.0047
827,999.0,387.1,94.3901,94.3948,94.3498,0.0403,0.0451,0.0047
828,1003.2,419.2,94.3933,94.3980,94.3550,0.0383,0.0431,0.0047
829,1000.5,387.9,94.3965,94.4012,94.3550,0.0415,0.0462,0.0047
830,999.2,399.5,94.3996,94.4044,94.3576,0.0420,0.0467,0.0047
831,1000.1,415.0,94.4028,94.4075,94.3633,0.0395,0.0442,0.0047
832,999.9,390.0,94.4059,94.4107,94.3633,0.0427,0.0474,0.0047
833,999.9,409.3,94.4091,94.4138,94.3660,0.0431,0.0478,0.0047
834,998.1,351.4,94.4122,94.4169,94.3687,0.0435,0.0482,0.0047
835,1002.1,406.0,94.4154,94.4201,94.3744,0.0410,0.0457,0.0047
836,999.4,407.4,94.4185,94.4232,94.3744,0.0441,0.0488,0.0047
837,999.1,381.1,94.4216,94.4263,94.3773,0.0444,0.0491,0.0047
838,1000.9,431.4,94.4247,94.4294,94.3829,0.0418,0.0465,0.0047
839,998.1,395.6,94.4278,94.4325,94.3829,0.0449,0.0496,0.0047
840,999.2,334.6,94.4309,94.4356,94.3856,0.0453,0.0500,0.0047
841,1000.7,409.2,94.4340,94.4387,94.3884,0.0457,0.0503,0.0047
842,999.7,335.7,94.4371,94.4418,94.3912,0.0460,0.0506,0.0047
843,1003.2,402.0,94.4402,94.4449,94.3973,0.0429,0.0476,0.0047
844,996.8,413.4,94.4433,94.4479,94.3973,0.0460,0.0507,0.0047
845,1000.0,415.4,94.4463,94.4510,94.4004,0.0460,0.0506,0.0047
846,1000.9,364.5,94.4494,94.4541,94.4036,0.0458,0.0504,0.0047
847,999.5,386.7,94.4524,94.4571,94.4072,0.0452,0.0499,0.0047
848,999.7,359.8,94.4555,94.4601,94.4106,0.0449,0.0496,0.0047
849,1003.1,361.8,94.4585,94.4632,94.4138,0.0447,0.0494,0.0047
850,999.9,397.4,94.4616,94.4662,94.4202,0.0413,0.0460,0.0047
851,999.7,388.9,94.4646,94.4692,94.4202,0.0444,0.0490,0.0047
852,1000.0,394.4,94.4676,94.4722,94.4232,0.0444,0.0490,0.0046
853,999.5,400.1,94.4706,94.4752,94.4263,0.0443,0.0490,0.0046
854,1000.3,390.8,94.4736,94.4782,94.4294,0.0442,0.0489,0.0046
855,1000.1,389.8,94.4766,94.4812,94.4358,0.0408,0.0454,0.0046
856,998.4,356.3,94.4796,94.4842,94.4358,0.0438,0.0484,0.0046
857,1000.9,364.9,94.4826,94.4872,94.4389,0.0436,0.0482,0.0046
858,1003.3,404.9,94.4855,94.4902,94.4458,0.0398,0.0444,0.0046
859,998.5,403.1,94.4885,94.4931,94.4458,0.0427,0.0474,0.0046
860,996.6,378.3,94.4915,94.4961,94.4492,0.0423,0.0469,0.0046
861,999.6,404.5,94.4944,94.4990,94.4526,0.0418,0.0464,0.0046
862,1000.1,377.7,94.4974,94.5020,94.4559,0.0415,0.0461,0.0046
863,1000.8,405.8,94.5003,94.5049,94.4592,0.0411,0.0457,0.0046
864,998.3,348.1,94.5032,94.5079,94.4623,0.0409,0.0455,0.0046
865,1003.8,383.7,94.5062,94.5108,94.4655,0.0407,0.0453,0.0046
866,996.9,348.7,94.5091,94.5137,94.4685,0.0406,0.0452,0.0046
867,1001.8,376.8,94.5120,94.5166,94.4717,0.0403,0.0449,0.0046
868,998.1,382.8,94.5149,94.5195,94.4747,0.0403,0.0448,0.0046
869,1000.4,740.6,94.5178,94.5224,94.4775,0.0403,0.0448,0.0046
870,1001.0,403.1,94.5207,94.5253,94.4838,0.0369,0.0415,0.0046
871,1002.4,410.1,94.5236,94.5282,94.4838,0.0398,0.0444,0.0046
872,999.6,391.5,94.5265,94.5310,94.4869,0.0396,0.0442,0.0046
873,999.8,405.3,94.5293,94.5339,94.4900,0.0393,0.0439,0.0046
874,1001.6,344.3,94.5322,94.5368,94.4931,0.0391,0.0436,0.0046
875,1000.1,385.9,94.5350,94.5396,94.4965,0.0386,0.0432,0.0046
876,998.1,414.7,94.5379,94.5425,94.4996,0.0383,0.0428,0.0046
877,1000.2,386.6,94.5407,94.5453,94.5029,0.0378,0.0424,0.0046
878,998.3,355.4,94.5436,94.5481,94.5063,0.0373,0.0419,0.0046
879,1011.0,404.1,94.5464,94.5510,94.5128,0.0336,0.0382,0.0046
880,988.3,367.2,94.5492,94.5538,94.5128,0.0365,0.0410,0.0045
881,999.4,402.0,94.5520,94.5566,94.5159,0.0362,0.0407,0.0045
882,1000.2,346.9,94.5548,94.5594,94.5189,0.0359,0.0405,0.0045
883,1000.9,388.5,94.5576,94.5622,94.5222,0.0355,0.0400,0.0045
884,997.4,368.8,94.5604,94.5650,94.5252,0.0353,0.0398,0.0045
885,1001.0,362.1,94.5632,94.5678,94.5282,0.0350,0.0395,0.0045
886,1001.0,383.1,94.5660,94.5705,94.5313,0.0347,0.0392,0.0045
887,999.6,374.0,94.5688,94.5733,94.5353,0.0335,0.0380,0.0045
888,999.6,400.7,94.5715,94.5761,94.5417,0.0298,0.0344,0.0045
889,1000.4,381.8,94.5743,94.5788,94.5417,0.0326,0.0371,0.0045
890,1000.2,328.9,94.5770,94.5816,94.5447,0.0323,0.0368,0.0045
891,1002.6,382.2,94.5798,94.5843,94.5481,0.0317,0.0362,0.0045
892,999.8,394.6,94.5825,94.5870,94.5511,0.0314,0.0359,0.0045
893,1000.2,424.2,94.5853,94.5898,94.5570,0.0283,0.0328,0.0045
894,1000.0,420.4,94.5880,94.5925,94.5570,0.0310,0.0355,0.0045
895,1000.2,433.1,94.5907,94.5952,94.5600,0.0307,0.0352,0.0045
896,999.5,391.9,94.5934,94.5979,94.5628,0.0306,0.0351,0.0045
897,1000.6,362.1,94.5961,94.6006,94.5657,0.0304,0.0349,0.0045
898,999.8,388.3,94.5988,94.6033,94.5686,0.0302,0.0347,0.0045
899,997.7,385.2,94.6015,94.6060,94.5717,0.0297,0.0342,0.0045
900,1002.6,409.1,94.6042,94.6086,94.5777,0.0264,0.0309,0.0045
901,997.8,396.6,94.6068,94.6113,94.5777,0.0291,0.0336,0.0045
902,1000.1,384.8,94.6095,94.6140,94.5808,0.0287,0.0331,0.0045
903,999.8,415.5,94.6121,94.6166,94.5868,0.0253,0.0298,0.0045
904,1000.1,401.4,94.6148,94.6193,94.5868,0.0280,0.0324,0.0045
905,999.9,338.3,94.6174,94.6219,94.5894,0.0280,0.0325,0.0045
906,1001.0,354.4,94.6201,94.6245,94.5919,0.0281,0.0326,0.0045
907,1000.4,817.8,94.6227,94.6272,94.5947,0.0280,0.0325,0.0045
908,999.1,385.6,94.6253,94.6298,94.5947,0.0307,0.0351,0.0044
909,1001.7,419.5,94.6279,94.6324,94.5971,0.0308,0.0353,0.0044
910,999.2,400.2,94.6305,94.6350,94.5995,0.0310,0.0355,0.0044
911,1001.1,413.5,94.6331,94.6376,94.6045,0.0286,0.0330,0.0044
912,999.1,398.7,94.6357,94.6402,94.6045,0.0312,0.0356,0.0044
913,1004.5,414.4,94.6383,94.6428,94.6091,0.0292,0.0336,0.0044
914,996.3,405.9,94.6409,94.6453,94.6091,0.0318,0.0362,0.0044
915,999.0,350.4,94.6435,94.6479,94.6117,0.0318,0.0362,0.0044
916,1000.9,406.8,94.6460,94.6505,94.6141,0.0319,0.0363,0.0044
917,999.6,384.8,94.6486,94.6530,94.6168,0.0318,0.0363,0.0044
918,999.1,356.8,94.6511,94.6556,94.6194,0.0317,0.0361,0.0044
919,1000.3,410.4,94.6537,94.6581,94.6222,0.0315,0.0359,0.0044
920,1000.0,411.7,94.6562,94.6606,94.6247,0.0316,0.0360,0.0044
921,998.5,413.6,94.6588,94.6632,94.6271,0.0317,0.0361,0.0044
922,1000.0,389.1,94.6613,94.6657,94.6296,0.0317,0.0361,0.0044
923,999.8,411.3,94.6638,94.6682,94.6322,0.0316,0.0359,0.0044
924,1000.1,388.1,94.6663,94.6707,94.6347,0.0316,0.0360,0.0044
925,999.9,377.3,94.6688,94.6732,94.6371,0.0317,0.0361,0.0044
926,1000.7,392.9,94.6713,94.6757,94.6394,0.0319,0.0362,0.0044
927,1019.6,389.4,94.6738,94.6781,94.6439,0.0299,0.0342,0.0044
928,989.3,392.6,94.6762,94.6806,94.6461,0.0302,0.0345,0.0044
929,991.5,363.0,94.6787,94.6831,94.6461,0.0326,0.0370,0.0044
930,1001.3,354.6,94.6812,94.6855,94.6483,0.0329,0.0373,0.0044
931,999.5,356.5,94.6836,94.6880,94.6509,0.0328,0.0371,0.0044
932,999.3,357.9,94.6861,94.6904,94.6534,0.0326,0.0370,0.0044
933,999.2,351.9,94.6885,94.6929,94.6560,0.0325,0.0369,0.0044
934,1001.7,363.9,94.6910,94.6953,94.6585,0.0325,0.0368,0.0044
935,1000.6,352.9,94.6934,94.6977,94.6611,0.0323,0.0366,0.0044
936,999.6,368.8,94.6958,94.7001,94.6636,0.0322,0.0365,0.0043
937,1001.4,311.6,94.6982,94.7026,94.6661,0.0321,0.0365,0.0043
938,1002.0,377.2,94.7006,94.7050,94.6685,0.0321,0.0364,0.0043
939,996.6,346.7,94.7030,94.7074,94.6714,0.0316,0.0360,0.0043
940,1000.1,352.0,94.7054,94.7097,94.6740,0.0314,0.0358,0.0043
941,1003.6,384.6,94.7078,94.7121,94.6765,0.0312,0.0356,0.0043
942,994.3,354.2,94.7102,94.7145,94.6791,0.0311,0.0354,0.0043
943,1000.3,421.3,94.7125,94.7169,94.6819,0.0306,0.0349,0.0043
944,999.5,404.6,94.7149,94.7192,94.6846,0.0303,0.0347,0.0043
945,999.6,404.2,94.7172,94.7216,94.6870,0.0302,0.0345,0.0043
946,999.5,343.8,94.7196,94.7239,94.6894,0.0302,0.0345,0.0043
947,1002.4,354.0,94.7219,94.7262,94.6919,0.0301,0.0344,0.0043
948,998.7,352.0,94.7243,94.7286,94.6942,0.0301,0.0344,0.0043
949,997.9,344.1,94.7266,94.7309,94.6965,0.0301,0.0344,0.0043
950,1000.2,326.4,94.7289,94.7332,94.6991,0.0298,0.0341,0.0043
951,1002.7,361.4,94.7312,94.7355,94.7018,0.0294,0.0337,0.0043
952,998.2,328.0,94.7335,94.7378,94.7043,0.0292,0.0335,0.0043
953,1003.5,349.2,94.7358,94.7401,94.7068,0.0290,0.0332,0.0043
954,997.1,342.9,94.7381,94.7424,94.7095,0.0286,0.0329,0.0043
955,1000.0,323.6,94.7404,94.7447,94.7120,0.0283,0.0326,0.0043
956,1005.8,366.2,94.7426,94.7469,94.7148,0.0279,0.0322,0.0043
957,997.9,363.4,94.7449,94.7492,94.7173,0.0276,0.0319,0.0043
958,998.0,353.7,94.7472,94.7514,94.7197,0.0275,0.0317,0.0043
959,1000.8,359.5,94.7494,94.7537,94.7219,0.0275,0.0317,0.0043
960,999.9,375.5,94.7517,94.7559,94.7243,0.0274,0.0316,0.0043
961,1001.6,366.1,94.7539,94.7582,94.7265,0.0274,0.0317,0.0043
962,998.4,351.6,94.7561,94.7604,94.7287,0.0275,0.0317,0.0043
963,997.6,360.8,94.7583,94.7626,94.7308,0.0276,0.0318,0.0042
964,998.7,328.1,94.7606,94.7648,94.7328,0.0278,0.0320,0.0042
965,1001.4,340.5,94.7628,94.7670,94.7350,0.0278,0.0320,0.0042
966,998.2,337.6,94.7650,94.7692,94.7370,0.0279,0.0322,0.0042
967,999.9,341.7,94.7672,94.7714,94.7392,0.0279,0.0322,0.0042
968,1000.1,385.4,94.7693,94.7736,94.7415,0.0279,0.0321,0.0042
969,1000.0,366.3,94.7715,94.7757,94.7438,0.0277,0.0319,0.0042
970,1000.0,381.1,94.7737,94.7779,94.7459,0.0278,0.0320,0.0042
971,999.8,373.9,94.7758,94.7801,94.7481,0.0277,0.0320,0.0042
972,1000.4,380.8,94.7780,94.7822,94.7503,0.0277,0.0319,0.0042
973,1002.3,396.1,94.7801,94.7844,94.7527,0.0274,0.0316,0.0042
974,999.3,384.5,94.7823,94.7865,94.7550,0.0273,0.0315,0.0042
975,999.6,397.9,94.7844,94.7886,94.7573,0.0271,0.0313,0.0042
976,1000.5,356.1,94.7865,94.7907,94.7597,0.0268,0.0310,0.0042
977,1012.8,424.7,94.7887,94.7929,94.7649,0.0238,0.0280,0.0042
978,981.4,351.0,94.7908,94.7950,94.7649,0.0259,0.0301,0.0042
979,1008.0,396.3,94.7929,94.7971,94.7673,0.0256,0.0298,0.0042
980,999.0,370.6,94.7950,94.7992,94.7696,0.0253,0.0295,0.0042
981,999.3,389.3,94.7971,94.8012,94.7721,0.0249,0.0291,0.0042
982,1000.0,366.6,94.7991,94.8033,94.7744,0.0247,0.0289,0.0042
983,1001.6,355.6,94.8012,94.8054,94.7768,0.0244,0.0286,0.0042
984,997.6,417.6,94.8033,94.8074,94.7793,0.0240,0.0282,0.0042
985,999.1,390.8,94.8053,94.8095,94.7820,0.0234,0.0275,0.0042
986,998.2,334.2,94.8074,94.8115,94.7844,0.0230,0.0271,0.0042
987,1004.4,369.5,94.8094,94.8136,94.7868,0.0227,0.0268,0.0042
988,995.9,408.5,94.8115,94.8156,94.7891,0.0224,0.0265,0.0042
989,1000.3,392.8,94.8135,94.8176,94.7915,0.0220,0.0261,0.0042
990,999.8,372.4,94.8155,94.8197,94.7937,0.0218,0.0259,0.0041
991,1000.0,365.6,94.8175,94.8217,94.7961,0.0214,0.0256,0.0041
992,999.7,375.1,94.8195,94.8237,94.7985,0.0210,0.0251,0.0041
993,1000.0,390.0,94.8215,94.8257,94.8013,0.0203,0.0244,0.0041
994,1000.8,388.7,94.8235,94.8276,94.8038,0.0198,0.0239,0.0041
995,1001.5,414.5,94.8255,94.8296,94.8061,0.0194,0.0235,0.0041
996,999.3,385.7,94.8275,94.8316,94.8083,0.0192,0.0233,0.0041
997,1000.2,471.4,94.8294,94.8336,94.8126,0.0168,0.0209,0.0041
998,995.7,329.3,94.8314,94.8355,94.8126,0.0188,0.0229,0.0041
999,1009.2,358.4,94.8334,94.8375,94.8147,0.0186,0.0228,0.0041
1000,995.4,386.1,94.8353,94.8394,94.8168,0.0185,0.0226,0.0041
1001,1003.6,380.4,94.8372,94.8413,94.8191,0.0182,0.0223,0.0041
1002,997.7,357.0,94.8392,94.8433,94.8211,0.0181,0.0222,0.0041
1003,1000.9,393.0,94.8411,94.8452,94.8230,0.0181,0.0222,0.0041
1004,999.5,400.3,94.8430,94.8471,94.8250,0.0180,0.0221,0.0041
1005,999.0,370.1,94.8449,94.8490,94.8270,0.0179,0.0220,0.0041
1006,1011.8,392.1,94.8468,94.8509,94.8290,0.0178,0.0219,0.0041
1007,992.2,363.4,94.8487,94.8528,94.8309,0.0178,0.0219,0.0041
1008,999.6,370.5,94.8506,94.8547,94.8328,0.0178,0.0219,0.0041
1009,3923.4,371.6,94.8525,94.8565,94.8404,0.0121,0.0162,0.0041
1010,377.8,506.1,94.8543,94.8584,94.8425,0.0118,0.0159,0.0041
1011,509.8,273.1,94.8562,94.8603,94.8425,0.0137,0.0178,0.0041
1012,275.2,282.8,94.8581,94.8621,94.8445,0.0136,0.0176,0.0041
1013,285.7,438.1,94.8599,94.8640,94.8445,0.0154,0.0195,0.0041
1014,617.1,310.3,94.8617,94.8658,94.8445,0.0173,0.0213,0.0041
1015,1015.6,344.0,94.8636,94.8676,94.8464,0.0171,0.0212,0.0041
1016,993.5,406.3,94.8654,94.8695,94.8482,0.0172,0.0213,0.0041
1017,1000.1,382.4,94.8672,94.8713,94.8498,0.0174,0.0215,0.0040
1018,999.2,421.8,94.8690,94.8731,94.8512,0.0178,0.0218,0.0040
1019,995.9,375.1,94.8708,94.8749,94.8528,0.0181,0.0221,0.0040
1020,996.8,403.1,94.8726,94.8767,94.8544,0.0182,0.0223,0.0040
1021,999.0,341.0,94.8744,94.8784,94.8563,0.0181,0.0221,0.0040
1022,1003.6,377.8,94.8762,94.8802,94.8580,0.0182,0.0222,0.0040
1023,998.7,360.1,94.8780,94.8820,94.8597,0.0183,0.0223,0.0040
1024,997.4,387.0,94.8797,94.8838,94.8611,0.0186,0.0227,0.0040
1025,1000.4,378.2,94.8815,94.8855,94.8627,0.0187,0.0228,0.0040
1026,999.5,365.7,94.8832,94.8872,94.8642,0.0190,0.0230,0.0040
1027,999.6,367.3,94.8850,94.8890,94.8658,0.0191,0.0231,0.0040
1028,1000.3,361.7,94.8867,94.8907,94.8674,0.0193,0.0233,0.0040
1029,998.8,362.6,94.8884,94.8924,94.8691,0.0194,0.0234,0.0040
1030,1000.2,353.4,94.8902,94.8942,94.8705,0.0196,0.0236,0.0040
1031,1000.1,369.2,94.8919,94.8959,94.8721,0.0198,0.0238,0.0040
1032,1000.3,341.0,94.8936,94.8976,94.8737,0.0198,0.0238,0.0040
1033,1009.0,364.5,94.8953,94.8993,94.8755,0.0198,0.0238,0.0040
1034,991.0,383.8,94.8970,94.9009,94.8775,0.0194,0.0234,0.0040
1035,999.6,361.5,94.8986,94.9026,94.8793,0.0193,0.0233,0.0040
1036,1000.5,381.2,94.9003,94.9043,94.8811,0.0193,0.0232,0.0040
1037,999.9,359.6,94.9020,94.9059,94.8828,0.0192,0.0231,0.0040
1038,1000.6,381.2,94.9036,94.9076,94.8844,0.0192,0.0232,0.0040
1039,1000.1,334.6,94.9053,94.9092,94.8861,0.0192,0.0231,0.0040
1040,1001.6,301.9,94.9069,94.9109,94.8879,0.0190,0.0230,0.0040
1041,1013.8,386.8,94.9086,94.9125,94.8899,0.0186,0.0226,0.0040
1042,987.7,314.2,94.9102,94.9141,94.8918,0.0183,0.0223,0.0040
1043,996.4,333.8,94.9118,94.9158,94.8937,0.0181,0.0221,0.0039
1044,1014.9,448.2,94.9134,94.9174,94.8953,0.0181,0.0220,0.0039
1045,1009.0,478.1,94.9150,94.9190,94.8987,0.0164,0.0203,0.0039
1046,990.8,375.3,94.9166,94.9206,94.8987,0.0180,0.0219,0.0039
1047,1008.6,387.7,94.9182,94.9221,94.9020,0.0162,0.0202,0.0039
1048,985.0,401.2,94.9198,94.9237,94.9020,0.0178,0.0217,0.0039
1049,999.3,396.6,94.9214,94.9253,94.9037,0.0176,0.0216,0.0039
1050,998.6,382.2,94.9229,94.9269,94.9054,0.0176,0.0215,0.0039
1051,999.5,384.8,94.9245,94.9284,94.9069,0.0176,0.0215,0.0039
1052,1000.0,388.3,94.9260,94.9300,94.9085,0.0175,0.0214,0.0039
1053,1000.0,389.1,94.9276,94.9315,94.9102,0.0174,0.0213,0.0039
1054,999.9,378.1,94.9291,94.9330,94.9116,0.0175,0.0214,0.0039
1055,1000.1,363.2,94.9307,94.9346,94.9132,0.0175,0.0214,0.0039
1056,1000.7,422.0,94.9322,94.9361,94.9147,0.0174,0.0213,0.0039
1057,1001.4,388.9,94.9337,94.9376,94.9163,0.0174,0.0213,0.0039
1058,998.5,399.7,94.9352,94.9391,94.9182,0.0170,0.0209,0.0039
1059,999.7,355.9,94.9367,94.9406,94.9199,0.0168,0.0207,0.0039
1060,1001.9,420.3,94.9382,94.9421,94.9215,0.0166,0.0205,0.0039
1061,1001.3,787.1,94.9397,94.9435,94.9251,0.0146,0.0185,0.0039
1062,993.5,305.6,94.9411,94.9450,94.9251,0.0160,0.0199,0.0039
1063,1017.4,399.8,94.9426,94.9465,94.9267,0.0159,0.0197,0.0039
1064,989.5,429.2,94.9441,94.9479,94.9287,0.0153,0.0192,0.0039
1065,1001.3,401.9,94.9455,94.9494,94.9304,0.0151,0.0189,0.0039
1066,999.0,401.9,94.9470,94.9508,94.9323,0.0147,0.0185,0.0039
1067,1000.0,354.0,94.9484,94.9522,94.9339,0.0145,0.0183,0.0039
1068,4075.8,451.2,94.9498,94.9537,94.9415,0.0083,0.0122,0.0039
1069,456.7,2391.0,94.9512,94.9551,94.9415,0.0097,0.0136,0.0038
1070,2397.9,374.0,94.9527,94.9565,94.9439,0.0087,0.0126,0.0038
1071,379.4,489.9,94.9541,94.9579,94.9450,0.0091,0.0129,0.0038
1072,493.6,264.9,94.9555,94.9593,94.9450,0.0105,0.0143,0.0038
1073,270.8,349.7,94.9568,94.9607,94.9461,0.0108,0.0146,0.0038
1074,355.0,376.9,94.9582,94.9621,94.9461,0.0122,0.0160,0.0038
1075,381.7,279.1,94.9596,94.9634,94.9461,0.0135,0.0174,0.0038
1076,284.0,327.8,94.9610,94.9648,94.9471,0.0139,0.0177,0.0038
1077,905.8,366.0,94.9623,94.9661,94.9471,0.0152,0.0190,0.0038
1078,998.8,367.9,94.9637,94.9675,94.9483,0.0154,0.0192,0.0038
1079,1000.2,356.8,94.9650,94.9688,94.9494,0.0156,0.0194,0.0038
1080,999.9,352.5,94.9664,94.9702,94.9505,0.0159,0.0197,0.0038
1081,1002.0,365.7,94.9677,94.9715,94.9515,0.0162,0.0200,0.0038
1082,999.5,353.8,94.9690,94.9728,94.9527,0.0163,0.0201,0.0038
1083,1002.4,363.0,94.9703,94.9741,94.9540,0.0163,0.0201,0.0038
1084,995.1,363.2,94.9716,94.9754,94.9540,0.0176,0.0214,0.0038
1085,1002.8,348.6,94.9729,94.9767,94.9552,0.0177,0.0215,0.0038
1086,999.8,358.3,94.9742,94.9780,94.9567,0.0175,0.0213,0.0038
1087,1000.0,339.0,94.9755,94.9793,94.9582,0.0173,0.0211,0.0038
1088,1000.2,358.0,94.9768,94.9805,94.9596,0.0172,0.0209,0.0038
1089,999.9,357.7,94.9780,94.9818,94.9611,0.0170,0.0207,0.0038
1090,1001.6,351.2,94.9793,94.9831,94.9626,0.0167,0.0205,0.0038
1091,998.1,355.1,94.9805,94.9843,94.9641,0.0165,0.0202,0.0038
1092,1000.1,350.5,94.9818,94.9855,94.9656,0.0162,0.0200,0.0038
1093,1000.2,387.8,94.9830,94.9868,94.9672,0.0158,0.0196,0.0038
1094,1005.0,401.8,94.9842,94.9880,94.9689,0.0153,0.0191,0.0038
1095,993.0,421.6,94.9855,94.9892,94.9705,0.0150,0.0187,0.0037
1096,1000.0,360.6,94.9867,94.9904,94.9720,0.0147,0.0184,0.0037
1097,999.7,337.8,94.9879,94.9916,94.9734,0.0145,0.0182,0.0037
1098,1000.0,363.0,94.9891,94.9928,94.9749,0.0142,0.0179,0.0037
1099,999.7,356.7,94.9903,94.9940,94.9762,0.0141,0.0178,0.0037
1100,999.7,327.5,94.9915,94.9952,94.9775,0.0139,0.0177,0.0037
1101,1003.1,360.1,94.9926,94.9964,94.9788,0.0139,0.0176,0.0037
1102,999.7,339.9,94.9938,94.9975,94.9800,0.0138,0.0175,0.0037
1103,1001.3,388.1,94.9950,94.9987,94.9824,0.0126,0.0163,0.0037
1104,1013.8,425.3,94.9961,94.9998,94.9835,0.0126,0.0163,0.0037
1105,985.8,350.6,94.9972,95.0010,94.9835,0.0138,0.0175,0.0037
1106,1017.0,383.2,94.9984,95.0021,94.9847,0.0137,0.0174,0.0037
1107,983.9,368.7,94.9995,95.0032,94.9858,0.0137,0.0174,0.0037
1108,997.2,374.3,95.0006,95.0043,94.9870,0.0137,0.0174,0.0037
1109,999.5,361.1,95.0017,95.0054,94.9881,0.0136,0.0173,0.0037
1110,999.9,362.8,95.0028,95.0065,94.9893,0.0135,0.0172,0.0037
1111,1000.3,377.2,95.0039,95.0076,94.9906,0.0134,0.0171,0.0037
1112,1000.0,359.4,95.0050,95.0087,94.9917,0.0133,0.0170,0.0037
1113,999.8,349.8,95.0061,95.0098,94.9928,0.0133,0.0170,0.0037
1114,999.5,347.5,95.0072,95.0109,94.9939,0.0133,0.0170,0.0037
1115,1001.4,357.6,95.0082,95.0119,94.9949,0.0134,0.0171,0.0037
1116,997.2,375.7,95.0093,95.0130,94.9958,0.0135,0.0172,0.0037
1117,1000.0,373.0,95.0103,95.0140,94.9967,0.0137,0.0174,0.0037
1118,1001.1,416.4,95.0114,95.0150,94.9977,0.0137,0.0174,0.0037
1119,999.0,417.0,95.0124,95.0161,94.9986,0.0138,0.0175,0.0037
1120,999.4,423.2,95.0134,95.0171,94.9995,0.0139,0.0176,0.0037
1121,1000.3,429.1,95.0145,95.0181,95.0004,0.0140,0.0177,0.0036
1122,1000.6,408.6,95.0155,95.0191,95.0014,0.0141,0.0177,0.0036
1123,999.6,393.8,95.0165,95.0201,95.0023,0.0142,0.0178,0.0036
1124,1001.6,403.9,95.0175,95.0211,95.0033,0.0142,0.0179,0.0036
1125,1000.6,371.3,95.0185,95.0221,95.0042,0.0142,0.0179,0.0036
1126,1001.9,386.0,95.0194,95.0231,95.0054,0.0141,0.0177,0.0036
1127,999.2,396.4,95.0204,95.0240,95.0065,0.0139,0.0176,0.0036
1128,1001.1,388.1,95.0214,95.0250,95.0074,0.0139,0.0175,0.0036
1129,989.1,389.4,95.0223,95.0259,95.0085,0.0138,0.0175,0.0036
1130,1000.0,366.9,95.0233,95.0269,95.0097,0.0135,0.0172,0.0036
1131,1000.4,355.3,95.0242,95.0278,95.0108,0.0134,0.0171,0.0036
1132,1007.6,384.1,95.0251,95.0288,95.0120,0.0132,0.0168,0.0036
1133,999.9,360.6,95.0261,95.0297,95.0133,0.0128,0.0164,0.0036
1134,1000.9,385.2,95.0270,95.0306,95.0146,0.0123,0.0159,0.0036
1135,998.7,395.0,95.0279,95.0315,95.0160,0.0119,0.0155,0.0036
1136,1000.4,432.6,95.0288,95.0324,95.0173,0.0115,0.0151,0.0036
1137,996.7,410.7,95.0297,95.0333,95.0186,0.0111,0.0147,0.0036
1138,999.7,389.5,95.0306,95.0342,95.0198,0.0108,0.0144,0.0036
1139,1000.7,411.9,95.0315,95.0350,95.0208,0.0107,0.0143,0.0036
1140,999.4,415.7,95.0323,95.0359,95.0218,0.0105,0.0141,0.0036
1141,1000.3,353.2,95.0332,95.0368,95.0229,0.0103,0.0139,0.0036
1142,1002.6,371.3,95.0340,95.0376,95.0240,0.0100,0.0136,0.0036
1143,997.1,412.6,95.0349,95.0384,95.0251,0.0098,0.0134,0.0036
1144,999.9,422.7,95.0357,95.0393,95.0261,0.0096,0.0132,0.0036
1145,1001.1,425.9,95.0366,95.0401,95.0272,0.0094,0.0129,0.0036
1146,999.9,420.8,95.0374,95.0409,95.0283,0.0091,0.0127,0.0036
1147,1004.7,376.2,95.0382,95.0417,95.0294,0.0088,0.0124,0.0035
1148,999.9,387.6,95.0390,95.0425,95.0305,0.0085,0.0120,0.0035
1149,999.9,361.1,95.0398,95.0433,95.0315,0.0083,0.0118,0.0035
1150,1000.0,333.1,95.0406,95.0441,95.0325,0.0081,0.0116,0.0035
1151,998.5,389.3,95.0414,95.0449,95.0334,0.0080,0.0115,0.0035
1152,1002.6,357.3,95.0421,95.0457,95.0343,0.0079,0.0114,0.0035
1153,996.1,367.6,95.0429,95.0464,95.0350,0.0079,0.0114,0.0035
1154,999.5,365.6,95.0437,95.0472,95.0359,0.0078,0.0113,0.0035
1155,1000.2,344.5,95.0444,95.0479,95.0368,0.0077,0.0112,0.0035
1156,999.7,368.4,95.0452,95.0487,95.0376,0.0075,0.0110,0.0035
1157,1000.5,366.8,95.0459,95.0494,95.0385,0.0075,0.0110,0.0035
1158,997.8,362.4,95.0466,95.0501,95.0394,0.0072,0.0107,0.0035
1159,999.8,352.1,95.0474,95.0509,95.0404,0.0070,0.0105,0.0035
1160,1000.6,351.1,95.0481,95.0516,95.0412,0.0068,0.0103,0.0035
1161,999.9,374.1,95.0488,95.0523,95.0421,0.0067,0.0102,0.0035
1162,1000.5,357.4,95.0495,95.0530,95.0429,0.0065,0.0100,0.0035
1163,999.6,367.9,95.0502,95.0536,95.0437,0.0065,0.0100,0.0035
1164,999.8,361.5,95.0508,95.0543,95.0445,0.0064,0.0099,0.0035
1165,1000.8,301.7,95.0515,95.0550,95.0453,0.0062,0.0097,0.0035
1166,1030.8,438.3,95.0522,95.0557,95.0472,0.0049,0.0084,0.0035
1167,971.1,346.4,95.0528,95.0563,95.0472,0.0056,0.0091,0.0035
1168,1000.1,352.9,95.0535,95.0570,95.0483,0.0052,0.0087,0.0035
1169,1001.8,422.9,95.0541,95.0576,95.0493,0.0048,0.0083,0.0035
1170,1000.4,392.4,95.0548,95.0582,95.0504,0.0044,0.0078,0.0035
1171,1001.6,368.2,95.0554,95.0589,95.0513,0.0041,0.0075,0.0035
1172,996.0,371.8,95.0560,95.0595,95.0521,0.0039,0.0073,0.0034
1173,1001.1,371.1,95.0566,95.0601,95.0529,0.0037,0.0072,0.0034
1174,998.2,335.5,95.0572,95.0607,95.0537,0.0035,0.0069,0.0034
1175,1000.2,320.7,95.0578,95.0613,95.0545,0.0033,0.0067,0.0034
1176,1003.5,365.1,95.0584,95.0618,95.0554,0.0031,0.0065,0.0034
1177,997.0,343.2,95.0590,95.0624,95.0562,0.0028,0.0062,0.0034
1178,998.8,358.3,95.0596,95.0630,95.0572,0.0024,0.0058,0.0034
1179,1000.0,351.5,95.0601,95.0636,95.0581,0.0020,0.0054,0.0034
1180,998.3,345.6,95.0607,95.0641,95.0590,0.0017,0.0051,0.0034
1181,999.7,363.0,95.0612,95.0646,95.0598,0.0014,0.0048,0.0034
1182,1000.4,369.9,95.0618,95.0652,95.0606,0.0011,0.0045,0.0034
1183,1000.2,378.1,95.0623,95.0657,95.0613,0.0010,0.0044,0.0034
1184,999.5,361.3,95.0628,95.0662,95.0619,0.0009,0.0043,0.0034
1185,1001.0,316.5,95.0633,95.0667,95.0624,0.0010,0.0044,0.0034
1186,1003.3,379.2,95.0639,95.0672,95.0629,0.0009,0.0043,0.0034
1187,999.3,356.9,95.0644,95.0677,95.0635,0.0009,0.0043,0.0034
1188,997.4,367.5,95.0648,95.0682,95.0641,0.0008,0.0042,0.0034
1189,1001.0,327.8,95.0653,95.0687,95.0647,0.0006,0.0040,0.0034
1190,1000.9,342.5,95.0658,95.0692,95.0654,0.0004,0.0038,0.0034
1191,1002.6,343.9,95.0663,95.0697,95.0660,0.0003,0.0037,0.0034
1192,998.7,359.9,95.0667,95.0701,95.0666,0.0001,0.0035,0.0034
1193,999.1,385.2,95.0672,95.0706,95.0674,-0.0002,0.0032,0.0034
1194,1001.7,414.5,95.0676,95.0710,95.0681,-0.0005,0.0029,0.0034
1195,997.5,361.8,95.0681,95.0714,95.0688,-0.0007,0.0026,0.0034
1196,999.6,370.4,95.0685,95.0719,95.0695,-0.0010,0.0024,0.0034
1197,1000.1,359.7,95.0689,95.0723,95.0701,-0.0011,0.0022,0.0034
1198,999.5,370.1,95.0693,95.0727,95.0707,-0.0014,0.0020,0.0033
1199,999.6,355.7,95.0698,95.0731,95.0713,-0.0015,0.0018,0.0033
1200,1000.3,360.0,95.0702,95.0735,95.0718,-0.0016,0.0017,0.0033
1201,1000.0,364.4,95.0705,95.0739,95.0723,-0.0017,0.0016,0.0033
1202,998.9,345.9,95.0709,95.0743,95.0728,-0.0019,0.0015,0.0033
1203,999.4,356.2,95.0713,95.0746,95.0732,-0.0019,0.0014,0.0033
1204,1000.3,353.9,95.0717,95.0750,95.0737,-0.0020,0.0013,0.0033
1205,1000.8,329.2,95.0720,95.0753,95.0741,-0.0021,0.0012,0.0033
1206,1002.4,357.9,95.0724,95.0757,95.0745,-0.0022,0.0011,0.0033
1207,996.7,347.3,95.0727,95.0760,95.0751,-0.0024,0.0009,0.0033
1208,999.9,371.6,95.0731,95.0764,95.0755,-0.0025,0.0008,0.0033
1209,1000.1,348.2,95.0734,95.0767,95.0760,-0.0026,0.0007,0.0033
1210,1001.7,339.7,95.0737,95.0770,95.0763,-0.0026,0.0007,0.0033
1211,1000.2,361.7,95.0740,95.0773,95.0767,-0.0027,0.0006,0.0033
1212,1003.9,365.2,95.0743,95.0776,95.0770,-0.0027,0.0006,0.0033
1213,999.4,412.7,95.0746,95.0779,95.0772,-0.0026,0.0007,0.0033
1214,999.4,389.2,95.0749,95.0782,95.0774,-0.0025,0.0008,0.0033
1215,1000.4,332.5,95.0752,95.0785,95.0777,-0.0025,0.0008,0.0033
1216,999.3,410.9,95.0755,95.0787,95.0780,-0.0025,0.0007,0.0033
1217,1000.5,397.4,95.0757,95.0790,95.0783,-0.0026,0.0007,0.0033
1218,1002.4,371.9,95.0760,95.0792,95.0787,-0.0027,0.0006,0.0033
1219,999.0,418.2,95.0762,95.0795,95.0791,-0.0029,0.0004,0.0033
1220,998.5,424.3,95.0765,95.0797,95.0795,-0.0030,0.0002,0.0033
1221,999.5,410.7,95.0767,95.0800,95.0799,-0.0032,0.0001,0.0033
1222,1000.2,388.1,95.0769,95.0802,95.0802,-0.0033,-0.0000,0.0033
1223,1000.4,392.0,95.0771,95.0804,95.0805,-0.0034,-0.0002,0.0032
1224,998.9,375.3,95.0773,95.0806,95.0808,-0.0034,-0.0002,0.0032
1225,999.1,349.9,95.0775,95.0808,95.0810,-0.0035,-0.0002,0.0032
1226,999.5,370.0,95.0777,95.0810,95.0813,-0.0035,-0.0003,0.0032
1227,1000.2,368.7,95.0779,95.0812,95.0815,-0.0035,-0.0003,0.0032
1228,1019.2,359.6,95.0781,95.0813,95.0817,-0.0036,-0.0004,0.0032
1229,972.7,322.3,95.0783,95.0815,95.0820,-0.0037,-0.0005,0.0032
1230,1015.7,367.2,95.0784,95.0817,95.0822,-0.0038,-0.0006,0.0032
1231,992.3,393.8,95.0786,95.0818,95.0826,-0.0040,-0.0007,0.0032
1232,1003.5,332.5,95.0787,95.0820,95.0830,-0.0043,-0.0010,0.0032
1233,996.7,383.9,95.0789,95.0821,95.0833,-0.0044,-0.0012,0.0032
1234,991.6,388.3,95.0790,95.0822,95.0837,-0.0047,-0.0015,0.0032
1235,1008.8,360.9,95.0791,95.0823,95.0842,-0.0051,-0.0019,0.0032
1236,1000.1,427.1,95.0792,95.0824,95.0846,-0.0054,-0.0022,0.0032
1237,1001.4,396.6,95.0793,95.0825,95.0850,-0.0056,-0.0024,0.0032
1238,996.3,396.9,95.0794,95.0826,95.0853,-0.0059,-0.0027,0.0032
1239,1000.4,344.0,95.0795,95.0827,95.0856,-0.0061,-0.0029,0.0032
1240,1002.1,350.6,95.0796,95.0828,95.0858,-0.0062,-0.0030,0.0032
1241,998.3,394.9,95.0797,95.0829,95.0860,-0.0063,-0.0031,0.0032
1242,999.2,387.2,95.0798,95.0829,95.0861,-0.0063,-0.0032,0.0032
1243,1001.5,440.2,95.0798,95.0830,95.0863,-0.0064,-0.0033,0.0032
1244,999.0,420.7,95.0799,95.0830,95.0864,-0.0065,-0.0033,0.0032
1245,999.5,424.5,95.0799,95.0831,95.0865,-0.0066,-0.0035,0.0032
1246,999.5,418.0,95.0800,95.0831,95.0866,-0.0067,-0.0035,0.0032
1247,999.3,341.9,95.0800,95.0831,95.0869,-0.0069,-0.0037,0.0032
1248,1001.6,371.3,95.0800,95.0832,95.0870,-0.0070,-0.0039,0.0031
1249,998.5,394.2,95.0800,95.0832,95.0870,-0.0070,-0.0039,0.0031
1250,999.7,381.4,95.0800,95.0832,95.0872,-0.0072,-0.0040,0.0031
1251,999.9,356.7,95.0800,95.0832,95.0874,-0.0074,-0.0043,0.0031
1252,1000.7,376.5,95.0800,95.0831,95.0876,-0.0076,-0.0044,0.0031
1253,1066.2,434.8,95.0800,95.0831,95.0878,-0.0079,-0.0047,0.0031
1254,935.3,348.8,95.0800,95.0831,95.0878,-0.0079,-0.0048,0.0031
1255,995.6,339.1,95.0799,95.0830,95.0879,-0.0080,-0.0049,0.0031
1256,1001.3,385.3,95.0799,95.0830,95.0880,-0.0081,-0.0050,0.0031
1257,1004.8,443.9,95.0798,95.0829,95.0880,-0.0081,-0.0050,0.0031
1258,1000.1,409.9,95.0798,95.0829,95.0880,-0.0082,-0.0051,0.0031
1259,1001.4,399.4,95.0797,95.0828,95.0880,-0.0083,-0.0051,0.0031
1260,999.7,506.3,95.0796,95.0827,95.0880,-0.0084,-0.0053,0.0031
1261,998.8,348.7,95.0795,95.0826,95.0880,-0.0085,-0.0054,0.0031
1262,1002.1,530.2,95.0794,95.0825,95.0880,-0.0086,-0.0055,0.0031
1263,998.8,299.8,95.0793,95.0824,95.0880,-0.0087,-0.0056,0.0031
1264,1007.3,504.8,95.0792,95.0823,95.0881,-0.0088,-0.0057,0.0031
1265,989.8,385.9,95.0791,95.0822,95.0881,-0.0090,-0.0059,0.0031
1266,999.1,390.6,95.0790,95.0821,95.0881,-0.0091,-0.0060,0.0031
1267,999.5,528.6,95.0789,95.0820,95.0881,-0.0092,-0.0062,0.0031
1268,1000.0,443.2,95.0787,95.0818,95.0881,-0.0094,-0.0063,0.0031
1269,999.9,527.8,95.0786,95.0817,95.0881,-0.0095,-0.0065,0.0031
1270,1000.2,398.8,95.0784,95.0815,95.0881,-0.0097,-0.0066,0.0031
1271,1000.0,413.2,95.0783,95.0813,95.0881,-0.0098,-0.0068,0.0031
1272,999.6,388.1,95.0781,95.0812,95.0881,-0.0100,-0.0070,0.0031
1273,1000.5,431.0,95.0779,95.0810,95.0881,-0.0102,-0.0071,0.0031
1274,1000.8,559.4,95.0777,95.0808,95.0881,-0.0104,-0.0073,0.0030
1275,1000.4,386.8,95.0775,95.0806,95.0881,-0.0106,-0.0075,0.0030
1276,996.1,352.0,95.0773,95.0804,95.0881,-0.0108,-0.0077,0.0030
1277,1010.6,384.7,95.0771,95.0802,95.0881,-0.0110,-0.0079,0.0030
1278,995.4,549.9,95.0769,95.0800,95.0881,-0.0111,-0.0081,0.0030
1279,999.5,396.3,95.0767,95.0797,95.0881,-0.0114,-0.0083,0.0030
1280,1000.1,490.7,95.0765,95.0795,95.0881,-0.0116,-0.0086,0.0030
1281,999.9,554.9,95.0762,95.0792,95.0881,-0.0118,-0.0088,0.0030
1282,1000.4,389.4,95.0760,95.0790,95.0881,-0.0121,-0.0091,0.0030
1283,999.4,392.3,95.0757,95.0787,95.0880,-0.0123,-0.0093,0.0030
1284,1000.3,382.3,95.0755,95.0785,95.0880,-0.0126,-0.0095,0.0030
1285,999.8,347.3,95.0752,95.0782,95.0880,-0.0128,-0.0098,0.0030
1286,1001.3,361.4,95.0749,95.0779,95.0880,-0.0131,-0.0101,0.0030
1287,998.6,363.4,95.0746,95.0776,95.0880,-0.0133,-0.0103,0.0030
1288,996.6,505.5,95.0743,95.0773,95.0879,-0.0136,-0.0106,0.0030
1289,1000.0,403.2,95.0740,95.0770,95.0879,-0.0139,-0.0109,0.0030
1290,1000.5,392.8,95.0737,95.0767,95.0878,-0.0141,-0.0112,0.0030
1291,1000.7,396.9,95.0734,95.0764,95.0878,-0.0144,-0.0114,0.0030
1292,998.9,386.9,95.0731,95.0760,95.0878,-0.0147,-0.0118,0.0030
1293,1003.9,433.7,95.0727,95.0757,95.0877,-0.0150,-0.0120,0.0030
1294,1001.2,380.6,95.0724,95.0753,95.0877,-0.0153,-0.0123,0.0030
1295,995.7,397.3,95.0720,95.0750,95.0876,-0.0156,-0.0126,0.0030
1296,1003.1,342.6,95.0717,95.0746,95.0876,-0.0159,-0.0129,0.0030
1297,994.1,547.7,95.0713,95.0743,95.0875,-0.0162,-0.0133,0.0030
1298,996.3,371.1,95.0709,95.0739,95.0875,-0.0165,-0.0136,0.0030
1299,1010.0,414.1,95.0705,95.0735,95.0874,-0.0169,-0.0139,0.0029
1300,999.3,535.1,95.0702,95.0731,95.0874,-0.0172,-0.0143,0.0029
1301,999.7,530.3,95.0698,95.0727,95.0873,-0.0176,-0.0146,0.0029
1302,1000.3,377.6,95.0693,95.0723,95.0872,-0.0179,-0.0150,0.0029
1303,1000.0,441.3,95.0689,95.0719,95.0871,-0.0182,-0.0153,0.0029
1304,998.8,443.7,95.0685,95.0714,95.0871,-0.0186,-0.0156,0.0029
1305,999.7,387.0,95.0681,95.0710,95.0870,-0.0189,-0.0160,0.0029
1306,999.9,440.7,95.0676,95.0706,95.0869,-0.0192,-0.0163,0.0029
1307,999.4,543.8,95.0672,95.0701,95.0868,-0.0196,-0.0166,0.0029
1308,1000.3,542.9,95.0667,95.0697,95.0866,-0.0199,-0.0170,0.0029
1309,998.2,378.6,95.0663,95.0692,95.0866,-0.0203,-0.0174,0.0029
1310,1000.2,330.5,95.0658,95.0687,95.0865,-0.0207,-0.0178,0.0029
1311,1004.1,382.7,95.0653,95.0682,95.0864,-0.0211,-0.0182,0.0029
1312,996.4,382.6,95.0648,95.0677,95.0864,-0.0215,-0.0186,0.0029
1313,999.8,373.2,95.0644,95.0672,95.0863,-0.0219,-0.0190,0.0029
1314,1021.6,372.1,95.0639,95.0667,95.0862,-0.0224,-0.0195,0.0029
1315,990.1,356.7,95.0633,95.0662,95.0861,-0.0228,-0.0199,0.0029
1316,1008.5,668.4,95.0628,95.0657,95.0859,-0.0231,-0.0202,0.0029
1317,988.4,417.1,95.0623,95.0652,95.0858,-0.0235,-0.0206,0.0029
1318,996.2,410.1,95.0618,95.0646,95.0858,-0.0240,-0.0211,0.0029
1319,1002.9,441.2,95.0612,95.0641,95.0856,-0.0244,-0.0215,0.0029
1320,998.2,379.5,95.0607,95.0636,95.0854,-0.0248,-0.0219,0.0029
1321,999.5,333.3,95.0601,95.0630,95.0852,-0.0251,-0.0222,0.0029
1322,1001.0,342.0,95.0596,95.0624,95.0850,-0.0254,-0.0226,0.0029
1323,998.2,382.3,95.0590,95.0618,95.0848,-0.0259,-0.0230,0.0029
1324,1000.7,330.0,95.0584,95.0613,95.0846,-0.0262,-0.0233,0.0028
1325,1000.7,351.2,95.0578,95.0607,95.0842,-0.0264,-0.0236,0.0028
1326,999.5,352.6,95.0572,95.0601,95.0839,-0.0266,-0.0238,0.0028
1327,998.7,357.6,95.0566,95.0595,95.0834,-0.0268,-0.0240,0.0028
1328,1000.1,423.3,95.0560,95.0589,95.0828,-0.0268,-0.0240,0.0028
1329,1000.1,403.7,95.0554,95.0582,95.0820,-0.0266,-0.0237,0.0028
1330,999.8,365.2,95.0548,95.0576,95.0810,-0.0262,-0.0234,0.0028
1331,998.2,388.6,95.0541,95.0570,95.0798,-0.0257,-0.0229,0.0028
1332,1000.0,367.1,95.0535,95.0563,95.0786,-0.0251,-0.0223,0.0028
1333,1000.2,355.6,95.0528,95.0557,95.0773,-0.0245,-0.0217,0.0028
1334,1006.1,370.6,95.0522,95.0550,95.0766,-0.0244,-0.0216,0.0028
1335,994.6,380.6,95.0515,95.0543,95.0760,-0.0245,-0.0217,0.0028
1336,998.9,376.5,95.0508,95.0536,95.0756,-0.0247,-0.0219,0.0028
1337,999.4,407.2,95.0502,95.0530,95.0752,-0.0250,-0.0222,0.0028
1338,1001.2,389.8,95.0495,95.0523,95.0747,-0.0252,-0.0224,0.0028
1339,1001.0,413.8,95.0488,95.0516,95.0742,-0.0254,-0.0226,0.0028
1340,999.9,414.3,95.0481,95.0509,95.0737,-0.0256,-0.0228,0.0028
1341,1002.3,408.4,95.0474,95.0501,95.0731,-0.0257,-0.0229,0.0028
1342,998.8,407.5,95.0466,95.0494,95.0725,-0.0258,-0.0231,0.0028
1343,999.5,396.8,95.0459,95.0487,95.0718,-0.0259,-0.0231,0.0028
1344,1001.5,430.2,95.0452,95.0479,95.0711,-0.0259,-0.0232,0.0028
1345,998.4,363.3,95.0444,95.0472,95.0704,-0.0259,-0.0232,0.0028
1346,998.9,365.0,95.0437,95.0464,95.0697,-0.0261,-0.0233,0.0028
1347,1000.1,375.8,95.0429,95.0457,95.0691,-0.0262,-0.0234,0.0028
1348,1001.0,375.5,95.0421,95.0449,95.0685,-0.0263,-0.0236,0.0028
1349,997.4,354.4,95.0414,95.0441,95.0678,-0.0264,-0.0237,0.0028
1350,999.7,359.2,95.0406,95.0433,95.0671,-0.0265,-0.0238,0.0027
1351,1000.6,362.8,95.0398,95.0425,95.0665,-0.0267,-0.0239,0.0027
1352,999.9,382.3,95.0390,95.0417,95.0658,-0.0268,-0.0240,0.0027
1353,998.3,320.8,95.0382,95.0409,95.0648,-0.0266,-0.0239,0.0027
1354,1005.4,351.4,95.0374,95.0401,95.0639,-0.0265,-0.0238,0.0027
1355,997.2,340.0,95.0366,95.0393,95.0629,-0.0263,-0.0236,0.0027
1356,1000.1,335.3,95.0357,95.0384,95.0619,-0.0262,-0.0234,0.0027
1357,999.3,365.4,95.0349,95.0376,95.0608,-0.0259,-0.0232,0.0027
1358,998.2,364.7,95.0340,95.0368,95.0599,-0.0258,-0.0231,0.0027
1359,999.8,354.6,95.0332,95.0359,95.0591,-0.0259,-0.0232,0.0027
1360,1002.9,307.8,95.0323,95.0350,95.0584,-0.0260,-0.0233,0.0027
1361,1006.9,393.3,95.0315,95.0342,95.0575,-0.0261,-0.0234,0.0027
1362,994.8,384.2,95.0306,95.0333,95.0567,-0.0261,-0.0234,0.0027
1363,1000.0,332.1,95.0297,95.0324,95.0560,-0.0263,-0.0236,0.0027
1364,1002.0,395.3,95.0288,95.0315,95.0551,-0.0263,-0.0236,0.0027
1365,997.4,392.0,95.0279,95.0306,95.0542,-0.0263,-0.0236,0.0027
1366,999.3,359.8,95.0270,95.0297,95.0532,-0.0262,-0.0235,0.0027
1367,1000.9,374.3,95.0261,95.0288,95.0521,-0.0260,-0.0233,0.0027
1368,1000.4,375.8,95.0251,95.0278,95.0511,-0.0259,-0.0232,0.0027
1369,996.5,417.2,95.0242,95.0269,95.0499,-0.0257,-0.0230,0.0027
1370,1000.3,418.4,95.0233,95.0259,95.0489,-0.0256,-0.0229,0.0027
1371,999.9,338.2,95.0223,95.0250,95.0479,-0.0256,-0.0230,0.0027
1372,1002.4,349.5,95.0214,95.0240,95.0470,-0.0256,-0.0229,0.0027
1373,997.8,399.8,95.0204,95.0231,95.0459,-0.0255,-0.0229,0.0027
1374,999.6,356.7,95.0194,95.0221,95.0450,-0.0256,-0.0229,0.0027
1375,999.4,347.9,95.0185,95.0211,95.0440,-0.0256,-0.0229,0.0026
1376,1002.3,350.7,95.0175,95.0201,95.0429,-0.0255,-0.0228,0.0026
1377,998.7,372.2,95.0165,95.0191,95.0417,-0.0252,-0.0226,0.0026
1378,999.0,348.1,95.0155,95.0181,95.0405,-0.0250,-0.0224,0.0026
1379,1000.7,364.2,95.0145,95.0171,95.0393,-0.0248,-0.0222,0.0026
1380,999.2,356.9,95.0134,95.0161,95.0382,-0.0247,-0.0221,0.0026
1381,1000.6,342.5,95.0124,95.0150,95.0371,-0.0247,-0.0221,0.0026
1382,1005.1,378.2,95.0114,95.0140,95.0361,-0.0247,-0.0221,0.0026
1383,999.0,389.9,95.0103,95.0130,95.0351,-0.0247,-0.0221,0.0026
1384,999.7,383.7,95.0093,95.0119,95.0341,-0.0248,-0.0222,0.0026
1385,999.8,325.4,95.0082,95.0109,95.0330,-0.0247,-0.0221,0.0026
1386,1005.5,384.0,95.0072,95.0098,95.0319,-0.0247,-0.0221,0.0026
1387,994.3,346.5,95.0061,95.0087,95.0309,-0.0248,-0.0222,0.0026
1388,999.0,398.9,95.0050,95.0076,95.0298,-0.0248,-0.0222,0.0026
1389,1001.4,320.8,95.0039,95.0065,95.0288,-0.0249,-0.0223,0.0026
1390,1005.6,340.3,95.0028,95.0054,95.0280,-0.0252,-0.0226,0.0026
1391,991.3,371.7,95.0017,95.0043,95.0272,-0.0255,-0.0229,0.0026
1392,999.9,363.1,95.0006,95.0032,95.0263,-0.0256,-0.0230,0.0026
1393,999.9,374.8,94.9995,95.0021,95.0253,-0.0258,-0.0232,0.0026
1394,1000.5,374.5,94.9984,95.0010,95.0243,-0.0259,-0.0233,0.0026
1395,999.6,404.5,94.9972,94.9998,95.0232,-0.0260,-0.0234,0.0026
1396,998.4,360.1,94.9961,94.9987,95.0222,-0.0261,-0.0235,0.0026
1397,1003.0,377.7,94.9950,94.9975,95.0211,-0.0261,-0.0236,0.0026
1398,998.0,374.7,94.9938,94.9964,95.0201,-0.0263,-0.0237,0.0026
1399,1001.2,361.2,94.9926,94.9952,95.0190,-0.0264,-0.0238,0.0026
1400,999.0,372.1,94.9915,94.9940,95.0179,-0.0265,-0.0239,0.0026
1401,1000.7,366.3,94.9903,94.9928,95.0169,-0.0266,-0.0241,0.0025
1402,998.6,349.6,94.9891,94.9916,95.0158,-0.0268,-0.0242,0.0025
1403,1002.2,368.9,94.9879,94.9904,95.0149,-0.0270,-0.0244,0.0025
1404,1001.0,347.8,94.9867,94.9892,95.0139,-0.0272,-0.0247,0.0025
1405,1003.4,375.3,94.9855,94.9880,95.0130,-0.0275,-0.0250,0.0025
1406,998.5,371.9,94.9842,94.9868,95.0120,-0.0277,-0.0252,0.0025
1407,997.3,376.1,94.9830,94.9855,95.0109,-0.0279,-0.0253,0.0025
1408,1001.5,388.2,94.9818,94.9843,95.0109,-0.0291,-0.0266,0.0025
1409,1000.0,359.5,94.9805,94.9831,95.0098,-0.0293,-0.0268,0.0025
1410,999.9,339.1,94.9793,94.9818,95.0085,-0.0292,-0.0267,0.0025
1411,1000.4,358.4,94.9780,94.9805,95.0071,-0.0291,-0.0266,0.0025
1412,998.1,341.6,94.9768,94.9793,95.0057,-0.0289,-0.0264,0.0025
1413,999.7,370.7,94.9755,94.9780,95.0043,-0.0288,-0.0263,0.0025
1414,999.8,360.8,94.9742,94.9767,95.0029,-0.0287,-0.0262,0.0025
1415,1000.4,362.2,94.9729,94.9754,95.0016,-0.0286,-0.0261,0.0025
1416,999.8,356.3,94.9716,94.9741,95.0003,-0.0287,-0.0262,0.0025
1417,1003.4,342.6,94.9703,94.9728,94.9991,-0.0287,-0.0262,0.0025
1418,997.2,409.2,94.9690,94.9715,94.9976,-0.0286,-0.0261,0.0025
1419,997.9,381.8,94.9677,94.9702,94.9964,-0.0287,-0.0262,0.0025
1420,999.9,401.2,94.9664,94.9688,94.9952,-0.0288,-0.0264,0.0025
1421,1000.3,399.6,94.9650,94.9675,94.9940,-0.0290,-0.0265,0.0025
1422,999.7,410.7,94.9637,94.9661,94.9928,-0.0292,-0.0267,0.0025
1423,1000.0,409.9,94.9623,94.9648,94.9918,-0.0295,-0.0270,0.0025
1424,1000.9,365.9,94.9610,94.9634,94.9908,-0.0298,-0.0273,0.0025
1425,1002.9,405.5,94.9596,94.9621,94.9897,-0.0301,-0.0276,0.0025
1426,999.0,392.5,94.9582,94.9607,94.9887,-0.0305,-0.0280,0.0025
1427,999.4,367.0,94.9568,94.9593,94.9877,-0.0308,-0.0284,0.0024
1428,1001.7,374.0,94.9555,94.9579,94.9866,-0.0312,-0.0287,0.0024
1429,999.7,375.1,94.9541,94.9565,94.9855,-0.0315,-0.0290,0.0024
1430,999.7,356.7,94.9527,94.9551,94.9844,-0.0318,-0.0294,0.0024
1431,1001.1,350.2,94.9512,94.9537,94.9832,-0.0320,-0.0296,0.0024
1432,1000.3,335.1,94.9498,94.9522,94.9822,-0.0323,-0.0299,0.0024
1433,998.7,340.4,94.9484,94.9508,94.9810,-0.0326,-0.0301,0.0024
1434,999.9,334.1,94.9470,94.9494,94.9798,-0.0328,-0.0304,0.0024
1435,999.6,357.1,94.9455,94.9479,94.9786,-0.0331,-0.0307,0.0024
1436,998.5,387.7,94.9441,94.9465,94.9774,-0.0334,-0.0309,0.0024
1437,999.2,362.4,94.9426,94.9450,94.9761,-0.0335,-0.0311,0.0024
1438,1001.4,346.3,94.9411,94.9435,94.9750,-0.0339,-0.0315,0.0024
1439,999.3,356.6,94.9397,94.9421,94.9739,-0.0343,-0.0319,0.0024
1440,998.6,362.0,94.9382,94.9406,94.9727,-0.0345,-0.0322,0.0024
1441,1000.0,385.8,94.9367,94.9391,94.9714,-0.0347,-0.0323,0.0024
1442,999.9,367.7,94.9352,94.9376,94.9701,-0.0349,-0.0325,0.0024
1443,1000.0,396.8,94.9337,94.9361,94.9688,-0.0351,-0.0327,0.0024
1444,1000.6,372.2,94.9322,94.9346,94.9677,-0.0355,-0.0331,0.0024
1445,1000.8,374.4,94.9307,94.9330,94.9664,-0.0357,-0.0333,0.0024
1446,1001.4,442.8,94.9291,94.9315,94.9651,-0.0360,-0.0337,0.0024
1447,999.4,372.0,94.9276,94.9300,94.9638,-0.0363,-0.0339,0.0024
1448,1002.8,395.5,94.9260,94.9284,94.9625,-0.0364,-0.0341,0.0024
1449,998.6,323.4,94.9245,94.9269,94.9610,-0.0365,-0.0341,0.0024
1450,1002.3,349.9,94.9229,94.9253,94.9594,-0.0365,-0.0341,0.0024
1451,998.1,374.7,94.9214,94.9237,94.9578,-0.0365,-0.0341,0.0024
1452,1002.2,383.0,94.9198,94.9221,94.9563,-0.0365,-0.0341,0.0024
1453,998.2,334.3,94.9182,94.9206,94.9546,-0.0364,-0.0340,0.0023
1454,996.9,347.7,94.9166,94.9190,94.9530,-0.0364,-0.0341,0.0023
1455,1001.4,343.3,94.9150,94.9174,94.9515,-0.0364,-0.0341,0.0023
1456,1000.1,359.7,94.9134,94.9158,94.9498,-0.0364,-0.0341,0.0023
1457,997.1,340.7,94.9118,94.9141,94.9481,-0.0363,-0.0339,0.0023
1458,1004.7,341.3,94.9102,94.9125,94.9467,-0.0365,-0.0342,0.0023
1459,1000.3,341.9,94.9086,94.9109,94.9453,-0.0367,-0.0344,0.0023
1460,998.1,305.4,94.9069,94.9092,94.9438,-0.0369,-0.0346,0.0023
1461,1028.8,423.7,94.9053,94.9076,94.9409,-0.0356,-0.0333,0.0023
1462,971.7,331.5,94.9036,94.9059,94.9409,-0.0373,-0.0349,0.0023
1463,1003.6,337.6,94.9020,94.9043,94.9395,-0.0375,-0.0352,0.0023
1464,993.4,334.2,94.9003,94.9026,94.9380,-0.0377,-0.0354,0.0023
1465,1002.6,319.6,94.8986,94.9009,94.9365,-0.0379,-0.0356,0.0023
1466,999.9,310.6,94.8970,94.8993,94.9352,-0.0382,-0.0359,0.0023
1467,983.0,323.7,94.8953,94.8976,94.9339,-0.0387,-0.0364,0.0023
1468,1057.7,438.4,94.8936,94.8959,94.9312,-0.0376,-0.0353,0.0023
1469,961.3,395.2,94.8919,94.8942,94.9312,-0.0393,-0.0370,0.0023
1470,1001.2,390.6,94.8902,94.8924,94.9298,-0.0397,-0.0374,0.0023
1471,998.8,348.8,94.8884,94.8907,94.9284,-0.0399,-0.0376,0.0023
1472,1000.2,342.4,94.8867,94.8890,94.9269,-0.0402,-0.0379,0.0023
1473,1000.3,352.0,94.8850,94.8872,94.9252,-0.0402,-0.0380,0.0023
1474,999.3,346.3,94.8832,94.8855,94.9236,-0.0403,-0.0381,0.0023
1475,998.6,319.6,94.8815,94.8838,94.9219,-0.0404,-0.0381,0.0023
1476,1002.6,345.9,94.8797,94.8820,94.9202,-0.0405,-0.0382,0.0023
1477,1002.2,327.7,94.8780,94.8802,94.9184,-0.0404,-0.0382,0.0023
1478,995.2,337.8,94.8762,94.8784,94.9166,-0.0404,-0.0381,0.0023
1479,1000.1,341.8,94.8744,94.8767,94.9149,-0.0405,-0.0382,0.0022
1480,999.7,333.0,94.8726,94.8749,94.9130,-0.0404,-0.0382,0.0022
1481,999.6,329.1,94.8708,94.8731,94.9111,-0.0402,-0.0380,0.0022
1482,999.4,334.2,94.8690,94.8713,94.9091,-0.0401,-0.0379,0.0022
1483,998.0,324.7,94.8672,94.8695,94.9072,-0.0399,-0.0377,0.0022
1484,1003.8,326.5,94.8654,94.8676,94.9052,-0.0398,-0.0376,0.0022
1485,999.8,321.4,94.8636,94.8658,94.9032,-0.0397,-0.0374,0.0022
1486,998.1,326.0,94.8617,94.8640,94.9015,-0.0397,-0.0375,0.0022
1487,1000.3,308.5,94.8599,94.8621,94.8997,-0.0398,-0.0376,0.0022
1488,998.6,350.5,94.8581,94.8603,94.8980,-0.0399,-0.0377,0.0022
1489,1002.8,335.5,94.8562,94.8584,94.8960,-0.0398,-0.0376,0.0022
1490,999.3,327.7,94.8543,94.8565,94.8942,-0.0399,-0.0377,0.0022
1491,1002.6,339.0,94.8525,94.8547,94.8924,-0.0399,-0.0377,0.0022
1492,998.9,330.2,94.8506,94.8528,94.8906,-0.0400,-0.0378,0.0022
1493,999.6,350.7,94.8487,94.8509,94.8888,-0.0401,-0.0379,0.0022
1494,999.3,396.7,94.8468,94.8490,94.8873,-0.0404,-0.0383,0.0022
1495,1000.5,375.9,94.8449,94.8471,94.8855,-0.0406,-0.0384,0.0022
1496,998.3,340.4,94.8430,94.8452,94.8838,-0.0408,-0.0386,0.0022
1497,1001.2,330.7,94.8411,94.8433,94.8818,-0.0407,-0.0385,0.0022
1498,1001.7,328.4,94.8392,94.8413,94.8799,-0.0407,-0.0385,0.0022
1499,997.8,312.2,94.8372,94.8394,94.8778,-0.0405,-0.0384,0.0022
1500,1004.7,341.1,94.8353,94.8375,94.8757,-0.0404,-0.0382,0.0022
1501,994.9,324.4,94.8334,94.8355,94.8737,-0.0403,-0.0382,0.0022
1502,1003.4,315.1,94.8314,94.8336,94.8718,-0.0404,-0.0382,0.0022
1503,1000.0,336.3,94.8294,94.8316,94.8699,-0.0404,-0.0383,0.0022
1504,994.5,318.0,94.8275,94.8296,94.8679,-0.0404,-0.0383,0.0022
1505,1001.3,320.9,94.8255,94.8276,94.8657,-0.0402,-0.0381,0.0022
1506,1003.3,334.1,94.8235,94.8257,94.8637,-0.0401,-0.0380,0.0021
1507,995.7,327.6,94.8215,94.8237,94.8616,-0.0401,-0.0380,0.0021
1508,1001.5,318.4,94.8195,94.8217,94.8597,-0.0402,-0.0381,0.0021
1509,1000.6,324.9,94.8175,94.8197,94.8576,-0.0401,-0.0380,0.0021
1510,1010.6,359.8,94.8155,94.8176,94.8557,-0.0402,-0.0381,0.0021
1511,992.2,371.0,94.8135,94.8156,94.8540,-0.0405,-0.0383,0.0021
1512,997.7,376.5,94.8115,94.8136,94.8524,-0.0409,-0.0388,0.0021
1513,1001.4,397.3,94.8094,94.8115,94.8507,-0.0413,-0.0391,0.0021
1514,999.7,357.3,94.8074,94.8095,94.8491,-0.0417,-0.0396,0.0021
1515,999.6,340.2,94.8053,94.8074,94.8474,-0.0420,-0.0399,0.0021
1516,1000.3,369.2,94.8033,94.8054,94.8456,-0.0423,-0.0402,0.0021
1517,1022.8,483.9,94.8012,94.8033,94.8437,-0.0425,-0.0404,0.0021
1518,968.5,379.4,94.7991,94.8012,94.8421,-0.0430,-0.0409,0.0021
1519,1009.9,380.0,94.7971,94.7992,94.8404,-0.0434,-0.0413,0.0021
1520,999.3,392.6,94.7950,94.7971,94.8388,-0.0438,-0.0417,0.0021
1521,1005.7,376.5,94.7929,94.7950,94.8368,-0.0439,-0.0418,0.0021
1522,995.2,362.9,94.7908,94.7929,94.8349,-0.0441,-0.0420,0.0021
1523,997.2,407.3,94.7887,94.7907,94.8328,-0.0441,-0.0420,0.0021
1524,998.9,357.4,94.7865,94.7886,94.8307,-0.0441,-0.0421,0.0021
1525,997.9,342.6,94.7844,94.7865,94.8285,-0.0440,-0.0420,0.0021
1526,1000.9,348.5,94.7823,94.7844,94.8263,-0.0440,-0.0420,0.0021
1527,999.1,380.0,94.7801,94.7822,94.8243,-0.0442,-0.0421,0.0021
1528,999.6,334.8,94.7780,94.7801,94.8223,-0.0443,-0.0423,0.0021
1529,1006.7,374.4,94.7758,94.7779,94.8202,-0.0443,-0.0423,0.0021
1530,993.7,397.9,94.7737,94.7757,94.8181,-0.0444,-0.0423,0.0021
1531,1006.8,388.2,94.7715,94.7736,94.8160,-0.0445,-0.0424,0.0021
1532,997.7,367.8,94.7693,94.7714,94.8138,-0.0445,-0.0425,0.0021
1533,1000.0,376.7,94.7672,94.7692,94.8116,-0.0445,-0.0424,0.0020
1534,999.0,368.9,94.7650,94.7670,94.8095,-0.0446,-0.0425,0.0020
1535,1002.0,360.3,94.7628,94.7648,94.8075,-0.0447,-0.0427,0.0020
1536,1001.4,376.5,94.7606,94.7626,94.8053,-0.0448,-0.0427,0.0020
1537,998.4,343.7,94.7583,94.7604,94.8030,-0.0446,-0.0426,0.0020
1538,1003.9,396.5,94.7561,94.7582,94.8009,-0.0447,-0.0427,0.0020
1539,995.7,376.1,94.7539,94.7559,94.7989,-0.0450,-0.0429,0.0020
1540,999.5,347.8,94.7517,94.7537,94.7969,-0.0452,-0.0432,0.0020
1541,1037.8,410.7,94.7494,94.7514,94.7947,-0.0452,-0.0432,0.0020
1542,964.5,332.9,94.7472,94.7492,94.7925,-0.0454,-0.0434,0.0020
1543,1000.7,392.7,94.7449,94.7469,94.7901,-0.0452,-0.0432,0.0020
1544,995.0,405.4,94.7426,94.7447,94.7876,-0.0450,-0.0430,0.0020
1545,999.3,410.5,94.7404,94.7424,94.7852,-0.0448,-0.0428,0.0020
1546,1000.6,344.2,94.7381,94.7401,94.7825,-0.0444,-0.0424,0.0020
1547,997.4,366.5,94.7358,94.7378,94.7801,-0.0442,-0.0423,0.0020
1548,999.9,366.4,94.7335,94.7355,94.7777,-0.0442,-0.0422,0.0020
1549,1001.0,329.1,94.7312,94.7332,94.7752,-0.0440,-0.0420,0.0020
1550,1002.4,332.6,94.7289,94.7309,94.7729,-0.0440,-0.0420,0.0020
1551,1006.9,378.6,94.7266,94.7286,94.7705,-0.0439,-0.0419,0.0020
1552,993.4,316.5,94.7243,94.7262,94.7680,-0.0437,-0.0418,0.0020
1553,998.5,355.3,94.7219,94.7239,94.7649,-0.0430,-0.0410,0.0020
1554,999.4,358.8,94.7196,94.7216,94.7623,-0.0427,-0.0408,0.0020
1555,1000.6,364.1,94.7172,94.7192,94.7598,-0.0425,-0.0406,0.0020
1556,1003.2,388.1,94.7149,94.7169,94.7574,-0.0425,-0.0405,0.0020
1557,998.2,351.8,94.7125,94.7145,94.7549,-0.0424,-0.0404,0.0020
1558,971.6,339.1,94.7102,94.7121,94.7526,-0.0424,-0.0405,0.0020
1559,1033.4,337.7,94.7078,94.7097,94.7502,-0.0424,-0.0404,0.0020
1560,997.3,315.9,94.7054,94.7074,94.7477,-0.0423,-0.0404,0.0019
1561,1002.2,325.6,94.7030,94.7050,94.7450,-0.0420,-0.0400,0.0019
1562,1011.5,369.8,94.7006,94.7026,94.7424,-0.0418,-0.0398,0.0019
1563,984.9,335.0,94.6982,94.7001,94.7398,-0.0416,-0.0397,0.0019
1564,999.3,312.2,94.6958,94.6977,94.7374,-0.0416,-0.0396,0.0019
1565,1004.4,313.5,94.6934,94.6953,94.7348,-0.0414,-0.0394,0.0019
1566,997.5,322.1,94.6910,94.6929,94.7324,-0.0415,-0.0395,0.0019
1567,998.6,328.0,94.6885,94.6904,94.7301,-0.0416,-0.0397,0.0019
1568,1000.1,336.5,94.6861,94.6880,94.7278,-0.0417,-0.0398,0.0019
1569,997.3,359.4,94.6836,94.6855,94.7278,-0.0442,-0.0422,0.0019
1570,999.6,366.7,94.6812,94.6831,94.7253,-0.0441,-0.0422,0.0019
1571,1000.0,338.1,94.6787,94.6806,94.7230,-0.0443,-0.0424,0.0019
1572,1010.3,339.9,94.6762,94.6781,94.7208,-0.0446,-0.0427,0.0019
1573,990.3,336.0,94.6738,94.6757,94.7184,-0.0446,-0.0427,0.0019
1574,1002.5,346.2,94.6713,94.6732,94.7162,-0.0449,-0.0430,0.0019
1575,1000.4,335.9,94.6688,94.6707,94.7139,-0.0451,-0.0433,0.0019
1576,999.6,330.5,94.6663,94.6682,94.7116,-0.0453,-0.0434,0.0019
1577,1002.7,345.4,94.6638,94.6657,94.7095,-0.0457,-0.0438,0.0019
1578,999.2,362.4,94.6613,94.6632,94.7073,-0.0461,-0.0442,0.0019
1579,998.6,320.0,94.6588,94.6606,94.7053,-0.0465,-0.0446,0.0019
1580,1001.5,323.4,94.6562,94.6581,94.7029,-0.0467,-0.0448,0.0019
1581,1003.1,338.7,94.6537,94.6556,94.7004,-0.0467,-0.0449,0.0019
1582,994.7,337.8,94.6511,94.6530,94.6979,-0.0467,-0.0448,0.0019
1583,1003.8,389.7,94.6486,94.6505,94.6954,-0.0468,-0.0449,0.0019
1584,998.4,370.0,94.6460,94.6479,94.6927,-0.0466,-0.0448,0.0019
1585,996.1,344.2,94.6435,94.6453,94.6902,-0.0467,-0.0449,0.0019
1586,1001.5,358.0,94.6409,94.6428,94.6876,-0.0467,-0.0448,0.0019
1587,998.0,353.1,94.6383,94.6402,94.6849,-0.0466,-0.0448,0.0018
1588,999.9,326.3,94.6357,94.6376,94.6822,-0.0464,-0.0446,0.0018
1589,1004.6,369.0,94.6331,94.6350,94.6797,-0.0466,-0.0447,0.0018
1590,993.7,342.8,94.6305,94.6324,94.6775,-0.0469,-0.0451,0.0018
1591,1001.5,375.2,94.6279,94.6298,94.6752,-0.0473,-0.0455,0.0018
1592,998.5,369.5,94.6253,94.6272,94.6728,-0.0475,-0.0456,0.0018
1593,1000.1,364.8,94.6227,94.6245,94.6704,-0.0477,-0.0459,0.0018
1594,1001.4,363.9,94.6201,94.6219,94.6679,-0.0478,-0.0460,0.0018
1595,1003.0,434.4,94.6174,94.6193,94.6653,-0.0479,-0.0461,0.0018
1596,998.7,409.4,94.6148,94.6166,94.6626,-0.0478,-0.0460,0.0018
1597,999.6,349.3,94.6121,94.6140,94.6601,-0.0479,-0.0461,0.0018
1598,999.9,341.1,94.6095,94.6113,94.6576,-0.0481,-0.0463,0.0018
1599,1003.1,359.6,94.6068,94.6086,94.6550,-0.0481,-0.0463,0.0018
1600,997.2,375.2,94.6042,94.6060,94.6522,-0.0481,-0.0463,0.0018
1601,1000.1,384.8,94.6015,94.6033,94.6497,-0.0482,-0.0464,0.0018
1602,998.1,308.5,94.5988,94.6006,94.6471,-0.0483,-0.0465,0.0018
1603,1001.4,389.1,94.5961,94.5979,94.6444,-0.0483,-0.0466,0.0018
1604,1006.2,349.2,94.5934,94.5952,94.6415,-0.0482,-0.0464,0.0018
1605,995.5,319.2,94.5907,94.5925,94.6389,-0.0482,-0.0464,0.0018
1606,1001.8,370.0,94.5880,94.5898,94.6362,-0.0482,-0.0465,0.0018
1607,996.1,353.9,94.5853,94.5870,94.6336,-0.0483,-0.0466,0.0018
1608,999.0,358.0,94.5825,94.5843,94.6311,-0.0486,-0.0468,0.0018
1609,1001.6,365.9,94.5798,94.5816,94.6286,-0.0488,-0.0470,0.0018
1610,998.9,328.6,94.5770,94.5788,94.6263,-0.0492,-0.0475,0.0018
1611,1007.2,380.5,94.5743,94.5761,94.6239,-0.0497,-0.0479,0.0018
1612,990.6,358.6,94.5715,94.5733,94.6213,-0.0498,-0.0480,0.0018
1613,1003.5,366.1,94.5688,94.5705,94.6189,-0.0502,-0.0484,0.0018
1614,997.2,308.3,94.5660,94.5678,94.6164,-0.0504,-0.0486,0.0018
1615,1007.5,354.9,94.5632,94.5650,94.6139,-0.0506,-0.0489,0.0018
1616,995.3,335.8,94.5604,94.5622,94.6112,-0.0508,-0.0490,0.0017
1617,994.3,341.1,94.5576,94.5594,94.6087,-0.0510,-0.0493,0.0017
1618,1016.6,376.3,94.5548,94.5566,94.6061,-0.0513,-0.0495,0.0017
1619,990.7,393.1,94.5520,94.5538,94.6035,-0.0515,-0.0497,0.0017
1620,998.8,365.9,94.5492,94.5510,94.6007,-0.0514,-0.0497,0.0017
1621,1000.3,406.3,94.5464,94.5481,94.5981,-0.0516,-0.0499,0.0017
1622,999.3,362.6,94.5436,94.5453,94.5954,-0.0519,-0.0501,0.0017
1623,999.0,356.4,94.5407,94.5425,94.5930,-0.0522,-0.0505,0.0017
1624,998.9,349.0,94.5379,94.5396,94.5905,-0.0526,-0.0509,0.0017
1625,1002.5,356.5,94.5350,94.5368,94.5881,-0.0531,-0.0514,0.0017
1626,998.5,369.3,94.5322,94.5339,94.5858,-0.0536,-0.0519,0.0017
1627,1000.3,363.2,94.5293,94.5310,94.5834,-0.0541,-0.0524,0.0017
1628,999.6,346.6,94.5265,94.5282,94.5808,-0.0543,-0.0526,0.0017
1629,999.2,332.8,94.5236,94.5253,94.5783,-0.0547,-0.0530,0.0017
1630,1007.9,354.7,94.5207,94.5224,94.5758,-0.0551,-0.0534,0.0017
1631,992.5,385.8,94.5178,94.5195,94.5735,-0.0557,-0.0540,0.0017
1632,1000.2,309.2,94.5149,94.5166,94.5708,-0.0559,-0.0542,0.0017
1633,1005.0,385.1,94.5120,94.5137,94.5682,-0.0562,-0.0545,0.0017
1634,993.3,356.0,94.5091,94.5108,94.5654,-0.0563,-0.0546,0.0017
1635,1000.0,343.7,94.5062,94.5079,94.5626,-0.0564,-0.0547,0.0017
1636,1001.0,347.9,94.5032,94.5049,94.5595,-0.0562,-0.0545,0.0017
1637,1073.8,381.9,94.5003,94.5020,94.5535,-0.0532,-0.0515,0.0017
1638,922.0,349.8,94.4974,94.4990,94.5535,-0.0562,-0.0545,0.0017
1639,998.4,361.1,94.4944,94.4961,94.5505,-0.0561,-0.0544,0.0017
1640,1006.0,349.2,94.4915,94.4931,94.5473,-0.0558,-0.0542,0.0017
1641,1001.6,361.9,94.4885,94.4902,94.5444,-0.0559,-0.0542,0.0017
1642,1000.7,363.5,94.4855,94.4872,94.5415,-0.0560,-0.0543,0.0017
1643,999.7,359.7,94.4826,94.4842,94.5386,-0.0561,-0.0544,0.0017
1644,1001.1,420.5,94.4796,94.4812,94.5354,-0.0558,-0.0542,0.0016
1645,991.0,399.1,94.4766,94.4782,94.5324,-0.0558,-0.0541,0.0016
1646,1007.6,379.5,94.4736,94.4752,94.5294,-0.0558,-0.0541,0.0016
1647,999.5,351.2,94.4706,94.4722,94.5264,-0.0558,-0.0542,0.0016
1648,998.8,371.6,94.4676,94.4692,94.5231,-0.0555,-0.0538,0.0016
1649,1000.2,361.8,94.4646,94.4662,94.5198,-0.0553,-0.0536,0.0016
1650,999.8,311.6,94.4616,94.4632,94.5166,-0.0550,-0.0534,0.0016
1651,1004.4,365.1,94.4585,94.4601,94.5131,-0.0546,-0.0529,0.0016
1652,995.7,326.3,94.4555,94.4571,94.5099,-0.0544,-0.0528,0.0016
1653,1009.0,331.3,94.4524,94.4541,94.5069,-0.0544,-0.0528,0.0016
1654,996.1,359.4,94.4494,94.4510,94.5038,-0.0544,-0.0528,0.0016
1655,993.2,306.5,94.4463,94.4479,94.5006,-0.0543,-0.0527,0.0016
1656,1003.9,356.3,94.4433,94.4449,94.4973,-0.0540,-0.0524,0.0016
1657,997.4,359.6,94.4402,94.4418,94.4943,-0.0541,-0.0525,0.0016
1658,999.4,354.6,94.4371,94.4387,94.4912,-0.0541,-0.0525,0.0016
1659,1000.5,343.9,94.4340,94.4356,94.4880,-0.0540,-0.0524,0.0016
1660,995.2,325.2,94.4309,94.4325,94.4844,-0.0535,-0.0519,0.0016
1661,1003.2,344.4,94.4278,94.4294,94.4811,-0.0533,-0.0517,0.0016
1662,995.4,329.3,94.4247,94.4263,94.4778,-0.0530,-0.0514,0.0016
1663,1020.6,376.4,94.4216,94.4232,94.4745,-0.0529,-0.0513,0.0016
1664,980.5,347.4,94.4185,94.4201,94.4709,-0.0524,-0.0509,0.0016
1665,998.9,321.8,94.4154,94.4169,94.4676,-0.0523,-0.0507,0.0016
1666,1001.2,327.1,94.4122,94.4138,94.4644,-0.0521,-0.0505,0.0016
1667,1017.7,349.5,94.4091,94.4107,94.4612,-0.0521,-0.0505,0.0016
1668,990.0,384.2,94.4059,94.4075,94.4579,-0.0520,-0.0504,0.0016
1669,999.5,399.6,94.4028,94.4044,94.4549,-0.0521,-0.0506,0.0016
1670,1013.7,1488.2,94.3996,94.4012,94.4519,-0.0523,-0.0507,0.0016
1671,1495.3,402.1,94.3965,94.3980,94.4457,-0.0492,-0.0477,0.0016
1672,490.0,333.8,94.3933,94.3948,94.4457,-0.0524,-0.0509,0.0016
1673,1003.1,352.6,94.3901,94.3917,94.4428,-0.0527,-0.0511,0.0015
1674,998.9,374.7,94.3869,94.3885,94.4398,-0.0529,-0.0514,0.0015
1675,1000.2,362.1,94.3837,94.3853,94.4368,-0.0530,-0.0515,0.0015
1676,1028.3,434.6,94.3805,94.3821,94.4333,-0.0528,-0.0513,0.0015
1677,972.0,342.3,94.3773,94.3789,94.4302,-0.0529,-0.0513,0.0015
1678,997.8,359.6,94.3741,94.3756,94.4270,-0.0529,-0.0513,0.0015
1679,998.5,351.9,94.3709,94.3724,94.4237,-0.0529,-0.0513,0.0015
1680,1003.0,334.7,94.3677,94.3692,94.4203,-0.0526,-0.0511,0.0015
1681,998.0,413.3,94.3644,94.3659,94.4170,-0.0526,-0.0511,0.0015
1682,994.0,336.2,94.3612,94.3627,94.4138,-0.0527,-0.0511,0.0015
1683,1012.0,368.5,94.3579,94.3594,94.4107,-0.0527,-0.0512,0.0015
1684,995.0,335.0,94.3547,94.3562,94.4074,-0.0528,-0.0513,0.0015
1685,1001.8,332.9,94.3514,94.3529,94.4045,-0.0531,-0.0516,0.0015
1686,999.5,362.2,94.3481,94.3496,94.4017,-0.0535,-0.0520,0.0015
1687,998.0,341.9,94.3449,94.3464,94.3988,-0.0539,-0.0524,0.0015
1688,999.6,328.2,94.3416,94.3431,94.3956,-0.0540,-0.0525,0.0015
1689,999.2,343.1,94.3383,94.3398,94.3925,-0.0542,-0.0527,0.0015
1690,1001.2,336.3,94.3350,94.3365,94.3892,-0.0542,-0.0527,0.0015
1691,1000.1,342.3,94.3317,94.3332,94.3859,-0.0542,-0.0527,0.0015
1692,1000.2,343.7,94.3284,94.3299,94.3823,-0.0539,-0.0525,0.0015
1693,1000.0,374.5,94.3251,94.3265,94.3791,-0.0540,-0.0525,0.0015
1694,1000.1,376.4,94.3217,94.3232,94.3758,-0.0541,-0.0526,0.0015
1695,999.4,401.4,94.3184,94.3199,94.3728,-0.0544,-0.0530,0.0015
1696,1001.2,397.1,94.3151,94.3165,94.3697,-0.0546,-0.0531,0.0015
1697,999.2,403.0,94.3117,94.3132,94.3668,-0.0551,-0.0536,0.0015
1698,997.9,397.2,94.3084,94.3098,94.3640,-0.0556,-0.0541,0.0015
1699,1006.5,386.2,94.3050,94.3065,94.3611,-0.0560,-0.0546,0.0015
1700,997.3,427.0,94.3017,94.3031,94.3580,-0.0563,-0.0548,0.0015
1701,1019.1,442.6,94.2983,94.2997,94.3551,-0.0568,-0.0554,0.0015
1702,980.8,349.3,94.2949,94.2964,94.3523,-0.0574,-0.0559,0.0015
1703,1002.0,330.9,94.2915,94.2930,94.3493,-0.0578,-0.0564,0.0014
1704,997.2,352.6,94.2881,94.2896,94.3461,-0.0580,-0.0565,0.0014
1705,999.9,358.2,94.2847,94.2862,94.3432,-0.0584,-0.0570,0.0014
1706,997.7,356.5,94.2813,94.2828,94.3402,-0.0589,-0.0575,0.0014
1707,1001.3,366.2,94.2779,94.2794,94.3374,-0.0594,-0.0580,0.0014
1708,1000.4,338.9,94.2745,94.2759,94.3343,-0.0598,-0.0584,0.0014
1709,1000.8,353.7,94.2711,94.2725,94.3315,-0.0604,-0.0590,0.0014
1710,998.7,348.2,94.2677,94.2691,94.3288,-0.0611,-0.0597,0.0014
1711,1001.0,383.2,94.2642,94.2656,94.3261,-0.0619,-0.0605,0.0014
1712,998.3,341.9,94.2608,94.2622,94.3233,-0.0625,-0.0611,0.0014
1713,1003.1,388.0,94.2573,94.2587,94.3209,-0.0636,-0.0622,0.0014
1714,997.5,355.4,94.2539,94.2553,94.3186,-0.0647,-0.0633,0.0014
1715,999.9,350.7,94.2504,94.2518,94.3158,-0.0654,-0.0640,0.0014
1716,1000.7,342.8,94.2469,94.2483,94.3129,-0.0660,-0.0646,0.0014
1717,999.6,334.9,94.2435,94.2449,94.3102,-0.0667,-0.0653,0.0014
1718,1005.3,389.3,94.2400,94.2414,94.3075,-0.0675,-0.0661,0.0014
1719,1003.0,402.9,94.2365,94.2379,94.3045,-0.0681,-0.0667,0.0014
1720,996.4,372.3,94.2330,94.2344,94.3018,-0.0688,-0.0674,0.0014
1721,1000.3,385.3,94.2295,94.2309,94.2989,-0.0694,-0.0680,0.0014
1722,1001.2,343.4,94.2260,94.2274,94.2957,-0.0697,-0.0683,0.0014
1723,999.7,354.7,94.2225,94.2239,94.2926,-0.0701,-0.0688,0.0014
1724,1002.5,363.9,94.2189,94.2203,94.2892,-0.0703,-0.0689,0.0014
1725,1000.4,378.7,94.2154,94.2168,94.2861,-0.0706,-0.0693,0.0014
1726,994.3,394.9,94.2119,94.2133,94.2829,-0.0710,-0.0696,0.0014
1727,996.9,327.1,94.2083,94.2097,94.2796,-0.0712,-0.0699,0.0014
1728,1005.1,339.6,94.2048,94.2062,94.2759,-0.0711,-0.0698,0.0014
1729,1000.3,372.3,94.2012,94.2026,94.2725,-0.0713,-0.0699,0.0014
1730,997.4,342.5,94.1977,94.1990,94.2691,-0.0714,-0.0701,0.0014
1731,999.4,353.8,94.1941,94.1955,94.2691,-0.0750,-0.0736,0.0014
1732,998.2,371.9,94.1905,94.1919,94.2656,-0.0751,-0.0737,0.0014
1733,999.7,373.2,94.1870,94.1883,94.2618,-0.0748,-0.0734,0.0013
1734,999.2,359.2,94.1834,94.1847,94.2580,-0.0747,-0.0733,0.0013
1735,1000.1,306.4,94.1798,94.1811,94.2541,-0.0743,-0.0730,0.0013
1736,1004.0,369.7,94.1762,94.1775,94.2501,-0.0740,-0.0726,0.0013
1737,996.4,354.9,94.1726,94.1739,94.2457,-0.0731,-0.0718,0.0013
1738,1000.5,382.1,94.1690,94.1703,94.2415,-0.0725,-0.0712,0.0013
1739,999.1,394.9,94.1653,94.1667,94.2373,-0.0719,-0.0706,0.0013
1740,999.1,337.2,94.1617,94.1630,94.2331,-0.0714,-0.0701,0.0013
1741,1000.7,375.0,94.1581,94.1594,94.2288,-0.0708,-0.0694,0.0013
1742,998.5,376.0,94.1544,94.1558,94.2250,-0.0705,-0.0692,0.0013
1743,999.9,391.8,94.1508,94.1521,94.2209,-0.0701,-0.0688,0.0013
1744,1003.5,381.7,94.1471,94.1485,94.2166,-0.0695,-0.0682,0.0013
1745,994.3,412.5,94.1435,94.1448,94.2119,-0.0684,-0.0671,0.0013
1746,997.4,372.7,94.1398,94.1411,94.2077,-0.0679,-0.0666,0.0013
1747,1006.6,402.1,94.1362,94.1375,94.2034,-0.0673,-0.0660,0.0013
1748,1000.9,362.2,94.1325,94.1338,94.1992,-0.0668,-0.0655,0.0013
1749,999.7,399.5,94.1288,94.1301,94.1949,-0.0661,-0.0648,0.0013
1750,1000.4,369.8,94.1251,94.1264,94.1910,-0.0659,-0.0646,0.0013
1751,1001.6,348.4,94.1214,94.1227,94.1874,-0.0659,-0.0647,0.0013
1752,1000.3,386.6,94.1177,94.1190,94.1837,-0.0660,-0.0647,0.0013
1753,996.9,373.0,94.1140,94.1153,94.1796,-0.0656,-0.0643,0.0013
1754,1000.2,382.5,94.1103,94.1116,94.1757,-0.0654,-0.0641,0.0013
1755,999.9,369.0,94.1066,94.1078,94.1717,-0.0651,-0.0638,0.0013
1756,999.8,338.7,94.1028,94.1041,94.1675,-0.0647,-0.0634,0.0013
1757,1002.8,380.9,94.0991,94.1004,94.1634,-0.0643,-0.0630,0.0013
1758,998.2,336.8,94.0954,94.0966,94.1590,-0.0636,-0.0623,0.0013
1759,1002.6,334.6,94.0916,94.0929,94.1549,-0.0633,-0.0621,0.0013
1760,999.3,375.6,94.0879,94.0891,94.1508,-0.0629,-0.0617,0.0013
1761,997.9,353.9,94.0841,94.0854,94.1463,-0.0622,-0.0610,0.0013
1762,999.6,372.3,94.0803,94.0816,94.1423,-0.0620,-0.0607,0.0013
1763,997.9,387.6,94.0766,94.0778,94.1382,-0.0617,-0.0604,0.0013
1764,1000.1,381.2,94.0728,94.0740,94.1343,-0.0615,-0.0602,0.0013
1765,1048.3,385.3,94.0690,94.0702,94.1300,-0.0610,-0.0598,0.0012
1766,953.2,360.7,94.0652,94.0664,94.1260,-0.0608,-0.0595,0.0012
1767,994.3,345.1,94.0614,94.0626,94.1218,-0.0604,-0.0591,0.0012
1768,1008.4,365.1,94.0576,94.0588,94.1175,-0.0599,-0.0587,0.0012
1769,999.9,413.7,94.0538,94.0550,94.1130,-0.0592,-0.0580,0.0012
1770,998.5,437.5,94.0500,94.0512,94.1088,-0.0588,-0.0576,0.0012
1771,999.4,342.2,94.0461,94.0474,94.1047,-0.0585,-0.0573,0.0012
1772,1002.6,369.6,94.0423,94.0435,94.1006,-0.0583,-0.0571,0.0012
1773,999.5,394.8,94.0385,94.0397,94.0966,-0.0581,-0.0569,0.0012
1774,999.5,356.3,94.0346,94.0359,94.0929,-0.0583,-0.0571,0.0012
1775,1000.4,361.6,94.0308,94.0320,94.0893,-0.0585,-0.0573,0.0012
1776,999.3,389.0,94.0269,94.0282,94.0856,-0.0587,-0.0574,0.0012
1777,1004.6,345.7,94.0231,94.0243,94.0816,-0.0585,-0.0573,0.0012
1778,999.3,376.9,94.0192,94.0204,94.0777,-0.0585,-0.0573,0.0012
1779,996.3,339.1,94.0153,94.0165,94.0739,-0.0585,-0.0573,0.0012
1780,1003.4,335.9,94.0115,94.0127,94.0701,-0.0586,-0.0574,0.0012
1781,997.9,392.1,94.0076,94.0088,94.0663,-0.0587,-0.0575,0.0012
1782,998.5,377.4,94.0037,94.0049,94.0630,-0.0593,-0.0581,0.0012
1783,1000.2,354.5,93.9998,94.0010,94.0597,-0.0599,-0.0587,0.0012
1784,998.0,390.9,93.9959,93.9971,94.0565,-0.0606,-0.0594,0.0012
1785,999.8,362.6,93.9920,93.9932,94.0530,-0.0610,-0.0598,0.0012
1786,1000.4,402.6,93.9881,93.9892,94.0497,-0.0617,-0.0605,0.0012
1787,1003.8,341.3,93.9841,93.9853,94.0466,-0.0624,-0.0613,0.0012
1788,1000.0,363.6,93.9802,93.9814,94.0434,-0.0631,-0.0620,0.0012
1789,998.0,378.1,93.9763,93.9774,94.0398,-0.0635,-0.0624,0.0012
1790,1000.0,365.8,93.9723,93.9735,94.0365,-0.0642,-0.0630,0.0012
1791,999.9,347.6,93.9684,93.9695,94.0332,-0.0648,-0.0636,0.0012
1792,1003.5,344.7,93.9644,93.9656,94.0298,-0.0653,-0.0642,0.0012
1793,998.7,368.8,93.9605,93.9616,94.0263,-0.0658,-0.0647,0.0012
1794,1000.8,446.5,93.9565,93.9577,94.0226,-0.0661,-0.0650,0.0012
1795,998.5,408.6,93.9525,93.9537,94.0193,-0.0668,-0.0656,0.0012
1796,999.3,374.5,93.9486,93.9497,94.0160,-0.0674,-0.0663,0.0012
1797,999.9,332.7,93.9446,93.9457,94.0125,-0.0679,-0.0668,0.0011
1798,1000.1,342.7,93.9406,93.9417,94.0092,-0.0687,-0.0675,0.0011
1799,1000.3,358.3,93.9366,93.9377,94.0058,-0.0692,-0.0681,0.0011
1800,997.2,323.6,93.9326,93.9337,94.0023,-0.0697,-0.0685,0.0011
1801,1002.3,362.9,93.9286,93.9297,93.9984,-0.0698,-0.0687,0.0011
1802,998.0,356.3,93.9246,93.9257,93.9948,-0.0703,-0.0691,0.0011
1803,1000.5,347.8,93.9205,93.9217,93.9912,-0.0706,-0.0695,0.0011
1804,1000.0,361.6,93.9165,93.9176,93.9874,-0.0709,-0.0698,0.0011
1805,999.3,350.1,93.9125,93.9136,93.9833,-0.0709,-0.0697,0.0011
1806,999.0,328.6,93.9084,93.9096,93.9795,-0.0711,-0.0700,0.0011
1807,1000.6,355.2,93.9044,93.9055,93.9758,-0.0714,-0.0702,0.0011
1808,999.1,328.4,93.9003,93.9015,93.9721,-0.0718,-0.0707,0.0011
1809,1005.2,361.9,93.8963,93.8974,93.9680,-0.0717,-0.0706,0.0011
1810,997.5,367.5,93.8922,93.8933,93.9641,-0.0719,-0.0708,0.0011
1811,1000.1,378.3,93.8882,93.8893,93.9602,-0.0720,-0.0709,0.0011
1812,999.9,348.9,93.8841,93.8852,93.9562,-0.0721,-0.0710,0.0011
1813,1003.7,349.4,93.8800,93.8811,93.9518,-0.0718,-0.0707,0.0011
1814,997.4,345.4,93.8759,93.8770,93.9475,-0.0716,-0.0705,0.0011
1815,1001.1,309.0,93.8718,93.8729,93.9433,-0.0714,-0.0704,0.0011
1816,998.4,334.6,93.8677,93.8688,93.9390,-0.0713,-0.0702,0.0011
1817,1000.3,339.7,93.8636,93.8647,93.9348,-0.0712,-0.0701,0.0011
1818,999.0,329.3,93.8595,93.8606,93.9303,-0.0708,-0.0697,0.0011
1819,999.5,411.0,93.8554,93.8565,93.9263,-0.0709,-0.0698,0.0011
1820,999.0,406.3,93.8513,93.8524,93.9223,-0.0711,-0.0700,0.0011
1821,1000.5,328.0,93.8471,93.8482,93.9185,-0.0713,-0.0703,0.0011
1822,1000.1,398.9,93.8430,93.8441,93.9142,-0.0712,-0.0701,0.0011
1823,1000.0,334.5,93.8389,93.8399,93.9101,-0.0712,-0.0701,0.0011
1824,1000.1,329.7,93.8347,93.8358,93.9058,-0.0711,-0.0700,0.0011
1825,999.4,375.9,93.8306,93.8316,93.9015,-0.0710,-0.0699,0.0011
1826,1000.5,375.3,93.8264,93.8275,93.8969,-0.0705,-0.0694,0.0011
1827,999.9,341.1,93.8223,93.8233,93.8924,-0.0702,-0.0691,0.0011
1828,998.1,338.5,93.8181,93.8191,93.8881,-0.0700,-0.0689,0.0011
1829,1001.2,335.1,93.8139,93.8150,93.8838,-0.0699,-0.0689,0.0011
1830,1002.0,342.8,93.8097,93.8108,93.8793,-0.0696,-0.0685,0.0010
1831,1000.0,376.8,93.8055,93.8066,93.8750,-0.0695,-0.0685,0.0010
1832,999.6,344.6,93.8013,93.8024,93.8709,-0.0696,-0.0685,0.0010
1833,1000.1,348.3,93.7971,93.7982,93.8666,-0.0694,-0.0684,0.0010
1834,1004.0,341.2,93.7929,93.7940,93.8623,-0.0693,-0.0683,0.0010
1835,995.9,345.0,93.7887,93.7898,93.8574,-0.0687,-0.0677,0.0010
1836,1001.5,358.1,93.7845,93.7855,93.8528,-0.0683,-0.0673,0.0010
1837,999.2,360.9,93.7803,93.7813,93.8482,-0.0679,-0.0669,0.0010
1838,1000.2,376.9,93.7761,93.7771,93.8436,-0.0676,-0.0666,0.0010
1839,1000.5,355.9,93.7718,93.7728,93.8387,-0.0669,-0.0658,0.0010
1840,997.5,352.8,93.7676,93.7686,93.8343,-0.0667,-0.0657,0.0010
1841,1000.1,325.7,93.7633,93.7644,93.8301,-0.0667,-0.0657,0.0010
1842,999.8,321.1,93.7591,93.7601,93.8258,-0.0667,-0.0657,0.0010
1843,1004.3,399.8,93.7548,93.7558,93.8212,-0.0664,-0.0653,0.0010
1844,996.1,347.0,93.7506,93.7516,93.8168,-0.0663,-0.0653,0.0010
1845,999.6,408.2,93.7463,93.7473,93.8124,-0.0661,-0.0651,0.0010
1846,1001.5,402.1,93.7420,93.7430,93.8081,-0.0661,-0.0651,0.0010
1847,998.5,405.9,93.7377,93.7387,93.8035,-0.0658,-0.0648,0.0010
1848,1000.1,412.2,93.7335,93.7344,93.7995,-0.0660,-0.0650,0.0010
1849,999.0,371.0,93.7292,93.7302,93.7957,-0.0665,-0.0655,0.0010
1850,999.7,329.0,93.7249,93.7259,93.7920,-0.0672,-0.0662,0.0010
1851,1003.7,355.8,93.7206,93.7215,93.7883,-0.0678,-0.0668,0.0010
1852,999.2,325.3,93.7162,93.7172,93.7849,-0.0687,-0.0677,0.0010
1853,1000.4,371.3,93.7119,93.7129,93.7814,-0.0695,-0.0685,0.0010
1854,999.8,330.0,93.7076,93.7086,93.7777,-0.0701,-0.0691,0.0010
1855,997.7,337.6,93.7033,93.7043,93.7739,-0.0706,-0.0696,0.0010
1856,1002.4,354.1,93.6990,93.6999,93.7697,-0.0707,-0.0698,0.0010
1857,999.3,346.7,93.6946,93.6956,93.7658,-0.0712,-0.0702,0.0010
1858,1004.5,374.0,93.6903,93.6912,93.7620,-0.0717,-0.0708,0.0010
1859,996.6,349.4,93.6859,93.6869,93.7582,-0.0723,-0.0713,0.0010
1860,999.3,327.7,93.6816,93.6825,93.7542,-0.0726,-0.0717,0.0010
1861,1009.6,366.1,93.6772,93.6782,93.7503,-0.0731,-0.0721,0.0010
1862,988.5,300.8,93.6728,93.6738,93.7464,-0.0736,-0.0726,0.0010
1863,1029.1,411.6,93.6685,93.6694,93.7425,-0.0740,-0.0731,0.0010
1864,975.0,369.0,93.6641,93.6650,93.7383,-0.0743,-0.0733,0.0010
1865,995.9,321.1,93.6597,93.6606,93.7344,-0.0747,-0.0737,0.0009
1866,1008.3,372.7,93.6553,93.6563,93.7303,-0.0750,-0.0740,0.0009
1867,991.5,352.3,93.6509,93.6519,93.7261,-0.0752,-0.0742,0.0009
1868,999.8,365.0,93.6465,93.6475,93.7215,-0.0750,-0.0741,0.0009
1869,1001.3,409.3,93.6421,93.6430,93.7174,-0.0752,-0.0743,0.0009
1870,998.8,357.3,93.6377,93.6386,93.7133,-0.0756,-0.0747,0.0009
1871,998.6,361.3,93.6333,93.6342,93.7091,-0.0758,-0.0749,0.0009
1872,1003.4,378.4,93.6289,93.6298,93.7051,-0.0763,-0.0754,0.0009
1873,992.4,346.0,93.6244,93.6254,93.7011,-0.0767,-0.0758,0.0009
1874,998.6,355.4,93.6200,93.6209,93.6971,-0.0771,-0.0762,0.0009
1875,1011.6,337.8,93.6156,93.6165,93.6927,-0.0771,-0.0762,0.0009
1876,998.6,370.3,93.6111,93.6120,93.6885,-0.0774,-0.0765,0.0009
1877,997.6,359.6,93.6067,93.6076,93.6844,-0.0777,-0.0768,0.0009
1878,1000.7,374.0,93.6022,93.6031,93.6802,-0.0780,-0.0771,0.0009
1879,1000.0,358.6,93.5977,93.5986,93.6757,-0.0780,-0.0771,0.0009
1880,999.2,353.4,93.5933,93.5942,93.6716,-0.0784,-0.0775,0.0009
1881,1000.0,322.0,93.5888,93.5897,93.6676,-0.0788,-0.0779,0.0009
1882,1003.2,352.9,93.5843,93.5852,93.6637,-0.0794,-0.0785,0.0009
1883,996.4,339.7,93.5798,93.5807,93.6594,-0.0796,-0.0787,0.0009
1884,1002.1,361.9,93.5753,93.5762,93.6554,-0.0800,-0.0791,0.0009
1885,997.6,356.1,93.5708,93.5717,93.6512,-0.0803,-0.0794,0.0009
1886,1000.1,363.8,93.5663,93.5672,93.6468,-0.0805,-0.0796,0.0009
1887,1000.2,366.1,93.5618,93.5627,93.6413,-0.0794,-0.0785,0.0009
1888,1000.0,357.5,93.5573,93.5582,93.6373,-0.0800,-0.0791,0.0009
1889,1000.3,337.5,93.5528,93.5537,93.6327,-0.0798,-0.0790,0.0009
1890,1001.6,356.7,93.5483,93.5492,93.6271,-0.0788,-0.0779,0.0009
1891,998.0,316.2,93.5438,93.5446,93.6220,-0.0782,-0.0773,0.0009
1892,1007.7,340.0,93.5392,93.5401,93.6173,-0.0781,-0.0772,0.0009
1893,1041.9,404.6,93.5347,93.5356,93.6126,-0.0780,-0.0771,0.0009
1894,945.7,400.2,93.5301,93.5310,93.6075,-0.0774,-0.0765,0.0009
1895,997.4,381.9,93.5256,93.5265,93.6027,-0.0771,-0.0762,0.0009
1896,1009.6,353.4,93.5210,93.5219,93.5977,-0.0766,-0.0758,0.0009
1897,999.8,363.2,93.5165,93.5173,93.5925,-0.0761,-0.0752,0.0009
1898,998.3,410.7,93.5119,93.5128,93.5870,-0.0751,-0.0742,0.0009
1899,999.7,322.8,93.5073,93.5082,93.5817,-0.0744,-0.0735,0.0009
1900,1007.8,356.1,93.5028,93.5036,93.5766,-0.0738,-0.0730,0.0009
1901,992.6,370.4,93.4982,93.4990,93.5717,-0.0735,-0.0726,0.0008
1902,999.5,377.4,93.4936,93.4944,93.5664,-0.0728,-0.0719,0.0008
1903,1000.4,365.2,93.4890,93.4898,93.5615,-0.0725,-0.0716,0.0008
1904,999.5,323.6,93.4844,93.4852,93.5615,-0.0771,-0.0762,0.0008
1905,1005.1,364.1,93.4798,93.4806,93.5566,-0.0768,-0.0759,0.0008
1906,995.4,362.9,93.4752,93.4760,93.5517,-0.0765,-0.0756,0.0008
1907,999.7,330.7,93.4706,93.4714,93.5462,-0.0756,-0.0748,0.0008
1908,1006.3,362.3,93.4659,93.4668,93.5411,-0.0752,-0.0744,0.0008
1909,993.8,357.5,93.4613,93.4621,93.5361,-0.0748,-0.0740,0.0008
1910,999.6,341.7,93.4567,93.4575,93.5309,-0.0743,-0.0734,0.0008
1911,1001.2,322.4,93.4520,93.4529,93.5262,-0.0742,-0.0733,0.0008
1912,1008.1,323.5,93.4474,93.4482,93.5215,-0.0741,-0.0733,0.0008
1913,993.4,350.7,93.4428,93.4436,93.5169,-0.0742,-0.0734,0.0008
1914,996.1,406.4,93.4381,93.4389,93.5121,-0.0740,-0.0732,0.0008
1915,1005.5,346.8,93.4334,93.4343,93.5074,-0.0739,-0.0731,0.0008
1916,997.8,385.6,93.4288,93.4296,93.5027,-0.0739,-0.0731,0.0008
1917,1004.5,347.5,93.4241,93.4249,93.4979,-0.0738,-0.0730,0.0008
1918,996.0,365.4,93.4194,93.4202,93.4930,-0.0735,-0.0727,0.0008
1919,999.2,424.9,93.4148,93.4156,93.4885,-0.0737,-0.0729,0.0008
1920,999.5,386.4,93.4101,93.4109,93.4840,-0.0739,-0.0731,0.0008
1921,998.2,362.9,93.4054,93.4062,93.4795,-0.0742,-0.0734,0.0008
1922,1000.2,324.0,93.4007,93.4015,93.4748,-0.0741,-0.0733,0.0008
1923,1004.5,343.1,93.3960,93.3968,93.4703,-0.0743,-0.0735,0.0008
1924,999.5,336.9,93.3913,93.3921,93.4658,-0.0745,-0.0737,0.0008
1925,999.0,332.9,93.3866,93.3874,93.4612,-0.0747,-0.0739,0.0008
1926,1004.0,331.7,93.3819,93.3826,93.4563,-0.0745,-0.0737,0.0008
1927,997.1,334.3,93.3771,93.3779,93.4517,-0.0746,-0.0738,0.0008
1928,998.0,357.9,93.3724,93.3732,93.4473,-0.0749,-0.0741,0.0008
1929,998.6,386.5,93.3677,93.3685,93.4430,-0.0753,-0.0745,0.0008
1930,1001.1,320.0,93.3629,93.3637,93.4382,-0.0753,-0.0745,0.0008
1931,1002.9,368.8,93.3582,93.3590,93.4337,-0.0755,-0.0747,0.0008
1932,996.4,378.1,93.3535,93.3542,93.4291,-0.0757,-0.0749,0.0008
1933,999.7,373.8,93.3487,93.3495,93.4246,-0.0759,-0.0751,0.0008
1934,999.7,352.1,93.3439,93.3447,93.4197,-0.0758,-0.0750,0.0008
1935,1000.2,347.5,93.3392,93.3399,93.4154,-0.0763,-0.0755,0.0008
1936,998.2,333.3,93.3344,93.3352,93.4112,-0.0768,-0.0761,0.0008
1937,1018.7,365.7,93.3296,93.3304,93.4072,-0.0775,-0.0768,0.0008
1938,1004.2,428.8,93.3249,93.3256,93.4030,-0.0781,-0.0773,0.0008
1939,989.1,365.2,93.3201,93.3208,93.3991,-0.0791,-0.0783,0.0007
1940,992.2,337.2,93.3153,93.3160,93.3953,-0.0800,-0.0793,0.0007
1941,997.7,347.8,93.3105,93.3112,93.3914,-0.0809,-0.0802,0.0007
1942,1002.2,346.5,93.3057,93.3064,93.3870,-0.0813,-0.0805,0.0007
1943,999.2,374.5,93.3009,93.3016,93.3827,-0.0818,-0.0810,0.0007
1944,997.7,377.6,93.2961,93.2968,93.3783,-0.0822,-0.0814,0.0007
1945,1002.0,417.2,93.2913,93.2920,93.3739,-0.0826,-0.0819,0.0007
1946,999.7,336.6,93.2865,93.2872,93.3693,-0.0828,-0.0821,0.0007
1947,1000.5,366.1,93.2816,93.2824,93.3650,-0.0833,-0.0826,0.0007
1948,999.2,359.2,93.2768,93.2775,93.3607,-0.0839,-0.0831,0.0007
1949,999.9,345.9,93.2720,93.2727,93.3564,-0.0844,-0.0837,0.0007
1950,1002.5,345.8,93.2671,93.2679,93.3515,-0.0844,-0.0837,0.0007
1951,995.6,369.3,93.2623,93.2630,93.3469,-0.0846,-0.0839,0.0007
1952,1001.9,353.4,93.2574,93.2582,93.3422,-0.0847,-0.0840,0.0007
1953,1000.1,368.6,93.2526,93.2533,93.3372,-0.0846,-0.0839,0.0007
1954,999.9,330.3,93.2477,93.2484,93.3322,-0.0845,-0.0838,0.0007
1955,1005.1,330.8,93.2429,93.2436,93.3268,-0.0839,-0.0832,0.0007
1956,998.0,337.8,93.2380,93.2387,93.3217,-0.0837,-0.0830,0.0007
1957,996.2,313.8,93.2331,93.2338,93.3166,-0.0835,-0.0828,0.0007
1958,1005.7,348.5,93.2282,93.2289,93.3117,-0.0834,-0.0827,0.0007
1959,999.7,340.6,93.2234,93.2241,93.3068,-0.0835,-0.0828,0.0007
1960,996.7,316.2,93.2185,93.2192,93.3016,-0.0831,-0.0824,0.0007
1961,1010.6,338.9,93.2136,93.2143,93.2967,-0.0831,-0.0824,0.0007
1962,988.9,329.1,93.2087,93.2094,93.2916,-0.0829,-0.0822,0.0007
1963,1004.7,331.8,93.2038,93.2045,93.2862,-0.0824,-0.0817,0.0007
1964,996.4,321.9,93.1989,93.1996,93.2812,-0.0824,-0.0817,0.0007
1965,1000.9,314.9,93.1940,93.1946,93.2765,-0.0825,-0.0819,0.0007
1966,1000.6,315.7,93.1890,93.1897,93.2719,-0.0829,-0.0822,0.0007
1967,1000.1,320.4,93.1841,93.1848,93.2671,-0.0830,-0.0823,0.0007
1968,998.1,330.6,93.1792,93.1799,93.2627,-0.0835,-0.0828,0.0007
1969,998.7,372.6,93.1743,93.1749,93.2581,-0.0838,-0.0832,0.0007
1970,1000.0,369.8,93.1693,93.1700,93.2533,-0.0840,-0.0833,0.0007
1971,1001.3,345.3,93.1644,93.1650,93.2481,-0.0837,-0.0830,0.0007
1972,998.8,311.8,93.1594,93.1601,93.2431,-0.0837,-0.0830,0.0007
1973,1004.3,335.2,93.1545,93.1551,93.2381,-0.0837,-0.0830,0.0007
1974,995.4,343.4,93.1495,93.1502,93.2331,-0.0836,-0.0829,0.0007
1975,1000.4,321.4,93.1446,93.1452,93.2278,-0.0832,-0.0826,0.0007
1976,1001.2,331.1,93.1396,93.1402,93.2228,-0.0832,-0.0825,0.0007
1977,1002.0,320.8,93.1346,93.1353,93.2176,-0.0830,-0.0824,0.0007
1978,1034.5,426.0,93.1296,93.1303,93.2125,-0.0828,-0.0822,0.0007
1979,968.1,393.2,93.1247,93.1253,93.2067,-0.0821,-0.0814,0.0006
1980,995.1,360.9,93.1197,93.1203,93.2013,-0.0817,-0.0810,0.0006
1981,999.5,351.5,93.1147,93.1153,93.1961,-0.0814,-0.0807,0.0006
1982,1002.5,373.7,93.1097,93.1103,93.1909,-0.0812,-0.0806,0.0006
1983,996.7,360.9,93.1047,93.1053,93.1855,-0.0808,-0.0802,0.0006
1984,999.9,359.3,93.0997,93.1003,93.1805,-0.0808,-0.0802,0.0006
1985,1001.2,341.5,93.0947,93.0953,93.1753,-0.0807,-0.0800,0.0006
1986,998.3,352.6,93.0896,93.0903,93.1701,-0.0805,-0.0798,0.0006
1987,1001.2,356.0,93.0846,93.0853,93.1646,-0.0799,-0.0793,0.0006
1988,999.0,380.2,93.0796,93.0802,93.1594,-0.0798,-0.0791,0.0006
1989,999.9,326.2,93.0746,93.0752,93.1544,-0.0798,-0.0792,0.0006
1990,1007.2,340.2,93.0695,93.0702,93.1496,-0.0801,-0.0795,0.0006
1991,993.3,367.2,93.0645,93.0651,93.1447,-0.0802,-0.0795,0.0006
1992,999.6,347.3,93.0595,93.0601,93.1401,-0.0807,-0.0801,0.0006
1993,1000.5,377.1,93.0544,93.0550,93.1356,-0.0812,-0.0806,0.0006
1994,999.1,380.2,93.0494,93.0500,93.1309,-0.0816,-0.0809,0.0006
1995,1000.1,386.5,93.0443,93.0449,93.1259,-0.0816,-0.0810,0.0006
1996,1000.1,414.1,93.0392,93.0398,93.1211,-0.0819,-0.0813,0.0006
1997,1000.0,387.1,93.0342,93.0348,93.1163,-0.0821,-0.0815,0.0006
1998,1005.0,367.5,93.0291,93.0297,93.1115,-0.0824,-0.0818,0.0006
1999,996.3,407.1,93.0240,93.0246,93.1067,-0.0826,-0.0820,0.0006
2000,997.1,409.6,93.0189,93.0195,93.1018,-0.0829,-0.0823,0.0006
2001,1004.4,385.2,93.0139,93.0145,93.0973,-0.0835,-0.0829,0.0006
2002,998.9,367.7,93.0088,93.0094,93.0930,-0.0842,-0.0836,0.0006
2003,1001.3,383.9,93.0037,93.0043,93.0884,-0.0847,-0.0841,0.0006
2004,999.0,340.2,92.9986,92.9992,93.0829,-0.0843,-0.0837,0.0006
2005,1000.6,347.2,92.9935,92.9941,93.0778,-0.0843,-0.0837,0.0006
2006,1010.4,349.8,92.9884,92.9889,93.0729,-0.0845,-0.0839,0.0006
2007,992.3,325.3,92.9832,92.9838,93.0679,-0.0847,-0.0841,0.0006
2008,999.9,349.2,92.9781,92.9787,93.0627,-0.0846,-0.0840,0.0006
2009,1002.5,345.5,92.9730,92.9736,93.0578,-0.0848,-0.0842,0.0006
2010,997.9,323.2,92.9679,92.9685,93.0529,-0.0850,-0.0845,0.0006
2011,1001.0,347.1,92.9627,92.9633,93.0479,-0.0851,-0.0845,0.0006
2012,1002.6,341.7,92.9576,92.9582,93.0424,-0.0848,-0.0842,0.0006
2013,998.9,353.6,92.9525,92.9530,93.0372,-0.0848,-0.0842,0.0006
2014,997.0,350.8,92.9473,92.9479,93.0320,-0.0847,-0.0841,0.0006
2015,999.5,327.2,92.9422,92.9427,93.0268,-0.0846,-0.0841,0.0006
2016,1004.3,333.4,92.9370,92.9376,93.0215,-0.0845,-0.0839,0.0006
2017,995.2,338.6,92.9319,92.9324,93.0166,-0.0848,-0.0842,0.0006
2018,997.9,342.2,92.9267,92.9273,93.0118,-0.0851,-0.0845,0.0006
2019,1000.7,373.5,92.9215,92.9221,93.0069,-0.0854,-0.0848,0.0006
2020,1000.4,381.9,92.9164,92.9169,93.0016,-0.0852,-0.0847,0.0006
2021,999.7,347.2,92.9112,92.9117,92.9965,-0.0853,-0.0847,0.0006
2022,999.0,332.7,92.9060,92.9066,92.9912,-0.0852,-0.0847,0.0005
2023,1000.2,351.6,92.9008,92.9014,92.9860,-0.0852,-0.0847,0.0005
2024,1000.0,341.0,92.8956,92.8962,92.9804,-0.0848,-0.0843,0.0005
2025,999.9,320.2,92.8904,92.8910,92.9753,-0.0848,-0.0843,0.0005
2026,1001.5,354.9,92.8852,92.8858,92.9700,-0.0847,-0.0842,0.0005
2027,998.6,349.8,92.8800,92.8806,92.9646,-0.0846,-0.0841,0.0005
2028,999.7,354.8,92.8748,92.8754,92.9587,-0.0839,-0.0833,0.0005
2029,1000.9,344.4,92.8696,92.8701,92.9532,-0.0836,-0.0831,0.0005
2030,999.8,348.3,92.8644,92.8649,92.9477,-0.0833,-0.0828,0.0005
2031,1002.6,347.5,92.8592,92.8597,92.9421,-0.0829,-0.0824,0.0005
2032,999.1,345.5,92.8539,92.8545,92.9362,-0.0823,-0.0817,0.0005
2033,999.9,348.3,92.8487,92.8492,92.9309,-0.0822,-0.0816,0.0005
2034,1000.7,438.5,92.8435,92.8440,92.9254,-0.0820,-0.0814,0.0005
2035,1002.7,380.9,92.8382,92.8388,92.9198,-0.0816,-0.0811,0.0005
2036,998.2,377.1,92.8330,92.8335,92.9137,-0.0807,-0.0801,0.0005
2037,1015.3,394.7,92.8278,92.8283,92.9081,-0.0803,-0.0798,0.0005
2038,992.8,378.3,92.8225,92.8230,92.9026,-0.0801,-0.0796,0.0005
2039,988.0,357.3,92.8172,92.8178,92.8974,-0.0802,-0.0797,0.0005
2040,999.7,353.9,92.8120,92.8125,92.8925,-0.0805,-0.0800,0.0005
2041,1008.3,366.9,92.8067,92.8072,92.8873,-0.0806,-0.0801,0.0005
2042,1004.0,343.7,92.8015,92.8020,92.8826,-0.0811,-0.0806,0.0005
2043,991.1,353.2,92.7962,92.7967,92.8779,-0.0817,-0.0812,0.0005
2044,997.1,381.9,92.7909,92.7914,92.8725,-0.0816,-0.0811,0.0005
2045,1001.3,390.3,92.7856,92.7861,92.8674,-0.0818,-0.0813,0.0005
2046,998.2,361.5,92.7803,92.7808,92.8623,-0.0819,-0.0814,0.0005
2047,999.3,399.6,92.7750,92.7755,92.8571,-0.0821,-0.0816,0.0005
2048,1001.0,377.1,92.7698,92.7702,92.8517,-0.0820,-0.0815,0.0005
2049,996.9,383.9,92.7645,92.7649,92.8469,-0.0825,-0.0820,0.0005
2050,999.9,368.8,92.7592,92.7596,92.8421,-0.0830,-0.0825,0.0005
2051,1004.3,378.1,92.7538,92.7543,92.8372,-0.0833,-0.0829,0.0005
2052,998.8,336.5,92.7485,92.7490,92.8317,-0.0832,-0.0827,0.0005
2053,999.7,337.6,92.7432,92.7437,92.8265,-0.0833,-0.0828,0.0005
2054,999.0,355.3,92.7379,92.7384,92.8213,-0.0834,-0.0829,0.0005
2055,1001.5,354.1,92.7326,92.7331,92.8163,-0.0837,-0.0832,0.0005
2056,999.2,348.2,92.7272,92.7277,92.8114,-0.0842,-0.0837,0.0005
2057,1001.0,329.1,92.7219,92.7224,92.8056,-0.0837,-0.0832,0.0005
2058,998.2,354.0,92.7166,92.7170,92.8017,-0.0851,-0.0846,0.0005
2059,1000.7,350.2,92.7112,92.7117,92.7962,-0.0850,-0.0845,0.0005
2060,1000.1,471.0,92.7059,92.7064,92.7912,-0.0853,-0.0848,0.0005
2061,1000.7,333.8,92.7005,92.7010,92.7864,-0.0859,-0.0854,0.0005
2062,998.9,312.4,92.6952,92.6957,92.7816,-0.0864,-0.0859,0.0005
2063,1004.5,350.4,92.6898,92.6903,92.7769,-0.0870,-0.0866,0.0005
2064,997.9,357.6,92.6845,92.6849,92.7718,-0.0873,-0.0869,0.0005
2065,991.7,321.3,92.6791,92.6796,92.7673,-0.0882,-0.0877,0.0005
2066,1011.4,347.9,92.6737,92.6742,92.7629,-0.0892,-0.0887,0.0005
2067,994.7,354.7,92.6684,92.6688,92.7585,-0.0902,-0.0897,0.0005
2068,1000.0,358.9,92.6630,92.6634,92.7536,-0.0906,-0.0902,0.0005
2069,1000.4,403.2,92.6576,92.6581,92.7489,-0.0913,-0.0908,0.0004
2070,1000.0,414.4,92.6522,92.6527,92.7439,-0.0917,-0.0912,0.0004
2071,998.8,330.7,92.6468,92.6473,92.7388,-0.0919,-0.0915,0.0004
2072,1002.8,309.9,92.6414,92.6419,92.7331,-0.0917,-0.0912,0.0004
2073,1002.3,335.1,92.6360,92.6365,92.7279,-0.0919,-0.0914,0.0004
2074,996.0,350.5,92.6306,92.6311,92.7279,-0.0973,-0.0968,0.0004
2075,1000.7,317.8,92.6252,92.6257,92.7227,-0.0975,-0.0971,0.0004
2076,1002.4,354.1,92.6198,92.6202,92.7175,-0.0977,-0.0972,0.0004
2077,996.4,339.0,92.6144,92.6148,92.7116,-0.0972,-0.0968,0.0004
2078,1000.3,341.5,92.6090,92.6094,92.7058,-0.0969,-0.0964,0.0004
2079,999.6,350.8,92.6036,92.6040,92.6999,-0.0964,-0.0960,0.0004
2080,1000.5,334.1,92.5981,92.5986,92.6935,-0.0954,-0.0950,0.0004
2081,1000.7,330.8,92.5927,92.5931,92.6876,-0.0949,-0.0944,0.0004
2082,1003.1,331.1,92.5873,92.5877,92.6816,-0.0944,-0.0939,0.0004
2083,995.7,330.5,92.5818,92.5823,92.6757,-0.0939,-0.0935,0.0004
2084,1004.4,334.1,92.5764,92.5768,92.6693,-0.0929,-0.0925,0.0004
2085,998.0,351.0,92.5709,92.5714,92.6633,-0.0923,-0.0919,0.0004
2086,993.5,332.1,92.5655,92.5659,92.6572,-0.0917,-0.0913,0.0004
2087,1006.7,340.2,92.5600,92.5605,92.6512,-0.0912,-0.0908,0.0004
2088,998.5,370.2,92.5546,92.5550,92.6450,-0.0904,-0.0900,0.0004
2089,998.9,352.6,92.5491,92.5495,92.6392,-0.0901,-0.0897,0.0004
2090,1000.4,339.0,92.5437,92.5441,92.6336,-0.0899,-0.0895,0.0004
2091,1001.1,358.3,92.5382,92.5386,92.6278,-0.0896,-0.0892,0.0004
2092,997.8,332.7,92.5327,92.5331,92.6215,-0.0888,-0.0884,0.0004
2093,1003.6,329.7,92.5272,92.5276,92.6155,-0.0883,-0.0879,0.0004
2094,997.7,410.1,92.5218,92.5222,92.6097,-0.0879,-0.0875,0.0004
2095,998.5,399.8,92.5163,92.5167,92.6038,-0.0875,-0.0871,0.0004
2096,1001.3,355.5,92.5108,92.5112,92.5980,-0.0872,-0.0868,0.0004
2097,1000.0,349.1,92.5053,92.5057,92.5920,-0.0867,-0.0863,0.0004
2098,999.8,364.3,92.4998,92.5002,92.5863,-0.0865,-0.0861,0.0004
2099,999.8,337.9,92.4943,92.4947,92.5806,-0.0863,-0.0860,0.0004
2100,999.9,341.1,92.4888,92.4892,92.5749,-0.0861,-0.0857,0.0004
2101,999.8,349.6,92.4833,92.4837,92.5685,-0.0853,-0.0849,0.0004
2102,1000.4,318.8,92.4778,92.4782,92.5627,-0.0849,-0.0845,0.0004
2103,1006.6,330.9,92.4723,92.4726,92.5570,-0.0848,-0.0844,0.0004
2104,992.8,335.9,92.4667,92.4671,92.5515,-0.0847,-0.0844,0.0004
2105,1003.1,337.6,92.4612,92.4616,92.5456,-0.0844,-0.0841,0.0004
2106,998.1,403.3,92.4557,92.4561,92.5403,-0.0846,-0.0842,0.0004
2107,996.1,325.1,92.4502,92.4505,92.5349,-0.0848,-0.0844,0.0004
2108,997.0,303.0,92.4446,92.4450,92.5296,-0.0850,-0.0846,0.0004
2109,1032.6,408.0,92.4391,92.4394,92.5240,-0.0849,-0.0846,0.0004
2110,975.3,341.2,92.4335,92.4339,92.5191,-0.0856,-0.0852,0.0004
2111,998.8,354.5,92.4280,92.4284,92.5144,-0.0864,-0.0860,0.0004
2112,999.8,366.4,92.4224,92.4228,92.5099,-0.0874,-0.0871,0.0004
2113,1002.5,347.3,92.4169,92.4173,92.5051,-0.0883,-0.0879,0.0004
2114,995.8,339.9,92.4113,92.4117,92.5006,-0.0893,-0.0889,0.0004
2115,1000.1,335.9,92.4058,92.4061,92.4960,-0.0902,-0.0899,0.0004
2116,1000.0,345.2,92.4002,92.4006,92.4912,-0.0910,-0.0907,0.0004
2117,1001.5,336.6,92.3946,92.3950,92.4860,-0.0914,-0.0910,0.0004
2118,999.6,379.6,92.3891,92.3894,92.4811,-0.0920,-0.0917,0.0004
2119,1000.9,367.4,92.3835,92.3838,92.4762,-0.0928,-0.0924,0.0004
2120,999.7,400.5,92.3779,92.3783,92.4713,-0.0934,-0.0930,0.0004
2121,1000.1,368.5,92.3723,92.3727,92.4659,-0.0936,-0.0932,0.0003
2122,1000.2,322.3,92.3667,92.3671,92.4607,-0.0940,-0.0936,0.0003
2123,999.3,380.7,92.3612,92.3615,92.4553,-0.0942,-0.0938,0.0003
2124,1005.3,337.7,92.3556,92.3559,92.4498,-0.0942,-0.0939,0.0003
2125,997.4,317.6,92.3500,92.3503,92.4440,-0.0941,-0.0937,0.0003
2126,1003.0,353.6,92.3444,92.3447,92.4378,-0.0935,-0.0931,0.0003
2127,996.6,372.5,92.3388,92.3391,92.4321,-0.0933,-0.0929,0.0003
2128,999.4,335.0,92.3332,92.3335,92.4263,-0.0931,-0.0928,0.0003
2129,1004.3,328.7,92.3275,92.3279,92.4199,-0.0923,-0.0920,0.0003
2130,994.2,373.9,92.3219,92.3223,92.4139,-0.0920,-0.0916,0.0003
2131,999.6,363.2,92.3163,92.3166,92.4079,-0.0915,-0.0912,0.0003
2132,999.9,390.5,92.3107,92.3110,92.4018,-0.0911,-0.0908,0.0003
2133,999.2,344.6,92.3051,92.3054,92.3954,-0.0904,-0.0900,0.0003
2134,1001.0,348.2,92.2994,92.2998,92.3896,-0.0902,-0.0899,0.0003
2135,998.2,378.6,92.2938,92.2941,92.3839,-0.0901,-0.0898,0.0003
2136,1000.1,385.6,92.2882,92.2885,92.3783,-0.0901,-0.0898,0.0003
2137,999.7,334.6,92.2825,92.2829,92.3721,-0.0896,-0.0892,0.0003
2138,1004.8,387.9,92.2769,92.2772,92.3661,-0.0892,-0.0889,0.0003
2139,997.1,384.7,92.2712,92.2716,92.3600,-0.0887,-0.0884,0.0003
2140,1000.1,361.5,92.2656,92.2659,92.3539,-0.0883,-0.0880,0.0003
2141,999.7,388.2,92.2599,92.2603,92.3474,-0.0875,-0.0871,0.0003
2142,1000.9,336.5,92.2543,92.2546,92.3414,-0.0871,-0.0868,0.0003
2143,999.4,388.2,92.2486,92.2489,92.3354,-0.0868,-0.0865,0.0003
2144,999.9,405.6,92.2430,92.2433,92.3293,-0.0863,-0.0860,0.0003
2145,1000.2,385.2,92.2373,92.2376,92.3228,-0.0855,-0.0852,0.0003
2146,1002.0,439.5,92.2316,92.2319,92.3166,-0.0850,-0.0847,0.0003
2147,997.6,384.0,92.2260,92.2263,92.3105,-0.0845,-0.0842,0.0003
2148,999.9,397.6,92.2203,92.2206,92.3046,-0.0843,-0.0840,0.0003
2149,1002.4,385.1,92.2146,92.2149,92.2987,-0.0841,-0.0838,0.0003
2150,1002.2,427.1,92.2089,92.2092,92.2934,-0.0845,-0.0842,0.0003
2151,997.3,393.9,92.2032,92.2035,92.2883,-0.0850,-0.0847,0.0003
2152,999.2,375.3,92.1975,92.1978,92.2830,-0.0855,-0.0852,0.0003
2153,999.7,336.0,92.1918,92.1921,92.2773,-0.0855,-0.0852,0.0003
2154,1000.3,374.9,92.1861,92.1864,92.2721,-0.0860,-0.0857,0.0003
2155,998.7,321.7,92.1804,92.1807,92.2672,-0.0867,-0.0864,0.0003
2156,1007.3,367.5,92.1747,92.1750,92.2624,-0.0877,-0.0874,0.0003
2157,991.9,353.1,92.1690,92.1693,92.2576,-0.0885,-0.0883,0.0003
2158,999.9,322.6,92.1633,92.1636,92.2530,-0.0897,-0.0894,0.0003
2159,1002.3,351.8,92.1576,92.1579,92.2483,-0.0907,-0.0904,0.0003
2160,1002.0,367.8,92.1519,92.1522,92.2435,-0.0916,-0.0913,0.0003
2161,996.9,378.9,92.1462,92.1465,92.2382,-0.0921,-0.0918,0.0003
2162,1000.9,376.4,92.1405,92.1407,92.2333,-0.0928,-0.0925,0.0003
2163,1000.5,325.1,92.1347,92.1350,92.2284,-0.0936,-0.0934,0.0003
2164,1005.6,369.3,92.1290,92.1293,92.2235,-0.0945,-0.0942,0.0003
2165,993.3,367.8,92.1233,92.1235,92.2183,-0.0951,-0.0948,0.0003
2166,999.8,376.3,92.1175,92.1178,92.2135,-0.0960,-0.0957,0.0003
2167,1000.3,343.8,92.1118,92.1121,92.2087,-0.0969,-0.0966,0.0003
2168,1001.6,354.3,92.1060,92.1063,92.2036,-0.0975,-0.0972,0.0003
2169,997.8,405.8,92.1003,92.1006,92.1979,-0.0976,-0.0974,0.0003
2170,1001.3,398.0,92.0945,92.0948,92.1926,-0.0980,-0.0977,0.0003
2171,1004.7,383.0,92.0888,92.0891,92.1871,-0.0983,-0.0980,0.0003
2172,999.2,357.6,92.0830,92.0833,92.1816,-0.0986,-0.0983,0.0003
2173,997.4,338.7,92.0773,92.0775,92.1757,-0.0984,-0.0981,0.0003
2174,1001.7,351.8,92.0715,92.0718,92.1702,-0.0986,-0.0984,0.0003
2175,998.3,349.6,92.0658,92.0660,92.1643,-0.0986,-0.0983,0.0003
2176,999.8,336.1,92.0600,92.0602,92.1583,-0.0983,-0.0981,0.0003
2177,1000.4,367.3,92.0542,92.0545,92.1518,-0.0976,-0.0973,0.0003
2178,999.4,372.0,92.0484,92.0487,92.1458,-0.0973,-0.0971,0.0003
2179,998.5,378.2,92.0427,92.0429,92.1398,-0.0971,-0.0969,0.0003
2180,1000.4,375.1,92.0369,92.0371,92.1340,-0.0971,-0.0968,0.0003
2181,1000.9,349.3,92.0311,92.0314,92.1277,-0.0966,-0.0963,0.0002
2182,1002.0,368.2,92.0253,92.0256,92.1217,-0.0964,-0.0961,0.0002
2183,994.6,378.0,92.0195,92.0198,92.1154,-0.0959,-0.0957,0.0002
2184,1001.9,348.3,92.0137,92.0140,92.1090,-0.0953,-0.0951,0.0002
2185,1000.7,363.0,92.0079,92.0082,92.1022,-0.0943,-0.0941,0.0002
2186,999.4,384.3,92.0021,92.0024,92.0961,-0.0939,-0.0937,0.0002
2187,1000.0,365.6,91.9963,91.9966,92.0899,-0.0936,-0.0933,0.0002
2188,999.7,396.3,91.9905,91.9908,92.0837,-0.0932,-0.0929,0.0002
2189,1000.4,341.7,91.9847,91.9850,92.0769,-0.0922,-0.0919,0.0002
2190,1000.8,357.1,91.9789,91.9791,92.0704,-0.0915,-0.0913,0.0002
2191,999.1,385.6,91.9731,91.9733,92.0639,-0.0908,-0.0905,0.0002
2192,1004.9,346.0,91.9673,91.9675,92.0574,-0.0902,-0.0899,0.0002
2193,991.2,374.0,91.9615,91.9617,92.0510,-0.0895,-0.0893,0.0002
2194,998.7,405.8,91.9556,91.9559,92.0441,-0.0885,-0.0883,0.0002
2195,997.6,410.8,91.9498,91.9500,92.0379,-0.0881,-0.0878,0.0002
2196,1000.4,374.7,91.9440,91.9442,92.0317,-0.0877,-0.0875,0.0002
2197,1000.4,331.1,91.9382,91.9384,92.0255,-0.0874,-0.0872,0.0002
2198,1008.0,370.7,91.9323,91.9325,92.0195,-0.0872,-0.0870,0.0002
2199,991.6,336.5,91.9265,91.9267,92.0134,-0.0869,-0.0867,0.0002
2200,1006.5,330.1,91.9206,91.9209,92.0079,-0.0872,-0.0870,0.0002
2201,999.5,379.5,91.9148,91.9150,92.0026,-0.0878,-0.0876,0.0002
2202,993.6,367.3,91.9090,91.9092,91.9969,-0.0880,-0.0878,0.0002
2203,999.9,402.8,91.9031,91.9033,91.9916,-0.0885,-0.0883,0.0002
2204,1013.1,339.4,91.8972,91.8975,91.9862,-0.0889,-0.0887,0.0002
2205,998.2,346.5,91.8914,91.8916,91.9807,-0.0893,-0.0891,0.0002
2206,998.1,390.5,91.8855,91.8857,91.9752,-0.0897,-0.0895,0.0002
2207,1001.9,351.2,91.8797,91.8799,91.9693,-0.0896,-0.0894,0.0002
2208,1000.9,385.2,91.8738,91.8740,91.9638,-0.0900,-0.0898,0.0002
2209,996.7,362.1,91.8679,91.8682,91.9582,-0.0903,-0.0901,0.0002
2210,998.9,373.3,91.8621,91.8623,91.9527,-0.0907,-0.0904,0.0002
2211,999.6,375.5,91.8562,91.8564,91.9468,-0.0906,-0.0904,0.0002
2212,1001.2,378.9,91.8503,91.8505,91.9412,-0.0908,-0.0906,0.0002
2213,1010.2,343.0,91.8445,91.8447,91.9357,-0.0912,-0.0910,0.0002
2214,993.3,328.2,91.8386,91.8388,91.9302,-0.0916,-0.0914,0.0002
2215,995.9,370.1,91.8327,91.8329,91.9248,-0.0921,-0.0919,0.0002
2216,992.7,370.5,91.8268,91.8270,91.9189,-0.0921,-0.0919,0.0002
2217,999.5,357.9,91.8209,91.8211,91.9134,-0.0925,-0.0923,0.0002
2218,1000.6,382.9,91.8150,91.8152,91.9080,-0.0930,-0.0928,0.0002
2219,999.9,394.5,91.8091,91.8093,91.9021,-0.0930,-0.0928,0.0002
2220,999.5,400.3,91.8032,91.8034,91.8967,-0.0935,-0.0933,0.0002
2221,1000.2,345.5,91.7973,91.7975,91.8914,-0.0941,-0.0939,0.0002
2222,1003.9,344.6,91.7914,91.7916,91.8862,-0.0947,-0.0946,0.0002
2223,997.7,341.0,91.7855,91.7857,91.8806,-0.0951,-0.0949,0.0002
2224,999.9,355.6,91.7796,91.7798,91.8753,-0.0957,-0.0955,0.0002
2225,999.9,372.5,91.7737,91.7739,91.8698,-0.0961,-0.0959,0.0002
2226,999.7,367.1,91.7678,91.7680,91.8641,-0.0963,-0.0961,0.0002
2227,1000.0,365.4,91.7619,91.7621,91.8578,-0.0959,-0.0957,0.0002
2228,1000.7,355.1,91.7560,91.7561,91.8518,-0.0959,-0.0957,0.0002
2229,999.3,326.7,91.7500,91.7502,91.8459,-0.0959,-0.0957,0.0002
2230,1012.7,362.2,91.7441,91.7443,91.8401,-0.0960,-0.0958,0.0002
2231,995.3,392.1,91.7382,91.7384,91.8328,-0.0946,-0.0944,0.0002
2232,1000.3,371.2,91.7323,91.7324,91.8277,-0.0955,-0.0953,0.0002
2233,999.8,372.8,91.7263,91.7265,91.8206,-0.0943,-0.0941,0.0002
2234,1000.5,366.4,91.7204,91.7206,91.8143,-0.0939,-0.0938,0.0002
2235,1002.4,367.8,91.7145,91.7146,91.8076,-0.0932,-0.0930,0.0002
2236,990.6,372.3,91.7085,91.7087,91.8015,-0.0929,-0.0928,0.0002
2237,998.4,340.5,91.7026,91.7027,91.7955,-0.0930,-0.0928,0.0002
2238,1001.7,374.7,91.6966,91.6968,91.7892,-0.0926,-0.0924,0.0002
2239,997.5,379.3,91.6907,91.6909,91.7832,-0.0925,-0.0923,0.0002
2240,999.9,344.2,91.6847,91.6849,91.7771,-0.0923,-0.0922,0.0002
2241,1003.0,373.7,91.6788,91.6789,91.7709,-0.0921,-0.0919,0.0002
2242,997.3,343.9,91.6728,91.6730,91.7650,-0.0922,-0.0920,0.0002
2243,1003.5,380.6,91.6669,91.6670,91.7587,-0.0919,-0.0917,0.0002
2244,996.9,394.6,91.6609,91.6611,91.7529,-0.0920,-0.0918,0.0002
2245,1000.1,395.9,91.6549,91.6551,91.7472,-0.0923,-0.0921,0.0002
2246,1007.8,386.5,91.6490,91.6491,91.7411,-0.0921,-0.0920,0.0002
2247,1000.8,381.4,91.6430,91.6432,91.7353,-0.0923,-0.0921,0.0002
2248,999.9,393.1,91.6370,91.6372,91.7295,-0.0925,-0.0923,0.0002
2249,1001.2,336.9,91.6311,91.6312,91.7237,-0.0926,-0.0925,0.0002
2250,997.7,329.8,91.6251,91.6253,91.7179,-0.0928,-0.0926,0.0002
2251,1001.6,362.7,91.6191,91.6193,91.7179,-0.0987,-0.0986,0.0002
2252,997.8,365.9,91.6131,91.6133,91.7116,-0.0984,-0.0983,0.0002
2253,1007.1,386.1,91.6072,91.6073,91.7059,-0.0987,-0.0986,0.0001
2254,995.2,358.1,91.6012,91.6013,91.6999,-0.0987,-0.0986,0.0001
2255,998.0,356.0,91.5952,91.5953,91.6937,-0.0985,-0.0984,0.0001
2256,1002.0,355.5,91.5892,91.5894,91.6871,-0.0979,-0.0977,0.0001
2257,992.8,368.2,91.5832,91.5834,91.6810,-0.0977,-0.0976,0.0001
2258,998.7,364.8,91.5772,91.5774,91.6750,-0.0978,-0.0977,0.0001
2259,999.3,331.3,91.5712,91.5714,91.6687,-0.0975,-0.0974,0.0001
2260,1006.3,338.7,91.5652,91.5654,91.6629,-0.0977,-0.0976,0.0001
2261,995.4,362.7,91.5592,91.5594,91.6569,-0.0977,-0.0976,0.0001
2262,997.8,354.1,91.5532,91.5534,91.6510,-0.0978,-0.0976,0.0001
2263,999.9,379.2,91.5472,91.5474,91.6447,-0.0974,-0.0973,0.0001
2264,1000.6,308.3,91.5412,91.5413,91.6391,-0.0979,-0.0978,0.0001
2265,1017.1,369.7,91.5352,91.5353,91.6336,-0.0984,-0.0983,0.0001
2266,983.3,353.6,91.5292,91.5293,91.6283,-0.0991,-0.0990,0.0001
2267,1001.7,318.1,91.5232,91.5233,91.6226,-0.0994,-0.0993,0.0001
2268,1011.1,357.8,91.5172,91.5173,91.6172,-0.1001,-0.1000,0.0001
2269,1005.2,404.0,91.5111,91.5113,91.6118,-0.1007,-0.1006,0.0001
2270,990.4,367.9,91.5051,91.5052,91.6062,-0.1011,-0.1009,0.0001
2271,1006.4,365.6,91.4991,91.4992,91.6000,-0.1009,-0.1007,0.0001
2272,993.7,334.2,91.4931,91.4932,91.5941,-0.1010,-0.1009,0.0001
2273,999.4,366.4,91.4870,91.4872,91.5882,-0.1012,-0.1010,0.0001
2274,985.4,345.3,91.4810,91.4811,91.5824,-0.1014,-0.1013,0.0001
2275,1020.3,330.9,91.4750,91.4751,91.5760,-0.1011,-0.1009,0.0001
2276,997.2,364.4,91.4689,91.4691,91.5699,-0.1009,-0.1008,0.0001
2277,996.7,328.4,91.4629,91.4630,91.5634,-0.1005,-0.1004,0.0001
2278,1007.5,364.1,91.4569,91.4570,91.5567,-0.0999,-0.0998,0.0001
2279,999.3,428.9,91.4508,91.4509,91.5495,-0.0987,-0.0986,0.0001
2280,995.3,378.1,91.4448,91.4449,91.5431,-0.0983,-0.0982,0.0001
2281,997.5,344.4,91.4387,91.4388,91.5368,-0.0981,-0.0980,0.0001
2282,1001.8,381.5,91.4327,91.4328,91.5305,-0.0978,-0.0977,0.0001
2283,997.1,442.6,91.4266,91.4267,91.5236,-0.0970,-0.0968,0.0001
2284,998.8,354.9,91.4206,91.4207,91.5171,-0.0965,-0.0964,0.0001
2285,1000.9,421.5,91.4145,91.4146,91.5105,-0.0960,-0.0959,0.0001
2286,999.7,348.5,91.4085,91.4086,91.5044,-0.0959,-0.0958,0.0001
2287,1004.3,374.6,91.4024,91.4025,91.4979,-0.0955,-0.0953,0.0001
2288,997.8,422.7,91.3964,91.3965,91.4920,-0.0956,-0.0955,0.0001
2289,1006.6,341.9,91.3903,91.3904,91.4861,-0.0958,-0.0957,0.0001
2290,1007.5,339.4,91.3842,91.3843,91.4800,-0.0958,-0.0957,0.0001
2291,1001.3,344.6,91.3782,91.3783,91.4733,-0.0952,-0.0951,0.0001
2292,1000.4,345.7,91.3721,91.3722,91.4670,-0.0949,-0.0948,0.0001
2293,991.8,398.0,91.3660,91.3661,91.4607,-0.0947,-0.0946,0.0001
2294,995.6,415.0,91.3599,91.3601,91.4544,-0.0945,-0.0944,0.0001
2295,1003.8,398.1,91.3539,91.3540,91.4476,-0.0937,-0.0936,0.0001
2296,1000.1,485.0,91.3478,91.3479,91.4412,-0.0934,-0.0933,0.0001
2297,1000.1,428.5,91.3417,91.3418,91.4346,-0.0929,-0.0928,0.0001
2298,1009.3,385.1,91.3356,91.3357,91.4282,-0.0925,-0.0924,0.0001
2299,1002.9,425.5,91.3296,91.3297,91.4213,-0.0917,-0.0916,0.0001
2300,977.7,322.9,91.3235,91.3236,91.4151,-0.0916,-0.0915,0.0001
2301,1002.2,334.8,91.3174,91.3175,91.4090,-0.0916,-0.0915,0.0001
2302,1004.4,365.4,91.3113,91.3114,91.4030,-0.0917,-0.0916,0.0001
2303,995.8,365.7,91.3052,91.3053,91.3964,-0.0912,-0.0911,0.0001
2304,1000.4,372.9,91.2991,91.2992,91.3901,-0.0910,-0.0909,0.0001
2305,1003.0,367.5,91.2930,91.2931,91.3840,-0.0910,-0.0909,0.0001
2306,998.1,325.6,91.2869,91.2870,91.3782,-0.0913,-0.0912,0.0001
2307,999.4,360.6,91.2808,91.2809,91.3721,-0.0913,-0.0912,0.0001
2308,1016.0,383.0,91.2747,91.2748,91.3667,-0.0920,-0.0919,0.0001
2309,986.2,320.4,91.2686,91.2687,91.3613,-0.0927,-0.0926,0.0001
2310,999.7,360.6,91.2625,91.2626,91.3557,-0.0932,-0.0931,0.0001
2311,996.4,375.7,91.2564,91.2565,91.3496,-0.0932,-0.0931,0.0001
2312,1001.4,350.9,91.2503,91.2504,91.3438,-0.0935,-0.0935,0.0001
2313,1000.5,364.0,91.2442,91.2443,91.3382,-0.0940,-0.0939,0.0001
2314,1001.1,342.5,91.2381,91.2382,91.3326,-0.0945,-0.0944,0.0001
2315,998.8,354.0,91.2320,91.2320,91.3267,-0.0947,-0.0946,0.0001
2316,999.4,364.1,91.2258,91.2259,91.3212,-0.0954,-0.0953,0.0001
2317,999.9,351.4,91.2197,91.2198,91.3157,-0.0960,-0.0959,0.0001
2318,1000.0,383.1,91.2136,91.2137,91.3100,-0.0964,-0.0963,0.0001
2319,1000.1,402.0,91.2075,91.2076,91.3043,-0.0968,-0.0967,0.0001
2320,1002.3,351.4,91.2014,91.2015,91.2981,-0.0967,-0.0966,0.0001
2321,993.1,360.6,91.1952,91.1953,91.2922,-0.0969,-0.0968,0.0001
2322,998.0,339.0,91.1891,91.1892,91.2863,-0.0972,-0.0971,0.0001
2323,1003.4,337.5,91.1830,91.1831,91.2802,-0.0972,-0.0972,0.0001
2324,1002.8,302.8,91.1769,91.1769,91.2744,-0.0975,-0.0975,0.0001
2325,1011.1,337.6,91.1707,91.1708,91.2685,-0.0977,-0.0976,0.0001
2326,982.1,360.0,91.1646,91.1647,91.2625,-0.0979,-0.0978,0.0001
2327,999.7,318.7,91.1585,91.1585,91.2560,-0.0976,-0.0975,0.0001
2328,1000.1,334.4,91.1523,91.1524,91.2500,-0.0977,-0.0976,0.0001
2329,1001.3,317.3,91.1462,91.1463,91.2441,-0.0980,-0.0979,0.0001
2330,1000.7,305.2,91.1401,91.1401,91.2385,-0.0984,-0.0984,0.0001
2331,1016.5,534.0,91.1339,91.1340,91.2324,-0.0985,-0.0984,0.0001
2332,992.2,349.5,91.1278,91.1278,91.2268,-0.0990,-0.0989,0.0001
2333,1000.4,349.7,91.1216,91.1217,91.2210,-0.0994,-0.0993,0.0001
2334,999.5,318.8,91.1155,91.1155,91.2149,-0.0995,-0.0994,0.0001
2335,1002.4,331.6,91.1093,91.1094,91.2084,-0.0991,-0.0990,0.0001
2336,994.5,347.6,91.1032,91.1032,91.2025,-0.0993,-0.0992,0.0001
2337,999.8,354.4,91.0970,91.0971,91.1965,-0.0995,-0.0994,0.0001
2338,1000.0,315.2,91.0909,91.0909,91.1906,-0.0997,-0.0996,0.0001
2339,1005.2,356.0,91.0847,91.0848,91.1840,-0.0993,-0.0992,0.0001
2340,994.3,336.0,91.0786,91.0786,91.1778,-0.0993,-0.0992,0.0001
2341,999.9,334.5,91.0724,91.0725,91.1715,-0.0991,-0.0990,0.0001
2342,1001.4,355.0,91.0663,91.0663,91.1650,-0.0988,-0.0987,0.0001
2343,1002.0,335.9,91.0601,91.0602,91.1580,-0.0979,-0.0978,0.0001
2344,999.2,377.8,91.0539,91.0540,91.1514,-0.0975,-0.0974,0.0001
2345,1001.9,372.2,91.0478,91.0478,91.1450,-0.0972,-0.0972,0.0001
2346,996.6,353.2,91.0416,91.0417,91.1385,-0.0969,-0.0969,0.0001
2347,1000.3,339.8,91.0354,91.0355,91.1314,-0.0960,-0.0959,0.0001
2348,999.6,334.8,91.0293,91.0293,91.1249,-0.0956,-0.0956,0.0001
2349,1000.3,368.5,91.0231,91.0232,91.1185,-0.0954,-0.0953,0.0001
2350,1001.6,350.9,91.0169,91.0170,91.1124,-0.0954,-0.0954,0.0001
2351,998.4,353.6,91.0108,91.0108,91.1060,-0.0953,-0.0952,0.0001
2352,999.5,344.9,91.0046,91.0046,91.1001,-0.0955,-0.0955,0.0001
2353,1000.8,339.7,90.9984,90.9985,91.0940,-0.0956,-0.0956,0.0001
2354,1008.5,342.1,90.9922,90.9923,91.0879,-0.0957,-0.0956,0.0001
2355,992.8,383.9,90.9860,90.9861,91.0811,-0.0950,-0.0950,0.0001
2356,999.1,372.4,90.9799,90.9799,91.0750,-0.0951,-0.0950,0.0001
2357,1000.5,359.2,90.9737,90.9737,91.0688,-0.0951,-0.0951,0.0001
2358,997.3,367.8,90.9675,90.9676,91.0627,-0.0952,-0.0951,0.0000
2359,1000.7,381.2,90.9613,90.9614,91.0562,-0.0949,-0.0948,0.0000
2360,999.7,312.4,90.9551,90.9552,91.0501,-0.0950,-0.0949,0.0000
2361,1000.0,360.8,90.9489,90.9490,91.0440,-0.0950,-0.0950,0.0000
2362,999.8,301.8,90.9428,90.9428,91.0376,-0.0949,-0.0948,0.0000
2363,1002.3,356.2,90.9366,90.9366,91.0309,-0.0943,-0.0943,0.0000
2364,1000.6,343.7,90.9304,90.9304,91.0248,-0.0944,-0.0943,0.0000
2365,993.2,357.6,90.9242,90.9242,91.0190,-0.0948,-0.0948,0.0000
2366,998.0,339.0,90.9180,90.9180,91.0132,-0.0952,-0.0952,0.0000
2367,998.8,383.7,90.9118,90.9118,91.0070,-0.0952,-0.0952,0.0000
2368,1007.4,386.3,90.9056,90.9056,91.0011,-0.0955,-0.0955,0.0000
2369,1000.3,406.6,90.8994,90.8994,90.9952,-0.0958,-0.0958,0.0000
2370,999.4,430.4,90.8932,90.8932,90.9894,-0.0962,-0.0962,0.0000
2371,1000.4,345.4,90.8870,90.8870,90.9835,-0.0964,-0.0964,0.0000
2372,998.1,393.4,90.8808,90.8808,90.9778,-0.0970,-0.0969,0.0000
2373,1000.5,387.8,90.8746,90.8746,90.9722,-0.0976,-0.0976,0.0000
2374,1000.4,327.3,90.8684,90.8684,90.9667,-0.0983,-0.0983,0.0000
2375,1000.6,355.7,90.8622,90.8622,90.9606,-0.0984,-0.0984,0.0000
2376,1000.7,388.1,90.8560,90.8560,90.9547,-0.0987,-0.0987,0.0000
2377,999.6,366.8,90.8498,90.8498,90.9487,-0.0989,-0.0989,0.0000
2378,999.6,378.5,90.8436,90.8436,90.9425,-0.0989,-0.0989,0.0000
2379,1000.2,358.0,90.8374,90.8374,90.9358,-0.0984,-0.0984,0.0000
2380,999.8,359.6,90.8311,90.8312,90.9298,-0.0986,-0.0986,0.0000
2381,1000.3,351.0,90.8249,90.8250,90.9237,-0.0988,-0.0987,0.0000
2382,1001.6,344.0,90.8187,90.8188,90.9175,-0.0988,-0.0987,0.0000
2383,998.3,334.0,90.8125,90.8125,90.9106,-0.0981,-0.0980,0.0000
2384,1002.6,339.9,90.8063,90.8063,90.9041,-0.0978,-0.0978,0.0000
2385,992.5,364.4,90.8001,90.8001,90.8976,-0.0975,-0.0975,0.0000
2386,998.8,360.6,90.7939,90.7939,90.8912,-0.0974,-0.0973,0.0000
2387,999.4,368.3,90.7876,90.7877,90.8845,-0.0968,-0.0968,0.0000
2388,1000.3,377.0,90.7814,90.7814,90.8781,-0.0967,-0.0966,0.0000
2389,998.8,359.0,90.7752,90.7752,90.8717,-0.0965,-0.0965,0.0000
2390,1000.3,359.5,90.7690,90.7690,90.8652,-0.0962,-0.0962,0.0000
2391,999.8,337.4,90.7627,90.7628,90.8580,-0.0953,-0.0953,0.0000
2392,1005.3,331.4,90.7565,90.7565,90.8515,-0.0950,-0.0950,0.0000
2393,1000.9,354.9,90.7503,90.7503,90.8451,-0.0948,-0.0948,0.0000
2394,994.0,379.5,90.7441,90.7441,90.8390,-0.0949,-0.0949,0.0000
2395,999.7,400.6,90.7378,90.7379,90.8313,-0.0935,-0.0935,0.0000
2396,1001.6,333.1,90.7316,90.7316,90.8249,-0.0933,-0.0933,0.0000
2397,1014.2,334.4,90.7254,90.7254,90.8195,-0.0942,-0.0941,0.0000
2398,996.2,373.0,90.7191,90.7192,90.8120,-0.0929,-0.0929,0.0000
2399,997.5,359.1,90.7129,90.7129,90.8053,-0.0924,-0.0923,0.0000
2400,1000.0,351.7,90.7067,90.7067,90.7992,-0.0925,-0.0925,0.0000
2401,1000.6,375.1,90.7004,90.7005,90.7931,-0.0927,-0.0926,0.0000
2402,999.4,361.9,90.6942,90.6942,90.7870,-0.0928,-0.0928,0.0000
2403,1000.9,356.9,90.6880,90.6880,90.7802,-0.0922,-0.0922,0.0000
2404,997.3,339.8,90.6817,90.6818,90.7739,-0.0922,-0.0922,0.0000
2405,1013.7,347.2,90.6755,90.6755,90.7678,-0.0923,-0.0923,0.0000
2406,988.4,359.0,90.6693,90.6693,90.7619,-0.0926,-0.0926,0.0000
2407,993.6,347.1,90.6630,90.6630,90.7556,-0.0926,-0.0926,0.0000
2408,997.9,346.6,90.6568,90.6568,90.7499,-0.0931,-0.0931,0.0000
2409,1000.0,340.4,90.6505,90.6506,90.7442,-0.0936,-0.0936,0.0000
2410,1003.4,345.4,90.6443,90.6443,90.7381,-0.0938,-0.0937,0.0000
2411,995.3,310.7,90.6381,90.6381,90.7325,-0.0945,-0.0944,0.0000
2412,1018.0,326.5,90.6318,90.6318,90.7325,-0.1007,-0.1007,0.0000
2413,990.6,345.4,90.6256,90.6256,90.7270,-0.1014,-0.1014,0.0000
2414,991.3,350.5,90.6193,90.6193,90.7218,-0.1024,-0.1024,0.0000
2415,1001.3,329.8,90.6131,90.6131,90.7167,-0.1036,-0.1036,0.0000
2416,1017.8,337.1,90.6068,90.6068,90.7113,-0.1045,-0.1045,0.0000
2417,982.3,354.4,90.6006,90.6006,90.7060,-0.1054,-0.1054,0.0000
2418,1011.8,333.5,90.5943,90.5943,90.7005,-0.1062,-0.1062,0.0000
2419,1000.4,417.4,90.5881,90.5881,90.6948,-0.1068,-0.1067,0.0000
2420,995.1,372.7,90.5818,90.5818,90.6887,-0.1069,-0.1069,0.0000
2421,1001.4,362.8,90.5756,90.5756,90.6831,-0.1075,-0.1075,0.0000
2422,1000.2,376.7,90.5693,90.5693,90.6773,-0.1080,-0.1080,0.0000
2423,997.7,322.4,90.5631,90.5631,90.6714,-0.1083,-0.1083,0.0000
2424,1005.3,353.7,90.5568,90.5568,90.6651,-0.1083,-0.1082,0.0000
2425,995.0,360.3,90.5506,90.5506,90.6590,-0.1085,-0.1085,0.0000
2426,1000.5,370.9,90.5443,90.5443,90.6528,-0.1085,-0.1084,0.0000
2427,1002.3,359.6,90.5380,90.5381,90.6463,-0.1083,-0.1083,0.0000
2428,992.3,360.3,90.5318,90.5318,90.6392,-0.1075,-0.1074,0.0000
2429,998.4,354.1,90.5255,90.5255,90.6326,-0.1071,-0.1070,0.0000
2430,999.8,307.2,90.5193,90.5193,90.6259,-0.1067,-0.1067,0.0000
2431,1017.9,367.6,90.5130,90.5130,90.6192,-0.1062,-0.1062,0.0000
2432,981.8,380.2,90.5068,90.5068,90.6119,-0.1051,-0.1051,0.0000
2433,998.9,369.0,90.5005,90.5005,90.6050,-0.1045,-0.1045,0.0000
2434,1000.1,365.4,90.4942,90.4942,90.5981,-0.1039,-0.1039,0.0000
2435,1000.6,364.3,90.4880,90.4880,90.5914,-0.1034,-0.1034,0.0000
2436,1000.4,350.4,90.4817,90.4817,90.5843,-0.1026,-0.1026,0.0000
2437,999.3,338.2,90.4754,90.4755,90.5778,-0.1023,-0.1023,0.0000
2438,1002.3,311.2,90.4692,90.4692,90.5713,-0.1021,-0.1021,0.0000
2439,1014.2,333.9,90.4629,90.4629,90.5647,-0.1018,-0.1018,0.0000
2440,993.9,356.5,90.4567,90.4567,90.5573,-0.1006,-0.1006,0.0000
2441,998.8,369.4,90.4504,90.4504,90.5502,-0.0998,-0.0998,0.0000
2442,999.4,352.7,90.4441,90.4441,90.5432,-0.0991,-0.0991,0.0000
2443,1000.3,376.4,90.4379,90.4379,90.5363,-0.0985,-0.0985,0.0000
2444,999.9,365.7,90.4316,90.4316,90.5290,-0.0974,-0.0974,0.0000
2445,1000.2,404.1,90.4253,90.4253,90.5222,-0.0969,-0.0969,0.0000
2446,998.5,335.3,90.4190,90.4191,90.5152,-0.0961,-0.0961,0.0000
2447,999.9,355.0,90.4128,90.4128,90.5082,-0.0954,-0.0954,0.0000
2448,1002.5,361.3,90.4065,90.4065,90.5006,-0.0941,-0.0941,0.0000
2449,994.2,373.6,90.4002,90.4002,90.4938,-0.0935,-0.0935,0.0000
2450,1004.3,363.1,90.3940,90.3940,90.4872,-0.0933,-0.0933,0.0000
2451,1000.3,388.6,90.3877,90.3877,90.4807,-0.0930,-0.0930,0.0000
2452,1000.2,351.4,90.3814,90.3814,90.4737,-0.0923,-0.0923,0.0000
2453,1000.4,387.1,90.3752,90.3752,90.4672,-0.0921,-0.0921,0.0000
2454,997.7,328.3,90.3689,90.3689,90.4610,-0.0921,-0.0921,0.0000
2455,1007.4,349.3,90.3626,90.3626,90.4550,-0.0923,-0.0923,0.0000
2456,992.7,383.4,90.3563,90.3563,90.4488,-0.0925,-0.0925,0.0000
2457,998.9,361.1,90.3501,90.3501,90.4432,-0.0932,-0.0932,0.0000
2458,999.5,340.7,90.3438,90.3438,90.4376,-0.0938,-0.0938,0.0000
2459,1004.1,357.0,90.3375,90.3375,90.4319,-0.0944,-0.0944,0.0000
2460,1001.8,348.0,90.3312,90.3312,90.4256,-0.0943,-0.0943,0.0000
2461,997.7,387.1,90.3250,90.3250,90.4198,-0.0948,-0.0948,0.0000
2462,997.4,366.4,90.3187,90.3187,90.4142,-0.0955,-0.0955,0.0000
2463,1001.1,369.5,90.3124,90.3124,90.4086,-0.0962,-0.0962,0.0000
2464,999.1,382.5,90.3061,90.3061,90.4026,-0.0964,-0.0964,0.0000
2465,1000.4,339.2,90.2999,90.2999,90.3970,-0.0971,-0.0971,0.0000
2466,1002.6,390.0,90.2936,90.2936,90.3912,-0.0977,-0.0977,0.0000
2467,997.9,333.6,90.2873,90.2873,90.3854,-0.0981,-0.0981,0.0000
2468,1006.7,320.5,90.2810,90.2810,90.3790,-0.0980,-0.0980,0.0000
2469,1041.2,413.6,90.2747,90.2747,90.3731,-0.0983,-0.0983,0.0000
2470,948.4,419.8,90.2685,90.2685,90.3671,-0.0987,-0.0987,0.0000
2471,1002.1,368.3,90.2622,90.2622,90.3613,-0.0991,-0.0991,0.0000
2472,1003.0,404.5,90.2559,90.2559,90.3548,-0.0989,-0.0989,0.0000
2473,999.8,392.3,90.2496,90.2496,90.3485,-0.0989,-0.0989,0.0000
2474,1000.9,377.5,90.2434,90.2434,90.3421,-0.0987,-0.0987,0.0000
2475,997.4,348.1,90.2371,90.2371,90.3356,-0.0986,-0.0986,0.0000
2476,1002.5,364.8,90.2308,90.2308,90.3288,-0.0980,-0.0980,0.0000
2477,996.9,367.2,90.2245,90.2245,90.3226,-0.0981,-0.0981,0.0000
2478,1000.1,389.1,90.2182,90.2182,90.3165,-0.0983,-0.0983,0.0000
2479,1000.3,342.1,90.2119,90.2119,90.3105,-0.0986,-0.0986,0.0000
2480,1002.4,368.7,90.2057,90.2057,90.3038,-0.0982,-0.0981,0.0000
2481,996.3,387.9,90.1994,90.1994,90.2972,-0.0978,-0.0978,0.0000
2482,999.9,373.7,90.1931,90.1931,90.2905,-0.0974,-0.0974,0.0000
2483,1001.2,368.4,90.1868,90.1868,90.2838,-0.0970,-0.0970,0.0000
2484,1000.3,360.5,90.1805,90.1805,90.2769,-0.0963,-0.0963,0.0000
2485,1000.1,383.5,90.1743,90.1743,90.2705,-0.0963,-0.0963,0.0000
2486,1000.0,335.4,90.1680,90.1680,90.2641,-0.0961,-0.0961,0.0000
2487,1002.2,357.6,90.1617,90.1617,90.2570,-0.0953,-0.0953,0.0000
2488,997.7,389.7,90.1554,90.1554,90.2503,-0.0949,-0.0949,0.0000
2489,999.9,351.6,90.1491,90.1491,90.2435,-0.0943,-0.0943,0.0000
2490,999.7,391.5,90.1428,90.1428,90.2367,-0.0939,-0.0939,0.0000
2491,1002.9,392.6,90.1366,90.1366,90.2296,-0.0931,-0.0931,0.0000
2492,993.7,356.7,90.1303,90.1303,90.2230,-0.0928,-0.0928,0.0000
2493,998.8,378.4,90.1240,90.1240,90.2165,-0.0925,-0.0925,0.0000
2494,998.8,355.4,90.1177,90.1177,90.2100,-0.0922,-0.0922,0.0000
2495,999.5,433.5,90.1114,90.1114,90.2030,-0.0916,-0.0916,0.0000
2496,1000.3,415.5,90.1051,90.1051,90.1968,-0.0916,-0.0916,0.0000
2497,999.8,364.8,90.0989,90.0989,90.1908,-0.0919,-0.0919,0.0000
2498,999.8,365.1,90.0926,90.0926,90.1852,-0.0926,-0.0926,0.0000
2499,999.6,364.0,90.0863,90.0863,90.1793,-0.0930,-0.0930,0.0000
2500,1001.0,311.3,90.0800,90.0800,90.1738,-0.0938,-0.0938,0.0000
2501,1010.2,390.3,90.0737,90.0737,90.1681,-0.0944,-0.0944,0.0000
2502,997.2,379.9,90.0675,90.0675,90.1624,-0.0949,-0.0949,0.0000
2503,998.7,383.7,90.0612,90.0612,90.1563,-0.0951,-0.0951,0.0000
2504,1000.2,363.5,90.0549,90.0549,90.1505,-0.0956,-0.0956,0.0000
2505,1004.8,375.5,90.0486,90.0486,90.1447,-0.0961,-0.0961,0.0000
2506,995.6,385.2,90.0423,90.0423,90.1389,-0.0966,-0.0966,0.0000
2507,999.6,372.0,90.0360,90.0360,90.1327,-0.0967,-0.0967,0.0000
2508,1001.1,385.9,90.0298,90.0298,90.1269,-0.0971,-0.0971,0.0000
2509,998.8,377.2,90.0235,90.0235,90.1209,-0.0975,-0.0975,0.0000
2510,1000.5,345.9,90.0172,90.0172,90.1150,-0.0978,-0.0978,0.0000
2511,999.5,408.1,90.0109,90.0109,90.1087,-0.0978,-0.0978,0.0000
2512,1002.2,349.6,90.0046,90.0046,90.1028,-0.0982,-0.0982,0.0000
2513,993.7,393.8,89.9983,89.9983,90.0970,-0.0987,-0.0987,0.0000
2514,998.9,374.8,89.9921,89.9921,90.0913,-0.0992,-0.0992,0.0000
2515,998.5,330.5,89.9858,89.9858,90.0850,-0.0992,-0.0992,0.0000
2516,1021.5,353.3,89.9795,89.9795,90.0790,-0.0995,-0.0995,0.0000
2517,979.7,369.4,89.9732,89.9732,90.0731,-0.0999,-0.0999,0.0000
2518,999.0,371.5,89.9669,89.9669,90.0672,-0.1003,-0.1003,0.0000
2519,998.9,406.4,89.9606,89.9606,90.0611,-0.1005,-0.1005,0.0000
2520,1000.2,386.7,89.9544,89.9544,90.0554,-0.1011,-0.1011,0.0000
2521,1022.6,408.3,89.9481,89.9481,90.0497,-0.1016,-0.1016,0.0000
2522,987.0,346.8,89.9418,89.9418,90.0438,-0.1020,-0.1020,0.0000
2523,1000.6,385.9,89.9355,89.9355,90.0372,-0.1017,-0.1017,0.0000
2524,949.2,297.5,89.9292,89.9292,90.0308,-0.1015,-0.1015,0.0000
2525,1078.5,388.3,89.9230,89.9230,90.0242,-0.1012,-0.1012,0.0000
2526,1004.8,345.3,89.9167,89.9167,90.0177,-0.1010,-0.1010,0.0000
2527,969.7,359.0,89.9104,89.9104,90.0106,-0.1002,-0.1002,0.0000
2528,995.7,359.1,89.9041,89.9041,90.0040,-0.0999,-0.0999,0.0000
2529,1015.0,337.2,89.8978,89.8978,89.9973,-0.0994,-0.0994,0.0000
2530,990.9,311.8,89.8916,89.8916,89.9904,-0.0988,-0.0988,0.0000
2531,998.4,359.3,89.8853,89.8853,89.9828,-0.0975,-0.0975,0.0000
2532,1001.2,339.0,89.8790,89.8790,89.9757,-0.0967,-0.0967,0.0000
2533,994.7,325.6,89.8727,89.8727,89.9688,-0.0961,-0.0961,0.0000
2534,1006.9,341.0,89.8665,89.8665,89.9620,-0.0956,-0.0955,0.0000
2535,995.9,329.8,89.8602,89.8602,89.9548,-0.0946,-0.0946,0.0000
2536,1000.4,334.2,89.8539,89.8539,89.9479,-0.0940,-0.0940,0.0000
2537,1000.6,333.7,89.8476,89.8476,89.9411,-0.0935,-0.0935,0.0000
2538,999.4,348.3,89.8413,89.8414,89.9344,-0.0930,-0.0930,0.0000
2539,999.7,325.6,89.8351,89.8351,89.9275,-0.0924,-0.0924,0.0000
2540,1001.0,331.8,89.8288,89.8288,89.9211,-0.0923,-0.0923,0.0000
2541,997.2,339.1,89.8225,89.8225,89.9149,-0.0924,-0.0924,0.0000
2542,1012.6,347.8,89.8162,89.8163,89.9088,-0.0925,-0.0925,0.0000
2543,987.3,360.6,89.8100,89.8100,89.9019,-0.0920,-0.0920,0.0000
2544,999.2,373.3,89.8037,89.8037,89.8956,-0.0919,-0.0919,0.0000
2545,999.7,385.0,89.7974,89.7974,89.8894,-0.0920,-0.0920,0.0000
2546,1000.8,345.7,89.7912,89.7912,89.8833,-0.0921,-0.0921,0.0000
2547,1004.2,323.7,89.7849,89.7849,89.8768,-0.0919,-0.0919,0.0000
2548,996.7,323.4,89.7786,89.7786,89.8709,-0.0923,-0.0923,0.0000
2549,1000.2,329.2,89.7723,89.7723,89.8647,-0.0924,-0.0924,0.0000
2550,1000.5,316.9,89.7661,89.7661,89.8585,-0.0924,-0.0924,0.0000
2551,1000.7,317.4,89.7598,89.7598,89.8523,-0.0925,-0.0925,0.0000
2552,1000.0,319.5,89.7535,89.7535,89.8458,-0.0923,-0.0923,0.0000
2553,998.5,326.0,89.7473,89.7473,89.8399,-0.0927,-0.0927,0.0000
2554,1000.5,315.4,89.7410,89.7410,89.8339,-0.0929,-0.0929,0.0000
2555,1003.0,311.4,89.7347,89.7347,89.8279,-0.0932,-0.0931,0.0000
2556,999.9,336.5,89.7284,89.7285,89.8213,-0.0929,-0.0929,0.0000
2557,999.0,327.2,89.7222,89.7222,89.8153,-0.0931,-0.0931,0.0000
2558,1000.6,345.4,89.7159,89.7159,89.8096,-0.0936,-0.0936,0.0000
2559,998.6,334.9,89.7096,89.7097,89.8041,-0.0944,-0.0944,0.0000
2560,999.9,317.3,89.7034,89.7034,89.7984,-0.0951,-0.0950,0.0000
2561,1002.4,350.3,89.6971,89.6971,89.7924,-0.0953,-0.0953,0.0000
2562,996.2,334.7,89.6909,89.6909,89.7870,-0.0962,-0.0962,0.0000
2563,999.7,344.5,89.6846,89.6846,89.7811,-0.0965,-0.0965,0.0000
2564,999.9,346.3,89.6783,89.6783,89.7753,-0.0970,-0.0970,0.0000
2565,999.1,327.0,89.6721,89.6721,89.7696,-0.0975,-0.0975,0.0000
2566,1001.8,326.7,89.6658,89.6658,89.7639,-0.0981,-0.0981,0.0000
2567,1000.4,325.0,89.6595,89.6596,89.7580,-0.0985,-0.0984,0.0000
2568,998.7,342.9,89.6533,89.6533,89.7525,-0.0992,-0.0992,0.0000
2569,997.7,350.8,89.6470,89.6470,89.7468,-0.0997,-0.0997,0.0000
2570,1001.9,365.0,89.6408,89.6408,89.7408,-0.1000,-0.1000,0.0000
2571,999.3,376.5,89.6345,89.6345,89.7340,-0.0995,-0.0995,0.0000
2572,999.9,407.7,89.6282,89.6283,89.7276,-0.0994,-0.0994,0.0000
2573,1000.0,364.4,89.6220,89.6220,89.7212,-0.0992,-0.0992,0.0000
2574,1000.3,379.1,89.6157,89.6157,89.7147,-0.0990,-0.0990,0.0000
2575,999.8,372.5,89.6095,89.6095,89.7078,-0.0983,-0.0983,0.0000
2576,999.9,337.3,89.6032,89.6032,89.7015,-0.0983,-0.0983,0.0000
2577,1003.7,326.0,89.5970,89.5970,89.6953,-0.0983,-0.0983,0.0000
2578,1003.5,340.1,89.5907,89.5907,89.6953,-0.1046,-0.1046,0.0000
2579,996.3,346.5,89.5845,89.5845,89.6890,-0.1046,-0.1046,0.0000
2580,999.5,321.2,89.5782,89.5782,89.6822,-0.1040,-0.1040,0.0000
2581,1003.7,350.6,89.5720,89.5720,89.6760,-0.1041,-0.1040,0.0000
2582,996.8,348.8,89.5657,89.5657,89.6699,-0.1042,-0.1041,0.0000
2583,998.0,383.4,89.5595,89.5595,89.6636,-0.1042,-0.1042,0.0000
2584,1001.3,379.4,89.5532,89.5532,89.6569,-0.1037,-0.1037,0.0000
2585,1014.2,382.4,89.5470,89.5470,89.6506,-0.1036,-0.1036,0.0000
2586,984.5,337.1,89.5407,89.5407,89.6441,-0.1034,-0.1034,0.0000
2587,1004.3,370.0,89.5345,89.5345,89.6376,-0.1032,-0.1032,0.0000
2588,993.6,356.8,89.5282,89.5282,89.6306,-0.1023,-0.1023,0.0000
2589,999.2,334.8,89.5220,89.5220,89.6240,-0.1020,-0.1020,0.0000
2590,1005.7,339.1,89.5157,89.5158,89.6174,-0.1017,-0.1017,0.0000
2591,994.4,347.5,89.5095,89.5095,89.6108,-0.1013,-0.1013,0.0000
2592,1001.2,332.3,89.5033,89.5033,89.6036,-0.1003,-0.1003,0.0000
2593,1003.2,359.4,89.4970,89.4970,89.5968,-0.0998,-0.0997,0.0000
2594,996.8,374.7,89.4908,89.4908,89.5900,-0.0992,-0.0992,0.0000
2595,999.4,368.7,89.4845,89.4846,89.5834,-0.0989,-0.0989,0.0000
2596,1000.1,372.5,89.4783,89.4783,89.5762,-0.0979,-0.0979,0.0000
2597,1004.1,357.3,89.4721,89.4721,89.5696,-0.0975,-0.0975,0.0000
2598,992.1,317.7,89.4658,89.4658,89.5629,-0.0971,-0.0971,0.0000
2599,1011.1,358.4,89.4596,89.4596,89.5565,-0.0969,-0.0969,0.0000
2600,994.9,347.0,89.4534,89.4534,89.5497,-0.0964,-0.0964,0.0000
2601,1000.2,352.6,89.4471,89.4471,89.5437,-0.0966,-0.0965,0.0000
2602,999.5,347.3,89.4409,89.4409,89.5377,-0.0968,-0.0968,0.0000
2603,1002.1,346.3,89.4347,89.4347,89.5317,-0.0971,-0.0971,0.0000
2604,997.2,325.3,89.4284,89.4285,89.5253,-0.0969,-0.0969,0.0000
2605,1000.5,348.7,89.4222,89.4222,89.5193,-0.0971,-0.0970,0.0000
2606,997.4,351.6,89.4160,89.4160,89.5131,-0.0971,-0.0971,0.0000
2607,999.2,332.6,89.4097,89.4098,89.5068,-0.0971,-0.0971,0.0000
2608,1002.3,351.8,89.4035,89.4035,89.5006,-0.0971,-0.0970,0.0000
2609,997.9,352.0,89.3973,89.3973,89.4948,-0.0976,-0.0975,0.0000
2610,1000.5,331.4,89.3911,89.3911,89.4892,-0.0981,-0.0981,0.0000
2611,1003.8,352.6,89.3848,89.3849,89.4830,-0.0982,-0.0981,0.0000
2612,996.4,339.1,89.3786,89.3787,89.4763,-0.0977,-0.0977,0.0000
2613,1002.0,353.1,89.3724,89.3724,89.4703,-0.0979,-0.0978,0.0000
2614,999.7,341.8,89.3662,89.3662,89.4641,-0.0980,-0.0979,0.0000
2615,999.7,335.0,89.3600,89.3600,89.4580,-0.0981,-0.0980,0.0000
2616,1004.7,336.6,89.3537,89.3538,89.4516,-0.0978,-0.0978,0.0000
2617,994.3,339.6,89.3475,89.3476,89.4454,-0.0978,-0.0978,0.0000
2618,1000.6,401.5,89.3413,89.3413,89.4390,-0.0977,-0.0976,0.0000
2619,997.8,359.0,89.3351,89.3351,89.4325,-0.0974,-0.0974,0.0000
2620,1005.9,404.2,89.3289,89.3289,89.4256,-0.0967,-0.0967,0.0000
2621,999.1,373.1,89.3227,89.3227,89.4194,-0.0967,-0.0967,0.0000
2622,999.6,344.6,89.3165,89.3165,89.4133,-0.0968,-0.0968,0.0000
2623,1000.2,396.6,89.3103,89.3103,89.4074,-0.0971,-0.0971,0.0000
2624,1008.2,364.2,89.3041,89.3041,89.4009,-0.0969,-0.0968,0.0000
2625,991.8,320.0,89.2978,89.2979,89.3947,-0.0969,-0.0968,0.0000
2626,1002.5,333.7,89.2916,89.2917,89.3884,-0.0968,-0.0967,0.0000
2627,995.0,319.0,89.2854,89.2855,89.3820,-0.0966,-0.0965,0.0000
2628,1004.0,317.5,89.2792,89.2793,89.3751,-0.0959,-0.0959,0.0000
2629,997.3,326.5,89.2730,89.2731,89.3688,-0.0957,-0.0957,0.0000
2630,1001.1,314.5,89.2668,89.2669,89.3623,-0.0955,-0.0954,0.0000
2631,1000.3,316.5,89.2606,89.2607,89.3557,-0.0951,-0.0951,0.0000
2632,1000.0,317.1,89.2544,89.2545,89.3487,-0.0942,-0.0942,0.0000
2633,999.2,328.1,89.2482,89.2483,89.3419,-0.0937,-0.0936,0.0000
2634,1002.8,318.7,89.2420,89.2421,89.3352,-0.0931,-0.0931,0.0000
2635,999.5,311.3,89.2358,89.2359,89.3287,-0.0928,-0.0928,0.0000
2636,1000.2,329.1,89.2297,89.2297,89.3216,-0.0920,-0.0919,0.0000
2637,998.8,304.9,89.2235,89.2235,89.3149,-0.0915,-0.0914,0.0000
2638,1000.7,323.4,89.2173,89.2173,89.3082,-0.0909,-0.0909,0.0000
2639,996.8,313.0,89.2111,89.2111,89.3017,-0.0906,-0.0906,0.0000
2640,1000.2,317.2,89.2049,89.2050,89.2954,-0.0905,-0.0905,0.0000
2641,1006.7,361.8,89.1987,89.1988,89.2889,-0.0902,-0.0902,0.0000
2642,996.0,330.1,89.1925,89.1926,89.2831,-0.0905,-0.0905,0.0001
2643,1000.0,325.7,89.1863,89.1864,89.2774,-0.0911,-0.0910,0.0001
2644,1003.2,338.1,89.1802,89.1802,89.2711,-0.0909,-0.0909,0.0001
2645,996.0,361.3,89.1740,89.1740,89.2650,-0.0911,-0.0910,0.0001
2646,1001.6,374.3,89.1678,89.1679,89.2590,-0.0912,-0.0911,0.0001
2647,999.6,343.6,89.1616,89.1617,89.2529,-0.0913,-0.0913,0.0001
2648,997.4,325.7,89.1555,89.1555,89.2466,-0.0911,-0.0911,0.0001
2649,1005.1,324.9,89.1493,89.1493,89.2407,-0.0914,-0.0913,0.0001
2650,997.5,314.4,89.1431,89.1432,89.2348,-0.0917,-0.0916,0.0001
2651,998.5,320.2,89.1369,89.1370,89.2287,-0.0918,-0.0917,0.0001
2652,1000.3,310.0,89.1308,89.1308,89.2222,-0.0914,-0.0914,0.0001
2653,999.9,328.6,89.1246,89.1247,89.2161,-0.0915,-0.0915,0.0001
2654,998.3,314.0,89.1184,89.1185,89.2102,-0.0918,-0.0917,0.0001
2655,1004.0,313.4,89.1123,89.1123,89.2045,-0.0922,-0.0922,0.0001
2656,998.9,331.4,89.1061,89.1062,89.1984,-0.0923,-0.0923,0.0001
2657,997.8,327.9,89.0999,89.1000,89.1929,-0.0930,-0.0929,0.0001
2658,1004.4,328.1,89.0938,89.0938,89.1875,-0.0937,-0.0936,0.0001
2659,999.5,318.8,89.0876,89.0877,89.1820,-0.0944,-0.0943,0.0001
2660,998.1,343.9,89.0815,89.0815,89.1759,-0.0945,-0.0944,0.0001
2661,997.0,329.7,89.0753,89.0754,89.1704,-0.0951,-0.0950,0.0001
2662,1005.1,334.9,89.0692,89.0692,89.1651,-0.0959,-0.0959,0.0001
2663,997.4,355.4,89.0630,89.0631,89.1599,-0.0969,-0.0968,0.0001
2664,1000.2,369.8,89.0569,89.0569,89.1541,-0.0973,-0.0972,0.0001
2665,1000.4,339.6,89.0507,89.0508,89.1486,-0.0979,-0.0978,0.0001
2666,999.8,335.5,89.0446,89.0446,89.1429,-0.0983,-0.0983,0.0001
2667,1001.0,340.5,89.0384,89.0385,89.1371,-0.0987,-0.0986,0.0001
2668,998.3,340.0,89.0323,89.0323,89.1307,-0.0985,-0.0984,0.0001
2669,999.6,362.7,89.0261,89.0262,89.1247,-0.0986,-0.0986,0.0001
2670,998.1,378.0,89.0200,89.0201,89.1186,-0.0987,-0.0986,0.0001
2671,1000.0,351.7,89.0138,89.0139,89.1124,-0.0986,-0.0985,0.0001
2672,998.8,312.2,89.0077,89.0078,89.1057,-0.0980,-0.0979,0.0001
2673,1003.5,381.7,89.0016,89.0016,89.0994,-0.0978,-0.0978,0.0001
2674,1005.7,366.6,88.9954,88.9955,89.0930,-0.0975,-0.0975,0.0001
2675,997.5,363.3,88.9893,88.9894,89.0866,-0.0973,-0.0972,0.0001
2676,996.8,375.1,88.9832,88.9832,89.0797,-0.0965,-0.0964,0.0001
2677,1000.7,363.6,88.9770,88.9771,89.0732,-0.0962,-0.0961,0.0001
2678,996.0,368.3,88.9709,88.9710,89.0666,-0.0957,-0.0957,0.0001
2679,1001.7,370.2,88.9648,88.9649,89.0600,-0.0952,-0.0951,0.0001
2680,998.7,347.2,88.9587,88.9587,89.0528,-0.0942,-0.0941,0.0001
2681,1000.2,330.2,88.9525,88.9526,89.0465,-0.0939,-0.0939,0.0001
2682,1002.9,341.1,88.9464,88.9465,89.0402,-0.0937,-0.0937,0.0001
2683,1008.3,375.4,88.9403,88.9404,89.0339,-0.0936,-0.0935,0.0001
2684,991.8,354.5,88.9342,88.9343,89.0270,-0.0928,-0.0927,0.0001
2685,999.6,363.8,88.9281,88.9282,89.0205,-0.0924,-0.0923,0.0001
2686,1000.8,372.3,88.9220,88.9220,89.0139,-0.0919,-0.0918,0.0001
2687,1014.2,368.4,88.9158,88.9159,89.0072,-0.0914,-0.0913,0.0001
2688,986.5,335.0,88.9097,88.9098,89.0003,-0.0905,-0.0904,0.0001
2689,998.6,338.3,88.9036,88.9037,88.9940,-0.0904,-0.0903,0.0001
2690,1000.1,317.6,88.8975,88.8976,88.9878,-0.0903,-0.0902,0.0001
2691,1001.0,333.0,88.8914,88.8915,88.9816,-0.0901,-0.0901,0.0001
2692,995.0,316.5,88.8853,88.8854,88.9747,-0.0894,-0.0893,0.0001
2693,1004.5,336.2,88.8792,88.8793,88.9682,-0.0890,-0.0889,0.0001
2694,995.5,356.1,88.8731,88.8732,88.9618,-0.0887,-0.0886,0.0001
2695,999.7,375.6,88.8670,88.8671,88.9555,-0.0884,-0.0883,0.0001
2696,1000.2,328.2,88.8609,88.8610,88.9488,-0.0879,-0.0878,0.0001
2697,1001.7,323.4,88.8548,88.8549,88.9428,-0.0880,-0.0879,0.0001
2698,1001.7,321.7,88.8487,88.8488,88.9369,-0.0882,-0.0881,0.0001
2699,1001.3,312.2,88.8427,88.8428,88.9310,-0.0884,-0.0883,0.0001
2700,1000.2,314.7,88.8366,88.8367,88.9252,-0.0886,-0.0885,0.0001
2701,1000.6,319.6,88.8305,88.8306,88.9193,-0.0888,-0.0887,0.0001
2702,998.2,313.9,88.8244,88.8245,88.9139,-0.0895,-0.0894,0.0001
2703,1001.0,334.2,88.8183,88.8184,88.9089,-0.0906,-0.0905,0.0001
2704,996.6,328.3,88.8122,88.8123,88.9039,-0.0917,-0.0916,0.0001
2705,1005.6,326.0,88.8062,88.8063,88.8985,-0.0923,-0.0922,0.0001
2706,998.9,340.7,88.8001,88.8002,88.8934,-0.0933,-0.0932,0.0001
2707,998.7,320.0,88.7940,88.7941,88.8881,-0.0941,-0.0940,0.0001
2708,1001.9,327.8,88.7879,88.7881,88.8828,-0.0949,-0.0947,0.0001
2709,997.1,326.8,88.7819,88.7820,88.8769,-0.0950,-0.0949,0.0001
2710,1004.9,310.1,88.7758,88.7759,88.8714,-0.0956,-0.0955,0.0001
2711,999.1,344.6,88.7697,88.7699,88.8659,-0.0962,-0.0960,0.0001
2712,997.1,329.2,88.7637,88.7638,88.8602,-0.0965,-0.0964,0.0001
2713,1003.8,325.0,88.7576,88.7577,88.8539,-0.0962,-0.0961,0.0001
2714,993.8,321.7,88.7516,88.7517,88.8478,-0.0962,-0.0961,0.0001
2715,999.9,309.0,88.7455,88.7456,88.8416,-0.0961,-0.0960,0.0001
2716,1000.8,319.8,88.7395,88.7396,88.8354,-0.0960,-0.0959,0.0001
2717,999.9,312.1,88.7334,88.7335,88.8287,-0.0953,-0.0952,0.0001
2718,1000.0,350.0,88.7274,88.7275,88.8225,-0.0951,-0.0950,0.0001
2719,997.5,348.7,88.7213,88.7214,88.8161,-0.0948,-0.0947,0.0001
2720,1001.9,361.5,88.7153,88.7154,88.8096,-0.0943,-0.0942,0.0001
2721,998.2,372.9,88.7092,88.7093,88.8026,-0.0933,-0.0932,0.0001
2722,1001.8,363.6,88.7032,88.7033,88.7961,-0.0930,-0.0928,0.0001
2723,999.4,340.5,88.6971,88.6973,88.7898,-0.0927,-0.0926,0.0001
2724,999.7,368.5,88.6911,88.6912,88.7835,-0.0924,-0.0923,0.0001
2725,1000.1,333.3,88.6851,88.6852,88.7769,-0.0918,-0.0917,0.0001
2726,1002.2,343.8,88.6790,88.6792,88.7707,-0.0916,-0.0915,0.0001
2727,1001.2,338.9,88.6730,88.6731,88.7642,-0.0912,-0.0911,0.0001
2728,998.7,328.4,88.6670,88.6671,88.7577,-0.0907,-0.0906,0.0001
2729,1001.6,340.4,88.6609,88.6611,88.7506,-0.0897,-0.0895,0.0001
2730,998.6,343.3,88.6549,88.6551,88.7440,-0.0891,-0.0890,0.0001
2731,1010.5,381.2,88.6489,88.6490,88.7375,-0.0886,-0.0885,0.0001
2732,999.0,338.5,88.6429,88.6430,88.7300,-0.0871,-0.0869,0.0001
2733,992.6,333.7,88.6369,88.6370,88.7229,-0.0860,-0.0859,0.0001
2734,999.0,329.8,88.6308,88.6310,88.7163,-0.0854,-0.0853,0.0001
2735,997.8,358.5,88.6248,88.6250,88.7100,-0.0851,-0.0850,0.0001
2736,997.0,382.3,88.6188,88.6190,88.7037,-0.0849,-0.0848,0.0001
2737,999.6,382.9,88.6128,88.6130,88.6974,-0.0846,-0.0845,0.0001
2738,1001.7,370.5,88.6068,88.6070,88.6917,-0.0849,-0.0847,0.0001
2739,998.6,361.0,88.6008,88.6010,88.6860,-0.0852,-0.0850,0.0001
2740,1000.0,365.6,88.5948,88.5950,88.6798,-0.0850,-0.0849,0.0001
2741,999.9,350.4,88.5888,88.5890,88.6742,-0.0854,-0.0852,0.0001
2742,1001.9,333.4,88.5828,88.5830,88.6687,-0.0859,-0.0858,0.0001
2743,1002.3,352.1,88.5768,88.5770,88.6636,-0.0868,-0.0866,0.0001
2744,997.8,414.6,88.5708,88.5710,88.6586,-0.0878,-0.0876,0.0001
2745,999.7,407.3,88.5648,88.5650,88.6534,-0.0886,-0.0884,0.0001
2746,1001.1,368.6,88.5589,88.5590,88.6484,-0.0896,-0.0894,0.0001
2747,998.9,372.2,88.5529,88.5530,88.6433,-0.0904,-0.0903,0.0002
2748,1003.4,373.7,88.5469,88.5470,88.6381,-0.0912,-0.0910,0.0002
2749,1003.4,329.6,88.5409,88.5411,88.6381,-0.0972,-0.0970,0.0002
2750,1002.7,338.2,88.5349,88.5351,88.6325,-0.0976,-0.0974,0.0002
2751,995.3,377.0,88.5290,88.5291,88.6274,-0.0984,-0.0983,0.0002
2752,996.9,348.3,88.5230,88.5231,88.6223,-0.0993,-0.0992,0.0002
2753,1000.4,371.4,88.5170,88.5172,88.6166,-0.0996,-0.0994,0.0002
2754,997.6,354.7,88.5110,88.5112,88.6112,-0.1001,-0.1000,0.0002
2755,1000.0,352.1,88.5051,88.5052,88.6055,-0.1004,-0.1003,0.0002
2756,998.6,367.0,88.4991,88.4993,88.5998,-0.1007,-0.1005,0.0002
2757,999.6,339.2,88.4932,88.4933,88.5936,-0.1005,-0.1003,0.0002
2758,1003.3,344.5,88.4872,88.4874,88.5878,-0.1006,-0.1004,0.0002
2759,998.4,375.3,88.4813,88.4814,88.5818,-0.1006,-0.1004,0.0002
2760,998.9,355.3,88.4753,88.4755,88.5759,-0.1006,-0.1004,0.0002
2761,999.6,364.5,88.4693,88.4695,88.5694,-0.1000,-0.0999,0.0002
2762,1000.4,372.2,88.4634,88.4636,88.5632,-0.0998,-0.0996,0.0002
2763,999.7,356.4,88.4575,88.4576,88.5568,-0.0994,-0.0992,0.0002
2764,1001.6,341.3,88.4515,88.4517,88.5504,-0.0989,-0.0987,0.0002
2765,1003.0,336.2,88.4456,88.4457,88.5435,-0.0980,-0.0978,0.0002
2766,998.5,347.0,88.4396,88.4398,88.5373,-0.0976,-0.0975,0.0002
2767,999.1,352.1,88.4337,88.4339,88.5311,-0.0974,-0.0972,0.0002
2768,1001.5,381.6,88.4278,88.4280,88.5250,-0.0972,-0.0970,0.0002
2769,998.6,412.1,88.4218,88.4220,88.5182,-0.0963,-0.0961,0.0002
2770,1002.2,412.8,88.4159,88.4161,88.5116,-0.0956,-0.0955,0.0002
2771,1003.1,346.3,88.4100,88.4102,88.5049,-0.0949,-0.0947,0.0002
2772,996.6,352.4,88.4041,88.4043,88.4984,-0.0943,-0.0941,0.0002
2773,1001.7,334.2,88.3982,88.3983,88.4914,-0.0932,-0.0930,0.0002
2774,999.7,357.6,88.3922,88.3924,88.4848,-0.0926,-0.0924,0.0002
2775,996.0,347.7,88.3863,88.3865,88.4783,-0.0920,-0.0918,0.0002
2776,999.6,357.6,88.3804,88.3806,88.4716,-0.0912,-0.0910,0.0002
2777,1000.0,352.9,88.3745,88.3747,88.4642,-0.0897,-0.0895,0.0002
2778,998.2,337.7,88.3686,88.3688,88.4575,-0.0889,-0.0887,0.0002
2779,1007.5,348.1,88.3627,88.3629,88.4508,-0.0881,-0.0879,0.0002
2780,993.2,355.4,88.3568,88.3570,88.4442,-0.0874,-0.0872,0.0002
2781,1000.2,339.4,88.3509,88.3511,88.4372,-0.0863,-0.0861,0.0002
2782,1000.8,320.6,88.3450,88.3452,88.4308,-0.0858,-0.0856,0.0002
2783,1005.3,369.2,88.3391,88.3393,88.4244,-0.0853,-0.0851,0.0002
2784,993.7,349.7,88.3332,88.3334,88.4182,-0.0850,-0.0848,0.0002
2785,1000.7,367.2,88.3273,88.3275,88.4120,-0.0846,-0.0844,0.0002
2786,998.9,366.1,88.3215,88.3217,88.4064,-0.0849,-0.0847,0.0002
2787,1002.3,349.3,88.3156,88.3158,88.4010,-0.0854,-0.0852,0.0002
2788,997.8,351.0,88.3097,88.3099,88.3956,-0.0859,-0.0857,0.0002
2789,1002.5,349.9,88.3038,88.3040,88.3896,-0.0857,-0.0855,0.0002
2790,1003.1,333.3,88.2980,88.2982,88.3840,-0.0860,-0.0858,0.0002
2791,1001.0,374.4,88.2921,88.2923,88.3783,-0.0863,-0.0860,0.0002
2792,1001.5,341.2,88.2862,88.2864,88.3727,-0.0865,-0.0862,0.0002
2793,996.4,367.7,88.2804,88.2806,88.3666,-0.0863,-0.0861,0.0002
2794,999.9,412.2,88.2745,88.2747,88.3610,-0.0865,-0.0863,0.0002
2795,997.8,402.8,88.2686,88.2689,88.3553,-0.0866,-0.0864,0.0002
2796,1000.8,316.8,88.2628,88.2630,88.3497,-0.0869,-0.0867,0.0002
2797,1001.5,351.4,88.2569,88.2571,88.3437,-0.0868,-0.0866,0.0002
2798,996.8,349.5,88.2511,88.2513,88.3381,-0.0870,-0.0868,0.0002
2799,1004.3,365.6,88.2452,88.2455,88.3325,-0.0873,-0.0870,0.0002
2800,995.0,365.7,88.2394,88.2396,88.3269,-0.0875,-0.0873,0.0002
2801,999.7,379.3,88.2336,88.2338,88.3210,-0.0874,-0.0872,0.0002
2802,1000.0,349.8,88.2277,88.2279,88.3156,-0.0878,-0.0876,0.0002
2803,1000.2,373.7,88.2219,88.2221,88.3101,-0.0882,-0.0880,0.0002
2804,999.5,331.6,88.2160,88.2163,88.3046,-0.0886,-0.0884,0.0002
2805,1005.1,335.1,88.2102,88.2104,88.2987,-0.0885,-0.0883,0.0002
2806,997.1,338.8,88.2044,88.2046,88.2933,-0.0889,-0.0887,0.0002
2807,998.5,352.8,88.1986,88.1988,88.2881,-0.0895,-0.0893,0.0002
2808,984.1,342.3,88.1928,88.1930,88.2828,-0.0900,-0.0898,0.0002
2809,1021.2,337.3,88.1869,88.1872,88.2771,-0.0901,-0.0899,0.0002
2810,998.4,336.6,88.1811,88.1814,88.2716,-0.0905,-0.0903,0.0002
2811,1001.1,331.5,88.1753,88.1755,88.2661,-0.0907,-0.0905,0.0002
2812,999.8,352.9,88.1695,88.1697,88.2603,-0.0908,-0.0906,0.0002
2813,1002.2,362.6,88.1637,88.1639,88.2540,-0.0903,-0.0901,0.0002
2814,996.8,334.4,88.1579,88.1581,88.2481,-0.0902,-0.0900,0.0002
2815,999.5,339.8,88.1521,88.1523,88.2423,-0.0902,-0.0900,0.0002
2816,1000.6,362.5,88.1463,88.1465,88.2366,-0.0903,-0.0900,0.0002
2817,999.6,331.9,88.1405,88.1408,88.2303,-0.0898,-0.0896,0.0002
2818,1000.6,338.0,88.1347,88.1350,88.2243,-0.0896,-0.0893,0.0002
2819,1000.2,377.9,88.1289,88.1292,88.2181,-0.0892,-0.0889,0.0002
2820,999.0,372.4,88.1231,88.1234,88.2118,-0.0887,-0.0884,0.0003
2821,998.8,359.4,88.1174,88.1176,88.2052,-0.0878,-0.0876,0.0003
2822,998.8,321.7,88.1116,88.1118,88.1992,-0.0876,-0.0873,0.0003
2823,1004.3,327.2,88.1058,88.1061,88.1932,-0.0874,-0.0872,0.0003
2824,1000.6,323.5,88.1000,88.1003,88.1872,-0.0872,-0.0869,0.0003
2825,997.8,315.3,88.0943,88.0945,88.1808,-0.0865,-0.0862,0.0003
2826,1000.5,320.9,88.0885,88.0888,88.1748,-0.0863,-0.0860,0.0003
2827,1000.2,312.5,88.0828,88.0830,88.1688,-0.0861,-0.0858,0.0003
2828,997.7,324.0,88.0770,88.0773,88.1629,-0.0859,-0.0856,0.0003
2829,1003.7,314.8,88.0712,88.0715,88.1566,-0.0854,-0.0851,0.0003
2830,999.3,314.6,88.0655,88.0658,88.1511,-0.0856,-0.0853,0.0003
2831,1000.4,327.1,88.0597,88.0600,88.1455,-0.0858,-0.0855,0.0003
2832,1001.1,319.9,88.0540,88.0543,88.1399,-0.0859,-0.0857,0.0003
2833,998.5,351.8,88.0482,88.0485,88.1342,-0.0860,-0.0857,0.0003
2834,1000.9,325.6,88.0425,88.0428,88.1279,-0.0854,-0.0852,0.0003
2835,1006.4,318.6,88.0368,88.0370,88.1222,-0.0855,-0.0852,0.0003
2836,993.3,335.7,88.0310,88.0313,88.1167,-0.0856,-0.0853,0.0003
2837,999.1,325.7,88.0253,88.0256,88.1110,-0.0857,-0.0854,0.0003
2838,1004.0,346.3,88.0196,88.0199,88.1051,-0.0855,-0.0852,0.0003
2839,996.4,336.2,88.0139,88.0141,88.0995,-0.0857,-0.0854,0.0003
2840,998.7,314.3,88.0081,88.0084,88.0938,-0.0857,-0.0854,0.0003
2841,1006.5,336.6,88.0024,88.0027,88.0877,-0.0852,-0.0850,0.0003
2842,993.9,327.5,87.9967,87.9970,88.0820,-0.0853,-0.0850,0.0003
2843,1004.8,343.6,87.9910,87.9913,88.0764,-0.0854,-0.0851,0.0003
2844,991.8,294.3,87.9853,87.9856,88.0709,-0.0856,-0.0853,0.0003
2845,1027.4,432.9,87.9796,87.9799,88.0652,-0.0856,-0.0853,0.0003
2846,974.8,352.4,87.9739,87.9742,88.0596,-0.0857,-0.0854,0.0003
2847,999.1,343.8,87.9682,87.9685,88.0541,-0.0859,-0.0856,0.0003
2848,998.6,331.1,87.9625,87.9628,88.0485,-0.0860,-0.0857,0.0003
2849,1004.6,314.8,87.9568,87.9571,88.0432,-0.0864,-0.0861,0.0003
2850,999.8,305.1,87.9511,87.9514,88.0377,-0.0866,-0.0863,0.0003
2851,1001.8,321.6,87.9454,87.9457,88.0329,-0.0874,-0.0871,0.0003
2852,995.8,305.6,87.9398,87.9401,88.0280,-0.0883,-0.0880,0.0003
2853,1004.2,325.8,87.9341,87.9344,88.0231,-0.0890,-0.0887,0.0003
2854,999.4,341.9,87.9284,87.9287,88.0178,-0.0894,-0.0891,0.0003
2855,999.3,321.5,87.9227,87.9230,88.0127,-0.0899,-0.0896,0.0003
2856,1003.6,344.9,87.9171,87.9174,88.0073,-0.0902,-0.0899,0.0003
2857,995.6,337.4,87.9114,87.9117,88.0019,-0.0905,-0.0902,0.0003
2858,999.8,336.5,87.9057,87.9061,87.9959,-0.0902,-0.0899,0.0003
2859,1001.0,335.7,87.9001,87.9004,87.9905,-0.0904,-0.0901,0.0003
2860,1001.5,324.3,87.8944,87.8948,87.9852,-0.0908,-0.0904,0.0003
2861,999.7,324.3,87.8888,87.8891,87.9798,-0.0910,-0.0907,0.0003
2862,999.2,323.7,87.8831,87.8835,87.9736,-0.0905,-0.0902,0.0003
2863,1000.8,339.3,87.8775,87.8778,87.9676,-0.0901,-0.0898,0.0003
2864,995.5,324.6,87.8719,87.8722,87.9615,-0.0896,-0.0893,0.0003
2865,1002.7,321.7,87.8662,87.8666,87.9553,-0.0890,-0.0887,0.0003
2866,999.8,324.3,87.8606,87.8609,87.9486,-0.0880,-0.0877,0.0003
2867,1001.9,306.3,87.8550,87.8553,87.9426,-0.0877,-0.0873,0.0003
2868,993.4,351.4,87.8493,87.8497,87.9366,-0.0873,-0.0870,0.0003
2869,1000.4,312.2,87.8437,87.8441,87.9301,-0.0864,-0.0861,0.0003
2870,1038.9,437.6,87.8381,87.8384,87.9241,-0.0860,-0.0857,0.0003
2871,972.6,392.5,87.8325,87.8328,87.9180,-0.0856,-0.0852,0.0003
2872,1011.3,411.7,87.8269,87.8272,87.9119,-0.0851,-0.0847,0.0003
2873,988.1,398.9,87.8213,87.8216,87.9056,-0.0843,-0.0840,0.0003
2874,992.5,388.1,87.8157,87.8160,87.8999,-0.0843,-0.0839,0.0003
2875,1007.5,394.7,87.8101,87.8104,87.8944,-0.0843,-0.0840,0.0003
2876,985.2,328.6,87.8045,87.8048,87.8889,-0.0845,-0.0841,0.0003
2877,1008.5,325.9,87.7989,87.7992,87.8829,-0.0840,-0.0837,0.0003
2878,998.5,330.1,87.7933,87.7936,87.8771,-0.0838,-0.0834,0.0003
2879,999.8,340.8,87.7877,87.7880,87.8712,-0.0835,-0.0832,0.0003
2880,999.7,319.4,87.7821,87.7825,87.8654,-0.0833,-0.0830,0.0004
2881,1000.0,329.0,87.7765,87.7769,87.8591,-0.0826,-0.0822,0.0004
2882,999.8,301.2,87.7710,87.7713,87.8533,-0.0823,-0.0820,0.0004
2883,999.8,320.0,87.7654,87.7658,87.8475,-0.0821,-0.0817,0.0004
2884,1000.2,319.1,87.7598,87.7602,87.8415,-0.0817,-0.0813,0.0004
2885,1000.0,302.5,87.7543,87.7546,87.8351,-0.0808,-0.0805,0.0004
2886,999.3,338.9,87.7487,87.7491,87.8291,-0.0804,-0.0800,0.0004
2887,999.4,317.0,87.7431,87.7435,87.8231,-0.0800,-0.0796,0.0004
2888,999.4,320.8,87.7376,87.7380,87.8174,-0.0798,-0.0795,0.0004
2889,998.9,345.9,87.7320,87.7324,87.8118,-0.0797,-0.0793,0.0004
2890,999.7,333.4,87.7265,87.7269,87.8058,-0.0793,-0.0789,0.0004
2891,999.7,249.5,87.7210,87.7213,87.8001,-0.0792,-0.0788,0.0004
2892,1031.4,372.6,87.7154,87.7158,87.7945,-0.0791,-0.0787,0.0004
2893,971.9,339.2,87.7099,87.7103,87.7883,-0.0784,-0.0781,0.0004
2894,1003.8,325.3,87.7044,87.7047,87.7828,-0.0784,-0.0780,0.0004
2895,994.7,305.8,87.6988,87.6992,87.7775,-0.0787,-0.0783,0.0004
2896,1003.2,328.9,87.6933,87.6937,87.7725,-0.0792,-0.0788,0.0004
2897,992.7,271.6,87.6878,87.6882,87.7666,-0.0788,-0.0785,0.0004
2898,1016.5,338.1,87.6823,87.6827,87.7618,-0.0796,-0.0792,0.0004
2899,988.5,326.2,87.6768,87.6771,87.7569,-0.0801,-0.0797,0.0004
2900,1004.7,341.8,87.6712,87.6716,87.7514,-0.0802,-0.0798,0.0004
2901,995.1,355.8,87.6657,87.6661,87.7462,-0.0805,-0.0801,0.0004
2902,972.4,356.7,87.6602,87.6606,87.7411,-0.0808,-0.0804,0.0004
2903,1028.5,328.0,87.6547,87.6551,87.7360,-0.0813,-0.0809,0.0004
2904,1001.3,340.9,87.6493,87.6497,87.7311,-0.0819,-0.0815,0.0004
2905,999.6,304.8,87.6438,87.6442,87.7260,-0.0823,-0.0819,0.0004
2906,1027.6,375.2,87.6383,87.6387,87.7211,-0.0828,-0.0824,0.0004
2907,971.6,314.5,87.6328,87.6332,87.7161,-0.0833,-0.0829,0.0004
2908,996.7,312.5,87.6273,87.6277,87.7109,-0.0836,-0.0832,0.0004
2909,1004.2,274.5,87.6218,87.6223,87.7053,-0.0834,-0.0830,0.0004
2910,1025.3,352.5,87.6164,87.6168,87.7001,-0.0837,-0.0833,0.0004
2911,973.9,306.3,87.6109,87.6113,87.6948,-0.0839,-0.0835,0.0004
2912,1000.3,308.1,87.6055,87.6059,87.6891,-0.0837,-0.0833,0.0004
2913,1003.5,349.0,87.6000,87.6004,87.6839,-0.0839,-0.0835,0.0004
2914,1000.9,339.8,87.5945,87.5950,87.6839,-0.0894,-0.0890,0.0004
2915,998.8,344.0,87.5891,87.5895,87.6786,-0.0895,-0.0891,0.0004
2916,1002.3,339.3,87.5836,87.5841,87.6732,-0.0896,-0.0891,0.0004
2917,1000.1,320.9,87.5782,87.5786,87.6673,-0.0891,-0.0886,0.0004
2918,999.3,350.1,87.5728,87.5732,87.6616,-0.0888,-0.0884,0.0004
2919,1003.9,365.6,87.5673,87.5678,87.6559,-0.0886,-0.0882,0.0004
2920,999.6,376.1,87.5619,87.5623,87.6503,-0.0884,-0.0879,0.0004
2921,1000.0,354.1,87.5565,87.5569,87.6444,-0.0879,-0.0875,0.0004
2922,1000.8,337.8,87.5511,87.5515,87.6391,-0.0880,-0.0876,0.0004
2923,999.7,341.8,87.5456,87.5461,87.6338,-0.0882,-0.0877,0.0004
2924,999.1,337.9,87.5402,87.5407,87.6285,-0.0883,-0.0879,0.0004
2925,999.2,354.4,87.5348,87.5352,87.6226,-0.0878,-0.0874,0.0004
2926,989.4,317.6,87.5294,87.5298,87.6171,-0.0877,-0.0873,0.0004
2927,1015.4,352.7,87.5240,87.5244,87.6115,-0.0875,-0.0871,0.0004
2928,988.2,329.0,87.5186,87.5190,87.6059,-0.0873,-0.0868,0.0004
2929,1005.7,339.3,87.5132,87.5137,87.6000,-0.0868,-0.0863,0.0004
2930,992.9,367.3,87.5078,87.5083,87.5946,-0.0868,-0.0863,0.0004
2931,999.6,365.8,87.5024,87.5029,87.5891,-0.0867,-0.0863,0.0004
2932,1003.0,323.3,87.4971,87.4975,87.5836,-0.0865,-0.0861,0.0005
2933,1000.2,336.3,87.4917,87.4921,87.5775,-0.0858,-0.0854,0.0005
2934,995.4,325.5,87.4863,87.4868,87.5718,-0.0855,-0.0850,0.0005
2935,1000.8,307.2,87.4809,87.4814,87.5659,-0.0849,-0.0845,0.0005
2936,1000.0,328.2,87.4756,87.4760,87.5600,-0.0844,-0.0840,0.0005
2937,1001.8,324.4,87.4702,87.4707,87.5536,-0.0834,-0.0829,0.0005
2938,1001.5,313.7,87.4648,87.4653,87.5478,-0.0830,-0.0825,0.0005
2939,1000.1,324.4,87.4595,87.4600,87.5421,-0.0826,-0.0821,0.0005
2940,995.1,288.2,87.4541,87.4546,87.5361,-0.0819,-0.0815,0.0005
2941,1013.9,310.8,87.4488,87.4493,87.5297,-0.0809,-0.0804,0.0005
2942,993.6,325.3,87.4435,87.4439,87.5239,-0.0804,-0.0799,0.0005
2943,1002.3,328.5,87.4381,87.4386,87.5181,-0.0800,-0.0795,0.0005
2944,994.5,346.8,87.4328,87.4333,87.5127,-0.0799,-0.0795,0.0005
2945,999.4,360.2,87.4275,87.4279,87.5071,-0.0797,-0.0792,0.0005
2946,1000.8,321.1,87.4221,87.4226,87.5020,-0.0799,-0.0794,0.0005
2947,1004.5,315.2,87.4168,87.4173,87.4967,-0.0798,-0.0794,0.0005
2948,995.1,336.8,87.4115,87.4120,87.4913,-0.0798,-0.0793,0.0005
2949,997.9,329.3,87.4062,87.4067,87.4853,-0.0791,-0.0786,0.0005
2950,1004.5,315.9,87.4009,87.4014,87.4797,-0.0788,-0.0783,0.0005
2951,998.7,339.7,87.3956,87.3961,87.4744,-0.0788,-0.0783,0.0005
2952,995.7,325.7,87.3903,87.3908,87.4691,-0.0788,-0.0783,0.0005
2953,1002.6,320.5,87.3850,87.3855,87.4635,-0.0785,-0.0780,0.0005
2954,1000.2,334.0,87.3797,87.3802,87.4583,-0.0786,-0.0781,0.0005
2955,1001.5,339.8,87.3744,87.3749,87.4531,-0.0787,-0.0782,0.0005
2956,995.2,340.7,87.3691,87.3696,87.4478,-0.0786,-0.0781,0.0005
2957,999.9,341.8,87.3639,87.3644,87.4419,-0.0781,-0.0776,0.0005
2958,1000.5,349.3,87.3586,87.3591,87.4366,-0.0780,-0.0775,0.0005
2959,1001.0,356.9,87.3533,87.3538,87.4313,-0.0779,-0.0774,0.0005
2960,1005.2,343.6,87.3480,87.3486,87.4261,-0.0780,-0.0775,0.0005
2961,990.3,370.3,87.3428,87.3433,87.4206,-0.0778,-0.0773,0.0005
2962,997.7,262.8,87.3375,87.3380,87.4156,-0.0781,-0.0776,0.0005
2963,1018.3,363.4,87.3323,87.3328,87.4106,-0.0784,-0.0778,0.0005
2964,995.8,346.2,87.3270,87.3276,87.4057,-0.0787,-0.0782,0.0005
2965,997.4,303.4,87.3218,87.3223,87.4003,-0.0785,-0.0780,0.0005
2966,1001.7,351.2,87.3165,87.3171,87.3952,-0.0786,-0.0781,0.0005
2967,1002.6,320.7,87.3113,87.3118,87.3902,-0.0789,-0.0784,0.0005
2968,996.5,354.2,87.3061,87.3066,87.3854,-0.0793,-0.0787,0.0005
2969,995.5,335.0,87.3009,87.3014,87.3803,-0.0794,-0.0789,0.0005
2970,999.2,346.8,87.2956,87.2962,87.3756,-0.0800,-0.0794,0.0005
2971,1000.8,291.2,87.2904,87.2910,87.3709,-0.0805,-0.0800,0.0005
2972,1026.0,399.2,87.2852,87.2857,87.3662,-0.0810,-0.0805,0.0005
2973,975.4,370.3,87.2800,87.2805,87.3613,-0.0813,-0.0808,0.0005
2974,996.4,339.9,87.2748,87.2753,87.3557,-0.0809,-0.0804,0.0005
2975,1000.9,344.7,87.2696,87.2701,87.3504,-0.0808,-0.0802,0.0005
2976,1001.0,317.9,87.2644,87.2650,87.3451,-0.0807,-0.0802,0.0005
2977,1001.2,316.8,87.2592,87.2598,87.3395,-0.0803,-0.0798,0.0005
2978,997.2,334.4,87.2540,87.2546,87.3343,-0.0803,-0.0798,0.0006
2979,1003.1,343.6,87.2488,87.2494,87.3292,-0.0803,-0.0798,0.0006
2980,998.2,331.0,87.2437,87.2442,87.3239,-0.0802,-0.0796,0.0006
2981,999.2,337.9,87.2385,87.2391,87.3180,-0.0795,-0.0789,0.0006
2982,1002.3,334.3,87.2333,87.2339,87.3124,-0.0791,-0.0785,0.0006
2983,1000.1,346.8,87.2282,87.2287,87.3069,-0.0788,-0.0782,0.0006
2984,999.7,367.7,87.2230,87.2236,87.3015,-0.0785,-0.0779,0.0006
2985,998.9,356.6,87.2179,87.2184,87.2957,-0.0779,-0.0773,0.0006
2986,1000.8,363.6,87.2127,87.2133,87.2904,-0.0777,-0.0771,0.0006
2987,999.8,343.6,87.2076,87.2081,87.2850,-0.0774,-0.0768,0.0006
2988,999.8,320.6,87.2024,87.2030,87.2795,-0.0771,-0.0765,0.0006
2989,1002.2,335.7,87.1973,87.1979,87.2736,-0.0763,-0.0757,0.0006
2990,999.4,309.7,87.1922,87.1927,87.2680,-0.0759,-0.0753,0.0006
2991,997.9,335.3,87.1870,87.1876,87.2623,-0.0753,-0.0747,0.0006
2992,1001.6,349.3,87.1819,87.1825,87.2567,-0.0748,-0.0742,0.0006
2993,999.1,387.1,87.1768,87.1774,87.2511,-0.0743,-0.0737,0.0006
2994,996.9,341.4,87.1717,87.1723,87.2460,-0.0743,-0.0737,0.0006
2995,1003.4,341.7,87.1666,87.1672,87.2410,-0.0745,-0.0739,0.0006
2996,997.2,373.9,87.1615,87.1621,87.2358,-0.0743,-0.0737,0.0006
2997,999.3,339.5,87.1564,87.1570,87.2301,-0.0737,-0.0731,0.0006
2998,1001.9,331.2,87.1513,87.1519,87.2246,-0.0734,-0.0728,0.0006
2999,999.6,341.9,87.1462,87.1468,87.2192,-0.0730,-0.0724,0.0006
3000,1000.6,341.9,87.1411,87.1417,87.2139,-0.0728,-0.0722,0.0006
3001,999.8,348.1,87.1360,87.1366,87.2083,-0.0723,-0.0717,0.0006
3002,1000.6,333.5,87.1309,87.1315,87.2032,-0.0723,-0.0717,0.0006
3003,999.4,351.5,87.1259,87.1265,87.1983,-0.0724,-0.0718,0.0006
3004,1002.1,343.8,87.1208,87.1214,87.1933,-0.0725,-0.0719,0.0006
3005,1000.1,332.2,87.1157,87.1163,87.1879,-0.0722,-0.0716,0.0006
3006,999.7,323.2,87.1107,87.1113,87.1828,-0.0721,-0.0715,0.0006
3007,999.2,333.7,87.1056,87.1062,87.1776,-0.0720,-0.0713,0.0006
3008,1000.5,342.1,87.1006,87.1012,87.1725,-0.0719,-0.0713,0.0006
3009,999.3,321.9,87.0955,87.0962,87.1672,-0.0716,-0.0710,0.0006
3010,1003.6,326.2,87.0905,87.0911,87.1623,-0.0718,-0.0712,0.0006
3011,4082.7,400.0,87.0855,87.0861,87.1436,-0.0581,-0.0575,0.0006
3012,406.5,2576.7,87.0804,87.0811,87.1389,-0.0585,-0.0579,0.0006
3013,2582.9,357.4,87.0754,87.0760,87.1299,-0.0545,-0.0539,0.0006
3014,361.5,501.4,87.0704,87.0710,87.1262,-0.0559,-0.0552,0.0006
3015,505.3,283.3,87.0654,87.0660,87.1262,-0.0609,-0.0602,0.0006
3016,287.5,272.3,87.0604,87.0610,87.1227,-0.0624,-0.0618,0.0006
3017,276.8,422.8,87.0554,87.0560,87.1227,-0.0674,-0.0668,0.0006
3018,428.2,250.4,87.0504,87.0510,87.1227,-0.0724,-0.0718,0.0006
3019,255.5,361.7,87.0454,87.0460,87.1195,-0.0742,-0.0735,0.0006
3020,810.6,308.7,87.0404,87.0410,87.1195,-0.0792,-0.0785,0.0006
3021,998.2,340.5,87.0354,87.0360,87.1163,-0.0809,-0.0802,0.0007
3022,1000.6,328.0,87.0304,87.0311,87.1133,-0.0829,-0.0822,0.0007
3023,1000.8,359.6,87.0254,87.0261,87.1102,-0.0848,-0.0841,0.0007
3024,1000.3,310.9,87.0204,87.0211,87.1066,-0.0861,-0.0855,0.0007
3025,1000.8,331.4,87.0155,87.0161,87.1018,-0.0863,-0.0857,0.0007
3026,999.5,379.1,87.0105,87.0112,87.0969,-0.0864,-0.0857,0.0007
3027,999.5,362.6,87.0056,87.0062,87.0919,-0.0864,-0.0857,0.0007
3028,1000.0,380.1,87.0006,87.0013,87.0872,-0.0865,-0.0859,0.0007
3029,1002.2,355.5,86.9957,86.9963,87.0820,-0.0864,-0.0857,0.0007
3030,995.9,318.0,86.9907,86.9914,87.0773,-0.0866,-0.0859,0.0007
3031,1002.6,343.4,86.9858,86.9865,87.0725,-0.0867,-0.0860,0.0007
3032,997.7,328.3,86.9808,86.9815,87.0677,-0.0868,-0.0862,0.0007
3033,1001.5,333.1,86.9759,86.9766,87.0624,-0.0864,-0.0858,0.0007
3034,1000.1,335.6,86.9710,86.9717,87.0572,-0.0862,-0.0855,0.0007
3035,997.8,327.4,86.9661,86.9668,87.0519,-0.0858,-0.0851,0.0007
3036,1002.6,321.5,86.9612,86.9619,87.0465,-0.0854,-0.0847,0.0007
3037,997.4,326.4,86.9563,86.9569,87.0407,-0.0845,-0.0838,0.0007
3038,998.5,330.6,86.9514,86.9520,87.0353,-0.0840,-0.0833,0.0007
3039,1001.2,277.4,86.9465,86.9471,87.0298,-0.0834,-0.0827,0.0007
3040,1039.0,383.1,86.9416,86.9423,87.0244,-0.0828,-0.0821,0.0007
3041,970.0,367.8,86.9367,86.9374,87.0184,-0.0818,-0.0811,0.0007
3042,994.9,312.3,86.9318,86.9325,87.0129,-0.0811,-0.0804,0.0007
3043,1001.9,382.1,86.9269,86.9276,87.0072,-0.0803,-0.0796,0.0007
3044,982.1,334.5,86.9220,86.9227,87.0016,-0.0795,-0.0788,0.0007
3045,1017.9,355.6,86.9172,86.9179,86.9956,-0.0784,-0.0777,0.0007
3046,991.6,304.2,86.9123,86.9130,86.9902,-0.0779,-0.0772,0.0007
3047,1118.7,410.4,86.9074,86.9082,86.9850,-0.0776,-0.0769,0.0007
3048,894.9,392.9,86.9026,86.9033,86.9798,-0.0772,-0.0765,0.0007
3049,995.2,357.3,86.8977,86.8985,86.9742,-0.0765,-0.0758,0.0007
3050,997.2,328.0,86.8929,86.8936,86.9690,-0.0761,-0.0754,0.0007
3051,1001.4,331.6,86.8881,86.8888,86.9635,-0.0755,-0.0747,0.0007
3052,996.9,320.8,86.8832,86.8840,86.9580,-0.0748,-0.0740,0.0007
3053,1004.2,333.0,86.8784,86.8791,86.9519,-0.0735,-0.0728,0.0007
3054,995.1,337.0,86.8736,86.8743,86.9464,-0.0728,-0.0721,0.0007
3055,1000.0,330.1,86.8688,86.8695,86.9409,-0.0722,-0.0714,0.0007
3056,1001.2,287.3,86.8639,86.8647,86.9356,-0.0716,-0.0709,0.0007
3057,1029.2,385.6,86.8591,86.8599,86.9303,-0.0712,-0.0704,0.0007
3058,971.1,348.9,86.8543,86.8551,86.9246,-0.0702,-0.0695,0.0007
3059,997.2,282.0,86.8495,86.8503,86.9190,-0.0695,-0.0687,0.0007
3060,1032.6,360.3,86.8447,86.8455,86.9134,-0.0687,-0.0680,0.0007
3061,970.4,351.3,86.8399,86.8407,86.9066,-0.0667,-0.0659,0.0007
3062,996.7,338.8,86.8352,86.8359,86.9013,-0.0661,-0.0654,0.0008
3063,1000.0,330.9,86.8304,86.8311,86.8962,-0.0658,-0.0650,0.0008
3064,1003.1,337.2,86.8256,86.8264,86.8913,-0.0656,-0.0649,0.0008
3065,996.8,310.1,86.8208,86.8216,86.8860,-0.0651,-0.0644,0.0008
3066,1003.1,425.3,86.8161,86.8168,86.8811,-0.0650,-0.0643,0.0008
3067,1000.8,332.9,86.8113,86.8121,86.8762,-0.0649,-0.0641,0.0008
3068,998.5,276.5,86.8066,86.8073,86.8713,-0.0647,-0.0640,0.0008
3069,1011.4,365.5,86.8018,86.8026,86.8662,-0.0644,-0.0636,0.0008
3070,984.3,314.7,86.7971,86.7979,86.8617,-0.0646,-0.0638,0.0008
3071,1015.5,314.2,86.7924,86.7931,86.8574,-0.0650,-0.0642,0.0008
3072,984.6,258.2,86.7876,86.7884,86.8529,-0.0653,-0.0645,0.0008
3073,1032.8,402.4,86.7829,86.7837,86.8488,-0.0659,-0.0651,0.0008
3074,975.0,349.8,86.7782,86.7790,86.8447,-0.0665,-0.0658,0.0008
3075,998.0,349.2,86.7735,86.7742,86.8407,-0.0672,-0.0664,0.0008
3076,1000.3,356.8,86.7687,86.7695,86.8365,-0.0677,-0.0669,0.0008
3077,1000.0,363.2,86.7640,86.7648,86.8365,-0.0724,-0.0716,0.0008
3078,1004.1,341.0,86.7593,86.7601,86.8318,-0.0725,-0.0717,0.0008
3079,996.6,334.0,86.7546,86.7554,86.8275,-0.0728,-0.0720,0.0008
3080,995.8,313.2,86.7500,86.7508,86.8232,-0.0732,-0.0724,0.0008
3081,1001.3,327.5,86.7453,86.7461,86.8186,-0.0733,-0.0725,0.0008
3082,1001.0,350.7,86.7406,86.7414,86.8142,-0.0736,-0.0728,0.0008
3083,997.5,357.9,86.7359,86.7367,86.8098,-0.0739,-0.0731,0.0008
3084,999.7,340.4,86.7313,86.7321,86.8055,-0.0742,-0.0734,0.0008
3085,1001.6,321.8,86.7266,86.7274,86.8007,-0.0741,-0.0733,0.0008
3086,1001.4,272.6,86.7219,86.7227,86.7963,-0.0744,-0.0736,0.0008
3087,1028.7,361.6,86.7173,86.7181,86.7918,-0.0746,-0.0737,0.0008
3088,943.8,301.5,86.7126,86.7135,86.7873,-0.0747,-0.0739,0.0008
3089,1039.5,321.2,86.7080,86.7088,86.7824,-0.0744,-0.0736,0.0008
3090,982.2,232.5,86.7034,86.7042,86.7777,-0.0744,-0.0735,0.0008
3091,1033.9,370.4,86.6987,86.6995,86.7731,-0.0744,-0.0736,0.0008
3092,975.9,324.1,86.6941,86.6949,86.7686,-0.0745,-0.0736,0.0008
3093,1003.1,360.1,86.6895,86.6903,86.7637,-0.0742,-0.0734,0.0008
3094,994.1,339.9,86.6849,86.6857,86.7590,-0.0742,-0.0733,0.0008
3095,999.2,345.1,86.6803,86.6811,86.7543,-0.0740,-0.0732,0.0008
3096,1000.7,318.2,86.6756,86.6765,86.7494,-0.0738,-0.0729,0.0008
3097,1002.1,345.2,86.6710,86.6719,86.7440,-0.0730,-0.0722,0.0008
3098,997.6,319.7,86.6665,86.6673,86.7390,-0.0726,-0.0717,0.0008
3099,1000.6,359.7,86.6619,86.6627,86.7340,-0.0721,-0.0713,0.0008
3100,997.6,335.7,86.6573,86.6581,86.7291,-0.0718,-0.0710,0.0009
3101,999.5,290.9,86.6527,86.6536,86.7240,-0.0713,-0.0705,0.0009
3102,1027.9,408.3,86.6481,86.6490,86.7195,-0.0714,-0.0705,0.0009
3103,974.0,362.8,86.6436,86.6444,86.7149,-0.0714,-0.0705,0.0009
3104,997.0,290.7,86.6390,86.6399,86.7102,-0.0712,-0.0704,0.0009
3105,1028.5,388.8,86.6344,86.6353,86.7050,-0.0705,-0.0696,0.0009
3106,978.3,331.1,86.6299,86.6308,86.7000,-0.0701,-0.0692,0.0009
3107,993.1,261.0,86.6254,86.6262,86.6949,-0.0695,-0.0687,0.0009
3108,1030.9,399.0,86.6208,86.6217,86.6898,-0.0690,-0.0681,0.0009
3109,973.3,327.4,86.6163,86.6172,86.6845,-0.0682,-0.0673,0.0009
3110,996.6,271.6,86.6118,86.6126,86.6797,-0.0679,-0.0670,0.0009
3111,1031.0,393.7,86.6072,86.6081,86.6750,-0.0678,-0.0669,0.0009
3112,974.2,345.8,86.6027,86.6036,86.6703,-0.0676,-0.0667,0.0009
3113,997.3,359.3,86.5982,86.5991,86.6652,-0.0670,-0.0661,0.0009
3114,999.9,353.1,86.5937,86.5946,86.6603,-0.0666,-0.0657,0.0009
3115,1001.2,342.0,86.5892,86.5901,86.6553,-0.0661,-0.0652,0.0009
3116,997.2,290.1,86.5847,86.5856,86.6502,-0.0655,-0.0646,0.0009
3117,1029.1,425.6,86.5802,86.5811,86.6447,-0.0645,-0.0636,0.0009
3118,974.7,352.8,86.5757,86.5766,86.6396,-0.0639,-0.0630,0.0009
3119,995.1,289.4,86.5712,86.5721,86.6348,-0.0635,-0.0626,0.0009
3120,1000.2,327.7,86.5668,86.5677,86.6301,-0.0634,-0.0625,0.0009
3121,1007.3,311.6,86.5623,86.5632,86.6251,-0.0628,-0.0619,0.0009
3122,994.3,302.2,86.5578,86.5587,86.6204,-0.0625,-0.0616,0.0009
3123,987.8,305.8,86.5534,86.5543,86.6156,-0.0622,-0.0613,0.0009
3124,1038.5,394.4,86.5489,86.5498,86.6108,-0.0618,-0.0609,0.0009
3125,975.2,349.5,86.5445,86.5454,86.6058,-0.0613,-0.0604,0.0009
3126,995.8,297.1,86.5400,86.5410,86.6013,-0.0613,-0.0604,0.0009
3127,1028.6,380.9,86.5356,86.5365,86.5971,-0.0615,-0.0606,0.0009
3128,975.9,347.3,86.5312,86.5321,86.5930,-0.0618,-0.0609,0.0009
3129,995.5,279.3,86.5268,86.5277,86.5891,-0.0623,-0.0614,0.0009
3130,1031.2,389.5,86.5223,86.5233,86.5850,-0.0627,-0.0617,0.0009
3131,967.0,288.4,86.5179,86.5189,86.5811,-0.0632,-0.0623,0.0009
3132,1015.8,332.3,86.5135,86.5145,86.5773,-0.0637,-0.0628,0.0009
3133,981.9,289.5,86.5091,86.5101,86.5730,-0.0639,-0.0629,0.0009
3134,1017.1,351.5,86.5047,86.5057,86.5689,-0.0642,-0.0632,0.0009
3135,991.1,343.9,86.5003,86.5013,86.5648,-0.0645,-0.0635,0.0009
3136,1004.2,333.2,86.4960,86.4969,86.5608,-0.0648,-0.0639,0.0010
3137,997.2,316.0,86.4916,86.4925,86.5565,-0.0650,-0.0640,0.0010
3138,1002.5,349.4,86.4872,86.4882,86.5525,-0.0653,-0.0643,0.0010
3139,974.3,280.7,86.4828,86.4838,86.5486,-0.0658,-0.0648,0.0010
3140,1023.7,328.4,86.4785,86.4794,86.5446,-0.0661,-0.0652,0.0010
3141,995.2,325.6,86.4741,86.4751,86.5403,-0.0662,-0.0652,0.0010
3142,1003.7,312.5,86.4698,86.4707,86.5362,-0.0664,-0.0654,0.0010
3143,1002.0,329.7,86.4654,86.4664,86.5320,-0.0665,-0.0656,0.0010
3144,999.7,340.5,86.4611,86.4621,86.5278,-0.0667,-0.0658,0.0010
3145,992.9,322.2,86.4568,86.4577,86.5236,-0.0669,-0.0659,0.0010
3146,1005.8,293.5,86.4524,86.4534,86.5190,-0.0666,-0.0656,0.0010
3147,1023.7,370.4,86.4481,86.4491,86.5148,-0.0667,-0.0657,0.0010
3148,976.3,301.3,86.4438,86.4448,86.5106,-0.0668,-0.0658,0.0010
3149,1023.3,384.3,86.4395,86.4405,86.5066,-0.0671,-0.0661,0.0010
3150,974.8,339.2,86.4352,86.4362,86.5022,-0.0670,-0.0660,0.0010
3151,996.7,285.4,86.4309,86.4319,86.4982,-0.0673,-0.0664,0.0010
3152,1004.8,314.9,86.4266,86.4276,86.4941,-0.0675,-0.0666,0.0010
3153,994.9,288.8,86.4223,86.4233,86.4900,-0.0677,-0.0667,0.0010
3154,1013.4,333.3,86.4180,86.4190,86.4854,-0.0674,-0.0664,0.0010
3155,982.5,270.9,86.4137,86.4147,86.4812,-0.0675,-0.0665,0.0010
3156,1017.3,342.3,86.4095,86.4105,86.4771,-0.0676,-0.0666,0.0010
3157,982.5,270.3,86.4052,86.4062,86.4729,-0.0677,-0.0667,0.0010
3158,1017.3,337.4,86.4009,86.4020,86.4686,-0.0677,-0.0667,0.0010
3159,996.3,332.4,86.3967,86.3977,86.4648,-0.0681,-0.0671,0.0010
3160,995.6,323.2,86.3925,86.3935,86.4609,-0.0685,-0.0675,0.0010
3161,997.5,351.1,86.3882,86.3892,86.4570,-0.0688,-0.0678,0.0010
3162,1000.3,287.0,86.3840,86.3850,86.4528,-0.0688,-0.0678,0.0010
3163,1028.7,407.3,86.3797,86.3808,86.4486,-0.0688,-0.0678,0.0010
3164,973.9,361.8,86.3755,86.3766,86.4443,-0.0688,-0.0678,0.0010
3165,996.6,336.3,86.3713,86.3723,86.4399,-0.0686,-0.0676,0.0010
3166,998.4,291.7,86.3671,86.3681,86.4349,-0.0678,-0.0667,0.0010
3167,1028.5,404.3,86.3629,86.3639,86.4301,-0.0672,-0.0662,0.0010
3168,974.8,370.2,86.3587,86.3597,86.4255,-0.0668,-0.0658,0.0010
3169,996.8,322.9,86.3545,86.3555,86.4210,-0.0665,-0.0655,0.0010
3170,1002.7,369.2,86.3503,86.3514,86.4162,-0.0659,-0.0649,0.0010
3171,996.1,338.5,86.3461,86.3472,86.4117,-0.0655,-0.0645,0.0011
3172,1001.4,312.1,86.3420,86.3430,86.4071,-0.0651,-0.0641,0.0011
3173,1001.6,337.9,86.3378,86.3388,86.4023,-0.0645,-0.0634,0.0011
3174,994.2,323.0,86.3336,86.3347,86.3969,-0.0633,-0.0623,0.0011
3175,1010.6,325.1,86.3295,86.3305,86.3920,-0.0625,-0.0615,0.0011
3176,1001.5,360.4,86.3253,86.3264,86.3870,-0.0617,-0.0606,0.0011
3177,997.6,337.1,86.3212,86.3222,86.3819,-0.0607,-0.0597,0.0011
3178,997.7,297.9,86.3170,86.3181,86.3767,-0.0596,-0.0586,0.0011
3179,997.6,336.8,86.3129,86.3140,86.3721,-0.0592,-0.0581,0.0011
3180,1003.7,344.2,86.3088,86.3098,86.3676,-0.0588,-0.0577,0.0011
3181,995.8,294.4,86.3046,86.3057,86.3630,-0.0584,-0.0573,0.0011
3182,1030.6,380.8,86.3005,86.3016,86.3581,-0.0576,-0.0565,0.0011
3183,975.5,337.0,86.2964,86.2975,86.3535,-0.0570,-0.0560,0.0011
3184,995.0,277.7,86.2923,86.2934,86.3488,-0.0565,-0.0554,0.0011
3185,1028.7,376.9,86.2882,86.2893,86.3442,-0.0560,-0.0549,0.0011
3186,975.5,337.3,86.2841,86.2852,86.3394,-0.0553,-0.0542,0.0011
3187,995.4,265.6,86.2800,86.2811,86.3351,-0.0551,-0.0540,0.0011
3188,1027.0,389.0,86.2759,86.2771,86.3311,-0.0552,-0.0541,0.0011
3189,974.3,339.0,86.2719,86.2730,86.3272,-0.0554,-0.0543,0.0011
3190,997.0,268.2,86.2678,86.2689,86.3230,-0.0552,-0.0541,0.0011
3191,999.9,301.6,86.2637,86.2649,86.3190,-0.0553,-0.0541,0.0011
3192,1028.7,375.9,86.2597,86.2608,86.3150,-0.0553,-0.0542,0.0011
3193,976.4,371.7,86.2556,86.2568,86.3111,-0.0555,-0.0544,0.0011
3194,995.9,339.6,86.2516,86.2527,86.3067,-0.0551,-0.0540,0.0011
3195,996.8,339.7,86.2476,86.2487,86.3025,-0.0550,-0.0539,0.0011
3196,1002.4,320.1,86.2435,86.2446,86.2983,-0.0548,-0.0537,0.0011
3197,1014.0,321.2,86.2395,86.2406,86.2943,-0.0548,-0.0536,0.0011
3198,983.4,316.9,86.2355,86.2366,86.2901,-0.0546,-0.0535,0.0011
3199,1015.7,351.1,86.2315,86.2326,86.2864,-0.0549,-0.0538,0.0011
3200,992.8,356.5,86.2275,86.2286,86.2826,-0.0552,-0.0541,0.0011
3201,998.4,290.2,86.2234,86.2246,86.2789,-0.0555,-0.0544,0.0011
3202,1028.5,401.1,86.2195,86.2206,86.2749,-0.0555,-0.0543,0.0011
3203,973.1,372.2,86.2155,86.2166,86.2710,-0.0555,-0.0544,0.0011
3204,996.3,301.8,86.2115,86.2126,86.2670,-0.0555,-0.0544,0.0012
3205,1003.8,346.1,86.2075,86.2087,86.2630,-0.0555,-0.0544,0.0012
3206,996.1,335.7,86.2035,86.2047,86.2588,-0.0553,-0.0541,0.0012
3207,1004.3,352.2,86.1996,86.2007,86.2549,-0.0553,-0.0542,0.0012
3208,995.7,343.9,86.1956,86.1968,86.2511,-0.0555,-0.0543,0.0012
3209,999.7,294.2,86.1917,86.1928,86.2473,-0.0556,-0.0545,0.0012
3210,1026.8,396.3,86.1877,86.1889,86.2433,-0.0556,-0.0545,0.0012
3211,975.7,361.4,86.1838,86.1849,86.2396,-0.0559,-0.0547,0.0012
3212,999.2,299.0,86.1798,86.1810,86.2359,-0.0561,-0.0549,0.0012
3213,1026.2,414.9,86.1759,86.1771,86.2321,-0.0562,-0.0550,0.0012
3214,973.5,360.3,86.1720,86.1732,86.2279,-0.0559,-0.0548,0.0012
3215,998.5,345.8,86.1681,86.1692,86.2240,-0.0559,-0.0548,0.0012
3216,1002.3,273.0,86.1642,86.1653,86.2201,-0.0559,-0.0547,0.0012
3217,1010.1,338.9,86.1602,86.1614,86.2163,-0.0561,-0.0549,0.0012
3218,990.6,362.5,86.1564,86.1575,86.2126,-0.0563,-0.0551,0.0012
3219,999.5,337.4,86.1525,86.1537,86.2093,-0.0569,-0.0557,0.0012
3220,1001.9,351.7,86.1486,86.1498,86.2062,-0.0576,-0.0564,0.0012
3221,997.7,318.7,86.1447,86.1459,86.2030,-0.0583,-0.0571,0.0012
3222,998.5,322.9,86.1408,86.1420,86.1998,-0.0590,-0.0578,0.0012
3223,1002.0,291.8,86.1370,86.1382,86.1963,-0.0594,-0.0581,0.0012
3224,998.2,312.6,86.1331,86.1343,86.1930,-0.0599,-0.0587,0.0012
3225,998.6,331.5,86.1292,86.1305,86.1897,-0.0605,-0.0593,0.0012
3226,1000.1,314.4,86.1254,86.1266,86.1862,-0.0608,-0.0596,0.0012
3227,1001.9,310.9,86.1216,86.1228,86.1824,-0.0608,-0.0596,0.0012
3228,999.0,282.3,86.1177,86.1189,86.1786,-0.0609,-0.0597,0.0012
3229,998.6,284.2,86.1139,86.1151,86.1749,-0.0611,-0.0598,0.0012
3230,1001.7,344.4,86.1101,86.1113,86.1714,-0.0613,-0.0601,0.0012
3231,1000.6,317.7,86.1062,86.1075,86.1679,-0.0617,-0.0604,0.0012
3232,997.3,328.7,86.1024,86.1037,86.1642,-0.0617,-0.0605,0.0012
3233,998.8,323.2,86.0986,86.0999,86.1606,-0.0619,-0.0607,0.0012
3234,1001.8,317.7,86.0948,86.0961,86.1570,-0.0621,-0.0609,0.0012
3235,1000.2,292.8,86.0910,86.0923,86.1524,-0.0614,-0.0601,0.0012
3236,999.3,344.9,86.0873,86.0885,86.1487,-0.0615,-0.0602,0.0013
3237,1001.4,274.0,86.0835,86.0847,86.1449,-0.0614,-0.0602,0.0013
3238,1013.4,334.2,86.0797,86.0810,86.1409,-0.0612,-0.0599,0.0013
3239,979.6,294.0,86.0759,86.0772,86.1368,-0.0608,-0.0596,0.0013
3240,1018.5,308.0,86.0722,86.0734,86.1323,-0.0601,-0.0588,0.0013
3241,993.4,288.5,86.0684,86.0697,86.1281,-0.0597,-0.0584,0.0013
3242,1024.6,384.6,86.0647,86.0660,86.1240,-0.0594,-0.0581,0.0013
3243,977.1,315.6,86.0609,86.0622,86.1199,-0.0590,-0.0577,0.0013
3244,996.7,351.8,86.0572,86.0585,86.1155,-0.0583,-0.0570,0.0013
3245,998.9,352.1,86.0535,86.0548,86.1116,-0.0581,-0.0568,0.0013
3246,998.0,292.9,86.0498,86.0510,86.1075,-0.0577,-0.0564,0.0013
3247,1028.7,386.9,86.0460,86.0473,86.1035,-0.0574,-0.0562,0.0013
3248,975.2,350.4,86.0423,86.0436,86.0993,-0.0570,-0.0557,0.0013
3249,996.4,291.3,86.0386,86.0399,86.0954,-0.0567,-0.0554,0.0013
3250,1028.2,387.7,86.0349,86.0362,86.0914,-0.0565,-0.0552,0.0013
3251,976.3,315.8,86.0312,86.0325,86.0874,-0.0562,-0.0549,0.0013
3252,1000.0,286.9,86.0276,86.0289,86.0833,-0.0558,-0.0545,0.0013
3253,1022.8,398.0,86.0239,86.0252,86.0833,-0.0594,-0.0581,0.0013
3254,973.9,310.7,86.0202,86.0215,86.0797,-0.0595,-0.0581,0.0013
3255,1001.2,343.1,86.0165,86.0179,86.0762,-0.0597,-0.0584,0.0013
3256,995.8,308.5,86.0129,86.0142,86.0728,-0.0599,-0.0586,0.0013
3257,1029.0,363.9,86.0092,86.0106,86.0691,-0.0599,-0.0585,0.0013
3258,974.6,416.8,86.0056,86.0069,86.0655,-0.0599,-0.0586,0.0013
3259,994.4,266.1,86.0020,86.0033,86.0615,-0.0595,-0.0582,0.0013
3260,1015.4,322.6,85.9983,85.9996,86.0578,-0.0594,-0.0581,0.0013
3261,991.6,286.2,85.9947,85.9960,86.0541,-0.0594,-0.0580,0.0013
3262,997.6,364.2,85.9911,85.9924,86.0501,-0.0590,-0.0577,0.0013
3263,1000.1,370.0,85.9875,85.9888,86.0459,-0.0584,-0.0571,0.0013
3264,1002.4,367.2,85.9839,85.9852,86.0420,-0.0582,-0.0568,0.0013
3265,996.9,368.0,85.9803,85.9816,86.0381,-0.0578,-0.0565,0.0013
3266,1000.1,316.3,85.9767,85.9780,86.0342,-0.0575,-0.0561,0.0013
3267,999.7,318.5,85.9731,85.9744,86.0300,-0.0569,-0.0556,0.0014
3268,1000.0,353.2,85.9695,85.9708,86.0262,-0.0567,-0.0554,0.0014
3269,1000.7,373.3,85.9659,85.9673,86.0223,-0.0564,-0.0551,0.0014
3270,999.8,373.3,85.9624,85.9637,86.0184,-0.0560,-0.0547,0.0014
3271,999.6,338.9,85.9588,85.9602,86.0141,-0.0553,-0.0539,0.0014
3272,1001.4,335.0,85.9552,85.9566,86.0101,-0.0548,-0.0535,0.0014
3273,999.0,325.6,85.9517,85.9531,86.0060,-0.0543,-0.0530,0.0014
3274,998.1,308.4,85.9481,85.9495,86.0020,-0.0538,-0.0525,0.0014
3275,1000.1,310.1,85.9446,85.9460,85.9976,-0.0530,-0.0516,0.0014
3276,1000.4,266.2,85.9411,85.9425,85.9936,-0.0525,-0.0511,0.0014
3277,999.5,296.3,85.9376,85.9389,85.9898,-0.0522,-0.0508,0.0014
3278,1000.8,329.2,85.9340,85.9354,85.9861,-0.0520,-0.0506,0.0014
3279,999.2,300.5,85.9305,85.9319,85.9820,-0.0515,-0.0501,0.0014
3280,1003.4,321.2,85.9270,85.9284,85.9782,-0.0511,-0.0497,0.0014
3281,1001.9,280.5,85.9235,85.9249,85.9743,-0.0507,-0.0493,0.0014
3282,1029.3,401.9,85.9201,85.9215,85.9704,-0.0504,-0.0490,0.0014
3283,968.7,356.5,85.9166,85.9180,85.9665,-0.0499,-0.0485,0.0014
3284,1000.2,280.2,85.9131,85.9145,85.9629,-0.0498,-0.0484,0.0014
3285,1027.6,383.8,85.9096,85.9110,85.9593,-0.0496,-0.0482,0.0014
3286,976.0,333.1,85.9062,85.9076,85.9558,-0.0497,-0.0483,0.0014
3287,996.3,308.1,85.9027,85.9041,85.9522,-0.0495,-0.0481,0.0014
3288,1002.5,345.0,85.8993,85.9007,85.9490,-0.0497,-0.0483,0.0014
3289,997.0,289.3,85.8958,85.8972,85.9458,-0.0500,-0.0486,0.0014
3290,1027.5,398.2,85.8924,85.8938,85.9426,-0.0503,-0.0488,0.0014
3291,974.8,352.7,85.8889,85.8904,85.9393,-0.0503,-0.0489,0.0014
3292,998.2,321.7,85.8855,85.8870,85.9362,-0.0506,-0.0492,0.0014
3293,1001.7,290.6,85.8821,85.8835,85.9330,-0.0509,-0.0494,0.0014
3294,1025.6,394.4,85.8787,85.8801,85.9298,-0.0511,-0.0496,0.0014
3295,974.3,347.6,85.8753,85.8767,85.9262,-0.0509,-0.0494,0.0014
3296,996.7,288.6,85.8719,85.8733,85.9227,-0.0508,-0.0494,0.0014
3297,1026.5,395.8,85.8685,85.8700,85.9193,-0.0508,-0.0494,0.0014
3298,974.4,349.2,85.8651,85.8666,85.9159,-0.0508,-0.0494,0.0015
3299,998.7,287.4,85.8617,85.8632,85.9123,-0.0505,-0.0491,0.0015
3300,1027.5,393.6,85.8584,85.8598,85.9090,-0.0506,-0.0491,0.0015
3301,976.0,336.1,85.8550,85.8565,85.9059,-0.0509,-0.0494,0.0015
3302,999.5,257.5,85.8517,85.8531,85.9030,-0.0514,-0.0499,0.0015
3303,1008.1,354.8,85.8483,85.8498,85.8999,-0.0516,-0.0501,0.0015
3304,982.8,356.3,85.8450,85.8464,85.8969,-0.0519,-0.0505,0.0015
3305,1009.6,390.9,85.8416,85.8431,85.8939,-0.0522,-0.0508,0.0015
3306,1000.2,360.9,85.8383,85.8398,85.8906,-0.0523,-0.0508,0.0015
3307,1000.2,374.5,85.8350,85.8365,85.8867,-0.0517,-0.0503,0.0015
3308,1010.7,355.3,85.8317,85.8331,85.8830,-0.0514,-0.0499,0.0015
3309,993.7,292.0,85.8283,85.8298,85.8794,-0.0511,-0.0496,0.0015
3310,998.5,345.2,85.8250,85.8265,85.8761,-0.0511,-0.0496,0.0015
3311,994.5,280.6,85.8217,85.8232,85.8728,-0.0510,-0.0495,0.0015
3312,1000.0,265.8,85.8185,85.8200,85.8695,-0.0510,-0.0495,0.0015
3313,1027.8,388.6,85.8152,85.8167,85.8662,-0.0510,-0.0495,0.0015
3314,973.9,307.0,85.8119,85.8134,85.8628,-0.0509,-0.0494,0.0015
3315,1002.0,275.2,85.8086,85.8101,85.8595,-0.0509,-0.0494,0.0015
3316,1023.7,362.8,85.8054,85.8069,85.8559,-0.0506,-0.0490,0.0015
3317,973.5,259.7,85.8021,85.8036,85.8527,-0.0505,-0.0490,0.0015
3318,1024.2,397.7,85.7989,85.8004,85.8493,-0.0504,-0.0489,0.0015
3319,974.3,348.1,85.7956,85.7971,85.8457,-0.0501,-0.0486,0.0015
3320,998.8,354.0,85.7924,85.7939,85.8419,-0.0495,-0.0480,0.0015
3321,999.6,329.8,85.7892,85.7907,85.8383,-0.0491,-0.0476,0.0015
3322,1000.1,358.4,85.7859,85.7875,85.8346,-0.0486,-0.0471,0.0015
3323,1003.5,345.0,85.7827,85.7843,85.8310,-0.0483,-0.0468,0.0015
3324,998.0,292.4,85.7795,85.7810,85.8274,-0.0479,-0.0464,0.0015
3325,1012.4,344.0,85.7763,85.7778,85.8243,-0.0480,-0.0465,0.0015
3326,997.6,386.8,85.7731,85.7747,85.8213,-0.0482,-0.0467,0.0015
3327,1000.3,354.6,85.7699,85.7715,85.8183,-0.0483,-0.0468,0.0015
3328,991.5,297.6,85.7667,85.7683,85.8148,-0.0481,-0.0465,0.0016
3329,1015.3,356.0,85.7636,85.7651,85.8117,-0.0481,-0.0465,0.0016
3330,987.7,319.6,85.7604,85.7620,85.8086,-0.0482,-0.0466,0.0016
3331,997.6,306.4,85.7572,85.7588,85.8054,-0.0482,-0.0466,0.0016
3332,996.9,302.1,85.7541,85.7557,85.8019,-0.0478,-0.0463,0.0016
3333,1003.5,302.5,85.7509,85.7525,85.7985,-0.0475,-0.0460,0.0016
3334,999.8,307.1,85.7478,85.7494,85.7950,-0.0472,-0.0457,0.0016
3335,1000.3,292.1,85.7447,85.7462,85.7917,-0.0470,-0.0454,0.0016
3336,1025.3,398.3,85.7415,85.7431,85.7882,-0.0466,-0.0451,0.0016
3337,974.0,306.0,85.7384,85.7400,85.7849,-0.0465,-0.0449,0.0016
3338,1003.5,268.0,85.7353,85.7369,85.7817,-0.0464,-0.0448,0.0016
3339,1022.6,1164.4,85.7322,85.7338,85.7784,-0.0462,-0.0446,0.0016
3340,1172.2,383.9,85.7291,85.7307,85.7749,-0.0458,-0.0442,0.0016
3341,766.5,295.0,85.7260,85.7276,85.7715,-0.0455,-0.0439,0.0016
3342,1060.1,360.7,85.7229,85.7245,85.7682,-0.0453,-0.0437,0.0016
3343,973.3,302.6,85.7198,85.7214,85.7648,-0.0450,-0.0434,0.0016
3344,1002.1,312.2,85.7168,85.7184,85.7612,-0.0444,-0.0428,0.0016
3345,1001.9,315.7,85.7137,85.7153,85.7577,-0.0440,-0.0424,0.0016
3346,1003.3,275.4,85.7106,85.7123,85.7542,-0.0436,-0.0419,0.0016
3347,1022.3,361.4,85.7076,85.7092,85.7508,-0.0432,-0.0416,0.0016
3348,971.6,276.0,85.7046,85.7062,85.7471,-0.0425,-0.0409,0.0016
3349,1027.8,357.9,85.7015,85.7031,85.7436,-0.0421,-0.0405,0.0016
3350,973.5,313.8,85.6985,85.7001,85.7403,-0.0418,-0.0402,0.0016
3351,1005.6,260.6,85.6955,85.6971,85.7370,-0.0416,-0.0400,0.0016
3352,1020.9,353.0,85.6924,85.6941,85.7339,-0.0414,-0.0398,0.0016
3353,974.4,279.0,85.6894,85.6911,85.7305,-0.0411,-0.0394,0.0016
3354,1025.3,365.5,85.6864,85.6881,85.7272,-0.0408,-0.0392,0.0016
3355,976.8,341.3,85.6834,85.6851,85.7239,-0.0404,-0.0388,0.0016
3356,993.6,283.3,85.6804,85.6821,85.7201,-0.0397,-0.0380,0.0016
3357,1028.2,378.7,85.6775,85.6791,85.7168,-0.0393,-0.0376,0.0017
3358,973.7,306.4,85.6745,85.6761,85.7133,-0.0388,-0.0372,0.0017
3359,1005.4,288.4,85.6715,85.6732,85.7098,-0.0383,-0.0367,0.0017
3360,1021.1,348.4,85.6686,85.6702,85.7064,-0.0379,-0.0362,0.0017
3361,971.9,301.2,85.6656,85.6673,85.7030,-0.0374,-0.0357,0.0017
3362,999.8,299.5,85.6627,85.6643,85.7002,-0.0375,-0.0359,0.0017
3363,1026.1,371.3,85.6597,85.6614,85.6978,-0.0381,-0.0364,0.0017
3364,974.7,280.8,85.6568,85.6585,85.6954,-0.0386,-0.0369,0.0017
3365,1000.4,281.2,85.6539,85.6555,85.6932,-0.0393,-0.0376,0.0017
3366,1025.0,374.8,85.6509,85.6526,85.6908,-0.0399,-0.0382,0.0017
3367,975.5,281.5,85.6480,85.6497,85.6883,-0.0402,-0.0385,0.0017
3368,1028.3,386.4,85.6451,85.6468,85.6854,-0.0402,-0.0386,0.0017
3369,972.1,320.7,85.6422,85.6439,85.6825,-0.0403,-0.0386,0.0017
3370,1003.5,348.4,85.6393,85.6410,85.6796,-0.0403,-0.0386,0.0017
3371,996.7,308.0,85.6365,85.6382,85.6768,-0.0403,-0.0386,0.0017
3372,1004.9,315.4,85.6336,85.6353,85.6738,-0.0402,-0.0385,0.0017
3373,999.8,318.4,85.6307,85.6324,85.6710,-0.0403,-0.0386,0.0017
3374,997.1,291.4,85.6278,85.6296,85.6682,-0.0403,-0.0386,0.0017
3375,1024.9,354.7,85.6250,85.6267,85.6654,-0.0404,-0.0387,0.0017
3376,973.5,276.8,85.6221,85.6239,85.6626,-0.0405,-0.0388,0.0017
3377,1026.0,366.5,85.6193,85.6210,85.6596,-0.0404,-0.0386,0.0017
3378,973.7,277.6,85.6165,85.6182,85.6569,-0.0405,-0.0387,0.0017
3379,1026.4,369.3,85.6136,85.6154,85.6541,-0.0405,-0.0388,0.0017
3380,973.5,281.2,85.6108,85.6125,85.6514,-0.0406,-0.0389,0.0017
3381,1026.0,393.2,85.6080,85.6097,85.6485,-0.0405,-0.0387,0.0017
3382,971.0,275.7,85.6052,85.6069,85.6458,-0.0406,-0.0388,0.0017
3383,1001.7,292.1,85.6024,85.6041,85.6430,-0.0406,-0.0388,0.0017
3384,1025.2,366.8,85.5996,85.6013,85.6401,-0.0405,-0.0388,0.0017
3385,974.6,257.6,85.5968,85.5986,85.6370,-0.0402,-0.0385,0.0018
3386,1025.0,374.4,85.5940,85.5958,85.6341,-0.0401,-0.0384,0.0018
3387,974.8,281.1,85.5913,85.5930,85.6313,-0.0400,-0.0383,0.0018
3388,1027.5,389.0,85.5885,85.5903,85.6285,-0.0400,-0.0382,0.0018
3389,974.2,291.2,85.5857,85.5875,85.6255,-0.0397,-0.0380,0.0018
3390,1027.9,357.8,85.5830,85.5848,85.6227,-0.0398,-0.0380,0.0018
3391,971.8,286.6,85.5802,85.5820,85.6200,-0.0398,-0.0380,0.0018
3392,1028.0,364.6,85.5775,85.5793,85.6175,-0.0400,-0.0382,0.0018
3393,974.4,285.2,85.5748,85.5766,85.6147,-0.0399,-0.0382,0.0018
3394,1026.1,425.7,85.5721,85.5738,85.6122,-0.0401,-0.0383,0.0018
3395,973.8,331.5,85.5693,85.5711,85.6097,-0.0403,-0.0385,0.0018
3396,998.0,297.9,85.5666,85.5684,85.6073,-0.0406,-0.0388,0.0018
3397,1028.0,380.9,85.5639,85.5657,85.6047,-0.0408,-0.0390,0.0018
3398,974.0,285.8,85.5612,85.5630,85.6022,-0.0410,-0.0392,0.0018
3399,1025.7,377.6,85.5586,85.5604,85.5999,-0.0413,-0.0395,0.0018
3400,974.0,262.1,85.5559,85.5577,85.5974,-0.0415,-0.0397,0.0018
3401,1026.1,369.9,85.5532,85.5550,85.5947,-0.0415,-0.0397,0.0018
3402,973.9,273.6,85.5505,85.5524,85.5923,-0.0417,-0.0399,0.0018
3403,999.6,344.5,85.5479,85.5497,85.5898,-0.0419,-0.0401,0.0018
3404,997.5,299.4,85.5452,85.5471,85.5873,-0.0420,-0.0402,0.0018
3405,1004.2,277.0,85.5426,85.5444,85.5842,-0.0416,-0.0398,0.0018
3406,1000.4,287.4,85.5400,85.5418,85.5818,-0.0419,-0.0400,0.0018
3407,996.2,283.7,85.5373,85.5392,85.5795,-0.0422,-0.0404,0.0018
3408,999.3,284.6,85.5347,85.5365,85.5773,-0.0426,-0.0407,0.0018
3409,999.6,304.3,85.5321,85.5339,85.5749,-0.0428,-0.0410,0.0018
3410,999.7,309.7,85.5295,85.5313,85.5727,-0.0432,-0.0413,0.0018
3411,1000.1,315.0,85.5269,85.5287,85.5704,-0.0435,-0.0416,0.0018
3412,1001.7,297.2,85.5243,85.5261,85.5680,-0.0437,-0.0419,0.0018
3413,1000.3,330.6,85.5217,85.5236,85.5656,-0.0439,-0.0420,0.0019
3414,1000.4,314.4,85.5191,85.5210,85.5632,-0.0441,-0.0422,0.0019
3415,999.7,287.6,85.5166,85.5184,85.5609,-0.0443,-0.0425,0.0019
3416,998.2,318.9,85.5140,85.5159,85.5586,-0.0447,-0.0428,0.0019
3417,998.3,292.8,85.5114,85.5133,85.5562,-0.0448,-0.0429,0.0019
3418,999.7,278.5,85.5089,85.5108,85.5537,-0.0448,-0.0429,0.0019
3419,1000.5,344.5,85.5063,85.5082,85.5511,-0.0448,-0.0429,0.0019
3420,999.9,323.5,85.5038,85.5057,85.5485,-0.0446,-0.0428,0.0019
3421,1000.0,325.9,85.5013,85.5032,85.5455,-0.0442,-0.0423,0.0019
3422,1000.2,304.4,85.4988,85.5006,85.5426,-0.0439,-0.0420,0.0019
3423,1001.1,287.7,85.4962,85.4981,85.5398,-0.0435,-0.0417,0.0019
3424,1003.5,298.2,85.4937,85.4956,85.5371,-0.0433,-0.0414,0.0019
3425,996.8,300.2,85.4912,85.4931,85.5344,-0.0431,-0.0413,0.0019
3426,996.8,314.6,85.4888,85.4907,85.5344,-0.0456,-0.0437,0.0019
3427,999.9,302.4,85.4863,85.4882,85.5314,-0.0452,-0.0433,0.0019
3428,999.9,308.7,85.4838,85.4857,85.5286,-0.0448,-0.0429,0.0019
3429,1046.3,385.2,85.4813,85.4832,85.5258,-0.0445,-0.0426,0.0019
3430,956.7,274.5,85.4789,85.4808,85.5229,-0.0441,-0.0422,0.0019
3431,1027.2,390.8,85.4764,85.4783,85.5198,-0.0434,-0.0415,0.0019
3432,972.8,269.1,85.4740,85.4759,85.5171,-0.0431,-0.0412,0.0019
3433,1028.2,384.5,85.4715,85.4734,85.5142,-0.0427,-0.0407,0.0019
3434,972.0,288.2,85.4691,85.4710,85.5112,-0.0421,-0.0402,0.0019
3435,1028.4,378.2,85.4667,85.4686,85.5079,-0.0413,-0.0393,0.0019
3436,973.6,291.3,85.4642,85.4662,85.5049,-0.0407,-0.0387,0.0019
3437,1025.2,364.4,85.4618,85.4638,85.5019,-0.0401,-0.0381,0.0019
3438,975.0,257.2,85.4594,85.4614,85.4989,-0.0395,-0.0375,0.0019
3439,1025.0,383.5,85.4570,85.4590,85.4957,-0.0387,-0.0367,0.0019
3440,974.7,301.5,85.4546,85.4566,85.4927,-0.0381,-0.0361,0.0019
3441,1025.5,376.9,85.4522,85.4542,85.4898,-0.0375,-0.0356,0.0020
3442,974.2,270.7,85.4499,85.4518,85.4866,-0.0368,-0.0348,0.0020
3443,1026.5,384.9,85.4475,85.4495,85.4839,-0.0364,-0.0344,0.0020
3444,975.2,346.8,85.4451,85.4471,85.4812,-0.0360,-0.0341,0.0020
3445,997.0,344.5,85.4428,85.4448,85.4785,-0.0357,-0.0338,0.0020
3446,998.9,357.2,85.4404,85.4424,85.4757,-0.0353,-0.0333,0.0020
3447,997.8,340.4,85.4381,85.4401,85.4731,-0.0350,-0.0330,0.0020
3448,999.7,315.5,85.4358,85.4378,85.4704,-0.0346,-0.0326,0.0020
3449,1005.5,328.1,85.4335,85.4354,85.4675,-0.0341,-0.0321,0.0020
3450,994.6,289.6,85.4311,85.4331,85.4646,-0.0334,-0.0314,0.0020
3451,1001.4,279.3,85.4288,85.4308,85.4618,-0.0330,-0.0310,0.0020
3452,1028.6,366.5,85.4265,85.4285,85.4591,-0.0325,-0.0306,0.0020
3453,974.7,268.3,85.4242,85.4262,85.4565,-0.0322,-0.0302,0.0020
3454,1026.3,361.1,85.4219,85.4239,85.4539,-0.0319,-0.0299,0.0020
3455,972.5,285.3,85.4197,85.4217,85.4511,-0.0314,-0.0294,0.0020
3456,1027.6,389.8,85.4174,85.4194,85.4485,-0.0312,-0.0292,0.0020
3457,974.7,323.3,85.4151,85.4171,85.4461,-0.0310,-0.0290,0.0020
3458,1004.5,281.9,85.4129,85.4149,85.4435,-0.0307,-0.0287,0.0020
3459,1020.2,372.0,85.4106,85.4126,85.4412,-0.0306,-0.0286,0.0020
3460,975.0,319.5,85.4084,85.4104,85.4388,-0.0305,-0.0284,0.0020
3461,997.9,287.5,85.4061,85.4082,85.4366,-0.0305,-0.0284,0.0020
3462,1027.4,365.3,85.4039,85.4059,85.4342,-0.0303,-0.0283,0.0020
3463,975.4,281.0,85.4017,85.4037,85.4319,-0.0302,-0.0281,0.0020
3464,1024.5,344.5,85.3995,85.4015,85.4295,-0.0301,-0.0280,0.0020
3465,977.3,302.6,85.3973,85.3993,85.4271,-0.0299,-0.0278,0.0020
3466,998.7,308.8,85.3951,85.3971,85.4245,-0.0294,-0.0273,0.0020
3467,998.6,293.2,85.3929,85.3949,85.4219,-0.0290,-0.0270,0.0020
3468,1025.9,396.1,85.3907,85.3927,85.4194,-0.0287,-0.0266,0.0021
3469,972.6,357.4,85.3885,85.3906,85.4169,-0.0284,-0.0263,0.0021
3470,997.7,359.9,85.3863,85.3884,85.4143,-0.0279,-0.0259,0.0021
3471,999.3,366.8,85.3842,85.3862,85.4119,-0.0277,-0.0256,0.0021
3472,1002.6,337.4,85.3820,85.3841,85.4095,-0.0275,-0.0254,0.0021
3473,1010.2,3091.8,85.3799,85.3820,85.4072,-0.0273,-0.0253,0.0021
3474,3099.2,482.3,85.3777,85.3798,85.4009,-0.0232,-0.0211,0.0021
3475,487.5,371.7,85.3756,85.3777,85.3988,-0.0232,-0.0211,0.0021
3476,376.5,452.3,85.3735,85.3756,85.3988,-0.0253,-0.0233,0.0021
3477,457.7,295.6,85.3714,85.3735,85.3966,-0.0252,-0.0231,0.0021
3478,571.7,312.2,85.3693,85.3714,85.3966,-0.0273,-0.0252,0.0021
3479,990.4,260.3,85.3672,85.3693,85.3946,-0.0274,-0.0253,0.0021
3480,1016.8,285.1,85.3651,85.3672,85.3926,-0.0275,-0.0254,0.0021
3481,983.6,309.3,85.3630,85.3651,85.3906,-0.0276,-0.0255,0.0021
3482,999.1,281.7,85.3609,85.3630,85.3885,-0.0276,-0.0255,0.0021
3483,1006.9,312.3,85.3588,85.3609,85.3864,-0.0275,-0.0254,0.0021
3484,1003.0,321.5,85.3568,85.3589,85.3841,-0.0273,-0.0252,0.0021
3485,1004.6,278.9,85.3547,85.3568,85.3818,-0.0271,-0.0250,0.0021
3486,1021.1,368.5,85.3527,85.3548,85.3791,-0.0265,-0.0243,0.0021
3487,974.3,325.3,85.3506,85.3527,85.3767,-0.0260,-0.0239,0.0021
3488,1001.8,299.9,85.3486,85.3507,85.3742,-0.0256,-0.0235,0.0021
3489,1023.6,373.8,85.3465,85.3487,85.3718,-0.0253,-0.0231,0.0021
3490,973.4,277.4,85.3445,85.3467,85.3693,-0.0248,-0.0226,0.0021
3491,1024.0,381.7,85.3425,85.3447,85.3672,-0.0247,-0.0226,0.0021
3492,974.4,279.6,85.3405,85.3426,85.3653,-0.0248,-0.0226,0.0021
3493,1025.3,366.6,85.3385,85.3407,85.3634,-0.0249,-0.0228,0.0021
3494,975.7,305.7,85.3365,85.3387,85.3614,-0.0249,-0.0228,0.0021
3495,1003.0,345.4,85.3345,85.3367,85.3596,-0.0251,-0.0230,0.0022
3496,996.1,290.1,85.3326,85.3347,85.3578,-0.0253,-0.0231,0.0022
3497,1027.7,401.7,85.3306,85.3328,85.3559,-0.0253,-0.0232,0.0022
3498,973.4,295.9,85.3286,85.3308,85.3538,-0.0252,-0.0230,0.0022
3499,1028.6,364.1,85.3267,85.3288,85.3518,-0.0251,-0.0230,0.0022
3500,974.5,277.7,85.3247,85.3269,85.3499,-0.0252,-0.0230,0.0022
3501,1025.6,382.2,85.3228,85.3250,85.3479,-0.0251,-0.0230,0.0022
3502,973.8,290.2,85.3209,85.3230,85.3459,-0.0250,-0.0229,0.0022
3503,1026.0,382.0,85.3189,85.3211,85.3440,-0.0251,-0.0229,0.0022
3504,985.1,350.5,85.3170,85.3192,85.3421,-0.0251,-0.0229,0.0022
3505,989.8,285.4,85.3151,85.3173,85.3404,-0.0252,-0.0230,0.0022
3506,998.6,328.3,85.3132,85.3154,85.3384,-0.0252,-0.0230,0.0022
3507,1013.1,378.8,85.3113,85.3135,85.3367,-0.0254,-0.0232,0.0022
3508,984.3,286.9,85.3094,85.3116,85.3349,-0.0255,-0.0233,0.0022
3509,988.9,276.9,85.3076,85.3098,85.3331,-0.0255,-0.0233,0.0022
3510,1039.8,383.7,85.3057,85.3079,85.3313,-0.0256,-0.0234,0.0022
3511,973.2,329.1,85.3038,85.3060,85.3295,-0.0257,-0.0235,0.0022
3512,998.2,308.5,85.3020,85.3042,85.3279,-0.0259,-0.0237,0.0022
3513,1001.3,301.5,85.3001,85.3023,85.3263,-0.0262,-0.0240,0.0022
3514,998.2,326.9,85.2983,85.3005,85.3249,-0.0266,-0.0244,0.0022
3515,998.8,307.3,85.2965,85.2987,85.3235,-0.0270,-0.0248,0.0022
3516,1010.4,301.7,85.2946,85.2969,85.3221,-0.0275,-0.0253,0.0022
3517,984.3,282.6,85.2928,85.2951,85.3208,-0.0280,-0.0257,0.0022
3518,1034.3,408.7,85.2910,85.2932,85.3194,-0.0284,-0.0261,0.0022
3519,973.4,335.3,85.2892,85.2914,85.3179,-0.0287,-0.0265,0.0022
3520,1001.6,317.6,85.2874,85.2897,85.3165,-0.0291,-0.0268,0.0022
3521,1002.4,299.7,85.2856,85.2879,85.3152,-0.0295,-0.0273,0.0023
3522,1000.8,297.4,85.2838,85.2861,85.3139,-0.0300,-0.0278,0.0023
3523,1018.8,396.1,85.2821,85.2843,85.3125,-0.0304,-0.0282,0.0023
3524,972.7,314.1,85.2803,85.2826,85.3111,-0.0308,-0.0285,0.0023
3525,1007.3,277.8,85.2785,85.2808,85.3096,-0.0311,-0.0288,0.0023
3526,996.3,269.6,85.2768,85.2791,85.3082,-0.0314,-0.0291,0.0023
3527,1027.4,370.1,85.2751,85.2773,85.3067,-0.0317,-0.0294,0.0023
3528,973.7,291.2,85.2733,85.2756,85.3051,-0.0318,-0.0295,0.0023
3529,1025.4,368.4,85.2716,85.2739,85.3033,-0.0317,-0.0294,0.0023
3530,975.5,259.5,85.2699,85.2722,85.3016,-0.0317,-0.0294,0.0023
3531,1024.7,360.1,85.2682,85.2705,85.2999,-0.0317,-0.0294,0.0023
3532,974.3,280.1,85.2665,85.2688,85.2981,-0.0316,-0.0294,0.0023
3533,1025.5,410.7,85.2648,85.2671,85.2964,-0.0316,-0.0294,0.0023
3534,972.3,279.5,85.2631,85.2654,85.2948,-0.0318,-0.0295,0.0023
3535,1025.1,369.5,85.2614,85.2637,85.2932,-0.0318,-0.0295,0.0023
3536,976.0,313.5,85.2597,85.2620,85.2916,-0.0318,-0.0295,0.0023
3537,1001.2,295.9,85.2581,85.2604,85.2899,-0.0319,-0.0296,0.0023
3538,1024.7,387.4,85.2564,85.2587,85.2882,-0.0318,-0.0295,0.0023
3539,974.0,288.8,85.2548,85.2571,85.2864,-0.0317,-0.0294,0.0023
3540,1025.8,352.1,85.2531,85.2554,85.2845,-0.0314,-0.0291,0.0023
3541,974.2,269.0,85.2515,85.2538,85.2828,-0.0313,-0.0290,0.0023
3542,1012.9,370.8,85.2498,85.2522,85.2809,-0.0311,-0.0288,0.0023
3543,1006.0,381.3,85.2482,85.2506,85.2791,-0.0309,-0.0286,0.0023
3544,973.3,330.0,85.2466,85.2490,85.2772,-0.0306,-0.0283,0.0023
3545,1009.9,372.2,85.2450,85.2474,85.2755,-0.0305,-0.0281,0.0023
3546,1012.2,316.7,85.2434,85.2458,85.2737,-0.0303,-0.0280,0.0023
3547,985.6,281.9,85.2418,85.2442,85.2720,-0.0302,-0.0278,0.0023
3548,1027.1,373.3,85.2402,85.2426,85.2701,-0.0299,-0.0276,0.0024
3549,974.3,276.4,85.2387,85.2410,85.2683,-0.0297,-0.0273,0.0024
3550,997.1,282.5,85.2371,85.2395,85.2665,-0.0294,-0.0271,0.0024
3551,1029.1,395.9,85.2355,85.2379,85.2647,-0.0292,-0.0268,0.0024
3552,973.8,273.7,85.2340,85.2364,85.2628,-0.0288,-0.0264,0.0024
3553,1025.6,370.3,85.2324,85.2348,85.2609,-0.0285,-0.0261,0.0024
3554,974.0,321.7,85.2309,85.2333,85.2591,-0.0282,-0.0258,0.0024
3555,996.9,305.1,85.2294,85.2318,85.2571,-0.0277,-0.0254,0.0024
3556,1002.7,319.6,85.2279,85.2302,85.2550,-0.0271,-0.0247,0.0024
3557,1011.0,295.6,85.2264,85.2287,85.2530,-0.0266,-0.0242,0.0024
3558,992.1,288.1,85.2248,85.2272,85.2510,-0.0261,-0.0237,0.0024
3559,1022.5,380.5,85.2233,85.2257,85.2491,-0.0257,-0.0233,0.0024
3560,973.8,283.6,85.2219,85.2243,85.2469,-0.0250,-0.0226,0.0024
3561,1026.5,370.2,85.2204,85.2228,85.2450,-0.0246,-0.0222,0.0024
3562,973.7,281.3,85.2189,85.2213,85.2430,-0.0241,-0.0217,0.0024
3563,1028.2,389.1,85.2174,85.2198,85.2411,-0.0237,-0.0213,0.0024
3564,971.9,295.3,85.2160,85.2184,85.2391,-0.0232,-0.0207,0.0024
3565,1002.2,285.8,85.2145,85.2169,85.2373,-0.0228,-0.0204,0.0024
3566,1002.4,313.4,85.2131,85.2155,85.2356,-0.0226,-0.0201,0.0024
3567,998.3,294.5,85.2116,85.2141,85.2338,-0.0222,-0.0198,0.0024
3568,1004.5,290.7,85.2102,85.2126,85.2319,-0.0217,-0.0193,0.0024
3569,995.1,373.1,85.2088,85.2112,85.2300,-0.0212,-0.0188,0.0024
3570,996.5,345.0,85.2074,85.2098,85.2282,-0.0208,-0.0184,0.0024
3571,1000.4,327.9,85.2060,85.2084,85.2263,-0.0203,-0.0179,0.0024
3572,1001.3,275.7,85.2046,85.2070,85.2243,-0.0197,-0.0173,0.0024
3573,1025.6,378.4,85.2032,85.2056,85.2226,-0.0194,-0.0169,0.0024
3574,973.4,318.0,85.2018,85.2043,85.2209,-0.0191,-0.0166,0.0025
3575,1000.9,326.4,85.2004,85.2029,85.2192,-0.0188,-0.0163,0.0025
3576,999.7,325.4,85.1991,85.2015,85.2173,-0.0183,-0.0158,0.0025
3577,1001.3,277.4,85.1977,85.2002,85.2155,-0.0178,-0.0154,0.0025
3578,1022.1,401.2,85.1964,85.1988,85.2139,-0.0175,-0.0151,0.0025
3579,978.8,333.9,85.1950,85.1975,85.2123,-0.0173,-0.0148,0.0025
3580,991.5,255.5,85.1937,85.1962,85.2103,-0.0166,-0.0142,0.0025
3581,1003.2,288.7,85.1923,85.1948,85.2087,-0.0163,-0.0138,0.0025
3582,1027.7,384.5,85.1910,85.1935,85.2071,-0.0161,-0.0136,0.0025
3583,973.9,303.5,85.1897,85.1922,85.2056,-0.0159,-0.0134,0.0025
3584,999.7,307.6,85.1884,85.1909,85.2041,-0.0157,-0.0132,0.0025
3585,1006.6,299.5,85.1871,85.1896,85.2027,-0.0156,-0.0131,0.0025
3586,1001.5,303.9,85.1858,85.1883,85.2014,-0.0156,-0.0131,0.0025
3587,995.7,291.6,85.1845,85.1870,85.2004,-0.0158,-0.0133,0.0025
3588,1024.9,350.2,85.1833,85.1858,85.1992,-0.0160,-0.0135,0.0025
3589,975.1,284.9,85.1820,85.1845,85.1981,-0.0161,-0.0136,0.0025
3590,1024.6,365.0,85.1807,85.1833,85.1971,-0.0163,-0.0138,0.0025
3591,976.2,318.4,85.1795,85.1820,85.1957,-0.0163,-0.0137,0.0025
3592,998.1,293.2,85.1782,85.1808,85.1943,-0.0161,-0.0136,0.0025
3593,1025.2,389.4,85.1770,85.1795,85.1930,-0.0160,-0.0135,0.0025
3594,973.0,327.4,85.1758,85.1783,85.1917,-0.0159,-0.0133,0.0025
3595,1000.6,329.9,85.1746,85.1771,85.1904,-0.0158,-0.0133,0.0025
3596,1003.2,351.0,85.1734,85.1759,85.1889,-0.0156,-0.0130,0.0025
3597,994.2,339.9,85.1721,85.1747,85.1877,-0.0155,-0.0130,0.0025
3598,997.9,335.3,85.1710,85.1735,85.1865,-0.0155,-0.0130,0.0025
3599,1000.0,321.7,85.1698,85.1723,85.1853,-0.0155,-0.0130,0.0025
3600,1003.4,304.6,85.1686,85.1711,85.1853,-0.0167,-0.0141,0.0026
3601,1009.1,319.8,85.1674,85.1700,85.1840,-0.0166,-0.0140,0.0026
3602,984.0,295.8,85.1662,85.1688,85.1828,-0.0166,-0.0140,0.0026
3603,1031.5,400.5,85.1651,85.1676,85.1816,-0.0165,-0.0139,0.0026
3604,976.3,324.8,85.1639,85.1665,85.1803,-0.0163,-0.0138,0.0026
3605,1000.1,286.3,85.1628,85.1654,85.1788,-0.0161,-0.0135,0.0026
3606,1027.6,393.2,85.1617,85.1642,85.1774,-0.0157,-0.0132,0.0026
3607,984.5,312.8,85.1605,85.1631,85.1760,-0.0154,-0.0129,0.0026
3608,988.0,311.6,85.1594,85.1620,85.1744,-0.0150,-0.0124,0.0026
3609,1003.3,298.3,85.1583,85.1609,85.1729,-0.0146,-0.0120,0.0026
3610,1023.7,416.4,85.1572,85.1598,85.1716,-0.0144,-0.0118,0.0026
3611,974.3,314.3,85.1561,85.1587,85.1701,-0.0140,-0.0114,0.0026
3612,999.0,273.1,85.1550,85.1576,85.1687,-0.0137,-0.0111,0.0026
3613,1026.4,405.0,85.1539,85.1565,85.1671,-0.0131,-0.0105,0.0026
3614,974.7,272.3,85.1529,85.1555,85.1656,-0.0127,-0.0101,0.0026
3615,1024.7,397.5,85.1518,85.1544,85.1642,-0.0125,-0.0098,0.0026
3616,974.8,313.4,85.1507,85.1534,85.1630,-0.0123,-0.0097,0.0026
3617,999.7,311.0,85.1497,85.1523,85.1618,-0.0122,-0.0095,0.0026
3618,1001.7,287.1,85.1486,85.1513,85.1606,-0.0120,-0.0094,0.0026
3619,1024.4,427.9,85.1476,85.1502,85.1594,-0.0118,-0.0092,0.0026
3620,972.3,302.7,85.1466,85.1492,85.1582,-0.0117,-0.0090,0.0026
3621,1025.2,424.2,85.1456,85.1482,85.1569,-0.0114,-0.0087,0.0026
3622,976.1,288.9,85.1446,85.1472,85.1557,-0.0111,-0.0085,0.0026
3623,1024.2,412.2,85.1436,85.1462,85.1544,-0.0109,-0.0082,0.0026
3624,974.7,275.0,85.1426,85.1452,85.1532,-0.0107,-0.0080,0.0026
3625,1025.3,398.3,85.1416,85.1442,85.1519,-0.0103,-0.0077,0.0027
3626,974.7,314.8,85.1406,85.1433,85.1508,-0.0102,-0.0075,0.0027
3627,1000.9,293.7,85.1396,85.1423,85.1496,-0.0100,-0.0074,0.0027
3628,1011.5,285.9,85.1387,85.1413,85.1485,-0.0099,-0.0072,0.0027
3629,1018.0,387.2,85.1377,85.1404,85.1474,-0.0097,-0.0070,0.0027
3630,971.1,313.3,85.1368,85.1394,85.1464,-0.0097,-0.0070,0.0027
3631,1005.8,313.6,85.1358,85.1385,85.1454,-0.0096,-0.0069,0.0027
3632,996.0,302.2,85.1349,85.1376,85.1446,-0.0097,-0.0070,0.0027
3633,1024.4,370.9,85.1340,85.1366,85.1436,-0.0096,-0.0069,0.0027
3634,974.3,271.5,85.1330,85.1357,85.1427,-0.0096,-0.0069,0.0027
3635,1025.7,380.6,85.1321,85.1348,85.1418,-0.0096,-0.0070,0.0027
3636,973.9,299.0,85.1312,85.1339,85.1408,-0.0095,-0.0068,0.0027
3637,1001.3,334.2,85.1303,85.1330,85.1398,-0.0094,-0.0067,0.0027
3638,998.2,278.8,85.1295,85.1322,85.1388,-0.0093,-0.0066,0.0027
3639,1026.8,383.4,85.1286,85.1313,85.1379,-0.0093,-0.0066,0.0027
3640,973.8,262.7,85.1277,85.1304,85.1368,-0.0091,-0.0064,0.0027
3641,1026.0,366.0,85.1268,85.1296,85.1357,-0.0088,-0.0061,0.0027
3642,972.0,249.1,85.1260,85.1287,85.1345,-0.0085,-0.0058,0.0027
3643,1001.8,294.2,85.1251,85.1279,85.1333,-0.0082,-0.0055,0.0027
3644,1025.7,413.7,85.1243,85.1270,85.1320,-0.0077,-0.0049,0.0027
3645,973.7,353.9,85.1235,85.1262,85.1308,-0.0073,-0.0046,0.0027
3646,999.4,333.1,85.1227,85.1254,85.1296,-0.0070,-0.0042,0.0027
3647,998.4,274.8,85.1218,85.1246,85.1285,-0.0066,-0.0039,0.0027
3648,1009.3,281.7,85.1210,85.1238,85.1273,-0.0063,-0.0036,0.0027
3649,1002.7,336.6,85.1202,85.1230,85.1264,-0.0061,-0.0034,0.0027
3650,989.6,310.8,85.1194,85.1222,85.1254,-0.0060,-0.0032,0.0027
3651,1002.5,268.4,85.1187,85.1214,85.1246,-0.0059,-0.0032,0.0028
3652,1026.1,351.0,85.1179,85.1206,85.1237,-0.0059,-0.0031,0.0028
3653,973.0,295.8,85.1171,85.1199,85.1229,-0.0058,-0.0030,0.0028
3654,1026.4,360.5,85.1164,85.1191,85.1221,-0.0057,-0.0029,0.0028
3655,973.5,307.0,85.1156,85.1184,85.1212,-0.0056,-0.0029,0.0028
3656,1002.8,288.5,85.1149,85.1176,85.1204,-0.0056,-0.0028,0.0028
3657,1023.4,364.1,85.1141,85.1169,85.1196,-0.0055,-0.0027,0.0028
3658,974.3,271.3,85.1134,85.1162,85.1188,-0.0054,-0.0027,0.0028
3659,1025.5,364.2,85.1127,85.1155,85.1181,-0.0054,-0.0026,0.0028
3660,974.1,304.1,85.1120,85.1147,85.1174,-0.0054,-0.0026,0.0028
3661,995.8,298.4,85.1113,85.1140,85.1167,-0.0055,-0.0027,0.0028
3662,1000.3,310.4,85.1106,85.1134,85.1161,-0.0056,-0.0028,0.0028
3663,999.7,299.5,85.1099,85.1127,85.1155,-0.0056,-0.0028,0.0028
3664,1000.0,291.8,85.1092,85.1120,85.1149,-0.0057,-0.0029,0.0028
3665,1000.8,312.5,85.1085,85.1113,85.1144,-0.0059,-0.0031,0.0028
3666,999.3,312.4,85.1078,85.1107,85.1139,-0.0061,-0.0033,0.0028
3667,1000.3,324.7,85.1072,85.1100,85.1134,-0.0063,-0.0034,0.0028
3668,999.4,324.5,85.1065,85.1094,85.1130,-0.0064,-0.0036,0.0028
3669,1004.8,386.4,85.1059,85.1087,85.1125,-0.0066,-0.0038,0.0028
3670,1006.0,340.3,85.1053,85.1081,85.1121,-0.0068,-0.0040,0.0028
3671,990.0,320.5,85.1046,85.1075,85.1116,-0.0070,-0.0042,0.0028
3672,1004.9,262.3,85.1040,85.1069,85.1112,-0.0071,-0.0043,0.0028
3673,1024.8,365.7,85.1034,85.1062,85.1107,-0.0073,-0.0044,0.0028
3674,973.8,268.6,85.1028,85.1056,85.1102,-0.0074,-0.0045,0.0028
3675,999.2,290.1,85.1022,85.1051,85.1097,-0.0075,-0.0046,0.0028
3676,1027.2,349.8,85.1016,85.1045,85.1091,-0.0075,-0.0047,0.0029
3677,975.4,256.0,85.1010,85.1039,85.1086,-0.0076,-0.0047,0.0029
3678,994.9,308.0,85.1005,85.1033,85.1081,-0.0076,-0.0048,0.0029
3679,1003.2,283.3,85.0999,85.1028,85.1076,-0.0077,-0.0048,0.0029
3680,998.0,270.4,85.0993,85.1022,85.1072,-0.0078,-0.0050,0.0029
3681,1028.3,385.9,85.0988,85.1017,85.1066,-0.0078,-0.0050,0.0029
3682,973.8,316.0,85.0983,85.1011,85.1061,-0.0078,-0.0050,0.0029
3683,1005.3,294.4,85.0977,85.1006,85.1055,-0.0078,-0.0049,0.0029
3684,1020.5,387.9,85.0972,85.1001,85.1047,-0.0075,-0.0046,0.0029
3685,974.5,307.1,85.0967,85.0996,85.1041,-0.0074,-0.0045,0.0029
3686,1001.1,284.6,85.0962,85.0991,85.1034,-0.0072,-0.0043,0.0029
3687,1022.6,375.7,85.0957,85.0986,85.1028,-0.0071,-0.0042,0.0029
3688,974.0,312.7,85.0952,85.0981,85.1022,-0.0070,-0.0041,0.0029
3689,1005.3,291.9,85.0947,85.0976,85.1016,-0.0069,-0.0040,0.0029
3690,996.4,287.3,85.0942,85.0971,85.1011,-0.0069,-0.0040,0.0029
3691,998.9,288.0,85.0938,85.0967,85.1007,-0.0069,-0.0040,0.0029
3692,1028.2,362.4,85.0933,85.0962,85.1003,-0.0070,-0.0040,0.0029
3693,972.1,291.6,85.0928,85.0958,85.0998,-0.0070,-0.0041,0.0029
3694,1027.6,349.1,85.0924,85.0953,85.0994,-0.0070,-0.0041,0.0029
3695,972.5,344.4,85.0920,85.0949,85.0989,-0.0069,-0.0040,0.0029
3696,999.9,311.7,85.0915,85.0945,85.0983,-0.0068,-0.0039,0.0029
3697,1001.0,279.5,85.0911,85.0940,85.0979,-0.0068,-0.0038,0.0029
3698,1029.0,411.4,85.0907,85.0936,85.0974,-0.0067,-0.0037,0.0029
3699,971.9,307.1,85.0903,85.0932,85.0968,-0.0065,-0.0036,0.0029
3700,1000.2,307.5,85.0899,85.0928,85.0963,-0.0064,-0.0035,0.0029
3701,995.9,304.1,85.0895,85.0924,85.0958,-0.0063,-0.0034,0.0029
3702,1030.8,381.8,85.0891,85.0921,85.0952,-0.0061,-0.0032,0.0030
3703,974.5,300.1,85.0887,85.0917,85.0946,-0.0059,-0.0030,0.0030
3704,1023.3,398.5,85.0884,85.0913,85.0940,-0.0057,-0.0027,0.0030
3705,975.2,288.3,85.0880,85.0910,85.0934,-0.0054,-0.0025,0.0030
3706,995.3,281.9,85.0877,85.0906,85.0929,-0.0052,-0.0023,0.0030
3707,1006.7,303.3,85.0873,85.0903,85.0924,-0.0051,-0.0021,0.0030
3708,999.1,317.9,85.0870,85.0900,85.0919,-0.0049,-0.0020,0.0030
3709,998.9,275.2,85.0867,85.0896,85.0915,-0.0048,-0.0018,0.0030
3710,1024.4,369.6,85.0863,85.0893,85.0910,-0.0047,-0.0017,0.0030
3711,981.2,322.4,85.0860,85.0890,85.0907,-0.0046,-0.0017,0.0030
3712,997.7,302.7,85.0857,85.0887,85.0903,-0.0046,-0.0016,0.0030
3713,997.0,318.9,85.0854,85.0884,85.0899,-0.0045,-0.0015,0.0030
3714,1005.4,300.0,85.0851,85.0881,85.0896,-0.0044,-0.0014,0.0030
3715,1019.7,337.6,85.0849,85.0879,85.0892,-0.0044,-0.0014,0.0030
3716,974.8,294.2,85.0846,85.0876,85.0889,-0.0043,-0.0013,0.0030
3717,997.0,282.2,85.0843,85.0873,85.0886,-0.0043,-0.0013,0.0030
3718,1029.0,420.9,85.0841,85.0871,85.0883,-0.0042,-0.0012,0.0030
3719,972.9,350.3,85.0838,85.0868,85.0879,-0.0041,-0.0011,0.0030
3720,996.5,348.0,85.0836,85.0866,85.0877,-0.0041,-0.0011,0.0030
3721,1000.0,341.0,85.0833,85.0864,85.0874,-0.0041,-0.0010,0.0030
3722,1003.5,299.1,85.0831,85.0861,85.0872,-0.0041,-0.0011,0.0030
3723,1000.0,308.2,85.0829,85.0859,85.0870,-0.0041,-0.0011,0.0030
3724,1003.4,299.8,85.0827,85.0857,85.0868,-0.0042,-0.0011,0.0030
3725,1023.1,355.1,85.0825,85.0855,85.0867,-0.0042,-0.0012,0.0030
3726,973.3,323.7,85.0823,85.0853,85.0865,-0.0042,-0.0011,0.0030
3727,997.4,305.6,85.0821,85.0852,85.0863,-0.0042,-0.0011,0.0031
3728,1003.0,270.5,85.0819,85.0850,85.0860,-0.0041,-0.0010,0.0031
3729,1024.9,367.5,85.0818,85.0848,85.0858,-0.0040,-0.0009,0.0031
3730,974.2,281.3,85.0816,85.0847,85.0855,-0.0039,-0.0009,0.0031
3731,1024.4,399.7,85.0814,85.0845,85.0853,-0.0039,-0.0008,0.0031
3732,977.3,296.1,85.0813,85.0844,85.0850,-0.0037,-0.0007,0.0031
3733,1000.8,275.8,85.0812,85.0842,85.0848,-0.0036,-0.0005,0.0031
3734,1003.5,332.0,85.0810,85.0841,85.0846,-0.0035,-0.0004,0.0031
3735,990.8,288.2,85.0809,85.0840,85.0843,-0.0034,-0.0003,0.0031
3736,1004.3,284.9,85.0808,85.0839,85.0841,-0.0033,-0.0002,0.0031
3737,1026.6,389.8,85.0807,85.0838,85.0839,-0.0032,-0.0001,0.0031
3738,973.3,309.5,85.0806,85.0837,85.0837,-0.0032,-0.0001,0.0031
3739,1000.8,272.6,85.0805,85.0836,85.0836,-0.0031,-0.0000,0.0031
3740,1025.4,383.7,85.0804,85.0835,85.0834,-0.0030,0.0001,0.0031
3741,973.8,275.3,85.0803,85.0834,85.0833,-0.0030,0.0001,0.0031
3742,1026.0,361.8,85.0803,85.0834,85.0831,-0.0028,0.0003,0.0031
3743,974.2,256.4,85.0802,85.0833,85.0829,-0.0027,0.0004,0.0031
3744,1028.6,387.9,85.0802,85.0833,85.0828,-0.0026,0.0005,0.0031
3745,966.8,362.4,85.0801,85.0832,85.0826,-0.0025,0.0006,0.0031
3746,1005.6,364.5,85.0801,85.0832,85.0824,-0.0023,0.0008,0.0031
3747,995.6,324.2,85.0801,85.0832,85.0823,-0.0022,0.0009,0.0031
3748,1007.0,334.4,85.0800,85.0832,85.0820,-0.0020,0.0011,0.0031
3749,994.2,376.3,85.0800,85.0832,85.0819,-0.0019,0.0013,0.0031
3750,993.3,323.4,85.0800,85.0832,85.0817,-0.0017,0.0014,0.0031
3751,1004.8,290.4,85.0800,85.0832,85.0816,-0.0015,0.0016,0.0031
3752,993.7,283.4,85.0800,85.0832,85.0813,-0.0013,0.0018,0.0032
3753,1016.9,301.9,85.0801,85.0832,85.0812,-0.0012,0.0020,0.0032
3754,987.0,296.2,85.0801,85.0832,85.0812,-0.0011,0.0021,0.0032
3755,994.5,289.0,85.0801,85.0833,85.0811,-0.0010,0.0022,0.0032
3756,1019.8,297.4,85.0802,85.0833,85.0811,-0.0009,0.0023,0.0032
3757,984.6,310.0,85.0802,85.0834,85.0810,-0.0008,0.0024,0.0032
3758,1015.4,325.8,85.0803,85.0834,85.0810,-0.0007,0.0024,0.0032
3759,984.0,313.3,85.0803,85.0835,85.0810,-0.0006,0.0026,0.0032
3760,1016.0,259.0,85.0804,85.0836,85.0809,-0.0005,0.0027,0.0032
3761,1000.9,339.5,85.0805,85.0837,85.0809,-0.0004,0.0028,0.0032
3762,981.4,316.7,85.0806,85.0838,85.0808,-0.0003,0.0029,0.0032
3763,1017.7,293.1,85.0807,85.0839,85.0808,-0.0001,0.0031,0.0032
3764,1000.6,283.6,85.0808,85.0840,85.0807,0.0000,0.0032,0.0032
3765,993.6,277.5,85.0809,85.0841,85.0807,0.0002,0.0034,0.0032
3766,989.0,278.9,85.0810,85.0842,85.0806,0.0004,0.0036,0.0032
3767,1034.8,382.5,85.0812,85.0844,85.0806,0.0006,0.0038,0.0032
3768,974.0,318.1,85.0813,85.0845,85.0805,0.0008,0.0040,0.0032
3769,1000.5,329.3,85.0814,85.0847,85.0805,0.0010,0.0042,0.0032
3770,1001.7,348.4,85.0816,85.0848,85.0804,0.0012,0.0044,0.0032
3771,990.5,322.1,85.0818,85.0850,85.0804,0.0013,0.0046,0.0032
3772,1014.7,294.9,85.0819,85.0852,85.0804,0.0015,0.0047,0.0032
3773,995.8,282.1,85.0821,85.0853,85.0804,0.0017,0.0049,0.0032
3774,1021.3,306.3,85.0823,85.0855,85.0804,0.0019,0.0051,0.0032
3775,981.2,300.2,85.0825,85.0857,85.0804,0.0021,0.0053,0.0032
3776,996.3,299.6,85.0827,85.0859,85.0804,0.0023,0.0055,0.0032
3777,1022.5,388.3,85.0829,85.0861,85.0804,0.0025,0.0057,0.0032
3778,973.9,288.8,85.0831,85.0864,85.0804,0.0027,0.0060,0.0033
3779,1027.9,386.6,85.0833,85.0866,85.0804,0.0029,0.0062,0.0033
3780,972.0,300.3,85.0836,85.0868,85.0804,0.0032,0.0064,0.0033
3781,1004.8,302.7,85.0838,85.0871,85.0804,0.0034,0.0067,0.0033
3782,997.8,304.8,85.0841,85.0873,85.0804,0.0036,0.0069,0.0033
3783,997.8,313.9,85.0843,85.0876,85.0804,0.0039,0.0072,0.0033
3784,1000.9,274.1,85.0846,85.0879,85.0804,0.0042,0.0074,0.0033
3785,1026.7,353.9,85.0849,85.0881,85.0804,0.0044,0.0077,0.0033
3786,972.8,322.5,85.0851,85.0884,85.0804,0.0047,0.0080,0.0033
3787,999.4,305.8,85.0854,85.0887,85.0804,0.0050,0.0083,0.0033
3788,1001.8,311.6,85.0857,85.0890,85.0805,0.0052,0.0085,0.0033
3789,1003.2,298.6,85.0860,85.0893,85.0805,0.0056,0.0088,0.0033
3790,996.2,260.8,85.0863,85.0896,85.0805,0.0059,0.0092,0.0033
3791,1026.9,393.6,85.0867,85.0900,85.0805,0.0062,0.0095,0.0033
3792,976.2,275.0,85.0870,85.0903,85.0805,0.0065,0.0098,0.0033
3793,1018.2,285.7,85.0873,85.0906,85.0805,0.0068,0.0101,0.0033
3794,979.7,357.1,85.0877,85.0910,85.0805,0.0071,0.0105,0.0033
3795,997.4,313.5,85.0880,85.0913,85.0806,0.0074,0.0108,0.0033
3796,1001.9,321.2,85.0884,85.0917,85.0806,0.0078,0.0111,0.0033
3797,999.6,291.3,85.0887,85.0921,85.0806,0.0081,0.0114,0.0033
3798,1029.9,442.7,85.0891,85.0924,85.0806,0.0085,0.0118,0.0033
3799,969.8,297.7,85.0895,85.0928,85.0807,0.0088,0.0121,0.0033
3800,1000.9,297.8,85.0899,85.0932,85.0807,0.0091,0.0125,0.0033
3801,1026.3,394.0,85.0903,85.0936,85.0808,0.0095,0.0128,0.0033
3802,972.2,331.6,85.0907,85.0940,85.0808,0.0099,0.0132,0.0033
3803,1001.8,312.5,85.0911,85.0945,85.0808,0.0103,0.0136,0.0034
3804,999.2,298.3,85.0915,85.0949,85.0809,0.0106,0.0140,0.0034
3805,1026.2,354.5,85.0920,85.0953,85.0810,0.0110,0.0144,0.0034
3806,972.8,300.8,85.0924,85.0958,85.0810,0.0114,0.0147,0.0034
3807,1005.2,294.1,85.0928,85.0962,85.0811,0.0118,0.0151,0.0034
3808,1021.9,391.9,85.0933,85.0967,85.0812,0.0121,0.0155,0.0034
3809,974.7,317.0,85.0938,85.0971,85.0812,0.0125,0.0159,0.0034
3810,1004.0,291.7,85.0942,85.0976,85.0813,0.0129,0.0163,0.0034
3811,996.3,319.5,85.0947,85.0981,85.0814,0.0133,0.0167,0.0034
3812,999.5,301.3,85.0952,85.0986,85.0815,0.0137,0.0171,0.0034
3813,998.9,268.7,85.0957,85.0991,85.0816,0.0141,0.0175,0.0034
3814,1001.3,285.7,85.0962,85.0996,85.0816,0.0146,0.0180,0.0034
3815,999.2,284.3,85.0967,85.1001,85.0817,0.0150,0.0184,0.0034
3816,1000.8,303.5,85.0972,85.1006,85.0818,0.0154,0.0188,0.0034
3817,1002.0,304.3,85.0977,85.1011,85.0819,0.0158,0.0192,0.0034
3818,999.5,331.7,85.0983,85.1017,85.0820,0.0163,0.0197,0.0034
3819,995.9,344.6,85.0988,85.1022,85.0820,0.0168,0.0202,0.0034
3820,999.0,358.1,85.0993,85.1028,85.0822,0.0172,0.0206,0.0034
3821,1000.5,320.9,85.0999,85.1033,85.0823,0.0176,0.0210,0.0034
3822,1005.3,311.5,85.1005,85.1039,85.0824,0.0180,0.0215,0.0034
3823,998.5,314.3,85.1010,85.1045,85.0826,0.0184,0.0219,0.0034
3824,1000.2,325.4,85.1016,85.1051,85.0828,0.0189,0.0223,0.0034
3825,1002.8,297.8,85.1022,85.1056,85.0829,0.0193,0.0228,0.0034
3826,991.7,319.2,85.1028,85.1062,85.0830,0.0198,0.0232,0.0034
3827,1008.0,318.1,85.1034,85.1069,85.0832,0.0202,0.0237,0.0034
3828,995.4,283.6,85.1040,85.1075,85.0834,0.0206,0.0241,0.0034
3829,1027.8,389.9,85.1046,85.1081,85.0836,0.0211,0.0245,0.0035
3830,972.9,329.0,85.1053,85.1087,85.0838,0.0215,0.0249,0.0035
3831,998.8,324.7,85.1059,85.1094,85.0841,0.0218,0.0252,0.0035
3832,1003.6,321.2,85.1065,85.1100,85.0844,0.0221,0.0256,0.0035
3833,1001.3,321.4,85.1072,85.1107,85.0849,0.0223,0.0258,0.0035
3834,1000.0,315.6,85.1078,85.1113,85.0854,0.0224,0.0259,0.0035
3835,995.3,325.5,85.1085,85.1120,85.0860,0.0225,0.0260,0.0035
3836,992.8,282.2,85.1092,85.1127,85.0868,0.0223,0.0258,0.0035
3837,996.8,312.4,85.1099,85.1134,85.0878,0.0221,0.0256,0.0035
3838,1001.5,350.4,85.1106,85.1140,85.0886,0.0219,0.0254,0.0035
3839,999.7,319.4,85.1113,85.1147,85.0894,0.0218,0.0253,0.0035
3840,999.4,400.5,85.1120,85.1155,85.0900,0.0220,0.0255,0.0035
3841,999.3,313.0,85.1127,85.1162,85.0904,0.0223,0.0258,0.0035
3842,1001.9,365.4,85.1134,85.1169,85.0907,0.0227,0.0262,0.0035
3843,999.6,287.3,85.1141,85.1176,85.0909,0.0232,0.0268,0.0035
3844,1000.0,318.3,85.1149,85.1184,85.0913,0.0235,0.0271,0.0035
3845,1002.3,421.6,85.1156,85.1191,85.0918,0.0239,0.0274,0.0035
3846,997.4,325.9,85.1164,85.1199,85.0923,0.0241,0.0276,0.0035
3847,1001.9,381.6,85.1171,85.1206,85.0929,0.0242,0.0277,0.0035
3848,998.4,298.7,85.1179,85.1214,85.0936,0.0243,0.0279,0.0035
3849,1000.2,363.0,85.1187,85.1222,85.0942,0.0245,0.0280,0.0035
3850,1000.9,319.4,85.1194,85.1230,85.0949,0.0245,0.0281,0.0035
3851,1001.2,304.1,85.1202,85.1238,85.0956,0.0247,0.0282,0.0035
3852,997.1,297.5,85.1210,85.1246,85.0962,0.0249,0.0284,0.0035
3853,1001.4,407.6,85.1218,85.1254,85.0968,0.0250,0.0286,0.0035
3854,999.5,307.1,85.1227,85.1262,85.0975,0.0251,0.0287,0.0036
3855,998.9,298.7,85.1235,85.1270,85.0983,0.0251,0.0287,0.0036
3856,1001.9,262.9,85.1243,85.1279,85.0993,0.0250,0.0285,0.0036
3857,997.3,266.6,85.1251,85.1287,85.1002,0.0250,0.0285,0.0036
3858,999.0,348.1,85.1260,85.1296,85.1011,0.0249,0.0284,0.0036
3859,999.8,370.6,85.1268,85.1304,85.1020,0.0249,0.0284,0.0036
3860,1000.2,269.1,85.1277,85.1313,85.1029,0.0248,0.0284,0.0036
3861,999.8,313.4,85.1286,85.1322,85.1036,0.0249,0.0285,0.0036
3862,1000.0,423.2,85.1295,85.1330,85.1043,0.0251,0.0287,0.0036
3863,1000.2,298.9,85.1303,85.1339,85.1051,0.0252,0.0288,0.0036
3864,1000.3,406.9,85.1312,85.1348,85.1059,0.0254,0.0290,0.0036
3865,999.7,237.3,85.1321,85.1357,85.1068,0.0253,0.0289,0.0036
3866,1000.1,408.5,85.1330,85.1366,85.1077,0.0254,0.0290,0.0036
3867,1000.5,276.9,85.1340,85.1376,85.1087,0.0253,0.0289,0.0036
3868,1000.1,420.4,85.1349,85.1385,85.1098,0.0250,0.0286,0.0036
3869,999.7,292.4,85.1358,85.1394,85.1108,0.0250,0.0286,0.0036
3870,1000.3,450.1,85.1368,85.1404,85.1118,0.0250,0.0286,0.0036
3871,1000.0,344.0,85.1377,85.1413,85.1127,0.0250,0.0286,0.0036
3872,1000.7,321.6,85.1387,85.1423,85.1137,0.0250,0.0286,0.0036
3873,1000.1,417.3,85.1396,85.1433,85.1145,0.0251,0.0288,0.0036
3874,999.9,299.9,85.1406,85.1442,85.1153,0.0253,0.0289,0.0036
3875,999.1,426.7,85.1416,85.1452,85.1161,0.0255,0.0292,0.0036
3876,1000.2,293.3,85.1426,85.1462,85.1168,0.0257,0.0294,0.0036
3877,1001.6,271.3,85.1436,85.1472,85.1176,0.0259,0.0296,0.0036
3878,979.0,309.6,85.1446,85.1482,85.1184,0.0262,0.0298,0.0036
3879,1054.4,364.5,85.1456,85.1492,85.1192,0.0263,0.0300,0.0036
3880,974.9,329.8,85.1466,85.1502,85.1200,0.0265,0.0302,0.0037
3881,1006.5,325.4,85.1476,85.1513,85.1209,0.0268,0.0304,0.0037
3882,994.3,318.8,85.1486,85.1523,85.1217,0.0269,0.0306,0.0037
3883,1008.5,317.2,85.1497,85.1534,85.1226,0.0271,0.0307,0.0037
3884,996.4,314.1,85.1507,85.1544,85.1236,0.0272,0.0308,0.0037
3885,1003.2,309.1,85.1518,85.1555,85.1246,0.0272,0.0309,0.0037
3886,999.5,305.8,85.1529,85.1565,85.1256,0.0273,0.0309,0.0037
3887,999.2,294.2,85.1539,85.1576,85.1267,0.0272,0.0309,0.0037
3888,1001.0,325.1,85.1550,85.1587,85.1278,0.0272,0.0309,0.0037
3889,1000.7,324.2,85.1561,85.1598,85.1290,0.0271,0.0308,0.0037
3890,992.1,306.6,85.1572,85.1609,85.1300,0.0272,0.0309,0.0037
3891,1008.2,327.6,85.1583,85.1620,85.1310,0.0273,0.0310,0.0037
3892,991.6,317.7,85.1594,85.1631,85.1320,0.0274,0.0311,0.0037
3893,1006.2,295.6,85.1605,85.1642,85.1332,0.0274,0.0311,0.0037
3894,998.9,338.8,85.1617,85.1654,85.1343,0.0273,0.0310,0.0037
3895,993.3,360.8,85.1628,85.1665,85.1355,0.0273,0.0310,0.0037
3896,999.7,356.6,85.1639,85.1676,85.1367,0.0272,0.0309,0.0037
3897,999.1,381.6,85.1651,85.1688,85.1381,0.0270,0.0307,0.0037
3898,1017.7,356.9,85.1662,85.1700,85.1394,0.0268,0.0305,0.0037
3899,986.1,346.4,85.1674,85.1711,85.1410,0.0264,0.0302,0.0037
3900,991.4,318.8,85.1686,85.1723,85.1424,0.0261,0.0299,0.0037
3901,1002.9,318.2,85.1698,85.1735,85.1441,0.0256,0.0294,0.0037
3902,1012.4,307.1,85.1710,85.1747,85.1456,0.0254,0.0291,0.0037
3903,988.2,296.3,85.1721,85.1759,85.1471,0.0250,0.0288,0.0037
3904,1011.8,293.2,85.1734,85.1771,85.1485,0.0248,0.0286,0.0037
3905,1000.6,294.9,85.1746,85.1783,85.1500,0.0245,0.0283,0.0038
3906,982.2,273.9,85.1758,85.1795,85.1513,0.0245,0.0282,0.0038
3907,1018.8,318.6,85.1770,85.1808,85.1525,0.0245,0.0282,0.0038
3908,990.0,309.9,85.1782,85.1820,85.1538,0.0245,0.0282,0.0038
3909,1004.4,330.3,85.1795,85.1833,85.1551,0.0243,0.0281,0.0038
3910,997.5,313.5,85.1807,85.1845,85.1563,0.0245,0.0282,0.0038
3911,1001.2,306.1,85.1820,85.1858,85.1577,0.0243,0.0281,0.0038
3912,1000.7,297.6,85.1833,85.1870,85.1587,0.0245,0.0283,0.0038
3913,1025.0,333.3,85.1845,85.1883,85.1604,0.0242,0.0279,0.0038
3914,973.6,291.4,85.1858,85.1896,85.1617,0.0241,0.0279,0.0038
3915,1025.2,356.7,85.1871,85.1909,85.1630,0.0241,0.0279,0.0038
3916,973.8,334.1,85.1884,85.1922,85.1646,0.0238,0.0276,0.0038
3917,998.3,303.3,85.1897,85.1935,85.1660,0.0237,0.0275,0.0038
3918,1002.4,337.9,85.1910,85.1948,85.1675,0.0236,0.0274,0.0038
3919,1065.5,321.8,85.1923,85.1962,85.1688,0.0236,0.0274,0.0038
3920,934.2,284.5,85.1937,85.1975,85.1700,0.0237,0.0275,0.0038
3921,1008.1,336.4,85.1950,85.1988,85.1713,0.0237,0.0276,0.0038
3922,981.2,269.9,85.1964,85.2002,85.1725,0.0238,0.0276,0.0038
3923,1017.0,299.0,85.1977,85.2015,85.1738,0.0239,0.0277,0.0038
3924,1001.2,314.3,85.1991,85.2029,85.1752,0.0239,0.0277,0.0038
3925,987.0,278.2,85.2004,85.2043,85.1768,0.0237,0.0275,0.0038
3926,994.0,300.6,85.2018,85.2056,85.1783,0.0236,0.0274,0.0038
3927,1018.3,296.6,85.2032,85.2070,85.1797,0.0235,0.0273,0.0038
3928,996.5,295.8,85.2046,85.2084,85.1797,0.0249,0.0287,0.0038
3929,1021.8,341.3,85.2060,85.2098,85.1813,0.0247,0.0285,0.0038
3930,973.0,293.8,85.2074,85.2112,85.1828,0.0246,0.0284,0.0038
3931,1004.2,308.7,85.2088,85.2126,85.1844,0.0244,0.0283,0.0039
3932,996.3,302.4,85.2102,85.2141,85.1860,0.0242,0.0281,0.0039
3933,1001.0,323.3,85.2116,85.2155,85.1877,0.0239,0.0278,0.0039
3934,1001.0,318.2,85.2131,85.2169,85.1894,0.0237,0.0275,0.0039
3935,997.8,277.3,85.2145,85.2184,85.1910,0.0235,0.0274,0.0039
3936,1000.8,298.3,85.2160,85.2198,85.1925,0.0234,0.0273,0.0039
3937,1000.2,320.5,85.2174,85.2213,85.1941,0.0234,0.0272,0.0039
3938,999.8,293.7,85.2189,85.2228,85.1955,0.0234,0.0273,0.0039
3939,999.8,295.2,85.2204,85.2243,85.1969,0.0235,0.0274,0.0039
3940,998.6,294.8,85.2219,85.2257,85.1983,0.0236,0.0275,0.0039
3941,1002.3,311.9,85.2233,85.2272,85.1998,0.0235,0.0274,0.0039
3942,1004.4,285.1,85.2248,85.2287,85.2013,0.0235,0.0274,0.0039
3943,990.4,279.3,85.2264,85.2302,85.2028,0.0235,0.0274,0.0039
3944,995.6,316.7,85.2279,85.2318,85.2043,0.0236,0.0275,0.0039
3945,999.4,329.1,85.2294,85.2333,85.2058,0.0236,0.0275,0.0039
3946,1005.6,307.9,85.2309,85.2348,85.2071,0.0238,0.0277,0.0039
3947,1009.2,309.3,85.2324,85.2364,85.2083,0.0242,0.0281,0.0039
3948,997.5,287.3,85.2340,85.2379,85.2094,0.0246,0.0285,0.0039
3949,1001.7,291.8,85.2355,85.2395,85.2107,0.0248,0.0287,0.0039
3950,995.5,293.5,85.2371,85.2410,85.2120,0.0251,0.0290,0.0039
3951,1000.5,280.3,85.2387,85.2426,85.2134,0.0253,0.0292,0.0039
3952,996.5,281.0,85.2402,85.2442,85.2147,0.0256,0.0295,0.0039
3953,999.9,318.7,85.2418,85.2458,85.2161,0.0257,0.0297,0.0039
3954,1000.4,298.7,85.2434,85.2474,85.2175,0.0259,0.0299,0.0039
3955,999.4,290.4,85.2450,85.2490,85.2189,0.0262,0.0301,0.0039
3956,999.7,292.8,85.2466,85.2506,85.2203,0.0263,0.0303,0.0039
3957,999.6,295.0,85.2482,85.2522,85.2218,0.0264,0.0304,0.0040
3958,1001.6,307.4,85.2498,85.2538,85.2233,0.0265,0.0305,0.0040
3959,998.9,302.2,85.2515,85.2554,85.2249,0.0266,0.0305,0.0040
3960,999.9,290.6,85.2531,85.2571,85.2265,0.0266,0.0306,0.0040
3961,1004.7,283.3,85.2548,85.2587,85.2282,0.0266,0.0305,0.0040
3962,996.5,267.9,85.2564,85.2604,85.2297,0.0267,0.0307,0.0040
3963,1001.3,295.7,85.2581,85.2620,85.2312,0.0268,0.0308,0.0040
3964,1010.0,269.5,85.2597,85.2637,85.2328,0.0269,0.0309,0.0040
3965,1000.5,274.9,85.2614,85.2654,85.2344,0.0270,0.0309,0.0040
3966,998.3,283.3,85.2631,85.2671,85.2362,0.0268,0.0308,0.0040
3967,999.7,277.3,85.2648,85.2688,85.2380,0.0268,0.0308,0.0040
3968,1000.5,286.8,85.2665,85.2705,85.2397,0.0267,0.0307,0.0040
3969,999.9,316.2,85.2682,85.2722,85.2415,0.0266,0.0306,0.0040
3970,982.3,300.0,85.2699,85.2739,85.2434,0.0264,0.0304,0.0040
3971,1017.2,310.2,85.2716,85.2756,85.2452,0.0264,0.0304,0.0040
3972,983.0,276.5,85.2733,85.2773,85.2469,0.0265,0.0305,0.0040
3973,1018.7,276.6,85.2751,85.2791,85.2486,0.0265,0.0305,0.0040
3974,1000.0,292.2,85.2768,85.2808,85.2504,0.0264,0.0304,0.0040
3975,1000.1,273.4,85.2785,85.2826,85.2521,0.0264,0.0305,0.0040
3976,1000.2,275.1,85.2803,85.2843,85.2539,0.0265,0.0305,0.0040
3977,1000.0,281.6,85.2821,85.2861,85.2557,0.0264,0.0304,0.0040
3978,981.7,269.6,85.2838,85.2879,85.2577,0.0262,0.0302,0.0040
3979,1034.8,308.8,85.2856,85.2897,85.2595,0.0262,0.0302,0.0040
3980,983.6,315.8,85.2874,85.2914,85.2613,0.0261,0.0302,0.0040
3981,991.6,334.2,85.2892,85.2932,85.2631,0.0261,0.0301,0.0040
3982,1001.0,292.4,85.2910,85.2951,85.2651,0.0259,0.0299,0.0040
3983,1025.2,332.6,85.2928,85.2969,85.2671,0.0257,0.0298,0.0040
3984,975.5,286.2,85.2946,85.2987,85.2690,0.0256,0.0297,0.0041
3985,1006.8,296.2,85.2965,85.3005,85.2709,0.0255,0.0296,0.0041
3986,999.7,346.5,85.2983,85.3023,85.2730,0.0253,0.0294,0.0041
3987,989.0,319.5,85.3001,85.3042,85.2748,0.0253,0.0294,0.0041
3988,1002.9,307.7,85.3020,85.3060,85.2768,0.0252,0.0292,0.0041
3989,996.2,323.9,85.3038,85.3079,85.2786,0.0252,0.0293,0.0041
3990,999.4,327.5,85.3057,85.3098,85.2806,0.0251,0.0292,0.0041
3991,1000.1,355.0,85.3076,85.3116,85.2822,0.0254,0.0294,0.0041
3992,1003.0,332.9,85.3094,85.3135,85.2839,0.0256,0.0296,0.0041
3993,997.4,314.6,85.3113,85.3154,85.2855,0.0259,0.0300,0.0041
3994,997.6,515.2,85.3132,85.3173,85.2873,0.0260,0.0300,0.0041
3995,1001.1,315.6,85.3151,85.3192,85.2890,0.0262,0.0303,0.0041
3996,1000.6,310.7,85.3170,85.3211,85.2906,0.0264,0.0305,0.0041
3997,1002.2,332.7,85.3189,85.3230,85.2923,0.0267,0.0308,0.0041
3998,999.5,515.7,85.3209,85.3250,85.2942,0.0267,0.0308,0.0041
3999,999.9,327.4,85.3228,85.3269,85.2959,0.0269,0.0310,0.0041
4000,1000.3,311.2,85.3247,85.3288,85.2977,0.0270,0.0311,0.0041
4001,998.0,322.2,85.3267,85.3308,85.2994,0.0273,0.0314,0.0041
4002,1001.8,318.6,85.3286,85.3328,85.3012,0.0275,0.0316,0.0041
4003,999.8,312.1,85.3306,85.3347,85.3026,0.0280,0.0321,0.0041
4004,998.6,314.9,85.3326,85.3367,85.3042,0.0284,0.0325,0.0041
4005,1000.3,287.3,85.3345,85.3387,85.3057,0.0288,0.0330,0.0041
4006,1008.5,314.5,85.3365,85.3407,85.3073,0.0292,0.0333,0.0041
4007,958.6,602.4,85.3385,85.3426,85.3089,0.0296,0.0337,0.0041
4008,1026.9,305.1,85.3405,85.3447,85.3105,0.0300,0.0341,0.0041
4009,1035.3,394.2,85.3425,85.3467,85.3123,0.0302,0.0344,0.0041
4010,973.1,301.3,85.3445,85.3487,85.3140,0.0306,0.0347,0.0042
4011,1023.5,328.8,85.3465,85.3507,85.3158,0.0307,0.0349,0.0042
4012,976.1,301.6,85.3486,85.3527,85.3175,0.0311,0.0353,0.0042
4013,1024.6,332.1,85.3506,85.3548,85.3191,0.0315,0.0357,0.0042
4014,975.6,290.3,85.3527,85.3568,85.3207,0.0319,0.0361,0.0042
4015,1024.3,368.5,85.3547,85.3589,85.3223,0.0324,0.0366,0.0042
4016,975.7,284.0,85.3568,85.3609,85.3237,0.0330,0.0372,0.0042
4017,998.1,269.0,85.3588,85.3630,85.3253,0.0336,0.0377,0.0042
4018,1028.2,326.6,85.3609,85.3651,85.3269,0.0340,0.0382,0.0042
4019,975.9,353.2,85.3630,85.3672,85.3284,0.0346,0.0388,0.0042
4020,1000.2,307.3,85.3651,85.3693,85.3298,0.0353,0.0395,0.0042
4021,1002.2,313.5,85.3672,85.3714,85.3311,0.0360,0.0402,0.0042
4022,999.9,308.7,85.3693,85.3735,85.3326,0.0367,0.0409,0.0042
4023,1000.8,281.2,85.3714,85.3756,85.3339,0.0375,0.0417,0.0042
4024,1022.1,337.1,85.3735,85.3777,85.3353,0.0382,0.0424,0.0042
4025,976.3,285.6,85.3756,85.3798,85.3368,0.0389,0.0431,0.0042
4026,1024.9,304.4,85.3777,85.3820,85.3383,0.0395,0.0437,0.0042
4027,974.6,281.1,85.3799,85.3841,85.3400,0.0399,0.0441,0.0042
4028,1026.3,332.6,85.3820,85.3862,85.3416,0.0404,0.0446,0.0042
4029,973.3,266.7,85.3842,85.3884,85.3434,0.0408,0.0451,0.0042
4030,1024.1,359.5,85.3863,85.3906,85.3451,0.0412,0.0454,0.0042
4031,973.6,302.7,85.3885,85.3927,85.3471,0.0415,0.0457,0.0042
4032,1012.3,366.9,85.3907,85.3949,85.3489,0.0418,0.0461,0.0042
4033,989.8,332.7,85.3929,85.3971,85.3507,0.0422,0.0464,0.0042
4034,997.5,310.2,85.3951,85.3993,85.3528,0.0423,0.0465,0.0042
4035,1004.0,313.1,85.3973,85.4015,85.3547,0.0426,0.0468,0.0042
4036,996.0,274.5,85.3995,85.4037,85.3567,0.0428,0.0471,0.0042
4037,1028.6,303.7,85.4017,85.4059,85.3586,0.0431,0.0473,0.0043
4038,961.7,301.3,85.4039,85.4082,85.3608,0.0431,0.0473,0.0043
4039,1013.4,340.3,85.4061,85.4104,85.3629,0.0433,0.0475,0.0043
4040,997.1,325.7,85.4084,85.4126,85.3650,0.0433,0.0476,0.0043
4041,1002.0,298.1,85.4106,85.4149,85.3672,0.0434,0.0477,0.0043
4042,1003.7,335.0,85.4129,85.4171,85.3696,0.0433,0.0476,0.0043
4043,991.9,340.9,85.4151,85.4194,85.3717,0.0434,0.0477,0.0043
4044,1000.6,363.7,85.4174,85.4217,85.3737,0.0437,0.0480,0.0043
4045,998.8,321.3,85.4197,85.4239,85.3756,0.0441,0.0484,0.0043
4046,1008.2,329.6,85.4219,85.4262,85.3776,0.0443,0.0486,0.0043
4047,994.3,351.5,85.4242,85.4285,85.3795,0.0447,0.0490,0.0043
4048,1000.1,320.2,85.4265,85.4308,85.3816,0.0450,0.0493,0.0043
4049,996.3,341.9,85.4288,85.4331,85.3837,0.0451,0.0494,0.0043
4050,1002.4,354.2,85.4311,85.4354,85.3861,0.0450,0.0493,0.0043
4051,1000.3,355.4,85.4335,85.4378,85.3885,0.0450,0.0493,0.0043
4052,997.8,359.3,85.4358,85.4401,85.3909,0.0448,0.0492,0.0043
4053,1001.6,322.5,85.4381,85.4424,85.3934,0.0447,0.0490,0.0043
4054,1005.0,318.7,85.4404,85.4448,85.3963,0.0442,0.0485,0.0043
4055,1000.4,309.5,85.4428,85.4471,85.3990,0.0438,0.0481,0.0043
4056,998.9,335.4,85.4451,85.4495,85.4017,0.0434,0.0477,0.0043
4057,993.1,312.7,85.4475,85.4518,85.4043,0.0432,0.0475,0.0043
4058,1002.9,293.9,85.4499,85.4542,85.4071,0.0428,0.0471,0.0043
4059,1028.8,360.7,85.4522,85.4566,85.4097,0.0425,0.0468,0.0043
4060,969.6,318.5,85.4546,85.4590,85.4123,0.0423,0.0467,0.0043
4061,1008.8,288.4,85.4570,85.4614,85.4147,0.0423,0.0466,0.0043
4062,1020.3,331.6,85.4594,85.4638,85.4173,0.0422,0.0465,0.0043
4063,972.4,293.0,85.4618,85.4662,85.4196,0.0422,0.0466,0.0043
4064,1027.9,309.4,85.4642,85.4686,85.4219,0.0423,0.0466,0.0043
4065,973.9,285.1,85.4667,85.4710,85.4244,0.0423,0.0466,0.0044
4066,1026.0,342.1,85.4691,85.4734,85.4271,0.0420,0.0464,0.0044
4067,974.7,306.8,85.4715,85.4759,85.4295,0.0420,0.0463,0.0044
4068,997.0,261.6,85.4740,85.4783,85.4321,0.0419,0.0462,0.0044
4069,1067.6,328.8,85.4764,85.4808,85.4348,0.0416,0.0460,0.0044
4070,936.2,322.2,85.4789,85.4832,85.4378,0.0411,0.0454,0.0044
4071,1000.4,316.2,85.4813,85.4857,85.4405,0.0408,0.0452,0.0044
4072,1004.8,350.0,85.4838,85.4882,85.4432,0.0406,0.0450,0.0044
4073,994.4,283.6,85.4863,85.4907,85.4458,0.0404,0.0448,0.0044
4074,997.5,304.5,85.4888,85.4931,85.4484,0.0403,0.0447,0.0044
4075,1001.3,301.5,85.4912,85.4956,85.4513,0.0400,0.0444,0.0044
4076,998.9,286.7,85.4937,85.4981,85.4537,0.0400,0.0444,0.0044
4077,999.5,306.4,85.4962,85.5006,85.4562,0.0400,0.0444,0.0044
4078,1003.5,301.1,85.4988,85.5032,85.4587,0.0401,0.0445,0.0044
4079,998.0,269.5,85.5013,85.5057,85.4616,0.0397,0.0441,0.0044
4080,1010.1,317.1,85.5038,85.5082,85.4636,0.0402,0.0446,0.0044
4081,989.4,288.3,85.5063,85.5108,85.4660,0.0403,0.0447,0.0044
4082,1009.1,283.3,85.5089,85.5133,85.4691,0.0398,0.0442,0.0044
4083,1001.4,300.9,85.5114,85.5159,85.4715,0.0399,0.0443,0.0044
4084,981.1,273.2,85.5140,85.5184,85.4741,0.0399,0.0444,0.0044
4085,1034.5,297.2,85.5166,85.5210,85.4765,0.0401,0.0445,0.0044
4086,983.3,304.7,85.5191,85.5236,85.4791,0.0400,0.0444,0.0044
4087,997.7,306.7,85.5217,85.5261,85.4820,0.0397,0.0441,0.0044
4088,996.7,314.1,85.5243,85.5287,85.4847,0.0396,0.0440,0.0044
4089,1004.4,302.0,85.5269,85.5313,85.4874,0.0395,0.0439,0.0044
4090,1000.0,365.0,85.5295,85.5339,85.4903,0.0392,0.0436,0.0044
4091,992.3,287.2,85.5321,85.5365,85.4929,0.0392,0.0437,0.0044
4092,1000.1,324.7,85.5347,85.5392,85.4954,0.0393,0.0438,0.0045
4093,999.9,334.0,85.5373,85.5418,85.4978,0.0396,0.0440,0.0045
4094,1001.1,323.3,85.5400,85.5444,85.5003,0.0397,0.0441,0.0045
4095,996.4,355.5,85.5426,85.5471,85.5030,0.0396,0.0441,0.0045
4096,1000.5,319.4,85.5452,85.5497,85.5055,0.0397,0.0442,0.0045
4097,998.7,302.7,85.5479,85.5524,85.5081,0.0398,0.0442,0.0045
4098,1000.6,306.0,85.5505,85.5550,85.5109,0.0396,0.0441,0.0045
4099,1000.1,297.9,85.5532,85.5577,85.5109,0.0423,0.0468,0.0045
4100,999.4,307.1,85.5559,85.5604,85.5138,0.0421,0.0466,0.0045
4101,998.7,330.6,85.5586,85.5630,85.5164,0.0422,0.0466,0.0045
4102,1000.7,304.6,85.5612,85.5657,85.5191,0.0422,0.0467,0.0045
4103,1001.6,293.0,85.5639,85.5684,85.5222,0.0418,0.0462,0.0045
4104,999.2,308.1,85.5666,85.5711,85.5252,0.0415,0.0459,0.0045
4105,1006.6,311.4,85.5693,85.5738,85.5282,0.0411,0.0456,0.0045
4106,996.6,269.1,85.5721,85.5766,85.5312,0.0409,0.0454,0.0045
4107,1029.1,336.4,85.5748,85.5793,85.5342,0.0406,0.0451,0.0045
4108,981.3,298.4,85.5775,85.5820,85.5370,0.0406,0.0451,0.0045
4109,992.2,261.6,85.5802,85.5848,85.5397,0.0405,0.0450,0.0045
4110,1022.8,291.2,85.5830,85.5875,85.5425,0.0405,0.0450,0.0045
4111,979.7,283.9,85.5857,85.5903,85.5455,0.0402,0.0448,0.0045
4112,995.1,271.5,85.5885,85.5930,85.5482,0.0403,0.0448,0.0045
4113,1024.7,309.9,85.5913,85.5958,85.5509,0.0404,0.0449,0.0045
4114,975.9,277.6,85.5940,85.5986,85.5536,0.0405,0.0450,0.0045
4115,1024.4,298.2,85.5968,85.6013,85.5566,0.0402,0.0448,0.0045
4116,979.4,262.0,85.5996,85.6041,85.5594,0.0402,0.0447,0.0045
4117,1017.8,321.9,85.6024,85.6069,85.5624,0.0400,0.0446,0.0045
4118,978.8,308.2,85.6052,85.6097,85.5654,0.0398,0.0444,0.0045
4119,1005.7,327.1,85.6080,85.6125,85.5685,0.0395,0.0441,0.0045
4120,991.5,330.3,85.6108,85.6154,85.5712,0.0396,0.0442,0.0046
4121,1000.4,327.9,85.6136,85.6182,85.5739,0.0398,0.0443,0.0046
4122,1004.1,285.8,85.6165,85.6210,85.5763,0.0401,0.0447,0.0046
4123,1022.1,386.4,85.6193,85.6239,85.5789,0.0404,0.0449,0.0046
4124,973.8,308.9,85.6221,85.6267,85.5814,0.0408,0.0453,0.0046
4125,1009.0,308.2,85.6250,85.6296,85.5838,0.0412,0.0457,0.0046
4126,998.3,314.5,85.6278,85.6324,85.5863,0.0416,0.0461,0.0046
4127,1000.4,288.0,85.6307,85.6353,85.5888,0.0419,0.0464,0.0046
4128,999.0,296.2,85.6336,85.6382,85.5912,0.0424,0.0470,0.0046
4129,1020.5,304.9,85.6365,85.6410,85.5935,0.0430,0.0476,0.0046
4130,972.5,249.7,85.6393,85.6439,85.5957,0.0436,0.0482,0.0046
4131,1001.4,294.8,85.6422,85.6468,85.5983,0.0440,0.0485,0.0046
4132,1027.2,299.5,85.6451,85.6497,85.6008,0.0443,0.0489,0.0046
4133,974.3,300.8,85.6480,85.6526,85.6033,0.0447,0.0493,0.0046
4134,1008.7,295.2,85.6509,85.6555,85.6057,0.0452,0.0498,0.0046
4135,993.2,257.8,85.6539,85.6585,85.6084,0.0454,0.0501,0.0046
4136,1023.3,327.1,85.6568,85.6614,85.6109,0.0459,0.0505,0.0046
4137,972.7,264.5,85.6597,85.6643,85.6134,0.0463,0.0510,0.0046
4138,1007.0,275.1,85.6627,85.6673,85.6159,0.0467,0.0513,0.0046
4139,991.5,294.4,85.6656,85.6702,85.6186,0.0470,0.0516,0.0046
4140,1025.9,317.4,85.6686,85.6732,85.6209,0.0476,0.0522,0.0046
4141,974.5,280.8,85.6715,85.6761,85.6234,0.0481,0.0527,0.0046
4142,1025.3,343.6,85.6745,85.6791,85.6259,0.0486,0.0532,0.0046
4143,975.2,300.5,85.6775,85.6821,85.6285,0.0490,0.0536,0.0046
4144,1024.6,322.0,85.6804,85.6851,85.6309,0.0495,0.0542,0.0046
4145,974.8,318.8,85.6834,85.6881,85.6334,0.0500,0.0546,0.0046
4146,1006.1,305.6,85.6864,85.6911,85.6360,0.0504,0.0551,0.0046
4147,999.2,261.1,85.6894,85.6941,85.6388,0.0507,0.0553,0.0046
4148,1002.5,313.5,85.6924,85.6971,85.6414,0.0511,0.0557,0.0046
4149,994.8,279.5,85.6955,85.7001,85.6442,0.0513,0.0559,0.0047
4150,1026.2,304.9,85.6985,85.7031,85.6469,0.0515,0.0562,0.0047
4151,972.7,285.4,85.7015,85.7062,85.6500,0.0515,0.0562,0.0047
4152,1007.2,290.0,85.7046,85.7092,85.6530,0.0516,0.0562,0.0047
4153,1019.9,300.1,85.7076,85.7123,85.6559,0.0517,0.0563,0.0047
4154,974.1,278.9,85.7106,85.7153,85.6589,0.0517,0.0564,0.0047
4155,997.5,271.7,85.7137,85.7184,85.6621,0.0516,0.0563,0.0047
4156,1029.6,316.9,85.7168,85.7214,85.6650,0.0517,0.0564,0.0047
4157,974.1,273.8,85.7198,85.7245,85.6680,0.0519,0.0565,0.0047
4158,998.0,278.3,85.7229,85.7276,85.6709,0.0520,0.0567,0.0047
4159,965.7,311.3,85.7260,85.7307,85.6742,0.0518,0.0565,0.0047
4160,1039.1,318.7,85.7291,85.7338,85.6773,0.0518,0.0565,0.0047
4161,992.5,302.4,85.7322,85.7369,85.6802,0.0520,0.0567,0.0047
4162,999.5,272.6,85.7353,85.7400,85.6832,0.0521,0.0568,0.0047
4163,1000.1,297.3,85.7384,85.7431,85.6864,0.0520,0.0567,0.0047
4164,1000.0,293.0,85.7415,85.7462,85.6894,0.0521,0.0568,0.0047
4165,1000.9,267.9,85.7447,85.7494,85.6925,0.0522,0.0569,0.0047
4166,999.5,317.9,85.7478,85.7525,85.6957,0.0521,0.0568,0.0047
4167,999.6,302.3,85.7509,85.7557,85.6993,0.0517,0.0564,0.0047
4168,1002.2,283.1,85.7541,85.7588,85.7025,0.0516,0.0563,0.0047
4169,999.8,341.9,85.7572,85.7620,85.7055,0.0517,0.0564,0.0047
4170,999.2,358.9,85.7604,85.7651,85.7084,0.0520,0.0567,0.0047
4171,1001.1,311.2,85.7636,85.7683,85.7113,0.0522,0.0570,0.0047
4172,1000.5,318.2,85.7667,85.7715,85.7137,0.0530,0.0578,0.0047
4173,998.7,324.2,85.7699,85.7747,85.7160,0.0539,0.0587,0.0047
4174,1001.4,292.7,85.7731,85.7778,85.7185,0.0547,0.0594,0.0047
4175,998.4,308.6,85.7763,85.7810,85.7213,0.0550,0.0598,0.0047
4176,999.9,274.8,85.7795,85.7843,85.7242,0.0553,0.0601,0.0047
4177,1000.9,277.4,85.7827,85.7875,85.7272,0.0555,0.0603,0.0047
4178,996.9,302.1,85.7859,85.7907,85.7302,0.0557,0.0605,0.0048
4179,1001.5,336.6,85.7892,85.7939,85.7333,0.0558,0.0606,0.0048
4180,972.1,328.1,85.7924,85.7971,85.7367,0.0557,0.0604,0.0048
4181,1026.5,354.6,85.7956,85.8004,85.7400,0.0556,0.0603,0.0048
4182,1002.2,357.0,85.7989,85.8036,85.7434,0.0554,0.0602,0.0048
4183,996.2,323.8,85.8021,85.8069,85.7468,0.0553,0.0601,0.0048
4184,1001.2,341.1,85.8054,85.8101,85.7501,0.0552,0.0600,0.0048
4185,999.1,310.5,85.8086,85.8134,85.7537,0.0549,0.0597,0.0048
4186,1001.5,345.9,85.8119,85.8167,85.7569,0.0550,0.0597,0.0048
4187,1000.0,337.8,85.8152,85.8200,85.7602,0.0550,0.0597,0.0048
4188,1000.4,311.8,85.8185,85.8232,85.7638,0.0547,0.0595,0.0048
4189,998.9,353.1,85.8217,85.8265,85.7672,0.0546,0.0593,0.0048
4190,1001.9,324.3,85.8250,85.8298,85.7707,0.0544,0.0592,0.0048
4191,999.0,346.0,85.8283,85.8331,85.7743,0.0541,0.0589,0.0048
4192,1001.6,301.4,85.8317,85.8365,85.7782,0.0535,0.0583,0.0048
4193,997.3,334.1,85.8350,85.8398,85.7818,0.0532,0.0580,0.0048
4194,1000.5,366.4,85.8383,85.8431,85.7853,0.0530,0.0578,0.0048
4195,1001.1,378.6,85.8416,85.8464,85.7888,0.0529,0.0577,0.0048
4196,1001.0,368.7,85.8450,85.8498,85.7925,0.0524,0.0572,0.0048
4197,1000.3,286.5,85.8483,85.8531,85.7960,0.0523,0.0571,0.0048
4198,1000.7,271.7,85.8517,85.8565,85.7995,0.0522,0.0570,0.0048
4199,999.6,318.3,85.8550,85.8598,85.8030,0.0520,0.0568,0.0048
4200,1000.5,301.3,85.8584,85.8632,85.8066,0.0517,0.0566,0.0048
4201,1005.9,334.9,85.8617,85.8666,85.8100,0.0517,0.0565,0.0048
4202,995.4,320.7,85.8651,85.8700,85.8135,0.0517,0.0565,0.0048
4203,1000.4,302.0,85.8685,85.8733,85.8171,0.0514,0.0563,0.0048
4204,1002.8,303.7,85.8719,85.8767,85.8209,0.0510,0.0558,0.0048
4205,1000.6,288.3,85.8753,85.8801,85.8244,0.0509,0.0557,0.0048
4206,1019.5,336.3,85.8787,85.8835,85.8279,0.0508,0.0556,0.0048
4207,974.5,281.7,85.8821,85.8870,85.8314,0.0507,0.0556,0.0048
4208,1025.8,339.0,85.8855,85.8904,85.8350,0.0505,0.0554,0.0049
4209,974.2,303.2,85.8889,85.8938,85.8382,0.0507,0.0556,0.0049
4210,1002.1,281.0,85.8924,85.8972,85.8413,0.0511,0.0560,0.0049
4211,1027.8,344.5,85.8958,85.9007,85.8442,0.0516,0.0565,0.0049
4212,971.8,285.2,85.8993,85.9041,85.8474,0.0518,0.0567,0.0049
4213,1026.5,338.1,85.9027,85.9076,85.8506,0.0521,0.0569,0.0049
4214,973.2,309.8,85.9062,85.9110,85.8540,0.0522,0.0570,0.0049
4215,1000.8,272.2,85.9096,85.9145,85.8576,0.0521,0.0569,0.0049
4216,1025.7,351.1,85.9131,85.9180,85.8612,0.0519,0.0568,0.0049
4217,973.6,293.3,85.9166,85.9215,85.8650,0.0515,0.0564,0.0049
4218,1026.0,311.2,85.9201,85.9249,85.8686,0.0515,0.0564,0.0049
4219,975.2,314.2,85.9235,85.9284,85.8721,0.0515,0.0564,0.0049
4220,1007.0,334.4,85.9270,85.9319,85.8754,0.0517,0.0565,0.0049
4221,1005.4,300.2,85.9305,85.9354,85.8790,0.0516,0.0565,0.0049
4222,984.6,341.3,85.9340,85.9389,85.8825,0.0516,0.0565,0.0049
4223,1003.3,333.4,85.9376,85.9425,85.8861,0.0515,0.0564,0.0049
4224,995.0,335.6,85.9411,85.9460,85.8898,0.0513,0.0562,0.0049
4225,999.5,339.2,85.9446,85.9495,85.8930,0.0516,0.0565,0.0049
4226,1000.7,325.0,85.9481,85.9531,85.8962,0.0519,0.0569,0.0049
4227,998.1,336.4,85.9517,85.9566,85.8996,0.0521,0.0570,0.0049
4228,1000.0,308.5,85.9552,85.9602,85.9036,0.0517,0.0566,0.0049
4229,999.6,327.6,85.9588,85.9637,85.9073,0.0515,0.0564,0.0049
4230,1002.0,326.6,85.9624,85.9673,85.9111,0.0512,0.0561,0.0049
4231,998.6,321.8,85.9659,85.9708,85.9147,0.0512,0.0561,0.0049
4232,1003.9,335.9,85.9695,85.9744,85.9183,0.0512,0.0562,0.0049
4233,999.6,327.2,85.9731,85.9780,85.9213,0.0518,0.0567,0.0049
4234,1000.4,325.2,85.9767,85.9816,85.9243,0.0523,0.0573,0.0049
4235,997.7,331.4,85.9803,85.9852,85.9275,0.0527,0.0577,0.0049
4236,1001.9,297.3,85.9839,85.9888,85.9308,0.0531,0.0580,0.0049
4237,998.9,341.6,85.9875,85.9924,85.9344,0.0531,0.0581,0.0049
4238,1000.8,347.3,85.9911,85.9960,85.9378,0.0532,0.0582,0.0050
4239,997.5,346.5,85.9947,85.9996,85.9414,0.0533,0.0583,0.0050
4240,1001.8,265.3,85.9983,86.0033,85.9449,0.0534,0.0584,0.0050
4241,1002.1,295.3,86.0020,86.0069,85.9486,0.0534,0.0583,0.0050
4242,1004.2,290.0,86.0056,86.0106,85.9520,0.0536,0.0586,0.0050
4243,1023.4,358.2,86.0092,86.0142,85.9552,0.0541,0.0590,0.0050
4244,973.2,330.6,86.0129,86.0179,85.9583,0.0546,0.0595,0.0050
4245,1001.7,336.5,86.0165,86.0215,85.9618,0.0548,0.0597,0.0050
4246,992.9,304.9,86.0202,86.0252,85.9649,0.0553,0.0603,0.0050
4247,1005.6,294.1,86.0239,86.0289,85.9679,0.0559,0.0609,0.0050
4248,1023.2,335.4,86.0276,86.0325,85.9709,0.0567,0.0617,0.0050
4249,974.4,322.1,86.0312,86.0362,85.9741,0.0571,0.0621,0.0050
4250,999.3,287.4,86.0349,86.0399,85.9774,0.0576,0.0626,0.0050
4251,1026.2,331.0,86.0386,86.0436,85.9806,0.0580,0.0630,0.0050
4252,974.7,294.6,86.0423,86.0473,85.9839,0.0584,0.0634,0.0050
4253,1028.2,322.4,86.0460,86.0510,85.9880,0.0580,0.0630,0.0050
4254,971.9,303.1,86.0498,86.0548,85.9908,0.0590,0.0640,0.0050
4255,1027.9,331.2,86.0535,86.0585,85.9947,0.0588,0.0638,0.0050
4256,973.7,299.8,86.0572,86.0622,85.9983,0.0589,0.0639,0.0050
4257,1026.6,337.2,86.0609,86.0660,86.0022,0.0588,0.0638,0.0050
4258,973.4,303.3,86.0647,86.0697,86.0057,0.0590,0.0640,0.0050
4259,1026.2,338.0,86.0684,86.0734,86.0091,0.0593,0.0643,0.0050
4260,973.3,323.3,86.0722,86.0772,86.0129,0.0593,0.0643,0.0050
4261,1001.0,313.6,86.0759,86.0810,86.0165,0.0594,0.0645,0.0050
4262,1004.5,279.2,86.0797,86.0847,86.0201,0.0596,0.0646,0.0050
4263,1022.7,348.7,86.0835,86.0885,86.0239,0.0596,0.0646,0.0050
4264,974.1,298.2,86.0873,86.0923,86.0277,0.0595,0.0646,0.0050
4265,1026.1,315.0,86.0910,86.0961,86.0319,0.0592,0.0642,0.0050
4266,973.4,305.1,86.0948,86.0999,86.0358,0.0590,0.0641,0.0050
4267,1002.4,263.5,86.0986,86.1037,86.0398,0.0589,0.0639,0.0050
4268,1021.2,323.0,86.1024,86.1075,86.0437,0.0587,0.0637,0.0050
4269,974.4,316.7,86.1062,86.1113,86.0479,0.0584,0.0634,0.0050
4270,1000.3,307.1,86.1101,86.1151,86.0517,0.0584,0.0634,0.0051
4271,1002.0,308.0,86.1139,86.1189,86.0556,0.0583,0.0634,0.0051
4272,1000.2,271.5,86.1177,86.1228,86.0594,0.0583,0.0634,0.0051
4273,1023.2,345.7,86.1216,86.1266,86.0594,0.0622,0.0672,0.0051
4274,974.6,287.8,86.1254,86.1305,86.0636,0.0617,0.0668,0.0051
4275,1028.0,319.8,86.1292,86.1343,86.0676,0.0616,0.0667,0.0051
4276,973.3,302.9,86.1331,86.1382,86.0717,0.0614,0.0665,0.0051
4277,1001.8,253.3,86.1370,86.1420,86.0762,0.0608,0.0659,0.0051
4278,1025.5,330.0,86.1408,86.1459,86.0803,0.0606,0.0656,0.0051
4279,973.6,265.6,86.1447,86.1498,86.0844,0.0603,0.0654,0.0051
4280,1025.9,312.1,86.1486,86.1537,86.0883,0.0602,0.0653,0.0051
4281,973.8,310.9,86.1525,86.1575,86.0924,0.0601,0.0652,0.0051
4282,1003.1,273.6,86.1564,86.1614,86.0960,0.0604,0.0655,0.0051
4283,995.9,262.3,86.1602,86.1653,86.0995,0.0608,0.0659,0.0051
4284,995.8,290.9,86.1642,86.1692,86.1029,0.0612,0.0663,0.0051
4285,1010.7,354.1,86.1681,86.1732,86.1069,0.0611,0.0662,0.0051
4286,993.7,279.6,86.1720,86.1771,86.1108,0.0612,0.0663,0.0051
4287,990.3,247.7,86.1759,86.1810,86.1146,0.0613,0.0664,0.0051
4288,1014.5,300.6,86.1798,86.1849,86.1184,0.0615,0.0666,0.0051
4289,994.8,297.8,86.1838,86.1889,86.1225,0.0613,0.0664,0.0051
4290,1008.3,294.7,86.1877,86.1928,86.1263,0.0614,0.0665,0.0051
4291,992.3,313.2,86.1917,86.1968,86.1301,0.0616,0.0667,0.0051
4292,1000.4,315.4,86.1956,86.2007,86.1340,0.0616,0.0668,0.0051
4293,997.6,316.8,86.1996,86.2047,86.1383,0.0613,0.0664,0.0051
4294,1000.0,346.1,86.2035,86.2087,86.1422,0.0613,0.0665,0.0051
4295,997.9,334.9,86.2075,86.2126,86.1462,0.0613,0.0665,0.0051
4296,1002.2,343.6,86.2115,86.2166,86.1501,0.0613,0.0665,0.0051
4297,998.7,320.1,86.2155,86.2206,86.1546,0.0609,0.0660,0.0051
4298,1004.8,295.7,86.2195,86.2246,86.1589,0.0606,0.0657,0.0051
4299,995.7,333.6,86.2234,86.2286,86.1633,0.0601,0.0653,0.0051
4300,1002.5,302.2,86.2275,86.2326,86.1677,0.0598,0.0649,0.0051
4301,1001.0,318.8,86.2315,86.2366,86.1723,0.0592,0.0643,0.0051
4302,1001.1,313.5,86.2355,86.2406,86.1765,0.0590,0.0642,0.0052
4303,998.7,291.8,86.2395,86.2446,86.1806,0.0589,0.0641,0.0052
4304,1025.2,287.1,86.2435,86.2487,86.1845,0.0590,0.0641,0.0052
4305,978.5,288.3,86.2476,86.2527,86.1887,0.0588,0.0640,0.0052
4306,1021.8,330.3,86.2516,86.2568,86.1926,0.0590,0.0641,0.0052
4307,973.0,319.2,86.2556,86.2608,86.1965,0.0591,0.0643,0.0052
4308,1003.3,332.0,86.2597,86.2649,86.2006,0.0591,0.0643,0.0052
4309,1000.7,318.7,86.2637,86.2689,86.2049,0.0589,0.0640,0.0052
4310,996.2,292.8,86.2678,86.2730,86.2088,0.0590,0.0641,0.0052
4311,1023.9,352.1,86.2719,86.2771,86.2127,0.0592,0.0644,0.0052
4312,973.5,326.5,86.2759,86.2811,86.2164,0.0596,0.0648,0.0052
4313,1005.6,317.0,86.2800,86.2852,86.2201,0.0599,0.0651,0.0052
4314,998.1,342.0,86.2841,86.2893,86.2236,0.0606,0.0657,0.0052
4315,996.2,297.5,86.2882,86.2934,86.2268,0.0614,0.0666,0.0052
4316,1025.8,383.1,86.2923,86.2975,86.2299,0.0624,0.0676,0.0052
4317,974.2,331.7,86.2964,86.3016,86.2331,0.0633,0.0685,0.0052
4318,1001.0,279.8,86.3005,86.3057,86.2366,0.0639,0.0691,0.0052
4319,999.2,391.9,86.3046,86.3098,86.2401,0.0645,0.0697,0.0052
4320,1000.1,363.4,86.3088,86.3140,86.2438,0.0650,0.0702,0.0052
4321,1004.5,346.2,86.3129,86.3181,86.2478,0.0651,0.0703,0.0052
4322,998.6,371.0,86.3170,86.3222,86.2516,0.0654,0.0706,0.0052
4323,997.1,345.7,86.3212,86.3264,86.2555,0.0657,0.0709,0.0052
4324,999.7,339.7,86.3253,86.3305,86.2593,0.0660,0.0713,0.0052
4325,1004.1,337.7,86.3295,86.3347,86.2632,0.0663,0.0715,0.0052
4326,1001.8,335.7,86.3336,86.3388,86.2668,0.0668,0.0720,0.0052
4327,997.3,332.4,86.3378,86.3430,86.2706,0.0672,0.0724,0.0052
4328,999.9,313.2,86.3420,86.3472,86.2745,0.0674,0.0727,0.0052
4329,997.2,342.0,86.3461,86.3514,86.2787,0.0674,0.0726,0.0052
4330,1000.7,311.4,86.3503,86.3555,86.2827,0.0676,0.0728,0.0052
4331,1005.0,339.6,86.3545,86.3597,86.2867,0.0678,0.0730,0.0052
4332,992.9,330.0,86.3587,86.3639,86.2909,0.0678,0.0731,0.0052
4333,1002.8,313.6,86.3629,86.3681,86.2952,0.0676,0.0729,0.0052
4334,1002.9,339.0,86.3671,86.3723,86.2993,0.0678,0.0730,0.0052
4335,994.5,304.9,86.3713,86.3766,86.3033,0.0681,0.0733,0.0052
4336,1004.1,328.3,86.3755,86.3808,86.3070,0.0685,0.0738,0.0053
4337,1000.4,335.6,86.3797,86.3850,86.3108,0.0690,0.0742,0.0053
4338,995.7,345.2,86.3840,86.3892,86.3149,0.0691,0.0744,0.0053
4339,1000.2,323.4,86.3882,86.3935,86.3188,0.0694,0.0747,0.0053
4340,1002.9,305.7,86.3925,86.3977,86.3230,0.0695,0.0747,0.0053
4341,1004.4,338.8,86.3967,86.4020,86.3276,0.0691,0.0744,0.0053
4342,993.5,321.4,86.4009,86.4062,86.3318,0.0692,0.0745,0.0053
4343,1008.1,307.7,86.4052,86.4105,86.3360,0.0692,0.0745,0.0053
4344,996.5,315.4,86.4095,86.4147,86.3401,0.0693,0.0746,0.0053
4345,998.8,335.8,86.4137,86.4190,86.3445,0.0692,0.0745,0.0053
4346,998.7,348.6,86.4180,86.4233,86.3485,0.0695,0.0748,0.0053
4347,1000.7,306.5,86.4223,86.4276,86.3524,0.0699,0.0752,0.0053
4348,1004.8,259.6,86.4266,86.4319,86.3562,0.0704,0.0757,0.0053
4349,1021.9,350.4,86.4309,86.4362,86.3601,0.0708,0.0761,0.0053
4350,973.2,298.0,86.4352,86.4405,86.3645,0.0707,0.0760,0.0053
4351,1026.6,316.9,86.4395,86.4448,86.3687,0.0708,0.0761,0.0053
4352,973.5,311.5,86.4438,86.4491,86.3730,0.0708,0.0761,0.0053
4353,1000.2,325.8,86.4481,86.4534,86.3777,0.0704,0.0757,0.0053
4354,996.7,308.4,86.4524,86.4577,86.3822,0.0702,0.0755,0.0053
4355,997.5,307.4,86.4568,86.4621,86.3867,0.0700,0.0754,0.0053
4356,1008.3,311.4,86.4611,86.4664,86.3910,0.0701,0.0754,0.0053
4357,995.8,293.7,86.4654,86.4707,86.3955,0.0699,0.0753,0.0053
4358,1024.2,335.0,86.4698,86.4751,86.3997,0.0700,0.0754,0.0053
4359,974.8,308.8,86.4741,86.4794,86.4041,0.0700,0.0753,0.0053
4360,1001.9,300.1,86.4785,86.4838,86.4087,0.0698,0.0751,0.0053
4361,1000.6,335.8,86.4828,86.4882,86.4138,0.0690,0.0743,0.0053
4362,998.7,324.5,86.4872,86.4925,86.4187,0.0685,0.0738,0.0053
4363,1002.9,300.4,86.4916,86.4969,86.4237,0.0679,0.0732,0.0053
4364,1002.2,321.8,86.4960,86.5013,86.4287,0.0673,0.0726,0.0053
4365,998.5,299.9,86.5003,86.5057,86.4336,0.0667,0.0720,0.0053
4366,999.1,308.9,86.5047,86.5101,86.4389,0.0658,0.0711,0.0053
4367,999.4,314.2,86.5091,86.5145,86.4437,0.0655,0.0708,0.0053
4368,999.4,250.8,86.5135,86.5189,86.4485,0.0651,0.0704,0.0053
4369,990.8,305.7,86.5179,86.5233,86.4533,0.0646,0.0700,0.0053
4370,998.9,348.3,86.5223,86.5277,86.4587,0.0636,0.0690,0.0053
4371,1008.0,374.4,86.5268,86.5321,86.4638,0.0629,0.0683,0.0054
4372,998.5,338.8,86.5312,86.5365,86.4689,0.0623,0.0676,0.0054
4373,1001.3,346.7,86.5356,86.5410,86.4739,0.0618,0.0671,0.0054
4374,998.7,339.1,86.5400,86.5454,86.4786,0.0614,0.0668,0.0054
4375,1004.1,299.3,86.5445,86.5498,86.4834,0.0611,0.0665,0.0054
4376,994.9,308.2,86.5489,86.5543,86.4876,0.0613,0.0666,0.0054
4377,999.5,315.8,86.5534,86.5587,86.4918,0.0615,0.0669,0.0054
4378,999.8,303.4,86.5578,86.5632,86.4960,0.0618,0.0672,0.0054
4379,999.9,301.9,86.5623,86.5677,86.5005,0.0618,0.0672,0.0054
4380,1000.2,397.2,86.5668,86.5721,86.5048,0.0620,0.0674,0.0054
4381,1000.2,312.9,86.5712,86.5766,86.5091,0.0621,0.0675,0.0054
4382,1000.3,409.1,86.5757,86.5811,86.5134,0.0623,0.0677,0.0054
4383,999.8,314.8,86.5802,86.5856,86.5180,0.0623,0.0676,0.0054
4384,1001.2,313.9,86.5847,86.5901,86.5220,0.0627,0.0680,0.0054
4385,1000.0,404.4,86.5892,86.5946,86.5261,0.0631,0.0685,0.0054
4386,1003.2,285.9,86.5937,86.5991,86.5300,0.0637,0.0691,0.0054
4387,996.7,302.0,86.5982,86.6036,86.5343,0.0639,0.0693,0.0054
4388,1000.0,320.9,86.6027,86.6081,86.5384,0.0643,0.0697,0.0054
4389,1002.2,298.4,86.6072,86.6126,86.5426,0.0646,0.0700,0.0054
4390,1010.5,319.1,86.6118,86.6172,86.5468,0.0650,0.0704,0.0054
4391,983.9,289.2,86.6163,86.6217,86.5513,0.0650,0.0704,0.0054
4392,1010.0,272.4,86.6208,86.6262,86.5556,0.0653,0.0707,0.0054
4393,1023.2,326.7,86.6254,86.6308,86.5597,0.0657,0.0711,0.0054
4394,976.4,348.4,86.6299,86.6353,86.5638,0.0661,0.0715,0.0054
4395,994.5,321.8,86.6344,86.6399,86.5683,0.0662,0.0716,0.0054
4396,1009.4,339.2,86.6390,86.6444,86.5723,0.0667,0.0721,0.0054
4397,987.6,304.4,86.6436,86.6490,86.5764,0.0671,0.0726,0.0054
4398,1007.8,298.3,86.6481,86.6536,86.5805,0.0677,0.0731,0.0054
4399,999.5,294.8,86.6527,86.6581,86.5848,0.0679,0.0733,0.0054
4400,992.3,295.0,86.6573,86.6627,86.5889,0.0684,0.0739,0.0054
4401,1028.9,342.6,86.6619,86.6673,86.5929,0.0689,0.0744,0.0054
4402,974.0,308.9,86.6665,86.6719,86.5971,0.0694,0.0748,0.0054
4403,1006.2,305.8,86.6710,86.6765,86.6014,0.0696,0.0751,0.0054
4404,1001.4,309.9,86.6756,86.6811,86.6053,0.0704,0.0758,0.0054
4405,1000.0,314.9,86.6803,86.6857,86.6090,0.0712,0.0767,0.0054
4406,1001.4,300.0,86.6849,86.6903,86.6127,0.0721,0.0776,0.0054
4407,996.3,313.7,86.6895,86.6949,86.6168,0.0727,0.0782,0.0055
4408,1003.2,284.0,86.6941,86.6995,86.6206,0.0735,0.0790,0.0055
4409,993.2,309.5,86.6987,86.7042,86.6244,0.0743,0.0798,0.0055
4410,997.2,281.5,86.7034,86.7088,86.6283,0.0750,0.0805,0.0055
4411,1029.6,326.5,86.7080,86.7135,86.6326,0.0754,0.0808,0.0055
4412,975.4,305.0,86.7126,86.7181,86.6368,0.0758,0.0813,0.0055
4413,1007.7,309.5,86.7173,86.7227,86.6412,0.0760,0.0815,0.0055
4414,998.5,295.4,86.7219,86.7274,86.6457,0.0762,0.0817,0.0055
4415,996.8,290.4,86.7266,86.7321,86.6504,0.0762,0.0817,0.0055
4416,1023.4,307.4,86.7313,86.7367,86.6547,0.0765,0.0820,0.0055
4417,973.5,285.8,86.7359,86.7414,86.6590,0.0770,0.0824,0.0055
4418,1026.3,308.7,86.7406,86.7461,86.6634,0.0772,0.0827,0.0055
4419,971.5,290.9,86.7453,86.7508,86.6684,0.0768,0.0823,0.0055
4420,997.7,329.9,86.7500,86.7554,86.6733,0.0766,0.0821,0.0055
4421,1002.1,310.6,86.7546,86.7601,86.6784,0.0763,0.0818,0.0055
4422,1008.3,293.8,86.7593,86.7648,86.6834,0.0760,0.0815,0.0055
4423,1017.9,340.6,86.7640,86.7695,86.6888,0.0752,0.0807,0.0055
4424,974.5,277.1,86.7687,86.7742,86.6938,0.0749,0.0804,0.0055
4425,1025.4,321.4,86.7735,86.7790,86.6988,0.0747,0.0802,0.0055
4426,974.2,268.4,86.7782,86.7837,86.7036,0.0746,0.0801,0.0055
4427,1028.4,331.4,86.7829,86.7884,86.7096,0.0733,0.0788,0.0055
4428,973.5,272.0,86.7876,86.7931,86.7137,0.0739,0.0794,0.0055
4429,1014.8,317.2,86.7924,86.7979,86.7196,0.0728,0.0783,0.0055
4430,982.1,293.9,86.7971,86.8026,86.7247,0.0723,0.0779,0.0055
4431,1005.7,306.3,86.8018,86.8073,86.7303,0.0715,0.0770,0.0055
4432,1003.2,273.1,86.8066,86.8121,86.7355,0.0711,0.0766,0.0055
4433,1020.6,328.3,86.8113,86.8168,86.7404,0.0709,0.0764,0.0055
4434,974.5,260.1,86.8161,86.8216,86.7456,0.0705,0.0760,0.0055
4435,1025.7,328.0,86.8208,86.8264,86.7501,0.0707,0.0762,0.0055
4436,974.2,303.7,86.8256,86.8311,86.7548,0.0708,0.0764,0.0055
4437,1005.4,277.1,86.8304,86.8359,86.7596,0.0708,0.0763,0.0055
4438,1022.5,318.7,86.8352,86.8407,86.7596,0.0756,0.0811,0.0055
4439,971.7,298.1,86.8399,86.8455,86.7649,0.0751,0.0806,0.0055
4440,995.0,279.0,86.8447,86.8503,86.7699,0.0749,0.0804,0.0055
4441,1028.4,324.2,86.8495,86.8551,86.7749,0.0746,0.0801,0.0055
4442,974.0,288.3,86.8543,86.8599,86.7806,0.0738,0.0793,0.0055
4443,1025.8,350.7,86.8591,86.8647,86.7857,0.0734,0.0789,0.0055
4444,974.7,330.6,86.8639,86.8695,86.7909,0.0730,0.0786,0.0055
4445,997.9,326.0,86.8688,86.8743,86.7960,0.0727,0.0783,0.0056
4446,1007.4,348.4,86.8736,86.8791,86.8014,0.0721,0.0777,0.0056
4447,992.7,287.8,86.8784,86.8840,86.8064,0.0720,0.0776,0.0056
4448,1001.1,276.5,86.8832,86.8888,86.8114,0.0719,0.0774,0.0056
4449,1029.1,339.1,86.8881,86.8936,86.8163,0.0718,0.0774,0.0056
4450,971.4,299.6,86.8929,86.8985,86.8215,0.0714,0.0770,0.0056
4451,1004.9,329.5,86.8977,86.9033,86.8262,0.0716,0.0771,0.0056
4452,996.3,317.8,86.9026,86.9082,86.8308,0.0718,0.0773,0.0056
4453,1006.0,301.4,86.9074,86.9130,86.8354,0.0720,0.0776,0.0056
4454,997.9,284.4,86.9123,86.9179,86.8401,0.0722,0.0777,0.0056
4455,1024.0,313.6,86.9172,86.9227,86.8444,0.0727,0.0783,0.0056
4456,973.3,287.5,86.9220,86.9276,86.8489,0.0731,0.0787,0.0056
4457,1026.2,290.1,86.9269,86.9325,86.8534,0.0735,0.0791,0.0056
4458,981.3,278.3,86.9318,86.9374,86.8583,0.0735,0.0791,0.0056
4459,1018.8,320.8,86.9367,86.9423,86.8628,0.0739,0.0795,0.0056
4460,972.5,291.1,86.9416,86.9471,86.8671,0.0744,0.0800,0.0056
4461,1026.8,311.5,86.9465,86.9520,86.8714,0.0751,0.0807,0.0056
4462,972.0,301.0,86.9514,86.9569,86.8758,0.0755,0.0811,0.0056
4463,1006.8,283.3,86.9563,86.9619,86.8799,0.0764,0.0820,0.0056
4464,1019.0,337.7,86.9612,86.9668,86.8839,0.0773,0.0829,0.0056
4465,974.9,288.7,86.9661,86.9717,86.8880,0.0781,0.0837,0.0056
4466,1025.2,309.2,86.9710,86.9766,86.8926,0.0784,0.0840,0.0056
4467,974.1,262.8,86.9759,86.9815,86.8970,0.0789,0.0845,0.0056
4468,1025.7,357.0,86.9808,86.9865,86.9015,0.0793,0.0850,0.0056
4469,973.9,316.7,86.9858,86.9914,86.9062,0.0796,0.0852,0.0056
4470,998.5,327.0,86.9907,86.9963,86.9111,0.0796,0.0852,0.0056
4471,1003.0,340.0,86.9957,87.0013,86.9157,0.0800,0.0856,0.0056
4472,1001.1,332.7,87.0006,87.0062,86.9203,0.0804,0.0860,0.0056
4473,999.3,377.8,87.0056,87.0112,86.9248,0.0807,0.0863,0.0056
4474,999.3,357.6,87.0105,87.0161,86.9295,0.0811,0.0867,0.0056
4475,996.9,287.3,87.0155,87.0211,86.9346,0.0809,0.0865,0.0056
4476,1006.8,329.8,87.0204,87.0261,86.9397,0.0808,0.0864,0.0056
4477,995.8,331.2,87.0254,87.0311,86.9449,0.0805,0.0861,0.0056
4478,999.8,330.6,87.0304,87.0360,86.9503,0.0800,0.0857,0.0056
4479,1004.5,332.3,87.0354,87.0410,86.9561,0.0793,0.0849,0.0056
4480,996.2,291.0,87.0404,87.0460,86.9614,0.0790,0.0846,0.0056
4481,1004.6,333.9,87.0454,87.0510,86.9667,0.0787,0.0843,0.0056
4482,991.7,314.5,87.0504,87.0560,86.9720,0.0783,0.0840,0.0056
4483,1006.9,292.1,87.0554,87.0610,86.9773,0.0780,0.0837,0.0056
4484,998.7,327.5,87.0604,87.0660,86.9833,0.0771,0.0827,0.0056
4485,992.8,292.5,87.0654,87.0710,86.9889,0.0764,0.0821,0.0056
4486,999.9,320.4,87.0704,87.0760,86.9946,0.0758,0.0815,0.0057
4487,999.8,305.2,87.0754,87.0811,87.0002,0.0752,0.0809,0.0057
4488,1000.2,303.6,87.0804,87.0861,87.0059,0.0745,0.0801,0.0057
4489,1000.2,302.8,87.0855,87.0911,87.0111,0.0743,0.0800,0.0057
4490,999.8,256.3,87.0905,87.0962,87.0162,0.0743,0.0800,0.0057
4491,1031.3,341.4,87.0955,87.1012,87.0214,0.0742,0.0798,0.0057
4492,972.2,289.4,87.1006,87.1062,87.0270,0.0736,0.0793,0.0057
4493,999.0,300.4,87.1056,87.1113,87.0323,0.0733,0.0790,0.0057
4494,1001.5,283.0,87.1107,87.1163,87.0378,0.0729,0.0786,0.0057
4495,1027.4,398.0,87.1157,87.1214,87.0432,0.0725,0.0782,0.0057
4496,973.7,307.1,87.1208,87.1265,87.0490,0.0718,0.0775,0.0057
4497,999.4,347.8,87.1259,87.1315,87.0544,0.0715,0.0771,0.0057
4498,1000.4,325.5,87.1309,87.1366,87.0598,0.0711,0.0768,0.0057
4499,1000.0,320.2,87.1360,87.1417,87.0652,0.0708,0.0764,0.0057
4500,999.8,341.8,87.1411,87.1468,87.0711,0.0700,0.0756,0.0057
4501,999.7,318.0,87.1462,87.1519,87.0767,0.0694,0.0751,0.0057
4502,1001.0,259.8,87.1513,87.1570,87.0824,0.0689,0.0746,0.0057
4503,1027.4,363.2,87.1564,87.1621,87.0879,0.0684,0.0741,0.0057
4504,974.0,298.6,87.1615,87.1672,87.0936,0.0678,0.0735,0.0057
4505,1004.6,324.8,87.1666,87.1723,87.0989,0.0677,0.0734,0.0057
4506,991.4,328.0,87.1717,87.1774,87.1041,0.0676,0.0733,0.0057
4507,1006.4,332.8,87.1768,87.1825,87.1092,0.0676,0.0733,0.0057
4508,993.4,305.9,87.1819,87.1876,87.1145,0.0674,0.0731,0.0057
4509,1004.1,342.1,87.1870,87.1927,87.1194,0.0676,0.0733,0.0057
4510,996.4,297.8,87.1922,87.1979,87.1243,0.0679,0.0736,0.0057
4511,1003.6,320.1,87.1973,87.2030,87.1290,0.0683,0.0740,0.0057
4512,1005.3,343.1,87.2024,87.2081,87.1338,0.0687,0.0744,0.0057
4513,993.5,302.1,87.2076,87.2133,87.1380,0.0696,0.0753,0.0057
4514,1003.9,310.1,87.2127,87.2184,87.1422,0.0706,0.0763,0.0057
4515,1001.8,324.7,87.2179,87.2236,87.1462,0.0716,0.0773,0.0057
4516,996.4,330.9,87.2230,87.2287,87.1504,0.0726,0.0783,0.0057
4517,995.7,274.2,87.2282,87.2339,87.1549,0.0733,0.0790,0.0057
4518,1027.9,357.3,87.2333,87.2391,87.1589,0.0744,0.0801,0.0057
4519,975.0,333.6,87.2385,87.2442,87.1631,0.0754,0.0811,0.0057
4520,999.7,388.3,87.2437,87.2494,87.1678,0.0758,0.0816,0.0057
4521,998.5,342.4,87.2488,87.2546,87.1721,0.0767,0.0825,0.0057
4522,1000.8,340.1,87.2540,87.2598,87.1764,0.0776,0.0833,0.0057
4523,1000.6,309.9,87.2592,87.2650,87.1807,0.0785,0.0842,0.0057
4524,1008.2,346.1,87.2644,87.2701,87.1854,0.0790,0.0848,0.0057
4525,990.0,274.7,87.2696,87.2753,87.1896,0.0800,0.0857,0.0057
4526,1027.0,348.9,87.2748,87.2805,87.1940,0.0808,0.0865,0.0057
4527,971.8,314.7,87.2800,87.2857,87.1986,0.0814,0.0871,0.0057
4528,1006.9,314.6,87.2852,87.2910,87.2037,0.0815,0.0872,0.0057
4529,1000.9,306.8,87.2904,87.2962,87.2088,0.0817,0.0874,0.0057
4530,997.6,303.4,87.2956,87.3014,87.2138,0.0819,0.0876,0.0058
4531,997.3,311.6,87.3009,87.3066,87.2188,0.0821,0.0878,0.0058
4532,1003.1,303.9,87.3061,87.3118,87.2241,0.0820,0.0878,0.0058
4533,999.5,297.6,87.3113,87.3171,87.2289,0.0824,0.0882,0.0058
4534,995.1,270.0,87.3165,87.3223,87.2337,0.0828,0.0886,0.0058
4535,1000.1,301.7,87.3218,87.3276,87.2386,0.0832,0.0889,0.0058
4536,1003.6,320.2,87.3270,87.3328,87.2442,0.0828,0.0886,0.0058
4537,1005.3,300.9,87.3323,87.3380,87.2494,0.0829,0.0886,0.0058
4538,999.5,332.0,87.3375,87.3433,87.2548,0.0828,0.0885,0.0058
4539,990.2,284.7,87.3428,87.3486,87.2602,0.0826,0.0884,0.0058
4540,1030.6,289.5,87.3480,87.3538,87.2659,0.0821,0.0879,0.0058
4541,972.8,298.4,87.3533,87.3591,87.2710,0.0823,0.0881,0.0058
4542,1027.4,315.6,87.3586,87.3644,87.2760,0.0826,0.0884,0.0058
4543,973.4,296.0,87.3639,87.3696,87.2809,0.0830,0.0888,0.0058
4544,1002.2,317.7,87.3691,87.3749,87.2864,0.0827,0.0885,0.0058
4545,1003.9,323.0,87.3744,87.3802,87.2917,0.0827,0.0885,0.0058
4546,992.3,291.6,87.3797,87.3855,87.2971,0.0826,0.0884,0.0058
4547,1028.2,300.7,87.3850,87.3908,87.3025,0.0825,0.0883,0.0058
4548,971.4,269.2,87.3903,87.3961,87.3084,0.0818,0.0876,0.0058
4549,1026.2,336.0,87.3956,87.4014,87.3139,0.0816,0.0874,0.0058
4550,974.3,288.9,87.4009,87.4067,87.3195,0.0814,0.0872,0.0058
4551,997.8,287.1,87.4062,87.4120,87.3249,0.0813,0.0871,0.0058
4552,1027.9,315.3,87.4115,87.4173,87.3308,0.0807,0.0865,0.0058
4553,974.9,298.1,87.4168,87.4226,87.3362,0.0806,0.0864,0.0058
4554,1002.4,326.7,87.4221,87.4279,87.3419,0.0803,0.0861,0.0058
4555,1006.2,319.6,87.4275,87.4333,87.3475,0.0800,0.0858,0.0058
4556,997.6,325.4,87.4328,87.4386,87.3535,0.0793,0.0851,0.0058
4557,996.6,316.0,87.4381,87.4439,87.3592,0.0789,0.0847,0.0058
4558,994.9,275.3,87.4435,87.4493,87.3648,0.0787,0.0845,0.0058
4559,1033.7,329.8,87.4488,87.4546,87.3704,0.0784,0.0842,0.0058
4560,968.6,305.7,87.4541,87.4600,87.3765,0.0777,0.0835,0.0058
4561,999.3,282.3,87.4595,87.4653,87.3822,0.0773,0.0831,0.0058
4562,1029.3,319.8,87.4648,87.4707,87.3878,0.0770,0.0829,0.0058
4563,972.9,278.9,87.4702,87.4760,87.3933,0.0769,0.0828,0.0058
4564,1025.9,375.2,87.4756,87.4814,87.3990,0.0765,0.0823,0.0058
4565,973.5,342.6,87.4809,87.4868,87.4042,0.0767,0.0825,0.0058
4566,998.8,311.0,87.4863,87.4921,87.4092,0.0771,0.0830,0.0058
4567,1003.2,281.1,87.4917,87.4975,87.4140,0.0776,0.0835,0.0058
4568,1023.0,336.0,87.4971,87.5029,87.4194,0.0777,0.0835,0.0058
4569,975.2,324.6,87.5024,87.5083,87.4244,0.0780,0.0839,0.0058
4570,998.8,336.4,87.5078,87.5137,87.4295,0.0783,0.0842,0.0058
4571,995.6,350.0,87.5132,87.5190,87.4346,0.0786,0.0844,0.0058
4572,999.8,314.2,87.5186,87.5244,87.4401,0.0785,0.0844,0.0058
4573,1004.0,316.4,87.5240,87.5298,87.4449,0.0791,0.0849,0.0058
4574,1001.5,320.6,87.5294,87.5352,87.4497,0.0797,0.0855,0.0058
4575,999.4,307.4,87.5348,87.5407,87.4545,0.0803,0.0862,0.0058
4576,998.7,273.4,87.5402,87.5461,87.4596,0.0806,0.0864,0.0058
4577,1028.3,338.0,87.5456,87.5515,87.4648,0.0809,0.0867,0.0059
4578,971.4,294.2,87.5511,87.5569,87.4700,0.0811,0.0869,0.0059
4579,1028.1,353.5,87.5565,87.5623,87.4753,0.0811,0.0870,0.0059
4580,973.3,292.6,87.5619,87.5678,87.4810,0.0809,0.0868,0.0059
4581,996.0,295.8,87.5673,87.5732,87.4861,0.0812,0.0871,0.0059
4582,1032.0,330.7,87.5728,87.5786,87.4912,0.0816,0.0874,0.0059
4583,973.9,288.8,87.5782,87.5841,87.4962,0.0820,0.0878,0.0059
4584,1026.0,320.5,87.5836,87.5895,87.5018,0.0818,0.0877,0.0059
4585,974.8,262.7,87.5891,87.5950,87.5070,0.0821,0.0879,0.0059
4586,1025.4,335.9,87.5945,87.6004,87.5124,0.0822,0.0881,0.0059
4587,974.1,305.0,87.6000,87.6059,87.5178,0.0822,0.0881,0.0059
4588,1000.2,262.1,87.6055,87.6113,87.5237,0.0817,0.0876,0.0059
4589,1025.6,339.1,87.6109,87.6168,87.5290,0.0819,0.0878,0.0059
4590,973.8,296.3,87.6164,87.6223,87.5341,0.0823,0.0882,0.0059
4591,995.7,287.5,87.6218,87.6277,87.5391,0.0828,0.0887,0.0059
4592,1028.5,328.7,87.6273,87.6332,87.5452,0.0822,0.0880,0.0059
4593,973.7,295.6,87.6328,87.6387,87.5493,0.0835,0.0894,0.0059
4594,1026.2,385.3,87.6383,87.6442,87.5545,0.0838,0.0897,0.0059
4595,983.5,345.0,87.6438,87.6497,87.5607,0.0831,0.0890,0.0059
4596,989.4,334.4,87.6493,87.6551,87.5667,0.0826,0.0884,0.0059
4597,1004.0,292.7,87.6547,87.6606,87.5715,0.0833,0.0891,0.0059
4598,1022.4,343.5,87.6602,87.6661,87.5779,0.0824,0.0883,0.0059
4599,973.7,282.5,87.6657,87.6716,87.5834,0.0823,0.0882,0.0059
4600,1027.5,351.9,87.6712,87.6771,87.5895,0.0817,0.0876,0.0059
4601,974.0,284.4,87.6768,87.6827,87.5953,0.0815,0.0874,0.0059
4602,1026.0,351.8,87.6823,87.6882,87.6011,0.0812,0.0871,0.0059
4603,975.3,278.1,87.6878,87.6937,87.6069,0.0809,0.0868,0.0059
4604,1026.5,335.2,87.6933,87.6992,87.6127,0.0806,0.0865,0.0059
4605,974.4,295.4,87.6988,87.7047,87.6189,0.0800,0.0859,0.0059
4606,1025.7,345.9,87.7044,87.7103,87.6246,0.0798,0.0857,0.0059
4607,973.8,279.6,87.7099,87.7158,87.6300,0.0798,0.0858,0.0059
4608,1026.2,306.8,87.7154,87.7213,87.6355,0.0799,0.0858,0.0059
4609,976.7,322.8,87.7210,87.7269,87.6415,0.0794,0.0853,0.0059
4610,1000.4,290.2,87.7265,87.7324,87.6470,0.0795,0.0854,0.0059
4611,993.0,280.1,87.7320,87.7380,87.6526,0.0794,0.0853,0.0059
4612,1028.0,326.5,87.7376,87.7435,87.6581,0.0795,0.0854,0.0059
4613,972.1,286.3,87.7431,87.7491,87.6639,0.0793,0.0852,0.0059
4614,1025.5,342.9,87.7487,87.7546,87.6690,0.0797,0.0856,0.0059
4615,975.0,271.0,87.7543,87.7602,87.6742,0.0801,0.0860,0.0059
4616,1024.9,330.5,87.7598,87.7658,87.6794,0.0805,0.0864,0.0059
4617,973.9,287.9,87.7654,87.7713,87.6794,0.0860,0.0920,0.0059
4618,999.5,290.2,87.7710,87.7769,87.6851,0.0858,0.0918,0.0059
4619,1027.3,377.8,87.7765,87.7825,87.6908,0.0858,0.0917,0.0059
4620,975.3,305.1,87.7821,87.7880,87.6964,0.0858,0.0917,0.0059
4621,996.8,328.7,87.7877,87.7936,87.7019,0.0858,0.0917,0.0059
4622,1003.8,363.9,87.7933,87.7992,87.7079,0.0854,0.0913,0.0059
4623,996.3,319.0,87.7989,87.8048,87.7135,0.0853,0.0913,0.0059
4624,1005.1,314.3,87.8045,87.8104,87.7191,0.0854,0.0913,0.0059
4625,1001.7,307.3,87.8101,87.8160,87.7250,0.0850,0.0910,0.0059
4626,1000.8,290.6,87.8157,87.8216,87.7305,0.0851,0.0911,0.0059
4627,1023.4,328.3,87.8213,87.8272,87.7362,0.0851,0.0911,0.0059
4628,973.8,293.4,87.8269,87.8328,87.7418,0.0851,0.0910,0.0059
4629,1026.9,345.9,87.8325,87.8384,87.7480,0.0845,0.0904,0.0059
4630,972.9,276.4,87.8381,87.8441,87.7535,0.0846,0.0906,0.0059
4631,1031.5,329.6,87.8437,87.8497,87.7588,0.0849,0.0909,0.0060
4632,969.4,268.2,87.8493,87.8553,87.7645,0.0848,0.0908,0.0060
4633,1026.0,338.1,87.8550,87.8609,87.7698,0.0851,0.0911,0.0060
4634,973.4,273.5,87.8606,87.8666,87.7753,0.0853,0.0913,0.0060
4635,1023.9,331.6,87.8662,87.8722,87.7807,0.0855,0.0914,0.0060
4636,974.2,299.0,87.8719,87.8778,87.7865,0.0853,0.0913,0.0060
4637,1002.4,275.8,87.8775,87.8835,87.7918,0.0857,0.0917,0.0060
4638,1023.6,338.4,87.8831,87.8891,87.7968,0.0864,0.0923,0.0060
4639,974.8,295.5,87.8888,87.8948,87.8017,0.0871,0.0931,0.0060
4640,1023.9,351.1,87.8944,87.9004,87.8069,0.0875,0.0935,0.0060
4641,973.9,290.5,87.9001,87.9061,87.8119,0.0882,0.0942,0.0060
4642,1028.6,329.6,87.9057,87.9117,87.8171,0.0887,0.0946,0.0060
4643,973.2,276.4,87.9114,87.9174,87.8224,0.0890,0.0950,0.0060
4644,1026.7,401.0,87.9171,87.9230,87.8282,0.0889,0.0948,0.0060
4645,973.6,323.3,87.9227,87.9287,87.8337,0.0890,0.0950,0.0060
4646,1003.4,330.9,87.9284,87.9344,87.8391,0.0893,0.0953,0.0060
4647,996.7,310.0,87.9341,87.9401,87.8445,0.0896,0.0955,0.0060
4648,1004.3,314.4,87.9398,87.9457,87.8503,0.0895,0.0954,0.0060
4649,997.0,302.8,87.9454,87.9514,87.8559,0.0896,0.0956,0.0060
4650,1001.4,291.8,87.9511,87.9571,87.8615,0.0896,0.0956,0.0060
4651,1000.8,318.2,87.9568,87.9628,87.8673,0.0895,0.0955,0.0060
4652,999.8,296.1,87.9625,87.9685,87.8736,0.0889,0.0949,0.0060
4653,999.6,292.3,87.9682,87.9742,87.8794,0.0887,0.0947,0.0060
4654,1024.5,363.9,87.9739,87.9799,87.8852,0.0887,0.0947,0.0060
4655,973.5,299.1,87.9796,87.9856,87.8910,0.0886,0.0946,0.0060
4656,1001.8,328.7,87.9853,87.9913,87.8969,0.0884,0.0944,0.0060
4657,995.0,319.5,87.9910,87.9970,87.9033,0.0877,0.0937,0.0060
4658,1002.1,293.6,87.9967,88.0027,87.9093,0.0874,0.0934,0.0060
4659,998.6,299.1,88.0024,88.0084,87.9153,0.0872,0.0932,0.0060
4660,1003.0,279.0,88.0081,88.0141,87.9213,0.0869,0.0929,0.0060
4661,1022.4,324.6,88.0139,88.0199,87.9273,0.0866,0.0926,0.0060
4662,973.9,294.8,88.0196,88.0256,87.9328,0.0868,0.0928,0.0060
4663,1027.8,347.4,88.0253,88.0313,87.9383,0.0870,0.0931,0.0060
4664,972.9,271.0,88.0310,88.0370,87.9444,0.0867,0.0927,0.0060
4665,1027.3,321.5,88.0368,88.0428,87.9501,0.0866,0.0926,0.0060
4666,974.7,284.4,88.0425,88.0485,87.9561,0.0864,0.0924,0.0060
4667,1026.0,319.2,88.0482,88.0543,87.9620,0.0862,0.0922,0.0060
4668,974.5,299.9,88.0540,88.0600,87.9679,0.0861,0.0921,0.0060
4669,1001.7,346.1,88.0597,88.0658,87.9742,0.0856,0.0916,0.0060
4670,996.9,334.4,88.0655,88.0715,87.9801,0.0854,0.0914,0.0060
4671,999.4,325.4,88.0712,88.0773,87.9861,0.0852,0.0912,0.0060
4672,1002.7,316.2,88.0770,88.0830,87.9928,0.0842,0.0902,0.0060
4673,1002.0,289.2,88.0828,88.0888,87.9992,0.0836,0.0896,0.0060
4674,1000.6,311.4,88.0885,88.0945,88.0056,0.0829,0.0889,0.0060
4675,1112.2,3017.6,88.0943,88.1003,88.0120,0.0823,0.0883,0.0060
4676,3029.9,414.3,88.1000,88.1061,88.0307,0.0693,0.0754,0.0060
4677,418.6,474.6,88.1058,88.1118,88.0369,0.0690,0.0750,0.0060
4678,480.9,291.6,88.1116,88.1176,88.0369,0.0747,0.0808,0.0060
4679,313.2,327.3,88.1174,88.1234,88.0434,0.0740,0.0800,0.0060
4680,647.7,296.4,88.1231,88.1292,88.0434,0.0798,0.0858,0.0060
4681,1004.9,335.5,88.1289,88.1350,88.0491,0.0798,0.0858,0.0060
4682,984.9,300.5,88.1347,88.1408,88.0545,0.0802,0.0862,0.0060
4683,1027.3,358.2,88.1405,88.1465,88.0594,0.0811,0.0872,0.0060
4684,974.5,284.4,88.1463,88.1523,88.0644,0.0819,0.0879,0.0060
4685,1001.3,319.5,88.1521,88.1581,88.0690,0.0831,0.0891,0.0060
4686,1004.8,341.1,88.1579,88.1639,88.0741,0.0838,0.0898,0.0060
4687,999.5,351.1,88.1637,88.1697,88.0795,0.0842,0.0902,0.0060
4688,995.3,277.7,88.1695,88.1755,88.0856,0.0839,0.0900,0.0060
4689,1027.5,373.4,88.1753,88.1814,88.0911,0.0842,0.0902,0.0060
4690,974.0,274.2,88.1811,88.1872,88.0964,0.0847,0.0907,0.0060
4691,1025.2,384.2,88.1869,88.1930,88.1016,0.0853,0.0914,0.0060
4692,974.9,329.7,88.1928,88.1988,88.1071,0.0856,0.0917,0.0061
4693,997.8,311.6,88.1986,88.2046,88.1124,0.0862,0.0922,0.0061
4694,1002.3,369.2,88.2044,88.2104,88.1180,0.0864,0.0925,0.0061
4695,998.1,336.5,88.2102,88.2163,88.1236,0.0866,0.0927,0.0061
4696,1000.3,332.7,88.2160,88.2221,88.1296,0.0865,0.0925,0.0061
4697,1000.9,336.5,88.2219,88.2279,88.1350,0.0869,0.0929,0.0061
4698,998.4,302.2,88.2277,88.2338,88.1405,0.0872,0.0933,0.0061
4699,1001.5,305.9,88.2336,88.2396,88.1458,0.0878,0.0938,0.0061
4700,1001.3,297.4,88.2394,88.2455,88.1516,0.0878,0.0939,0.0061
4701,996.0,320.8,88.2452,88.2513,88.1571,0.0881,0.0942,0.0061
4702,1004.9,291.3,88.2511,88.2571,88.1628,0.0883,0.0943,0.0061
4703,1021.8,345.6,88.2569,88.2630,88.1685,0.0884,0.0945,0.0061
4704,974.1,335.8,88.2628,88.2689,88.1746,0.0882,0.0943,0.0061
4705,996.9,295.1,88.2686,88.2747,88.1801,0.0886,0.0947,0.0061
4706,1028.9,379.3,88.2745,88.2806,88.1855,0.0890,0.0951,0.0061
4707,974.5,285.1,88.2804,88.2864,88.1909,0.0895,0.0955,0.0061
4708,1027.5,348.1,88.2862,88.2923,88.1969,0.0893,0.0954,0.0061
4709,974.4,304.0,88.2921,88.2982,88.2026,0.0895,0.0956,0.0061
4710,1006.7,314.0,88.2980,88.3040,88.2083,0.0896,0.0957,0.0061
4711,996.0,325.1,88.3038,88.3099,88.2142,0.0896,0.0957,0.0061
4712,999.6,276.1,88.3097,88.3158,88.2205,0.0892,0.0953,0.0061
4713,1024.0,327.3,88.3156,88.3217,88.2262,0.0894,0.0954,0.0061
4714,973.6,331.5,88.3215,88.3275,88.2319,0.0895,0.0956,0.0061
4715,998.9,315.6,88.3273,88.3334,88.2378,0.0896,0.0957,0.0061
4716,1004.4,335.7,88.3332,88.3393,88.2441,0.0891,0.0952,0.0061
4717,994.6,337.8,88.3391,88.3452,88.2504,0.0888,0.0948,0.0061
4718,1016.4,356.5,88.3450,88.3511,88.2567,0.0883,0.0944,0.0061
4719,995.8,364.0,88.3509,88.3570,88.2631,0.0878,0.0939,0.0061
4720,1004.4,1019.8,88.3568,88.3629,88.2697,0.0871,0.0932,0.0061
4721,1026.7,325.8,88.3627,88.3688,88.2758,0.0869,0.0930,0.0061
4722,952.0,314.8,88.3686,88.3747,88.2820,0.0866,0.0927,0.0061
4723,1006.6,299.6,88.3745,88.3806,88.2884,0.0862,0.0923,0.0061
4724,1023.7,360.4,88.3804,88.3865,88.2951,0.0853,0.0914,0.0061
4725,973.8,333.9,88.3863,88.3924,88.3014,0.0849,0.0910,0.0061
4726,997.7,310.1,88.3922,88.3983,88.3075,0.0847,0.0908,0.0061
4727,1004.0,298.9,88.3982,88.4043,88.3133,0.0849,0.0910,0.0061
4728,1024.6,377.9,88.4041,88.4102,88.3194,0.0847,0.0908,0.0061
4729,976.6,327.0,88.4100,88.4161,88.3250,0.0850,0.0911,0.0061
4730,997.1,282.4,88.4159,88.4220,88.3305,0.0854,0.0915,0.0061
4731,1028.7,346.9,88.4218,88.4280,88.3362,0.0857,0.0918,0.0061
4732,973.9,327.4,88.4278,88.4339,88.3423,0.0855,0.0916,0.0061
4733,1004.2,319.4,88.4337,88.4398,88.3480,0.0857,0.0918,0.0061
4734,1002.9,318.3,88.4396,88.4457,88.3535,0.0861,0.0922,0.0061
4735,997.5,306.3,88.4456,88.4517,88.3590,0.0866,0.0927,0.0061
4736,1001.8,331.4,88.4515,88.4576,88.3645,0.0870,0.0931,0.0061
4737,992.1,318.7,88.4575,88.4636,88.3704,0.0870,0.0931,0.0061
4738,1007.3,303.2,88.4634,88.4695,88.3759,0.0875,0.0936,0.0061
4739,1000.6,300.2,88.4693,88.4755,88.3817,0.0877,0.0938,0.0061
4740,995.5,293.0,88.4753,88.4814,88.3872,0.0881,0.0942,0.0061
4741,1025.2,374.8,88.4813,88.4874,88.3932,0.0880,0.0942,0.0061
4742,972.6,329.5,88.4872,88.4933,88.3989,0.0883,0.0944,0.0061
4743,1000.0,298.8,88.4932,88.4993,88.4045,0.0887,0.0948,0.0061
4744,998.8,364.0,88.4991,88.5052,88.4101,0.0890,0.0951,0.0061
4745,999.1,353.6,88.5051,88.5112,88.4162,0.0889,0.0950,0.0061
4746,999.1,335.1,88.5110,88.5172,88.4218,0.0893,0.0954,0.0061
4747,998.7,300.9,88.5170,88.5231,88.4273,0.0897,0.0959,0.0061
4748,1028.0,360.3,88.5230,88.5291,88.4326,0.0904,0.0965,0.0061
4749,974.7,314.2,88.5290,88.5351,88.4382,0.0907,0.0968,0.0061
4750,1003.1,310.2,88.5349,88.5411,88.4434,0.0916,0.0977,0.0061
4751,1002.6,300.6,88.5409,88.5470,88.4487,0.0922,0.0983,0.0061
4752,1022.2,340.3,88.5469,88.5530,88.4542,0.0927,0.0988,0.0061
4753,972.2,336.6,88.5529,88.5590,88.4603,0.0926,0.0987,0.0061
4754,998.7,311.5,88.5589,88.5650,88.4659,0.0930,0.0991,0.0061
4755,1003.7,309.2,88.5648,88.5710,88.4715,0.0933,0.0994,0.0061
4756,1000.9,321.6,88.5708,88.5770,88.4772,0.0936,0.0997,0.0061
4757,1003.3,297.4,88.5768,88.5830,88.4835,0.0933,0.0995,0.0061
4758,1021.0,307.0,88.5828,88.5890,88.4894,0.0934,0.0996,0.0061
4759,974.3,331.9,88.5888,88.5950,88.4955,0.0933,0.0995,0.0061
4760,998.0,311.3,88.5948,88.6010,88.5019,0.0930,0.0991,0.0061
4761,1002.1,300.0,88.6008,88.6070,88.5100,0.0908,0.0970,0.0061
4762,1033.1,326.3,88.6068,88.6130,88.5155,0.0913,0.0974,0.0061
4763,967.3,295.4,88.6128,88.6190,88.5230,0.0898,0.0960,0.0061
4764,1007.2,324.8,88.6188,88.6250,88.5294,0.0894,0.0956,0.0061
4765,993.3,301.0,88.6248,88.6310,88.5362,0.0886,0.0947,0.0061
4766,1032.7,340.4,88.6308,88.6370,88.5427,0.0881,0.0943,0.0061
4767,964.7,311.3,88.6369,88.6430,88.5494,0.0874,0.0936,0.0061
4768,1001.1,301.6,88.6429,88.6490,88.5560,0.0868,0.0930,0.0062
4769,1023.4,405.9,88.6489,88.6551,88.5629,0.0860,0.0922,0.0062
4770,975.0,371.6,88.6549,88.6611,88.5693,0.0856,0.0918,0.0062
4771,997.0,368.5,88.6609,88.6671,88.5755,0.0854,0.0916,0.0062
4772,1000.4,313.6,88.6670,88.6731,88.5819,0.0851,0.0913,0.0062
4773,1006.0,329.3,88.6730,88.6792,88.5889,0.0841,0.0903,0.0062
4774,994.7,365.6,88.6790,88.6852,88.5954,0.0836,0.0898,0.0062
4775,1000.1,378.7,88.6851,88.6912,88.6019,0.0832,0.0894,0.0062
4776,999.5,332.5,88.6911,88.6973,88.6088,0.0822,0.0884,0.0062
4777,1007.6,306.1,88.6971,88.7033,88.6088,0.0883,0.0944,0.0062
4778,997.5,351.9,88.7032,88.7093,88.6151,0.0881,0.0942,0.0062
4779,995.6,309.1,88.7092,88.7154,88.6214,0.0878,0.0940,0.0062
4780,1003.5,320.1,88.7153,88.7214,88.6277,0.0875,0.0937,0.0062
4781,1002.6,325.4,88.7213,88.7275,88.6345,0.0868,0.0929,0.0062
4782,999.2,279.9,88.7274,88.7335,88.6408,0.0865,0.0927,0.0062
4783,1023.5,354.5,88.7334,88.7396,88.6472,0.0862,0.0924,0.0062
4784,974.2,341.5,88.7395,88.7456,88.6532,0.0863,0.0925,0.0062
4785,1000.3,314.6,88.7455,88.7517,88.6593,0.0862,0.0924,0.0062
4786,1005.6,311.6,88.7516,88.7577,88.6650,0.0865,0.0927,0.0062
4787,999.7,291.3,88.7576,88.7638,88.6707,0.0869,0.0931,0.0062
4788,1017.7,324.3,88.7637,88.7699,88.6762,0.0875,0.0937,0.0062
4789,975.2,303.3,88.7697,88.7759,88.6819,0.0879,0.0940,0.0062
4790,1003.2,292.9,88.7758,88.7820,88.6870,0.0888,0.0950,0.0062
4791,1000.4,282.0,88.7819,88.7881,88.6921,0.0898,0.0960,0.0062
4792,1021.4,308.5,88.7879,88.7941,88.6974,0.0905,0.0967,0.0062
4793,977.0,338.2,88.7940,88.8002,88.7025,0.0915,0.0976,0.0062
4794,999.1,334.6,88.8001,88.8063,88.7078,0.0923,0.0984,0.0062
4795,998.8,332.4,88.8062,88.8123,88.7132,0.0929,0.0991,0.0062
4796,1002.8,340.2,88.8122,88.8184,88.7189,0.0933,0.0995,0.0062
4797,997.2,308.8,88.8183,88.8245,88.7242,0.0941,0.1003,0.0062
4798,1009.0,311.1,88.8244,88.8306,88.7294,0.0950,0.1012,0.0062
4799,998.0,329.7,88.8305,88.8367,88.7346,0.0959,0.1021,0.0062
4800,992.8,309.4,88.8366,88.8428,88.7405,0.0961,0.1023,0.0062
4801,1005.1,346.0,88.8427,88.8488,88.7461,0.0966,0.1027,0.0062
4802,994.8,308.3,88.8487,88.8549,88.7519,0.0968,0.1030,0.0062
4803,1005.5,307.6,88.8548,88.8610,88.7579,0.0970,0.1032,0.0062
4804,1004.6,312.1,88.8609,88.8671,88.7645,0.0965,0.1026,0.0062
4805,997.1,314.4,88.8670,88.8732,88.7706,0.0964,0.1026,0.0062
4806,994.6,271.3,88.8731,88.8793,88.7768,0.0963,0.1025,0.0062
4807,1026.4,395.2,88.8792,88.8854,88.7831,0.0962,0.1024,0.0062
4808,971.9,303.7,88.8853,88.8915,88.7900,0.0953,0.1015,0.0062
4809,1004.8,293.0,88.8914,88.8976,88.7967,0.0947,0.1009,0.0062
4810,1020.6,395.8,88.8975,88.9037,88.8032,0.0943,0.1005,0.0062
4811,974.7,358.2,88.9036,88.9098,88.8096,0.0940,0.1002,0.0062
4812,996.6,336.6,88.9097,88.9159,88.8164,0.0934,0.0996,0.0062
4813,1006.1,362.3,88.9158,88.9220,88.8226,0.0933,0.0995,0.0062
4814,993.8,329.1,88.9220,88.9282,88.8289,0.0931,0.0993,0.0062
4815,1008.4,303.3,88.9281,88.9343,88.8353,0.0928,0.0989,0.0062
4816,1022.7,321.3,88.9342,88.9404,88.8424,0.0918,0.0980,0.0062
4817,972.4,292.9,88.9403,88.9465,88.8490,0.0913,0.0975,0.0062
4818,1027.4,397.4,88.9464,88.9526,88.8557,0.0907,0.0969,0.0062
4819,974.5,332.9,88.9525,88.9587,88.8624,0.0902,0.0964,0.0062
4820,997.7,350.4,88.9587,88.9649,88.8690,0.0897,0.0959,0.0062
4821,998.8,366.3,88.9648,88.9710,88.8763,0.0885,0.0947,0.0062
4822,1000.2,273.4,88.9709,88.9771,88.8832,0.0877,0.0939,0.0062
4823,1028.6,351.9,88.9770,88.9832,88.8900,0.0870,0.0933,0.0062
4824,974.4,306.3,88.9832,88.9894,88.8966,0.0866,0.0928,0.0062
4825,999.9,350.8,88.9893,88.9955,88.9036,0.0857,0.0919,0.0062
4826,995.9,397.9,88.9954,89.0016,88.9098,0.0856,0.0918,0.0062
4827,1012.3,338.8,89.0016,89.0078,88.9160,0.0855,0.0917,0.0062
4828,989.2,340.6,89.0077,89.0139,88.9221,0.0856,0.0918,0.0062
4829,1002.3,315.7,89.0138,89.0201,88.9285,0.0854,0.0916,0.0062
4830,1006.0,319.1,89.0200,89.0262,88.9340,0.0860,0.0922,0.0062
4831,999.1,285.5,89.0261,89.0323,88.9393,0.0868,0.0930,0.0062
4832,1018.4,329.6,89.0323,89.0385,88.9443,0.0879,0.0942,0.0062
4833,974.9,297.2,89.0384,89.0446,88.9498,0.0886,0.0948,0.0062
4834,1000.2,306.6,89.0446,89.0508,88.9550,0.0896,0.0958,0.0062
4835,998.8,294.7,89.0507,89.0569,88.9604,0.0903,0.0966,0.0062
4836,1028.6,331.7,89.0569,89.0631,88.9658,0.0910,0.0973,0.0062
4837,972.3,273.0,89.0630,89.0692,88.9717,0.0913,0.0975,0.0062
4838,1029.6,322.4,89.0692,89.0754,88.9772,0.0920,0.0982,0.0062
4839,974.4,322.5,89.0753,89.0815,88.9826,0.0927,0.0989,0.0062
4840,1003.3,293.4,89.0815,89.0877,88.9881,0.0934,0.0996,0.0062
4841,996.3,301.4,89.0876,89.0938,88.9943,0.0934,0.0996,0.0062
4842,997.9,268.5,89.0938,89.1000,89.0002,0.0936,0.0998,0.0062
4843,1026.0,351.3,89.0999,89.1062,89.0064,0.0935,0.0998,0.0062
4844,974.4,338.6,89.1061,89.1123,89.0125,0.0936,0.0998,0.0062
4845,996.8,354.1,89.1123,89.1185,89.0191,0.0932,0.0994,0.0062
4846,1002.9,335.5,89.1184,89.1247,89.0251,0.0933,0.0996,0.0062
4847,999.5,325.1,89.1246,89.1308,89.0312,0.0934,0.0996,0.0062
4848,999.5,322.1,89.1308,89.1370,89.0374,0.0934,0.0996,0.0062
4849,1001.1,283.4,89.1369,89.1432,89.0441,0.0928,0.0990,0.0062
4850,1026.2,332.4,89.1431,89.1493,89.0506,0.0926,0.0988,0.0062
4851,972.5,314.7,89.1493,89.1555,89.0571,0.0922,0.0984,0.0062
4852,1004.9,276.1,89.1555,89.1617,89.0635,0.0919,0.0981,0.0062
4853,1019.9,327.1,89.1616,89.1679,89.0702,0.0914,0.0976,0.0062
4854,975.4,330.9,89.1678,89.1740,89.0763,0.0915,0.0977,0.0062
4855,998.9,319.3,89.1740,89.1802,89.0825,0.0915,0.0977,0.0062
4856,1007.5,321.1,89.1802,89.1864,89.0887,0.0915,0.0977,0.0062
4857,996.9,280.2,89.1863,89.1926,89.0956,0.0908,0.0970,0.0062
4858,1024.5,386.4,89.1925,89.1988,89.1021,0.0905,0.0967,0.0062
4859,972.5,278.2,89.1987,89.2050,89.1086,0.0902,0.0964,0.0062
4860,1028.2,318.2,89.2049,89.2111,89.1151,0.0898,0.0960,0.0062
4861,973.5,293.5,89.2111,89.2173,89.1216,0.0895,0.0957,0.0062
4862,1024.9,301.0,89.2173,89.2235,89.1286,0.0887,0.0949,0.0062
4863,980.0,297.4,89.2235,89.2297,89.1352,0.0883,0.0945,0.0062
4864,998.1,320.3,89.2297,89.2359,89.1417,0.0880,0.0942,0.0062
4865,998.6,313.3,89.2358,89.2421,89.1482,0.0876,0.0938,0.0062
4866,999.8,286.9,89.2420,89.2483,89.1552,0.0868,0.0931,0.0062
4867,1023.4,329.5,89.2482,89.2545,89.1616,0.0866,0.0929,0.0062
4868,975.0,284.0,89.2544,89.2607,89.1680,0.0864,0.0927,0.0062
4869,1001.2,323.4,89.2606,89.2669,89.1746,0.0861,0.0923,0.0062
4870,1000.7,323.9,89.2668,89.2731,89.1813,0.0855,0.0918,0.0062
4871,1005.2,329.3,89.2730,89.2793,89.1874,0.0856,0.0918,0.0062
4872,996.3,327.5,89.2792,89.2855,89.1933,0.0860,0.0922,0.0062
4873,993.5,293.0,89.2854,89.2917,89.1989,0.0866,0.0928,0.0062
4874,1025.7,353.8,89.2916,89.2979,89.2050,0.0867,0.0929,0.0062
4875,974.6,320.1,89.2978,89.3041,89.2107,0.0871,0.0934,0.0062
4876,1004.5,324.2,89.3041,89.3103,89.2165,0.0876,0.0938,0.0062
4877,1003.1,305.4,89.3103,89.3165,89.2221,0.0882,0.0944,0.0062
4878,998.1,289.7,89.3165,89.3227,89.2280,0.0885,0.0947,0.0062
4879,1019.7,316.7,89.3227,89.3289,89.2334,0.0893,0.0955,0.0062
4880,974.9,282.4,89.3289,89.3351,89.2388,0.0901,0.0964,0.0062
4881,1027.9,317.6,89.3351,89.3413,89.2443,0.0908,0.0971,0.0062
4882,973.7,301.2,89.3413,89.3476,89.2504,0.0909,0.0972,0.0062
4883,1003.3,278.0,89.3475,89.3538,89.2562,0.0913,0.0976,0.0062
4884,1022.6,348.3,89.3537,89.3600,89.2622,0.0915,0.0978,0.0062
4885,974.1,314.1,89.3600,89.3662,89.2682,0.0918,0.0980,0.0063
4886,1004.1,269.2,89.3662,89.3724,89.2741,0.0921,0.0983,0.0063
4887,1022.0,347.7,89.3724,89.3787,89.2804,0.0920,0.0982,0.0063
4888,974.8,311.7,89.3786,89.3849,89.2864,0.0923,0.0985,0.0063
4889,1001.4,296.3,89.3848,89.3911,89.2924,0.0924,0.0987,0.0063
4890,997.5,299.1,89.3911,89.3973,89.2991,0.0920,0.0983,0.0063
4891,1027.3,308.1,89.3973,89.4035,89.3051,0.0922,0.0984,0.0063
4892,973.2,257.2,89.4035,89.4098,89.3109,0.0926,0.0989,0.0063
4893,1171.7,357.1,89.4097,89.4160,89.3166,0.0932,0.0994,0.0063
4894,827.0,296.5,89.4160,89.4222,89.3225,0.0934,0.0997,0.0063
4895,997.3,307.7,89.4222,89.4285,89.3281,0.0941,0.1003,0.0063
4896,1002.0,307.4,89.4284,89.4347,89.3338,0.0946,0.1009,0.0063
4897,1025.7,309.1,89.4347,89.4409,89.3396,0.0950,0.1013,0.0063
4898,975.1,280.3,89.4409,89.4471,89.3462,0.0947,0.1009,0.0063
4899,1024.6,323.4,89.4471,89.4534,89.3525,0.0946,0.1009,0.0063
4900,974.9,274.3,89.4534,89.4596,89.3586,0.0948,0.1010,0.0063
4901,1187.0,339.0,89.4596,89.4658,89.3647,0.0949,0.1011,0.0063
4902,813.4,270.8,89.4658,89.4721,89.3716,0.0942,0.1005,0.0063
4903,1029.4,326.6,89.4721,89.4783,89.3780,0.0940,0.1003,0.0063
4904,973.0,269.8,89.4783,89.4846,89.3846,0.0937,0.1000,0.0063
4905,1026.5,336.8,89.4845,89.4908,89.3911,0.0935,0.0997,0.0063
4906,973.7,302.7,89.4908,89.4970,89.3981,0.0926,0.0989,0.0063
4907,1002.4,287.0,89.4970,89.5033,89.4047,0.0923,0.0986,0.0063
4908,1024.7,317.0,89.5033,89.5095,89.4112,0.0921,0.0983,0.0063
4909,973.0,299.7,89.5095,89.5158,89.4176,0.0919,0.0982,0.0063
4910,1001.9,276.9,89.5157,89.5220,89.4246,0.0912,0.0974,0.0063
4911,999.1,310.5,89.5220,89.5282,89.4311,0.0909,0.0972,0.0063
4912,1000.1,286.5,89.5282,89.5345,89.4374,0.0908,0.0971,0.0063
4913,998.3,297.9,89.5345,89.5407,89.4437,0.0908,0.0971,0.0063
4914,1025.6,325.3,89.5407,89.5470,89.4498,0.0909,0.0972,0.0063
4915,971.5,275.6,89.5470,89.5532,89.4564,0.0905,0.0968,0.0063
4916,1025.4,326.2,89.5532,89.5595,89.4627,0.0905,0.0968,0.0063
4917,974.9,267.9,89.5595,89.5657,89.4692,0.0903,0.0966,0.0063
4918,1025.6,286.9,89.5657,89.5720,89.4761,0.0896,0.0959,0.0063
4919,984.1,334.9,89.5720,89.5782,89.4825,0.0895,0.0958,0.0063
4920,986.9,319.4,89.5782,89.5845,89.4891,0.0891,0.0954,0.0063
4921,1008.9,311.6,89.5845,89.5907,89.4952,0.0892,0.0955,0.0063
4922,998.8,321.9,89.5907,89.5970,89.5019,0.0888,0.0951,0.0063
4923,1000.1,312.1,89.5970,89.6032,89.5082,0.0887,0.0950,0.0063
4924,1005.7,340.2,89.6032,89.6095,89.5148,0.0884,0.0946,0.0063
4925,991.3,332.0,89.6095,89.6157,89.5211,0.0884,0.0946,0.0063
4926,999.7,281.4,89.6157,89.6220,89.5276,0.0881,0.0944,0.0063
4927,1028.4,331.0,89.6220,89.6283,89.5335,0.0885,0.0948,0.0063
4928,976.8,318.2,89.6282,89.6345,89.5394,0.0888,0.0951,0.0063
4929,996.1,298.3,89.6345,89.6408,89.5455,0.0890,0.0953,0.0063
4930,1026.0,339.5,89.6408,89.6470,89.5531,0.0877,0.0939,0.0063
4931,972.9,281.5,89.6470,89.6533,89.5592,0.0879,0.0941,0.0063
4932,1026.9,322.6,89.6533,89.6596,89.5652,0.0881,0.0943,0.0063
4933,980.6,306.0,89.6595,89.6658,89.5709,0.0886,0.0949,0.0063
4934,993.6,295.8,89.6658,89.6721,89.5769,0.0889,0.0952,0.0063
4935,965.2,301.2,89.6721,89.6783,89.5824,0.0897,0.0960,0.0063
4936,1061.0,333.9,89.6783,89.6846,89.5880,0.0903,0.0966,0.0063
4937,971.8,262.8,89.6846,89.6909,89.5938,0.0908,0.0970,0.0063
4938,1024.9,342.7,89.6909,89.6971,89.6002,0.0907,0.0969,0.0063
4939,975.4,274.3,89.6971,89.7034,89.6063,0.0908,0.0971,0.0063
4940,1024.4,329.5,89.7034,89.7097,89.6124,0.0910,0.0973,0.0063
4941,975.0,278.8,89.7096,89.7159,89.6184,0.0912,0.0975,0.0063
4942,1025.1,313.3,89.7159,89.7222,89.6250,0.0909,0.0972,0.0063
4943,975.1,321.1,89.7222,89.7285,89.6313,0.0909,0.0972,0.0063
4944,1000.0,317.8,89.7284,89.7347,89.6377,0.0907,0.0970,0.0063
4945,1005.5,352.2,89.7347,89.7410,89.6441,0.0906,0.0969,0.0063
4946,996.5,345.0,89.7410,89.7473,89.6511,0.0899,0.0962,0.0063
4947,999.9,309.3,89.7473,89.7535,89.6575,0.0898,0.0960,0.0063
4948,1002.9,276.3,89.7535,89.7598,89.6575,0.0960,0.1023,0.0063
4949,1022.8,341.7,89.7598,89.7661,89.6639,0.0959,0.1022,0.0063
4950,974.7,297.7,89.7661,89.7723,89.6702,0.0958,0.1021,0.0063
4951,999.3,287.2,89.7723,89.7786,89.6772,0.0951,0.1014,0.0063
4952,1026.4,328.4,89.7786,89.7849,89.6839,0.0947,0.1010,0.0063
4953,973.6,280.8,89.7849,89.7912,89.6905,0.0944,0.1006,0.0063
4954,1025.6,349.4,89.7912,89.7974,89.6974,0.0937,0.1000,0.0063
4955,974.7,301.4,89.7974,89.8037,89.7038,0.0937,0.0999,0.0063
4956,1003.7,295.7,89.8037,89.8100,89.7100,0.0937,0.1000,0.0063
4957,1021.9,336.4,89.8100,89.8163,89.7162,0.0938,0.1001,0.0063
4958,974.4,272.7,89.8162,89.8225,89.7225,0.0937,0.1000,0.0063
4959,1023.5,324.4,89.8225,89.8288,89.7293,0.0932,0.0995,0.0063
4960,974.3,268.1,89.8288,89.8351,89.7356,0.0932,0.0995,0.0063
4961,1007.9,366.4,89.8351,89.8414,89.7420,0.0930,0.0993,0.0063
4962,1004.2,345.3,89.8413,89.8476,89.7484,0.0929,0.0992,0.0063
4963,989.3,310.7,89.8476,89.8539,89.7554,0.0922,0.0985,0.0063
4964,998.8,338.2,89.8539,89.8602,89.7621,0.0918,0.0981,0.0063
4965,998.4,292.0,89.8602,89.8665,89.7690,0.0912,0.0975,0.0063
4966,1000.9,295.5,89.8665,89.8727,89.7758,0.0907,0.0970,0.0063
4967,1001.4,305.5,89.8727,89.8790,89.7831,0.0897,0.0959,0.0063
4968,999.9,328.9,89.8790,89.8853,89.7895,0.0895,0.0958,0.0063
4969,1000.8,344.1,89.8853,89.8916,89.7958,0.0895,0.0958,0.0063
4970,1002.2,445.4,89.8916,89.8978,89.8020,0.0895,0.0958,0.0063
4971,996.8,295.4,89.8978,89.9041,89.8088,0.0890,0.0953,0.0063
4972,1007.9,279.2,89.9041,89.9104,89.8151,0.0891,0.0953,0.0063
4973,1020.2,334.6,89.9104,89.9167,89.8212,0.0892,0.0955,0.0063
4974,973.3,319.0,89.9167,89.9230,89.8270,0.0897,0.0960,0.0063
4975,1001.5,300.1,89.9230,89.9292,89.8329,0.0900,0.0963,0.0063
4976,1002.5,311.7,89.9292,89.9355,89.8383,0.0909,0.0972,0.0063
4977,996.4,330.0,89.9355,89.9418,89.8438,0.0917,0.0980,0.0063
4978,1000.0,295.9,89.9418,89.9481,89.8494,0.0924,0.0987,0.0063
4979,997.5,319.7,89.9481,89.9544,89.8557,0.0924,0.0986,0.0063
4980,998.7,271.4,89.9544,89.9606,89.8617,0.0926,0.0989,0.0063
4981,1002.7,326.9,89.9606,89.9669,89.8677,0.0930,0.0993,0.0063
4982,999.0,306.5,89.9669,89.9732,89.8735,0.0934,0.0997,0.0063
4983,1000.2,290.2,89.9732,89.9795,89.8797,0.0935,0.0998,0.0063
4984,1025.3,348.6,89.9795,89.9858,89.8857,0.0938,0.1001,0.0063
4985,975.1,297.2,89.9858,89.9921,89.8917,0.0941,0.1004,0.0063
4986,1024.8,375.1,89.9921,89.9983,89.8982,0.0938,0.1001,0.0063
4987,976.7,309.0,89.9983,90.0046,89.9043,0.0940,0.1003,0.0063
4988,1003.0,282.4,90.0046,90.0109,89.9103,0.0943,0.1006,0.0063
4989,1025.2,316.7,90.0109,90.0172,89.9161,0.0948,0.1011,0.0063
4990,972.1,267.7,90.0172,90.0235,89.9225,0.0947,0.1010,0.0063
4991,1026.5,321.0,90.0235,90.0298,89.9286,0.0949,0.1012,0.0063
4992,973.8,264.3,90.0298,90.0360,89.9347,0.0951,0.1013,0.0063
4993,1000.4,320.9,90.0360,90.0423,89.9408,0.0953,0.1016,0.0063
4994,997.2,323.3,90.0423,90.0486,89.9472,0.0951,0.1014,0.0063
4995,1004.5,328.7,90.0486,90.0549,89.9531,0.0955,0.1018,0.0063
4996,997.8,328.5,90.0549,90.0612,89.9589,0.0960,0.1023,0.0063
4997,996.2,315.4,90.0612,90.0675,89.9647,0.0964,0.1027,0.0063
4998,1007.7,293.5,90.0675,90.0737,89.9712,0.0962,0.1025,0.0063
4999,1022.0,377.1,90.0737,90.0800,89.9774,0.0963,0.1026,0.0063
5000,972.7,329.6,90.0800,90.0863,89.9838,0.0962,0.1025,0.0063
5001,998.4,267.6,90.0863,90.0926,89.9902,0.0961,0.1024,0.0063
5002,1026.2,359.2,90.0926,90.0989,89.9969,0.0956,0.1019,0.0063
5003,972.3,280.8,90.0989,90.1051,90.0033,0.0956,0.1019,0.0063
5004,998.3,321.8,90.1051,90.1114,90.0096,0.0955,0.1018,0.0063
5005,1000.1,281.2,90.1114,90.1177,90.0163,0.0951,0.1014,0.0063
5006,2531.5,589.3,90.1177,90.1240,90.0377,0.0800,0.0863,0.0063
5007,596.0,295.8,90.1240,90.1303,90.0377,0.0863,0.0926,0.0063
5008,300.9,260.2,90.1303,90.1366,90.0447,0.0855,0.0918,0.0063
5009,576.5,279.5,90.1366,90.1428,90.0447,0.0918,0.0981,0.0063
5010,1001.3,269.2,90.1428,90.1491,90.0523,0.0906,0.0969,0.0063
5011,998.4,295.2,90.1491,90.1554,90.0592,0.0899,0.0962,0.0063
5012,999.5,276.0,90.1554,90.1617,90.0660,0.0894,0.0957,0.0063
5013,1000.3,267.9,90.1617,90.1680,90.0728,0.0889,0.0952,0.0063
5014,1000.1,299.7,90.1680,90.1743,90.0800,0.0880,0.0942,0.0063
5015,1002.7,296.8,90.1743,90.1805,90.0867,0.0876,0.0939,0.0063
5016,997.1,283.2,90.1805,90.1868,90.0931,0.0874,0.0937,0.0063
5017,1000.5,284.6,90.1868,90.1931,90.0995,0.0874,0.0936,0.0063
5018,999.4,293.8,90.1931,90.1994,90.1063,0.0868,0.0931,0.0063
5019,1000.9,312.9,90.1994,90.2057,90.1126,0.0868,0.0931,0.0063
5020,1000.6,348.2,90.2057,90.2119,90.1188,0.0868,0.0931,0.0063
5021,999.8,307.7,90.2119,90.2182,90.1250,0.0870,0.0932,0.0063
5022,999.9,342.3,90.2182,90.2245,90.1315,0.0867,0.0930,0.0063
5023,998.0,318.9,90.2245,90.2308,90.1375,0.0870,0.0933,0.0063
5024,1000.6,294.7,90.2308,90.2371,90.1435,0.0873,0.0936,0.0063
5025,999.5,288.2,90.2371,90.2434,90.1495,0.0876,0.0938,0.0063
5026,999.8,305.3,90.2434,90.2496,90.1561,0.0873,0.0936,0.0063
5027,1000.0,282.4,90.2496,90.2559,90.1621,0.0875,0.0938,0.0063
5028,1000.0,269.6,90.2559,90.2622,90.1682,0.0877,0.0940,0.0063
5029,1033.1,353.7,90.2622,90.2685,90.1741,0.0881,0.0944,0.0063
5030,968.3,297.4,90.2685,90.2747,90.1804,0.0881,0.0944,0.0063
5031,999.6,274.6,90.2747,90.2810,90.1862,0.0886,0.0948,0.0063
5032,1026.0,346.8,90.2810,90.2873,90.1921,0.0889,0.0952,0.0063
5033,980.7,325.0,90.2873,90.2936,90.1980,0.0893,0.0956,0.0063
5034,993.0,290.2,90.2936,90.2999,90.2041,0.0895,0.0957,0.0063
5035,1005.5,300.1,90.2999,90.3061,90.2096,0.0902,0.0965,0.0063
5036,1003.6,349.7,90.3061,90.3124,90.2150,0.0911,0.0974,0.0063
5037,991.1,280.5,90.3124,90.3187,90.2203,0.0921,0.0984,0.0063
5038,1028.7,323.5,90.3187,90.3250,90.2260,0.0927,0.0990,0.0063
5039,980.9,316.2,90.3250,90.3312,90.2314,0.0935,0.0998,0.0063
5040,965.9,270.9,90.3312,90.3375,90.2370,0.0942,0.1005,0.0063
5041,1052.4,333.6,90.3375,90.3438,90.2430,0.0945,0.1008,0.0063
5042,973.3,261.5,90.3438,90.3501,90.2494,0.0944,0.1006,0.0063
5043,1026.4,336.0,90.3501,90.3563,90.2553,0.0948,0.1010,0.0063
5044,972.4,326.3,90.3563,90.3626,90.2611,0.0952,0.1015,0.0063
5045,996.0,327.8,90.3626,90.3689,90.2671,0.0955,0.1018,0.0063
5046,999.7,303.3,90.3689,90.3752,90.2738,0.0950,0.1013,0.0063
5047,1029.5,338.7,90.3752,90.3814,90.2804,0.0948,0.1011,0.0063
5048,974.1,281.9,90.3814,90.3877,90.2870,0.0945,0.1007,0.0063
5049,1025.4,314.5,90.3877,90.3940,90.2936,0.0941,0.1004,0.0063
5050,976.0,285.5,90.3940,90.4002,90.3007,0.0933,0.0995,0.0063
5051,987.9,310.4,90.4002,90.4065,90.3071,0.0931,0.0994,0.0063
5052,1020.8,254.6,90.4065,90.4128,90.3136,0.0929,0.0992,0.0063
5053,1000.6,284.2,90.4128,90.4191,90.3203,0.0925,0.0988,0.0063
5054,991.9,297.2,90.4190,90.4253,90.3271,0.0919,0.0982,0.0063
5055,1025.7,332.7,90.4253,90.4316,90.3344,0.0909,0.0971,0.0063
5056,973.8,291.8,90.4316,90.4379,90.3410,0.0905,0.0968,0.0063
5057,1027.0,342.9,90.4379,90.4441,90.3474,0.0904,0.0967,0.0063
5058,973.4,279.9,90.4441,90.4504,90.3543,0.0898,0.0961,0.0063
5059,1026.2,333.6,90.4504,90.4567,90.3606,0.0898,0.0961,0.0063
5060,973.9,271.4,90.4567,90.4629,90.3670,0.0896,0.0959,0.0063
5061,1008.9,324.6,90.4629,90.4692,90.3738,0.0891,0.0954,0.0063
5062,993.9,281.0,90.4692,90.4755,90.3806,0.0886,0.0948,0.0063
5063,1023.8,328.5,90.4754,90.4817,90.3878,0.0876,0.0939,0.0063
5064,972.8,318.2,90.4817,90.4880,90.3942,0.0875,0.0938,0.0063
5065,998.8,325.4,90.4880,90.4942,90.4006,0.0874,0.0937,0.0063
5066,1000.3,311.4,90.4942,90.5005,90.4069,0.0873,0.0936,0.0063
5067,999.1,302.4,90.5005,90.5068,90.4139,0.0866,0.0929,0.0063
5068,1025.5,366.5,90.5068,90.5130,90.4201,0.0866,0.0929,0.0063
5069,974.3,324.9,90.5130,90.5193,90.4263,0.0867,0.0930,0.0063
5070,1000.3,319.6,90.5193,90.5255,90.4323,0.0869,0.0932,0.0063
5071,999.6,351.5,90.5255,90.5318,90.4388,0.0868,0.0930,0.0063
5072,1000.8,297.2,90.5318,90.5381,90.4446,0.0872,0.0935,0.0063
5073,1009.0,306.8,90.5380,90.5443,90.4503,0.0877,0.0940,0.0063
5074,1000.9,294.0,90.5443,90.5506,90.4560,0.0883,0.0945,0.0063
5075,1017.3,343.4,90.5506,90.5568,90.4623,0.0882,0.0945,0.0063
5076,974.2,335.7,90.5568,90.5631,90.4680,0.0888,0.0950,0.0063
5077,998.5,285.0,90.5631,90.5693,90.4735,0.0895,0.0958,0.0063
5078,1027.6,360.9,90.5693,90.5756,90.4789,0.0904,0.0966,0.0063
5079,973.5,319.3,90.5756,90.5818,90.4847,0.0909,0.0972,0.0063
5080,1001.2,293.1,90.5818,90.5881,90.4900,0.0918,0.0981,0.0063
5081,1025.7,365.9,90.5881,90.5943,90.4956,0.0925,0.0988,0.0063
5082,973.3,285.3,90.5943,90.6006,90.5012,0.0931,0.0994,0.0063
5083,1026.2,330.7,90.6006,90.6068,90.5075,0.0931,0.0993,0.0063
5084,974.1,313.2,90.6068,90.6131,90.5133,0.0935,0.0998,0.0063
5085,1000.2,308.2,90.6131,90.6193,90.5192,0.0939,0.1002,0.0063
5086,1000.1,304.9,90.6193,90.6256,90.5251,0.0943,0.1005,0.0063
5087,1000.4,284.8,90.6256,90.6318,90.5314,0.0942,0.1005,0.0063
5088,1022.8,373.9,90.6318,90.6381,90.5374,0.0944,0.1006,0.0063
5089,975.0,303.4,90.6381,90.6443,90.5436,0.0944,0.1007,0.0063
5090,1001.4,294.9,90.6443,90.6506,90.5500,0.0943,0.1005,0.0063
5091,1023.5,365.2,90.6505,90.6568,90.5571,0.0934,0.0997,0.0063
5092,974.8,299.6,90.6568,90.6630,90.5638,0.0930,0.0993,0.0063
5093,1000.3,288.5,90.6630,90.6693,90.5704,0.0927,0.0989,0.0063
5094,1009.2,330.9,90.6693,90.6755,90.5769,0.0923,0.0986,0.0063
5095,981.7,289.2,90.6755,90.6818,90.5853,0.0902,0.0965,0.0063
5096,1014.2,338.4,90.6817,90.6880,90.5911,0.0906,0.0969,0.0063
5097,995.5,315.9,90.6880,90.6942,90.5980,0.0899,0.0962,0.0063
5098,1004.1,347.8,90.6942,90.7005,90.6049,0.0894,0.0956,0.0063
5099,995.6,316.7,90.7004,90.7067,90.6129,0.0875,0.0938,0.0063
5100,1004.0,307.7,90.7067,90.7129,90.6183,0.0884,0.0947,0.0063
5101,999.4,286.1,90.7129,90.7192,90.6255,0.0874,0.0937,0.0063
5102,1025.0,351.4,90.7191,90.7254,90.6319,0.0872,0.0935,0.0063
5103,975.7,295.4,90.7254,90.7316,90.6391,0.0862,0.0925,0.0063
5104,1023.3,370.5,90.7316,90.7379,90.6460,0.0857,0.0919,0.0063
5105,973.8,297.5,90.7378,90.7441,90.6527,0.0851,0.0914,0.0063
5106,1026.0,369.4,90.7441,90.7503,90.6594,0.0847,0.0910,0.0063
5107,974.4,298.8,90.7503,90.7565,90.6665,0.0837,0.0900,0.0063
5108,1025.7,332.5,90.7565,90.7628,90.6733,0.0832,0.0895,0.0063
5109,973.8,304.3,90.7627,90.7690,90.6801,0.0826,0.0889,0.0063
5110,999.2,299.9,90.7690,90.7752,90.6870,0.0819,0.0882,0.0063
5111,1024.5,370.2,90.7752,90.7814,90.6943,0.0809,0.0871,0.0063
5112,975.8,300.9,90.7814,90.7877,90.7008,0.0806,0.0869,0.0063
5113,1024.1,322.9,90.7876,90.7939,90.7072,0.0805,0.0867,0.0063
5114,974.4,313.3,90.7939,90.8001,90.7134,0.0804,0.0867,0.0063
5115,1001.1,300.4,90.8001,90.8063,90.7201,0.0800,0.0862,0.0063
5116,993.8,282.4,90.8063,90.8125,90.7201,0.0862,0.0925,0.0062
5117,1032.9,353.5,90.8125,90.8188,90.7262,0.0863,0.0926,0.0062
5118,972.4,275.6,90.8187,90.8250,90.7321,0.0866,0.0928,0.0062
5119,1028.1,391.9,90.8249,90.8312,90.7378,0.0871,0.0933,0.0062
5120,973.8,356.6,90.8311,90.8374,90.7439,0.0872,0.0934,0.0062
5121,998.4,328.4,90.8374,90.8436,90.7495,0.0878,0.0941,0.0062
5122,1003.3,304.0,90.8436,90.8498,90.7549,0.0887,0.0949,0.0062
5123,994.8,285.9,90.8498,90.8560,90.7604,0.0894,0.0957,0.0062
5124,1030.6,341.5,90.8560,90.8622,90.7662,0.0897,0.0960,0.0062
5125,972.0,304.5,90.8622,90.8684,90.7718,0.0904,0.0966,0.0062
5126,1003.2,314.1,90.8684,90.8746,90.7774,0.0910,0.0973,0.0062
5127,994.7,300.9,90.8746,90.8808,90.7829,0.0917,0.0980,0.0062
5128,1029.1,339.1,90.8808,90.8870,90.7888,0.0920,0.0982,0.0062
5129,973.7,321.3,90.8870,90.8932,90.7943,0.0927,0.0989,0.0062
5130,1001.8,297.1,90.8932,90.8994,90.7999,0.0933,0.0995,0.0062
5131,1024.0,356.3,90.8994,90.9056,90.8059,0.0935,0.0998,0.0062
5132,972.3,316.2,90.9056,90.9118,90.8124,0.0932,0.0994,0.0062
5133,1000.9,293.0,90.9118,90.9180,90.8185,0.0933,0.0995,0.0062
5134,1000.9,314.7,90.9180,90.9242,90.8245,0.0935,0.0997,0.0062
5135,994.4,318.9,90.9242,90.9304,90.8305,0.0937,0.1000,0.0062
5136,1002.6,294.2,90.9304,90.9366,90.8368,0.0935,0.0998,0.0062
5137,1011.0,290.6,90.9366,90.9428,90.8428,0.0937,0.1000,0.0062
5138,999.5,292.4,90.9428,90.9490,90.8490,0.0938,0.1000,0.0062
5139,1018.6,359.6,90.9489,90.9552,90.8553,0.0936,0.0999,0.0062
5140,972.4,307.4,90.9551,90.9614,90.8622,0.0930,0.0992,0.0062
5141,1003.5,321.6,90.9613,90.9676,90.8685,0.0928,0.0991,0.0062
5142,998.3,304.3,90.9675,90.9737,90.8745,0.0930,0.0992,0.0062
5143,1004.0,288.1,90.9737,90.9799,90.8806,0.0931,0.0993,0.0062
5144,954.1,349.4,90.9799,90.9861,90.8871,0.0927,0.0990,0.0062
5145,1038.3,333.4,90.9860,90.9923,90.8933,0.0927,0.0989,0.0062
5146,1003.9,316.7,90.9922,90.9985,90.8996,0.0926,0.0988,0.0062
5147,996.9,329.3,90.9984,91.0046,90.9060,0.0924,0.0986,0.0062
5148,1004.8,292.0,91.0046,91.0108,90.9129,0.0917,0.0979,0.0062
5149,1023.9,318.3,91.0108,91.0170,90.9193,0.0915,0.0977,0.0062
5150,974.6,302.5,91.0169,91.0232,90.9257,0.0912,0.0974,0.0062
5151,1000.9,302.8,91.0231,91.0293,90.9327,0.0904,0.0966,0.0062
5152,1025.9,360.6,91.0293,91.0355,90.9393,0.0900,0.0962,0.0062
5153,970.7,331.1,91.0354,91.0417,90.9459,0.0895,0.0958,0.0062
5154,997.2,273.3,91.0416,91.0478,90.9525,0.0891,0.0953,0.0062
5155,998.9,299.3,91.0478,91.0540,90.9596,0.0881,0.0944,0.0062
5156,1029.3,376.9,91.0539,91.0602,90.9661,0.0878,0.0940,0.0062
5157,981.0,320.7,91.0601,91.0663,90.9726,0.0875,0.0937,0.0062
5158,989.6,269.4,91.0663,91.0725,90.9791,0.0872,0.0934,0.0062
5159,1012.8,273.1,91.0724,91.0786,90.9857,0.0867,0.0929,0.0062
5160,1001.9,307.8,91.0786,91.0848,90.9927,0.0859,0.0921,0.0062
5161,995.4,312.6,91.0847,91.0909,90.9990,0.0857,0.0919,0.0062
5162,997.7,311.4,91.0909,91.0971,91.0051,0.0857,0.0920,0.0062
5163,1009.1,314.0,91.0970,91.1032,91.0114,0.0856,0.0918,0.0062
5164,1004.3,327.4,91.1032,91.1094,91.0172,0.0860,0.0922,0.0062
5165,992.6,299.2,91.1093,91.1155,91.0230,0.0864,0.0926,0.0062
5166,994.8,295.3,91.1155,91.1217,91.0289,0.0866,0.0928,0.0062
5167,1000.2,276.1,91.1216,91.1278,91.0352,0.0864,0.0926,0.0062
5168,1024.2,343.5,91.1278,91.1340,91.0411,0.0867,0.0929,0.0062
5169,973.3,328.2,91.1339,91.1401,91.0468,0.0871,0.0933,0.0062
5170,996.3,337.1,91.1401,91.1463,91.0524,0.0877,0.0939,0.0062
5171,1000.7,313.4,91.1462,91.1524,91.0584,0.0878,0.0940,0.0062
5172,1003.1,274.2,91.1523,91.1585,91.0642,0.0881,0.0943,0.0062
5173,1025.4,358.0,91.1585,91.1647,91.0702,0.0883,0.0945,0.0062
5174,975.9,311.8,91.1646,91.1708,91.0763,0.0883,0.0945,0.0062
5175,997.1,329.7,91.1707,91.1769,91.0828,0.0879,0.0941,0.0062
5176,996.6,280.8,91.1769,91.1831,91.0889,0.0879,0.0942,0.0062
5177,1027.9,345.5,91.1830,91.1892,91.0948,0.0882,0.0944,0.0062
5178,977.5,318.0,91.1891,91.1953,91.1007,0.0884,0.0946,0.0062
5179,997.2,306.3,91.1952,91.2015,91.1071,0.0881,0.0943,0.0062
5180,1009.9,321.6,91.2014,91.2076,91.1133,0.0880,0.0942,0.0062
5181,983.1,278.0,91.2075,91.2137,91.1196,0.0879,0.0941,0.0062
5182,1017.0,287.1,91.2136,91.2198,91.1258,0.0879,0.0941,0.0062
5183,1000.4,282.1,91.2197,91.2259,91.1321,0.0876,0.0938,0.0062
5184,999.9,295.3,91.2258,91.2320,91.1380,0.0878,0.0940,0.0062
5185,983.0,252.2,91.2320,91.2382,91.1439,0.0881,0.0943,0.0062
5186,1034.1,348.7,91.2381,91.2443,91.1495,0.0886,0.0948,0.0062
5187,974.8,293.6,91.2442,91.2504,91.1558,0.0884,0.0946,0.0062
5188,1002.8,291.7,91.2503,91.2565,91.1618,0.0885,0.0947,0.0062
5189,1022.8,362.2,91.2564,91.2626,91.1680,0.0884,0.0946,0.0062
5190,973.7,272.2,91.2625,91.2687,91.1742,0.0883,0.0945,0.0062
5191,1027.0,338.6,91.2686,91.2748,91.1810,0.0876,0.0938,0.0062
5192,973.4,288.1,91.2747,91.2809,91.1874,0.0874,0.0936,0.0062
5193,1025.6,324.6,91.2808,91.2870,91.1938,0.0870,0.0932,0.0062
5194,977.6,329.6,91.2869,91.2931,91.2004,0.0865,0.0927,0.0062
5195,994.2,316.4,91.2930,91.2992,91.2074,0.0857,0.0918,0.0062
5196,1001.7,355.7,91.2991,91.3053,91.2138,0.0853,0.0915,0.0062
5197,995.7,371.0,91.3052,91.3114,91.2202,0.0850,0.0912,0.0062
5198,999.9,310.9,91.3113,91.3175,91.2264,0.0849,0.0910,0.0062
5199,1003.1,313.6,91.3174,91.3236,91.2332,0.0842,0.0904,0.0062
5200,999.8,327.4,91.3235,91.3297,91.2395,0.0839,0.0901,0.0062
5201,996.4,294.7,91.3296,91.3357,91.2458,0.0837,0.0899,0.0062
5202,1012.8,278.6,91.3356,91.3418,91.2519,0.0837,0.0899,0.0062
5203,1001.6,294.7,91.3417,91.3479,91.2584,0.0833,0.0895,0.0062
5204,1000.4,292.8,91.3478,91.3540,91.2644,0.0834,0.0896,0.0062
5205,1002.0,273.3,91.3539,91.3601,91.2703,0.0836,0.0898,0.0062
5206,1018.4,348.6,91.3599,91.3661,91.2760,0.0840,0.0901,0.0062
5207,971.1,315.1,91.3660,91.3722,91.2821,0.0839,0.0901,0.0062
5208,1001.8,303.8,91.3721,91.3783,91.2880,0.0841,0.0903,0.0062
5209,1001.9,321.9,91.3782,91.3843,91.2940,0.0842,0.0904,0.0062
5210,999.8,335.3,91.3842,91.3904,91.2999,0.0844,0.0905,0.0062
5211,993.7,322.0,91.3903,91.3965,91.3057,0.0846,0.0908,0.0062
5212,1001.1,314.4,91.3964,91.4025,91.3121,0.0843,0.0905,0.0062
5213,1001.7,285.4,91.4024,91.4086,91.3179,0.0845,0.0907,0.0062
5214,1026.3,383.5,91.4085,91.4146,91.3237,0.0847,0.0909,0.0062
5215,976.5,306.6,91.4145,91.4207,91.3300,0.0845,0.0906,0.0062
5216,998.1,301.9,91.4206,91.4267,91.3360,0.0846,0.0908,0.0062
5217,1025.1,336.7,91.4266,91.4328,91.3420,0.0846,0.0908,0.0062
5218,972.0,332.2,91.4327,91.4388,91.3480,0.0846,0.0908,0.0062
5219,1001.7,335.1,91.4387,91.4449,91.3544,0.0844,0.0905,0.0062
5220,994.9,346.3,91.4448,91.4509,91.3600,0.0847,0.0909,0.0062
5221,1003.2,318.6,91.4508,91.4570,91.3655,0.0853,0.0915,0.0062
5222,995.6,272.4,91.4569,91.4630,91.3713,0.0856,0.0918,0.0062
5223,1029.2,331.1,91.4629,91.4691,91.3775,0.0854,0.0915,0.0062
5224,975.1,295.9,91.4689,91.4751,91.3834,0.0855,0.0917,0.0062
5225,1028.3,342.8,91.4750,91.4811,91.3891,0.0858,0.0920,0.0062
5226,972.6,299.2,91.4810,91.4872,91.3947,0.0863,0.0925,0.0062
5227,1004.6,307.6,91.4870,91.4932,91.4004,0.0866,0.0928,0.0062
5228,993.4,274.5,91.4931,91.4992,91.4056,0.0874,0.0936,0.0062
5229,1029.1,314.1,91.4991,91.5052,91.4109,0.0882,0.0944,0.0062
5230,974.1,283.8,91.5051,91.5113,91.4164,0.0887,0.0948,0.0062
5231,1026.1,328.1,91.5111,91.5173,91.4225,0.0886,0.0947,0.0062
5232,973.9,295.3,91.5172,91.5233,91.4283,0.0888,0.0950,0.0062
5233,1025.8,358.7,91.5232,91.5293,91.4342,0.0890,0.0952,0.0061
5234,975.1,308.4,91.5292,91.5353,91.4398,0.0894,0.0956,0.0061
5235,999.2,293.9,91.5352,91.5413,91.4457,0.0895,0.0956,0.0061
5236,1025.7,338.0,91.5412,91.5474,91.4514,0.0898,0.0959,0.0061
5237,974.5,314.2,91.5472,91.5534,91.4573,0.0899,0.0961,0.0061
5238,1001.7,292.6,91.5532,91.5594,91.4633,0.0900,0.0961,0.0061
5239,1023.6,349.7,91.5592,91.5654,91.4695,0.0897,0.0959,0.0061
5240,972.1,300.9,91.5652,91.5714,91.4762,0.0890,0.0951,0.0061
5241,1026.2,341.1,91.5712,91.5774,91.4824,0.0888,0.0950,0.0061
5242,974.0,324.1,91.5772,91.5834,91.4886,0.0887,0.0948,0.0061
5243,994.4,305.2,91.5832,91.5894,91.4952,0.0880,0.0941,0.0061
5244,1014.4,345.6,91.5892,91.5953,91.5015,0.0877,0.0939,0.0061
5245,982.8,321.0,91.5952,91.6013,91.5078,0.0874,0.0935,0.0061
5246,1011.1,338.1,91.6012,91.6073,91.5142,0.0870,0.0931,0.0061
5247,996.7,273.4,91.6072,91.6133,91.5208,0.0864,0.0925,0.0061
5248,1008.5,288.5,91.6131,91.6193,91.5265,0.0866,0.0927,0.0061
5249,999.0,1102.4,91.6191,91.6253,91.5323,0.0868,0.0929,0.0061
5250,1110.1,339.4,91.6251,91.6312,91.5382,0.0869,0.0930,0.0061
5251,887.5,320.5,91.6311,91.6372,91.5446,0.0864,0.0926,0.0061
5252,1005.3,307.1,91.6370,91.6432,91.5507,0.0863,0.0924,0.0061
5253,989.8,288.6,91.6430,91.6491,91.5570,0.0860,0.0921,0.0061
5254,1029.5,330.4,91.6490,91.6551,91.5632,0.0858,0.0919,0.0061
5255,973.9,264.8,91.6549,91.6611,91.5696,0.0853,0.0915,0.0061
5256,1025.2,310.6,91.6609,91.6670,91.5756,0.0853,0.0914,0.0061
5257,973.9,281.7,91.6669,91.6730,91.5818,0.0851,0.0912,0.0061
5258,1026.0,332.5,91.6728,91.6789,91.5881,0.0847,0.0908,0.0061
5259,974.4,292.5,91.6788,91.6849,91.5953,0.0835,0.0896,0.0061
5260,1025.5,323.0,91.6847,91.6909,91.6022,0.0825,0.0887,0.0061
5261,972.4,264.4,91.6907,91.6968,91.6088,0.0818,0.0880,0.0061
5262,1026.3,333.1,91.6966,91.7027,91.6154,0.0812,0.0873,0.0061
5263,973.9,275.4,91.7026,91.7087,91.6233,0.0793,0.0854,0.0061
5264,998.9,263.5,91.7085,91.7146,91.6297,0.0788,0.0850,0.0061
5265,1027.7,298.3,91.7145,91.7206,91.6360,0.0785,0.0846,0.0061
5266,976.1,295.1,91.7204,91.7265,91.6422,0.0782,0.0844,0.0061
5267,1022.7,304.7,91.7263,91.7324,91.6485,0.0778,0.0839,0.0061
5268,974.0,304.6,91.7323,91.7384,91.6543,0.0780,0.0841,0.0061
5269,1001.7,328.1,91.7382,91.7443,91.6599,0.0783,0.0844,0.0061
5270,996.3,343.2,91.7441,91.7502,91.6652,0.0789,0.0850,0.0061
5271,1000.3,336.5,91.7500,91.7561,91.6708,0.0793,0.0854,0.0061
5272,1002.5,310.2,91.7560,91.7621,91.6760,0.0800,0.0861,0.0061
5273,998.8,302.3,91.7619,91.7680,91.6814,0.0804,0.0865,0.0061
5274,998.7,281.1,91.7678,91.7739,91.6869,0.0809,0.0870,0.0061
5275,1001.7,289.5,91.7737,91.7798,91.6928,0.0809,0.0870,0.0061
5276,1008.5,377.1,91.7796,91.7857,91.6984,0.0812,0.0873,0.0061
5277,4083.5,1071.8,91.7855,91.7916,91.7150,0.0705,0.0766,0.0061
5278,1078.7,366.5,91.7914,91.7975,91.7205,0.0709,0.0770,0.0061
5279,372.5,314.6,91.7973,91.8034,91.7261,0.0712,0.0773,0.0061
5280,319.9,316.4,91.8032,91.8093,91.7261,0.0771,0.0832,0.0061
5281,321.9,290.1,91.8091,91.8152,91.7261,0.0830,0.0891,0.0061
5282,294.3,263.6,91.8150,91.8211,91.7316,0.0834,0.0895,0.0061
5283,521.8,277.2,91.8209,91.8270,91.7316,0.0893,0.0954,0.0061
5284,1027.0,333.1,91.8268,91.8329,91.7374,0.0894,0.0955,0.0061
5285,983.6,306.3,91.8327,91.8388,91.7424,0.0903,0.0964,0.0061
5286,993.1,301.0,91.8386,91.8447,91.7472,0.0913,0.0974,0.0061
5287,998.5,330.0,91.8445,91.8505,91.7522,0.0923,0.0983,0.0061
5288,996.6,297.1,91.8503,91.8564,91.7582,0.0921,0.0982,0.0061
5289,1002.9,312.5,91.8562,91.8623,91.7645,0.0917,0.0978,0.0061
5290,1003.6,291.4,91.8621,91.8682,91.7707,0.0913,0.0974,0.0061
5291,1022.9,374.0,91.8679,91.8740,91.7769,0.0911,0.0971,0.0061
5292,974.8,303.3,91.8738,91.8799,91.7834,0.0904,0.0965,0.0061
5293,1004.3,285.4,91.8797,91.8857,91.7892,0.0905,0.0965,0.0061
5294,1021.9,367.1,91.8855,91.8916,91.7949,0.0906,0.0967,0.0061
5295,973.3,318.9,91.8914,91.8975,91.8008,0.0906,0.0967,0.0061
5296,1001.4,309.0,91.8972,91.9033,91.8073,0.0900,0.0961,0.0061
5297,1000.8,300.8,91.9031,91.9092,91.8134,0.0897,0.0958,0.0061
5298,995.6,306.3,91.9090,91.9150,91.8195,0.0894,0.0955,0.0061
5299,1003.9,313.6,91.9148,91.9209,91.8256,0.0892,0.0952,0.0061
5300,999.3,294.5,91.9206,91.9267,91.8320,0.0886,0.0947,0.0061
5301,1026.1,358.7,91.9265,91.9325,91.8382,0.0883,0.0944,0.0061
5302,973.6,301.3,91.9323,91.9384,91.8443,0.0881,0.0941,0.0061
5303,1003.4,286.8,91.9382,91.9442,91.8506,0.0875,0.0936,0.0061
5304,1022.3,365.8,91.9440,91.9500,91.8577,0.0863,0.0924,0.0061
5305,958.8,323.0,91.9498,91.9559,91.8642,0.0857,0.0917,0.0061
5306,1015.8,308.6,91.9556,91.9617,91.8705,0.0851,0.0912,0.0061
5307,1002.6,300.9,91.9615,91.9675,91.8768,0.0847,0.0907,0.0061
5308,994.7,274.7,91.9673,91.9733,91.8836,0.0837,0.0897,0.0061
5309,1002.2,256.8,91.9731,91.9791,91.8900,0.0831,0.0892,0.0060
5310,1020.7,329.7,91.9789,91.9850,91.8964,0.0825,0.0885,0.0060
5311,975.7,276.9,91.9847,91.9908,91.9029,0.0819,0.0879,0.0060
5312,1026.4,322.5,91.9905,91.9966,91.9095,0.0810,0.0871,0.0060
5313,975.6,288.6,91.9963,92.0024,91.9153,0.0810,0.0870,0.0060
5314,1026.0,364.6,92.0021,92.0082,91.9210,0.0811,0.0872,0.0060
5315,973.5,326.0,92.0079,92.0140,91.9267,0.0813,0.0873,0.0060
5316,1005.8,300.8,92.0137,92.0198,91.9328,0.0809,0.0869,0.0060
5317,998.6,279.7,92.0195,92.0256,91.9384,0.0811,0.0871,0.0060
5318,1022.0,315.4,92.0253,92.0314,91.9441,0.0812,0.0872,0.0060
5319,974.1,312.0,92.0311,92.0371,91.9497,0.0814,0.0875,0.0060
5320,999.4,313.3,92.0369,92.0429,91.9555,0.0814,0.0874,0.0060
5321,1000.0,287.9,92.0427,92.0487,91.9610,0.0817,0.0877,0.0060
5322,1025.8,345.6,92.0484,92.0545,91.9665,0.0820,0.0880,0.0060
5323,974.8,283.9,92.0542,92.0602,91.9721,0.0821,0.0882,0.0060
5324,1025.1,326.2,92.0600,92.0660,91.9781,0.0819,0.0879,0.0060
5325,975.0,273.7,92.0658,92.0718,91.9837,0.0821,0.0881,0.0060
5326,1022.6,335.6,92.0715,92.0775,91.9891,0.0824,0.0884,0.0060
5327,973.2,312.8,92.0773,92.0833,91.9946,0.0827,0.0887,0.0060
5328,1001.2,297.8,92.0830,92.0891,92.0005,0.0825,0.0885,0.0060
5329,1027.2,315.8,92.0888,92.0948,92.0061,0.0827,0.0887,0.0060
5330,973.3,264.2,92.0945,92.1006,92.0116,0.0829,0.0889,0.0060
5331,999.8,280.9,92.1003,92.1063,92.0173,0.0830,0.0891,0.0060
5332,1003.4,307.6,92.1060,92.1121,92.0231,0.0829,0.0889,0.0060
5333,1000.2,303.5,92.1118,92.1178,92.0284,0.0834,0.0894,0.0060
5334,999.4,277.5,92.1175,92.1235,92.0337,0.0839,0.0899,0.0060
5335,1025.9,305.1,92.1233,92.1293,92.0386,0.0846,0.0906,0.0060
5336,971.3,278.1,92.1290,92.1350,92.0441,0.0849,0.0909,0.0060
5337,1028.0,312.5,92.1347,92.1407,92.0493,0.0855,0.0915,0.0060
5338,974.5,279.0,92.1405,92.1465,92.0546,0.0858,0.0918,0.0060
5339,1025.3,321.7,92.1462,92.1522,92.0601,0.0861,0.0921,0.0060
5340,973.8,280.1,92.1519,92.1579,92.0660,0.0859,0.0919,0.0060
5341,1026.1,333.8,92.1576,92.1636,92.0715,0.0861,0.0921,0.0060
5342,974.4,267.3,92.1633,92.1693,92.0769,0.0864,0.0924,0.0060
5343,1025.5,319.0,92.1690,92.1750,92.0826,0.0864,0.0924,0.0060
5344,975.3,297.5,92.1747,92.1807,92.0884,0.0864,0.0923,0.0060
5345,1024.9,382.9,92.1804,92.1864,92.0948,0.0856,0.0916,0.0060
5346,973.4,310.0,92.1861,92.1921,92.1010,0.0851,0.0911,0.0060
5347,999.7,312.9,92.1918,92.1978,92.1074,0.0845,0.0905,0.0060
5348,999.4,318.0,92.1975,92.2035,92.1142,0.0834,0.0893,0.0060
5349,1000.3,322.1,92.2032,92.2092,92.1203,0.0829,0.0889,0.0060
5350,1002.8,336.8,92.2089,92.2149,92.1264,0.0825,0.0885,0.0060
5351,995.1,281.0,92.2146,92.2206,92.1325,0.0821,0.0880,0.0060
5352,1028.2,322.5,92.2203,92.2263,92.1394,0.0809,0.0869,0.0060
5353,978.6,299.5,92.2260,92.2319,92.1460,0.0800,0.0859,0.0060
5354,996.5,271.4,92.2316,92.2376,92.1524,0.0792,0.0852,0.0060
5355,1027.0,301.5,92.2373,92.2433,92.1586,0.0787,0.0846,0.0060
5356,973.2,268.6,92.2430,92.2489,92.1651,0.0778,0.0838,0.0060
5357,1026.5,316.5,92.2486,92.2546,92.1712,0.0774,0.0834,0.0060
5358,973.8,272.1,92.2543,92.2603,92.1773,0.0770,0.0830,0.0060
5359,1025.7,328.6,92.2599,92.2659,92.1834,0.0765,0.0825,0.0060
5360,972.7,289.3,92.2656,92.2716,92.1902,0.0754,0.0814,0.0060
5361,1027.6,310.1,92.2712,92.2772,92.1964,0.0748,0.0808,0.0060
5362,973.2,301.3,92.2769,92.2829,92.2026,0.0743,0.0803,0.0060
5363,1027.0,313.7,92.2825,92.2885,92.2088,0.0737,0.0797,0.0060
5364,973.3,269.2,92.2882,92.2941,92.2152,0.0729,0.0789,0.0060
5365,997.1,275.4,92.2938,92.2998,92.2211,0.0727,0.0787,0.0060
5366,1029.4,333.5,92.2994,92.3054,92.2271,0.0724,0.0783,0.0060
5367,972.3,288.6,92.3051,92.3110,92.2329,0.0722,0.0781,0.0060
5368,1027.7,336.7,92.3107,92.3166,92.2390,0.0717,0.0777,0.0060
5369,972.6,332.8,92.3163,92.3223,92.2446,0.0717,0.0777,0.0060
5370,995.3,428.7,92.3219,92.3279,92.2500,0.0719,0.0779,0.0059
5371,1004.4,289.1,92.3275,92.3335,92.2552,0.0724,0.0783,0.0059
5372,1026.4,313.5,92.3332,92.3391,92.2607,0.0725,0.0784,0.0059
5373,974.1,279.3,92.3388,92.3447,92.2657,0.0731,0.0790,0.0059
5374,1000.3,277.0,92.3444,92.3503,92.2708,0.0736,0.0795,0.0059
5375,1025.3,317.0,92.3500,92.3559,92.2757,0.0742,0.0802,0.0059
5376,973.2,292.1,92.3556,92.3615,92.2810,0.0746,0.0805,0.0059
5377,1027.9,343.8,92.3612,92.3671,92.2856,0.0756,0.0815,0.0059
5378,973.6,284.2,92.3667,92.3727,92.2900,0.0767,0.0827,0.0059
5379,1026.3,314.6,92.3723,92.3783,92.2945,0.0779,0.0838,0.0059
5380,973.9,253.8,92.3779,92.3838,92.2994,0.0785,0.0845,0.0059
5381,1028.4,316.0,92.3835,92.3894,92.3041,0.0794,0.0854,0.0059
5382,971.2,307.9,92.3891,92.3950,92.3089,0.0801,0.0861,0.0059
5383,1002.8,250.9,92.3946,92.4006,92.3138,0.0809,0.0868,0.0059
5384,1023.4,316.6,92.4002,92.4061,92.3189,0.0813,0.0872,0.0059
5385,973.8,289.0,92.4058,92.4117,92.3237,0.0821,0.0880,0.0059
5386,1026.7,330.9,92.4113,92.4173,92.3284,0.0830,0.0889,0.0059
5387,974.6,306.3,92.4169,92.4228,92.3332,0.0837,0.0896,0.0059
5388,1002.4,279.6,92.4224,92.4284,92.3385,0.0840,0.0899,0.0059
5389,1023.4,330.5,92.4280,92.4339,92.3435,0.0845,0.0904,0.0059
5390,971.1,292.1,92.4335,92.4394,92.3488,0.0848,0.0907,0.0059
5391,1026.4,316.9,92.4391,92.4450,92.3543,0.0848,0.0907,0.0059
5392,975.3,266.0,92.4446,92.4505,92.3603,0.0843,0.0903,0.0059
5393,1026.2,296.3,92.4502,92.4561,92.3660,0.0842,0.0901,0.0059
5394,975.9,302.9,92.4557,92.4616,92.3717,0.0840,0.0899,0.0059
5395,998.5,350.6,92.4612,92.4671,92.3774,0.0838,0.0897,0.0059
5396,996.7,298.9,92.4667,92.4726,92.3836,0.0831,0.0890,0.0059
5397,1027.7,318.4,92.4723,92.4782,92.3896,0.0827,0.0886,0.0059
5398,973.2,277.3,92.4778,92.4837,92.3956,0.0822,0.0881,0.0059
5399,1028.8,314.3,92.4833,92.4892,92.4016,0.0817,0.0876,0.0059
5400,973.2,256.9,92.4888,92.4947,92.4080,0.0808,0.0867,0.0059
5401,1026.4,336.5,92.4943,92.5002,92.4138,0.0804,0.0863,0.0059
5402,973.4,310.1,92.4998,92.5057,92.4195,0.0803,0.0862,0.0059
5403,1003.6,302.6,92.5053,92.5112,92.4252,0.0801,0.0860,0.0059
5404,1023.4,341.7,92.5108,92.5167,92.4310,0.0798,0.0857,0.0059
5405,973.4,271.5,92.5163,92.5222,92.4373,0.0790,0.0849,0.0059
5406,1026.2,336.6,92.5218,92.5276,92.4434,0.0784,0.0842,0.0059
5407,973.7,271.2,92.5272,92.5331,92.4497,0.0775,0.0834,0.0059
5408,1026.0,303.7,92.5327,92.5386,92.4565,0.0762,0.0821,0.0059
5409,974.2,264.4,92.5382,92.5441,92.4627,0.0755,0.0814,0.0059
5410,1025.8,314.7,92.5437,92.5495,92.4688,0.0749,0.0807,0.0059
5411,977.0,300.0,92.5491,92.5550,92.4749,0.0742,0.0801,0.0059
5412,1020.7,315.6,92.5546,92.5605,92.4817,0.0729,0.0787,0.0059
5413,977.3,286.7,92.5600,92.5659,92.4880,0.0721,0.0779,0.0059
5414,1022.7,317.2,92.5655,92.5714,92.4940,0.0715,0.0774,0.0059
5415,975.6,253.0,92.5709,92.5768,92.4997,0.0712,0.0771,0.0059
5416,1007.5,329.7,92.5764,92.5823,92.5059,0.0705,0.0764,0.0059
5417,992.5,319.9,92.5818,92.5877,92.5115,0.0704,0.0762,0.0059
5418,1003.4,278.8,92.5873,92.5931,92.5169,0.0704,0.0762,0.0059
5419,1023.4,384.8,92.5927,92.5986,92.5223,0.0704,0.0763,0.0059
5420,972.4,363.4,92.5981,92.6040,92.5279,0.0703,0.0761,0.0059
5421,998.5,343.2,92.6036,92.6094,92.5328,0.0708,0.0766,0.0059
5422,1002.3,309.8,92.6090,92.6148,92.5374,0.0716,0.0774,0.0059
5423,1000.6,297.5,92.6144,92.6202,92.5418,0.0726,0.0784,0.0058
5424,1026.3,352.0,92.6198,92.6257,92.5465,0.0733,0.0792,0.0058
5425,973.8,334.0,92.6252,92.6311,92.5509,0.0743,0.0801,0.0058
5426,999.6,287.5,92.6306,92.6365,92.5556,0.0751,0.0809,0.0058
5427,1026.6,350.7,92.6360,92.6419,92.5602,0.0758,0.0816,0.0058
5428,973.7,328.3,92.6414,92.6473,92.5655,0.0759,0.0818,0.0058
5429,999.0,313.6,92.6468,92.6527,92.5703,0.0765,0.0823,0.0058
5430,1002.9,268.3,92.6522,92.6581,92.5759,0.0763,0.0821,0.0058
5431,1024.1,339.1,92.6576,92.6634,92.5808,0.0768,0.0826,0.0058
5432,975.0,303.2,92.6630,92.6688,92.5860,0.0770,0.0828,0.0058
5433,1025.0,341.8,92.6684,92.6742,92.5909,0.0775,0.0833,0.0058
5434,971.8,386.5,92.6737,92.6796,92.5959,0.0778,0.0836,0.0058
5435,999.6,265.2,92.6791,92.6849,92.6012,0.0779,0.0837,0.0058
5436,1028.2,334.3,92.6845,92.6903,92.6072,0.0773,0.0831,0.0058
5437,975.5,322.1,92.6898,92.6957,92.6127,0.0772,0.0830,0.0058
5438,1001.9,330.3,92.6952,92.7010,92.6180,0.0772,0.0830,0.0058
5439,995.3,319.7,92.7005,92.7064,92.6233,0.0772,0.0831,0.0058
5440,1003.0,337.3,92.7059,92.7117,92.6289,0.0770,0.0828,0.0058
5441,996.5,316.7,92.7112,92.7170,92.6343,0.0770,0.0828,0.0058
5442,1006.5,303.3,92.7166,92.7224,92.6398,0.0768,0.0826,0.0058
5443,996.6,310.6,92.7219,92.7277,92.6455,0.0764,0.0822,0.0058
5444,1001.4,298.4,92.7272,92.7331,92.6518,0.0755,0.0813,0.0058
5445,1023.9,373.5,92.7326,92.7384,92.6575,0.0751,0.0809,0.0058
5446,973.7,311.7,92.7379,92.7437,92.6630,0.0749,0.0807,0.0058
5447,1001.8,261.6,92.7432,92.7490,92.6683,0.0749,0.0807,0.0058
5448,1024.2,361.4,92.7485,92.7543,92.6683,0.0802,0.0860,0.0058
5449,974.3,308.9,92.7538,92.7596,92.6741,0.0798,0.0856,0.0058
5450,1001.6,327.5,92.7592,92.7649,92.6794,0.0798,0.0855,0.0058
5451,996.7,347.1,92.7645,92.7702,92.6849,0.0796,0.0853,0.0058
5452,1001.4,317.6,92.7698,92.7755,92.6911,0.0786,0.0844,0.0058
5453,1000.2,275.6,92.7750,92.7808,92.6971,0.0779,0.0837,0.0058
5454,1026.9,341.8,92.7803,92.7861,92.7030,0.0773,0.0831,0.0058
5455,971.1,305.3,92.7856,92.7914,92.7090,0.0766,0.0824,0.0058
5456,998.7,274.2,92.7909,92.7967,92.7153,0.0756,0.0814,0.0058
5457,1028.8,320.2,92.7962,92.8020,92.7212,0.0750,0.0808,0.0058
5458,978.8,300.9,92.8015,92.8072,92.7271,0.0743,0.0801,0.0058
5459,998.3,294.9,92.8067,92.8125,92.7331,0.0736,0.0794,0.0058
5460,1021.9,359.5,92.8120,92.8178,92.7393,0.0726,0.0784,0.0058
5461,973.6,307.0,92.8172,92.8230,92.7451,0.0722,0.0779,0.0058
5462,1001.7,290.8,92.8225,92.8283,92.7507,0.0718,0.0775,0.0058
5463,1026.7,371.0,92.8278,92.8335,92.7564,0.0713,0.0771,0.0058
5464,972.2,285.4,92.8330,92.8388,92.7626,0.0704,0.0761,0.0058
5465,1027.9,327.2,92.8382,92.8440,92.7683,0.0699,0.0757,0.0058
5466,976.4,289.5,92.8435,92.8492,92.7740,0.0695,0.0752,0.0058
5467,1023.5,311.0,92.8487,92.8545,92.7799,0.0688,0.0746,0.0058
5468,973.5,295.7,92.8539,92.8597,92.7851,0.0689,0.0746,0.0058
5469,1001.6,351.4,92.8592,92.8649,92.7902,0.0690,0.0748,0.0058
5470,995.8,359.3,92.8644,92.8701,92.7951,0.0693,0.0751,0.0058
5471,999.8,279.8,92.8696,92.8754,92.8002,0.0694,0.0751,0.0057
5472,1028.5,375.3,92.8748,92.8806,92.8051,0.0697,0.0754,0.0057
5473,974.6,299.0,92.8800,92.8858,92.8100,0.0700,0.0758,0.0057
5474,1026.2,386.5,92.8852,92.8910,92.8148,0.0704,0.0761,0.0057
5475,973.3,267.5,92.8904,92.8962,92.8200,0.0704,0.0762,0.0057
5476,1026.1,335.9,92.8956,92.9014,92.8248,0.0709,0.0766,0.0057
5477,973.9,275.2,92.9008,92.9066,92.8293,0.0715,0.0772,0.0057
5478,1024.2,324.2,92.9060,92.9117,92.8338,0.0722,0.0779,0.0057
5479,980.9,343.2,92.9112,92.9169,92.8387,0.0725,0.0782,0.0057
5480,994.5,317.6,92.9164,92.9221,92.8434,0.0730,0.0787,0.0057
5481,1002.9,327.5,92.9215,92.9273,92.8483,0.0733,0.0790,0.0057
5482,996.5,307.6,92.9267,92.9324,92.8532,0.0735,0.0792,0.0057
5483,1003.4,277.2,92.9319,92.9376,92.8587,0.0731,0.0789,0.0057
5484,1024.7,334.1,92.9370,92.9427,92.8638,0.0732,0.0789,0.0057
5485,972.0,310.4,92.9422,92.9479,92.8689,0.0733,0.0790,0.0057
5486,1001.2,288.1,92.9473,92.9530,92.8738,0.0735,0.0792,0.0057
5487,1025.8,322.2,92.9525,92.9582,92.8791,0.0734,0.0791,0.0057
5488,976.5,327.0,92.9576,92.9633,92.8841,0.0735,0.0792,0.0057
5489,997.9,313.6,92.9627,92.9685,92.8891,0.0736,0.0793,0.0057
5490,1000.4,278.8,92.9679,92.9736,92.8941,0.0737,0.0794,0.0057
5491,1025.3,333.7,92.9730,92.9787,92.8997,0.0733,0.0790,0.0057
5492,974.1,305.9,92.9781,92.9838,92.9049,0.0732,0.0789,0.0057
5493,1000.3,304.0,92.9832,92.9889,92.9099,0.0733,0.0790,0.0057
5494,1000.8,327.1,92.9884,92.9941,92.9146,0.0737,0.0794,0.0057
5495,1000.6,308.8,92.9935,92.9992,92.9196,0.0739,0.0796,0.0057
5496,998.5,325.9,92.9986,93.0043,92.9241,0.0744,0.0801,0.0057
5497,1001.0,318.3,93.0037,93.0094,92.9288,0.0749,0.0805,0.0057
5498,998.2,296.6,93.0088,93.0145,92.9337,0.0750,0.0807,0.0057
5499,997.8,333.2,93.0139,93.0195,92.9392,0.0747,0.0804,0.0057
5500,960.6,317.8,93.0189,93.0246,92.9443,0.0746,0.0803,0.0057
5501,1066.6,319.7,93.0240,93.0297,92.9494,0.0747,0.0803,0.0057
5502,973.9,280.9,93.0291,93.0348,92.9545,0.0746,0.0803,0.0057
5503,1025.5,318.4,93.0342,93.0398,92.9600,0.0742,0.0799,0.0057
5504,975.2,279.6,93.0392,93.0449,92.9653,0.0739,0.0796,0.0057
5505,1024.9,312.4,93.0443,93.0500,92.9707,0.0736,0.0792,0.0057
5506,974.5,277.0,93.0494,93.0550,92.9762,0.0732,0.0788,0.0057
5507,1027.9,316.1,93.0544,93.0601,92.9816,0.0728,0.0785,0.0057
5508,974.6,269.0,93.0595,93.0651,92.9875,0.0719,0.0776,0.0057
5509,1025.0,324.0,93.0645,93.0702,92.9931,0.0714,0.0771,0.0057
5510,974.2,263.5,93.0695,93.0752,92.9985,0.0710,0.0767,0.0057
5511,1001.3,274.7,93.0746,93.0802,93.0040,0.0706,0.0763,0.0057
5512,1024.6,306.9,93.0796,93.0853,93.0098,0.0698,0.0755,0.0057
5513,973.7,267.4,93.0846,93.0903,93.0152,0.0695,0.0751,0.0057
5514,1027.1,310.6,93.0896,93.0953,93.0206,0.0691,0.0747,0.0056
5515,974.1,297.2,93.0947,93.1003,93.0260,0.0687,0.0743,0.0056
5516,1024.7,338.8,93.0997,93.1053,93.0318,0.0678,0.0735,0.0056
5517,974.4,271.2,93.1047,93.1103,93.0371,0.0676,0.0732,0.0056
5518,1026.1,314.3,93.1097,93.1153,93.0422,0.0675,0.0731,0.0056
5519,974.1,300.9,93.1147,93.1203,93.0470,0.0676,0.0733,0.0056
5520,999.0,333.0,93.1197,93.1253,93.0524,0.0673,0.0729,0.0056
5521,993.8,316.2,93.1247,93.1303,93.0573,0.0673,0.0729,0.0056
5522,1014.0,301.7,93.1296,93.1353,93.0625,0.0671,0.0728,0.0056
5523,1000.3,282.9,93.1346,93.1402,93.0678,0.0668,0.0724,0.0056
5524,1000.0,273.8,93.1396,93.1452,93.0736,0.0660,0.0716,0.0056
5525,1000.3,251.4,93.1446,93.1502,93.0787,0.0659,0.0715,0.0056
5526,999.7,262.2,93.1495,93.1551,93.0839,0.0656,0.0713,0.0056
5527,1001.7,267.9,93.1545,93.1601,93.0890,0.0655,0.0711,0.0056
5528,983.6,253.9,93.1594,93.1650,93.0942,0.0652,0.0708,0.0056
5529,1034.2,319.2,93.1644,93.1700,93.0991,0.0653,0.0709,0.0056
5530,973.5,273.4,93.1693,93.1749,93.1042,0.0651,0.0707,0.0056
5531,1025.8,310.4,93.1743,93.1799,93.1094,0.0649,0.0705,0.0056
5532,974.4,281.4,93.1792,93.1848,93.1151,0.0641,0.0697,0.0056
5533,1025.6,321.0,93.1841,93.1897,93.1200,0.0641,0.0697,0.0056
5534,973.4,286.9,93.1890,93.1946,93.1248,0.0643,0.0699,0.0056
5535,1001.0,264.5,93.1940,93.1996,93.1294,0.0646,0.0702,0.0056
5536,1000.0,268.7,93.1989,93.2045,93.1345,0.0644,0.0700,0.0056
5537,1000.9,293.5,93.2038,93.2094,93.1392,0.0646,0.0702,0.0056
5538,994.6,273.2,93.2087,93.2143,93.1440,0.0647,0.0703,0.0056
5539,1003.4,277.2,93.2136,93.2192,93.1489,0.0647,0.0703,0.0056
5540,996.4,276.1,93.2185,93.2241,93.1541,0.0644,0.0700,0.0056
5541,1004.5,292.5,93.2234,93.2289,93.1589,0.0645,0.0701,0.0056
5542,980.8,267.1,93.2282,93.2338,93.1635,0.0647,0.0703,0.0056
5543,1026.4,273.5,93.2331,93.2387,93.1679,0.0652,0.0708,0.0056
5544,983.6,300.5,93.2380,93.2436,93.1722,0.0658,0.0714,0.0056
5545,999.3,310.9,93.2429,93.2484,93.1768,0.0661,0.0717,0.0056
5546,999.0,266.7,93.2477,93.2533,93.1811,0.0666,0.0722,0.0056
5547,1017.3,266.5,93.2526,93.2582,93.1856,0.0670,0.0726,0.0056
5548,982.6,247.0,93.2574,93.2630,93.1905,0.0669,0.0725,0.0056
5549,1037.2,332.8,93.2623,93.2679,93.1952,0.0671,0.0726,0.0056
5550,973.1,273.3,93.2671,93.2727,93.2000,0.0672,0.0727,0.0056
5551,998.3,265.9,93.2720,93.2775,93.2047,0.0672,0.0728,0.0056
5552,999.8,283.8,93.2768,93.2824,93.2098,0.0670,0.0725,0.0056
5553,999.9,278.3,93.2816,93.2872,93.2146,0.0670,0.0726,0.0056
5554,999.6,259.7,93.2865,93.2920,93.2194,0.0671,0.0726,0.0056
5555,1029.0,349.7,93.2913,93.2968,93.2242,0.0671,0.0726,0.0055
5556,973.6,289.1,93.2961,93.3016,93.2295,0.0666,0.0722,0.0055
5557,995.9,242.0,93.3009,93.3064,93.2345,0.0664,0.0719,0.0055
5558,999.5,266.1,93.3057,93.3112,93.2398,0.0659,0.0715,0.0055
5559,1030.6,324.4,93.3105,93.3160,93.2449,0.0656,0.0711,0.0055
5560,973.5,271.5,93.3153,93.3208,93.2503,0.0650,0.0705,0.0055
5561,1026.5,325.5,93.3201,93.3256,93.2554,0.0647,0.0703,0.0055
5562,943.7,321.7,93.3249,93.3304,93.2603,0.0645,0.0701,0.0055
5563,1029.7,297.8,93.3296,93.3352,93.2653,0.0644,0.0699,0.0055
5564,979.0,353.2,93.3344,93.3399,93.2708,0.0636,0.0692,0.0055
5565,1028.7,314.6,93.3392,93.3447,93.2760,0.0632,0.0687,0.0055
5566,992.3,293.6,93.3439,93.3495,93.2811,0.0628,0.0683,0.0055
5567,999.0,332.4,93.3487,93.3542,93.2862,0.0625,0.0681,0.0055
5568,995.8,324.7,93.3535,93.3590,93.2913,0.0622,0.0677,0.0055
5569,1003.3,335.7,93.3582,93.3637,93.2958,0.0624,0.0679,0.0055
5570,997.8,317.2,93.3629,93.3685,93.3002,0.0628,0.0683,0.0055
5571,1005.7,324.4,93.3677,93.3732,93.3045,0.0632,0.0687,0.0055
5572,996.3,280.4,93.3724,93.3779,93.3095,0.0629,0.0684,0.0055
5573,1028.9,330.4,93.3771,93.3826,93.3143,0.0629,0.0684,0.0055
5574,973.7,291.0,93.3819,93.3874,93.3191,0.0628,0.0683,0.0055
5575,1026.7,325.4,93.3866,93.3921,93.3238,0.0628,0.0683,0.0055
5576,973.3,279.6,93.3913,93.3968,93.3284,0.0629,0.0684,0.0055
5577,1026.4,312.4,93.3960,93.4015,93.3333,0.0627,0.0682,0.0055
5578,973.7,262.1,93.4007,93.4062,93.3379,0.0628,0.0683,0.0055
5579,1026.2,321.7,93.4054,93.4109,93.3425,0.0629,0.0684,0.0055
5580,973.7,293.0,93.4101,93.4156,93.3473,0.0628,0.0682,0.0055
5581,1002.3,316.0,93.4148,93.4202,93.3526,0.0622,0.0676,0.0055
5582,997.4,290.9,93.4194,93.4249,93.3576,0.0618,0.0673,0.0055
5583,1027.3,341.3,93.4241,93.4296,93.3627,0.0614,0.0669,0.0055
5584,974.9,277.3,93.4288,93.4343,93.3679,0.0609,0.0664,0.0055
5585,1023.1,325.2,93.4334,93.4389,93.3733,0.0601,0.0656,0.0055
5586,976.4,323.7,93.4381,93.4436,93.3782,0.0599,0.0654,0.0055
5587,999.3,309.0,93.4428,93.4482,93.3830,0.0597,0.0652,0.0055
5588,997.4,322.3,93.4474,93.4529,93.3876,0.0598,0.0652,0.0055
5589,1002.0,335.4,93.4520,93.4575,93.3925,0.0596,0.0650,0.0055
5590,998.2,336.8,93.4567,93.4621,93.3971,0.0596,0.0651,0.0055
5591,1001.0,354.2,93.4613,93.4668,93.4017,0.0596,0.0651,0.0055
5592,999.2,336.8,93.4659,93.4714,93.4064,0.0595,0.0650,0.0055
5593,1003.3,342.7,93.4706,93.4760,93.4115,0.0590,0.0645,0.0055
5594,998.6,339.8,93.4752,93.4806,93.4160,0.0591,0.0646,0.0054
5595,1000.1,325.1,93.4798,93.4852,93.4202,0.0596,0.0650,0.0054
5596,1005.7,376.1,93.4844,93.4898,93.4242,0.0602,0.0657,0.0054
5597,993.8,345.6,93.4890,93.4944,93.4279,0.0611,0.0665,0.0054
5598,999.0,329.2,93.4936,93.4990,93.4320,0.0616,0.0671,0.0054
5599,1008.5,335.4,93.4982,93.5036,93.4358,0.0624,0.0678,0.0054
5600,992.4,327.9,93.5028,93.5082,93.4398,0.0629,0.0684,0.0054
5601,1001.8,336.5,93.5073,93.5128,93.4439,0.0634,0.0688,0.0054
5602,1011.4,321.9,93.5119,93.5173,93.4492,0.0627,0.0681,0.0054
5603,991.4,324.3,93.5165,93.5219,93.4535,0.0630,0.0684,0.0054
5604,996.4,301.8,93.5210,93.5265,93.4577,0.0633,0.0688,0.0054
5605,1008.9,284.3,93.5256,93.5310,93.4623,0.0633,0.0687,0.0054
5606,1015.3,351.4,93.5301,93.5356,93.4665,0.0637,0.0691,0.0054
5607,973.2,328.2,93.5347,93.5401,93.4707,0.0640,0.0694,0.0054
5608,999.7,302.1,93.5392,93.5446,93.4749,0.0643,0.0697,0.0054
5609,1002.9,333.0,93.5438,93.5492,93.4792,0.0646,0.0700,0.0054
5610,997.3,315.6,93.5483,93.5537,93.4839,0.0644,0.0698,0.0054
5611,1003.0,348.1,93.5528,93.5582,93.4883,0.0645,0.0699,0.0054
5612,997.4,321.3,93.5573,93.5627,93.4928,0.0645,0.0699,0.0054
5613,999.8,297.6,93.5618,93.5672,93.4973,0.0645,0.0699,0.0054
5614,1026.3,350.8,93.5663,93.5717,93.5021,0.0643,0.0697,0.0054
5615,973.8,320.7,93.5708,93.5762,93.5064,0.0644,0.0698,0.0054
5616,1005.5,322.3,93.5753,93.5807,93.5106,0.0647,0.0701,0.0054
5617,1000.5,314.9,93.5798,93.5852,93.5148,0.0651,0.0705,0.0054
5618,994.9,320.6,93.5843,93.5897,93.5148,0.0696,0.0749,0.0054
5619,1001.7,335.0,93.5888,93.5942,93.5193,0.0695,0.0749,0.0054
5620,997.9,338.6,93.5933,93.5986,93.5237,0.0696,0.0750,0.0054
5621,1000.9,314.6,93.5977,93.6031,93.5282,0.0695,0.0749,0.0054
5622,1001.0,310.5,93.6022,93.6076,93.5332,0.0690,0.0744,0.0054
5623,1002.8,315.6,93.6067,93.6120,93.5379,0.0688,0.0742,0.0054
5624,997.0,308.2,93.6111,93.6165,93.5425,0.0686,0.0739,0.0054
5625,1002.5,283.9,93.6156,93.6209,93.5472,0.0684,0.0737,0.0054
5626,1021.7,350.6,93.6200,93.6254,93.5520,0.0680,0.0733,0.0054
5627,975.1,284.8,93.6244,93.6298,93.5564,0.0680,0.0734,0.0054
5628,1027.1,353.6,93.6289,93.6342,93.5607,0.0682,0.0735,0.0054
5629,970.7,300.5,93.6333,93.6386,93.5652,0.0681,0.0735,0.0054
5630,1026.3,349.1,93.6377,93.6430,93.5697,0.0679,0.0733,0.0053
5631,974.3,322.4,93.6421,93.6475,93.5748,0.0673,0.0727,0.0053
5632,998.9,314.7,93.6465,93.6519,93.5796,0.0670,0.0723,0.0053
5633,1000.2,313.9,93.6509,93.6563,93.5843,0.0666,0.0720,0.0053
5634,997.8,320.3,93.6553,93.6606,93.5894,0.0659,0.0712,0.0053
5635,1004.0,301.4,93.6597,93.6650,93.5941,0.0656,0.0709,0.0053
5636,1027.1,342.7,93.6641,93.6694,93.5987,0.0653,0.0707,0.0053
5637,973.5,308.0,93.6685,93.6738,93.6035,0.0650,0.0703,0.0053
5638,999.8,295.7,93.6728,93.6782,93.6086,0.0642,0.0695,0.0053
5639,997.7,327.2,93.6772,93.6825,93.6136,0.0636,0.0690,0.0053
5640,1001.5,298.4,93.6816,93.6869,93.6186,0.0630,0.0683,0.0053
5641,1026.4,368.7,93.6859,93.6912,93.6238,0.0622,0.0675,0.0053
5642,974.1,312.8,93.6903,93.6956,93.6294,0.0609,0.0662,0.0053
5643,999.2,287.3,93.6946,93.6999,93.6347,0.0599,0.0653,0.0053
5644,1003.0,316.3,93.6990,93.7043,93.6397,0.0592,0.0645,0.0053
5645,998.2,306.4,93.7033,93.7086,93.6447,0.0586,0.0639,0.0053
5646,1001.3,305.6,93.7076,93.7129,93.6500,0.0576,0.0629,0.0053
5647,998.6,312.5,93.7119,93.7172,93.6551,0.0568,0.0621,0.0053
5648,999.9,309.3,93.7162,93.7215,93.6603,0.0560,0.0613,0.0053
5649,1002.1,318.3,93.7206,93.7259,93.6655,0.0551,0.0604,0.0053
5650,999.6,328.4,93.7249,93.7302,93.6710,0.0539,0.0592,0.0053
5651,995.3,325.8,93.7292,93.7344,93.6759,0.0532,0.0585,0.0053
5652,1002.0,279.6,93.7335,93.7387,93.6807,0.0527,0.0580,0.0053
5653,1025.3,375.5,93.7377,93.7430,93.6851,0.0526,0.0579,0.0053
5654,975.2,312.1,93.7420,93.7473,93.6897,0.0524,0.0576,0.0053
5655,996.0,289.1,93.7463,93.7516,93.6939,0.0524,0.0577,0.0053
5656,1029.0,370.6,93.7506,93.7558,93.6982,0.0524,0.0577,0.0053
5657,974.1,309.7,93.7548,93.7601,93.7024,0.0524,0.0577,0.0053
5658,1003.2,314.4,93.7591,93.7644,93.7071,0.0520,0.0573,0.0053
5659,997.1,325.3,93.7633,93.7686,93.7114,0.0520,0.0572,0.0053
5660,1001.3,301.6,93.7676,93.7728,93.7156,0.0520,0.0572,0.0053
5661,1026.9,355.7,93.7718,93.7771,93.7197,0.0521,0.0573,0.0053
5662,974.3,312.3,93.7761,93.7813,93.7241,0.0520,0.0573,0.0053
5663,997.9,302.2,93.7803,93.7855,93.7280,0.0523,0.0576,0.0053
5664,1026.6,369.9,93.7845,93.7898,93.7318,0.0527,0.0579,0.0053
5665,976.8,290.4,93.7887,93.7940,93.7358,0.0530,0.0582,0.0052
5666,994.0,312.6,93.7929,93.7982,93.7398,0.0532,0.0584,0.0052
5667,1001.6,335.1,93.7971,93.8024,93.7440,0.0531,0.0584,0.0052
5668,999.8,338.5,93.8013,93.8066,93.7480,0.0533,0.0585,0.0052
5669,1000.1,302.6,93.8055,93.8108,93.7521,0.0534,0.0586,0.0052
5670,1001.7,388.6,93.8097,93.8150,93.7565,0.0532,0.0584,0.0052
5671,998.4,358.5,93.8139,93.8191,93.7606,0.0533,0.0586,0.0052
5672,999.9,344.4,93.8181,93.8233,93.7647,0.0534,0.0586,0.0052
5673,1001.0,321.0,93.8223,93.8275,93.7686,0.0537,0.0589,0.0052
5674,1005.1,350.0,93.8264,93.8316,93.7726,0.0538,0.0590,0.0052
5675,993.9,343.5,93.8306,93.8358,93.7763,0.0542,0.0595,0.0052
5676,1000.8,350.6,93.8347,93.8399,93.7801,0.0546,0.0598,0.0052
5677,999.3,315.1,93.8389,93.8441,93.7841,0.0548,0.0600,0.0052
5678,1003.1,323.9,93.8430,93.8482,93.7885,0.0545,0.0597,0.0052
5679,999.4,340.5,93.8471,93.8524,93.7925,0.0546,0.0598,0.0052
5680,999.4,330.2,93.8513,93.8565,93.7963,0.0549,0.0601,0.0052
5681,1001.8,316.0,93.8554,93.8606,93.7999,0.0555,0.0607,0.0052
5682,1004.5,332.5,93.8595,93.8647,93.8036,0.0559,0.0611,0.0052
5683,993.7,302.4,93.8636,93.8688,93.8071,0.0566,0.0618,0.0052
5684,1004.1,290.7,93.8677,93.8729,93.8106,0.0572,0.0624,0.0052
5685,1024.6,378.5,93.8718,93.8770,93.8140,0.0578,0.0630,0.0052
5686,974.7,314.8,93.8759,93.8811,93.8178,0.0581,0.0633,0.0052
5687,999.7,331.6,93.8800,93.8852,93.8212,0.0588,0.0640,0.0052
5688,999.7,335.6,93.8841,93.8893,93.8247,0.0594,0.0646,0.0052
5689,996.6,346.7,93.8882,93.8933,93.8282,0.0599,0.0651,0.0052
5690,1000.4,333.4,93.8922,93.8974,93.8323,0.0599,0.0651,0.0052
5691,1001.0,347.0,93.8963,93.9015,93.8362,0.0601,0.0652,0.0052
5692,997.0,314.3,93.9003,93.9055,93.8403,0.0601,0.0653,0.0052
5693,998.2,306.5,93.9044,93.9096,93.8444,0.0600,0.0652,0.0052
5694,999.7,355.8,93.9084,93.9136,93.8487,0.0598,0.0649,0.0052
5695,1000.4,343.4,93.9125,93.9176,93.8525,0.0600,0.0651,0.0052
5696,1002.1,301.1,93.9165,93.9217,93.8565,0.0601,0.0652,0.0052
5697,998.0,337.7,93.9205,93.9257,93.8604,0.0601,0.0653,0.0052
5698,1000.4,327.9,93.9246,93.9297,93.8647,0.0598,0.0650,0.0051
5699,1008.2,319.9,93.9286,93.9337,93.8689,0.0596,0.0648,0.0051
5700,995.3,314.4,93.9326,93.9377,93.8733,0.0593,0.0644,0.0051
5701,999.7,316.2,93.9366,93.9417,93.8778,0.0588,0.0640,0.0051
5702,1004.5,272.5,93.9406,93.9457,93.8827,0.0579,0.0630,0.0051
5703,1021.7,360.5,93.9446,93.9497,93.8873,0.0573,0.0624,0.0051
5704,974.0,338.8,93.9486,93.9537,93.8918,0.0568,0.0619,0.0051
5705,996.7,303.9,93.9525,93.9577,93.8961,0.0564,0.0615,0.0051
5706,1010.5,323.7,93.9565,93.9616,93.9008,0.0557,0.0609,0.0051
5707,991.4,318.1,93.9605,93.9656,93.9051,0.0554,0.0605,0.0051
5708,1002.9,336.2,93.9644,93.9695,93.9094,0.0550,0.0601,0.0051
5709,996.9,328.6,93.9684,93.9735,93.9137,0.0546,0.0598,0.0051
5710,1005.5,326.1,93.9723,93.9774,93.9182,0.0541,0.0592,0.0051
5711,995.1,309.9,93.9763,93.9814,93.9231,0.0532,0.0583,0.0051
5712,999.9,295.4,93.9802,93.9853,93.9276,0.0526,0.0577,0.0051
5713,1004.0,311.3,93.9841,93.9892,93.9321,0.0520,0.0571,0.0051
5714,1006.4,289.0,93.9881,93.9932,93.9368,0.0513,0.0564,0.0051
5715,990.6,308.5,93.9920,93.9971,93.9409,0.0510,0.0561,0.0051
5716,1002.5,321.7,93.9959,94.0010,93.9450,0.0509,0.0560,0.0051
5717,998.8,350.1,93.9998,94.0049,93.9490,0.0508,0.0559,0.0051
5718,997.6,329.7,94.0037,94.0088,93.9533,0.0504,0.0555,0.0051
5719,998.5,410.2,94.0076,94.0127,93.9572,0.0503,0.0554,0.0051
5720,1034.3,510.0,94.0115,94.0165,93.9614,0.0501,0.0552,0.0051
5721,1010.1,344.3,94.0153,94.0204,93.9655,0.0498,0.0549,0.0051
5722,957.2,270.2,94.0192,94.0243,93.9701,0.0491,0.0541,0.0051
5723,1028.2,338.0,94.0231,94.0282,93.9743,0.0487,0.0538,0.0051
5724,973.3,309.8,94.0269,94.0320,93.9785,0.0484,0.0535,0.0051
5725,1000.9,268.1,94.0308,94.0359,93.9827,0.0481,0.0532,0.0051
5726,1025.3,320.7,94.0346,94.0397,93.9870,0.0476,0.0527,0.0051
5727,979.4,295.0,94.0385,94.0435,93.9909,0.0476,0.0526,0.0051
5728,994.0,302.3,94.0423,94.0474,93.9948,0.0475,0.0526,0.0051
5729,996.6,280.8,94.0461,94.0512,93.9987,0.0474,0.0525,0.0051
5730,1001.0,286.9,94.0500,94.0550,94.0027,0.0473,0.0523,0.0051
5731,1029.5,326.0,94.0538,94.0588,94.0070,0.0467,0.0518,0.0050
5732,973.7,267.6,94.0576,94.0626,94.0110,0.0466,0.0516,0.0050
5733,1004.3,289.2,94.0614,94.0664,94.0149,0.0465,0.0515,0.0050
5734,1023.6,307.7,94.0652,94.0702,94.0187,0.0465,0.0515,0.0050
5735,982.7,288.5,94.0690,94.0740,94.0226,0.0464,0.0514,0.0050
5736,994.0,315.7,94.0728,94.0778,94.0261,0.0467,0.0517,0.0050
5737,999.6,307.1,94.0766,94.0816,94.0296,0.0470,0.0520,0.0050
5738,996.9,291.9,94.0803,94.0854,94.0331,0.0473,0.0523,0.0050
5739,1001.0,297.0,94.0841,94.0891,94.0368,0.0473,0.0523,0.0050
5740,1000.4,300.1,94.0879,94.0929,94.0404,0.0474,0.0525,0.0050
5741,999.1,309.2,94.0916,94.0966,94.0439,0.0477,0.0527,0.0050
5742,1000.4,294.1,94.0954,94.1004,94.0473,0.0481,0.0531,0.0050
5743,1001.1,299.2,94.0991,94.1041,94.0509,0.0482,0.0532,0.0050
5744,999.6,371.5,94.1028,94.1078,94.0543,0.0485,0.0535,0.0050
5745,1000.5,381.7,94.1066,94.1116,94.0577,0.0488,0.0538,0.0050
5746,999.6,295.2,94.1103,94.1153,94.0612,0.0491,0.0541,0.0050
5747,1001.8,314.0,94.1140,94.1190,94.0648,0.0492,0.0542,0.0050
5748,998.5,301.7,94.1177,94.1227,94.0682,0.0495,0.0545,0.0050
5749,1001.8,306.3,94.1214,94.1264,94.0714,0.0500,0.0550,0.0050
5750,996.0,290.1,94.1251,94.1301,94.0744,0.0507,0.0557,0.0050
5751,1025.6,325.3,94.1288,94.1338,94.0774,0.0514,0.0564,0.0050
5752,973.4,297.6,94.1325,94.1375,94.0806,0.0518,0.0568,0.0050
5753,1026.3,348.2,94.1362,94.1411,94.0837,0.0524,0.0574,0.0050
5754,973.6,298.6,94.1398,94.1448,94.0870,0.0528,0.0578,0.0050
5755,998.9,287.9,94.1435,94.1485,94.0904,0.0530,0.0580,0.0050
5756,1028.8,344.2,94.1471,94.1521,94.0942,0.0529,0.0579,0.0050
5757,971.3,306.7,94.1508,94.1558,94.0977,0.0531,0.0581,0.0050
5758,1003.7,298.2,94.1544,94.1594,94.1011,0.0533,0.0583,0.0050
5759,995.1,319.7,94.1581,94.1630,94.1046,0.0535,0.0584,0.0050
5760,1002.1,303.9,94.1617,94.1667,94.1084,0.0533,0.0583,0.0050
5761,1001.3,280.5,94.1653,94.1703,94.1118,0.0535,0.0585,0.0050
5762,1024.5,338.0,94.1690,94.1739,94.1153,0.0537,0.0586,0.0049
5763,973.9,315.0,94.1726,94.1775,94.1188,0.0537,0.0587,0.0049
5764,1001.2,279.2,94.1762,94.1811,94.1227,0.0535,0.0585,0.0049
5765,1027.4,354.9,94.1798,94.1847,94.1262,0.0536,0.0585,0.0049
5766,973.1,317.2,94.1834,94.1883,94.1297,0.0536,0.0586,0.0049
5767,1002.7,271.7,94.1870,94.1919,94.1334,0.0536,0.0585,0.0049
5768,1023.7,342.0,94.1905,94.1955,94.1376,0.0529,0.0578,0.0049
5769,978.3,367.6,94.1941,94.1990,94.1417,0.0524,0.0573,0.0049
5770,1004.0,338.7,94.1977,94.2026,94.1458,0.0519,0.0568,0.0049
5771,982.6,327.0,94.2012,94.2062,94.1500,0.0512,0.0561,0.0049
5772,1011.5,319.7,94.2048,94.2097,94.1545,0.0503,0.0552,0.0049
5773,995.2,288.1,94.2083,94.2133,94.1587,0.0497,0.0546,0.0049
5774,997.5,294.8,94.2119,94.2168,94.1633,0.0486,0.0535,0.0049
5775,998.6,311.5,94.2154,94.2203,94.1665,0.0489,0.0538,0.0049
5776,997.7,275.5,94.2189,94.2239,94.1713,0.0476,0.0525,0.0049
5777,1001.9,295.3,94.2225,94.2274,94.1753,0.0472,0.0521,0.0049
5778,1008.6,301.8,94.2260,94.2309,94.1795,0.0465,0.0514,0.0049
5779,986.2,293.3,94.2295,94.2344,94.1837,0.0458,0.0507,0.0049
5780,1033.4,352.7,94.2330,94.2379,94.1883,0.0447,0.0496,0.0049
5781,974.1,321.0,94.2365,94.2414,94.1925,0.0440,0.0488,0.0049
5782,1003.8,304.5,94.2400,94.2449,94.1967,0.0433,0.0482,0.0049
5783,999.3,333.5,94.2435,94.2483,94.2005,0.0429,0.0478,0.0049
5784,996.5,338.2,94.2469,94.2518,94.2045,0.0425,0.0473,0.0049
5785,990.8,297.0,94.2504,94.2553,94.2080,0.0424,0.0473,0.0049
5786,1016.6,312.5,94.2539,94.2587,94.2116,0.0423,0.0472,0.0049
5787,1000.3,267.8,94.2573,94.2622,94.2151,0.0422,0.0471,0.0049
5788,999.6,275.3,94.2608,94.2656,94.2190,0.0418,0.0466,0.0049
5789,1000.4,306.0,94.2642,94.2691,94.2228,0.0414,0.0463,0.0049
5790,985.2,275.3,94.2677,94.2725,94.2228,0.0449,0.0497,0.0049
5791,1014.5,277.3,94.2711,94.2759,94.2265,0.0445,0.0494,0.0049
5792,983.8,266.8,94.2745,94.2794,94.2306,0.0439,0.0488,0.0049
5793,1016.2,315.7,94.2779,94.2828,94.2344,0.0435,0.0483,0.0048
5794,1001.8,364.6,94.2813,94.2862,94.2384,0.0429,0.0478,0.0048
5795,982.9,333.4,94.2847,94.2896,94.2423,0.0424,0.0473,0.0048
5796,1008.3,333.2,94.2881,94.2930,94.2463,0.0418,0.0466,0.0048
5797,1004.9,331.7,94.2915,94.2964,94.2501,0.0414,0.0463,0.0048
5798,991.9,338.7,94.2949,94.2997,94.2540,0.0410,0.0458,0.0048
5799,995.1,349.9,94.2983,94.3031,94.2579,0.0403,0.0452,0.0048
5800,998.9,300.2,94.3017,94.3065,94.2622,0.0395,0.0443,0.0048
5801,1014.2,320.9,94.3050,94.3098,94.2661,0.0389,0.0437,0.0048
5802,990.1,300.4,94.3084,94.3132,94.2700,0.0383,0.0432,0.0048
5803,1010.0,320.5,94.3117,94.3165,94.2739,0.0379,0.0427,0.0048
5804,989.7,316.1,94.3151,94.3199,94.2780,0.0371,0.0419,0.0048
5805,998.4,291.6,94.3184,94.3232,94.2819,0.0365,0.0413,0.0048
5806,997.0,266.7,94.3217,94.3265,94.2858,0.0359,0.0408,0.0048
5807,1020.4,307.0,94.3251,94.3299,94.2898,0.0353,0.0401,0.0048
5808,986.4,272.2,94.3284,94.3332,94.2932,0.0352,0.0400,0.0048
5809,1013.2,345.2,94.3317,94.3365,94.2966,0.0351,0.0399,0.0048
5810,992.8,299.4,94.3350,94.3398,94.3000,0.0350,0.0398,0.0048
5811,1009.4,313.7,94.3383,94.3431,94.3036,0.0347,0.0395,0.0048
5812,991.7,309.9,94.3416,94.3464,94.3068,0.0347,0.0395,0.0048
5813,1000.7,297.4,94.3449,94.3496,94.3102,0.0347,0.0395,0.0048
5814,1025.0,320.9,94.3481,94.3529,94.3135,0.0347,0.0394,0.0048
5815,962.2,274.4,94.3514,94.3562,94.3170,0.0344,0.0392,0.0048
5816,1018.3,312.8,94.3547,94.3594,94.3202,0.0345,0.0393,0.0048
5817,985.8,282.2,94.3579,94.3627,94.3232,0.0347,0.0395,0.0048
5818,1014.3,292.9,94.3612,94.3659,94.3262,0.0350,0.0398,0.0048
5819,983.6,307.5,94.3644,94.3692,94.3291,0.0353,0.0401,0.0048
5820,1016.8,348.7,94.3677,94.3724,94.3316,0.0361,0.0408,0.0048
5821,990.5,363.7,94.3709,94.3756,94.3340,0.0369,0.0417,0.0048
5822,997.7,327.8,94.3741,94.3789,94.3365,0.0376,0.0424,0.0048
5823,1004.7,294.6,94.3773,94.3821,94.3392,0.0381,0.0429,0.0047
5824,1022.4,359.5,94.3805,94.3853,94.3417,0.0388,0.0436,0.0047
5825,974.6,294.3,94.3837,94.3885,94.3442,0.0396,0.0443,0.0047
5826,998.1,301.2,94.3869,94.3917,94.3467,0.0402,0.0449,0.0047
5827,1028.2,351.5,94.3901,94.3948,94.3496,0.0405,0.0453,0.0047
5828,973.4,322.4,94.3933,94.3980,94.3522,0.0411,0.0458,0.0047
5829,999.2,291.6,94.3965,94.4012,94.3549,0.0416,0.0463,0.0047
5830,1029.2,339.2,94.3996,94.4044,94.3575,0.0422,0.0469,0.0047
5831,976.8,300.3,94.4028,94.4075,94.3603,0.0425,0.0472,0.0047
5832,1001.0,279.3,94.4059,94.4107,94.3628,0.0431,0.0479,0.0047
5833,1021.3,317.2,94.4091,94.4138,94.3654,0.0437,0.0484,0.0047
5834,974.6,292.8,94.4122,94.4169,94.3682,0.0440,0.0487,0.0047
5835,998.4,252.1,94.4154,94.4201,94.3713,0.0441,0.0488,0.0047
5836,1027.8,319.9,94.4185,94.4232,94.3741,0.0444,0.0491,0.0047
5837,976.8,292.8,94.4216,94.4263,94.3770,0.0446,0.0493,0.0047
5838,1023.0,341.9,94.4247,94.4294,94.3798,0.0450,0.0497,0.0047
5839,974.5,305.7,94.4278,94.4325,94.3827,0.0452,0.0499,0.0047
5840,998.4,270.0,94.4309,94.4356,94.3853,0.0456,0.0503,0.0047
5841,1028.3,328.3,94.4340,94.4387,94.3879,0.0461,0.0508,0.0047
5842,974.7,308.9,94.4371,94.4418,94.3907,0.0464,0.0511,0.0047
5843,1000.2,327.4,94.4402,94.4449,94.3939,0.0463,0.0509,0.0047
5844,996.3,316.9,94.4433,94.4479,94.3970,0.0463,0.0510,0.0047
5845,1003.8,349.7,94.4463,94.4510,94.4002,0.0461,0.0508,0.0047
5846,994.7,353.0,94.4494,94.4541,94.4035,0.0459,0.0506,0.0047
5847,999.3,273.1,94.4524,94.4571,94.4070,0.0454,0.0501,0.0047
5848,1027.2,315.0,94.4555,94.4601,94.4103,0.0452,0.0499,0.0047
5849,976.2,312.6,94.4585,94.4632,94.4135,0.0450,0.0497,0.0047
5850,998.3,269.6,94.4616,94.4662,94.4167,0.0449,0.0495,0.0047
5851,1028.7,335.3,94.4646,94.4692,94.4200,0.0446,0.0492,0.0047
5852,976.8,289.3,94.4676,94.4722,94.4230,0.0446,0.0493,0.0046
5853,1023.3,330.6,94.4706,94.4752,94.4260,0.0446,0.0492,0.0046
5854,973.8,293.7,94.4736,94.4782,94.4291,0.0445,0.0492,0.0046
5855,1025.8,319.5,94.4766,94.4812,94.4325,0.0441,0.0487,0.0046
5856,973.7,289.9,94.4796,94.4842,94.4357,0.0438,0.0485,0.0046
5857,1025.9,335.9,94.4826,94.4872,94.4389,0.0436,0.0482,0.0046
5858,974.4,276.6,94.4855,94.4902,94.4422,0.0434,0.0480,0.0046
5859,1026.5,338.0,94.4885,94.4931,94.4457,0.0429,0.0475,0.0046
5860,972.6,373.2,94.4915,94.4961,94.4489,0.0425,0.0472,0.0046
5861,1002.3,293.6,94.4944,94.4990,94.4523,0.0422,0.0468,0.0046
5862,1026.5,339.6,94.4974,94.5020,94.4556,0.0418,0.0464,0.0046
5863,973.5,342.5,94.5003,94.5049,94.4591,0.0412,0.0458,0.0046
5864,998.1,323.4,94.5032,94.5079,94.4623,0.0409,0.0455,0.0046
5865,1006.2,334.7,94.5062,94.5108,94.4655,0.0407,0.0453,0.0046
5866,991.9,328.6,94.5091,94.5137,94.4686,0.0405,0.0451,0.0046
5867,1001.9,296.3,94.5120,94.5166,94.4718,0.0402,0.0448,0.0046
5868,1000.9,322.9,94.5149,94.5195,94.4748,0.0401,0.0447,0.0046
5869,1003.5,339.4,94.5178,94.5224,94.4777,0.0401,0.0447,0.0046
5870,993.7,364.4,94.5207,94.5253,94.4806,0.0401,0.0447,0.0046
5871,999.6,360.4,94.5236,94.5282,94.4837,0.0399,0.0445,0.0046
5872,999.9,350.2,94.5265,94.5310,94.4866,0.0398,0.0444,0.0046
5873,1001.8,288.0,94.5293,94.5339,94.4898,0.0396,0.0442,0.0046
5874,1029.0,375.9,94.5322,94.5368,94.4930,0.0392,0.0437,0.0046
5875,973.7,324.1,94.5350,94.5396,94.4966,0.0384,0.0430,0.0046
5876,998.5,278.3,94.5379,94.5425,94.4999,0.0380,0.0426,0.0046
5877,998.2,301.3,94.5407,94.5453,94.5032,0.0376,0.0421,0.0046
5878,966.6,264.5,94.5436,94.5481,94.5064,0.0372,0.0418,0.0046
5879,2757.7,476.5,94.5464,94.5510,94.5159,0.0305,0.0350,0.0046
5880,483.3,322.8,94.5492,94.5538,94.5159,0.0333,0.0379,0.0045
5881,327.2,251.1,94.5520,94.5566,94.5190,0.0331,0.0376,0.0045
5882,466.1,252.4,94.5548,94.5594,94.5190,0.0359,0.0404,0.0045
5883,995.5,267.7,94.5576,94.5622,94.5223,0.0354,0.0399,0.0045
5884,967.7,305.7,94.5604,94.5650,94.5253,0.0351,0.0396,0.0045
5885,1065.9,328.1,94.5632,94.5678,94.5283,0.0349,0.0395,0.0045
5886,973.8,316.9,94.5660,94.5705,94.5311,0.0349,0.0395,0.0045
5887,1004.7,297.9,94.5688,94.5733,94.5342,0.0345,0.0391,0.0045
5888,999.1,279.6,94.5715,94.5761,94.5374,0.0341,0.0387,0.0045
5889,1018.1,347.2,94.5743,94.5788,94.5407,0.0336,0.0381,0.0045
5890,972.6,323.0,94.5770,94.5816,94.5440,0.0331,0.0376,0.0045
5891,1009.4,298.4,94.5798,94.5843,94.5474,0.0324,0.0369,0.0045
5892,993.6,299.7,94.5825,94.5870,94.5505,0.0321,0.0366,0.0045
5893,1002.1,312.7,94.5853,94.5898,94.5534,0.0318,0.0363,0.0045
5894,995.3,309.2,94.5880,94.5925,94.5564,0.0316,0.0361,0.0045
5895,1000.6,356.7,94.5907,94.5952,94.5595,0.0312,0.0357,0.0045
5896,1000.7,383.6,94.5934,94.5979,94.5623,0.0311,0.0356,0.0045
5897,999.2,328.2,94.5961,94.6006,94.5651,0.0310,0.0355,0.0045
5898,1002.8,314.4,94.5988,94.6033,94.5679,0.0309,0.0354,0.0045
5899,996.9,304.2,94.6015,94.6060,94.5711,0.0304,0.0349,0.0045
5900,1000.0,269.4,94.6042,94.6086,94.5742,0.0300,0.0345,0.0045
5901,1000.5,338.5,94.6068,94.6113,94.5773,0.0295,0.0340,0.0045
5902,1000.3,325.4,94.6095,94.6140,94.5803,0.0292,0.0336,0.0045
5903,1000.9,293.1,94.6121,94.6166,94.5835,0.0287,0.0332,0.0045
5904,1000.4,327.0,94.6148,94.6193,94.5861,0.0287,0.0331,0.0045
5905,1001.9,322.7,94.6174,94.6219,94.5887,0.0287,0.0332,0.0045
5906,955.8,302.4,94.6201,94.6245,94.5914,0.0287,0.0331,0.0045
5907,1010.8,277.1,94.6227,94.6272,94.5942,0.0285,0.0330,0.0045
5908,1060.9,303.9,94.6253,94.6298,94.5967,0.0286,0.0331,0.0044
5909,970.0,280.0,94.6279,94.6324,94.5991,0.0288,0.0333,0.0044
5910,985.0,279.9,94.6305,94.6350,94.6015,0.0290,0.0334,0.0044
5911,1040.0,363.5,94.6331,94.6376,94.6039,0.0292,0.0336,0.0044
5912,977.1,287.9,94.6357,94.6402,94.6062,0.0296,0.0340,0.0044
5913,1005.2,325.2,94.6383,94.6428,94.6086,0.0298,0.0342,0.0044
5914,992.1,285.9,94.6409,94.6453,94.6110,0.0299,0.0344,0.0044
5915,1025.4,317.6,94.6435,94.6479,94.6136,0.0299,0.0343,0.0044
5916,976.9,304.4,94.6460,94.6505,94.6161,0.0299,0.0344,0.0044
5917,1004.5,301.4,94.6486,94.6530,94.6186,0.0300,0.0345,0.0044
5918,1000.0,251.0,94.6511,94.6556,94.6209,0.0303,0.0347,0.0044
5919,1021.3,403.2,94.6537,94.6581,94.6233,0.0303,0.0348,0.0044
5920,979.8,319.4,94.6562,94.6606,94.6257,0.0305,0.0349,0.0044
5921,997.4,342.9,94.6588,94.6632,94.6281,0.0307,0.0351,0.0044
5922,993.2,293.3,94.6613,94.6657,94.6305,0.0308,0.0352,0.0044
5923,1029.4,333.0,94.6638,94.6682,94.6330,0.0307,0.0351,0.0044
5924,974.1,267.0,94.6663,94.6707,94.6353,0.0310,0.0354,0.0044
5925,1025.1,325.7,94.6688,94.6732,94.6375,0.0313,0.0357,0.0044
5926,975.6,341.6,94.6713,94.6757,94.6398,0.0315,0.0359,0.0044
5927,998.9,329.9,94.6738,94.6781,94.6422,0.0316,0.0359,0.0044
5928,999.7,343.6,94.6762,94.6806,94.6443,0.0319,0.0363,0.0044
5929,1000.2,343.6,94.6787,94.6831,94.6464,0.0323,0.0367,0.0044
5930,999.9,334.0,94.6812,94.6855,94.6485,0.0327,0.0371,0.0044
5931,999.9,304.7,94.6836,94.6880,94.6510,0.0327,0.0370,0.0044
5932,1003.6,293.3,94.6861,94.6904,94.6534,0.0326,0.0370,0.0044
5933,1023.4,367.7,94.6885,94.6929,94.6563,0.0322,0.0366,0.0044
5934,972.9,324.6,94.6910,94.6953,94.6584,0.0326,0.0369,0.0044
5935,1006.7,315.1,94.6934,94.6977,94.6616,0.0318,0.0362,0.0044
5936,1000.8,348.6,94.6958,94.7001,94.6642,0.0316,0.0360,0.0043
5937,991.0,360.0,94.6982,94.7026,94.6666,0.0316,0.0359,0.0043
5938,999.8,329.0,94.7006,94.7050,94.6693,0.0313,0.0356,0.0043
5939,1005.6,304.3,94.7030,94.7074,94.6719,0.0311,0.0354,0.0043
5940,1006.3,341.3,94.7054,94.7097,94.6745,0.0309,0.0352,0.0043
5941,989.8,331.7,94.7078,94.7121,94.6770,0.0308,0.0351,0.0043
5942,1000.9,305.2,94.7102,94.7145,94.6794,0.0307,0.0351,0.0043
5943,1007.4,334.2,94.7125,94.7169,94.6822,0.0303,0.0346,0.0043
5944,990.7,328.8,94.7149,94.7192,94.6848,0.0301,0.0344,0.0043
5945,1006.9,371.0,94.7172,94.7216,94.6872,0.0300,0.0343,0.0043
5946,990.5,332.2,94.7196,94.7239,94.6895,0.0301,0.0344,0.0043
5947,1002.6,288.5,94.7219,94.7262,94.6920,0.0300,0.0343,0.0043
5948,1002.0,325.1,94.7243,94.7286,94.6943,0.0300,0.0343,0.0043
5949,1002.6,325.1,94.7266,94.7309,94.6966,0.0300,0.0343,0.0043
5950,998.4,294.6,94.7289,94.7332,94.6991,0.0298,0.0341,0.0043
5951,1002.5,273.5,94.7312,94.7355,94.6991,0.0322,0.0364,0.0043
5952,993.6,304.4,94.7335,94.7378,94.7017,0.0318,0.0361,0.0043
5953,1003.0,326.8,94.7358,94.7401,94.7042,0.0316,0.0359,0.0043
5954,1003.2,335.1,94.7381,94.7424,94.7068,0.0312,0.0355,0.0043
5955,991.4,314.5,94.7404,94.7447,94.7095,0.0309,0.0351,0.0043
5956,1008.5,319.3,94.7426,94.7469,94.7124,0.0302,0.0345,0.0043
5957,997.8,324.7,94.7449,94.7492,94.7150,0.0299,0.0342,0.0043
5958,1004.0,307.5,94.7472,94.7514,94.7174,0.0297,0.0340,0.0043
5959,999.2,295.8,94.7494,94.7537,94.7199,0.0295,0.0338,0.0043
5960,1001.2,294.2,94.7517,94.7559,94.7224,0.0293,0.0335,0.0043
5961,999.5,318.8,94.7539,94.7582,94.7247,0.0292,0.0335,0.0043
5962,1002.0,306.6,94.7561,94.7604,94.7270,0.0291,0.0334,0.0043
5963,997.1,308.1,94.7583,94.7626,94.7293,0.0290,0.0333,0.0042
5964,1000.8,325.1,94.7606,94.7648,94.7318,0.0287,0.0330,0.0042
5965,995.9,464.9,94.7628,94.7670,94.7341,0.0287,0.0329,0.0042
5966,998.0,311.2,94.7650,94.7692,94.7362,0.0287,0.0330,0.0042
5967,1000.3,280.9,94.7672,94.7714,94.7383,0.0288,0.0330,0.0042
5968,996.8,295.1,94.7693,94.7736,94.7406,0.0288,0.0330,0.0042
5969,1002.7,342.0,94.7715,94.7757,94.7426,0.0289,0.0331,0.0042
5970,1001.2,345.7,94.7737,94.7779,94.7447,0.0290,0.0332,0.0042
5971,1017.6,444.2,94.7758,94.7801,94.7468,0.0290,0.0333,0.0042
5972,985.4,549.7,94.7780,94.7822,94.7491,0.0289,0.0331,0.0042
5973,989.6,327.0,94.7801,94.7844,94.7515,0.0287,0.0329,0.0042
5974,996.4,273.4,94.7823,94.7865,94.7539,0.0283,0.0326,0.0042
5975,969.7,293.8,94.7844,94.7886,94.7563,0.0281,0.0323,0.0042
5976,1021.9,329.3,94.7865,94.7907,94.7590,0.0275,0.0317,0.0042
5977,1019.9,300.2,94.7887,94.7929,94.7615,0.0271,0.0313,0.0042
5978,1001.5,284.2,94.7908,94.7950,94.7640,0.0268,0.0310,0.0042
5979,1022.2,314.3,94.7929,94.7971,94.7664,0.0264,0.0306,0.0042
5980,974.8,272.9,94.7950,94.7992,94.7691,0.0258,0.0300,0.0042
5981,1009.0,355.6,94.7971,94.8012,94.7716,0.0255,0.0296,0.0042
5982,1000.2,315.8,94.7991,94.8033,94.7741,0.0251,0.0293,0.0042
5983,992.9,266.2,94.8012,94.8054,94.7765,0.0247,0.0289,0.0042
5984,998.9,292.0,94.8033,94.8074,94.7791,0.0242,0.0284,0.0042
5985,1003.0,270.3,94.8053,94.8095,94.7815,0.0239,0.0280,0.0042
5986,1022.1,328.9,94.8074,94.8115,94.7838,0.0236,0.0277,0.0042
5987,975.0,277.0,94.8094,94.8136,94.7862,0.0232,0.0274,0.0042
5988,1024.8,281.4,94.8115,94.8156,94.7887,0.0227,0.0269,0.0042
5989,976.6,279.5,94.8135,94.8176,94.7912,0.0223,0.0265,0.0042
5990,1023.2,318.6,94.8155,94.8197,94.7937,0.0218,0.0260,0.0041
5991,974.0,283.6,94.8175,94.8217,94.7962,0.0213,0.0254,0.0041
5992,1026.2,334.1,94.8195,94.8237,94.7987,0.0208,0.0250,0.0041
5993,976.3,279.4,94.8215,94.8257,94.8013,0.0202,0.0244,0.0041
5994,1000.0,298.7,94.8235,94.8276,94.8036,0.0199,0.0240,0.0041
5995,1021.0,374.4,94.8255,94.8296,94.8060,0.0195,0.0236,0.0041
5996,975.7,321.3,94.8275,94.8316,94.8083,0.0191,0.0233,0.0041
5997,1001.3,276.2,94.8294,94.8336,94.8107,0.0187,0.0228,0.0041
5998,1002.7,278.6,94.8314,94.8355,94.8128,0.0186,0.0228,0.0041
5999,1020.9,347.7,94.8334,94.8375,94.8147,0.0186,0.0228,0.0041
6000,975.2,265.8,94.8353,94.8394,94.8167,0.0186,0.0227,0.0041
6001,998.6,291.0,94.8372,94.8413,94.8189,0.0183,0.0224,0.0041
6002,1028.6,321.4,94.8392,94.8433,94.8210,0.0181,0.0222,0.0041
6003,973.1,269.7,94.8411,94.8452,94.8231,0.0180,0.0221,0.0041
6004,1026.7,333.8,94.8430,94.8471,94.8251,0.0179,0.0220,0.0041
6005,984.4,350.4,94.8449,94.8490,94.8270,0.0179,0.0220,0.0041
6006,1580.5,600.0,94.8468,94.8509,94.8306,0.0162,0.0203,0.0041
6007,606.2,235.2,94.8487,94.8528,94.8306,0.0181,0.0222,0.0041
6008,796.8,258.6,94.8506,94.8547,94.8325,0.0180,0.0221,0.0041
6009,999.6,238.4,94.8525,94.8565,94.8347,0.0178,0.0218,0.0041
6010,997.0,240.0,94.8543,94.8584,94.8367,0.0177,0.0217,0.0041
6011,1013.1,266.6,94.8562,94.8603,94.8386,0.0176,0.0216,0.0041
6012,989.7,252.7,94.8581,94.8621,94.8406,0.0175,0.0216,0.0041
6013,1032.7,322.4,94.8599,94.8640,94.8426,0.0173,0.0214,0.0041
6014,979.9,285.3,94.8617,94.8658,94.8444,0.0174,0.0214,0.0041
6015,1020.6,320.9,94.8636,94.8676,94.8463,0.0173,0.0214,0.0041
6016,974.5,267.8,94.8654,94.8695,94.8481,0.0173,0.0213,0.0041
6017,1022.1,295.3,94.8672,94.8713,94.8500,0.0172,0.0212,0.0040
6018,979.3,274.4,94.8690,94.8731,94.8518,0.0172,0.0212,0.0040
6019,1021.4,318.4,94.8708,94.8749,94.8535,0.0173,0.0213,0.0040
6020,975.2,301.7,94.8726,94.8767,94.8551,0.0175,0.0216,0.0040
6021,1002.7,287.4,94.8744,94.8784,94.8568,0.0176,0.0216,0.0040
6022,1022.2,297.5,94.8762,94.8802,94.8584,0.0178,0.0218,0.0040
6023,983.3,272.3,94.8780,94.8820,94.8599,0.0181,0.0221,0.0040
6024,999.4,275.1,94.8797,94.8838,94.8614,0.0183,0.0223,0.0040
6025,1000.1,268.4,94.8815,94.8855,94.8631,0.0184,0.0224,0.0040
6026,1000.2,283.7,94.8832,94.8872,94.8647,0.0185,0.0225,0.0040
6027,999.0,271.2,94.8850,94.8890,94.8663,0.0186,0.0227,0.0040
6028,1000.5,269.4,94.8867,94.8907,94.8679,0.0189,0.0229,0.0040
6029,999.3,275.5,94.8884,94.8924,94.8696,0.0188,0.0228,0.0040
6030,1000.2,260.8,94.8902,94.8942,94.8711,0.0190,0.0230,0.0040
6031,1000.3,276.0,94.8919,94.8959,94.8728,0.0191,0.0231,0.0040
6032,1000.7,272.2,94.8936,94.8976,94.8743,0.0192,0.0232,0.0040
6033,988.2,299.1,94.8953,94.8993,94.8761,0.0192,0.0232,0.0040
6034,999.6,288.8,94.8970,94.9009,94.8778,0.0191,0.0231,0.0040
6035,999.8,273.0,94.8986,94.9026,94.8796,0.0190,0.0230,0.0040
6036,1000.1,260.2,94.9003,94.9043,94.8814,0.0189,0.0229,0.0040
6037,986.8,276.0,94.9020,94.9059,94.8834,0.0186,0.0226,0.0040
6038,1010.7,284.7,94.9036,94.9076,94.8851,0.0185,0.0225,0.0040
6039,999.7,254.4,94.9053,94.9092,94.8869,0.0184,0.0224,0.0040
6040,1004.6,276.6,94.9069,94.9109,94.8887,0.0182,0.0222,0.0040
6041,1086.8,292.3,94.9086,94.9125,94.8906,0.0180,0.0219,0.0040
6042,894.5,246.4,94.9102,94.9141,94.8923,0.0179,0.0218,0.0040
6043,1046.8,336.1,94.9118,94.9158,94.8941,0.0177,0.0216,0.0039
6044,975.0,313.5,94.9134,94.9174,94.8959,0.0175,0.0214,0.0039
6045,1004.0,331.1,94.9150,94.9190,94.8976,0.0174,0.0213,0.0039
6046,997.7,311.7,94.9166,94.9206,94.8993,0.0174,0.0213,0.0039
6047,1004.3,316.9,94.9182,94.9221,94.9009,0.0173,0.0213,0.0039
6048,997.0,288.4,94.9198,94.9237,94.9025,0.0173,0.0212,0.0039
6049,1023.9,351.7,94.9214,94.9253,94.9041,0.0173,0.0212,0.0039
6050,974.8,296.4,94.9229,94.9269,94.9056,0.0174,0.0213,0.0039
6051,996.1,290.7,94.9245,94.9284,94.9069,0.0176,0.0215,0.0039
6052,1029.0,316.0,94.9260,94.9300,94.9086,0.0175,0.0214,0.0039
6053,974.6,277.0,94.9276,94.9315,94.9102,0.0174,0.0213,0.0039
6054,967.2,268.9,94.9291,94.9330,94.9117,0.0174,0.0213,0.0039
6055,1057.4,315.0,94.9307,94.9346,94.9133,0.0174,0.0213,0.0039
6056,975.4,292.3,94.9322,94.9361,94.9150,0.0172,0.0211,0.0039
6057,1025.0,319.4,94.9337,94.9376,94.9165,0.0172,0.0211,0.0039
6058,975.3,274.8,94.9352,94.9391,94.9182,0.0170,0.0209,0.0039
6059,1025.5,293.8,94.9367,94.9406,94.9198,0.0169,0.0208,0.0039
6060,973.5,276.8,94.9382,94.9421,94.9216,0.0166,0.0205,0.0039
6061,1203.0,291.7,94.9397,94.9435,94.9233,0.0164,0.0202,0.0039
6062,794.3,284.5,94.9411,94.9450,94.9250,0.0161,0.0200,0.0039
6063,1001.3,275.4,94.9426,94.9465,94.9268,0.0158,0.0196,0.0039
6064,1006.1,320.7,94.9441,94.9479,94.9288,0.0153,0.0191,0.0039
6065,994.4,293.3,94.9455,94.9494,94.9306,0.0149,0.0188,0.0039
6066,998.1,305.7,94.9470,94.9508,94.9324,0.0146,0.0184,0.0039
6067,1001.6,279.8,94.9484,94.9522,94.9340,0.0144,0.0183,0.0039
6068,999.5,293.2,94.9498,94.9537,94.9356,0.0142,0.0181,0.0039
6069,999.9,324.7,94.9512,94.9551,94.9370,0.0142,0.0181,0.0038
6070,1000.3,332.6,94.9527,94.9565,94.9385,0.0142,0.0180,0.0038
6071,1000.3,320.6,94.9541,94.9579,94.9399,0.0141,0.0180,0.0038
6072,999.6,292.0,94.9555,94.9593,94.9412,0.0142,0.0181,0.0038
6073,1000.1,319.0,94.9568,94.9607,94.9425,0.0144,0.0182,0.0038
6074,999.8,411.2,94.9582,94.9621,94.9437,0.0145,0.0184,0.0038
6075,1005.0,315.4,94.9596,94.9634,94.9449,0.0147,0.0185,0.0038
6076,990.2,274.6,94.9610,94.9648,94.9462,0.0148,0.0186,0.0038
6077,998.6,248.6,94.9623,94.9661,94.9475,0.0148,0.0187,0.0038
6078,1017.8,271.5,94.9637,94.9675,94.9489,0.0148,0.0186,0.0038
6079,984.4,256.4,94.9650,94.9688,94.9503,0.0147,0.0185,0.0038
6080,1015.1,290.3,94.9664,94.9702,94.9519,0.0145,0.0183,0.0038
6081,991.7,275.6,94.9677,94.9715,94.9534,0.0143,0.0181,0.0038
6082,1000.4,291.7,94.9690,94.9728,94.9547,0.0143,0.0181,0.0038
6083,1002.1,306.0,94.9703,94.9741,94.9560,0.0143,0.0181,0.0038
6084,994.1,299.1,94.9716,94.9754,94.9573,0.0143,0.0181,0.0038
6085,1000.0,296.8,94.9729,94.9767,94.9586,0.0143,0.0181,0.0038
6086,999.8,258.6,94.9742,94.9780,94.9600,0.0142,0.0180,0.0038
6087,1001.6,285.2,94.9755,94.9793,94.9613,0.0142,0.0180,0.0038
6088,998.9,276.6,94.9768,94.9805,94.9626,0.0141,0.0179,0.0038
6089,1001.5,276.5,94.9780,94.9818,94.9639,0.0141,0.0179,0.0038
6090,999.9,307.6,94.9793,94.9831,94.9651,0.0141,0.0179,0.0038
6091,1000.1,294.3,94.9805,94.9843,94.9664,0.0141,0.0179,0.0038
6092,1003.2,279.2,94.9818,94.9855,94.9678,0.0140,0.0177,0.0038
6093,998.4,304.6,94.9830,94.9868,94.9691,0.0139,0.0177,0.0038
6094,997.5,322.5,94.9842,94.9880,94.9704,0.0139,0.0176,0.0038
6095,999.5,344.1,94.9855,94.9892,94.9717,0.0138,0.0175,0.0037
6096,1000.0,305.3,94.9867,94.9904,94.9731,0.0136,0.0173,0.0037
6097,1000.0,292.9,94.9879,94.9916,94.9745,0.0134,0.0171,0.0037
6098,1000.2,294.3,94.9891,94.9928,94.9759,0.0131,0.0169,0.0037
6099,1000.0,321.2,94.9903,94.9940,94.9775,0.0128,0.0165,0.0037
6100,999.5,317.3,94.9915,94.9952,94.9790,0.0125,0.0162,0.0037
6101,1000.1,297.5,94.9926,94.9964,94.9805,0.0122,0.0159,0.0037
6102,1000.4,295.5,94.9938,94.9975,94.9817,0.0121,0.0158,0.0037
6103,998.9,306.3,94.9950,94.9987,94.9825,0.0125,0.0162,0.0037
6104,999.2,362.2,94.9961,94.9998,94.9837,0.0124,0.0161,0.0037
6105,1000.3,303.7,94.9972,95.0010,94.9848,0.0125,0.0162,0.0037
6106,1000.2,324.3,94.9984,95.0021,94.9859,0.0125,0.0162,0.0037
6107,999.6,313.1,94.9995,95.0032,94.9870,0.0126,0.0163,0.0037
6108,999.9,270.5,95.0006,95.0043,94.9880,0.0126,0.0163,0.0037
6109,994.6,295.7,95.0017,95.0054,94.9889,0.0128,0.0165,0.0037
6110,1035.5,270.5,95.0028,95.0065,94.9898,0.0130,0.0167,0.0037
6111,1000.2,286.4,95.0039,95.0076,94.9907,0.0132,0.0169,0.0037
6112,976.1,270.5,95.0050,95.0087,94.9917,0.0133,0.0170,0.0037
6113,998.9,253.6,95.0061,95.0098,94.9926,0.0135,0.0172,0.0037
6114,1023.8,284.5,95.0072,95.0109,94.9934,0.0137,0.0174,0.0037
6115,974.7,260.5,95.0082,95.0119,94.9944,0.0138,0.0175,0.0037
6116,1025.2,281.7,95.0093,95.0130,94.9956,0.0137,0.0174,0.0037
6117,978.6,260.4,95.0103,95.0140,94.9967,0.0137,0.0174,0.0037
6118,997.7,257.2,95.0114,95.0150,94.9967,0.0147,0.0184,0.0037
6119,990.8,282.8,95.0124,95.0161,94.9977,0.0147,0.0183,0.0037
6120,1017.1,274.2,95.0134,95.0171,94.9988,0.0146,0.0183,0.0037
6121,1000.1,249.9,95.0145,95.0181,95.0000,0.0145,0.0181,0.0036
6122,1000.1,262.8,95.0155,95.0191,95.0010,0.0145,0.0181,0.0036
6123,983.4,235.8,95.0165,95.0201,95.0021,0.0144,0.0180,0.0036
6124,1016.1,286.7,95.0175,95.0211,95.0032,0.0143,0.0179,0.0036
6125,999.0,283.5,95.0185,95.0221,95.0042,0.0143,0.0179,0.0036
6126,999.9,267.6,95.0194,95.0231,95.0053,0.0142,0.0178,0.0036
6127,1000.0,257.9,95.0204,95.0240,95.0064,0.0141,0.0177,0.0036
6128,982.8,213.1,95.0214,95.0250,95.0076,0.0138,0.0174,0.0036
6129,1016.7,266.0,95.0223,95.0259,95.0088,0.0135,0.0171,0.0036
6130,1000.6,240.0,95.0233,95.0269,95.0100,0.0133,0.0169,0.0036
6131,984.3,232.3,95.0242,95.0278,95.0111,0.0131,0.0167,0.0036
6132,1032.2,280.6,95.0251,95.0288,95.0124,0.0127,0.0163,0.0036
6133,976.1,271.3,95.0261,95.0297,95.0137,0.0124,0.0160,0.0036
6134,1025.0,287.1,95.0270,95.0306,95.0149,0.0121,0.0157,0.0036
6135,978.1,257.0,95.0279,95.0315,95.0160,0.0119,0.0155,0.0036
6136,1021.5,283.7,95.0288,95.0324,95.0173,0.0115,0.0151,0.0036
6137,979.7,267.9,95.0297,95.0333,95.0183,0.0113,0.0149,0.0036
6138,995.2,262.2,95.0306,95.0342,95.0195,0.0111,0.0147,0.0036
6139,974.1,273.7,95.0315,95.0350,95.0206,0.0109,0.0144,0.0036
6140,1036.2,251.5,95.0323,95.0359,95.0218,0.0105,0.0141,0.0036
6141,999.4,256.4,95.0332,95.0368,95.0230,0.0101,0.0137,0.0036
6142,1000.0,249.9,95.0340,95.0376,95.0242,0.0098,0.0134,0.0036
6143,991.9,295.3,95.0349,95.0384,95.0254,0.0095,0.0131,0.0036
6144,996.3,301.1,95.0357,95.0393,95.0265,0.0092,0.0128,0.0036
6145,1000.6,284.0,95.0366,95.0401,95.0276,0.0090,0.0125,0.0036
6146,997.7,275.4,95.0374,95.0409,95.0285,0.0088,0.0124,0.0036
6147,999.9,288.8,95.0382,95.0417,95.0295,0.0087,0.0122,0.0035
6148,999.8,244.8,95.0390,95.0425,95.0305,0.0085,0.0120,0.0035
6149,1000.0,282.4,95.0398,95.0433,95.0313,0.0085,0.0120,0.0035
6150,1000.2,271.0,95.0406,95.0441,95.0321,0.0085,0.0120,0.0035
6151,1000.3,242.8,95.0414,95.0449,95.0329,0.0085,0.0121,0.0035
6152,1001.5,270.9,95.0421,95.0457,95.0337,0.0085,0.0120,0.0035
6153,1000.4,258.2,95.0429,95.0464,95.0345,0.0084,0.0120,0.0035
6154,999.2,244.1,95.0437,95.0472,95.0354,0.0083,0.0118,0.0035
6155,1000.0,271.7,95.0444,95.0479,95.0363,0.0081,0.0116,0.0035
6156,1000.0,283.5,95.0452,95.0487,95.0375,0.0077,0.0112,0.0035
6157,1000.5,240.9,95.0459,95.0494,95.0385,0.0075,0.0110,0.0035
6158,1000.0,265.9,95.0466,95.0501,95.0394,0.0072,0.0107,0.0035
6159,999.8,278.5,95.0474,95.0509,95.0404,0.0070,0.0105,0.0035
6160,983.3,251.2,95.0481,95.0516,95.0413,0.0068,0.0103,0.0035
6161,1029.4,261.6,95.0488,95.0523,95.0421,0.0067,0.0102,0.0035
6162,999.3,262.0,95.0495,95.0530,95.0429,0.0065,0.0100,0.0035
6163,1015.7,284.0,95.0502,95.0536,95.0438,0.0064,0.0098,0.0035
6164,978.2,276.3,95.0508,95.0543,95.0448,0.0061,0.0095,0.0035
6165,1021.8,335.1,95.0515,95.0550,95.0457,0.0058,0.0093,0.0035
6166,974.6,257.8,95.0522,95.0557,95.0467,0.0055,0.0090,0.0035
6167,1025.5,288.8,95.0528,95.0563,95.0477,0.0052,0.0086,0.0035
6168,975.1,269.7,95.0535,95.0570,95.0487,0.0048,0.0083,0.0035
6169,997.7,263.5,95.0541,95.0576,95.0495,0.0047,0.0081,0.0035
6170,1024.2,331.3,95.0548,95.0582,95.0502,0.0045,0.0080,0.0035
6171,976.0,282.0,95.0554,95.0589,95.0510,0.0044,0.0078,0.0035
6172,1024.1,295.2,95.0560,95.0595,95.0518,0.0042,0.0076,0.0034
6173,978.5,266.5,95.0566,95.0601,95.0525,0.0041,0.0075,0.0034
6174,997.3,296.8,95.0572,95.0607,95.0533,0.0039,0.0074,0.0034
6175,1011.5,259.1,95.0578,95.0613,95.0541,0.0038,0.0072,0.0034
6176,994.6,288.1,95.0584,95.0618,95.0550,0.0034,0.0069,0.0034
6177,994.8,275.0,95.0590,95.0624,95.0558,0.0032,0.0066,0.0034
6178,1001.8,294.8,95.0596,95.0630,95.0567,0.0029,0.0063,0.0034
6179,999.1,300.9,95.0601,95.0636,95.0575,0.0026,0.0060,0.0034
6180,1026.0,293.4,95.0607,95.0641,95.0585,0.0022,0.0056,0.0034
6181,979.4,294.4,95.0612,95.0646,95.0593,0.0019,0.0053,0.0034
6182,1004.6,255.8,95.0618,95.0652,95.0602,0.0016,0.0050,0.0034
6183,999.4,250.2,95.0623,95.0657,95.0610,0.0013,0.0047,0.0034
6184,982.2,243.8,95.0628,95.0662,95.0617,0.0011,0.0045,0.0034
6185,1017.4,258.8,95.0633,95.0667,95.0624,0.0010,0.0044,0.0034
6186,1012.2,357.7,95.0639,95.0672,95.0630,0.0009,0.0043,0.0034
6187,994.8,296.3,95.0644,95.0677,95.0636,0.0007,0.0041,0.0034
6188,975.4,263.9,95.0648,95.0682,95.0644,0.0005,0.0039,0.0034
6189,1017.5,309.5,95.0653,95.0687,95.0651,0.0002,0.0036,0.0034
6190,986.4,273.0,95.0658,95.0692,95.0659,-0.0001,0.0033,0.0034
6191,1011.6,318.2,95.0663,95.0697,95.0667,-0.0004,0.0030,0.0034
6192,987.1,249.3,95.0667,95.0701,95.0675,-0.0008,0.0026,0.0034
6193,995.6,291.1,95.0672,95.0706,95.0682,-0.0010,0.0024,0.0034
6194,1017.4,323.0,95.0676,95.0710,95.0688,-0.0011,0.0022,0.0034
6195,997.6,295.8,95.0681,95.0714,95.0693,-0.0012,0.0022,0.0034
6196,996.1,314.5,95.0685,95.0719,95.0697,-0.0012,0.0021,0.0034
6197,1007.0,322.5,95.0689,95.0723,95.0701,-0.0012,0.0022,0.0034
6198,992.8,319.2,95.0693,95.0727,95.0706,-0.0012,0.0021,0.0033
6199,1001.4,286.7,95.0698,95.0731,95.0710,-0.0012,0.0021,0.0033
6200,1022.6,327.1,95.0702,95.0735,95.0715,-0.0014,0.0019,0.0033
6201,976.6,318.4,95.0705,95.0739,95.0721,-0.0015,0.0018,0.0033
6202,1004.6,350.4,95.0709,95.0743,95.0726,-0.0017,0.0017,0.0033
6203,998.8,287.4,95.0713,95.0746,95.0730,-0.0017,0.0016,0.0033
6204,1006.6,273.1,95.0717,95.0750,95.0735,-0.0018,0.0015,0.0033
6205,1013.6,300.8,95.0720,95.0753,95.0738,-0.0018,0.0015,0.0033
6206,983.4,289.9,95.0724,95.0757,95.0742,-0.0018,0.0015,0.0033
6207,1016.5,296.7,95.0727,95.0760,95.0744,-0.0017,0.0016,0.0033
6208,983.7,272.9,95.0731,95.0764,95.0747,-0.0017,0.0017,0.0033
6209,1016.3,306.0,95.0734,95.0767,95.0750,-0.0017,0.0016,0.0033
6210,975.4,241.5,95.0737,95.0770,95.0754,-0.0017,0.0016,0.0033
6211,1022.2,300.2,95.0740,95.0773,95.0759,-0.0019,0.0014,0.0033
6212,973.9,304.8,95.0743,95.0776,95.0764,-0.0021,0.0012,0.0033
6213,1005.1,289.5,95.0746,95.0779,95.0769,-0.0023,0.0010,0.0033
6214,1021.0,316.4,95.0749,95.0782,95.0774,-0.0025,0.0008,0.0033
6215,976.1,284.1,95.0752,95.0785,95.0780,-0.0028,0.0005,0.0033
6216,1024.1,326.3,95.0755,95.0787,95.0785,-0.0030,0.0003,0.0033
6217,975.9,267.4,95.0757,95.0790,95.0788,-0.0031,0.0001,0.0033
6218,1026.3,296.5,95.0760,95.0792,95.0792,-0.0032,0.0001,0.0033
6219,976.7,317.8,95.0762,95.0795,95.0795,-0.0033,-0.0000,0.0033
6220,1004.8,303.5,95.0765,95.0797,95.0798,-0.0033,-0.0001,0.0033
6221,1000.0,307.4,95.0767,95.0800,95.0801,-0.0034,-0.0002,0.0033
6222,1000.9,289.6,95.0769,95.0802,95.0804,-0.0035,-0.0003,0.0033
6223,1000.2,313.1,95.0771,95.0804,95.0808,-0.0036,-0.0004,0.0032
6224,994.4,307.4,95.0773,95.0806,95.0811,-0.0038,-0.0005,0.0032
6225,1010.7,313.1,95.0775,95.0808,95.0815,-0.0039,-0.0007,0.0032
6226,994.2,289.9,95.0777,95.0810,95.0818,-0.0041,-0.0008,0.0032
6227,1018.5,304.6,95.0779,95.0812,95.0822,-0.0042,-0.0010,0.0032
6228,975.4,250.4,95.0781,95.0813,95.0825,-0.0044,-0.0012,0.0032
6229,1000.9,304.8,95.0783,95.0815,95.0828,-0.0045,-0.0013,0.0032
6230,1000.6,280.0,95.0784,95.0817,95.0830,-0.0046,-0.0013,0.0032
6231,1023.2,315.8,95.0786,95.0818,95.0832,-0.0046,-0.0014,0.0032
6232,975.0,266.2,95.0787,95.0820,95.0834,-0.0047,-0.0015,0.0032
6233,1022.1,292.2,95.0789,95.0821,95.0836,-0.0048,-0.0016,0.0032
6234,976.6,282.1,95.0790,95.0822,95.0839,-0.0049,-0.0017,0.0032
6235,1023.5,299.7,95.0791,95.0823,95.0841,-0.0050,-0.0018,0.0032
6236,984.0,290.7,95.0792,95.0824,95.0845,-0.0052,-0.0020,0.0032
6237,1015.9,316.0,95.0793,95.0825,95.0848,-0.0055,-0.0023,0.0032
6238,976.0,281.2,95.0794,95.0826,95.0852,-0.0057,-0.0025,0.0032
6239,999.4,264.3,95.0795,95.0827,95.0856,-0.0060,-0.0028,0.0032
6240,1027.4,295.1,95.0796,95.0828,95.0859,-0.0063,-0.0031,0.0032
6241,983.6,295.8,95.0797,95.0829,95.0862,-0.0065,-0.0033,0.0032
6242,994.5,263.1,95.0798,95.0829,95.0863,-0.0066,-0.0034,0.0032
6243,1021.7,307.2,95.0798,95.0830,95.0864,-0.0066,-0.0034,0.0032
6244,981.4,320.2,95.0799,95.0830,95.0865,-0.0066,-0.0034,0.0032
6245,976.6,315.5,95.0799,95.0831,95.0865,-0.0066,-0.0034,0.0032
6246,1011.1,317.4,95.0800,95.0831,95.0865,-0.0065,-0.0034,0.0032
6247,1005.1,285.1,95.0800,95.0831,95.0865,-0.0066,-0.0034,0.0032
6248,998.3,270.4,95.0800,95.0832,95.0866,-0.0066,-0.0035,0.0031
6249,1033.2,312.2,95.0800,95.0832,95.0868,-0.0067,-0.0036,0.0031
6250,967.9,325.5,95.0800,95.0832,95.0869,-0.0069,-0.0038,0.0031
6251,999.5,299.1,95.0800,95.0832,95.0871,-0.0071,-0.0040,0.0031
6252,1000.2,308.2,95.0800,95.0831,95.0874,-0.0074,-0.0042,0.0031
6253,999.7,321.1,95.0800,95.0831,95.0876,-0.0076,-0.0045,0.0031
6254,1009.2,305.4,95.0800,95.0831,95.0877,-0.0078,-0.0047,0.0031
6255,994.2,289.9,95.0799,95.0830,95.0879,-0.0080,-0.0049,0.0031
6256,1021.5,324.1,95.0799,95.0830,95.0880,-0.0081,-0.0050,0.0031
6257,975.5,269.5,95.0798,95.0829,95.0881,-0.0082,-0.0051,0.0031
6258,1024.3,317.1,95.0798,95.0829,95.0881,-0.0083,-0.0052,0.0031
6259,976.4,287.2,95.0797,95.0828,95.0881,-0.0084,-0.0053,0.0031
6260,1023.7,310.4,95.0796,95.0827,95.0881,-0.0084,-0.0053,0.0031
6261,975.9,285.1,95.0795,95.0826,95.0881,-0.0085,-0.0054,0.0031
6262,1026.2,332.0,95.0794,95.0825,95.0881,-0.0086,-0.0055,0.0031
6263,975.7,267.1,95.0793,95.0824,95.0881,-0.0087,-0.0056,0.0031
6264,1024.5,328.5,95.0792,95.0823,95.0881,-0.0088,-0.0057,0.0031
6265,961.4,289.3,95.0791,95.0822,95.0881,-0.0089,-0.0059,0.0031
6266,1039.1,315.3,95.0790,95.0821,95.0881,-0.0091,-0.0060,0.0031
6267,969.2,307.0,95.0789,95.0820,95.0881,-0.0092,-0.0061,0.0031
6268,1008.0,295.4,95.0787,95.0818,95.0881,-0.0093,-0.0063,0.0031
6269,1022.9,358.0,95.0786,95.0817,95.0881,-0.0095,-0.0064,0.0031
6270,975.2,318.5,95.0784,95.0815,95.0881,-0.0096,-0.0066,0.0031
6271,1001.9,319.1,95.0783,95.0813,95.0881,-0.0098,-0.0067,0.0031
6272,999.9,269.6,95.0781,95.0812,95.0881,-0.0100,-0.0069,0.0031
6273,1022.9,331.4,95.0779,95.0810,95.0881,-0.0101,-0.0071,0.0031
6274,975.9,294.6,95.0777,95.0808,95.0881,-0.0103,-0.0073,0.0030
6275,1023.8,313.0,95.0775,95.0806,95.0881,-0.0105,-0.0075,0.0030
6276,974.8,299.3,95.0773,95.0804,95.0881,-0.0107,-0.0077,0.0030
6277,1022.6,328.7,95.0771,95.0802,95.0881,-0.0109,-0.0079,0.0030
6278,975.6,312.6,95.0769,95.0800,95.0880,-0.0111,-0.0081,0.0030
6279,1001.8,274.0,95.0767,95.0797,95.0880,-0.0113,-0.0083,0.0030
6280,1022.7,325.1,95.0765,95.0795,95.0880,-0.0115,-0.0085,0.0030
6281,975.8,277.6,95.0762,95.0792,95.0880,-0.0118,-0.0088,0.0030
6282,1024.2,334.5,95.0760,95.0790,95.0880,-0.0120,-0.0090,0.0030
6283,975.8,271.0,95.0757,95.0787,95.0880,-0.0122,-0.0092,0.0030
6284,1026.3,341.2,95.0755,95.0785,95.0879,-0.0124,-0.0094,0.0030
6285,975.5,301.1,95.0752,95.0782,95.0879,-0.0127,-0.0097,0.0030
6286,1009.3,321.6,95.0749,95.0779,95.0879,-0.0130,-0.0100,0.0030
6287,999.9,298.7,95.0746,95.0776,95.0879,-0.0133,-0.0103,0.0030
6288,1007.9,334.9,95.0743,95.0773,95.0878,-0.0135,-0.0105,0.0030
6289,980.0,268.7,95.0740,95.0770,95.0878,-0.0138,-0.0108,0.0030
6290,1001.9,240.3,95.0737,95.0767,95.0878,-0.0141,-0.0111,0.0030
6291,1009.3,297.4,95.0734,95.0764,95.0878,-0.0144,-0.0114,0.0030
6292,1002.1,277.6,95.0731,95.0760,95.0877,-0.0147,-0.0117,0.0030
6293,988.8,262.1,95.0727,95.0757,95.0877,-0.0150,-0.0120,0.0030
6294,1002.3,304.0,95.0724,95.0753,95.0877,-0.0153,-0.0123,0.0030
6295,1001.1,288.9,95.0720,95.0750,95.0876,-0.0156,-0.0126,0.0030
6296,1023.1,341.7,95.0717,95.0746,95.0876,-0.0159,-0.0129,0.0030
6297,973.6,265.6,95.0713,95.0743,95.0875,-0.0162,-0.0133,0.0030
6298,1022.9,299.9,95.0709,95.0739,95.0875,-0.0166,-0.0136,0.0030
6299,982.7,288.3,95.0705,95.0735,95.0875,-0.0169,-0.0140,0.0029
6300,1017.1,296.2,95.0702,95.0731,95.0874,-0.0172,-0.0143,0.0029
6301,983.8,261.1,95.0698,95.0727,95.0873,-0.0176,-0.0146,0.0029
6302,1022.2,316.1,95.0693,95.0723,95.0872,-0.0179,-0.0150,0.0029
6303,975.8,277.0,95.0689,95.0719,95.0871,-0.0182,-0.0153,0.0029
6304,1019.5,268.6,95.0685,95.0714,95.0871,-0.0186,-0.0156,0.0029
6305,1002.3,285.8,95.0681,95.0710,95.0870,-0.0189,-0.0160,0.0029
6306,982.5,281.2,95.0676,95.0706,95.0869,-0.0192,-0.0163,0.0029
6307,1016.9,292.6,95.0672,95.0701,95.0868,-0.0196,-0.0167,0.0029
6308,975.3,259.5,95.0667,95.0697,95.0867,-0.0200,-0.0170,0.0029
6309,994.2,304.7,95.0663,95.0692,95.0866,-0.0204,-0.0175,0.0029
6310,1015.5,228.2,95.0658,95.0687,95.0865,-0.0207,-0.0178,0.0029
6311,999.4,272.7,95.0653,95.0682,95.0865,-0.0211,-0.0182,0.0029
6312,999.9,282.3,95.0648,95.0677,95.0864,-0.0215,-0.0186,0.0029
6313,991.1,275.4,95.0644,95.0672,95.0863,-0.0220,-0.0191,0.0029
6314,1025.8,301.4,95.0639,95.0667,95.0862,-0.0224,-0.0195,0.0029
6315,975.6,274.5,95.0633,95.0662,95.0861,-0.0228,-0.0199,0.0029
6316,1023.0,303.3,95.0628,95.0657,95.0860,-0.0232,-0.0203,0.0029
6317,975.6,276.3,95.0623,95.0652,95.0859,-0.0236,-0.0207,0.0029
6318,1024.4,323.5,95.0618,95.0646,95.0858,-0.0240,-0.0211,0.0029
6319,973.3,274.6,95.0612,95.0641,95.0856,-0.0244,-0.0215,0.0029
6320,1024.1,344.7,95.0607,95.0636,95.0854,-0.0248,-0.0219,0.0029
6321,976.0,301.3,95.0601,95.0630,95.0853,-0.0252,-0.0223,0.0029
6322,1024.0,274.9,95.0596,95.0624,95.0851,-0.0255,-0.0226,0.0029
6323,978.8,244.3,95.0590,95.0618,95.0848,-0.0259,-0.0230,0.0029
6324,1004.3,288.5,95.0584,95.0613,95.0846,-0.0262,-0.0233,0.0028
6325,991.3,254.0,95.0578,95.0607,95.0842,-0.0264,-0.0236,0.0028
6326,1003.8,284.8,95.0572,95.0601,95.0839,-0.0267,-0.0239,0.0028
6327,997.9,251.2,95.0566,95.0595,95.0835,-0.0269,-0.0241,0.0028
6328,999.5,252.3,95.0560,95.0589,95.0829,-0.0269,-0.0241,0.0028
6329,999.9,257.7,95.0554,95.0582,95.0822,-0.0268,-0.0240,0.0028
6330,999.7,250.3,95.0548,95.0576,95.0813,-0.0265,-0.0237,0.0028
6331,999.9,258.1,95.0541,95.0570,95.0802,-0.0261,-0.0233,0.0028
6332,1000.3,254.5,95.0535,95.0563,95.0790,-0.0255,-0.0227,0.0028
6333,1000.0,250.1,95.0528,95.0557,95.0779,-0.0251,-0.0223,0.0028
6334,1000.6,255.3,95.0522,95.0550,95.0771,-0.0249,-0.0221,0.0028
6335,999.6,236.9,95.0515,95.0543,95.0765,-0.0250,-0.0222,0.0028
6336,999.9,259.3,95.0508,95.0536,95.0761,-0.0252,-0.0224,0.0028
6337,1000.2,252.1,95.0502,95.0530,95.0756,-0.0255,-0.0227,0.0028
6338,999.7,245.3,95.0495,95.0523,95.0751,-0.0256,-0.0228,0.0028
6339,999.8,261.4,95.0488,95.0516,95.0744,-0.0257,-0.0229,0.0028
6340,998.4,257.9,95.0481,95.0509,95.0737,-0.0256,-0.0228,0.0028
6341,1000.1,246.5,95.0474,95.0501,95.0730,-0.0256,-0.0228,0.0028
6342,1000.1,260.6,95.0466,95.0494,95.0722,-0.0256,-0.0228,0.0028
6343,1000.8,247.7,95.0459,95.0487,95.0715,-0.0256,-0.0228,0.0028
6344,1000.8,293.6,95.0452,95.0479,95.0708,-0.0256,-0.0228,0.0028
6345,983.7,303.8,95.0444,95.0472,95.0701,-0.0257,-0.0229,0.0028
6346,1040.5,323.5,95.0437,95.0464,95.0696,-0.0259,-0.0231,0.0028
6347,976.8,268.6,95.0429,95.0457,95.0690,-0.0261,-0.0234,0.0028
6348,1026.4,300.2,95.0421,95.0449,95.0684,-0.0263,-0.0235,0.0028
6349,981.2,252.3,95.0414,95.0441,95.0677,-0.0264,-0.0236,0.0028
6350,993.9,252.9,95.0406,95.0433,95.0671,-0.0265,-0.0237,0.0027
6351,1024.4,271.8,95.0398,95.0425,95.0664,-0.0266,-0.0239,0.0027
6352,977.5,251.9,95.0390,95.0417,95.0658,-0.0268,-0.0240,0.0027
6353,1008.5,276.0,95.0382,95.0409,95.0651,-0.0269,-0.0242,0.0027
6354,1014.1,311.9,95.0374,95.0401,95.0644,-0.0270,-0.0243,0.0027
6355,975.8,258.9,95.0366,95.0393,95.0637,-0.0271,-0.0244,0.0027
6356,1024.4,310.0,95.0357,95.0384,95.0629,-0.0272,-0.0244,0.0027
6357,975.2,260.0,95.0349,95.0376,95.0620,-0.0271,-0.0244,0.0027
6358,1024.3,294.4,95.0340,95.0368,95.0610,-0.0269,-0.0242,0.0027
6359,982.4,256.2,95.0332,95.0359,95.0600,-0.0268,-0.0241,0.0027
6360,993.3,255.1,95.0323,95.0350,95.0591,-0.0267,-0.0240,0.0027
6361,1025.0,299.6,95.0315,95.0342,95.0581,-0.0267,-0.0240,0.0027
6362,981.6,271.3,95.0306,95.0333,95.0573,-0.0267,-0.0240,0.0027
6363,1015.6,303.2,95.0297,95.0324,95.0565,-0.0268,-0.0241,0.0027
6364,982.7,252.6,95.0288,95.0315,95.0556,-0.0268,-0.0241,0.0027
6365,998.7,293.7,95.0279,95.0306,95.0546,-0.0268,-0.0241,0.0027
6366,1000.1,293.7,95.0270,95.0297,95.0536,-0.0266,-0.0239,0.0027
6367,996.6,251.6,95.0261,95.0288,95.0525,-0.0264,-0.0237,0.0027
6368,1022.6,291.6,95.0251,95.0278,95.0514,-0.0262,-0.0236,0.0027
6369,982.6,307.1,95.0242,95.0269,95.0502,-0.0260,-0.0233,0.0027
6370,1001.5,295.0,95.0233,95.0259,95.0490,-0.0258,-0.0231,0.0027
6371,992.3,323.0,95.0223,95.0250,95.0481,-0.0257,-0.0231,0.0027
6372,1001.7,296.0,95.0214,95.0240,95.0470,-0.0256,-0.0230,0.0027
6373,972.6,332.9,95.0204,95.0231,95.0459,-0.0255,-0.0229,0.0027
6374,1024.3,317.2,95.0194,95.0221,95.0450,-0.0256,-0.0229,0.0027
6375,1000.3,298.8,95.0185,95.0211,95.0441,-0.0256,-0.0230,0.0026
6376,999.4,262.7,95.0175,95.0201,95.0432,-0.0257,-0.0230,0.0026
6377,1000.0,257.2,95.0165,95.0191,95.0421,-0.0256,-0.0229,0.0026
6378,1026.2,305.7,95.0155,95.0181,95.0410,-0.0255,-0.0229,0.0026
6379,982.9,293.6,95.0145,95.0171,95.0399,-0.0254,-0.0228,0.0026
6380,1002.0,272.9,95.0134,95.0161,95.0387,-0.0253,-0.0227,0.0026
6381,997.5,320.9,95.0124,95.0150,95.0376,-0.0252,-0.0225,0.0026
6382,994.0,308.7,95.0114,95.0140,95.0366,-0.0252,-0.0225,0.0026
6383,1001.6,270.1,95.0103,95.0130,95.0355,-0.0252,-0.0226,0.0026
6384,994.1,295.1,95.0093,95.0119,95.0345,-0.0252,-0.0226,0.0026
6385,1001.0,276.1,95.0082,95.0109,95.0336,-0.0253,-0.0227,0.0026
6386,999.5,271.5,95.0072,95.0098,95.0325,-0.0253,-0.0227,0.0026
6387,1003.7,262.2,95.0061,95.0087,95.0314,-0.0253,-0.0227,0.0026
6388,996.1,253.8,95.0050,95.0076,95.0301,-0.0251,-0.0225,0.0026
6389,1005.4,280.7,95.0039,95.0065,95.0290,-0.0251,-0.0225,0.0026
6390,1022.1,301.2,95.0028,95.0054,95.0280,-0.0252,-0.0226,0.0026
6391,980.7,243.7,95.0017,95.0043,95.0271,-0.0254,-0.0228,0.0026
6392,1020.5,314.1,95.0006,95.0032,95.0262,-0.0256,-0.0230,0.0026
6393,975.1,280.5,94.9995,95.0021,95.0253,-0.0258,-0.0232,0.0026
6394,1024.9,339.1,94.9984,95.0010,95.0244,-0.0260,-0.0234,0.0026
6395,978.2,313.7,94.9972,94.9998,95.0235,-0.0263,-0.0237,0.0026
6396,994.8,309.0,94.9961,94.9987,95.0225,-0.0264,-0.0239,0.0026
6397,999.3,293.6,94.9950,94.9975,95.0217,-0.0267,-0.0242,0.0026
6398,999.3,372.0,94.9938,94.9964,95.0208,-0.0270,-0.0245,0.0026
6399,999.7,266.4,94.9926,94.9952,95.0199,-0.0273,-0.0247,0.0026
6400,999.6,372.4,94.9915,94.9940,95.0188,-0.0273,-0.0248,0.0026
6401,1000.4,268.7,94.9903,94.9928,95.0177,-0.0274,-0.0249,0.0025
6402,1001.9,264.6,94.9891,94.9916,95.0165,-0.0275,-0.0249,0.0025
6403,1000.5,260.7,94.9879,94.9904,95.0153,-0.0274,-0.0249,0.0025
6404,998.0,386.9,94.9867,94.9892,95.0140,-0.0274,-0.0248,0.0025
6405,998.2,270.6,94.9855,94.9880,95.0130,-0.0275,-0.0250,0.0025
6406,1001.0,273.3,94.9842,94.9868,95.0119,-0.0276,-0.0251,0.0025
6407,1000.0,268.5,94.9830,94.9855,95.0108,-0.0278,-0.0253,0.0025
6408,1000.6,249.3,94.9818,94.9843,95.0098,-0.0280,-0.0255,0.0025
6409,1001.9,383.1,94.9805,94.9831,95.0085,-0.0279,-0.0254,0.0025
6410,996.5,260.4,94.9793,94.9818,95.0072,-0.0279,-0.0254,0.0025
6411,999.9,266.6,94.9780,94.9805,95.0061,-0.0281,-0.0255,0.0025
6412,1001.5,303.6,94.9768,94.9793,95.0048,-0.0280,-0.0255,0.0025
6413,1001.0,267.5,94.9755,94.9780,95.0036,-0.0281,-0.0256,0.0025
6414,1000.4,277.8,94.9742,94.9767,95.0024,-0.0282,-0.0257,0.0025
6415,999.1,278.7,94.9729,94.9754,95.0011,-0.0282,-0.0257,0.0025
6416,1000.8,253.6,94.9716,94.9741,94.9998,-0.0281,-0.0256,0.0025
6417,998.9,273.2,94.9703,94.9728,94.9985,-0.0282,-0.0257,0.0025
6418,1001.3,278.5,94.9690,94.9715,94.9973,-0.0283,-0.0258,0.0025
6419,999.7,397.0,94.9677,94.9702,94.9962,-0.0285,-0.0260,0.0025
6420,999.1,310.8,94.9664,94.9688,94.9949,-0.0286,-0.0261,0.0025
6421,999.9,319.5,94.9650,94.9675,94.9937,-0.0287,-0.0262,0.0025
6422,999.8,380.5,94.9637,94.9661,94.9926,-0.0289,-0.0264,0.0025
6423,1001.0,256.9,94.9623,94.9648,94.9914,-0.0291,-0.0266,0.0025
6424,1000.9,285.9,94.9610,94.9634,94.9901,-0.0291,-0.0266,0.0025
6425,998.3,372.3,94.9596,94.9621,94.9889,-0.0293,-0.0269,0.0025
6426,1003.3,269.6,94.9582,94.9607,94.9877,-0.0295,-0.0270,0.0025
6427,996.4,376.1,94.9568,94.9593,94.9866,-0.0298,-0.0273,0.0024
6428,1000.1,253.2,94.9555,94.9579,94.9854,-0.0299,-0.0275,0.0024
6429,1000.1,268.6,94.9541,94.9565,94.9843,-0.0303,-0.0278,0.0024
6430,1000.8,308.4,94.9527,94.9551,94.9834,-0.0307,-0.0283,0.0024
6431,1001.3,368.8,94.9512,94.9537,94.9824,-0.0312,-0.0288,0.0024
6432,998.7,357.0,94.9498,94.9522,94.9813,-0.0315,-0.0291,0.0024
6433,999.8,288.5,94.9484,94.9508,94.9803,-0.0319,-0.0295,0.0024
6434,1002.3,291.6,94.9470,94.9494,94.9793,-0.0323,-0.0299,0.0024
6435,999.5,257.9,94.9455,94.9479,94.9783,-0.0328,-0.0304,0.0024
6436,1000.3,275.5,94.9441,94.9465,94.9772,-0.0331,-0.0307,0.0024
6437,1000.6,275.4,94.9426,94.9450,94.9762,-0.0336,-0.0312,0.0024
6438,999.1,279.9,94.9411,94.9435,94.9752,-0.0341,-0.0317,0.0024
6439,999.8,295.7,94.9397,94.9421,94.9743,-0.0346,-0.0322,0.0024
6440,1000.0,353.8,94.9382,94.9406,94.9731,-0.0349,-0.0325,0.0024
6441,1000.0,353.1,94.9367,94.9391,94.9719,-0.0352,-0.0328,0.0024
6442,1000.1,294.5,94.9352,94.9376,94.9706,-0.0354,-0.0330,0.0024
6443,1000.2,258.2,94.9337,94.9361,94.9692,-0.0355,-0.0331,0.0024
6444,1000.6,303.0,94.9322,94.9346,94.9677,-0.0355,-0.0331,0.0024
6445,1004.0,321.3,94.9307,94.9330,94.9662,-0.0356,-0.0332,0.0024
6446,1001.7,291.5,94.9291,94.9315,94.9648,-0.0356,-0.0333,0.0024
6447,998.6,247.4,94.9276,94.9300,94.9633,-0.0357,-0.0333,0.0024
6448,1003.7,308.8,94.9260,94.9284,94.9633,-0.0373,-0.0349,0.0024
6449,994.3,271.6,94.9245,94.9269,94.9617,-0.0372,-0.0348,0.0024
6450,1024.2,305.5,94.9229,94.9253,94.9602,-0.0373,-0.0349,0.0024
6451,973.6,267.9,94.9214,94.9237,94.9587,-0.0374,-0.0350,0.0024
6452,1025.8,299.6,94.9198,94.9221,94.9571,-0.0373,-0.0350,0.0024
6453,975.0,235.9,94.9182,94.9206,94.9556,-0.0374,-0.0351,0.0023
6454,1027.1,309.6,94.9166,94.9190,94.9541,-0.0375,-0.0352,0.0023
6455,972.5,244.5,94.9150,94.9174,94.9526,-0.0375,-0.0352,0.0023
6456,999.5,254.7,94.9134,94.9158,94.9509,-0.0375,-0.0352,0.0023
6457,999.5,291.8,94.9118,94.9141,94.9495,-0.0377,-0.0354,0.0023
6458,1002.2,274.8,94.9102,94.9125,94.9480,-0.0378,-0.0355,0.0023
6459,997.4,298.4,94.9086,94.9109,94.9467,-0.0381,-0.0358,0.0023
6460,1002.1,352.3,94.9069,94.9092,94.9452,-0.0382,-0.0359,0.0023
6461,998.8,358.6,94.9053,94.9076,94.9435,-0.0382,-0.0359,0.0023
6462,999.7,358.6,94.9036,94.9059,94.9418,-0.0381,-0.0358,0.0023
6463,999.6,354.4,94.9020,94.9043,94.9401,-0.0382,-0.0358,0.0023
6464,1000.7,280.1,94.9003,94.9026,94.9385,-0.0382,-0.0359,0.0023
6465,1000.8,290.8,94.8986,94.9009,94.9369,-0.0382,-0.0359,0.0023
6466,999.2,286.6,94.8970,94.8993,94.9355,-0.0385,-0.0362,0.0023
6467,1000.7,286.5,94.8953,94.8976,94.9341,-0.0388,-0.0365,0.0023
6468,998.8,362.4,94.8936,94.8959,94.9328,-0.0393,-0.0370,0.0023
6469,1001.1,422.1,94.8919,94.8942,94.9313,-0.0394,-0.0372,0.0023
6470,998.5,339.4,94.8902,94.8924,94.9299,-0.0397,-0.0374,0.0023
6471,999.0,325.2,94.8884,94.8907,94.9285,-0.0400,-0.0378,0.0023
6472,1001.7,327.5,94.8867,94.8890,94.9271,-0.0403,-0.0381,0.0023
6473,1002.8,299.5,94.8850,94.8872,94.9255,-0.0406,-0.0383,0.0023
6474,1022.8,368.1,94.8832,94.8855,94.9240,-0.0408,-0.0385,0.0023
6475,975.2,275.9,94.8815,94.8838,94.9225,-0.0410,-0.0387,0.0023
6476,1024.5,285.7,94.8797,94.8820,94.9208,-0.0411,-0.0388,0.0023
6477,978.5,271.0,94.8780,94.8802,94.9189,-0.0410,-0.0387,0.0023
6478,1011.0,322.8,94.8762,94.8784,94.9171,-0.0409,-0.0386,0.0023
6479,989.4,455.6,94.8744,94.8767,94.9153,-0.0409,-0.0386,0.0022
6480,1016.1,371.0,94.8726,94.8749,94.9133,-0.0407,-0.0384,0.0022
6481,990.5,359.3,94.8708,94.8731,94.9113,-0.0405,-0.0382,0.0022
6482,975.7,330.6,94.8690,94.8713,94.9094,-0.0404,-0.0381,0.0022
6483,1007.0,285.0,94.8672,94.8695,94.9075,-0.0403,-0.0381,0.0022
6484,1001.7,286.8,94.8654,94.8676,94.9056,-0.0402,-0.0380,0.0022
6485,1030.9,317.3,94.8636,94.8658,94.9035,-0.0399,-0.0377,0.0022
6486,975.5,283.3,94.8617,94.8640,94.9016,-0.0399,-0.0376,0.0022
6487,1027.7,287.3,94.8599,94.8621,94.8997,-0.0398,-0.0376,0.0022
6488,982.6,289.3,94.8581,94.8603,94.8980,-0.0399,-0.0377,0.0022
6489,997.2,316.8,94.8562,94.8584,94.8961,-0.0399,-0.0377,0.0022
6490,994.2,315.1,94.8543,94.8565,94.8945,-0.0401,-0.0379,0.0022
6491,998.4,286.2,94.8525,94.8547,94.8928,-0.0403,-0.0381,0.0022
6492,1022.9,338.3,94.8506,94.8528,94.8911,-0.0405,-0.0383,0.0022
6493,975.2,294.9,94.8487,94.8509,94.8893,-0.0406,-0.0384,0.0022
6494,1024.8,353.5,94.8468,94.8490,94.8875,-0.0407,-0.0385,0.0022
6495,975.1,340.7,94.8449,94.8471,94.8857,-0.0408,-0.0386,0.0022
6496,997.7,362.6,94.8430,94.8452,94.8840,-0.0410,-0.0388,0.0022
6497,999.3,316.3,94.8411,94.8433,94.8819,-0.0408,-0.0386,0.0022
6498,1010.7,318.0,94.8392,94.8413,94.8800,-0.0408,-0.0386,0.0022
6499,996.7,307.1,94.8372,94.8394,94.8781,-0.0408,-0.0386,0.0022
6500,1002.1,274.5,94.8353,94.8375,94.8761,-0.0408,-0.0387,0.0022
6501,1021.5,344.4,94.8334,94.8355,94.8741,-0.0407,-0.0386,0.0022
6502,971.4,302.1,94.8314,94.8336,94.8721,-0.0407,-0.0385,0.0022
6503,1000.9,292.8,94.8294,94.8316,94.8701,-0.0407,-0.0385,0.0022
6504,999.2,307.8,94.8275,94.8296,94.8681,-0.0406,-0.0385,0.0022
6505,1000.0,311.7,94.8255,94.8276,94.8659,-0.0404,-0.0382,0.0022
6506,998.6,324.6,94.8235,94.8257,94.8639,-0.0404,-0.0383,0.0021
6507,1001.7,337.2,94.8215,94.8237,94.8621,-0.0406,-0.0384,0.0021
6508,998.2,315.5,94.8195,94.8217,94.8601,-0.0406,-0.0385,0.0021
6509,999.9,313.9,94.8175,94.8197,94.8580,-0.0405,-0.0384,0.0021
6510,1011.3,341.5,94.8155,94.8176,94.8561,-0.0406,-0.0385,0.0021
6511,992.7,285.3,94.8135,94.8156,94.8542,-0.0407,-0.0386,0.0021
6512,975.0,346.5,94.8115,94.8136,94.8524,-0.0409,-0.0388,0.0021
6513,981.6,327.6,94.8094,94.8115,94.8504,-0.0410,-0.0389,0.0021
6514,1049.9,294.4,94.8074,94.8095,94.8487,-0.0413,-0.0392,0.0021
6515,1017.7,353.5,94.8053,94.8074,94.8471,-0.0418,-0.0396,0.0021
6516,973.7,303.3,94.8033,94.8054,94.8455,-0.0422,-0.0401,0.0021
6517,1000.9,301.4,94.8012,94.8033,94.8437,-0.0424,-0.0403,0.0021
6518,1024.1,356.2,94.7991,94.8012,94.8420,-0.0428,-0.0407,0.0021
6519,975.0,375.0,94.7971,94.7992,94.8402,-0.0431,-0.0410,0.0021
6520,999.0,369.9,94.7950,94.7971,94.8384,-0.0435,-0.0414,0.0021
6521,998.6,359.6,94.7929,94.7950,94.8365,-0.0436,-0.0416,0.0021
6522,1001.2,358.3,94.7908,94.7929,94.8344,-0.0437,-0.0416,0.0021
6523,1001.9,325.9,94.7887,94.7907,94.8325,-0.0438,-0.0417,0.0021
6524,1008.6,305.8,94.7865,94.7886,94.8305,-0.0440,-0.0419,0.0021
6525,996.1,345.2,94.7844,94.7865,94.8285,-0.0441,-0.0420,0.0021
6526,997.2,324.8,94.7823,94.7844,94.8265,-0.0442,-0.0421,0.0021
6527,999.0,326.8,94.7801,94.7822,94.8244,-0.0443,-0.0422,0.0021
6528,1003.2,312.5,94.7780,94.7801,94.8222,-0.0442,-0.0421,0.0021
6529,996.7,330.3,94.7758,94.7779,94.8198,-0.0440,-0.0419,0.0021
6530,1003.1,282.2,94.7737,94.7757,94.8178,-0.0441,-0.0421,0.0021
6531,1023.2,317.7,94.7715,94.7736,94.8157,-0.0442,-0.0421,0.0021
6532,974.8,270.6,94.7693,94.7714,94.8137,-0.0443,-0.0423,0.0021
6533,1024.9,330.0,94.7672,94.7692,94.8115,-0.0443,-0.0423,0.0020
6534,974.8,287.7,94.7650,94.7670,94.8094,-0.0445,-0.0424,0.0020
6535,1023.5,338.7,94.7628,94.7648,94.8074,-0.0446,-0.0426,0.0020
6536,974.4,290.6,94.7606,94.7626,94.8051,-0.0446,-0.0425,0.0020
6537,1024.7,314.8,94.7583,94.7604,94.8029,-0.0445,-0.0425,0.0020
6538,975.0,283.5,94.7561,94.7582,94.8010,-0.0449,-0.0428,0.0020
6539,1025.3,325.1,94.7539,94.7559,94.7990,-0.0451,-0.0430,0.0020
6540,973.2,284.1,94.7517,94.7537,94.7969,-0.0453,-0.0433,0.0020
6541,1000.2,288.2,94.7494,94.7514,94.7945,-0.0451,-0.0431,0.0020
6542,1003.2,285.4,94.7472,94.7492,94.7923,-0.0451,-0.0431,0.0020
6543,1026.9,322.3,94.7449,94.7469,94.7900,-0.0451,-0.0431,0.0020
6544,974.1,311.8,94.7426,94.7447,94.7876,-0.0450,-0.0430,0.0020
6545,1003.4,340.7,94.7404,94.7424,94.7851,-0.0447,-0.0427,0.0020
6546,995.7,346.5,94.7381,94.7401,94.7827,-0.0446,-0.0426,0.0020
6547,999.9,311.4,94.7358,94.7378,94.7802,-0.0444,-0.0424,0.0020
6548,1004.6,294.0,94.7335,94.7355,94.7777,-0.0442,-0.0422,0.0020
6549,998.1,309.3,94.7312,94.7332,94.7751,-0.0439,-0.0419,0.0020
6550,1001.3,280.0,94.7289,94.7309,94.7727,-0.0438,-0.0419,0.0020
6551,1023.4,349.4,94.7266,94.7286,94.7703,-0.0437,-0.0417,0.0020
6552,974.5,304.7,94.7243,94.7262,94.7678,-0.0436,-0.0416,0.0020
6553,1000.6,275.7,94.7219,94.7239,94.7652,-0.0433,-0.0413,0.0020
6554,1025.1,351.1,94.7196,94.7216,94.7627,-0.0431,-0.0412,0.0020
6555,973.8,285.4,94.7172,94.7192,94.7603,-0.0430,-0.0411,0.0020
6556,1025.9,330.9,94.7149,94.7169,94.7578,-0.0429,-0.0410,0.0020
6557,972.0,298.5,94.7125,94.7145,94.7552,-0.0427,-0.0408,0.0020
6558,1001.6,279.6,94.7102,94.7121,94.7528,-0.0426,-0.0407,0.0020
6559,1024.2,352.7,94.7078,94.7097,94.7503,-0.0425,-0.0406,0.0020
6560,974.4,301.6,94.7054,94.7074,94.7479,-0.0425,-0.0405,0.0019
6561,1003.3,298.8,94.7030,94.7050,94.7452,-0.0422,-0.0402,0.0019
6562,1000.8,306.2,94.7006,94.7026,94.7425,-0.0419,-0.0399,0.0019
6563,997.9,301.5,94.6982,94.7001,94.7398,-0.0416,-0.0397,0.0019
6564,1001.5,289.3,94.6958,94.6977,94.7373,-0.0415,-0.0395,0.0019
6565,1024.7,333.4,94.6934,94.6953,94.7346,-0.0412,-0.0393,0.0019
6566,973.0,297.8,94.6910,94.6929,94.7322,-0.0412,-0.0393,0.0019
6567,1002.6,289.2,94.6885,94.6904,94.7299,-0.0414,-0.0395,0.0019
6568,1024.3,339.1,94.6861,94.6880,94.7277,-0.0416,-0.0397,0.0019
6569,974.0,316.6,94.6836,94.6855,94.7253,-0.0417,-0.0398,0.0019
6570,1002.0,326.1,94.6812,94.6831,94.7233,-0.0421,-0.0402,0.0019
6571,996.1,332.9,94.6787,94.6806,94.7211,-0.0424,-0.0405,0.0019
6572,1000.2,297.9,94.6762,94.6781,94.7189,-0.0427,-0.0407,0.0019
6573,1003.2,290.0,94.6738,94.6757,94.7166,-0.0428,-0.0409,0.0019
6574,1024.3,381.4,94.6713,94.6732,94.7143,-0.0430,-0.0411,0.0019
6575,974.3,288.0,94.6688,94.6707,94.7121,-0.0433,-0.0415,0.0019
6576,1025.7,313.7,94.6663,94.6682,94.7100,-0.0437,-0.0418,0.0019
6577,973.9,301.0,94.6638,94.6657,94.7077,-0.0439,-0.0420,0.0019
6578,1001.2,290.5,94.6613,94.6632,94.7057,-0.0444,-0.0425,0.0019
6579,1022.6,318.4,94.6588,94.6606,94.7036,-0.0448,-0.0429,0.0019
6580,974.2,279.7,94.6562,94.6581,94.7013,-0.0451,-0.0432,0.0019
6581,991.8,304.2,94.6537,94.6556,94.6988,-0.0451,-0.0432,0.0019
6582,1040.1,416.0,94.6511,94.6530,94.6964,-0.0452,-0.0434,0.0019
6583,972.4,318.2,94.6486,94.6505,94.6940,-0.0454,-0.0435,0.0019
6584,997.8,287.2,94.6460,94.6479,94.6916,-0.0456,-0.0437,0.0019
6585,1024.8,306.0,94.6435,94.6453,94.6889,-0.0454,-0.0436,0.0019
6586,973.5,279.4,94.6409,94.6428,94.6863,-0.0454,-0.0435,0.0019
6587,999.5,302.5,94.6383,94.6402,94.6838,-0.0455,-0.0436,0.0018
6588,1006.0,287.2,94.6357,94.6376,94.6813,-0.0455,-0.0437,0.0018
6589,1021.8,351.3,94.6331,94.6350,94.6787,-0.0456,-0.0437,0.0018
6590,974.0,286.0,94.6305,94.6324,94.6765,-0.0460,-0.0442,0.0018
6591,1026.3,321.7,94.6279,94.6298,94.6744,-0.0465,-0.0446,0.0018
6592,973.7,287.6,94.6253,94.6272,94.6721,-0.0467,-0.0449,0.0018
6593,1026.7,344.1,94.6227,94.6245,94.6697,-0.0470,-0.0451,0.0018
6594,973.7,319.5,94.6201,94.6219,94.6670,-0.0469,-0.0451,0.0018
6595,1003.5,330.5,94.6174,94.6193,94.6646,-0.0471,-0.0453,0.0018
6596,994.0,356.8,94.6148,94.6166,94.6620,-0.0473,-0.0454,0.0018
6597,1000.0,294.5,94.6121,94.6140,94.6594,-0.0473,-0.0455,0.0018
6598,1003.2,296.8,94.6095,94.6113,94.6570,-0.0475,-0.0457,0.0018
6599,997.0,284.7,94.6068,94.6086,94.6542,-0.0474,-0.0456,0.0018
6600,1000.0,278.5,94.6042,94.6060,94.6516,-0.0474,-0.0456,0.0018
6601,999.1,295.9,94.6015,94.6033,94.6488,-0.0473,-0.0455,0.0018
6602,999.5,281.8,94.5988,94.6006,94.6462,-0.0474,-0.0456,0.0018
6603,999.2,295.7,94.5961,94.5979,94.6436,-0.0475,-0.0457,0.0018
6604,1001.4,318.5,94.5934,94.5952,94.6408,-0.0474,-0.0456,0.0018
6605,1001.1,284.9,94.5907,94.5925,94.6380,-0.0473,-0.0455,0.0018
6606,1002.1,288.1,94.5880,94.5898,94.6354,-0.0474,-0.0456,0.0018
6607,995.8,291.5,94.5853,94.5870,94.6330,-0.0477,-0.0460,0.0018
6608,1000.9,289.0,94.5825,94.5843,94.6305,-0.0480,-0.0462,0.0018
6609,1026.7,323.1,94.5798,94.5816,94.6280,-0.0483,-0.0465,0.0018
6610,975.2,309.2,94.5770,94.5788,94.6257,-0.0487,-0.0469,0.0018
6611,1000.2,307.2,94.5743,94.5761,94.6234,-0.0491,-0.0473,0.0018
6612,999.4,294.9,94.5715,94.5733,94.6210,-0.0495,-0.0477,0.0018
6613,1000.6,301.1,94.5688,94.5705,94.6184,-0.0497,-0.0479,0.0018
6614,999.4,304.8,94.5660,94.5678,94.6159,-0.0499,-0.0481,0.0018
6615,1001.1,280.0,94.5632,94.5650,94.6133,-0.0501,-0.0483,0.0018
6616,998.8,303.3,94.5604,94.5622,94.6133,-0.0529,-0.0511,0.0017
6617,1000.1,300.0,94.5576,94.5594,94.6109,-0.0533,-0.0515,0.0017
6618,1000.4,273.7,94.5548,94.5566,94.6085,-0.0537,-0.0519,0.0017
6619,1000.3,331.3,94.5520,94.5538,94.6059,-0.0539,-0.0521,0.0017
6620,998.0,327.1,94.5492,94.5510,94.6033,-0.0541,-0.0524,0.0017
6621,996.7,326.3,94.5464,94.5481,94.6007,-0.0543,-0.0526,0.0017
6622,999.8,338.0,94.5436,94.5453,94.5977,-0.0541,-0.0524,0.0017
6623,1000.2,345.1,94.5407,94.5425,94.5950,-0.0543,-0.0525,0.0017
6624,1003.1,308.2,94.5379,94.5396,94.5924,-0.0545,-0.0528,0.0017
6625,1000.3,291.8,94.5350,94.5368,94.5897,-0.0547,-0.0529,0.0017
6626,997.1,306.8,94.5322,94.5339,94.5873,-0.0551,-0.0534,0.0017
6627,999.3,276.4,94.5293,94.5310,94.5848,-0.0554,-0.0537,0.0017
6628,1031.8,336.1,94.5265,94.5282,94.5823,-0.0558,-0.0541,0.0017
6629,971.1,298.4,94.5236,94.5253,94.5795,-0.0559,-0.0542,0.0017
6630,999.4,276.5,94.5207,94.5224,94.5770,-0.0563,-0.0546,0.0017
6631,1029.9,353.1,94.5178,94.5195,94.5744,-0.0566,-0.0549,0.0017
6632,973.6,296.8,94.5149,94.5166,94.5718,-0.0569,-0.0552,0.0017
6633,998.8,275.7,94.5120,94.5137,94.5691,-0.0571,-0.0554,0.0017
6634,1028.2,319.2,94.5091,94.5108,94.5664,-0.0573,-0.0556,0.0017
6635,973.3,286.2,94.5062,94.5079,94.5636,-0.0574,-0.0557,0.0017
6636,1027.1,337.2,94.5032,94.5049,94.5606,-0.0573,-0.0556,0.0017
6637,971.6,296.9,94.5003,94.5020,94.5572,-0.0569,-0.0552,0.0017
6638,998.5,284.8,94.4974,94.4990,94.5542,-0.0568,-0.0551,0.0017
6639,1027.4,311.7,94.4944,94.4961,94.5512,-0.0568,-0.0551,0.0017
6640,974.2,286.5,94.4915,94.4931,94.5482,-0.0568,-0.0551,0.0017
6641,1025.7,316.5,94.4885,94.4902,94.5450,-0.0565,-0.0548,0.0017
6642,974.2,291.3,94.4855,94.4872,94.5420,-0.0565,-0.0548,0.0017
6643,1023.6,304.8,94.4826,94.4842,94.5390,-0.0565,-0.0548,0.0017
6644,974.3,344.5,94.4796,94.4812,94.5361,-0.0565,-0.0548,0.0016
6645,1001.6,339.5,94.4766,94.4782,94.5329,-0.0563,-0.0546,0.0016
6646,999.3,358.7,94.4736,94.4752,94.5299,-0.0563,-0.0547,0.0016
6647,997.2,336.0,94.4706,94.4722,94.5269,-0.0563,-0.0547,0.0016
6648,998.6,321.3,94.4676,94.4692,94.5239,-0.0563,-0.0546,0.0016
6649,1004.6,322.9,94.4646,94.4662,94.5204,-0.0558,-0.0542,0.0016
6650,1003.4,336.8,94.4616,94.4632,94.5170,-0.0555,-0.0538,0.0016
6651,998.1,282.9,94.4585,94.4601,94.5136,-0.0551,-0.0535,0.0016
6652,1027.8,319.2,94.4555,94.4571,94.5104,-0.0549,-0.0533,0.0016
6653,972.9,304.2,94.4524,94.4541,94.5070,-0.0546,-0.0530,0.0016
6654,1002.9,293.8,94.4494,94.4510,94.5040,-0.0546,-0.0530,0.0016
6655,1023.3,316.7,94.4463,94.4479,94.5008,-0.0545,-0.0529,0.0016
6656,974.8,303.5,94.4433,94.4449,94.4978,-0.0545,-0.0529,0.0016
6657,1002.8,296.3,94.4402,94.4418,94.4944,-0.0542,-0.0526,0.0016
6658,1022.9,317.6,94.4371,94.4387,94.4913,-0.0542,-0.0526,0.0016
6659,973.6,323.4,94.4340,94.4356,94.4883,-0.0543,-0.0527,0.0016
6660,1001.6,314.7,94.4309,94.4325,94.4852,-0.0542,-0.0526,0.0016
6661,997.2,306.2,94.4278,94.4294,94.4817,-0.0539,-0.0523,0.0016
6662,1001.9,289.7,94.4247,94.4263,94.4783,-0.0536,-0.0520,0.0016
6663,1001.0,294.8,94.4216,94.4232,94.4748,-0.0532,-0.0516,0.0016
6664,1024.7,343.3,94.4185,94.4201,94.4713,-0.0528,-0.0513,0.0016
6665,976.3,284.2,94.4154,94.4169,94.4677,-0.0523,-0.0507,0.0016
6666,1000.8,328.7,94.4122,94.4138,94.4645,-0.0523,-0.0507,0.0016
6667,997.6,315.3,94.4091,94.4107,94.4614,-0.0523,-0.0507,0.0016
6668,997.3,294.0,94.4059,94.4075,94.4584,-0.0524,-0.0508,0.0016
6669,1001.3,370.4,94.4028,94.4044,94.4552,-0.0524,-0.0508,0.0016
6670,993.9,361.9,94.3996,94.4012,94.4523,-0.0526,-0.0511,0.0016
6671,999.9,375.1,94.3965,94.3980,94.4493,-0.0528,-0.0512,0.0016
6672,1003.4,391.8,94.3933,94.3948,94.4463,-0.0530,-0.0515,0.0016
6673,999.8,377.2,94.3901,94.3917,94.4430,-0.0529,-0.0514,0.0015
6674,1001.9,359.0,94.3869,94.3885,94.4400,-0.0531,-0.0515,0.0015
6675,1000.1,365.4,94.3837,94.3853,94.4368,-0.0530,-0.0515,0.0015
6676,999.5,354.8,94.3805,94.3821,94.4335,-0.0530,-0.0514,0.0015
6677,999.2,335.2,94.3773,94.3789,94.4300,-0.0527,-0.0512,0.0015
6678,1002.4,329.0,94.3741,94.3756,94.4269,-0.0528,-0.0513,0.0015
6679,999.6,348.0,94.3709,94.3724,94.4237,-0.0528,-0.0513,0.0015
6680,996.5,321.7,94.3677,94.3692,94.4205,-0.0528,-0.0513,0.0015
6681,1000.9,341.4,94.3644,94.3659,94.4170,-0.0526,-0.0511,0.0015
6682,1001.5,307.6,94.3612,94.3627,94.4139,-0.0527,-0.0512,0.0015
6683,1000.5,291.7,94.3579,94.3594,94.4107,-0.0528,-0.0513,0.0015
6684,1025.3,360.5,94.3547,94.3562,94.4077,-0.0531,-0.0515,0.0015
6685,974.7,328.5,94.3514,94.3529,94.4045,-0.0531,-0.0516,0.0015
6686,999.2,301.6,94.3481,94.3496,94.4016,-0.0534,-0.0519,0.0015
6687,999.7,326.7,94.3449,94.3464,94.3987,-0.0538,-0.0523,0.0015
6688,997.2,331.8,94.3416,94.3431,94.3957,-0.0542,-0.0527,0.0015
6689,999.2,334.6,94.3383,94.3398,94.3925,-0.0542,-0.0527,0.0015
6690,1000.9,335.7,94.3350,94.3365,94.3892,-0.0543,-0.0528,0.0015
6691,998.2,344.5,94.3317,94.3332,94.3860,-0.0543,-0.0528,0.0015
6692,1001.7,331.2,94.3284,94.3299,94.3827,-0.0543,-0.0528,0.0015
6693,970.4,341.8,94.3251,94.3265,94.3791,-0.0540,-0.0525,0.0015
6694,1028.3,339.4,94.3217,94.3232,94.3758,-0.0540,-0.0526,0.0015
6695,1003.7,370.9,94.3184,94.3199,94.3727,-0.0543,-0.0528,0.0015
6696,997.0,392.2,94.3151,94.3165,94.3697,-0.0547,-0.0532,0.0015
6697,1002.5,342.4,94.3117,94.3132,94.3667,-0.0549,-0.0535,0.0015
6698,999.8,358.4,94.3084,94.3098,94.3639,-0.0555,-0.0541,0.0015
6699,1000.4,363.1,94.3050,94.3065,94.3611,-0.0560,-0.0546,0.0015
6700,997.3,337.4,94.3017,94.3031,94.3582,-0.0565,-0.0551,0.0015
6701,1002.7,295.2,94.2983,94.2997,94.3550,-0.0567,-0.0552,0.0015
6702,1026.7,334.5,94.2949,94.2964,94.3520,-0.0570,-0.0556,0.0015
6703,974.3,330.2,94.2915,94.2930,94.3490,-0.0575,-0.0560,0.0014
6704,1003.7,338.0,94.2881,94.2896,94.3461,-0.0580,-0.0565,0.0014
6705,992.6,335.1,94.2847,94.2862,94.3431,-0.0583,-0.0569,0.0014
6706,1000.6,348.4,94.2813,94.2828,94.3402,-0.0589,-0.0575,0.0014
6707,999.7,345.3,94.2779,94.2794,94.3374,-0.0594,-0.0580,0.0014
6708,1000.4,312.3,94.2745,94.2759,94.3346,-0.0601,-0.0586,0.0014
6709,997.2,349.1,94.2711,94.2725,94.3318,-0.0608,-0.0593,0.0014
6710,1002.1,337.0,94.2677,94.2691,94.3289,-0.0612,-0.0598,0.0014
6711,999.7,351.2,94.2642,94.2656,94.3262,-0.0620,-0.0605,0.0014
6712,1000.2,342.4,94.2608,94.2622,94.3235,-0.0627,-0.0613,0.0014
6713,1010.5,304.9,94.2573,94.2587,94.3209,-0.0636,-0.0622,0.0014
6714,989.6,370.7,94.2539,94.2553,94.3183,-0.0644,-0.0630,0.0014
6715,1001.1,343.0,94.2504,94.2518,94.3158,-0.0654,-0.0640,0.0014
6716,1003.7,331.5,94.2469,94.2483,94.3133,-0.0663,-0.0649,0.0014
6717,998.5,353.7,94.2435,94.2449,94.3107,-0.0672,-0.0658,0.0014
6718,1000.0,329.3,94.2400,94.2414,94.3078,-0.0678,-0.0664,0.0014
6719,1000.0,364.0,94.2365,94.2379,94.3050,-0.0685,-0.0671,0.0014
6720,998.8,388.6,94.2330,94.2344,94.3020,-0.0690,-0.0676,0.0014
6721,1001.2,336.4,94.2295,94.2309,94.2989,-0.0694,-0.0680,0.0014
6722,1000.0,332.9,94.2260,94.2274,94.2957,-0.0697,-0.0683,0.0014
6723,1000.6,314.8,94.2225,94.2239,94.2926,-0.0701,-0.0688,0.0014
6724,997.7,342.0,94.2189,94.2203,94.2895,-0.0705,-0.0692,0.0014
6725,1003.1,300.8,94.2154,94.2168,94.2862,-0.0708,-0.0694,0.0014
6726,1000.1,330.8,94.2119,94.2133,94.2826,-0.0707,-0.0694,0.0014
6727,996.6,298.5,94.2083,94.2097,94.2793,-0.0710,-0.0696,0.0014
6728,1001.2,292.8,94.2048,94.2062,94.2760,-0.0712,-0.0699,0.0014
6729,1005.9,312.0,94.2012,94.2026,94.2728,-0.0715,-0.0702,0.0014
6730,1006.0,294.5,94.1977,94.1990,94.2692,-0.0715,-0.0702,0.0014
6731,1008.9,340.8,94.1941,94.1955,94.2657,-0.0716,-0.0703,0.0014
6732,983.2,313.2,94.1905,94.1919,94.2621,-0.0715,-0.0702,0.0014
6733,977.3,307.3,94.1870,94.1883,94.2584,-0.0714,-0.0701,0.0013
6734,1044.5,340.4,94.1834,94.1847,94.2542,-0.0709,-0.0695,0.0013
6735,974.9,313.0,94.1798,94.1811,94.2504,-0.0706,-0.0693,0.0013
6736,997.9,303.7,94.1762,94.1775,94.2465,-0.0704,-0.0690,0.0013
6737,1006.5,298.6,94.1726,94.1739,94.2426,-0.0701,-0.0687,0.0013
6738,997.2,294.7,94.1690,94.1703,94.2386,-0.0697,-0.0684,0.0013
6739,1003.3,330.9,94.1653,94.1667,94.2343,-0.0689,-0.0676,0.0013
6740,997.0,340.3,94.1617,94.1630,94.2302,-0.0685,-0.0672,0.0013
6741,998.5,344.5,94.1581,94.1594,94.2263,-0.0682,-0.0669,0.0013
6742,1000.0,331.4,94.1544,94.1558,94.2221,-0.0676,-0.0663,0.0013
6743,1001.8,311.0,94.1508,94.1521,94.2180,-0.0672,-0.0659,0.0013
6744,999.1,365.2,94.1471,94.1485,94.2140,-0.0669,-0.0655,0.0013
6745,1015.7,372.4,94.1435,94.1448,94.2100,-0.0665,-0.0652,0.0013
6746,1002.0,401.2,94.1398,94.1411,94.2055,-0.0656,-0.0643,0.0013
6747,995.8,382.0,94.1362,94.1375,94.2013,-0.0651,-0.0638,0.0013
6748,997.3,317.5,94.1325,94.1338,94.1972,-0.0647,-0.0634,0.0013
6749,988.5,331.8,94.1288,94.1301,94.1934,-0.0646,-0.0633,0.0013
6750,997.3,301.3,94.1251,94.1264,94.1894,-0.0643,-0.0630,0.0013
6751,1005.8,318.1,94.1214,94.1227,94.1857,-0.0643,-0.0630,0.0013
6752,997.9,307.6,94.1177,94.1190,94.1818,-0.0641,-0.0629,0.0013
6753,1023.1,321.7,94.1140,94.1153,94.1780,-0.0640,-0.0628,0.0013
6754,984.1,321.1,94.1103,94.1116,94.1741,-0.0638,-0.0625,0.0013
6755,995.8,342.1,94.1066,94.1078,94.1703,-0.0637,-0.0625,0.0013
6756,1003.5,310.8,94.1028,94.1041,94.1663,-0.0634,-0.0622,0.0013
6757,999.5,336.3,94.0991,94.1004,94.1621,-0.0630,-0.0618,0.0013
6758,985.7,370.3,94.0954,94.0966,94.1576,-0.0622,-0.0610,0.0013
6759,1022.6,376.9,94.0916,94.0929,94.1535,-0.0618,-0.0606,0.0013
6760,1002.8,365.6,94.0879,94.0891,94.1493,-0.0615,-0.0602,0.0013
6761,994.8,357.7,94.0841,94.0854,94.1454,-0.0613,-0.0600,0.0013
6762,984.7,343.2,94.0803,94.0816,94.1412,-0.0609,-0.0597,0.0013
6763,998.4,305.2,94.0766,94.0778,94.1374,-0.0609,-0.0596,0.0013
6764,1003.2,344.9,94.0728,94.0740,94.1336,-0.0608,-0.0595,0.0013
6765,998.4,326.9,94.0690,94.0702,94.1290,-0.0600,-0.0587,0.0012
6766,1000.8,310.4,94.0652,94.0664,94.1246,-0.0594,-0.0581,0.0012
6767,997.9,330.2,94.0614,94.0626,94.1204,-0.0590,-0.0577,0.0012
6768,1001.6,335.6,94.0576,94.0588,94.1161,-0.0585,-0.0573,0.0012
6769,1021.7,346.8,94.0538,94.0550,94.1120,-0.0582,-0.0569,0.0012
6770,982.9,370.1,94.0500,94.0512,94.1076,-0.0576,-0.0564,0.0012
6771,1009.0,347.9,94.0461,94.0474,94.1036,-0.0575,-0.0563,0.0012
6772,1001.7,342.4,94.0423,94.0435,94.0998,-0.0575,-0.0563,0.0012
6773,998.3,329.8,94.0385,94.0397,94.0958,-0.0574,-0.0561,0.0012
6774,1000.0,330.3,94.0346,94.0359,94.0922,-0.0576,-0.0564,0.0012
6775,989.3,374.2,94.0308,94.0320,94.0886,-0.0578,-0.0566,0.0012
6776,995.1,364.7,94.0269,94.0282,94.0849,-0.0579,-0.0567,0.0012
6777,999.0,347.7,94.0231,94.0243,94.0812,-0.0581,-0.0569,0.0012
6778,1003.0,348.7,94.0192,94.0204,94.0771,-0.0579,-0.0567,0.0012
6779,976.5,358.6,94.0153,94.0165,94.0734,-0.0580,-0.0568,0.0012
6780,1026.5,325.9,94.0115,94.0127,94.0697,-0.0583,-0.0571,0.0012
6781,1007.1,329.4,94.0076,94.0088,94.0662,-0.0587,-0.0575,0.0012
6782,992.9,316.8,94.0037,94.0049,94.0662,-0.0626,-0.0614,0.0012
6783,1001.7,313.8,93.9998,94.0010,94.0625,-0.0628,-0.0616,0.0012
6784,999.3,321.2,93.9959,93.9971,94.0593,-0.0634,-0.0622,0.0012
6785,995.0,289.2,93.9920,93.9932,94.0561,-0.0641,-0.0629,0.0012
6786,1000.5,318.9,93.9881,93.9892,94.0529,-0.0648,-0.0637,0.0012
6787,1001.4,323.6,93.9841,93.9853,94.0493,-0.0652,-0.0640,0.0012
6788,999.5,326.1,93.9802,93.9814,94.0460,-0.0658,-0.0646,0.0012
6789,999.3,333.2,93.9763,93.9774,94.0425,-0.0663,-0.0651,0.0012
6790,1000.9,320.5,93.9723,93.9735,94.0388,-0.0664,-0.0653,0.0012
6791,1004.9,306.5,93.9684,93.9695,94.0352,-0.0668,-0.0657,0.0012
6792,999.3,286.1,93.9644,93.9656,94.0316,-0.0672,-0.0660,0.0012
6793,1024.7,324.4,93.9605,93.9616,94.0281,-0.0676,-0.0665,0.0012
6794,971.4,342.2,93.9565,93.9577,94.0244,-0.0679,-0.0667,0.0012
6795,997.3,334.4,93.9525,93.9537,94.0210,-0.0685,-0.0673,0.0012
6796,1005.2,347.2,93.9486,93.9497,94.0176,-0.0690,-0.0679,0.0012
6797,994.6,306.7,93.9446,93.9457,94.0140,-0.0695,-0.0683,0.0011
6798,1028.4,317.3,93.9406,93.9417,94.0102,-0.0696,-0.0685,0.0011
6799,975.0,318.1,93.9366,93.9377,94.0067,-0.0701,-0.0690,0.0011
6800,1001.5,312.0,93.9326,93.9337,94.0033,-0.0707,-0.0696,0.0011
6801,1001.0,346.5,93.9286,93.9297,93.9998,-0.0712,-0.0701,0.0011
6802,997.6,357.1,93.9246,93.9257,93.9959,-0.0713,-0.0702,0.0011
6803,1001.9,337.6,93.9205,93.9217,93.9922,-0.0716,-0.0705,0.0011
6804,1001.9,338.0,93.9165,93.9176,93.9884,-0.0719,-0.0708,0.0011
6805,999.4,316.8,93.9125,93.9136,93.9846,-0.0722,-0.0710,0.0011
6806,1000.1,314.6,93.9084,93.9096,93.9805,-0.0721,-0.0709,0.0011
6807,1001.8,293.8,93.9044,93.9055,93.9766,-0.0722,-0.0711,0.0011
6808,1023.6,314.8,93.9003,93.9015,93.9728,-0.0724,-0.0713,0.0011
6809,973.0,308.9,93.8963,93.8974,93.9689,-0.0727,-0.0715,0.0011
6810,1002.2,286.3,93.8922,93.8933,93.9648,-0.0726,-0.0715,0.0011
6811,1006.3,359.2,93.8882,93.8893,93.9609,-0.0727,-0.0716,0.0011
6812,988.8,346.7,93.8841,93.8852,93.9570,-0.0729,-0.0718,0.0011
6813,1000.5,319.9,93.8800,93.8811,93.9529,-0.0729,-0.0718,0.0011
6814,1005.8,354.2,93.8759,93.8770,93.9483,-0.0724,-0.0713,0.0011
6815,990.9,335.4,93.8718,93.8729,93.9439,-0.0721,-0.0710,0.0011
6816,1000.2,318.9,93.8677,93.8688,93.9396,-0.0718,-0.0707,0.0011
6817,1005.2,332.6,93.8636,93.8647,93.9354,-0.0717,-0.0707,0.0011
6818,994.9,320.0,93.8595,93.8606,93.9312,-0.0717,-0.0706,0.0011
6819,1003.7,347.3,93.8554,93.8565,93.9269,-0.0715,-0.0704,0.0011
6820,996.3,374.9,93.8513,93.8524,93.9229,-0.0717,-0.0706,0.0011
6821,1002.9,349.3,93.8471,93.8482,93.9189,-0.0718,-0.0707,0.0011
6822,1001.8,340.2,93.8430,93.8441,93.9146,-0.0716,-0.0705,0.0011
6823,999.3,346.2,93.8389,93.8399,93.9105,-0.0717,-0.0706,0.0011
6824,1002.7,325.3,93.8347,93.8358,93.9064,-0.0717,-0.0706,0.0011
6825,1002.8,329.6,93.8306,93.8316,93.9021,-0.0715,-0.0704,0.0011
6826,995.9,328.5,93.8264,93.8275,93.8972,-0.0708,-0.0697,0.0011
6827,998.2,352.2,93.8223,93.8233,93.8927,-0.0704,-0.0694,0.0011
6828,998.0,327.9,93.8181,93.8191,93.8883,-0.0703,-0.0692,0.0011
6829,1005.5,348.0,93.8139,93.8150,93.8841,-0.0702,-0.0692,0.0011
6830,994.4,314.6,93.8097,93.8108,93.8796,-0.0699,-0.0688,0.0010
6831,1005.7,307.4,93.8055,93.8066,93.8753,-0.0698,-0.0687,0.0010
6832,973.9,341.4,93.8013,93.8024,93.8711,-0.0697,-0.0687,0.0010
6833,1025.2,330.9,93.7971,93.7982,93.8666,-0.0695,-0.0685,0.0010
6834,1017.6,331.9,93.7929,93.7940,93.8620,-0.0690,-0.0680,0.0010
6835,977.7,337.7,93.7887,93.7898,93.8575,-0.0688,-0.0677,0.0010
6836,999.6,336.4,93.7845,93.7855,93.8529,-0.0683,-0.0673,0.0010
6837,1000.1,310.9,93.7803,93.7813,93.8483,-0.0680,-0.0670,0.0010
6838,1002.5,328.3,93.7761,93.7771,93.8433,-0.0673,-0.0662,0.0010
6839,1002.2,332.2,93.7718,93.7728,93.8387,-0.0669,-0.0658,0.0010
6840,993.6,333.2,93.7676,93.7686,93.8343,-0.0667,-0.0657,0.0010
6841,1006.0,336.9,93.7633,93.7644,93.8301,-0.0667,-0.0657,0.0010
6842,1019.8,331.2,93.7591,93.7601,93.8255,-0.0665,-0.0654,0.0010
6843,982.5,350.1,93.7548,93.7558,93.8212,-0.0664,-0.0654,0.0010
6844,994.4,384.7,93.7506,93.7516,93.8169,-0.0663,-0.0653,0.0010
6845,999.3,378.3,93.7463,93.7473,93.8124,-0.0661,-0.0651,0.0010
6846,1001.5,411.1,93.7420,93.7430,93.8077,-0.0657,-0.0646,0.0010
6847,1000.9,320.8,93.7377,93.7387,93.8034,-0.0657,-0.0647,0.0010
6848,1000.2,329.1,93.7335,93.7344,93.7994,-0.0659,-0.0649,0.0010
6849,999.3,360.8,93.7292,93.7302,93.7956,-0.0664,-0.0654,0.0010
6850,1000.0,384.1,93.7249,93.7259,93.7916,-0.0668,-0.0658,0.0010
6851,999.9,367.7,93.7206,93.7215,93.7881,-0.0675,-0.0666,0.0010
6852,1000.5,335.1,93.7162,93.7172,93.7847,-0.0684,-0.0674,0.0010
6853,1000.1,318.9,93.7119,93.7129,93.7811,-0.0692,-0.0682,0.0010
6854,1004.3,337.5,93.7076,93.7086,93.7772,-0.0696,-0.0686,0.0010
6855,997.5,339.3,93.7033,93.7043,93.7734,-0.0702,-0.0692,0.0010
6856,997.7,353.2,93.6990,93.6999,93.7697,-0.0707,-0.0698,0.0010
6857,997.7,340.2,93.6946,93.6956,93.7659,-0.0712,-0.0703,0.0010
6858,1000.6,311.0,93.6903,93.6912,93.7617,-0.0715,-0.0705,0.0010
6859,1001.3,360.1,93.6859,93.6869,93.7579,-0.0719,-0.0710,0.0010
6860,996.5,309.5,93.6816,93.6825,93.7540,-0.0725,-0.0715,0.0010
6861,1003.4,351.7,93.6772,93.6782,93.7502,-0.0730,-0.0720,0.0010
6862,996.7,351.4,93.6728,93.6738,93.7461,-0.0732,-0.0723,0.0010
6863,1001.2,287.6,93.6685,93.6694,93.7422,-0.0737,-0.0728,0.0010
6864,1000.4,356.7,93.6641,93.6650,93.7383,-0.0743,-0.0733,0.0010
6865,1001.1,348.9,93.6597,93.6606,93.7343,-0.0746,-0.0737,0.0009
6866,1001.0,345.0,93.6553,93.6563,93.7299,-0.0746,-0.0736,0.0009
6867,998.8,366.3,93.6509,93.6519,93.7257,-0.0748,-0.0739,0.0009
6868,1001.4,311.5,93.6465,93.6475,93.7215,-0.0750,-0.0740,0.0009
6869,1000.6,366.2,93.6421,93.6430,93.7174,-0.0752,-0.0743,0.0009
6870,999.4,400.5,93.6377,93.6386,93.7130,-0.0753,-0.0744,0.0009
6871,1001.7,357.7,93.6333,93.6342,93.7092,-0.0759,-0.0750,0.0009
6872,999.1,347.3,93.6289,93.6298,93.7052,-0.0763,-0.0754,0.0009
6873,999.4,335.7,93.6244,93.6254,93.7012,-0.0767,-0.0758,0.0009
6874,1004.9,353.7,93.6200,93.6209,93.6968,-0.0768,-0.0759,0.0009
6875,995.7,338.3,93.6156,93.6165,93.6928,-0.0772,-0.0763,0.0009
6876,1001.7,349.0,93.6111,93.6120,93.6886,-0.0775,-0.0766,0.0009
6877,995.4,351.1,93.6067,93.6076,93.6844,-0.0778,-0.0769,0.0009
6878,1000.4,310.6,93.6022,93.6031,93.6799,-0.0777,-0.0768,0.0009
6879,1003.0,355.9,93.5977,93.5986,93.6757,-0.0780,-0.0771,0.0009
6880,995.5,344.3,93.5933,93.5942,93.6716,-0.0784,-0.0775,0.0009
6881,1001.9,319.5,93.5888,93.5897,93.6676,-0.0788,-0.0779,0.0009
6882,1002.7,346.5,93.5843,93.5852,93.6635,-0.0792,-0.0783,0.0009
6883,995.1,353.4,93.5798,93.5807,93.6596,-0.0797,-0.0788,0.0009
6884,999.6,306.0,93.5753,93.5762,93.6556,-0.0803,-0.0794,0.0009
6885,1003.7,353.0,93.5708,93.5717,93.6515,-0.0806,-0.0797,0.0009
6886,1001.7,333.5,93.5663,93.5672,93.6468,-0.0804,-0.0795,0.0009
6887,997.7,385.7,93.5618,93.5627,93.6423,-0.0805,-0.0796,0.0009
6888,999.0,363.1,93.5573,93.5582,93.6376,-0.0803,-0.0794,0.0009
6889,1002.4,331.7,93.5528,93.5537,93.6328,-0.0800,-0.0791,0.0009
6890,1000.9,339.4,93.5483,93.5492,93.6276,-0.0793,-0.0785,0.0009
6891,999.0,364.9,93.5438,93.5446,93.6229,-0.0791,-0.0783,0.0009
6892,1000.0,367.5,93.5392,93.5401,93.6182,-0.0790,-0.0781,0.0009
6893,999.2,337.3,93.5347,93.5356,93.6135,-0.0788,-0.0780,0.0009
6894,1000.0,350.5,93.5301,93.5310,93.6083,-0.0782,-0.0773,0.0009
6895,1002.8,381.6,93.5256,93.5265,93.6034,-0.0778,-0.0770,0.0009
6896,999.0,382.5,93.5210,93.5219,93.5983,-0.0773,-0.0764,0.0009
6897,996.1,364.2,93.5165,93.5173,93.5931,-0.0767,-0.0758,0.0009
6898,1000.7,350.7,93.5119,93.5128,93.5875,-0.0756,-0.0747,0.0009
6899,1000.6,359.6,93.5073,93.5082,93.5822,-0.0749,-0.0740,0.0009
6900,999.9,309.3,93.5028,93.5036,93.5772,-0.0744,-0.0736,0.0009
6901,1003.0,325.8,93.4982,93.4990,93.5723,-0.0741,-0.0732,0.0008
6902,1000.1,324.6,93.4936,93.4944,93.5669,-0.0733,-0.0725,0.0008
6903,998.3,343.6,93.4890,93.4898,93.5620,-0.0730,-0.0722,0.0008
6904,997.2,352.1,93.4844,93.4852,93.5571,-0.0727,-0.0718,0.0008
6905,999.4,309.0,93.4798,93.4806,93.5520,-0.0722,-0.0714,0.0008
6906,1028.4,366.5,93.4752,93.4760,93.5466,-0.0714,-0.0706,0.0008
6907,977.2,326.7,93.4706,93.4714,93.5417,-0.0711,-0.0703,0.0008
6908,1004.4,308.0,93.4659,93.4668,93.5369,-0.0709,-0.0701,0.0008
6909,1002.1,314.9,93.4613,93.4621,93.5322,-0.0709,-0.0701,0.0008
6910,993.5,308.7,93.4567,93.4575,93.5275,-0.0708,-0.0699,0.0008
6911,1006.3,312.2,93.4520,93.4529,93.5230,-0.0709,-0.0701,0.0008
6912,1000.7,305.8,93.4474,93.4482,93.5185,-0.0711,-0.0703,0.0008
6913,994.2,299.5,93.4428,93.4436,93.5142,-0.0714,-0.0706,0.0008
6914,1005.7,311.4,93.4381,93.4389,93.5095,-0.0714,-0.0706,0.0008
6915,996.8,323.2,93.4334,93.4343,93.5049,-0.0715,-0.0707,0.0008
6916,997.7,309.7,93.4288,93.4296,93.5003,-0.0715,-0.0707,0.0008
6917,1000.5,304.7,93.4241,93.4249,93.4957,-0.0716,-0.0708,0.0008
6918,998.3,284.5,93.4194,93.4202,93.4909,-0.0715,-0.0707,0.0008
6919,1024.2,329.4,93.4148,93.4156,93.4866,-0.0719,-0.0711,0.0008
6920,975.1,349.3,93.4101,93.4109,93.4824,-0.0723,-0.0715,0.0008
6921,996.5,341.2,93.4054,93.4062,93.4782,-0.0728,-0.0720,0.0008
6922,999.2,310.5,93.4007,93.4015,93.4734,-0.0727,-0.0719,0.0008
6923,1002.1,301.9,93.3960,93.3968,93.4689,-0.0729,-0.0721,0.0008
6924,1025.0,333.7,93.3913,93.3921,93.4643,-0.0730,-0.0723,0.0008
6925,974.8,298.3,93.3866,93.3874,93.4599,-0.0733,-0.0725,0.0008
6926,1005.3,361.7,93.3819,93.3826,93.4551,-0.0733,-0.0725,0.0008
6927,993.2,341.0,93.3771,93.3779,93.4508,-0.0736,-0.0728,0.0008
6928,1001.3,313.8,93.3724,93.3732,93.4464,-0.0740,-0.0732,0.0008
6929,1010.0,327.4,93.3677,93.3685,93.4420,-0.0744,-0.0736,0.0008
6930,990.4,315.8,93.3629,93.3637,93.4366,-0.0737,-0.0729,0.0008
6931,977.3,363.7,93.3582,93.3590,93.4322,-0.0740,-0.0733,0.0008
6932,1001.8,337.0,93.3535,93.3542,93.4278,-0.0744,-0.0736,0.0008
6933,1029.8,324.6,93.3487,93.3495,93.4234,-0.0747,-0.0739,0.0008
6934,992.4,328.0,93.3439,93.3447,93.4187,-0.0747,-0.0739,0.0008
6935,1008.2,324.2,93.3392,93.3399,93.4144,-0.0752,-0.0744,0.0008
6936,1003.1,323.4,93.3344,93.3352,93.4103,-0.0759,-0.0751,0.0008
6937,987.3,312.4,93.3296,93.3304,93.4064,-0.0767,-0.0760,0.0008
6938,1003.5,311.5,93.3249,93.3256,93.4024,-0.0775,-0.0767,0.0008
6939,999.4,312.8,93.3201,93.3208,93.3987,-0.0786,-0.0778,0.0007
6940,1000.2,296.1,93.3153,93.3160,93.3948,-0.0795,-0.0788,0.0007
6941,1024.6,330.2,93.3105,93.3112,93.3909,-0.0804,-0.0797,0.0007
6942,974.1,308.1,93.3057,93.3064,93.3864,-0.0807,-0.0800,0.0007
6943,1001.0,285.9,93.3009,93.3016,93.3821,-0.0812,-0.0805,0.0007
6944,1024.4,351.5,93.2961,93.2968,93.3778,-0.0817,-0.0810,0.0007
6945,972.7,358.9,93.2913,93.2920,93.3732,-0.0819,-0.0812,0.0007
6946,996.8,338.3,93.2865,93.2872,93.3689,-0.0825,-0.0818,0.0007
6947,1000.8,347.9,93.2816,93.2824,93.3646,-0.0830,-0.0823,0.0007
6948,999.6,328.7,93.2768,93.2775,93.3603,-0.0835,-0.0828,0.0007
6949,1010.2,376.3,93.2720,93.2727,93.3560,-0.0841,-0.0833,0.0007
6950,992.1,366.1,93.2671,93.2679,93.3513,-0.0842,-0.0835,0.0007
6951,999.8,324.9,93.2623,93.2630,93.3513,-0.0890,-0.0883,0.0007
6952,1001.4,324.8,93.2574,93.2582,93.3468,-0.0894,-0.0887,0.0007
6953,1001.9,319.1,93.2526,93.2533,93.3421,-0.0895,-0.0888,0.0007
6954,1001.7,323.0,93.2477,93.2484,93.3371,-0.0893,-0.0886,0.0007
6955,998.4,313.6,93.2429,93.2436,93.3314,-0.0885,-0.0878,0.0007
6956,1001.8,361.8,93.2380,93.2387,93.3261,-0.0881,-0.0874,0.0007
6957,1009.1,323.9,93.2331,93.2338,93.3207,-0.0876,-0.0869,0.0007
6958,988.2,319.6,93.2282,93.2289,93.3154,-0.0871,-0.0864,0.0007
6959,1001.8,324.5,93.2234,93.2241,93.3099,-0.0865,-0.0858,0.0007
6960,997.8,309.0,93.2185,93.2192,93.3047,-0.0863,-0.0856,0.0007
6961,1026.9,328.8,93.2136,93.2143,93.2997,-0.0861,-0.0854,0.0007
6962,973.5,318.6,93.2087,93.2094,93.2946,-0.0859,-0.0852,0.0007
6963,1000.7,318.9,93.2038,93.2045,93.2891,-0.0853,-0.0846,0.0007
6964,998.0,325.5,93.1989,93.1996,93.2839,-0.0851,-0.0844,0.0007
6965,999.9,312.6,93.1940,93.1946,93.2789,-0.0850,-0.0843,0.0007
6966,1003.1,316.8,93.1890,93.1897,93.2741,-0.0851,-0.0844,0.0007
6967,997.8,322.4,93.1841,93.1848,93.2691,-0.0850,-0.0844,0.0007
6968,997.8,309.8,93.1792,93.1799,93.2646,-0.0854,-0.0847,0.0007
6969,1026.9,315.3,93.1743,93.1749,93.2599,-0.0857,-0.0850,0.0007
6970,974.1,377.8,93.1693,93.1700,93.2552,-0.0859,-0.0852,0.0007
6971,1000.6,362.5,93.1644,93.1650,93.2499,-0.0855,-0.0849,0.0007
6972,999.7,333.9,93.1594,93.1601,93.2448,-0.0854,-0.0848,0.0007
6973,1000.8,326.2,93.1545,93.1551,93.2398,-0.0853,-0.0846,0.0007
6974,999.2,342.9,93.1495,93.1502,93.2346,-0.0851,-0.0845,0.0007
6975,1002.2,315.3,93.1446,93.1452,93.2292,-0.0846,-0.0840,0.0007
6976,1002.8,336.6,93.1396,93.1402,93.2242,-0.0846,-0.0839,0.0007
6977,996.8,327.9,93.1346,93.1353,93.2191,-0.0845,-0.0838,0.0007
6978,996.6,311.1,93.1296,93.1303,93.2139,-0.0842,-0.0836,0.0007
6979,1007.1,328.6,93.1247,93.1253,93.2081,-0.0834,-0.0828,0.0006
6980,994.8,309.3,93.1197,93.1203,93.2027,-0.0830,-0.0824,0.0006
6981,1001.8,315.2,93.1147,93.1153,93.1973,-0.0826,-0.0820,0.0006
6982,998.4,324.5,93.1097,93.1103,93.1921,-0.0824,-0.0818,0.0006
6983,1000.9,299.7,93.1047,93.1053,93.1869,-0.0822,-0.0816,0.0006
6984,1001.7,314.9,93.0997,93.1003,93.1814,-0.0818,-0.0811,0.0006
6985,1002.7,333.8,93.0947,93.0953,93.1764,-0.0817,-0.0811,0.0006
6986,993.8,331.6,93.0896,93.0903,93.1712,-0.0815,-0.0809,0.0006
6987,999.1,317.2,93.0846,93.0853,93.1660,-0.0813,-0.0807,0.0006
6988,998.0,329.8,93.0796,93.0802,93.1604,-0.0807,-0.0801,0.0006
6989,1004.6,321.1,93.0746,93.0752,93.1553,-0.0807,-0.0801,0.0006
6990,997.7,314.2,93.0695,93.0702,93.1505,-0.0809,-0.0803,0.0006
6991,1001.5,329.6,93.0645,93.0651,93.1458,-0.0813,-0.0807,0.0006
6992,1006.4,322.6,93.0595,93.0601,93.1409,-0.0814,-0.0808,0.0006
6993,991.2,310.4,93.0544,93.0550,93.1364,-0.0820,-0.0813,0.0006
6994,1003.9,345.0,93.0494,93.0500,93.1317,-0.0824,-0.0818,0.0006
6995,997.7,347.5,93.0443,93.0449,93.1270,-0.0827,-0.0821,0.0006
6996,999.0,352.2,93.0392,93.0398,93.1218,-0.0825,-0.0819,0.0006
6997,1002.3,330.9,93.0342,93.0348,93.1170,-0.0828,-0.0822,0.0006
6998,1001.9,328.4,93.0291,93.0297,93.1121,-0.0830,-0.0824,0.0006
6999,999.6,325.0,93.0240,93.0246,93.1072,-0.0832,-0.0826,0.0006
7000,1002.4,340.3,93.0189,93.0195,93.1023,-0.0834,-0.0828,0.0006
7001,998.9,344.5,93.0139,93.0145,93.0979,-0.0840,-0.0834,0.0006
7002,994.8,338.2,93.0088,93.0094,93.0935,-0.0847,-0.0841,0.0006
7003,1000.3,402.6,93.0037,93.0043,93.0889,-0.0852,-0.0846,0.0006
7004,998.7,322.5,92.9986,92.9992,93.0839,-0.0854,-0.0848,0.0006
7005,1000.4,301.7,92.9935,92.9941,93.0783,-0.0849,-0.0843,0.0006
7006,1082.3,3036.1,92.9884,92.9889,93.0734,-0.0851,-0.0845,0.0006
7007,3042.9,335.6,92.9832,92.9838,93.0584,-0.0751,-0.0745,0.0006
7008,340.8,395.9,92.9781,92.9787,93.0535,-0.0753,-0.0748,0.0006
7009,413.2,381.3,92.9730,92.9736,93.0535,-0.0805,-0.0799,0.0006
7010,387.2,268.8,92.9679,92.9685,93.0535,-0.0856,-0.0850,0.0006
7011,708.6,319.5,92.9627,92.9633,93.0485,-0.0857,-0.0851,0.0006
7012,1018.4,361.5,92.9576,92.9582,93.0433,-0.0857,-0.0851,0.0006
7013,1018.1,335.7,92.9525,92.9530,93.0379,-0.0854,-0.0848,0.0006
7014,992.8,339.9,92.9473,92.9479,93.0330,-0.0856,-0.0851,0.0006
7015,996.3,351.7,92.9422,92.9427,93.0282,-0.0861,-0.0855,0.0006
7016,1001.2,346.3,92.9370,92.9376,93.0234,-0.0864,-0.0859,0.0006
7017,1001.4,340.1,92.9319,92.9324,93.0182,-0.0863,-0.0857,0.0006
7018,998.6,325.2,92.9267,92.9273,93.0131,-0.0864,-0.0858,0.0006
7019,1002.2,350.9,92.9215,92.9221,93.0081,-0.0866,-0.0860,0.0006
7020,998.7,377.4,92.9164,92.9169,93.0031,-0.0867,-0.0862,0.0006
7021,996.4,397.7,92.9112,92.9117,92.9975,-0.0864,-0.0858,0.0006
7022,999.9,361.3,92.9060,92.9066,92.9923,-0.0863,-0.0857,0.0005
7023,1000.4,430.1,92.9008,92.9014,92.9870,-0.0862,-0.0857,0.0005
7024,1001.6,334.3,92.8956,92.8962,92.9817,-0.0861,-0.0856,0.0005
7025,998.5,331.1,92.8904,92.8910,92.9761,-0.0856,-0.0851,0.0005
7026,1000.5,325.7,92.8852,92.8858,92.9707,-0.0855,-0.0850,0.0005
7027,1001.1,345.0,92.8800,92.8806,92.9654,-0.0854,-0.0848,0.0005
7028,999.4,308.7,92.8748,92.8754,92.9599,-0.0851,-0.0846,0.0005
7029,1000.3,365.5,92.8696,92.8701,92.9540,-0.0844,-0.0839,0.0005
7030,998.2,360.6,92.8644,92.8649,92.9485,-0.0841,-0.0836,0.0005
7031,1000.6,365.4,92.8592,92.8597,92.9428,-0.0836,-0.0831,0.0005
7032,998.7,361.6,92.8539,92.8545,92.9370,-0.0831,-0.0826,0.0005
7033,999.3,353.4,92.8487,92.8492,92.9312,-0.0825,-0.0820,0.0005
7034,1000.4,369.4,92.8435,92.8440,92.9258,-0.0823,-0.0818,0.0005
7035,1012.7,347.1,92.8382,92.8388,92.9203,-0.0821,-0.0815,0.0005
7036,991.6,355.1,92.8330,92.8335,92.9146,-0.0816,-0.0811,0.0005
7037,1000.9,1447.8,92.8278,92.8283,92.9085,-0.0808,-0.0803,0.0005
7038,1455.4,391.1,92.8225,92.8230,92.8978,-0.0753,-0.0748,0.0005
7039,550.0,347.1,92.8172,92.8178,92.8978,-0.0806,-0.0800,0.0005
7040,1000.3,370.2,92.8120,92.8125,92.8928,-0.0808,-0.0803,0.0005
7041,1013.1,396.4,92.8067,92.8072,92.8877,-0.0809,-0.0804,0.0005
7042,989.7,351.9,92.8015,92.8020,92.8829,-0.0814,-0.0809,0.0005
7043,1004.8,319.2,92.7962,92.7967,92.8780,-0.0818,-0.0813,0.0005
7044,992.5,337.8,92.7909,92.7914,92.8730,-0.0821,-0.0816,0.0005
7045,994.0,371.7,92.7856,92.7861,92.8675,-0.0819,-0.0814,0.0005
7046,997.3,335.4,92.7803,92.7808,92.8623,-0.0820,-0.0815,0.0005
7047,999.9,324.9,92.7750,92.7755,92.8573,-0.0823,-0.0818,0.0005
7048,1002.3,304.5,92.7698,92.7702,92.8524,-0.0826,-0.0821,0.0005
7049,1004.5,339.5,92.7645,92.7649,92.8472,-0.0827,-0.0822,0.0005
7050,993.1,339.5,92.7592,92.7596,92.8424,-0.0832,-0.0827,0.0005
7051,999.5,341.2,92.7538,92.7543,92.8374,-0.0836,-0.0831,0.0005
7052,1000.4,331.7,92.7485,92.7490,92.8323,-0.0838,-0.0833,0.0005
7053,1004.2,351.6,92.7432,92.7437,92.8267,-0.0835,-0.0830,0.0005
7054,1001.0,356.1,92.7379,92.7384,92.8215,-0.0836,-0.0831,0.0005
7055,999.6,336.8,92.7326,92.7331,92.8164,-0.0838,-0.0834,0.0005
7056,1001.2,333.9,92.7272,92.7277,92.8115,-0.0843,-0.0838,0.0005
7057,992.0,332.9,92.7219,92.7224,92.8064,-0.0845,-0.0840,0.0005
7058,998.3,298.7,92.7166,92.7170,92.8017,-0.0851,-0.0847,0.0005
7059,999.6,353.5,92.7112,92.7117,92.7970,-0.0858,-0.0853,0.0005
7060,1010.7,350.4,92.7059,92.7064,92.7923,-0.0864,-0.0859,0.0005
7061,1001.5,348.7,92.7005,92.7010,92.7870,-0.0865,-0.0860,0.0005
7062,1007.6,328.2,92.6952,92.6957,92.7822,-0.0871,-0.0866,0.0005
7063,985.2,315.5,92.6898,92.6903,92.7774,-0.0876,-0.0871,0.0005
7064,1003.3,328.9,92.6845,92.6849,92.7727,-0.0882,-0.0878,0.0005
7065,999.7,324.6,92.6791,92.6796,92.7678,-0.0887,-0.0882,0.0005
7066,997.7,334.2,92.6737,92.6742,92.7634,-0.0897,-0.0893,0.0005
7067,998.7,328.7,92.6684,92.6688,92.7590,-0.0906,-0.0902,0.0005
7068,1002.9,328.6,92.6630,92.6634,92.7543,-0.0914,-0.0909,0.0005
7069,1003.3,352.3,92.6576,92.6581,92.7492,-0.0916,-0.0911,0.0004
7070,993.6,369.0,92.6522,92.6527,92.7441,-0.0919,-0.0914,0.0004
7071,1000.6,372.2,92.6468,92.6473,92.7390,-0.0921,-0.0917,0.0004
7072,999.6,342.8,92.6414,92.6419,92.7338,-0.0924,-0.0919,0.0004
7073,1000.0,316.8,92.6360,92.6365,92.7282,-0.0922,-0.0918,0.0004
7074,1004.0,357.6,92.6306,92.6311,92.7229,-0.0923,-0.0919,0.0004
7075,994.3,327.4,92.6252,92.6257,92.7176,-0.0924,-0.0919,0.0004
7076,1002.9,332.8,92.6198,92.6202,92.7121,-0.0923,-0.0918,0.0004
7077,998.0,350.1,92.6144,92.6148,92.7062,-0.0918,-0.0913,0.0004
7078,1013.1,337.6,92.6090,92.6094,92.7006,-0.0916,-0.0912,0.0004
7079,995.3,386.2,92.6036,92.6040,92.6949,-0.0913,-0.0909,0.0004
7080,989.3,356.7,92.5981,92.5986,92.6892,-0.0911,-0.0906,0.0004
7081,1003.4,339.7,92.5927,92.5931,92.6831,-0.0904,-0.0900,0.0004
7082,1003.5,354.3,92.5873,92.5877,92.6773,-0.0901,-0.0896,0.0004
7083,1008.0,333.7,92.5818,92.5823,92.6716,-0.0898,-0.0893,0.0004
7084,1000.1,340.7,92.5764,92.5768,92.6658,-0.0894,-0.0890,0.0004
7085,991.5,353.7,92.5709,92.5714,92.6596,-0.0886,-0.0882,0.0004
7086,999.0,359.7,92.5655,92.5659,92.6537,-0.0882,-0.0878,0.0004
7087,999.6,327.2,92.5600,92.5605,92.6480,-0.0880,-0.0876,0.0004
7088,1000.3,366.9,92.5546,92.5550,92.6424,-0.0878,-0.0874,0.0004
7089,997.5,374.1,92.5491,92.5495,92.6365,-0.0874,-0.0870,0.0004
7090,1000.1,355.2,92.5437,92.5441,92.6310,-0.0873,-0.0869,0.0004
7091,999.9,333.2,92.5382,92.5386,92.6254,-0.0873,-0.0868,0.0004
7092,1005.5,337.6,92.5327,92.5331,92.6197,-0.0869,-0.0865,0.0004
7093,994.5,336.6,92.5272,92.5276,92.6138,-0.0865,-0.0861,0.0004
7094,1000.2,391.1,92.5218,92.5222,92.6078,-0.0861,-0.0857,0.0004
7095,1001.4,356.4,92.5163,92.5167,92.6017,-0.0854,-0.0850,0.0004
7096,997.4,383.3,92.5108,92.5112,92.5961,-0.0853,-0.0849,0.0004
7097,999.9,389.9,92.5053,92.5057,92.5906,-0.0853,-0.0849,0.0004
7098,1000.7,394.5,92.4998,92.5002,92.5852,-0.0854,-0.0850,0.0004
7099,1005.6,348.3,92.4943,92.4947,92.5790,-0.0848,-0.0844,0.0004
7100,997.2,375.3,92.4888,92.4892,92.5733,-0.0845,-0.0841,0.0004
7101,998.1,415.2,92.4833,92.4837,92.5675,-0.0842,-0.0838,0.0004
7102,1000.3,369.2,92.4778,92.4782,92.5618,-0.0840,-0.0836,0.0004
7103,999.3,398.5,92.4723,92.4726,92.5558,-0.0835,-0.0831,0.0004
7104,1002.1,343.5,92.4667,92.4671,92.5503,-0.0836,-0.0832,0.0004
7105,999.4,314.8,92.4612,92.4616,92.5450,-0.0838,-0.0834,0.0004
7106,1001.0,330.2,92.4557,92.4561,92.5397,-0.0841,-0.0837,0.0004
7107,997.4,328.1,92.4502,92.4505,92.5340,-0.0839,-0.0835,0.0004
7108,1003.3,302.8,92.4446,92.4450,92.5288,-0.0842,-0.0838,0.0004
7109,1026.9,329.2,92.4391,92.4394,92.5236,-0.0845,-0.0842,0.0004
7110,971.5,319.0,92.4335,92.4339,92.5188,-0.0853,-0.0849,0.0004
7111,1001.0,322.2,92.4280,92.4284,92.5142,-0.0862,-0.0858,0.0004
7112,990.8,342.2,92.4224,92.4228,92.5089,-0.0864,-0.0860,0.0004
7113,1011.4,332.2,92.4169,92.4173,92.5046,-0.0877,-0.0873,0.0004
7114,964.0,337.2,92.4113,92.4117,92.5002,-0.0889,-0.0885,0.0004
7115,1031.7,331.3,92.4058,92.4061,92.4953,-0.0895,-0.0891,0.0004
7116,1008.2,376.9,92.4002,92.4006,92.4905,-0.0903,-0.0899,0.0004
7117,993.5,329.8,92.3946,92.3950,92.4857,-0.0910,-0.0907,0.0004
7118,1002.8,323.6,92.3891,92.3894,92.4808,-0.0918,-0.0914,0.0004
7119,992.7,365.6,92.3835,92.3838,92.4755,-0.0920,-0.0916,0.0004
7120,1001.2,319.8,92.3779,92.3783,92.4705,-0.0926,-0.0923,0.0004
7121,1003.1,368.3,92.3723,92.3727,92.4656,-0.0932,-0.0929,0.0003
7122,998.5,345.4,92.3667,92.3671,92.4601,-0.0933,-0.0930,0.0003
7123,999.8,317.3,92.3612,92.3615,92.4547,-0.0936,-0.0932,0.0003
7124,1009.1,321.2,92.3556,92.3559,92.4492,-0.0937,-0.0933,0.0003
7125,990.9,354.0,92.3500,92.3503,92.4435,-0.0935,-0.0932,0.0003
7126,1001.3,352.9,92.3444,92.3447,92.4379,-0.0935,-0.0932,0.0003
7127,999.3,335.4,92.3388,92.3391,92.4317,-0.0930,-0.0926,0.0003
7128,1001.1,328.2,92.3332,92.3335,92.4259,-0.0927,-0.0924,0.0003
7129,995.8,351.6,92.3275,92.3279,92.4200,-0.0925,-0.0921,0.0003
7130,1002.4,361.0,92.3219,92.3223,92.4140,-0.0920,-0.0917,0.0003
7131,998.8,355.4,92.3163,92.3166,92.4140,-0.0976,-0.0973,0.0003
7132,1000.3,330.7,92.3107,92.3110,92.4074,-0.0967,-0.0964,0.0003
7133,1007.1,363.5,92.3051,92.3054,92.4013,-0.0962,-0.0959,0.0003
7134,993.0,356.9,92.2994,92.2998,92.3953,-0.0958,-0.0955,0.0003
7135,1000.0,341.4,92.2938,92.2941,92.3892,-0.0953,-0.0950,0.0003
7136,1002.7,351.3,92.2882,92.2885,92.3826,-0.0944,-0.0941,0.0003
7137,998.1,314.9,92.2825,92.2829,92.3766,-0.0941,-0.0938,0.0003
7138,1004.6,336.8,92.2769,92.2772,92.3705,-0.0936,-0.0933,0.0003
7139,1029.7,368.6,92.2712,92.2716,92.3638,-0.0926,-0.0922,0.0003
7140,963.9,345.3,92.2656,92.2659,92.3575,-0.0919,-0.0916,0.0003
7141,1017.4,324.5,92.2599,92.2603,92.3512,-0.0913,-0.0910,0.0003
7142,983.5,380.6,92.2543,92.2546,92.3450,-0.0907,-0.0904,0.0003
7143,1002.9,338.9,92.2486,92.2489,92.3383,-0.0897,-0.0894,0.0003
7144,997.9,358.8,92.2430,92.2433,92.3320,-0.0891,-0.0888,0.0003
7145,999.5,372.2,92.2373,92.2376,92.3257,-0.0884,-0.0880,0.0003
7146,998.4,338.2,92.2316,92.2319,92.3193,-0.0877,-0.0874,0.0003
7147,999.7,342.1,92.2260,92.2263,92.3126,-0.0867,-0.0864,0.0003
7148,1001.5,317.7,92.2203,92.2206,92.3066,-0.0863,-0.0860,0.0003
7149,998.0,312.4,92.2146,92.2149,92.3008,-0.0862,-0.0859,0.0003
7150,1005.8,316.0,92.2089,92.2092,92.2953,-0.0864,-0.0861,0.0003
7151,998.7,331.4,92.2032,92.2035,92.2894,-0.0861,-0.0858,0.0003
7152,1003.1,302.4,92.1975,92.1978,92.2840,-0.0864,-0.0861,0.0003
7153,996.1,296.1,92.1918,92.1921,92.2786,-0.0867,-0.0864,0.0003
7154,1001.0,334.6,92.1861,92.1864,92.2732,-0.0871,-0.0868,0.0003
7155,998.5,325.3,92.1804,92.1807,92.2678,-0.0873,-0.0870,0.0003
7156,999.7,329.1,92.1747,92.1750,92.2628,-0.0881,-0.0878,0.0003
7157,998.9,318.3,92.1690,92.1693,92.2581,-0.0891,-0.0888,0.0003
7158,1000.1,299.8,92.1633,92.1636,92.2534,-0.0901,-0.0898,0.0003
7159,999.7,328.4,92.1576,92.1579,92.2483,-0.0906,-0.0904,0.0003
7160,1001.3,315.5,92.1519,92.1522,92.2434,-0.0915,-0.0912,0.0003
7161,998.0,308.5,92.1462,92.1465,92.2384,-0.0923,-0.0920,0.0003
7162,999.5,313.9,92.1405,92.1407,92.2336,-0.0931,-0.0929,0.0003
7163,1001.6,326.7,92.1347,92.1350,92.2285,-0.0937,-0.0935,0.0003
7164,1001.4,330.3,92.1290,92.1293,92.2237,-0.0947,-0.0944,0.0003
7165,999.6,332.9,92.1233,92.1235,92.2188,-0.0956,-0.0953,0.0003
7166,1000.9,342.6,92.1175,92.1178,92.2139,-0.0963,-0.0961,0.0003
7167,998.9,325.4,92.1118,92.1121,92.2083,-0.0965,-0.0962,0.0003
7168,1001.1,324.0,92.1060,92.1063,92.2029,-0.0969,-0.0966,0.0003
7169,998.5,349.1,92.1003,92.1006,92.1977,-0.0974,-0.0971,0.0003
7170,1007.8,352.2,92.0945,92.0948,92.1924,-0.0978,-0.0976,0.0003
7171,994.0,369.6,92.0888,92.0891,92.1867,-0.0979,-0.0976,0.0003
7172,999.8,356.0,92.0830,92.0833,92.1812,-0.0981,-0.0979,0.0003
7173,1001.4,335.0,92.0773,92.0775,92.1755,-0.0983,-0.0980,0.0003
7174,998.8,347.0,92.0715,92.0718,92.1699,-0.0984,-0.0981,0.0003
7175,998.5,326.8,92.0658,92.0660,92.1641,-0.0983,-0.0981,0.0003
7176,999.4,340.8,92.0600,92.0602,92.1577,-0.0977,-0.0975,0.0003
7177,999.4,339.2,92.0542,92.0545,92.1517,-0.0975,-0.0973,0.0003
7178,1000.3,334.6,92.0484,92.0487,92.1457,-0.0973,-0.0970,0.0003
7179,997.6,335.4,92.0427,92.0429,92.1396,-0.0970,-0.0967,0.0003
7180,1002.5,330.0,92.0369,92.0371,92.1332,-0.0963,-0.0961,0.0003
7181,1000.1,347.1,92.0311,92.0314,92.1274,-0.0963,-0.0960,0.0002
7182,999.7,344.0,92.0253,92.0256,92.1214,-0.0961,-0.0959,0.0002
7183,998.9,349.2,92.0195,92.0198,92.1148,-0.0952,-0.0950,0.0002
7184,1000.8,346.4,92.0137,92.0140,92.1084,-0.0947,-0.0944,0.0002
7185,1001.8,341.5,92.0079,92.0082,92.1021,-0.0942,-0.0939,0.0002
7186,1000.4,360.6,92.0021,92.0024,92.0960,-0.0938,-0.0936,0.0002
7187,1003.3,348.4,91.9963,91.9966,92.0894,-0.0930,-0.0928,0.0002
7188,997.0,323.3,91.9905,91.9908,92.0832,-0.0926,-0.0924,0.0002
7189,989.7,368.8,91.9847,91.9850,92.0769,-0.0922,-0.0919,0.0002
7190,1008.8,358.8,91.9789,91.9791,92.0704,-0.0915,-0.0913,0.0002
7191,1000.8,378.3,91.9731,91.9733,92.0634,-0.0903,-0.0900,0.0002
7192,998.7,387.5,91.9673,91.9675,92.0569,-0.0897,-0.0894,0.0002
7193,1000.0,345.4,91.9615,91.9617,92.0506,-0.0891,-0.0889,0.0002
7194,1002.0,350.6,91.9556,91.9559,92.0442,-0.0886,-0.0884,0.0002
7195,997.7,337.2,91.9498,91.9500,92.0376,-0.0878,-0.0875,0.0002
7196,1001.6,378.5,91.9440,91.9442,92.0314,-0.0874,-0.0872,0.0002
7197,998.2,337.5,91.9382,91.9384,92.0252,-0.0871,-0.0868,0.0002
7198,1001.5,345.7,91.9323,91.9325,92.0193,-0.0870,-0.0867,0.0002
7199,998.8,350.4,91.9265,91.9267,92.0132,-0.0867,-0.0865,0.0002
7200,999.7,341.6,91.9206,91.9209,92.0077,-0.0871,-0.0869,0.0002
7201,999.8,317.7,91.9148,91.9150,92.0024,-0.0876,-0.0874,0.0002
7202,1004.1,309.3,91.9090,91.9092,91.9971,-0.0881,-0.0879,0.0002
7203,1004.4,307.0,91.9031,91.9033,91.9913,-0.0882,-0.0880,0.0002
7204,998.1,351.2,91.8972,91.8975,91.9859,-0.0886,-0.0884,0.0002
7205,998.3,318.7,91.8914,91.8916,91.9804,-0.0890,-0.0888,0.0002
7206,992.1,328.2,91.8855,91.8857,91.9750,-0.0894,-0.0892,0.0002
7207,1002.5,338.8,91.8797,91.8799,91.9691,-0.0895,-0.0892,0.0002
7208,1029.4,344.3,91.8738,91.8740,91.9637,-0.0899,-0.0897,0.0002
7209,970.9,350.4,91.8679,91.8682,91.9583,-0.0904,-0.0902,0.0002
7210,1000.8,358.6,91.8621,91.8623,91.9528,-0.0908,-0.0906,0.0002
7211,1001.1,325.8,91.8562,91.8564,91.9468,-0.0906,-0.0904,0.0002
7212,1001.8,359.7,91.8503,91.8505,91.9411,-0.0908,-0.0906,0.0002
7213,999.0,345.6,91.8445,91.8447,91.9356,-0.0911,-0.0909,0.0002
7214,1007.1,354.8,91.8386,91.8388,91.9301,-0.0915,-0.0913,0.0002
7215,990.6,355.2,91.8327,91.8329,91.9243,-0.0916,-0.0914,0.0002
7216,999.7,359.2,91.8268,91.8270,91.9190,-0.0922,-0.0920,0.0002
7217,1000.7,340.5,91.8209,91.8211,91.9135,-0.0926,-0.0924,0.0002
7218,1000.8,331.9,91.8150,91.8152,91.9080,-0.0930,-0.0928,0.0002
7219,1003.7,340.3,91.8091,91.8093,91.9021,-0.0930,-0.0928,0.0002
7220,996.0,367.8,91.8032,91.8034,91.8967,-0.0935,-0.0933,0.0002
7221,998.9,361.4,91.7973,91.7975,91.8915,-0.0942,-0.0940,0.0002
7222,999.7,369.1,91.7914,91.7916,91.8863,-0.0949,-0.0947,0.0002
7223,1000.7,332.4,91.7855,91.7857,91.8807,-0.0951,-0.0950,0.0002
7224,1006.9,369.5,91.7796,91.7798,91.8752,-0.0956,-0.0954,0.0002
7225,993.0,339.3,91.7737,91.7739,91.8697,-0.0960,-0.0958,0.0002
7226,998.8,354.2,91.7678,91.7680,91.8639,-0.0961,-0.0960,0.0002
7227,1007.7,346.4,91.7619,91.7621,91.8577,-0.0958,-0.0956,0.0002
7228,988.4,316.3,91.7560,91.7561,91.8518,-0.0958,-0.0956,0.0002
7229,1012.1,325.0,91.7500,91.7502,91.8458,-0.0958,-0.0956,0.0002
7230,999.8,351.6,91.7441,91.7443,91.8400,-0.0959,-0.0957,0.0002
7231,993.1,386.9,91.7382,91.7384,91.8338,-0.0956,-0.0954,0.0002
7232,1000.0,350.2,91.7323,91.7324,91.8279,-0.0956,-0.0954,0.0002
7233,1000.9,369.9,91.7263,91.7265,91.8216,-0.0953,-0.0951,0.0002
7234,999.3,352.2,91.7204,91.7206,91.8154,-0.0950,-0.0948,0.0002
7235,999.9,315.2,91.7145,91.7146,91.8086,-0.0941,-0.0939,0.0002
7236,1007.6,368.0,91.7085,91.7087,91.8024,-0.0939,-0.0937,0.0002
7237,992.2,326.9,91.7026,91.7027,91.7963,-0.0937,-0.0935,0.0002
7238,1006.6,339.8,91.6966,91.6968,91.7902,-0.0936,-0.0934,0.0002
7239,993.9,349.0,91.6907,91.6909,91.7837,-0.0930,-0.0928,0.0002
7240,999.8,338.4,91.6847,91.6849,91.7776,-0.0929,-0.0927,0.0002
7241,1000.9,333.0,91.6788,91.6789,91.7716,-0.0928,-0.0927,0.0002
7242,1006.1,352.4,91.6728,91.6730,91.7655,-0.0927,-0.0926,0.0002
7243,996.6,315.2,91.6669,91.6670,91.7591,-0.0922,-0.0920,0.0002
7244,1005.6,352.1,91.6609,91.6611,91.7532,-0.0923,-0.0922,0.0002
7245,998.0,402.2,91.6549,91.6551,91.7476,-0.0926,-0.0925,0.0002
7246,996.0,365.3,91.6490,91.6491,91.7418,-0.0929,-0.0927,0.0002
7247,997.0,358.9,91.6430,91.6432,91.7355,-0.0925,-0.0923,0.0002
7248,1007.6,392.7,91.6370,91.6372,91.7296,-0.0926,-0.0924,0.0002
7249,988.4,365.0,91.6311,91.6312,91.7236,-0.0926,-0.0924,0.0002
7250,1007.1,359.7,91.6251,91.6253,91.7177,-0.0926,-0.0924,0.0002
7251,997.6,404.3,91.6191,91.6193,91.7114,-0.0923,-0.0921,0.0002
7252,999.5,370.0,91.6131,91.6133,91.7059,-0.0927,-0.0926,0.0002
7253,999.9,349.9,91.6072,91.6073,91.7001,-0.0930,-0.0928,0.0001
7254,1002.4,349.4,91.6012,91.6013,91.6944,-0.0932,-0.0930,0.0001
7255,996.8,358.2,91.5952,91.5953,91.6882,-0.0930,-0.0928,0.0001
7256,1001.1,354.0,91.5892,91.5894,91.6822,-0.0930,-0.0929,0.0001
7257,1000.2,342.8,91.5832,91.5834,91.6764,-0.0932,-0.0930,0.0001
7258,1003.3,351.0,91.5772,91.5774,91.6707,-0.0935,-0.0934,0.0001
7259,996.3,359.6,91.5712,91.5714,91.6647,-0.0934,-0.0933,0.0001
7260,1002.4,337.2,91.5652,91.5654,91.6589,-0.0937,-0.0936,0.0001
7261,1000.9,363.1,91.5592,91.5594,91.6532,-0.0940,-0.0938,0.0001
7262,996.6,341.6,91.5532,91.5534,91.6475,-0.0943,-0.0942,0.0001
7263,1001.8,355.0,91.5472,91.5474,91.6416,-0.0944,-0.0943,0.0001
7264,998.7,353.2,91.5412,91.5413,91.6363,-0.0951,-0.0950,0.0001
7265,1001.1,357.7,91.5352,91.5353,91.6312,-0.0960,-0.0959,0.0001
7266,999.2,369.5,91.5292,91.5293,91.6261,-0.0969,-0.0968,0.0001
7267,998.7,348.7,91.5232,91.5233,91.6205,-0.0973,-0.0972,0.0001
7268,1000.5,356.8,91.5172,91.5173,91.6152,-0.0980,-0.0979,0.0001
7269,1000.2,350.5,91.5111,91.5113,91.6096,-0.0984,-0.0983,0.0001
7270,1002.0,360.9,91.5051,91.5052,91.6039,-0.0988,-0.0986,0.0001
7271,999.4,375.5,91.4991,91.4992,91.5978,-0.0987,-0.0986,0.0001
7272,999.9,352.2,91.4931,91.4932,91.5921,-0.0990,-0.0989,0.0001
7273,998.4,328.9,91.4870,91.4872,91.5864,-0.0994,-0.0993,0.0001
7274,1007.1,365.8,91.4810,91.4811,91.5808,-0.0998,-0.0997,0.0001
7275,994.8,339.7,91.4750,91.4751,91.5749,-0.1000,-0.0998,0.0001
7276,996.7,317.7,91.4689,91.4691,91.5684,-0.0995,-0.0993,0.0001
7277,1004.1,316.0,91.4629,91.4630,91.5620,-0.0991,-0.0990,0.0001
7278,999.1,310.8,91.4569,91.4570,91.5554,-0.0985,-0.0984,0.0001
7279,1000.8,304.9,91.4508,91.4509,91.5488,-0.0980,-0.0978,0.0001
7280,994.9,303.2,91.4448,91.4449,91.5425,-0.0977,-0.0976,0.0001
7281,1004.9,345.0,91.4387,91.4388,91.5358,-0.0970,-0.0969,0.0001
7282,999.2,306.5,91.4327,91.4328,91.5285,-0.0958,-0.0957,0.0001
7283,1001.7,315.1,91.4266,91.4267,91.5231,-0.0965,-0.0964,0.0001
7284,1000.0,321.3,91.4206,91.4207,91.5153,-0.0947,-0.0946,0.0001
7285,1000.0,300.8,91.4145,91.4146,91.5090,-0.0945,-0.0944,0.0001
7286,1026.3,333.8,91.4085,91.4086,91.5039,-0.0954,-0.0953,0.0001
7287,973.7,318.7,91.4024,91.4025,91.4969,-0.0945,-0.0944,0.0001
7288,999.6,330.8,91.3964,91.3965,91.4906,-0.0943,-0.0942,0.0001
7289,996.7,324.5,91.3903,91.3904,91.4848,-0.0946,-0.0944,0.0001
7290,999.4,308.1,91.3842,91.3843,91.4789,-0.0947,-0.0946,0.0001
7291,1027.4,338.5,91.3782,91.3783,91.4727,-0.0946,-0.0945,0.0001
7292,975.4,334.2,91.3721,91.3722,91.4665,-0.0944,-0.0943,0.0001
7293,1000.1,332.8,91.3660,91.3661,91.4597,-0.0936,-0.0935,0.0001
7294,999.7,332.5,91.3599,91.3601,91.4534,-0.0935,-0.0933,0.0001
7295,1000.9,367.7,91.3539,91.3540,91.4472,-0.0933,-0.0932,0.0001
7296,999.2,362.6,91.3478,91.3479,91.4409,-0.0931,-0.0930,0.0001
7297,999.4,320.7,91.3417,91.3418,91.4340,-0.0923,-0.0922,0.0001
7298,1002.6,348.3,91.3356,91.3357,91.4275,-0.0919,-0.0918,0.0001
7299,999.3,332.4,91.3296,91.3297,91.4212,-0.0916,-0.0915,0.0001
7300,997.0,311.2,91.3235,91.3236,91.4145,-0.0911,-0.0910,0.0001
7301,1002.9,352.2,91.3174,91.3175,91.4145,-0.0972,-0.0971,0.0001
7302,1002.1,345.7,91.3113,91.3114,91.4085,-0.0972,-0.0971,0.0001
7303,996.6,304.5,91.3052,91.3053,91.4024,-0.0972,-0.0971,0.0001
7304,1005.1,351.3,91.2991,91.2992,91.3962,-0.0971,-0.0970,0.0001
7305,996.0,314.6,91.2930,91.2931,91.3897,-0.0967,-0.0966,0.0001
7306,999.7,309.1,91.2869,91.2870,91.3828,-0.0959,-0.0958,0.0001
7307,1000.8,329.5,91.2808,91.2809,91.3766,-0.0958,-0.0957,0.0001
7308,1001.5,336.5,91.2747,91.2748,91.3707,-0.0960,-0.0959,0.0001
7309,994.8,315.2,91.2686,91.2687,91.3651,-0.0965,-0.0964,0.0001
7310,999.8,327.6,91.2625,91.2626,91.3590,-0.0965,-0.0964,0.0001
7311,1001.9,318.8,91.2564,91.2565,91.3533,-0.0969,-0.0968,0.0001
7312,999.3,302.8,91.2503,91.2504,91.3474,-0.0971,-0.0970,0.0001
7313,1027.5,344.7,91.2442,91.2443,91.3413,-0.0971,-0.0970,0.0001
7314,974.5,336.0,91.2381,91.2382,91.3350,-0.0969,-0.0969,0.0001
7315,998.6,312.4,91.2320,91.2320,91.3293,-0.0974,-0.0973,0.0001
7316,1003.8,357.5,91.2258,91.2259,91.3237,-0.0979,-0.0978,0.0001
7317,996.0,348.5,91.2197,91.2198,91.3181,-0.0983,-0.0982,0.0001
7318,999.9,306.4,91.2136,91.2137,91.3123,-0.0987,-0.0986,0.0001
7319,1002.6,336.5,91.2075,91.2076,91.3060,-0.0985,-0.0984,0.0001
7320,995.9,353.3,91.2014,91.2015,91.3002,-0.0988,-0.0987,0.0001
7321,1002.7,355.5,91.1952,91.1953,91.2943,-0.0990,-0.0990,0.0001
7322,999.7,349.1,91.1891,91.1892,91.2879,-0.0987,-0.0987,0.0001
7323,1001.1,324.1,91.1830,91.1831,91.2819,-0.0989,-0.0988,0.0001
7324,1005.2,317.6,91.1769,91.1769,91.2760,-0.0992,-0.0991,0.0001
7325,996.1,316.8,91.1707,91.1708,91.2696,-0.0989,-0.0988,0.0001
7326,999.9,321.8,91.1646,91.1647,91.2636,-0.0990,-0.0989,0.0001
7327,998.1,300.2,91.1585,91.1585,91.2574,-0.0990,-0.0989,0.0001
7328,999.2,311.9,91.1523,91.1524,91.2515,-0.0992,-0.0991,0.0001
7329,1003.6,314.7,91.1462,91.1463,91.2452,-0.0990,-0.0990,0.0001
7330,997.8,301.6,91.1401,91.1401,91.2394,-0.0994,-0.0993,0.0001
7331,1026.3,333.2,91.1339,91.1340,91.2337,-0.0998,-0.0997,0.0001
7332,974.5,318.8,91.1278,91.1278,91.2279,-0.1001,-0.1001,0.0001
7333,999.0,316.6,91.1216,91.1217,91.2216,-0.1000,-0.0999,0.0001
7334,1003.5,342.0,91.1155,91.1155,91.2156,-0.1002,-0.1001,0.0001
7335,995.0,324.3,91.1093,91.1094,91.2095,-0.1002,-0.1001,0.0001
7336,1002.7,312.1,91.1032,91.1032,91.2035,-0.1004,-0.1003,0.0001
7337,1001.4,333.1,91.0970,91.0971,91.1971,-0.1000,-0.1000,0.0001
7338,996.7,326.2,91.0909,91.0909,91.1910,-0.1001,-0.1001,0.0001
7339,1005.0,331.7,91.0847,91.0848,91.1849,-0.1002,-0.1001,0.0001
7340,994.1,325.8,91.0786,91.0786,91.1786,-0.1001,-0.1000,0.0001
7341,999.8,317.6,91.0724,91.0725,91.1718,-0.0994,-0.0993,0.0001
7342,1006.5,325.1,91.0663,91.0663,91.1653,-0.0991,-0.0990,0.0001
7343,999.8,342.4,91.0601,91.0602,91.1588,-0.0988,-0.0987,0.0001
7344,994.0,345.4,91.0539,91.0540,91.1523,-0.0984,-0.0983,0.0001
7345,1014.6,413.6,91.0478,91.0478,91.1454,-0.0976,-0.0976,0.0001
7346,1004.2,375.9,91.0416,91.0417,91.1387,-0.0971,-0.0970,0.0001
7347,979.3,328.0,91.0354,91.0355,91.1320,-0.0966,-0.0965,0.0001
7348,1002.8,398.9,91.0293,91.0293,91.1255,-0.0962,-0.0962,0.0001
7349,996.9,389.2,91.0231,91.0232,91.1186,-0.0955,-0.0955,0.0001
7350,1001.2,344.2,91.0169,91.0170,91.1125,-0.0955,-0.0955,0.0001
7351,1000.5,372.2,91.0108,91.0108,91.1065,-0.0957,-0.0957,0.0001
7352,1000.1,341.1,91.0046,91.0046,91.1005,-0.0959,-0.0959,0.0001
7353,999.6,366.2,90.9984,90.9985,91.0940,-0.0956,-0.0956,0.0001
7354,1001.1,376.7,90.9922,90.9923,91.0879,-0.0957,-0.0957,0.0001
7355,998.4,350.0,90.9860,90.9861,91.0817,-0.0956,-0.0956,0.0001
7356,1000.2,359.5,90.9799,90.9799,91.0755,-0.0956,-0.0955,0.0001
7357,1000.1,372.4,90.9737,90.9737,91.0688,-0.0951,-0.0951,0.0001
7358,999.1,397.3,90.9675,90.9676,91.0626,-0.0951,-0.0951,0.0000
7359,999.8,339.2,90.9613,90.9614,91.0566,-0.0953,-0.0952,0.0000
7360,1000.5,390.3,90.9551,90.9552,91.0505,-0.0954,-0.0954,0.0000
7361,997.9,349.9,90.9489,90.9490,91.0438,-0.0949,-0.0948,0.0000
7362,1011.9,335.1,90.9428,90.9428,91.0375,-0.0948,-0.0947,0.0000
7363,992.7,355.0,90.9366,90.9366,91.0313,-0.0947,-0.0947,0.0000
7364,998.8,355.4,90.9304,90.9304,91.0253,-0.0949,-0.0948,0.0000
7365,999.3,345.0,90.9242,90.9242,91.0190,-0.0948,-0.0948,0.0000
7366,1002.1,361.1,90.9180,90.9180,91.0132,-0.0952,-0.0951,0.0000
7367,999.8,327.0,90.9118,90.9118,91.0074,-0.0956,-0.0955,0.0000
7368,1001.1,314.9,90.9056,90.9056,91.0015,-0.0959,-0.0959,0.0000
7369,999.9,374.6,90.8994,90.8994,90.9952,-0.0958,-0.0957,0.0000
7370,997.1,358.7,90.8932,90.8932,90.9893,-0.0961,-0.0960,0.0000
7371,999.9,371.3,90.8870,90.8870,90.9837,-0.0967,-0.0966,0.0000
7372,1000.4,341.2,90.8808,90.8808,90.9781,-0.0972,-0.0972,0.0000
7373,1002.9,356.5,90.8746,90.8746,90.9722,-0.0976,-0.0975,0.0000
7374,996.6,366.0,90.8684,90.8684,90.9667,-0.0983,-0.0982,0.0000
7375,1000.3,354.5,90.8622,90.8622,90.9609,-0.0987,-0.0987,0.0000
7376,1002.8,336.0,90.8560,90.8560,90.9549,-0.0989,-0.0989,0.0000
7377,999.0,322.2,90.8498,90.8498,90.9484,-0.0986,-0.0986,0.0000
7378,1000.5,360.7,90.8436,90.8436,90.9424,-0.0988,-0.0987,0.0000
7379,997.8,376.5,90.8374,90.8374,90.9361,-0.0988,-0.0987,0.0000
7380,1000.1,347.6,90.8311,90.8312,90.9300,-0.0989,-0.0989,0.0000
7381,1001.8,363.8,90.8249,90.8250,90.9234,-0.0985,-0.0985,0.0000
7382,996.4,357.8,90.8187,90.8188,90.9172,-0.0984,-0.0984,0.0000
7383,1003.1,334.4,90.8125,90.8125,90.9107,-0.0982,-0.0982,0.0000
7384,1000.0,374.8,90.8063,90.8063,90.9043,-0.0980,-0.0979,0.0000
7385,997.7,350.9,90.8001,90.8001,90.8973,-0.0973,-0.0972,0.0000
7386,1002.3,325.6,90.7939,90.7939,90.8911,-0.0972,-0.0972,0.0000
7387,1012.9,377.4,90.7876,90.7877,90.8848,-0.0972,-0.0971,0.0000
7388,991.1,343.6,90.7814,90.7814,90.8784,-0.0970,-0.0970,0.0000
7389,999.2,324.3,90.7752,90.7752,90.8719,-0.0967,-0.0967,0.0000
7390,1007.3,333.5,90.7690,90.7690,90.8647,-0.0957,-0.0957,0.0000
7391,989.5,320.4,90.7627,90.7628,90.8580,-0.0952,-0.0952,0.0000
7392,997.5,333.3,90.7565,90.7565,90.8516,-0.0951,-0.0951,0.0000
7393,1000.5,342.9,90.7503,90.7503,90.8453,-0.0950,-0.0950,0.0000
7394,1001.0,399.3,90.7441,90.7441,90.8387,-0.0946,-0.0946,0.0000
7395,998.7,390.9,90.7378,90.7379,90.8324,-0.0946,-0.0945,0.0000
7396,999.6,392.3,90.7316,90.7316,90.8261,-0.0945,-0.0945,0.0000
7397,999.9,375.9,90.7254,90.7254,90.8197,-0.0943,-0.0943,0.0000
7398,1001.3,369.8,90.7191,90.7192,90.8127,-0.0935,-0.0935,0.0000
7399,1000.3,367.4,90.7129,90.7129,90.8063,-0.0934,-0.0934,0.0000
7400,1000.1,362.9,90.7067,90.7067,90.8001,-0.0934,-0.0934,0.0000
7401,999.9,315.3,90.7004,90.7005,90.7940,-0.0935,-0.0935,0.0000
7402,999.5,379.0,90.6942,90.6942,90.7873,-0.0931,-0.0930,0.0000
7403,999.9,353.0,90.6880,90.6880,90.7810,-0.0930,-0.0930,0.0000
7404,1003.4,347.4,90.6817,90.6818,90.7747,-0.0930,-0.0930,0.0000
7405,997.4,333.9,90.6755,90.6755,90.7685,-0.0930,-0.0930,0.0000
7406,1001.6,363.4,90.6693,90.6693,90.7619,-0.0927,-0.0927,0.0000
7407,998.7,388.0,90.6630,90.6630,90.7562,-0.0931,-0.0931,0.0000
7408,999.4,373.7,90.6568,90.6568,90.7505,-0.0937,-0.0937,0.0000
7409,998.8,344.1,90.6505,90.6506,90.7447,-0.0941,-0.0941,0.0000
7410,1000.7,372.1,90.6443,90.6443,90.7389,-0.0946,-0.0946,0.0000
7411,1000.8,348.7,90.6381,90.6381,90.7329,-0.0948,-0.0948,0.0000
7412,1001.3,354.7,90.6318,90.6318,90.7274,-0.0956,-0.0955,0.0000
7413,999.1,363.4,90.6256,90.6256,90.7221,-0.0965,-0.0965,0.0000
7414,998.6,356.1,90.6193,90.6193,90.7170,-0.0977,-0.0976,0.0000
7415,1000.1,342.0,90.6131,90.6131,90.7117,-0.0986,-0.0986,0.0000
7416,999.8,349.3,90.6068,90.6068,90.7067,-0.0999,-0.0999,0.0000
7417,1001.4,350.3,90.6006,90.6006,90.7016,-0.1010,-0.1010,0.0000
7418,998.4,363.0,90.5943,90.5943,90.6963,-0.1020,-0.1020,0.0000
7419,1003.1,311.8,90.5881,90.5881,90.6906,-0.1025,-0.1025,0.0000
7420,997.6,395.2,90.5818,90.5818,90.6851,-0.1033,-0.1032,0.0000
7421,1001.2,361.3,90.5756,90.5756,90.6795,-0.1040,-0.1039,0.0000
7422,998.8,401.0,90.5693,90.5693,90.6739,-0.1045,-0.1045,0.0000
7423,1001.4,387.2,90.5631,90.5631,90.6677,-0.1046,-0.1046,0.0000
7424,997.6,366.4,90.5568,90.5568,90.6619,-0.1051,-0.1050,0.0000
7425,1001.6,336.5,90.5506,90.5506,90.6559,-0.1053,-0.1053,0.0000
7426,997.9,385.8,90.5443,90.5443,90.6497,-0.1054,-0.1054,0.0000
7427,1000.7,374.4,90.5380,90.5381,90.6429,-0.1049,-0.1048,0.0000
7428,1000.8,379.3,90.5318,90.5318,90.6364,-0.1046,-0.1046,0.0000
7429,1000.7,386.8,90.5255,90.5255,90.6298,-0.1042,-0.1042,0.0000
7430,998.2,331.6,90.5193,90.5193,90.6233,-0.1040,-0.1040,0.0000
7431,1002.1,342.3,90.5130,90.5130,90.6162,-0.1032,-0.1032,0.0000
7432,1001.6,363.7,90.5068,90.5068,90.6096,-0.1028,-0.1028,0.0000
7433,998.0,357.1,90.5005,90.5005,90.6029,-0.1024,-0.1024,0.0000
7434,998.7,397.0,90.4942,90.4942,90.5961,-0.1019,-0.1019,0.0000
7435,1001.3,348.7,90.4880,90.4880,90.5889,-0.1010,-0.1010,0.0000
7436,999.9,382.6,90.4817,90.4817,90.5823,-0.1006,-0.1006,0.0000
7437,1000.3,382.5,90.4754,90.4755,90.5760,-0.1005,-0.1005,0.0000
7438,998.2,375.9,90.4692,90.4692,90.5696,-0.1004,-0.1004,0.0000
7439,1001.7,378.0,90.4629,90.4629,90.5625,-0.0996,-0.0996,0.0000
7440,1001.1,314.0,90.4567,90.4567,90.5557,-0.0990,-0.0990,0.0000
7441,1001.8,345.5,90.4504,90.4504,90.5487,-0.0983,-0.0983,0.0000
7442,996.7,356.3,90.4441,90.4441,90.5418,-0.0977,-0.0977,0.0000
7443,1000.0,365.9,90.4379,90.4379,90.5351,-0.0973,-0.0973,0.0000
7444,999.9,371.0,90.4316,90.4316,90.5279,-0.0963,-0.0963,0.0000
7445,1002.1,358.2,90.4253,90.4253,90.5210,-0.0956,-0.0956,0.0000
7446,997.5,395.8,90.4190,90.4191,90.5140,-0.0949,-0.0949,0.0000
7447,999.3,339.2,90.4128,90.4128,90.5065,-0.0937,-0.0937,0.0000
7448,1000.2,316.9,90.4065,90.4065,90.4996,-0.0931,-0.0931,0.0000
7449,1000.8,390.3,90.4002,90.4002,90.4930,-0.0927,-0.0927,0.0000
7450,998.1,356.5,90.3940,90.3940,90.4865,-0.0925,-0.0925,0.0000
7451,1002.5,336.3,90.3877,90.3877,90.4796,-0.0919,-0.0919,0.0000
7452,1001.5,387.4,90.3814,90.3814,90.4733,-0.0918,-0.0918,0.0000
7453,998.2,380.5,90.3752,90.3752,90.4669,-0.0917,-0.0917,0.0000
7454,998.2,345.3,90.3689,90.3689,90.4606,-0.0917,-0.0917,0.0000
7455,1001.3,369.2,90.3626,90.3626,90.4533,-0.0907,-0.0907,0.0000
7456,1000.6,387.3,90.3563,90.3563,90.4477,-0.0914,-0.0914,0.0000
7457,998.3,372.6,90.3501,90.3501,90.4423,-0.0922,-0.0922,0.0000
7458,999.9,384.9,90.3438,90.3438,90.4366,-0.0929,-0.0929,0.0000
7459,1002.2,372.0,90.3375,90.3375,90.4305,-0.0930,-0.0930,0.0000
7460,999.7,403.7,90.3312,90.3312,90.4249,-0.0936,-0.0936,0.0000
7461,999.8,333.0,90.3250,90.3250,90.4193,-0.0943,-0.0943,0.0000
7462,1001.0,333.9,90.3187,90.3187,90.4137,-0.0950,-0.0950,0.0000
7463,998.6,340.6,90.3124,90.3124,90.4076,-0.0952,-0.0952,0.0000
7464,1000.0,365.9,90.3061,90.3061,90.4020,-0.0959,-0.0959,0.0000
7465,1000.2,351.2,90.2999,90.2999,90.3965,-0.0966,-0.0966,0.0000
7466,1004.2,312.9,90.2936,90.2936,90.3909,-0.0973,-0.0973,0.0000
7467,994.7,388.0,90.2873,90.2873,90.3846,-0.0973,-0.0973,0.0000
7468,1003.0,338.6,90.2810,90.2810,90.3787,-0.0977,-0.0977,0.0000
7469,997.0,394.2,90.2747,90.2747,90.3728,-0.0981,-0.0981,0.0000
7470,998.4,390.2,90.2685,90.2685,90.3669,-0.0984,-0.0984,0.0000
7471,1002.2,356.4,90.2622,90.2622,90.3605,-0.0983,-0.0983,0.0000
7472,1000.3,330.8,90.2559,90.2559,90.3545,-0.0986,-0.0986,0.0000
7473,1002.0,376.7,90.2496,90.2496,90.3545,-0.1049,-0.1049,0.0000
7474,996.8,372.5,90.2434,90.2434,90.3483,-0.1050,-0.1050,0.0000
7475,1001.9,385.5,90.2371,90.2371,90.3420,-0.1049,-0.1049,0.0000
7476,999.7,350.1,90.2308,90.2308,90.3350,-0.1043,-0.1043,0.0000
7477,1000.5,381.5,90.2245,90.2245,90.3286,-0.1040,-0.1040,0.0000
7478,998.5,317.5,90.2182,90.2182,90.3220,-0.1037,-0.1037,0.0000
7479,1001.1,379.7,90.2119,90.2119,90.3155,-0.1035,-0.1035,0.0000
7480,999.9,344.8,90.2057,90.2057,90.3086,-0.1029,-0.1029,0.0000
7481,1001.2,364.4,90.1994,90.1994,90.3020,-0.1026,-0.1026,0.0000
7482,996.9,373.0,90.1931,90.1931,90.2953,-0.1022,-0.1022,0.0000
7483,1006.0,323.8,90.1868,90.1868,90.2883,-0.1015,-0.1015,0.0000
7484,997.1,362.2,90.1805,90.1805,90.2811,-0.1005,-0.1005,0.0000
7485,1000.7,364.8,90.1743,90.1743,90.2744,-0.1001,-0.1001,0.0000
7486,998.1,344.8,90.1680,90.1680,90.2678,-0.0998,-0.0998,0.0000
7487,1002.3,343.2,90.1617,90.1617,90.2611,-0.0994,-0.0994,0.0000
7488,1000.9,378.8,90.1554,90.1554,90.2538,-0.0984,-0.0984,0.0000
7489,995.3,382.8,90.1491,90.1491,90.2469,-0.0977,-0.0977,0.0000
7490,998.6,380.5,90.1428,90.1428,90.2398,-0.0969,-0.0969,0.0000
7491,1001.6,360.8,90.1366,90.1366,90.2329,-0.0963,-0.0963,0.0000
7492,1000.9,334.2,90.1303,90.1303,90.2257,-0.0954,-0.0954,0.0000
7493,1000.7,359.1,90.1240,90.1240,90.2191,-0.0951,-0.0951,0.0000
7494,998.0,368.5,90.1177,90.1177,90.2124,-0.0946,-0.0946,0.0000
7495,1001.1,395.5,90.1114,90.1114,90.2058,-0.0943,-0.0943,0.0000
7496,1001.3,423.8,90.1051,90.1051,90.1988,-0.0937,-0.0937,0.0000
7497,998.6,365.7,90.0989,90.0989,90.1926,-0.0937,-0.0937,0.0000
7498,999.3,383.1,90.0926,90.0926,90.1867,-0.0941,-0.0941,0.0000
7499,1001.4,385.4,90.0863,90.0863,90.1806,-0.0943,-0.0943,0.0000
7500,1000.5,377.4,90.0800,90.0800,90.1752,-0.0952,-0.0952,0.0000
7501,999.6,351.8,90.0737,90.0737,90.1696,-0.0958,-0.0958,0.0000
7502,998.3,344.8,90.0675,90.0675,90.1638,-0.0963,-0.0963,0.0000
7503,1002.8,370.3,90.0612,90.0612,90.1575,-0.0963,-0.0963,0.0000
7504,999.2,314.6,90.0549,90.0549,90.1516,-0.0967,-0.0967,0.0000
7505,1001.5,366.5,90.0486,90.0486,90.1457,-0.0971,-0.0971,0.0000
7506,1001.3,368.7,90.0423,90.0423,90.1399,-0.0976,-0.0976,0.0000
7507,998.3,325.9,90.0360,90.0360,90.1336,-0.0976,-0.0976,0.0000
7508,998.1,392.6,90.0298,90.0298,90.1278,-0.0980,-0.0980,0.0000
7509,999.0,397.2,90.0235,90.0235,90.1218,-0.0983,-0.0983,0.0000
7510,999.9,381.4,90.0172,90.0172,90.1158,-0.0986,-0.0986,0.0000
7511,998.4,364.1,90.0109,90.0109,90.1094,-0.0985,-0.0985,0.0000
7512,1002.1,342.2,90.0046,90.0046,90.1035,-0.0989,-0.0989,0.0000
7513,1001.1,338.1,89.9983,89.9983,90.0977,-0.0993,-0.0993,0.0000
7514,997.4,366.4,89.9921,89.9921,90.0919,-0.0998,-0.0998,0.0000
7515,1002.8,381.1,89.9858,89.9858,90.0855,-0.0997,-0.0997,0.0000
7516,1001.1,370.9,89.9795,89.9795,90.0795,-0.1000,-0.1000,0.0000
7517,998.1,373.6,89.9732,89.9732,90.0735,-0.1003,-0.1003,0.0000
7518,998.9,358.0,89.9669,89.9669,90.0676,-0.1007,-0.1007,0.0000
7519,1000.1,411.9,89.9606,89.9606,90.0615,-0.1008,-0.1008,0.0000
7520,1002.7,402.4,89.9544,89.9544,90.0558,-0.1015,-0.1014,0.0000
7521,998.5,410.3,89.9481,89.9481,90.0501,-0.1020,-0.1020,0.0000
7522,999.1,335.2,89.9418,89.9418,90.0442,-0.1023,-0.1023,0.0000
7523,1000.8,389.9,89.9355,89.9355,90.0375,-0.1020,-0.1020,0.0000
7524,1000.3,392.5,89.9292,89.9292,90.0310,-0.1018,-0.1018,0.0000
7525,999.6,319.8,89.9230,89.9230,90.0245,-0.1015,-0.1015,0.0000
7526,999.6,339.1,89.9167,89.9167,90.0180,-0.1013,-0.1013,0.0000
7527,1002.0,370.3,89.9104,89.9104,90.0109,-0.1005,-0.1005,0.0000
7528,999.9,322.6,89.9041,89.9041,90.0042,-0.1001,-0.1001,0.0000
7529,1001.1,373.7,89.8978,89.8978,89.9974,-0.0995,-0.0995,0.0000
7530,996.8,378.3,89.8916,89.8916,89.9905,-0.0989,-0.0989,0.0000
7531,999.8,376.3,89.8853,89.8853,89.9828,-0.0975,-0.0975,0.0000
7532,1000.0,339.6,89.8790,89.8790,89.9758,-0.0968,-0.0968,0.0000
7533,1002.9,325.0,89.8727,89.8727,89.9689,-0.0961,-0.0961,0.0000
7534,995.8,354.9,89.8665,89.8665,89.9621,-0.0956,-0.0956,0.0000
7535,1001.8,392.4,89.8602,89.8602,89.9548,-0.0946,-0.0946,0.0000
7536,1000.7,348.3,89.8539,89.8539,89.9479,-0.0940,-0.0940,0.0000
7537,1002.1,374.9,89.8476,89.8476,89.9411,-0.0935,-0.0935,0.0000
7538,996.4,336.2,89.8413,89.8414,89.9344,-0.0931,-0.0931,0.0000
7539,1003.6,382.9,89.8351,89.8351,89.9275,-0.0924,-0.0924,0.0000
7540,996.4,385.9,89.8288,89.8288,89.9212,-0.0924,-0.0924,0.0000
7541,1002.3,382.2,89.8225,89.8225,89.9150,-0.0924,-0.0924,0.0000
7542,998.1,329.2,89.8162,89.8163,89.9088,-0.0926,-0.0926,0.0000
7543,1002.5,344.8,89.8100,89.8100,89.9020,-0.0920,-0.0920,0.0000
7544,997.9,404.7,89.8037,89.8037,89.8956,-0.0919,-0.0919,0.0000
7545,1002.6,397.2,89.7974,89.7974,89.8894,-0.0920,-0.0920,0.0000
7546,997.4,407.9,89.7912,89.7912,89.8833,-0.0921,-0.0921,0.0000
7547,1000.2,374.6,89.7849,89.7849,89.8773,-0.0924,-0.0924,0.0000
7548,1001.8,350.6,89.7786,89.7786,89.8708,-0.0922,-0.0922,0.0000
7549,1003.2,429.4,89.7723,89.7723,89.8646,-0.0923,-0.0923,0.0000
7550,994.9,415.7,89.7661,89.7661,89.8583,-0.0922,-0.0922,0.0000
7551,999.5,353.4,89.7598,89.7598,89.8516,-0.0918,-0.0918,0.0000
7552,998.5,337.2,89.7535,89.7535,89.8456,-0.0921,-0.0921,0.0000
7553,1002.7,382.7,89.7473,89.7473,89.8398,-0.0925,-0.0925,0.0000
7554,997.1,384.3,89.7410,89.7410,89.8337,-0.0927,-0.0927,0.0000
7555,1001.8,383.8,89.7347,89.7347,89.8272,-0.0925,-0.0925,0.0000
7556,1000.9,370.1,89.7284,89.7285,89.8211,-0.0927,-0.0927,0.0000
7557,997.9,371.2,89.7222,89.7222,89.8151,-0.0929,-0.0929,0.0000
7558,999.6,368.4,89.7159,89.7159,89.8094,-0.0935,-0.0935,0.0000
7559,1002.2,340.7,89.7096,89.7097,89.8039,-0.0942,-0.0942,0.0000
7560,1002.3,369.3,89.7034,89.7034,89.7983,-0.0949,-0.0949,0.0000
7561,998.3,385.4,89.6971,89.6971,89.7930,-0.0959,-0.0959,0.0000
7562,998.6,342.8,89.6909,89.6909,89.7877,-0.0968,-0.0968,0.0000
7563,1000.9,375.9,89.6846,89.6846,89.7821,-0.0976,-0.0975,0.0000
7564,1000.8,341.6,89.6783,89.6783,89.7759,-0.0975,-0.0975,0.0000
7565,1002.2,381.1,89.6721,89.6721,89.7701,-0.0981,-0.0981,0.0000
7566,997.2,356.7,89.6658,89.6658,89.7644,-0.0986,-0.0986,0.0000
7567,999.8,374.5,89.6595,89.6596,89.7588,-0.0993,-0.0993,0.0000
7568,1000.3,311.9,89.6533,89.6533,89.7528,-0.0995,-0.0995,0.0000
7569,1003.3,343.2,89.6470,89.6470,89.7471,-0.1001,-0.1001,0.0000
7570,1004.8,426.8,89.6408,89.6408,89.7411,-0.1003,-0.1003,0.0000
7571,991.4,401.6,89.6345,89.6345,89.7348,-0.1003,-0.1003,0.0000
7572,999.7,340.2,89.6282,89.6283,89.7279,-0.0996,-0.0996,0.0000
7573,1000.0,474.4,89.6220,89.6220,89.7214,-0.0994,-0.0994,0.0000
7574,999.4,404.1,89.6157,89.6157,89.7149,-0.0992,-0.0991,0.0000
7575,1000.1,381.8,89.6095,89.6095,89.7085,-0.0990,-0.0990,0.0000
7576,999.8,374.2,89.6032,89.6032,89.7016,-0.0984,-0.0984,0.0000
7577,1000.3,373.9,89.5970,89.5970,89.6954,-0.0984,-0.0984,0.0000
7578,1000.2,381.2,89.5907,89.5907,89.6890,-0.0983,-0.0983,0.0000
7579,1000.6,387.9,89.5845,89.5845,89.6828,-0.0983,-0.0983,0.0000
7580,998.7,383.3,89.5782,89.5782,89.6761,-0.0979,-0.0978,0.0000
7581,1002.0,372.2,89.5720,89.5720,89.6700,-0.0981,-0.0980,0.0000
7582,1000.2,352.0,89.5657,89.5657,89.6641,-0.0984,-0.0984,0.0000
7583,1002.0,464.0,89.5595,89.5595,89.6583,-0.0988,-0.0988,0.0000
7584,997.8,334.8,89.5532,89.5532,89.6523,-0.0991,-0.0991,0.0000
7585,1000.0,340.7,89.5470,89.5470,89.6457,-0.0988,-0.0987,0.0000
7586,1000.6,471.1,89.5407,89.5407,89.6395,-0.0988,-0.0988,0.0000
7587,999.3,377.7,89.5345,89.5345,89.6331,-0.0986,-0.0986,0.0000
7588,1003.0,392.7,89.5282,89.5282,89.6264,-0.0981,-0.0981,0.0000
7589,998.1,345.8,89.5220,89.5220,89.6200,-0.0981,-0.0980,0.0000
7590,1000.7,335.7,89.5157,89.5158,89.6136,-0.0979,-0.0979,0.0000
7591,1012.9,383.7,89.5095,89.5095,89.6071,-0.0976,-0.0976,0.0000
7592,992.8,327.7,89.5033,89.5033,89.6000,-0.0968,-0.0968,0.0000
7593,1003.0,358.2,89.4970,89.4970,89.5934,-0.0964,-0.0964,0.0000
7594,989.9,343.7,89.4908,89.4908,89.5869,-0.0961,-0.0961,0.0000
7595,999.4,368.9,89.4845,89.4846,89.5805,-0.0959,-0.0959,0.0000
7596,1002.0,380.5,89.4783,89.4783,89.5735,-0.0952,-0.0952,0.0000
7597,999.0,347.6,89.4721,89.4721,89.5671,-0.0950,-0.0950,0.0000
7598,1000.7,327.2,89.4658,89.4658,89.5606,-0.0948,-0.0947,0.0000
7599,1004.2,353.9,89.4596,89.4596,89.5543,-0.0947,-0.0946,0.0000
7600,994.6,360.6,89.4534,89.4534,89.5477,-0.0943,-0.0943,0.0000
7601,1000.4,365.4,89.4471,89.4471,89.5418,-0.0947,-0.0946,0.0000
7602,1001.3,331.7,89.4409,89.4409,89.5359,-0.0950,-0.0950,0.0000
7603,1001.3,350.2,89.4347,89.4347,89.5301,-0.0955,-0.0954,0.0000
7604,998.0,360.0,89.4284,89.4285,89.5237,-0.0953,-0.0953,0.0000
7605,1000.3,326.2,89.4222,89.4222,89.5178,-0.0956,-0.0956,0.0000
7606,1000.1,346.3,89.4160,89.4160,89.5117,-0.0958,-0.0957,0.0000
7607,1003.6,344.5,89.4097,89.4098,89.5056,-0.0958,-0.0958,0.0000
7608,996.9,345.2,89.4035,89.4035,89.4993,-0.0958,-0.0958,0.0000
7609,1001.8,333.1,89.3973,89.3973,89.4938,-0.0965,-0.0964,0.0000
7610,1000.0,334.4,89.3911,89.3911,89.4881,-0.0971,-0.0970,0.0000
7611,1015.3,378.7,89.3848,89.3849,89.4821,-0.0972,-0.0972,0.0000
7612,982.8,375.6,89.3786,89.3787,89.4755,-0.0969,-0.0968,0.0000
7613,1001.8,360.9,89.3724,89.3724,89.4694,-0.0970,-0.0970,0.0000
7614,995.0,379.8,89.3662,89.3662,89.4634,-0.0972,-0.0972,0.0000
7615,999.5,356.2,89.3600,89.3600,89.4573,-0.0973,-0.0973,0.0000
7616,1000.9,372.1,89.3537,89.3538,89.4507,-0.0970,-0.0970,0.0000
7617,999.3,470.0,89.3475,89.3476,89.4446,-0.0971,-0.0971,0.0000
7618,1000.0,387.3,89.3413,89.3413,89.4384,-0.0971,-0.0970,0.0000
7619,1000.0,453.0,89.3351,89.3351,89.4319,-0.0968,-0.0968,0.0000
7620,1000.0,431.1,89.3289,89.3289,89.4251,-0.0962,-0.0961,0.0000
7621,1000.4,405.4,89.3227,89.3227,89.4190,-0.0963,-0.0963,0.0000
7622,1001.5,339.5,89.3165,89.3165,89.4130,-0.0966,-0.0965,0.0000
7623,1000.9,391.6,89.3103,89.3103,89.4071,-0.0968,-0.0968,0.0000
7624,998.8,462.6,89.3041,89.3041,89.3996,-0.0956,-0.0955,0.0000
7625,999.9,392.8,89.2978,89.2979,89.3934,-0.0956,-0.0955,0.0000
7626,999.5,458.9,89.2916,89.2917,89.3881,-0.0965,-0.0964,0.0000
7627,1000.9,383.1,89.2854,89.2855,89.3809,-0.0955,-0.0954,0.0000
7628,999.3,443.2,89.2792,89.2793,89.3742,-0.0950,-0.0949,0.0000
7629,1000.1,393.3,89.2730,89.2731,89.3679,-0.0949,-0.0948,0.0000
7630,1000.3,335.5,89.2668,89.2669,89.3614,-0.0946,-0.0945,0.0000
7631,999.3,346.2,89.2606,89.2607,89.3550,-0.0943,-0.0943,0.0000
7632,1002.3,323.9,89.2544,89.2545,89.3479,-0.0935,-0.0935,0.0000
7633,994.8,328.7,89.2482,89.2483,89.3412,-0.0930,-0.0930,0.0000
7634,999.0,310.8,89.2420,89.2421,89.3346,-0.0926,-0.0925,0.0000
7635,1015.1,363.8,89.2358,89.2359,89.3280,-0.0922,-0.0922,0.0000
7636,990.0,357.9,89.2297,89.2297,89.3216,-0.0919,-0.0919,0.0000
7637,999.6,341.9,89.2235,89.2235,89.3144,-0.0909,-0.0909,0.0000
7638,1000.8,357.7,89.2173,89.2173,89.3078,-0.0905,-0.0905,0.0000
7639,998.5,354.1,89.2111,89.2111,89.3012,-0.0901,-0.0901,0.0000
7640,1000.1,336.9,89.2049,89.2050,89.2950,-0.0901,-0.0901,0.0000
7641,999.8,359.4,89.1987,89.1988,89.2885,-0.0898,-0.0898,0.0000
7642,1000.1,345.0,89.1925,89.1926,89.2827,-0.0902,-0.0901,0.0001
7643,999.5,334.5,89.1863,89.1864,89.2770,-0.0906,-0.0906,0.0001
7644,1002.3,359.3,89.1802,89.1802,89.2712,-0.0910,-0.0910,0.0001
7645,1000.0,388.7,89.1740,89.1740,89.2712,-0.0972,-0.0972,0.0001
7646,1001.4,366.0,89.1678,89.1679,89.2648,-0.0970,-0.0969,0.0001
7647,999.0,359.9,89.1616,89.1617,89.2588,-0.0971,-0.0971,0.0001
7648,999.5,357.0,89.1555,89.1555,89.2523,-0.0968,-0.0968,0.0001
7649,999.9,355.9,89.1493,89.1493,89.2462,-0.0970,-0.0969,0.0001
7650,1000.1,365.9,89.1431,89.1432,89.2401,-0.0970,-0.0969,0.0001
7651,1000.6,339.0,89.1369,89.1370,89.2338,-0.0969,-0.0968,0.0001
7652,999.5,333.4,89.1308,89.1308,89.2269,-0.0962,-0.0961,0.0001
7653,1003.1,352.6,89.1246,89.1247,89.2205,-0.0959,-0.0959,0.0001
7654,999.1,310.6,89.1184,89.1185,89.2143,-0.0959,-0.0958,0.0001
7655,1007.7,323.7,89.1123,89.1123,89.2083,-0.0960,-0.0959,0.0001
7656,992.2,339.2,89.1061,89.1062,89.2019,-0.0958,-0.0957,0.0001
7657,998.2,318.3,89.0999,89.1000,89.1961,-0.0961,-0.0961,0.0001
7658,1002.3,312.0,89.0938,89.0938,89.1904,-0.0966,-0.0966,0.0001
7659,998.0,331.4,89.0876,89.0877,89.1848,-0.0971,-0.0971,0.0001
7660,998.4,325.5,89.0815,89.0815,89.1786,-0.0972,-0.0971,0.0001
7661,1001.9,322.3,89.0753,89.0754,89.1730,-0.0977,-0.0977,0.0001
7662,1001.0,317.4,89.0692,89.0692,89.1674,-0.0983,-0.0982,0.0001
7663,995.5,315.9,89.0630,89.0631,89.1619,-0.0989,-0.0988,0.0001
7664,1004.6,318.2,89.0569,89.0569,89.1561,-0.0993,-0.0992,0.0001
7665,999.1,321.1,89.0507,89.0508,89.1506,-0.0999,-0.0998,0.0001
7666,1002.4,314.9,89.0446,89.0446,89.1449,-0.1004,-0.1003,0.0001
7667,1001.2,309.5,89.0384,89.0385,89.1390,-0.1006,-0.1005,0.0001
7668,997.7,323.3,89.0323,89.0323,89.1325,-0.1003,-0.1002,0.0001
7669,999.6,327.1,89.0261,89.0262,89.1264,-0.1003,-0.1002,0.0001
7670,999.5,347.4,89.0200,89.0201,89.1202,-0.1002,-0.1002,0.0001
7671,998.4,352.2,89.0138,89.0139,89.1141,-0.1003,-0.1002,0.0001
7672,1000.0,311.5,89.0077,89.0078,89.1078,-0.1001,-0.1000,0.0001
7673,999.0,316.3,89.0016,89.0016,89.1009,-0.0994,-0.0993,0.0001
7674,1003.8,347.1,88.9954,88.9955,89.0944,-0.0989,-0.0989,0.0001
7675,1004.8,296.9,88.9893,88.9894,89.0878,-0.0985,-0.0985,0.0001
7676,1003.5,317.2,88.9832,88.9832,89.0808,-0.0976,-0.0976,0.0001
7677,981.8,313.7,88.9770,88.9771,89.0743,-0.0972,-0.0972,0.0001
7678,1011.7,311.2,88.9709,88.9710,89.0676,-0.0967,-0.0966,0.0001
7679,1001.9,371.0,88.9648,88.9649,89.0611,-0.0963,-0.0962,0.0001
7680,997.2,3082.2,88.9587,88.9587,89.0539,-0.0953,-0.0952,0.0001
7681,3088.0,341.6,88.9525,88.9526,89.0346,-0.0821,-0.0820,0.0001
7682,345.8,349.0,88.9464,88.9465,89.0346,-0.0882,-0.0881,0.0001
7683,353.2,721.0,88.9403,88.9404,89.0278,-0.0875,-0.0874,0.0001
7684,725.5,358.1,88.9342,88.9343,89.0213,-0.0872,-0.0871,0.0001
7685,485.2,330.4,88.9281,88.9282,89.0213,-0.0933,-0.0932,0.0001
7686,998.9,306.1,88.9220,88.9220,89.0148,-0.0928,-0.0927,0.0001
7687,997.9,309.7,88.9158,88.9159,89.0083,-0.0925,-0.0924,0.0001
7688,996.2,331.9,88.9097,88.9098,89.0018,-0.0921,-0.0920,0.0001
7689,999.5,326.0,88.9036,88.9037,88.9959,-0.0923,-0.0922,0.0001
7690,999.0,314.1,88.8975,88.8976,88.9900,-0.0924,-0.0923,0.0001
7691,999.1,339.9,88.8914,88.8915,88.9837,-0.0923,-0.0922,0.0001
7692,1009.1,324.7,88.8853,88.8854,88.9772,-0.0919,-0.0918,0.0001
7693,998.7,298.4,88.8792,88.8793,88.9700,-0.0908,-0.0907,0.0001
7694,1001.8,327.9,88.8731,88.8732,88.9634,-0.0902,-0.0901,0.0001
7695,997.3,386.4,88.8670,88.8671,88.9568,-0.0898,-0.0897,0.0001
7696,1001.7,325.9,88.8609,88.8610,88.9505,-0.0896,-0.0895,0.0001
7697,992.9,346.9,88.8548,88.8549,88.9439,-0.0891,-0.0890,0.0001
7698,997.3,317.1,88.8487,88.8488,88.9380,-0.0892,-0.0891,0.0001
7699,1009.8,331.6,88.8427,88.8428,88.9320,-0.0893,-0.0892,0.0001
7700,999.3,321.1,88.8366,88.8367,88.9261,-0.0895,-0.0894,0.0001
7701,998.7,333.6,88.8305,88.8306,88.9199,-0.0894,-0.0893,0.0001
7702,999.7,306.8,88.8244,88.8245,88.9145,-0.0901,-0.0900,0.0001
7703,998.3,310.8,88.8183,88.8184,88.9093,-0.0910,-0.0909,0.0001
7704,1001.2,320.2,88.8122,88.8123,88.9043,-0.0921,-0.0920,0.0001
7705,998.9,302.7,88.8062,88.8063,88.8989,-0.0927,-0.0926,0.0001
7706,1029.9,365.6,88.8001,88.8002,88.8937,-0.0936,-0.0935,0.0001
7707,973.4,325.8,88.7940,88.7941,88.8884,-0.0944,-0.0943,0.0001
7708,997.2,304.2,88.7879,88.7881,88.8830,-0.0951,-0.0950,0.0001
7709,1003.4,350.1,88.7819,88.7820,88.8771,-0.0952,-0.0951,0.0001
7710,1002.5,340.8,88.7758,88.7759,88.8715,-0.0957,-0.0956,0.0001
7711,997.1,331.3,88.7697,88.7699,88.8660,-0.0963,-0.0962,0.0001
7712,1002.4,331.4,88.7637,88.7638,88.8603,-0.0967,-0.0965,0.0001
7713,1000.5,328.3,88.7576,88.7577,88.8541,-0.0965,-0.0963,0.0001
7714,996.2,332.2,88.7516,88.7517,88.8480,-0.0965,-0.0963,0.0001
7715,999.4,315.7,88.7455,88.7456,88.8418,-0.0963,-0.0962,0.0001
7716,999.7,339.8,88.7395,88.7396,88.8355,-0.0961,-0.0960,0.0001
7717,1003.0,318.7,88.7334,88.7335,88.8288,-0.0954,-0.0953,0.0001
7718,1000.7,334.4,88.7274,88.7275,88.8226,-0.0952,-0.0951,0.0001
7719,999.7,345.9,88.7213,88.7214,88.8161,-0.0948,-0.0947,0.0001
7720,999.9,351.9,88.7153,88.7154,88.8096,-0.0944,-0.0943,0.0001
7721,999.8,346.2,88.7092,88.7093,88.8026,-0.0934,-0.0933,0.0001
7722,1000.0,325.7,88.7032,88.7033,88.7962,-0.0931,-0.0929,0.0001
7723,997.2,315.4,88.6971,88.6973,88.7899,-0.0928,-0.0927,0.0001
7724,1005.1,364.9,88.6911,88.6912,88.7836,-0.0925,-0.0924,0.0001
7725,994.7,349.7,88.6851,88.6852,88.7769,-0.0919,-0.0918,0.0001
7726,999.0,379.1,88.6790,88.6792,88.7707,-0.0916,-0.0915,0.0001
7727,998.5,356.4,88.6730,88.6731,88.7643,-0.0913,-0.0912,0.0001
7728,1000.3,354.6,88.6670,88.6671,88.7578,-0.0908,-0.0907,0.0001
7729,1001.9,324.5,88.6609,88.6611,88.7506,-0.0897,-0.0895,0.0001
7730,1000.8,356.5,88.6549,88.6551,88.7441,-0.0892,-0.0890,0.0001
7731,1000.2,333.1,88.6489,88.6490,88.7375,-0.0886,-0.0885,0.0001
7732,1001.4,322.8,88.6429,88.6430,88.7309,-0.0881,-0.0879,0.0001
7733,999.1,314.5,88.6369,88.6370,88.7239,-0.0870,-0.0869,0.0001
7734,998.6,348.0,88.6308,88.6310,88.7172,-0.0864,-0.0862,0.0001
7735,1002.4,349.2,88.6248,88.6250,88.7108,-0.0860,-0.0859,0.0001
7736,1003.8,329.6,88.6188,88.6190,88.7045,-0.0857,-0.0855,0.0001
7737,1001.2,318.5,88.6128,88.6130,88.6980,-0.0852,-0.0851,0.0001
7738,996.5,311.4,88.6068,88.6070,88.6923,-0.0855,-0.0853,0.0001
7739,1003.4,319.7,88.6008,88.6010,88.6865,-0.0857,-0.0856,0.0001
7740,1003.1,297.1,88.5948,88.5950,88.6807,-0.0859,-0.0858,0.0001
7741,997.3,317.4,88.5888,88.5890,88.6747,-0.0859,-0.0857,0.0001
7742,1002.4,302.1,88.5828,88.5830,88.6691,-0.0863,-0.0862,0.0001
7743,997.7,311.0,88.5768,88.5770,88.6638,-0.0870,-0.0869,0.0001
7744,1002.4,390.7,88.5708,88.5710,88.6588,-0.0880,-0.0879,0.0001
7745,990.9,360.8,88.5648,88.5650,88.6539,-0.0891,-0.0889,0.0001
7746,996.9,350.7,88.5589,88.5590,88.6485,-0.0897,-0.0895,0.0001
7747,1029.7,384.6,88.5529,88.5530,88.6434,-0.0905,-0.0904,0.0002
7748,979.2,351.6,88.5469,88.5470,88.6382,-0.0913,-0.0911,0.0002
7749,992.5,329.7,88.5409,88.5411,88.6326,-0.0917,-0.0916,0.0002
7750,1001.7,325.2,88.5349,88.5351,88.6275,-0.0926,-0.0924,0.0002
7751,1001.7,338.0,88.5290,88.5291,88.6224,-0.0935,-0.0933,0.0002
7752,997.6,289.8,88.5230,88.5231,88.6172,-0.0943,-0.0941,0.0002
7753,1029.0,376.4,88.5170,88.5172,88.6118,-0.0948,-0.0946,0.0002
7754,974.4,339.0,88.5110,88.5112,88.6065,-0.0955,-0.0953,0.0002
7755,996.1,330.8,88.5051,88.5052,88.6012,-0.0961,-0.0959,0.0002
7756,1001.8,336.3,88.4991,88.4993,88.5957,-0.0965,-0.0964,0.0002
7757,998.7,332.9,88.4932,88.4933,88.5896,-0.0964,-0.0962,0.0002
7758,1002.9,303.2,88.4872,88.4874,88.5839,-0.0967,-0.0965,0.0002
7759,1000.1,336.4,88.4813,88.4814,88.5781,-0.0969,-0.0967,0.0002
7760,997.2,314.5,88.4753,88.4755,88.5723,-0.0970,-0.0968,0.0002
7761,1005.7,311.9,88.4693,88.4695,88.5663,-0.0970,-0.0968,0.0002
7762,1000.6,334.2,88.4634,88.4636,88.5598,-0.0964,-0.0963,0.0002
7763,996.0,347.2,88.4575,88.4576,88.5536,-0.0961,-0.0960,0.0002
7764,1003.1,348.1,88.4515,88.4517,88.5473,-0.0958,-0.0956,0.0002
7765,997.5,343.6,88.4456,88.4457,88.5410,-0.0955,-0.0953,0.0002
7766,997.6,335.0,88.4396,88.4398,88.5346,-0.0950,-0.0948,0.0002
7767,999.9,321.4,88.4337,88.4339,88.5286,-0.0949,-0.0947,0.0002
7768,1005.4,330.2,88.4278,88.4280,88.5224,-0.0946,-0.0944,0.0002
7769,994.6,333.5,88.4218,88.4220,88.5161,-0.0942,-0.0941,0.0002
7770,1001.6,338.6,88.4159,88.4161,88.5090,-0.0931,-0.0929,0.0002
7771,998.5,366.3,88.4100,88.4102,88.5026,-0.0926,-0.0924,0.0002
7772,1000.4,322.9,88.4041,88.4043,88.4961,-0.0921,-0.0919,0.0002
7773,1001.0,292.4,88.3982,88.3983,88.4898,-0.0917,-0.0915,0.0002
7774,1028.8,386.4,88.3922,88.3924,88.4829,-0.0906,-0.0905,0.0002
7775,976.8,336.0,88.3863,88.3865,88.4763,-0.0900,-0.0898,0.0002
7776,996.7,321.6,88.3804,88.3806,88.4696,-0.0892,-0.0890,0.0002
7777,1002.7,318.1,88.3745,88.3747,88.4629,-0.0884,-0.0882,0.0002
7778,996.5,310.1,88.3686,88.3688,88.4558,-0.0872,-0.0871,0.0002
7779,960.6,354.5,88.3627,88.3629,88.4492,-0.0865,-0.0863,0.0002
7780,1043.2,325.5,88.3568,88.3570,88.4427,-0.0859,-0.0857,0.0002
7781,997.1,310.2,88.3509,88.3511,88.4364,-0.0855,-0.0853,0.0002
7782,1001.0,308.6,88.3450,88.3452,88.4296,-0.0846,-0.0844,0.0002
7783,998.8,315.8,88.3391,88.3393,88.4234,-0.0842,-0.0840,0.0002
7784,999.7,331.1,88.3332,88.3334,88.4173,-0.0841,-0.0839,0.0002
7785,996.9,310.7,88.3273,88.3275,88.4115,-0.0842,-0.0840,0.0002
7786,1027.6,365.5,88.3215,88.3217,88.4056,-0.0841,-0.0839,0.0002
7787,972.7,323.1,88.3156,88.3158,88.4003,-0.0847,-0.0845,0.0002
7788,1001.2,316.2,88.3097,88.3099,88.3948,-0.0851,-0.0849,0.0002
7789,999.8,328.5,88.3038,88.3040,88.3893,-0.0855,-0.0853,0.0002
7790,999.6,319.3,88.2980,88.2982,88.3832,-0.0853,-0.0851,0.0002
7791,1000.5,322.6,88.2921,88.2923,88.3776,-0.0855,-0.0853,0.0002
7792,1000.2,314.3,88.2862,88.2864,88.3721,-0.0859,-0.0856,0.0002
7793,1002.2,294.4,88.2804,88.2806,88.3665,-0.0862,-0.0859,0.0002
7794,1002.2,388.0,88.2745,88.2747,88.3596,-0.0852,-0.0849,0.0002
7795,1003.8,361.5,88.2686,88.2689,88.3541,-0.0854,-0.0852,0.0002
7796,1002.5,379.5,88.2628,88.2630,88.3494,-0.0866,-0.0864,0.0002
7797,1000.4,386.1,88.2569,88.2571,88.3438,-0.0869,-0.0866,0.0002
7798,998.2,341.6,88.2511,88.2513,88.3368,-0.0857,-0.0855,0.0002
7799,1012.7,363.0,88.2452,88.2455,88.3313,-0.0860,-0.0858,0.0002
7800,977.3,312.1,88.2394,88.2396,88.3259,-0.0865,-0.0863,0.0002
7801,1003.0,324.4,88.2336,88.2338,88.3205,-0.0869,-0.0867,0.0002
7802,999.4,347.5,88.2277,88.2279,88.3146,-0.0869,-0.0867,0.0002
7803,1001.1,329.1,88.2219,88.2221,88.3093,-0.0874,-0.0872,0.0002
7804,1004.0,312.8,88.2160,88.2163,88.3039,-0.0878,-0.0876,0.0002
7805,986.7,282.0,88.2102,88.2104,88.2980,-0.0878,-0.0876,0.0002
7806,1032.6,381.2,88.2044,88.2046,88.2925,-0.0882,-0.0879,0.0002
7807,975.7,322.7,88.1986,88.1988,88.2873,-0.0887,-0.0885,0.0002
7808,1000.9,308.7,88.1928,88.1930,88.2822,-0.0894,-0.0892,0.0002
7809,1000.0,319.6,88.1869,88.1872,88.2771,-0.0901,-0.0899,0.0002
7810,998.5,322.6,88.1811,88.1814,88.2712,-0.0901,-0.0899,0.0002
7811,997.9,310.9,88.1753,88.1755,88.2656,-0.0903,-0.0901,0.0002
7812,1001.9,316.6,88.1695,88.1697,88.2598,-0.0903,-0.0901,0.0002
7813,999.7,321.6,88.1637,88.1639,88.2598,-0.0962,-0.0959,0.0002
7814,994.8,301.3,88.1579,88.1581,88.2539,-0.0960,-0.0958,0.0002
7815,1028.8,375.0,88.1521,88.1523,88.2475,-0.0954,-0.0951,0.0002
7816,975.5,317.2,88.1463,88.1465,88.2415,-0.0952,-0.0950,0.0002
7817,1001.1,308.3,88.1405,88.1408,88.2355,-0.0950,-0.0948,0.0002
7818,1001.7,310.5,88.1347,88.1350,88.2293,-0.0946,-0.0944,0.0002
7819,999.9,351.9,88.1289,88.1292,88.2223,-0.0934,-0.0932,0.0002
7820,995.8,347.9,88.1231,88.1234,88.2159,-0.0927,-0.0925,0.0003
7821,1001.0,348.3,88.1174,88.1176,88.2094,-0.0920,-0.0918,0.0003
7822,999.0,361.9,88.1116,88.1118,88.2026,-0.0910,-0.0907,0.0003
7823,999.0,348.6,88.1058,88.1061,88.1965,-0.0906,-0.0904,0.0003
7824,1002.1,356.2,88.1000,88.1003,88.1904,-0.0903,-0.0901,0.0003
7825,994.5,386.1,88.0943,88.0945,88.1841,-0.0899,-0.0896,0.0003
7826,1004.8,355.6,88.0885,88.0888,88.1775,-0.0890,-0.0887,0.0003
7827,1000.2,366.9,88.0828,88.0830,88.1713,-0.0886,-0.0883,0.0003
7828,1000.4,358.1,88.0770,88.0773,88.1653,-0.0883,-0.0881,0.0003
7829,1000.7,359.8,88.0712,88.0715,88.1593,-0.0881,-0.0878,0.0003
7830,997.4,352.8,88.0655,88.0658,88.1530,-0.0875,-0.0873,0.0003
7831,998.5,344.2,88.0597,88.0600,88.1473,-0.0876,-0.0873,0.0003
7832,1001.6,326.3,88.0540,88.0543,88.1417,-0.0877,-0.0874,0.0003
7833,1006.0,363.9,88.0482,88.0485,88.1359,-0.0877,-0.0874,0.0003
7834,992.2,355.3,88.0425,88.0428,88.1296,-0.0871,-0.0869,0.0003
7835,1000.3,302.9,88.0368,88.0370,88.1238,-0.0870,-0.0868,0.0003
7836,1030.8,406.3,88.0310,88.0313,88.1180,-0.0869,-0.0867,0.0003
7837,972.6,358.1,88.0253,88.0256,88.1123,-0.0870,-0.0867,0.0003
7838,998.6,360.0,88.0196,88.0199,88.1063,-0.0867,-0.0864,0.0003
7839,1000.8,337.1,88.0139,88.0141,88.1006,-0.0867,-0.0864,0.0003
7840,1001.3,351.2,88.0081,88.0084,88.0947,-0.0866,-0.0863,0.0003
7841,1014.9,375.9,88.0024,88.0027,88.0890,-0.0866,-0.0863,0.0003
7842,986.3,324.0,87.9967,87.9970,88.0828,-0.0860,-0.0858,0.0003
7843,1000.5,314.2,87.9910,87.9913,88.0770,-0.0860,-0.0857,0.0003
7844,1000.2,329.3,87.9853,87.9856,88.0715,-0.0862,-0.0859,0.0003
7845,1011.8,376.2,87.9796,87.9799,88.0660,-0.0864,-0.0861,0.0003
7846,986.6,390.4,87.9739,87.9742,88.0601,-0.0862,-0.0860,0.0003
7847,1000.3,361.6,87.9682,87.9685,88.0546,-0.0864,-0.0861,0.0003
7848,998.7,339.1,87.9625,87.9628,88.0491,-0.0866,-0.0863,0.0003
7849,1001.9,363.8,87.9568,87.9571,88.0437,-0.0869,-0.0866,0.0003
7850,998.0,341.2,87.9511,87.9514,88.0382,-0.0870,-0.0867,0.0003
7851,998.6,360.0,87.9454,87.9457,88.0332,-0.0877,-0.0874,0.0003
7852,997.6,354.2,87.9398,87.9401,88.0283,-0.0885,-0.0882,0.0003
7853,999.9,325.5,87.9341,87.9344,88.0234,-0.0893,-0.0890,0.0003
7854,1005.5,359.1,87.9284,87.9287,88.0184,-0.0900,-0.0897,0.0003
7855,994.4,355.2,87.9227,87.9230,88.0133,-0.0905,-0.0902,0.0003
7856,1000.6,335.3,87.9171,87.9174,88.0074,-0.0904,-0.0901,0.0003
7857,1002.2,353.0,87.9114,87.9117,88.0020,-0.0906,-0.0903,0.0003
7858,997.7,351.8,87.9057,87.9061,87.9964,-0.0907,-0.0904,0.0003
7859,1000.2,357.0,87.9001,87.9004,87.9905,-0.0904,-0.0901,0.0003
7860,999.2,353.8,87.8944,87.8948,87.9852,-0.0908,-0.0904,0.0003
7861,1002.0,346.5,87.8888,87.8891,87.9798,-0.0910,-0.0907,0.0003
7862,1002.5,318.0,87.8831,87.8835,87.9741,-0.0910,-0.0907,0.0003
7863,999.3,367.4,87.8775,87.8778,87.9677,-0.0902,-0.0899,0.0003
7864,998.3,366.0,87.8719,87.8722,87.9616,-0.0897,-0.0894,0.0003
7865,1001.0,354.4,87.8662,87.8666,87.9554,-0.0891,-0.0888,0.0003
7866,999.5,385.5,87.8606,87.8609,87.9492,-0.0886,-0.0882,0.0003
7867,1005.4,374.0,87.8550,87.8553,87.9426,-0.0877,-0.0873,0.0003
7868,990.7,341.5,87.8493,87.8497,87.9365,-0.0872,-0.0868,0.0003
7869,1006.4,344.3,87.8437,87.8441,87.9305,-0.0867,-0.0864,0.0003
7870,1000.7,357.8,87.8381,87.8384,87.9245,-0.0864,-0.0860,0.0003
7871,997.7,393.8,87.8325,87.8328,87.9179,-0.0854,-0.0851,0.0003
7872,1000.3,362.2,87.8269,87.8272,87.9118,-0.0849,-0.0846,0.0003
7873,1001.3,350.5,87.8213,87.8216,87.9058,-0.0846,-0.0842,0.0003
7874,995.3,366.4,87.8157,87.8160,87.9002,-0.0846,-0.0842,0.0003
7875,1000.1,353.7,87.8101,87.8104,87.8943,-0.0842,-0.0839,0.0003
7876,999.8,351.5,87.8045,87.8048,87.8887,-0.0842,-0.0839,0.0003
7877,1001.0,335.3,87.7989,87.7992,87.8831,-0.0842,-0.0839,0.0003
7878,1000.9,346.5,87.7933,87.7936,87.8773,-0.0840,-0.0836,0.0003
7879,999.9,362.8,87.7877,87.7880,87.8711,-0.0834,-0.0830,0.0003
7880,998.2,352.4,87.7821,87.7825,87.8652,-0.0831,-0.0828,0.0004
7881,1000.9,357.3,87.7765,87.7769,87.8593,-0.0828,-0.0824,0.0004
7882,1000.8,348.5,87.7710,87.7713,87.8535,-0.0825,-0.0821,0.0004
7883,1002.2,323.0,87.7654,87.7658,87.8472,-0.0818,-0.0814,0.0004
7884,1002.7,351.3,87.7598,87.7602,87.8414,-0.0815,-0.0812,0.0004
7885,994.7,336.1,87.7543,87.7546,87.8353,-0.0810,-0.0807,0.0004
7886,1003.8,353.0,87.7487,87.7491,87.8293,-0.0806,-0.0802,0.0004
7887,996.4,356.8,87.7431,87.7435,87.8229,-0.0798,-0.0794,0.0004
7888,1002.9,310.6,87.7376,87.7380,87.8172,-0.0796,-0.0792,0.0004
7889,996.0,341.3,87.7320,87.7324,87.8115,-0.0794,-0.0791,0.0004
7890,1002.2,365.1,87.7265,87.7269,87.8059,-0.0794,-0.0791,0.0004
7891,1001.3,325.6,87.7210,87.7213,87.7998,-0.0789,-0.0785,0.0004
7892,1010.4,358.4,87.7154,87.7158,87.7942,-0.0787,-0.0784,0.0004
7893,989.5,339.4,87.7099,87.7103,87.7885,-0.0787,-0.0783,0.0004
7894,1002.3,334.7,87.7044,87.7047,87.7830,-0.0786,-0.0782,0.0004
7895,995.0,391.3,87.6988,87.6992,87.7773,-0.0784,-0.0780,0.0004
7896,999.1,383.7,87.6933,87.6937,87.7723,-0.0790,-0.0786,0.0004
7897,999.8,355.3,87.6878,87.6882,87.7674,-0.0797,-0.0793,0.0004
7898,1000.2,357.1,87.6823,87.6827,87.7625,-0.0802,-0.0798,0.0004
7899,999.8,347.2,87.6768,87.6771,87.7571,-0.0804,-0.0800,0.0004
7900,1000.9,351.2,87.6712,87.6716,87.7520,-0.0808,-0.0804,0.0004
7901,999.4,336.5,87.6657,87.6661,87.7468,-0.0810,-0.0806,0.0004
7902,1007.2,317.1,87.6602,87.6606,87.7416,-0.0813,-0.0809,0.0004
7903,996.2,355.5,87.6547,87.6551,87.7362,-0.0814,-0.0810,0.0004
7904,1003.5,356.8,87.6493,87.6497,87.7313,-0.0821,-0.0817,0.0004
7905,995.8,313.9,87.6438,87.6442,87.7265,-0.0827,-0.0823,0.0004
7906,1004.0,302.9,87.6383,87.6387,87.7216,-0.0833,-0.0829,0.0004
7907,1001.1,315.6,87.6328,87.6332,87.7165,-0.0837,-0.0833,0.0004
7908,996.1,307.1,87.6273,87.6277,87.7108,-0.0835,-0.0831,0.0004
7909,1011.5,322.9,87.6218,87.6223,87.7055,-0.0837,-0.0833,0.0004
7910,989.7,319.4,87.6164,87.6168,87.7002,-0.0839,-0.0834,0.0004
7911,1006.0,323.7,87.6109,87.6113,87.6946,-0.0837,-0.0833,0.0004
7912,993.8,313.6,87.6055,87.6059,87.6894,-0.0839,-0.0835,0.0004
7913,1003.2,321.0,87.6000,87.6004,87.6843,-0.0843,-0.0839,0.0004
7914,999.0,327.7,87.5945,87.5950,87.6790,-0.0845,-0.0841,0.0004
7915,999.6,309.1,87.5891,87.5895,87.6737,-0.0846,-0.0842,0.0004
7916,1003.8,339.0,87.5836,87.5841,87.6678,-0.0842,-0.0837,0.0004
7917,992.2,337.6,87.5782,87.5786,87.6624,-0.0842,-0.0838,0.0004
7918,1000.1,316.0,87.5728,87.5732,87.6570,-0.0842,-0.0838,0.0004
7919,1001.4,346.2,87.5673,87.5678,87.6517,-0.0843,-0.0839,0.0004
7920,999.0,346.4,87.5619,87.5623,87.6460,-0.0841,-0.0837,0.0004
7921,999.5,365.7,87.5565,87.5569,87.6408,-0.0843,-0.0839,0.0004
7922,1000.3,342.5,87.5511,87.5515,87.6357,-0.0847,-0.0842,0.0004
7923,1000.0,329.3,87.5456,87.5461,87.6307,-0.0850,-0.0846,0.0004
7924,1007.0,395.3,87.5402,87.5407,87.6252,-0.0850,-0.0845,0.0004
7925,994.0,334.3,87.5348,87.5352,87.6198,-0.0850,-0.0846,0.0004
7926,1000.7,322.2,87.5294,87.5298,87.6144,-0.0850,-0.0845,0.0004
7927,1002.0,312.9,87.5240,87.5244,87.6089,-0.0849,-0.0845,0.0004
7928,1001.2,337.0,87.5186,87.5190,87.6032,-0.0846,-0.0842,0.0004
7929,996.0,325.9,87.5132,87.5137,87.5979,-0.0847,-0.0843,0.0004
7930,1000.1,343.4,87.5078,87.5083,87.5926,-0.0848,-0.0844,0.0004
7931,1002.5,391.1,87.5024,87.5029,87.5872,-0.0848,-0.0843,0.0004
7932,998.3,322.6,87.4971,87.4975,87.5817,-0.0846,-0.0842,0.0005
7933,998.6,357.0,87.4917,87.4921,87.5757,-0.0840,-0.0836,0.0005
7934,999.7,379.5,87.4863,87.4868,87.5699,-0.0836,-0.0832,0.0005
7935,1003.1,358.0,87.4809,87.4814,87.5641,-0.0831,-0.0827,0.0005
7936,997.0,377.5,87.4756,87.4760,87.5579,-0.0824,-0.0819,0.0005
7937,1000.2,376.1,87.4702,87.4707,87.5522,-0.0820,-0.0815,0.0005
7938,998.1,342.4,87.4648,87.4653,87.5465,-0.0817,-0.0812,0.0005
7939,1001.0,383.0,87.4595,87.4600,87.5407,-0.0813,-0.0808,0.0005
7940,999.5,327.3,87.4541,87.4546,87.5348,-0.0807,-0.0802,0.0005
7941,999.9,355.1,87.4488,87.4493,87.5285,-0.0797,-0.0792,0.0005
7942,1000.5,379.4,87.4435,87.4439,87.5228,-0.0794,-0.0789,0.0005
7943,999.3,372.4,87.4381,87.4386,87.5172,-0.0791,-0.0786,0.0005
7944,1000.1,358.6,87.4328,87.4333,87.5119,-0.0791,-0.0786,0.0005
7945,1000.3,360.0,87.4275,87.4279,87.5063,-0.0788,-0.0784,0.0005
7946,1004.0,354.4,87.4221,87.4226,87.5012,-0.0790,-0.0786,0.0005
7947,999.4,339.0,87.4168,87.4173,87.4959,-0.0791,-0.0786,0.0005
7948,998.3,340.2,87.4115,87.4120,87.4905,-0.0790,-0.0785,0.0005
7949,999.2,322.6,87.4062,87.4067,87.4846,-0.0784,-0.0779,0.0005
7950,1001.9,317.1,87.4009,87.4014,87.4790,-0.0781,-0.0776,0.0005
7951,1000.5,327.0,87.3956,87.3961,87.4738,-0.0782,-0.0777,0.0005
7952,997.4,325.9,87.3903,87.3908,87.4685,-0.0782,-0.0778,0.0005
7953,1005.3,327.1,87.3850,87.3855,87.4629,-0.0779,-0.0774,0.0005
7954,996.5,363.2,87.3797,87.3802,87.4578,-0.0781,-0.0776,0.0005
7955,1001.5,355.9,87.3744,87.3749,87.4526,-0.0781,-0.0776,0.0005
7956,999.2,321.9,87.3691,87.3696,87.4473,-0.0782,-0.0777,0.0005
7957,1002.1,334.7,87.3639,87.3644,87.4419,-0.0781,-0.0776,0.0005
7958,997.7,330.0,87.3586,87.3591,87.4361,-0.0775,-0.0770,0.0005
7959,1000.2,324.5,87.3533,87.3538,87.4308,-0.0774,-0.0769,0.0005
7960,1002.2,328.8,87.3480,87.3486,87.4256,-0.0775,-0.0770,0.0005
7961,995.9,381.9,87.3428,87.3433,87.4202,-0.0774,-0.0769,0.0005
7962,998.4,348.0,87.3375,87.3380,87.4153,-0.0778,-0.0773,0.0005
7963,1000.5,356.7,87.3323,87.3328,87.4104,-0.0782,-0.0776,0.0005
7964,999.6,358.0,87.3270,87.3276,87.4054,-0.0784,-0.0779,0.0005
7965,1001.4,354.3,87.3218,87.3223,87.4000,-0.0782,-0.0777,0.0005
7966,1005.5,371.0,87.3165,87.3171,87.3949,-0.0783,-0.0778,0.0005
7967,1009.0,386.1,87.3113,87.3118,87.3899,-0.0786,-0.0781,0.0005
7968,987.6,331.4,87.3061,87.3066,87.3852,-0.0791,-0.0786,0.0005
7969,1006.7,378.2,87.3009,87.3014,87.3801,-0.0793,-0.0787,0.0005
7970,991.5,359.2,87.2956,87.2962,87.3747,-0.0791,-0.0786,0.0005
7971,999.3,405.9,87.2904,87.2910,87.3708,-0.0804,-0.0798,0.0005
7972,999.4,390.6,87.2852,87.2857,87.3661,-0.0809,-0.0804,0.0005
7973,1015.7,369.0,87.2800,87.2805,87.3601,-0.0801,-0.0795,0.0005
7974,988.8,374.2,87.2748,87.2753,87.3557,-0.0809,-0.0803,0.0005
7975,999.3,366.8,87.2696,87.2701,87.3496,-0.0800,-0.0795,0.0005
7976,999.2,349.1,87.2644,87.2650,87.3443,-0.0799,-0.0793,0.0005
7977,999.2,342.3,87.2592,87.2598,87.3386,-0.0794,-0.0788,0.0005
7978,1000.3,328.0,87.2540,87.2546,87.3334,-0.0794,-0.0788,0.0006
7979,1002.7,332.6,87.2488,87.2494,87.3283,-0.0795,-0.0789,0.0006
7980,999.3,319.0,87.2437,87.2442,87.3232,-0.0795,-0.0789,0.0006
7981,1001.7,322.8,87.2385,87.2391,87.3174,-0.0789,-0.0784,0.0006
7982,999.2,326.4,87.2333,87.2339,87.3119,-0.0786,-0.0780,0.0006
7983,996.3,314.0,87.2282,87.2287,87.3064,-0.0783,-0.0777,0.0006
7984,1002.5,347.9,87.2230,87.2236,87.3010,-0.0780,-0.0774,0.0006
7985,1008.2,344.3,87.2179,87.2184,87.2952,-0.0773,-0.0768,0.0006
7986,987.6,327.3,87.2127,87.2133,87.2899,-0.0772,-0.0766,0.0006
7987,1001.3,329.2,87.2076,87.2081,87.2899,-0.0824,-0.0818,0.0006
7988,997.9,305.5,87.2024,87.2030,87.2787,-0.0763,-0.0757,0.0006
7989,1030.0,361.4,87.1973,87.1979,87.2787,-0.0815,-0.0809,0.0006
7990,973.5,322.3,87.1922,87.1927,87.2732,-0.0810,-0.0805,0.0006
7991,999.1,314.3,87.1870,87.1876,87.2674,-0.0804,-0.0798,0.0006
7992,1001.6,330.7,87.1819,87.1825,87.2617,-0.0798,-0.0792,0.0006
7993,995.8,336.8,87.1768,87.1774,87.2556,-0.0788,-0.0782,0.0006
7994,999.9,321.1,87.1717,87.1723,87.2502,-0.0785,-0.0779,0.0006
7995,984.8,385.6,87.1666,87.1672,87.2448,-0.0783,-0.0777,0.0006
7996,1018.8,379.6,87.1615,87.1621,87.2394,-0.0780,-0.0774,0.0006
7997,999.9,325.2,87.1564,87.1570,87.2336,-0.0773,-0.0767,0.0006
7998,1002.4,335.8,87.1513,87.1519,87.2281,-0.0768,-0.0762,0.0006
7999,998.1,353.4,87.1462,87.1468,87.2225,-0.0763,-0.0757,0.0006
8000,997.0,330.0,87.1411,87.1417,87.2169,-0.0758,-0.0752,0.0006
8001,1000.6,323.4,87.1360,87.1366,87.2110,-0.0750,-0.0744,0.0006
8002,1001.5,318.7,87.1309,87.1315,87.2057,-0.0748,-0.0742,0.0006
8003,998.7,311.6,87.1259,87.1265,87.2006,-0.0747,-0.0741,0.0006
8004,999.9,322.7,87.1208,87.1214,87.1956,-0.0748,-0.0742,0.0006
8005,997.1,340.2,87.1157,87.1163,87.1900,-0.0743,-0.0737,0.0006
8006,1017.8,333.5,87.1107,87.1113,87.1848,-0.0741,-0.0735,0.0006
8007,987.7,3096.6,87.1056,87.1062,87.1794,-0.0738,-0.0731,0.0006
8008,3102.7,1035.8,87.1006,87.1012,87.1638,-0.0632,-0.0626,0.0006
8009,1043.2,305.7,87.0955,87.0962,87.1591,-0.0636,-0.0630,0.0006
8010,310.2,306.9,87.0905,87.0911,87.1591,-0.0686,-0.0680,0.0006
8011,310.7,566.2,87.0855,87.0861,87.1541,-0.0686,-0.0680,0.0006
8012,570.9,280.7,87.0804,87.0811,87.1541,-0.0737,-0.0730,0.0006
8013,660.3,316.5,87.0754,87.0760,87.1493,-0.0739,-0.0733,0.0006
8014,1006.2,366.7,87.0704,87.0710,87.1447,-0.0743,-0.0736,0.0006
8015,993.6,352.0,87.0654,87.0660,87.1405,-0.0751,-0.0745,0.0006
8016,1001.9,346.4,87.0604,87.0610,87.1363,-0.0759,-0.0753,0.0006
8017,1000.6,347.3,87.0554,87.0560,87.1322,-0.0769,-0.0762,0.0006
8018,1000.6,376.5,87.0504,87.0510,87.1279,-0.0776,-0.0769,0.0006
8019,997.0,383.8,87.0454,87.0460,87.1236,-0.0782,-0.0776,0.0006
8020,1000.4,380.9,87.0404,87.0410,87.1190,-0.0787,-0.0780,0.0006
8021,1001.7,380.5,87.0354,87.0360,87.1149,-0.0795,-0.0789,0.0007
8022,998.6,381.9,87.0304,87.0311,87.1108,-0.0804,-0.0798,0.0007
8023,999.5,381.4,87.0254,87.0261,87.1067,-0.0812,-0.0806,0.0007
8024,999.9,387.1,87.0204,87.0211,87.1021,-0.0816,-0.0810,0.0007
8025,1000.7,368.3,87.0155,87.0161,87.0978,-0.0824,-0.0817,0.0007
8026,997.8,371.2,87.0105,87.0112,87.0935,-0.0830,-0.0823,0.0007
8027,999.5,367.5,87.0056,87.0062,87.0890,-0.0834,-0.0827,0.0007
8028,1001.5,337.7,87.0006,87.0013,87.0840,-0.0834,-0.0828,0.0007
8029,1001.1,352.5,86.9957,86.9963,87.0794,-0.0838,-0.0831,0.0007
8030,995.7,379.8,86.9907,86.9914,87.0748,-0.0841,-0.0834,0.0007
8031,999.9,373.4,86.9858,86.9865,87.0702,-0.0844,-0.0837,0.0007
8032,1000.5,365.7,86.9808,86.9815,87.0650,-0.0842,-0.0835,0.0007
8033,1000.6,358.2,86.9759,86.9766,87.0601,-0.0841,-0.0835,0.0007
8034,1000.9,373.2,86.9710,86.9717,87.0550,-0.0840,-0.0833,0.0007
8035,999.3,367.2,86.9661,86.9668,87.0499,-0.0838,-0.0831,0.0007
8036,1002.1,339.6,86.9612,86.9619,87.0442,-0.0830,-0.0824,0.0007
8037,1001.0,346.9,86.9563,86.9569,87.0389,-0.0826,-0.0819,0.0007
8038,995.7,331.6,86.9514,86.9520,87.0335,-0.0821,-0.0814,0.0007
8039,1013.6,364.1,86.9465,86.9471,87.0281,-0.0816,-0.0809,0.0007
8040,991.6,329.9,86.9416,86.9423,87.0223,-0.0808,-0.0801,0.0007
8041,1000.0,319.0,86.9367,86.9374,87.0170,-0.0803,-0.0796,0.0007
8042,1003.9,340.8,86.9318,86.9325,87.0114,-0.0797,-0.0790,0.0007
8043,1001.7,367.7,86.9269,86.9276,87.0058,-0.0789,-0.0782,0.0007
8044,1001.3,336.2,86.9220,86.9227,86.9997,-0.0777,-0.0770,0.0007
8045,991.7,356.4,86.9172,86.9179,86.9942,-0.0771,-0.0763,0.0007
8046,995.8,378.3,86.9123,86.9130,86.9890,-0.0767,-0.0760,0.0007
8047,1000.3,339.2,86.9074,86.9082,86.9839,-0.0765,-0.0758,0.0007
8048,999.7,332.7,86.9026,86.9033,86.9784,-0.0758,-0.0751,0.0007
8049,1001.6,360.9,86.8977,86.8985,86.9731,-0.0754,-0.0747,0.0007
8050,998.5,380.5,86.8929,86.8936,86.9679,-0.0750,-0.0743,0.0007
8051,1000.0,387.9,86.8881,86.8888,86.9626,-0.0745,-0.0738,0.0007
8052,999.8,382.4,86.8832,86.8840,86.9567,-0.0734,-0.0727,0.0007
8053,1001.2,378.5,86.8784,86.8791,86.9511,-0.0727,-0.0720,0.0007
8054,999.0,369.6,86.8736,86.8743,86.9456,-0.0720,-0.0713,0.0007
8055,1001.3,399.3,86.8688,86.8695,86.9403,-0.0715,-0.0708,0.0007
8056,1005.8,327.5,86.8639,86.8647,86.9345,-0.0706,-0.0699,0.0007
8057,999.5,326.5,86.8591,86.8599,86.9293,-0.0701,-0.0694,0.0007
8058,1001.3,339.7,86.8543,86.8551,86.9240,-0.0696,-0.0689,0.0007
8059,990.4,342.5,86.8495,86.8503,86.9184,-0.0689,-0.0681,0.0007
8060,999.2,327.2,86.8447,86.8455,86.9124,-0.0677,-0.0669,0.0007
8061,1000.0,337.1,86.8399,86.8407,86.9070,-0.0670,-0.0663,0.0007
8062,1009.1,340.2,86.8352,86.8359,86.9017,-0.0665,-0.0658,0.0008
8063,998.2,315.4,86.8304,86.8311,86.8965,-0.0662,-0.0654,0.0008
8064,1003.5,327.6,86.8256,86.8264,86.8913,-0.0656,-0.0649,0.0008
8065,996.4,310.6,86.8208,86.8216,86.8864,-0.0655,-0.0647,0.0008
8066,997.6,330.3,86.8161,86.8168,86.8814,-0.0653,-0.0645,0.0008
8067,1002.7,327.4,86.8113,86.8121,86.8765,-0.0652,-0.0644,0.0008
8068,996.1,313.2,86.8066,86.8073,86.8713,-0.0647,-0.0640,0.0008
8069,1011.2,361.9,86.8018,86.8026,86.8665,-0.0647,-0.0639,0.0008
8070,988.5,345.5,86.7971,86.7979,86.8619,-0.0648,-0.0640,0.0008
8071,999.9,352.1,86.7924,86.7931,86.8575,-0.0652,-0.0644,0.0008
8072,1000.6,348.9,86.7876,86.7884,86.8531,-0.0654,-0.0647,0.0008
8073,999.2,336.4,86.7829,86.7837,86.8490,-0.0661,-0.0653,0.0008
8074,1001.0,321.9,86.7782,86.7790,86.8450,-0.0669,-0.0661,0.0008
8075,1004.0,322.1,86.7735,86.7742,86.8410,-0.0675,-0.0667,0.0008
8076,994.6,332.5,86.7687,86.7695,86.8364,-0.0676,-0.0668,0.0008
8077,1005.6,313.7,86.7640,86.7648,86.8320,-0.0680,-0.0672,0.0008
8078,1000.1,328.4,86.7593,86.7601,86.8277,-0.0683,-0.0675,0.0008
8079,999.5,324.1,86.7546,86.7554,86.8234,-0.0688,-0.0680,0.0008
8080,998.8,324.2,86.7500,86.7508,86.8190,-0.0691,-0.0683,0.0008
8081,995.0,344.1,86.7453,86.7461,86.8148,-0.0696,-0.0688,0.0008
8082,996.8,342.7,86.7406,86.7414,86.8106,-0.0700,-0.0692,0.0008
8083,1004.4,323.8,86.7359,86.7367,86.8064,-0.0705,-0.0697,0.0008
8084,1007.4,324.4,86.7313,86.7321,86.8020,-0.0707,-0.0699,0.0008
8085,998.0,322.4,86.7266,86.7274,86.7979,-0.0713,-0.0705,0.0008
8086,1011.9,319.4,86.7219,86.7227,86.7936,-0.0717,-0.0709,0.0008
8087,986.9,329.5,86.7173,86.7181,86.7893,-0.0721,-0.0712,0.0008
8088,1001.3,323.0,86.7126,86.7135,86.7845,-0.0719,-0.0710,0.0008
8089,997.5,317.9,86.7080,86.7088,86.7799,-0.0719,-0.0711,0.0008
8090,1002.0,326.6,86.7034,86.7042,86.7754,-0.0720,-0.0712,0.0008
8091,997.4,330.2,86.6987,86.6995,86.7709,-0.0721,-0.0713,0.0008
8092,1001.9,316.8,86.6941,86.6949,86.7660,-0.0719,-0.0711,0.0008
8093,1000.5,325.4,86.6895,86.6903,86.7616,-0.0721,-0.0713,0.0008
8094,997.4,338.9,86.6849,86.6857,86.7571,-0.0722,-0.0714,0.0008
8095,997.7,344.3,86.6803,86.6811,86.7525,-0.0722,-0.0714,0.0008
8096,999.9,361.8,86.6756,86.6765,86.7473,-0.0716,-0.0708,0.0008
8097,1001.5,326.3,86.6710,86.6719,86.7422,-0.0712,-0.0704,0.0008
8098,1005.6,310.3,86.6665,86.6673,86.7372,-0.0708,-0.0699,0.0008
8099,999.4,343.6,86.6619,86.6627,86.7324,-0.0706,-0.0697,0.0008
8100,995.6,334.0,86.6573,86.6581,86.7274,-0.0701,-0.0693,0.0009
8101,1003.0,342.9,86.6527,86.6536,86.7228,-0.0701,-0.0693,0.0009
8102,998.6,336.3,86.6481,86.6490,86.7183,-0.0701,-0.0693,0.0009
8103,996.3,334.6,86.6436,86.6444,86.7137,-0.0701,-0.0693,0.0009
8104,1006.5,324.3,86.6390,86.6399,86.7087,-0.0697,-0.0688,0.0009
8105,1001.3,329.2,86.6344,86.6353,86.7039,-0.0695,-0.0686,0.0009
8106,995.3,336.5,86.6299,86.6308,86.6990,-0.0691,-0.0682,0.0009
8107,1002.2,363.6,86.6254,86.6262,86.6939,-0.0685,-0.0677,0.0009
8108,997.1,340.9,86.6208,86.6217,86.6884,-0.0676,-0.0668,0.0009
8109,1001.3,343.7,86.6163,86.6172,86.6835,-0.0673,-0.0664,0.0009
8110,998.8,334.3,86.6118,86.6126,86.6788,-0.0671,-0.0662,0.0009
8111,998.9,327.2,86.6072,86.6081,86.6743,-0.0670,-0.0662,0.0009
8112,1001.7,324.2,86.6027,86.6036,86.6697,-0.0670,-0.0661,0.0009
8113,1000.9,320.6,86.5982,86.5991,86.6646,-0.0664,-0.0655,0.0009
8114,1000.6,330.3,86.5937,86.5946,86.6597,-0.0660,-0.0651,0.0009
8115,997.6,318.9,86.5892,86.5901,86.6546,-0.0655,-0.0646,0.0009
8116,999.8,326.3,86.5847,86.5856,86.6496,-0.0649,-0.0640,0.0009
8117,1003.0,331.4,86.5802,86.5811,86.6441,-0.0639,-0.0630,0.0009
8118,997.5,315.9,86.5757,86.5766,86.6391,-0.0633,-0.0624,0.0009
8119,1004.0,354.9,86.5712,86.5721,86.6343,-0.0630,-0.0621,0.0009
8120,996.1,351.3,86.5668,86.5677,86.6296,-0.0629,-0.0620,0.0009
8121,999.8,346.9,86.5623,86.5632,86.6246,-0.0623,-0.0614,0.0009
8122,999.6,372.7,86.5578,86.5587,86.6199,-0.0620,-0.0611,0.0009
8123,1001.7,374.8,86.5534,86.5543,86.6151,-0.0618,-0.0608,0.0009
8124,979.0,385.7,86.5489,86.5498,86.6104,-0.0615,-0.0606,0.0009
8125,1023.7,469.1,86.5445,86.5454,86.6055,-0.0610,-0.0601,0.0009
8126,995.7,358.2,86.5400,86.5410,86.6010,-0.0610,-0.0601,0.0009
8127,1001.9,451.0,86.5356,86.5365,86.5968,-0.0612,-0.0602,0.0009
8128,1000.0,377.0,86.5312,86.5321,86.5928,-0.0616,-0.0607,0.0009
8129,999.5,387.9,86.5268,86.5277,86.5886,-0.0619,-0.0610,0.0009
8130,999.8,369.8,86.5223,86.5233,86.5849,-0.0625,-0.0616,0.0009
8131,999.8,361.6,86.5179,86.5189,86.5811,-0.0632,-0.0623,0.0009
8132,1002.5,336.2,86.5135,86.5145,86.5773,-0.0638,-0.0628,0.0009
8133,995.4,321.6,86.5091,86.5101,86.5724,-0.0633,-0.0623,0.0009
8134,1002.4,334.1,86.5047,86.5057,86.5683,-0.0635,-0.0626,0.0009
8135,1002.0,323.7,86.5003,86.5013,86.5641,-0.0637,-0.0628,0.0009
8136,994.9,312.6,86.4960,86.4969,86.5596,-0.0637,-0.0627,0.0010
8137,1029.2,364.6,86.4916,86.4925,86.5557,-0.0642,-0.0632,0.0010
8138,974.4,335.4,86.4872,86.4882,86.5520,-0.0648,-0.0638,0.0010
8139,998.9,326.5,86.4828,86.4838,86.5481,-0.0653,-0.0644,0.0010
8140,999.6,327.6,86.4785,86.4794,86.5439,-0.0654,-0.0645,0.0010
8141,1002.1,326.5,86.4741,86.4751,86.5399,-0.0658,-0.0648,0.0010
8142,1000.6,337.2,86.4698,86.4707,86.5358,-0.0661,-0.0651,0.0010
8143,998.9,336.2,86.4654,86.4664,86.5317,-0.0663,-0.0653,0.0010
8144,999.7,360.5,86.4611,86.4621,86.5272,-0.0661,-0.0652,0.0010
8145,993.1,392.9,86.4568,86.4577,86.5230,-0.0663,-0.0653,0.0010
8146,974.5,430.3,86.4524,86.4534,86.5188,-0.0663,-0.0654,0.0010
8147,1034.5,364.5,86.4481,86.4491,86.5146,-0.0665,-0.0655,0.0010
8148,999.6,332.6,86.4438,86.4448,86.5102,-0.0664,-0.0654,0.0010
8149,999.9,346.5,86.4395,86.4405,86.5102,-0.0707,-0.0697,0.0010
8150,997.8,327.9,86.4352,86.4362,86.5062,-0.0711,-0.0701,0.0010
8151,1002.7,326.9,86.4309,86.4319,86.5021,-0.0713,-0.0703,0.0010
8152,1001.0,328.5,86.4266,86.4276,86.4981,-0.0715,-0.0705,0.0010
8153,1000.9,326.2,86.4223,86.4233,86.4935,-0.0712,-0.0702,0.0010
8154,998.3,324.4,86.4180,86.4190,86.4892,-0.0712,-0.0702,0.0010
8155,998.5,330.8,86.4137,86.4147,86.4849,-0.0711,-0.0701,0.0010
8156,1002.9,323.7,86.4095,86.4105,86.4801,-0.0706,-0.0696,0.0010
8157,995.4,325.7,86.4052,86.4062,86.4757,-0.0705,-0.0695,0.0010
8158,1000.9,332.4,86.4009,86.4020,86.4715,-0.0705,-0.0695,0.0010
8159,997.5,332.8,86.3967,86.3977,86.4674,-0.0707,-0.0697,0.0010
8160,1003.4,328.7,86.3925,86.3935,86.4631,-0.0707,-0.0696,0.0010
8161,1000.8,343.5,86.3882,86.3892,86.4591,-0.0709,-0.0698,0.0010
8162,995.8,333.7,86.3840,86.3850,86.4550,-0.0711,-0.0700,0.0010
8163,1007.6,331.5,86.3797,86.3808,86.4510,-0.0712,-0.0702,0.0010
8164,993.9,335.5,86.3755,86.3766,86.4462,-0.0707,-0.0697,0.0010
8165,1008.4,338.7,86.3713,86.3723,86.4416,-0.0703,-0.0692,0.0010
8166,994.2,327.2,86.3671,86.3681,86.4370,-0.0699,-0.0689,0.0010
8167,993.7,333.7,86.3629,86.3639,86.4323,-0.0694,-0.0684,0.0010
8168,998.6,323.4,86.3587,86.3597,86.4276,-0.0689,-0.0679,0.0010
8169,1016.2,327.9,86.3545,86.3555,86.4226,-0.0681,-0.0671,0.0010
8170,982.3,365.5,86.3503,86.3514,86.4180,-0.0677,-0.0667,0.0010
8171,999.1,360.0,86.3461,86.3472,86.4134,-0.0673,-0.0662,0.0011
8172,1000.2,334.6,86.3420,86.3430,86.4083,-0.0664,-0.0653,0.0011
8173,1019.0,327.3,86.3378,86.3388,86.4035,-0.0658,-0.0647,0.0011
8174,981.6,333.5,86.3336,86.3347,86.3986,-0.0650,-0.0639,0.0011
8175,1017.8,316.1,86.3295,86.3305,86.3935,-0.0641,-0.0630,0.0011
8176,983.0,337.0,86.3253,86.3264,86.3881,-0.0628,-0.0617,0.0011
8177,1000.2,334.9,86.3212,86.3222,86.3830,-0.0619,-0.0608,0.0011
8178,1015.7,319.5,86.3170,86.3181,86.3782,-0.0612,-0.0601,0.0011
8179,984.6,337.5,86.3129,86.3140,86.3735,-0.0606,-0.0595,0.0011
8180,998.0,325.7,86.3088,86.3098,86.3686,-0.0598,-0.0587,0.0011
8181,1016.9,319.2,86.3046,86.3057,86.3639,-0.0593,-0.0582,0.0011
8182,985.9,332.5,86.3005,86.3016,86.3593,-0.0588,-0.0577,0.0011
8183,1014.9,338.2,86.2964,86.2975,86.3547,-0.0582,-0.0572,0.0011
8184,983.7,339.2,86.2923,86.2934,86.3496,-0.0573,-0.0562,0.0011
8185,1001.3,346.2,86.2882,86.2893,86.3449,-0.0567,-0.0556,0.0011
8186,1000.7,381.7,86.2841,86.2852,86.3404,-0.0563,-0.0552,0.0011
8187,1007.2,344.6,86.2800,86.2811,86.3361,-0.0561,-0.0550,0.0011
8188,1000.3,343.2,86.2759,86.2771,86.3319,-0.0560,-0.0549,0.0011
8189,999.7,342.7,86.2719,86.2730,86.3276,-0.0557,-0.0546,0.0011
8190,1000.1,345.4,86.2678,86.2689,86.3236,-0.0558,-0.0547,0.0011
8191,999.9,345.0,86.2637,86.2649,86.3197,-0.0559,-0.0548,0.0011
8192,1000.0,338.8,86.2597,86.2608,86.3154,-0.0557,-0.0546,0.0011
8193,1001.0,351.6,86.2556,86.2568,86.3114,-0.0557,-0.0546,0.0011
8194,999.2,360.0,86.2516,86.2527,86.3072,-0.0556,-0.0545,0.0011
8195,999.8,361.9,86.2476,86.2487,86.3030,-0.0555,-0.0544,0.0011
8196,1000.0,379.9,86.2435,86.2446,86.2986,-0.0550,-0.0539,0.0011
8197,998.1,366.7,86.2395,86.2406,86.2945,-0.0550,-0.0539,0.0011
8198,1000.3,342.0,86.2355,86.2366,86.2906,-0.0551,-0.0540,0.0011
8199,1000.3,360.6,86.2315,86.2326,86.2868,-0.0554,-0.0542,0.0011
8200,983.6,361.0,86.2275,86.2286,86.2828,-0.0553,-0.0542,0.0011
8201,1006.8,367.9,86.2234,86.2246,86.2789,-0.0554,-0.0543,0.0011
8202,999.5,382.5,86.2195,86.2206,86.2751,-0.0556,-0.0545,0.0011
8203,999.9,383.2,86.2155,86.2166,86.2712,-0.0557,-0.0546,0.0011
8204,999.9,328.3,86.2115,86.2126,86.2670,-0.0555,-0.0544,0.0012
8205,1006.0,373.2,86.2075,86.2087,86.2630,-0.0555,-0.0543,0.0012
8206,1012.7,345.1,86.2035,86.2047,86.2590,-0.0555,-0.0543,0.0012
8207,994.0,328.2,86.1996,86.2007,86.2551,-0.0556,-0.0544,0.0012
8208,998.6,345.4,86.1956,86.1968,86.2510,-0.0554,-0.0543,0.0012
8209,1000.2,345.3,86.1917,86.1928,86.2473,-0.0557,-0.0545,0.0012
8210,999.7,332.4,86.1877,86.1889,86.2437,-0.0560,-0.0548,0.0012
8211,1000.8,343.4,86.1838,86.1849,86.2399,-0.0561,-0.0550,0.0012
8212,998.8,343.2,86.1798,86.1810,86.2357,-0.0559,-0.0547,0.0012
8213,999.7,328.9,86.1759,86.1771,86.2317,-0.0558,-0.0547,0.0012
8214,1000.3,346.4,86.1720,86.1732,86.2278,-0.0558,-0.0547,0.0012
8215,1000.1,339.8,86.1681,86.1692,86.2240,-0.0559,-0.0548,0.0012
8216,1002.4,337.3,86.1642,86.1653,86.2200,-0.0558,-0.0546,0.0012
8217,997.3,341.0,86.1602,86.1614,86.2164,-0.0561,-0.0549,0.0012
8218,1000.3,332.9,86.1564,86.1575,86.2128,-0.0565,-0.0553,0.0012
8219,997.8,363.9,86.1525,86.1537,86.2094,-0.0569,-0.0557,0.0012
8220,999.9,379.3,86.1486,86.1498,86.2060,-0.0574,-0.0562,0.0012
8221,1000.1,374.0,86.1447,86.1459,86.2025,-0.0578,-0.0566,0.0012
8222,1000.3,388.3,86.1408,86.1420,86.1994,-0.0586,-0.0574,0.0012
8223,992.9,350.3,86.1370,86.1382,86.1964,-0.0594,-0.0582,0.0012
8224,998.1,364.5,86.1331,86.1343,86.1932,-0.0601,-0.0589,0.0012
8225,1000.1,353.7,86.1292,86.1305,86.1897,-0.0604,-0.0592,0.0012
8226,1000.1,354.6,86.1254,86.1266,86.1861,-0.0607,-0.0595,0.0012
8227,1000.5,355.4,86.1216,86.1228,86.1825,-0.0610,-0.0597,0.0012
8228,1009.7,338.0,86.1177,86.1189,86.1789,-0.0612,-0.0599,0.0012
8229,1004.1,358.3,86.1139,86.1151,86.1750,-0.0611,-0.0599,0.0012
8230,993.8,351.2,86.1101,86.1113,86.1714,-0.0613,-0.0601,0.0012
8231,1002.3,376.0,86.1062,86.1075,86.1678,-0.0616,-0.0603,0.0012
8232,999.9,375.5,86.1024,86.1037,86.1642,-0.0618,-0.0605,0.0012
8233,1000.3,361.3,86.0986,86.0999,86.1603,-0.0617,-0.0605,0.0012
8234,997.1,366.1,86.0948,86.0961,86.1569,-0.0620,-0.0608,0.0012
8235,1000.0,351.9,86.0910,86.0923,86.1533,-0.0623,-0.0610,0.0012
8236,999.6,382.1,86.0873,86.0885,86.1497,-0.0624,-0.0611,0.0013
8237,1001.0,330.8,86.0835,86.0847,86.1455,-0.0620,-0.0607,0.0013
8238,999.0,380.4,86.0797,86.0810,86.1414,-0.0617,-0.0604,0.0013
8239,999.9,377.0,86.0759,86.0772,86.1372,-0.0612,-0.0600,0.0013
8240,1000.0,369.0,86.0722,86.0734,86.1329,-0.0607,-0.0595,0.0013
8241,998.5,377.9,86.0684,86.0697,86.1285,-0.0601,-0.0588,0.0013
8242,1000.8,366.9,86.0647,86.0660,86.1244,-0.0597,-0.0585,0.0013
8243,999.4,327.4,86.0609,86.0622,86.1202,-0.0593,-0.0580,0.0013
8244,1000.5,396.7,86.0572,86.0585,86.1160,-0.0588,-0.0575,0.0013
8245,999.4,361.1,86.0535,86.0548,86.1116,-0.0581,-0.0569,0.0013
8246,999.9,404.4,86.0498,86.0510,86.1076,-0.0579,-0.0566,0.0013
8247,1005.2,362.1,86.0460,86.0473,86.1038,-0.0577,-0.0564,0.0013
8248,995.7,323.2,86.0423,86.0436,86.0999,-0.0576,-0.0563,0.0013
8249,1000.5,360.9,86.0386,86.0399,86.0955,-0.0569,-0.0556,0.0013
8250,999.9,348.7,86.0349,86.0362,86.0915,-0.0566,-0.0553,0.0013
8251,1001.0,329.9,86.0312,86.0325,86.0875,-0.0562,-0.0549,0.0013
8252,1002.9,353.9,86.0276,86.0289,86.0836,-0.0561,-0.0548,0.0013
8253,999.5,347.0,86.0239,86.0252,86.0797,-0.0558,-0.0545,0.0013
8254,1000.6,344.1,86.0202,86.0215,86.0762,-0.0560,-0.0547,0.0013
8255,999.5,357.2,86.0165,86.0179,86.0727,-0.0562,-0.0549,0.0013
8256,999.7,348.0,86.0129,86.0142,86.0694,-0.0565,-0.0552,0.0013
8257,1000.8,339.1,86.0092,86.0106,86.0658,-0.0566,-0.0553,0.0013
8258,999.1,346.4,86.0056,86.0069,86.0624,-0.0569,-0.0555,0.0013
8259,999.8,376.5,86.0020,86.0033,86.0590,-0.0570,-0.0557,0.0013
8260,1000.7,348.0,85.9983,85.9996,86.0554,-0.0570,-0.0557,0.0013
8261,999.0,352.2,85.9947,85.9960,86.0513,-0.0566,-0.0552,0.0013
8262,1001.8,345.8,85.9911,85.9924,86.0473,-0.0563,-0.0549,0.0013
8263,997.1,340.2,85.9875,85.9888,86.0436,-0.0561,-0.0548,0.0013
8264,1000.6,348.9,85.9839,85.9852,86.0399,-0.0560,-0.0547,0.0013
8265,999.1,346.4,85.9803,85.9816,86.0358,-0.0555,-0.0542,0.0013
8266,1000.1,334.2,85.9767,85.9780,86.0319,-0.0553,-0.0539,0.0013
8267,1002.6,363.5,85.9731,85.9744,86.0281,-0.0550,-0.0536,0.0014
8268,998.9,355.9,85.9695,85.9708,86.0243,-0.0548,-0.0534,0.0014
8269,997.8,361.3,85.9659,85.9673,86.0203,-0.0543,-0.0530,0.0014
8270,999.9,367.6,85.9624,85.9637,86.0165,-0.0541,-0.0528,0.0014
8271,1002.4,375.3,85.9588,85.9602,86.0126,-0.0538,-0.0525,0.0014
8272,999.0,349.9,85.9552,85.9566,86.0087,-0.0534,-0.0520,0.0014
8273,1001.1,382.0,85.9517,85.9531,86.0042,-0.0525,-0.0512,0.0014
8274,1000.4,358.3,85.9481,85.9495,86.0002,-0.0520,-0.0507,0.0014
8275,1000.1,366.8,85.9446,85.9460,85.9963,-0.0517,-0.0503,0.0014
8276,999.8,375.8,85.9411,85.9425,85.9925,-0.0514,-0.0500,0.0014
8277,1000.6,374.9,85.9376,85.9389,85.9884,-0.0509,-0.0495,0.0014
8278,1016.7,330.3,85.9340,85.9354,85.9847,-0.0506,-0.0492,0.0014
8279,974.6,354.7,85.9305,85.9319,85.9810,-0.0504,-0.0490,0.0014
8280,999.5,2526.7,85.9270,85.9284,85.9771,-0.0501,-0.0487,0.0014
8281,2531.8,397.9,85.9235,85.9249,85.9694,-0.0459,-0.0445,0.0014
8282,404.5,432.1,85.9201,85.9215,85.9658,-0.0457,-0.0443,0.0014
8283,484.5,305.2,85.9166,85.9180,85.9658,-0.0492,-0.0478,0.0014
8284,580.2,328.7,85.9131,85.9145,85.9620,-0.0489,-0.0475,0.0014
8285,1003.8,377.8,85.9096,85.9110,85.9585,-0.0489,-0.0475,0.0014
8286,993.2,333.7,85.9062,85.9076,85.9549,-0.0487,-0.0473,0.0014
8287,999.8,360.5,85.9027,85.9041,85.9517,-0.0490,-0.0476,0.0014
8288,1000.0,338.2,85.8993,85.9007,85.9487,-0.0495,-0.0481,0.0014
8289,1009.4,359.2,85.8958,85.8972,85.9456,-0.0498,-0.0484,0.0014
8290,1014.2,354.7,85.8924,85.8938,85.9426,-0.0502,-0.0488,0.0014
8291,996.6,379.7,85.8889,85.8904,85.9395,-0.0505,-0.0491,0.0014
8292,990.1,341.5,85.8855,85.8870,85.9363,-0.0507,-0.0493,0.0014
8293,1006.1,329.1,85.8821,85.8835,85.9329,-0.0508,-0.0493,0.0014
8294,1000.9,359.4,85.8787,85.8801,85.9292,-0.0505,-0.0491,0.0014
8295,973.2,415.0,85.8753,85.8767,85.9259,-0.0506,-0.0492,0.0014
8296,1020.2,390.8,85.8719,85.8733,85.9225,-0.0506,-0.0492,0.0014
8297,998.3,381.5,85.8685,85.8700,85.9189,-0.0504,-0.0490,0.0014
8298,998.9,418.0,85.8651,85.8666,85.9156,-0.0505,-0.0490,0.0015
8299,1001.2,427.1,85.8617,85.8632,85.9123,-0.0506,-0.0491,0.0015
8300,999.7,356.6,85.8584,85.8598,85.9091,-0.0507,-0.0492,0.0015
8301,998.6,404.1,85.8550,85.8565,85.9055,-0.0505,-0.0490,0.0015
8302,999.9,400.7,85.8517,85.8531,85.9026,-0.0510,-0.0495,0.0015
8303,1001.0,371.2,85.8483,85.8498,85.8997,-0.0514,-0.0500,0.0015
8304,999.8,365.1,85.8450,85.8464,85.8964,-0.0514,-0.0499,0.0015
8305,997.4,379.3,85.8416,85.8431,85.8932,-0.0516,-0.0501,0.0015
8306,999.9,394.8,85.8383,85.8398,85.8899,-0.0516,-0.0502,0.0015
8307,1000.3,337.5,85.8350,85.8365,85.8864,-0.0515,-0.0500,0.0015
8308,1000.3,377.1,85.8317,85.8331,85.8829,-0.0512,-0.0497,0.0015
8309,1001.0,388.2,85.8283,85.8298,85.8791,-0.0507,-0.0493,0.0015
8310,998.5,337.9,85.8250,85.8265,85.8758,-0.0508,-0.0493,0.0015
8311,1001.9,370.0,85.8217,85.8232,85.8726,-0.0509,-0.0494,0.0015
8312,1000.8,360.1,85.8185,85.8200,85.8693,-0.0509,-0.0494,0.0015
8313,999.1,358.3,85.8152,85.8167,85.8658,-0.0506,-0.0491,0.0015
8314,1000.1,406.9,85.8119,85.8134,85.8625,-0.0506,-0.0491,0.0015
8315,1026.0,407.5,85.8086,85.8101,85.8592,-0.0506,-0.0491,0.0015
8316,970.5,339.9,85.8054,85.8069,85.8560,-0.0506,-0.0491,0.0015
8317,1007.1,375.2,85.8021,85.8036,85.8560,-0.0539,-0.0524,0.0015
8318,1002.2,355.3,85.7989,85.8004,85.8524,-0.0535,-0.0520,0.0015
8319,996.3,346.4,85.7956,85.7971,85.8489,-0.0533,-0.0518,0.0015
8320,1005.7,369.5,85.7924,85.7939,85.8452,-0.0528,-0.0513,0.0015
8321,994.2,387.4,85.7892,85.7907,85.8414,-0.0523,-0.0507,0.0015
8322,1001.3,347.1,85.7859,85.7875,85.8373,-0.0513,-0.0498,0.0015
8323,997.7,356.2,85.7827,85.7843,85.8336,-0.0509,-0.0493,0.0015
8324,999.8,358.9,85.7795,85.7810,85.8301,-0.0506,-0.0490,0.0015
8325,999.9,362.5,85.7763,85.7778,85.8267,-0.0504,-0.0489,0.0015
8326,999.9,366.8,85.7731,85.7747,85.8232,-0.0501,-0.0485,0.0015
8327,998.4,359.5,85.7699,85.7715,85.8199,-0.0500,-0.0485,0.0015
8328,1000.5,363.4,85.7667,85.7683,85.8167,-0.0500,-0.0484,0.0016
8329,1000.0,376.8,85.7636,85.7651,85.8133,-0.0497,-0.0482,0.0016
8330,999.7,374.5,85.7604,85.7620,85.8101,-0.0497,-0.0481,0.0016
8331,1000.0,349.5,85.7572,85.7588,85.8068,-0.0496,-0.0480,0.0016
8332,1000.0,352.9,85.7541,85.7557,85.8035,-0.0495,-0.0479,0.0016
8333,1000.0,343.9,85.7509,85.7525,85.7998,-0.0489,-0.0473,0.0016
8334,1000.0,334.0,85.7478,85.7494,85.7964,-0.0486,-0.0470,0.0016
8335,1008.5,361.1,85.7447,85.7462,85.7929,-0.0483,-0.0467,0.0016
8336,995.1,354.3,85.7415,85.7431,85.7895,-0.0480,-0.0464,0.0016
8337,994.4,323.9,85.7384,85.7400,85.7859,-0.0475,-0.0459,0.0016
8338,1008.2,348.5,85.7353,85.7369,85.7825,-0.0472,-0.0456,0.0016
8339,997.6,348.0,85.7322,85.7338,85.7792,-0.0470,-0.0454,0.0016
8340,999.7,339.5,85.7291,85.7307,85.7759,-0.0468,-0.0452,0.0016
8341,999.0,363.7,85.7260,85.7276,85.7724,-0.0464,-0.0448,0.0016
8342,1002.1,368.9,85.7229,85.7245,85.7690,-0.0461,-0.0445,0.0016
8343,1002.7,352.0,85.7198,85.7214,85.7656,-0.0458,-0.0442,0.0016
8344,999.5,377.3,85.7168,85.7184,85.7621,-0.0453,-0.0437,0.0016
8345,1004.5,367.7,85.7137,85.7153,85.7582,-0.0445,-0.0429,0.0016
8346,994.3,389.6,85.7106,85.7123,85.7548,-0.0441,-0.0425,0.0016
8347,1001.3,355.8,85.7076,85.7092,85.7514,-0.0438,-0.0422,0.0016
8348,995.9,338.2,85.7046,85.7062,85.7479,-0.0433,-0.0417,0.0016
8349,997.3,345.0,85.7015,85.7031,85.7441,-0.0426,-0.0410,0.0016
8350,1000.2,356.9,85.6985,85.7001,85.7408,-0.0423,-0.0406,0.0016
8351,1000.3,347.1,85.6955,85.6971,85.7375,-0.0421,-0.0404,0.0016
8352,999.9,340.0,85.6924,85.6941,85.7343,-0.0418,-0.0402,0.0016
8353,999.8,345.1,85.6894,85.6911,85.7307,-0.0413,-0.0396,0.0016
8354,999.8,340.5,85.6864,85.6881,85.7274,-0.0410,-0.0393,0.0016
8355,1001.0,343.9,85.6834,85.6851,85.7240,-0.0406,-0.0389,0.0016
8356,999.3,348.4,85.6804,85.6821,85.7206,-0.0401,-0.0385,0.0016
8357,1012.1,340.3,85.6775,85.6791,85.7168,-0.0394,-0.0377,0.0017
8358,992.4,336.1,85.6745,85.6761,85.7133,-0.0388,-0.0372,0.0017
8359,1000.3,343.2,85.6715,85.6732,85.7100,-0.0384,-0.0368,0.0017
8360,999.1,351.7,85.6686,85.6702,85.7069,-0.0383,-0.0367,0.0017
8361,999.9,343.9,85.6656,85.6673,85.7038,-0.0382,-0.0365,0.0017
8362,1000.5,353.8,85.6627,85.6643,85.7010,-0.0383,-0.0366,0.0017
8363,1000.0,343.6,85.6597,85.6614,85.6981,-0.0384,-0.0367,0.0017
8364,1018.8,385.9,85.6568,85.6585,85.6952,-0.0384,-0.0367,0.0017
8365,969.7,362.0,85.6539,85.6555,85.6922,-0.0384,-0.0367,0.0017
8366,1009.8,364.5,85.6509,85.6526,85.6897,-0.0388,-0.0371,0.0017
8367,1000.0,345.2,85.6480,85.6497,85.6874,-0.0394,-0.0377,0.0017
8368,999.8,359.5,85.6451,85.6468,85.6850,-0.0399,-0.0382,0.0017
8369,999.6,353.0,85.6422,85.6439,85.6823,-0.0401,-0.0384,0.0017
8370,998.1,374.8,85.6393,85.6410,85.6797,-0.0404,-0.0387,0.0017
8371,999.9,382.2,85.6365,85.6382,85.6770,-0.0405,-0.0388,0.0017
8372,999.9,341.6,85.6336,85.6353,85.6742,-0.0406,-0.0389,0.0017
8373,1000.1,362.1,85.6307,85.6324,85.6712,-0.0405,-0.0388,0.0017
8374,999.6,370.4,85.6278,85.6296,85.6683,-0.0405,-0.0388,0.0017
8375,1001.3,355.0,85.6250,85.6267,85.6655,-0.0405,-0.0388,0.0017
8376,999.3,353.6,85.6221,85.6239,85.6626,-0.0405,-0.0388,0.0017
8377,999.7,345.0,85.6193,85.6210,85.6595,-0.0402,-0.0385,0.0017
8378,1000.3,357.4,85.6165,85.6182,85.6567,-0.0402,-0.0385,0.0017
8379,1003.5,357.9,85.6136,85.6154,85.6540,-0.0403,-0.0386,0.0017
8380,994.1,339.1,85.6108,85.6125,85.6513,-0.0404,-0.0387,0.0017
8381,1008.6,343.6,85.6080,85.6097,85.6483,-0.0403,-0.0386,0.0017
8382,997.0,360.5,85.6052,85.6069,85.6456,-0.0404,-0.0387,0.0017
8383,1000.5,1408.3,85.6024,85.6041,85.6429,-0.0405,-0.0387,0.0017
8384,1414.0,336.1,85.5996,85.6013,85.6401,-0.0405,-0.0387,0.0017
8385,584.3,350.9,85.5968,85.5986,85.6370,-0.0402,-0.0385,0.0018
8386,1000.3,383.0,85.5940,85.5958,85.6342,-0.0402,-0.0384,0.0018
8387,1001.1,367.7,85.5913,85.5930,85.6313,-0.0400,-0.0383,0.0018
8388,998.1,376.3,85.5885,85.5903,85.6284,-0.0399,-0.0381,0.0018
8389,1000.3,378.2,85.5857,85.5875,85.6252,-0.0395,-0.0377,0.0018
8390,1000.6,350.8,85.5830,85.5848,85.6224,-0.0394,-0.0376,0.0018
8391,999.1,388.0,85.5802,85.5820,85.6197,-0.0394,-0.0377,0.0018
8392,999.7,374.9,85.5775,85.5793,85.6172,-0.0397,-0.0379,0.0018
8393,998.9,369.5,85.5748,85.5766,85.6146,-0.0398,-0.0380,0.0018
8394,1004.0,393.8,85.5721,85.5738,85.6121,-0.0401,-0.0383,0.0018
8395,997.8,383.5,85.5693,85.5711,85.6097,-0.0404,-0.0386,0.0018
8396,1000.0,381.4,85.5666,85.5684,85.6074,-0.0407,-0.0389,0.0018
8397,999.4,393.4,85.5639,85.5657,85.6048,-0.0408,-0.0390,0.0018
8398,998.1,391.2,85.5612,85.5630,85.6023,-0.0411,-0.0393,0.0018
8399,1018.9,373.5,85.5586,85.5604,85.5998,-0.0412,-0.0394,0.0018
8400,987.1,368.2,85.5559,85.5577,85.5973,-0.0414,-0.0396,0.0018
8401,1004.5,348.6,85.5532,85.5550,85.5946,-0.0414,-0.0396,0.0018
8402,998.6,368.8,85.5505,85.5524,85.5921,-0.0416,-0.0398,0.0018
8403,1034.7,727.1,85.5479,85.5497,85.5897,-0.0418,-0.0400,0.0018
8404,959.1,364.7,85.5452,85.5471,85.5873,-0.0421,-0.0403,0.0018
8405,1002.1,360.0,85.5426,85.5444,85.5848,-0.0422,-0.0403,0.0018
8406,1000.0,375.9,85.5400,85.5418,85.5824,-0.0425,-0.0406,0.0018
8407,996.4,376.6,85.5373,85.5392,85.5799,-0.0426,-0.0407,0.0018
8408,1002.9,345.2,85.5347,85.5365,85.5774,-0.0427,-0.0409,0.0018
8409,999.3,377.5,85.5321,85.5339,85.5747,-0.0426,-0.0408,0.0018
8410,1000.1,379.5,85.5295,85.5313,85.5724,-0.0429,-0.0411,0.0018
8411,997.5,390.0,85.5269,85.5287,85.5702,-0.0433,-0.0414,0.0018
8412,1002.4,370.7,85.5243,85.5261,85.5679,-0.0436,-0.0418,0.0018
8413,996.4,372.1,85.5217,85.5236,85.5656,-0.0439,-0.0420,0.0019
8414,1000.0,381.4,85.5191,85.5210,85.5634,-0.0443,-0.0425,0.0019
8415,1000.1,398.7,85.5166,85.5184,85.5613,-0.0447,-0.0428,0.0019
8416,1001.6,355.4,85.5140,85.5159,85.5589,-0.0449,-0.0431,0.0019
8417,1000.9,373.7,85.5114,85.5133,85.5564,-0.0449,-0.0431,0.0019
8418,997.7,379.7,85.5089,85.5108,85.5538,-0.0449,-0.0430,0.0019
8419,1000.6,408.1,85.5063,85.5082,85.5511,-0.0448,-0.0429,0.0019
8420,1000.1,417.8,85.5038,85.5057,85.5485,-0.0446,-0.0428,0.0019
8421,1039.2,388.4,85.5013,85.5032,85.5455,-0.0442,-0.0423,0.0019
8422,963.2,415.9,85.4988,85.5006,85.5427,-0.0439,-0.0420,0.0019
8423,1002.3,425.6,85.4962,85.4981,85.5399,-0.0437,-0.0418,0.0019
8424,999.6,430.5,85.4937,85.4956,85.5371,-0.0434,-0.0415,0.0019
8425,998.0,440.6,85.4912,85.4931,85.5341,-0.0429,-0.0410,0.0019
8426,1000.0,408.2,85.4888,85.4907,85.5313,-0.0426,-0.0407,0.0019
8427,1001.5,375.4,85.4863,85.4882,85.5286,-0.0424,-0.0404,0.0019
8428,998.5,367.9,85.4838,85.4857,85.5259,-0.0421,-0.0402,0.0019
8429,1000.2,386.6,85.4813,85.4832,85.5230,-0.0417,-0.0398,0.0019
8430,999.9,411.0,85.4789,85.4808,85.5203,-0.0414,-0.0395,0.0019
8431,998.6,391.4,85.4764,85.4783,85.5175,-0.0411,-0.0392,0.0019
8432,1001.1,388.2,85.4740,85.4759,85.5147,-0.0407,-0.0388,0.0019
8433,999.2,417.2,85.4715,85.4734,85.5116,-0.0401,-0.0382,0.0019
8434,1001.9,407.6,85.4691,85.4710,85.5087,-0.0396,-0.0377,0.0019
8435,995.9,373.3,85.4667,85.4686,85.5058,-0.0391,-0.0372,0.0019
8436,1001.6,401.8,85.4642,85.4662,85.5029,-0.0387,-0.0368,0.0019
8437,1000.3,373.7,85.4618,85.4638,85.4998,-0.0380,-0.0361,0.0019
8438,1000.1,385.6,85.4594,85.4614,85.4969,-0.0375,-0.0355,0.0019
8439,998.6,426.4,85.4570,85.4590,85.4939,-0.0369,-0.0350,0.0019
8440,1001.9,374.1,85.4546,85.4566,85.4912,-0.0365,-0.0346,0.0019
8441,997.3,399.5,85.4522,85.4542,85.4883,-0.0360,-0.0341,0.0020
8442,1017.0,363.4,85.4499,85.4518,85.4857,-0.0358,-0.0338,0.0020
8443,986.2,383.9,85.4475,85.4495,85.4831,-0.0356,-0.0336,0.0020
8444,1001.2,402.5,85.4451,85.4471,85.4804,-0.0353,-0.0333,0.0020
8445,1001.0,421.8,85.4428,85.4448,85.4776,-0.0348,-0.0328,0.0020
8446,998.3,435.4,85.4404,85.4424,85.4750,-0.0345,-0.0326,0.0020
8447,1000.5,415.5,85.4381,85.4401,85.4724,-0.0343,-0.0323,0.0020
8448,1003.1,360.7,85.4358,85.4378,85.4697,-0.0339,-0.0319,0.0020
8449,994.5,383.2,85.4335,85.4354,85.4668,-0.0333,-0.0313,0.0020
8450,1003.5,381.8,85.4311,85.4331,85.4640,-0.0328,-0.0309,0.0020
8451,998.5,383.7,85.4288,85.4308,85.4612,-0.0324,-0.0304,0.0020
8452,1000.2,406.8,85.4265,85.4285,85.4586,-0.0320,-0.0301,0.0020
8453,999.3,438.4,85.4242,85.4262,85.4557,-0.0315,-0.0295,0.0020
8454,1000.1,424.4,85.4219,85.4239,85.4530,-0.0310,-0.0290,0.0020
8455,999.1,411.2,85.4197,85.4217,85.4505,-0.0308,-0.0288,0.0020
8456,1002.9,418.3,85.4174,85.4194,85.4481,-0.0307,-0.0287,0.0020
8457,996.7,398.8,85.4151,85.4171,85.4456,-0.0305,-0.0285,0.0020
8458,1000.1,350.1,85.4129,85.4149,85.4433,-0.0304,-0.0284,0.0020
8459,998.8,400.9,85.4106,85.4126,85.4411,-0.0305,-0.0285,0.0020
8460,1001.9,416.5,85.4084,85.4104,85.4388,-0.0305,-0.0284,0.0020
8461,997.6,417.9,85.4061,85.4082,85.4361,-0.0299,-0.0279,0.0020
8462,1001.9,381.1,85.4039,85.4059,85.4342,-0.0302,-0.0282,0.0020
8463,1005.2,367.8,85.4017,85.4037,85.4314,-0.0297,-0.0277,0.0020
8464,995.0,376.4,85.3995,85.4015,85.4288,-0.0293,-0.0273,0.0020
8465,1001.5,396.4,85.3973,85.3993,85.4264,-0.0291,-0.0271,0.0020
8466,1001.7,391.5,85.3951,85.3971,85.4239,-0.0288,-0.0267,0.0020
8467,1000.1,409.5,85.3929,85.3949,85.4213,-0.0285,-0.0264,0.0020
8468,997.4,381.7,85.3907,85.3927,85.4188,-0.0281,-0.0261,0.0021
8469,1001.7,429.8,85.3885,85.3906,85.4162,-0.0277,-0.0256,0.0021
8470,997.2,456.9,85.3863,85.3884,85.4138,-0.0275,-0.0254,0.0021
8471,1000.2,414.0,85.3842,85.3862,85.4115,-0.0274,-0.0253,0.0021
8472,1002.2,375.7,85.3820,85.3841,85.4093,-0.0273,-0.0252,0.0021
8473,997.2,384.5,85.3799,85.3820,85.4070,-0.0271,-0.0251,0.0021
8474,1002.0,434.2,85.3777,85.3798,85.4050,-0.0273,-0.0252,0.0021
8475,1000.2,423.1,85.3756,85.3777,85.4030,-0.0274,-0.0253,0.0021
8476,1000.8,395.4,85.3735,85.3756,85.4009,-0.0274,-0.0253,0.0021
8477,999.2,420.9,85.3714,85.3735,85.3986,-0.0272,-0.0252,0.0021
8478,996.9,373.3,85.3693,85.3714,85.3964,-0.0272,-0.0251,0.0021
8479,999.5,398.4,85.3672,85.3693,85.3943,-0.0271,-0.0250,0.0021
8480,1003.0,382.4,85.3651,85.3672,85.3922,-0.0271,-0.0250,0.0021
8481,999.8,413.3,85.3630,85.3651,85.3922,-0.0292,-0.0271,0.0021
8482,999.1,414.9,85.3609,85.3630,85.3898,-0.0289,-0.0268,0.0021
8483,999.2,370.1,85.3588,85.3609,85.3876,-0.0288,-0.0267,0.0021
8484,1000.8,368.5,85.3568,85.3589,85.3854,-0.0286,-0.0265,0.0021
8485,1000.2,383.6,85.3547,85.3568,85.3829,-0.0282,-0.0261,0.0021
8486,1002.7,385.5,85.3527,85.3548,85.3803,-0.0277,-0.0255,0.0021
8487,1000.5,388.1,85.3506,85.3527,85.3779,-0.0272,-0.0251,0.0021
8488,998.2,420.5,85.3486,85.3507,85.3754,-0.0268,-0.0247,0.0021
8489,999.7,400.6,85.3465,85.3487,85.3728,-0.0263,-0.0242,0.0021
8490,999.7,415.5,85.3445,85.3467,85.3705,-0.0260,-0.0238,0.0021
8491,998.7,362.6,85.3425,85.3447,85.3683,-0.0257,-0.0236,0.0021
8492,1002.7,419.4,85.3405,85.3426,85.3661,-0.0256,-0.0235,0.0021
8493,997.7,374.1,85.3385,85.3407,85.3638,-0.0253,-0.0232,0.0021
8494,1001.5,401.4,85.3365,85.3387,85.3618,-0.0253,-0.0231,0.0021
8495,1000.1,453.5,85.3345,85.3367,85.3598,-0.0252,-0.0231,0.0022
8496,999.2,446.6,85.3326,85.3347,85.3578,-0.0253,-0.0231,0.0022
8497,998.8,430.6,85.3306,85.3328,85.3558,-0.0252,-0.0231,0.0022
8498,1001.5,436.6,85.3286,85.3308,85.3540,-0.0253,-0.0232,0.0022
8499,1001.4,364.5,85.3267,85.3288,85.3521,-0.0254,-0.0232,0.0022
8500,998.5,453.0,85.3247,85.3269,85.3503,-0.0255,-0.0234,0.0022
8501,997.1,391.1,85.3228,85.3250,85.3485,-0.0257,-0.0235,0.0022
8502,1002.7,417.7,85.3209,85.3230,85.3466,-0.0257,-0.0235,0.0022
8503,999.3,422.9,85.3189,85.3211,85.3448,-0.0258,-0.0236,0.0022
8504,997.9,369.6,85.3170,85.3192,85.3430,-0.0259,-0.0238,0.0022
8505,1002.7,371.9,85.3151,85.3173,85.3411,-0.0259,-0.0238,0.0022
8506,999.2,464.0,85.3132,85.3154,85.3390,-0.0258,-0.0236,0.0022
8507,1002.1,378.0,85.3113,85.3135,85.3369,-0.0256,-0.0234,0.0022
8508,999.6,379.5,85.3094,85.3116,85.3350,-0.0256,-0.0234,0.0022
8509,1001.6,402.9,85.3076,85.3098,85.3333,-0.0257,-0.0235,0.0022
8510,1001.3,392.2,85.3057,85.3079,85.3314,-0.0257,-0.0235,0.0022
8511,997.7,405.1,85.3038,85.3060,85.3298,-0.0260,-0.0238,0.0022
8512,998.5,422.7,85.3020,85.3042,85.3283,-0.0263,-0.0241,0.0022
8513,1000.5,396.6,85.3001,85.3023,85.3267,-0.0266,-0.0244,0.0022
8514,1000.4,415.6,85.2983,85.3005,85.3252,-0.0269,-0.0247,0.0022
8515,997.9,393.2,85.2965,85.2987,85.3236,-0.0272,-0.0249,0.0022
8516,1001.6,425.5,85.2946,85.2969,85.3223,-0.0277,-0.0254,0.0022
8517,1004.2,375.7,85.2928,85.2951,85.3210,-0.0282,-0.0259,0.0022
8518,997.1,428.3,85.2910,85.2932,85.3197,-0.0287,-0.0265,0.0022
8519,1001.1,427.1,85.2892,85.2914,85.3183,-0.0291,-0.0268,0.0022
8520,998.8,413.8,85.2874,85.2897,85.3169,-0.0295,-0.0273,0.0022
8521,996.5,432.2,85.2856,85.2879,85.3156,-0.0299,-0.0277,0.0023
8522,1001.1,441.5,85.2838,85.2861,85.3141,-0.0302,-0.0280,0.0023
8523,998.7,434.6,85.2821,85.2843,85.3124,-0.0304,-0.0281,0.0023
8524,1001.5,436.5,85.2803,85.2826,85.3110,-0.0307,-0.0284,0.0023
8525,998.2,374.5,85.2785,85.2808,85.3094,-0.0309,-0.0286,0.0023
8526,1002.5,386.1,85.2768,85.2791,85.3080,-0.0312,-0.0289,0.0023
8527,999.2,410.3,85.2751,85.2773,85.3064,-0.0313,-0.0291,0.0023
8528,1002.4,390.5,85.2733,85.2756,85.3050,-0.0317,-0.0294,0.0023
8529,999.0,402.1,85.2716,85.2739,85.3035,-0.0319,-0.0296,0.0023
8530,999.2,401.6,85.2699,85.2722,85.3018,-0.0319,-0.0297,0.0023
8531,1000.4,422.5,85.2682,85.2705,85.3000,-0.0319,-0.0296,0.0023
8532,1000.7,429.2,85.2665,85.2688,85.2983,-0.0319,-0.0296,0.0023
8533,999.9,422.3,85.2648,85.2671,85.2966,-0.0319,-0.0296,0.0023
8534,998.6,421.0,85.2631,85.2654,85.2950,-0.0319,-0.0296,0.0023
8535,1002.5,374.2,85.2614,85.2637,85.2932,-0.0318,-0.0295,0.0023
8536,997.6,384.0,85.2597,85.2620,85.2913,-0.0316,-0.0293,0.0023
8537,999.0,418.4,85.2581,85.2604,85.2895,-0.0314,-0.0291,0.0023
8538,1002.2,410.4,85.2564,85.2587,85.2878,-0.0314,-0.0291,0.0023
8539,1001.6,392.4,85.2548,85.2571,85.2861,-0.0313,-0.0290,0.0023
8540,998.3,417.8,85.2531,85.2554,85.2843,-0.0312,-0.0288,0.0023
8541,997.7,393.1,85.2515,85.2538,85.2826,-0.0311,-0.0288,0.0023
8542,1003.2,424.0,85.2498,85.2522,85.2809,-0.0310,-0.0287,0.0023
8543,997.9,374.4,85.2482,85.2506,85.2791,-0.0309,-0.0286,0.0023
8544,999.9,410.4,85.2466,85.2490,85.2773,-0.0307,-0.0284,0.0023
8545,998.1,456.0,85.2450,85.2474,85.2756,-0.0306,-0.0282,0.0023
8546,1001.6,419.1,85.2434,85.2458,85.2739,-0.0304,-0.0281,0.0023
8547,1002.0,382.0,85.2418,85.2442,85.2720,-0.0302,-0.0278,0.0023
8548,998.2,369.2,85.2402,85.2426,85.2700,-0.0298,-0.0274,0.0024
8549,999.5,366.5,85.2387,85.2410,85.2682,-0.0295,-0.0272,0.0024
8550,1002.1,363.6,85.2371,85.2395,85.2664,-0.0293,-0.0270,0.0024
8551,1000.9,391.9,85.2355,85.2379,85.2646,-0.0290,-0.0267,0.0024
8552,1000.5,396.1,85.2340,85.2364,85.2626,-0.0286,-0.0263,0.0024
8553,999.4,394.4,85.2324,85.2348,85.2608,-0.0283,-0.0260,0.0024
8554,1000.1,403.2,85.2309,85.2333,85.2589,-0.0280,-0.0256,0.0024
8555,1000.0,354.9,85.2294,85.2318,85.2570,-0.0276,-0.0252,0.0024
8556,1001.9,390.5,85.2279,85.2302,85.2548,-0.0270,-0.0246,0.0024
8557,996.0,365.9,85.2264,85.2287,85.2529,-0.0265,-0.0241,0.0024
8558,999.8,387.9,85.2248,85.2272,85.2508,-0.0260,-0.0236,0.0024
8559,1001.1,361.4,85.2233,85.2257,85.2488,-0.0255,-0.0231,0.0024
8560,999.5,396.4,85.2219,85.2243,85.2467,-0.0248,-0.0224,0.0024
8561,999.7,389.8,85.2204,85.2228,85.2447,-0.0243,-0.0219,0.0024
8562,1000.4,418.9,85.2189,85.2213,85.2428,-0.0239,-0.0215,0.0024
8563,1000.1,381.6,85.2174,85.2198,85.2409,-0.0235,-0.0211,0.0024
8564,998.0,410.6,85.2160,85.2184,85.2391,-0.0232,-0.0207,0.0024
8565,1000.1,367.9,85.2145,85.2169,85.2372,-0.0227,-0.0203,0.0024
8566,999.9,408.3,85.2131,85.2155,85.2355,-0.0224,-0.0200,0.0024
8567,1007.3,362.8,85.2116,85.2141,85.2337,-0.0220,-0.0196,0.0024
8568,993.5,382.3,85.2102,85.2126,85.2318,-0.0216,-0.0191,0.0024
8569,999.5,367.6,85.2088,85.2112,85.2298,-0.0210,-0.0186,0.0024
8570,999.7,403.3,85.2074,85.2098,85.2279,-0.0205,-0.0181,0.0024
8571,1002.7,423.2,85.2060,85.2084,85.2261,-0.0201,-0.0176,0.0024
8572,999.4,414.0,85.2046,85.2070,85.2243,-0.0197,-0.0172,0.0024
8573,1000.7,396.7,85.2032,85.2056,85.2226,-0.0194,-0.0170,0.0024
8574,1001.2,406.4,85.2018,85.2043,85.2210,-0.0192,-0.0168,0.0025
8575,999.3,416.3,85.2004,85.2029,85.2193,-0.0189,-0.0164,0.0025
8576,1000.5,346.8,85.1991,85.2015,85.2174,-0.0183,-0.0159,0.0025
8577,1000.2,403.3,85.1977,85.2002,85.2155,-0.0178,-0.0154,0.0025
8578,997.8,371.8,85.1964,85.1988,85.2138,-0.0175,-0.0150,0.0025
8579,1000.2,356.6,85.1950,85.1975,85.2122,-0.0172,-0.0147,0.0025
8580,1000.1,385.1,85.1937,85.1962,85.2107,-0.0170,-0.0145,0.0025
8581,999.5,402.4,85.1923,85.1948,85.2090,-0.0166,-0.0142,0.0025
8582,1000.0,393.1,85.1910,85.1935,85.2075,-0.0165,-0.0140,0.0025
8583,999.8,398.4,85.1897,85.1922,85.2060,-0.0163,-0.0138,0.0025
8584,1000.5,369.5,85.1884,85.1909,85.2045,-0.0161,-0.0136,0.0025
8585,1021.5,379.4,85.1871,85.1896,85.2031,-0.0160,-0.0135,0.0025
8586,980.0,362.8,85.1858,85.1883,85.2017,-0.0159,-0.0134,0.0025
8587,996.9,407.5,85.1845,85.1870,85.2004,-0.0159,-0.0134,0.0025
8588,1003.0,364.9,85.1833,85.1858,85.1991,-0.0158,-0.0133,0.0025
8589,997.4,384.0,85.1820,85.1845,85.1979,-0.0159,-0.0134,0.0025
8590,999.4,372.0,85.1807,85.1833,85.1968,-0.0161,-0.0136,0.0025
8591,1000.0,374.2,85.1795,85.1820,85.1957,-0.0162,-0.0137,0.0025
8592,1001.9,365.0,85.1782,85.1808,85.1944,-0.0162,-0.0137,0.0025
8593,1000.5,370.7,85.1770,85.1795,85.1932,-0.0162,-0.0136,0.0025
8594,999.7,403.5,85.1758,85.1783,85.1919,-0.0161,-0.0136,0.0025
8595,999.5,432.9,85.1746,85.1771,85.1905,-0.0159,-0.0134,0.0025
8596,1001.6,419.4,85.1734,85.1759,85.1891,-0.0157,-0.0132,0.0025
8597,999.3,396.7,85.1721,85.1747,85.1879,-0.0157,-0.0132,0.0025
8598,998.6,371.0,85.1710,85.1735,85.1867,-0.0157,-0.0132,0.0025
8599,1000.2,371.9,85.1698,85.1723,85.1855,-0.0157,-0.0132,0.0025
8600,999.9,370.7,85.1686,85.1711,85.1841,-0.0156,-0.0130,0.0026
8601,999.9,396.9,85.1674,85.1700,85.1827,-0.0153,-0.0128,0.0026
8602,1000.6,380.9,85.1662,85.1688,85.1814,-0.0151,-0.0126,0.0026
8603,998.5,435.4,85.1651,85.1676,85.1801,-0.0150,-0.0124,0.0026
8604,1007.2,399.3,85.1639,85.1665,85.1788,-0.0149,-0.0123,0.0026
8605,994.1,366.9,85.1628,85.1654,85.1776,-0.0148,-0.0122,0.0026
8606,1000.8,385.8,85.1617,85.1642,85.1764,-0.0147,-0.0122,0.0026
8607,1001.9,374.3,85.1605,85.1631,85.1750,-0.0145,-0.0119,0.0026
8608,995.7,363.3,85.1594,85.1620,85.1736,-0.0142,-0.0116,0.0026
8609,999.5,401.1,85.1583,85.1609,85.1719,-0.0136,-0.0110,0.0026
8610,1001.3,413.1,85.1572,85.1598,85.1705,-0.0133,-0.0107,0.0026
8611,1003.7,362.4,85.1561,85.1587,85.1692,-0.0131,-0.0105,0.0026
8612,1002.7,361.9,85.1550,85.1576,85.1678,-0.0128,-0.0102,0.0026
8613,1030.6,369.7,85.1539,85.1565,85.1665,-0.0126,-0.0100,0.0026
8614,964.3,372.1,85.1529,85.1555,85.1651,-0.0123,-0.0096,0.0026
8615,1000.9,378.6,85.1518,85.1544,85.1638,-0.0120,-0.0094,0.0026
8616,999.8,409.2,85.1507,85.1534,85.1625,-0.0118,-0.0091,0.0026
8617,1002.3,366.7,85.1497,85.1523,85.1611,-0.0115,-0.0088,0.0026
8618,999.5,369.1,85.1486,85.1513,85.1599,-0.0112,-0.0086,0.0026
8619,1001.2,394.6,85.1476,85.1502,85.1587,-0.0111,-0.0084,0.0026
8620,996.4,420.8,85.1466,85.1492,85.1574,-0.0108,-0.0082,0.0026
8621,999.9,440.9,85.1456,85.1482,85.1561,-0.0105,-0.0079,0.0026
8622,999.9,409.2,85.1446,85.1472,85.1549,-0.0104,-0.0077,0.0026
8623,1000.3,396.1,85.1436,85.1462,85.1537,-0.0102,-0.0075,0.0026
8624,999.8,412.9,85.1426,85.1452,85.1526,-0.0100,-0.0074,0.0026
8625,1000.1,364.1,85.1416,85.1442,85.1514,-0.0098,-0.0072,0.0027
8626,1000.1,391.5,85.1406,85.1433,85.1502,-0.0096,-0.0070,0.0027
8627,1000.5,370.3,85.1396,85.1423,85.1492,-0.0096,-0.0069,0.0027
8628,1004.0,380.4,85.1387,85.1413,85.1482,-0.0096,-0.0069,0.0027
8629,994.5,376.9,85.1377,85.1404,85.1472,-0.0095,-0.0069,0.0027
8630,999.4,391.6,85.1368,85.1394,85.1463,-0.0095,-0.0068,0.0027
8631,1000.3,409.8,85.1358,85.1385,85.1453,-0.0095,-0.0068,0.0027
8632,999.5,401.8,85.1349,85.1376,85.1444,-0.0095,-0.0068,0.0027
8633,1000.2,410.9,85.1340,85.1366,85.1435,-0.0095,-0.0068,0.0027
8634,999.8,382.0,85.1330,85.1357,85.1425,-0.0094,-0.0068,0.0027
8635,1000.8,410.5,85.1321,85.1348,85.1416,-0.0095,-0.0068,0.0027
8636,1001.8,412.6,85.1312,85.1339,85.1408,-0.0095,-0.0068,0.0027
8637,1000.7,368.4,85.1303,85.1330,85.1397,-0.0094,-0.0067,0.0027
8638,1001.8,380.2,85.1295,85.1322,85.1387,-0.0093,-0.0066,0.0027
8639,999.8,425.2,85.1286,85.1313,85.1377,-0.0091,-0.0064,0.0027
8640,1000.3,427.7,85.1277,85.1304,85.1366,-0.0088,-0.0061,0.0027
8641,999.6,398.4,85.1268,85.1296,85.1353,-0.0085,-0.0057,0.0027
8642,1000.1,423.1,85.1260,85.1287,85.1342,-0.0082,-0.0054,0.0027
8643,1000.1,416.0,85.1251,85.1279,85.1328,-0.0076,-0.0049,0.0027
8644,1000.0,418.0,85.1243,85.1270,85.1316,-0.0073,-0.0046,0.0027
8645,999.7,394.9,85.1235,85.1262,85.1304,-0.0070,-0.0042,0.0027
8646,1000.2,446.0,85.1227,85.1254,85.1294,-0.0068,-0.0040,0.0027
8647,1000.5,365.3,85.1218,85.1246,85.1284,-0.0066,-0.0039,0.0027
8648,999.5,407.0,85.1210,85.1238,85.1274,-0.0064,-0.0037,0.0027
8649,1008.0,379.6,85.1202,85.1230,85.1265,-0.0062,-0.0035,0.0027
8650,991.5,359.4,85.1194,85.1222,85.1255,-0.0061,-0.0033,0.0027
8651,998.0,413.3,85.1187,85.1214,85.1246,-0.0059,-0.0032,0.0028
8652,997.6,405.0,85.1179,85.1206,85.1237,-0.0058,-0.0030,0.0028
8653,999.8,400.1,85.1171,85.1199,85.1227,-0.0056,-0.0028,0.0028
8654,1000.3,414.9,85.1164,85.1191,85.1218,-0.0055,-0.0027,0.0028
8655,1000.3,408.8,85.1156,85.1184,85.1211,-0.0055,-0.0027,0.0028
8656,1000.2,375.6,85.1149,85.1176,85.1204,-0.0056,-0.0028,0.0028
8657,1001.9,382.0,85.1141,85.1169,85.1198,-0.0056,-0.0029,0.0028
8658,1000.0,381.2,85.1134,85.1162,85.1192,-0.0058,-0.0031,0.0028
8659,1000.8,386.4,85.1127,85.1155,85.1192,-0.0066,-0.0038,0.0028
8660,1001.8,407.2,85.1120,85.1147,85.1186,-0.0066,-0.0038,0.0028
8661,999.7,406.1,85.1113,85.1140,85.1180,-0.0067,-0.0039,0.0028
8662,1000.3,402.5,85.1106,85.1134,85.1172,-0.0066,-0.0038,0.0028
8663,999.7,409.9,85.1099,85.1127,85.1166,-0.0067,-0.0039,0.0028
8664,1000.6,412.7,85.1092,85.1120,85.1158,-0.0066,-0.0038,0.0028
8665,999.7,405.1,85.1085,85.1113,85.1150,-0.0065,-0.0036,0.0028
8666,999.9,371.5,85.1078,85.1107,85.1142,-0.0064,-0.0035,0.0028
8667,1000.2,377.9,85.1072,85.1100,85.1136,-0.0064,-0.0036,0.0028
8668,1000.0,373.9,85.1065,85.1094,85.1131,-0.0065,-0.0037,0.0028
8669,1003.6,418.9,85.1059,85.1087,85.1126,-0.0067,-0.0039,0.0028
8670,975.4,429.2,85.1053,85.1081,85.1121,-0.0068,-0.0040,0.0028
8671,1019.9,409.3,85.1046,85.1075,85.1116,-0.0070,-0.0041,0.0028
8672,996.8,414.7,85.1040,85.1069,85.1111,-0.0071,-0.0042,0.0028
8673,1000.1,399.5,85.1034,85.1062,85.1106,-0.0072,-0.0043,0.0028
8674,998.4,409.3,85.1028,85.1056,85.1101,-0.0073,-0.0044,0.0028
8675,1000.0,407.3,85.1022,85.1051,85.1095,-0.0073,-0.0045,0.0028
8676,999.9,400.9,85.1016,85.1045,85.1090,-0.0074,-0.0046,0.0029
8677,1011.6,356.8,85.1010,85.1039,85.1085,-0.0075,-0.0046,0.0029
8678,989.2,407.5,85.1005,85.1033,85.1081,-0.0076,-0.0048,0.0029
8679,1002.5,378.0,85.0999,85.1028,85.1077,-0.0078,-0.0049,0.0029
8680,1000.7,374.4,85.0993,85.1022,85.1072,-0.0079,-0.0050,0.0029
8681,999.8,376.7,85.0988,85.1017,85.1067,-0.0079,-0.0051,0.0029
8682,1001.6,368.8,85.0983,85.1011,85.1063,-0.0080,-0.0052,0.0029
8683,1000.4,364.0,85.0977,85.1006,85.1058,-0.0081,-0.0052,0.0029
8684,999.8,377.3,85.0972,85.1001,85.1053,-0.0081,-0.0052,0.0029
8685,1000.0,370.2,85.0967,85.0996,85.1046,-0.0079,-0.0050,0.0029
8686,1000.3,369.0,85.0962,85.0991,85.1040,-0.0078,-0.0049,0.0029
8687,999.9,378.9,85.0957,85.0986,85.1034,-0.0077,-0.0048,0.0029
8688,999.9,361.8,85.0952,85.0981,85.1028,-0.0076,-0.0047,0.0029
8689,999.8,371.2,85.0947,85.0976,85.1022,-0.0075,-0.0046,0.0029
8690,1006.2,383.2,85.0942,85.0971,85.1016,-0.0073,-0.0044,0.0029
8691,970.2,390.1,85.0938,85.0967,85.1010,-0.0072,-0.0043,0.0029
8692,1022.7,397.1,85.0933,85.0962,85.1003,-0.0070,-0.0041,0.0029
8693,999.8,376.3,85.0928,85.0958,85.0998,-0.0070,-0.0041,0.0029
8694,997.0,435.1,85.0924,85.0953,85.0993,-0.0069,-0.0040,0.0029
8695,999.2,453.3,85.0920,85.0949,85.0987,-0.0068,-0.0038,0.0029
8696,1000.3,392.2,85.0915,85.0945,85.0981,-0.0066,-0.0037,0.0029
8697,1001.0,431.1,85.0911,85.0940,85.0976,-0.0065,-0.0035,0.0029
8698,999.8,412.8,85.0907,85.0936,85.0970,-0.0064,-0.0034,0.0029
8699,999.7,404.6,85.0903,85.0932,85.0966,-0.0063,-0.0034,0.0029
8700,1002.1,408.3,85.0899,85.0928,85.0961,-0.0062,-0.0032,0.0029
8701,1000.3,386.7,85.0895,85.0924,85.0956,-0.0061,-0.0031,0.0029
8702,1000.2,379.1,85.0891,85.0921,85.0951,-0.0060,-0.0030,0.0030
8703,1001.6,373.5,85.0887,85.0917,85.0945,-0.0057,-0.0028,0.0030
8704,1000.4,391.9,85.0884,85.0913,85.0939,-0.0056,-0.0026,0.0030
8705,999.8,386.4,85.0880,85.0910,85.0934,-0.0054,-0.0024,0.0030
8706,1000.0,358.2,85.0877,85.0906,85.0929,-0.0053,-0.0023,0.0030
8707,999.4,379.8,85.0873,85.0903,85.0925,-0.0052,-0.0022,0.0030
8708,1000.8,373.4,85.0870,85.0900,85.0921,-0.0051,-0.0021,0.0030
8709,999.8,368.6,85.0867,85.0896,85.0916,-0.0050,-0.0020,0.0030
8710,999.8,381.4,85.0863,85.0893,85.0913,-0.0049,-0.0019,0.0030
8711,1007.3,383.1,85.0860,85.0890,85.0908,-0.0048,-0.0018,0.0030
8712,993.8,403.9,85.0857,85.0887,85.0904,-0.0047,-0.0017,0.0030
8713,998.4,407.1,85.0854,85.0884,85.0900,-0.0045,-0.0015,0.0030
8714,999.5,413.0,85.0851,85.0881,85.0896,-0.0044,-0.0014,0.0030
8715,998.2,415.8,85.0849,85.0879,85.0892,-0.0043,-0.0013,0.0030
8716,997.9,382.4,85.0846,85.0876,85.0889,-0.0043,-0.0013,0.0030
8717,999.9,377.6,85.0843,85.0873,85.0885,-0.0042,-0.0012,0.0030
8718,1000.3,380.0,85.0841,85.0871,85.0882,-0.0042,-0.0011,0.0030
8719,999.9,400.9,85.0838,85.0868,85.0879,-0.0041,-0.0011,0.0030
8720,1003.4,408.8,85.0836,85.0866,85.0876,-0.0040,-0.0010,0.0030
8721,999.5,447.5,85.0833,85.0864,85.0873,-0.0040,-0.0010,0.0030
8722,1000.1,427.4,85.0831,85.0861,85.0871,-0.0040,-0.0009,0.0030
8723,999.6,404.4,85.0829,85.0859,85.0868,-0.0040,-0.0009,0.0030
8724,1000.6,412.3,85.0827,85.0857,85.0865,-0.0038,-0.0008,0.0030
8725,999.3,417.2,85.0825,85.0855,85.0863,-0.0038,-0.0008,0.0030
8726,1002.6,372.4,85.0823,85.0853,85.0861,-0.0038,-0.0008,0.0030
8727,999.8,410.1,85.0821,85.0852,85.0859,-0.0038,-0.0008,0.0031
8728,1000.2,371.0,85.0819,85.0850,85.0857,-0.0038,-0.0007,0.0031
8729,999.7,388.6,85.0818,85.0848,85.0855,-0.0038,-0.0007,0.0031
8730,999.8,365.2,85.0816,85.0847,85.0854,-0.0038,-0.0008,0.0031
8731,999.9,420.7,85.0814,85.0845,85.0853,-0.0038,-0.0008,0.0031
8732,1020.0,382.0,85.0813,85.0844,85.0850,-0.0037,-0.0007,0.0031
8733,985.1,396.7,85.0812,85.0842,85.0849,-0.0037,-0.0007,0.0031
8734,995.6,419.4,85.0810,85.0841,85.0846,-0.0036,-0.0005,0.0031
8735,999.6,401.4,85.0809,85.0840,85.0844,-0.0035,-0.0004,0.0031
8736,1000.4,408.4,85.0808,85.0839,85.0841,-0.0033,-0.0002,0.0031
8737,997.8,400.7,85.0807,85.0838,85.0838,-0.0031,-0.0000,0.0031
8738,1000.0,411.1,85.0806,85.0837,85.0836,-0.0030,0.0001,0.0031
8739,999.7,407.9,85.0805,85.0836,85.0834,-0.0029,0.0002,0.0031
8740,1000.0,412.3,85.0804,85.0835,85.0832,-0.0028,0.0003,0.0031
8741,1001.3,388.0,85.0803,85.0834,85.0830,-0.0027,0.0004,0.0031
8742,999.2,376.9,85.0803,85.0834,85.0830,-0.0027,0.0004,0.0031
8743,998.4,382.5,85.0802,85.0833,85.0829,-0.0027,0.0004,0.0031
8744,1000.3,378.8,85.0802,85.0833,85.0829,-0.0027,0.0004,0.0031
8745,1000.1,408.8,85.0801,85.0832,85.0828,-0.0027,0.0004,0.0031
8746,1000.3,407.0,85.0801,85.0832,85.0828,-0.0027,0.0005,0.0031
8747,1001.8,373.1,85.0801,85.0832,85.0827,-0.0027,0.0005,0.0031
8748,999.1,378.4,85.0800,85.0832,85.0825,-0.0025,0.0006,0.0031
8749,1000.5,380.8,85.0800,85.0832,85.0824,-0.0024,0.0007,0.0031
8750,999.8,367.6,85.0800,85.0832,85.0823,-0.0023,0.0009,0.0031
8751,999.6,390.5,85.0800,85.0832,85.0820,-0.0020,0.0011,0.0031
8752,1000.0,388.3,85.0800,85.0832,85.0818,-0.0018,0.0014,0.0032
8753,1007.2,379.1,85.0801,85.0832,85.0816,-0.0016,0.0016,0.0032
8754,994.3,403.6,85.0801,85.0832,85.0814,-0.0013,0.0018,0.0032
8755,998.7,398.7,85.0801,85.0833,85.0812,-0.0011,0.0021,0.0032
8756,1000.2,368.0,85.0802,85.0833,85.0810,-0.0009,0.0023,0.0032
8757,1000.6,376.7,85.0802,85.0834,85.0810,-0.0007,0.0024,0.0032
8758,997.0,375.4,85.0803,85.0834,85.0808,-0.0006,0.0026,0.0032
8759,998.6,369.1,85.0803,85.0835,85.0808,-0.0005,0.0027,0.0032
8760,1000.1,373.5,85.0804,85.0836,85.0808,-0.0004,0.0027,0.0032
8761,999.9,379.6,85.0805,85.0837,85.0808,-0.0004,0.0028,0.0032
8762,1000.3,378.3,85.0806,85.0838,85.0808,-0.0003,0.0029,0.0032
8763,999.7,391.9,85.0807,85.0839,85.0808,-0.0002,0.0030,0.0032
8764,1002.7,422.3,85.0808,85.0840,85.0808,-0.0000,0.0032,0.0032
8765,1002.7,390.9,85.0809,85.0841,85.0808,0.0001,0.0033,0.0032
8766,997.0,373.7,85.0810,85.0842,85.0808,0.0002,0.0034,0.0032
8767,998.7,376.0,85.0812,85.0844,85.0808,0.0004,0.0036,0.0032
8768,1002.4,390.2,85.0813,85.0845,85.0807,0.0006,0.0038,0.0032
8769,997.7,431.8,85.0814,85.0847,85.0807,0.0007,0.0039,0.0032
8770,1000.2,461.8,85.0816,85.0848,85.0807,0.0009,0.0041,0.0032
8771,999.7,388.6,85.0818,85.0850,85.0806,0.0011,0.0043,0.0032
8772,1000.3,390.0,85.0819,85.0852,85.0806,0.0013,0.0045,0.0032
8773,968.5,435.4,85.0821,85.0853,85.0806,0.0015,0.0048,0.0032
8774,1034.9,372.7,85.0823,85.0855,85.0806,0.0017,0.0050,0.0032
8775,997.9,383.4,85.0825,85.0857,85.0806,0.0019,0.0052,0.0032
8776,1000.2,388.2,85.0827,85.0859,85.0806,0.0021,0.0054,0.0032
8777,999.3,365.3,85.0829,85.0861,85.0806,0.0023,0.0056,0.0032
8778,999.4,370.3,85.0831,85.0864,85.0806,0.0025,0.0058,0.0033
8779,1001.6,380.5,85.0833,85.0866,85.0806,0.0028,0.0060,0.0033
8780,997.3,364.9,85.0836,85.0868,85.0806,0.0030,0.0063,0.0033
8781,1006.4,383.1,85.0838,85.0871,85.0806,0.0032,0.0065,0.0033
8782,999.9,371.7,85.0841,85.0873,85.0806,0.0035,0.0068,0.0033
8783,994.5,410.3,85.0843,85.0876,85.0806,0.0037,0.0070,0.0033
8784,999.9,415.2,85.0846,85.0879,85.0806,0.0039,0.0072,0.0033
8785,1002.4,379.8,85.0849,85.0881,85.0806,0.0042,0.0075,0.0033
8786,999.6,382.7,85.0851,85.0884,85.0806,0.0045,0.0078,0.0033
8787,999.7,393.1,85.0854,85.0887,85.0806,0.0048,0.0081,0.0033
8788,1000.3,371.7,85.0857,85.0890,85.0806,0.0051,0.0084,0.0033
8789,1005.5,379.9,85.0860,85.0893,85.0807,0.0053,0.0086,0.0033
8790,996.4,380.4,85.0863,85.0896,85.0807,0.0056,0.0089,0.0033
8791,1000.0,398.0,85.0867,85.0900,85.0807,0.0059,0.0092,0.0033
8792,1000.7,444.1,85.0870,85.0903,85.0807,0.0062,0.0095,0.0033
8793,998.3,425.2,85.0873,85.0906,85.0807,0.0066,0.0099,0.0033
8794,999.5,383.8,85.0877,85.0910,85.0807,0.0069,0.0102,0.0033
8795,975.7,444.3,85.0880,85.0913,85.0808,0.0072,0.0105,0.0033
8796,1024.3,408.5,85.0884,85.0917,85.0808,0.0076,0.0109,0.0033
8797,998.5,392.0,85.0887,85.0921,85.0808,0.0079,0.0112,0.0033
8798,1005.0,369.8,85.0891,85.0924,85.0809,0.0082,0.0115,0.0033
8799,995.6,379.8,85.0895,85.0928,85.0809,0.0086,0.0119,0.0033
8800,1001.0,369.4,85.0899,85.0932,85.0810,0.0089,0.0123,0.0033
8801,998.9,372.8,85.0903,85.0936,85.0810,0.0093,0.0126,0.0033
8802,1093.1,368.5,85.0907,85.0940,85.0810,0.0097,0.0130,0.0033
8803,904.6,366.5,85.0911,85.0945,85.0811,0.0100,0.0134,0.0034
8804,990.1,414.2,85.0915,85.0949,85.0811,0.0104,0.0138,0.0034
8805,1014.0,403.3,85.0920,85.0953,85.0812,0.0108,0.0141,0.0034
8806,1000.0,389.1,85.0924,85.0958,85.0812,0.0112,0.0145,0.0034
8807,1001.4,409.6,85.0928,85.0962,85.0813,0.0116,0.0149,0.0034
8808,1003.9,396.6,85.0933,85.0967,85.0814,0.0119,0.0153,0.0034
8809,994.6,378.8,85.0938,85.0971,85.0815,0.0122,0.0156,0.0034
8810,1001.5,389.1,85.0942,85.0976,85.0816,0.0127,0.0160,0.0034
8811,999.9,387.4,85.0947,85.0981,85.0817,0.0130,0.0164,0.0034
8812,999.6,379.8,85.0952,85.0986,85.0817,0.0135,0.0169,0.0034
8813,999.4,385.2,85.0957,85.0991,85.0818,0.0138,0.0172,0.0034
8814,1000.3,384.1,85.0962,85.0996,85.0819,0.0143,0.0177,0.0034
8815,1004.9,364.7,85.0967,85.1001,85.0819,0.0147,0.0181,0.0034
8816,987.3,403.5,85.0972,85.1006,85.0820,0.0152,0.0186,0.0034
8817,1011.2,417.1,85.0977,85.1011,85.0821,0.0156,0.0190,0.0034
8818,996.0,399.2,85.0983,85.1017,85.0822,0.0160,0.0195,0.0034
8819,1001.5,458.2,85.0988,85.1022,85.0823,0.0165,0.0199,0.0034
8820,990.6,450.9,85.0993,85.1028,85.0824,0.0169,0.0203,0.0034
8821,1005.0,432.5,85.0999,85.1033,85.0825,0.0174,0.0208,0.0034
8822,1026.9,397.7,85.1005,85.1039,85.0825,0.0179,0.0214,0.0034
8823,968.2,400.4,85.1010,85.1045,85.0827,0.0183,0.0218,0.0034
8824,1006.5,398.4,85.1016,85.1051,85.0828,0.0188,0.0222,0.0034
8825,971.5,426.6,85.1022,85.1056,85.0829,0.0193,0.0227,0.0034
8826,1028.5,429.8,85.1028,85.1062,85.0831,0.0197,0.0232,0.0034
8827,1001.3,408.1,85.1034,85.1069,85.0833,0.0202,0.0236,0.0034
8828,990.9,422.5,85.1040,85.1075,85.0835,0.0206,0.0240,0.0034
8829,999.2,428.1,85.1046,85.1081,85.0837,0.0209,0.0244,0.0035
8830,999.3,415.5,85.1053,85.1087,85.0839,0.0214,0.0248,0.0035
8831,999.9,456.0,85.1059,85.1094,85.0842,0.0217,0.0252,0.0035
8832,1000.0,432.7,85.1065,85.1100,85.0845,0.0220,0.0255,0.0035
8833,1000.5,433.6,85.1072,85.1107,85.0849,0.0223,0.0258,0.0035
8834,1000.7,387.6,85.1078,85.1113,85.0853,0.0225,0.0260,0.0035
8835,999.7,422.9,85.1085,85.1120,85.0858,0.0227,0.0262,0.0035
8836,1000.6,438.7,85.1092,85.1127,85.0864,0.0228,0.0263,0.0035
8837,1010.4,403.3,85.1099,85.1134,85.0872,0.0227,0.0262,0.0035
8838,998.7,434.7,85.1106,85.1140,85.0879,0.0226,0.0261,0.0035
8839,1000.0,423.2,85.1113,85.1147,85.0888,0.0225,0.0260,0.0035
8840,999.0,423.4,85.1120,85.1155,85.0895,0.0225,0.0260,0.0035
8841,996.6,383.7,85.1127,85.1162,85.0900,0.0227,0.0262,0.0035
8842,1002.6,416.4,85.1134,85.1169,85.0904,0.0229,0.0265,0.0035
8843,999.6,427.4,85.1141,85.1176,85.0908,0.0234,0.0269,0.0035
8844,999.6,413.3,85.1149,85.1184,85.0912,0.0237,0.0272,0.0035
8845,998.3,468.5,85.1156,85.1191,85.0916,0.0240,0.0275,0.0035
8846,1000.1,465.7,85.1164,85.1199,85.0921,0.0242,0.0277,0.0035
8847,999.7,450.3,85.1171,85.1206,85.0927,0.0244,0.0279,0.0035
8848,1003.5,457.8,85.1179,85.1214,85.0933,0.0246,0.0281,0.0035
8849,992.1,416.4,85.1187,85.1222,85.0939,0.0247,0.0283,0.0035
8850,998.3,448.7,85.1194,85.1230,85.0946,0.0248,0.0283,0.0035
8851,999.9,437.9,85.1202,85.1238,85.0954,0.0249,0.0284,0.0035
8852,1000.2,385.9,85.1210,85.1246,85.0961,0.0250,0.0285,0.0035
8853,999.9,416.8,85.1218,85.1254,85.0967,0.0251,0.0287,0.0035
8854,1000.3,420.9,85.1227,85.1262,85.0974,0.0253,0.0288,0.0036
8855,1000.6,428.6,85.1235,85.1270,85.0981,0.0253,0.0289,0.0036
8856,1000.2,422.6,85.1243,85.1279,85.0989,0.0254,0.0290,0.0036
8857,1000.0,409.1,85.1251,85.1287,85.0997,0.0255,0.0291,0.0036
8858,1000.9,412.0,85.1260,85.1296,85.1004,0.0256,0.0291,0.0036
8859,1007.3,387.3,85.1268,85.1304,85.1012,0.0256,0.0292,0.0036
8860,1000.2,398.7,85.1277,85.1313,85.1021,0.0256,0.0292,0.0036
8861,998.0,413.4,85.1286,85.1322,85.1029,0.0257,0.0292,0.0036
8862,1001.3,433.3,85.1295,85.1330,85.1038,0.0257,0.0292,0.0036
8863,1000.7,421.0,85.1303,85.1339,85.1047,0.0256,0.0292,0.0036
8864,997.8,385.7,85.1312,85.1348,85.1057,0.0256,0.0292,0.0036
8865,1002.2,398.7,85.1321,85.1357,85.1066,0.0255,0.0291,0.0036
8866,997.6,424.8,85.1330,85.1366,85.1076,0.0255,0.0291,0.0036
8867,999.8,428.8,85.1340,85.1376,85.1087,0.0253,0.0289,0.0036
8868,999.0,437.8,85.1349,85.1385,85.1096,0.0253,0.0289,0.0036
8869,1017.5,420.2,85.1358,85.1394,85.1106,0.0253,0.0289,0.0036
8870,987.7,428.0,85.1368,85.1404,85.1114,0.0253,0.0289,0.0036
8871,999.0,415.2,85.1377,85.1413,85.1124,0.0253,0.0289,0.0036
8872,999.6,405.2,85.1387,85.1423,85.1133,0.0254,0.0290,0.0036
8873,999.9,402.1,85.1396,85.1433,85.1140,0.0256,0.0292,0.0036
8874,1000.2,396.6,85.1406,85.1442,85.1148,0.0258,0.0294,0.0036
8875,1000.1,393.4,85.1416,85.1452,85.1157,0.0259,0.0295,0.0036
8876,1002.2,405.1,85.1426,85.1462,85.1164,0.0261,0.0298,0.0036
8877,999.9,401.4,85.1436,85.1472,85.1173,0.0263,0.0299,0.0036
8878,999.7,415.2,85.1446,85.1482,85.1181,0.0265,0.0301,0.0036
8879,1000.9,404.8,85.1456,85.1492,85.1190,0.0266,0.0302,0.0036
8880,999.7,385.8,85.1466,85.1502,85.1199,0.0267,0.0303,0.0037
8881,999.8,408.9,85.1476,85.1513,85.1209,0.0267,0.0304,0.0037
8882,1004.7,405.6,85.1486,85.1523,85.1219,0.0268,0.0304,0.0037
8883,4070.7,392.7,85.1497,85.1534,85.1255,0.0241,0.0278,0.0037
8884,398.2,1320.6,85.1507,85.1544,85.1255,0.0252,0.0289,0.0037
8885,1326.4,584.4,85.1518,85.1555,85.1274,0.0243,0.0280,0.0037
8886,589.5,276.1,85.1529,85.1565,85.1274,0.0254,0.0291,0.0037
8887,280.0,668.1,85.1539,85.1576,85.1284,0.0255,0.0292,0.0037
8888,672.8,257.0,85.1550,85.1587,85.1284,0.0266,0.0303,0.0037
8889,259.8,307.3,85.1561,85.1598,85.1284,0.0277,0.0314,0.0037
8890,387.9,378.6,85.1572,85.1609,85.1295,0.0277,0.0314,0.0037
8891,998.6,436.3,85.1583,85.1620,85.1306,0.0277,0.0314,0.0037
8892,1000.2,435.3,85.1594,85.1631,85.1316,0.0278,0.0315,0.0037
8893,999.1,436.5,85.1605,85.1642,85.1326,0.0279,0.0316,0.0037
8894,999.9,439.2,85.1617,85.1654,85.1337,0.0279,0.0316,0.0037
8895,1001.3,450.5,85.1628,85.1665,85.1350,0.0278,0.0315,0.0037
8896,999.6,469.0,85.1639,85.1676,85.1362,0.0278,0.0315,0.0037
8897,999.1,391.8,85.1651,85.1688,85.1375,0.0276,0.0313,0.0037
8898,1002.0,397.1,85.1662,85.1700,85.1387,0.0275,0.0312,0.0037
8899,999.3,396.7,85.1674,85.1711,85.1403,0.0271,0.0309,0.0037
8900,1001.5,390.4,85.1686,85.1723,85.1417,0.0268,0.0306,0.0037
8901,998.7,428.7,85.1698,85.1735,85.1432,0.0266,0.0303,0.0037
8902,1000.2,428.6,85.1710,85.1747,85.1448,0.0262,0.0299,0.0037
8903,1000.4,425.0,85.1721,85.1759,85.1464,0.0257,0.0295,0.0037
8904,1000.8,425.5,85.1734,85.1771,85.1479,0.0254,0.0291,0.0037
8905,997.9,430.9,85.1746,85.1783,85.1494,0.0252,0.0290,0.0038
8906,1002.1,428.3,85.1758,85.1795,85.1508,0.0250,0.0287,0.0038
8907,999.4,408.6,85.1770,85.1808,85.1524,0.0247,0.0284,0.0038
8908,1000.6,394.2,85.1782,85.1820,85.1537,0.0246,0.0283,0.0038
8909,997.9,431.9,85.1795,85.1833,85.1550,0.0245,0.0283,0.0038
8910,1000.4,425.2,85.1807,85.1845,85.1561,0.0246,0.0284,0.0038
8911,999.8,432.0,85.1820,85.1858,85.1574,0.0246,0.0283,0.0038
8912,1002.3,390.6,85.1833,85.1870,85.1587,0.0245,0.0283,0.0038
8913,997.8,414.7,85.1845,85.1883,85.1599,0.0246,0.0284,0.0038
8914,1001.5,407.8,85.1858,85.1896,85.1612,0.0246,0.0284,0.0038
8915,998.3,388.6,85.1871,85.1909,85.1626,0.0246,0.0283,0.0038
8916,1003.4,371.8,85.1884,85.1922,85.1638,0.0246,0.0284,0.0038
8917,995.2,381.5,85.1897,85.1935,85.1651,0.0246,0.0284,0.0038
8918,1001.8,363.7,85.1910,85.1948,85.1664,0.0246,0.0284,0.0038
8919,1012.1,418.3,85.1923,85.1962,85.1678,0.0245,0.0283,0.0038
8920,998.1,443.7,85.1937,85.1975,85.1693,0.0244,0.0282,0.0038
8921,999.3,442.3,85.1950,85.1988,85.1707,0.0243,0.0281,0.0038
8922,999.2,423.4,85.1964,85.2002,85.1721,0.0243,0.0281,0.0038
8923,1015.5,409.7,85.1977,85.2015,85.1736,0.0241,0.0279,0.0038
8924,986.3,410.5,85.1991,85.2029,85.1750,0.0241,0.0279,0.0038
8925,997.1,402.7,85.2004,85.2043,85.1763,0.0241,0.0279,0.0038
8926,999.7,414.0,85.2018,85.2056,85.1778,0.0240,0.0279,0.0038
8927,999.6,403.6,85.2032,85.2070,85.1793,0.0238,0.0277,0.0038
8928,966.3,432.9,85.2046,85.2084,85.1809,0.0237,0.0275,0.0038
8929,1037.6,388.5,85.2060,85.2098,85.1826,0.0234,0.0273,0.0038
8930,997.6,391.9,85.2074,85.2112,85.1842,0.0232,0.0270,0.0038
8931,999.7,388.3,85.2088,85.2126,85.1858,0.0230,0.0268,0.0039
8932,998.3,401.5,85.2102,85.2141,85.1872,0.0230,0.0268,0.0039
8933,999.8,387.4,85.2116,85.2155,85.1887,0.0229,0.0268,0.0039
8934,1001.0,405.2,85.2131,85.2169,85.1902,0.0228,0.0267,0.0039
8935,1002.3,388.5,85.2145,85.2184,85.1918,0.0228,0.0266,0.0039
8936,997.3,424.8,85.2160,85.2198,85.1934,0.0226,0.0264,0.0039
8937,999.6,455.1,85.2174,85.2213,85.1948,0.0227,0.0265,0.0039
8938,1000.3,402.2,85.2189,85.2228,85.1962,0.0227,0.0265,0.0039
8939,998.2,433.7,85.2204,85.2243,85.1977,0.0227,0.0266,0.0039
8940,1002.3,429.4,85.2219,85.2257,85.1992,0.0227,0.0266,0.0039
8941,998.0,438.8,85.2233,85.2272,85.2008,0.0226,0.0265,0.0039
8942,1004.2,382.8,85.2248,85.2287,85.2021,0.0227,0.0266,0.0039
8943,999.1,401.2,85.2264,85.2302,85.2035,0.0229,0.0268,0.0039
8944,998.0,413.2,85.2279,85.2318,85.2047,0.0232,0.0271,0.0039
8945,999.9,459.3,85.2294,85.2333,85.2060,0.0234,0.0273,0.0039
8946,1000.1,472.3,85.2309,85.2348,85.2073,0.0236,0.0275,0.0039
8947,1001.5,433.4,85.2324,85.2364,85.2086,0.0239,0.0278,0.0039
8948,1000.3,424.6,85.2340,85.2379,85.2099,0.0241,0.0280,0.0039
8949,1000.4,442.7,85.2355,85.2395,85.2113,0.0243,0.0282,0.0039
8950,999.2,426.0,85.2371,85.2410,85.2125,0.0246,0.0285,0.0039
8951,999.9,376.7,85.2387,85.2426,85.2138,0.0248,0.0288,0.0039
8952,1001.4,388.0,85.2402,85.2442,85.2151,0.0251,0.0291,0.0039
8953,995.6,405.2,85.2418,85.2458,85.2166,0.0253,0.0292,0.0039
8954,1002.2,397.4,85.2434,85.2474,85.2180,0.0254,0.0293,0.0039
8955,1000.1,415.3,85.2450,85.2490,85.2194,0.0256,0.0295,0.0039
8956,1000.4,422.5,85.2466,85.2506,85.2208,0.0259,0.0298,0.0039
8957,999.4,426.8,85.2482,85.2522,85.2222,0.0260,0.0300,0.0040
8958,999.5,437.9,85.2498,85.2538,85.2235,0.0263,0.0303,0.0040
8959,1000.0,440.7,85.2515,85.2554,85.2251,0.0264,0.0304,0.0040
8960,1000.4,432.0,85.2531,85.2571,85.2267,0.0264,0.0304,0.0040
8961,1000.1,393.7,85.2548,85.2587,85.2285,0.0262,0.0302,0.0040
8962,1000.9,385.3,85.2564,85.2604,85.2302,0.0262,0.0302,0.0040
8963,998.5,423.5,85.2581,85.2620,85.2318,0.0262,0.0302,0.0040
8964,1005.1,401.9,85.2597,85.2637,85.2333,0.0264,0.0304,0.0040
8965,997.6,390.6,85.2614,85.2654,85.2348,0.0266,0.0306,0.0040
8966,999.4,420.1,85.2631,85.2671,85.2364,0.0267,0.0307,0.0040
8967,998.3,431.2,85.2648,85.2688,85.2381,0.0267,0.0307,0.0040
8968,1001.4,415.8,85.2665,85.2705,85.2398,0.0266,0.0306,0.0040
8969,1000.1,414.8,85.2682,85.2722,85.2421,0.0261,0.0301,0.0040
8970,998.9,462.4,85.2699,85.2739,85.2439,0.0260,0.0300,0.0040
8971,999.4,456.2,85.2716,85.2756,85.2454,0.0262,0.0302,0.0040
8972,1000.4,400.4,85.2733,85.2773,85.2471,0.0262,0.0302,0.0040
8973,999.3,404.1,85.2751,85.2791,85.2492,0.0259,0.0299,0.0040
8974,1000.5,387.7,85.2768,85.2808,85.2507,0.0261,0.0301,0.0040
8975,999.9,398.7,85.2785,85.2826,85.2524,0.0261,0.0301,0.0040
8976,999.8,405.1,85.2803,85.2843,85.2542,0.0261,0.0301,0.0040
8977,1001.1,405.4,85.2821,85.2861,85.2559,0.0261,0.0302,0.0040
8978,999.9,414.2,85.2838,85.2879,85.2577,0.0262,0.0302,0.0040
8979,999.7,446.3,85.2856,85.2897,85.2595,0.0261,0.0301,0.0040
8980,999.8,427.3,85.2874,85.2914,85.2614,0.0260,0.0300,0.0040
8981,1000.7,430.7,85.2892,85.2932,85.2634,0.0258,0.0299,0.0040
8982,999.8,402.0,85.2910,85.2951,85.2652,0.0258,0.0298,0.0040
8983,1000.6,440.9,85.2928,85.2969,85.2672,0.0256,0.0297,0.0040
8984,997.6,401.7,85.2946,85.2987,85.2691,0.0255,0.0296,0.0041
8985,1003.7,404.3,85.2965,85.3005,85.2711,0.0254,0.0294,0.0041
8986,998.4,423.3,85.2983,85.3023,85.2729,0.0254,0.0294,0.0041
8987,998.8,425.5,85.3001,85.3042,85.2729,0.0272,0.0313,0.0041
8988,1001.8,432.0,85.3020,85.3060,85.2748,0.0272,0.0313,0.0041
8989,998.2,429.3,85.3038,85.3079,85.2768,0.0270,0.0311,0.0041
8990,1001.4,425.5,85.3057,85.3098,85.2786,0.0270,0.0311,0.0041
8991,999.8,443.5,85.3076,85.3116,85.2805,0.0271,0.0311,0.0041
8992,999.1,384.6,85.3094,85.3135,85.2824,0.0271,0.0312,0.0041
8993,999.4,399.2,85.3113,85.3154,85.2844,0.0269,0.0310,0.0041
8994,999.8,466.1,85.3132,85.3173,85.2862,0.0270,0.0311,0.0041
8995,1002.4,414.0,85.3151,85.3192,85.2879,0.0272,0.0313,0.0041
8996,996.4,420.5,85.3170,85.3211,85.2896,0.0274,0.0315,0.0041
8997,1000.1,429.0,85.3189,85.3230,85.2915,0.0275,0.0316,0.0041
8998,1002.2,442.0,85.3209,85.3250,85.2932,0.0277,0.0318,0.0041
8999,1002.0,479.0,85.3228,85.3269,85.2948,0.0280,0.0321,0.0041
9000,997.5,471.5,85.3247,85.3288,85.2965,0.0282,0.0323,0.0041
9001,1002.1,468.2,85.3267,85.3308,85.2983,0.0284,0.0325,0.0041
9002,998.0,418.4,85.3286,85.3328,85.3000,0.0286,0.0327,0.0041
9003,1000.0,404.8,85.3306,85.3347,85.3018,0.0288,0.0330,0.0041
9004,999.6,442.7,85.3326,85.3367,85.3035,0.0291,0.0332,0.0041
9005,999.3,412.3,85.3345,85.3387,85.3054,0.0292,0.0333,0.0041
9006,1036.2,3112.6,85.3365,85.3407,85.3071,0.0295,0.0336,0.0041
9007,3124.7,366.6,85.3385,85.3426,85.3122,0.0263,0.0304,0.0041
9008,370.9,513.4,85.3405,85.3447,85.3122,0.0283,0.0324,0.0041
9009,517.8,370.8,85.3425,85.3467,85.3139,0.0286,0.0328,0.0041
9010,375.4,291.3,85.3445,85.3487,85.3139,0.0307,0.0348,0.0042
9011,578.8,437.3,85.3465,85.3507,85.3154,0.0311,0.0353,0.0042
9012,1007.3,401.6,85.3486,85.3527,85.3169,0.0317,0.0358,0.0042
9013,992.5,398.1,85.3506,85.3548,85.3186,0.0321,0.0362,0.0042
9014,999.8,410.2,85.3527,85.3568,85.3200,0.0326,0.0368,0.0042
9015,998.3,392.4,85.3547,85.3589,85.3215,0.0332,0.0374,0.0042
9016,999.6,405.8,85.3568,85.3609,85.3231,0.0336,0.0378,0.0042
9017,1013.1,402.3,85.3588,85.3630,85.3249,0.0339,0.0381,0.0042
9018,989.3,440.8,85.3609,85.3651,85.3266,0.0343,0.0385,0.0042
9019,996.9,445.3,85.3630,85.3672,85.3281,0.0349,0.0391,0.0042
9020,999.4,481.1,85.3651,85.3693,85.3296,0.0355,0.0396,0.0042
9021,1000.9,481.5,85.3672,85.3714,85.3311,0.0360,0.0402,0.0042
9022,999.1,428.2,85.3693,85.3735,85.3325,0.0368,0.0410,0.0042
9023,999.6,442.7,85.3714,85.3756,85.3338,0.0376,0.0418,0.0042
9024,1000.4,443.8,85.3735,85.3777,85.3352,0.0383,0.0425,0.0042
9025,1000.3,408.0,85.3756,85.3798,85.3366,0.0390,0.0432,0.0042
9026,1001.9,412.1,85.3777,85.3820,85.3382,0.0395,0.0437,0.0042
9027,998.3,396.8,85.3799,85.3841,85.3399,0.0400,0.0442,0.0042
9028,1001.2,388.2,85.3820,85.3862,85.3414,0.0406,0.0449,0.0042
9029,1000.0,450.6,85.3842,85.3884,85.3430,0.0412,0.0454,0.0042
9030,999.9,435.8,85.3863,85.3906,85.3447,0.0416,0.0459,0.0042
9031,999.8,439.2,85.3885,85.3927,85.3465,0.0420,0.0462,0.0042
9032,1000.3,442.9,85.3907,85.3949,85.3484,0.0423,0.0465,0.0042
9033,1001.2,437.0,85.3929,85.3971,85.3504,0.0424,0.0467,0.0042
9034,999.2,440.6,85.3951,85.3993,85.3526,0.0425,0.0467,0.0042
9035,999.3,399.1,85.3973,85.4015,85.3546,0.0426,0.0469,0.0042
9036,1000.0,393.2,85.3995,85.4037,85.3567,0.0428,0.0470,0.0042
9037,1000.3,437.0,85.4017,85.4059,85.3587,0.0430,0.0473,0.0043
9038,999.3,481.8,85.4039,85.4082,85.3608,0.0431,0.0473,0.0043
9039,1010.6,413.7,85.4061,85.4104,85.3629,0.0433,0.0475,0.0043
9040,989.6,416.9,85.4084,85.4126,85.3649,0.0434,0.0477,0.0043
9041,1270.4,321.8,85.4106,85.4149,85.3670,0.0437,0.0479,0.0043
9042,740.3,414.8,85.4129,85.4171,85.3689,0.0440,0.0483,0.0043
9043,999.2,415.5,85.4151,85.4194,85.3710,0.0441,0.0484,0.0043
9044,1030.0,414.4,85.4174,85.4217,85.3731,0.0443,0.0486,0.0043
9045,967.7,451.6,85.4197,85.4239,85.3751,0.0445,0.0488,0.0043
9046,993.2,464.9,85.4219,85.4262,85.3773,0.0447,0.0490,0.0043
9047,1001.3,468.3,85.4242,85.4285,85.3795,0.0447,0.0490,0.0043
9048,999.0,439.8,85.4265,85.4308,85.3817,0.0449,0.0491,0.0043
9049,999.8,457.7,85.4288,85.4331,85.3839,0.0450,0.0493,0.0043
9050,1001.3,458.6,85.4311,85.4354,85.3862,0.0449,0.0492,0.0043
9051,1000.3,444.5,85.4335,85.4378,85.3886,0.0449,0.0492,0.0043
9052,999.5,440.8,85.4358,85.4401,85.3910,0.0448,0.0491,0.0043
9053,1000.5,408.6,85.4381,85.4424,85.3935,0.0446,0.0489,0.0043
9054,999.9,395.0,85.4404,85.4448,85.3964,0.0441,0.0484,0.0043
9055,999.9,439.9,85.4428,85.4471,85.3991,0.0437,0.0480,0.0043
9056,999.7,450.0,85.4451,85.4495,85.4018,0.0434,0.0477,0.0043
9057,1001.2,436.6,85.4475,85.4518,85.4043,0.0432,0.0475,0.0043
9058,999.0,438.2,85.4499,85.4542,85.4071,0.0428,0.0471,0.0043
9059,1000.0,463.4,85.4522,85.4566,85.4097,0.0425,0.0468,0.0043
9060,999.4,459.0,85.4546,85.4590,85.4124,0.0423,0.0466,0.0043
9061,998.9,422.1,85.4570,85.4614,85.4149,0.0422,0.0465,0.0043
9062,999.4,404.5,85.4594,85.4638,85.4176,0.0418,0.0462,0.0043
9063,1000.2,506.7,85.4618,85.4662,85.4200,0.0418,0.0461,0.0043
9064,1009.8,444.8,85.4642,85.4686,85.4223,0.0419,0.0463,0.0043
9065,990.5,451.2,85.4667,85.4710,85.4247,0.0420,0.0463,0.0044
9066,999.6,439.3,85.4691,85.4734,85.4273,0.0418,0.0461,0.0044
9067,998.5,450.3,85.4715,85.4759,85.4297,0.0418,0.0461,0.0044
9068,1005.5,408.3,85.4740,85.4783,85.4323,0.0417,0.0461,0.0044
9069,996.2,406.6,85.4764,85.4808,85.4349,0.0415,0.0458,0.0044
9070,999.2,474.5,85.4789,85.4832,85.4379,0.0410,0.0454,0.0044
9071,999.4,476.7,85.4813,85.4857,85.4406,0.0407,0.0451,0.0044
9072,1001.3,441.0,85.4838,85.4882,85.4432,0.0406,0.0450,0.0044
9073,1000.0,445.8,85.4863,85.4907,85.4459,0.0403,0.0447,0.0044
9074,1000.7,449.4,85.4888,85.4931,85.4488,0.0399,0.0443,0.0044
9075,999.5,438.3,85.4912,85.4956,85.4514,0.0398,0.0442,0.0044
9076,999.7,411.1,85.4937,85.4981,85.4540,0.0397,0.0441,0.0044
9077,1000.3,391.8,85.4962,85.5006,85.4565,0.0397,0.0441,0.0044
9078,1000.2,432.5,85.4988,85.5032,85.4591,0.0397,0.0441,0.0044
9079,999.7,447.5,85.5013,85.5057,85.4614,0.0399,0.0443,0.0044
9080,999.6,443.3,85.5038,85.5082,85.4636,0.0402,0.0446,0.0044
9081,1000.6,436.3,85.5063,85.5108,85.4660,0.0404,0.0448,0.0044
9082,999.3,441.5,85.5089,85.5133,85.4686,0.0403,0.0447,0.0044
9083,999.3,451.1,85.5114,85.5159,85.4710,0.0404,0.0449,0.0044
9084,999.4,402.6,85.5140,85.5184,85.4735,0.0405,0.0449,0.0044
9085,1000.0,405.3,85.5166,85.5210,85.4761,0.0404,0.0449,0.0044
9086,1000.1,449.9,85.5191,85.5236,85.4790,0.0401,0.0445,0.0044
9087,1000.0,447.2,85.5217,85.5261,85.4817,0.0400,0.0445,0.0044
9088,999.7,447.7,85.5243,85.5287,85.4844,0.0399,0.0444,0.0044
9089,1000.0,446.9,85.5269,85.5313,85.4870,0.0399,0.0443,0.0044
9090,1000.4,445.4,85.5295,85.5339,85.4899,0.0396,0.0440,0.0044
9091,999.9,452.1,85.5321,85.5365,85.4926,0.0395,0.0440,0.0044
9092,1000.3,384.5,85.5347,85.5392,85.4953,0.0395,0.0439,0.0045
9093,1002.8,393.9,85.5373,85.5418,85.4979,0.0395,0.0439,0.0045
9094,998.7,457.7,85.5400,85.5444,85.5005,0.0394,0.0439,0.0045
9095,999.9,474.1,85.5426,85.5471,85.5030,0.0396,0.0441,0.0045
9096,1000.3,471.0,85.5452,85.5497,85.5055,0.0397,0.0442,0.0045
9097,999.3,475.9,85.5479,85.5524,85.5080,0.0399,0.0443,0.0045
9098,1000.3,457.5,85.5505,85.5550,85.5109,0.0396,0.0441,0.0045
9099,999.6,449.4,85.5532,85.5577,85.5135,0.0397,0.0442,0.0045
9100,1000.0,405.2,85.5559,85.5604,85.5162,0.0396,0.0441,0.0045
9101,1000.2,398.1,85.5586,85.5630,85.5190,0.0395,0.0440,0.0045
9102,1000.7,443.5,85.5612,85.5657,85.5220,0.0392,0.0437,0.0045
9103,1000.0,447.3,85.5639,85.5684,85.5248,0.0391,0.0436,0.0045
9104,997.6,407.2,85.5666,85.5711,85.5276,0.0391,0.0436,0.0045
9105,1001.4,435.7,85.5693,85.5738,85.5304,0.0390,0.0435,0.0045
9106,999.1,457.2,85.5721,85.5766,85.5334,0.0387,0.0432,0.0045
9107,999.6,442.0,85.5748,85.5793,85.5361,0.0386,0.0431,0.0045
9108,1002.5,391.5,85.5775,85.5820,85.5389,0.0386,0.0432,0.0045
9109,997.6,406.6,85.5802,85.5848,85.5415,0.0388,0.0433,0.0045
9110,1000.0,441.6,85.5830,85.5875,85.5444,0.0386,0.0431,0.0045
9111,1000.0,469.3,85.5857,85.5903,85.5470,0.0387,0.0432,0.0045
9112,1002.4,464.5,85.5885,85.5930,85.5497,0.0388,0.0433,0.0045
9113,998.5,444.9,85.5913,85.5958,85.5524,0.0389,0.0434,0.0045
9114,999.2,464.4,85.5940,85.5986,85.5553,0.0387,0.0432,0.0045
9115,1001.7,456.4,85.5968,85.6013,85.5580,0.0388,0.0434,0.0045
9116,999.7,408.9,85.5996,85.6041,85.5607,0.0389,0.0435,0.0045
9117,1001.3,391.2,85.6024,85.6069,85.5635,0.0389,0.0434,0.0045
9118,999.4,457.4,85.6052,85.6097,85.5667,0.0385,0.0431,0.0045
9119,999.5,464.8,85.6080,85.6125,85.5695,0.0385,0.0430,0.0045
9120,999.9,476.4,85.6108,85.6154,85.5723,0.0385,0.0431,0.0046
9121,1000.4,489.7,85.6136,85.6182,85.5749,0.0387,0.0432,0.0046
9122,1000.0,453.4,85.6165,85.6210,85.5776,0.0388,0.0434,0.0046
9123,1000.7,454.5,85.6193,85.6239,85.5799,0.0394,0.0440,0.0046
9124,999.1,412.0,85.6221,85.6267,85.5821,0.0401,0.0446,0.0046
9125,1001.1,402.0,85.6250,85.6296,85.5843,0.0407,0.0453,0.0046
9126,996.9,457.7,85.6278,85.6324,85.5866,0.0412,0.0458,0.0046
9127,999.9,456.7,85.6307,85.6353,85.5888,0.0419,0.0464,0.0046
9128,1000.4,447.1,85.6336,85.6382,85.5912,0.0423,0.0469,0.0046
9129,999.8,458.6,85.6365,85.6410,85.5937,0.0428,0.0473,0.0046
9130,1000.0,457.9,85.6393,85.6439,85.5964,0.0430,0.0476,0.0046
9131,999.9,448.2,85.6422,85.6468,85.5988,0.0434,0.0480,0.0046
9132,1001.1,414.3,85.6451,85.6497,85.6013,0.0439,0.0484,0.0046
9133,1000.1,400.9,85.6480,85.6526,85.6037,0.0444,0.0490,0.0046
9134,999.4,445.2,85.6509,85.6555,85.6062,0.0448,0.0494,0.0046
9135,999.6,469.1,85.6539,85.6585,85.6086,0.0453,0.0499,0.0046
9136,1000.3,463.2,85.6568,85.6614,85.6110,0.0458,0.0504,0.0046
9137,1001.5,445.9,85.6597,85.6643,85.6135,0.0462,0.0509,0.0046
9138,1001.2,421.5,85.6627,85.6673,85.6162,0.0465,0.0511,0.0046
9139,999.5,451.9,85.6656,85.6702,85.6191,0.0465,0.0511,0.0046
9140,999.2,441.0,85.6686,85.6732,85.6215,0.0470,0.0516,0.0046
9141,1000.2,451.3,85.6715,85.6761,85.6240,0.0475,0.0521,0.0046
9142,1000.6,446.1,85.6745,85.6791,85.6266,0.0479,0.0525,0.0046
9143,999.7,437.5,85.6775,85.6821,85.6290,0.0485,0.0531,0.0046
9144,999.9,488.2,85.6804,85.6851,85.6313,0.0491,0.0538,0.0046
9145,1000.2,434.2,85.6834,85.6881,85.6337,0.0498,0.0544,0.0046
9146,1000.4,432.0,85.6864,85.6911,85.6363,0.0502,0.0548,0.0046
9147,997.6,487.1,85.6894,85.6941,85.6388,0.0507,0.0553,0.0046
9148,999.5,473.9,85.6924,85.6971,85.6414,0.0510,0.0557,0.0046
9149,1000.1,487.2,85.6955,85.7001,85.6442,0.0513,0.0559,0.0047
9150,1000.0,484.5,85.6985,85.7031,85.6472,0.0513,0.0560,0.0047
9151,1000.1,466.8,85.7015,85.7062,85.6501,0.0514,0.0561,0.0047
9152,1000.9,403.7,85.7046,85.7092,85.6531,0.0515,0.0562,0.0047
9153,999.2,410.1,85.7076,85.7123,85.6560,0.0516,0.0563,0.0047
9154,1000.1,451.7,85.7106,85.7153,85.6560,0.0546,0.0593,0.0047
9155,1000.1,443.7,85.7137,85.7184,85.6592,0.0545,0.0592,0.0047
9156,1000.4,454.8,85.7168,85.7214,85.6622,0.0546,0.0592,0.0047
9157,999.3,444.3,85.7198,85.7245,85.6651,0.0547,0.0594,0.0047
9158,1001.8,442.8,85.7229,85.7276,85.6683,0.0547,0.0593,0.0047
9159,999.9,458.5,85.7260,85.7307,85.6712,0.0548,0.0595,0.0047
9160,1000.2,398.1,85.7291,85.7338,85.6743,0.0548,0.0595,0.0047
9161,999.4,406.4,85.7322,85.7369,85.6775,0.0547,0.0594,0.0047
9162,1000.7,457.9,85.7353,85.7400,85.6810,0.0543,0.0590,0.0047
9163,999.4,443.8,85.7384,85.7431,85.6842,0.0542,0.0589,0.0047
9164,1000.1,449.8,85.7415,85.7462,85.6876,0.0540,0.0587,0.0047
9165,1000.6,451.1,85.7447,85.7494,85.6908,0.0538,0.0585,0.0047
9166,1000.5,407.6,85.7478,85.7525,85.6944,0.0534,0.0581,0.0047
9167,1017.5,418.2,85.7509,85.7557,85.6976,0.0534,0.0581,0.0047
9168,993.7,420.0,85.7541,85.7588,85.7007,0.0534,0.0581,0.0047
9169,990.3,420.8,85.7572,85.7620,85.7036,0.0537,0.0584,0.0047
9170,998.5,461.0,85.7604,85.7651,85.7065,0.0539,0.0586,0.0047
9171,999.9,450.8,85.7636,85.7683,85.7093,0.0543,0.0590,0.0047
9172,999.3,415.2,85.7667,85.7715,85.7121,0.0546,0.0593,0.0047
9173,999.8,457.5,85.7699,85.7747,85.7151,0.0548,0.0596,0.0047
9174,1000.5,481.5,85.7731,85.7778,85.7182,0.0549,0.0597,0.0047
9175,999.6,458.3,85.7763,85.7810,85.7210,0.0553,0.0601,0.0047
9176,999.9,457.1,85.7795,85.7843,85.7236,0.0559,0.0606,0.0047
9177,1000.2,461.0,85.7827,85.7875,85.7264,0.0564,0.0611,0.0047
9178,1000.6,410.1,85.7859,85.7907,85.7295,0.0565,0.0612,0.0048
9179,1001.2,455.3,85.7892,85.7939,85.7325,0.0566,0.0614,0.0048
9180,1000.0,409.9,85.7924,85.7971,85.7358,0.0566,0.0613,0.0048
9181,1000.1,452.4,85.7956,85.8004,85.7391,0.0565,0.0613,0.0048
9182,1001.5,412.1,85.7989,85.8036,85.7428,0.0561,0.0609,0.0048
9183,999.5,439.0,85.8021,85.8069,85.7462,0.0559,0.0607,0.0048
9184,999.0,416.4,85.8054,85.8101,85.7496,0.0558,0.0606,0.0048
9185,1003.0,446.8,85.8086,85.8134,85.7530,0.0557,0.0604,0.0048
9186,1006.6,427.9,85.8119,85.8167,85.7564,0.0555,0.0602,0.0048
9187,995.0,403.6,85.8152,85.8200,85.7598,0.0553,0.0601,0.0048
9188,995.4,441.8,85.8185,85.8232,85.7633,0.0552,0.0600,0.0048
9189,998.4,417.4,85.8217,85.8265,85.7667,0.0551,0.0598,0.0048
9190,1000.0,422.5,85.8250,85.8298,85.7703,0.0547,0.0595,0.0048
9191,998.0,462.5,85.8283,85.8331,85.7739,0.0545,0.0593,0.0048
9192,1000.1,458.8,85.8317,85.8365,85.7775,0.0542,0.0590,0.0048
9193,999.9,477.8,85.8350,85.8398,85.7811,0.0539,0.0587,0.0048
9194,1000.4,451.6,85.8383,85.8431,85.7850,0.0533,0.0581,0.0048
9195,999.6,502.0,85.8416,85.8464,85.7886,0.0530,0.0578,0.0048
9196,1000.3,452.1,85.8450,85.8498,85.7921,0.0529,0.0577,0.0048
9197,999.7,488.0,85.8483,85.8531,85.7956,0.0527,0.0575,0.0048
9198,1000.4,444.3,85.8517,85.8565,85.7993,0.0524,0.0572,0.0048
9199,999.7,472.6,85.8550,85.8598,85.8027,0.0523,0.0571,0.0048
9200,1000.8,473.7,85.8584,85.8632,85.8061,0.0523,0.0571,0.0048
9201,999.2,479.5,85.8617,85.8666,85.8096,0.0522,0.0570,0.0048
9202,1002.1,470.8,85.8651,85.8700,85.8134,0.0517,0.0565,0.0048
9203,999.2,428.7,85.8685,85.8733,85.8170,0.0515,0.0563,0.0048
9204,1001.1,454.4,85.8719,85.8767,85.8206,0.0513,0.0561,0.0048
9205,1000.4,436.6,85.8753,85.8801,85.8241,0.0512,0.0560,0.0048
9206,998.8,452.0,85.8787,85.8835,85.8279,0.0508,0.0557,0.0048
9207,1000.3,406.1,85.8821,85.8870,85.8312,0.0509,0.0557,0.0048
9208,999.9,377.1,85.8855,85.8904,85.8345,0.0510,0.0559,0.0049
9209,999.6,432.1,85.8889,85.8938,85.8378,0.0512,0.0560,0.0049
9210,999.8,449.7,85.8924,85.8972,85.8413,0.0511,0.0560,0.0049
9211,1000.2,427.1,85.8958,85.9007,85.8444,0.0514,0.0563,0.0049
9212,998.8,470.4,85.8993,85.9041,85.8475,0.0517,0.0566,0.0049
9213,1000.4,463.9,85.9027,85.9076,85.8507,0.0520,0.0569,0.0049
9214,999.7,461.9,85.9062,85.9110,85.8541,0.0520,0.0569,0.0049
9215,1001.0,430.2,85.9096,85.9145,85.8575,0.0521,0.0570,0.0049
9216,999.2,420.3,85.9131,85.9180,85.8610,0.0520,0.0569,0.0049
9217,1000.0,410.3,85.9166,85.9215,85.8647,0.0519,0.0568,0.0049
9218,999.9,417.4,85.9201,85.9249,85.8686,0.0514,0.0563,0.0049
9219,999.5,416.2,85.9235,85.9284,85.8722,0.0514,0.0563,0.0049
9220,999.9,443.9,85.9270,85.9319,85.8756,0.0514,0.0563,0.0049
9221,1000.1,433.8,85.9305,85.9354,85.8790,0.0516,0.0565,0.0049
9222,1002.1,402.1,85.9340,85.9389,85.8827,0.0514,0.0563,0.0049
9223,1000.3,397.4,85.9376,85.9425,85.8862,0.0514,0.0563,0.0049
9224,1000.7,419.9,85.9411,85.9460,85.8897,0.0514,0.0563,0.0049
9225,998.5,399.2,85.9446,85.9495,85.8929,0.0517,0.0566,0.0049
9226,1000.0,405.2,85.9481,85.9531,85.8965,0.0517,0.0566,0.0049
9227,999.7,405.6,85.9517,85.9566,85.9000,0.0517,0.0566,0.0049
9228,1000.3,401.0,85.9552,85.9602,85.9036,0.0517,0.0566,0.0049
9229,1000.5,409.4,85.9588,85.9637,85.9072,0.0516,0.0565,0.0049
9230,999.7,404.7,85.9624,85.9673,85.9112,0.0511,0.0560,0.0049
9231,1000.2,404.6,85.9659,85.9708,85.9149,0.0510,0.0559,0.0049
9232,1001.9,409.0,85.9695,85.9744,85.9183,0.0512,0.0562,0.0049
9233,998.3,418.2,85.9731,85.9780,85.9214,0.0516,0.0566,0.0049
9234,1001.3,412.6,85.9767,85.9816,85.9248,0.0518,0.0568,0.0049
9235,997.3,460.7,85.9803,85.9852,85.9279,0.0524,0.0573,0.0049
9236,999.7,468.6,85.9839,85.9888,85.9310,0.0528,0.0578,0.0049
9237,1000.0,460.0,85.9875,85.9924,85.9344,0.0531,0.0581,0.0049
9238,999.9,412.9,85.9911,85.9960,85.9380,0.0531,0.0581,0.0050
9239,1000.0,471.8,85.9947,85.9996,85.9413,0.0534,0.0583,0.0050
9240,1000.1,461.8,85.9983,86.0033,85.9448,0.0536,0.0585,0.0050
9241,999.5,421.3,86.0020,86.0069,85.9482,0.0537,0.0587,0.0050
9242,1000.1,467.0,86.0056,86.0106,85.9519,0.0537,0.0587,0.0050
9243,1001.0,452.0,86.0092,86.0142,85.9553,0.0540,0.0589,0.0050
9244,1001.3,437.0,86.0129,86.0179,85.9585,0.0544,0.0594,0.0050
9245,999.9,489.6,86.0165,86.0215,85.9617,0.0549,0.0599,0.0050
9246,1000.2,436.2,86.0202,86.0252,85.9650,0.0552,0.0601,0.0050
9247,1001.0,476.3,86.0239,86.0289,85.9681,0.0558,0.0608,0.0050
9248,998.1,473.2,86.0276,86.0325,85.9711,0.0564,0.0614,0.0050
9249,1000.0,433.1,86.0312,86.0362,85.9741,0.0571,0.0621,0.0050
9250,1000.3,476.5,86.0349,86.0399,85.9775,0.0575,0.0625,0.0050
9251,999.7,471.2,86.0386,86.0436,85.9806,0.0580,0.0630,0.0050
9252,1000.7,456.1,86.0423,86.0473,85.9838,0.0585,0.0635,0.0050
9253,1000.5,420.0,86.0460,86.0510,85.9872,0.0588,0.0638,0.0050
9254,999.5,433.0,86.0498,86.0548,85.9910,0.0588,0.0638,0.0050
9255,998.0,459.5,86.0535,86.0585,85.9945,0.0590,0.0640,0.0050
9256,999.9,477.9,86.0572,86.0622,85.9979,0.0593,0.0643,0.0050
9257,999.9,470.8,86.0609,86.0660,86.0014,0.0595,0.0645,0.0050
9258,1000.1,458.4,86.0647,86.0697,86.0054,0.0593,0.0643,0.0050
9259,1000.7,471.4,86.0684,86.0734,86.0089,0.0596,0.0646,0.0050
9260,999.5,422.0,86.0722,86.0772,86.0124,0.0598,0.0649,0.0050
9261,1000.0,460.0,86.0759,86.0810,86.0159,0.0600,0.0651,0.0050
9262,999.7,428.5,86.0797,86.0847,86.0198,0.0599,0.0649,0.0050
9263,1000.8,469.9,86.0835,86.0885,86.0237,0.0598,0.0648,0.0050
9264,999.7,416.3,86.0873,86.0923,86.0276,0.0596,0.0647,0.0050
9265,1002.3,442.1,86.0910,86.0961,86.0316,0.0594,0.0644,0.0050
9266,1000.0,469.3,86.0948,86.0999,86.0360,0.0589,0.0639,0.0050
9267,998.8,457.0,86.0986,86.1037,86.0398,0.0588,0.0639,0.0050
9268,1000.3,479.5,86.1024,86.1075,86.0436,0.0589,0.0639,0.0050
9269,1000.3,488.6,86.1062,86.1113,86.0473,0.0589,0.0639,0.0050
9270,999.1,478.3,86.1101,86.1151,86.0513,0.0587,0.0638,0.0051
9271,1000.9,505.3,86.1139,86.1189,86.0556,0.0583,0.0633,0.0051
9272,999.9,423.0,86.1177,86.1228,86.0596,0.0582,0.0632,0.0051
9273,999.8,395.1,86.1216,86.1266,86.0635,0.0580,0.0631,0.0051
9274,999.9,430.5,86.1254,86.1305,86.0675,0.0579,0.0629,0.0051
9275,1004.6,415.6,86.1292,86.1343,86.0719,0.0574,0.0624,0.0051
9276,997.9,450.3,86.1331,86.1382,86.0759,0.0572,0.0623,0.0051
9277,995.8,462.9,86.1370,86.1420,86.0799,0.0571,0.0621,0.0051
9278,1000.2,456.1,86.1408,86.1459,86.0838,0.0571,0.0621,0.0051
9279,1000.2,450.5,86.1447,86.1498,86.0877,0.0570,0.0620,0.0051
9280,999.8,420.4,86.1486,86.1537,86.0913,0.0572,0.0623,0.0051
9281,1000.0,461.9,86.1525,86.1575,86.0948,0.0577,0.0628,0.0051
9282,1003.5,411.7,86.1564,86.1614,86.0981,0.0582,0.0633,0.0051
9283,996.7,460.2,86.1602,86.1653,86.1019,0.0584,0.0635,0.0051
9284,999.8,417.8,86.1642,86.1692,86.1053,0.0589,0.0640,0.0051
9285,1000.4,415.4,86.1681,86.1732,86.1089,0.0592,0.0643,0.0051
9286,1000.0,452.0,86.1720,86.1771,86.1126,0.0593,0.0644,0.0051
9287,1001.9,472.2,86.1759,86.1810,86.1168,0.0591,0.0642,0.0051
9288,1004.8,474.2,86.1798,86.1849,86.1206,0.0592,0.0643,0.0051
9289,1007.7,447.0,86.1838,86.1889,86.1243,0.0595,0.0646,0.0051
9290,991.3,412.0,86.1877,86.1928,86.1278,0.0599,0.0650,0.0051
9291,997.7,444.4,86.1917,86.1968,86.1318,0.0599,0.0650,0.0051
9292,1004.3,422.2,86.1956,86.2007,86.1356,0.0600,0.0651,0.0051
9293,994.7,415.9,86.1996,86.2047,86.1395,0.0601,0.0652,0.0051
9294,1000.4,447.9,86.2035,86.2087,86.1433,0.0602,0.0653,0.0051
9295,999.7,450.0,86.2075,86.2126,86.1473,0.0602,0.0653,0.0051
9296,999.8,483.1,86.2115,86.2166,86.1516,0.0599,0.0650,0.0051
9297,999.5,501.5,86.2155,86.2206,86.1556,0.0598,0.0650,0.0051
9298,999.5,500.3,86.2195,86.2246,86.1599,0.0595,0.0647,0.0051
9299,998.6,448.2,86.2234,86.2286,86.1646,0.0589,0.0640,0.0051
9300,999.7,505.8,86.2275,86.2326,86.1690,0.0585,0.0636,0.0051
9301,1000.1,492.4,86.2315,86.2366,86.1731,0.0583,0.0635,0.0051
9302,1000.2,464.1,86.2355,86.2406,86.1772,0.0582,0.0634,0.0052
9303,1000.0,435.4,86.2395,86.2446,86.1812,0.0583,0.0634,0.0052
9304,999.7,456.7,86.2435,86.2487,86.1854,0.0581,0.0633,0.0052
9305,999.9,423.7,86.2476,86.2527,86.1893,0.0583,0.0634,0.0052
9306,1000.4,429.0,86.2516,86.2568,86.1932,0.0584,0.0636,0.0052
9307,999.5,452.1,86.2556,86.2608,86.1971,0.0586,0.0637,0.0052
9308,1002.1,454.0,86.2597,86.2649,86.2019,0.0578,0.0629,0.0052
9309,1000.5,471.9,86.2637,86.2689,86.2054,0.0584,0.0636,0.0052
9310,1001.0,463.7,86.2678,86.2730,86.2099,0.0579,0.0630,0.0052
9311,998.1,458.2,86.2719,86.2771,86.2136,0.0582,0.0634,0.0052
9312,1000.1,477.4,86.2759,86.2811,86.2174,0.0586,0.0638,0.0052
9313,1002.3,442.5,86.2800,86.2852,86.2206,0.0594,0.0646,0.0052
9314,998.4,414.7,86.2841,86.2893,86.2238,0.0603,0.0655,0.0052
9315,999.4,466.6,86.2882,86.2934,86.2271,0.0612,0.0663,0.0052
9316,999.8,466.8,86.2923,86.2975,86.2305,0.0618,0.0670,0.0052
9317,1000.0,423.4,86.2964,86.3016,86.2339,0.0625,0.0677,0.0052
9318,1000.4,472.3,86.3005,86.3057,86.2373,0.0632,0.0684,0.0052
9319,999.8,484.6,86.3046,86.3098,86.2407,0.0639,0.0691,0.0052
9320,998.5,492.5,86.3088,86.3140,86.2445,0.0643,0.0695,0.0052
9321,999.8,509.6,86.3129,86.3181,86.2480,0.0648,0.0701,0.0052
9322,1000.1,436.8,86.3170,86.3222,86.2517,0.0653,0.0705,0.0052
9323,999.7,466.4,86.3212,86.3264,86.2556,0.0656,0.0708,0.0052
9324,1000.2,491.0,86.3253,86.3305,86.2597,0.0656,0.0708,0.0052
9325,999.8,440.4,86.3295,86.3347,86.2635,0.0660,0.0712,0.0052
9326,1002.6,421.5,86.3336,86.3388,86.2672,0.0664,0.0716,0.0052
9327,997.9,476.0,86.3378,86.3430,86.2709,0.0669,0.0721,0.0052
9328,1002.6,451.4,86.3420,86.3472,86.2750,0.0670,0.0722,0.0052
9329,998.7,424.4,86.3461,86.3514,86.2788,0.0673,0.0725,0.0052
9330,1001.6,466.3,86.3503,86.3555,86.2788,0.0715,0.0767,0.0052
9331,999.4,467.9,86.3545,86.3597,86.2829,0.0716,0.0769,0.0052
9332,999.3,449.1,86.3587,86.3639,86.2871,0.0716,0.0769,0.0052
9333,1000.1,421.7,86.3629,86.3681,86.2914,0.0715,0.0767,0.0052
9334,999.6,418.6,86.3671,86.3723,86.2956,0.0715,0.0768,0.0052
9335,1000.3,444.8,86.3713,86.3766,86.2998,0.0715,0.0768,0.0052
9336,999.8,431.7,86.3755,86.3808,86.3040,0.0716,0.0768,0.0053
9337,1000.2,461.7,86.3797,86.3850,86.3084,0.0714,0.0766,0.0053
9338,1000.9,426.8,86.3840,86.3892,86.3124,0.0716,0.0768,0.0053
9339,999.3,474.4,86.3882,86.3935,86.3164,0.0718,0.0771,0.0053
9340,999.9,461.9,86.3925,86.3977,86.3204,0.0720,0.0773,0.0053
9341,999.5,454.2,86.3967,86.4020,86.3250,0.0717,0.0770,0.0053
9342,998.3,480.4,86.4009,86.4062,86.3294,0.0715,0.0768,0.0053
9343,1000.1,419.3,86.4052,86.4105,86.3338,0.0714,0.0767,0.0053
9344,1000.4,441.4,86.4095,86.4147,86.3380,0.0714,0.0767,0.0053
9345,999.9,462.7,86.4137,86.4190,86.3424,0.0713,0.0766,0.0053
9346,999.8,448.2,86.4180,86.4233,86.3465,0.0715,0.0768,0.0053
9347,1002.0,461.6,86.4223,86.4276,86.3506,0.0717,0.0770,0.0053
9348,998.0,471.6,86.4266,86.4319,86.3546,0.0720,0.0773,0.0053
9349,999.7,430.9,86.4309,86.4362,86.3589,0.0720,0.0773,0.0053
9350,1000.6,415.2,86.4352,86.4405,86.3629,0.0722,0.0775,0.0053
9351,1000.7,475.6,86.4395,86.4448,86.3671,0.0723,0.0776,0.0053
9352,999.4,417.9,86.4438,86.4491,86.3715,0.0723,0.0776,0.0053
9353,1001.6,459.5,86.4481,86.4534,86.3762,0.0719,0.0772,0.0053
9354,999.5,473.7,86.4524,86.4577,86.3807,0.0718,0.0771,0.0053
9355,1001.1,419.2,86.4568,86.4621,86.3851,0.0716,0.0769,0.0053
9356,999.1,465.6,86.4611,86.4664,86.3896,0.0714,0.0768,0.0053
9357,999.9,468.7,86.4654,86.4707,86.3944,0.0710,0.0763,0.0053
9358,999.9,457.4,86.4698,86.4751,86.3987,0.0710,0.0763,0.0053
9359,1000.4,419.2,86.4741,86.4794,86.4032,0.0710,0.0763,0.0053
9360,1000.6,471.6,86.4785,86.4838,86.4076,0.0709,0.0762,0.0053
9361,999.6,472.9,86.4828,86.4882,86.4126,0.0702,0.0755,0.0053
9362,999.5,464.4,86.4872,86.4925,86.4176,0.0696,0.0749,0.0053
9363,998.5,488.3,86.4916,86.4969,86.4226,0.0689,0.0743,0.0053
9364,1000.3,487.9,86.4960,86.5013,86.4276,0.0683,0.0736,0.0053
9365,1000.7,432.1,86.5003,86.5057,86.4330,0.0673,0.0726,0.0053
9366,999.2,439.8,86.5047,86.5101,86.4380,0.0667,0.0721,0.0053
9367,999.7,422.2,86.5091,86.5145,86.4428,0.0663,0.0716,0.0053
9368,1000.2,466.3,86.5135,86.5189,86.4477,0.0658,0.0712,0.0053
9369,1000.3,483.9,86.5179,86.5233,86.4530,0.0649,0.0702,0.0053
9370,999.5,472.5,86.5223,86.5277,86.4580,0.0643,0.0696,0.0053
9371,1001.5,460.5,86.5268,86.5321,86.4631,0.0636,0.0690,0.0054
9372,1001.0,470.3,86.5312,86.5365,86.4682,0.0630,0.0683,0.0054
9373,998.9,451.7,86.5356,86.5410,86.4736,0.0620,0.0674,0.0054
9374,1000.8,431.7,86.5400,86.5454,86.4784,0.0617,0.0670,0.0054
9375,1000.5,439.0,86.5445,86.5498,86.4829,0.0616,0.0669,0.0054
9376,999.9,451.9,86.5489,86.5543,86.4873,0.0617,0.0670,0.0054
9377,999.5,422.4,86.5534,86.5587,86.4918,0.0616,0.0670,0.0054
9378,999.8,459.5,86.5578,86.5632,86.4959,0.0619,0.0673,0.0054
9379,999.9,462.8,86.5623,86.5677,86.5002,0.0621,0.0675,0.0054
9380,1000.1,435.6,86.5668,86.5721,86.5045,0.0623,0.0677,0.0054
9381,1000.1,434.2,86.5712,86.5766,86.5092,0.0621,0.0674,0.0054
9382,999.9,428.3,86.5757,86.5811,86.5134,0.0623,0.0677,0.0054
9383,1000.6,475.1,86.5802,86.5856,86.5176,0.0626,0.0680,0.0054
9384,999.5,478.9,86.5847,86.5901,86.5217,0.0630,0.0684,0.0054
9385,998.2,421.7,86.5892,86.5946,86.5261,0.0631,0.0685,0.0054
9386,999.9,439.4,86.5937,86.5991,86.5301,0.0636,0.0690,0.0054
9387,1000.1,478.8,86.5982,86.6036,86.5341,0.0641,0.0695,0.0054
9388,1001.0,470.0,86.6027,86.6081,86.5382,0.0645,0.0699,0.0054
9389,998.8,434.2,86.6072,86.6126,86.5426,0.0646,0.0700,0.0054
9390,1000.2,429.3,86.6118,86.6172,86.5469,0.0649,0.0703,0.0054
9391,1001.4,437.2,86.6163,86.6217,86.5512,0.0651,0.0705,0.0054
9392,999.7,431.7,86.6208,86.6262,86.5555,0.0654,0.0708,0.0054
9393,1000.8,428.1,86.6254,86.6308,86.5600,0.0654,0.0708,0.0054
9394,998.4,414.4,86.6299,86.6353,86.5642,0.0657,0.0711,0.0054
9395,1002.4,463.7,86.6344,86.6399,86.5683,0.0662,0.0716,0.0054
9396,999.1,492.3,86.6390,86.6444,86.5722,0.0668,0.0722,0.0054
9397,999.7,443.3,86.6436,86.6490,86.5764,0.0671,0.0726,0.0054
9398,999.9,441.2,86.6481,86.6536,86.5805,0.0676,0.0730,0.0054
9399,1000.9,424.7,86.6527,86.6581,86.5847,0.0680,0.0735,0.0054
9400,999.7,438.9,86.6573,86.6627,86.5889,0.0684,0.0739,0.0054
9401,999.9,479.5,86.6619,86.6673,86.5933,0.0685,0.0740,0.0054
9402,999.4,462.1,86.6665,86.6719,86.5974,0.0690,0.0745,0.0054
9403,1000.6,449.7,86.6710,86.6765,86.6014,0.0696,0.0751,0.0054
9404,999.8,481.9,86.6756,86.6811,86.6053,0.0703,0.0758,0.0054
9405,999.8,428.0,86.6803,86.6857,86.6095,0.0708,0.0762,0.0054
9406,1000.0,407.1,86.6849,86.6903,86.6132,0.0716,0.0771,0.0054
9407,998.6,480.6,86.6895,86.6949,86.6169,0.0726,0.0781,0.0055
9408,999.9,470.7,86.6941,86.6995,86.6205,0.0736,0.0790,0.0055
9409,999.8,441.9,86.6987,86.7042,86.6246,0.0741,0.0796,0.0055
9410,1001.9,432.1,86.7034,86.7088,86.6287,0.0747,0.0802,0.0055
9411,999.4,424.8,86.7080,86.7135,86.6327,0.0753,0.0807,0.0055
9412,1001.0,428.8,86.7126,86.7181,86.6369,0.0757,0.0812,0.0055
9413,999.9,472.9,86.7173,86.7227,86.6416,0.0757,0.0812,0.0055
9414,999.0,479.9,86.7219,86.7274,86.6460,0.0760,0.0814,0.0055
9415,999.1,452.8,86.7266,86.7321,86.6503,0.0762,0.0817,0.0055
9416,1001.1,466.8,86.7313,86.7367,86.6547,0.0765,0.0820,0.0055
9417,999.6,447.4,86.7359,86.7414,86.6593,0.0766,0.0821,0.0055
9418,1001.4,438.9,86.7406,86.7461,86.6637,0.0768,0.0823,0.0055
9419,1000.0,442.5,86.7453,86.7508,86.6684,0.0769,0.0824,0.0055
9420,1000.1,439.1,86.7500,86.7554,86.6732,0.0767,0.0822,0.0055
9421,999.0,457.8,86.7546,86.7601,86.6786,0.0760,0.0815,0.0055
9422,1001.3,422.4,86.7593,86.7648,86.6837,0.0756,0.0811,0.0055
9423,1000.1,413.0,86.7640,86.7695,86.6888,0.0752,0.0807,0.0055
9424,999.6,421.9,86.7687,86.7742,86.6938,0.0749,0.0804,0.0055
9425,999.8,424.7,86.7735,86.7790,86.6992,0.0743,0.0798,0.0055
9426,1001.0,410.5,86.7782,86.7837,86.7039,0.0742,0.0797,0.0055
9427,999.6,444.6,86.7829,86.7884,86.7087,0.0742,0.0797,0.0055
9428,999.6,450.7,86.7876,86.7931,86.7136,0.0741,0.0796,0.0055
9429,998.2,489.0,86.7924,86.7979,86.7190,0.0733,0.0788,0.0055
9430,999.9,448.2,86.7971,86.8026,86.7243,0.0728,0.0783,0.0055
9431,999.9,459.8,86.8018,86.8073,86.7295,0.0723,0.0778,0.0055
9432,1000.6,451.1,86.8066,86.8121,86.7347,0.0719,0.0774,0.0055
9433,1003.8,418.8,86.8113,86.8168,86.7401,0.0713,0.0768,0.0055
9434,996.6,434.7,86.8161,86.8216,86.7449,0.0712,0.0768,0.0055
9435,1000.3,423.2,86.8208,86.8264,86.7495,0.0713,0.0768,0.0055
9436,999.4,453.6,86.8256,86.8311,86.7542,0.0714,0.0769,0.0055
9437,999.5,489.0,86.8304,86.8359,86.7593,0.0711,0.0766,0.0055
9438,1002.1,476.5,86.8352,86.8407,86.7642,0.0710,0.0765,0.0055
9439,999.8,513.3,86.8399,86.8455,86.7692,0.0707,0.0763,0.0055
9440,999.8,507.1,86.8447,86.8503,86.7744,0.0703,0.0759,0.0055
9441,1000.0,489.9,86.8495,86.8551,86.7799,0.0697,0.0752,0.0055
9442,1000.0,457.6,86.8543,86.8599,86.7848,0.0695,0.0751,0.0055
9443,1000.2,457.6,86.8591,86.8647,86.7897,0.0695,0.0750,0.0055
9444,1001.2,448.0,86.8639,86.8695,86.7944,0.0695,0.0751,0.0055
9445,998.5,460.2,86.8688,86.8743,86.7991,0.0696,0.0752,0.0056
9446,1000.3,474.4,86.8736,86.8791,86.8044,0.0692,0.0748,0.0056
9447,999.5,433.2,86.8784,86.8840,86.8093,0.0691,0.0746,0.0056
9448,1000.1,484.1,86.8832,86.8888,86.8142,0.0690,0.0745,0.0056
9449,1001.6,461.6,86.8881,86.8936,86.8190,0.0690,0.0746,0.0056
9450,996.9,449.5,86.8929,86.8985,86.8238,0.0691,0.0746,0.0056
9451,1000.0,466.8,86.8977,86.9033,86.8283,0.0694,0.0750,0.0056
9452,999.9,495.5,86.9026,86.9082,86.8327,0.0699,0.0754,0.0056
9453,1000.1,451.3,86.9074,86.9130,86.8370,0.0704,0.0760,0.0056
9454,1000.5,447.9,86.9123,86.9179,86.8418,0.0705,0.0761,0.0056
9455,1000.6,440.2,86.9172,86.9227,86.8461,0.0711,0.0767,0.0056
9456,998.9,438.4,86.9220,86.9276,86.8504,0.0717,0.0772,0.0056
9457,1000.4,480.6,86.9269,86.9325,86.8548,0.0721,0.0777,0.0056
9458,999.7,473.7,86.9318,86.9374,86.8596,0.0721,0.0777,0.0056
9459,1001.3,452.0,86.9367,86.9423,86.8640,0.0727,0.0783,0.0056
9460,1000.1,479.4,86.9416,86.9471,86.8682,0.0734,0.0789,0.0056
9461,1000.0,428.5,86.9465,86.9520,86.8724,0.0741,0.0796,0.0056
9462,999.7,402.7,86.9514,86.9569,86.8766,0.0748,0.0803,0.0056
9463,1000.9,479.7,86.9563,86.9619,86.8809,0.0754,0.0809,0.0056
9464,999.2,476.6,86.9612,86.9668,86.8849,0.0763,0.0819,0.0056
9465,1000.9,444.5,86.9661,86.9717,86.8890,0.0771,0.0827,0.0056
9466,1000.2,442.6,86.9710,86.9766,86.8937,0.0773,0.0829,0.0056
9467,999.5,470.7,86.9759,86.9815,86.8980,0.0779,0.0835,0.0056
9468,999.9,452.6,86.9808,86.9865,86.9025,0.0784,0.0840,0.0056
9469,1000.3,447.9,86.9858,86.9914,86.9070,0.0788,0.0844,0.0056
9470,999.0,453.4,86.9907,86.9963,86.9119,0.0788,0.0844,0.0056
9471,998.9,495.2,86.9957,87.0013,86.9164,0.0792,0.0848,0.0056
9472,1000.1,460.7,87.0006,87.0062,86.9210,0.0796,0.0853,0.0056
9473,1000.0,432.4,87.0056,87.0112,86.9255,0.0800,0.0856,0.0056
9474,1001.2,438.0,87.0105,87.0161,86.9305,0.0800,0.0856,0.0056
9475,999.9,436.4,87.0155,87.0211,86.9352,0.0802,0.0859,0.0056
9476,1000.0,430.3,87.0204,87.0261,86.9404,0.0801,0.0857,0.0056
9477,998.7,417.7,87.0254,87.0311,86.9456,0.0798,0.0854,0.0056
9478,1000.1,451.8,87.0304,87.0360,86.9514,0.0790,0.0847,0.0056
9479,999.9,480.3,87.0354,87.0410,86.9568,0.0786,0.0842,0.0056
9480,1000.0,464.1,87.0404,87.0460,86.9621,0.0782,0.0839,0.0056
9481,1000.5,480.1,87.0454,87.0510,86.9674,0.0780,0.0836,0.0056
9482,1000.7,452.8,87.0504,87.0560,86.9738,0.0766,0.0822,0.0056
9483,2639.9,431.2,87.0554,87.0610,86.9902,0.0651,0.0708,0.0056
9484,437.9,337.5,87.0604,87.0660,86.9902,0.0701,0.0758,0.0056
9485,340.8,246.7,87.0654,87.0710,86.9902,0.0751,0.0808,0.0056
9486,583.9,427.0,87.0704,87.0760,86.9962,0.0742,0.0798,0.0057
9487,998.3,433.3,87.0754,87.0811,87.0016,0.0738,0.0795,0.0057
9488,1001.3,434.7,87.0804,87.0861,87.0069,0.0736,0.0792,0.0057
9489,998.9,425.7,87.0855,87.0911,87.0122,0.0733,0.0789,0.0057
9490,1000.1,454.1,87.0905,87.0962,87.0170,0.0735,0.0791,0.0057
9491,1000.3,481.9,87.0955,87.1012,87.0219,0.0736,0.0793,0.0057
9492,999.7,434.7,87.1006,87.1062,87.0270,0.0735,0.0792,0.0057
9493,997.7,446.4,87.1056,87.1113,87.0323,0.0733,0.0790,0.0057
9494,999.9,444.6,87.1107,87.1163,87.0383,0.0724,0.0780,0.0057
9495,1000.7,472.6,87.1157,87.1214,87.0438,0.0719,0.0776,0.0057
9496,1000.1,467.8,87.1208,87.1265,87.0493,0.0715,0.0772,0.0057
9497,999.2,433.0,87.1259,87.1315,87.0546,0.0713,0.0770,0.0057
9498,1000.4,442.7,87.1309,87.1366,87.0546,0.0764,0.0821,0.0057
9499,999.6,443.8,87.1360,87.1417,87.0603,0.0757,0.0814,0.0057
9500,1000.4,429.8,87.1411,87.1468,87.0657,0.0754,0.0810,0.0057
9501,1000.8,438.8,87.1462,87.1519,87.0712,0.0749,0.0806,0.0057
9502,999.7,433.3,87.1513,87.1570,87.0773,0.0739,0.0796,0.0057
9503,1000.9,423.6,87.1564,87.1621,87.0832,0.0731,0.0788,0.0057
9504,999.8,485.1,87.1615,87.1672,87.0890,0.0725,0.0781,0.0057
9505,1000.3,444.6,87.1666,87.1723,87.0946,0.0719,0.0776,0.0057
9506,1000.4,421.8,87.1717,87.1774,87.1006,0.0711,0.0768,0.0057
9507,999.4,486.1,87.1768,87.1825,87.1059,0.0709,0.0766,0.0057
9508,1000.2,485.9,87.1819,87.1876,87.1112,0.0707,0.0764,0.0057
9509,1000.8,429.0,87.1870,87.1927,87.1162,0.0708,0.0765,0.0057
9510,999.6,416.5,87.1922,87.1979,87.1216,0.0705,0.0763,0.0057
9511,999.8,442.2,87.1973,87.2030,87.1266,0.0707,0.0764,0.0057
9512,1000.1,429.4,87.2024,87.2081,87.1314,0.0710,0.0767,0.0057
9513,1000.2,468.6,87.2076,87.2133,87.1360,0.0716,0.0773,0.0057
9514,1001.4,468.9,87.2127,87.2184,87.1406,0.0721,0.0779,0.0057
9515,998.2,464.8,87.2179,87.2236,87.1448,0.0731,0.0788,0.0057
9516,1014.7,486.2,87.2230,87.2287,87.1491,0.0739,0.0797,0.0057
9517,994.6,441.1,87.2282,87.2339,87.1533,0.0748,0.0806,0.0057
9518,995.8,460.0,87.2333,87.2391,87.1579,0.0755,0.0812,0.0057
9519,997.2,474.0,87.2385,87.2442,87.1621,0.0764,0.0821,0.0057
9520,997.9,467.1,87.2437,87.2494,87.1665,0.0772,0.0829,0.0057
9521,998.3,469.4,87.2488,87.2546,87.1709,0.0780,0.0837,0.0057
9522,1000.7,471.0,87.2540,87.2598,87.1757,0.0784,0.0841,0.0057
9523,999.4,471.3,87.2592,87.2650,87.1800,0.0792,0.0849,0.0057
9524,1000.1,430.6,87.2644,87.2701,87.1844,0.0800,0.0857,0.0057
9525,1001.6,441.8,87.2696,87.2753,87.1888,0.0808,0.0865,0.0057
9526,1000.6,437.1,87.2748,87.2805,87.1935,0.0813,0.0870,0.0057
9527,998.9,394.2,87.2800,87.2857,87.1981,0.0819,0.0876,0.0057
9528,1000.1,465.5,87.2852,87.2910,87.2029,0.0823,0.0880,0.0057
9529,1000.4,457.8,87.2904,87.2962,87.2078,0.0826,0.0883,0.0057
9530,1000.3,431.0,87.2956,87.3014,87.2129,0.0827,0.0885,0.0058
9531,999.5,490.3,87.3009,87.3066,87.2184,0.0825,0.0883,0.0058
9532,1000.3,476.1,87.3061,87.3118,87.2235,0.0826,0.0884,0.0058
9533,1001.3,457.6,87.3113,87.3171,87.2284,0.0829,0.0886,0.0058
9534,998.5,488.5,87.3165,87.3223,87.2334,0.0832,0.0889,0.0058
9535,999.6,478.8,87.3218,87.3276,87.2387,0.0831,0.0888,0.0058
9536,998.4,421.4,87.3270,87.3328,87.2439,0.0832,0.0889,0.0058
9537,999.9,438.5,87.3323,87.3380,87.2490,0.0832,0.0890,0.0058
9538,999.8,430.0,87.3375,87.3433,87.2544,0.0832,0.0889,0.0058
9539,1000.4,481.2,87.3428,87.3486,87.2602,0.0826,0.0884,0.0058
9540,1002.1,460.8,87.3480,87.3538,87.2655,0.0825,0.0883,0.0058
9541,998.4,486.6,87.3533,87.3591,87.2707,0.0826,0.0884,0.0058
9542,999.5,470.2,87.3586,87.3644,87.2758,0.0828,0.0886,0.0058
9543,999.7,500.4,87.3639,87.3696,87.2811,0.0828,0.0885,0.0058
9544,1000.2,601.7,87.3691,87.3749,87.2862,0.0830,0.0888,0.0058
9545,1012.1,448.7,87.3744,87.3802,87.2914,0.0830,0.0888,0.0058
9546,991.8,482.3,87.3797,87.3855,87.2968,0.0829,0.0887,0.0058
9547,1000.3,460.0,87.3850,87.3908,87.3026,0.0824,0.0882,0.0058
9548,1000.3,451.1,87.3903,87.3961,87.3081,0.0822,0.0880,0.0058
9549,997.9,468.7,87.3956,87.4014,87.3137,0.0819,0.0877,0.0058
9550,999.4,454.7,87.4009,87.4067,87.3192,0.0817,0.0875,0.0058
9551,1000.1,456.2,87.4062,87.4120,87.3251,0.0811,0.0869,0.0058
9552,1000.7,469.0,87.4115,87.4173,87.3305,0.0810,0.0868,0.0058
9553,999.2,441.8,87.4168,87.4226,87.3360,0.0808,0.0866,0.0058
9554,1000.0,470.0,87.4221,87.4279,87.3416,0.0805,0.0863,0.0058
9555,999.9,462.1,87.4275,87.4333,87.3476,0.0798,0.0856,0.0058
9556,1000.2,420.9,87.4328,87.4386,87.3532,0.0795,0.0853,0.0058
9557,999.7,424.4,87.4381,87.4439,87.3589,0.0793,0.0851,0.0058
9558,998.3,452.9,87.4435,87.4493,87.3645,0.0790,0.0848,0.0058
9559,1000.0,446.4,87.4488,87.4546,87.3704,0.0784,0.0842,0.0058
9560,999.9,451.4,87.4541,87.4600,87.3760,0.0782,0.0840,0.0058
9561,1000.2,451.5,87.4595,87.4653,87.3817,0.0778,0.0837,0.0058
9562,999.8,443.4,87.4648,87.4707,87.3874,0.0774,0.0832,0.0058
9563,1000.0,454.5,87.4702,87.4760,87.3934,0.0768,0.0827,0.0058
9564,1000.7,457.8,87.4756,87.4814,87.3987,0.0769,0.0827,0.0058
9565,999.4,444.4,87.4809,87.4868,87.4039,0.0770,0.0829,0.0058
9566,1000.1,437.3,87.4863,87.4921,87.4089,0.0774,0.0832,0.0058
9567,1005.2,437.4,87.4917,87.4975,87.4142,0.0775,0.0833,0.0058
9568,997.3,480.5,87.4971,87.5029,87.4192,0.0779,0.0837,0.0058
9569,999.2,525.6,87.5024,87.5083,87.4242,0.0783,0.0841,0.0058
9570,999.8,518.6,87.5078,87.5137,87.4292,0.0786,0.0844,0.0058
9571,1000.6,508.7,87.5132,87.5190,87.4347,0.0785,0.0843,0.0058
9572,999.7,530.3,87.5186,87.5244,87.4398,0.0788,0.0846,0.0058
9573,999.9,470.3,87.5240,87.5298,87.4447,0.0793,0.0851,0.0058
9574,1000.7,497.3,87.5294,87.5352,87.4495,0.0799,0.0857,0.0058
9575,999.5,520.9,87.5348,87.5407,87.4547,0.0801,0.0860,0.0058
9576,1000.3,456.5,87.5402,87.5461,87.4595,0.0807,0.0865,0.0058
9577,999.4,443.1,87.5456,87.5515,87.4646,0.0810,0.0869,0.0059
9578,1000.4,485.4,87.5511,87.5569,87.4699,0.0812,0.0870,0.0059
9579,998.0,496.0,87.5565,87.5623,87.4756,0.0809,0.0867,0.0059
9580,1000.2,479.0,87.5619,87.5678,87.4809,0.0811,0.0869,0.0059
9581,999.8,448.8,87.5673,87.5732,87.4861,0.0812,0.0871,0.0059
9582,1000.5,487.5,87.5728,87.5786,87.4912,0.0816,0.0874,0.0059
9583,999.4,432.4,87.5782,87.5841,87.4967,0.0815,0.0874,0.0059
9584,1000.6,447.0,87.5836,87.5895,87.5019,0.0818,0.0876,0.0059
9585,999.6,483.2,87.5891,87.5950,87.5071,0.0820,0.0879,0.0059
9586,1000.3,447.4,87.5945,87.6004,87.5125,0.0821,0.0879,0.0059
9587,999.6,468.8,87.6000,87.6059,87.5183,0.0816,0.0875,0.0059
9588,1000.8,483.3,87.6055,87.6113,87.5240,0.0815,0.0874,0.0059
9589,1000.5,452.5,87.6109,87.6168,87.5293,0.0816,0.0875,0.0059
9590,1002.8,486.2,87.6164,87.6223,87.5345,0.0818,0.0877,0.0059
9591,999.4,479.1,87.6218,87.6277,87.5401,0.0817,0.0876,0.0059
9592,999.0,475.4,87.6273,87.6332,87.5452,0.0821,0.0880,0.0059
9593,999.9,506.1,87.6328,87.6387,87.5502,0.0826,0.0885,0.0059
9594,999.6,448.0,87.6383,87.6442,87.5554,0.0829,0.0888,0.0059
9595,1000.2,495.2,87.6438,87.6497,87.5607,0.0831,0.0890,0.0059
9596,1000.1,534.7,87.6493,87.6551,87.5666,0.0826,0.0885,0.0059
9597,999.4,451.0,87.6547,87.6606,87.5723,0.0825,0.0884,0.0059
9598,1000.3,455.6,87.6602,87.6661,87.5778,0.0825,0.0884,0.0059
9599,999.5,507.7,87.6657,87.6716,87.5834,0.0824,0.0883,0.0059
9600,1000.3,486.8,87.6712,87.6771,87.5895,0.0818,0.0877,0.0059
9601,998.4,427.3,87.6768,87.6827,87.5953,0.0815,0.0874,0.0059
9602,999.8,450.5,87.6823,87.6882,87.6010,0.0812,0.0871,0.0059
9603,1000.2,485.7,87.6878,87.6937,87.6069,0.0809,0.0868,0.0059
9604,1000.0,480.4,87.6933,87.6992,87.6132,0.0801,0.0860,0.0059
9605,999.9,492.6,87.6988,87.7047,87.6190,0.0799,0.0858,0.0059
9606,1000.1,490.9,87.7044,87.7103,87.6247,0.0797,0.0856,0.0059
9607,1000.9,446.1,87.7099,87.7158,87.6301,0.0797,0.0856,0.0059
9608,999.1,462.2,87.7154,87.7213,87.6361,0.0793,0.0852,0.0059
9609,1000.3,490.9,87.7210,87.7269,87.6416,0.0794,0.0853,0.0059
9610,1001.6,483.4,87.7265,87.7324,87.6471,0.0793,0.0853,0.0059
9611,999.2,489.3,87.7320,87.7380,87.6528,0.0793,0.0852,0.0059
9612,1001.3,483.8,87.7376,87.7435,87.6586,0.0789,0.0849,0.0059
9613,1000.1,480.4,87.7431,87.7491,87.6639,0.0792,0.0851,0.0059
9614,999.5,491.7,87.7487,87.7546,87.6691,0.0796,0.0856,0.0059
9615,1000.8,434.7,87.7543,87.7602,87.6742,0.0800,0.0859,0.0059
9616,999.7,440.1,87.7598,87.7658,87.6798,0.0800,0.0859,0.0059
9617,999.7,444.7,87.7654,87.7713,87.6851,0.0803,0.0862,0.0059
9618,999.8,481.3,87.7710,87.7769,87.6904,0.0805,0.0865,0.0059
9619,999.7,452.8,87.7765,87.7825,87.6958,0.0807,0.0866,0.0059
9620,1000.4,499.1,87.7821,87.7880,87.7017,0.0805,0.0864,0.0059
9621,1000.1,458.3,87.7877,87.7936,87.7069,0.0808,0.0867,0.0059
9622,997.9,464.4,87.7933,87.7992,87.7123,0.0810,0.0869,0.0059
9623,1000.4,448.6,87.7989,87.8048,87.7175,0.0814,0.0873,0.0059
9624,999.7,456.3,87.8045,87.8104,87.7232,0.0812,0.0872,0.0059
9625,999.9,442.3,87.8101,87.8160,87.7285,0.0815,0.0875,0.0059
9626,1000.4,493.9,87.8157,87.8216,87.7340,0.0817,0.0876,0.0059
9627,1000.8,440.9,87.8213,87.8272,87.7395,0.0818,0.0877,0.0059
9628,999.3,472.3,87.8269,87.8328,87.7453,0.0816,0.0875,0.0059
9629,999.7,461.9,87.8325,87.8384,87.7507,0.0818,0.0877,0.0059
9630,1000.9,447.8,87.8381,87.8441,87.7559,0.0822,0.0882,0.0059
9631,1000.2,459.1,87.8437,87.8497,87.7611,0.0827,0.0886,0.0060
9632,999.7,438.4,87.8493,87.8553,87.7666,0.0827,0.0887,0.0060
9633,1001.2,480.1,87.8550,87.8609,87.7719,0.0831,0.0890,0.0060
9634,999.8,470.5,87.8606,87.8666,87.7772,0.0834,0.0894,0.0060
9635,1003.4,448.3,87.8662,87.8722,87.7825,0.0837,0.0897,0.0060
9636,997.1,425.4,87.8719,87.8778,87.7882,0.0837,0.0896,0.0060
9637,999.3,445.6,87.8775,87.8835,87.7933,0.0842,0.0902,0.0060
9638,999.6,445.9,87.8831,87.8891,87.7982,0.0850,0.0909,0.0060
9639,1000.9,442.0,87.8888,87.8948,87.8030,0.0858,0.0918,0.0060
9640,999.4,492.3,87.8944,87.9004,87.8081,0.0863,0.0923,0.0060
9641,1000.0,493.8,87.9001,87.9061,87.8131,0.0870,0.0930,0.0060
9642,999.7,486.6,87.9057,87.9117,87.8182,0.0876,0.0935,0.0060
9643,1000.2,497.3,87.9114,87.9174,87.8234,0.0880,0.0940,0.0060
9644,998.2,506.4,87.9171,87.9230,87.8292,0.0879,0.0939,0.0060
9645,1000.4,438.1,87.9227,87.9287,87.8346,0.0881,0.0941,0.0060
9646,999.9,529.9,87.9284,87.9344,87.8399,0.0885,0.0945,0.0060
9647,1000.8,451.8,87.9341,87.9401,87.8452,0.0889,0.0949,0.0060
9648,998.9,403.0,87.9398,87.9457,87.8510,0.0888,0.0947,0.0060
9649,1000.1,505.4,87.9454,87.9514,87.8566,0.0889,0.0949,0.0060
9650,1000.0,449.1,87.9511,87.9571,87.8622,0.0889,0.0949,0.0060
9651,1000.9,425.9,87.9568,87.9628,87.8680,0.0889,0.0948,0.0060
9652,999.4,463.4,87.9625,87.9685,87.8751,0.0874,0.0934,0.0060
9653,1001.6,426.2,87.9682,87.9742,87.8810,0.0872,0.0931,0.0060
9654,1000.2,391.1,87.9739,87.9799,87.8860,0.0878,0.0938,0.0060
9655,1000.1,438.1,87.9796,87.9856,87.8928,0.0868,0.0928,0.0060
9656,999.8,426.1,87.9853,87.9913,87.8991,0.0862,0.0922,0.0060
9657,999.8,387.9,87.9910,87.9970,87.9050,0.0860,0.0920,0.0060
9658,999.7,444.3,87.9967,88.0027,87.9110,0.0858,0.0917,0.0060
9659,1000.8,451.4,88.0024,88.0084,87.9168,0.0856,0.0916,0.0060
9660,999.4,420.2,88.0081,88.0141,87.9225,0.0857,0.0917,0.0060
9661,999.8,455.0,88.0139,88.0199,87.9284,0.0855,0.0915,0.0060
9662,1000.3,442.9,88.0196,88.0256,87.9340,0.0856,0.0916,0.0060
9663,1000.1,425.6,88.0253,88.0313,87.9396,0.0857,0.0917,0.0060
9664,1000.2,456.2,88.0310,88.0370,87.9452,0.0858,0.0918,0.0060
9665,999.5,442.2,88.0368,88.0428,87.9514,0.0854,0.0914,0.0060
9666,998.7,437.1,88.0425,88.0485,87.9573,0.0852,0.0912,0.0060
9667,999.8,433.1,88.0482,88.0543,87.9632,0.0851,0.0911,0.0060
9668,1000.1,436.0,88.0540,88.0600,87.9689,0.0851,0.0911,0.0060
9669,1000.9,410.9,88.0597,88.0658,87.9751,0.0847,0.0907,0.0060
9670,998.9,489.4,88.0655,88.0715,87.9810,0.0845,0.0905,0.0060
9671,1000.0,449.3,88.0712,88.0773,87.9870,0.0842,0.0903,0.0060
9672,1000.4,427.1,88.0770,88.0830,87.9931,0.0839,0.0899,0.0060
9673,999.5,431.3,88.0828,88.0888,87.9931,0.0897,0.0957,0.0060
9674,1001.0,425.2,88.0885,88.0945,88.0000,0.0885,0.0945,0.0060
9675,999.3,436.2,88.0943,88.1003,88.0066,0.0877,0.0937,0.0060
9676,1001.5,454.5,88.1000,88.1061,88.0130,0.0870,0.0930,0.0060
9677,1000.0,419.7,88.1058,88.1118,88.0198,0.0860,0.0920,0.0060
9678,999.5,447.9,88.1116,88.1176,88.0261,0.0855,0.0916,0.0060
9679,1000.1,468.9,88.1174,88.1234,88.0324,0.0849,0.0910,0.0060
9680,1000.5,445.8,88.1231,88.1292,88.0388,0.0844,0.0904,0.0060
9681,999.6,456.8,88.1289,88.1350,88.0454,0.0835,0.0895,0.0060
9682,1000.3,463.5,88.1347,88.1408,88.0514,0.0834,0.0894,0.0060
9683,999.8,445.0,88.1405,88.1465,88.0571,0.0834,0.0895,0.0060
9684,1000.3,469.8,88.1463,88.1523,88.0624,0.0839,0.0899,0.0060
9685,999.3,457.5,88.1521,88.1581,88.0680,0.0841,0.0902,0.0060
9686,1000.3,444.2,88.1579,88.1639,88.0731,0.0848,0.0908,0.0060
9687,998.9,441.5,88.1637,88.1697,88.0785,0.0852,0.0913,0.0060
9688,999.6,433.0,88.1695,88.1755,88.0838,0.0857,0.0917,0.0060
9689,999.8,459.2,88.1753,88.1814,88.0898,0.0855,0.0915,0.0060
9690,999.9,469.3,88.1811,88.1872,88.0952,0.0859,0.0919,0.0060
9691,1000.2,463.6,88.1869,88.1930,88.1005,0.0864,0.0925,0.0060
9692,999.7,437.5,88.1928,88.1988,88.1059,0.0869,0.0929,0.0061
9693,1002.0,434.5,88.1986,88.2046,88.1116,0.0870,0.0930,0.0061
9694,998.9,454.2,88.2044,88.2104,88.1171,0.0872,0.0933,0.0061
9695,1000.7,450.5,88.2102,88.2163,88.1227,0.0875,0.0936,0.0061
9696,999.3,471.7,88.2160,88.2221,88.1284,0.0877,0.0937,0.0061
9697,999.7,479.3,88.2219,88.2279,88.1343,0.0876,0.0936,0.0061
9698,1003.4,478.9,88.2277,88.2338,88.1398,0.0879,0.0940,0.0061
9699,998.7,494.9,88.2336,88.2396,88.1452,0.0884,0.0945,0.0061
9700,999.6,470.9,88.2394,88.2455,88.1507,0.0887,0.0948,0.0061
9701,1000.6,444.7,88.2452,88.2513,88.1567,0.0886,0.0946,0.0061
9702,999.5,453.7,88.2511,88.2571,88.1624,0.0887,0.0948,0.0061
9703,1000.2,455.9,88.2569,88.2630,88.1681,0.0888,0.0949,0.0061
9704,999.2,495.5,88.2628,88.2689,88.1737,0.0891,0.0951,0.0061
9705,1000.0,497.7,88.2686,88.2747,88.1797,0.0890,0.0950,0.0061
9706,999.9,506.0,88.2745,88.2806,88.1851,0.0894,0.0955,0.0061
9707,1000.6,447.1,88.2804,88.2864,88.1905,0.0898,0.0959,0.0061
9708,999.5,468.7,88.2862,88.2923,88.1961,0.0901,0.0962,0.0061
9709,998.5,456.5,88.2921,88.2982,88.2022,0.0899,0.0959,0.0061
9710,999.7,396.9,88.2980,88.3040,88.2081,0.0899,0.0960,0.0061
9711,1000.3,504.5,88.3038,88.3099,88.2140,0.0899,0.0960,0.0061
9712,1000.0,496.3,88.3097,88.3158,88.2199,0.0898,0.0959,0.0061
9713,1001.7,418.2,88.3156,88.3217,88.2263,0.0893,0.0954,0.0061
9714,1001.0,492.6,88.3215,88.3275,88.2321,0.0894,0.0954,0.0061
9715,1000.1,444.6,88.3273,88.3334,88.2380,0.0893,0.0954,0.0061
9716,997.6,406.2,88.3332,88.3393,88.2440,0.0892,0.0953,0.0061
9717,1000.5,452.1,88.3391,88.3452,88.2508,0.0883,0.0944,0.0061
9718,999.9,443.3,88.3450,88.3511,88.2572,0.0878,0.0939,0.0061
9719,1001.8,454.1,88.3509,88.3570,88.2637,0.0872,0.0933,0.0061
9720,1000.1,521.8,88.3568,88.3629,88.2700,0.0868,0.0929,0.0061
9721,999.6,526.8,88.3627,88.3688,88.2767,0.0860,0.0921,0.0061
9722,999.6,461.5,88.3686,88.3747,88.2830,0.0856,0.0917,0.0061
9723,1000.6,533.4,88.3745,88.3806,88.2892,0.0853,0.0914,0.0061
9724,999.0,512.4,88.3804,88.3865,88.2954,0.0850,0.0911,0.0061
9725,1001.4,501.4,88.3863,88.3924,88.3021,0.0842,0.0903,0.0061
9726,998.8,530.0,88.3922,88.3983,88.3081,0.0841,0.0902,0.0061
9727,1000.5,475.5,88.3982,88.4043,88.3139,0.0843,0.0904,0.0061
9728,999.6,433.1,88.4041,88.4102,88.3195,0.0846,0.0907,0.0061
9729,999.9,458.7,88.4100,88.4161,88.3255,0.0845,0.0906,0.0061
9730,998.2,459.2,88.4159,88.4220,88.3310,0.0849,0.0910,0.0061
9731,1000.1,481.3,88.4218,88.4280,88.3367,0.0851,0.0913,0.0061
9732,1000.6,511.5,88.4278,88.4339,88.3424,0.0854,0.0915,0.0061
9733,1000.1,451.7,88.4337,88.4398,88.3484,0.0853,0.0914,0.0061
9734,1000.6,439.1,88.4396,88.4457,88.3539,0.0857,0.0918,0.0061
9735,1091.2,379.3,88.4456,88.4517,88.3594,0.0862,0.0923,0.0061
9736,915.4,449.0,88.4515,88.4576,88.3648,0.0867,0.0928,0.0061
9737,994.3,448.4,88.4575,88.4636,88.3708,0.0867,0.0928,0.0061
9738,999.6,505.0,88.4634,88.4695,88.3763,0.0871,0.0932,0.0061
9739,998.9,495.8,88.4693,88.4755,88.3820,0.0874,0.0935,0.0061
9740,1000.6,474.3,88.4753,88.4814,88.3876,0.0877,0.0938,0.0061
9741,999.1,504.7,88.4813,88.4874,88.3935,0.0877,0.0938,0.0061
9742,1002.4,490.9,88.4872,88.4933,88.3993,0.0879,0.0940,0.0061
9743,999.3,481.9,88.4932,88.4993,88.4048,0.0884,0.0945,0.0061
9744,1000.1,490.8,88.4991,88.5052,88.4103,0.0888,0.0949,0.0061
9745,1001.3,470.6,88.5051,88.5112,88.4165,0.0886,0.0947,0.0061
9746,998.1,547.2,88.5110,88.5172,88.4221,0.0890,0.0951,0.0061
9747,1000.4,509.9,88.5170,88.5231,88.4276,0.0895,0.0956,0.0061
9748,1000.0,452.6,88.5230,88.5291,88.4330,0.0900,0.0962,0.0061
9749,999.4,506.1,88.5290,88.5351,88.4386,0.0904,0.0965,0.0061
9750,1000.4,498.4,88.5349,88.5411,88.4437,0.0912,0.0973,0.0061
9751,1000.1,442.9,88.5409,88.5470,88.4490,0.0919,0.0981,0.0061
9752,999.0,511.0,88.5469,88.5530,88.4545,0.0924,0.0985,0.0061
9753,999.4,466.8,88.5529,88.5590,88.4605,0.0924,0.0985,0.0061
9754,1000.5,456.7,88.5589,88.5650,88.4661,0.0927,0.0988,0.0061
9755,1002.1,452.3,88.5648,88.5710,88.4718,0.0930,0.0992,0.0061
9756,997.7,453.5,88.5708,88.5770,88.4775,0.0933,0.0994,0.0061
9757,999.6,449.8,88.5768,88.5830,88.4837,0.0931,0.0993,0.0061
9758,1000.4,453.7,88.5828,88.5890,88.4896,0.0932,0.0993,0.0061
9759,1000.2,513.1,88.5888,88.5950,88.4958,0.0931,0.0992,0.0061
9760,999.6,501.1,88.5948,88.6010,88.5021,0.0927,0.0989,0.0061
9761,1002.2,465.6,88.6008,88.6070,88.5090,0.0918,0.0980,0.0061
9762,998.4,499.4,88.6068,88.6130,88.5155,0.0913,0.0974,0.0061
9763,999.7,491.0,88.6128,88.6190,88.5220,0.0908,0.0969,0.0061
9764,1001.2,501.5,88.6188,88.6250,88.5285,0.0904,0.0965,0.0061
9765,1000.0,477.3,88.6248,88.6310,88.5354,0.0894,0.0956,0.0061
9766,999.7,442.2,88.6308,88.6370,88.5420,0.0889,0.0950,0.0061
9767,1000.8,459.4,88.6369,88.6430,88.5486,0.0882,0.0944,0.0061
9768,999.9,446.6,88.6429,88.6490,88.5553,0.0876,0.0937,0.0062
9769,1000.1,401.1,88.6489,88.6551,88.5623,0.0866,0.0927,0.0062
9770,999.3,491.2,88.6549,88.6611,88.5687,0.0862,0.0924,0.0062
9771,999.8,489.5,88.6609,88.6671,88.5750,0.0859,0.0921,0.0062
9772,1000.2,418.2,88.6670,88.6731,88.5813,0.0856,0.0918,0.0062
9773,999.8,468.9,88.6730,88.6792,88.5884,0.0846,0.0908,0.0062
9774,998.3,440.4,88.6790,88.6852,88.5951,0.0840,0.0901,0.0062
9775,1002.5,384.1,88.6851,88.6912,88.6017,0.0834,0.0895,0.0062
9776,997.6,454.7,88.6911,88.6973,88.6084,0.0827,0.0889,0.0062
9777,1000.3,434.6,88.6971,88.7033,88.6153,0.0818,0.0880,0.0062
9778,1000.7,386.1,88.7032,88.7093,88.6217,0.0815,0.0876,0.0062
9779,998.9,472.4,88.7092,88.7154,88.6280,0.0812,0.0873,0.0062
9780,999.9,457.6,88.7153,88.7214,88.6343,0.0810,0.0871,0.0062
9781,999.8,418.0,88.7213,88.7275,88.6410,0.0804,0.0865,0.0062
9782,1008.5,476.7,88.7274,88.7335,88.6469,0.0804,0.0866,0.0062
9783,999.5,470.2,88.7334,88.7396,88.6526,0.0808,0.0869,0.0062
9784,998.9,450.1,88.7395,88.7456,88.6581,0.0813,0.0875,0.0062
9785,1002.3,474.9,88.7455,88.7517,88.6641,0.0814,0.0876,0.0062
9786,1000.8,453.3,88.7516,88.7577,88.6697,0.0819,0.0881,0.0062
9787,999.9,445.5,88.7576,88.7638,88.6751,0.0825,0.0887,0.0062
9788,1000.5,432.3,88.7637,88.7699,88.6803,0.0834,0.0895,0.0062
9789,998.7,426.8,88.7697,88.7759,88.6856,0.0842,0.0903,0.0062
9790,1000.9,436.3,88.7758,88.7820,88.6904,0.0854,0.0916,0.0062
9791,998.9,471.1,88.7819,88.7881,88.6952,0.0867,0.0929,0.0062
9792,1000.5,477.6,88.7879,88.7941,88.7000,0.0879,0.0941,0.0062
9793,1001.3,469.3,88.7940,88.8002,88.7054,0.0886,0.0948,0.0062
9794,1000.5,499.0,88.8001,88.8063,88.7106,0.0895,0.0957,0.0062
9795,1000.5,483.8,88.8062,88.8123,88.7158,0.0903,0.0965,0.0062
9796,997.0,487.3,88.8122,88.8184,88.7210,0.0913,0.0975,0.0062
9797,999.0,452.3,88.8183,88.8245,88.7265,0.0918,0.0980,0.0062
9798,1000.9,447.2,88.8244,88.8306,88.7315,0.0929,0.0990,0.0062
9799,998.5,494.3,88.8305,88.8367,88.7367,0.0938,0.0999,0.0062
9800,1000.5,485.4,88.8366,88.8428,88.7421,0.0945,0.1007,0.0062
9801,998.8,483.3,88.8427,88.8488,88.7482,0.0945,0.1007,0.0062
9802,1002.1,477.8,88.8487,88.8549,88.7540,0.0947,0.1009,0.0062
9803,998.5,485.5,88.8548,88.8610,88.7599,0.0949,0.1011,0.0062
9804,1000.6,479.9,88.8609,88.8671,88.7660,0.0949,0.1011,0.0062
9805,999.4,473.8,88.8670,88.8732,88.7721,0.0949,0.1011,0.0062
9806,1003.0,480.8,88.8731,88.8793,88.7786,0.0945,0.1007,0.0062
9807,999.3,472.0,88.8792,88.8854,88.7848,0.0944,0.1006,0.0062
9808,1000.7,450.6,88.8853,88.8915,88.7912,0.0941,0.1003,0.0062
9809,1000.2,449.2,88.8914,88.8976,88.7983,0.0931,0.0993,0.0062
9810,998.7,484.3,88.8975,88.9037,88.8048,0.0927,0.0989,0.0062
9811,999.6,489.8,88.9036,88.9098,88.8111,0.0925,0.0987,0.0062
9812,1000.3,472.2,88.9097,88.9159,88.8173,0.0924,0.0986,0.0062
9813,1000.2,458.7,88.9158,88.9220,88.8240,0.0919,0.0981,0.0062
9814,1042.7,413.0,88.9220,88.9282,88.8302,0.0918,0.0980,0.0062
9815,954.6,466.0,88.9281,88.9343,88.8365,0.0916,0.0978,0.0062
9816,1005.9,433.3,88.9342,88.9404,88.8429,0.0912,0.0974,0.0062
9817,994.3,442.3,88.9403,88.9465,88.8501,0.0902,0.0964,0.0062
9818,996.4,448.7,88.9464,88.9526,88.8568,0.0896,0.0958,0.0062
9819,999.7,448.2,88.9525,88.9587,88.8634,0.0892,0.0954,0.0062
9820,999.5,484.3,88.9587,88.9649,88.8701,0.0886,0.0948,0.0062
9821,1000.0,515.1,88.9648,88.9710,88.8783,0.0865,0.0927,0.0062
9822,1000.9,464.6,88.9709,88.9771,88.8841,0.0868,0.0930,0.0062
9823,999.8,462.4,88.9770,88.9832,88.8907,0.0863,0.0926,0.0062
9824,999.8,456.8,88.9832,88.9894,88.8986,0.0846,0.0908,0.0062
9825,999.4,453.4,88.9893,88.9955,88.9049,0.0844,0.0906,0.0062
9826,1000.2,455.7,88.9954,89.0016,88.9111,0.0843,0.0905,0.0062
9827,1000.4,438.0,89.0016,89.0078,88.9172,0.0844,0.0906,0.0062
9828,1002.1,433.2,89.0077,89.0139,88.9232,0.0845,0.0907,0.0062
9829,999.2,443.5,89.0138,89.0201,88.9294,0.0844,0.0907,0.0062
9830,1005.3,445.7,89.0200,89.0262,88.9348,0.0851,0.0913,0.0062
9831,997.9,423.4,89.0261,89.0323,88.9400,0.0861,0.0923,0.0062
9832,997.7,465.6,89.0323,89.0385,88.9450,0.0873,0.0935,0.0062
9833,999.6,479.6,89.0384,89.0446,88.9504,0.0880,0.0942,0.0062
9834,999.7,417.0,89.0446,89.0508,88.9555,0.0891,0.0953,0.0062
9835,1000.0,465.9,89.0507,89.0569,88.9608,0.0899,0.0961,0.0062
9836,1000.2,471.3,89.0569,89.0631,88.9664,0.0905,0.0967,0.0062
9837,1003.8,395.8,89.0630,89.0692,88.9720,0.0910,0.0973,0.0062
9838,994.6,440.7,89.0692,89.0754,88.9779,0.0913,0.0975,0.0062
9839,999.1,470.0,89.0753,89.0815,88.9835,0.0918,0.0981,0.0062
9840,1000.2,421.8,89.0815,89.0877,88.9891,0.0924,0.0986,0.0062
9841,999.6,489.5,89.0876,89.0938,88.9948,0.0928,0.0990,0.0062
9842,1000.7,466.2,89.0938,89.1000,89.0013,0.0925,0.0987,0.0062
9843,999.5,414.2,89.0999,89.1062,89.0013,0.0987,0.1049,0.0062
9844,1000.3,469.8,89.1061,89.1123,89.0075,0.0986,0.1048,0.0062
9845,1014.1,493.1,89.1123,89.1185,89.0137,0.0986,0.1048,0.0062
9846,988.5,469.5,89.1184,89.1247,89.0200,0.0984,0.1046,0.0062
9847,997.8,485.0,89.1246,89.1308,89.0269,0.0977,0.1039,0.0062
9848,999.8,479.2,89.1308,89.1370,89.0334,0.0973,0.1035,0.0062
9849,1000.2,407.0,89.1369,89.1432,89.0400,0.0969,0.1031,0.0062
9850,1001.7,440.4,89.1431,89.1493,89.0473,0.0958,0.1020,0.0062
9851,999.9,474.2,89.1493,89.1555,89.0540,0.0953,0.1015,0.0062
9852,999.7,439.1,89.1555,89.1617,89.0605,0.0949,0.1011,0.0062
9853,1001.4,472.2,89.1616,89.1679,89.0669,0.0947,0.1009,0.0062
9854,1000.4,614.9,89.1678,89.1740,89.0739,0.0939,0.1001,0.0062
9855,998.1,441.2,89.1740,89.1802,89.0804,0.0936,0.0998,0.0062
9856,999.9,618.5,89.1802,89.1864,89.0869,0.0933,0.0995,0.0062
9857,1001.0,461.2,89.1863,89.1926,89.0934,0.0930,0.0992,0.0062
9858,981.6,432.4,89.1925,89.1988,89.1004,0.0921,0.0983,0.0062
9859,1019.1,491.6,89.1987,89.2050,89.1070,0.0917,0.0980,0.0062
9860,996.5,471.8,89.2049,89.2111,89.1135,0.0914,0.0976,0.0062
9861,999.6,448.5,89.2111,89.2173,89.1201,0.0910,0.0972,0.0062
9862,1000.5,473.1,89.2173,89.2235,89.1273,0.0900,0.0963,0.0062
9863,1000.1,461.0,89.2235,89.2297,89.1339,0.0896,0.0959,0.0062
9864,1000.4,449.7,89.2297,89.2359,89.1404,0.0892,0.0955,0.0062
9865,999.3,469.4,89.2358,89.2421,89.1470,0.0888,0.0950,0.0062
9866,1000.1,469.1,89.2420,89.2483,89.1541,0.0880,0.0942,0.0062
9867,1000.2,453.0,89.2482,89.2545,89.1606,0.0876,0.0939,0.0062
9868,999.9,484.9,89.2544,89.2607,89.1672,0.0873,0.0935,0.0062
9869,1000.9,477.8,89.2606,89.2669,89.1737,0.0869,0.0931,0.0062
9870,999.1,478.4,89.2668,89.2731,89.1806,0.0862,0.0925,0.0062
9871,1002.4,487.4,89.2730,89.2793,89.1867,0.0863,0.0926,0.0062
9872,999.9,489.2,89.2792,89.2855,89.1926,0.0867,0.0929,0.0062
9873,1000.3,495.5,89.2854,89.2917,89.1983,0.0872,0.0934,0.0062
9874,999.6,493.9,89.2916,89.2979,89.2045,0.0871,0.0934,0.0062
9875,999.8,494.0,89.2978,89.3041,89.2103,0.0876,0.0938,0.0062
9876,1000.1,470.6,89.3041,89.3103,89.2161,0.0880,0.0942,0.0062
9877,999.9,471.9,89.3103,89.3165,89.2218,0.0885,0.0947,0.0062
9878,1000.6,463.0,89.3165,89.3227,89.2277,0.0888,0.0950,0.0062
9879,1000.6,493.5,89.3227,89.3289,89.2332,0.0895,0.0957,0.0062
9880,999.3,443.8,89.3289,89.3351,89.2386,0.0903,0.0965,0.0062
9881,999.6,468.0,89.3351,89.3413,89.2441,0.0910,0.0972,0.0062
9882,998.4,478.7,89.3413,89.3476,89.2502,0.0911,0.0973,0.0062
9883,999.9,485.5,89.3475,89.3538,89.2561,0.0915,0.0977,0.0062
9884,1000.8,468.3,89.3537,89.3600,89.2620,0.0917,0.0979,0.0062
9885,999.2,474.9,89.3600,89.3662,89.2680,0.0919,0.0982,0.0063
9886,1000.0,488.1,89.3662,89.3724,89.2744,0.0918,0.0980,0.0063
9887,999.8,466.2,89.3724,89.3787,89.2803,0.0921,0.0983,0.0063
9888,1000.0,474.4,89.3786,89.3849,89.2862,0.0924,0.0987,0.0063
9889,1000.7,449.5,89.3848,89.3911,89.2922,0.0926,0.0989,0.0063
9890,999.3,443.1,89.3911,89.3973,89.2988,0.0923,0.0985,0.0063
9891,1000.5,482.3,89.3973,89.4035,89.3049,0.0924,0.0986,0.0063
9892,999.9,470.2,89.4035,89.4098,89.3109,0.0926,0.0989,0.0063
9893,1001.7,377.4,89.4097,89.4160,89.3166,0.0931,0.0994,0.0063
9894,1000.8,490.7,89.4160,89.4222,89.3225,0.0935,0.0997,0.0063
9895,999.6,497.9,89.4222,89.4285,89.3279,0.0943,0.1005,0.0063
9896,999.3,445.4,89.4284,89.4347,89.3336,0.0949,0.1011,0.0063
9897,1000.0,498.1,89.4347,89.4409,89.3395,0.0952,0.1014,0.0063
9898,999.9,474.3,89.4409,89.4471,89.3457,0.0952,0.1014,0.0063
9899,1000.7,401.8,89.4471,89.4534,89.3526,0.0945,0.1008,0.0063
9900,1001.3,497.2,89.4534,89.4596,89.3588,0.0945,0.1008,0.0063
9901,999.3,492.1,89.4596,89.4658,89.3653,0.0943,0.1006,0.0063
9902,999.1,443.0,89.4658,89.4721,89.3718,0.0941,0.1003,0.0063
9903,997.9,493.0,89.4721,89.4783,89.3787,0.0933,0.0996,0.0063
9904,1000.3,492.7,89.4783,89.4846,89.3853,0.0930,0.0992,0.0063
9905,998.7,433.5,89.4845,89.4908,89.3919,0.0927,0.0989,0.0063
9906,999.6,498.2,89.4908,89.4970,89.3985,0.0923,0.0986,0.0063
9907,1000.5,485.4,89.4970,89.5033,89.4056,0.0915,0.0977,0.0063
9908,999.4,434.0,89.5033,89.5095,89.4120,0.0912,0.0975,0.0063
9909,1000.9,467.7,89.5095,89.5158,89.4186,0.0909,0.0971,0.0063
9910,1000.1,453.5,89.5157,89.5220,89.4253,0.0904,0.0967,0.0063
9911,999.6,449.0,89.5220,89.5282,89.4324,0.0896,0.0959,0.0063
9912,999.8,492.1,89.5282,89.5345,89.4388,0.0894,0.0957,0.0063
9913,1000.3,482.5,89.5345,89.5407,89.4451,0.0894,0.0957,0.0063
9914,1001.1,444.8,89.5407,89.5470,89.4512,0.0895,0.0958,0.0063
9915,999.8,460.3,89.5470,89.5532,89.4578,0.0891,0.0954,0.0063
9916,1000.4,441.1,89.5532,89.5595,89.4642,0.0890,0.0953,0.0063
9917,1000.0,446.1,89.5595,89.5657,89.4707,0.0888,0.0950,0.0063
9918,999.7,493.9,89.5657,89.5720,89.4772,0.0885,0.0948,0.0063
9919,1000.2,459.0,89.5720,89.5782,89.4843,0.0876,0.0939,0.0063
9920,999.7,475.8,89.5782,89.5845,89.4908,0.0875,0.0937,0.0063
9921,1001.7,556.0,89.5845,89.5907,89.4969,0.0876,0.0939,0.0063
9922,1000.8,503.2,89.5907,89.5970,89.5032,0.0875,0.0937,0.0063
9923,997.8,465.0,89.5970,89.6032,89.5103,0.0867,0.0930,0.0063
9924,999.5,511.5,89.6032,89.6095,89.5168,0.0864,0.0927,0.0063
9925,998.4,492.6,89.6095,89.6157,89.5229,0.0866,0.0928,0.0063
9926,1000.4,478.7,89.6157,89.6220,89.5289,0.0869,0.0931,0.0063
9927,1000.1,465.6,89.6220,89.6283,89.5352,0.0868,0.0931,0.0063
9928,1000.1,447.9,89.6282,89.6345,89.5411,0.0872,0.0935,0.0063
9929,1000.4,481.9,89.6345,89.6408,89.5471,0.0874,0.0937,0.0063
9930,999.5,505.9,89.6408,89.6470,89.5531,0.0877,0.0939,0.0063
9931,1000.1,485.4,89.6470,89.6533,89.5595,0.0875,0.0938,0.0063
9932,999.7,486.4,89.6533,89.6596,89.5654,0.0879,0.0942,0.0063
9933,999.9,515.7,89.6595,89.6658,89.5711,0.0885,0.0947,0.0063
9934,999.9,464.3,89.6658,89.6721,89.5767,0.0891,0.0954,0.0063
9935,1000.4,462.6,89.6721,89.6783,89.5826,0.0894,0.0957,0.0063
9936,1002.0,465.8,89.6783,89.6846,89.5883,0.0900,0.0963,0.0063
9937,999.5,441.2,89.6846,89.6909,89.5941,0.0905,0.0968,0.0063
9938,999.9,427.6,89.6909,89.6971,89.6000,0.0908,0.0971,0.0063
9939,1000.6,476.9,89.6971,89.7034,89.6065,0.0906,0.0969,0.0063
9940,999.5,467.0,89.7034,89.7097,89.6125,0.0909,0.0971,0.0063
9941,1000.2,471.7,89.7096,89.7159,89.6186,0.0910,0.0973,0.0063
9942,1000.1,504.6,89.7159,89.7222,89.6248,0.0911,0.0974,0.0063
9943,1001.8,491.4,89.7222,89.7285,89.6315,0.0907,0.0970,0.0063
9944,997.5,509.2,89.7284,89.7347,89.6379,0.0906,0.0969,0.0063
9945,1001.0,488.3,89.7347,89.7410,89.6443,0.0904,0.0966,0.0063
9946,997.3,466.3,89.7410,89.7473,89.6507,0.0903,0.0965,0.0063
9947,1000.0,529.8,89.7473,89.7535,89.6571,0.0901,0.0964,0.0063
9948,1000.4,512.9,89.7535,89.7598,89.6640,0.0896,0.0958,0.0063
9949,999.9,511.8,89.7598,89.7661,89.6705,0.0893,0.0956,0.0063
9950,999.8,509.7,89.7661,89.7723,89.6769,0.0891,0.0954,0.0063
9951,1000.9,509.8,89.7723,89.7786,89.6834,0.0889,0.0952,0.0063
9952,999.2,469.1,89.7786,89.7849,89.6902,0.0884,0.0946,0.0063
9953,1000.5,504.6,89.7849,89.7912,89.6964,0.0885,0.0948,0.0063
9954,999.4,473.5,89.7912,89.7974,89.7022,0.0889,0.0952,0.0063
9955,1000.1,423.9,89.7974,89.8037,89.7081,0.0894,0.0956,0.0063
9956,1001.8,519.5,89.8037,89.8100,89.7146,0.0891,0.0954,0.0063
9957,998.6,469.1,89.8100,89.8163,89.7207,0.0893,0.0955,0.0063
9958,1001.6,396.9,89.8162,89.8225,89.7268,0.0894,0.0957,0.0063
9959,999.9,493.1,89.8225,89.8288,89.7329,0.0897,0.0959,0.0063
9960,1000.2,469.8,89.8288,89.8351,89.7397,0.0891,0.0954,0.0063
9961,999.2,413.7,89.8351,89.8414,89.7461,0.0890,0.0952,0.0063
9962,1000.6,458.5,89.8413,89.8476,89.7524,0.0889,0.0952,0.0063
9963,1001.1,468.3,89.8476,89.8539,89.7589,0.0887,0.0950,0.0063
9964,1000.7,407.0,89.8539,89.8602,89.7661,0.0878,0.0941,0.0063
9965,999.1,462.5,89.8602,89.8665,89.7728,0.0874,0.0936,0.0063
9966,999.1,513.4,89.8665,89.8727,89.7796,0.0868,0.0931,0.0063
9967,1000.2,448.2,89.8727,89.8790,89.7862,0.0866,0.0928,0.0063
9968,998.0,529.9,89.8790,89.8853,89.7930,0.0860,0.0923,0.0063
9969,1002.1,503.3,89.8853,89.8916,89.7992,0.0861,0.0924,0.0063
9970,998.2,482.4,89.8916,89.8978,89.8054,0.0862,0.0925,0.0063
9971,1000.2,544.8,89.8978,89.9041,89.8116,0.0863,0.0925,0.0063
9972,999.4,482.0,89.9041,89.9104,89.8182,0.0860,0.0922,0.0063
9973,1000.2,434.3,89.9104,89.9167,89.8241,0.0863,0.0926,0.0063
9974,1000.2,525.8,89.9167,89.9230,89.8296,0.0871,0.0934,0.0063
9975,1000.4,510.7,89.9230,89.9292,89.8351,0.0879,0.0942,0.0063
9976,999.3,465.4,89.9292,89.9355,89.8409,0.0883,0.0946,0.0063
9977,1000.9,505.9,89.9355,89.9418,89.8464,0.0891,0.0954,0.0063
9978,999.8,474.9,89.9418,89.9481,89.8521,0.0897,0.0960,0.0063
9979,1001.0,462.2,89.9481,89.9544,89.8580,0.0901,0.0964,0.0063
9980,999.9,449.6,89.9544,89.9606,89.8643,0.0900,0.0963,0.0063
9981,1000.2,445.2,89.9606,89.9669,89.8703,0.0904,0.0967,0.0063
9982,1001.6,447.1,89.9669,89.9732,89.8761,0.0909,0.0972,0.0063
9983,998.9,456.9,89.9732,89.9795,89.8818,0.0914,0.0977,0.0063
9984,1006.2,500.4,89.9795,89.9858,89.8882,0.0913,0.0976,0.0063
9985,996.6,431.6,89.9858,89.9921,89.8942,0.0916,0.0979,0.0063
9986,997.6,475.9,89.9921,89.9983,89.9003,0.0918,0.0981,0.0063
9987,999.2,490.7,89.9983,90.0046,89.9064,0.0920,0.0983,0.0063
9988,1000.1,453.2,90.0046,90.0109,89.9127,0.0919,0.0982,0.0063
9989,999.3,518.0,90.0109,90.0172,89.9185,0.0924,0.0987,0.0063
9990,998.8,529.0,90.0172,90.0235,89.9244,0.0928,0.0991,0.0063
9991,1000.1,506.8,90.0235,90.0298,89.9303,0.0931,0.0994,0.0063
9992,999.9,536.7,90.0298,90.0360,89.9367,0.0930,0.0993,0.0063
9993,999.9,529.4,90.0360,90.0423,89.9428,0.0933,0.0995,0.0063
9994,999.9,429.5,90.0423,90.0486,89.9488,0.0935,0.0998,0.0063
9995,1001.4,563.4,90.0486,90.0549,89.9547,0.0939,0.1002,0.0063
9996,998.6,527.7,90.0549,90.0612,89.9604,0.0945,0.1007,0.0063
9997,999.9,522.1,90.0612,90.0675,89.9666,0.0945,0.1008,0.0063
9998,999.9,543.8,90.0675,90.0737,89.9726,0.0949,0.1012,0.0063
9999,1001.6,532.0,90.0737,90.0800,89.9797,0.0940,0.1003,0.0063
