cycle,cycle_dt_us,work_dt_us,q_ideal_deg,q_send_deg,q_meas_deg,error_deg,gap_deg,drift_deg
0,0.0,431.0,90.1699,90.1762,90.1699,0.0000,0.0063,0.0063
1,1006.8,292.2,90.1762,90.1825,90.1699,0.0063,0.0126,0.0063
2,1002.0,316.1,90.1825,90.1888,90.1699,0.0126,0.0188,0.0063
3,999.7,280.4,90.1888,90.1951,90.1699,0.0188,0.0251,0.0063
4,999.8,272.7,90.1951,90.2014,90.1699,0.0251,0.0314,0.0063
5,999.7,268.1,90.2014,90.2076,90.1699,0.0314,0.0377,0.0063
6,998.6,278.4,90.2076,90.2139,90.1699,0.0377,0.0440,0.0063
7,999.2,262.4,90.2139,90.2202,90.1699,0.0440,0.0503,0.0063
8,999.3,284.6,90.2202,90.2265,90.1699,0.0503,0.0565,0.0063
9,999.9,258.1,90.2265,90.2328,90.1699,0.0565,0.0628,0.0063
10,1000.0,263.2,90.2328,90.2391,90.1699,0.0628,0.0691,0.0063
11,1000.2,276.8,90.2391,90.2453,90.1699,0.0691,0.0754,0.0063
12,1000.2,252.5,90.2453,90.2516,90.1699,0.0754,0.0817,0.0063
13,1003.0,281.7,90.2516,90.2579,90.1699,0.0817,0.0880,0.0063
14,999.6,274.8,90.2579,90.2642,90.1699,0.0880,0.0942,0.0063
15,1000.0,257.2,90.2642,90.2705,90.1699,0.0942,0.1005,0.0063
16,998.1,277.0,90.2705,90.2768,90.1699,0.1005,0.1068,0.0063
17,999.6,262.1,90.2768,90.2830,90.1699,0.1068,0.1131,0.0063
18,999.7,289.6,90.2830,90.2893,90.1699,0.1131,0.1194,0.0063
19,999.8,309.6,90.2893,90.2956,90.1699,0.1194,0.1257,0.0063
20,1000.6,329.4,90.2956,90.3019,90.1699,0.1257,0.1319,0.0063
21,1002.2,324.7,90.3019,90.3082,90.1699,0.1319,0.1382,0.0063
22,1000.1,332.3,90.3082,90.3144,90.1699,0.1382,0.1445,0.0063
23,1000.0,305.2,90.3144,90.3207,90.1699,0.1445,0.1508,0.0063
24,1000.3,324.4,90.3207,90.3270,90.1699,0.1508,0.1571,0.0063
25,998.2,277.5,90.3270,90.3333,90.1699,0.1571,0.1633,0.0063
26,998.8,276.1,90.3333,90.3396,90.1699,0.1633,0.1696,0.0063
27,1000.6,261.4,90.3396,90.3458,90.1699,0.1696,0.1759,0.0063
28,1002.7,286.9,90.3458,90.3521,90.1699,0.1759,0.1822,0.0063
29,1000.6,266.3,90.3521,90.3584,90.1699,0.1822,0.1885,0.0063
30,999.6,262.7,90.3584,90.3647,90.1699,0.1885,0.1947,0.0063
31,998.6,280.4,90.3647,90.3710,90.1699,0.1947,0.2010,0.0063
32,997.7,251.4,90.3710,90.3772,90.1699,0.2010,0.2073,0.0063
33,999.8,261.0,90.3772,90.3835,90.1699,0.2073,0.2136,0.0063
34,1000.0,265.3,90.3835,90.3898,90.1699,0.2136,0.2198,0.0063
35,999.8,240.6,90.3898,90.3961,90.1699,0.2198,0.2261,0.0063
36,1000.2,264.5,90.3961,90.4023,90.1699,0.2261,0.2324,0.0063
37,999.9,262.1,90.4023,90.4086,90.1699,0.2324,0.2387,0.0063
38,1002.2,273.0,90.4086,90.4149,90.1699,0.2387,0.2449,0.0063
39,1000.6,270.1,90.4149,90.4212,90.1699,0.2449,0.2512,0.0063
40,1000.0,269.5,90.4212,90.4274,90.1699,0.2512,0.2575,0.0063
41,998.7,265.5,90.4274,90.4337,90.1699,0.2575,0.2638,0.0063
42,998.8,261.8,90.4337,90.4400,90.1699,0.2638,0.2701,0.0063
43,1001.8,286.0,90.4400,90.4463,90.1699,0.2700,0.2763,0.0063
44,998.4,295.0,90.4463,90.4525,90.1699,0.2763,0.2826,0.0063
45,999.4,306.3,90.4525,90.4588,90.1699,0.2826,0.2889,0.0063
46,1000.2,283.6,90.4588,90.4651,90.1699,0.2889,0.2951,0.0063
47,1000.1,256.6,90.4651,90.4714,90.1699,0.2951,0.3014,0.0063
48,999.9,272.0,90.4714,90.4776,90.1699,0.3014,0.3077,0.0063
49,1000.0,266.9,90.4776,90.4839,90.1699,0.3077,0.3140,0.0063
50,1000.1,247.7,90.4839,90.4902,90.1699,0.3140,0.3202,0.0063
51,1000.0,270.8,90.4902,90.4964,90.1699,0.3202,0.3265,0.0063
52,999.7,266.2,90.4964,90.5027,90.1699,0.3265,0.3328,0.0063
53,1000.6,262.6,90.5027,90.5090,90.1699,0.3328,0.3390,0.0063
54,1000.6,277.4,90.5090,90.5153,90.1699,0.3390,0.3453,0.0063
55,1000.7,258.4,90.5152,90.5215,90.1699,0.3453,0.3516,0.0063
56,998.9,268.0,90.5215,90.5278,90.1699,0.3516,0.3578,0.0063
57,1001.0,270.6,90.5278,90.5341,90.1699,0.3578,0.3641,0.0063
58,998.6,264.0,90.5340,90.5403,90.1699,0.3641,0.3704,0.0063
59,999.8,249.7,90.5403,90.5466,90.1699,0.3704,0.3766,0.0063
60,999.9,256.2,90.5466,90.5529,90.1699,0.3766,0.3829,0.0063
61,1000.2,259.5,90.5528,90.5591,90.1699,0.3829,0.3892,0.0063
62,999.7,260.4,90.5591,90.5654,90.1699,0.3892,0.3954,0.0063
63,1000.4,287.9,90.5654,90.5716,90.1699,0.3954,0.4017,0.0063
64,999.8,256.9,90.5716,90.5779,90.1699,0.4017,0.4080,0.0063
65,999.8,254.8,90.5779,90.5842,90.1699,0.4080,0.4142,0.0063
66,1000.3,271.7,90.5842,90.5904,90.1699,0.4142,0.4205,0.0063
67,1000.0,252.4,90.5904,90.5967,90.1699,0.4205,0.4267,0.0063
68,1000.9,287.0,90.5967,90.6030,90.1699,0.4267,0.4330,0.0063
69,1000.6,345.4,90.6029,90.6092,90.1699,0.4330,0.4393,0.0063
70,998.6,325.6,90.6092,90.6155,90.1699,0.4393,0.4455,0.0063
71,1000.1,309.2,90.6155,90.6217,90.1699,0.4455,0.4518,0.0063
72,1005.1,302.4,90.6217,90.6280,90.1699,0.4518,0.4580,0.0063
73,995.9,275.6,90.6280,90.6342,90.1699,0.4580,0.4643,0.0063
74,999.1,264.5,90.6342,90.6405,90.1699,0.4643,0.4706,0.0063
75,999.4,255.5,90.6405,90.6468,90.1699,0.4705,0.4768,0.0063
76,1000.2,262.6,90.6467,90.6530,90.1699,0.4768,0.4831,0.0063
77,1000.1,257.7,90.6530,90.6593,90.1699,0.4831,0.4893,0.0063
78,999.8,274.6,90.6592,90.6655,90.1699,0.4893,0.4956,0.0063
79,1000.2,261.2,90.6655,90.6718,90.1699,0.4956,0.5018,0.0063
80,999.6,258.9,90.6718,90.6780,90.1699,0.5018,0.5081,0.0063
81,1000.1,272.6,90.6780,90.6843,90.1699,0.5081,0.5143,0.0063
82,999.8,249.9,90.6843,90.6905,90.1699,0.5143,0.5206,0.0063
83,1001.1,275.8,90.6905,90.6968,90.1699,0.5206,0.5268,0.0063
84,999.4,256.2,90.6968,90.7030,90.1699,0.5268,0.5331,0.0063
85,999.4,251.0,90.7030,90.7093,90.1699,0.5331,0.5393,0.0063
86,1000.2,268.8,90.7092,90.7155,90.1699,0.5393,0.5456,0.0063
87,1002.7,265.2,90.7155,90.7218,90.1699,0.5455,0.5518,0.0063
88,998.8,268.3,90.7217,90.7280,90.1699,0.5518,0.5581,0.0063
89,998.9,265.0,90.7280,90.7342,90.1699,0.5580,0.5643,0.0063
90,999.5,241.5,90.7342,90.7405,90.1699,0.5643,0.5705,0.0063
91,1000.0,260.5,90.7405,90.7467,90.1699,0.5705,0.5768,0.0063
92,1001.3,269.5,90.7467,90.7530,90.1699,0.5768,0.5830,0.0063
93,1000.7,270.9,90.7530,90.7592,90.1699,0.5830,0.5893,0.0063
94,998.3,299.2,90.7592,90.7655,90.1699,0.5892,0.5955,0.0063
95,999.5,310.0,90.7654,90.7717,90.1699,0.5955,0.6017,0.0063
96,1000.6,269.5,90.7717,90.7779,90.1699,0.6017,0.6080,0.0063
97,999.7,261.2,90.7779,90.7842,90.1699,0.6080,0.6142,0.0063
98,1000.1,273.9,90.7841,90.7904,90.1699,0.6142,0.6205,0.0063
99,999.8,253.3,90.7904,90.7966,90.1699,0.6204,0.6267,0.0063
100,1000.1,263.5,90.7966,90.8029,90.1699,0.6267,0.6329,0.0063
101,1000.1,280.4,90.8028,90.8091,90.1699,0.6329,0.6392,0.0063
102,1001.7,262.0,90.8091,90.8153,90.1699,0.6391,0.6454,0.0063
103,998.6,273.2,90.8153,90.8216,90.1699,0.6454,0.6516,0.0063
104,999.8,267.8,90.8215,90.8278,90.1699,0.6516,0.6578,0.0063
105,1000.9,253.9,90.8278,90.8340,90.1726,0.6552,0.6615,0.0063
106,1002.1,286.1,90.8340,90.8402,90.1868,0.6472,0.6535,0.0063
107,998.5,264.4,90.8402,90.8465,90.2125,0.6278,0.6340,0.0063
108,998.7,262.3,90.8464,90.8527,90.2521,0.5943,0.6006,0.0063
109,999.6,269.2,90.8527,90.8589,90.2972,0.5555,0.5618,0.0063
110,1001.1,258.1,90.8589,90.8651,90.3383,0.5206,0.5269,0.0063
111,999.3,266.3,90.8651,90.8714,90.3707,0.4944,0.5007,0.0063
112,999.9,263.5,90.8713,90.8776,90.3981,0.4732,0.4795,0.0063
113,999.7,259.0,90.8776,90.8838,90.4204,0.4572,0.4634,0.0063
114,999.9,251.6,90.8838,90.8900,90.4423,0.4415,0.4477,0.0063
115,1000.0,252.1,90.8900,90.8962,90.4647,0.4253,0.4316,0.0063
116,1001.3,272.8,90.8962,90.9025,90.4889,0.4073,0.4136,0.0062
117,1001.9,259.9,90.9024,90.9087,90.5104,0.3920,0.3982,0.0062
118,998.4,287.3,90.9086,90.9149,90.5309,0.3777,0.3840,0.0062
119,998.6,302.0,90.9149,90.9211,90.5505,0.3644,0.3706,0.0062
120,999.6,295.9,90.9211,90.9273,90.5711,0.3500,0.3563,0.0062
121,1001.2,288.0,90.9273,90.9335,90.5899,0.3374,0.3436,0.0062
122,1001.0,273.6,90.9335,90.9397,90.6086,0.3249,0.3311,0.0062
123,998.7,278.5,90.9397,90.9459,90.6268,0.3129,0.3191,0.0062
124,999.4,265.5,90.9459,90.9522,90.6460,0.2999,0.3062,0.0062
125,1000.9,254.8,90.9521,90.9584,90.6633,0.2888,0.2950,0.0062
126,1000.0,274.1,90.9583,90.9646,90.6803,0.2780,0.2842,0.0062
127,999.0,263.7,90.9645,90.9708,90.6970,0.2676,0.2738,0.0062
128,999.8,260.5,90.9707,90.9770,90.7144,0.2563,0.2626,0.0062
129,1000.0,262.7,90.9769,90.9832,90.7299,0.2470,0.2532,0.0062
130,1000.2,255.9,90.9831,90.9894,90.7444,0.2387,0.2449,0.0062
131,1000.0,262.3,90.9893,90.9956,90.7579,0.2314,0.2377,0.0062
132,1001.1,276.2,90.9955,91.0018,90.7730,0.2225,0.2288,0.0062
133,1002.0,288.0,91.0017,91.0080,90.7829,0.2189,0.2251,0.0062
134,998.1,258.6,91.0079,91.0142,90.7959,0.2120,0.2182,0.0062
135,998.6,262.0,91.0141,91.0203,90.8072,0.2069,0.2132,0.0062
136,1002.2,291.7,91.0203,91.0265,90.8194,0.2009,0.2072,0.0062
137,1001.7,279.2,91.0265,91.0327,90.8306,0.1959,0.2021,0.0062
138,998.8,282.5,91.0327,91.0389,90.8415,0.1912,0.1974,0.0062
139,997.9,256.5,91.0389,91.0451,90.8522,0.1867,0.1929,0.0062
140,1000.0,257.4,91.0451,91.0513,90.8636,0.1814,0.1877,0.0062
141,1001.4,282.4,91.0512,91.0575,90.8740,0.1772,0.1834,0.0062
142,998.6,251.5,91.0574,91.0637,90.8841,0.1734,0.1796,0.0062
143,999.7,270.4,91.0636,91.0698,90.8940,0.1696,0.1758,0.0062
144,1000.1,314.6,91.0698,91.0760,90.9046,0.1652,0.1714,0.0062
145,999.6,325.0,91.0760,91.0822,90.9145,0.1615,0.1677,0.0062
146,1006.7,321.1,91.0822,91.0884,90.9242,0.1580,0.1642,0.0062
147,996.4,308.4,91.0883,91.0946,90.9338,0.1545,0.1608,0.0062
148,998.2,279.0,91.0945,91.1007,90.9442,0.1503,0.1565,0.0062
149,999.2,268.9,91.1007,91.1069,90.9538,0.1469,0.1531,0.0062
150,1001.8,266.5,91.1069,91.1131,90.9633,0.1435,0.1497,0.0062
151,1001.2,279.9,91.1130,91.1192,90.9726,0.1404,0.1466,0.0062
152,999.3,264.8,91.1192,91.1254,90.9818,0.1374,0.1436,0.0062
153,997.7,273.1,91.1254,91.1316,90.9916,0.1337,0.1400,0.0062
154,1005.2,268.1,91.1315,91.1378,90.9916,0.1399,0.1461,0.0062
155,994.8,260.4,91.1377,91.1439,91.0005,0.1372,0.1434,0.0062
156,999.8,271.9,91.1439,91.1501,91.0090,0.1349,0.1411,0.0062
157,1000.0,258.0,91.1500,91.1562,91.0179,0.1321,0.1383,0.0062
158,1000.0,267.9,91.1562,91.1624,91.0261,0.1301,0.1363,0.0062
159,999.9,263.2,91.1623,91.1686,91.0343,0.1280,0.1343,0.0062
160,1005.1,257.7,91.1685,91.1747,91.0425,0.1260,0.1322,0.0062
161,999.4,284.7,91.1747,91.1809,91.0510,0.1237,0.1299,0.0062
162,998.8,276.0,91.1808,91.1870,91.0587,0.1221,0.1283,0.0062
163,998.4,275.9,91.1870,91.1932,91.0666,0.1204,0.1266,0.0062
164,998.5,271.0,91.1931,91.1993,91.0745,0.1186,0.1249,0.0062
165,1008.9,285.9,91.1993,91.2055,91.0828,0.1165,0.1227,0.0062
166,993.7,272.0,91.2054,91.2116,91.0905,0.1149,0.1211,0.0062
167,997.5,261.1,91.2116,91.2178,91.0982,0.1133,0.1195,0.0062
168,1000.6,286.7,91.2177,91.2239,91.1058,0.1119,0.1181,0.0062
169,999.7,300.1,91.2238,91.2301,91.1140,0.1099,0.1161,0.0062
170,999.6,316.2,91.2300,91.2362,91.1216,0.1084,0.1146,0.0062
171,1000.5,305.6,91.2361,91.2423,91.1292,0.1069,0.1131,0.0062
172,999.1,303.5,91.2423,91.2485,91.1366,0.1057,0.1119,0.0062
173,1000.8,337.0,91.2484,91.2546,91.1437,0.1047,0.1109,0.0062
174,999.5,270.3,91.2545,91.2607,91.1512,0.1033,0.1095,0.0062
175,1000.2,315.2,91.2607,91.2669,91.1583,0.1024,0.1086,0.0062
176,1001.6,290.6,91.2668,91.2730,91.1655,0.1013,0.1075,0.0062
177,999.6,265.0,91.2729,91.2791,91.1733,0.0996,0.1058,0.0062
178,1000.9,269.2,91.2790,91.2853,91.1806,0.0984,0.1046,0.0062
179,997.9,265.7,91.2852,91.2914,91.1881,0.0971,0.1033,0.0062
180,1004.3,260.4,91.2913,91.2975,91.1956,0.0957,0.1019,0.0062
181,995.9,277.6,91.2974,91.3036,91.2036,0.0938,0.1000,0.0062
182,1001.6,277.5,91.3035,91.3097,91.2111,0.0925,0.0987,0.0062
183,999.6,261.4,91.3097,91.3159,91.2184,0.0912,0.0974,0.0062
184,998.5,263.1,91.3158,91.3220,91.2257,0.0901,0.0963,0.0062
185,1001.6,263.3,91.3219,91.3281,91.2334,0.0885,0.0947,0.0062
186,998.6,263.8,91.3280,91.3342,91.2403,0.0877,0.0939,0.0062
187,999.6,259.0,91.3341,91.3403,91.2472,0.0869,0.0931,0.0062
188,1000.3,277.2,91.3402,91.3464,91.2540,0.0863,0.0925,0.0062
189,1000.2,259.9,91.3463,91.3525,91.2611,0.0852,0.0914,0.0062
190,1004.2,278.5,91.3524,91.3586,91.2676,0.0849,0.0910,0.0062
191,999.8,280.6,91.3585,91.3647,91.2739,0.0846,0.0908,0.0062
192,995.9,259.0,91.3646,91.3708,91.2802,0.0845,0.0907,0.0062
193,1000.1,288.8,91.3707,91.3769,91.2869,0.0838,0.0900,0.0062
194,1002.2,316.5,91.3768,91.3830,91.2932,0.0836,0.0898,0.0062
195,1001.0,317.2,91.3829,91.3891,91.2995,0.0834,0.0896,0.0062
196,998.5,290.9,91.3890,91.3952,91.3057,0.0833,0.0895,0.0062
197,998.9,254.4,91.3951,91.4013,91.3125,0.0826,0.0888,0.0062
198,1000.0,266.6,91.4012,91.4074,91.3187,0.0825,0.0887,0.0062
199,999.2,268.3,91.4073,91.4135,91.3248,0.0825,0.0887,0.0062
200,1000.0,243.9,91.4134,91.4196,91.3308,0.0826,0.0888,0.0062
201,999.9,260.6,91.4195,91.4257,91.3373,0.0821,0.0883,0.0062
202,999.7,262.0,91.4256,91.4317,91.3436,0.0820,0.0882,0.0062
203,1000.2,261.1,91.4316,91.4378,91.3497,0.0819,0.0881,0.0062
204,1000.1,253.7,91.4377,91.4439,91.3561,0.0816,0.0878,0.0062
205,999.9,269.4,91.4438,91.4500,91.3619,0.0819,0.0881,0.0062
206,1001.3,266.3,91.4499,91.4561,91.3678,0.0821,0.0883,0.0062
207,1000.9,255.9,91.4559,91.4621,91.3736,0.0823,0.0885,0.0062
208,998.1,273.5,91.4620,91.4682,91.3801,0.0819,0.0881,0.0062
209,1000.1,252.1,91.4681,91.4743,91.3860,0.0821,0.0883,0.0062
210,1000.5,270.9,91.4742,91.4803,91.3917,0.0824,0.0886,0.0062
211,1001.7,283.5,91.4802,91.4864,91.3973,0.0829,0.0891,0.0062
212,997.6,269.6,91.4863,91.4925,91.4031,0.0832,0.0894,0.0062
213,1000.6,273.7,91.4923,91.4985,91.4083,0.0840,0.0902,0.0062
214,1000.1,267.2,91.4984,91.5046,91.4137,0.0847,0.0909,0.0062
215,998.9,239.8,91.5045,91.5106,91.4193,0.0851,0.0913,0.0062
216,1000.3,267.9,91.5105,91.5167,91.4250,0.0855,0.0917,0.0062
217,1000.1,266.9,91.5166,91.5227,91.4313,0.0852,0.0914,0.0062
218,999.8,271.9,91.5226,91.5288,91.4371,0.0855,0.0916,0.0062
219,1000.0,304.8,91.5287,91.5348,91.4429,0.0857,0.0919,0.0062
220,1000.7,307.8,91.5347,91.5409,91.4486,0.0861,0.0923,0.0062
221,1001.6,297.4,91.5407,91.5469,91.4549,0.0859,0.0920,0.0062
222,998.3,306.4,91.5468,91.5530,91.4608,0.0860,0.0921,0.0062
223,1000.2,286.3,91.5528,91.5590,91.4669,0.0859,0.0921,0.0062
224,1000.1,271.6,91.5589,91.5650,91.4732,0.0857,0.0918,0.0062
225,1001.3,262.2,91.5649,91.5711,91.4798,0.0851,0.0912,0.0062
226,998.8,278.1,91.5709,91.5771,91.4860,0.0849,0.0911,0.0062
227,999.2,254.4,91.5770,91.5831,91.4922,0.0848,0.0909,0.0062
228,1000.0,282.0,91.5830,91.5891,91.4984,0.0846,0.0907,0.0062
229,999.9,255.0,91.5890,91.5952,91.5053,0.0837,0.0899,0.0062
230,1000.1,247.5,91.5950,91.6012,91.5117,0.0833,0.0895,0.0062
231,1000.0,274.5,91.6011,91.6072,91.5181,0.0830,0.0891,0.0062
232,1000.8,255.5,91.6071,91.6132,91.5241,0.0829,0.0891,0.0062
233,999.3,257.9,91.6131,91.6192,91.5304,0.0827,0.0888,0.0061
234,999.9,265.4,91.6191,91.6253,91.5362,0.0829,0.0890,0.0061
235,999.6,241.5,91.6251,91.6313,91.5422,0.0829,0.0891,0.0061
236,1001.3,264.4,91.6311,91.6373,91.5482,0.0829,0.0890,0.0061
237,1000.0,271.2,91.6371,91.6433,91.5550,0.0822,0.0883,0.0061
238,999.2,260.0,91.6431,91.6493,91.5613,0.0818,0.0880,0.0061
239,999.9,263.7,91.6492,91.6553,91.5676,0.0816,0.0877,0.0061
240,1000.6,270.6,91.6552,91.6613,91.5738,0.0814,0.0875,0.0061
241,1000.5,263.1,91.6612,91.6673,91.5806,0.0806,0.0867,0.0061
242,998.7,264.2,91.6671,91.6733,91.5869,0.0802,0.0864,0.0061
243,1000.2,349.9,91.6731,91.6793,91.5936,0.0795,0.0856,0.0061
244,1000.1,371.7,91.6791,91.6853,91.6006,0.0786,0.0847,0.0061
245,999.6,285.9,91.6851,91.6913,91.6079,0.0773,0.0834,0.0061
246,1000.3,275.7,91.6911,91.6972,91.6145,0.0766,0.0827,0.0061
247,1001.2,276.3,91.6971,91.7032,91.6210,0.0761,0.0822,0.0061
248,999.2,273.0,91.7031,91.7092,91.6275,0.0755,0.0817,0.0061
249,999.7,271.9,91.7091,91.7152,91.6346,0.0744,0.0806,0.0061
250,1000.0,267.5,91.7150,91.7212,91.6410,0.0740,0.0802,0.0061
251,1000.5,275.4,91.7210,91.7271,91.6473,0.0737,0.0799,0.0061
252,1000.6,270.1,91.7270,91.7331,91.6533,0.0737,0.0798,0.0061
253,999.9,263.8,91.7329,91.7391,91.6595,0.0734,0.0795,0.0061
254,1002.8,274.6,91.7389,91.7450,91.6651,0.0738,0.0799,0.0061
255,996.2,260.6,91.7449,91.7510,91.6704,0.0744,0.0806,0.0061
256,1003.9,269.1,91.7508,91.7570,91.6759,0.0750,0.0811,0.0061
257,996.7,269.3,91.7568,91.7629,91.6819,0.0749,0.0810,0.0061
258,1000.1,253.8,91.7628,91.7689,91.6876,0.0751,0.0813,0.0061
259,999.3,256.7,91.7687,91.7748,91.6932,0.0755,0.0817,0.0061
260,999.9,268.7,91.7747,91.7808,91.6987,0.0760,0.0821,0.0061
261,1000.1,256.8,91.7806,91.7867,91.7046,0.0760,0.0821,0.0061
262,999.8,255.4,91.7866,91.7927,91.7101,0.0764,0.0826,0.0061
263,1001.0,268.5,91.7925,91.7986,91.7159,0.0766,0.0827,0.0061
264,999.1,253.9,91.7984,91.8046,91.7216,0.0768,0.0829,0.0061
265,1000.3,259.4,91.8044,91.8105,91.7273,0.0770,0.0832,0.0061
266,999.6,262.5,91.8103,91.8164,91.7333,0.0770,0.0832,0.0061
267,1000.8,255.3,91.8163,91.8224,91.7387,0.0775,0.0836,0.0061
268,1000.8,268.8,91.8222,91.8283,91.7442,0.0780,0.0841,0.0061
269,1000.2,277.0,91.8281,91.8342,91.7498,0.0783,0.0844,0.0061
270,999.3,260.4,91.8340,91.8401,91.7558,0.0783,0.0844,0.0061
271,999.1,274.4,91.8400,91.8461,91.7615,0.0785,0.0846,0.0061
272,999.8,267.4,91.8459,91.8520,91.7672,0.0787,0.0848,0.0061
273,1000.1,346.6,91.8518,91.8579,91.7728,0.0790,0.0851,0.0061
274,1001.5,330.2,91.8577,91.8638,91.7784,0.0794,0.0855,0.0061
275,1000.9,329.8,91.8636,91.8697,91.7842,0.0794,0.0855,0.0061
276,998.4,316.7,91.8695,91.8756,91.7899,0.0797,0.0858,0.0061
277,1000.2,276.5,91.8755,91.8815,91.7954,0.0800,0.0861,0.0061
278,999.1,274.8,91.8814,91.8875,91.8010,0.0803,0.0864,0.0061
279,1000.0,257.2,91.8873,91.8934,91.8071,0.0801,0.0862,0.0061
280,1000.0,270.9,91.8932,91.8992,91.8128,0.0804,0.0864,0.0061
281,1000.1,272.0,91.8991,91.9051,91.8186,0.0805,0.0866,0.0061
282,999.5,257.7,91.9050,91.9110,91.8242,0.0807,0.0868,0.0061
283,1008.5,278.9,91.9108,91.9169,91.8304,0.0805,0.0866,0.0061
284,993.3,259.9,91.9167,91.9228,91.8361,0.0806,0.0867,0.0061
285,999.4,257.6,91.9226,91.9287,91.8420,0.0806,0.0867,0.0061
286,999.9,275.9,91.9285,91.9346,91.8481,0.0804,0.0865,0.0061
287,999.5,257.6,91.9344,91.9405,91.8548,0.0796,0.0857,0.0061
288,1007.1,286.3,91.9403,91.9463,91.8610,0.0793,0.0854,0.0061
289,994.1,273.9,91.9461,91.9522,91.8671,0.0790,0.0851,0.0061
290,999.2,252.9,91.9520,91.9581,91.8733,0.0788,0.0848,0.0061
291,999.9,263.4,91.9579,91.9639,91.8798,0.0780,0.0841,0.0061
292,999.6,264.5,91.9637,91.9698,91.8859,0.0778,0.0839,0.0061
293,1000.7,309.6,91.9696,91.9757,91.8921,0.0776,0.0836,0.0061
294,1003.1,313.4,91.9755,91.9815,91.8982,0.0772,0.0833,0.0061
295,997.4,316.8,91.9813,91.9874,91.9048,0.0766,0.0826,0.0061
296,999.1,320.1,91.9872,91.9932,91.9105,0.0766,0.0827,0.0061
297,999.9,307.4,91.9930,91.9991,91.9161,0.0769,0.0829,0.0061
298,999.9,320.2,91.9989,92.0049,91.9217,0.0772,0.0833,0.0061
299,999.8,329.6,92.0047,92.0108,91.9275,0.0772,0.0833,0.0061
300,1000.2,305.0,92.0106,92.0166,91.9329,0.0776,0.0837,0.0061
301,999.8,289.0,92.0164,92.0225,91.9384,0.0780,0.0841,0.0061
302,1000.0,258.6,92.0222,92.0283,91.9438,0.0784,0.0845,0.0061
303,1000.1,283.7,92.0281,92.0341,91.9497,0.0784,0.0844,0.0061
304,1001.8,265.7,92.0339,92.0400,91.9550,0.0789,0.0850,0.0061
305,999.1,253.7,92.0397,92.0458,91.9604,0.0794,0.0854,0.0061
306,999.4,273.5,92.0456,92.0516,91.9668,0.0787,0.0848,0.0061
307,1000.0,260.7,92.0514,92.0574,91.9722,0.0792,0.0853,0.0061
308,1002.0,270.8,92.0572,92.0633,91.9775,0.0797,0.0857,0.0061
309,999.1,274.0,92.0630,92.0691,91.9829,0.0801,0.0862,0.0060
310,999.7,247.0,92.0688,92.0749,91.9885,0.0803,0.0864,0.0060
311,1000.0,271.1,92.0747,92.0807,91.9943,0.0803,0.0864,0.0060
312,999.7,267.2,92.0805,92.0865,91.9997,0.0808,0.0868,0.0060
313,999.3,257.2,92.0863,92.0923,92.0051,0.0812,0.0872,0.0060
314,1000.1,255.7,92.0921,92.0981,92.0105,0.0816,0.0876,0.0060
315,999.6,259.8,92.0979,92.1039,92.0164,0.0814,0.0875,0.0060
316,1000.1,259.9,92.1037,92.1097,92.0219,0.0818,0.0878,0.0060
317,1000.1,252.0,92.1095,92.1155,92.0273,0.0822,0.0882,0.0060
318,1000.7,280.9,92.1152,92.1213,92.0324,0.0828,0.0889,0.0060
319,1002.3,325.2,92.1210,92.1271,92.0378,0.0833,0.0893,0.0060
320,998.8,307.2,92.1268,92.1328,92.0427,0.0841,0.0901,0.0060
321,999.0,285.9,92.1326,92.1386,92.0478,0.0848,0.0908,0.0060
322,998.9,258.5,92.1384,92.1444,92.0531,0.0852,0.0913,0.0060
323,1001.0,282.2,92.1441,92.1502,92.0591,0.0851,0.0911,0.0060
324,1000.3,268.4,92.1499,92.1559,92.0591,0.0909,0.0969,0.0060
325,1000.1,249.0,92.1557,92.1617,92.0647,0.0910,0.0970,0.0060
326,999.7,286.1,92.1614,92.1675,92.0703,0.0912,0.0972,0.0060
327,999.6,262.1,92.1672,92.1732,92.0763,0.0909,0.0969,0.0060
328,999.2,263.7,92.1730,92.1790,92.0821,0.0909,0.0969,0.0060
329,1000.2,262.4,92.1787,92.1847,92.0881,0.0906,0.0966,0.0060
330,999.9,257.6,92.1845,92.1905,92.0944,0.0901,0.0961,0.0060
331,1000.0,264.8,92.1902,92.1962,92.1014,0.0889,0.0949,0.0060
332,999.6,258.6,92.1960,92.2020,92.1080,0.0880,0.0940,0.0060
333,1000.5,274.6,92.2017,92.2077,92.1147,0.0870,0.0930,0.0060
334,999.8,262.3,92.2075,92.2135,92.1213,0.0861,0.0922,0.0060
335,1001.3,271.3,92.2132,92.2192,92.1283,0.0849,0.0909,0.0060
336,1000.1,278.5,92.2189,92.2249,92.1348,0.0841,0.0902,0.0060
337,1001.0,266.4,92.2247,92.2307,92.1414,0.0832,0.0892,0.0060
338,998.6,274.6,92.2304,92.2364,92.1482,0.0821,0.0882,0.0060
339,1000.0,270.4,92.2361,92.2421,92.1554,0.0807,0.0867,0.0060
340,1000.0,253.7,92.2418,92.2478,92.1619,0.0799,0.0859,0.0060
341,1002.4,277.7,92.2475,92.2535,92.1684,0.0791,0.0851,0.0060
342,997.9,258.7,92.2533,92.2593,92.1747,0.0785,0.0845,0.0060
343,1000.2,267.0,92.2590,92.2650,92.1816,0.0773,0.0833,0.0060
344,998.7,310.9,92.2647,92.2707,92.1882,0.0765,0.0825,0.0060
345,1000.3,295.9,92.2704,92.2764,92.1948,0.0756,0.0816,0.0060
346,999.6,268.7,92.2761,92.2821,92.2012,0.0749,0.0809,0.0060
347,999.8,267.1,92.2818,92.2878,92.2080,0.0737,0.0797,0.0060
348,1000.1,262.5,92.2875,92.2935,92.2142,0.0733,0.0793,0.0060
349,1000.0,254.7,92.2932,92.2991,92.2204,0.0728,0.0787,0.0060
350,1000.1,253.2,92.2988,92.3048,92.2266,0.0722,0.0782,0.0060
351,1001.1,267.3,92.3045,92.3105,92.2331,0.0714,0.0774,0.0060
352,999.1,257.4,92.3102,92.3162,92.2390,0.0712,0.0771,0.0060
353,1001.3,283.1,92.3159,92.3219,92.2447,0.0712,0.0772,0.0060
354,999.4,255.4,92.3216,92.3275,92.2503,0.0712,0.0772,0.0060
355,999.6,260.7,92.3272,92.3332,92.2561,0.0711,0.0771,0.0060
356,1002.9,286.0,92.3329,92.3389,92.2614,0.0714,0.0774,0.0060
357,998.0,255.8,92.3386,92.3445,92.2668,0.0718,0.0777,0.0060
358,1000.7,272.5,92.3442,92.3502,92.2720,0.0723,0.0782,0.0060
359,998.8,264.8,92.3499,92.3558,92.2774,0.0725,0.0785,0.0060
360,999.3,242.3,92.3555,92.3615,92.2821,0.0734,0.0794,0.0060
361,999.7,266.7,92.3612,92.3671,92.2868,0.0744,0.0803,0.0060
362,999.7,261.4,92.3668,92.3728,92.2914,0.0754,0.0814,0.0060
363,1000.2,263.6,92.3725,92.3784,92.2963,0.0762,0.0822,0.0060
364,1000.2,261.5,92.3781,92.3841,92.3008,0.0773,0.0833,0.0060
365,999.7,243.3,92.3837,92.3897,92.3055,0.0783,0.0842,0.0060
366,1000.8,260.5,92.3894,92.3953,92.3103,0.0790,0.0850,0.0060
367,1001.1,264.6,92.3950,92.4010,92.3152,0.0798,0.0857,0.0060
368,999.5,272.7,92.4006,92.4066,92.3204,0.0802,0.0862,0.0060
369,999.7,297.7,92.4062,92.4122,92.3252,0.0811,0.0870,0.0060
370,999.9,319.2,92.4119,92.4178,92.3300,0.0819,0.0879,0.0059
371,999.5,289.8,92.4175,92.4234,92.3351,0.0824,0.0883,0.0059
372,1001.1,259.3,92.4231,92.4290,92.3400,0.0831,0.0891,0.0059
373,999.6,279.3,92.4287,92.4346,92.3449,0.0838,0.0897,0.0059
374,999.3,294.1,92.4343,92.4402,92.3502,0.0841,0.0901,0.0059
375,1000.2,289.6,92.4399,92.4458,92.3561,0.0838,0.0897,0.0059
376,999.6,289.6,92.4455,92.4514,92.3618,0.0837,0.0896,0.0059
377,999.9,264.7,92.4511,92.4570,92.3674,0.0837,0.0896,0.0059
378,1000.0,267.2,92.4567,92.4626,92.3730,0.0837,0.0896,0.0059
379,1000.1,276.2,92.4623,92.4682,92.3791,0.0832,0.0891,0.0059
380,999.9,248.1,92.4678,92.4738,92.3848,0.0831,0.0890,0.0059
381,1000.1,265.9,92.4734,92.4794,92.3907,0.0827,0.0886,0.0059
382,999.7,267.3,92.4790,92.4849,92.3968,0.0822,0.0881,0.0059
383,1002.9,269.4,92.4846,92.4905,92.4032,0.0814,0.0873,0.0059
384,999.1,267.6,92.4901,92.4961,92.4089,0.0812,0.0871,0.0059
385,998.2,262.5,92.4957,92.5016,92.4147,0.0810,0.0870,0.0059
386,1000.7,263.4,92.5013,92.5072,92.4203,0.0809,0.0869,0.0059
387,999.9,264.0,92.5068,92.5127,92.4263,0.0805,0.0864,0.0059
388,1000.2,287.0,92.5124,92.5183,92.4319,0.0804,0.0863,0.0059
389,1029.9,269.7,92.5179,92.5238,92.4377,0.0802,0.0861,0.0059
390,970.8,267.6,92.5235,92.5294,92.4436,0.0799,0.0858,0.0059
391,999.6,269.8,92.5290,92.5349,92.4497,0.0793,0.0852,0.0059
392,999.0,254.8,92.5345,92.5405,92.4562,0.0783,0.0842,0.0059
393,1000.1,274.9,92.5401,92.5460,92.4623,0.0778,0.0837,0.0059
394,999.9,308.1,92.5456,92.5515,92.4684,0.0772,0.0831,0.0059
395,999.6,297.1,92.5511,92.5570,92.4751,0.0761,0.0820,0.0059
396,1000.6,280.5,92.5567,92.5626,92.4812,0.0755,0.0814,0.0059
397,1000.0,279.3,92.5622,92.5681,92.4873,0.0749,0.0808,0.0059
398,1000.0,273.3,92.5677,92.5736,92.4932,0.0745,0.0804,0.0059
399,1001.0,271.5,92.5732,92.5791,92.4990,0.0742,0.0801,0.0059
400,999.3,247.2,92.5787,92.5846,92.5051,0.0736,0.0795,0.0059
401,1000.2,263.2,92.5842,92.5901,92.5106,0.0736,0.0795,0.0059
402,999.9,262.4,92.5897,92.5956,92.5161,0.0736,0.0795,0.0059
403,1000.1,257.5,92.5952,92.6011,92.5216,0.0736,0.0795,0.0059
404,1002.8,261.4,92.6007,92.6066,92.5273,0.0734,0.0793,0.0059
405,997.3,267.8,92.6062,92.6121,92.5324,0.0738,0.0797,0.0059
406,1000.0,266.9,92.6117,92.6176,92.5371,0.0745,0.0804,0.0059
407,1000.0,255.4,92.6172,92.6230,92.5417,0.0755,0.0814,0.0059
408,999.3,274.4,92.6226,92.6285,92.5465,0.0762,0.0821,0.0059
409,999.7,247.1,92.6281,92.6340,92.5510,0.0771,0.0830,0.0059
410,1000.2,251.6,92.6336,92.6395,92.5558,0.0778,0.0836,0.0059
411,999.9,275.0,92.6390,92.6449,92.5608,0.0783,0.0841,0.0059
412,999.8,250.9,92.6445,92.6504,92.5661,0.0784,0.0843,0.0059
413,1000.2,269.4,92.6500,92.6558,92.5710,0.0790,0.0849,0.0059
414,1003.4,273.9,92.6554,92.6613,92.5759,0.0795,0.0854,0.0059
415,997.9,250.8,92.6609,92.6667,92.5809,0.0800,0.0858,0.0059
416,999.6,273.1,92.6663,92.6722,92.5863,0.0800,0.0859,0.0059
417,999.3,265.9,92.6718,92.6776,92.5914,0.0803,0.0862,0.0059
418,1000.6,286.4,92.6772,92.6831,92.5966,0.0805,0.0864,0.0059
419,1000.2,302.5,92.6826,92.6885,92.6022,0.0804,0.0863,0.0059
420,1004.9,316.9,92.6881,92.6939,92.6083,0.0797,0.0856,0.0059
421,995.0,279.1,92.6935,92.6993,92.6139,0.0796,0.0854,0.0059
422,1000.3,262.9,92.6989,92.7048,92.6194,0.0795,0.0853,0.0059
423,998.8,272.3,92.7043,92.7102,92.6249,0.0794,0.0853,0.0058
424,1000.2,255.5,92.7097,92.7156,92.6304,0.0793,0.0851,0.0058
425,999.5,255.6,92.7152,92.7210,92.6365,0.0787,0.0845,0.0058
426,1000.2,272.5,92.7206,92.7264,92.6423,0.0782,0.0841,0.0058
427,1000.0,257.5,92.7260,92.7318,92.6483,0.0777,0.0835,0.0058
428,1000.1,271.7,92.7314,92.7372,92.6542,0.0771,0.0830,0.0058
429,1000.0,259.9,92.7368,92.7426,92.6605,0.0763,0.0821,0.0058
430,1000.6,258.9,92.7421,92.7480,92.6661,0.0760,0.0818,0.0058
431,1000.7,280.7,92.7475,92.7534,92.6717,0.0759,0.0817,0.0058
432,998.7,252.4,92.7529,92.7587,92.6772,0.0758,0.0816,0.0058
433,1000.1,263.7,92.7583,92.7641,92.6834,0.0749,0.0807,0.0058
434,1000.1,265.9,92.7637,92.7695,92.6892,0.0745,0.0803,0.0058
435,1000.5,246.1,92.7690,92.7749,92.6950,0.0741,0.0799,0.0058
436,1002.6,275.5,92.7744,92.7802,92.7008,0.0736,0.0794,0.0058
437,998.3,269.8,92.7798,92.7856,92.7071,0.0727,0.0785,0.0058
438,999.7,265.4,92.7851,92.7909,92.7129,0.0723,0.0781,0.0058
439,998.9,254.9,92.7905,92.7963,92.7187,0.0718,0.0776,0.0058
440,1001.3,256.6,92.7958,92.8016,92.7246,0.0712,0.0771,0.0058
441,998.8,257.4,92.8012,92.8070,92.7308,0.0703,0.0761,0.0058
442,999.6,260.2,92.8065,92.8123,92.7366,0.0699,0.0757,0.0058
443,1000.2,283.0,92.8118,92.8176,92.7424,0.0694,0.0752,0.0058
444,1000.0,295.3,92.8172,92.8230,92.7481,0.0690,0.0749,0.0058
445,999.7,309.1,92.8225,92.8283,92.7542,0.0683,0.0741,0.0058
446,1001.2,311.6,92.8278,92.8336,92.7598,0.0680,0.0738,0.0058
447,999.4,300.3,92.8331,92.8389,92.7654,0.0677,0.0735,0.0058
448,999.7,323.9,92.8385,92.8443,92.7710,0.0674,0.0732,0.0058
449,999.9,322.1,92.8438,92.8496,92.7771,0.0667,0.0725,0.0058
450,1000.8,284.0,92.8491,92.8549,92.7823,0.0668,0.0726,0.0058
451,1001.8,314.6,92.8544,92.8602,92.7874,0.0670,0.0728,0.0058
452,998.4,290.2,92.8597,92.8655,92.7923,0.0674,0.0731,0.0058
453,999.1,264.7,92.8650,92.8708,92.7977,0.0673,0.0730,0.0058
454,999.9,265.4,92.8703,92.8761,92.8025,0.0677,0.0735,0.0058
455,999.7,241.3,92.8756,92.8813,92.8072,0.0683,0.0741,0.0058
456,1000.3,256.7,92.8808,92.8866,92.8119,0.0689,0.0747,0.0058
457,1000.3,262.3,92.8861,92.8919,92.8170,0.0691,0.0749,0.0058
458,1001.5,266.5,92.8914,92.8972,92.8216,0.0698,0.0756,0.0058
459,998.7,260.9,92.8967,92.9024,92.8262,0.0704,0.0762,0.0058
460,999.5,258.3,92.9019,92.9077,92.8308,0.0711,0.0769,0.0058
461,1000.7,264.9,92.9072,92.9129,92.8357,0.0715,0.0773,0.0058
462,1003.0,266.0,92.9124,92.9182,92.8402,0.0722,0.0780,0.0058
463,997.6,279.2,92.9177,92.9234,92.8448,0.0729,0.0786,0.0058
464,1000.8,260.7,92.9229,92.9287,92.8497,0.0733,0.0790,0.0058
465,998.3,251.4,92.9282,92.9339,92.8551,0.0731,0.0788,0.0058
466,999.8,270.2,92.9334,92.9392,92.8602,0.0732,0.0789,0.0058
467,1000.9,255.5,92.9386,92.9444,92.8653,0.0733,0.0791,0.0058
468,1002.0,281.6,92.9439,92.9496,92.8702,0.0737,0.0795,0.0058
469,999.8,315.2,92.9491,92.9549,92.8753,0.0738,0.0796,0.0058
470,997.7,288.4,92.9543,92.9601,92.8801,0.0742,0.0800,0.0058
471,999.6,269.4,92.9595,92.9653,92.8850,0.0746,0.0803,0.0057
472,1000.8,269.8,92.9648,92.9705,92.8899,0.0748,0.0806,0.0057
473,999.3,254.9,92.9700,92.9757,92.8955,0.0745,0.0802,0.0057
474,999.9,265.6,92.9752,92.9809,92.9006,0.0745,0.0803,0.0057
475,1000.0,259.3,92.9804,92.9861,92.9058,0.0746,0.0803,0.0057
476,999.9,258.1,92.9856,92.9913,92.9106,0.0749,0.0807,0.0057
477,1000.0,261.3,92.9907,92.9965,92.9152,0.0755,0.0812,0.0057
478,999.9,270.0,92.9959,93.0017,92.9201,0.0758,0.0816,0.0057
479,1004.9,262.7,93.0011,93.0068,92.9252,0.0759,0.0816,0.0057
480,998.2,264.6,93.0063,93.0120,92.9301,0.0762,0.0819,0.0057
481,999.0,280.4,93.0115,93.0172,92.9349,0.0766,0.0823,0.0057
482,998.3,254.7,93.0166,93.0224,92.9399,0.0768,0.0825,0.0057
483,999.6,267.5,93.0218,93.0275,92.9451,0.0767,0.0825,0.0057
484,1001.4,271.8,93.0270,93.0327,92.9502,0.0767,0.0824,0.0057
485,998.7,259.1,93.0321,93.0378,92.9556,0.0765,0.0822,0.0057
486,1003.8,285.7,93.0373,93.0430,92.9607,0.0765,0.0822,0.0057
487,998.3,266.9,93.0424,93.0481,92.9660,0.0764,0.0821,0.0057
488,998.1,270.9,93.0475,93.0533,92.9719,0.0757,0.0814,0.0057
489,999.8,268.3,93.0527,93.0584,92.9774,0.0753,0.0810,0.0057
490,1001.1,246.2,93.0578,93.0635,92.9829,0.0749,0.0806,0.0057
491,999.2,259.1,93.0629,93.0686,92.9884,0.0745,0.0803,0.0057
492,999.4,261.2,93.0681,93.0738,92.9938,0.0742,0.0799,0.0057
493,1000.3,274.2,93.0732,93.0789,92.9997,0.0735,0.0791,0.0057
494,1000.2,289.7,93.0783,93.0840,93.0051,0.0732,0.0789,0.0057
495,1006.3,312.4,93.0834,93.0891,93.0105,0.0729,0.0786,0.0057
496,995.6,273.3,93.0885,93.0942,93.0159,0.0726,0.0783,0.0057
497,998.0,267.1,93.0936,93.0993,93.0159,0.0777,0.0834,0.0057
498,1001.0,279.1,93.0987,93.1044,93.0218,0.0769,0.0826,0.0057
499,999.8,262.7,93.1038,93.1095,93.0272,0.0765,0.0822,0.0057
500,1000.3,267.1,93.1089,93.1146,93.0326,0.0762,0.0819,0.0057
501,1000.9,282.7,93.1140,93.1196,93.0380,0.0759,0.0816,0.0057
502,997.9,249.8,93.1190,93.1247,93.0439,0.0752,0.0808,0.0057
503,1000.3,270.8,93.1241,93.1298,93.0493,0.0748,0.0805,0.0057
504,1001.0,270.5,93.1292,93.1348,93.0546,0.0746,0.0802,0.0057
505,998.8,248.2,93.1342,93.1399,93.0602,0.0741,0.0797,0.0057
506,999.9,272.5,93.1393,93.1450,93.0661,0.0732,0.0789,0.0057
507,1000.1,268.0,93.1443,93.1500,93.0716,0.0728,0.0784,0.0057
508,1000.0,256.7,93.1494,93.1551,93.0771,0.0723,0.0780,0.0057
509,999.6,294.8,93.1544,93.1601,93.0826,0.0719,0.0775,0.0057
510,1001.3,289.6,93.1595,93.1651,93.0887,0.0708,0.0765,0.0057
511,1002.6,269.9,93.1645,93.1702,93.0940,0.0705,0.0761,0.0057
512,996.8,269.7,93.1695,93.1752,93.0993,0.0703,0.0759,0.0057
513,999.6,254.7,93.1746,93.1802,93.1050,0.0695,0.0752,0.0057
514,1000.0,249.7,93.1796,93.1852,93.1106,0.0689,0.0746,0.0056
515,999.8,268.3,93.1846,93.1902,93.1163,0.0683,0.0739,0.0056
516,1002.1,285.6,93.1896,93.1952,93.1216,0.0680,0.0737,0.0056
517,998.3,252.3,93.1946,93.2003,93.1270,0.0676,0.0732,0.0056
518,999.9,277.2,93.1996,93.2052,93.1321,0.0675,0.0732,0.0056
519,1001.1,306.5,93.2046,93.2102,93.1371,0.0675,0.0732,0.0056
520,999.0,299.6,93.2096,93.2152,93.1420,0.0676,0.0732,0.0056
521,1000.7,288.1,93.2146,93.2202,93.1474,0.0672,0.0728,0.0056
522,998.9,254.5,93.2196,93.2252,93.1525,0.0671,0.0727,0.0056
523,1000.4,258.8,93.2245,93.2302,93.1575,0.0671,0.0727,0.0056
524,999.8,267.2,93.2295,93.2351,93.1624,0.0671,0.0728,0.0056
525,999.8,246.2,93.2345,93.2401,93.1675,0.0670,0.0726,0.0056
526,1001.9,309.2,93.2394,93.2451,93.1721,0.0674,0.0730,0.0056
527,1003.0,310.9,93.2444,93.2500,93.1766,0.0678,0.0734,0.0056
528,997.5,281.5,93.2494,93.2550,93.1812,0.0682,0.0738,0.0056
529,998.3,265.0,93.2543,93.2599,93.1862,0.0681,0.0737,0.0056
530,999.5,252.9,93.2592,93.2649,93.1910,0.0683,0.0739,0.0056
531,1001.0,261.3,93.2642,93.2698,93.1959,0.0683,0.0739,0.0056
532,1002.0,279.5,93.2691,93.2747,93.2008,0.0683,0.0739,0.0056
533,998.8,285.2,93.2740,93.2796,93.2062,0.0679,0.0735,0.0056
534,998.4,256.5,93.2790,93.2846,93.2112,0.0678,0.0734,0.0056
535,999.5,258.7,93.2839,93.2895,93.2161,0.0678,0.0734,0.0056
536,1001.3,275.6,93.2888,93.2944,93.2210,0.0678,0.0734,0.0056
537,999.0,254.9,93.2937,93.2993,93.2261,0.0676,0.0732,0.0056
538,999.8,272.8,93.2986,93.3042,93.2316,0.0670,0.0726,0.0056
539,1000.3,266.3,93.3035,93.3091,93.2370,0.0665,0.0721,0.0056
540,999.9,244.1,93.3084,93.3140,93.2424,0.0660,0.0716,0.0056
541,1000.0,276.2,93.3133,93.3189,93.2481,0.0652,0.0708,0.0056
542,1000.8,262.3,93.3182,93.3238,93.2532,0.0649,0.0705,0.0056
543,1001.1,275.7,93.3231,93.3286,93.2584,0.0646,0.0702,0.0056
544,999.2,310.6,93.3279,93.3335,93.2635,0.0644,0.0700,0.0056
545,998.9,301.9,93.3328,93.3384,93.2691,0.0637,0.0692,0.0056
546,1000.9,274.8,93.3377,93.3432,93.2744,0.0633,0.0689,0.0056
547,1002.4,272.7,93.3425,93.3481,93.2796,0.0629,0.0685,0.0056
548,998.7,267.5,93.3474,93.3529,93.2847,0.0626,0.0682,0.0056
549,999.1,259.1,93.3522,93.3578,93.2900,0.0622,0.0678,0.0056
550,998.9,264.2,93.3571,93.3626,93.2945,0.0625,0.0681,0.0056
551,1001.2,265.4,93.3619,93.3675,93.2990,0.0629,0.0685,0.0056
552,998.4,252.9,93.3667,93.3723,93.3035,0.0633,0.0688,0.0056
553,1000.3,280.8,93.3716,93.3771,93.3084,0.0631,0.0687,0.0056
554,999.9,253.6,93.3764,93.3819,93.3132,0.0631,0.0687,0.0056
555,1000.2,259.8,93.3812,93.3868,93.3181,0.0631,0.0687,0.0055
556,1000.0,270.3,93.3860,93.3916,93.3229,0.0631,0.0686,0.0055
557,999.9,256.5,93.3908,93.3964,93.3281,0.0628,0.0683,0.0055
558,1002.6,275.6,93.3956,93.4012,93.3326,0.0630,0.0685,0.0055
559,1001.5,275.4,93.4004,93.4060,93.3373,0.0632,0.0687,0.0055
560,996.2,252.1,93.4052,93.4108,93.3419,0.0633,0.0688,0.0055
561,1001.3,267.3,93.4100,93.4155,93.3470,0.0630,0.0686,0.0055
562,999.0,265.8,93.4148,93.4203,93.3518,0.0630,0.0685,0.0055
563,1000.8,273.0,93.4196,93.4251,93.3568,0.0627,0.0683,0.0055
564,1000.5,275.4,93.4243,93.4299,93.3619,0.0625,0.0680,0.0055
565,998.1,260.0,93.4291,93.4346,93.3673,0.0618,0.0673,0.0055
566,1001.0,260.4,93.4339,93.4394,93.3723,0.0616,0.0671,0.0055
567,999.0,261.0,93.4386,93.4442,93.3773,0.0614,0.0669,0.0055
568,999.9,266.1,93.4434,93.4489,93.3822,0.0611,0.0667,0.0055
569,1000.0,306.2,93.4481,93.4536,93.3874,0.0607,0.0662,0.0055
570,1000.0,311.9,93.4529,93.4584,93.3921,0.0608,0.0663,0.0055
571,1000.0,279.3,93.4576,93.4631,93.3967,0.0609,0.0664,0.0055
572,999.9,256.5,93.4623,93.4678,93.4015,0.0609,0.0664,0.0055
573,1001.0,277.4,93.4671,93.4726,93.4065,0.0606,0.0661,0.0055
574,999.9,261.0,93.4718,93.4773,93.4111,0.0607,0.0662,0.0055
575,1004.6,256.0,93.4765,93.4820,93.4154,0.0611,0.0666,0.0055
576,997.0,292.4,93.4812,93.4867,93.4196,0.0616,0.0671,0.0055
577,999.4,252.9,93.4859,93.4914,93.4236,0.0623,0.0678,0.0055
578,999.0,263.5,93.4906,93.4961,93.4278,0.0629,0.0684,0.0055
579,1000.3,267.2,93.4953,93.5008,93.4316,0.0637,0.0692,0.0055
580,1002.1,256.3,93.5000,93.5055,93.4354,0.0646,0.0700,0.0055
581,998.7,272.6,93.5047,93.5102,93.4394,0.0653,0.0707,0.0055
582,999.1,266.7,93.5094,93.5148,93.4439,0.0655,0.0710,0.0055
583,999.9,261.7,93.5140,93.5195,93.4481,0.0660,0.0714,0.0055
584,1000.2,263.6,93.5187,93.5242,93.4524,0.0663,0.0718,0.0055
585,999.1,259.0,93.5234,93.5288,93.4568,0.0666,0.0721,0.0055
586,1000.1,255.1,93.5280,93.5335,93.4614,0.0666,0.0721,0.0055
587,1000.0,263.2,93.5327,93.5381,93.4657,0.0669,0.0724,0.0055
588,1000.2,269.8,93.5373,93.5428,93.4701,0.0673,0.0727,0.0055
589,999.9,257.9,93.5420,93.5474,93.4744,0.0676,0.0731,0.0055
590,1001.2,265.4,93.5466,93.5521,93.4791,0.0675,0.0730,0.0055
591,999.5,282.4,93.5512,93.5567,93.4836,0.0677,0.0731,0.0055
592,999.6,252.9,93.5559,93.5613,93.4881,0.0678,0.0732,0.0055
593,1000.8,297.4,93.5605,93.5659,93.4926,0.0679,0.0734,0.0055
594,999.7,342.0,93.5651,93.5705,93.4970,0.0681,0.0735,0.0054
595,1007.3,332.3,93.5697,93.5752,93.5019,0.0678,0.0733,0.0054
596,994.1,324.4,93.5743,93.5798,93.5064,0.0680,0.0734,0.0054
597,998.8,332.0,93.5789,93.5844,93.5108,0.0681,0.0735,0.0054
598,999.9,311.2,93.5835,93.5889,93.5156,0.0679,0.0734,0.0054
599,999.0,315.0,93.5881,93.5935,93.5200,0.0681,0.0735,0.0054
600,1000.0,256.9,93.5927,93.5981,93.5245,0.0682,0.0736,0.0054
601,1000.0,270.9,93.5973,93.6027,93.5291,0.0681,0.0735,0.0054
602,999.8,284.4,93.6018,93.6073,93.5341,0.0677,0.0731,0.0054
603,1000.1,298.4,93.6064,93.6118,93.5387,0.0677,0.0731,0.0054
604,1000.0,261.4,93.6110,93.6164,93.5432,0.0678,0.0732,0.0054
605,1002.3,270.9,93.6155,93.6209,93.5476,0.0679,0.0733,0.0054
606,1004.1,288.5,93.6201,93.6255,93.5519,0.0681,0.0736,0.0054
607,996.8,306.1,93.6246,93.6300,93.5566,0.0680,0.0734,0.0054
608,997.6,272.5,93.6291,93.6346,93.5610,0.0681,0.0735,0.0054
609,999.2,257.9,93.6337,93.6391,93.5654,0.0682,0.0737,0.0054
610,1000.1,247.8,93.6382,93.6436,93.5703,0.0679,0.0733,0.0054
611,1000.1,268.5,93.6427,93.6481,93.5749,0.0678,0.0732,0.0054
612,999.5,256.4,93.6473,93.6527,93.5796,0.0676,0.0730,0.0054
613,1000.6,266.0,93.6518,93.6572,93.5844,0.0674,0.0728,0.0054
614,999.7,268.5,93.6563,93.6617,93.5895,0.0667,0.0721,0.0054
615,999.9,248.5,93.6608,93.6662,93.5943,0.0665,0.0719,0.0054
616,1004.7,285.5,93.6653,93.6707,93.5991,0.0662,0.0716,0.0054
617,998.1,279.2,93.6698,93.6751,93.6040,0.0658,0.0712,0.0054
618,999.9,273.6,93.6742,93.6796,93.6093,0.0650,0.0704,0.0054
619,1000.2,310.3,93.6787,93.6841,93.6143,0.0644,0.0698,0.0054
620,1000.2,308.7,93.6832,93.6886,93.6195,0.0637,0.0691,0.0054
621,999.9,271.2,93.6877,93.6930,93.6248,0.0629,0.0682,0.0054
622,1000.7,279.4,93.6921,93.6975,93.6305,0.0616,0.0670,0.0054
623,997.6,292.9,93.6966,93.7019,93.6359,0.0607,0.0660,0.0054
624,1004.0,264.3,93.7010,93.7064,93.6411,0.0599,0.0653,0.0054
625,996.4,268.1,93.7055,93.7108,93.6463,0.0592,0.0646,0.0054
626,1000.2,283.7,93.7099,93.7153,93.6518,0.0581,0.0634,0.0054
627,999.9,262.9,93.7144,93.7197,93.6570,0.0574,0.0628,0.0054
628,1000.5,292.2,93.7188,93.7241,93.6623,0.0564,0.0618,0.0054
629,1000.8,265.9,93.7232,93.7286,93.6677,0.0555,0.0609,0.0054
630,999.9,262.3,93.7276,93.7330,93.6735,0.0542,0.0595,0.0053
631,1000.4,283.0,93.7320,93.7374,93.6786,0.0534,0.0587,0.0053
632,999.4,264.2,93.7364,93.7418,93.6834,0.0530,0.0583,0.0053
633,1000.6,278.3,93.7408,93.7462,93.6880,0.0529,0.0582,0.0053
634,1000.2,277.8,93.7452,93.7506,93.6927,0.0526,0.0579,0.0053
635,998.5,255.8,93.7496,93.7550,93.6970,0.0526,0.0579,0.0053
636,1000.9,270.6,93.7540,93.7593,93.7015,0.0525,0.0579,0.0053
637,999.7,284.6,93.7584,93.7637,93.7060,0.0524,0.0578,0.0053
638,999.8,260.3,93.7628,93.7681,93.7107,0.0521,0.0574,0.0053
639,1000.4,273.6,93.7671,93.7725,93.7151,0.0521,0.0574,0.0053
640,1001.7,275.2,93.7715,93.7768,93.7193,0.0522,0.0575,0.0053
641,999.1,274.6,93.7758,93.7812,93.7234,0.0524,0.0577,0.0053
642,996.4,270.2,93.7802,93.7855,93.7279,0.0523,0.0576,0.0053
643,1004.7,306.7,93.7845,93.7899,93.7320,0.0525,0.0578,0.0053
644,999.3,332.9,93.7889,93.7942,93.7367,0.0522,0.0575,0.0053
645,998.8,320.1,93.7932,93.7985,93.7411,0.0521,0.0574,0.0053
646,1002.3,313.0,93.7975,93.8028,93.7453,0.0522,0.0575,0.0053
647,997.8,265.7,93.8019,93.8072,93.7495,0.0524,0.0577,0.0053
648,1000.5,282.9,93.8062,93.8115,93.7540,0.0521,0.0574,0.0053
649,999.4,281.0,93.8105,93.8158,93.7581,0.0524,0.0577,0.0053
650,999.4,255.6,93.8148,93.8201,93.7621,0.0526,0.0579,0.0053
651,1000.7,288.7,93.8191,93.8244,93.7662,0.0529,0.0581,0.0053
652,999.2,271.9,93.8234,93.8287,93.7704,0.0529,0.0582,0.0053
653,999.8,268.6,93.8277,93.8329,93.7742,0.0535,0.0588,0.0053
654,999.3,271.6,93.8319,93.8372,93.7780,0.0540,0.0593,0.0053
655,1002.3,253.4,93.8362,93.8415,93.7818,0.0544,0.0597,0.0053
656,997.9,273.8,93.8405,93.8458,93.7859,0.0546,0.0599,0.0053
657,999.9,271.4,93.8448,93.8500,93.7903,0.0544,0.0597,0.0053
658,1001.0,282.5,93.8490,93.8543,93.7943,0.0547,0.0600,0.0053
659,997.7,252.0,93.8533,93.8585,93.7943,0.0590,0.0642,0.0053
660,1001.1,267.2,93.8575,93.8628,93.8020,0.0555,0.0608,0.0053
661,998.8,262.9,93.8618,93.8670,93.8020,0.0598,0.0650,0.0053
662,1000.1,253.1,93.8660,93.8712,93.8058,0.0602,0.0654,0.0053
663,1000.8,272.8,93.8702,93.8755,93.8094,0.0608,0.0661,0.0053
664,999.3,255.4,93.8744,93.8797,93.8130,0.0615,0.0667,0.0053
665,1000.1,248.5,93.8787,93.8839,93.8169,0.0618,0.0670,0.0052
666,999.6,271.0,93.8829,93.8881,93.8206,0.0623,0.0675,0.0052
667,1000.7,249.9,93.8871,93.8923,93.8243,0.0627,0.0680,0.0052
668,1000.0,267.9,93.8913,93.8965,93.8280,0.0632,0.0685,0.0052
669,1000.3,314.9,93.8955,93.9007,93.8321,0.0633,0.0686,0.0052
670,999.2,292.9,93.8997,93.9049,93.8361,0.0635,0.0688,0.0052
671,1000.5,277.4,93.9038,93.9091,93.8402,0.0636,0.0689,0.0052
672,999.6,262.5,93.9080,93.9132,93.8445,0.0636,0.0688,0.0052
673,999.8,261.6,93.9122,93.9174,93.8489,0.0633,0.0685,0.0052
674,1000.4,264.7,93.9163,93.9216,93.8529,0.0634,0.0687,0.0052
675,999.1,253.1,93.9205,93.9257,93.8569,0.0636,0.0688,0.0052
676,1001.0,265.0,93.9247,93.9299,93.8609,0.0637,0.0690,0.0052
677,999.3,261.9,93.9288,93.9340,93.8654,0.0634,0.0686,0.0052
678,1000.7,277.4,93.9329,93.9381,93.8698,0.0631,0.0684,0.0052
679,999.3,292.9,93.9371,93.9423,93.8743,0.0628,0.0680,0.0052
680,1000.6,287.0,93.9412,93.9464,93.8790,0.0622,0.0675,0.0052
681,999.4,275.4,93.9453,93.9505,93.8840,0.0614,0.0666,0.0052
682,1000.3,250.2,93.9494,93.9546,93.8887,0.0608,0.0660,0.0052
683,999.7,267.2,93.9536,93.9587,93.8933,0.0602,0.0654,0.0052
684,999.9,269.8,93.9577,93.9628,93.8979,0.0597,0.0649,0.0052
685,1000.0,250.8,93.9618,93.9669,93.9026,0.0591,0.0643,0.0052
686,1000.5,272.6,93.9658,93.9710,93.9069,0.0589,0.0641,0.0052
687,999.6,251.4,93.9699,93.9751,93.9113,0.0587,0.0638,0.0052
688,1003.0,272.8,93.9740,93.9792,93.9158,0.0582,0.0634,0.0052
689,1000.1,273.7,93.9781,93.9833,93.9208,0.0573,0.0625,0.0052
690,996.8,244.6,93.9822,93.9873,93.9255,0.0567,0.0618,0.0052
691,1000.0,256.7,93.9862,93.9914,93.9301,0.0561,0.0613,0.0052
692,1000.3,263.5,93.9903,93.9954,93.9347,0.0556,0.0608,0.0052
693,1000.7,261.4,93.9943,93.9995,93.9394,0.0549,0.0601,0.0052
694,999.1,292.9,93.9984,94.0035,93.9435,0.0548,0.0600,0.0052
695,999.5,317.0,94.0024,94.0076,93.9476,0.0548,0.0599,0.0052
696,1000.5,266.6,94.0064,94.0116,93.9517,0.0547,0.0599,0.0052
697,999.8,256.6,94.0105,94.0156,93.9562,0.0543,0.0594,0.0052
698,1000.7,271.6,94.0145,94.0196,93.9604,0.0540,0.0592,0.0051
699,999.3,256.5,94.0185,94.0236,93.9647,0.0538,0.0590,0.0051
700,1000.4,255.6,94.0225,94.0277,93.9691,0.0534,0.0585,0.0051
701,999.5,276.1,94.0265,94.0317,93.9739,0.0526,0.0577,0.0051
702,1000.3,250.8,94.0305,94.0356,93.9783,0.0522,0.0574,0.0051
703,999.7,276.5,94.0345,94.0396,93.9825,0.0520,0.0571,0.0051
704,1000.4,267.9,94.0385,94.0436,93.9867,0.0518,0.0569,0.0051
705,999.1,242.3,94.0425,94.0476,93.9911,0.0513,0.0565,0.0051
706,1000.3,271.1,94.0464,94.0516,93.9952,0.0513,0.0564,0.0051
707,1000.2,258.4,94.0504,94.0555,93.9991,0.0513,0.0564,0.0051
708,1000.6,266.5,94.0544,94.0595,94.0032,0.0511,0.0562,0.0051
709,999.4,264.5,94.0583,94.0634,94.0076,0.0507,0.0558,0.0051
710,1000.0,241.8,94.0623,94.0674,94.0117,0.0505,0.0556,0.0051
711,999.9,260.8,94.0662,94.0713,94.0158,0.0504,0.0555,0.0051
712,1000.2,262.4,94.0701,94.0752,94.0197,0.0504,0.0555,0.0051
713,999.7,276.5,94.0741,94.0792,94.0237,0.0503,0.0554,0.0051
714,1000.5,252.6,94.0780,94.0831,94.0275,0.0505,0.0556,0.0051
715,999.2,259.7,94.0819,94.0870,94.0311,0.0508,0.0559,0.0051
716,1000.9,259.9,94.0858,94.0909,94.0346,0.0512,0.0563,0.0051
717,999.5,251.3,94.0897,94.0948,94.0384,0.0513,0.0564,0.0051
718,1000.7,280.5,94.0936,94.0987,94.0419,0.0517,0.0568,0.0051
719,999.4,303.5,94.0975,94.1026,94.0455,0.0520,0.0571,0.0051
720,1000.5,301.7,94.1014,94.1065,94.0493,0.0521,0.0572,0.0051
721,999.5,277.0,94.1053,94.1103,94.0533,0.0519,0.0570,0.0051
722,999.7,256.2,94.1091,94.1142,94.0570,0.0522,0.0572,0.0051
723,1000.1,265.5,94.1130,94.1181,94.0605,0.0525,0.0576,0.0051
724,999.9,270.3,94.1169,94.1219,94.0637,0.0531,0.0582,0.0051
725,999.7,242.2,94.1207,94.1258,94.0673,0.0534,0.0585,0.0051
726,1001.0,271.5,94.1246,94.1296,94.0706,0.0540,0.0590,0.0051
727,999.3,270.1,94.1284,94.1335,94.0739,0.0545,0.0595,0.0051
728,999.9,261.9,94.1322,94.1373,94.0772,0.0550,0.0601,0.0051
729,1000.1,259.9,94.1361,94.1411,94.0806,0.0555,0.0606,0.0051
730,999.9,255.7,94.1399,94.1449,94.0842,0.0557,0.0608,0.0051
731,999.9,263.6,94.1437,94.1488,94.0876,0.0561,0.0612,0.0050
732,999.7,258.7,94.1475,94.1526,94.0910,0.0565,0.0615,0.0050
733,1000.4,270.9,94.1513,94.1564,94.0949,0.0565,0.0615,0.0050
734,1000.0,250.0,94.1551,94.1602,94.0986,0.0566,0.0616,0.0050
735,999.5,258.3,94.1589,94.1640,94.1024,0.0565,0.0616,0.0050
736,1000.4,271.0,94.1627,94.1677,94.1062,0.0565,0.0615,0.0050
737,1000.0,248.1,94.1665,94.1715,94.1102,0.0563,0.0613,0.0050
738,999.9,272.1,94.1703,94.1753,94.1138,0.0564,0.0615,0.0050
739,1000.2,264.5,94.1740,94.1790,94.1174,0.0567,0.0617,0.0050
740,1000.0,244.6,94.1778,94.1828,94.1210,0.0568,0.0618,0.0050
741,999.9,272.5,94.1815,94.1865,94.1250,0.0565,0.0616,0.0050
742,999.8,252.3,94.1853,94.1903,94.1289,0.0564,0.0614,0.0050
743,1001.0,274.6,94.1890,94.1940,94.1329,0.0561,0.0611,0.0050
744,999.3,299.0,94.1928,94.1978,94.1370,0.0558,0.0608,0.0050
745,999.4,303.6,94.1965,94.2015,94.1415,0.0550,0.0600,0.0050
746,1000.5,261.8,94.2002,94.2052,94.1458,0.0544,0.0594,0.0050
747,999.9,263.3,94.2039,94.2089,94.1500,0.0539,0.0589,0.0050
748,1000.1,260.1,94.2076,94.2126,94.1544,0.0533,0.0583,0.0050
749,1000.1,252.7,94.2113,94.2163,94.1590,0.0524,0.0574,0.0050
750,1000.2,258.5,94.2150,94.2200,94.1632,0.0518,0.0568,0.0050
751,999.7,263.1,94.2187,94.2237,94.1675,0.0512,0.0562,0.0050
752,999.7,250.2,94.2224,94.2274,94.1719,0.0505,0.0555,0.0050
753,1000.2,270.2,94.2261,94.2311,94.1766,0.0495,0.0545,0.0050
754,1000.3,255.2,94.2298,94.2347,94.1810,0.0488,0.0538,0.0050
755,999.4,297.1,94.2334,94.2384,94.1854,0.0480,0.0529,0.0050
756,1000.3,292.1,94.2371,94.2420,94.1899,0.0472,0.0522,0.0050
757,1001.1,273.3,94.2407,94.2457,94.1945,0.0462,0.0511,0.0050
758,999.0,280.6,94.2444,94.2493,94.1989,0.0455,0.0505,0.0050
759,999.9,271.3,94.2480,94.2530,94.2031,0.0449,0.0499,0.0050
760,1000.1,242.7,94.2516,94.2566,94.2071,0.0445,0.0495,0.0050
761,999.9,270.5,94.2553,94.2602,94.2113,0.0440,0.0489,0.0050
762,999.7,257.2,94.2589,94.2638,94.2150,0.0439,0.0489,0.0049
763,1000.4,255.7,94.2625,94.2674,94.2188,0.0437,0.0486,0.0049
764,999.9,259.3,94.2661,94.2710,94.2227,0.0434,0.0483,0.0049
765,999.7,250.6,94.2697,94.2746,94.2270,0.0427,0.0477,0.0049
766,1000.2,257.2,94.2733,94.2782,94.2310,0.0423,0.0472,0.0049
767,1000.2,258.9,94.2769,94.2818,94.2351,0.0418,0.0467,0.0049
768,999.9,272.6,94.2805,94.2854,94.2392,0.0413,0.0462,0.0049
769,1000.3,292.3,94.2840,94.2890,94.2437,0.0404,0.0453,0.0049
770,999.8,306.6,94.2876,94.2925,94.2477,0.0399,0.0448,0.0049
771,1000.0,271.8,94.2912,94.2961,94.2517,0.0395,0.0444,0.0049
772,999.7,256.5,94.2947,94.2996,94.2556,0.0391,0.0440,0.0049
773,1000.3,275.0,94.2983,94.3032,94.2598,0.0385,0.0434,0.0049
774,1000.5,253.1,94.3018,94.3067,94.2636,0.0382,0.0431,0.0049
775,999.1,248.7,94.3053,94.3103,94.2676,0.0378,0.0427,0.0049
776,1000.4,275.8,94.3089,94.3138,94.2717,0.0372,0.0421,0.0049
777,999.9,249.4,94.3124,94.3173,94.2761,0.0363,0.0412,0.0049
778,1000.0,257.0,94.3159,94.3208,94.2802,0.0357,0.0406,0.0049
779,1000.0,263.7,94.3194,94.3243,94.2841,0.0353,0.0402,0.0049
780,1000.0,241.0,94.3229,94.3278,94.2879,0.0350,0.0399,0.0049
781,1000.0,271.3,94.3264,94.3313,94.2919,0.0345,0.0394,0.0049
782,999.6,259.8,94.3299,94.3348,94.2954,0.0345,0.0394,0.0049
783,1000.3,253.2,94.3334,94.3383,94.2989,0.0345,0.0394,0.0049
784,999.9,261.0,94.3369,94.3417,94.3024,0.0345,0.0394,0.0049
785,999.8,257.3,94.3403,94.3452,94.3061,0.0342,0.0391,0.0049
786,1000.2,260.0,94.3438,94.3487,94.3096,0.0342,0.0391,0.0049
787,1000.2,262.1,94.3473,94.3521,94.3130,0.0343,0.0391,0.0049
788,999.9,279.8,94.3507,94.3556,94.3163,0.0345,0.0393,0.0049
789,1000.1,264.1,94.3541,94.3590,94.3196,0.0346,0.0394,0.0049
790,999.9,263.5,94.3576,94.3624,94.3226,0.0350,0.0398,0.0049
791,999.9,279.2,94.3610,94.3659,94.3256,0.0354,0.0402,0.0049
792,999.7,249.4,94.3644,94.3693,94.3286,0.0358,0.0407,0.0049
793,1000.6,271.8,94.3679,94.3727,94.3318,0.0361,0.0409,0.0048
794,999.8,307.7,94.3713,94.3761,94.3345,0.0367,0.0416,0.0048
795,999.5,280.7,94.3747,94.3795,94.3370,0.0376,0.0425,0.0048
796,1000.3,273.0,94.3781,94.3829,94.3394,0.0387,0.0435,0.0048
797,1000.1,259.7,94.3815,94.3863,94.3419,0.0396,0.0444,0.0048
798,1000.0,260.0,94.3848,94.3897,94.3442,0.0406,0.0455,0.0048
799,1000.0,261.6,94.3882,94.3930,94.3467,0.0415,0.0463,0.0048
800,1000.1,243.6,94.3916,94.3964,94.3494,0.0422,0.0470,0.0048
801,1000.1,259.2,94.3949,94.3998,94.3524,0.0426,0.0474,0.0048
802,999.7,261.3,94.3983,94.4031,94.3551,0.0432,0.0480,0.0048
803,1000.3,254.6,94.4017,94.4065,94.3578,0.0438,0.0486,0.0048
804,999.9,256.6,94.4050,94.4098,94.3606,0.0444,0.0492,0.0048
805,999.6,264.7,94.4083,94.4131,94.3642,0.0442,0.0490,0.0048
806,1000.5,258.7,94.4117,94.4165,94.3666,0.0451,0.0499,0.0048
807,1000.0,255.6,94.4150,94.4198,94.3698,0.0452,0.0500,0.0048
808,999.9,271.7,94.4183,94.4231,94.3726,0.0457,0.0505,0.0048
809,1000.2,253.6,94.4216,94.4264,94.3757,0.0460,0.0507,0.0048
810,999.7,244.6,94.4249,94.4297,94.3784,0.0465,0.0513,0.0048
811,1000.3,279.4,94.4282,94.4330,94.3813,0.0469,0.0517,0.0048
812,999.6,253.4,94.4315,94.4363,94.3841,0.0474,0.0522,0.0048
813,1000.2,267.1,94.4348,94.4396,94.3871,0.0477,0.0525,0.0048
814,1000.1,261.0,94.4381,94.4428,94.3900,0.0481,0.0528,0.0048
815,999.9,240.9,94.4413,94.4461,94.3930,0.0483,0.0531,0.0048
816,1000.0,269.4,94.4446,94.4494,94.3960,0.0486,0.0534,0.0048
817,1000.0,258.2,94.4479,94.4526,94.3994,0.0484,0.0532,0.0048
818,1000.0,269.1,94.4511,94.4559,94.4027,0.0484,0.0532,0.0048
819,1002.1,293.1,94.4543,94.4591,94.4060,0.0483,0.0531,0.0048
820,998.2,300.7,94.4576,94.4623,94.4094,0.0482,0.0530,0.0048
821,999.8,276.0,94.4608,94.4656,94.4130,0.0478,0.0526,0.0048
822,999.6,263.6,94.4640,94.4688,94.4163,0.0478,0.0525,0.0048
823,1000.3,273.5,94.4672,94.4720,94.4195,0.0478,0.0525,0.0047
824,1000.0,249.7,94.4705,94.4752,94.4227,0.0478,0.0525,0.0047
825,999.6,259.1,94.4737,94.4784,94.4261,0.0475,0.0523,0.0047
826,1000.2,272.2,94.4768,94.4816,94.4261,0.0507,0.0554,0.0047
827,1000.2,250.5,94.4800,94.4848,94.4293,0.0507,0.0555,0.0047
828,999.9,266.5,94.4832,94.4879,94.4325,0.0508,0.0555,0.0047
829,1000.3,254.2,94.4864,94.4911,94.4356,0.0508,0.0555,0.0047
830,999.8,241.4,94.4896,94.4943,94.4392,0.0503,0.0551,0.0047
831,1000.0,296.5,94.4927,94.4974,94.4428,0.0500,0.0547,0.0047
832,999.6,303.2,94.4959,94.5006,94.4464,0.0495,0.0542,0.0047
833,1000.3,267.7,94.4990,94.5037,94.4502,0.0488,0.0536,0.0047
834,1000.1,266.3,94.5022,94.5069,94.4542,0.0480,0.0527,0.0047
835,999.7,240.9,94.5053,94.5100,94.4577,0.0476,0.0523,0.0047
836,1000.4,264.9,94.5084,94.5131,94.4612,0.0472,0.0519,0.0047
837,1000.0,265.3,94.5115,94.5162,94.4646,0.0470,0.0517,0.0047
838,1000.0,253.2,94.5147,94.5194,94.4681,0.0465,0.0512,0.0047
839,1000.0,253.1,94.5178,94.5225,94.4713,0.0464,0.0511,0.0047
840,999.8,259.0,94.5209,94.5256,94.4745,0.0464,0.0511,0.0047
841,1000.3,260.6,94.5240,94.5286,94.4776,0.0463,0.0510,0.0047
842,999.6,258.3,94.5270,94.5317,94.4811,0.0459,0.0506,0.0047
843,1000.2,265.9,94.5301,94.5348,94.4844,0.0457,0.0504,0.0047
844,1000.0,291.0,94.5332,94.5379,94.4877,0.0455,0.0501,0.0047
845,999.7,306.1,94.5363,94.5409,94.4912,0.0451,0.0498,0.0047
846,1000.3,281.2,94.5393,94.5440,94.4950,0.0443,0.0490,0.0047
847,1000.0,256.6,94.5424,94.5470,94.4985,0.0439,0.0486,0.0047
848,1000.0,270.6,94.5454,94.5501,94.5019,0.0435,0.0482,0.0047
849,1000.1,263.0,94.5484,94.5531,94.5054,0.0431,0.0477,0.0047
850,999.8,242.1,94.5515,94.5561,94.5091,0.0424,0.0470,0.0047
851,1000.0,274.0,94.5545,94.5592,94.5125,0.0420,0.0466,0.0047
852,999.6,265.4,94.5575,94.5622,94.5158,0.0417,0.0464,0.0046
853,1000.4,261.7,94.5605,94.5652,94.5191,0.0415,0.0461,0.0046
854,1000.0,260.8,94.5635,94.5682,94.5226,0.0409,0.0456,0.0046
855,999.4,239.6,94.5665,94.5712,94.5259,0.0406,0.0452,0.0046
856,1000.5,254.4,94.5695,94.5741,94.5293,0.0402,0.0449,0.0046
857,1000.2,265.0,94.5725,94.5771,94.5327,0.0398,0.0444,0.0046
858,1000.1,269.6,94.5755,94.5801,94.5365,0.0390,0.0436,0.0046
859,999.6,251.6,94.5784,94.5831,94.5399,0.0385,0.0432,0.0046
860,1001.2,260.7,94.5814,94.5860,94.5433,0.0381,0.0427,0.0046
861,999.2,262.1,94.5844,94.5890,94.5467,0.0377,0.0423,0.0046
862,999.9,252.2,94.5873,94.5919,94.5502,0.0371,0.0417,0.0046
863,1000.0,273.8,94.5902,94.5949,94.5536,0.0367,0.0413,0.0046
864,999.8,249.4,94.5932,94.5978,94.5568,0.0364,0.0410,0.0046
865,1001.7,243.4,94.5961,94.6007,94.5600,0.0361,0.0408,0.0046
866,998.2,269.3,94.5990,94.6036,94.5634,0.0356,0.0402,0.0046
867,1000.2,248.6,94.6019,94.6065,94.5666,0.0353,0.0399,0.0046
868,999.8,284.3,94.6048,94.6094,94.5698,0.0351,0.0397,0.0046
869,1000.0,332.3,94.6077,94.6123,94.5730,0.0348,0.0393,0.0046
870,1000.0,307.5,94.6106,94.6152,94.5764,0.0342,0.0388,0.0046
871,1000.1,312.3,94.6135,94.6181,94.5796,0.0339,0.0385,0.0046
872,999.6,252.7,94.6164,94.6210,94.5828,0.0335,0.0381,0.0046
873,1000.4,304.1,94.6193,94.6238,94.5860,0.0333,0.0379,0.0046
874,999.9,303.1,94.6221,94.6267,94.5892,0.0330,0.0375,0.0046
875,1000.0,290.9,94.6250,94.6295,94.5921,0.0329,0.0374,0.0046
876,1003.6,277.1,94.6278,94.6324,94.5950,0.0328,0.0374,0.0046
877,996.7,269.1,94.6307,94.6352,94.5978,0.0329,0.0375,0.0046
878,999.8,274.1,94.6335,94.6381,94.6006,0.0329,0.0375,0.0046
879,999.8,251.4,94.6363,94.6409,94.6031,0.0332,0.0378,0.0046
880,999.9,255.2,94.6392,94.6437,94.6056,0.0336,0.0381,0.0045
881,1000.2,269.9,94.6420,94.6465,94.6080,0.0339,0.0385,0.0045
882,999.7,249.4,94.6448,94.6493,94.6107,0.0341,0.0386,0.0045
883,1000.3,270.6,94.6476,94.6521,94.6133,0.0343,0.0388,0.0045
884,999.8,267.5,94.6504,94.6549,94.6160,0.0343,0.0389,0.0045
885,1000.2,247.7,94.6531,94.6577,94.6188,0.0344,0.0389,0.0045
886,999.9,270.8,94.6559,94.6605,94.6216,0.0343,0.0389,0.0045
887,1000.0,251.5,94.6587,94.6632,94.6242,0.0345,0.0390,0.0045
888,999.9,256.0,94.6615,94.6660,94.6269,0.0346,0.0391,0.0045
889,1000.0,272.6,94.6642,94.6687,94.6296,0.0346,0.0391,0.0045
890,1000.1,243.8,94.6670,94.6715,94.6326,0.0344,0.0389,0.0045
891,1000.0,257.2,94.6697,94.6742,94.6351,0.0346,0.0391,0.0045
892,999.6,260.7,94.6724,94.6770,94.6375,0.0349,0.0394,0.0045
893,1005.3,274.2,94.6752,94.6797,94.6399,0.0353,0.0398,0.0045
894,996.8,296.1,94.6779,94.6824,94.6424,0.0355,0.0400,0.0045
895,998.5,307.1,94.6806,94.6851,94.6448,0.0358,0.0403,0.0045
896,1002.9,280.3,94.6833,94.6878,94.6473,0.0361,0.0405,0.0045
897,999.8,263.7,94.6860,94.6905,94.6499,0.0361,0.0406,0.0045
898,999.9,283.8,94.6887,94.6932,94.6527,0.0360,0.0405,0.0045
899,999.8,261.2,94.6914,94.6959,94.6553,0.0361,0.0405,0.0045
900,999.7,267.7,94.6941,94.6986,94.6580,0.0361,0.0406,0.0045
901,1002.4,292.0,94.6968,94.7012,94.6608,0.0360,0.0404,0.0045
902,998.4,267.9,94.6994,94.7039,94.6638,0.0356,0.0400,0.0045
903,999.5,276.6,94.7021,94.7065,94.6667,0.0353,0.0398,0.0045
904,998.4,269.3,94.7047,94.7092,94.6696,0.0351,0.0396,0.0045
905,1000.1,251.2,94.7074,94.7118,94.6725,0.0349,0.0393,0.0045
906,1001.9,278.1,94.7100,94.7145,94.6756,0.0344,0.0389,0.0045
907,1000.2,313.7,94.7126,94.7171,94.6783,0.0343,0.0388,0.0045
908,1000.5,296.0,94.7153,94.7197,94.6810,0.0342,0.0387,0.0044
909,999.5,290.8,94.7179,94.7223,94.6838,0.0341,0.0385,0.0044
910,999.5,268.8,94.7205,94.7249,94.6868,0.0336,0.0381,0.0044
911,1001.5,272.8,94.7231,94.7275,94.6896,0.0335,0.0379,0.0044
912,998.5,293.5,94.7257,94.7301,94.6921,0.0335,0.0380,0.0044
913,1001.2,284.9,94.7283,94.7327,94.6947,0.0335,0.0379,0.0044
914,999.7,265.7,94.7308,94.7353,94.6976,0.0333,0.0377,0.0044
915,1000.3,270.2,94.7334,94.7378,94.7002,0.0332,0.0376,0.0044
916,999.9,288.5,94.7360,94.7404,94.7030,0.0330,0.0374,0.0044
917,999.9,272.9,94.7385,94.7429,94.7059,0.0326,0.0370,0.0044
918,998.4,287.2,94.7411,94.7455,94.7090,0.0321,0.0365,0.0044
919,999.4,313.6,94.7436,94.7480,94.7120,0.0316,0.0361,0.0044
920,1001.4,304.9,94.7462,94.7506,94.7148,0.0313,0.0358,0.0044
921,1000.9,307.4,94.7487,94.7531,94.7175,0.0312,0.0356,0.0044
922,998.8,297.0,94.7512,94.7556,94.7201,0.0311,0.0355,0.0044
923,999.4,288.5,94.7537,94.7581,94.7229,0.0308,0.0352,0.0044
924,1001.2,288.0,94.7562,94.7606,94.7255,0.0307,0.0351,0.0044
925,1000.4,271.4,94.7587,94.7631,94.7281,0.0307,0.0351,0.0044
926,998.6,287.0,94.7612,94.7656,94.7306,0.0306,0.0350,0.0044
927,1001.5,280.8,94.7637,94.7681,94.7332,0.0305,0.0349,0.0044
928,999.2,278.7,94.7662,94.7705,94.7355,0.0307,0.0351,0.0044
929,1000.1,280.8,94.7686,94.7730,94.7378,0.0308,0.0352,0.0044
930,998.9,295.0,94.7711,94.7755,94.7402,0.0310,0.0353,0.0044
931,1000.2,291.0,94.7736,94.7779,94.7428,0.0308,0.0352,0.0044
932,1001.0,298.9,94.7760,94.7804,94.7452,0.0308,0.0352,0.0044
933,1002.7,304.4,94.7784,94.7828,94.7476,0.0309,0.0352,0.0044
934,996.9,260.8,94.7809,94.7852,94.7500,0.0309,0.0353,0.0044
935,999.2,263.0,94.7833,94.7877,94.7527,0.0306,0.0349,0.0044
936,998.3,270.5,94.7857,94.7901,94.7554,0.0303,0.0347,0.0043
937,1000.3,251.4,94.7881,94.7925,94.7581,0.0300,0.0344,0.0043
938,999.9,275.7,94.7905,94.7949,94.7608,0.0297,0.0341,0.0043
939,999.9,264.4,94.7929,94.7973,94.7637,0.0292,0.0336,0.0043
940,999.9,241.7,94.7953,94.7997,94.7665,0.0289,0.0332,0.0043
941,999.9,269.5,94.7977,94.8020,94.7693,0.0284,0.0327,0.0043
942,999.8,261.1,94.8001,94.8044,94.7720,0.0281,0.0324,0.0043
943,1000.3,261.0,94.8025,94.8068,94.7748,0.0276,0.0320,0.0043
944,1001.6,317.0,94.8048,94.8091,94.7773,0.0275,0.0318,0.0043
945,1006.0,333.0,94.8072,94.8115,94.7799,0.0272,0.0315,0.0043
946,996.7,290.0,94.8095,94.8138,94.7827,0.0268,0.0311,0.0043
947,999.4,277.7,94.8119,94.8162,94.7858,0.0261,0.0304,0.0043
948,1000.7,286.1,94.8142,94.8185,94.7886,0.0256,0.0299,0.0043
949,996.9,267.1,94.8165,94.8208,94.7913,0.0252,0.0295,0.0043
950,1001.9,267.1,94.8188,94.8231,94.7940,0.0248,0.0291,0.0043
951,999.4,276.8,94.8211,94.8254,94.7968,0.0243,0.0286,0.0043
952,997.3,256.4,94.8234,94.8277,94.7994,0.0240,0.0283,0.0043
953,999.9,272.3,94.8257,94.8300,94.8022,0.0236,0.0278,0.0043
954,1000.0,251.9,94.8280,94.8323,94.8049,0.0231,0.0274,0.0043
955,1000.0,249.4,94.8303,94.8346,94.8078,0.0225,0.0267,0.0043
956,1000.0,271.7,94.8326,94.8368,94.8105,0.0221,0.0264,0.0043
957,1007.0,261.4,94.8348,94.8391,94.8130,0.0219,0.0261,0.0043
958,993.0,266.7,94.8371,94.8414,94.8154,0.0217,0.0260,0.0043
959,1000.0,263.3,94.8393,94.8436,94.8180,0.0214,0.0256,0.0043
960,999.9,243.1,94.8416,94.8459,94.8203,0.0213,0.0256,0.0043
961,999.9,266.1,94.8438,94.8481,94.8224,0.0214,0.0256,0.0043
962,1001.8,267.8,94.8461,94.8503,94.8246,0.0214,0.0257,0.0043
963,1006.6,277.6,94.8483,94.8525,94.8269,0.0214,0.0256,0.0042
964,997.1,282.6,94.8505,94.8547,94.8292,0.0213,0.0255,0.0042
965,996.5,272.2,94.8527,94.8569,94.8316,0.0211,0.0253,0.0042
966,1000.9,273.0,94.8549,94.8591,94.8340,0.0209,0.0252,0.0042
967,998.4,270.2,94.8571,94.8613,94.8363,0.0208,0.0250,0.0042
968,999.1,276.0,94.8593,94.8635,94.8385,0.0208,0.0250,0.0042
969,999.7,286.7,94.8614,94.8657,94.8407,0.0208,0.0250,0.0042
970,999.9,306.4,94.8636,94.8678,94.8429,0.0207,0.0249,0.0042
971,999.9,281.4,94.8658,94.8700,94.8454,0.0204,0.0246,0.0042
972,999.8,249.3,94.8679,94.8721,94.8476,0.0204,0.0246,0.0042
973,1000.4,278.2,94.8701,94.8743,94.8496,0.0205,0.0247,0.0042
974,999.7,253.1,94.8722,94.8764,94.8514,0.0208,0.0250,0.0042
975,1000.1,240.8,94.8743,94.8786,94.8534,0.0209,0.0251,0.0042
976,1000.6,270.5,94.8765,94.8807,94.8552,0.0213,0.0255,0.0042
977,1000.7,254.7,94.8786,94.8828,94.8570,0.0216,0.0258,0.0042
978,1001.8,278.4,94.8807,94.8849,94.8588,0.0219,0.0261,0.0042
979,998.6,267.6,94.8828,94.8870,94.8611,0.0217,0.0259,0.0042
980,999.3,260.0,94.8849,94.8891,94.8631,0.0218,0.0260,0.0042
981,1004.4,283.9,94.8870,94.8912,94.8649,0.0221,0.0263,0.0042
982,997.0,271.1,94.8891,94.8932,94.8668,0.0222,0.0264,0.0042
983,1000.2,261.1,94.8911,94.8953,94.8686,0.0225,0.0267,0.0042
984,1001.0,305.1,94.8932,94.8974,94.8704,0.0228,0.0270,0.0042
985,998.5,307.9,94.8953,94.8994,94.8722,0.0230,0.0272,0.0042
986,999.0,271.5,94.8973,94.9015,94.8740,0.0233,0.0275,0.0042
987,999.1,269.8,94.8994,94.9035,94.8760,0.0233,0.0275,0.0042
988,999.9,280.9,94.9014,94.9055,94.8779,0.0235,0.0276,0.0042
989,1000.0,259.1,94.9034,94.9076,94.8799,0.0235,0.0277,0.0042
990,999.7,262.4,94.9054,94.9096,94.8819,0.0235,0.0277,0.0041
991,1000.3,270.6,94.9074,94.9116,94.8842,0.0232,0.0274,0.0041
992,999.9,255.1,94.9095,94.9136,94.8863,0.0232,0.0273,0.0041
993,1000.0,280.5,94.9115,94.9156,94.8884,0.0231,0.0272,0.0041
994,1000.3,268.7,94.9134,94.9176,94.8905,0.0230,0.0271,0.0041
995,1005.0,314.7,94.9154,94.9196,94.8927,0.0227,0.0268,0.0041
996,997.0,298.0,94.9174,94.9215,94.8947,0.0227,0.0269,0.0041
997,999.2,273.2,94.9194,94.9235,94.8966,0.0227,0.0269,0.0041
998,999.5,270.9,94.9213,94.9254,94.8986,0.0227,0.0269,0.0041
999,1004.3,280.9,94.9233,94.9274,94.9006,0.0227,0.0268,0.0041
1000,996.9,271.0,94.9252,94.9293,94.9027,0.0225,0.0267,0.0041
1001,998.7,265.5,94.9272,94.9313,94.9047,0.0225,0.0266,0.0041
1002,999.1,264.5,94.9291,94.9332,94.9066,0.0225,0.0266,0.0041
1003,1000.1,259.7,94.9310,94.9351,94.9085,0.0226,0.0267,0.0041
1004,1000.5,265.4,94.9329,94.9370,94.9085,0.0245,0.0286,0.0041
1005,999.5,283.7,94.9348,94.9389,94.9103,0.0246,0.0287,0.0041
1006,1000.5,265.4,94.9367,94.9408,94.9123,0.0245,0.0286,0.0041
1007,999.5,251.2,94.9386,94.9427,94.9142,0.0244,0.0285,0.0041
1008,1000.6,278.8,94.9405,94.9446,94.9162,0.0243,0.0284,0.0041
1009,999.6,248.2,94.9424,94.9465,94.9183,0.0241,0.0281,0.0041
1010,1000.3,249.8,94.9443,94.9483,94.9205,0.0238,0.0279,0.0041
1011,1009.1,289.9,94.9461,94.9502,94.9226,0.0235,0.0276,0.0041
1012,991.9,265.4,94.9480,94.9521,94.9248,0.0232,0.0272,0.0041
1013,1000.0,268.1,94.9498,94.9539,94.9270,0.0228,0.0268,0.0041
1014,1000.1,272.7,94.9517,94.9557,94.9291,0.0226,0.0266,0.0041
1015,1001.9,255.8,94.9535,94.9576,94.9311,0.0224,0.0264,0.0041
1016,999.3,275.7,94.9553,94.9594,94.9332,0.0222,0.0262,0.0041
1017,999.4,282.4,94.9571,94.9612,94.9353,0.0219,0.0259,0.0040
1018,1001.7,287.6,94.9590,94.9630,94.9371,0.0219,0.0259,0.0040
1019,996.4,257.2,94.9608,94.9648,94.9389,0.0219,0.0259,0.0040
1020,1000.7,275.6,94.9626,94.9666,94.9406,0.0220,0.0260,0.0040
1021,1002.2,310.9,94.9643,94.9684,94.9425,0.0218,0.0258,0.0040
1022,998.0,266.0,94.9661,94.9701,94.9444,0.0217,0.0258,0.0040
1023,1002.2,318.9,94.9679,94.9719,94.9462,0.0217,0.0257,0.0040
1024,1000.6,316.9,94.9697,94.9737,94.9479,0.0217,0.0258,0.0040
1025,998.6,292.3,94.9714,94.9754,94.9498,0.0216,0.0257,0.0040
1026,997.5,280.4,94.9732,94.9772,94.9515,0.0217,0.0257,0.0040
1027,999.8,258.1,94.9749,94.9789,94.9532,0.0217,0.0258,0.0040
1028,1000.2,274.3,94.9766,94.9806,94.9547,0.0219,0.0259,0.0040
1029,999.9,251.8,94.9784,94.9824,94.9564,0.0219,0.0259,0.0040
1030,1000.0,242.1,94.9801,94.9841,94.9580,0.0221,0.0261,0.0040
1031,1000.0,278.0,94.9818,94.9858,94.9596,0.0222,0.0262,0.0040
1032,1001.4,253.6,94.9835,94.9875,94.9613,0.0222,0.0262,0.0040
1033,998.8,267.4,94.9852,94.9892,94.9632,0.0220,0.0260,0.0040
1034,1004.8,271.9,94.9869,94.9909,94.9650,0.0219,0.0259,0.0040
1035,999.6,258.3,94.9886,94.9925,94.9668,0.0217,0.0257,0.0040
1036,1000.2,272.5,94.9902,94.9942,94.9685,0.0217,0.0257,0.0040
1037,999.8,279.3,94.9919,94.9959,94.9704,0.0215,0.0254,0.0040
1038,1000.1,278.7,94.9936,94.9975,94.9722,0.0214,0.0254,0.0040
1039,997.4,261.4,94.9952,94.9992,94.9740,0.0212,0.0252,0.0040
1040,998.3,259.7,94.9969,95.0008,94.9758,0.0211,0.0250,0.0040
1041,999.9,256.9,94.9985,95.0024,94.9776,0.0209,0.0248,0.0040
1042,1000.6,260.2,95.0001,95.0041,94.9792,0.0209,0.0249,0.0040
1043,1004.9,298.9,95.0017,95.0057,94.9808,0.0209,0.0249,0.0039
1044,998.1,319.8,95.0033,95.0073,94.9823,0.0210,0.0250,0.0039
1045,997.9,328.5,95.0050,95.0089,94.9840,0.0209,0.0249,0.0039
1046,1002.8,302.5,95.0065,95.0105,94.9855,0.0210,0.0250,0.0039
1047,996.8,259.2,95.0081,95.0121,94.9869,0.0212,0.0251,0.0039
1048,999.6,269.9,95.0097,95.0137,94.9884,0.0214,0.0253,0.0039
1049,999.1,263.5,95.0113,95.0152,94.9898,0.0215,0.0254,0.0039
1050,1000.3,242.7,95.0129,95.0168,94.9912,0.0217,0.0256,0.0039
1051,1004.1,291.4,95.0144,95.0183,94.9925,0.0219,0.0258,0.0039
1052,997.0,281.8,95.0160,95.0199,94.9938,0.0222,0.0261,0.0039
1053,1004.6,290.8,95.0175,95.0214,94.9953,0.0222,0.0261,0.0039
1054,998.1,290.5,95.0190,95.0230,94.9968,0.0223,0.0262,0.0039
1055,999.7,260.3,95.0206,95.0245,94.9982,0.0223,0.0263,0.0039
1056,998.0,266.9,95.0221,95.0260,94.9996,0.0224,0.0263,0.0039
1057,1002.4,283.4,95.0236,95.0275,95.0012,0.0224,0.0263,0.0039
1058,998.3,281.0,95.0251,95.0290,95.0026,0.0225,0.0264,0.0039
1059,999.0,268.2,95.0266,95.0305,95.0040,0.0227,0.0265,0.0039
1060,1001.1,312.9,95.0281,95.0320,95.0055,0.0226,0.0265,0.0039
1061,997.7,295.8,95.0296,95.0335,95.0070,0.0226,0.0265,0.0039
1062,1000.8,269.0,95.0311,95.0349,95.0088,0.0223,0.0262,0.0039
1063,999.1,278.8,95.0325,95.0364,95.0104,0.0221,0.0260,0.0039
1064,1001.4,259.2,95.0340,95.0379,95.0120,0.0220,0.0258,0.0039
1065,998.7,246.4,95.0354,95.0393,95.0138,0.0216,0.0255,0.0039
1066,1000.1,280.6,95.0369,95.0407,95.0155,0.0214,0.0253,0.0039
1067,1003.6,265.1,95.0383,95.0422,95.0171,0.0212,0.0250,0.0039
1068,998.9,276.8,95.0397,95.0436,95.0188,0.0210,0.0248,0.0039
1069,999.6,318.4,95.0412,95.0450,95.0206,0.0206,0.0244,0.0038
1070,1002.3,316.8,95.0426,95.0464,95.0223,0.0203,0.0242,0.0038
1071,996.0,268.2,95.0440,95.0478,95.0239,0.0201,0.0239,0.0038
1072,1009.3,285.8,95.0454,95.0492,95.0255,0.0198,0.0237,0.0038
1073,995.4,266.9,95.0468,95.0506,95.0273,0.0195,0.0233,0.0038
1074,1000.3,274.2,95.0482,95.0520,95.0289,0.0193,0.0231,0.0038
1075,996.9,267.9,95.0495,95.0534,95.0304,0.0191,0.0230,0.0038
1076,999.8,269.8,95.0509,95.0547,95.0319,0.0190,0.0229,0.0038
1077,998.1,267.1,95.0523,95.0561,95.0335,0.0188,0.0226,0.0038
1078,1000.1,266.6,95.0536,95.0574,95.0350,0.0186,0.0224,0.0038
1079,999.7,255.3,95.0549,95.0588,95.0366,0.0183,0.0222,0.0038
1080,1000.0,257.7,95.0563,95.0601,95.0380,0.0183,0.0221,0.0038
1081,1000.0,270.3,95.0576,95.0614,95.0396,0.0181,0.0219,0.0038
1082,1000.0,250.5,95.0589,95.0627,95.0410,0.0179,0.0217,0.0038
1083,999.8,272.1,95.0602,95.0640,95.0425,0.0178,0.0216,0.0038
1084,1002.0,265.4,95.0616,95.0653,95.0440,0.0176,0.0214,0.0038
1085,1001.1,258.5,95.0628,95.0666,95.0455,0.0174,0.0212,0.0038
1086,1000.5,294.4,95.0641,95.0679,95.0469,0.0172,0.0210,0.0038
1087,999.6,268.0,95.0654,95.0692,95.0484,0.0170,0.0208,0.0038
1088,997.6,267.2,95.0667,95.0705,95.0499,0.0168,0.0206,0.0038
1089,1000.4,266.1,95.0680,95.0717,95.0515,0.0164,0.0202,0.0038
1090,1003.6,262.8,95.0692,95.0730,95.0530,0.0163,0.0200,0.0038
1091,996.9,273.5,95.0705,95.0742,95.0544,0.0160,0.0198,0.0038
1092,998.7,273.7,95.0717,95.0755,95.0560,0.0157,0.0195,0.0038
1093,999.8,260.9,95.0729,95.0767,95.0578,0.0152,0.0190,0.0038
1094,1000.6,284.9,95.0742,95.0779,95.0594,0.0148,0.0185,0.0038
1095,999.0,266.6,95.0754,95.0791,95.0610,0.0144,0.0181,0.0037
1096,1000.3,264.7,95.0766,95.0804,95.0626,0.0140,0.0177,0.0037
1097,1001.1,253.9,95.0778,95.0816,95.0643,0.0135,0.0172,0.0037
1098,999.7,272.2,95.0790,95.0827,95.0660,0.0130,0.0168,0.0037
1099,1000.0,260.8,95.0802,95.0839,95.0675,0.0127,0.0164,0.0037
1100,1002.4,267.1,95.0814,95.0851,95.0690,0.0123,0.0161,0.0037
1101,998.8,283.3,95.0826,95.0863,95.0706,0.0120,0.0157,0.0037
1102,1001.4,266.4,95.0837,95.0874,95.0719,0.0118,0.0155,0.0037
1103,998.1,278.0,95.0849,95.0886,95.0732,0.0116,0.0154,0.0037
1104,1000.0,270.4,95.0860,95.0897,95.0745,0.0115,0.0153,0.0037
1105,1004.0,256.9,95.0872,95.0909,95.0759,0.0113,0.0150,0.0037
1106,994.8,274.6,95.0883,95.0920,95.0771,0.0112,0.0149,0.0037
1107,1000.3,265.3,95.0894,95.0931,95.0785,0.0110,0.0147,0.0037
1108,999.3,254.6,95.0906,95.0943,95.0798,0.0108,0.0145,0.0037
1109,1000.7,269.2,95.0917,95.0954,95.0811,0.0105,0.0142,0.0037
1110,999.4,256.5,95.0928,95.0965,95.0823,0.0104,0.0141,0.0037
1111,1000.5,266.7,95.0939,95.0975,95.0836,0.0103,0.0140,0.0037
1112,999.6,258.6,95.0950,95.0986,95.0848,0.0101,0.0138,0.0037
1113,999.9,272.8,95.0960,95.0997,95.0864,0.0097,0.0133,0.0037
1114,999.8,250.8,95.0971,95.1008,95.0877,0.0094,0.0131,0.0037
1115,1000.9,262.6,95.0982,95.1018,95.0890,0.0091,0.0128,0.0037
1116,1001.0,283.9,95.0992,95.1029,95.0904,0.0088,0.0125,0.0037
1117,1003.3,269.8,95.1003,95.1039,95.0919,0.0084,0.0121,0.0037
1118,995.3,281.0,95.1013,95.1050,95.0932,0.0081,0.0117,0.0037
1119,1000.4,239.6,95.1023,95.1060,95.0945,0.0079,0.0115,0.0037
1120,1000.1,306.1,95.1034,95.1070,95.0957,0.0077,0.0113,0.0037
1121,1001.5,286.7,95.1044,95.1080,95.0969,0.0075,0.0111,0.0036
1122,1000.8,256.0,95.1054,95.1090,95.0982,0.0072,0.0108,0.0036
1123,997.5,263.7,95.1064,95.1100,95.0994,0.0070,0.0106,0.0036
1124,999.5,269.3,95.1074,95.1110,95.1007,0.0067,0.0103,0.0036
1125,1001.1,249.8,95.1084,95.1120,95.1020,0.0064,0.0101,0.0036
1126,998.2,256.4,95.1094,95.1130,95.1032,0.0062,0.0098,0.0036
1127,1000.7,262.4,95.1103,95.1140,95.1042,0.0061,0.0097,0.0036
1128,999.3,251.5,95.1113,95.1149,95.1053,0.0060,0.0096,0.0036
1129,1001.1,262.7,95.1123,95.1159,95.1066,0.0057,0.0093,0.0036
1130,1000.0,258.8,95.1132,95.1168,95.1076,0.0056,0.0092,0.0036
1131,1000.0,215.1,95.1141,95.1178,95.1087,0.0055,0.0091,0.0036
1132,1012.9,267.6,95.1151,95.1187,95.1097,0.0054,0.0090,0.0036
1133,992.0,295.8,95.1160,95.1196,95.1107,0.0053,0.0089,0.0036
1134,996.4,263.9,95.1169,95.1205,95.1115,0.0054,0.0090,0.0036
1135,1003.6,272.1,95.1178,95.1214,95.1124,0.0055,0.0091,0.0036
1136,996.0,262.4,95.1187,95.1223,95.1132,0.0055,0.0091,0.0036
1137,1001.4,305.9,95.1196,95.1232,95.1141,0.0055,0.0091,0.0036
1138,999.5,305.6,95.1205,95.1241,95.1149,0.0056,0.0092,0.0036
1139,998.8,310.4,95.1214,95.1250,95.1157,0.0057,0.0093,0.0036
1140,1000.0,257.8,95.1223,95.1258,95.1166,0.0057,0.0093,0.0036
1141,998.7,269.4,95.1231,95.1267,95.1175,0.0056,0.0092,0.0036
1142,999.8,258.5,95.1240,95.1275,95.1183,0.0057,0.0093,0.0036
1143,1000.1,267.8,95.1248,95.1284,95.1190,0.0058,0.0094,0.0036
1144,1000.2,257.1,95.1257,95.1292,95.1198,0.0059,0.0094,0.0036
1145,1000.7,250.5,95.1265,95.1300,95.1206,0.0059,0.0094,0.0036
1146,998.9,265.2,95.1273,95.1309,95.1213,0.0060,0.0095,0.0036
1147,1000.5,273.7,95.1281,95.1317,95.1220,0.0062,0.0097,0.0035
1148,1006.1,294.2,95.1289,95.1325,95.1227,0.0063,0.0098,0.0035
1149,997.4,282.9,95.1297,95.1333,95.1236,0.0061,0.0096,0.0035
1150,998.9,270.9,95.1305,95.1341,95.1243,0.0062,0.0097,0.0035
1151,1006.2,291.4,95.1313,95.1348,95.1251,0.0062,0.0097,0.0035
1152,996.0,266.8,95.1321,95.1356,95.1260,0.0061,0.0096,0.0035
1153,997.2,283.3,95.1328,95.1364,95.1266,0.0062,0.0097,0.0035
1154,998.4,252.3,95.1336,95.1371,95.1274,0.0062,0.0097,0.0035
1155,1000.3,249.5,95.1344,95.1379,95.1282,0.0061,0.0096,0.0035
1156,999.5,281.3,95.1351,95.1386,95.1289,0.0062,0.0097,0.0035
1157,1000.8,250.3,95.1358,95.1393,95.1295,0.0063,0.0098,0.0035
1158,999.3,261.0,95.1366,95.1401,95.1304,0.0062,0.0097,0.0035
1159,1000.3,264.7,95.1373,95.1408,95.1313,0.0060,0.0095,0.0035
1160,999.6,241.5,95.1380,95.1415,95.1322,0.0058,0.0093,0.0035
1161,1001.6,265.9,95.1387,95.1422,95.1330,0.0057,0.0092,0.0035
1162,1000.1,276.5,95.1394,95.1429,95.1339,0.0055,0.0090,0.0035
1163,1002.2,259.7,95.1401,95.1436,95.1348,0.0053,0.0088,0.0035
1164,1002.2,288.5,95.1408,95.1443,95.1357,0.0051,0.0086,0.0035
1165,998.6,277.2,95.1414,95.1449,95.1365,0.0049,0.0084,0.0035
1166,999.8,283.1,95.1421,95.1456,95.1374,0.0047,0.0081,0.0035
1167,998.1,269.7,95.1428,95.1462,95.1383,0.0045,0.0079,0.0035
1168,997.7,297.5,95.1434,95.1469,95.1392,0.0042,0.0077,0.0035
1169,1001.1,243.3,95.1441,95.1475,95.1402,0.0039,0.0074,0.0035
1170,998.7,276.4,95.1447,95.1482,95.1411,0.0036,0.0070,0.0035
1171,999.8,273.2,95.1453,95.1488,95.1421,0.0033,0.0067,0.0035
1172,1000.3,243.4,95.1459,95.1494,95.1429,0.0030,0.0064,0.0034
1173,999.8,286.3,95.1466,95.1500,95.1438,0.0028,0.0062,0.0034
1174,1000.8,264.7,95.1472,95.1506,95.1446,0.0025,0.0060,0.0034
1175,998.7,256.6,95.1478,95.1512,95.1446,0.0031,0.0066,0.0034
1176,1000.1,270.9,95.1483,95.1518,95.1454,0.0029,0.0064,0.0034
1177,999.8,251.1,95.1489,95.1524,95.1461,0.0028,0.0062,0.0034
1178,1010.2,268.9,95.1495,95.1529,95.1469,0.0026,0.0060,0.0034
1179,993.6,275.0,95.1501,95.1535,95.1477,0.0024,0.0058,0.0034
1180,1003.7,269.1,95.1506,95.1540,95.1477,0.0029,0.0063,0.0034
1181,997.2,251.9,95.1512,95.1546,95.1485,0.0027,0.0061,0.0034
1182,997.8,233.7,95.1517,95.1551,95.1492,0.0025,0.0059,0.0034
1183,999.3,218.8,95.1522,95.1556,95.1499,0.0024,0.0058,0.0034
1184,1003.8,276.3,95.1528,95.1562,95.1504,0.0023,0.0057,0.0034
1185,999.9,269.0,95.1533,95.1567,95.1510,0.0023,0.0057,0.0034
1186,995.4,272.5,95.1538,95.1572,95.1517,0.0021,0.0055,0.0034
1187,999.7,270.9,95.1543,95.1577,95.1524,0.0019,0.0053,0.0034
1188,1001.0,277.9,95.1548,95.1582,95.1531,0.0017,0.0051,0.0034
1189,998.5,238.5,95.1553,95.1586,95.1538,0.0014,0.0048,0.0034
1190,1000.3,309.2,95.1557,95.1591,95.1546,0.0011,0.0045,0.0034
1191,999.8,279.3,95.1562,95.1596,95.1546,0.0016,0.0050,0.0034
1192,1000.3,257.7,95.1567,95.1600,95.1554,0.0012,0.0046,0.0034
1193,999.4,260.9,95.1571,95.1605,95.1561,0.0010,0.0044,0.0034
1194,1006.3,297.5,95.1576,95.1609,95.1568,0.0008,0.0041,0.0034
1195,998.7,317.3,95.1580,95.1614,95.1573,0.0007,0.0040,0.0034
1196,997.9,287.2,95.1584,95.1618,95.1579,0.0005,0.0039,0.0034
1197,1000.0,273.5,95.1589,95.1622,95.1585,0.0003,0.0037,0.0034
1198,1000.9,276.2,95.1593,95.1626,95.1591,0.0001,0.0035,0.0033
1199,999.4,278.9,95.1597,95.1630,95.1597,0.0000,0.0033,0.0033
1200,999.6,265.7,95.1601,95.1634,95.1601,-0.0000,0.0033,0.0033
1201,998.7,261.3,95.1605,95.1638,95.1607,-0.0002,0.0031,0.0033
1202,998.7,276.3,95.1609,95.1642,95.1607,0.0002,0.0035,0.0033
1203,1000.0,276.0,95.1612,95.1646,95.1612,0.0000,0.0034,0.0033
1204,999.8,224.9,95.1616,95.1649,95.1618,-0.0002,0.0032,0.0033
1205,1000.1,214.3,95.1620,95.1653,95.1625,-0.0005,0.0028,0.0033
1206,999.7,211.0,95.1623,95.1656,95.1631,-0.0008,0.0025,0.0033
1207,1000.1,257.8,95.1626,95.1660,95.1637,-0.0011,0.0022,0.0033
1208,1005.5,289.3,95.1630,95.1663,95.1643,-0.0013,0.0020,0.0033
1209,999.7,269.8,95.1633,95.1666,95.1649,-0.0016,0.0017,0.0033
1210,1000.2,271.2,95.1636,95.1669,95.1653,-0.0017,0.0016,0.0033
1211,996.8,291.0,95.1639,95.1672,95.1658,-0.0019,0.0014,0.0033
1212,1002.4,262.6,95.1642,95.1675,95.1663,-0.0020,0.0013,0.0033
1213,1001.1,361.2,95.1645,95.1678,95.1667,-0.0021,0.0012,0.0033
1214,998.3,326.6,95.1648,95.1681,95.1670,-0.0022,0.0011,0.0033
1215,996.7,275.3,95.1651,95.1684,95.1670,-0.0019,0.0014,0.0033
1216,1001.5,230.9,95.1654,95.1687,95.1674,-0.0020,0.0013,0.0033
1217,999.1,220.5,95.1656,95.1689,95.1678,-0.0022,0.0011,0.0033
1218,998.8,242.2,95.1659,95.1692,95.1683,-0.0024,0.0008,0.0033
1219,999.9,304.7,95.1662,95.1694,95.1689,-0.0027,0.0005,0.0033
1220,999.9,320.4,95.1664,95.1697,95.1695,-0.0031,0.0001,0.0033
1221,1000.5,273.0,95.1666,95.1699,95.1702,-0.0036,-0.0003,0.0033
1222,999.7,267.4,95.1668,95.1701,95.1709,-0.0040,-0.0008,0.0033
1223,999.7,269.7,95.1671,95.1703,95.1713,-0.0043,-0.0010,0.0032
1224,1005.6,261.0,95.1673,95.1705,95.1718,-0.0046,-0.0013,0.0032
1225,1000.0,305.3,95.1675,95.1707,95.1721,-0.0046,-0.0014,0.0032
1226,1002.0,305.3,95.1677,95.1709,95.1721,-0.0044,-0.0012,0.0032
1227,994.3,226.1,95.1679,95.1711,95.1724,-0.0046,-0.0013,0.0032
1228,999.5,241.9,95.1680,95.1713,95.1727,-0.0047,-0.0014,0.0032
1229,1000.4,217.8,95.1682,95.1714,95.1730,-0.0048,-0.0016,0.0032
1230,999.4,255.9,95.1684,95.1716,95.1734,-0.0051,-0.0018,0.0032
1231,1000.9,278.1,95.1685,95.1717,95.1738,-0.0053,-0.0021,0.0032
1232,999.9,271.2,95.1687,95.1719,95.1742,-0.0055,-0.0023,0.0032
1233,999.1,268.5,95.1688,95.1720,95.1745,-0.0057,-0.0025,0.0032
1234,1000.5,275.2,95.1689,95.1721,95.1748,-0.0059,-0.0027,0.0032
1235,999.1,203.6,95.1691,95.1723,95.1752,-0.0061,-0.0029,0.0032
1236,1000.7,287.4,95.1692,95.1724,95.1754,-0.0063,-0.0031,0.0032
1237,1000.1,287.6,95.1693,95.1725,95.1754,-0.0062,-0.0030,0.0032
1238,1000.3,267.2,95.1694,95.1726,95.1757,-0.0063,-0.0031,0.0032
1239,998.1,240.1,95.1695,95.1727,95.1759,-0.0065,-0.0033,0.0032
1240,1000.4,229.2,95.1695,95.1727,95.1761,-0.0066,-0.0034,0.0032
1241,1000.2,235.7,95.1696,95.1728,95.1764,-0.0067,-0.0036,0.0032
1242,1000.4,263.3,95.1697,95.1729,95.1765,-0.0068,-0.0037,0.0032
1243,1001.5,297.1,95.1698,95.1729,95.1767,-0.0070,-0.0038,0.0032
1244,999.2,295.0,95.1698,95.1730,95.1770,-0.0072,-0.0040,0.0032
1245,999.4,300.3,95.1698,95.1730,95.1772,-0.0074,-0.0042,0.0032
1246,1001.6,290.5,95.1699,95.1730,95.1774,-0.0076,-0.0044,0.0032
1247,1001.4,244.1,95.1699,95.1731,95.1777,-0.0078,-0.0047,0.0032
1248,1000.5,324.6,95.1699,95.1731,95.1779,-0.0080,-0.0049,0.0031
1249,997.5,277.7,95.1699,95.1731,95.1779,-0.0080,-0.0049,0.0031
1250,999.5,261.9,95.1699,95.1731,95.1782,-0.0083,-0.0051,0.0031
1251,1000.4,236.0,95.1699,95.1731,95.1784,-0.0085,-0.0054,0.0031
1252,999.2,227.5,95.1699,95.1731,95.1786,-0.0087,-0.0055,0.0031
1253,999.2,265.1,95.1699,95.1730,95.1788,-0.0088,-0.0057,0.0031
1254,999.7,266.3,95.1699,95.1730,95.1789,-0.0090,-0.0059,0.0031
1255,1000.6,266.5,95.1698,95.1730,95.1789,-0.0091,-0.0059,0.0031
1256,999.2,258.8,95.1698,95.1729,95.1790,-0.0092,-0.0061,0.0031
1257,1000.6,263.3,95.1698,95.1729,95.1790,-0.0093,-0.0062,0.0031
1258,999.6,202.0,95.1697,95.1728,95.1791,-0.0094,-0.0063,0.0031
1259,1000.8,278.6,95.1696,95.1727,95.1791,-0.0095,-0.0064,0.0031
1260,1002.3,310.3,95.1695,95.1727,95.1791,-0.0095,-0.0064,0.0031
1261,998.8,300.3,95.1695,95.1726,95.1791,-0.0097,-0.0066,0.0031
1262,1001.1,238.3,95.1694,95.1725,95.1792,-0.0098,-0.0067,0.0031
1263,998.9,235.5,95.1693,95.1724,95.1792,-0.0100,-0.0069,0.0031
1264,999.8,243.6,95.1692,95.1723,95.1793,-0.0101,-0.0070,0.0031
1265,999.7,266.7,95.1691,95.1721,95.1794,-0.0104,-0.0073,0.0031
1266,1001.0,288.2,95.1689,95.1720,95.1795,-0.0105,-0.0075,0.0031
1267,1000.5,273.6,95.1688,95.1719,95.1795,-0.0107,-0.0076,0.0031
1268,999.5,286.1,95.1687,95.1717,95.1795,-0.0109,-0.0078,0.0031
1269,999.3,303.2,95.1685,95.1716,95.1795,-0.0110,-0.0079,0.0031
1270,998.8,268.3,95.1684,95.1714,95.1796,-0.0112,-0.0081,0.0031
1271,1000.3,325.9,95.1682,95.1713,95.1796,-0.0114,-0.0083,0.0031
1272,999.6,272.8,95.1680,95.1711,95.1796,-0.0115,-0.0085,0.0031
1273,1000.5,264.9,95.1679,95.1709,95.1796,-0.0117,-0.0087,0.0031
1274,999.4,229.0,95.1677,95.1707,95.1795,-0.0118,-0.0088,0.0030
1275,1000.5,208.3,95.1675,95.1705,95.1795,-0.0120,-0.0090,0.0030
1276,999.0,269.7,95.1673,95.1703,95.1795,-0.0122,-0.0092,0.0030
1277,1000.6,262.8,95.1671,95.1701,95.1795,-0.0125,-0.0094,0.0030
1278,1000.3,281.7,95.1668,95.1699,95.1795,-0.0127,-0.0096,0.0030
1279,1002.8,282.5,95.1666,95.1697,95.1795,-0.0129,-0.0099,0.0030
1280,1002.0,280.6,95.1664,95.1694,95.1795,-0.0131,-0.0101,0.0030
1281,995.8,250.2,95.1662,95.1692,95.1795,-0.0133,-0.0103,0.0030
1282,1002.2,270.4,95.1659,95.1689,95.1795,-0.0136,-0.0105,0.0030
1283,999.1,279.4,95.1656,95.1687,95.1795,-0.0138,-0.0108,0.0030
1284,1002.9,288.5,95.1654,95.1684,95.1794,-0.0140,-0.0110,0.0030
1285,996.9,250.6,95.1651,95.1681,95.1794,-0.0143,-0.0113,0.0030
1286,999.5,275.8,95.1648,95.1678,95.1794,-0.0145,-0.0115,0.0030
1287,998.6,260.9,95.1645,95.1675,95.1794,-0.0148,-0.0118,0.0030
1288,1000.2,264.2,95.1642,95.1672,95.1793,-0.0151,-0.0121,0.0030
1289,999.8,251.3,95.1639,95.1669,95.1793,-0.0154,-0.0124,0.0030
1290,1000.1,242.2,95.1636,95.1666,95.1792,-0.0156,-0.0126,0.0030
1291,999.4,218.9,95.1633,95.1663,95.1792,-0.0159,-0.0130,0.0030
1292,1000.4,267.5,95.1630,95.1660,95.1792,-0.0162,-0.0132,0.0030
1293,999.4,244.0,95.1626,95.1656,95.1791,-0.0165,-0.0135,0.0030
1294,1000.1,273.7,95.1623,95.1653,95.1791,-0.0168,-0.0139,0.0030
1295,1001.9,273.0,95.1620,95.1649,95.1791,-0.0171,-0.0142,0.0030
1296,1005.3,309.4,95.1616,95.1646,95.1790,-0.0174,-0.0145,0.0030
1297,994.9,260.0,95.1612,95.1642,95.1789,-0.0177,-0.0147,0.0030
1298,999.4,279.0,95.1609,95.1638,95.1789,-0.0180,-0.0151,0.0030
1299,999.3,257.2,95.1605,95.1634,95.1788,-0.0183,-0.0153,0.0029
1300,1000.9,254.1,95.1601,95.1630,95.1787,-0.0186,-0.0157,0.0029
1301,1002.9,296.1,95.1597,95.1626,95.1786,-0.0190,-0.0160,0.0029
1302,996.5,251.5,95.1593,95.1622,95.1785,-0.0193,-0.0163,0.0029
1303,1001.1,270.4,95.1589,95.1618,95.1785,-0.0196,-0.0167,0.0029
1304,998.5,263.0,95.1584,95.1614,95.1784,-0.0199,-0.0170,0.0029
1305,1000.0,243.8,95.1580,95.1609,95.1783,-0.0203,-0.0173,0.0029
1306,999.9,223.6,95.1576,95.1605,95.1782,-0.0206,-0.0177,0.0029
1307,999.8,260.0,95.1571,95.1600,95.1781,-0.0210,-0.0181,0.0029
1308,1000.3,251.5,95.1567,95.1596,95.1780,-0.0214,-0.0185,0.0029
1309,999.7,260.3,95.1562,95.1591,95.1780,-0.0218,-0.0189,0.0029
1310,1000.3,263.5,95.1557,95.1586,95.1779,-0.0221,-0.0192,0.0029
1311,999.6,256.8,95.1553,95.1582,95.1778,-0.0225,-0.0196,0.0029
1312,1000.3,261.0,95.1548,95.1577,95.1777,-0.0229,-0.0200,0.0029
1313,1001.6,272.9,95.1543,95.1572,95.1776,-0.0233,-0.0204,0.0029
1314,999.3,259.4,95.1538,95.1567,95.1774,-0.0237,-0.0208,0.0029
1315,1002.2,269.9,95.1533,95.1562,95.1773,-0.0240,-0.0211,0.0029
1316,997.9,220.3,95.1528,95.1556,95.1772,-0.0244,-0.0215,0.0029
1317,1000.5,266.1,95.1522,95.1551,95.1770,-0.0248,-0.0219,0.0029
1318,1001.7,292.4,95.1517,95.1546,95.1768,-0.0251,-0.0222,0.0029
1319,996.6,279.6,95.1512,95.1540,95.1765,-0.0253,-0.0224,0.0029
1320,1001.0,269.7,95.1506,95.1535,95.1762,-0.0256,-0.0228,0.0029
1321,999.9,284.2,95.1501,95.1529,95.1760,-0.0259,-0.0231,0.0029
1322,999.4,303.1,95.1495,95.1524,95.1755,-0.0260,-0.0232,0.0029
1323,999.3,270.0,95.1489,95.1518,95.1751,-0.0262,-0.0233,0.0029
1324,1000.0,259.2,95.1483,95.1512,95.1746,-0.0262,-0.0234,0.0028
1325,1000.0,206.9,95.1478,95.1506,95.1740,-0.0262,-0.0234,0.0028
1326,1000.8,228.7,95.1472,95.1500,95.1732,-0.0260,-0.0232,0.0028
1327,999.5,209.1,95.1466,95.1494,95.1723,-0.0258,-0.0229,0.0028
1328,1000.3,257.0,95.1459,95.1488,95.1715,-0.0255,-0.0227,0.0028
1329,999.8,262.7,95.1453,95.1482,95.1707,-0.0254,-0.0225,0.0028
1330,1000.1,260.6,95.1447,95.1475,95.1700,-0.0253,-0.0225,0.0028
1331,1000.3,210.6,95.1441,95.1469,95.1695,-0.0254,-0.0226,0.0028
1332,1001.3,261.1,95.1434,95.1462,95.1691,-0.0256,-0.0228,0.0028
1333,999.3,287.6,95.1428,95.1456,95.1686,-0.0258,-0.0230,0.0028
1334,999.1,256.7,95.1421,95.1449,95.1681,-0.0260,-0.0232,0.0028
1335,1002.6,258.1,95.1414,95.1443,95.1681,-0.0266,-0.0238,0.0028
1336,997.8,211.6,95.1408,95.1436,95.1675,-0.0268,-0.0239,0.0028
1337,1002.9,264.4,95.1401,95.1429,95.1669,-0.0268,-0.0240,0.0028
1338,999.3,278.9,95.1394,95.1422,95.1661,-0.0266,-0.0239,0.0028
1339,999.6,264.0,95.1387,95.1415,95.1652,-0.0265,-0.0237,0.0028
1340,998.6,250.7,95.1380,95.1408,95.1644,-0.0264,-0.0236,0.0028
1341,999.9,276.2,95.1373,95.1401,95.1637,-0.0264,-0.0236,0.0028
1342,999.0,266.3,95.1366,95.1393,95.1630,-0.0264,-0.0237,0.0028
1343,1000.1,249.0,95.1358,95.1386,95.1624,-0.0266,-0.0238,0.0028
1344,1000.0,288.8,95.1351,95.1379,95.1618,-0.0267,-0.0239,0.0028
1345,1001.6,243.2,95.1344,95.1371,95.1611,-0.0268,-0.0240,0.0028
1346,998.1,222.4,95.1336,95.1364,95.1604,-0.0268,-0.0241,0.0028
1347,1000.2,211.9,95.1328,95.1356,95.1597,-0.0268,-0.0241,0.0028
1348,1000.9,258.9,95.1321,95.1348,95.1588,-0.0267,-0.0240,0.0028
1349,1001.6,269.2,95.1313,95.1341,95.1579,-0.0266,-0.0239,0.0028
1350,1000.4,264.1,95.1305,95.1333,95.1570,-0.0264,-0.0237,0.0027
1351,999.4,222.4,95.1297,95.1325,95.1562,-0.0265,-0.0237,0.0027
1352,999.5,270.4,95.1289,95.1317,95.1554,-0.0265,-0.0238,0.0027
1353,999.3,232.3,95.1281,95.1309,95.1548,-0.0266,-0.0239,0.0027
1354,1001.3,209.9,95.1273,95.1300,95.1541,-0.0268,-0.0240,0.0027
1355,1000.4,258.6,95.1265,95.1292,95.1534,-0.0269,-0.0242,0.0027
1356,997.4,217.6,95.1257,95.1284,95.1527,-0.0270,-0.0243,0.0027
1357,1000.7,254.2,95.1248,95.1275,95.1518,-0.0270,-0.0243,0.0027
1358,999.0,264.5,95.1240,95.1267,95.1509,-0.0269,-0.0242,0.0027
1359,1000.6,266.1,95.1231,95.1258,95.1499,-0.0268,-0.0241,0.0027
1360,999.4,241.8,95.1223,95.1250,95.1489,-0.0267,-0.0240,0.0027
1361,1003.9,219.5,95.1214,95.1241,95.1480,-0.0266,-0.0239,0.0027
1362,997.1,270.9,95.1205,95.1232,95.1470,-0.0265,-0.0238,0.0027
1363,999.3,250.4,95.1196,95.1223,95.1462,-0.0266,-0.0239,0.0027
1364,999.7,216.7,95.1187,95.1214,95.1455,-0.0268,-0.0241,0.0027
1365,1000.1,275.5,95.1178,95.1205,95.1448,-0.0270,-0.0243,0.0027
1366,1001.1,227.7,95.1169,95.1196,95.1440,-0.0271,-0.0244,0.0027
1367,1003.4,259.1,95.1160,95.1187,95.1432,-0.0272,-0.0245,0.0027
1368,998.3,298.0,95.1151,95.1178,95.1423,-0.0272,-0.0245,0.0027
1369,1001.8,251.2,95.1141,95.1168,95.1414,-0.0272,-0.0245,0.0027
1370,999.3,302.8,95.1132,95.1159,95.1403,-0.0271,-0.0244,0.0027
1371,997.6,239.3,95.1123,95.1149,95.1394,-0.0271,-0.0244,0.0027
1372,1004.1,269.3,95.1113,95.1140,95.1384,-0.0271,-0.0244,0.0027
1373,994.9,223.1,95.1103,95.1130,95.1374,-0.0271,-0.0244,0.0027
1374,999.5,200.6,95.1094,95.1120,95.1364,-0.0270,-0.0243,0.0027
1375,1000.0,243.5,95.1084,95.1110,95.1354,-0.0270,-0.0243,0.0026
1376,1000.0,229.7,95.1074,95.1100,95.1343,-0.0269,-0.0243,0.0026
1377,1000.0,249.9,95.1064,95.1090,95.1332,-0.0268,-0.0242,0.0026
1378,1001.0,261.1,95.1054,95.1080,95.1321,-0.0267,-0.0241,0.0026
1379,999.0,219.5,95.1044,95.1070,95.1311,-0.0267,-0.0240,0.0026
1380,1000.0,248.5,95.1034,95.1060,95.1300,-0.0266,-0.0240,0.0026
1381,999.9,216.1,95.1023,95.1050,95.1288,-0.0265,-0.0239,0.0026
1382,1000.2,215.4,95.1013,95.1039,95.1276,-0.0263,-0.0237,0.0026
1383,1003.4,275.9,95.1003,95.1029,95.1264,-0.0262,-0.0235,0.0026
1384,997.9,226.6,95.0992,95.1018,95.1253,-0.0261,-0.0234,0.0026
1385,1000.2,276.4,95.0982,95.1008,95.1242,-0.0260,-0.0234,0.0026
1386,998.6,215.4,95.0971,95.0997,95.1230,-0.0259,-0.0233,0.0026
1387,1005.6,283.4,95.0960,95.0986,95.1220,-0.0259,-0.0233,0.0026
1388,996.1,284.1,95.0950,95.0975,95.1210,-0.0261,-0.0235,0.0026
1389,999.0,257.2,95.0939,95.0965,95.1200,-0.0261,-0.0235,0.0026
1390,1000.3,257.3,95.0928,95.0954,95.1189,-0.0261,-0.0236,0.0026
1391,1004.2,294.5,95.0917,95.0943,95.1180,-0.0263,-0.0237,0.0026
1392,994.9,258.0,95.0906,95.0931,95.1170,-0.0264,-0.0239,0.0026
1393,999.6,224.6,95.0894,95.0920,95.1161,-0.0266,-0.0241,0.0026
1394,1000.1,281.5,95.0883,95.0909,95.1152,-0.0268,-0.0243,0.0026
1395,999.7,255.0,95.0872,95.0897,95.1143,-0.0272,-0.0246,0.0026
1396,1000.3,236.3,95.0860,95.0886,95.1134,-0.0274,-0.0248,0.0026
1397,999.8,200.3,95.0849,95.0874,95.1125,-0.0276,-0.0250,0.0026
1398,999.9,245.1,95.0837,95.0863,95.1115,-0.0278,-0.0252,0.0026
1399,1000.0,223.3,95.0826,95.0851,95.1104,-0.0279,-0.0253,0.0026
1400,999.9,265.6,95.0814,95.0839,95.1094,-0.0280,-0.0255,0.0026
1401,1004.1,281.7,95.0802,95.0827,95.1085,-0.0283,-0.0257,0.0025
1402,998.4,221.2,95.0790,95.0816,95.1076,-0.0286,-0.0261,0.0025
1403,999.5,296.4,95.0778,95.0804,95.1067,-0.0289,-0.0263,0.0025
1404,1000.4,230.8,95.0766,95.0791,95.1058,-0.0292,-0.0267,0.0025
1405,999.8,265.7,95.0754,95.0779,95.1049,-0.0295,-0.0270,0.0025
1406,1001.9,216.6,95.0742,95.0767,95.1040,-0.0298,-0.0273,0.0025
1407,997.3,271.8,95.0729,95.0755,95.1029,-0.0300,-0.0275,0.0025
1408,1002.1,283.2,95.0717,95.0742,95.1018,-0.0301,-0.0276,0.0025
1409,996.3,205.3,95.0705,95.0730,95.1007,-0.0302,-0.0277,0.0025
1410,1000.0,240.9,95.0692,95.0717,95.0996,-0.0303,-0.0278,0.0025
1411,1000.0,230.2,95.0680,95.0705,95.0985,-0.0305,-0.0280,0.0025
1412,1000.2,262.8,95.0667,95.0692,95.0973,-0.0306,-0.0281,0.0025
1413,1026.2,267.1,95.0654,95.0679,95.0961,-0.0307,-0.0282,0.0025
1414,974.4,211.0,95.0641,95.0666,95.0950,-0.0308,-0.0283,0.0025
1415,999.7,239.4,95.0628,95.0653,95.0938,-0.0309,-0.0284,0.0025
1416,999.4,223.7,95.0616,95.0640,95.0924,-0.0309,-0.0284,0.0025
1417,1000.3,235.9,95.0602,95.0627,95.0911,-0.0309,-0.0284,0.0025
1418,1003.0,266.9,95.0589,95.0614,95.0899,-0.0310,-0.0285,0.0025
1419,1000.8,268.6,95.0576,95.0601,95.0886,-0.0310,-0.0285,0.0025
1420,999.4,295.6,95.0563,95.0588,95.0873,-0.0310,-0.0285,0.0025
1421,997.9,223.7,95.0549,95.0574,95.0860,-0.0311,-0.0286,0.0025
1422,1004.3,299.2,95.0536,95.0561,95.0847,-0.0311,-0.0286,0.0025
1423,997.8,215.9,95.0523,95.0547,95.0833,-0.0311,-0.0286,0.0025
1424,1000.1,213.0,95.0509,95.0534,95.0817,-0.0308,-0.0284,0.0025
1425,998.8,266.1,95.0495,95.0520,95.0802,-0.0307,-0.0282,0.0025
1426,997.8,228.3,95.0482,95.0506,95.0787,-0.0306,-0.0281,0.0025
1427,1000.0,204.0,95.0468,95.0492,95.0772,-0.0304,-0.0279,0.0024
1428,999.6,222.1,95.0454,95.0478,95.0756,-0.0302,-0.0278,0.0024
1429,1000.2,209.6,95.0440,95.0464,95.0742,-0.0302,-0.0277,0.0024
1430,1000.3,246.7,95.0426,95.0450,95.0727,-0.0301,-0.0277,0.0024
1431,999.6,225.1,95.0412,95.0436,95.0712,-0.0300,-0.0276,0.0024
1432,1000.3,197.9,95.0397,95.0422,95.0696,-0.0299,-0.0275,0.0024
1433,999.4,212.7,95.0383,95.0407,95.0683,-0.0300,-0.0276,0.0024
1434,1000.2,216.4,95.0369,95.0393,95.0670,-0.0301,-0.0277,0.0024
1435,1002.7,253.8,95.0354,95.0379,95.0657,-0.0303,-0.0279,0.0024
1436,998.3,223.8,95.0340,95.0364,95.0643,-0.0303,-0.0279,0.0024
1437,1002.4,214.8,95.0325,95.0349,95.0630,-0.0305,-0.0281,0.0024
1438,999.7,267.5,95.0311,95.0335,95.0617,-0.0307,-0.0283,0.0024
1439,998.4,216.8,95.0296,95.0320,95.0604,-0.0308,-0.0284,0.0024
1440,1000.4,267.1,95.0281,95.0305,95.0588,-0.0307,-0.0283,0.0024
1441,1002.3,249.0,95.0266,95.0290,95.0574,-0.0308,-0.0284,0.0024
1442,998.8,248.1,95.0251,95.0275,95.0559,-0.0308,-0.0284,0.0024
1443,999.1,266.5,95.0236,95.0260,95.0544,-0.0308,-0.0284,0.0024
1444,999.5,258.3,95.0221,95.0245,95.0526,-0.0305,-0.0281,0.0024
1445,999.0,281.4,95.0206,95.0230,95.0510,-0.0304,-0.0280,0.0024
1446,999.9,256.0,95.0190,95.0214,95.0493,-0.0303,-0.0279,0.0024
1447,999.9,208.2,95.0175,95.0199,95.0477,-0.0302,-0.0278,0.0024
1448,1000.0,231.6,95.0160,95.0183,95.0459,-0.0299,-0.0275,0.0024
1449,1000.0,210.6,95.0144,95.0168,95.0443,-0.0299,-0.0276,0.0024
1450,1000.0,248.5,95.0129,95.0152,95.0428,-0.0299,-0.0275,0.0024
1451,999.6,231.3,95.0113,95.0137,95.0412,-0.0299,-0.0275,0.0024
1452,999.9,199.3,95.0097,95.0121,95.0394,-0.0297,-0.0274,0.0024
1453,999.9,248.8,95.0081,95.0105,95.0379,-0.0298,-0.0274,0.0023
1454,1002.6,229.8,95.0065,95.0089,95.0363,-0.0298,-0.0274,0.0023
1455,999.8,262.6,95.0050,95.0073,95.0348,-0.0298,-0.0275,0.0023
1456,1000.0,217.5,95.0033,95.0057,95.0332,-0.0298,-0.0275,0.0023
1457,998.7,221.7,95.0017,95.0041,95.0318,-0.0301,-0.0277,0.0023
1458,1001.8,282.6,95.0001,95.0024,95.0305,-0.0304,-0.0281,0.0023
1459,999.6,214.5,94.9985,95.0008,95.0291,-0.0306,-0.0283,0.0023
1460,998.5,264.1,94.9969,94.9992,95.0276,-0.0307,-0.0284,0.0023
1461,1002.1,278.3,94.9952,94.9975,95.0262,-0.0310,-0.0287,0.0023
1462,998.0,206.6,94.9936,94.9959,95.0247,-0.0312,-0.0288,0.0023
1463,999.5,218.7,94.9919,94.9942,95.0234,-0.0315,-0.0291,0.0023
1464,1000.2,211.3,94.9902,94.9925,95.0218,-0.0316,-0.0293,0.0023
1465,1001.6,244.6,94.9886,94.9909,95.0204,-0.0318,-0.0295,0.0023
1466,998.1,233.4,94.9869,94.9892,95.0188,-0.0320,-0.0297,0.0023
1467,1002.6,252.6,94.9852,94.9875,95.0174,-0.0322,-0.0299,0.0023
1468,998.1,255.9,94.9835,94.9858,95.0158,-0.0323,-0.0300,0.0023
1469,1002.4,294.5,94.9818,94.9841,95.0144,-0.0326,-0.0303,0.0023
1470,997.4,243.7,94.9801,94.9824,95.0129,-0.0328,-0.0305,0.0023
1471,1000.3,252.8,94.9784,94.9806,95.0114,-0.0330,-0.0307,0.0023
1472,1000.9,279.5,94.9766,94.9789,95.0097,-0.0330,-0.0308,0.0023
1473,1001.3,285.3,94.9749,94.9772,95.0080,-0.0331,-0.0309,0.0023
1474,999.9,261.5,94.9732,94.9754,95.0065,-0.0333,-0.0310,0.0023
1475,1001.0,232.6,94.9714,94.9737,95.0049,-0.0335,-0.0312,0.0023
1476,998.1,239.8,94.9697,94.9719,95.0033,-0.0336,-0.0313,0.0023
1477,1001.3,227.5,94.9679,94.9701,95.0016,-0.0337,-0.0315,0.0023
1478,999.0,280.9,94.9661,94.9684,95.0000,-0.0339,-0.0316,0.0023
1479,997.9,208.8,94.9643,94.9666,94.9983,-0.0339,-0.0317,0.0022
1480,1000.3,215.3,94.9626,94.9648,94.9965,-0.0339,-0.0317,0.0022
1481,999.6,226.0,94.9608,94.9630,94.9949,-0.0342,-0.0319,0.0022
1482,1000.1,206.2,94.9590,94.9612,94.9933,-0.0344,-0.0321,0.0022
1483,999.5,228.8,94.9571,94.9594,94.9918,-0.0347,-0.0324,0.0022
1484,1000.3,207.5,94.9553,94.9576,94.9902,-0.0348,-0.0326,0.0022
1485,1000.3,243.0,94.9535,94.9557,94.9886,-0.0351,-0.0329,0.0022
1486,999.7,233.1,94.9517,94.9539,94.9871,-0.0354,-0.0332,0.0022
1487,1000.1,195.2,94.9498,94.9521,94.9856,-0.0358,-0.0335,0.0022
1488,1004.9,263.7,94.9480,94.9502,94.9840,-0.0360,-0.0338,0.0022
1489,997.1,230.5,94.9461,94.9483,94.9826,-0.0365,-0.0342,0.0022
1490,1000.5,261.7,94.9443,94.9465,94.9811,-0.0368,-0.0346,0.0022
1491,1001.3,224.8,94.9424,94.9446,94.9798,-0.0374,-0.0352,0.0022
1492,1001.6,282.2,94.9405,94.9427,94.9784,-0.0379,-0.0357,0.0022
1493,1000.6,290.1,94.9386,94.9408,94.9770,-0.0384,-0.0362,0.0022
1494,998.0,263.4,94.9367,94.9389,94.9757,-0.0389,-0.0367,0.0022
1495,997.0,293.5,94.9348,94.9370,94.9742,-0.0394,-0.0372,0.0022
1496,1001.3,249.2,94.9329,94.9351,94.9726,-0.0396,-0.0374,0.0022
1497,998.5,221.5,94.9310,94.9332,94.9711,-0.0401,-0.0379,0.0022
1498,999.1,222.0,94.9291,94.9313,94.9696,-0.0405,-0.0383,0.0022
1499,1000.0,214.2,94.9272,94.9293,94.9680,-0.0409,-0.0387,0.0022
1500,1000.0,206.7,94.9252,94.9274,94.9665,-0.0413,-0.0391,0.0022
1501,1000.1,238.1,94.9233,94.9254,94.9649,-0.0416,-0.0394,0.0022
1502,1000.0,201.5,94.9213,94.9235,94.9632,-0.0419,-0.0397,0.0022
1503,999.6,225.8,94.9194,94.9215,94.9614,-0.0421,-0.0399,0.0022
1504,1000.2,219.5,94.9174,94.9196,94.9595,-0.0421,-0.0400,0.0022
1505,1000.2,214.7,94.9154,94.9176,94.9577,-0.0423,-0.0401,0.0022
1506,1000.3,236.8,94.9134,94.9156,94.9558,-0.0424,-0.0402,0.0021
1507,1003.0,200.4,94.9115,94.9136,94.9540,-0.0425,-0.0404,0.0021
1508,999.3,268.6,94.9095,94.9116,94.9540,-0.0445,-0.0424,0.0021
1509,999.2,222.3,94.9074,94.9096,94.9520,-0.0445,-0.0424,0.0021
1510,999.7,199.8,94.9054,94.9076,94.9501,-0.0447,-0.0425,0.0021
1511,1000.4,246.1,94.9034,94.9055,94.9483,-0.0449,-0.0428,0.0021
1512,999.3,222.6,94.9014,94.9035,94.9464,-0.0450,-0.0429,0.0021
1513,1000.7,209.0,94.8994,94.9015,94.9445,-0.0452,-0.0431,0.0021
1514,999.4,212.6,94.8973,94.8994,94.9427,-0.0454,-0.0433,0.0021
1515,998.9,205.4,94.8953,94.8974,94.9410,-0.0457,-0.0436,0.0021
1516,999.5,218.9,94.8932,94.8953,94.9393,-0.0461,-0.0440,0.0021
1517,1000.1,225.6,94.8911,94.8932,94.9373,-0.0462,-0.0441,0.0021
1518,999.8,259.1,94.8891,94.8912,94.9356,-0.0465,-0.0444,0.0021
1519,1000.4,297.1,94.8870,94.8891,94.9336,-0.0466,-0.0445,0.0021
1520,999.9,262.5,94.8849,94.8870,94.9316,-0.0467,-0.0446,0.0021
1521,999.9,255.9,94.8828,94.8849,94.9296,-0.0468,-0.0447,0.0021
1522,1000.0,225.4,94.8807,94.8828,94.9278,-0.0471,-0.0450,0.0021
1523,1000.6,234.0,94.8786,94.8807,94.9260,-0.0474,-0.0453,0.0021
1524,1001.2,243.1,94.8765,94.8786,94.9239,-0.0475,-0.0454,0.0021
1525,1000.8,222.2,94.8743,94.8764,94.9220,-0.0477,-0.0456,0.0021
1526,999.9,236.0,94.8722,94.8743,94.9200,-0.0478,-0.0457,0.0021
1527,999.3,221.3,94.8701,94.8721,94.9181,-0.0480,-0.0459,0.0021
1528,999.3,215.3,94.8679,94.8700,94.9159,-0.0480,-0.0459,0.0021
1529,1001.5,221.0,94.8658,94.8678,94.9139,-0.0481,-0.0460,0.0021
1530,1000.8,275.6,94.8636,94.8657,94.9117,-0.0481,-0.0460,0.0021
1531,997.3,228.7,94.8614,94.8635,94.9093,-0.0479,-0.0458,0.0021
1532,999.3,214.1,94.8593,94.8613,94.9070,-0.0477,-0.0457,0.0021
1533,999.8,202.9,94.8571,94.8591,94.9046,-0.0475,-0.0455,0.0020
1534,1000.1,220.7,94.8549,94.8569,94.9024,-0.0475,-0.0455,0.0020
1535,1000.2,210.5,94.8527,94.8547,94.9003,-0.0476,-0.0455,0.0020
1536,999.8,217.5,94.8505,94.8525,94.8980,-0.0476,-0.0455,0.0020
1537,1000.1,204.6,94.8483,94.8503,94.8959,-0.0476,-0.0456,0.0020
1538,999.9,219.8,94.8461,94.8481,94.8937,-0.0477,-0.0457,0.0020
1539,999.9,210.9,94.8438,94.8459,94.8916,-0.0477,-0.0457,0.0020
1540,1000.1,198.0,94.8416,94.8436,94.8892,-0.0476,-0.0456,0.0020
1541,1001.0,237.6,94.8393,94.8414,94.8871,-0.0478,-0.0458,0.0020
1542,1003.0,268.3,94.8371,94.8391,94.8850,-0.0479,-0.0459,0.0020
1543,998.5,262.4,94.8348,94.8368,94.8829,-0.0481,-0.0460,0.0020
1544,1000.4,261.3,94.8326,94.8346,94.8806,-0.0480,-0.0460,0.0020
1545,999.3,298.5,94.8303,94.8323,94.8783,-0.0480,-0.0460,0.0020
1546,1000.7,253.0,94.8280,94.8300,94.8760,-0.0480,-0.0460,0.0020
1547,999.6,225.8,94.8257,94.8277,94.8736,-0.0479,-0.0459,0.0020
1548,1001.2,218.4,94.8234,94.8254,94.8712,-0.0477,-0.0457,0.0020
1549,996.7,214.3,94.8211,94.8231,94.8686,-0.0474,-0.0454,0.0020
1550,999.6,215.3,94.8188,94.8208,94.8662,-0.0474,-0.0454,0.0020
1551,1000.0,227.6,94.8165,94.8185,94.8639,-0.0474,-0.0454,0.0020
1552,1000.0,213.6,94.8142,94.8162,94.8616,-0.0474,-0.0454,0.0020
1553,999.9,226.2,94.8119,94.8138,94.8592,-0.0473,-0.0454,0.0020
1554,1000.0,207.5,94.8095,94.8115,94.8570,-0.0474,-0.0455,0.0020
1555,1000.3,203.9,94.8072,94.8091,94.8548,-0.0476,-0.0456,0.0020
1556,999.4,234.6,94.8048,94.8068,94.8526,-0.0478,-0.0459,0.0020
1557,1000.5,212.2,94.8025,94.8044,94.8503,-0.0478,-0.0458,0.0020
1558,1004.5,236.2,94.8001,94.8020,94.8480,-0.0479,-0.0460,0.0020
1559,999.8,231.8,94.7977,94.7997,94.8458,-0.0481,-0.0462,0.0020
1560,998.6,258.8,94.7953,94.7973,94.8437,-0.0484,-0.0464,0.0019
1561,998.8,233.8,94.7929,94.7949,94.8415,-0.0486,-0.0466,0.0019
1562,999.5,238.1,94.7905,94.7925,94.8396,-0.0491,-0.0471,0.0019
1563,1000.8,207.3,94.7881,94.7901,94.8377,-0.0495,-0.0476,0.0019
1564,999.8,242.7,94.7857,94.7877,94.8356,-0.0499,-0.0479,0.0019
1565,1000.5,203.1,94.7833,94.7852,94.8332,-0.0499,-0.0480,0.0019
1566,997.6,221.3,94.7809,94.7828,94.8308,-0.0500,-0.0480,0.0019
1567,1000.5,218.4,94.7784,94.7804,94.8284,-0.0500,-0.0481,0.0019
1568,999.5,212.6,94.7760,94.7779,94.8262,-0.0501,-0.0482,0.0019
1569,1000.5,256.8,94.7736,94.7755,94.8237,-0.0501,-0.0482,0.0019
1570,999.5,246.9,94.7711,94.7730,94.8214,-0.0503,-0.0483,0.0019
1571,1000.2,233.7,94.7686,94.7705,94.8188,-0.0502,-0.0483,0.0019
1572,999.9,226.3,94.7662,94.7681,94.8163,-0.0501,-0.0482,0.0019
1573,1000.2,238.0,94.7637,94.7656,94.8138,-0.0501,-0.0482,0.0019
1574,999.8,219.3,94.7612,94.7631,94.8113,-0.0501,-0.0482,0.0019
1575,1002.8,200.9,94.7587,94.7606,94.8090,-0.0503,-0.0484,0.0019
1576,1000.5,255.1,94.7562,94.7581,94.8066,-0.0504,-0.0485,0.0019
1577,998.9,207.8,94.7537,94.7556,94.8042,-0.0505,-0.0486,0.0019
1578,1000.7,261.5,94.7512,94.7531,94.8016,-0.0504,-0.0485,0.0019
1579,1000.5,242.0,94.7487,94.7506,94.7993,-0.0506,-0.0487,0.0019
1580,999.0,210.5,94.7462,94.7480,94.7969,-0.0507,-0.0489,0.0019
1581,1001.2,225.9,94.7436,94.7455,94.7942,-0.0505,-0.0487,0.0019
1582,998.6,227.9,94.7411,94.7429,94.7915,-0.0505,-0.0486,0.0019
1583,998.0,207.4,94.7385,94.7404,94.7888,-0.0502,-0.0484,0.0019
1584,999.6,221.9,94.7360,94.7378,94.7860,-0.0501,-0.0482,0.0019
1585,1000.4,224.4,94.7334,94.7353,94.7831,-0.0497,-0.0478,0.0019
1586,999.4,227.8,94.7308,94.7327,94.7804,-0.0495,-0.0477,0.0019
1587,1000.4,215.2,94.7283,94.7301,94.7777,-0.0494,-0.0476,0.0018
1588,999.8,242.8,94.7257,94.7275,94.7750,-0.0493,-0.0475,0.0018
1589,1000.5,224.8,94.7231,94.7249,94.7719,-0.0489,-0.0470,0.0018
1590,999.6,215.7,94.7205,94.7223,94.7690,-0.0485,-0.0467,0.0018
1591,1000.3,244.4,94.7179,94.7197,94.7661,-0.0482,-0.0464,0.0018
1592,999.7,209.9,94.7153,94.7171,94.7633,-0.0480,-0.0462,0.0018
1593,1000.0,237.0,94.7126,94.7145,94.7604,-0.0477,-0.0459,0.0018
1594,1002.4,305.6,94.7100,94.7118,94.7576,-0.0476,-0.0458,0.0018
1595,1002.1,272.2,94.7074,94.7092,94.7549,-0.0475,-0.0457,0.0018
1596,997.6,276.0,94.7047,94.7065,94.7520,-0.0473,-0.0454,0.0018
1597,1001.0,246.9,94.7021,94.7039,94.7489,-0.0468,-0.0450,0.0018
1598,997.7,222.5,94.6994,94.7012,94.7460,-0.0466,-0.0448,0.0018
1599,1002.1,242.7,94.6968,94.6986,94.7431,-0.0464,-0.0446,0.0018
1600,999.9,210.5,94.6941,94.6959,94.7402,-0.0461,-0.0443,0.0018
1601,1000.8,221.0,94.6914,94.6932,94.7370,-0.0456,-0.0438,0.0018
1602,996.8,223.4,94.6887,94.6905,94.7341,-0.0454,-0.0436,0.0018
1603,999.3,217.7,94.6860,94.6878,94.7313,-0.0453,-0.0435,0.0018
1604,1000.1,216.2,94.6833,94.6851,94.7286,-0.0453,-0.0435,0.0018
1605,1000.2,215.1,94.6806,94.6824,94.7259,-0.0453,-0.0435,0.0018
1606,999.8,228.9,94.6779,94.6797,94.7233,-0.0454,-0.0436,0.0018
1607,1000.0,213.9,94.6752,94.6770,94.7208,-0.0456,-0.0438,0.0018
1608,1000.2,228.9,94.6724,94.6742,94.7183,-0.0459,-0.0441,0.0018
1609,999.9,213.5,94.6697,94.6715,94.7157,-0.0460,-0.0442,0.0018
1610,1000.0,206.7,94.6670,94.6687,94.7133,-0.0463,-0.0445,0.0018
1611,1002.2,240.4,94.6642,94.6660,94.7107,-0.0465,-0.0447,0.0018
1612,1000.5,209.9,94.6615,94.6632,94.7082,-0.0467,-0.0449,0.0018
1613,1001.2,248.0,94.6587,94.6605,94.7056,-0.0469,-0.0451,0.0018
1614,996.8,305.1,94.6559,94.6577,94.7032,-0.0473,-0.0455,0.0018
1615,1002.2,207.6,94.6531,94.6549,94.7008,-0.0476,-0.0459,0.0018
1616,998.5,241.7,94.6504,94.6521,94.6983,-0.0479,-0.0462,0.0017
1617,1000.5,227.5,94.6476,94.6493,94.6953,-0.0478,-0.0460,0.0017
1618,1002.5,215.0,94.6448,94.6465,94.6925,-0.0477,-0.0460,0.0017
1619,997.7,257.0,94.6420,94.6437,94.6897,-0.0477,-0.0460,0.0017
1620,999.9,298.7,94.6392,94.6409,94.6868,-0.0477,-0.0460,0.0017
1621,999.9,246.9,94.6363,94.6381,94.6838,-0.0475,-0.0458,0.0017
1622,1000.1,236.4,94.6335,94.6352,94.6812,-0.0477,-0.0460,0.0017
1623,999.9,218.6,94.6307,94.6324,94.6787,-0.0480,-0.0463,0.0017
1624,1000.2,228.3,94.6278,94.6295,94.6762,-0.0483,-0.0466,0.0017
1625,999.8,219.9,94.6250,94.6267,94.6736,-0.0486,-0.0469,0.0017
1626,999.2,233.5,94.6221,94.6238,94.6708,-0.0486,-0.0469,0.0017
1627,1000.8,221.3,94.6193,94.6210,94.6681,-0.0488,-0.0471,0.0017
1628,1000.0,240.7,94.6164,94.6181,94.6654,-0.0490,-0.0473,0.0017
1629,1002.3,216.2,94.6135,94.6152,94.6625,-0.0490,-0.0473,0.0017
1630,1000.2,213.3,94.6106,94.6123,94.6599,-0.0493,-0.0476,0.0017
1631,998.4,269.6,94.6077,94.6094,94.6573,-0.0496,-0.0479,0.0017
1632,1006.7,358.2,94.6048,94.6065,94.6546,-0.0497,-0.0480,0.0017
1633,993.4,203.9,94.6019,94.6036,94.6515,-0.0496,-0.0479,0.0017
1634,999.4,245.4,94.5990,94.6007,94.6486,-0.0496,-0.0479,0.0017
1635,999.7,207.8,94.5961,94.5978,94.6457,-0.0496,-0.0480,0.0017
1636,1000.2,226.7,94.5932,94.5949,94.6429,-0.0497,-0.0480,0.0017
1637,999.4,240.9,94.5902,94.5919,94.6397,-0.0495,-0.0478,0.0017
1638,1000.0,219.1,94.5873,94.5890,94.6369,-0.0496,-0.0479,0.0017
1639,999.8,236.2,94.5844,94.5860,94.6340,-0.0496,-0.0480,0.0017
1640,1000.2,216.9,94.5814,94.5831,94.6311,-0.0497,-0.0481,0.0017
1641,1000.1,221.6,94.5784,94.5801,94.6283,-0.0498,-0.0482,0.0017
1642,1000.2,230.6,94.5755,94.5771,94.6257,-0.0503,-0.0486,0.0017
1643,1000.4,244.9,94.5725,94.5741,94.6233,-0.0508,-0.0491,0.0017
1644,1000.4,258.0,94.5695,94.5712,94.6208,-0.0513,-0.0496,0.0016
1645,1001.7,266.9,94.5665,94.5682,94.6181,-0.0515,-0.0499,0.0016
1646,998.8,249.0,94.5635,94.5652,94.6154,-0.0519,-0.0502,0.0016
1647,998.4,224.5,94.5605,94.5622,94.6126,-0.0521,-0.0504,0.0016
1648,999.9,229.3,94.5575,94.5592,94.6098,-0.0523,-0.0507,0.0016
1649,1000.8,232.0,94.5545,94.5561,94.6069,-0.0524,-0.0508,0.0016
1650,1000.3,205.5,94.5515,94.5531,94.6042,-0.0527,-0.0511,0.0016
1651,1001.3,242.5,94.5484,94.5501,94.6014,-0.0530,-0.0514,0.0016
1652,1001.0,247.0,94.5454,94.5470,94.5986,-0.0532,-0.0516,0.0016
1653,1000.1,213.9,94.5424,94.5440,94.5955,-0.0532,-0.0516,0.0016
1654,1003.9,243.4,94.5393,94.5409,94.5929,-0.0536,-0.0520,0.0016
1655,995.8,212.0,94.5363,94.5379,94.5904,-0.0542,-0.0526,0.0016
1656,1004.2,226.6,94.5332,94.5348,94.5879,-0.0547,-0.0531,0.0016
1657,995.8,229.3,94.5301,94.5317,94.5849,-0.0547,-0.0531,0.0016
1658,1000.6,222.6,94.5270,94.5286,94.5824,-0.0553,-0.0537,0.0016
1659,999.3,228.4,94.5240,94.5256,94.5798,-0.0558,-0.0542,0.0016
1660,1000.0,227.3,94.5209,94.5225,94.5772,-0.0564,-0.0548,0.0016
1661,1000.2,232.6,94.5178,94.5194,94.5744,-0.0567,-0.0551,0.0016
1662,1000.0,223.6,94.5147,94.5162,94.5718,-0.0571,-0.0555,0.0016
1663,999.6,248.8,94.5115,94.5131,94.5690,-0.0575,-0.0559,0.0016
1664,1000.4,230.8,94.5084,94.5100,94.5661,-0.0577,-0.0561,0.0016
1665,1000.0,268.2,94.5053,94.5069,94.5630,-0.0577,-0.0561,0.0016
1666,998.7,254.6,94.5022,94.5037,94.5600,-0.0578,-0.0563,0.0016
1667,1008.6,371.7,94.4990,94.5006,94.5570,-0.0579,-0.0564,0.0016
1668,994.1,321.0,94.4959,94.4974,94.5539,-0.0580,-0.0565,0.0016
1669,998.7,281.6,94.4927,94.4943,94.5506,-0.0579,-0.0563,0.0016
1670,999.6,283.0,94.4896,94.4911,94.5475,-0.0579,-0.0563,0.0016
1671,1000.2,282.5,94.4864,94.4879,94.5444,-0.0580,-0.0564,0.0016
1672,999.4,258.8,94.4832,94.4848,94.5414,-0.0581,-0.0566,0.0016
1673,996.9,229.4,94.4800,94.4816,94.5381,-0.0581,-0.0565,0.0015
1674,1000.4,237.3,94.4768,94.4784,94.5350,-0.0581,-0.0566,0.0015
1675,1000.0,224.1,94.4737,94.4752,94.5318,-0.0581,-0.0566,0.0015
1676,999.6,241.3,94.4705,94.4720,94.5318,-0.0613,-0.0598,0.0015
1677,1000.3,220.2,94.4672,94.4688,94.5286,-0.0613,-0.0598,0.0015
1678,999.5,233.2,94.4640,94.4656,94.5251,-0.0611,-0.0596,0.0015
1679,999.1,232.9,94.4608,94.4623,94.5217,-0.0609,-0.0594,0.0015
1680,1000.9,210.1,94.4576,94.4591,94.5182,-0.0606,-0.0591,0.0015
1681,998.7,200.9,94.4543,94.4559,94.5146,-0.0603,-0.0587,0.0015
1682,1000.2,207.5,94.4511,94.4526,94.5107,-0.0596,-0.0581,0.0015
1683,999.8,237.8,94.4479,94.4494,94.5072,-0.0593,-0.0578,0.0015
1684,1001.1,239.9,94.4446,94.4461,94.5037,-0.0591,-0.0576,0.0015
1685,1002.5,212.8,94.4413,94.4428,94.5003,-0.0589,-0.0574,0.0015
1686,999.4,246.1,94.4381,94.4396,94.4967,-0.0586,-0.0571,0.0015
1687,1000.6,218.0,94.4348,94.4363,94.4934,-0.0586,-0.0571,0.0015
1688,999.7,210.3,94.4315,94.4330,94.4900,-0.0585,-0.0570,0.0015
1689,1000.5,241.8,94.4282,94.4297,94.4865,-0.0583,-0.0568,0.0015
1690,1000.9,216.2,94.4249,94.4264,94.4827,-0.0577,-0.0563,0.0015
1691,1000.0,226.2,94.4216,94.4231,94.4792,-0.0576,-0.0561,0.0015
1692,1000.8,242.9,94.4183,94.4198,94.4756,-0.0573,-0.0558,0.0015
1693,997.5,230.5,94.4150,94.4165,94.4721,-0.0571,-0.0556,0.0015
1694,999.3,260.9,94.4117,94.4131,94.4682,-0.0566,-0.0551,0.0015
1695,998.5,256.4,94.4083,94.4098,94.4647,-0.0564,-0.0549,0.0015
1696,1000.5,225.7,94.4050,94.4065,94.4612,-0.0562,-0.0548,0.0015
1697,999.4,231.0,94.4017,94.4031,94.4579,-0.0562,-0.0547,0.0015
1698,1000.1,230.4,94.3983,94.3998,94.4544,-0.0561,-0.0547,0.0015
1699,999.5,227.2,94.3949,94.3964,94.4513,-0.0564,-0.0549,0.0015
1700,1000.7,213.9,94.3916,94.3930,94.4482,-0.0566,-0.0551,0.0015
1701,999.5,219.8,94.3882,94.3897,94.4449,-0.0567,-0.0553,0.0015
1702,999.8,215.0,94.3848,94.3863,94.4415,-0.0567,-0.0552,0.0015
1703,999.7,235.1,94.3815,94.3829,94.4383,-0.0568,-0.0554,0.0014
1704,1001.1,226.7,94.3781,94.3795,94.4349,-0.0568,-0.0554,0.0014
1705,999.0,202.4,94.3747,94.3761,94.4315,-0.0568,-0.0554,0.0014
1706,999.8,239.9,94.3713,94.3727,94.4277,-0.0565,-0.0550,0.0014
1707,1000.4,226.8,94.3679,94.3693,94.4242,-0.0564,-0.0549,0.0014
1708,1000.6,212.8,94.3644,94.3659,94.4208,-0.0564,-0.0549,0.0014
1709,999.3,237.7,94.3610,94.3624,94.4175,-0.0565,-0.0550,0.0014
1710,1000.6,204.1,94.3576,94.3590,94.4139,-0.0563,-0.0549,0.0014
1711,999.4,233.4,94.3541,94.3556,94.4107,-0.0565,-0.0551,0.0014
1712,1000.2,226.1,94.3507,94.3521,94.4075,-0.0568,-0.0554,0.0014
1713,999.7,218.6,94.3473,94.3487,94.4044,-0.0572,-0.0558,0.0014
1714,1000.2,228.5,94.3438,94.3452,94.4011,-0.0573,-0.0559,0.0014
1715,1000.0,220.4,94.3403,94.3417,94.3980,-0.0577,-0.0563,0.0014
1716,1000.2,235.8,94.3369,94.3383,94.3948,-0.0579,-0.0565,0.0014
1717,999.6,212.6,94.3334,94.3348,94.3915,-0.0581,-0.0567,0.0014
1718,1000.1,249.3,94.3299,94.3313,94.3878,-0.0579,-0.0565,0.0014
1719,1001.3,279.4,94.3264,94.3278,94.3844,-0.0580,-0.0566,0.0014
1720,999.5,255.2,94.3229,94.3243,94.3810,-0.0581,-0.0567,0.0014
1721,998.9,225.8,94.3194,94.3208,94.3777,-0.0583,-0.0569,0.0014
1722,1000.9,223.0,94.3159,94.3173,94.3741,-0.0582,-0.0568,0.0014
1723,999.0,209.7,94.3124,94.3138,94.3710,-0.0586,-0.0572,0.0014
1724,1001.1,246.0,94.3089,94.3103,94.3679,-0.0590,-0.0576,0.0014
1725,999.1,214.4,94.3053,94.3067,94.3648,-0.0595,-0.0581,0.0014
1726,1000.3,239.8,94.3018,94.3032,94.3616,-0.0598,-0.0584,0.0014
1727,999.7,206.6,94.2983,94.2996,94.3586,-0.0603,-0.0590,0.0014
1728,1000.6,219.6,94.2947,94.2961,94.3557,-0.0610,-0.0596,0.0014
1729,999.2,235.0,94.2912,94.2925,94.3527,-0.0616,-0.0602,0.0014
1730,1000.2,233.9,94.2876,94.2890,94.3493,-0.0617,-0.0604,0.0014
1731,1001.4,210.1,94.2840,94.2854,94.3461,-0.0621,-0.0607,0.0014
1732,998.8,232.3,94.2805,94.2818,94.3430,-0.0625,-0.0611,0.0014
1733,1003.0,251.9,94.2769,94.2782,94.3399,-0.0630,-0.0617,0.0013
1734,997.8,224.3,94.2733,94.2746,94.3366,-0.0633,-0.0619,0.0013
1735,999.2,217.1,94.2697,94.2710,94.3335,-0.0638,-0.0624,0.0013
1736,1000.3,244.0,94.2661,94.2674,94.3305,-0.0644,-0.0631,0.0013
1737,999.7,208.6,94.2625,94.2638,94.3278,-0.0653,-0.0639,0.0013
1738,999.8,238.1,94.2589,94.2602,94.3250,-0.0661,-0.0648,0.0013
1739,1001.2,222.7,94.2553,94.2566,94.3224,-0.0672,-0.0658,0.0013
1740,998.9,208.9,94.2516,94.2530,94.3197,-0.0681,-0.0668,0.0013
1741,1000.5,216.5,94.2480,94.2493,94.3171,-0.0691,-0.0678,0.0013
1742,999.5,214.4,94.2444,94.2457,94.3142,-0.0698,-0.0685,0.0013
1743,1000.3,207.9,94.2407,94.2420,94.3114,-0.0707,-0.0694,0.0013
1744,999.7,268.7,94.2371,94.2384,94.3085,-0.0714,-0.0701,0.0013
1745,1000.5,295.3,94.2334,94.2347,94.3055,-0.0721,-0.0707,0.0013
1746,999.2,250.4,94.2298,94.2311,94.3023,-0.0725,-0.0712,0.0013
1747,1004.1,288.5,94.2261,94.2274,94.2992,-0.0731,-0.0718,0.0013
1748,997.3,302.8,94.2224,94.2237,94.2961,-0.0737,-0.0724,0.0013
1749,999.5,262.7,94.2187,94.2200,94.2929,-0.0741,-0.0729,0.0013
1750,999.3,268.6,94.2150,94.2163,94.2896,-0.0746,-0.0733,0.0013
1751,1001.3,232.2,94.2113,94.2126,94.2859,-0.0746,-0.0733,0.0013
1752,999.0,240.6,94.2076,94.2089,94.2825,-0.0748,-0.0735,0.0013
1753,1000.9,240.5,94.2039,94.2052,94.2791,-0.0752,-0.0739,0.0013
1754,998.9,204.6,94.2002,94.2015,94.2754,-0.0752,-0.0739,0.0013
1755,1001.2,218.4,94.1965,94.1978,94.2719,-0.0754,-0.0741,0.0013
1756,998.6,216.2,94.1928,94.1940,94.2683,-0.0756,-0.0743,0.0013
1757,1001.6,222.8,94.1890,94.1903,94.2646,-0.0756,-0.0743,0.0013
1758,998.6,233.0,94.1853,94.1865,94.2605,-0.0752,-0.0739,0.0013
1759,1000.7,240.9,94.1815,94.1828,94.2566,-0.0750,-0.0738,0.0013
1760,999.3,214.6,94.1778,94.1790,94.2525,-0.0747,-0.0734,0.0013
1761,1001.4,238.4,94.1740,94.1753,94.2483,-0.0743,-0.0731,0.0013
1762,998.7,200.2,94.1703,94.1715,94.2439,-0.0737,-0.0724,0.0013
1763,1001.1,221.8,94.1665,94.1677,94.2397,-0.0732,-0.0720,0.0013
1764,1000.9,226.1,94.1627,94.1640,94.2356,-0.0729,-0.0717,0.0013
1765,999.5,226.4,94.1589,94.1602,94.2316,-0.0726,-0.0714,0.0012
1766,998.1,209.2,94.1551,94.1564,94.2271,-0.0720,-0.0708,0.0012
1767,1001.4,226.2,94.1513,94.1526,94.2229,-0.0716,-0.0703,0.0012
1768,999.0,246.5,94.1475,94.1488,94.2185,-0.0710,-0.0697,0.0012
1769,1001.1,256.3,94.1437,94.1449,94.2142,-0.0705,-0.0692,0.0012
1770,998.9,262.7,94.1399,94.1411,94.2098,-0.0699,-0.0686,0.0012
1771,1001.1,216.7,94.1361,94.1373,94.2048,-0.0688,-0.0675,0.0012
1772,998.8,223.2,94.1322,94.1335,94.2004,-0.0682,-0.0670,0.0012
1773,1000.9,240.4,94.1284,94.1296,94.1962,-0.0678,-0.0666,0.0012
1774,999.1,199.5,94.1246,94.1258,94.1921,-0.0676,-0.0664,0.0012
1775,1001.1,214.4,94.1207,94.1219,94.1879,-0.0672,-0.0660,0.0012
1776,998.6,226.0,94.1169,94.1181,94.1840,-0.0671,-0.0659,0.0012
1777,1001.4,218.4,94.1130,94.1142,94.1800,-0.0670,-0.0658,0.0012
1778,998.8,210.4,94.1091,94.1103,94.1760,-0.0669,-0.0657,0.0012
1779,1001.2,247.0,94.1053,94.1065,94.1715,-0.0663,-0.0651,0.0012
1780,1002.5,226.5,94.1014,94.1026,94.1673,-0.0659,-0.0647,0.0012
1781,997.6,237.3,94.0975,94.0987,94.1629,-0.0654,-0.0642,0.0012
1782,999.0,207.7,94.0936,94.0948,94.1586,-0.0650,-0.0638,0.0012
1783,1000.1,228.9,94.0897,94.0909,94.1540,-0.0643,-0.0631,0.0012
1784,1000.2,232.1,94.0858,94.0870,94.1496,-0.0638,-0.0626,0.0012
1785,999.4,222.6,94.0819,94.0831,94.1453,-0.0634,-0.0622,0.0012
1786,999.2,214.3,94.0780,94.0792,94.1410,-0.0630,-0.0619,0.0012
1787,1000.9,243.7,94.0741,94.0752,94.1364,-0.0623,-0.0611,0.0012
1788,999.6,239.0,94.0701,94.0713,94.1321,-0.0620,-0.0608,0.0012
1789,1000.4,202.7,94.0662,94.0674,94.1278,-0.0616,-0.0605,0.0012
1790,999.5,220.9,94.0623,94.0634,94.1235,-0.0612,-0.0600,0.0012
1791,1000.5,203.2,94.0583,94.0595,94.1187,-0.0604,-0.0592,0.0012
1792,999.9,222.5,94.0544,94.0555,94.1143,-0.0599,-0.0587,0.0012
1793,1000.0,246.1,94.0504,94.0516,94.1099,-0.0595,-0.0583,0.0012
1794,999.6,260.4,94.0464,94.0476,94.1055,-0.0591,-0.0579,0.0012
1795,1000.4,257.8,94.0425,94.0436,94.1010,-0.0586,-0.0574,0.0012
1796,999.3,239.3,94.0385,94.0396,94.0971,-0.0586,-0.0575,0.0012
1797,1003.6,255.1,94.0345,94.0356,94.0932,-0.0587,-0.0576,0.0011
1798,997.3,228.6,94.0305,94.0317,94.0895,-0.0589,-0.0578,0.0011
1799,1000.9,222.8,94.0265,94.0277,94.0853,-0.0588,-0.0577,0.0011
1800,998.7,218.5,94.0225,94.0236,94.0813,-0.0588,-0.0576,0.0011
1801,1000.3,211.5,94.0185,94.0196,94.0773,-0.0588,-0.0577,0.0011
1802,1000.6,236.1,94.0145,94.0156,94.0733,-0.0588,-0.0577,0.0011
1803,999.3,224.7,94.0105,94.0116,94.0696,-0.0591,-0.0580,0.0011
1804,1000.0,204.1,94.0064,94.0076,94.0655,-0.0591,-0.0580,0.0011
1805,1000.2,228.1,94.0024,94.0035,94.0619,-0.0595,-0.0584,0.0011
1806,999.2,209.9,93.9984,93.9995,94.0584,-0.0601,-0.0589,0.0011
1807,1000.6,221.3,93.9943,93.9954,94.0550,-0.0607,-0.0596,0.0011
1808,999.6,211.9,93.9903,93.9914,94.0514,-0.0611,-0.0600,0.0011
1809,1000.6,203.0,93.9862,93.9873,94.0480,-0.0618,-0.0607,0.0011
1810,999.5,216.3,93.9822,93.9833,94.0449,-0.0627,-0.0616,0.0011
1811,1000.8,225.8,93.9781,93.9792,94.0418,-0.0637,-0.0626,0.0011
1812,999.7,223.5,93.9740,93.9751,94.0384,-0.0644,-0.0633,0.0011
1813,1000.4,219.3,93.9699,93.9710,94.0347,-0.0647,-0.0636,0.0011
1814,1001.1,226.4,93.9658,93.9669,94.0311,-0.0652,-0.0641,0.0011
1815,999.3,217.5,93.9618,93.9628,94.0274,-0.0657,-0.0646,0.0011
1816,998.5,216.4,93.9577,93.9587,94.0236,-0.0660,-0.0649,0.0011
1817,1000.9,210.0,93.9536,93.9546,94.0202,-0.0667,-0.0656,0.0011
1818,999.2,228.8,93.9494,93.9505,94.0169,-0.0674,-0.0663,0.0011
1819,1000.5,243.4,93.9453,93.9464,94.0134,-0.0681,-0.0670,0.0011
1820,999.6,273.9,93.9412,93.9423,94.0097,-0.0685,-0.0674,0.0011
1821,1000.4,233.0,93.9371,93.9381,94.0062,-0.0692,-0.0681,0.0011
1822,999.5,210.7,93.9329,93.9340,94.0027,-0.0697,-0.0687,0.0011
1823,1000.3,231.4,93.9288,93.9299,93.9991,-0.0703,-0.0693,0.0011
1824,999.7,240.9,93.9247,93.9257,93.9953,-0.0706,-0.0696,0.0011
1825,1000.6,241.7,93.9205,93.9216,93.9915,-0.0710,-0.0699,0.0011
1826,999.0,219.5,93.9163,93.9174,93.9878,-0.0715,-0.0704,0.0011
1827,1000.8,224.6,93.9122,93.9132,93.9839,-0.0718,-0.0707,0.0011
1828,999.5,222.6,93.9080,93.9091,93.9801,-0.0721,-0.0711,0.0011
1829,1000.6,207.8,93.9038,93.9049,93.9760,-0.0721,-0.0711,0.0011
1830,999.9,237.3,93.8997,93.9007,93.9721,-0.0725,-0.0714,0.0010
1831,1002.1,220.1,93.8955,93.8965,93.9682,-0.0728,-0.0717,0.0010
1832,998.0,224.9,93.8913,93.8923,93.9634,-0.0722,-0.0711,0.0010
1833,1000.3,213.6,93.8871,93.8881,93.9602,-0.0731,-0.0721,0.0010
1834,999.2,216.8,93.8829,93.8839,93.9556,-0.0727,-0.0717,0.0010
1835,1000.3,220.4,93.8787,93.8797,93.9514,-0.0728,-0.0718,0.0010
1836,1000.1,244.1,93.8744,93.8755,93.9479,-0.0734,-0.0724,0.0010
1837,1000.5,217.4,93.8702,93.8712,93.9426,-0.0724,-0.0714,0.0010
1838,999.2,228.4,93.8660,93.8670,93.9383,-0.0723,-0.0713,0.0010
1839,1000.3,231.5,93.8618,93.8628,93.9340,-0.0722,-0.0712,0.0010
1840,999.5,228.7,93.8575,93.8585,93.9294,-0.0719,-0.0709,0.0010
1841,1000.5,209.5,93.8533,93.8543,93.9254,-0.0722,-0.0712,0.0010
1842,999.9,222.9,93.8490,93.8500,93.9214,-0.0724,-0.0714,0.0010
1843,999.8,256.8,93.8448,93.8458,93.9174,-0.0726,-0.0716,0.0010
1844,1000.3,296.6,93.8405,93.8415,93.9129,-0.0724,-0.0714,0.0010
1845,1000.5,272.5,93.8362,93.8372,93.9087,-0.0725,-0.0715,0.0010
1846,998.8,250.8,93.8319,93.8329,93.9045,-0.0726,-0.0716,0.0010
1847,1002.9,250.9,93.8277,93.8287,93.8999,-0.0723,-0.0713,0.0010
1848,998.1,237.5,93.8234,93.8244,93.8955,-0.0721,-0.0711,0.0010
1849,1000.3,253.3,93.8191,93.8201,93.8909,-0.0718,-0.0708,0.0010
1850,998.9,196.1,93.8148,93.8158,93.8865,-0.0717,-0.0707,0.0010
1851,1000.4,221.8,93.8105,93.8115,93.8865,-0.0760,-0.0751,0.0010
1852,999.5,204.1,93.8062,93.8072,93.8823,-0.0761,-0.0751,0.0010
1853,1000.4,212.0,93.8019,93.8028,93.8777,-0.0758,-0.0749,0.0010
1854,999.5,218.2,93.7975,93.7985,93.8733,-0.0757,-0.0748,0.0010
1855,1000.6,195.2,93.7932,93.7942,93.8688,-0.0756,-0.0746,0.0010
1856,999.2,207.7,93.7889,93.7899,93.8639,-0.0750,-0.0740,0.0010
1857,1000.9,212.3,93.7845,93.7855,93.8591,-0.0746,-0.0736,0.0010
1858,999.5,203.5,93.7802,93.7812,93.8543,-0.0741,-0.0732,0.0010
1859,1000.5,205.9,93.7758,93.7768,93.8495,-0.0736,-0.0727,0.0010
1860,999.5,206.7,93.7715,93.7725,93.8442,-0.0727,-0.0718,0.0010
1861,1000.7,212.4,93.7671,93.7681,93.8394,-0.0723,-0.0713,0.0010
1862,999.4,226.9,93.7628,93.7637,93.8348,-0.0720,-0.0711,0.0010
1863,1000.2,217.9,93.7584,93.7593,93.8304,-0.0721,-0.0711,0.0010
1864,1002.6,208.8,93.7540,93.7550,93.8256,-0.0716,-0.0706,0.0010
1865,998.3,222.5,93.7496,93.7506,93.8211,-0.0714,-0.0705,0.0009
1866,998.8,233.8,93.7452,93.7462,93.8165,-0.0713,-0.0703,0.0009
1867,1002.2,231.3,93.7408,93.7418,93.8119,-0.0711,-0.0701,0.0009
1868,998.2,219.0,93.7364,93.7374,93.8071,-0.0707,-0.0697,0.0009
1869,1000.6,266.9,93.7320,93.7330,93.8029,-0.0709,-0.0699,0.0009
1870,999.3,261.1,93.7276,93.7286,93.7989,-0.0713,-0.0703,0.0009
1871,1002.3,248.2,93.7232,93.7241,93.7949,-0.0717,-0.0708,0.0009
1872,998.0,234.5,93.7188,93.7197,93.7908,-0.0720,-0.0711,0.0009
1873,1000.4,218.2,93.7144,93.7153,93.7871,-0.0728,-0.0718,0.0009
1874,999.7,221.8,93.7099,93.7108,93.7835,-0.0735,-0.0726,0.0009
1875,1001.4,234.2,93.7055,93.7064,93.7798,-0.0743,-0.0734,0.0009
1876,998.1,226.1,93.7010,93.7019,93.7757,-0.0746,-0.0737,0.0009
1877,1000.9,213.2,93.6966,93.6975,93.7717,-0.0752,-0.0742,0.0009
1878,999.4,205.4,93.6921,93.6930,93.7677,-0.0755,-0.0746,0.0009
1879,1000.5,215.6,93.6877,93.6886,93.7635,-0.0758,-0.0749,0.0009
1880,999.6,209.8,93.6832,93.6841,93.7590,-0.0758,-0.0749,0.0009
1881,1001.2,217.9,93.6787,93.6796,93.7552,-0.0765,-0.0755,0.0009
1882,999.0,200.2,93.6742,93.6751,93.7513,-0.0770,-0.0761,0.0009
1883,1000.0,217.2,93.6698,93.6707,93.7473,-0.0776,-0.0767,0.0009
1884,999.6,207.6,93.6653,93.6662,93.7430,-0.0778,-0.0769,0.0009
1885,1000.5,196.7,93.6608,93.6617,93.7389,-0.0782,-0.0773,0.0009
1886,998.8,220.1,93.6563,93.6572,93.7347,-0.0785,-0.0776,0.0009
1887,1000.8,203.1,93.6518,93.6527,93.7304,-0.0787,-0.0778,0.0009
1888,999.8,201.2,93.6473,93.6481,93.7258,-0.0786,-0.0777,0.0009
1889,1000.5,221.9,93.6427,93.6436,93.7215,-0.0788,-0.0779,0.0009
1890,999.2,222.5,93.6382,93.6391,93.7172,-0.0790,-0.0781,0.0009
1891,1000.4,216.6,93.6337,93.6346,93.7130,-0.0793,-0.0784,0.0009
1892,999.5,217.6,93.6291,93.6300,93.7085,-0.0793,-0.0784,0.0009
1893,1000.6,231.9,93.6246,93.6255,93.7042,-0.0795,-0.0787,0.0009
1894,999.5,271.1,93.6201,93.6209,93.6999,-0.0798,-0.0789,0.0009
1895,1000.4,259.6,93.6155,93.6164,93.6955,-0.0800,-0.0792,0.0009
1896,999.1,246.7,93.6110,93.6118,93.6910,-0.0801,-0.0792,0.0009
1897,1003.1,268.5,93.6064,93.6073,93.6867,-0.0803,-0.0795,0.0009
1898,1002.0,302.2,93.6018,93.6027,93.6824,-0.0806,-0.0797,0.0009
1899,997.4,295.0,93.5973,93.5981,93.6780,-0.0808,-0.0799,0.0009
1900,999.0,292.7,93.5927,93.5935,93.6734,-0.0807,-0.0798,0.0009
1901,1001.8,277.4,93.5881,93.5889,93.6691,-0.0810,-0.0802,0.0008
1902,1000.7,261.5,93.5835,93.5844,93.6650,-0.0815,-0.0806,0.0008
1903,999.3,249.2,93.5789,93.5798,93.6609,-0.0820,-0.0811,0.0008
1904,1000.5,256.4,93.5743,93.5752,93.6565,-0.0821,-0.0813,0.0008
1905,999.8,237.1,93.5697,93.5705,93.6522,-0.0825,-0.0817,0.0008
1906,999.7,237.9,93.5651,93.5659,93.6476,-0.0825,-0.0817,0.0008
1907,1002.8,236.6,93.5605,93.5613,93.6430,-0.0825,-0.0817,0.0008
1908,1000.8,246.9,93.5559,93.5567,93.6378,-0.0819,-0.0811,0.0008
1909,997.4,228.5,93.5512,93.5521,93.6327,-0.0815,-0.0806,0.0008
1910,999.5,249.0,93.5466,93.5474,93.6277,-0.0811,-0.0803,0.0008
1911,1000.2,220.2,93.5420,93.5428,93.6227,-0.0808,-0.0799,0.0008
1912,999.9,245.3,93.5373,93.5381,93.6175,-0.0802,-0.0793,0.0008
1913,998.7,205.8,93.5327,93.5335,93.6125,-0.0799,-0.0790,0.0008
1914,999.4,240.4,93.5280,93.5288,93.6075,-0.0795,-0.0787,0.0008
1915,1002.9,246.0,93.5234,93.5242,93.6023,-0.0790,-0.0782,0.0008
1916,995.9,228.5,93.5187,93.5195,93.5965,-0.0778,-0.0770,0.0008
1917,1002.8,233.7,93.5140,93.5148,93.5911,-0.0771,-0.0763,0.0008
1918,1000.1,233.3,93.5094,93.5102,93.5857,-0.0763,-0.0755,0.0008
1919,1000.0,282.0,93.5047,93.5055,93.5803,-0.0756,-0.0748,0.0008
1920,999.8,293.4,93.5000,93.5008,93.5746,-0.0746,-0.0738,0.0008
1921,998.7,255.7,93.4953,93.4961,93.5695,-0.0742,-0.0734,0.0008
1922,1000.6,239.7,93.4906,93.4914,93.5643,-0.0737,-0.0729,0.0008
1923,999.7,225.3,93.4859,93.4867,93.5591,-0.0731,-0.0723,0.0008
1924,998.5,234.3,93.4812,93.4820,93.5534,-0.0722,-0.0714,0.0008
1925,1000.4,198.5,93.4765,93.4773,93.5482,-0.0717,-0.0709,0.0008
1926,999.0,232.2,93.4718,93.4726,93.5431,-0.0713,-0.0705,0.0008
1927,1000.9,224.5,93.4671,93.4678,93.5381,-0.0711,-0.0703,0.0008
1928,999.5,207.9,93.4623,93.4631,93.5330,-0.0706,-0.0698,0.0008
1929,1000.7,218.5,93.4576,93.4584,93.5282,-0.0706,-0.0698,0.0008
1930,1001.2,217.1,93.4529,93.4536,93.5236,-0.0708,-0.0700,0.0008
1931,1000.9,232.5,93.4481,93.4489,93.5191,-0.0710,-0.0702,0.0008
1932,1000.3,249.7,93.4434,93.4442,93.5146,-0.0713,-0.0705,0.0008
1933,999.8,240.5,93.4386,93.4394,93.5098,-0.0712,-0.0704,0.0008
1934,999.8,239.1,93.4339,93.4346,93.5052,-0.0713,-0.0705,0.0008
1935,999.4,252.4,93.4291,93.4299,93.5004,-0.0713,-0.0705,0.0008
1936,999.2,245.8,93.4243,93.4251,93.4958,-0.0714,-0.0707,0.0008
1937,1001.3,239.1,93.4196,93.4203,93.4909,-0.0713,-0.0705,0.0008
1938,1000.2,261.5,93.4148,93.4155,93.4865,-0.0717,-0.0709,0.0008
1939,1000.1,260.8,93.4100,93.4108,93.4820,-0.0720,-0.0712,0.0007
1940,999.4,222.5,93.4052,93.4060,93.4775,-0.0723,-0.0716,0.0007
1941,1001.2,254.7,93.4004,93.4012,93.4727,-0.0723,-0.0716,0.0007
1942,1000.2,259.5,93.3956,93.3964,93.4683,-0.0726,-0.0719,0.0007
1943,996.8,225.9,93.3908,93.3916,93.4636,-0.0728,-0.0721,0.0007
1944,1004.3,251.7,93.3860,93.3868,93.4590,-0.0730,-0.0723,0.0007
1945,998.4,283.2,93.3812,93.3819,93.4543,-0.0731,-0.0724,0.0007
1946,996.6,263.6,93.3764,93.3771,93.4499,-0.0735,-0.0728,0.0007
1947,1000.6,236.0,93.3716,93.3723,93.4455,-0.0740,-0.0732,0.0007
1948,999.5,212.7,93.3667,93.3675,93.4412,-0.0744,-0.0737,0.0007
1949,1000.5,224.4,93.3619,93.3626,93.4365,-0.0746,-0.0739,0.0007
1950,999.6,209.2,93.3571,93.3578,93.4320,-0.0749,-0.0742,0.0007
1951,1000.0,239.7,93.3522,93.3529,93.4275,-0.0753,-0.0746,0.0007
1952,999.3,236.1,93.3474,93.3481,93.4230,-0.0756,-0.0749,0.0007
1953,1000.3,228.3,93.3425,93.3432,93.4182,-0.0757,-0.0750,0.0007
1954,999.6,215.5,93.3377,93.3384,93.4139,-0.0762,-0.0755,0.0007
1955,1000.6,228.3,93.3328,93.3335,93.4097,-0.0769,-0.0762,0.0007
1956,999.2,235.3,93.3279,93.3286,93.4057,-0.0778,-0.0771,0.0007
1957,1000.8,217.0,93.3231,93.3238,93.4019,-0.0788,-0.0781,0.0007
1958,1005.5,232.5,93.3182,93.3189,93.3980,-0.0799,-0.0792,0.0007
1959,996.1,240.8,93.3133,93.3140,93.3939,-0.0806,-0.0799,0.0007
1960,999.3,203.5,93.3084,93.3091,93.3900,-0.0816,-0.0809,0.0007
1961,999.6,231.2,93.3035,93.3042,93.3859,-0.0824,-0.0817,0.0007
1962,1003.1,231.3,93.2986,93.2993,93.3816,-0.0830,-0.0823,0.0007
1963,997.0,225.8,93.2937,93.2944,93.3771,-0.0834,-0.0827,0.0007
1964,1000.9,224.4,93.2888,93.2895,93.3728,-0.0840,-0.0833,0.0007
1965,999.1,204.7,93.2839,93.2846,93.3684,-0.0845,-0.0838,0.0007
1966,998.9,223.3,93.2790,93.2796,93.3641,-0.0851,-0.0844,0.0007
1967,1000.9,217.2,93.2740,93.2747,93.3595,-0.0854,-0.0847,0.0007
1968,999.7,207.8,93.2691,93.2698,93.3550,-0.0859,-0.0852,0.0007
1969,1000.4,244.0,93.2642,93.2649,93.3504,-0.0862,-0.0855,0.0007
1970,999.4,254.3,93.2592,93.2599,93.3457,-0.0865,-0.0858,0.0007
1971,1000.5,230.0,93.2543,93.2550,93.3405,-0.0862,-0.0856,0.0007
1972,999.5,209.1,93.2494,93.2500,93.3356,-0.0862,-0.0856,0.0007
1973,1000.3,227.2,93.2444,93.2451,93.3306,-0.0862,-0.0856,0.0007
1974,1001.7,221.5,93.2394,93.2401,93.3256,-0.0862,-0.0855,0.0007
1975,1002.0,206.8,93.2345,93.2351,93.3201,-0.0856,-0.0850,0.0007
1976,997.1,265.2,93.2295,93.2302,93.3150,-0.0855,-0.0848,0.0007
1977,1001.1,282.5,93.2245,93.2252,93.3100,-0.0854,-0.0848,0.0007
1978,1000.8,222.3,93.2196,93.2202,93.3051,-0.0855,-0.0848,0.0007
1979,998.0,242.4,93.2146,93.2152,93.2999,-0.0853,-0.0847,0.0006
1980,1000.6,240.2,93.2096,93.2102,93.2949,-0.0853,-0.0846,0.0006
1981,999.9,235.8,93.2046,93.2052,93.2898,-0.0852,-0.0846,0.0006
1982,1004.0,247.1,93.1996,93.2003,93.2846,-0.0850,-0.0844,0.0006
1983,994.3,212.5,93.1946,93.1952,93.2793,-0.0847,-0.0840,0.0006
1984,1002.7,217.9,93.1896,93.1902,93.2745,-0.0849,-0.0842,0.0006
1985,997.7,214.5,93.1846,93.1852,93.2699,-0.0853,-0.0847,0.0006
1986,999.1,222.0,93.1796,93.1802,93.2654,-0.0859,-0.0852,0.0006
1987,1000.8,213.1,93.1746,93.1752,93.2605,-0.0860,-0.0853,0.0006
1988,999.8,229.0,93.1695,93.1702,93.2558,-0.0863,-0.0857,0.0006
1989,1000.4,210.7,93.1645,93.1651,93.2509,-0.0864,-0.0858,0.0006
1990,999.8,206.8,93.1595,93.1601,93.2460,-0.0865,-0.0859,0.0006
1991,999.5,232.9,93.1544,93.1551,93.2406,-0.0862,-0.0856,0.0006
1992,1000.4,211.1,93.1494,93.1500,93.2355,-0.0861,-0.0855,0.0006
1993,999.6,233.4,93.1443,93.1450,93.2304,-0.0861,-0.0855,0.0006
1994,1005.4,281.6,93.1393,93.1399,93.2254,-0.0861,-0.0855,0.0006
1995,999.6,283.6,93.1342,93.1348,93.2200,-0.0857,-0.0851,0.0006
1996,999.5,266.3,93.1292,93.1298,93.2147,-0.0856,-0.0850,0.0006
1997,1004.2,266.2,93.1241,93.1247,93.2094,-0.0853,-0.0846,0.0006
1998,997.2,268.2,93.1190,93.1196,93.2038,-0.0848,-0.0842,0.0006
1999,995.9,236.3,93.1140,93.1146,93.1979,-0.0840,-0.0834,0.0006
2000,1000.8,202.1,93.1089,93.1095,93.1925,-0.0836,-0.0830,0.0006
2001,998.6,232.3,93.1038,93.1044,93.1873,-0.0835,-0.0829,0.0006
2002,999.4,225.1,93.0987,93.0993,93.1820,-0.0833,-0.0827,0.0006
2003,1000.1,215.9,93.0936,93.0942,93.1763,-0.0827,-0.0821,0.0006
2004,1003.2,223.2,93.0885,93.0891,93.1709,-0.0824,-0.0818,0.0006
2005,997.3,213.8,93.0834,93.0840,93.1656,-0.0822,-0.0816,0.0006
2006,999.1,235.9,93.0783,93.0789,93.1602,-0.0820,-0.0814,0.0006
2007,1000.6,233.9,93.0732,93.0738,93.1547,-0.0816,-0.0810,0.0006
2008,999.3,235.2,93.0681,93.0686,93.1498,-0.0817,-0.0811,0.0006
2009,1000.8,219.4,93.0629,93.0635,93.1443,-0.0814,-0.0808,0.0006
2010,999.6,232.5,93.0578,93.0584,93.1404,-0.0826,-0.0820,0.0006
2011,1004.4,252.9,93.0527,93.0533,93.1347,-0.0820,-0.0814,0.0006
2012,998.4,210.6,93.0475,93.0481,93.1298,-0.0823,-0.0817,0.0006
2013,1000.3,234.2,93.0424,93.0430,93.1249,-0.0825,-0.0819,0.0006
2014,1000.8,251.3,93.0373,93.0378,93.1199,-0.0827,-0.0821,0.0006
2015,999.2,220.6,93.0321,93.0327,93.1146,-0.0825,-0.0819,0.0006
2016,1000.4,229.4,93.0270,93.0275,93.1095,-0.0825,-0.0820,0.0006
2017,1000.1,233.5,93.0218,93.0224,93.1048,-0.0830,-0.0824,0.0006
2018,999.5,199.2,93.0166,93.0172,93.1002,-0.0836,-0.0830,0.0006
2019,998.1,283.5,93.0115,93.0120,93.0954,-0.0839,-0.0834,0.0006
2020,1001.1,296.1,93.0063,93.0068,93.0907,-0.0845,-0.0839,0.0006
2021,1007.7,263.9,93.0011,93.0017,93.0857,-0.0846,-0.0841,0.0006
2022,991.2,238.4,92.9959,92.9965,93.0800,-0.0841,-0.0835,0.0005
2023,999.8,242.3,92.9907,92.9913,93.0748,-0.0841,-0.0835,0.0005
2024,1000.2,223.5,92.9856,92.9861,93.0748,-0.0893,-0.0887,0.0005
2025,1000.8,210.0,92.9804,92.9809,93.0697,-0.0893,-0.0888,0.0005
2026,999.3,252.1,92.9752,92.9757,93.0647,-0.0895,-0.0890,0.0005
2027,999.0,213.4,92.9700,92.9705,93.0592,-0.0893,-0.0887,0.0005
2028,1003.7,245.1,92.9648,92.9653,93.0541,-0.0894,-0.0888,0.0005
2029,999.1,231.2,92.9595,92.9601,93.0488,-0.0893,-0.0888,0.0005
2030,998.1,205.2,92.9543,92.9549,93.0433,-0.0890,-0.0884,0.0005
2031,998.8,237.3,92.9491,92.9496,93.0372,-0.0881,-0.0876,0.0005
2032,999.9,224.4,92.9439,92.9444,93.0316,-0.0877,-0.0872,0.0005
2033,999.9,205.7,92.9386,92.9392,93.0261,-0.0875,-0.0869,0.0005
2034,1000.2,249.1,92.9334,92.9339,93.0209,-0.0875,-0.0869,0.0005
2035,1004.6,210.7,92.9282,92.9287,93.0153,-0.0871,-0.0866,0.0005
2036,996.2,234.1,92.9229,92.9234,93.0101,-0.0872,-0.0867,0.0005
2037,999.3,219.6,92.9177,92.9182,93.0048,-0.0872,-0.0866,0.0005
2038,1000.7,213.1,92.9124,92.9129,92.9996,-0.0871,-0.0866,0.0005
2039,999.4,217.2,92.9072,92.9077,92.9937,-0.0866,-0.0860,0.0005
2040,1003.9,214.8,92.9019,92.9024,92.9883,-0.0864,-0.0859,0.0005
2041,997.3,229.2,92.8967,92.8972,92.9829,-0.0862,-0.0857,0.0005
2042,1000.6,245.7,92.8914,92.8919,92.9774,-0.0860,-0.0855,0.0005
2043,998.2,253.8,92.8861,92.8866,92.9716,-0.0855,-0.0850,0.0005
2044,1002.5,252.7,92.8808,92.8813,92.9661,-0.0853,-0.0848,0.0005
2045,998.6,275.5,92.8756,92.8761,92.9606,-0.0851,-0.0846,0.0005
2046,999.7,251.7,92.8703,92.8708,92.9551,-0.0849,-0.0844,0.0005
2047,999.1,254.2,92.8650,92.8655,92.9491,-0.0841,-0.0836,0.0005
2048,1000.5,266.2,92.8597,92.8602,92.9434,-0.0837,-0.0832,0.0005
2049,999.7,267.3,92.8544,92.8549,92.9378,-0.0834,-0.0829,0.0005
2050,1002.0,237.9,92.8491,92.8496,92.9322,-0.0831,-0.0826,0.0005
2051,998.2,245.4,92.8438,92.8443,92.9261,-0.0824,-0.0819,0.0005
2052,1003.0,271.2,92.8385,92.8389,92.9205,-0.0820,-0.0815,0.0005
2053,996.9,277.6,92.8331,92.8336,92.9148,-0.0817,-0.0812,0.0005
2054,1001.6,270.0,92.8278,92.8283,92.9092,-0.0814,-0.0809,0.0005
2055,999.5,216.4,92.8225,92.8230,92.9033,-0.0808,-0.0803,0.0005
2056,1000.2,231.8,92.8172,92.8176,92.8980,-0.0808,-0.0804,0.0005
2057,998.7,224.4,92.8118,92.8123,92.8929,-0.0811,-0.0806,0.0005
2058,1000.0,218.0,92.8065,92.8070,92.8881,-0.0816,-0.0812,0.0005
2059,999.8,224.5,92.8012,92.8016,92.8830,-0.0819,-0.0814,0.0005
2060,999.9,211.1,92.7958,92.7963,92.8783,-0.0825,-0.0820,0.0005
2061,1000.2,225.8,92.7905,92.7909,92.8733,-0.0829,-0.0824,0.0005
2062,1000.0,208.0,92.7851,92.7856,92.8683,-0.0832,-0.0827,0.0005
2063,999.5,234.0,92.7798,92.7802,92.8628,-0.0830,-0.0826,0.0005
2064,1000.3,222.1,92.7744,92.7749,92.8577,-0.0833,-0.0829,0.0005
2065,1000.1,214.9,92.7690,92.7695,92.8528,-0.0837,-0.0833,0.0005
2066,1002.8,252.3,92.7637,92.7641,92.8478,-0.0842,-0.0837,0.0005
2067,999.4,211.9,92.7583,92.7587,92.8426,-0.0843,-0.0838,0.0005
2068,998.2,235.3,92.7529,92.7534,92.8377,-0.0848,-0.0843,0.0005
2069,1001.7,278.2,92.7475,92.7480,92.8327,-0.0851,-0.0847,0.0004
2070,999.9,256.0,92.7421,92.7426,92.8274,-0.0852,-0.0848,0.0004
2071,1002.0,259.5,92.7368,92.7372,92.8217,-0.0850,-0.0845,0.0004
2072,997.4,245.3,92.7314,92.7318,92.8167,-0.0853,-0.0849,0.0004
2073,1000.7,228.7,92.7260,92.7264,92.8119,-0.0859,-0.0855,0.0004
2074,999.1,230.7,92.7206,92.7210,92.8070,-0.0865,-0.0860,0.0004
2075,999.1,222.7,92.7152,92.7156,92.8019,-0.0868,-0.0863,0.0004
2076,1000.2,234.2,92.7097,92.7102,92.7972,-0.0874,-0.0870,0.0004
2077,999.7,219.0,92.7043,92.7048,92.7924,-0.0881,-0.0877,0.0004
2078,999.7,230.5,92.6989,92.6993,92.7877,-0.0888,-0.0884,0.0004
2079,1000.4,220.4,92.6935,92.6939,92.7825,-0.0890,-0.0886,0.0004
2080,1000.1,214.3,92.6881,92.6885,92.7776,-0.0896,-0.0891,0.0004
2081,999.7,231.8,92.6826,92.6831,92.7728,-0.0902,-0.0898,0.0004
2082,1005.7,236.3,92.6772,92.6776,92.7681,-0.0909,-0.0905,0.0004
2083,1000.7,233.0,92.6718,92.6722,92.7633,-0.0915,-0.0911,0.0004
2084,997.7,228.0,92.6663,92.6667,92.7589,-0.0925,-0.0921,0.0004
2085,997.2,207.6,92.6609,92.6613,92.7543,-0.0935,-0.0930,0.0004
2086,998.9,241.4,92.6554,92.6558,92.7496,-0.0942,-0.0938,0.0004
2087,1002.7,245.4,92.6500,92.6504,92.7443,-0.0943,-0.0939,0.0004
2088,1000.0,217.1,92.6445,92.6449,92.7390,-0.0945,-0.0941,0.0004
2089,997.7,238.8,92.6390,92.6395,92.7337,-0.0946,-0.0942,0.0004
2090,1001.4,210.1,92.6336,92.6340,92.7283,-0.0948,-0.0944,0.0004
2091,998.2,230.1,92.6281,92.6285,92.7225,-0.0944,-0.0940,0.0004
2092,999.9,229.7,92.6226,92.6230,92.7171,-0.0944,-0.0940,0.0004
2093,999.4,222.3,92.6172,92.6176,92.7115,-0.0944,-0.0940,0.0004
2094,1000.5,267.2,92.6117,92.6121,92.7059,-0.0942,-0.0938,0.0004
2095,1000.0,258.3,92.6062,92.6066,92.6997,-0.0935,-0.0931,0.0004
2096,1000.1,241.7,92.6007,92.6011,92.6940,-0.0933,-0.0929,0.0004
2097,1000.4,214.5,92.5952,92.5956,92.6883,-0.0931,-0.0927,0.0004
2098,999.2,237.0,92.5897,92.5901,92.6826,-0.0929,-0.0925,0.0004
2099,1000.1,219.7,92.5842,92.5846,92.6763,-0.0921,-0.0917,0.0004
2100,1002.0,216.4,92.5787,92.5791,92.6706,-0.0918,-0.0915,0.0004
2101,1001.0,251.8,92.5732,92.5736,92.6647,-0.0915,-0.0911,0.0004
2102,1000.0,234.3,92.5677,92.5681,92.6586,-0.0909,-0.0905,0.0004
2103,997.6,202.9,92.5622,92.5626,92.6520,-0.0899,-0.0895,0.0004
2104,1000.1,259.8,92.5567,92.5570,92.6461,-0.0895,-0.0891,0.0004
2105,1001.0,214.8,92.5511,92.5515,92.6404,-0.0893,-0.0889,0.0004
2106,1000.3,237.9,92.5456,92.5460,92.6348,-0.0891,-0.0888,0.0004
2107,1000.2,237.8,92.5401,92.5405,92.6286,-0.0885,-0.0881,0.0004
2108,998.7,215.3,92.5345,92.5349,92.6228,-0.0883,-0.0879,0.0004
2109,1001.5,233.5,92.5290,92.5294,92.6168,-0.0878,-0.0874,0.0004
2110,997.6,210.5,92.5235,92.5238,92.6107,-0.0873,-0.0869,0.0004
2111,1000.0,233.3,92.5179,92.5183,92.6043,-0.0864,-0.0860,0.0004
2112,1000.0,229.2,92.5124,92.5127,92.5984,-0.0861,-0.0857,0.0004
2113,999.6,222.7,92.5068,92.5072,92.5927,-0.0859,-0.0855,0.0004
2114,1000.3,223.2,92.5013,92.5016,92.5871,-0.0858,-0.0854,0.0004
2115,1000.0,212.0,92.4957,92.4961,92.5808,-0.0851,-0.0847,0.0004
2116,999.9,246.1,92.4901,92.4905,92.5748,-0.0847,-0.0843,0.0004
2117,999.9,226.4,92.4846,92.4849,92.5687,-0.0842,-0.0838,0.0004
2118,1004.6,257.1,92.4790,92.4794,92.5629,-0.0839,-0.0835,0.0004
2119,998.3,283.8,92.4734,92.4738,92.5568,-0.0833,-0.0830,0.0004
2120,997.9,253.3,92.4678,92.4682,92.5512,-0.0833,-0.0830,0.0004
2121,1005.3,258.5,92.4623,92.4626,92.5457,-0.0835,-0.0831,0.0003
2122,996.7,234.1,92.4567,92.4570,92.5402,-0.0836,-0.0832,0.0003
2123,1000.1,237.6,92.4511,92.4514,92.5343,-0.0832,-0.0829,0.0003
2124,998.1,238.8,92.4455,92.4458,92.5289,-0.0834,-0.0831,0.0003
2125,1000.6,225.4,92.4399,92.4402,92.5236,-0.0837,-0.0834,0.0003
2126,998.7,237.6,92.4343,92.4346,92.5187,-0.0844,-0.0840,0.0003
2127,1000.1,229.1,92.4287,92.4290,92.5136,-0.0849,-0.0846,0.0003
2128,999.5,226.1,92.4231,92.4234,92.5091,-0.0860,-0.0856,0.0003
2129,1000.4,262.5,92.4175,92.4178,92.5045,-0.0870,-0.0867,0.0003
2130,999.7,258.8,92.4119,92.4122,92.4998,-0.0880,-0.0877,0.0003
2131,1000.1,218.9,92.4062,92.4066,92.4948,-0.0885,-0.0882,0.0003
2132,999.9,226.7,92.4006,92.4010,92.4900,-0.0894,-0.0891,0.0003
2133,999.8,236.3,92.3950,92.3953,92.4852,-0.0902,-0.0899,0.0003
2134,1005.9,225.4,92.3894,92.3897,92.4804,-0.0910,-0.0907,0.0003
2135,997.4,237.7,92.3837,92.3841,92.4751,-0.0913,-0.0910,0.0003
2136,1000.3,243.0,92.3781,92.3784,92.4700,-0.0919,-0.0916,0.0003
2137,997.2,214.0,92.3725,92.3728,92.4649,-0.0925,-0.0921,0.0003
2138,1001.6,248.9,92.3668,92.3671,92.4597,-0.0929,-0.0925,0.0003
2139,1002.9,243.9,92.3612,92.3615,92.4538,-0.0927,-0.0924,0.0003
2140,996.7,215.8,92.3555,92.3558,92.4483,-0.0928,-0.0924,0.0003
2141,999.0,248.2,92.3499,92.3502,92.4426,-0.0927,-0.0924,0.0003
2142,1001.6,225.6,92.3442,92.3445,92.4368,-0.0926,-0.0923,0.0003
2143,997.8,227.1,92.3386,92.3389,92.4307,-0.0922,-0.0919,0.0003
2144,999.8,241.1,92.3329,92.3332,92.4249,-0.0920,-0.0917,0.0003
2145,1000.3,260.8,92.3272,92.3275,92.4190,-0.0917,-0.0914,0.0003
2146,999.6,238.5,92.3216,92.3219,92.4130,-0.0915,-0.0912,0.0003
2147,1000.2,232.0,92.3159,92.3162,92.4071,-0.0913,-0.0909,0.0003
2148,999.9,235.3,92.3102,92.3105,92.4008,-0.0906,-0.0903,0.0003
2149,1000.3,229.5,92.3045,92.3048,92.3949,-0.0904,-0.0901,0.0003
2150,1000.0,223.1,92.2988,92.2991,92.3891,-0.0903,-0.0900,0.0003
2151,999.7,241.5,92.2932,92.2935,92.3834,-0.0903,-0.0900,0.0003
2152,1001.7,221.9,92.2875,92.2878,92.3774,-0.0900,-0.0897,0.0003
2153,999.3,251.0,92.2818,92.2821,92.3718,-0.0900,-0.0897,0.0003
2154,1001.7,227.7,92.2761,92.2764,92.3659,-0.0898,-0.0895,0.0003
2155,998.1,215.8,92.2704,92.2707,92.3598,-0.0895,-0.0892,0.0003
2156,1005.0,253.6,92.2647,92.2650,92.3534,-0.0887,-0.0884,0.0003
2157,997.7,222.9,92.2590,92.2593,92.3474,-0.0884,-0.0881,0.0003
2158,997.7,211.2,92.2533,92.2535,92.3415,-0.0883,-0.0880,0.0003
2159,999.2,241.5,92.2475,92.2478,92.3356,-0.0880,-0.0877,0.0003
2160,999.8,224.4,92.2418,92.2421,92.3290,-0.0872,-0.0869,0.0003
2161,1000.6,233.5,92.2361,92.2364,92.3229,-0.0868,-0.0865,0.0003
2162,999.5,236.5,92.2304,92.2307,92.3168,-0.0864,-0.0862,0.0003
2163,999.2,221.6,92.2247,92.2249,92.3108,-0.0862,-0.0859,0.0003
2164,1000.6,236.2,92.2189,92.2192,92.3046,-0.0856,-0.0854,0.0003
2165,999.6,229.8,92.2132,92.2135,92.2991,-0.0859,-0.0856,0.0003
2166,1000.3,236.9,92.2075,92.2077,92.2938,-0.0863,-0.0860,0.0003
2167,999.7,227.7,92.2017,92.2020,92.2886,-0.0869,-0.0866,0.0003
2168,1000.2,217.3,92.1960,92.1962,92.2833,-0.0873,-0.0871,0.0003
2169,999.8,284.2,92.1902,92.1905,92.2776,-0.0874,-0.0871,0.0003
2170,1001.1,264.4,92.1845,92.1847,92.2725,-0.0880,-0.0877,0.0003
2171,1000.2,217.9,92.1787,92.1790,92.2675,-0.0888,-0.0885,0.0003
2172,999.6,227.4,92.1730,92.1732,92.2623,-0.0893,-0.0890,0.0003
2173,1003.9,230.0,92.1672,92.1675,92.2577,-0.0905,-0.0902,0.0003
2174,996.4,226.5,92.1614,92.1617,92.2532,-0.0918,-0.0915,0.0003
2175,1000.1,214.4,92.1557,92.1559,92.2486,-0.0929,-0.0926,0.0003
2176,999.3,257.0,92.1499,92.1502,92.2426,-0.0927,-0.0924,0.0003
2177,999.8,236.1,92.1441,92.1444,92.2376,-0.0934,-0.0932,0.0003
2178,1001.7,222.4,92.1384,92.1386,92.2327,-0.0943,-0.0940,0.0003
2179,999.5,242.9,92.1326,92.1328,92.2278,-0.0952,-0.0950,0.0003
2180,998.9,219.1,92.1268,92.1271,92.2227,-0.0959,-0.0957,0.0003
2181,1000.0,239.4,92.1210,92.1213,92.2179,-0.0969,-0.0966,0.0002
2182,999.4,236.8,92.1152,92.1155,92.2129,-0.0977,-0.0974,0.0002
2183,999.6,222.6,92.1095,92.1097,92.2079,-0.0985,-0.0982,0.0002
2184,1000.4,231.4,92.1037,92.1039,92.2022,-0.0986,-0.0983,0.0002
2185,999.7,225.5,92.0979,92.0981,92.1969,-0.0990,-0.0987,0.0002
2186,1000.1,232.1,92.0921,92.0923,92.1915,-0.0994,-0.0991,0.0002
2187,1000.0,215.1,92.0863,92.0865,92.1860,-0.0997,-0.0995,0.0002
2188,1000.0,240.7,92.0805,92.0807,92.1801,-0.0996,-0.0994,0.0002
2189,1000.1,229.2,92.0747,92.0749,92.1744,-0.0998,-0.0996,0.0002
2190,1000.0,209.6,92.0688,92.0691,92.1687,-0.0998,-0.0996,0.0002
2191,1000.9,253.6,92.0630,92.0633,92.1628,-0.0998,-0.0995,0.0002
2192,1000.2,222.0,92.0572,92.0574,92.1564,-0.0991,-0.0989,0.0002
2193,998.4,217.3,92.0514,92.0516,92.1502,-0.0988,-0.0986,0.0002
2194,1000.9,288.5,92.0456,92.0458,92.1502,-0.1046,-0.1044,0.0002
2195,1002.0,265.0,92.0397,92.0400,92.1441,-0.1044,-0.1042,0.0002
2196,998.8,265.6,92.0339,92.0341,92.1381,-0.1042,-0.1040,0.0002
2197,999.5,261.0,92.0281,92.0283,92.1315,-0.1034,-0.1032,0.0002
2198,1000.2,254.3,92.0222,92.0225,92.1252,-0.1030,-0.1028,0.0002
2199,999.1,259.2,92.0164,92.0166,92.1181,-0.1017,-0.1015,0.0002
2200,999.9,211.3,92.0106,92.0108,92.1114,-0.1008,-0.1006,0.0002
2201,999.9,210.2,92.0047,92.0049,92.1047,-0.1000,-0.0997,0.0002
2202,1000.0,233.8,91.9989,91.9991,92.0980,-0.0992,-0.0989,0.0002
2203,999.6,235.4,91.9930,91.9932,92.0911,-0.0980,-0.0978,0.0002
2204,1000.3,204.6,91.9872,91.9874,92.0845,-0.0973,-0.0971,0.0002
2205,1000.1,236.7,91.9813,91.9815,92.0779,-0.0965,-0.0963,0.0002
2206,1000.1,271.5,91.9755,91.9757,92.0711,-0.0956,-0.0954,0.0002
2207,999.9,239.1,91.9696,91.9698,92.0636,-0.0940,-0.0938,0.0002
2208,1000.9,245.3,91.9637,91.9639,92.0567,-0.0930,-0.0928,0.0002
2209,1000.5,232.6,91.9579,91.9581,92.0499,-0.0920,-0.0918,0.0002
2210,999.7,222.1,91.9520,91.9522,92.0431,-0.0911,-0.0909,0.0002
2211,999.9,247.2,91.9461,91.9463,92.0361,-0.0899,-0.0897,0.0002
2212,1000.0,227.4,91.9403,91.9405,92.0296,-0.0894,-0.0892,0.0002
2213,999.6,214.9,91.9344,91.9346,92.0233,-0.0889,-0.0887,0.0002
2214,1000.3,217.0,91.9285,91.9287,92.0172,-0.0887,-0.0885,0.0002
2215,1001.2,221.6,91.9226,91.9228,92.0108,-0.0882,-0.0880,0.0002
2216,998.3,235.1,91.9167,91.9169,92.0052,-0.0885,-0.0883,0.0002
2217,999.5,231.4,91.9108,91.9110,91.9997,-0.0889,-0.0887,0.0002
2218,1000.0,225.7,91.9050,91.9051,91.9941,-0.0891,-0.0889,0.0002
2219,1000.0,248.5,91.8991,91.8992,91.9886,-0.0895,-0.0893,0.0002
2220,1000.2,261.0,91.8932,91.8934,91.9826,-0.0894,-0.0892,0.0002
2221,1000.1,237.3,91.8873,91.8875,91.9769,-0.0897,-0.0895,0.0002
2222,999.8,236.6,91.8814,91.8815,91.9714,-0.0900,-0.0898,0.0002
2223,999.5,206.0,91.8755,91.8756,91.9657,-0.0902,-0.0900,0.0002
2224,1000.5,215.9,91.8695,91.8697,91.9597,-0.0901,-0.0900,0.0002
2225,1000.0,218.3,91.8636,91.8638,91.9541,-0.0905,-0.0903,0.0002
2226,1000.4,223.2,91.8577,91.8579,91.9484,-0.0907,-0.0905,0.0002
2227,1008.3,227.6,91.8518,91.8520,91.9427,-0.0909,-0.0908,0.0002
2228,994.0,250.8,91.8459,91.8461,91.9366,-0.0907,-0.0905,0.0002
2229,998.2,199.9,91.8400,91.8401,91.9309,-0.0909,-0.0908,0.0002
2230,1003.4,233.4,91.8340,91.8342,91.9254,-0.0914,-0.0912,0.0002
2231,997.6,254.3,91.8281,91.8283,91.9200,-0.0918,-0.0917,0.0002
2232,1002.4,240.0,91.8222,91.8224,91.9140,-0.0918,-0.0917,0.0002
2233,996.3,225.3,91.8163,91.8164,91.9086,-0.0924,-0.0922,0.0002
2234,1000.4,242.3,91.8103,91.8105,91.9032,-0.0929,-0.0927,0.0002
2235,1001.2,221.2,91.8044,91.8046,91.8979,-0.0935,-0.0933,0.0002
2236,998.2,246.8,91.7984,91.7986,91.8921,-0.0937,-0.0935,0.0002
2237,1000.1,255.5,91.7925,91.7927,91.8869,-0.0944,-0.0943,0.0002
2238,999.8,230.3,91.7866,91.7867,91.8818,-0.0952,-0.0950,0.0002
2239,1000.4,231.7,91.7806,91.7808,91.8766,-0.0960,-0.0958,0.0002
2240,999.4,225.9,91.7747,91.7748,91.8707,-0.0961,-0.0959,0.0002
2241,1000.6,209.8,91.7687,91.7689,91.8651,-0.0964,-0.0963,0.0002
2242,999.2,223.0,91.7628,91.7629,91.8594,-0.0966,-0.0965,0.0002
2243,999.7,266.5,91.7568,91.7570,91.8535,-0.0967,-0.0966,0.0002
2244,1003.9,303.0,91.7508,91.7510,91.8472,-0.0964,-0.0962,0.0002
2245,997.9,263.6,91.7449,91.7450,91.8415,-0.0966,-0.0964,0.0002
2246,999.5,235.9,91.7389,91.7391,91.8358,-0.0969,-0.0967,0.0002
2247,1000.4,226.5,91.7329,91.7331,91.8299,-0.0969,-0.0968,0.0002
2248,999.4,211.2,91.7270,91.7271,91.8233,-0.0963,-0.0961,0.0002
2249,1002.5,253.1,91.7210,91.7212,91.8171,-0.0961,-0.0959,0.0002
2250,998.5,223.5,91.7150,91.7152,91.8108,-0.0958,-0.0956,0.0002
2251,999.4,245.1,91.7091,91.7092,91.8046,-0.0955,-0.0954,0.0002
2252,1001.4,238.9,91.7031,91.7032,91.7981,-0.0950,-0.0949,0.0002
2253,998.2,231.2,91.6971,91.6972,91.7921,-0.0950,-0.0948,0.0001
2254,1000.2,225.8,91.6911,91.6913,91.7861,-0.0950,-0.0949,0.0001
2255,999.1,235.1,91.6851,91.6853,91.7800,-0.0949,-0.0948,0.0001
2256,1000.0,212.7,91.6791,91.6793,91.7735,-0.0943,-0.0942,0.0001
2257,999.7,230.6,91.6731,91.6733,91.7673,-0.0942,-0.0941,0.0001
2258,1001.0,228.0,91.6671,91.6673,91.7615,-0.0943,-0.0942,0.0001
2259,999.4,204.2,91.6612,91.6613,91.7557,-0.0945,-0.0944,0.0001
2260,1000.6,231.3,91.6552,91.6553,91.7496,-0.0944,-0.0943,0.0001
2261,999.3,205.1,91.6492,91.6493,91.7439,-0.0948,-0.0946,0.0001
2262,1000.8,232.9,91.6431,91.6433,91.7380,-0.0949,-0.0947,0.0001
2263,1002.5,255.4,91.6371,91.6373,91.7321,-0.0949,-0.0948,0.0001
2264,999.3,236.4,91.6311,91.6313,91.7256,-0.0945,-0.0944,0.0001
2265,998.7,221.3,91.6251,91.6253,91.7198,-0.0946,-0.0945,0.0001
2266,1001.1,263.5,91.6191,91.6192,91.7140,-0.0949,-0.0947,0.0001
2267,1000.2,240.9,91.6131,91.6132,91.7082,-0.0951,-0.0950,0.0001
2268,1001.2,227.0,91.6071,91.6072,91.7019,-0.0949,-0.0947,0.0001
2269,997.1,270.6,91.6011,91.6012,91.6960,-0.0949,-0.0948,0.0001
2270,1001.6,288.9,91.5950,91.5952,91.6901,-0.0951,-0.0949,0.0001
2271,997.9,231.5,91.5890,91.5891,91.6842,-0.0952,-0.0950,0.0001
2272,1001.0,210.2,91.5830,91.5831,91.6778,-0.0949,-0.0947,0.0001
2273,998.9,225.4,91.5770,91.5771,91.6720,-0.0950,-0.0949,0.0001
2274,999.8,244.5,91.5709,91.5711,91.6662,-0.0953,-0.0951,0.0001
2275,1000.0,234.6,91.5649,91.5650,91.6603,-0.0954,-0.0953,0.0001
2276,1000.3,218.9,91.5589,91.5590,91.6540,-0.0951,-0.0950,0.0001
2277,999.8,228.5,91.5528,91.5530,91.6481,-0.0953,-0.0951,0.0001
2278,1000.1,224.5,91.5468,91.5469,91.6424,-0.0956,-0.0955,0.0001
2279,999.7,208.6,91.5407,91.5409,91.6369,-0.0962,-0.0960,0.0001
2280,1005.7,229.5,91.5347,91.5348,91.6312,-0.0965,-0.0964,0.0001
2281,996.4,283.2,91.5287,91.5288,91.6260,-0.0974,-0.0972,0.0001
2282,1001.3,260.9,91.5226,91.5227,91.6207,-0.0981,-0.0980,0.0001
2283,996.9,256.3,91.5166,91.5167,91.6154,-0.0989,-0.0988,0.0001
2284,1000.5,251.7,91.5105,91.5106,91.6094,-0.0989,-0.0988,0.0001
2285,1004.9,252.8,91.5045,91.5046,91.6037,-0.0992,-0.0991,0.0001
2286,996.3,252.2,91.4984,91.4985,91.5979,-0.0995,-0.0994,0.0001
2287,1001.5,260.3,91.4923,91.4925,91.5921,-0.0998,-0.0997,0.0001
2288,1000.2,231.3,91.4863,91.4864,91.5858,-0.0996,-0.0994,0.0001
2289,998.5,244.3,91.4802,91.4803,91.5800,-0.0997,-0.0996,0.0001
2290,998.1,241.0,91.4742,91.4743,91.5740,-0.0998,-0.0997,0.0001
2291,1002.4,208.8,91.4681,91.4682,91.5677,-0.0996,-0.0995,0.0001
2292,998.0,218.5,91.4620,91.4621,91.5607,-0.0986,-0.0985,0.0001
2293,999.1,205.6,91.4559,91.4561,91.5540,-0.0980,-0.0979,0.0001
2294,1000.3,274.1,91.4499,91.4500,91.5473,-0.0974,-0.0973,0.0001
2295,1000.8,278.6,91.4438,91.4439,91.5408,-0.0970,-0.0969,0.0001
2296,999.1,221.5,91.4377,91.4378,91.5340,-0.0963,-0.0962,0.0001
2297,1000.0,227.3,91.4316,91.4317,91.5276,-0.0959,-0.0958,0.0001
2298,1000.6,232.6,91.4256,91.4257,91.5211,-0.0955,-0.0954,0.0001
2299,1005.1,252.4,91.4195,91.4196,91.5145,-0.0950,-0.0949,0.0001
2300,996.4,224.0,91.4134,91.4135,91.5075,-0.0941,-0.0940,0.0001
2301,999.8,259.2,91.4073,91.4074,91.5013,-0.0939,-0.0938,0.0001
2302,1003.7,231.8,91.4012,91.4013,91.4952,-0.0940,-0.0939,0.0001
2303,1002.4,223.7,91.3951,91.3952,91.4893,-0.0942,-0.0941,0.0001
2304,995.7,227.5,91.3890,91.3891,91.4829,-0.0939,-0.0938,0.0001
2305,997.4,237.5,91.3829,91.3830,91.4767,-0.0938,-0.0937,0.0001
2306,999.1,247.6,91.3768,91.3769,91.4705,-0.0936,-0.0935,0.0001
2307,1001.1,246.2,91.3707,91.3708,91.4641,-0.0933,-0.0932,0.0001
2308,999.5,206.8,91.3646,91.3647,91.4578,-0.0931,-0.0930,0.0001
2309,999.8,242.2,91.3585,91.3586,91.4510,-0.0925,-0.0924,0.0001
2310,999.4,199.2,91.3524,91.3525,91.4446,-0.0922,-0.0921,0.0001
2311,1000.2,219.1,91.3463,91.3464,91.4382,-0.0919,-0.0918,0.0001
2312,1000.5,229.2,91.3402,91.3403,91.4312,-0.0909,-0.0908,0.0001
2313,999.9,203.4,91.3341,91.3342,91.4246,-0.0905,-0.0904,0.0001
2314,999.7,208.0,91.3280,91.3281,91.4184,-0.0904,-0.0903,0.0001
2315,1000.5,228.3,91.3219,91.3220,91.4123,-0.0905,-0.0904,0.0001
2316,1001.0,215.3,91.3158,91.3159,91.4064,-0.0906,-0.0905,0.0001
2317,1001.2,234.7,91.3097,91.3097,91.3999,-0.0902,-0.0901,0.0001
2318,1000.1,260.2,91.3035,91.3036,91.3937,-0.0902,-0.0901,0.0001
2319,998.2,295.2,91.2974,91.2975,91.3876,-0.0902,-0.0901,0.0001
2320,1005.5,296.4,91.2913,91.2914,91.3812,-0.0899,-0.0898,0.0001
2321,998.6,264.6,91.2852,91.2853,91.3755,-0.0903,-0.0902,0.0001
2322,995.6,209.9,91.2790,91.2791,91.3701,-0.0911,-0.0910,0.0001
2323,999.2,232.7,91.2729,91.2730,91.3647,-0.0918,-0.0917,0.0001
2324,1001.2,232.3,91.2668,91.2669,91.3589,-0.0921,-0.0921,0.0001
2325,999.5,206.1,91.2607,91.2607,91.3535,-0.0928,-0.0927,0.0001
2326,999.4,220.6,91.2545,91.2546,91.3478,-0.0933,-0.0932,0.0001
2327,999.4,209.7,91.2484,91.2485,91.3421,-0.0938,-0.0937,0.0001
2328,1000.5,200.4,91.2423,91.2423,91.3362,-0.0939,-0.0939,0.0001
2329,1000.2,210.7,91.2361,91.2362,91.3308,-0.0947,-0.0946,0.0001
2330,999.8,206.6,91.2300,91.2301,91.3256,-0.0956,-0.0956,0.0001
2331,1000.0,215.1,91.2238,91.2239,91.3202,-0.0964,-0.0963,0.0001
2332,1000.1,226.3,91.2177,91.2178,91.3143,-0.0966,-0.0965,0.0001
2333,999.7,219.9,91.2116,91.2116,91.3086,-0.0971,-0.0970,0.0001
2334,1000.2,206.4,91.2054,91.2055,91.3029,-0.0975,-0.0974,0.0001
2335,1000.6,228.6,91.1993,91.1993,91.2973,-0.0980,-0.0980,0.0001
2336,1002.2,237.3,91.1931,91.1932,91.2911,-0.0980,-0.0980,0.0001
2337,999.6,231.0,91.1870,91.1870,91.2854,-0.0984,-0.0983,0.0001
2338,1000.3,226.6,91.1808,91.1809,91.2796,-0.0988,-0.0988,0.0001
2339,1003.2,243.1,91.1747,91.1747,91.2738,-0.0992,-0.0991,0.0001
2340,995.0,209.9,91.1685,91.1686,91.2666,-0.0981,-0.0980,0.0001
2341,1001.3,253.2,91.1623,91.1624,91.2615,-0.0992,-0.0991,0.0001
2342,999.1,210.0,91.1562,91.1562,91.2547,-0.0985,-0.0984,0.0001
2343,998.7,233.4,91.1500,91.1501,91.2485,-0.0984,-0.0984,0.0001
2344,1001.7,280.4,91.1439,91.1439,91.2427,-0.0989,-0.0988,0.0001
2345,998.4,285.7,91.1377,91.1378,91.2371,-0.0994,-0.0994,0.0001
2346,999.9,268.1,91.1315,91.1316,91.2315,-0.1000,-0.0999,0.0001
2347,1000.1,252.9,91.1254,91.1254,91.2258,-0.1005,-0.1004,0.0001
2348,1000.2,281.4,91.1192,91.1192,91.2196,-0.1004,-0.1003,0.0001
2349,999.8,247.5,91.1130,91.1131,91.2137,-0.1007,-0.1006,0.0001
2350,999.9,245.2,91.1069,91.1069,91.2078,-0.1009,-0.1009,0.0001
2351,1000.0,229.8,91.1007,91.1007,91.2014,-0.1007,-0.1007,0.0001
2352,1000.1,225.0,91.0945,91.0946,91.1955,-0.1010,-0.1009,0.0001
2353,1003.0,269.2,91.0883,91.0884,91.1894,-0.1011,-0.1010,0.0001
2354,998.1,216.4,91.0822,91.0822,91.1832,-0.1011,-0.1010,0.0001
2355,999.5,233.6,91.0760,91.0760,91.1764,-0.1005,-0.1004,0.0001
2356,1000.9,232.6,91.0698,91.0698,91.1764,-0.1067,-0.1066,0.0001
2357,999.2,239.1,91.0636,91.0637,91.1701,-0.1065,-0.1064,0.0001
2358,1002.5,255.0,91.0574,91.0575,91.1636,-0.1062,-0.1061,0.0000
2359,1000.1,271.8,91.0512,91.0513,91.1569,-0.1056,-0.1056,0.0000
2360,999.5,207.9,91.0451,91.0451,91.1494,-0.1043,-0.1043,0.0000
2361,998.9,251.6,91.0389,91.0389,91.1424,-0.1036,-0.1035,0.0000
2362,998.7,211.6,91.0327,91.0327,91.1354,-0.1027,-0.1027,0.0000
2363,999.1,208.0,91.0265,91.0265,91.1285,-0.1020,-0.1019,0.0000
2364,1000.5,226.4,91.0203,91.0203,91.1211,-0.1008,-0.1008,0.0000
2365,1000.0,200.5,91.0141,91.0142,91.1145,-0.1004,-0.1003,0.0000
2366,1000.2,226.1,91.0079,91.0080,91.1080,-0.1001,-0.1000,0.0000
2367,999.5,208.8,91.0017,91.0018,91.1017,-0.1000,-0.1000,0.0000
2368,1000.2,207.7,90.9955,90.9956,91.0949,-0.0993,-0.0993,0.0000
2369,1000.1,253.8,90.9893,90.9894,91.0884,-0.0990,-0.0990,0.0000
2370,1001.4,273.9,90.9831,90.9832,91.0818,-0.0986,-0.0986,0.0000
2371,1002.4,241.2,90.9769,90.9770,91.0748,-0.0979,-0.0978,0.0000
2372,1000.0,216.1,90.9707,90.9708,91.0683,-0.0976,-0.0975,0.0000
2373,1076.0,268.5,90.9645,90.9646,91.0619,-0.0974,-0.0974,0.0000
2374,921.1,211.0,90.9583,90.9584,91.0557,-0.0974,-0.0974,0.0000
2375,1000.6,201.0,90.9521,90.9522,91.0490,-0.0968,-0.0968,0.0000
2376,1002.1,262.6,90.9459,90.9459,91.0426,-0.0967,-0.0966,0.0000
2377,996.5,225.0,90.9397,90.9397,91.0360,-0.0963,-0.0963,0.0000
2378,1001.2,236.6,90.9335,90.9335,91.0296,-0.0961,-0.0961,0.0000
2379,999.0,228.1,90.9273,90.9273,91.0234,-0.0961,-0.0961,0.0000
2380,999.8,207.4,90.9211,90.9211,91.0169,-0.0958,-0.0958,0.0000
2381,999.9,223.5,90.9149,90.9149,91.0109,-0.0961,-0.0960,0.0000
2382,1000.2,217.1,90.9086,90.9087,91.0050,-0.0963,-0.0963,0.0000
2383,999.8,205.5,90.9024,90.9025,90.9988,-0.0964,-0.0964,0.0000
2384,1000.1,216.5,90.8962,90.8962,90.9923,-0.0961,-0.0961,0.0000
2385,999.9,212.1,90.8900,90.8900,90.9865,-0.0965,-0.0965,0.0000
2386,1000.2,220.7,90.8838,90.8838,90.9808,-0.0970,-0.0970,0.0000
2387,999.5,244.2,90.8776,90.8776,90.9751,-0.0975,-0.0975,0.0000
2388,1002.5,236.9,90.8713,90.8714,90.9689,-0.0976,-0.0976,0.0000
2389,1001.8,226.3,90.8651,90.8651,90.9633,-0.0982,-0.0981,0.0000
2390,999.0,234.8,90.8589,90.8589,90.9573,-0.0984,-0.0984,0.0000
2391,998.6,237.3,90.8527,90.8527,90.9511,-0.0984,-0.0984,0.0000
2392,1001.6,231.4,90.8464,90.8465,90.9450,-0.0985,-0.0985,0.0000
2393,997.6,239.4,90.8402,90.8402,90.9383,-0.0981,-0.0981,0.0000
2394,1003.1,283.2,90.8340,90.8340,90.9322,-0.0982,-0.0981,0.0000
2395,1000.2,290.3,90.8278,90.8278,90.9260,-0.0983,-0.0983,0.0000
2396,996.6,241.8,90.8215,90.8216,90.9193,-0.0978,-0.0978,0.0000
2397,1001.0,216.3,90.8153,90.8153,90.9129,-0.0976,-0.0976,0.0000
2398,998.6,210.6,90.8091,90.8091,90.9064,-0.0973,-0.0973,0.0000
2399,999.8,223.9,90.8028,90.8029,90.8998,-0.0970,-0.0970,0.0000
2400,1000.0,207.7,90.7966,90.7966,90.8930,-0.0964,-0.0963,0.0000
2401,1000.3,224.2,90.7904,90.7904,90.8866,-0.0962,-0.0962,0.0000
2402,999.8,215.9,90.7841,90.7842,90.8802,-0.0961,-0.0960,0.0000
2403,1000.1,208.8,90.7779,90.7779,90.8737,-0.0958,-0.0957,0.0000
2404,999.8,217.7,90.7717,90.7717,90.8666,-0.0949,-0.0949,0.0000
2405,999.9,210.3,90.7654,90.7655,90.8600,-0.0946,-0.0946,0.0000
2406,1005.8,230.9,90.7592,90.7592,90.8537,-0.0945,-0.0945,0.0000
2407,998.3,217.3,90.7530,90.7530,90.8475,-0.0946,-0.0945,0.0000
2408,998.0,224.0,90.7467,90.7467,90.8409,-0.0941,-0.0941,0.0000
2409,1000.3,214.4,90.7405,90.7405,90.8346,-0.0942,-0.0942,0.0000
2410,999.6,235.6,90.7342,90.7342,90.8284,-0.0942,-0.0941,0.0000
2411,1002.1,230.2,90.7280,90.7280,90.8221,-0.0941,-0.0940,0.0000
2412,997.6,216.4,90.7217,90.7218,90.8151,-0.0934,-0.0934,0.0000
2413,999.9,236.1,90.7155,90.7155,90.8088,-0.0933,-0.0933,0.0000
2414,998.7,234.9,90.7092,90.7093,90.8027,-0.0934,-0.0934,0.0000
2415,999.9,200.0,90.7030,90.7030,90.7967,-0.0937,-0.0936,0.0000
2416,1000.0,230.5,90.6968,90.6968,90.7902,-0.0934,-0.0934,0.0000
2417,999.7,215.9,90.6905,90.6905,90.7841,-0.0936,-0.0935,0.0000
2418,1000.3,211.9,90.6843,90.6843,90.7778,-0.0936,-0.0936,0.0000
2419,999.9,254.9,90.6780,90.6780,90.7713,-0.0933,-0.0932,0.0000
2420,1000.0,260.2,90.6718,90.6718,90.7653,-0.0936,-0.0935,0.0000
2421,999.9,233.9,90.6655,90.6655,90.7595,-0.0940,-0.0940,0.0000
2422,1000.3,219.6,90.6592,90.6593,90.7538,-0.0945,-0.0945,0.0000
2423,1002.5,232.5,90.6530,90.6530,90.7480,-0.0950,-0.0950,0.0000
2424,999.4,219.9,90.6467,90.6468,90.7419,-0.0952,-0.0952,0.0000
2425,1004.1,233.1,90.6405,90.6405,90.7365,-0.0960,-0.0960,0.0000
2426,995.9,254.1,90.6342,90.6342,90.7310,-0.0968,-0.0968,0.0000
2427,1001.3,214.6,90.6280,90.6280,90.7253,-0.0973,-0.0973,0.0000
2428,999.1,240.7,90.6217,90.6217,90.7201,-0.0984,-0.0984,0.0000
2429,999.4,227.9,90.6155,90.6155,90.7152,-0.0997,-0.0997,0.0000
2430,1000.8,205.9,90.6092,90.6092,90.7103,-0.1011,-0.1011,0.0000
2431,1000.1,226.2,90.6029,90.6030,90.7050,-0.1020,-0.1020,0.0000
2432,997.8,213.1,90.5967,90.5967,90.6999,-0.1032,-0.1032,0.0000
2433,999.7,204.1,90.5904,90.5904,90.6946,-0.1042,-0.1042,0.0000
2434,999.8,242.2,90.5842,90.5842,90.6892,-0.1051,-0.1051,0.0000
2435,1000.1,235.5,90.5779,90.5779,90.6833,-0.1054,-0.1054,0.0000
2436,1000.8,239.8,90.5716,90.5716,90.6777,-0.1060,-0.1060,0.0000
2437,999.4,224.8,90.5654,90.5654,90.6720,-0.1066,-0.1066,0.0000
2438,999.7,209.9,90.5591,90.5591,90.6663,-0.1072,-0.1072,0.0000
2439,1000.0,217.2,90.5528,90.5529,90.6600,-0.1071,-0.1071,0.0000
2440,1000.0,208.5,90.5466,90.5466,90.6538,-0.1072,-0.1072,0.0000
2441,1003.0,234.4,90.5403,90.5403,90.6476,-0.1073,-0.1073,0.0000
2442,998.6,238.2,90.5340,90.5341,90.6413,-0.1072,-0.1072,0.0000
2443,1004.0,248.6,90.5278,90.5278,90.6342,-0.1064,-0.1064,0.0000
2444,997.3,266.8,90.5215,90.5215,90.6276,-0.1061,-0.1061,0.0000
2445,997.7,279.8,90.5152,90.5153,90.6210,-0.1058,-0.1058,0.0000
2446,1001.1,262.6,90.5090,90.5090,90.6142,-0.1052,-0.1052,0.0000
2447,999.2,221.0,90.5027,90.5027,90.6068,-0.1041,-0.1041,0.0000
2448,1000.4,238.3,90.4964,90.4964,90.5998,-0.1034,-0.1034,0.0000
2449,1001.1,234.3,90.4902,90.4902,90.5930,-0.1028,-0.1028,0.0000
2450,998.1,208.9,90.4839,90.4839,90.5863,-0.1024,-0.1024,0.0000
2451,1001.6,232.0,90.4776,90.4776,90.5797,-0.1020,-0.1020,0.0000
2452,998.2,229.6,90.4714,90.4714,90.5726,-0.1013,-0.1013,0.0000
2453,999.8,207.5,90.4651,90.4651,90.5660,-0.1010,-0.1010,0.0000
2454,999.8,219.8,90.4588,90.4588,90.5592,-0.1004,-0.1004,0.0000
2455,1000.2,212.4,90.4525,90.4525,90.5521,-0.0996,-0.0996,0.0000
2456,1000.1,224.9,90.4463,90.4463,90.5446,-0.0983,-0.0983,0.0000
2457,999.6,215.1,90.4400,90.4400,90.5375,-0.0975,-0.0975,0.0000
2458,1000.3,211.8,90.4337,90.4337,90.5306,-0.0968,-0.0968,0.0000
2459,1002.0,226.1,90.4274,90.4274,90.5235,-0.0961,-0.0961,0.0000
2460,1002.2,245.9,90.4212,90.4212,90.5158,-0.0946,-0.0946,0.0000
2461,997.6,228.1,90.4149,90.4149,90.5086,-0.0938,-0.0937,0.0000
2462,998.2,210.2,90.4086,90.4086,90.5016,-0.0929,-0.0929,0.0000
2463,1001.9,232.0,90.4023,90.4023,90.4947,-0.0924,-0.0924,0.0000
2464,1000.0,221.6,90.3961,90.3961,90.4882,-0.0921,-0.0921,0.0000
2465,1000.9,207.3,90.3898,90.3898,90.4811,-0.0913,-0.0913,0.0000
2466,997.6,235.5,90.3835,90.3835,90.4745,-0.0910,-0.0910,0.0000
2467,999.5,222.8,90.3772,90.3772,90.4680,-0.0907,-0.0907,0.0000
2468,1001.2,216.4,90.3710,90.3710,90.4610,-0.0901,-0.0901,0.0000
2469,998.7,272.7,90.3647,90.3647,90.4548,-0.0902,-0.0902,0.0000
2470,999.9,242.4,90.3584,90.3584,90.4491,-0.0907,-0.0907,0.0000
2471,1000.2,266.3,90.3521,90.3521,90.4436,-0.0914,-0.0914,0.0000
2472,1000.0,234.8,90.3458,90.3458,90.4375,-0.0916,-0.0916,0.0000
2473,1000.0,221.0,90.3396,90.3396,90.4318,-0.0922,-0.0922,0.0000
2474,1000.0,217.5,90.3333,90.3333,90.4260,-0.0927,-0.0927,0.0000
2475,1000.1,217.2,90.3270,90.3270,90.4202,-0.0932,-0.0932,0.0000
2476,1002.7,246.2,90.3207,90.3207,90.4142,-0.0935,-0.0935,0.0000
2477,997.8,230.4,90.3144,90.3144,90.4086,-0.0942,-0.0942,0.0000
2478,1006.3,232.4,90.3082,90.3082,90.4031,-0.0949,-0.0949,0.0000
2479,996.3,220.1,90.3019,90.3019,90.3975,-0.0956,-0.0956,0.0000
2480,999.4,237.6,90.2956,90.2956,90.3918,-0.0962,-0.0962,0.0000
2481,1000.9,241.3,90.2893,90.2893,90.3856,-0.0963,-0.0963,0.0000
2482,1001.4,215.0,90.2830,90.2830,90.3797,-0.0967,-0.0967,0.0000
2483,997.6,226.2,90.2768,90.2768,90.3737,-0.0970,-0.0970,0.0000
2484,997.8,245.7,90.2705,90.2705,90.3674,-0.0969,-0.0969,0.0000
2485,1002.1,212.6,90.2642,90.2642,90.3616,-0.0974,-0.0974,0.0000
2486,998.0,221.0,90.2579,90.2579,90.3557,-0.0978,-0.0978,0.0000
2487,999.6,217.9,90.2516,90.2516,90.3497,-0.0981,-0.0981,0.0000
2488,1000.2,211.7,90.2453,90.2453,90.3430,-0.0977,-0.0977,0.0000
2489,1000.5,220.7,90.2391,90.2391,90.3367,-0.0976,-0.0976,0.0000
2490,999.5,206.2,90.2328,90.2328,90.3303,-0.0975,-0.0975,0.0000
2491,999.8,226.3,90.2265,90.2265,90.3241,-0.0976,-0.0976,0.0000
2492,999.9,226.5,90.2202,90.2202,90.3177,-0.0974,-0.0974,0.0000
2493,1000.0,218.6,90.2139,90.2139,90.3117,-0.0977,-0.0977,0.0000
2494,999.8,265.4,90.2076,90.2076,90.3056,-0.0979,-0.0979,0.0000
2495,1001.7,257.2,90.2014,90.2014,90.2992,-0.0978,-0.0978,0.0000
2496,1002.6,241.2,90.1951,90.1951,90.2921,-0.0970,-0.0970,0.0000
2497,997.4,234.1,90.1888,90.1888,90.2856,-0.0968,-0.0968,0.0000
2498,999.9,245.4,90.1825,90.1825,90.2793,-0.0968,-0.0968,0.0000
2499,1000.3,218.1,90.1762,90.1762,90.2730,-0.0968,-0.0968,0.0000
2500,998.5,213.6,90.1699,90.1699,90.2662,-0.0963,-0.0963,0.0000
2501,1003.3,241.8,90.1637,90.1637,90.2597,-0.0961,-0.0961,0.0000
2502,999.2,224.3,90.1574,90.1574,90.2531,-0.0957,-0.0957,0.0000
2503,999.0,211.4,90.1511,90.1511,90.2465,-0.0954,-0.0954,0.0000
2504,1001.3,261.2,90.1448,90.1448,90.2381,-0.0933,-0.0933,0.0000
2505,999.3,205.0,90.1385,90.1385,90.2315,-0.0930,-0.0930,0.0000
2506,998.2,225.3,90.1322,90.1322,90.2260,-0.0938,-0.0938,0.0000
2507,999.4,221.6,90.1260,90.1260,90.2187,-0.0928,-0.0928,0.0000
2508,1000.3,216.8,90.1197,90.1197,90.2119,-0.0922,-0.0922,0.0000
2509,1000.0,224.3,90.1134,90.1134,90.2055,-0.0921,-0.0921,0.0000
2510,1000.1,237.0,90.1071,90.1071,90.1994,-0.0923,-0.0923,0.0000
2511,999.8,252.0,90.1008,90.1008,90.1931,-0.0922,-0.0922,0.0000
2512,999.9,251.3,90.0945,90.0945,90.1874,-0.0928,-0.0928,0.0000
2513,1000.0,250.6,90.0883,90.0883,90.1819,-0.0936,-0.0936,0.0000
2514,1003.9,223.9,90.0820,90.0820,90.1765,-0.0945,-0.0945,0.0000
2515,997.4,210.1,90.0757,90.0757,90.1705,-0.0948,-0.0948,0.0000
2516,999.2,263.2,90.0694,90.0694,90.1649,-0.0955,-0.0955,0.0000
2517,1001.8,225.6,90.0631,90.0631,90.1591,-0.0960,-0.0960,0.0000
2518,998.9,241.8,90.0569,90.0569,90.1535,-0.0967,-0.0967,0.0000
2519,999.9,274.8,90.0506,90.0506,90.1479,-0.0973,-0.0973,0.0000
2520,1000.1,252.7,90.0443,90.0443,90.1418,-0.0975,-0.0975,0.0000
2521,1000.2,248.9,90.0380,90.0380,90.1361,-0.0981,-0.0981,0.0000
2522,998.9,228.5,90.0317,90.0317,90.1303,-0.0986,-0.0986,0.0000
2523,1000.0,212.6,90.0255,90.0255,90.1303,-0.1049,-0.1049,0.0000
2524,999.7,239.6,90.0192,90.0192,90.1244,-0.1053,-0.1053,0.0000
2525,1000.5,215.3,90.0129,90.0129,90.1180,-0.1051,-0.1051,0.0000
2526,999.8,242.1,90.0066,90.0066,90.1120,-0.1054,-0.1054,0.0000
2527,999.9,236.4,90.0003,90.0003,90.1059,-0.1056,-0.1056,0.0000
2528,1000.0,222.6,89.9941,89.9941,90.0992,-0.1051,-0.1051,0.0000
2529,1000.5,223.1,89.9878,89.9878,90.0930,-0.1052,-0.1052,0.0000
2530,999.4,223.8,89.9815,89.9815,90.0868,-0.1053,-0.1053,0.0000
2531,1000.4,234.0,89.9752,89.9752,90.0806,-0.1054,-0.1054,0.0000
2532,1019.5,227.6,89.9689,89.9689,90.0739,-0.1050,-0.1050,0.0000
2533,983.0,236.6,89.9627,89.9627,90.0677,-0.1051,-0.1051,0.0000
2534,998.4,224.4,89.9564,89.9564,90.0618,-0.1054,-0.1054,0.0000
2535,1000.4,211.8,89.9501,89.9501,90.0559,-0.1058,-0.1058,0.0000
2536,999.4,247.5,89.9438,89.9438,90.0499,-0.1060,-0.1060,0.0000
2537,1002.5,217.3,89.9376,89.9376,90.0431,-0.1056,-0.1056,0.0000
2538,997.3,239.4,89.9313,89.9313,90.0366,-0.1053,-0.1053,0.0000
2539,999.9,243.4,89.9250,89.9250,90.0299,-0.1049,-0.1049,0.0000
2540,1000.3,216.9,89.9187,89.9187,90.0225,-0.1038,-0.1038,0.0000
2541,999.1,229.9,89.9124,89.9125,90.0157,-0.1033,-0.1033,0.0000
2542,1000.0,238.3,89.9062,89.9062,90.0090,-0.1028,-0.1028,0.0000
2543,999.4,221.4,89.8999,89.8999,90.0021,-0.1022,-0.1022,0.0000
2544,1000.4,278.6,89.8936,89.8936,89.9943,-0.1007,-0.1007,0.0000
2545,999.6,252.0,89.8874,89.8874,89.9871,-0.0998,-0.0998,0.0000
2546,1000.8,231.3,89.8811,89.8811,89.9798,-0.0987,-0.0987,0.0000
2547,999.2,230.9,89.8748,89.8748,89.9726,-0.0978,-0.0978,0.0000
2548,1000.8,239.5,89.8685,89.8685,89.9651,-0.0965,-0.0965,0.0000
2549,999.5,231.4,89.8623,89.8623,89.9580,-0.0958,-0.0958,0.0000
2550,1001.8,221.9,89.8560,89.8560,89.9510,-0.0950,-0.0950,0.0000
2551,999.6,238.4,89.8497,89.8497,89.9439,-0.0942,-0.0942,0.0000
2552,998.7,213.1,89.8435,89.8435,89.9364,-0.0929,-0.0929,0.0000
2553,1000.1,243.9,89.8372,89.8372,89.9297,-0.0925,-0.0925,0.0000
2554,1000.7,237.0,89.8309,89.8309,89.9231,-0.0922,-0.0922,0.0000
2555,1002.6,217.8,89.8246,89.8247,89.9168,-0.0922,-0.0922,0.0000
2556,999.2,242.3,89.8184,89.8184,89.9101,-0.0917,-0.0917,0.0000
2557,1002.4,220.1,89.8121,89.8121,89.9037,-0.0916,-0.0916,0.0000
2558,995.3,223.7,89.8058,89.8059,89.8972,-0.0914,-0.0913,0.0000
2559,1002.0,234.2,89.7996,89.7996,89.8908,-0.0912,-0.0912,0.0000
2560,997.7,212.0,89.7933,89.7933,89.8841,-0.0908,-0.0908,0.0000
2561,1000.1,233.7,89.7870,89.7871,89.8781,-0.0910,-0.0910,0.0000
2562,999.7,229.8,89.7808,89.7808,89.8720,-0.0912,-0.0912,0.0000
2563,1000.2,217.3,89.7745,89.7745,89.8659,-0.0913,-0.0913,0.0000
2564,999.4,227.8,89.7683,89.7683,89.8592,-0.0909,-0.0909,0.0000
2565,1000.4,222.4,89.7620,89.7620,89.8531,-0.0911,-0.0910,0.0000
2566,999.7,224.9,89.7557,89.7557,89.8471,-0.0913,-0.0913,0.0000
2567,1000.5,221.0,89.7495,89.7495,89.8411,-0.0916,-0.0916,0.0000
2568,1001.1,247.8,89.7432,89.7432,89.8347,-0.0915,-0.0915,0.0000
2569,1000.8,255.2,89.7369,89.7370,89.8287,-0.0917,-0.0917,0.0000
2570,999.1,266.5,89.7307,89.7307,89.8227,-0.0920,-0.0920,0.0000
2571,1002.1,263.6,89.7244,89.7244,89.8166,-0.0922,-0.0922,0.0000
2572,998.7,226.9,89.7182,89.7182,89.8104,-0.0922,-0.0922,0.0000
2573,1000.1,244.9,89.7119,89.7119,89.8049,-0.0929,-0.0929,0.0000
2574,999.5,229.0,89.7057,89.7057,89.7997,-0.0940,-0.0940,0.0000
2575,998.6,221.3,89.6994,89.6994,89.7946,-0.0952,-0.0951,0.0000
2576,1001.5,232.7,89.6931,89.6932,89.7890,-0.0959,-0.0958,0.0000
2577,998.3,220.3,89.6869,89.6869,89.7837,-0.0968,-0.0968,0.0000
2578,1000.6,234.4,89.6806,89.6807,89.7780,-0.0974,-0.0974,0.0000
2579,999.5,234.6,89.6744,89.6744,89.7724,-0.0980,-0.0980,0.0000
2580,1000.2,215.3,89.6681,89.6682,89.7664,-0.0983,-0.0983,0.0000
2581,999.5,237.7,89.6619,89.6619,89.7608,-0.0989,-0.0989,0.0000
2582,1000.3,226.2,89.6556,89.6557,89.7553,-0.0997,-0.0997,0.0000
2583,999.7,217.7,89.6494,89.6494,89.7497,-0.1003,-0.1003,0.0000
2584,1000.6,232.0,89.6431,89.6432,89.7434,-0.1003,-0.1003,0.0000
2585,1002.1,228.5,89.6369,89.6369,89.7373,-0.1004,-0.1004,0.0000
2586,1000.0,241.9,89.6306,89.6307,89.7310,-0.1004,-0.1003,0.0000
2587,1000.3,267.6,89.6244,89.6244,89.7247,-0.1003,-0.1003,0.0000
2588,998.7,248.7,89.6182,89.6182,89.7178,-0.0997,-0.0996,0.0000
2589,998.8,230.5,89.6119,89.6119,89.7114,-0.0995,-0.0995,0.0000
2590,1000.7,223.2,89.6057,89.6057,89.7051,-0.0995,-0.0994,0.0000
2591,1001.6,234.5,89.5994,89.5994,89.6989,-0.0995,-0.0995,0.0000
2592,999.0,223.0,89.5932,89.5932,89.6927,-0.0995,-0.0995,0.0000
2593,998.8,218.8,89.5869,89.5870,89.6859,-0.0990,-0.0990,0.0000
2594,1000.4,289.4,89.5807,89.5807,89.6798,-0.0991,-0.0991,0.0000
2595,1001.3,250.7,89.5745,89.5745,89.6738,-0.0993,-0.0993,0.0000
2596,1000.4,280.8,89.5682,89.5682,89.6679,-0.0997,-0.0997,0.0000
2597,1005.9,321.3,89.5620,89.5620,89.6617,-0.0997,-0.0997,0.0000
2598,994.5,264.1,89.5557,89.5558,89.6558,-0.1000,-0.1000,0.0000
2599,998.0,236.7,89.5495,89.5495,89.6497,-0.1002,-0.1002,0.0000
2600,1000.2,216.0,89.5433,89.5433,89.6436,-0.1003,-0.1003,0.0000
2601,999.4,243.4,89.5370,89.5371,89.6369,-0.0998,-0.0998,0.0000
2602,1000.5,234.2,89.5308,89.5308,89.6306,-0.0997,-0.0997,0.0000
2603,999.2,226.1,89.5246,89.5246,89.6243,-0.0997,-0.0997,0.0000
2604,1000.3,227.6,89.5184,89.5184,89.6179,-0.0995,-0.0995,0.0000
2605,1000.3,224.9,89.5121,89.5122,89.6108,-0.0987,-0.0987,0.0000
2606,1001.1,240.8,89.5059,89.5059,89.6043,-0.0984,-0.0984,0.0000
2607,1004.9,312.0,89.4997,89.4997,89.5976,-0.0980,-0.0979,0.0000
2608,994.7,240.7,89.4934,89.4935,89.5910,-0.0975,-0.0975,0.0000
2609,998.7,221.3,89.4872,89.4872,89.5840,-0.0967,-0.0967,0.0000
2610,1000.5,212.9,89.4810,89.4810,89.5775,-0.0965,-0.0965,0.0000
2611,999.4,240.5,89.4748,89.4748,89.5710,-0.0963,-0.0962,0.0000
2612,1000.6,229.6,89.4685,89.4686,89.5645,-0.0960,-0.0960,0.0000
2613,999.3,220.5,89.4623,89.4624,89.5576,-0.0953,-0.0953,0.0000
2614,1000.4,239.7,89.4561,89.4561,89.5513,-0.0952,-0.0952,0.0000
2615,1000.2,218.2,89.4499,89.4499,89.5452,-0.0953,-0.0953,0.0000
2616,1001.3,241.0,89.4437,89.4437,89.5393,-0.0956,-0.0956,0.0000
2617,1000.7,239.2,89.4375,89.4375,89.5329,-0.0954,-0.0954,0.0000
2618,1001.3,230.0,89.4312,89.4313,89.5268,-0.0956,-0.0956,0.0000
2619,1000.0,274.2,89.4250,89.4251,89.5208,-0.0958,-0.0957,0.0000
2620,998.8,283.4,89.4188,89.4189,89.5147,-0.0959,-0.0959,0.0000
2621,1000.9,255.7,89.4126,89.4126,89.5080,-0.0954,-0.0953,0.0000
2622,999.7,309.4,89.4064,89.4064,89.5020,-0.0956,-0.0956,0.0000
2623,999.3,282.6,89.4002,89.4002,89.4962,-0.0960,-0.0960,0.0000
2624,999.9,277.9,89.3940,89.3940,89.4906,-0.0966,-0.0966,0.0000
2625,1000.3,239.2,89.3878,89.3878,89.4841,-0.0963,-0.0963,0.0000
2626,1000.3,259.8,89.3816,89.3816,89.4777,-0.0962,-0.0961,0.0000
2627,999.6,233.2,89.3754,89.3754,89.4716,-0.0962,-0.0962,0.0000
2628,999.3,219.7,89.3692,89.3692,89.4654,-0.0962,-0.0962,0.0000
2629,1001.7,255.1,89.3630,89.3630,89.4589,-0.0959,-0.0959,0.0000
2630,1009.2,328.9,89.3568,89.3568,89.4528,-0.0961,-0.0960,0.0000
2631,991.3,243.5,89.3506,89.3506,89.4466,-0.0960,-0.0960,0.0000
2632,998.3,225.3,89.3444,89.3444,89.4402,-0.0959,-0.0958,0.0000
2633,999.8,224.4,89.3382,89.3382,89.4332,-0.0951,-0.0950,0.0000
2634,999.2,240.0,89.3320,89.3320,89.4268,-0.0948,-0.0948,0.0000
2635,1000.5,218.4,89.3258,89.3258,89.4207,-0.0949,-0.0948,0.0000
2636,1003.0,246.2,89.3196,89.3196,89.4146,-0.0950,-0.0950,0.0000
2637,997.6,236.6,89.3134,89.3134,89.4081,-0.0947,-0.0946,0.0000
2638,999.6,233.6,89.3072,89.3073,89.4020,-0.0948,-0.0948,0.0000
2639,1000.1,229.3,89.3010,89.3011,89.3959,-0.0948,-0.0948,0.0000
2640,999.7,233.9,89.2948,89.2949,89.3896,-0.0948,-0.0947,0.0000
2641,1001.4,246.5,89.2886,89.2887,89.3833,-0.0947,-0.0946,0.0000
2642,999.6,227.8,89.2825,89.2825,89.3765,-0.0940,-0.0940,0.0001
2643,1008.7,366.2,89.2763,89.2763,89.3700,-0.0937,-0.0937,0.0001
2644,991.9,318.1,89.2701,89.2701,89.3636,-0.0935,-0.0934,0.0001
2645,998.0,268.6,89.2639,89.2640,89.3572,-0.0933,-0.0932,0.0001
2646,999.6,262.5,89.2577,89.2578,89.3503,-0.0926,-0.0926,0.0001
2647,999.7,206.2,89.2516,89.2516,89.3437,-0.0922,-0.0921,0.0001
2648,1000.2,217.4,89.2454,89.2454,89.3370,-0.0917,-0.0916,0.0001
2649,999.4,226.0,89.2392,89.2393,89.3305,-0.0913,-0.0912,0.0001
2650,1002.4,239.4,89.2330,89.2331,89.3236,-0.0905,-0.0905,0.0001
2651,998.3,262.4,89.2269,89.2269,89.3170,-0.0902,-0.0901,0.0001
2652,1001.7,246.1,89.2207,89.2208,89.3104,-0.0897,-0.0897,0.0001
2653,1002.5,228.7,89.2145,89.2146,89.3040,-0.0895,-0.0894,0.0001
2654,997.9,240.6,89.2084,89.2084,89.2972,-0.0888,-0.0888,0.0001
2655,999.3,231.0,89.2022,89.2023,89.2912,-0.0890,-0.0889,0.0001
2656,1000.5,240.6,89.1960,89.1961,89.2856,-0.0895,-0.0895,0.0001
2657,999.8,222.1,89.1899,89.1899,89.2800,-0.0902,-0.0901,0.0001
2658,1000.2,250.7,89.1837,89.1838,89.2744,-0.0906,-0.0906,0.0001
2659,1000.0,235.5,89.1776,89.1776,89.2681,-0.0905,-0.0905,0.0001
2660,1000.0,224.9,89.1714,89.1715,89.2621,-0.0907,-0.0906,0.0001
2661,998.9,259.0,89.1652,89.1653,89.2562,-0.0909,-0.0909,0.0001
2662,1002.0,259.8,89.1591,89.1591,89.2504,-0.0913,-0.0912,0.0001
2663,999.3,274.9,89.1529,89.1530,89.2443,-0.0913,-0.0913,0.0001
2664,999.0,266.9,89.1468,89.1468,89.2385,-0.0918,-0.0917,0.0001
2665,1000.4,246.9,89.1406,89.1407,89.2328,-0.0921,-0.0921,0.0001
2666,997.3,251.9,89.1345,89.1346,89.2268,-0.0923,-0.0922,0.0001
2667,999.7,231.8,89.1283,89.1284,89.2203,-0.0920,-0.0919,0.0001
2668,1000.3,221.3,89.1222,89.1223,89.2144,-0.0922,-0.0921,0.0001
2669,999.8,239.5,89.1161,89.1161,89.2087,-0.0926,-0.0926,0.0001
2670,1001.1,280.3,89.1099,89.1100,89.2032,-0.0933,-0.0932,0.0001
2671,999.0,247.3,89.1038,89.1038,89.1973,-0.0935,-0.0934,0.0001
2672,999.9,216.1,89.0976,89.0977,89.1919,-0.0943,-0.0942,0.0001
2673,1000.2,219.0,89.0915,89.0916,89.1864,-0.0949,-0.0948,0.0001
2674,999.4,216.5,89.0854,89.0854,89.1809,-0.0955,-0.0954,0.0001
2675,1000.1,232.1,89.0792,89.0793,89.1749,-0.0957,-0.0956,0.0001
2676,999.7,212.0,89.0731,89.0732,89.1695,-0.0964,-0.0964,0.0001
2677,1000.2,227.9,89.0670,89.0670,89.1644,-0.0974,-0.0973,0.0001
2678,1000.0,212.3,89.0608,89.0609,89.1592,-0.0984,-0.0983,0.0001
2679,1000.9,234.9,89.0547,89.0548,89.1528,-0.0980,-0.0980,0.0001
2680,999.6,215.2,89.0486,89.0487,89.1473,-0.0987,-0.0986,0.0001
2681,1003.2,245.5,89.0425,89.0425,89.1415,-0.0990,-0.0989,0.0001
2682,997.7,234.2,89.0363,89.0364,89.1353,-0.0989,-0.0988,0.0001
2683,999.1,222.7,89.0302,89.0303,89.1294,-0.0991,-0.0991,0.0001
2684,999.9,214.3,89.0241,89.0242,89.1234,-0.0993,-0.0992,0.0001
2685,1000.0,218.4,89.0180,89.0181,89.1175,-0.0995,-0.0994,0.0001
2686,1000.0,242.2,89.0119,89.0120,89.1109,-0.0990,-0.0989,0.0001
2687,1000.0,199.6,89.0058,89.0059,89.1046,-0.0988,-0.0987,0.0001
2688,1000.8,220.4,88.9997,88.9998,89.0982,-0.0985,-0.0984,0.0001
2689,998.7,240.0,88.9936,88.9936,89.0918,-0.0983,-0.0982,0.0001
2690,1000.2,195.5,88.9874,88.9875,89.0850,-0.0976,-0.0975,0.0001
2691,1001.0,208.7,88.9813,88.9814,89.0786,-0.0973,-0.0972,0.0001
2692,998.9,229.4,88.9752,88.9753,89.0722,-0.0970,-0.0969,0.0001
2693,1000.4,236.8,88.9691,88.9692,89.0657,-0.0965,-0.0964,0.0001
2694,1000.0,241.2,88.9630,88.9631,89.0657,-0.1026,-0.1025,0.0001
2695,1002.9,275.0,88.9569,88.9570,89.0585,-0.1015,-0.1014,0.0001
2696,997.3,228.2,88.9509,88.9509,89.0517,-0.1009,-0.1008,0.0001
2697,999.5,224.4,88.9448,88.9449,89.0450,-0.1002,-0.1001,0.0001
2698,1000.2,217.6,88.9387,88.9388,89.0378,-0.0991,-0.0990,0.0001
2699,1000.8,202.7,88.9326,88.9327,89.0312,-0.0986,-0.0985,0.0001
2700,998.8,230.8,88.9265,88.9266,89.0245,-0.0980,-0.0979,0.0001
2701,1005.5,247.8,88.9204,88.9205,89.0176,-0.0972,-0.0971,0.0001
2702,995.5,200.6,88.9143,88.9144,89.0102,-0.0958,-0.0957,0.0001
2703,999.8,219.7,88.9082,88.9083,89.0033,-0.0950,-0.0949,0.0001
2704,999.4,218.7,88.9022,88.9023,88.9965,-0.0943,-0.0942,0.0001
2705,1000.4,223.1,88.8961,88.8962,88.9899,-0.0939,-0.0937,0.0001
2706,999.8,249.8,88.8900,88.8901,88.9829,-0.0929,-0.0928,0.0001
2707,1000.3,241.6,88.8839,88.8840,88.9764,-0.0924,-0.0923,0.0001
2708,999.9,225.7,88.8779,88.8780,88.9697,-0.0918,-0.0917,0.0001
2709,999.9,233.9,88.8718,88.8719,88.9629,-0.0911,-0.0910,0.0001
2710,1000.0,191.5,88.8657,88.8658,88.9558,-0.0901,-0.0900,0.0001
2711,999.9,216.4,88.8597,88.8598,88.9494,-0.0897,-0.0896,0.0001
2712,1000.0,227.7,88.8536,88.8537,88.9431,-0.0895,-0.0894,0.0001
2713,1000.1,204.3,88.8475,88.8477,88.9369,-0.0894,-0.0893,0.0001
2714,999.6,201.7,88.8415,88.8416,88.9303,-0.0888,-0.0887,0.0001
2715,1000.2,221.7,88.8354,88.8355,88.9243,-0.0888,-0.0887,0.0001
2716,1000.1,214.8,88.8294,88.8295,88.9185,-0.0892,-0.0891,0.0001
2717,999.9,222.6,88.8233,88.8234,88.9131,-0.0898,-0.0897,0.0001
2718,1002.2,226.6,88.8173,88.8174,88.9076,-0.0904,-0.0903,0.0001
2719,998.4,229.9,88.8112,88.8113,88.9026,-0.0914,-0.0913,0.0001
2720,999.5,279.8,88.8052,88.8053,88.8975,-0.0923,-0.0922,0.0001
2721,1000.1,226.5,88.7991,88.7993,88.8922,-0.0931,-0.0930,0.0001
2722,1000.0,204.9,88.7931,88.7932,88.8865,-0.0934,-0.0933,0.0001
2723,1000.1,227.8,88.7871,88.7872,88.8810,-0.0939,-0.0938,0.0001
2724,999.6,237.9,88.7810,88.7811,88.8755,-0.0945,-0.0943,0.0001
2725,1000.3,202.7,88.7750,88.7751,88.8700,-0.0950,-0.0949,0.0001
2726,1000.0,215.5,88.7690,88.7691,88.8640,-0.0951,-0.0950,0.0001
2727,999.7,211.9,88.7629,88.7631,88.8583,-0.0954,-0.0953,0.0001
2728,1000.1,210.5,88.7569,88.7570,88.8524,-0.0955,-0.0953,0.0001
2729,1000.3,232.9,88.7509,88.7510,88.8462,-0.0953,-0.0952,0.0001
2730,999.8,230.5,88.7448,88.7450,88.8396,-0.0947,-0.0946,0.0001
2731,1000.0,211.2,88.7388,88.7390,88.8335,-0.0946,-0.0945,0.0001
2732,1000.0,225.3,88.7328,88.7329,88.8272,-0.0944,-0.0943,0.0001
2733,1000.0,213.4,88.7268,88.7269,88.8209,-0.0941,-0.0940,0.0001
2734,1002.1,213.2,88.7208,88.7209,88.8139,-0.0932,-0.0930,0.0001
2735,999.6,228.1,88.7148,88.7149,88.8074,-0.0926,-0.0925,0.0001
2736,999.1,220.1,88.7088,88.7089,88.8009,-0.0922,-0.0920,0.0001
2737,999.1,207.2,88.7027,88.7029,88.7946,-0.0919,-0.0917,0.0001
2738,1000.9,223.0,88.6967,88.6969,88.7879,-0.0912,-0.0911,0.0001
2739,999.5,263.4,88.6907,88.6909,88.7818,-0.0911,-0.0910,0.0001
2740,999.8,261.2,88.6847,88.6849,88.7759,-0.0912,-0.0910,0.0001
2741,1000.6,234.0,88.6787,88.6789,88.7697,-0.0910,-0.0908,0.0001
2742,999.1,241.0,88.6727,88.6729,88.7628,-0.0900,-0.0899,0.0001
2743,1000.4,216.8,88.6667,88.6669,88.7563,-0.0895,-0.0894,0.0001
2744,999.2,294.2,88.6608,88.6609,88.7499,-0.0891,-0.0890,0.0001
2745,1000.2,272.4,88.6548,88.6549,88.7436,-0.0888,-0.0887,0.0001
2746,999.9,236.2,88.6488,88.6489,88.7367,-0.0879,-0.0878,0.0001
2747,999.8,209.4,88.6428,88.6429,88.7303,-0.0875,-0.0873,0.0002
2748,1000.3,201.7,88.6368,88.6370,88.7238,-0.0870,-0.0869,0.0002
2749,1000.0,206.9,88.6308,88.6310,88.7174,-0.0865,-0.0864,0.0002
2750,1001.0,227.6,88.6249,88.6250,88.7107,-0.0858,-0.0856,0.0002
2751,1003.1,213.9,88.6189,88.6190,88.7046,-0.0857,-0.0855,0.0002
2752,996.5,204.0,88.6129,88.6131,88.6987,-0.0858,-0.0857,0.0002
2753,1001.1,217.0,88.6069,88.6071,88.6930,-0.0861,-0.0859,0.0002
2754,998.0,213.6,88.6010,88.6011,88.6870,-0.0860,-0.0858,0.0002
2755,1000.4,225.6,88.5950,88.5952,88.6813,-0.0863,-0.0862,0.0002
2756,1000.0,213.1,88.5891,88.5892,88.6758,-0.0867,-0.0866,0.0002
2757,999.9,205.4,88.5831,88.5833,88.6704,-0.0873,-0.0871,0.0002
2758,999.8,229.5,88.5771,88.5773,88.6648,-0.0877,-0.0875,0.0002
2759,1000.1,221.8,88.5712,88.5713,88.6598,-0.0886,-0.0885,0.0002
2760,1000.2,197.1,88.5652,88.5654,88.6549,-0.0897,-0.0895,0.0002
2761,999.8,216.4,88.5593,88.5594,88.6501,-0.0908,-0.0907,0.0002
2762,1000.1,213.2,88.5533,88.5535,88.6448,-0.0914,-0.0913,0.0002
2763,999.8,232.4,88.5474,88.5476,88.6396,-0.0923,-0.0921,0.0002
2764,999.9,220.6,88.5414,88.5416,88.6345,-0.0930,-0.0928,0.0002
2765,1000.0,194.2,88.5355,88.5357,88.6294,-0.0939,-0.0937,0.0002
2766,999.9,213.0,88.5296,88.5297,88.6239,-0.0944,-0.0942,0.0002
2767,1000.1,223.5,88.5236,88.5238,88.6189,-0.0953,-0.0951,0.0002
2768,1001.9,262.8,88.5177,88.5179,88.6138,-0.0961,-0.0959,0.0002
2769,999.2,259.6,88.5118,88.5120,88.6086,-0.0969,-0.0967,0.0002
2770,998.8,262.5,88.5058,88.5060,88.6027,-0.0968,-0.0967,0.0002
2771,1000.0,282.9,88.4999,88.5001,88.5972,-0.0973,-0.0971,0.0002
2772,1000.1,265.0,88.4940,88.4942,88.5916,-0.0976,-0.0974,0.0002
2773,1000.6,276.5,88.4881,88.4883,88.5859,-0.0978,-0.0976,0.0002
2774,1000.6,267.4,88.4822,88.4824,88.5797,-0.0975,-0.0973,0.0002
2775,998.9,207.5,88.4763,88.4764,88.5739,-0.0976,-0.0974,0.0002
2776,1000.0,253.2,88.4703,88.4705,88.5679,-0.0975,-0.0973,0.0002
2777,999.9,206.1,88.4644,88.4646,88.5618,-0.0973,-0.0971,0.0002
2778,1000.1,201.3,88.4585,88.4587,88.5550,-0.0965,-0.0963,0.0002
2779,999.9,212.7,88.4526,88.4528,88.5488,-0.0962,-0.0960,0.0002
2780,1000.1,198.1,88.4467,88.4469,88.5426,-0.0958,-0.0956,0.0002
2781,999.9,219.8,88.4408,88.4410,88.5363,-0.0955,-0.0953,0.0002
2782,1000.0,216.9,88.4349,88.4351,88.5298,-0.0948,-0.0946,0.0002
2783,999.9,202.6,88.4290,88.4292,88.5236,-0.0945,-0.0944,0.0002
2784,1001.8,247.7,88.4232,88.4234,88.5172,-0.0941,-0.0939,0.0002
2785,999.9,241.9,88.4173,88.4175,88.5107,-0.0935,-0.0933,0.0002
2786,999.5,214.9,88.4114,88.4116,88.5036,-0.0922,-0.0920,0.0002
2787,998.6,230.3,88.4055,88.4057,88.4971,-0.0915,-0.0913,0.0002
2788,1000.3,228.6,88.3996,88.3998,88.4906,-0.0909,-0.0907,0.0002
2789,999.8,209.9,88.3938,88.3940,88.4841,-0.0903,-0.0901,0.0002
2790,1000.1,227.4,88.3879,88.3881,88.4770,-0.0891,-0.0889,0.0002
2791,1000.0,225.9,88.3820,88.3822,88.4703,-0.0883,-0.0881,0.0002
2792,1001.3,215.9,88.3761,88.3764,88.4636,-0.0874,-0.0872,0.0002
2793,998.8,229.3,88.3703,88.3705,88.4568,-0.0865,-0.0863,0.0002
2794,999.7,252.4,88.3644,88.3646,88.4495,-0.0851,-0.0849,0.0002
2795,999.9,261.3,88.3586,88.3588,88.4429,-0.0844,-0.0841,0.0002
2796,1000.0,245.9,88.3527,88.3529,88.4365,-0.0838,-0.0836,0.0002
2797,999.9,220.5,88.3469,88.3471,88.4302,-0.0834,-0.0832,0.0002
2798,1000.6,210.3,88.3410,88.3412,88.4235,-0.0825,-0.0822,0.0002
2799,1000.6,242.9,88.3352,88.3354,88.4174,-0.0822,-0.0820,0.0002
2800,998.9,198.3,88.3293,88.3295,88.4115,-0.0822,-0.0819,0.0002
2801,1005.3,225.7,88.3235,88.3237,88.4059,-0.0824,-0.0822,0.0002
2802,995.7,230.1,88.3176,88.3179,88.4000,-0.0824,-0.0822,0.0002
2803,1000.5,211.7,88.3118,88.3120,88.3946,-0.0828,-0.0825,0.0002
2804,998.4,209.5,88.3060,88.3062,88.3891,-0.0832,-0.0829,0.0002
2805,1000.5,226.7,88.3001,88.3004,88.3836,-0.0835,-0.0832,0.0002
2806,1000.1,221.7,88.2943,88.2946,88.3777,-0.0834,-0.0831,0.0002
2807,1000.8,206.0,88.2885,88.2887,88.3722,-0.0837,-0.0834,0.0002
2808,998.7,223.3,88.2827,88.2829,88.3667,-0.0840,-0.0838,0.0002
2809,1000.3,215.9,88.2769,88.2771,88.3611,-0.0843,-0.0840,0.0002
2810,999.7,200.1,88.2710,88.2713,88.3550,-0.0840,-0.0837,0.0002
2811,1000.3,243.1,88.2652,88.2655,88.3496,-0.0843,-0.0841,0.0002
2812,1000.1,223.3,88.2594,88.2597,88.3441,-0.0846,-0.0844,0.0002
2813,1001.0,237.0,88.2536,88.2539,88.3385,-0.0849,-0.0846,0.0002
2814,998.3,221.4,88.2478,88.2481,88.3326,-0.0848,-0.0845,0.0002
2815,1001.0,243.4,88.2420,88.2423,88.3273,-0.0852,-0.0850,0.0002
2816,1000.2,243.4,88.2362,88.2365,88.3220,-0.0857,-0.0855,0.0002
2817,999.2,248.2,88.2304,88.2307,88.3166,-0.0861,-0.0859,0.0002
2818,1001.7,214.2,88.2246,88.2249,88.3108,-0.0862,-0.0859,0.0002
2819,999.1,273.4,88.2189,88.2191,88.3055,-0.0866,-0.0864,0.0002
2820,998.9,274.5,88.2131,88.2133,88.3001,-0.0870,-0.0867,0.0003
2821,1000.2,225.4,88.2073,88.2075,88.2947,-0.0874,-0.0872,0.0003
2822,1000.0,231.4,88.2015,88.2018,88.2892,-0.0877,-0.0875,0.0003
2823,1000.3,223.9,88.1957,88.1960,88.2843,-0.0885,-0.0883,0.0003
2824,1000.5,223.4,88.1900,88.1902,88.2791,-0.0892,-0.0889,0.0003
2825,999.3,225.0,88.1842,88.1845,88.2738,-0.0896,-0.0894,0.0003
2826,999.8,223.7,88.1784,88.1787,88.2680,-0.0896,-0.0893,0.0003
2827,1000.0,208.7,88.1727,88.1729,88.2626,-0.0899,-0.0896,0.0003
2828,999.9,233.5,88.1669,88.1672,88.2570,-0.0900,-0.0898,0.0003
2829,999.9,208.4,88.1612,88.1614,88.2512,-0.0901,-0.0898,0.0003
2830,1000.1,200.5,88.1554,88.1557,88.2451,-0.0897,-0.0894,0.0003
2831,1000.2,221.7,88.1497,88.1499,88.2395,-0.0898,-0.0895,0.0003
2832,1000.7,213.2,88.1439,88.1442,88.2338,-0.0899,-0.0896,0.0003
2833,999.2,196.4,88.1382,88.1384,88.2280,-0.0898,-0.0895,0.0003
2834,1001.4,221.7,88.1324,88.1327,88.2215,-0.0890,-0.0888,0.0003
2835,1001.6,250.3,88.1267,88.1270,88.2153,-0.0886,-0.0883,0.0003
2836,998.1,227.3,88.1210,88.1212,88.2092,-0.0882,-0.0879,0.0003
2837,999.7,226.6,88.1152,88.1155,88.2032,-0.0880,-0.0877,0.0003
2838,999.1,203.6,88.1095,88.1098,88.1970,-0.0875,-0.0872,0.0003
2839,999.8,216.3,88.1038,88.1041,88.1912,-0.0874,-0.0871,0.0003
2840,999.8,236.5,88.0981,88.0983,88.1845,-0.0864,-0.0861,0.0003
2841,1000.2,215.6,88.0924,88.0926,88.1786,-0.0863,-0.0860,0.0003
2842,999.9,207.3,88.0866,88.0869,88.1724,-0.0857,-0.0854,0.0003
2843,1000.7,231.7,88.0809,88.0812,88.1665,-0.0855,-0.0853,0.0003
2844,999.2,235.0,88.0752,88.0755,88.1608,-0.0856,-0.0853,0.0003
2845,1000.1,260.7,88.0695,88.0698,88.1552,-0.0857,-0.0854,0.0003
2846,1000.5,237.0,88.0638,88.0641,88.1494,-0.0856,-0.0853,0.0003
2847,1000.5,212.2,88.0581,88.0584,88.1440,-0.0859,-0.0856,0.0003
2848,999.2,207.0,88.0524,88.0527,88.1385,-0.0861,-0.0858,0.0003
2849,999.7,226.6,88.0467,88.0470,88.1329,-0.0862,-0.0859,0.0003
2850,1000.1,201.3,88.0410,88.0413,88.1268,-0.0858,-0.0855,0.0003
2851,1005.2,235.6,88.0354,88.0357,88.1212,-0.0858,-0.0855,0.0003
2852,996.3,227.5,88.0297,88.0300,88.1156,-0.0859,-0.0856,0.0003
2853,1003.5,238.9,88.0240,88.0243,88.1100,-0.0859,-0.0856,0.0003
2854,995.9,216.0,88.0183,88.0186,88.1041,-0.0857,-0.0854,0.0003
2855,1001.0,201.3,88.0127,88.0130,88.0986,-0.0860,-0.0856,0.0003
2856,1002.5,230.7,88.0070,88.0073,88.0930,-0.0860,-0.0857,0.0003
2857,1000.0,245.5,88.0013,88.0016,88.0930,-0.0917,-0.0914,0.0003
2858,1000.2,212.1,87.9957,87.9960,88.0869,-0.0912,-0.0909,0.0003
2859,999.9,213.0,87.9900,87.9903,88.0812,-0.0912,-0.0908,0.0003
2860,998.6,237.6,87.9844,87.9847,88.0756,-0.0912,-0.0909,0.0003
2861,1000.2,226.8,87.9787,87.9790,88.0699,-0.0912,-0.0909,0.0003
2862,1000.4,229.5,87.9731,87.9734,88.0639,-0.0908,-0.0905,0.0003
2863,1000.0,233.9,87.9674,87.9677,88.0581,-0.0906,-0.0903,0.0003
2864,1000.5,224.6,87.9618,87.9621,88.0522,-0.0904,-0.0901,0.0003
2865,999.5,209.8,87.9562,87.9565,88.0466,-0.0904,-0.0901,0.0003
2866,999.5,223.3,87.9505,87.9508,88.0406,-0.0901,-0.0898,0.0003
2867,999.7,220.0,87.9449,87.9452,88.0354,-0.0905,-0.0902,0.0003
2868,999.3,208.9,87.9393,87.9396,88.0302,-0.0909,-0.0906,0.0003
2869,1000.7,286.6,87.9336,87.9340,88.0251,-0.0914,-0.0911,0.0003
2870,997.9,255.0,87.9280,87.9284,88.0195,-0.0914,-0.0911,0.0003
2871,999.9,238.4,87.9224,87.9227,88.0142,-0.0918,-0.0915,0.0003
2872,999.9,225.8,87.9168,87.9171,88.0088,-0.0920,-0.0916,0.0003
2873,1000.1,213.3,87.9112,87.9115,88.0032,-0.0920,-0.0917,0.0003
2874,999.4,215.6,87.9056,87.9059,87.9972,-0.0916,-0.0912,0.0003
2875,1000.3,211.0,87.9000,87.9003,87.9915,-0.0915,-0.0912,0.0003
2876,1000.1,232.1,87.8944,87.8947,87.9859,-0.0915,-0.0912,0.0003
2877,999.9,237.0,87.8888,87.8891,87.9804,-0.0916,-0.0912,0.0003
2878,999.9,226.5,87.8832,87.8836,87.9741,-0.0909,-0.0906,0.0003
2879,1000.1,216.8,87.8776,87.8780,87.9680,-0.0904,-0.0900,0.0003
2880,1000.0,226.4,87.8720,87.8724,87.9617,-0.0897,-0.0893,0.0004
2881,1002.6,228.8,87.8665,87.8668,87.9554,-0.0890,-0.0886,0.0004
2882,997.7,212.2,87.8609,87.8612,87.9486,-0.0877,-0.0873,0.0004
2883,1000.9,248.5,87.8553,87.8557,87.9424,-0.0871,-0.0867,0.0004
2884,1000.3,253.9,87.8498,87.8501,87.9363,-0.0865,-0.0862,0.0004
2885,1001.0,222.9,87.8442,87.8446,87.9301,-0.0859,-0.0856,0.0004
2886,1002.1,270.0,87.8386,87.8390,87.9235,-0.0849,-0.0845,0.0004
2887,998.5,218.3,87.8331,87.8334,87.9174,-0.0843,-0.0839,0.0004
2888,1000.1,211.4,87.8275,87.8279,87.9112,-0.0837,-0.0833,0.0004
2889,999.7,228.5,87.8220,87.8223,87.9053,-0.0834,-0.0830,0.0004
2890,999.9,216.9,87.8164,87.8168,87.8993,-0.0829,-0.0825,0.0004
2891,1000.3,256.5,87.8109,87.8113,87.8937,-0.0828,-0.0825,0.0004
2892,1000.5,262.1,87.8053,87.8057,87.8882,-0.0829,-0.0825,0.0004
2893,1000.9,237.0,87.7998,87.8002,87.8826,-0.0827,-0.0824,0.0004
2894,997.9,275.1,87.7943,87.7947,87.8763,-0.0820,-0.0816,0.0004
2895,1000.4,279.8,87.7888,87.7891,87.8704,-0.0816,-0.0813,0.0004
2896,1001.8,249.8,87.7832,87.7836,87.8646,-0.0813,-0.0810,0.0004
2897,997.7,232.1,87.7777,87.7781,87.8588,-0.0811,-0.0807,0.0004
2898,1000.6,242.2,87.7722,87.7726,87.8526,-0.0804,-0.0800,0.0004
2899,1002.0,232.1,87.7667,87.7671,87.8468,-0.0801,-0.0797,0.0004
2900,999.2,244.0,87.7612,87.7616,87.8409,-0.0797,-0.0793,0.0004
2901,1000.1,264.0,87.7557,87.7561,87.8350,-0.0793,-0.0789,0.0004
2902,999.2,228.2,87.7502,87.7506,87.8285,-0.0784,-0.0780,0.0004
2903,999.5,243.6,87.7447,87.7451,87.8228,-0.0781,-0.0777,0.0004
2904,999.8,232.3,87.7392,87.7396,87.8171,-0.0779,-0.0775,0.0004
2905,1001.2,215.6,87.7337,87.7341,87.8115,-0.0778,-0.0774,0.0004
2906,998.7,233.9,87.7282,87.7286,87.8056,-0.0774,-0.0770,0.0004
2907,999.8,229.8,87.7227,87.7231,87.8001,-0.0774,-0.0770,0.0004
2908,999.5,221.3,87.7173,87.7177,87.7945,-0.0773,-0.0769,0.0004
2909,999.3,228.0,87.7118,87.7122,87.7890,-0.0772,-0.0768,0.0004
2910,1003.8,225.7,87.7063,87.7067,87.7832,-0.0769,-0.0765,0.0004
2911,999.4,234.4,87.7008,87.7013,87.7781,-0.0772,-0.0768,0.0004
2912,996.7,240.3,87.6954,87.6958,87.7732,-0.0778,-0.0774,0.0004
2913,999.0,228.5,87.6899,87.6903,87.7684,-0.0785,-0.0781,0.0004
2914,999.7,217.0,87.6845,87.6849,87.7634,-0.0789,-0.0785,0.0004
2915,1000.2,214.0,87.6790,87.6794,87.7584,-0.0794,-0.0790,0.0004
2916,999.9,242.0,87.6736,87.6740,87.7535,-0.0799,-0.0795,0.0004
2917,999.8,218.7,87.6681,87.6686,87.7485,-0.0803,-0.0799,0.0004
2918,1000.1,242.5,87.6627,87.6631,87.7430,-0.0803,-0.0798,0.0004
2919,999.7,272.9,87.6573,87.6577,87.7379,-0.0807,-0.0803,0.0004
2920,1000.3,258.0,87.6518,87.6523,87.7332,-0.0813,-0.0809,0.0004
2921,999.8,256.1,87.6464,87.6468,87.7285,-0.0821,-0.0816,0.0004
2922,1000.1,266.0,87.6410,87.6414,87.7233,-0.0824,-0.0819,0.0004
2923,999.9,251.5,87.6356,87.6360,87.7185,-0.0829,-0.0825,0.0004
2924,1002.9,275.9,87.6301,87.6306,87.7135,-0.0833,-0.0829,0.0004
2925,1000.2,270.4,87.6247,87.6252,87.7084,-0.0837,-0.0832,0.0004
2926,1000.6,259.0,87.6193,87.6198,87.7028,-0.0835,-0.0830,0.0004
2927,998.7,240.6,87.6139,87.6144,87.6977,-0.0837,-0.0833,0.0004
2928,1001.2,218.8,87.6085,87.6090,87.6925,-0.0840,-0.0836,0.0004
2929,998.1,227.1,87.6031,87.6036,87.6875,-0.0843,-0.0839,0.0004
2930,999.4,212.7,87.5977,87.5982,87.6820,-0.0842,-0.0838,0.0004
2931,999.1,235.6,87.5924,87.5928,87.6768,-0.0844,-0.0840,0.0004
2932,1000.5,227.1,87.5870,87.5874,87.6715,-0.0845,-0.0840,0.0005
2933,999.5,235.9,87.5816,87.5821,87.6662,-0.0846,-0.0841,0.0005
2934,1000.4,223.7,87.5762,87.5767,87.6604,-0.0842,-0.0838,0.0005
2935,999.6,205.3,87.5709,87.5713,87.6552,-0.0843,-0.0838,0.0005
2936,1002.9,231.8,87.5655,87.5660,87.6499,-0.0844,-0.0840,0.0005
2937,996.9,218.2,87.5601,87.5606,87.6447,-0.0846,-0.0842,0.0005
2938,1000.8,212.3,87.5548,87.5552,87.6393,-0.0845,-0.0841,0.0005
2939,999.4,233.8,87.5494,87.5499,87.6343,-0.0849,-0.0844,0.0005
2940,1000.5,211.0,87.5441,87.5445,87.6293,-0.0852,-0.0848,0.0005
2941,1003.7,224.3,87.5387,87.5392,87.6243,-0.0856,-0.0851,0.0005
2942,996.8,226.9,87.5334,87.5339,87.6187,-0.0853,-0.0848,0.0005
2943,1001.0,218.3,87.5280,87.5285,87.6133,-0.0853,-0.0848,0.0005
2944,998.7,279.9,87.5227,87.5232,87.6081,-0.0853,-0.0849,0.0005
2945,1000.1,270.6,87.5174,87.5179,87.6028,-0.0854,-0.0849,0.0005
2946,1001.5,255.2,87.5121,87.5125,87.5971,-0.0850,-0.0846,0.0005
2947,998.6,259.2,87.5067,87.5072,87.5918,-0.0850,-0.0845,0.0005
2948,1000.4,250.1,87.5014,87.5019,87.5863,-0.0849,-0.0844,0.0005
2949,999.3,248.7,87.4961,87.4966,87.5808,-0.0846,-0.0842,0.0005
2950,1000.1,235.2,87.4908,87.4913,87.5748,-0.0839,-0.0835,0.0005
2951,999.5,227.1,87.4855,87.4860,87.5691,-0.0836,-0.0831,0.0005
2952,1000.1,234.4,87.4802,87.4807,87.5634,-0.0832,-0.0827,0.0005
2953,999.3,221.2,87.4749,87.4754,87.5577,-0.0828,-0.0823,0.0005
2954,1000.5,207.9,87.4696,87.4701,87.5515,-0.0819,-0.0814,0.0005
2955,999.7,228.9,87.4643,87.4648,87.5458,-0.0815,-0.0810,0.0005
2956,1000.4,247.9,87.4591,87.4596,87.5400,-0.0810,-0.0805,0.0005
2957,999.4,234.0,87.4538,87.4543,87.5341,-0.0804,-0.0799,0.0005
2958,1001.1,227.8,87.4485,87.4490,87.5278,-0.0793,-0.0788,0.0005
2959,999.4,234.1,87.4432,87.4437,87.5221,-0.0789,-0.0784,0.0005
2960,1002.7,221.7,87.4380,87.4385,87.5166,-0.0786,-0.0781,0.0005
2961,998.9,237.5,87.4327,87.4332,87.5113,-0.0785,-0.0780,0.0005
2962,999.9,249.7,87.4275,87.4280,87.5058,-0.0783,-0.0778,0.0005
2963,999.6,225.2,87.4222,87.4227,87.5005,-0.0783,-0.0777,0.0005
2964,999.7,228.3,87.4170,87.4175,87.4952,-0.0782,-0.0777,0.0005
2965,1000.8,225.0,87.4117,87.4122,87.4898,-0.0781,-0.0776,0.0005
2966,999.7,236.7,87.4065,87.4070,87.4840,-0.0775,-0.0770,0.0005
2967,1000.0,237.6,87.4012,87.4018,87.4786,-0.0773,-0.0768,0.0005
2968,999.4,256.0,87.3960,87.3965,87.4732,-0.0772,-0.0767,0.0005
2969,999.3,274.9,87.3908,87.3913,87.4679,-0.0771,-0.0766,0.0005
2970,1000.6,263.2,87.3856,87.3861,87.4621,-0.0765,-0.0760,0.0005
2971,999.5,249.3,87.3804,87.3809,87.4569,-0.0765,-0.0760,0.0005
2972,1000.4,231.7,87.3751,87.3757,87.4515,-0.0764,-0.0758,0.0005
2973,999.5,209.2,87.3699,87.3705,87.4462,-0.0763,-0.0758,0.0005
2974,1000.3,241.4,87.3647,87.3653,87.4405,-0.0757,-0.0752,0.0005
2975,999.6,212.8,87.3595,87.3601,87.4351,-0.0755,-0.0750,0.0005
2976,1000.7,236.2,87.3543,87.3549,87.4297,-0.0753,-0.0748,0.0005
2977,999.0,223.3,87.3491,87.3497,87.4244,-0.0753,-0.0747,0.0005
2978,1002.0,209.2,87.3440,87.3445,87.4195,-0.0756,-0.0750,0.0006
2979,1000.6,229.3,87.3388,87.3393,87.4143,-0.0755,-0.0750,0.0006
2980,999.4,212.1,87.3336,87.3342,87.4094,-0.0758,-0.0752,0.0006
2981,999.8,233.0,87.3284,87.3290,87.4044,-0.0759,-0.0754,0.0006
2982,1000.6,227.9,87.3233,87.3238,87.3992,-0.0760,-0.0754,0.0006
2983,999.3,220.5,87.3181,87.3187,87.3938,-0.0757,-0.0751,0.0006
2984,999.8,222.9,87.3129,87.3135,87.3888,-0.0759,-0.0753,0.0006
2985,999.2,204.3,87.3078,87.3084,87.3841,-0.0763,-0.0757,0.0006
2986,1000.1,231.5,87.3026,87.3032,87.3794,-0.0767,-0.0762,0.0006
2987,999.4,216.1,87.2975,87.2981,87.3744,-0.0769,-0.0763,0.0006
2988,1000.5,207.2,87.2923,87.2929,87.3698,-0.0774,-0.0768,0.0006
2989,999.9,227.4,87.2872,87.2878,87.3651,-0.0779,-0.0773,0.0006
2990,1000.2,217.2,87.2821,87.2827,87.3603,-0.0782,-0.0776,0.0006
2991,999.5,231.3,87.2770,87.2775,87.3548,-0.0778,-0.0772,0.0006
2992,1000.5,223.8,87.2718,87.2724,87.3496,-0.0778,-0.0772,0.0006
2993,999.7,212.5,87.2667,87.2673,87.3445,-0.0778,-0.0772,0.0006
2994,1000.0,263.9,87.2616,87.2622,87.3395,-0.0779,-0.0773,0.0006
2995,1000.7,263.3,87.2565,87.2571,87.3340,-0.0775,-0.0769,0.0006
2996,1001.1,266.8,87.2514,87.2520,87.3289,-0.0775,-0.0769,0.0006
2997,999.0,273.8,87.2463,87.2469,87.3238,-0.0775,-0.0769,0.0006
2998,1001.2,226.2,87.2412,87.2418,87.3186,-0.0774,-0.0768,0.0006
2999,1000.6,242.3,87.2361,87.2367,87.3128,-0.0766,-0.0760,0.0006
3000,998.4,210.2,87.2310,87.2316,87.3074,-0.0763,-0.0757,0.0006
3001,1007.6,271.6,87.2259,87.2265,87.3019,-0.0760,-0.0754,0.0006
3002,994.3,224.8,87.2209,87.2215,87.2966,-0.0758,-0.0751,0.0006
3003,997.9,220.0,87.2158,87.2164,87.2910,-0.0752,-0.0746,0.0006
3004,999.8,226.9,87.2107,87.2113,87.2858,-0.0751,-0.0745,0.0006
3005,1000.0,214.0,87.2057,87.2063,87.2805,-0.0749,-0.0743,0.0006
3006,999.3,228.4,87.2006,87.2012,87.2752,-0.0746,-0.0740,0.0006
3007,999.8,218.7,87.1956,87.1962,87.2687,-0.0732,-0.0725,0.0006
3008,1000.1,214.6,87.1905,87.1911,87.2641,-0.0736,-0.0730,0.0006
3009,1000.7,229.6,87.1855,87.1861,87.2578,-0.0723,-0.0717,0.0006
3010,999.3,215.7,87.1804,87.1810,87.2523,-0.0719,-0.0713,0.0006
3011,1000.6,251.6,87.1754,87.1760,87.2474,-0.0720,-0.0714,0.0006
3012,999.5,219.6,87.1704,87.1710,87.2425,-0.0722,-0.0716,0.0006
3013,1000.7,225.1,87.1653,87.1660,87.2377,-0.0724,-0.0717,0.0006
3014,1001.8,244.7,87.1603,87.1609,87.2323,-0.0720,-0.0714,0.0006
3015,1000.9,221.2,87.1553,87.1559,87.2272,-0.0719,-0.0712,0.0006
3016,999.8,246.2,87.1503,87.1509,87.2219,-0.0716,-0.0710,0.0006
3017,998.2,235.4,87.1453,87.1459,87.2167,-0.0714,-0.0707,0.0006
3018,1002.1,223.5,87.1403,87.1409,87.2116,-0.0713,-0.0707,0.0006
3019,998.0,252.4,87.1353,87.1359,87.2063,-0.0710,-0.0704,0.0006
3020,999.4,255.4,87.1303,87.1309,87.2016,-0.0713,-0.0706,0.0006
3021,999.8,244.0,87.1253,87.1260,87.1968,-0.0715,-0.0708,0.0007
3022,1000.2,223.7,87.1203,87.1210,87.1920,-0.0717,-0.0710,0.0007
3023,1000.1,252.7,87.1153,87.1160,87.1867,-0.0713,-0.0707,0.0007
3024,1001.8,227.4,87.1104,87.1110,87.1817,-0.0713,-0.0706,0.0007
3025,1000.9,222.2,87.1054,87.1061,87.1817,-0.0763,-0.0756,0.0007
3026,999.6,246.6,87.1004,87.1011,87.1766,-0.0761,-0.0755,0.0007
3027,998.8,210.5,87.0955,87.0962,87.1716,-0.0761,-0.0755,0.0007
3028,1001.4,222.7,87.0905,87.0912,87.1665,-0.0760,-0.0753,0.0007
3029,999.1,246.4,87.0856,87.0863,87.1618,-0.0762,-0.0755,0.0007
3030,999.0,223.5,87.0806,87.0813,87.1570,-0.0764,-0.0757,0.0007
3031,998.9,237.5,87.0757,87.0764,87.1523,-0.0766,-0.0760,0.0007
3032,999.8,219.4,87.0708,87.0715,87.1472,-0.0764,-0.0757,0.0007
3033,1000.8,213.3,87.0658,87.0665,87.1425,-0.0766,-0.0759,0.0007
3034,998.9,238.7,87.0609,87.0616,87.1378,-0.0769,-0.0762,0.0007
3035,1000.2,211.5,87.0560,87.0567,87.1333,-0.0773,-0.0766,0.0007
3036,999.9,235.2,87.0511,87.0518,87.1286,-0.0775,-0.0769,0.0007
3037,1001.2,231.3,87.0462,87.0469,87.1244,-0.0782,-0.0775,0.0007
3038,1001.9,224.4,87.0413,87.0420,87.1203,-0.0791,-0.0784,0.0007
3039,999.8,226.1,87.0364,87.0371,87.1165,-0.0801,-0.0794,0.0007
3040,1000.2,219.9,87.0315,87.0322,87.1124,-0.0809,-0.0802,0.0007
3041,998.1,243.5,87.0266,87.0273,87.1085,-0.0819,-0.0812,0.0007
3042,1001.6,215.3,87.0217,87.0224,87.1043,-0.0825,-0.0818,0.0007
3043,998.3,219.7,87.0168,87.0175,87.0999,-0.0831,-0.0824,0.0007
3044,999.5,281.2,87.0120,87.0127,87.0952,-0.0833,-0.0825,0.0007
3045,999.5,276.8,87.0071,87.0078,87.0909,-0.0838,-0.0831,0.0007
3046,999.8,249.2,87.0022,87.0029,87.0864,-0.0842,-0.0834,0.0007
3047,999.8,254.5,86.9974,86.9981,87.0819,-0.0845,-0.0838,0.0007
3048,1002.8,251.0,86.9925,86.9932,87.0771,-0.0845,-0.0838,0.0007
3049,1000.9,239.2,86.9877,86.9884,87.0725,-0.0848,-0.0841,0.0007
3050,999.5,230.0,86.9828,86.9835,87.0677,-0.0849,-0.0842,0.0007
3051,1000.8,238.9,86.9780,86.9787,87.0629,-0.0849,-0.0842,0.0007
3052,1000.8,240.5,86.9732,86.9739,87.0575,-0.0843,-0.0836,0.0007
3053,999.3,232.0,86.9683,86.9691,87.0525,-0.0842,-0.0834,0.0007
3054,997.8,236.9,86.9635,86.9642,87.0474,-0.0839,-0.0831,0.0007
3055,999.6,227.8,86.9587,86.9594,87.0422,-0.0836,-0.0828,0.0007
3056,999.9,229.9,86.9539,86.9546,87.0365,-0.0826,-0.0819,0.0007
3057,998.8,220.7,86.9491,86.9498,87.0311,-0.0821,-0.0813,0.0007
3058,1001.0,244.1,86.9443,86.9450,87.0258,-0.0816,-0.0808,0.0007
3059,1002.1,228.1,86.9395,86.9402,87.0205,-0.0810,-0.0803,0.0007
3060,998.3,232.2,86.9347,86.9354,87.0145,-0.0799,-0.0791,0.0007
3061,999.0,248.7,86.9299,86.9306,87.0089,-0.0790,-0.0783,0.0007
3062,1000.9,240.2,86.9251,86.9258,87.0032,-0.0781,-0.0774,0.0008
3063,999.0,218.3,86.9203,86.9211,86.9977,-0.0773,-0.0766,0.0008
3064,1000.4,236.6,86.9155,86.9163,86.9919,-0.0763,-0.0756,0.0008
3065,999.6,220.8,86.9108,86.9115,86.9867,-0.0760,-0.0752,0.0008
3066,1000.2,238.2,86.9060,86.9068,86.9816,-0.0756,-0.0749,0.0008
3067,999.0,220.4,86.9013,86.9020,86.9765,-0.0752,-0.0745,0.0008
3068,1000.9,211.2,86.8965,86.8973,86.9710,-0.0745,-0.0737,0.0008
3069,999.5,257.6,86.8918,86.8925,86.9657,-0.0740,-0.0732,0.0008
3070,1001.1,257.5,86.8870,86.8878,86.9602,-0.0732,-0.0724,0.0008
3071,1003.0,279.9,86.8823,86.8831,86.9547,-0.0724,-0.0716,0.0008
3072,996.9,248.2,86.8775,86.8783,86.9490,-0.0715,-0.0707,0.0008
3073,999.3,294.4,86.8728,86.8736,86.9431,-0.0703,-0.0695,0.0008
3074,1000.8,280.1,86.8681,86.8689,86.9379,-0.0698,-0.0690,0.0008
3075,1002.5,283.9,86.8634,86.8642,86.9326,-0.0692,-0.0684,0.0008
3076,999.3,249.6,86.8587,86.8595,86.9272,-0.0686,-0.0678,0.0008
3077,1000.1,231.7,86.8540,86.8548,86.9212,-0.0673,-0.0665,0.0008
3078,998.3,245.1,86.8493,86.8501,86.9157,-0.0664,-0.0656,0.0008
3079,999.4,202.4,86.8446,86.8454,86.9101,-0.0655,-0.0647,0.0008
3080,999.6,234.4,86.8399,86.8407,86.9047,-0.0648,-0.0640,0.0008
3081,1000.4,236.4,86.8352,86.8360,86.8991,-0.0639,-0.0631,0.0008
3082,1000.3,230.3,86.8305,86.8313,86.8941,-0.0636,-0.0628,0.0008
3083,999.8,225.0,86.8258,86.8267,86.8892,-0.0633,-0.0625,0.0008
3084,1000.1,249.7,86.8212,86.8220,86.8842,-0.0630,-0.0622,0.0008
3085,1000.3,224.6,86.8165,86.8173,86.8790,-0.0625,-0.0617,0.0008
3086,1001.3,236.2,86.8119,86.8127,86.8741,-0.0622,-0.0614,0.0008
3087,1002.8,228.6,86.8072,86.8080,86.8692,-0.0620,-0.0612,0.0008
3088,995.4,219.3,86.8026,86.8034,86.8645,-0.0620,-0.0612,0.0008
3089,1001.7,243.7,86.7979,86.7987,86.8597,-0.0618,-0.0610,0.0008
3090,1000.4,219.9,86.7933,86.7941,86.8555,-0.0622,-0.0614,0.0008
3091,998.4,217.0,86.7886,86.7895,86.8514,-0.0627,-0.0619,0.0008
3092,999.2,236.5,86.7840,86.7849,86.8474,-0.0634,-0.0625,0.0008
3093,1006.1,236.8,86.7794,86.7802,86.8431,-0.0637,-0.0628,0.0008
3094,1000.3,260.6,86.7748,86.7756,86.8390,-0.0642,-0.0634,0.0008
3095,993.9,256.7,86.7702,86.7710,86.8347,-0.0646,-0.0637,0.0008
3096,1004.3,266.3,86.7656,86.7664,86.8305,-0.0649,-0.0641,0.0008
3097,995.8,236.2,86.7610,86.7618,86.8260,-0.0650,-0.0641,0.0008
3098,999.4,218.2,86.7564,86.7572,86.8218,-0.0654,-0.0646,0.0008
3099,1000.0,203.4,86.7518,86.7526,86.8178,-0.0660,-0.0651,0.0008
3100,1000.1,226.2,86.7472,86.7481,86.8137,-0.0665,-0.0656,0.0009
3101,999.9,237.8,86.7426,86.7435,86.8093,-0.0667,-0.0658,0.0009
3102,1000.1,227.9,86.7381,86.7389,86.8053,-0.0672,-0.0664,0.0009
3103,1000.0,228.9,86.7335,86.7344,86.8013,-0.0678,-0.0669,0.0009
3104,999.7,239.3,86.7289,86.7298,86.7971,-0.0682,-0.0673,0.0009
3105,1000.1,222.4,86.7244,86.7252,86.7929,-0.0685,-0.0676,0.0009
3106,1005.0,250.4,86.7198,86.7207,86.7883,-0.0685,-0.0676,0.0009
3107,1001.9,245.9,86.7153,86.7162,86.7840,-0.0688,-0.0679,0.0009
3108,997.1,234.9,86.7107,86.7116,86.7798,-0.0691,-0.0682,0.0009
3109,997.7,243.6,86.7062,86.7071,86.7754,-0.0692,-0.0683,0.0009
3110,999.3,233.8,86.7017,86.7026,86.7707,-0.0691,-0.0682,0.0009
3111,999.7,248.0,86.6972,86.6980,86.7664,-0.0693,-0.0684,0.0009
3112,1004.0,240.5,86.6926,86.6935,86.7621,-0.0695,-0.0686,0.0009
3113,998.7,244.2,86.6881,86.6890,86.7579,-0.0698,-0.0689,0.0009
3114,996.9,232.1,86.6836,86.6845,86.7531,-0.0695,-0.0686,0.0009
3115,1001.0,223.6,86.6791,86.6800,86.7486,-0.0694,-0.0685,0.0009
3116,999.1,247.2,86.6746,86.6755,86.7439,-0.0693,-0.0684,0.0009
3117,999.9,203.2,86.6701,86.6710,86.7391,-0.0690,-0.0681,0.0009
3118,999.8,228.7,86.6656,86.6665,86.7341,-0.0685,-0.0676,0.0009
3119,1000.0,245.9,86.6612,86.6621,86.7295,-0.0683,-0.0674,0.0009
3120,1000.0,256.1,86.6567,86.6576,86.7250,-0.0683,-0.0674,0.0009
3121,999.9,265.8,86.6522,86.6531,86.7206,-0.0684,-0.0675,0.0009
3122,1000.0,228.1,86.6478,86.6487,86.7158,-0.0680,-0.0671,0.0009
3123,1000.1,213.9,86.6433,86.6442,86.7113,-0.0680,-0.0671,0.0009
3124,999.7,250.6,86.6389,86.6398,86.7069,-0.0680,-0.0671,0.0009
3125,1006.3,227.9,86.6344,86.6353,86.7022,-0.0678,-0.0669,0.0009
3126,995.5,217.7,86.6300,86.6309,86.6971,-0.0671,-0.0662,0.0009
3127,998.8,230.7,86.6255,86.6265,86.6923,-0.0668,-0.0658,0.0009
3128,1001.6,241.1,86.6211,86.6220,86.6875,-0.0664,-0.0655,0.0009
3129,1000.6,235.0,86.6167,86.6176,86.6829,-0.0663,-0.0653,0.0009
3130,1006.0,226.2,86.6123,86.6132,86.6785,-0.0662,-0.0653,0.0009
3131,994.3,241.4,86.6079,86.6088,86.6737,-0.0658,-0.0649,0.0009
3132,997.8,225.0,86.6034,86.6044,86.6693,-0.0658,-0.0649,0.0009
3133,1000.9,217.4,86.5990,86.6000,86.6647,-0.0656,-0.0647,0.0009
3134,998.3,206.3,86.5947,86.5956,86.6600,-0.0653,-0.0644,0.0009
3135,1000.7,224.2,86.5903,86.5912,86.6549,-0.0646,-0.0637,0.0009
3136,999.4,241.9,86.5859,86.5868,86.6499,-0.0640,-0.0631,0.0010
3137,1001.1,234.7,86.5815,86.5825,86.6449,-0.0634,-0.0625,0.0010
3138,998.8,216.1,86.5771,86.5781,86.6401,-0.0630,-0.0620,0.0010
3139,1000.5,221.5,86.5728,86.5737,86.6350,-0.0623,-0.0613,0.0010
3140,999.6,226.0,86.5684,86.5694,86.6306,-0.0622,-0.0612,0.0010
3141,1000.2,221.1,86.5640,86.5650,86.6260,-0.0619,-0.0610,0.0010
3142,1000.4,202.0,86.5597,86.5607,86.6215,-0.0618,-0.0608,0.0010
3143,1001.4,234.7,86.5554,86.5563,86.6166,-0.0612,-0.0603,0.0010
3144,1002.0,288.1,86.5510,86.5520,86.6120,-0.0610,-0.0600,0.0010
3145,996.6,281.6,86.5467,86.5477,86.6075,-0.0608,-0.0598,0.0010
3146,1002.2,235.5,86.5424,86.5433,86.6032,-0.0608,-0.0599,0.0010
3147,1000.9,229.2,86.5380,86.5390,86.5987,-0.0606,-0.0597,0.0010
3148,997.0,254.2,86.5337,86.5347,86.5947,-0.0610,-0.0600,0.0010
3149,1001.4,243.4,86.5294,86.5304,86.5909,-0.0615,-0.0605,0.0010
3150,998.5,224.7,86.5251,86.5261,86.5872,-0.0621,-0.0611,0.0010
3151,999.4,210.3,86.5208,86.5218,86.5832,-0.0624,-0.0614,0.0010
3152,1000.6,203.4,86.5165,86.5175,86.5795,-0.0630,-0.0620,0.0010
3153,999.4,223.8,86.5122,86.5132,86.5758,-0.0636,-0.0626,0.0010
3154,1000.4,204.5,86.5079,86.5089,86.5720,-0.0641,-0.0631,0.0010
3155,999.5,226.7,86.5037,86.5047,86.5679,-0.0643,-0.0633,0.0010
3156,1000.5,246.6,86.4994,86.5004,86.5639,-0.0646,-0.0635,0.0010
3157,999.6,210.4,86.4951,86.4961,86.5599,-0.0648,-0.0638,0.0010
3158,1000.4,221.5,86.4909,86.4919,86.5560,-0.0651,-0.0641,0.0010
3159,999.7,233.5,86.4866,86.4876,86.5521,-0.0654,-0.0644,0.0010
3160,1001.2,233.0,86.4824,86.4834,86.5478,-0.0654,-0.0644,0.0010
3161,1002.1,255.5,86.4781,86.4792,86.5439,-0.0658,-0.0648,0.0010
3162,998.8,236.4,86.4739,86.4749,86.5400,-0.0661,-0.0651,0.0010
3163,998.1,233.4,86.4697,86.4707,86.5358,-0.0661,-0.0651,0.0010
3164,1003.4,244.5,86.4655,86.4665,86.5318,-0.0663,-0.0653,0.0010
3165,998.2,226.5,86.4612,86.4623,86.5276,-0.0664,-0.0654,0.0010
3166,1001.9,215.3,86.4570,86.4581,86.5234,-0.0664,-0.0653,0.0010
3167,998.4,230.0,86.4528,86.4539,86.5189,-0.0661,-0.0650,0.0010
3168,1000.2,245.1,86.4486,86.4497,86.5147,-0.0661,-0.0650,0.0010
3169,999.2,268.3,86.4444,86.4455,86.5105,-0.0661,-0.0651,0.0010
3170,998.7,254.7,86.4402,86.4413,86.5065,-0.0663,-0.0652,0.0010
3171,999.4,216.9,86.4361,86.4371,86.5022,-0.0661,-0.0651,0.0011
3172,1000.6,218.2,86.4319,86.4329,86.4983,-0.0664,-0.0654,0.0011
3173,999.4,228.3,86.4277,86.4288,86.4944,-0.0667,-0.0656,0.0011
3174,1000.2,205.6,86.4235,86.4246,86.4903,-0.0668,-0.0657,0.0011
3175,999.7,198.6,86.4194,86.4205,86.4858,-0.0665,-0.0654,0.0011
3176,1000.3,220.3,86.4152,86.4163,86.4816,-0.0664,-0.0653,0.0011
3177,999.7,195.7,86.4111,86.4122,86.4774,-0.0664,-0.0653,0.0011
3178,1000.4,229.6,86.4070,86.4080,86.4734,-0.0664,-0.0653,0.0011
3179,1001.7,249.0,86.4028,86.4039,86.4692,-0.0663,-0.0653,0.0011
3180,1000.4,222.4,86.3987,86.3998,86.4654,-0.0667,-0.0656,0.0011
3181,1000.5,216.8,86.3946,86.3956,86.4617,-0.0671,-0.0660,0.0011
3182,999.7,237.4,86.3904,86.3915,86.4579,-0.0674,-0.0663,0.0011
3183,1001.7,231.3,86.3863,86.3874,86.4537,-0.0673,-0.0663,0.0011
3184,996.2,211.1,86.3822,86.3833,86.4496,-0.0674,-0.0663,0.0011
3185,1000.6,237.7,86.3781,86.3792,86.4453,-0.0672,-0.0661,0.0011
3186,1000.4,218.8,86.3740,86.3751,86.4409,-0.0669,-0.0658,0.0011
3187,999.1,232.5,86.3700,86.3711,86.4353,-0.0653,-0.0642,0.0011
3188,1000.1,226.5,86.3659,86.3670,86.4305,-0.0646,-0.0635,0.0011
3189,999.6,212.7,86.3618,86.3629,86.4259,-0.0641,-0.0630,0.0011
3190,1000.0,232.5,86.3577,86.3588,86.4211,-0.0634,-0.0622,0.0011
3191,1000.0,238.9,86.3537,86.3548,86.4167,-0.0631,-0.0619,0.0011
3192,1000.1,208.5,86.3496,86.3507,86.4122,-0.0626,-0.0615,0.0011
3193,999.9,226.8,86.3456,86.3467,86.4077,-0.0621,-0.0610,0.0011
3194,999.7,257.5,86.3415,86.3426,86.4031,-0.0616,-0.0605,0.0011
3195,1001.7,241.3,86.3375,86.3386,86.3979,-0.0604,-0.0593,0.0011
3196,999.6,258.3,86.3334,86.3346,86.3930,-0.0596,-0.0584,0.0011
3197,1002.8,267.7,86.3294,86.3306,86.3881,-0.0587,-0.0576,0.0011
3198,998.5,252.1,86.3254,86.3265,86.3833,-0.0579,-0.0568,0.0011
3199,1000.7,236.8,86.3214,86.3225,86.3783,-0.0569,-0.0557,0.0011
3200,998.2,242.4,86.3174,86.3185,86.3737,-0.0563,-0.0552,0.0011
3201,999.7,220.7,86.3134,86.3145,86.3693,-0.0559,-0.0548,0.0011
3202,1002.5,231.9,86.3094,86.3105,86.3648,-0.0554,-0.0543,0.0011
3203,997.3,259.8,86.3054,86.3065,86.3599,-0.0545,-0.0534,0.0011
3204,999.9,213.0,86.3014,86.3026,86.3554,-0.0540,-0.0528,0.0012
3205,1000.7,230.0,86.2974,86.2986,86.3554,-0.0580,-0.0568,0.0012
3206,999.3,209.3,86.2935,86.2946,86.3508,-0.0574,-0.0562,0.0012
3207,999.3,207.0,86.2895,86.2907,86.3461,-0.0567,-0.0555,0.0012
3208,1000.4,235.1,86.2855,86.2867,86.3413,-0.0558,-0.0546,0.0012
3209,999.6,211.3,86.2816,86.2827,86.3369,-0.0553,-0.0542,0.0012
3210,1000.6,229.6,86.2776,86.2788,86.3328,-0.0552,-0.0540,0.0012
3211,999.6,224.7,86.2737,86.2749,86.3288,-0.0551,-0.0539,0.0012
3212,1000.4,202.5,86.2698,86.2709,86.3244,-0.0547,-0.0535,0.0012
3213,999.5,224.5,86.2658,86.2670,86.3204,-0.0546,-0.0534,0.0012
3214,1000.4,224.2,86.2619,86.2631,86.3165,-0.0546,-0.0534,0.0012
3215,1001.6,205.4,86.2580,86.2592,86.3125,-0.0545,-0.0533,0.0012
3216,1002.5,241.9,86.2541,86.2553,86.3081,-0.0540,-0.0528,0.0012
3217,998.3,243.2,86.2502,86.2514,86.3039,-0.0537,-0.0525,0.0012
3218,997.8,203.9,86.2463,86.2475,86.2997,-0.0534,-0.0522,0.0012
3219,1000.3,276.6,86.2424,86.2436,86.2957,-0.0533,-0.0521,0.0012
3220,999.2,263.1,86.2385,86.2397,86.2916,-0.0531,-0.0519,0.0012
3221,1003.2,267.4,86.2346,86.2358,86.2878,-0.0532,-0.0520,0.0012
3222,1001.0,261.9,86.2308,86.2320,86.2842,-0.0534,-0.0522,0.0012
3223,996.8,265.5,86.2269,86.2281,86.2805,-0.0536,-0.0524,0.0012
3224,999.0,273.9,86.2230,86.2242,86.2764,-0.0534,-0.0522,0.0012
3225,1000.7,256.2,86.2192,86.2204,86.2726,-0.0534,-0.0522,0.0012
3226,999.1,239.8,86.2153,86.2165,86.2687,-0.0534,-0.0522,0.0012
3227,1000.2,210.6,86.2115,86.2127,86.2648,-0.0533,-0.0521,0.0012
3228,999.9,228.5,86.2076,86.2089,86.2608,-0.0531,-0.0519,0.0012
3229,999.9,232.9,86.2038,86.2050,86.2571,-0.0533,-0.0520,0.0012
3230,1001.0,201.2,86.2000,86.2012,86.2534,-0.0534,-0.0522,0.0012
3231,999.1,227.6,86.1962,86.1974,86.2498,-0.0537,-0.0524,0.0012
3232,1000.0,201.9,86.1924,86.1936,86.2460,-0.0536,-0.0524,0.0012
3233,1005.0,228.4,86.1886,86.1898,86.2423,-0.0537,-0.0525,0.0012
3234,999.5,251.4,86.1848,86.1860,86.2385,-0.0538,-0.0525,0.0012
3235,995.9,205.0,86.1810,86.1822,86.2348,-0.0539,-0.0526,0.0012
3236,1001.4,226.2,86.1772,86.1784,86.2308,-0.0536,-0.0524,0.0013
3237,1000.4,239.9,86.1734,86.1747,86.2271,-0.0537,-0.0524,0.0013
3238,1002.4,244.4,86.1696,86.1709,86.2235,-0.0539,-0.0526,0.0013
3239,998.5,208.3,86.1659,86.1671,86.2200,-0.0541,-0.0528,0.0013
3240,999.2,226.4,86.1621,86.1634,86.2163,-0.0541,-0.0529,0.0013
3241,1001.2,220.2,86.1584,86.1596,86.2129,-0.0546,-0.0533,0.0013
3242,998.2,204.9,86.1546,86.1559,86.2096,-0.0550,-0.0537,0.0013
3243,999.0,229.8,86.1509,86.1521,86.2064,-0.0555,-0.0542,0.0013
3244,999.2,245.2,86.1471,86.1484,86.2031,-0.0560,-0.0547,0.0013
3245,1000.1,259.0,86.1434,86.1447,86.2002,-0.0568,-0.0555,0.0013
3246,1000.2,242.7,86.1397,86.1410,86.1973,-0.0577,-0.0564,0.0013
3247,999.9,217.6,86.1360,86.1373,86.1944,-0.0584,-0.0571,0.0013
3248,999.8,234.6,86.1323,86.1335,86.1910,-0.0588,-0.0575,0.0013
3249,1000.1,222.4,86.1286,86.1298,86.1877,-0.0591,-0.0578,0.0013
3250,1000.1,212.0,86.1249,86.1262,86.1843,-0.0595,-0.0582,0.0013
3251,1002.0,228.8,86.1212,86.1225,86.1809,-0.0597,-0.0584,0.0013
3252,998.6,239.0,86.1175,86.1188,86.1772,-0.0597,-0.0584,0.0013
3253,1001.4,211.5,86.1138,86.1151,86.1738,-0.0600,-0.0587,0.0013
3254,1002.5,244.8,86.1101,86.1114,86.1705,-0.0603,-0.0590,0.0013
3255,999.0,240.5,86.1065,86.1078,86.1672,-0.0607,-0.0594,0.0013
3256,999.0,225.7,86.1028,86.1041,86.1637,-0.0608,-0.0595,0.0013
3257,1001.1,232.5,86.0992,86.1005,86.1603,-0.0611,-0.0598,0.0013
3258,998.0,207.2,86.0955,86.0968,86.1568,-0.0613,-0.0600,0.0013
3259,998.7,234.8,86.0919,86.0932,86.1532,-0.0613,-0.0600,0.0013
3260,1001.2,232.6,86.0882,86.0896,86.1493,-0.0611,-0.0597,0.0013
3261,998.5,209.2,86.0846,86.0860,86.1456,-0.0609,-0.0596,0.0013
3262,1000.0,214.2,86.0810,86.0823,86.1417,-0.0607,-0.0594,0.0013
3263,1000.0,220.8,86.0774,86.0787,86.1378,-0.0604,-0.0590,0.0013
3264,999.7,215.7,86.0738,86.0751,86.1334,-0.0596,-0.0583,0.0013
3265,1000.1,209.5,86.0702,86.0715,86.1294,-0.0592,-0.0578,0.0013
3266,1000.1,226.1,86.0666,86.0679,86.1255,-0.0589,-0.0575,0.0013
3267,1000.8,198.6,86.0630,86.0644,86.1215,-0.0585,-0.0572,0.0014
3268,999.1,209.9,86.0594,86.0608,86.1172,-0.0578,-0.0564,0.0014
3269,1000.0,278.4,86.0558,86.0572,86.1133,-0.0574,-0.0561,0.0014
3270,1005.5,280.5,86.0523,86.0536,86.1094,-0.0571,-0.0557,0.0014
3271,997.5,230.6,86.0487,86.0501,86.1056,-0.0569,-0.0555,0.0014
3272,1001.7,249.7,86.0452,86.0465,86.1020,-0.0568,-0.0554,0.0014
3273,997.2,231.3,86.0416,86.0430,86.0979,-0.0563,-0.0549,0.0014
3274,998.1,239.9,86.0381,86.0394,86.0941,-0.0560,-0.0547,0.0014
3275,1002.3,246.9,86.0345,86.0359,86.0902,-0.0557,-0.0543,0.0014
3276,999.8,237.3,86.0310,86.0324,86.0864,-0.0554,-0.0540,0.0014
3277,999.6,241.9,86.0275,86.0289,86.0825,-0.0550,-0.0536,0.0014
3278,999.8,231.9,86.0240,86.0254,86.0791,-0.0551,-0.0538,0.0014
3279,999.1,221.5,86.0205,86.0219,86.0757,-0.0553,-0.0539,0.0014
3280,1000.6,239.1,86.0170,86.0184,86.0724,-0.0554,-0.0540,0.0014
3281,998.9,251.8,86.0135,86.0149,86.0689,-0.0554,-0.0540,0.0014
3282,1000.1,215.1,86.0100,86.0114,86.0657,-0.0557,-0.0543,0.0014
3283,1000.0,237.4,86.0065,86.0079,86.0625,-0.0560,-0.0546,0.0014
3284,999.8,234.6,86.0030,86.0044,86.0592,-0.0562,-0.0548,0.0014
3285,1000.6,204.5,85.9996,86.0010,86.0555,-0.0560,-0.0546,0.0014
3286,999.4,228.7,85.9961,85.9975,86.0519,-0.0558,-0.0544,0.0014
3287,1002.9,205.0,85.9926,85.9940,86.0483,-0.0557,-0.0543,0.0014
3288,997.3,208.2,85.9892,85.9906,86.0448,-0.0556,-0.0542,0.0014
3289,1001.3,221.9,85.9857,85.9872,86.0410,-0.0552,-0.0538,0.0014
3290,999.7,209.3,85.9823,85.9837,86.0374,-0.0551,-0.0536,0.0014
3291,1004.2,228.6,85.9789,85.9803,86.0337,-0.0548,-0.0534,0.0014
3292,995.4,212.4,85.9755,85.9769,86.0300,-0.0545,-0.0531,0.0014
3293,1000.5,209.7,85.9720,85.9735,86.0262,-0.0542,-0.0527,0.0014
3294,1001.7,268.3,85.9686,85.9701,86.0221,-0.0535,-0.0520,0.0014
3295,999.4,275.5,85.9652,85.9667,86.0184,-0.0532,-0.0517,0.0014
3296,999.4,214.7,85.9618,85.9633,86.0146,-0.0528,-0.0514,0.0014
3297,998.9,216.8,85.9584,85.9599,86.0106,-0.0521,-0.0507,0.0014
3298,1000.6,247.2,85.9551,85.9565,86.0067,-0.0516,-0.0502,0.0015
3299,999.5,217.5,85.9517,85.9531,86.0028,-0.0511,-0.0496,0.0015
3300,999.3,212.4,85.9483,85.9498,85.9988,-0.0505,-0.0491,0.0015
3301,1000.7,236.3,85.9449,85.9464,85.9947,-0.0497,-0.0483,0.0015
3302,998.9,207.3,85.9416,85.9431,85.9911,-0.0495,-0.0480,0.0015
3303,999.9,231.7,85.9382,85.9397,85.9876,-0.0494,-0.0479,0.0015
3304,999.8,221.9,85.9349,85.9364,85.9841,-0.0492,-0.0478,0.0015
3305,1000.3,202.4,85.9316,85.9330,85.9803,-0.0487,-0.0473,0.0015
3306,999.8,224.7,85.9282,85.9297,85.9767,-0.0485,-0.0470,0.0015
3307,1000.0,222.9,85.9249,85.9264,85.9730,-0.0481,-0.0466,0.0015
3308,1001.8,211.0,85.9216,85.9231,85.9692,-0.0477,-0.0462,0.0015
3309,1000.9,251.3,85.9183,85.9198,85.9653,-0.0470,-0.0455,0.0015
3310,999.5,241.4,85.9150,85.9165,85.9618,-0.0468,-0.0453,0.0015
3311,999.4,231.0,85.9117,85.9132,85.9583,-0.0466,-0.0451,0.0015
3312,999.6,242.0,85.9084,85.9099,85.9550,-0.0466,-0.0451,0.0015
3313,1004.5,265.4,85.9051,85.9066,85.9515,-0.0464,-0.0449,0.0015
3314,999.2,216.9,85.9018,85.9033,85.9485,-0.0466,-0.0451,0.0015
3315,995.9,229.1,85.8986,85.9001,85.9455,-0.0470,-0.0455,0.0015
3316,1003.4,232.5,85.8953,85.8968,85.9426,-0.0473,-0.0458,0.0015
3317,996.6,217.3,85.8920,85.8936,85.9393,-0.0473,-0.0458,0.0015
3318,1000.9,239.8,85.8888,85.8903,85.9363,-0.0475,-0.0460,0.0015
3319,999.2,255.3,85.8855,85.8871,85.9332,-0.0476,-0.0461,0.0015
3320,1000.8,275.1,85.8823,85.8838,85.9299,-0.0476,-0.0461,0.0015
3321,998.8,233.8,85.8791,85.8806,85.9264,-0.0474,-0.0458,0.0015
3322,1001.2,213.4,85.8759,85.8774,85.9231,-0.0473,-0.0457,0.0015
3323,998.8,225.1,85.8726,85.8742,85.9199,-0.0472,-0.0457,0.0015
3324,1000.4,221.4,85.8694,85.8710,85.9167,-0.0473,-0.0457,0.0015
3325,1000.1,206.7,85.8662,85.8678,85.9136,-0.0473,-0.0458,0.0015
3326,1000.1,221.8,85.8630,85.8646,85.9102,-0.0472,-0.0456,0.0015
3327,1000.8,240.0,85.8599,85.8614,85.9073,-0.0475,-0.0459,0.0015
3328,1000.9,217.2,85.8567,85.8582,85.9045,-0.0479,-0.0463,0.0016
3329,1003.1,224.5,85.8535,85.8551,85.9018,-0.0483,-0.0467,0.0016
3330,995.4,240.1,85.8503,85.8519,85.8987,-0.0483,-0.0468,0.0016
3331,999.8,228.3,85.8472,85.8487,85.8957,-0.0485,-0.0470,0.0016
3332,1000.6,242.2,85.8440,85.8456,85.8928,-0.0487,-0.0472,0.0016
3333,1001.9,236.3,85.8409,85.8424,85.8894,-0.0485,-0.0469,0.0016
3334,1000.7,231.4,85.8377,85.8393,85.8859,-0.0482,-0.0466,0.0016
3335,999.1,238.6,85.8346,85.8362,85.8822,-0.0476,-0.0461,0.0016
3336,998.0,239.3,85.8315,85.8330,85.8788,-0.0473,-0.0458,0.0016
3337,1001.2,232.0,85.8283,85.8299,85.8755,-0.0471,-0.0456,0.0016
3338,999.1,208.0,85.8252,85.8268,85.8725,-0.0473,-0.0457,0.0016
3339,998.4,219.2,85.8221,85.8237,85.8694,-0.0473,-0.0457,0.0016
3340,1000.9,211.8,85.8190,85.8206,85.8663,-0.0473,-0.0457,0.0016
3341,1000.2,225.7,85.8159,85.8175,85.8628,-0.0469,-0.0453,0.0016
3342,999.4,215.3,85.8128,85.8144,85.8596,-0.0468,-0.0452,0.0016
3343,1001.7,203.6,85.8098,85.8114,85.8564,-0.0466,-0.0450,0.0016
3344,998.6,263.8,85.8067,85.8083,85.8532,-0.0465,-0.0449,0.0016
3345,999.7,248.9,85.8036,85.8052,85.8496,-0.0460,-0.0444,0.0016
3346,1003.2,244.7,85.8006,85.8022,85.8464,-0.0458,-0.0442,0.0016
3347,998.8,222.9,85.7975,85.7991,85.8430,-0.0455,-0.0439,0.0016
3348,998.7,235.7,85.7945,85.7961,85.8396,-0.0451,-0.0435,0.0016
3349,1002.3,265.2,85.7914,85.7931,85.8361,-0.0447,-0.0431,0.0016
3350,998.5,224.0,85.7884,85.7900,85.8326,-0.0442,-0.0426,0.0016
3351,1002.3,267.8,85.7854,85.7870,85.8295,-0.0441,-0.0425,0.0016
3352,998.4,232.9,85.7824,85.7840,85.8265,-0.0441,-0.0425,0.0016
3353,1000.1,240.9,85.7794,85.7810,85.8235,-0.0441,-0.0425,0.0016
3354,997.9,224.5,85.7764,85.7780,85.8204,-0.0440,-0.0424,0.0016
3355,1001.0,209.5,85.7734,85.7750,85.8174,-0.0441,-0.0424,0.0016
3356,999.2,223.8,85.7704,85.7720,85.8145,-0.0441,-0.0425,0.0016
3357,1000.1,208.8,85.7674,85.7690,85.8115,-0.0442,-0.0425,0.0017
3358,999.6,208.1,85.7644,85.7661,85.8084,-0.0440,-0.0423,0.0017
3359,1001.0,225.0,85.7614,85.7631,85.8054,-0.0439,-0.0423,0.0017
3360,999.2,204.6,85.7585,85.7602,85.8022,-0.0437,-0.0421,0.0017
3361,1000.7,230.6,85.7555,85.7572,85.7990,-0.0435,-0.0418,0.0017
3362,999.4,213.2,85.7526,85.7543,85.7951,-0.0425,-0.0408,0.0017
3363,1001.0,208.7,85.7496,85.7513,85.7919,-0.0423,-0.0406,0.0017
3364,1000.8,227.9,85.7467,85.7484,85.7889,-0.0422,-0.0405,0.0017
3365,1000.1,252.3,85.7438,85.7455,85.7857,-0.0419,-0.0402,0.0017
3366,999.7,229.0,85.7409,85.7426,85.7828,-0.0419,-0.0402,0.0017
3367,1000.5,289.2,85.7380,85.7396,85.7798,-0.0418,-0.0401,0.0017
3368,1000.8,249.5,85.7351,85.7367,85.7767,-0.0417,-0.0400,0.0017
3369,999.8,248.2,85.7322,85.7338,85.7736,-0.0414,-0.0397,0.0017
3370,999.2,305.2,85.7293,85.7310,85.7702,-0.0410,-0.0393,0.0017
3371,999.4,239.9,85.7264,85.7281,85.7672,-0.0409,-0.0392,0.0017
3372,998.3,216.7,85.7235,85.7252,85.7642,-0.0407,-0.0390,0.0017
3373,999.8,215.2,85.7206,85.7223,85.7610,-0.0404,-0.0387,0.0017
3374,999.6,233.2,85.7178,85.7195,85.7575,-0.0397,-0.0380,0.0017
3375,1000.4,209.5,85.7149,85.7166,85.7542,-0.0392,-0.0375,0.0017
3376,1000.5,240.5,85.7121,85.7138,85.7509,-0.0388,-0.0371,0.0017
3377,999.4,220.8,85.7092,85.7109,85.7476,-0.0384,-0.0367,0.0017
3378,1000.4,214.4,85.7064,85.7081,85.7442,-0.0378,-0.0361,0.0017
3379,999.7,227.0,85.7036,85.7053,85.7442,-0.0406,-0.0389,0.0017
3380,999.9,211.8,85.7007,85.7025,85.7412,-0.0404,-0.0387,0.0017
3381,999.9,226.8,85.6979,85.6997,85.7382,-0.0403,-0.0385,0.0017
3382,1001.4,218.8,85.6951,85.6969,85.7349,-0.0398,-0.0381,0.0017
3383,1000.0,217.7,85.6923,85.6941,85.7318,-0.0394,-0.0377,0.0017
3384,1002.4,226.1,85.6895,85.6913,85.7285,-0.0390,-0.0373,0.0017
3385,998.5,216.9,85.6867,85.6885,85.7252,-0.0385,-0.0367,0.0018
3386,1001.0,245.8,85.6840,85.6857,85.7219,-0.0379,-0.0362,0.0018
3387,1000.3,217.6,85.6812,85.6829,85.7183,-0.0372,-0.0354,0.0018
3388,999.1,228.9,85.6784,85.6802,85.7152,-0.0368,-0.0350,0.0018
3389,1000.7,222.5,85.6757,85.6774,85.7122,-0.0366,-0.0348,0.0018
3390,1000.6,240.4,85.6729,85.6747,85.7095,-0.0365,-0.0348,0.0018
3391,997.8,234.2,85.6702,85.6719,85.7064,-0.0362,-0.0345,0.0018
3392,998.1,219.5,85.6674,85.6692,85.7037,-0.0362,-0.0345,0.0018
3393,1001.2,230.5,85.6647,85.6665,85.7010,-0.0362,-0.0345,0.0018
3394,999.0,253.1,85.6620,85.6638,85.6983,-0.0364,-0.0346,0.0018
3395,1000.3,266.4,85.6593,85.6611,85.6957,-0.0364,-0.0346,0.0018
3396,1000.2,255.7,85.6566,85.6584,85.6932,-0.0366,-0.0349,0.0018
3397,999.8,239.3,85.6539,85.6557,85.6909,-0.0370,-0.0352,0.0018
3398,999.9,220.8,85.6512,85.6530,85.6885,-0.0374,-0.0356,0.0018
3399,999.5,224.7,85.6485,85.6503,85.6859,-0.0374,-0.0356,0.0018
3400,1000.6,216.4,85.6458,85.6476,85.6835,-0.0377,-0.0359,0.0018
3401,1000.7,249.5,85.6431,85.6449,85.6811,-0.0380,-0.0362,0.0018
3402,1001.9,259.4,85.6405,85.6423,85.6787,-0.0382,-0.0364,0.0018
3403,998.9,235.2,85.6378,85.6396,85.6760,-0.0382,-0.0364,0.0018
3404,1001.3,237.8,85.6352,85.6370,85.6735,-0.0384,-0.0366,0.0018
3405,998.4,238.8,85.6325,85.6343,85.6710,-0.0385,-0.0366,0.0018
3406,1000.5,231.2,85.6299,85.6317,85.6683,-0.0384,-0.0366,0.0018
3407,1000.0,229.2,85.6273,85.6291,85.6654,-0.0382,-0.0363,0.0018
3408,1001.5,251.5,85.6246,85.6265,85.6627,-0.0381,-0.0362,0.0018
3409,997.6,225.5,85.6220,85.6239,85.6600,-0.0380,-0.0362,0.0018
3410,999.0,214.4,85.6194,85.6213,85.6575,-0.0381,-0.0363,0.0018
3411,1000.7,234.4,85.6168,85.6187,85.6550,-0.0381,-0.0363,0.0018
3412,999.4,219.5,85.6142,85.6161,85.6527,-0.0385,-0.0366,0.0018
3413,1000.3,215.2,85.6116,85.6135,85.6505,-0.0388,-0.0370,0.0019
3414,999.2,231.8,85.6091,85.6109,85.6481,-0.0390,-0.0372,0.0019
3415,1000.7,212.2,85.6065,85.6083,85.6454,-0.0389,-0.0371,0.0019
3416,999.5,227.5,85.6039,85.6058,85.6428,-0.0389,-0.0370,0.0019
3417,1000.8,216.5,85.6014,85.6032,85.6401,-0.0388,-0.0369,0.0019
3418,999.0,217.6,85.5988,85.6007,85.6375,-0.0386,-0.0368,0.0019
3419,1005.5,285.8,85.5963,85.5981,85.6347,-0.0384,-0.0365,0.0019
3420,995.8,273.2,85.5937,85.5956,85.6322,-0.0385,-0.0366,0.0019
3421,1000.0,241.3,85.5912,85.5931,85.6297,-0.0385,-0.0366,0.0019
3422,1000.2,216.6,85.5887,85.5906,85.6270,-0.0384,-0.0365,0.0019
3423,1001.5,244.2,85.5862,85.5881,85.6243,-0.0381,-0.0363,0.0019
3424,997.2,240.2,85.5837,85.5856,85.6219,-0.0382,-0.0363,0.0019
3425,1003.0,250.4,85.5812,85.5831,85.6194,-0.0382,-0.0363,0.0019
3426,998.7,225.6,85.5787,85.5806,85.6169,-0.0382,-0.0363,0.0019
3427,998.7,239.6,85.5762,85.5781,85.6142,-0.0380,-0.0361,0.0019
3428,999.5,247.8,85.5737,85.5756,85.6119,-0.0382,-0.0363,0.0019
3429,1000.1,244.4,85.5712,85.5732,85.6096,-0.0383,-0.0364,0.0019
3430,999.8,239.8,85.5688,85.5707,85.6074,-0.0386,-0.0367,0.0019
3431,1000.1,240.9,85.5663,85.5682,85.6052,-0.0389,-0.0369,0.0019
3432,1000.0,234.8,85.5639,85.5658,85.6032,-0.0393,-0.0374,0.0019
3433,999.9,217.7,85.5614,85.5634,85.6011,-0.0396,-0.0377,0.0019
3434,999.5,226.6,85.5590,85.5609,85.5987,-0.0397,-0.0378,0.0019
3435,1000.2,211.3,85.5566,85.5585,85.5959,-0.0393,-0.0374,0.0019
3436,1000.0,234.8,85.5542,85.5561,85.5934,-0.0392,-0.0373,0.0019
3437,1000.3,219.5,85.5518,85.5537,85.5910,-0.0392,-0.0373,0.0019
3438,1000.0,218.5,85.5493,85.5513,85.5887,-0.0393,-0.0374,0.0019
3439,1000.8,229.6,85.5469,85.5489,85.5867,-0.0397,-0.0378,0.0019
3440,1002.8,223.5,85.5446,85.5465,85.5846,-0.0401,-0.0381,0.0019
3441,999.6,233.9,85.5422,85.5441,85.5827,-0.0406,-0.0386,0.0020
3442,997.9,234.4,85.5398,85.5418,85.5807,-0.0409,-0.0389,0.0020
3443,1004.2,225.2,85.5374,85.5394,85.5783,-0.0409,-0.0389,0.0020
3444,1018.3,222.2,85.5351,85.5370,85.5762,-0.0411,-0.0392,0.0020
3445,979.9,263.4,85.5327,85.5347,85.5741,-0.0414,-0.0394,0.0020
3446,998.6,265.6,85.5304,85.5323,85.5720,-0.0416,-0.0397,0.0020
3447,1003.1,232.3,85.5280,85.5300,85.5700,-0.0419,-0.0400,0.0020
3448,994.9,239.8,85.5257,85.5277,85.5677,-0.0420,-0.0400,0.0020
3449,1000.3,230.6,85.5234,85.5254,85.5656,-0.0422,-0.0403,0.0020
3450,999.2,209.4,85.5211,85.5230,85.5635,-0.0425,-0.0405,0.0020
3451,1000.4,241.2,85.5188,85.5207,85.5615,-0.0427,-0.0407,0.0020
3452,999.5,218.5,85.5165,85.5184,85.5591,-0.0427,-0.0407,0.0020
3453,1000.5,217.2,85.5142,85.5162,85.5569,-0.0427,-0.0407,0.0020
3454,1001.1,227.9,85.5119,85.5139,85.5546,-0.0427,-0.0407,0.0020
3455,999.2,220.0,85.5096,85.5116,85.5523,-0.0427,-0.0407,0.0020
3456,999.5,232.4,85.5073,85.5093,85.5497,-0.0424,-0.0404,0.0020
3457,1000.5,221.8,85.5051,85.5071,85.5471,-0.0420,-0.0400,0.0020
3458,1001.2,250.9,85.5028,85.5048,85.5444,-0.0416,-0.0396,0.0020
3459,1004.0,233.2,85.5005,85.5026,85.5418,-0.0413,-0.0392,0.0020
3460,996.5,245.4,85.4983,85.5003,85.5390,-0.0407,-0.0387,0.0020
3461,999.8,235.4,85.4961,85.4981,85.5364,-0.0403,-0.0383,0.0020
3462,1004.1,239.1,85.4938,85.4959,85.5337,-0.0399,-0.0379,0.0020
3463,995.7,226.8,85.4916,85.4936,85.5312,-0.0396,-0.0375,0.0020
3464,1000.9,248.4,85.4894,85.4914,85.5285,-0.0391,-0.0371,0.0020
3465,1000.3,218.3,85.4872,85.4892,85.5260,-0.0389,-0.0368,0.0020
3466,999.3,235.2,85.4850,85.4870,85.5235,-0.0385,-0.0365,0.0020
3467,1000.7,225.6,85.4828,85.4849,85.5211,-0.0383,-0.0363,0.0020
3468,997.2,214.7,85.4806,85.4827,85.5187,-0.0381,-0.0360,0.0021
3469,1000.5,272.7,85.4784,85.4805,85.5160,-0.0376,-0.0355,0.0021
3470,999.6,260.5,85.4763,85.4783,85.5136,-0.0373,-0.0352,0.0021
3471,1000.3,255.6,85.4741,85.4762,85.5111,-0.0369,-0.0349,0.0021
3472,999.5,262.5,85.4720,85.4740,85.5084,-0.0365,-0.0344,0.0021
3473,1000.5,266.9,85.4698,85.4719,85.5056,-0.0357,-0.0337,0.0021
3474,999.0,265.4,85.4677,85.4697,85.5028,-0.0351,-0.0330,0.0021
3475,1000.9,235.1,85.4655,85.4676,85.5000,-0.0345,-0.0324,0.0021
3476,1000.3,262.5,85.4634,85.4655,85.4973,-0.0339,-0.0318,0.0021
3477,1002.2,230.4,85.4613,85.4634,85.4945,-0.0332,-0.0311,0.0021
3478,1000.8,228.8,85.4592,85.4613,85.4920,-0.0328,-0.0308,0.0021
3479,999.2,232.7,85.4571,85.4592,85.4896,-0.0326,-0.0305,0.0021
3480,998.2,219.7,85.4550,85.4571,85.4872,-0.0322,-0.0301,0.0021
3481,1000.3,233.1,85.4529,85.4550,85.4845,-0.0316,-0.0295,0.0021
3482,999.5,222.3,85.4508,85.4529,85.4821,-0.0312,-0.0291,0.0021
3483,1003.0,220.0,85.4488,85.4509,85.4797,-0.0309,-0.0288,0.0021
3484,996.3,241.0,85.4467,85.4488,85.4772,-0.0305,-0.0284,0.0021
3485,1000.8,216.9,85.4446,85.4467,85.4748,-0.0302,-0.0281,0.0021
3486,1002.5,230.0,85.4426,85.4447,85.4721,-0.0296,-0.0274,0.0021
3487,997.4,230.1,85.4405,85.4427,85.4696,-0.0290,-0.0269,0.0021
3488,1003.5,228.6,85.4385,85.4406,85.4670,-0.0285,-0.0263,0.0021
3489,1000.0,229.5,85.4365,85.4386,85.4642,-0.0277,-0.0256,0.0021
3490,997.2,217.2,85.4345,85.4366,85.4617,-0.0273,-0.0251,0.0021
3491,998.3,202.5,85.4324,85.4346,85.4593,-0.0269,-0.0248,0.0021
3492,1000.0,221.9,85.4304,85.4326,85.4570,-0.0266,-0.0244,0.0021
3493,1000.0,239.8,85.4284,85.4306,85.4545,-0.0261,-0.0240,0.0021
3494,999.6,258.7,85.4264,85.4286,85.4524,-0.0259,-0.0238,0.0021
3495,1000.1,244.6,85.4245,85.4266,85.4502,-0.0258,-0.0236,0.0022
3496,1000.6,251.0,85.4225,85.4246,85.4482,-0.0257,-0.0236,0.0022
3497,1000.3,240.2,85.4205,85.4227,85.4460,-0.0255,-0.0233,0.0022
3498,1000.0,247.7,85.4186,85.4207,85.4439,-0.0253,-0.0231,0.0022
3499,1001.0,240.4,85.4166,85.4188,85.4418,-0.0252,-0.0231,0.0022
3500,1001.1,230.9,85.4147,85.4168,85.4398,-0.0252,-0.0230,0.0022
3501,1000.2,265.3,85.4127,85.4149,85.4377,-0.0250,-0.0228,0.0022
3502,998.4,248.3,85.4108,85.4130,85.4356,-0.0248,-0.0226,0.0022
3503,1000.7,263.3,85.4089,85.4111,85.4334,-0.0246,-0.0224,0.0022
3504,997.6,273.7,85.4070,85.4091,85.4313,-0.0244,-0.0222,0.0022
3505,1001.5,224.8,85.4050,85.4072,85.4290,-0.0240,-0.0218,0.0022
3506,998.8,240.9,85.4031,85.4053,85.4270,-0.0238,-0.0216,0.0022
3507,1000.2,218.7,85.4013,85.4035,85.4248,-0.0235,-0.0213,0.0022
3508,999.4,234.1,85.3994,85.4016,85.4226,-0.0232,-0.0210,0.0022
3509,1000.3,227.6,85.3975,85.3997,85.4202,-0.0227,-0.0205,0.0022
3510,999.8,244.7,85.3956,85.3978,85.4180,-0.0224,-0.0202,0.0022
3511,1000.2,201.3,85.3938,85.3960,85.4159,-0.0222,-0.0200,0.0022
3512,999.7,245.4,85.3919,85.3941,85.4139,-0.0220,-0.0198,0.0022
3513,1000.2,211.7,85.3901,85.3923,85.4117,-0.0216,-0.0194,0.0022
3514,999.7,201.5,85.3882,85.3904,85.4097,-0.0215,-0.0193,0.0022
3515,1002.9,250.7,85.3864,85.3886,85.4078,-0.0214,-0.0192,0.0022
3516,1005.8,228.9,85.3846,85.3868,85.4058,-0.0212,-0.0190,0.0022
3517,992.3,234.2,85.3827,85.3850,85.4038,-0.0211,-0.0188,0.0022
3518,999.3,227.2,85.3809,85.3832,85.4021,-0.0212,-0.0189,0.0022
3519,1001.6,269.1,85.3791,85.3814,85.4004,-0.0213,-0.0190,0.0022
3520,999.7,258.6,85.3773,85.3796,85.3988,-0.0214,-0.0192,0.0022
3521,1002.4,275.7,85.3755,85.3778,85.3969,-0.0214,-0.0191,0.0023
3522,997.4,229.7,85.3738,85.3760,85.3952,-0.0214,-0.0192,0.0023
3523,999.5,232.2,85.3720,85.3743,85.3934,-0.0214,-0.0191,0.0023
3524,999.1,240.6,85.3702,85.3725,85.3916,-0.0214,-0.0191,0.0023
3525,1000.1,219.1,85.3685,85.3707,85.3896,-0.0211,-0.0188,0.0023
3526,1000.4,215.9,85.3667,85.3690,85.3877,-0.0210,-0.0187,0.0023
3527,999.7,223.1,85.3650,85.3673,85.3858,-0.0208,-0.0185,0.0023
3528,1000.8,226.2,85.3633,85.3655,85.3838,-0.0206,-0.0183,0.0023
3529,999.1,240.5,85.3615,85.3638,85.3819,-0.0204,-0.0181,0.0023
3530,1000.5,226.4,85.3598,85.3621,85.3796,-0.0198,-0.0176,0.0023
3531,999.4,225.1,85.3581,85.3604,85.3776,-0.0195,-0.0172,0.0023
3532,1000.7,228.5,85.3564,85.3587,85.3757,-0.0193,-0.0170,0.0023
3533,999.4,233.3,85.3547,85.3570,85.3738,-0.0191,-0.0168,0.0023
3534,1001.4,233.6,85.3530,85.3553,85.3719,-0.0189,-0.0166,0.0023
3535,1003.3,227.3,85.3513,85.3536,85.3702,-0.0189,-0.0166,0.0023
3536,997.9,241.5,85.3497,85.3520,85.3686,-0.0189,-0.0166,0.0023
3537,998.1,235.9,85.3480,85.3503,85.3666,-0.0186,-0.0163,0.0023
3538,1002.9,225.1,85.3463,85.3486,85.3650,-0.0187,-0.0164,0.0023
3539,1000.7,236.4,85.3447,85.3470,85.3634,-0.0187,-0.0164,0.0023
3540,998.1,225.3,85.3430,85.3454,85.3615,-0.0185,-0.0162,0.0023
3541,999.2,243.4,85.3414,85.3437,85.3599,-0.0185,-0.0161,0.0023
3542,999.5,230.2,85.3398,85.3421,85.3581,-0.0183,-0.0160,0.0023
3543,999.4,230.3,85.3382,85.3405,85.3565,-0.0183,-0.0160,0.0023
3544,1003.7,282.3,85.3365,85.3389,85.3550,-0.0185,-0.0161,0.0023
3545,996.4,247.0,85.3349,85.3373,85.3535,-0.0186,-0.0163,0.0023
3546,999.5,211.8,85.3333,85.3357,85.3522,-0.0188,-0.0165,0.0023
3547,1000.6,231.5,85.3318,85.3341,85.3508,-0.0191,-0.0167,0.0023
3548,999.1,231.4,85.3302,85.3325,85.3494,-0.0193,-0.0169,0.0024
3549,1000.9,219.9,85.3286,85.3310,85.3480,-0.0194,-0.0170,0.0024
3550,999.3,229.8,85.3270,85.3294,85.3464,-0.0194,-0.0170,0.0024
3551,1000.6,245.1,85.3255,85.3278,85.3449,-0.0195,-0.0171,0.0024
3552,999.5,201.7,85.3239,85.3263,85.3435,-0.0195,-0.0172,0.0024
3553,1000.9,222.8,85.3224,85.3247,85.3420,-0.0196,-0.0172,0.0024
3554,1003.4,249.1,85.3208,85.3232,85.3404,-0.0196,-0.0172,0.0024
3555,997.4,226.0,85.3193,85.3217,85.3389,-0.0196,-0.0172,0.0024
3556,1000.2,248.3,85.3178,85.3202,85.3373,-0.0196,-0.0172,0.0024
3557,999.2,227.5,85.3163,85.3187,85.3358,-0.0195,-0.0172,0.0024
3558,999.5,224.7,85.3148,85.3172,85.3342,-0.0194,-0.0170,0.0024
3559,1002.0,247.1,85.3133,85.3157,85.3342,-0.0209,-0.0185,0.0024
3560,999.9,224.8,85.3118,85.3142,85.3328,-0.0210,-0.0186,0.0024
3561,999.2,239.6,85.3103,85.3127,85.3315,-0.0212,-0.0188,0.0024
3562,1003.9,226.8,85.3088,85.3112,85.3303,-0.0214,-0.0190,0.0024
3563,994.7,234.3,85.3074,85.3098,85.3290,-0.0216,-0.0192,0.0024
3564,999.5,230.3,85.3059,85.3083,85.3277,-0.0218,-0.0194,0.0024
3565,1000.1,228.1,85.3045,85.3069,85.3264,-0.0219,-0.0195,0.0024
3566,1000.1,211.7,85.3030,85.3054,85.3250,-0.0220,-0.0196,0.0024
3567,999.9,227.4,85.3016,85.3040,85.3238,-0.0223,-0.0198,0.0024
3568,999.6,221.5,85.3001,85.3026,85.3227,-0.0225,-0.0201,0.0024
3569,1000.3,241.1,85.2987,85.3012,85.3217,-0.0229,-0.0205,0.0024
3570,999.9,276.0,85.2973,85.2997,85.3204,-0.0231,-0.0207,0.0024
3571,1003.1,263.6,85.2959,85.2983,85.3194,-0.0235,-0.0211,0.0024
3572,1004.4,237.6,85.2945,85.2970,85.3184,-0.0239,-0.0214,0.0024
3573,993.7,236.3,85.2931,85.2956,85.3173,-0.0242,-0.0217,0.0024
3574,999.0,253.5,85.2917,85.2942,85.3161,-0.0244,-0.0220,0.0025
3575,1001.6,227.3,85.2904,85.2928,85.3151,-0.0247,-0.0223,0.0025
3576,998.8,256.9,85.2890,85.2915,85.3140,-0.0250,-0.0225,0.0025
3577,1008.5,259.9,85.2876,85.2901,85.3129,-0.0252,-0.0228,0.0025
3578,991.3,220.2,85.2863,85.2888,85.3117,-0.0254,-0.0229,0.0025
3579,1000.8,247.2,85.2849,85.2874,85.3105,-0.0256,-0.0231,0.0025
3580,1001.6,262.4,85.2836,85.2861,85.3094,-0.0258,-0.0234,0.0025
3581,998.0,212.6,85.2823,85.2848,85.3083,-0.0260,-0.0235,0.0025
3582,999.0,232.6,85.2810,85.2834,85.3072,-0.0262,-0.0237,0.0025
3583,1000.6,232.2,85.2796,85.2821,85.3059,-0.0263,-0.0238,0.0025
3584,999.6,206.5,85.2783,85.2808,85.3046,-0.0263,-0.0238,0.0025
3585,1000.5,224.2,85.2770,85.2795,85.3031,-0.0261,-0.0236,0.0025
3586,999.5,199.6,85.2758,85.2782,85.3017,-0.0260,-0.0235,0.0025
3587,1000.5,233.7,85.2745,85.2770,85.3002,-0.0258,-0.0233,0.0025
3588,999.3,230.5,85.2732,85.2757,85.2988,-0.0256,-0.0231,0.0025
3589,1005.3,245.1,85.2719,85.2744,85.2974,-0.0255,-0.0230,0.0025
3590,997.1,235.5,85.2707,85.2732,85.2961,-0.0254,-0.0229,0.0025
3591,1002.1,247.6,85.2694,85.2719,85.2947,-0.0253,-0.0228,0.0025
3592,999.0,229.6,85.2682,85.2707,85.2933,-0.0251,-0.0226,0.0025
3593,996.8,231.1,85.2669,85.2695,85.2918,-0.0249,-0.0224,0.0025
3594,1004.2,306.4,85.2657,85.2682,85.2904,-0.0247,-0.0222,0.0025
3595,998.5,269.6,85.2645,85.2670,85.2891,-0.0246,-0.0220,0.0025
3596,999.2,248.6,85.2633,85.2658,85.2878,-0.0245,-0.0219,0.0025
3597,999.1,244.5,85.2621,85.2646,85.2863,-0.0243,-0.0217,0.0025
3598,998.9,206.2,85.2609,85.2634,85.2850,-0.0241,-0.0216,0.0025
3599,1000.0,240.1,85.2597,85.2622,85.2837,-0.0240,-0.0215,0.0025
3600,1000.0,233.6,85.2585,85.2611,85.2823,-0.0238,-0.0212,0.0026
3601,1000.2,213.5,85.2573,85.2599,85.2807,-0.0233,-0.0208,0.0026
3602,999.8,225.0,85.2562,85.2587,85.2791,-0.0230,-0.0204,0.0026
3603,1000.0,204.2,85.2550,85.2576,85.2777,-0.0227,-0.0201,0.0026
3604,999.9,215.4,85.2539,85.2564,85.2764,-0.0226,-0.0200,0.0026
3605,1000.0,227.2,85.2527,85.2553,85.2751,-0.0224,-0.0198,0.0026
3606,1000.0,238.5,85.2516,85.2542,85.2739,-0.0223,-0.0197,0.0026
3607,1000.2,204.8,85.2505,85.2530,85.2727,-0.0222,-0.0197,0.0026
3608,999.9,227.0,85.2493,85.2519,85.2714,-0.0221,-0.0195,0.0026
3609,1000.7,211.8,85.2482,85.2508,85.2701,-0.0219,-0.0193,0.0026
3610,1002.6,235.3,85.2471,85.2497,85.2688,-0.0217,-0.0191,0.0026
3611,999.5,250.5,85.2460,85.2486,85.2675,-0.0215,-0.0189,0.0026
3612,1004.7,285.2,85.2449,85.2475,85.2662,-0.0212,-0.0186,0.0026
3613,994.6,232.1,85.2439,85.2465,85.2645,-0.0207,-0.0181,0.0026
3614,998.4,246.3,85.2428,85.2454,85.2631,-0.0203,-0.0177,0.0026
3615,999.8,221.7,85.2417,85.2443,85.2615,-0.0198,-0.0172,0.0026
3616,1000.3,213.1,85.2407,85.2433,85.2601,-0.0194,-0.0168,0.0026
3617,1000.2,226.7,85.2396,85.2422,85.2585,-0.0189,-0.0163,0.0026
3618,999.2,234.4,85.2386,85.2412,85.2572,-0.0186,-0.0160,0.0026
3619,1000.0,257.0,85.2375,85.2402,85.2559,-0.0184,-0.0158,0.0026
3620,1000.6,288.5,85.2365,85.2391,85.2547,-0.0181,-0.0155,0.0026
3621,1001.1,234.6,85.2355,85.2381,85.2533,-0.0178,-0.0151,0.0026
3622,998.6,266.7,85.2345,85.2371,85.2519,-0.0174,-0.0148,0.0026
3623,999.9,296.8,85.2335,85.2361,85.2505,-0.0170,-0.0143,0.0026
3624,1000.4,251.9,85.2325,85.2351,85.2492,-0.0167,-0.0141,0.0026
3625,999.5,221.7,85.2315,85.2342,85.2477,-0.0162,-0.0136,0.0027
3626,1000.2,220.6,85.2305,85.2332,85.2465,-0.0160,-0.0133,0.0027
3627,1000.0,210.5,85.2296,85.2322,85.2452,-0.0157,-0.0130,0.0027
3628,1000.2,230.8,85.2286,85.2313,85.2440,-0.0154,-0.0127,0.0027
3629,1002.6,250.1,85.2276,85.2303,85.2425,-0.0149,-0.0122,0.0027
3630,1000.4,224.9,85.2267,85.2294,85.2411,-0.0145,-0.0118,0.0027
3631,1000.7,263.6,85.2257,85.2284,85.2397,-0.0140,-0.0113,0.0027
3632,999.4,245.0,85.2248,85.2275,85.2384,-0.0136,-0.0109,0.0027
3633,999.5,232.8,85.2239,85.2266,85.2370,-0.0131,-0.0104,0.0027
3634,1001.2,253.6,85.2230,85.2257,85.2358,-0.0128,-0.0101,0.0027
3635,999.9,220.3,85.2221,85.2248,85.2347,-0.0127,-0.0100,0.0027
3636,997.9,232.2,85.2212,85.2239,85.2336,-0.0125,-0.0098,0.0027
3637,1001.2,240.4,85.2203,85.2230,85.2324,-0.0122,-0.0095,0.0027
3638,999.1,253.5,85.2194,85.2221,85.2313,-0.0119,-0.0092,0.0027
3639,1000.9,244.7,85.2185,85.2212,85.2301,-0.0116,-0.0089,0.0027
3640,999.0,234.1,85.2176,85.2203,85.2290,-0.0114,-0.0086,0.0027
3641,1000.7,234.5,85.2168,85.2195,85.2280,-0.0112,-0.0085,0.0027
3642,1000.9,243.1,85.2159,85.2186,85.2270,-0.0111,-0.0083,0.0027
3643,998.5,250.2,85.2151,85.2178,85.2259,-0.0109,-0.0081,0.0027
3644,1000.9,245.5,85.2142,85.2170,85.2249,-0.0107,-0.0079,0.0027
3645,999.5,259.9,85.2134,85.2161,85.2238,-0.0104,-0.0076,0.0027
3646,999.3,260.3,85.2126,85.2153,85.2226,-0.0100,-0.0072,0.0027
3647,1003.3,244.3,85.2118,85.2145,85.2214,-0.0096,-0.0069,0.0027
3648,997.7,238.5,85.2110,85.2137,85.2203,-0.0093,-0.0066,0.0027
3649,1000.2,251.0,85.2102,85.2129,85.2190,-0.0089,-0.0061,0.0027
3650,999.7,218.6,85.2094,85.2121,85.2180,-0.0086,-0.0059,0.0027
3651,1000.3,251.1,85.2086,85.2113,85.2170,-0.0084,-0.0057,0.0028
3652,1000.2,243.5,85.2078,85.2106,85.2161,-0.0083,-0.0055,0.0028
3653,1001.5,243.6,85.2070,85.2098,85.2150,-0.0080,-0.0052,0.0028
3654,997.4,255.1,85.2063,85.2090,85.2141,-0.0078,-0.0050,0.0028
3655,999.7,261.4,85.2055,85.2083,85.2131,-0.0075,-0.0048,0.0028
3656,999.6,227.3,85.2048,85.2076,85.2120,-0.0073,-0.0045,0.0028
3657,999.5,233.7,85.2041,85.2068,85.2111,-0.0070,-0.0042,0.0028
3658,999.0,229.5,85.2033,85.2061,85.2102,-0.0069,-0.0041,0.0028
3659,1000.7,219.8,85.2026,85.2054,85.2094,-0.0068,-0.0040,0.0028
3660,999.3,229.0,85.2019,85.2047,85.2085,-0.0067,-0.0039,0.0028
3661,1000.6,245.7,85.2012,85.2040,85.2077,-0.0066,-0.0038,0.0028
3662,999.5,218.6,85.2005,85.2033,85.2070,-0.0065,-0.0037,0.0028
3663,1000.8,239.9,85.1998,85.2026,85.2063,-0.0065,-0.0037,0.0028
3664,1000.5,249.0,85.1991,85.2019,85.2056,-0.0065,-0.0037,0.0028
3665,999.7,205.0,85.1984,85.2012,85.2049,-0.0065,-0.0037,0.0028
3666,1002.1,251.1,85.1978,85.2006,85.2042,-0.0065,-0.0037,0.0028
3667,1000.0,251.0,85.1971,85.1999,85.2036,-0.0065,-0.0037,0.0028
3668,1001.1,240.2,85.1965,85.1993,85.2029,-0.0064,-0.0036,0.0028
3669,997.9,273.6,85.1958,85.1986,85.2021,-0.0063,-0.0035,0.0028
3670,1000.9,273.8,85.1952,85.1980,85.2015,-0.0063,-0.0035,0.0028
3671,999.6,225.9,85.1946,85.1974,85.2010,-0.0064,-0.0036,0.0028
3672,1000.6,237.2,85.1939,85.1968,85.2005,-0.0065,-0.0037,0.0028
3673,999.2,238.7,85.1933,85.1962,85.2000,-0.0067,-0.0038,0.0028
3674,1001.4,238.1,85.1927,85.1956,85.1995,-0.0068,-0.0039,0.0028
3675,998.7,235.0,85.1921,85.1950,85.1990,-0.0069,-0.0040,0.0028
3676,1000.3,244.8,85.1915,85.1944,85.1986,-0.0070,-0.0042,0.0029
3677,999.2,242.5,85.1910,85.1938,85.1980,-0.0071,-0.0042,0.0029
3678,1002.1,248.8,85.1904,85.1933,85.1975,-0.0071,-0.0043,0.0029
3679,997.3,216.1,85.1898,85.1927,85.1971,-0.0073,-0.0044,0.0029
3680,998.8,232.7,85.1893,85.1921,85.1967,-0.0074,-0.0045,0.0029
3681,1000.6,216.9,85.1887,85.1916,85.1962,-0.0075,-0.0046,0.0029
3682,1000.3,209.7,85.1882,85.1911,85.1959,-0.0077,-0.0048,0.0029
3683,999.9,224.7,85.1877,85.1905,85.1954,-0.0078,-0.0049,0.0029
3684,998.8,227.9,85.1871,85.1900,85.1950,-0.0079,-0.0050,0.0029
3685,1000.3,206.9,85.1866,85.1895,85.1945,-0.0079,-0.0050,0.0029
3686,999.6,223.1,85.1861,85.1890,85.1941,-0.0080,-0.0051,0.0029
3687,1000.5,244.5,85.1856,85.1885,85.1937,-0.0081,-0.0052,0.0029
3688,999.3,198.8,85.1851,85.1880,85.1932,-0.0081,-0.0052,0.0029
3689,1001.0,218.9,85.1846,85.1875,85.1926,-0.0080,-0.0051,0.0029
3690,1000.4,231.6,85.1842,85.1871,85.1920,-0.0078,-0.0049,0.0029
3691,999.9,217.2,85.1837,85.1866,85.1914,-0.0077,-0.0048,0.0029
3692,999.3,240.1,85.1832,85.1861,85.1907,-0.0075,-0.0046,0.0029
3693,1000.5,219.3,85.1828,85.1857,85.1901,-0.0073,-0.0044,0.0029
3694,999.6,251.7,85.1823,85.1852,85.1895,-0.0072,-0.0043,0.0029
3695,1000.4,278.8,85.1819,85.1848,85.1890,-0.0072,-0.0042,0.0029
3696,999.1,239.1,85.1815,85.1844,85.1885,-0.0070,-0.0041,0.0029
3697,1000.5,212.4,85.1810,85.1840,85.1880,-0.0070,-0.0040,0.0029
3698,999.4,241.9,85.1806,85.1836,85.1875,-0.0068,-0.0039,0.0029
3699,1000.4,211.4,85.1802,85.1832,85.1869,-0.0067,-0.0038,0.0029
3700,999.5,204.6,85.1798,85.1828,85.1864,-0.0066,-0.0036,0.0029
3701,1001.3,228.1,85.1794,85.1824,85.1856,-0.0062,-0.0032,0.0029
3702,998.9,208.5,85.1790,85.1820,85.1850,-0.0060,-0.0030,0.0030
3703,1000.4,232.5,85.1787,85.1816,85.1843,-0.0057,-0.0027,0.0030
3704,999.5,221.2,85.1783,85.1813,85.1838,-0.0055,-0.0025,0.0030
3705,1000.6,201.6,85.1779,85.1809,85.1832,-0.0052,-0.0022,0.0030
3706,999.4,218.4,85.1776,85.1806,85.1826,-0.0050,-0.0021,0.0030
3707,1004.3,232.9,85.1772,85.1802,85.1820,-0.0048,-0.0018,0.0030
3708,997.4,208.4,85.1769,85.1799,85.1815,-0.0046,-0.0016,0.0030
3709,999.6,215.3,85.1766,85.1796,85.1809,-0.0043,-0.0013,0.0030
3710,999.3,234.3,85.1763,85.1792,85.1803,-0.0041,-0.0011,0.0030
3711,1000.0,213.7,85.1759,85.1789,85.1798,-0.0038,-0.0008,0.0030
3712,999.4,203.6,85.1756,85.1786,85.1793,-0.0036,-0.0006,0.0030
3713,1000.4,220.7,85.1753,85.1783,85.1788,-0.0034,-0.0005,0.0030
3714,1001.4,232.2,85.1751,85.1781,85.1784,-0.0033,-0.0003,0.0030
3715,999.5,239.5,85.1748,85.1778,85.1779,-0.0031,-0.0001,0.0030
3716,999.2,245.6,85.1745,85.1775,85.1774,-0.0029,0.0001,0.0030
3717,1000.1,218.5,85.1742,85.1773,85.1769,-0.0026,0.0004,0.0030
3718,999.3,216.7,85.1740,85.1770,85.1763,-0.0024,0.0007,0.0030
3719,1001.1,272.1,85.1737,85.1768,85.1763,-0.0026,0.0004,0.0030
3720,999.0,254.7,85.1735,85.1765,85.1758,-0.0024,0.0007,0.0030
3721,1000.4,231.1,85.1733,85.1763,85.1754,-0.0021,0.0009,0.0030
3722,999.7,202.0,85.1730,85.1761,85.1748,-0.0018,0.0013,0.0030
3723,1000.7,212.2,85.1728,85.1759,85.1744,-0.0016,0.0015,0.0030
3724,999.5,234.7,85.1726,85.1757,85.1739,-0.0013,0.0017,0.0030
3725,1000.1,199.2,85.1724,85.1755,85.1736,-0.0011,0.0019,0.0030
3726,999.5,224.8,85.1722,85.1753,85.1732,-0.0010,0.0020,0.0030
3727,1000.5,239.7,85.1720,85.1751,85.1729,-0.0009,0.0022,0.0031
3728,999.3,215.0,85.1719,85.1749,85.1726,-0.0007,0.0023,0.0031
3729,1000.6,210.8,85.1717,85.1747,85.1722,-0.0006,0.0025,0.0031
3730,999.6,231.4,85.1715,85.1746,85.1719,-0.0003,0.0027,0.0031
3731,1004.1,241.2,85.1714,85.1744,85.1715,-0.0001,0.0030,0.0031
3732,996.6,267.0,85.1712,85.1743,85.1711,0.0002,0.0032,0.0031
3733,1000.3,221.5,85.1711,85.1742,85.1706,0.0005,0.0035,0.0031
3734,999.2,214.9,85.1710,85.1740,85.1702,0.0007,0.0038,0.0031
3735,1000.3,234.0,85.1708,85.1739,85.1699,0.0009,0.0040,0.0031
3736,999.4,215.6,85.1707,85.1738,85.1696,0.0011,0.0042,0.0031
3737,1000.7,211.4,85.1706,85.1737,85.1694,0.0012,0.0043,0.0031
3738,999.2,207.4,85.1705,85.1736,85.1691,0.0014,0.0045,0.0031
3739,1001.3,231.2,85.1704,85.1735,85.1690,0.0014,0.0045,0.0031
3740,999.3,211.3,85.1703,85.1734,85.1688,0.0015,0.0046,0.0031
3741,1000.5,228.4,85.1703,85.1734,85.1686,0.0017,0.0048,0.0031
3742,999.2,207.5,85.1702,85.1733,85.1684,0.0018,0.0049,0.0031
3743,1000.8,194.1,85.1701,85.1733,85.1682,0.0019,0.0050,0.0031
3744,999.9,292.3,85.1701,85.1732,85.1680,0.0021,0.0052,0.0031
3745,999.6,255.4,85.1700,85.1732,85.1678,0.0023,0.0054,0.0031
3746,999.5,229.6,85.1700,85.1731,85.1676,0.0024,0.0055,0.0031
3747,1000.6,218.2,85.1700,85.1731,85.1675,0.0025,0.0057,0.0031
3748,1000.7,247.3,85.1700,85.1731,85.1673,0.0027,0.0058,0.0031
3749,999.4,222.9,85.1699,85.1731,85.1672,0.0028,0.0059,0.0031
3750,999.7,207.0,85.1699,85.1731,85.1671,0.0028,0.0060,0.0031
3751,1000.0,205.6,85.1699,85.1731,85.1671,0.0029,0.0060,0.0031
3752,999.6,214.3,85.1700,85.1731,85.1670,0.0029,0.0061,0.0032
3753,1000.5,208.4,85.1700,85.1731,85.1670,0.0030,0.0062,0.0032
3754,999.5,212.5,85.1700,85.1732,85.1670,0.0030,0.0062,0.0032
3755,1000.5,203.4,85.1700,85.1732,85.1669,0.0031,0.0063,0.0032
3756,999.5,225.9,85.1701,85.1733,85.1669,0.0032,0.0064,0.0032
3757,1000.6,210.8,85.1701,85.1733,85.1668,0.0033,0.0065,0.0032
3758,999.3,201.2,85.1702,85.1734,85.1667,0.0034,0.0066,0.0032
3759,1000.8,223.6,85.1703,85.1734,85.1666,0.0036,0.0068,0.0032
3760,999.4,206.1,85.1703,85.1735,85.1666,0.0037,0.0069,0.0032
3761,1000.6,222.7,85.1704,85.1736,85.1666,0.0038,0.0070,0.0032
3762,999.3,207.0,85.1705,85.1737,85.1665,0.0040,0.0072,0.0032
3763,1000.8,205.5,85.1706,85.1738,85.1665,0.0041,0.0073,0.0032
3764,1001.1,234.7,85.1707,85.1739,85.1665,0.0042,0.0074,0.0032
3765,1000.2,241.8,85.1708,85.1740,85.1665,0.0043,0.0075,0.0032
3766,998.6,210.6,85.1710,85.1742,85.1665,0.0044,0.0076,0.0032
3767,1000.1,214.5,85.1711,85.1743,85.1665,0.0046,0.0078,0.0032
3768,999.3,206.5,85.1712,85.1744,85.1665,0.0047,0.0079,0.0032
3769,1001.2,261.1,85.1714,85.1746,85.1665,0.0048,0.0081,0.0032
3770,999.0,270.1,85.1715,85.1747,85.1665,0.0050,0.0082,0.0032
3771,1000.4,285.5,85.1717,85.1749,85.1665,0.0052,0.0084,0.0032
3772,999.5,267.5,85.1719,85.1751,85.1665,0.0053,0.0086,0.0032
3773,1000.5,255.6,85.1720,85.1753,85.1665,0.0055,0.0087,0.0032
3774,999.6,272.1,85.1722,85.1755,85.1666,0.0056,0.0089,0.0032
3775,1000.2,222.0,85.1724,85.1757,85.1666,0.0058,0.0091,0.0032
3776,999.5,233.0,85.1726,85.1759,85.1666,0.0060,0.0093,0.0032
3777,1000.6,201.8,85.1728,85.1761,85.1666,0.0062,0.0095,0.0032
3778,999.1,215.3,85.1730,85.1763,85.1666,0.0065,0.0097,0.0033
3779,1000.9,223.9,85.1733,85.1765,85.1666,0.0066,0.0099,0.0033
3780,999.5,198.4,85.1735,85.1768,85.1666,0.0069,0.0101,0.0033
3781,1003.3,234.2,85.1737,85.1770,85.1666,0.0071,0.0104,0.0033
3782,997.3,216.5,85.1740,85.1773,85.1666,0.0074,0.0106,0.0033
3783,1000.4,210.4,85.1742,85.1775,85.1667,0.0075,0.0108,0.0033
3784,999.1,213.7,85.1745,85.1778,85.1667,0.0078,0.0111,0.0033
3785,999.9,206.2,85.1748,85.1781,85.1667,0.0080,0.0113,0.0033
3786,1000.0,206.4,85.1751,85.1783,85.1667,0.0083,0.0116,0.0033
3787,999.8,217.6,85.1753,85.1786,85.1668,0.0085,0.0118,0.0033
3788,999.9,215.0,85.1756,85.1789,85.1668,0.0088,0.0121,0.0033
3789,1000.1,221.0,85.1759,85.1792,85.1669,0.0091,0.0124,0.0033
3790,1000.1,210.7,85.1763,85.1796,85.1669,0.0094,0.0127,0.0033
3791,999.9,227.9,85.1766,85.1799,85.1669,0.0097,0.0130,0.0033
3792,1000.2,211.9,85.1769,85.1802,85.1670,0.0099,0.0133,0.0033
3793,999.9,212.4,85.1772,85.1806,85.1670,0.0102,0.0135,0.0033
3794,1000.0,248.5,85.1776,85.1809,85.1671,0.0105,0.0138,0.0033
3795,999.8,259.8,85.1779,85.1813,85.1671,0.0108,0.0141,0.0033
3796,1000.1,237.1,85.1783,85.1816,85.1672,0.0111,0.0144,0.0033
3797,1000.0,215.2,85.1787,85.1820,85.1672,0.0114,0.0148,0.0033
3798,1000.8,216.6,85.1790,85.1824,85.1673,0.0117,0.0151,0.0033
3799,1000.5,215.3,85.1794,85.1828,85.1673,0.0121,0.0154,0.0033
3800,998.7,212.3,85.1798,85.1832,85.1674,0.0124,0.0158,0.0033
3801,1000.7,227.3,85.1802,85.1836,85.1675,0.0128,0.0161,0.0033
3802,1000.3,224.2,85.1806,85.1840,85.1676,0.0131,0.0164,0.0033
3803,999.0,190.4,85.1810,85.1844,85.1676,0.0134,0.0168,0.0034
3804,999.9,222.3,85.1815,85.1848,85.1677,0.0137,0.0171,0.0034
3805,999.9,209.9,85.1819,85.1852,85.1679,0.0140,0.0173,0.0034
3806,1000.1,243.5,85.1823,85.1857,85.1679,0.0144,0.0177,0.0034
3807,1000.0,241.4,85.1828,85.1861,85.1681,0.0147,0.0181,0.0034
3808,999.7,264.5,85.1832,85.1866,85.1681,0.0151,0.0185,0.0034
3809,1000.3,242.6,85.1837,85.1871,85.1682,0.0155,0.0188,0.0034
3810,1000.4,214.9,85.1842,85.1875,85.1683,0.0158,0.0192,0.0034
3811,1000.8,221.9,85.1846,85.1880,85.1684,0.0162,0.0196,0.0034
3812,998.8,216.5,85.1851,85.1885,85.1685,0.0166,0.0200,0.0034
3813,1000.4,221.7,85.1856,85.1890,85.1686,0.0170,0.0204,0.0034
3814,1002.5,234.6,85.1861,85.1895,85.1688,0.0173,0.0207,0.0034
3815,999.0,209.9,85.1866,85.1900,85.1689,0.0177,0.0211,0.0034
3816,998.9,227.7,85.1871,85.1905,85.1690,0.0181,0.0215,0.0034
3817,1000.5,214.4,85.1877,85.1911,85.1692,0.0185,0.0219,0.0034
3818,998.6,212.0,85.1882,85.1916,85.1694,0.0188,0.0222,0.0034
3819,1000.1,272.5,85.1887,85.1921,85.1696,0.0192,0.0226,0.0034
3820,1000.0,249.7,85.1893,85.1927,85.1699,0.0194,0.0228,0.0034
3821,1000.0,218.7,85.1898,85.1933,85.1701,0.0197,0.0231,0.0034
3822,1000.0,226.9,85.1904,85.1938,85.1705,0.0199,0.0233,0.0034
3823,999.9,212.3,85.1910,85.1944,85.1710,0.0200,0.0234,0.0034
3824,1000.0,224.5,85.1915,85.1950,85.1715,0.0200,0.0234,0.0034
3825,999.8,206.4,85.1921,85.1956,85.1724,0.0198,0.0232,0.0034
3826,1000.3,229.8,85.1927,85.1962,85.1732,0.0196,0.0230,0.0034
3827,1000.0,213.9,85.1933,85.1968,85.1742,0.0192,0.0226,0.0034
3828,999.6,207.3,85.1939,85.1974,85.1751,0.0188,0.0223,0.0034
3829,1000.4,228.8,85.1946,85.1980,85.1760,0.0186,0.0220,0.0035
3830,1000.0,209.6,85.1952,85.1986,85.1766,0.0186,0.0220,0.0035
3831,1003.5,228.3,85.1958,85.1993,85.1770,0.0188,0.0223,0.0035
3832,997.1,202.5,85.1965,85.1999,85.1773,0.0191,0.0226,0.0035
3833,1000.3,211.8,85.1971,85.2006,85.1777,0.0194,0.0229,0.0035
3834,999.3,244.9,85.1978,85.2012,85.1782,0.0196,0.0231,0.0035
3835,1000.4,204.3,85.1984,85.2019,85.1788,0.0196,0.0231,0.0035
3836,1000.3,225.7,85.1991,85.2026,85.1795,0.0196,0.0231,0.0035
3837,999.2,212.6,85.1998,85.2033,85.1803,0.0195,0.0230,0.0035
3838,1002.3,195.4,85.2005,85.2040,85.1812,0.0193,0.0228,0.0035
3839,998.6,222.0,85.2012,85.2047,85.1820,0.0192,0.0227,0.0035
3840,998.9,211.5,85.2019,85.2054,85.1827,0.0192,0.0227,0.0035
3841,1000.1,205.2,85.2026,85.2061,85.1834,0.0192,0.0227,0.0035
3842,999.9,223.6,85.2033,85.2068,85.1839,0.0194,0.0229,0.0035
3843,1001.9,212.7,85.2041,85.2076,85.1845,0.0195,0.0230,0.0035
3844,998.7,245.6,85.2048,85.2083,85.1852,0.0196,0.0231,0.0035
3845,999.5,250.3,85.2055,85.2090,85.1860,0.0195,0.0231,0.0035
3846,1002.0,271.9,85.2063,85.2098,85.1868,0.0195,0.0231,0.0035
3847,999.2,224.0,85.2070,85.2106,85.1876,0.0195,0.0230,0.0035
3848,999.6,218.2,85.2078,85.2113,85.1884,0.0194,0.0230,0.0035
3849,999.9,231.5,85.2086,85.2121,85.1893,0.0193,0.0228,0.0035
3850,999.8,206.8,85.2094,85.2129,85.1901,0.0192,0.0228,0.0035
3851,1000.4,231.0,85.2102,85.2137,85.1909,0.0193,0.0228,0.0035
3852,998.9,221.8,85.2110,85.2145,85.1917,0.0193,0.0228,0.0035
3853,1000.9,229.0,85.2118,85.2153,85.1926,0.0192,0.0227,0.0035
3854,999.4,226.6,85.2126,85.2161,85.1934,0.0192,0.0227,0.0036
3855,1000.6,213.0,85.2134,85.2170,85.1942,0.0192,0.0228,0.0036
3856,999.5,216.6,85.2142,85.2178,85.1950,0.0192,0.0228,0.0036
3857,1001.3,216.4,85.2151,85.2186,85.1960,0.0191,0.0226,0.0036
3858,998.4,217.0,85.2159,85.2195,85.1969,0.0190,0.0225,0.0036
3859,1000.8,225.4,85.2168,85.2203,85.1977,0.0191,0.0226,0.0036
3860,1000.2,215.1,85.2176,85.2212,85.1985,0.0192,0.0227,0.0036
3861,999.4,235.7,85.2185,85.2221,85.1992,0.0193,0.0229,0.0036
3862,999.7,214.1,85.2194,85.2230,85.1999,0.0194,0.0230,0.0036
3863,1000.3,208.5,85.2203,85.2239,85.2006,0.0197,0.0233,0.0036
3864,1001.0,229.2,85.2212,85.2248,85.2013,0.0199,0.0235,0.0036
3865,1000.2,218.4,85.2221,85.2257,85.2021,0.0199,0.0235,0.0036
3866,999.5,233.9,85.2230,85.2266,85.2028,0.0201,0.0237,0.0036
3867,999.2,214.3,85.2239,85.2275,85.2035,0.0204,0.0240,0.0036
3868,999.3,220.4,85.2248,85.2284,85.2041,0.0207,0.0243,0.0036
3869,1000.6,260.8,85.2257,85.2294,85.2047,0.0210,0.0246,0.0036
3870,999.6,232.0,85.2267,85.2303,85.2054,0.0212,0.0249,0.0036
3871,1000.4,229.5,85.2276,85.2313,85.2062,0.0215,0.0251,0.0036
3872,999.4,215.4,85.2286,85.2322,85.2069,0.0217,0.0253,0.0036
3873,1000.5,226.5,85.2296,85.2332,85.2078,0.0218,0.0254,0.0036
3874,999.6,220.2,85.2305,85.2342,85.2085,0.0220,0.0256,0.0036
3875,1000.4,211.4,85.2315,85.2351,85.2094,0.0221,0.0257,0.0036
3876,999.5,223.7,85.2325,85.2361,85.2103,0.0222,0.0258,0.0036
3877,1000.5,227.3,85.2335,85.2371,85.2112,0.0223,0.0260,0.0036
3878,1000.1,222.7,85.2345,85.2381,85.2120,0.0225,0.0261,0.0036
3879,1001.4,226.1,85.2355,85.2391,85.2129,0.0226,0.0263,0.0036
3880,998.1,214.9,85.2365,85.2402,85.2137,0.0228,0.0265,0.0037
3881,1006.4,230.6,85.2375,85.2412,85.2146,0.0229,0.0266,0.0037
3882,995.3,246.1,85.2386,85.2422,85.2155,0.0230,0.0267,0.0037
3883,999.0,237.6,85.2396,85.2433,85.2165,0.0231,0.0268,0.0037
3884,999.4,241.7,85.2407,85.2443,85.2165,0.0242,0.0278,0.0037
3885,1000.3,216.6,85.2417,85.2454,85.2177,0.0241,0.0277,0.0037
3886,1000.6,232.4,85.2428,85.2465,85.2187,0.0241,0.0278,0.0037
3887,999.0,223.4,85.2439,85.2475,85.2198,0.0241,0.0278,0.0037
3888,999.9,217.4,85.2449,85.2486,85.2210,0.0240,0.0276,0.0037
3889,1001.8,228.2,85.2460,85.2497,85.2221,0.0240,0.0276,0.0037
3890,998.8,204.5,85.2471,85.2508,85.2232,0.0240,0.0277,0.0037
3891,1002.7,240.1,85.2482,85.2519,85.2243,0.0240,0.0277,0.0037
3892,997.4,223.2,85.2493,85.2530,85.2253,0.0240,0.0277,0.0037
3893,1003.5,203.7,85.2505,85.2542,85.2265,0.0239,0.0276,0.0037
3894,997.0,242.2,85.2516,85.2553,85.2280,0.0236,0.0273,0.0037
3895,1000.1,277.2,85.2527,85.2564,85.2293,0.0234,0.0271,0.0037
3896,999.2,248.3,85.2539,85.2576,85.2308,0.0231,0.0268,0.0037
3897,1000.8,236.6,85.2550,85.2587,85.2322,0.0229,0.0266,0.0037
3898,1002.0,241.3,85.2562,85.2599,85.2336,0.0226,0.0263,0.0037
3899,998.6,231.0,85.2573,85.2611,85.2348,0.0226,0.0263,0.0037
3900,1000.9,221.6,85.2585,85.2622,85.2360,0.0225,0.0263,0.0037
3901,998.8,246.0,85.2597,85.2634,85.2372,0.0225,0.0262,0.0037
3902,1002.0,227.3,85.2609,85.2646,85.2387,0.0222,0.0259,0.0037
3903,999.9,221.2,85.2621,85.2658,85.2399,0.0221,0.0259,0.0037
3904,1000.6,243.5,85.2633,85.2670,85.2413,0.0220,0.0258,0.0037
3905,999.0,219.9,85.2645,85.2682,85.2425,0.0220,0.0258,0.0038
3906,1001.2,243.2,85.2657,85.2695,85.2438,0.0220,0.0257,0.0038
3907,1000.3,224.1,85.2669,85.2707,85.2450,0.0220,0.0257,0.0038
3908,998.0,227.4,85.2682,85.2719,85.2462,0.0220,0.0257,0.0038
3909,1002.4,231.2,85.2694,85.2732,85.2476,0.0218,0.0256,0.0038
3910,999.3,219.6,85.2707,85.2744,85.2491,0.0216,0.0253,0.0038
3911,999.6,225.7,85.2719,85.2757,85.2504,0.0215,0.0253,0.0038
3912,1001.8,227.3,85.2732,85.2770,85.2518,0.0214,0.0251,0.0038
3913,997.9,223.7,85.2745,85.2782,85.2531,0.0214,0.0252,0.0038
3914,1000.3,241.5,85.2758,85.2795,85.2545,0.0212,0.0250,0.0038
3915,999.1,235.6,85.2770,85.2808,85.2559,0.0212,0.0250,0.0038
3916,1001.2,244.4,85.2783,85.2821,85.2572,0.0211,0.0249,0.0038
3917,998.4,221.9,85.2796,85.2834,85.2586,0.0210,0.0248,0.0038
3918,998.6,217.1,85.2810,85.2848,85.2602,0.0207,0.0245,0.0038
3919,1002.8,268.7,85.2823,85.2861,85.2616,0.0207,0.0245,0.0038
3920,999.8,248.6,85.2836,85.2874,85.2629,0.0207,0.0245,0.0038
3921,999.4,253.8,85.2849,85.2888,85.2641,0.0208,0.0247,0.0038
3922,1000.2,287.0,85.2863,85.2901,85.2655,0.0208,0.0246,0.0038
3923,999.6,248.9,85.2876,85.2915,85.2669,0.0208,0.0246,0.0038
3924,1000.4,308.4,85.2890,85.2928,85.2682,0.0208,0.0246,0.0038
3925,1000.5,264.5,85.2904,85.2942,85.2695,0.0208,0.0246,0.0038
3926,997.4,244.2,85.2917,85.2956,85.2711,0.0207,0.0245,0.0038
3927,1000.7,246.5,85.2931,85.2970,85.2726,0.0205,0.0244,0.0038
3928,998.6,212.6,85.2945,85.2983,85.2741,0.0204,0.0243,0.0038
3929,1000.6,231.6,85.2959,85.2997,85.2755,0.0204,0.0243,0.0038
3930,999.2,228.3,85.2973,85.3012,85.2771,0.0202,0.0241,0.0038
3931,1000.0,223.4,85.2987,85.3026,85.2784,0.0203,0.0242,0.0039
3932,1002.9,246.7,85.3001,85.3040,85.2797,0.0205,0.0243,0.0039
3933,998.5,226.7,85.3016,85.3054,85.2808,0.0207,0.0246,0.0039
3934,1001.3,241.3,85.3030,85.3069,85.2820,0.0210,0.0248,0.0039
3935,999.0,225.1,85.3045,85.3083,85.2832,0.0213,0.0251,0.0039
3936,1000.6,238.9,85.3059,85.3098,85.2843,0.0216,0.0255,0.0039
3937,1002.7,231.6,85.3074,85.3112,85.2854,0.0220,0.0258,0.0039
3938,1001.5,255.6,85.3088,85.3127,85.2868,0.0221,0.0259,0.0039
3939,1000.0,238.1,85.3103,85.3142,85.2881,0.0222,0.0261,0.0039
3940,998.8,227.0,85.3118,85.3157,85.2894,0.0223,0.0262,0.0039
3941,998.8,258.6,85.3133,85.3172,85.2908,0.0225,0.0264,0.0039
3942,1001.2,224.2,85.3148,85.3187,85.2922,0.0226,0.0265,0.0039
3943,998.1,227.8,85.3163,85.3202,85.2934,0.0229,0.0268,0.0039
3944,999.3,255.9,85.3178,85.3217,85.2946,0.0232,0.0271,0.0039
3945,1001.2,281.5,85.3193,85.3232,85.2958,0.0235,0.0274,0.0039
3946,1000.5,279.1,85.3208,85.3247,85.2972,0.0237,0.0276,0.0039
3947,998.1,227.5,85.3224,85.3263,85.2984,0.0239,0.0279,0.0039
3948,999.6,206.6,85.3239,85.3278,85.2998,0.0241,0.0280,0.0039
3949,1003.4,235.5,85.3255,85.3294,85.3012,0.0243,0.0282,0.0039
3950,995.4,222.6,85.3270,85.3310,85.3025,0.0245,0.0284,0.0039
3951,999.3,212.2,85.3286,85.3325,85.3038,0.0248,0.0288,0.0039
3952,999.9,229.9,85.3302,85.3341,85.3050,0.0251,0.0291,0.0039
3953,1000.1,222.3,85.3318,85.3357,85.3062,0.0255,0.0295,0.0039
3954,1000.0,223.6,85.3333,85.3373,85.3076,0.0257,0.0296,0.0039
3955,999.8,221.0,85.3349,85.3389,85.3090,0.0259,0.0299,0.0039
3956,1000.2,239.2,85.3365,85.3405,85.3105,0.0261,0.0300,0.0039
3957,1000.1,221.8,85.3382,85.3421,85.3120,0.0262,0.0302,0.0040
3958,999.8,225.1,85.3398,85.3437,85.3134,0.0264,0.0304,0.0040
3959,1000.2,250.1,85.3414,85.3454,85.3149,0.0265,0.0305,0.0040
3960,999.9,242.0,85.3430,85.3470,85.3162,0.0268,0.0308,0.0040
3961,1000.0,245.9,85.3447,85.3486,85.3175,0.0272,0.0312,0.0040
3962,1000.0,266.8,85.3463,85.3503,85.3188,0.0276,0.0315,0.0040
3963,1004.5,242.0,85.3480,85.3520,85.3200,0.0280,0.0319,0.0040
3964,997.6,245.9,85.3497,85.3536,85.3213,0.0284,0.0324,0.0040
3965,998.8,233.1,85.3513,85.3553,85.3225,0.0289,0.0328,0.0040
3966,1001.1,239.5,85.3530,85.3570,85.3236,0.0294,0.0334,0.0040
3967,998.7,254.5,85.3547,85.3587,85.3249,0.0298,0.0338,0.0040
3968,999.2,240.8,85.3564,85.3604,85.3260,0.0304,0.0344,0.0040
3969,1000.6,259.0,85.3581,85.3621,85.3270,0.0310,0.0350,0.0040
3970,999.3,259.0,85.3598,85.3638,85.3282,0.0316,0.0356,0.0040
3971,1000.5,244.3,85.3615,85.3655,85.3294,0.0321,0.0361,0.0040
3972,999.6,228.1,85.3633,85.3673,85.3305,0.0327,0.0367,0.0040
3973,1000.4,224.9,85.3650,85.3690,85.3317,0.0333,0.0373,0.0040
3974,999.6,249.3,85.3667,85.3707,85.3330,0.0337,0.0377,0.0040
3975,1000.2,224.6,85.3685,85.3725,85.3344,0.0341,0.0381,0.0040
3976,999.7,242.7,85.3702,85.3743,85.3357,0.0346,0.0386,0.0040
3977,1000.4,226.6,85.3720,85.3760,85.3369,0.0351,0.0392,0.0040
3978,999.3,227.9,85.3738,85.3778,85.3381,0.0357,0.0397,0.0040
3979,1000.8,234.8,85.3755,85.3796,85.3393,0.0362,0.0403,0.0040
3980,999.4,210.5,85.3773,85.3814,85.3407,0.0366,0.0406,0.0040
3981,1001.4,233.5,85.3791,85.3832,85.3421,0.0370,0.0410,0.0040
3982,1001.4,227.2,85.3809,85.3850,85.3436,0.0373,0.0414,0.0040
3983,999.9,201.8,85.3827,85.3868,85.3453,0.0374,0.0415,0.0040
3984,998.6,256.5,85.3846,85.3886,85.3470,0.0376,0.0416,0.0041
3985,1000.2,223.0,85.3864,85.3904,85.3486,0.0378,0.0418,0.0041
3986,1000.7,220.6,85.3882,85.3923,85.3503,0.0379,0.0420,0.0041
3987,998.6,237.0,85.3901,85.3941,85.3520,0.0381,0.0422,0.0041
3988,999.0,227.8,85.3919,85.3960,85.3538,0.0381,0.0422,0.0041
3989,1001.0,233.8,85.3938,85.3978,85.3556,0.0382,0.0423,0.0041
3990,998.9,218.3,85.3956,85.3997,85.3574,0.0383,0.0423,0.0041
3991,1000.3,241.0,85.3975,85.4016,85.3593,0.0382,0.0423,0.0041
3992,999.6,193.6,85.3994,85.4035,85.3609,0.0384,0.0425,0.0041
3993,1000.3,219.3,85.4013,85.4053,85.3625,0.0388,0.0429,0.0041
3994,999.6,261.0,85.4031,85.4072,85.3641,0.0391,0.0432,0.0041
3995,1000.3,257.5,85.4050,85.4091,85.3657,0.0394,0.0435,0.0041
3996,999.8,249.4,85.4070,85.4111,85.3677,0.0393,0.0434,0.0041
3997,1000.4,233.6,85.4089,85.4130,85.3695,0.0394,0.0435,0.0041
3998,999.2,228.1,85.4108,85.4149,85.3715,0.0393,0.0434,0.0041
3999,1002.0,236.6,85.4127,85.4168,85.3735,0.0392,0.0433,0.0041
4000,1000.1,232.0,85.4147,85.4188,85.3755,0.0392,0.0433,0.0041
4001,1005.2,243.3,85.4166,85.4207,85.3773,0.0393,0.0434,0.0041
4002,996.4,245.1,85.4186,85.4227,85.3792,0.0394,0.0435,0.0041
4003,997.9,230.3,85.4205,85.4246,85.3811,0.0394,0.0435,0.0041
4004,1000.8,213.4,85.4225,85.4266,85.3829,0.0396,0.0437,0.0041
4005,999.3,237.2,85.4245,85.4286,85.3848,0.0396,0.0438,0.0041
4006,1002.3,272.8,85.4264,85.4306,85.3868,0.0396,0.0437,0.0041
4007,1001.8,239.4,85.4284,85.4326,85.3890,0.0394,0.0436,0.0041
4008,999.3,257.8,85.4304,85.4346,85.3911,0.0393,0.0434,0.0041
4009,998.1,250.2,85.4324,85.4366,85.3933,0.0391,0.0433,0.0041
4010,1001.0,233.9,85.4345,85.4386,85.3957,0.0388,0.0429,0.0042
4011,998.4,257.6,85.4365,85.4406,85.3982,0.0382,0.0424,0.0042
4012,1003.0,234.3,85.4385,85.4427,85.4006,0.0379,0.0420,0.0042
4013,996.9,228.9,85.4405,85.4447,85.4030,0.0376,0.0417,0.0042
4014,999.8,241.8,85.4426,85.4467,85.4053,0.0373,0.0414,0.0042
4015,999.1,211.5,85.4446,85.4488,85.4078,0.0369,0.0410,0.0042
4016,999.4,211.3,85.4467,85.4509,85.4100,0.0367,0.0409,0.0042
4017,1000.5,226.5,85.4488,85.4529,85.4121,0.0366,0.0408,0.0042
4018,999.5,236.4,85.4508,85.4550,85.4142,0.0366,0.0408,0.0042
4019,1003.3,259.9,85.4529,85.4571,85.4163,0.0366,0.0408,0.0042
4020,999.6,252.5,85.4550,85.4592,85.4185,0.0365,0.0407,0.0042
4021,1000.1,242.3,85.4571,85.4613,85.4206,0.0365,0.0406,0.0042
4022,998.6,231.5,85.4592,85.4634,85.4228,0.0364,0.0406,0.0042
4023,1000.9,246.4,85.4613,85.4655,85.4251,0.0362,0.0404,0.0042
4024,999.4,215.6,85.4634,85.4676,85.4272,0.0362,0.0404,0.0042
4025,998.0,228.3,85.4655,85.4697,85.4294,0.0362,0.0404,0.0042
4026,1000.1,248.4,85.4677,85.4719,85.4316,0.0361,0.0403,0.0042
4027,1000.1,199.5,85.4698,85.4740,85.4342,0.0357,0.0399,0.0042
4028,999.7,227.0,85.4720,85.4762,85.4365,0.0355,0.0397,0.0042
4029,1000.2,236.9,85.4741,85.4783,85.4389,0.0352,0.0394,0.0042
4030,999.8,197.4,85.4763,85.4805,85.4413,0.0350,0.0392,0.0042
4031,1002.8,245.2,85.4784,85.4827,85.4439,0.0345,0.0388,0.0042
4032,1001.1,238.4,85.4806,85.4849,85.4463,0.0343,0.0385,0.0042
4033,1000.4,237.4,85.4828,85.4870,85.4486,0.0342,0.0384,0.0042
4034,999.4,246.6,85.4850,85.4892,85.4508,0.0342,0.0384,0.0042
4035,999.7,263.7,85.4872,85.4914,85.4532,0.0340,0.0383,0.0042
4036,999.7,243.0,85.4894,85.4936,85.4554,0.0340,0.0382,0.0042
4037,998.4,259.4,85.4916,85.4959,85.4576,0.0340,0.0383,0.0043
4038,1000.8,211.4,85.4938,85.4981,85.4597,0.0341,0.0384,0.0043
4039,997.8,205.7,85.4961,85.5003,85.4623,0.0337,0.0380,0.0043
4040,1000.5,226.7,85.4983,85.5026,85.4643,0.0340,0.0382,0.0043
4041,1003.8,226.1,85.5005,85.5048,85.4664,0.0342,0.0384,0.0043
4042,999.0,240.9,85.5028,85.5071,85.4684,0.0344,0.0386,0.0043
4043,999.9,237.5,85.5051,85.5093,85.4707,0.0344,0.0387,0.0043
4044,1000.1,243.9,85.5073,85.5116,85.4727,0.0346,0.0389,0.0043
4045,1000.2,241.1,85.5096,85.5139,85.4747,0.0349,0.0392,0.0043
4046,997.9,251.9,85.5119,85.5162,85.4768,0.0350,0.0393,0.0043
4047,1000.2,229.0,85.5142,85.5184,85.4793,0.0348,0.0391,0.0043
4048,998.7,237.7,85.5165,85.5207,85.4817,0.0347,0.0390,0.0043
4049,999.7,243.1,85.5188,85.5230,85.4841,0.0346,0.0389,0.0043
4050,1000.0,225.1,85.5211,85.5254,85.4867,0.0344,0.0387,0.0043
4051,1000.2,244.0,85.5234,85.5277,85.4891,0.0343,0.0386,0.0043
4052,999.9,227.5,85.5257,85.5300,85.4914,0.0343,0.0386,0.0043
4053,1003.2,229.6,85.5280,85.5323,85.4938,0.0343,0.0386,0.0043
4054,999.1,248.7,85.5304,85.5347,85.4961,0.0342,0.0386,0.0043
4055,999.2,230.7,85.5327,85.5370,85.4961,0.0366,0.0409,0.0043
4056,998.8,230.7,85.5351,85.5394,85.4986,0.0364,0.0408,0.0043
4057,999.7,233.8,85.5374,85.5418,85.5010,0.0365,0.0408,0.0043
4058,999.7,228.3,85.5398,85.5441,85.5033,0.0365,0.0408,0.0043
4059,1000.3,205.2,85.5422,85.5465,85.5056,0.0366,0.0409,0.0043
4060,1000.3,228.7,85.5446,85.5489,85.5081,0.0365,0.0408,0.0043
4061,999.8,242.1,85.5469,85.5513,85.5104,0.0365,0.0409,0.0043
4062,1000.6,230.4,85.5493,85.5537,85.5128,0.0365,0.0409,0.0043
4063,1002.7,227.1,85.5518,85.5561,85.5154,0.0364,0.0407,0.0043
4064,998.1,242.0,85.5542,85.5585,85.5183,0.0359,0.0402,0.0043
4065,1001.7,233.9,85.5566,85.5609,85.5210,0.0355,0.0399,0.0044
4066,998.5,244.6,85.5590,85.5634,85.5237,0.0354,0.0397,0.0044
4067,999.7,222.2,85.5614,85.5658,85.5262,0.0352,0.0396,0.0044
4068,1000.0,229.7,85.5639,85.5682,85.5289,0.0349,0.0393,0.0044
4069,1001.7,276.0,85.5663,85.5707,85.5314,0.0349,0.0392,0.0044
4070,998.6,253.7,85.5688,85.5732,85.5338,0.0349,0.0393,0.0044
4071,1001.5,269.1,85.5712,85.5756,85.5363,0.0350,0.0393,0.0044
4072,997.2,287.3,85.5737,85.5781,85.5389,0.0348,0.0392,0.0044
4073,1007.1,271.0,85.5762,85.5806,85.5412,0.0350,0.0394,0.0044
4074,995.4,251.9,85.5787,85.5831,85.5435,0.0352,0.0396,0.0044
4075,997.8,248.8,85.5812,85.5856,85.5458,0.0353,0.0397,0.0044
4076,1000.0,243.3,85.5837,85.5881,85.5484,0.0352,0.0396,0.0044
4077,1000.4,244.4,85.5862,85.5906,85.5508,0.0354,0.0398,0.0044
4078,998.6,240.4,85.5887,85.5931,85.5531,0.0356,0.0400,0.0044
4079,1000.1,206.0,85.5912,85.5956,85.5556,0.0356,0.0400,0.0044
4080,1000.1,233.1,85.5937,85.5981,85.5583,0.0355,0.0399,0.0044
4081,999.9,217.3,85.5963,85.6007,85.5608,0.0355,0.0399,0.0044
4082,1000.0,205.9,85.5988,85.6032,85.5634,0.0354,0.0398,0.0044
4083,1000.1,231.3,85.6014,85.6058,85.5660,0.0354,0.0398,0.0044
4084,1000.1,247.0,85.6039,85.6083,85.5685,0.0354,0.0398,0.0044
4085,999.6,201.9,85.6065,85.6109,85.5711,0.0354,0.0398,0.0044
4086,1000.1,257.9,85.6091,85.6135,85.5736,0.0355,0.0399,0.0044
4087,1000.3,239.8,85.6116,85.6161,85.5758,0.0358,0.0403,0.0044
4088,1000.4,203.8,85.6142,85.6187,85.5780,0.0362,0.0406,0.0044
4089,1003.5,243.2,85.6168,85.6213,85.5804,0.0364,0.0408,0.0044
4090,997.4,235.1,85.6194,85.6239,85.5825,0.0369,0.0413,0.0044
4091,999.1,199.2,85.6220,85.6265,85.5846,0.0374,0.0419,0.0044
4092,1003.2,250.1,85.6246,85.6291,85.5867,0.0380,0.0424,0.0045
4093,1002.5,245.5,85.6273,85.6317,85.5890,0.0383,0.0428,0.0045
4094,995.6,242.6,85.6299,85.6343,85.5912,0.0387,0.0432,0.0045
4095,1000.7,301.7,85.6325,85.6370,85.5934,0.0392,0.0436,0.0045
4096,998.9,247.1,85.6352,85.6396,85.5954,0.0398,0.0442,0.0045
4097,998.9,207.1,85.6378,85.6423,85.5974,0.0404,0.0449,0.0045
4098,999.3,228.5,85.6405,85.6449,85.5992,0.0413,0.0457,0.0045
4099,1000.2,211.2,85.6431,85.6476,85.6011,0.0420,0.0465,0.0045
4100,1000.2,206.7,85.6458,85.6503,85.6031,0.0427,0.0472,0.0045
4101,1000.1,255.2,85.6485,85.6530,85.6053,0.0432,0.0477,0.0045
4102,1000.6,230.7,85.6512,85.6557,85.6076,0.0435,0.0480,0.0045
4103,999.7,202.8,85.6539,85.6584,85.6102,0.0437,0.0482,0.0045
4104,999.8,252.2,85.6566,85.6611,85.6126,0.0440,0.0485,0.0045
4105,999.4,217.5,85.6593,85.6638,85.6152,0.0441,0.0486,0.0045
4106,1000.3,225.9,85.6620,85.6665,85.6173,0.0446,0.0491,0.0045
4107,1000.7,233.6,85.6647,85.6692,85.6194,0.0453,0.0499,0.0045
4108,999.7,239.1,85.6674,85.6719,85.6214,0.0460,0.0505,0.0045
4109,999.8,236.5,85.6702,85.6747,85.6236,0.0466,0.0511,0.0045
4110,999.8,243.5,85.6729,85.6774,85.6260,0.0470,0.0515,0.0045
4111,1002.0,217.2,85.6757,85.6802,85.6282,0.0475,0.0520,0.0045
4112,1000.9,260.5,85.6784,85.6829,85.6305,0.0479,0.0525,0.0045
4113,999.7,240.7,85.6812,85.6857,85.6330,0.0482,0.0527,0.0045
4114,997.6,218.5,85.6840,85.6885,85.6354,0.0485,0.0530,0.0045
4115,1007.8,231.4,85.6867,85.6913,85.6379,0.0488,0.0534,0.0045
4116,993.0,254.1,85.6895,85.6941,85.6404,0.0491,0.0537,0.0045
4117,1000.0,211.8,85.6923,85.6969,85.6432,0.0491,0.0536,0.0045
4118,999.0,226.6,85.6951,85.6997,85.6458,0.0493,0.0539,0.0045
4119,999.6,263.6,85.6979,85.7025,85.6484,0.0495,0.0541,0.0045
4120,999.9,262.2,85.7007,85.7053,85.6511,0.0497,0.0542,0.0046
4121,1000.1,234.6,85.7036,85.7081,85.6540,0.0495,0.0541,0.0046
4122,999.9,258.4,85.7064,85.7109,85.6569,0.0495,0.0541,0.0046
4123,1000.0,201.4,85.7092,85.7138,85.6597,0.0495,0.0541,0.0046
4124,999.9,215.7,85.7121,85.7166,85.6628,0.0493,0.0539,0.0046
4125,999.9,219.0,85.7149,85.7195,85.6654,0.0495,0.0541,0.0046
4126,1001.3,236.3,85.7178,85.7223,85.6680,0.0497,0.0543,0.0046
4127,999.0,235.0,85.7206,85.7252,85.6705,0.0501,0.0547,0.0046
4128,999.6,214.7,85.7235,85.7281,85.6733,0.0502,0.0548,0.0046
4129,1001.4,218.6,85.7264,85.7310,85.6760,0.0504,0.0550,0.0046
4130,1000.3,234.5,85.7293,85.7338,85.6788,0.0505,0.0551,0.0046
4131,1000.0,230.4,85.7322,85.7367,85.6817,0.0505,0.0551,0.0046
4132,999.5,218.0,85.7351,85.7396,85.6848,0.0502,0.0548,0.0046
4133,1002.5,238.7,85.7380,85.7426,85.6878,0.0501,0.0547,0.0046
4134,999.4,239.1,85.7409,85.7455,85.6907,0.0502,0.0548,0.0046
4135,997.8,241.3,85.7438,85.7484,85.6936,0.0502,0.0548,0.0046
4136,1000.0,238.8,85.7467,85.7513,85.6967,0.0501,0.0547,0.0046
4137,1002.2,232.8,85.7496,85.7543,85.6994,0.0502,0.0548,0.0046
4138,997.2,245.5,85.7526,85.7572,85.7022,0.0504,0.0550,0.0046
4139,1000.9,246.7,85.7555,85.7602,85.7049,0.0507,0.0553,0.0046
4140,999.7,195.6,85.7585,85.7631,85.7077,0.0508,0.0554,0.0046
4141,999.5,217.2,85.7614,85.7661,85.7102,0.0512,0.0559,0.0046
4142,1000.0,235.7,85.7644,85.7690,85.7127,0.0517,0.0563,0.0046
4143,1000.0,200.2,85.7674,85.7720,85.7152,0.0522,0.0568,0.0046
4144,1000.5,269.6,85.7704,85.7750,85.7181,0.0523,0.0569,0.0046
4145,999.1,271.2,85.7734,85.7780,85.7207,0.0526,0.0573,0.0046
4146,1000.5,210.9,85.7764,85.7810,85.7234,0.0529,0.0576,0.0046
4147,999.8,219.1,85.7794,85.7840,85.7261,0.0533,0.0579,0.0046
4148,999.7,195.3,85.7824,85.7870,85.7289,0.0535,0.0582,0.0046
4149,1000.4,220.3,85.7854,85.7900,85.7315,0.0539,0.0586,0.0047
4150,999.9,232.6,85.7884,85.7931,85.7342,0.0542,0.0589,0.0047
4151,1000.9,211.2,85.7914,85.7961,85.7371,0.0543,0.0590,0.0047
4152,1000.1,209.9,85.7945,85.7991,85.7403,0.0542,0.0588,0.0047
4153,999.7,234.4,85.7975,85.8022,85.7434,0.0541,0.0588,0.0047
4154,1002.6,213.3,85.8006,85.8052,85.7465,0.0541,0.0587,0.0047
4155,999.9,232.1,85.8036,85.8083,85.7497,0.0539,0.0586,0.0047
4156,997.7,218.5,85.8067,85.8114,85.7532,0.0535,0.0582,0.0047
4157,999.3,198.3,85.8098,85.8144,85.7563,0.0535,0.0582,0.0047
4158,999.6,205.7,85.8128,85.8175,85.7594,0.0535,0.0581,0.0047
4159,1000.3,220.3,85.8159,85.8206,85.7625,0.0534,0.0581,0.0047
4160,999.9,221.8,85.8190,85.8237,85.7659,0.0531,0.0578,0.0047
4161,1000.0,215.9,85.8221,85.8268,85.7693,0.0529,0.0576,0.0047
4162,1000.3,209.9,85.8252,85.8299,85.7726,0.0526,0.0573,0.0047
4163,999.7,217.1,85.8283,85.8330,85.7761,0.0523,0.0570,0.0047
4164,1000.0,219.2,85.8315,85.8362,85.7798,0.0517,0.0564,0.0047
4165,1000.1,208.8,85.8346,85.8393,85.7831,0.0514,0.0561,0.0047
4166,1000.0,203.6,85.8377,85.8424,85.7865,0.0512,0.0559,0.0047
4167,1000.0,214.7,85.8409,85.8456,85.7899,0.0510,0.0557,0.0047
4168,999.5,240.6,85.8440,85.8487,85.7932,0.0508,0.0555,0.0047
4169,1009.5,234.8,85.8472,85.8519,85.7968,0.0504,0.0551,0.0047
4170,992.2,264.7,85.8503,85.8551,85.8000,0.0503,0.0550,0.0047
4171,999.0,260.2,85.8535,85.8582,85.8033,0.0502,0.0550,0.0047
4172,999.7,211.3,85.8567,85.8614,85.8067,0.0500,0.0547,0.0047
4173,1000.2,231.9,85.8599,85.8646,85.8099,0.0500,0.0547,0.0047
4174,1000.9,218.2,85.8630,85.8678,85.8131,0.0500,0.0547,0.0047
4175,998.9,208.0,85.8662,85.8710,85.8164,0.0498,0.0546,0.0047
4176,1000.2,231.0,85.8694,85.8742,85.8201,0.0493,0.0541,0.0047
4177,1001.2,241.9,85.8726,85.8774,85.8234,0.0492,0.0540,0.0047
4178,998.3,202.0,85.8759,85.8806,85.8267,0.0492,0.0539,0.0048
4179,1000.3,217.3,85.8791,85.8838,85.8300,0.0491,0.0539,0.0048
4180,1000.0,194.5,85.8823,85.8871,85.8334,0.0489,0.0537,0.0048
4181,1000.0,221.3,85.8855,85.8903,85.8365,0.0490,0.0538,0.0048
4182,999.9,240.9,85.8888,85.8936,85.8396,0.0492,0.0540,0.0048
4183,1000.1,196.8,85.8920,85.8968,85.8425,0.0495,0.0543,0.0048
4184,999.9,219.8,85.8953,85.9001,85.8457,0.0496,0.0544,0.0048
4185,999.7,237.7,85.8986,85.9033,85.8487,0.0499,0.0547,0.0048
4186,1000.3,206.2,85.9018,85.9066,85.8518,0.0501,0.0548,0.0048
4187,1000.0,251.1,85.9051,85.9099,85.8549,0.0502,0.0550,0.0048
4188,1000.2,231.5,85.9084,85.9132,85.8584,0.0500,0.0548,0.0048
4189,1001.0,244.8,85.9117,85.9165,85.8617,0.0499,0.0547,0.0048
4190,999.2,242.3,85.9150,85.9198,85.8651,0.0498,0.0546,0.0048
4191,999.8,236.0,85.9183,85.9231,85.8686,0.0497,0.0545,0.0048
4192,1000.9,206.3,85.9216,85.9264,85.8722,0.0494,0.0542,0.0048
4193,1002.0,240.0,85.9249,85.9297,85.8755,0.0494,0.0542,0.0048
4194,998.6,288.8,85.9282,85.9330,85.8788,0.0494,0.0542,0.0048
4195,998.4,256.9,85.9316,85.9364,85.8821,0.0494,0.0542,0.0048
4196,1000.4,242.1,85.9349,85.9397,85.8857,0.0492,0.0540,0.0048
4197,1000.6,227.1,85.9382,85.9431,85.8889,0.0493,0.0541,0.0048
4198,999.1,218.5,85.9416,85.9464,85.8919,0.0496,0.0545,0.0048
4199,1000.3,218.7,85.9449,85.9498,85.8949,0.0500,0.0548,0.0048
4200,999.8,244.8,85.9483,85.9531,85.8983,0.0500,0.0549,0.0048
4201,1001.1,212.5,85.9517,85.9565,85.9022,0.0495,0.0543,0.0048
4202,999.3,220.3,85.9551,85.9599,85.9058,0.0492,0.0540,0.0048
4203,999.5,190.0,85.9584,85.9633,85.9095,0.0489,0.0538,0.0048
4204,1000.0,222.7,85.9618,85.9667,85.9131,0.0487,0.0535,0.0048
4205,999.9,208.2,85.9652,85.9701,85.9172,0.0480,0.0528,0.0048
4206,999.9,206.1,85.9686,85.9735,85.9199,0.0488,0.0536,0.0048
4207,1000.2,210.1,85.9720,85.9769,85.9228,0.0492,0.0541,0.0048
4208,1002.4,238.8,85.9755,85.9803,85.9257,0.0498,0.0546,0.0049
4209,997.8,210.2,85.9789,85.9837,85.9293,0.0495,0.0544,0.0049
4210,1000.0,209.4,85.9823,85.9872,85.9324,0.0499,0.0547,0.0049
4211,999.8,225.3,85.9857,85.9906,85.9356,0.0501,0.0550,0.0049
4212,1002.3,246.8,85.9892,85.9940,85.9390,0.0501,0.0550,0.0049
4213,999.0,212.4,85.9926,85.9975,85.9423,0.0503,0.0552,0.0049
4214,1000.5,223.6,85.9961,86.0010,85.9456,0.0505,0.0554,0.0049
4215,998.4,234.4,85.9996,86.0044,85.9489,0.0507,0.0556,0.0049
4216,1004.5,236.5,86.0030,86.0079,85.9521,0.0509,0.0558,0.0049
4217,998.4,251.3,86.0065,86.0114,85.9556,0.0509,0.0558,0.0049
4218,997.5,202.5,86.0100,86.0149,85.9587,0.0513,0.0561,0.0049
4219,1000.2,238.9,86.0135,86.0184,85.9618,0.0517,0.0566,0.0049
4220,999.4,277.9,86.0170,86.0219,85.9647,0.0523,0.0572,0.0049
4221,999.9,211.8,86.0205,86.0254,85.9677,0.0528,0.0576,0.0049
4222,999.7,223.3,86.0240,86.0289,85.9706,0.0534,0.0583,0.0049
4223,999.9,213.9,86.0275,86.0324,85.9735,0.0540,0.0589,0.0049
4224,1003.8,214.7,86.0310,86.0359,85.9766,0.0544,0.0593,0.0049
4225,996.3,214.2,86.0345,86.0394,85.9799,0.0547,0.0596,0.0049
4226,999.9,230.6,86.0381,86.0430,85.9799,0.0582,0.0631,0.0049
4227,1000.2,207.8,86.0416,86.0465,85.9830,0.0586,0.0636,0.0049
4228,999.4,207.8,86.0452,86.0501,85.9862,0.0589,0.0638,0.0049
4229,1000.4,229.5,86.0487,86.0536,85.9896,0.0592,0.0641,0.0049
4230,1000.1,208.0,86.0523,86.0572,85.9934,0.0589,0.0638,0.0049
4231,1000.1,231.3,86.0558,86.0608,85.9971,0.0587,0.0636,0.0049
4232,1001.1,221.9,86.0594,86.0644,86.0008,0.0586,0.0635,0.0049
4233,1000.6,213.5,86.0630,86.0679,86.0044,0.0586,0.0635,0.0049
4234,1001.1,259.2,86.0666,86.0715,86.0081,0.0585,0.0634,0.0049
4235,997.5,205.0,86.0702,86.0751,86.0115,0.0587,0.0637,0.0049
4236,999.9,212.4,86.0738,86.0787,86.0150,0.0588,0.0637,0.0049
4237,1002.7,233.4,86.0774,86.0823,86.0186,0.0588,0.0637,0.0049
4238,997.2,210.2,86.0810,86.0860,86.0227,0.0583,0.0632,0.0050
4239,1000.6,231.1,86.0846,86.0896,86.0267,0.0579,0.0629,0.0050
4240,1002.4,239.1,86.0882,86.0932,86.0306,0.0576,0.0626,0.0050
4241,997.1,217.6,86.0919,86.0968,86.0345,0.0574,0.0623,0.0050
4242,999.7,210.3,86.0955,86.1005,86.0387,0.0568,0.0618,0.0050
4243,1000.1,220.7,86.0992,86.1041,86.0425,0.0566,0.0616,0.0050
4244,1000.4,273.5,86.1028,86.1078,86.0464,0.0564,0.0614,0.0050
4245,999.2,265.2,86.1065,86.1114,86.0503,0.0561,0.0611,0.0050
4246,1000.2,255.3,86.1101,86.1151,86.0546,0.0555,0.0605,0.0050
4247,1000.2,220.5,86.1138,86.1188,86.0585,0.0553,0.0603,0.0050
4248,999.3,227.3,86.1175,86.1225,86.0624,0.0551,0.0601,0.0050
4249,1000.7,243.3,86.1212,86.1262,86.0662,0.0550,0.0600,0.0050
4250,1000.0,213.3,86.1249,86.1298,86.0704,0.0545,0.0595,0.0050
4251,999.9,231.5,86.1286,86.1335,86.0743,0.0542,0.0592,0.0050
4252,1000.0,223.1,86.1323,86.1373,86.0782,0.0541,0.0591,0.0050
4253,999.8,211.7,86.1360,86.1410,86.0818,0.0542,0.0592,0.0050
4254,1000.1,224.2,86.1397,86.1447,86.0855,0.0541,0.0591,0.0050
4255,1000.0,218.7,86.1434,86.1484,86.0890,0.0544,0.0594,0.0050
4256,1002.2,219.2,86.1471,86.1521,86.0925,0.0547,0.0597,0.0050
4257,999.9,233.5,86.1509,86.1559,86.0959,0.0550,0.0600,0.0050
4258,1004.8,259.7,86.1546,86.1596,86.0993,0.0553,0.0603,0.0050
4259,994.5,233.2,86.1584,86.1634,86.1025,0.0559,0.0609,0.0050
4260,999.1,222.9,86.1621,86.1671,86.1058,0.0563,0.0613,0.0050
4261,1008.0,252.8,86.1659,86.1709,86.1093,0.0566,0.0616,0.0050
4262,993.3,229.6,86.1696,86.1747,86.1133,0.0563,0.0614,0.0050
4263,1000.5,257.3,86.1734,86.1784,86.1169,0.0565,0.0615,0.0050
4264,1001.7,259.4,86.1772,86.1822,86.1205,0.0566,0.0617,0.0050
4265,996.3,256.9,86.1810,86.1860,86.1240,0.0569,0.0620,0.0050
4266,999.9,238.8,86.1848,86.1898,86.1275,0.0572,0.0623,0.0050
4267,999.9,213.7,86.1886,86.1936,86.1313,0.0573,0.0623,0.0050
4268,999.9,219.2,86.1924,86.1974,86.1349,0.0575,0.0625,0.0050
4269,1000.0,272.0,86.1962,86.2012,86.1385,0.0577,0.0628,0.0050
4270,1000.0,276.2,86.2000,86.2050,86.1423,0.0577,0.0628,0.0051
4271,1000.1,241.6,86.2038,86.2089,86.1460,0.0578,0.0629,0.0051
4272,1001.8,223.3,86.2076,86.2127,86.1498,0.0578,0.0629,0.0051
4273,998.5,203.3,86.2115,86.2165,86.1537,0.0578,0.0629,0.0051
4274,999.7,230.5,86.2153,86.2204,86.1580,0.0573,0.0623,0.0051
4275,999.8,216.9,86.2192,86.2242,86.1621,0.0570,0.0621,0.0051
4276,1000.2,206.7,86.2230,86.2281,86.1662,0.0569,0.0619,0.0051
4277,1000.1,233.7,86.2269,86.2320,86.1702,0.0566,0.0617,0.0051
4278,999.8,215.8,86.2308,86.2358,86.1746,0.0562,0.0613,0.0051
4279,1004.0,235.6,86.2346,86.2397,86.1785,0.0561,0.0612,0.0051
4280,1000.0,220.6,86.2385,86.2436,86.1824,0.0561,0.0612,0.0051
4281,999.0,233.2,86.2424,86.2475,86.1861,0.0563,0.0614,0.0051
4282,1001.5,219.4,86.2463,86.2514,86.1899,0.0564,0.0614,0.0051
4283,997.5,212.9,86.2502,86.2553,86.1935,0.0566,0.0617,0.0051
4284,999.7,224.4,86.2541,86.2592,86.1972,0.0569,0.0620,0.0051
4285,1000.6,216.6,86.2580,86.2631,86.2009,0.0570,0.0621,0.0051
4286,999.0,239.3,86.2619,86.2670,86.2050,0.0569,0.0620,0.0051
4287,1000.8,222.1,86.2658,86.2709,86.2088,0.0570,0.0621,0.0051
4288,1000.0,216.0,86.2698,86.2749,86.2124,0.0574,0.0625,0.0051
4289,998.1,222.9,86.2737,86.2788,86.2157,0.0580,0.0631,0.0051
4290,1000.0,194.7,86.2776,86.2827,86.2191,0.0585,0.0637,0.0051
4291,999.9,217.3,86.2816,86.2867,86.2222,0.0594,0.0645,0.0051
4292,1000.1,225.2,86.2855,86.2907,86.2253,0.0603,0.0654,0.0051
4293,1000.5,203.9,86.2895,86.2946,86.2284,0.0611,0.0663,0.0051
4294,1002.6,268.2,86.2935,86.2986,86.2317,0.0617,0.0668,0.0051
4295,1013.0,264.1,86.2974,86.3026,86.2349,0.0625,0.0677,0.0051
4296,985.0,270.3,86.3014,86.3065,86.2382,0.0632,0.0684,0.0051
4297,1001.3,224.6,86.3054,86.3105,86.2415,0.0639,0.0690,0.0051
4298,997.7,220.4,86.3094,86.3145,86.2451,0.0643,0.0694,0.0051
4299,999.9,216.2,86.3134,86.3185,86.2486,0.0648,0.0699,0.0051
4300,1000.0,217.0,86.3174,86.3225,86.2521,0.0653,0.0704,0.0051
4301,999.9,236.5,86.3214,86.3265,86.2558,0.0656,0.0708,0.0051
4302,1000.0,204.8,86.3254,86.3306,86.2598,0.0656,0.0707,0.0052
4303,1000.2,212.3,86.3294,86.3346,86.2635,0.0659,0.0711,0.0052
4304,1003.5,236.8,86.3334,86.3386,86.2672,0.0663,0.0714,0.0052
4305,997.5,214.7,86.3375,86.3426,86.2709,0.0666,0.0718,0.0052
4306,1000.7,227.3,86.3415,86.3467,86.2749,0.0666,0.0718,0.0052
4307,1001.6,257.0,86.3456,86.3507,86.2786,0.0670,0.0722,0.0052
4308,998.0,190.8,86.3496,86.3548,86.2822,0.0674,0.0726,0.0052
4309,999.3,243.1,86.3537,86.3588,86.2860,0.0676,0.0728,0.0052
4310,1001.4,220.7,86.3577,86.3629,86.2902,0.0675,0.0727,0.0052
4311,999.7,236.7,86.3618,86.3670,86.2942,0.0676,0.0728,0.0052
4312,1003.4,229.1,86.3659,86.3711,86.2982,0.0676,0.0728,0.0052
4313,995.3,217.3,86.3700,86.3751,86.3022,0.0678,0.0730,0.0052
4314,999.9,219.9,86.3740,86.3792,86.3062,0.0678,0.0730,0.0052
4315,999.5,230.4,86.3781,86.3833,86.3099,0.0682,0.0734,0.0052
4316,1000.3,233.2,86.3822,86.3874,86.3135,0.0687,0.0739,0.0052
4317,999.7,226.8,86.3863,86.3915,86.3173,0.0691,0.0743,0.0052
4318,1000.2,222.3,86.3904,86.3956,86.3215,0.0689,0.0741,0.0052
4319,999.8,267.7,86.3946,86.3998,86.3256,0.0689,0.0741,0.0052
4320,1000.1,255.5,86.3987,86.4039,86.3298,0.0689,0.0741,0.0052
4321,999.9,274.3,86.4028,86.4080,86.3339,0.0689,0.0741,0.0052
4322,1000.2,231.3,86.4070,86.4122,86.3382,0.0687,0.0739,0.0052
4323,1000.0,218.7,86.4111,86.4163,86.3422,0.0689,0.0741,0.0052
4324,1000.0,225.4,86.4152,86.4205,86.3462,0.0690,0.0743,0.0052
4325,999.5,206.7,86.4194,86.4246,86.3502,0.0692,0.0744,0.0052
4326,1000.3,233.0,86.4235,86.4288,86.3542,0.0693,0.0746,0.0052
4327,1000.1,236.1,86.4277,86.4329,86.3579,0.0698,0.0750,0.0052
4328,1000.2,208.9,86.4319,86.4371,86.3617,0.0702,0.0754,0.0052
4329,1001.9,228.1,86.4361,86.4413,86.3657,0.0703,0.0756,0.0052
4330,999.4,223.5,86.4402,86.4455,86.3702,0.0701,0.0753,0.0052
4331,1000.6,220.3,86.4444,86.4497,86.3744,0.0701,0.0753,0.0052
4332,998.3,222.7,86.4486,86.4539,86.3787,0.0699,0.0752,0.0052
4333,999.6,215.2,86.4528,86.4581,86.3831,0.0697,0.0750,0.0052
4334,1002.1,223.7,86.4570,86.4623,86.3878,0.0692,0.0745,0.0052
4335,998.9,223.6,86.4612,86.4665,86.3920,0.0692,0.0744,0.0052
4336,1001.1,245.0,86.4655,86.4707,86.3962,0.0692,0.0745,0.0053
4337,999.7,211.8,86.4697,86.4749,86.4005,0.0691,0.0744,0.0053
4338,999.3,210.8,86.4739,86.4792,86.4052,0.0687,0.0739,0.0053
4339,998.9,266.5,86.4781,86.4834,86.4098,0.0683,0.0736,0.0053
4340,999.9,239.9,86.4824,86.4876,86.4146,0.0678,0.0731,0.0053
4341,999.9,256.8,86.4866,86.4919,86.4193,0.0673,0.0725,0.0053
4342,999.9,249.3,86.4909,86.4961,86.4246,0.0662,0.0715,0.0053
4343,999.9,217.2,86.4951,86.5004,86.4296,0.0655,0.0708,0.0053
4344,1002.4,272.1,86.4994,86.5047,86.4345,0.0649,0.0702,0.0053
4345,997.4,253.8,86.5037,86.5089,86.4392,0.0645,0.0698,0.0053
4346,1000.4,254.1,86.5079,86.5132,86.4441,0.0638,0.0691,0.0053
4347,1000.0,237.7,86.5122,86.5175,86.4489,0.0633,0.0686,0.0053
4348,1000.2,273.5,86.5165,86.5218,86.4539,0.0626,0.0679,0.0053
4349,999.6,239.1,86.5208,86.5261,86.4590,0.0618,0.0671,0.0053
4350,1000.1,240.3,86.5251,86.5304,86.4644,0.0607,0.0660,0.0053
4351,1000.5,253.9,86.5294,86.5347,86.4694,0.0600,0.0653,0.0053
4352,1002.2,234.9,86.5337,86.5390,86.4743,0.0594,0.0647,0.0053
4353,998.8,219.6,86.5380,86.5433,86.4790,0.0591,0.0644,0.0053
4354,1001.4,237.9,86.5424,86.5477,86.4838,0.0585,0.0638,0.0053
4355,997.4,235.8,86.5467,86.5520,86.4880,0.0587,0.0640,0.0053
4356,1000.0,241.6,86.5510,86.5563,86.4919,0.0591,0.0644,0.0053
4357,1003.3,216.1,86.5554,86.5607,86.4959,0.0594,0.0647,0.0053
4358,998.2,221.5,86.5597,86.5650,86.5005,0.0592,0.0646,0.0053
4359,1000.6,242.7,86.5640,86.5694,86.5048,0.0592,0.0646,0.0053
4360,998.1,207.2,86.5684,86.5737,86.5091,0.0593,0.0646,0.0053
4361,999.8,224.9,86.5728,86.5781,86.5134,0.0594,0.0647,0.0053
4362,999.9,221.8,86.5771,86.5825,86.5178,0.0593,0.0647,0.0053
4363,999.9,197.4,86.5815,86.5868,86.5218,0.0597,0.0650,0.0053
4364,999.9,231.8,86.5859,86.5912,86.5257,0.0601,0.0655,0.0053
4365,999.8,222.4,86.5903,86.5956,86.5296,0.0607,0.0660,0.0053
4366,1000.2,227.5,86.5947,86.6000,86.5335,0.0612,0.0665,0.0053
4367,999.9,228.5,86.5990,86.6044,86.5378,0.0613,0.0666,0.0053
4368,1000.2,217.7,86.6034,86.6088,86.5419,0.0615,0.0669,0.0053
4369,1000.4,245.7,86.6079,86.6132,86.5461,0.0617,0.0671,0.0053
4370,999.6,260.4,86.6123,86.6176,86.5507,0.0616,0.0670,0.0053
4371,1000.1,253.8,86.6167,86.6220,86.5548,0.0619,0.0672,0.0054
4372,1000.0,224.3,86.6211,86.6265,86.5588,0.0623,0.0676,0.0054
4373,999.9,229.7,86.6255,86.6309,86.5628,0.0627,0.0681,0.0054
4374,1002.6,241.3,86.6300,86.6353,86.5671,0.0629,0.0682,0.0054
4375,997.9,225.1,86.6344,86.6398,86.5716,0.0628,0.0682,0.0054
4376,1001.0,256.1,86.6389,86.6442,86.5755,0.0634,0.0687,0.0054
4377,1000.2,222.3,86.6433,86.6487,86.5795,0.0638,0.0692,0.0054
4378,998.4,221.2,86.6478,86.6531,86.5838,0.0640,0.0694,0.0054
4379,999.9,241.8,86.6522,86.6576,86.5878,0.0645,0.0698,0.0054
4380,1001.6,214.5,86.6567,86.6621,86.5917,0.0650,0.0703,0.0054
4381,999.7,224.4,86.6612,86.6665,86.5958,0.0654,0.0708,0.0054
4382,1003.3,231.1,86.6656,86.6710,86.6000,0.0657,0.0711,0.0054
4383,995.6,210.4,86.6701,86.6755,86.6036,0.0665,0.0719,0.0054
4384,1002.0,230.6,86.6746,86.6800,86.6072,0.0675,0.0728,0.0054
4385,998.1,223.2,86.6791,86.6845,86.6108,0.0683,0.0737,0.0054
4386,999.5,218.9,86.6836,86.6890,86.6147,0.0689,0.0743,0.0054
4387,1000.7,248.7,86.6881,86.6935,86.6183,0.0698,0.0752,0.0054
4388,999.4,226.1,86.6926,86.6980,86.6219,0.0707,0.0761,0.0054
4389,999.8,226.5,86.6972,86.7026,86.6257,0.0715,0.0769,0.0054
4390,1000.0,219.3,86.7017,86.7071,86.6295,0.0722,0.0776,0.0054
4391,1000.7,236.4,86.7062,86.7116,86.6337,0.0725,0.0780,0.0054
4392,999.5,216.3,86.7107,86.7162,86.6376,0.0731,0.0785,0.0054
4393,1000.5,223.1,86.7153,86.7207,86.6418,0.0734,0.0789,0.0054
4394,999.6,268.2,86.7198,86.7252,86.6461,0.0737,0.0791,0.0054
4395,999.8,276.9,86.7244,86.7298,86.6507,0.0737,0.0791,0.0054
4396,1001.3,245.2,86.7289,86.7344,86.6548,0.0742,0.0796,0.0054
4397,1001.0,235.9,86.7335,86.7389,86.6588,0.0746,0.0801,0.0054
4398,999.8,206.5,86.7381,86.7435,86.6631,0.0750,0.0804,0.0054
4399,998.1,240.3,86.7426,86.7481,86.6631,0.0795,0.0850,0.0054
4400,1000.0,230.5,86.7472,86.7526,86.6679,0.0793,0.0847,0.0054
4401,1000.3,225.9,86.7518,86.7572,86.6726,0.0792,0.0847,0.0054
4402,1001.0,233.1,86.7564,86.7618,86.6774,0.0790,0.0844,0.0054
4403,1000.0,228.8,86.7610,86.7664,86.6824,0.0786,0.0840,0.0054
4404,1000.7,263.3,86.7656,86.7710,86.6879,0.0777,0.0831,0.0054
4405,997.8,243.6,86.7702,86.7756,86.6930,0.0772,0.0826,0.0054
4406,1000.0,248.6,86.7748,86.7802,86.6981,0.0767,0.0821,0.0054
4407,1000.5,225.5,86.7794,86.7849,86.7030,0.0764,0.0818,0.0055
4408,999.5,238.5,86.7840,86.7895,86.7083,0.0757,0.0812,0.0055
4409,1000.4,236.2,86.7886,86.7941,86.7131,0.0756,0.0810,0.0055
4410,999.5,222.8,86.7933,86.7987,86.7180,0.0753,0.0808,0.0055
4411,1000.8,233.1,86.7979,86.8034,86.7230,0.0749,0.0804,0.0055
4412,999.2,213.8,86.8026,86.8080,86.7285,0.0741,0.0795,0.0055
4413,1000.7,222.3,86.8072,86.8127,86.7336,0.0736,0.0790,0.0055
4414,999.4,246.1,86.8119,86.8173,86.7386,0.0732,0.0787,0.0055
4415,1000.2,273.9,86.8165,86.8220,86.7434,0.0731,0.0786,0.0055
4416,999.6,234.3,86.8212,86.8267,86.7485,0.0727,0.0782,0.0055
4417,1000.1,252.1,86.8258,86.8313,86.7531,0.0727,0.0782,0.0055
4418,1002.0,231.3,86.8305,86.8360,86.7579,0.0726,0.0781,0.0055
4419,999.2,272.6,86.8352,86.8407,86.7627,0.0725,0.0780,0.0055
4420,1000.4,266.0,86.8399,86.8454,86.7680,0.0719,0.0774,0.0055
4421,1000.4,274.3,86.8446,86.8501,86.7730,0.0715,0.0770,0.0055
4422,998.5,234.3,86.8493,86.8548,86.7780,0.0713,0.0768,0.0055
4423,999.6,235.4,86.8540,86.8595,86.7830,0.0710,0.0765,0.0055
4424,1001.4,235.2,86.8587,86.8642,86.7882,0.0705,0.0760,0.0055
4425,999.1,224.9,86.8634,86.8689,86.7929,0.0705,0.0760,0.0055
4426,1001.8,245.2,86.8681,86.8736,86.7975,0.0706,0.0761,0.0055
4427,998.0,220.8,86.8728,86.8783,86.8022,0.0706,0.0761,0.0055
4428,1000.6,235.0,86.8775,86.8831,86.8073,0.0702,0.0757,0.0055
4429,998.9,245.4,86.8823,86.8878,86.8121,0.0702,0.0757,0.0055
4430,1000.7,217.2,86.8870,86.8925,86.8167,0.0703,0.0758,0.0055
4431,999.9,236.6,86.8918,86.8973,86.8213,0.0705,0.0760,0.0055
4432,1000.5,223.8,86.8965,86.9020,86.8261,0.0704,0.0759,0.0055
4433,999.5,221.7,86.9013,86.9068,86.8305,0.0708,0.0763,0.0055
4434,999.5,227.7,86.9060,86.9115,86.8347,0.0713,0.0768,0.0055
4435,1000.1,225.2,86.9108,86.9163,86.8390,0.0717,0.0773,0.0055
4436,999.8,232.8,86.9155,86.9211,86.8437,0.0719,0.0774,0.0055
4437,1000.5,235.3,86.9203,86.9258,86.8479,0.0724,0.0779,0.0055
4438,1000.9,230.1,86.9251,86.9306,86.8522,0.0729,0.0785,0.0055
4439,998.9,231.9,86.9299,86.9354,86.8565,0.0733,0.0789,0.0055
4440,1000.0,222.7,86.9347,86.9402,86.8612,0.0734,0.0790,0.0055
4441,1001.8,222.2,86.9395,86.9450,86.8655,0.0739,0.0795,0.0055
4442,999.4,228.3,86.9443,86.9498,86.8697,0.0746,0.0801,0.0055
4443,1000.8,222.3,86.9491,86.9546,86.8737,0.0754,0.0809,0.0055
4444,999.1,258.9,86.9539,86.9594,86.8780,0.0759,0.0815,0.0055
4445,999.4,231.9,86.9587,86.9642,86.8819,0.0768,0.0823,0.0056
4446,1002.6,279.5,86.9635,86.9691,86.8860,0.0775,0.0831,0.0056
4447,999.6,243.3,86.9683,86.9739,86.8902,0.0782,0.0837,0.0056
4448,1001.3,231.5,86.9732,86.9787,86.8948,0.0784,0.0839,0.0056
4449,997.7,233.5,86.9780,86.9835,86.8992,0.0788,0.0843,0.0056
4450,998.3,215.2,86.9828,86.9884,86.9037,0.0791,0.0847,0.0056
4451,1000.4,239.8,86.9877,86.9932,86.9086,0.0791,0.0846,0.0056
4452,999.4,231.5,86.9925,86.9981,86.9131,0.0794,0.0850,0.0056
4453,1000.5,209.5,86.9974,87.0029,86.9175,0.0798,0.0854,0.0056
4454,999.4,259.4,87.0022,87.0078,86.9221,0.0801,0.0857,0.0056
4455,1000.1,224.5,87.0071,87.0127,86.9271,0.0800,0.0855,0.0056
4456,1003.4,219.2,87.0120,87.0175,86.9318,0.0802,0.0858,0.0056
4457,997.2,249.2,87.0168,87.0224,86.9367,0.0802,0.0858,0.0056
4458,999.2,227.4,87.0217,87.0273,86.9418,0.0799,0.0855,0.0056
4459,1000.4,225.1,87.0266,87.0322,86.9474,0.0792,0.0847,0.0056
4460,999.5,246.7,87.0315,87.0371,86.9527,0.0788,0.0843,0.0056
4461,1000.7,245.5,87.0364,87.0420,86.9580,0.0784,0.0839,0.0056
4462,999.4,208.5,87.0413,87.0469,86.9633,0.0780,0.0836,0.0056
4463,1001.4,227.9,87.0462,87.0518,86.9689,0.0773,0.0829,0.0056
4464,1000.3,245.7,87.0511,87.0567,86.9743,0.0768,0.0824,0.0056
4465,999.0,236.0,87.0560,87.0616,86.9798,0.0762,0.0818,0.0056
4466,1000.8,241.6,87.0609,87.0665,86.9855,0.0754,0.0810,0.0056
4467,998.7,219.4,87.0658,87.0715,86.9916,0.0742,0.0799,0.0056
4468,1003.8,230.7,87.0708,87.0764,86.9973,0.0735,0.0791,0.0056
4469,999.7,265.3,87.0757,87.0813,87.0027,0.0730,0.0786,0.0056
4470,997.6,287.7,87.0806,87.0863,87.0080,0.0726,0.0782,0.0056
4471,999.3,245.0,87.0856,87.0912,87.0135,0.0721,0.0777,0.0056
4472,999.7,243.8,87.0905,87.0962,87.0185,0.0721,0.0777,0.0056
4473,999.7,216.4,87.0955,87.1011,87.0236,0.0719,0.0775,0.0056
4474,1000.2,207.2,87.1004,87.1061,87.0288,0.0717,0.0773,0.0056
4475,999.6,227.8,87.1054,87.1110,87.0346,0.0708,0.0764,0.0056
4476,1000.3,227.4,87.1104,87.1160,87.0402,0.0702,0.0758,0.0056
4477,1000.2,205.8,87.1153,87.1210,87.0457,0.0697,0.0753,0.0056
4478,1000.0,224.4,87.1203,87.1260,87.0510,0.0693,0.0749,0.0056
4479,999.6,221.3,87.1253,87.1309,87.0568,0.0685,0.0741,0.0056
4480,1000.2,232.7,87.1303,87.1359,87.0623,0.0680,0.0736,0.0056
4481,1000.1,243.0,87.1353,87.1409,87.0678,0.0675,0.0731,0.0056
4482,999.9,216.4,87.1403,87.1459,87.0732,0.0670,0.0727,0.0056
4483,1000.0,225.1,87.1453,87.1509,87.0787,0.0666,0.0722,0.0056
4484,1000.2,241.3,87.1503,87.1559,87.0846,0.0656,0.0713,0.0056
4485,1003.1,225.6,87.1553,87.1609,87.0900,0.0653,0.0709,0.0056
4486,998.3,242.9,87.1603,87.1660,87.0952,0.0651,0.0707,0.0057
4487,999.6,232.5,87.1653,87.1710,87.1003,0.0650,0.0707,0.0057
4488,999.7,241.0,87.1704,87.1760,87.1057,0.0646,0.0703,0.0057
4489,1000.4,238.2,87.1754,87.1810,87.1107,0.0647,0.0703,0.0057
4490,999.6,230.0,87.1804,87.1861,87.1155,0.0649,0.0705,0.0057
4491,1000.3,231.5,87.1855,87.1911,87.1203,0.0652,0.0708,0.0057
4492,1000.2,253.4,87.1905,87.1962,87.1254,0.0651,0.0708,0.0057
4493,999.7,251.9,87.1956,87.2012,87.1300,0.0655,0.0712,0.0057
4494,1000.2,259.5,87.2006,87.2063,87.1344,0.0662,0.0719,0.0057
4495,998.7,279.0,87.2057,87.2113,87.1385,0.0672,0.0728,0.0057
4496,1003.4,309.7,87.2107,87.2164,87.1427,0.0680,0.0737,0.0057
4497,998.8,252.5,87.2158,87.2215,87.1466,0.0692,0.0749,0.0057
4498,999.8,257.2,87.2209,87.2265,87.1505,0.0703,0.0760,0.0057
4499,1000.0,291.0,87.2259,87.2316,87.1545,0.0714,0.0771,0.0057
4500,998.3,253.3,87.2310,87.2367,87.1589,0.0721,0.0778,0.0057
4501,999.7,247.2,87.2361,87.2418,87.1631,0.0730,0.0787,0.0057
4502,1001.0,233.8,87.2412,87.2469,87.1673,0.0739,0.0796,0.0057
4503,999.1,226.7,87.2463,87.2520,87.1715,0.0748,0.0805,0.0057
4504,1000.0,241.4,87.2514,87.2571,87.1759,0.0754,0.0811,0.0057
4505,999.8,218.3,87.2565,87.2622,87.1801,0.0764,0.0821,0.0057
4506,1000.2,215.6,87.2616,87.2673,87.1842,0.0774,0.0831,0.0057
4507,1000.7,236.2,87.2667,87.2724,87.1884,0.0783,0.0840,0.0057
4508,1002.9,212.6,87.2718,87.2775,87.1929,0.0789,0.0846,0.0057
4509,998.1,239.9,87.2770,87.2827,87.1974,0.0796,0.0853,0.0057
4510,1000.0,232.8,87.2821,87.2878,87.2020,0.0801,0.0858,0.0057
4511,999.6,226.7,87.2872,87.2929,87.2068,0.0804,0.0861,0.0057
4512,998.9,240.4,87.2923,87.2981,87.2120,0.0804,0.0861,0.0057
4513,1002.3,246.9,87.2975,87.3032,87.2168,0.0807,0.0864,0.0057
4514,999.6,237.3,87.3026,87.3084,87.2215,0.0812,0.0869,0.0057
4515,999.3,233.5,87.3078,87.3135,87.2261,0.0816,0.0874,0.0057
4516,998.8,252.7,87.3129,87.3187,87.2312,0.0817,0.0874,0.0057
4517,1000.0,232.7,87.3181,87.3238,87.2359,0.0822,0.0879,0.0057
4518,999.7,229.2,87.3233,87.3290,87.2408,0.0825,0.0882,0.0057
4519,999.9,257.9,87.3284,87.3342,87.2458,0.0826,0.0883,0.0057
4520,1000.1,250.4,87.3336,87.3393,87.2514,0.0822,0.0880,0.0057
4521,1000.0,231.1,87.3388,87.3445,87.2565,0.0823,0.0880,0.0057
4522,1000.0,237.1,87.3440,87.3497,87.2617,0.0822,0.0880,0.0057
4523,1000.1,227.3,87.3491,87.3549,87.2667,0.0824,0.0881,0.0057
4524,1000.0,237.1,87.3543,87.3601,87.2720,0.0823,0.0880,0.0057
4525,999.7,228.2,87.3595,87.3653,87.2769,0.0826,0.0884,0.0057
4526,1000.4,233.3,87.3647,87.3705,87.2817,0.0830,0.0887,0.0057
4527,999.9,236.5,87.3699,87.3757,87.2868,0.0832,0.0889,0.0057
4528,1002.3,219.9,87.3751,87.3809,87.2923,0.0828,0.0886,0.0057
4529,1000.4,252.2,87.3804,87.3861,87.2977,0.0827,0.0884,0.0057
4530,999.5,251.0,87.3856,87.3913,87.3030,0.0825,0.0883,0.0058
4531,999.0,215.1,87.3908,87.3965,87.3083,0.0825,0.0883,0.0058
4532,1001.7,242.2,87.3960,87.4018,87.3139,0.0821,0.0878,0.0058
4533,997.4,227.4,87.4012,87.4070,87.3192,0.0821,0.0878,0.0058
4534,1000.5,210.7,87.4065,87.4122,87.3245,0.0820,0.0878,0.0058
4535,1004.4,228.0,87.4117,87.4175,87.3298,0.0819,0.0877,0.0058
4536,996.0,247.4,87.4170,87.4227,87.3357,0.0813,0.0870,0.0058
4537,999.4,231.1,87.4222,87.4280,87.3414,0.0808,0.0866,0.0058
4538,1001.0,237.5,87.4275,87.4332,87.3469,0.0805,0.0863,0.0058
4539,998.4,239.8,87.4327,87.4385,87.3525,0.0802,0.0859,0.0058
4540,1000.0,220.8,87.4380,87.4437,87.3584,0.0796,0.0854,0.0058
4541,1000.0,239.5,87.4432,87.4490,87.3638,0.0794,0.0852,0.0058
4542,1000.1,230.8,87.4485,87.4543,87.3692,0.0793,0.0851,0.0058
4543,1000.0,212.9,87.4538,87.4596,87.3747,0.0791,0.0849,0.0058
4544,1003.6,267.1,87.4591,87.4648,87.3808,0.0783,0.0841,0.0058
4545,997.0,239.5,87.4643,87.4701,87.3864,0.0779,0.0837,0.0058
4546,999.5,229.4,87.4696,87.4754,87.3919,0.0777,0.0835,0.0058
4547,999.7,211.2,87.4749,87.4807,87.3972,0.0777,0.0835,0.0058
4548,1000.0,241.5,87.4802,87.4860,87.4033,0.0769,0.0827,0.0058
4549,999.9,210.6,87.4855,87.4913,87.4075,0.0780,0.0838,0.0058
4550,1000.3,234.3,87.4908,87.4966,87.4130,0.0778,0.0836,0.0058
4551,1000.6,254.8,87.4961,87.5019,87.4179,0.0782,0.0840,0.0058
4552,1000.4,205.7,87.5014,87.5072,87.4233,0.0781,0.0839,0.0058
4553,1000.1,227.7,87.5067,87.5125,87.4283,0.0784,0.0842,0.0058
4554,1000.0,242.4,87.5121,87.5179,87.4333,0.0788,0.0846,0.0058
4555,999.2,200.2,87.5174,87.5232,87.4385,0.0788,0.0846,0.0058
4556,1000.0,243.8,87.5227,87.5285,87.4435,0.0792,0.0850,0.0058
4557,1002.9,252.6,87.5280,87.5339,87.4482,0.0799,0.0857,0.0058
4558,997.9,234.3,87.5334,87.5392,87.4530,0.0804,0.0862,0.0058
4559,999.5,220.4,87.5387,87.5445,87.4583,0.0804,0.0863,0.0058
4560,1000.7,219.3,87.5441,87.5499,87.4633,0.0807,0.0865,0.0058
4561,998.7,214.9,87.5494,87.5552,87.4686,0.0808,0.0867,0.0058
4562,999.9,224.9,87.5548,87.5606,87.4739,0.0809,0.0867,0.0058
4563,1000.0,219.5,87.5601,87.5660,87.4790,0.0811,0.0869,0.0058
4564,1000.0,219.3,87.5655,87.5713,87.4790,0.0864,0.0923,0.0058
4565,999.7,236.9,87.5709,87.5767,87.4847,0.0861,0.0920,0.0058
4566,1000.3,235.3,87.5762,87.5821,87.4900,0.0862,0.0920,0.0058
4567,1000.1,212.0,87.5816,87.5874,87.4957,0.0859,0.0918,0.0058
4568,1003.4,256.6,87.5870,87.5928,87.5011,0.0859,0.0917,0.0058
4569,996.8,239.8,87.5924,87.5982,87.5066,0.0858,0.0916,0.0058
4570,999.9,260.2,87.5977,87.6036,87.5122,0.0856,0.0914,0.0058
4571,999.8,288.5,87.6031,87.6090,87.5183,0.0848,0.0906,0.0058
4572,1000.0,221.2,87.6085,87.6144,87.5241,0.0845,0.0903,0.0058
4573,1000.5,226.4,87.6139,87.6198,87.5296,0.0843,0.0901,0.0058
4574,1002.9,250.6,87.6193,87.6252,87.5349,0.0844,0.0903,0.0058
4575,996.8,230.2,87.6247,87.6306,87.5405,0.0842,0.0901,0.0058
4576,1000.4,219.7,87.6301,87.6360,87.5457,0.0844,0.0903,0.0058
4577,1001.0,246.6,87.6356,87.6414,87.5510,0.0846,0.0904,0.0059
4578,998.9,201.9,87.6410,87.6468,87.5564,0.0846,0.0904,0.0059
4579,1000.0,215.8,87.6464,87.6523,87.5624,0.0840,0.0899,0.0059
4580,1003.1,241.5,87.6518,87.6577,87.5681,0.0837,0.0896,0.0059
4581,998.0,238.5,87.6573,87.6631,87.5738,0.0834,0.0893,0.0059
4582,999.1,213.5,87.6627,87.6686,87.5797,0.0830,0.0889,0.0059
4583,1000.7,235.0,87.6681,87.6740,87.5859,0.0822,0.0881,0.0059
4584,999.1,209.8,87.6736,87.6794,87.5918,0.0818,0.0877,0.0059
4585,999.4,205.3,87.6790,87.6849,87.5975,0.0815,0.0873,0.0059
4586,1000.2,203.3,87.6845,87.6903,87.6034,0.0810,0.0869,0.0059
4587,1000.1,206.7,87.6899,87.6958,87.6099,0.0801,0.0859,0.0059
4588,1000.0,231.4,87.6954,87.7013,87.6158,0.0796,0.0855,0.0059
4589,999.7,203.9,87.7008,87.7067,87.6216,0.0792,0.0851,0.0059
4590,1000.3,202.1,87.7063,87.7122,87.6273,0.0791,0.0849,0.0059
4591,1000.0,218.3,87.7118,87.7177,87.6333,0.0785,0.0844,0.0059
4592,1003.8,222.7,87.7173,87.7231,87.6389,0.0783,0.0842,0.0059
4593,996.4,193.7,87.7227,87.7286,87.6445,0.0782,0.0841,0.0059
4594,999.8,264.3,87.7282,87.7341,87.6501,0.0781,0.0840,0.0059
4595,999.5,282.6,87.7337,87.7396,87.6560,0.0777,0.0836,0.0059
4596,1002.0,262.2,87.7392,87.7451,87.6613,0.0779,0.0838,0.0059
4597,1000.3,242.7,87.7447,87.7506,87.6665,0.0782,0.0841,0.0059
4598,998.3,211.7,87.7502,87.7561,87.6715,0.0787,0.0846,0.0059
4599,999.8,215.7,87.7557,87.7616,87.6770,0.0787,0.0846,0.0059
4600,1000.8,261.6,87.7612,87.7671,87.6821,0.0790,0.0849,0.0059
4601,1000.7,231.9,87.7667,87.7726,87.6874,0.0793,0.0852,0.0059
4602,999.6,243.2,87.7722,87.7781,87.6928,0.0794,0.0853,0.0059
4603,999.3,211.8,87.7777,87.7836,87.6986,0.0791,0.0850,0.0059
4604,1001.3,233.6,87.7832,87.7891,87.7039,0.0794,0.0853,0.0059
4605,998.0,234.3,87.7888,87.7947,87.7090,0.0797,0.0857,0.0059
4606,1000.3,215.8,87.7943,87.8002,87.7142,0.0801,0.0860,0.0059
4607,999.9,209.2,87.7998,87.8057,87.7196,0.0802,0.0861,0.0059
4608,1002.7,232.4,87.8053,87.8113,87.7248,0.0805,0.0864,0.0059
4609,997.2,204.8,87.8109,87.8168,87.7302,0.0807,0.0866,0.0059
4610,1000.0,206.8,87.8164,87.8223,87.7356,0.0808,0.0867,0.0059
4611,999.9,218.9,87.8220,87.8279,87.7413,0.0806,0.0866,0.0059
4612,1000.1,214.0,87.8275,87.8334,87.7467,0.0808,0.0868,0.0059
4613,1000.0,210.2,87.8331,87.8390,87.7518,0.0812,0.0871,0.0059
4614,1000.1,215.1,87.8386,87.8446,87.7569,0.0817,0.0876,0.0059
4615,999.7,198.1,87.8442,87.8501,87.7623,0.0819,0.0878,0.0059
4616,1000.5,209.1,87.8498,87.8557,87.7674,0.0824,0.0883,0.0059
4617,1000.5,228.1,87.8553,87.8612,87.7726,0.0828,0.0887,0.0059
4618,1004.1,225.1,87.8609,87.8668,87.7779,0.0830,0.0889,0.0059
4619,996.2,268.8,87.8665,87.8724,87.7835,0.0830,0.0889,0.0059
4620,1002.4,328.1,87.8720,87.8780,87.7885,0.0835,0.0894,0.0059
4621,1001.2,283.4,87.8776,87.8836,87.7934,0.0842,0.0902,0.0059
4622,995.6,236.7,87.8832,87.8891,87.7982,0.0850,0.0909,0.0059
4623,999.9,214.7,87.8888,87.8947,87.8033,0.0855,0.0914,0.0059
4624,999.9,208.7,87.8944,87.9003,87.8080,0.0864,0.0923,0.0059
4625,999.6,210.9,87.9000,87.9059,87.8129,0.0871,0.0930,0.0059
4626,1000.5,230.5,87.9056,87.9115,87.8178,0.0878,0.0937,0.0059
4627,999.9,204.2,87.9112,87.9171,87.8233,0.0879,0.0938,0.0059
4628,999.9,242.6,87.9168,87.9227,87.8284,0.0884,0.0943,0.0059
4629,999.9,218.4,87.9224,87.9284,87.8337,0.0888,0.0947,0.0059
4630,1000.1,199.5,87.9280,87.9340,87.8388,0.0892,0.0952,0.0059
4631,1000.0,212.1,87.9336,87.9396,87.8444,0.0892,0.0952,0.0060
4632,1000.1,208.8,87.9393,87.9452,87.8496,0.0896,0.0956,0.0060
4633,999.9,188.2,87.9449,87.9508,87.8551,0.0898,0.0958,0.0060
4634,1000.1,224.8,87.9505,87.9565,87.8605,0.0900,0.0959,0.0060
4635,999.8,212.7,87.9562,87.9621,87.8661,0.0901,0.0960,0.0060
4636,1000.1,208.0,87.9618,87.9677,87.8723,0.0895,0.0954,0.0060
4637,1000.0,214.9,87.9674,87.9734,87.8780,0.0895,0.0954,0.0060
4638,1000.0,234.6,87.9731,87.9790,87.8838,0.0893,0.0953,0.0060
4639,999.6,219.3,87.9787,87.9847,87.8900,0.0887,0.0947,0.0060
4640,1003.7,243.1,87.9844,87.9903,87.8957,0.0886,0.0946,0.0060
4641,1000.0,257.3,87.9900,87.9960,87.9015,0.0885,0.0945,0.0060
4642,999.5,218.7,87.9957,88.0016,87.9074,0.0883,0.0942,0.0060
4643,1000.1,242.4,88.0013,88.0073,87.9138,0.0875,0.0935,0.0060
4644,999.9,312.1,88.0070,88.0130,87.9196,0.0874,0.0934,0.0060
4645,998.5,270.1,88.0127,88.0186,87.9252,0.0875,0.0935,0.0060
4646,999.6,292.1,88.0183,88.0243,87.9306,0.0877,0.0937,0.0060
4647,1000.3,336.2,88.0240,88.0300,87.9365,0.0875,0.0935,0.0060
4648,1003.5,284.0,88.0297,88.0357,87.9420,0.0877,0.0936,0.0060
4649,995.1,269.5,88.0354,88.0413,87.9477,0.0877,0.0937,0.0060
4650,1000.1,273.7,88.0410,88.0470,87.9541,0.0870,0.0930,0.0060
4651,1000.0,226.7,88.0467,88.0527,87.9601,0.0867,0.0927,0.0060
4652,999.7,226.4,88.0524,88.0584,87.9659,0.0865,0.0925,0.0060
4653,1000.1,200.9,88.0581,88.0641,87.9716,0.0865,0.0925,0.0060
4654,999.9,219.6,88.0638,88.0698,87.9774,0.0864,0.0924,0.0060
4655,999.9,225.9,88.0695,88.0755,87.9839,0.0856,0.0916,0.0060
4656,1002.1,226.3,88.0752,88.0812,87.9901,0.0851,0.0911,0.0060
4657,1001.1,225.4,88.0809,88.0869,87.9965,0.0844,0.0904,0.0060
4658,999.9,249.7,88.0866,88.0926,88.0035,0.0831,0.0891,0.0060
4659,1000.1,241.9,88.0924,88.0983,88.0099,0.0825,0.0885,0.0060
4660,1000.1,222.3,88.0981,88.1041,88.0161,0.0820,0.0880,0.0060
4661,1000.4,259.1,88.1038,88.1098,88.0223,0.0815,0.0875,0.0060
4662,999.9,238.3,88.1095,88.1155,88.0288,0.0807,0.0867,0.0060
4663,1000.4,242.9,88.1152,88.1212,88.0350,0.0802,0.0862,0.0060
4664,998.4,231.6,88.1210,88.1270,88.0411,0.0799,0.0859,0.0060
4665,999.6,207.6,88.1267,88.1327,88.0469,0.0798,0.0858,0.0060
4666,1001.4,237.8,88.1324,88.1384,88.0526,0.0798,0.0858,0.0060
4667,999.9,248.5,88.1382,88.1442,88.0585,0.0797,0.0857,0.0060
4668,1000.2,207.2,88.1439,88.1499,88.0638,0.0801,0.0861,0.0060
4669,999.9,261.2,88.1497,88.1557,88.0689,0.0808,0.0868,0.0060
4670,997.7,272.9,88.1554,88.1614,88.0745,0.0809,0.0870,0.0060
4671,1003.0,218.9,88.1612,88.1672,88.0797,0.0815,0.0875,0.0060
4672,999.7,228.1,88.1669,88.1729,88.0852,0.0818,0.0878,0.0060
4673,1000.3,249.0,88.1727,88.1787,88.0905,0.0822,0.0882,0.0060
4674,999.4,222.5,88.1784,88.1845,88.0962,0.0822,0.0882,0.0060
4675,998.9,226.4,88.1842,88.1902,88.1015,0.0827,0.0887,0.0060
4676,1000.9,226.8,88.1900,88.1960,88.1067,0.0832,0.0893,0.0060
4677,1000.3,216.9,88.1957,88.2018,88.1120,0.0838,0.0898,0.0060
4678,999.9,246.9,88.2015,88.2075,88.1179,0.0837,0.0897,0.0060
4679,999.3,210.0,88.2073,88.2133,88.1234,0.0839,0.0899,0.0060
4680,999.8,215.3,88.2131,88.2191,88.1289,0.0842,0.0902,0.0060
4681,998.2,223.1,88.2189,88.2249,88.1346,0.0842,0.0903,0.0060
4682,999.3,205.0,88.2246,88.2307,88.1400,0.0847,0.0907,0.0060
4683,1000.0,208.0,88.2304,88.2365,88.1453,0.0851,0.0911,0.0060
4684,1000.2,223.7,88.2362,88.2423,88.1507,0.0855,0.0915,0.0060
4685,999.7,201.6,88.2420,88.2481,88.1562,0.0859,0.0919,0.0060
4686,1000.3,220.4,88.2478,88.2539,88.1623,0.0855,0.0916,0.0060
4687,999.9,247.8,88.2536,88.2597,88.1679,0.0857,0.0918,0.0060
4688,1000.1,195.2,88.2594,88.2655,88.1734,0.0860,0.0920,0.0060
4689,999.6,225.9,88.2652,88.2713,88.1790,0.0863,0.0923,0.0060
4690,1000.1,220.7,88.2710,88.2771,88.1848,0.0863,0.0923,0.0060
4691,1000.0,203.8,88.2769,88.2829,88.1901,0.0868,0.0928,0.0060
4692,1000.1,218.9,88.2827,88.2887,88.1954,0.0873,0.0933,0.0061
4693,999.9,219.8,88.2885,88.2946,88.2009,0.0876,0.0936,0.0061
4694,1000.1,232.8,88.2943,88.3004,88.2066,0.0877,0.0938,0.0061
4695,999.4,247.7,88.3001,88.3062,88.2127,0.0875,0.0935,0.0061
4696,1000.4,253.6,88.3060,88.3120,88.2184,0.0876,0.0937,0.0061
4697,1001.3,218.9,88.3118,88.3179,88.2240,0.0878,0.0939,0.0061
4698,1002.4,246.1,88.3176,88.3237,88.2296,0.0881,0.0941,0.0061
4699,998.5,217.6,88.3235,88.3295,88.2357,0.0878,0.0938,0.0061
4700,1000.2,217.1,88.3293,88.3354,88.2414,0.0880,0.0940,0.0061
4701,999.3,237.1,88.3352,88.3412,88.2473,0.0879,0.0939,0.0061
4702,998.5,204.3,88.3410,88.3471,88.2535,0.0875,0.0936,0.0061
4703,999.8,205.2,88.3469,88.3529,88.2597,0.0872,0.0932,0.0061
4704,1000.3,223.7,88.3527,88.3588,88.2662,0.0865,0.0926,0.0061
4705,999.4,202.4,88.3586,88.3646,88.2722,0.0864,0.0925,0.0061
4706,1002.7,216.1,88.3644,88.3705,88.2782,0.0863,0.0923,0.0061
4707,998.0,224.0,88.3703,88.3764,88.2857,0.0846,0.0907,0.0061
4708,999.7,203.8,88.3761,88.3822,88.2909,0.0852,0.0913,0.0061
4709,999.6,225.5,88.3820,88.3881,88.2980,0.0840,0.0901,0.0061
4710,1000.4,214.9,88.3879,88.3940,88.3039,0.0839,0.0900,0.0061
4711,1000.0,209.8,88.3938,88.3998,88.3088,0.0850,0.0910,0.0061
4712,1000.0,216.6,88.3996,88.4057,88.3155,0.0841,0.0902,0.0061
4713,1000.0,206.3,88.4055,88.4116,88.3209,0.0846,0.0907,0.0061
4714,1000.0,215.0,88.4114,88.4175,88.3263,0.0851,0.0911,0.0061
4715,999.8,219.1,88.4173,88.4234,88.3318,0.0855,0.0916,0.0061
4716,1000.4,224.2,88.4232,88.4292,88.3377,0.0855,0.0916,0.0061
4717,999.8,209.9,88.4290,88.4351,88.3432,0.0858,0.0919,0.0061
4718,999.9,208.1,88.4349,88.4410,88.3487,0.0863,0.0923,0.0061
4719,999.7,268.2,88.4408,88.4469,88.3540,0.0868,0.0929,0.0061
4720,1000.3,252.5,88.4467,88.4528,88.3598,0.0869,0.0930,0.0061
4721,1000.0,267.9,88.4526,88.4587,88.3652,0.0874,0.0935,0.0061
4722,1000.1,239.9,88.4585,88.4646,88.3707,0.0878,0.0939,0.0061
4723,1000.2,216.0,88.4644,88.4705,88.3766,0.0878,0.0939,0.0061
4724,999.8,253.1,88.4703,88.4764,88.3822,0.0882,0.0943,0.0061
4725,999.4,205.6,88.4763,88.4824,88.3877,0.0886,0.0947,0.0061
4726,1000.5,221.0,88.4822,88.4883,88.3877,0.0945,0.1006,0.0061
4727,1000.0,221.6,88.4881,88.4942,88.3931,0.0950,0.1011,0.0061
4728,999.9,200.0,88.4940,88.5001,88.3989,0.0951,0.1012,0.0061
4729,1000.2,225.3,88.4999,88.5060,88.4044,0.0955,0.1016,0.0061
4730,999.8,216.2,88.5058,88.5120,88.4101,0.0957,0.1018,0.0061
4731,999.9,222.0,88.5118,88.5179,88.4161,0.0957,0.1018,0.0061
4732,1000.6,221.3,88.5177,88.5238,88.4224,0.0953,0.1014,0.0061
4733,999.6,210.3,88.5236,88.5297,88.4281,0.0955,0.1016,0.0061
4734,1000.0,213.2,88.5296,88.5357,88.4337,0.0959,0.1020,0.0061
4735,999.7,229.9,88.5355,88.5416,88.4394,0.0961,0.1022,0.0061
4736,1000.4,236.6,88.5414,88.5476,88.4447,0.0967,0.1028,0.0061
4737,1000.0,209.1,88.5474,88.5535,88.4502,0.0972,0.1033,0.0061
4738,1000.0,211.8,88.5533,88.5594,88.4559,0.0974,0.1035,0.0061
4739,999.7,231.1,88.5593,88.5654,88.4622,0.0971,0.1032,0.0061
4740,1000.3,204.5,88.5652,88.5713,88.4681,0.0971,0.1032,0.0061
4741,999.9,229.9,88.5712,88.5773,88.4739,0.0973,0.1034,0.0061
4742,1000.1,218.3,88.5771,88.5833,88.4798,0.0974,0.1035,0.0061
4743,999.9,192.5,88.5831,88.5892,88.4863,0.0968,0.1030,0.0061
4744,1000.1,280.4,88.5891,88.5952,88.4925,0.0966,0.1027,0.0061
4745,999.5,269.3,88.5950,88.6011,88.4988,0.0962,0.1023,0.0061
4746,1000.3,244.2,88.6010,88.6071,88.5053,0.0956,0.1018,0.0061
4747,1000.0,234.3,88.6069,88.6131,88.5126,0.0944,0.1005,0.0061
4748,1001.2,224.6,88.6129,88.6190,88.5193,0.0936,0.0997,0.0061
4749,999.5,216.0,88.6189,88.6250,88.5259,0.0930,0.0991,0.0061
4750,999.5,214.4,88.6249,88.6310,88.5324,0.0924,0.0986,0.0061
4751,999.8,243.5,88.6308,88.6370,88.5397,0.0911,0.0972,0.0061
4752,1000.0,213.0,88.6368,88.6429,88.5467,0.0902,0.0963,0.0061
4753,1000.0,215.4,88.6428,88.6489,88.5535,0.0893,0.0955,0.0061
4754,1000.0,234.9,88.6488,88.6549,88.5602,0.0886,0.0948,0.0061
4755,999.6,210.2,88.6548,88.6609,88.5673,0.0875,0.0937,0.0061
4756,1000.5,229.9,88.6608,88.6669,88.5739,0.0869,0.0930,0.0061
4757,999.9,211.1,88.6667,88.6729,88.5804,0.0863,0.0924,0.0061
4758,1000.1,215.8,88.6727,88.6789,88.5871,0.0856,0.0918,0.0061
4759,999.5,226.8,88.6787,88.6849,88.5943,0.0844,0.0906,0.0061
4760,1000.4,200.7,88.6847,88.6909,88.6009,0.0839,0.0900,0.0061
4761,1001.5,217.2,88.6907,88.6969,88.6076,0.0831,0.0893,0.0061
4762,998.7,229.3,88.6967,88.7029,88.6142,0.0826,0.0887,0.0061
4763,999.6,203.5,88.7027,88.7089,88.6212,0.0816,0.0877,0.0061
4764,1000.1,222.3,88.7088,88.7149,88.6276,0.0812,0.0873,0.0061
4765,999.9,231.3,88.7148,88.7209,88.6339,0.0809,0.0871,0.0061
4766,1000.4,214.4,88.7208,88.7269,88.6401,0.0807,0.0868,0.0061
4767,999.9,215.2,88.7268,88.7329,88.6466,0.0802,0.0864,0.0061
4768,1000.1,220.3,88.7328,88.7390,88.6523,0.0805,0.0867,0.0062
4769,999.5,286.5,88.7388,88.7450,88.6578,0.0810,0.0871,0.0062
4770,1000.4,266.2,88.7448,88.7510,88.6633,0.0815,0.0877,0.0062
4771,999.9,275.9,88.7509,88.7570,88.6692,0.0816,0.0878,0.0062
4772,1000.0,222.9,88.7569,88.7631,88.6747,0.0822,0.0883,0.0062
4773,999.9,219.9,88.7629,88.7691,88.6800,0.0830,0.0891,0.0062
4774,1000.0,250.8,88.7690,88.7751,88.6850,0.0839,0.0901,0.0062
4775,999.7,214.9,88.7750,88.7811,88.6903,0.0847,0.0909,0.0062
4776,1000.4,230.9,88.7810,88.7872,88.6951,0.0859,0.0921,0.0062
4777,1000.0,225.3,88.7871,88.7932,88.6999,0.0871,0.0933,0.0062
4778,1000.2,195.9,88.7931,88.7993,88.7049,0.0882,0.0943,0.0062
4779,999.5,227.9,88.7991,88.8053,88.7104,0.0887,0.0949,0.0062
4780,1000.3,228.5,88.8052,88.8113,88.7156,0.0896,0.0958,0.0062
4781,1001.0,209.5,88.8112,88.8174,88.7205,0.0907,0.0969,0.0062
4782,999.5,223.0,88.8173,88.8234,88.7255,0.0917,0.0979,0.0062
4783,999.6,211.4,88.8233,88.8295,88.7306,0.0927,0.0989,0.0062
4784,1000.0,232.3,88.8294,88.8355,88.7361,0.0933,0.0995,0.0062
4785,999.7,219.5,88.8354,88.8416,88.7413,0.0941,0.1003,0.0062
4786,1000.3,220.2,88.8415,88.8477,88.7469,0.0946,0.1008,0.0062
4787,999.9,219.8,88.8475,88.8537,88.7531,0.0945,0.1007,0.0062
4788,999.9,213.6,88.8536,88.8598,88.7590,0.0946,0.1008,0.0062
4789,1000.0,220.1,88.8597,88.8658,88.7651,0.0946,0.1007,0.0062
4790,1000.1,211.0,88.8657,88.8719,88.7710,0.0947,0.1009,0.0062
4791,999.9,230.0,88.8718,88.8780,88.7774,0.0944,0.1006,0.0062
4792,1000.0,211.1,88.8779,88.8840,88.7834,0.0944,0.1006,0.0062
4793,1000.5,206.3,88.8839,88.8901,88.7897,0.0942,0.1004,0.0062
4794,999.6,277.2,88.8900,88.8962,88.7960,0.0940,0.1002,0.0062
4795,999.5,286.1,88.8961,88.9023,88.8023,0.0938,0.0999,0.0062
4796,1000.3,248.5,88.9022,88.9083,88.8090,0.0931,0.0993,0.0062
4797,1000.1,315.5,88.9082,88.9144,88.8153,0.0930,0.0992,0.0062
4798,1000.8,315.7,88.9143,88.9205,88.8214,0.0930,0.0992,0.0062
4799,998.9,261.7,88.9204,88.9266,88.8274,0.0930,0.0992,0.0062
4800,1000.4,299.1,88.9265,88.9327,88.8340,0.0925,0.0987,0.0062
4801,1000.3,238.1,88.9326,88.9388,88.8403,0.0923,0.0984,0.0062
4802,999.6,237.5,88.9387,88.9449,88.8468,0.0919,0.0981,0.0062
4803,999.8,221.1,88.9448,88.9509,88.8533,0.0915,0.0976,0.0062
4804,1000.0,235.2,88.9509,88.9570,88.8598,0.0910,0.0972,0.0062
4805,1000.1,225.6,88.9569,88.9631,88.8669,0.0901,0.0963,0.0062
4806,999.8,231.7,88.9630,88.9692,88.8735,0.0895,0.0957,0.0062
4807,1000.0,219.1,88.9691,88.9753,88.8802,0.0890,0.0952,0.0062
4808,1000.0,218.4,88.9752,88.9814,88.8874,0.0878,0.0940,0.0062
4809,999.7,230.4,88.9813,88.9875,88.8940,0.0874,0.0936,0.0062
4810,1000.8,211.5,88.9874,88.9936,88.9003,0.0871,0.0933,0.0062
4811,999.7,229.6,88.9936,88.9998,88.9066,0.0870,0.0932,0.0062
4812,1000.2,210.7,88.9997,89.0059,88.9127,0.0870,0.0931,0.0062
4813,999.6,216.3,89.0058,89.0120,88.9192,0.0866,0.0928,0.0062
4814,1000.0,223.3,89.0119,89.0181,88.9251,0.0868,0.0930,0.0062
4815,999.6,213.5,89.0180,89.0242,88.9307,0.0873,0.0935,0.0062
4816,1000.2,221.3,89.0241,89.0303,88.9361,0.0880,0.0942,0.0062
4817,1000.2,226.2,89.0302,89.0364,88.9416,0.0886,0.0948,0.0062
4818,1000.0,205.5,89.0363,89.0425,88.9467,0.0897,0.0959,0.0062
4819,999.7,248.6,89.0425,89.0487,88.9517,0.0907,0.0969,0.0062
4820,1000.2,267.5,89.0486,89.0548,88.9571,0.0915,0.0977,0.0062
4821,1000.1,260.7,89.0547,89.0609,88.9629,0.0918,0.0980,0.0062
4822,1000.0,227.8,89.0608,89.0670,88.9684,0.0924,0.0986,0.0062
4823,999.9,215.8,89.0670,89.0732,88.9740,0.0930,0.0992,0.0062
4824,999.9,216.7,89.0731,89.0793,88.9795,0.0936,0.0998,0.0062
4825,999.5,223.5,89.0792,89.0854,88.9854,0.0938,0.1000,0.0062
4826,1000.4,239.8,89.0854,89.0916,88.9911,0.0942,0.1004,0.0062
4827,1000.2,210.9,89.0915,89.0977,88.9969,0.0946,0.1008,0.0062
4828,999.9,215.3,89.0976,89.1038,89.0029,0.0947,0.1009,0.0062
4829,999.8,232.4,89.1038,89.1100,89.0090,0.0947,0.1010,0.0062
4830,1000.3,207.6,89.1099,89.1161,89.0157,0.0942,0.1004,0.0062
4831,1001.1,235.0,89.1161,89.1223,89.0220,0.0941,0.1003,0.0062
4832,999.0,226.2,89.1222,89.1284,89.0282,0.0940,0.1003,0.0062
4833,999.8,200.6,89.1283,89.1346,89.0345,0.0939,0.1001,0.0062
4834,1000.1,241.0,89.1345,89.1407,89.0413,0.0931,0.0994,0.0062
4835,999.4,225.0,89.1406,89.1468,89.0480,0.0926,0.0989,0.0062
4836,1000.6,211.3,89.1468,89.1530,89.0545,0.0922,0.0985,0.0062
4837,999.9,240.2,89.1529,89.1591,89.0610,0.0920,0.0982,0.0062
4838,1000.0,233.4,89.1591,89.1653,89.0678,0.0913,0.0975,0.0062
4839,999.6,221.0,89.1652,89.1715,89.0741,0.0911,0.0974,0.0062
4840,1000.3,225.1,89.1714,89.1776,89.0804,0.0910,0.0972,0.0062
4841,999.9,233.0,89.1776,89.1838,89.0867,0.0909,0.0971,0.0062
4842,1000.1,218.8,89.1837,89.1899,89.0937,0.0900,0.0963,0.0062
4843,999.9,225.6,89.1899,89.1961,89.1003,0.0896,0.0958,0.0062
4844,1000.2,282.4,89.1960,89.2023,89.1069,0.0891,0.0953,0.0062
4845,999.5,271.8,89.2022,89.2084,89.1135,0.0887,0.0950,0.0062
4846,1000.4,254.0,89.2084,89.2146,89.1205,0.0878,0.0940,0.0062
4847,1000.1,215.0,89.2145,89.2208,89.1271,0.0874,0.0937,0.0062
4848,1000.1,221.7,89.2207,89.2269,89.1337,0.0870,0.0932,0.0062
4849,999.6,237.8,89.2269,89.2331,89.1403,0.0866,0.0928,0.0062
4850,1000.1,208.6,89.2330,89.2393,89.1468,0.0862,0.0925,0.0062
4851,1000.1,218.2,89.2392,89.2454,89.1538,0.0854,0.0916,0.0062
4852,1000.2,242.1,89.2454,89.2516,89.1604,0.0849,0.0912,0.0062
4853,1000.3,213.9,89.2516,89.2578,89.1670,0.0846,0.0908,0.0062
4854,999.5,225.6,89.2577,89.2640,89.1735,0.0842,0.0904,0.0062
4855,999.7,230.7,89.2639,89.2701,89.1803,0.0836,0.0898,0.0062
4856,1000.3,232.9,89.2701,89.2763,89.1864,0.0837,0.0899,0.0062
4857,1000.2,229.9,89.2763,89.2825,89.1922,0.0841,0.0903,0.0062
4858,999.9,220.4,89.2825,89.2887,89.1979,0.0845,0.0907,0.0062
4859,999.7,217.1,89.2886,89.2949,89.2040,0.0846,0.0908,0.0062
4860,1000.1,223.2,89.2948,89.3011,89.2097,0.0852,0.0914,0.0062
4861,1000.1,236.4,89.3010,89.3073,89.2153,0.0857,0.0920,0.0062
4862,1000.2,216.9,89.3072,89.3134,89.2208,0.0864,0.0926,0.0062
4863,999.8,223.7,89.3134,89.3196,89.2268,0.0866,0.0929,0.0062
4864,1000.1,240.4,89.3196,89.3258,89.2322,0.0874,0.0937,0.0062
4865,999.6,218.0,89.3258,89.3320,89.2375,0.0883,0.0946,0.0062
4866,1000.4,235.8,89.3320,89.3382,89.2429,0.0891,0.0954,0.0062
4867,999.7,225.4,89.3382,89.3444,89.2488,0.0894,0.0956,0.0062
4868,1000.1,203.0,89.3444,89.3506,89.2546,0.0898,0.0960,0.0062
4869,999.7,247.0,89.3506,89.3568,89.2604,0.0902,0.0964,0.0062
4870,1000.2,285.2,89.3568,89.3630,89.2662,0.0905,0.0968,0.0062
4871,1000.0,262.9,89.3630,89.3692,89.2723,0.0906,0.0969,0.0062
4872,1000.0,235.7,89.3692,89.3754,89.2781,0.0911,0.0973,0.0062
4873,1000.0,278.4,89.3754,89.3816,89.2838,0.0916,0.0978,0.0062
4874,1000.2,256.3,89.3816,89.3878,89.2897,0.0919,0.0981,0.0062
4875,999.4,251.2,89.3878,89.3940,89.2961,0.0917,0.0979,0.0062
4876,1000.4,269.9,89.3940,89.4002,89.3021,0.0919,0.0981,0.0062
4877,1000.1,262.7,89.4002,89.4064,89.3079,0.0923,0.0986,0.0062
4878,1000.1,222.7,89.4064,89.4126,89.3136,0.0928,0.0990,0.0062
4879,999.7,226.4,89.4126,89.4189,89.3196,0.0930,0.0993,0.0062
4880,1000.4,220.7,89.4188,89.4251,89.3250,0.0938,0.1001,0.0062
4881,1000.5,234.0,89.4250,89.4313,89.3303,0.0947,0.1009,0.0062
4882,999.4,216.3,89.4312,89.4375,89.3358,0.0955,0.1017,0.0062
4883,1000.0,216.0,89.4375,89.4437,89.3420,0.0955,0.1017,0.0062
4884,1000.0,237.7,89.4437,89.4499,89.3481,0.0956,0.1018,0.0062
4885,999.4,218.1,89.4499,89.4561,89.3542,0.0957,0.1019,0.0063
4886,1000.4,235.8,89.4561,89.4624,89.3603,0.0958,0.1020,0.0063
4887,1000.0,223.1,89.4623,89.4686,89.3681,0.0943,0.1005,0.0063
4888,1000.0,215.5,89.4685,89.4748,89.3734,0.0952,0.1014,0.0063
4889,999.8,237.4,89.4748,89.4810,89.3806,0.0941,0.1004,0.0063
4890,1000.4,224.8,89.4810,89.4872,89.3871,0.0939,0.1002,0.0063
4891,999.8,222.1,89.4872,89.4935,89.3939,0.0933,0.0995,0.0063
4892,1000.1,244.5,89.4934,89.4997,89.4003,0.0931,0.0994,0.0063
4893,1000.0,236.6,89.4997,89.5059,89.4066,0.0930,0.0993,0.0063
4894,1000.0,245.7,89.5059,89.5122,89.4130,0.0929,0.0992,0.0063
4895,999.7,271.6,89.5121,89.5184,89.4199,0.0922,0.0985,0.0063
4896,1000.2,280.7,89.5184,89.5246,89.4264,0.0920,0.0982,0.0063
4897,1000.1,223.0,89.5246,89.5308,89.4329,0.0917,0.0980,0.0063
4898,1000.3,237.9,89.5308,89.5371,89.4397,0.0911,0.0974,0.0063
4899,1000.3,237.7,89.5370,89.5433,89.4458,0.0912,0.0975,0.0063
4900,1001.2,226.4,89.5433,89.5495,89.4518,0.0915,0.0977,0.0063
4901,998.8,253.4,89.5495,89.5558,89.4579,0.0916,0.0979,0.0063
4902,1002.8,223.0,89.5557,89.5620,89.4642,0.0915,0.0978,0.0063
4903,1000.1,232.7,89.5620,89.5682,89.4642,0.0978,0.1040,0.0063
4904,999.2,239.6,89.5682,89.5745,89.4777,0.0906,0.0968,0.0063
4905,998.1,221.1,89.5745,89.5807,89.4844,0.0901,0.0964,0.0063
4906,1001.6,227.1,89.5807,89.5870,89.4844,0.0963,0.1026,0.0063
4907,999.1,243.5,89.5869,89.5932,89.4910,0.0959,0.1022,0.0063
4908,999.0,220.5,89.5932,89.5994,89.4977,0.0955,0.1017,0.0063
4909,1000.0,243.8,89.5994,89.6057,89.5041,0.0953,0.1016,0.0063
4910,1000.8,229.1,89.6057,89.6119,89.5109,0.0948,0.1011,0.0063
4911,1001.3,229.1,89.6119,89.6182,89.5177,0.0942,0.1004,0.0063
4912,999.8,235.8,89.6182,89.6244,89.5249,0.0932,0.0995,0.0063
4913,1000.7,226.2,89.6244,89.6307,89.5314,0.0930,0.0993,0.0063
4914,999.7,226.1,89.6306,89.6369,89.5377,0.0929,0.0992,0.0063
4915,998.7,234.9,89.6369,89.6432,89.5442,0.0927,0.0990,0.0063
4916,1001.0,248.6,89.6431,89.6494,89.5511,0.0921,0.0983,0.0063
4917,999.7,221.1,89.6494,89.6557,89.5574,0.0920,0.0982,0.0063
4918,999.4,227.9,89.6556,89.6619,89.5637,0.0920,0.0982,0.0063
4919,1002.0,298.5,89.6619,89.6682,89.5698,0.0921,0.0984,0.0063
4920,999.5,249.8,89.6681,89.6744,89.5762,0.0919,0.0982,0.0063
4921,999.5,276.6,89.6744,89.6807,89.5821,0.0923,0.0986,0.0063
4922,1000.3,244.5,89.6806,89.6869,89.5880,0.0926,0.0989,0.0063
4923,999.9,216.1,89.6869,89.6932,89.5940,0.0929,0.0991,0.0063
4924,998.6,239.6,89.6931,89.6994,89.6008,0.0924,0.0986,0.0063
4925,1001.1,228.7,89.6994,89.7057,89.6071,0.0923,0.0986,0.0063
4926,999.1,220.2,89.7057,89.7119,89.6134,0.0923,0.0985,0.0063
4927,998.7,243.1,89.7119,89.7182,89.6196,0.0923,0.0986,0.0063
4928,1000.2,232.4,89.7182,89.7244,89.6265,0.0917,0.0980,0.0063
4929,1002.1,235.9,89.7244,89.7307,89.6329,0.0915,0.0978,0.0063
4930,998.9,235.8,89.7307,89.7370,89.6395,0.0912,0.0975,0.0063
4931,999.1,229.3,89.7369,89.7432,89.6461,0.0908,0.0971,0.0063
4932,1000.2,237.1,89.7432,89.7495,89.6533,0.0899,0.0961,0.0063
4933,999.3,230.9,89.7495,89.7557,89.6599,0.0895,0.0958,0.0063
4934,1000.3,223.0,89.7557,89.7620,89.6664,0.0893,0.0956,0.0063
4935,999.5,223.1,89.7620,89.7683,89.6730,0.0890,0.0953,0.0063
4936,1000.6,236.4,89.7683,89.7745,89.6802,0.0881,0.0944,0.0063
4937,999.4,215.1,89.7745,89.7808,89.6866,0.0879,0.0942,0.0063
4938,1002.2,226.2,89.7808,89.7871,89.6930,0.0878,0.0941,0.0063
4939,997.7,240.2,89.7870,89.7933,89.6990,0.0881,0.0944,0.0063
4940,1000.8,212.6,89.7933,89.7996,89.7052,0.0881,0.0944,0.0063
4941,1001.4,230.4,89.7996,89.8059,89.7112,0.0884,0.0946,0.0063
4942,999.5,251.3,89.8058,89.8121,89.7173,0.0885,0.0948,0.0063
4943,999.3,221.4,89.8121,89.8184,89.7234,0.0887,0.0950,0.0063
4944,1000.3,273.5,89.8184,89.8247,89.7300,0.0884,0.0947,0.0063
4945,1003.5,278.7,89.8246,89.8309,89.7360,0.0886,0.0949,0.0063
4946,997.4,307.9,89.8309,89.8372,89.7421,0.0888,0.0951,0.0063
4947,999.0,267.7,89.8372,89.8435,89.7483,0.0889,0.0952,0.0063
4948,1000.6,314.6,89.8435,89.8497,89.7545,0.0890,0.0952,0.0063
4949,998.8,303.7,89.8497,89.8560,89.7614,0.0883,0.0946,0.0063
4950,1000.2,292.2,89.8560,89.8623,89.7680,0.0880,0.0942,0.0063
4951,999.4,288.4,89.8623,89.8685,89.7746,0.0877,0.0939,0.0063
4952,1000.6,227.8,89.8685,89.8748,89.7812,0.0874,0.0937,0.0063
4953,999.3,262.9,89.8748,89.8811,89.7880,0.0868,0.0931,0.0063
4954,1000.5,262.9,89.8811,89.8874,89.7941,0.0870,0.0933,0.0063
4955,999.6,217.7,89.8874,89.8936,89.8002,0.0872,0.0935,0.0063
4956,1000.6,235.4,89.8936,89.8999,89.8063,0.0873,0.0936,0.0063
4957,999.5,233.3,89.8999,89.9062,89.8129,0.0870,0.0933,0.0063
4958,1000.4,224.7,89.9062,89.9125,89.8188,0.0874,0.0937,0.0063
4959,1000.1,237.0,89.9124,89.9187,89.8244,0.0881,0.0943,0.0063
4960,1002.1,219.4,89.9187,89.9250,89.8297,0.0891,0.0953,0.0063
4961,999.9,225.7,89.9250,89.9313,89.8348,0.0902,0.0964,0.0063
4962,998.2,240.5,89.9313,89.9376,89.8405,0.0908,0.0970,0.0063
4963,1000.4,231.5,89.9376,89.9438,89.8459,0.0916,0.0979,0.0063
4964,1000.6,241.1,89.9438,89.9501,89.8515,0.0924,0.0986,0.0063
4965,998.7,230.6,89.9501,89.9564,89.8576,0.0925,0.0988,0.0063
4966,1000.7,239.0,89.9564,89.9627,89.8634,0.0930,0.0993,0.0063
4967,998.9,234.5,89.9627,89.9689,89.8692,0.0934,0.0997,0.0063
4968,1000.4,229.2,89.9689,89.9752,89.8750,0.0939,0.1002,0.0063
4969,999.1,286.3,89.9752,89.9815,89.8807,0.0945,0.1008,0.0063
4970,1000.6,289.1,89.9815,89.9878,89.8871,0.0944,0.1007,0.0063
4971,999.6,287.6,89.9878,89.9941,89.8930,0.0948,0.1011,0.0063
4972,1000.5,240.1,89.9941,90.0003,89.8990,0.0951,0.1013,0.0063
4973,999.4,237.3,90.0003,90.0066,89.9049,0.0954,0.1017,0.0063
4974,1000.7,263.5,90.0066,90.0129,89.9108,0.0958,0.1021,0.0063
4975,999.2,236.9,90.0129,90.0192,89.9166,0.0963,0.1026,0.0063
4976,1000.1,256.7,90.0192,90.0255,89.9230,0.0962,0.1025,0.0063
4977,1000.0,244.7,90.0255,90.0317,89.9290,0.0964,0.1027,0.0063
4978,1003.4,222.6,90.0317,90.0380,89.9351,0.0966,0.1029,0.0063
4979,998.4,261.9,90.0380,90.0443,89.9412,0.0968,0.1031,0.0063
4980,999.6,247.8,90.0443,90.0506,89.9478,0.0965,0.1028,0.0063
4981,998.9,242.6,90.0506,90.0569,89.9537,0.0969,0.1032,0.0063
4982,1000.5,261.4,90.0569,90.0631,89.9595,0.0974,0.1036,0.0063
4983,1001.4,235.3,90.0631,90.0694,89.9654,0.0978,0.1040,0.0063
4984,999.4,237.8,90.0694,90.0757,89.9720,0.0974,0.1037,0.0063
4985,1000.8,228.6,90.0757,90.0820,89.9782,0.0975,0.1038,0.0063
4986,997.9,244.2,90.0820,90.0883,89.9846,0.0974,0.1036,0.0063
4987,999.7,233.2,90.0883,90.0945,89.9909,0.0973,0.1036,0.0063
4988,1000.6,258.7,90.0945,90.1008,89.9977,0.0968,0.1031,0.0063
4989,1002.7,259.6,90.1008,90.1071,90.0042,0.0966,0.1029,0.0063
4990,996.9,234.1,90.1071,90.1134,90.0107,0.0964,0.1027,0.0063
4991,999.7,243.8,90.1134,90.1197,90.0175,0.0959,0.1022,0.0063
4992,1000.6,222.3,90.1197,90.1260,90.0250,0.0947,0.1010,0.0063
4993,999.3,228.0,90.1260,90.1322,90.0320,0.0939,0.1002,0.0063
4994,1000.7,285.6,90.1322,90.1385,90.0392,0.0930,0.0993,0.0063
4995,999.5,273.7,90.1385,90.1448,90.0463,0.0923,0.0985,0.0063
4996,1000.6,256.1,90.1448,90.1511,90.0539,0.0909,0.0972,0.0063
4997,1007.4,268.4,90.1511,90.1574,90.0611,0.0900,0.0963,0.0063
4998,993.6,228.7,90.1574,90.1637,90.0683,0.0890,0.0953,0.0063
4999,998.6,242.8,90.1637,90.1699,90.0755,0.0881,0.0944,0.0063
5000,1001.6,246.7,90.1699,90.1762,90.0831,0.0869,0.0932,0.0063
5001,1000.0,251.3,90.1762,90.1825,90.0898,0.0864,0.0927,0.0063
5002,1000.6,241.1,90.1825,90.1888,90.0964,0.0862,0.0924,0.0063
5003,1000.3,239.7,90.1888,90.1951,90.1027,0.0861,0.0923,0.0063
5004,997.6,230.9,90.1951,90.2014,90.1096,0.0855,0.0918,0.0063
5005,999.5,235.9,90.2014,90.2076,90.1159,0.0854,0.0917,0.0063
5006,999.9,246.6,90.2076,90.2139,90.1223,0.0854,0.0917,0.0063
5007,1000.2,228.0,90.2139,90.2202,90.1284,0.0855,0.0918,0.0063
5008,1000.1,226.7,90.2202,90.2265,90.1349,0.0853,0.0916,0.0063
5009,999.6,246.8,90.2265,90.2328,90.1411,0.0854,0.0917,0.0063
5010,1000.2,222.2,90.2328,90.2391,90.1472,0.0856,0.0918,0.0063
5011,1000.2,253.0,90.2391,90.2453,90.1534,0.0856,0.0919,0.0063
5012,1000.5,239.4,90.2453,90.2516,90.1595,0.0858,0.0921,0.0063
5013,999.3,213.7,90.2516,90.2579,90.1661,0.0855,0.0918,0.0063
5014,1000.0,248.9,90.2579,90.2642,90.1721,0.0858,0.0921,0.0063
5015,1000.2,233.2,90.2642,90.2705,90.1780,0.0862,0.0925,0.0063
5016,1003.7,228.1,90.2705,90.2768,90.1842,0.0862,0.0925,0.0063
5017,1000.2,251.9,90.2768,90.2830,90.1900,0.0867,0.0930,0.0063
5018,999.4,221.3,90.2830,90.2893,90.1958,0.0872,0.0935,0.0063
5019,999.6,256.3,90.2893,90.2956,90.2016,0.0878,0.0940,0.0063
5020,1000.1,276.5,90.2956,90.3019,90.2076,0.0880,0.0943,0.0063
5021,998.5,283.4,90.3019,90.3082,90.2130,0.0889,0.0952,0.0063
5022,999.1,248.1,90.3082,90.3144,90.2182,0.0899,0.0962,0.0063
5023,1000.9,236.3,90.3144,90.3207,90.2235,0.0910,0.0973,0.0063
5024,998.6,240.4,90.3207,90.3270,90.2291,0.0916,0.0979,0.0063
5025,1002.8,234.1,90.3270,90.3333,90.2346,0.0924,0.0987,0.0063
5026,999.7,280.9,90.3333,90.3396,90.2403,0.0930,0.0992,0.0063
5027,1000.1,282.1,90.3396,90.3458,90.2461,0.0934,0.0997,0.0063
5028,998.3,249.2,90.3458,90.3521,90.2523,0.0935,0.0998,0.0063
5029,998.7,285.6,90.3521,90.3584,90.2581,0.0940,0.1003,0.0063
5030,1001.8,227.3,90.3584,90.3647,90.2639,0.0945,0.1008,0.0063
5031,998.5,232.2,90.3647,90.3710,90.2698,0.0949,0.1012,0.0063
5032,999.6,243.6,90.3710,90.3772,90.2765,0.0945,0.1008,0.0063
5033,1000.3,223.5,90.3772,90.3835,90.2828,0.0944,0.1007,0.0063
5034,999.8,241.4,90.3835,90.3898,90.2893,0.0942,0.1005,0.0063
5035,999.9,237.7,90.3898,90.3961,90.2960,0.0938,0.1001,0.0063
5036,1000.0,231.8,90.3961,90.4023,90.3030,0.0931,0.0993,0.0063
5037,1000.1,239.5,90.4023,90.4086,90.3093,0.0930,0.0993,0.0063
5038,999.9,237.3,90.4086,90.4149,90.3156,0.0930,0.0993,0.0063
5039,1002.7,232.4,90.4149,90.4212,90.3220,0.0929,0.0992,0.0063
5040,1000.6,236.1,90.4212,90.4274,90.3292,0.0920,0.0982,0.0063
5041,999.8,253.2,90.4274,90.4337,90.3360,0.0914,0.0977,0.0063
5042,1000.0,238.0,90.4337,90.4400,90.3426,0.0911,0.0974,0.0063
5043,1000.3,238.8,90.4400,90.4463,90.3489,0.0911,0.0974,0.0063
5044,998.1,302.7,90.4463,90.4525,90.3556,0.0907,0.0970,0.0063
5045,999.9,267.7,90.4525,90.4588,90.3619,0.0907,0.0970,0.0063
5046,999.3,270.3,90.4588,90.4651,90.3683,0.0905,0.0967,0.0063
5047,1002.3,241.5,90.4651,90.4714,90.3749,0.0901,0.0964,0.0063
5048,998.5,234.1,90.4714,90.4776,90.3821,0.0893,0.0956,0.0063
5049,1001.0,259.8,90.4776,90.4839,90.3886,0.0891,0.0953,0.0063
5050,1000.6,232.4,90.4839,90.4902,90.3949,0.0890,0.0952,0.0063
5051,1000.2,240.2,90.4902,90.4964,90.4013,0.0889,0.0952,0.0063
5052,999.6,250.1,90.4964,90.5027,90.4081,0.0884,0.0946,0.0063
5053,998.8,230.8,90.5027,90.5090,90.4143,0.0884,0.0946,0.0063
5054,999.2,257.4,90.5090,90.5153,90.4206,0.0884,0.0946,0.0063
5055,999.1,238.5,90.5152,90.5215,90.4267,0.0886,0.0949,0.0063
5056,1000.9,240.8,90.5215,90.5278,90.4331,0.0884,0.0947,0.0063
5057,1000.3,244.7,90.5278,90.5341,90.4390,0.0887,0.0950,0.0063
5058,999.9,237.0,90.5340,90.5403,90.4448,0.0892,0.0955,0.0063
5059,1000.5,246.1,90.5403,90.5466,90.4505,0.0898,0.0960,0.0063
5060,998.9,238.0,90.5466,90.5529,90.4567,0.0899,0.0962,0.0063
5061,999.7,248.7,90.5528,90.5591,90.4625,0.0904,0.0966,0.0063
5062,999.8,230.9,90.5591,90.5654,90.4682,0.0909,0.0972,0.0063
5063,1000.1,230.6,90.5654,90.5716,90.4738,0.0916,0.0979,0.0063
5064,999.7,245.9,90.5716,90.5779,90.4794,0.0922,0.0985,0.0063
5065,1000.3,224.3,90.5779,90.5842,90.4847,0.0932,0.0995,0.0063
5066,999.8,244.2,90.5842,90.5904,90.4902,0.0940,0.1003,0.0063
5067,1000.2,235.8,90.5904,90.5967,90.4958,0.0946,0.1009,0.0063
5068,999.9,232.9,90.5967,90.6030,90.5020,0.0947,0.1010,0.0063
5069,1000.1,300.7,90.6029,90.6092,90.5088,0.0941,0.1004,0.0063
5070,999.9,273.2,90.6092,90.6155,90.5138,0.0954,0.1017,0.0063
5071,1003.3,277.3,90.6155,90.6217,90.5195,0.0959,0.1022,0.0063
5072,998.3,244.7,90.6217,90.6280,90.5268,0.0949,0.1012,0.0063
5073,999.2,241.9,90.6280,90.6342,90.5327,0.0953,0.1016,0.0063
5074,1000.1,240.2,90.6342,90.6405,90.5388,0.0954,0.1017,0.0063
5075,1001.0,246.5,90.6405,90.6468,90.5453,0.0952,0.1015,0.0063
5076,999.4,267.7,90.6467,90.6530,90.5523,0.0944,0.1007,0.0063
5077,999.6,250.9,90.6530,90.6593,90.5590,0.0940,0.1003,0.0063
5078,999.3,243.7,90.6592,90.6655,90.5655,0.0937,0.1000,0.0063
5079,999.7,254.6,90.6655,90.6718,90.5722,0.0933,0.0996,0.0063
5080,1000.0,235.1,90.6718,90.6780,90.5794,0.0923,0.0986,0.0063
5081,1000.0,249.1,90.6780,90.6843,90.5865,0.0915,0.0978,0.0063
5082,1000.1,228.1,90.6843,90.6905,90.5935,0.0908,0.0971,0.0063
5083,999.9,241.0,90.6905,90.6968,90.6004,0.0901,0.0964,0.0063
5084,999.9,242.8,90.6968,90.7030,90.6076,0.0892,0.0954,0.0063
5085,1000.2,225.0,90.7030,90.7093,90.6142,0.0888,0.0951,0.0063
5086,999.9,239.6,90.7092,90.7155,90.6207,0.0886,0.0949,0.0063
5087,1000.2,246.1,90.7155,90.7218,90.6272,0.0883,0.0946,0.0063
5088,999.9,229.3,90.7217,90.7280,90.6272,0.0945,0.1008,0.0063
5089,1001.2,253.5,90.7280,90.7342,90.6344,0.0935,0.0998,0.0063
5090,1000.7,239.7,90.7342,90.7405,90.6413,0.0929,0.0992,0.0063
5091,998.9,236.7,90.7405,90.7467,90.6482,0.0922,0.0985,0.0063
5092,1000.0,246.0,90.7467,90.7530,90.6554,0.0913,0.0976,0.0063
5093,1000.8,251.3,90.7530,90.7592,90.6633,0.0897,0.0959,0.0063
5094,1000.3,309.2,90.7592,90.7655,90.6707,0.0885,0.0948,0.0063
5095,999.0,301.9,90.7654,90.7717,90.6780,0.0874,0.0937,0.0063
5096,1000.1,259.0,90.7717,90.7779,90.6858,0.0858,0.0921,0.0063
5097,1000.2,233.3,90.7779,90.7842,90.6930,0.0849,0.0912,0.0063
5098,1002.4,245.7,90.7841,90.7904,90.6999,0.0842,0.0905,0.0063
5099,997.2,254.4,90.7904,90.7966,90.7068,0.0836,0.0899,0.0063
5100,999.9,234.9,90.7966,90.8029,90.7139,0.0827,0.0890,0.0063
5101,1003.7,281.1,90.8028,90.8091,90.7204,0.0824,0.0887,0.0063
5102,998.0,307.8,90.8091,90.8153,90.7267,0.0824,0.0886,0.0063
5103,1000.4,250.4,90.8153,90.8216,90.7328,0.0825,0.0887,0.0063
5104,998.4,259.6,90.8215,90.8278,90.7389,0.0826,0.0889,0.0063
5105,999.0,272.2,90.8278,90.8340,90.7443,0.0834,0.0897,0.0063
5106,999.6,238.2,90.8340,90.8402,90.7497,0.0843,0.0905,0.0063
5107,1000.4,257.7,90.8402,90.8465,90.7550,0.0852,0.0915,0.0063
5108,999.8,234.9,90.8464,90.8527,90.7607,0.0857,0.0920,0.0063
5109,999.7,252.2,90.8527,90.8589,90.7661,0.0866,0.0929,0.0063
5110,1000.4,244.9,90.8589,90.8651,90.7715,0.0874,0.0937,0.0063
5111,999.7,238.0,90.8651,90.8714,90.7774,0.0878,0.0940,0.0063
5112,1001.2,239.1,90.8713,90.8776,90.7827,0.0886,0.0949,0.0063
5113,1000.1,241.0,90.8776,90.8838,90.7879,0.0896,0.0959,0.0063
5114,998.7,236.4,90.8838,90.8900,90.7932,0.0906,0.0968,0.0063
5115,1001.4,237.9,90.8900,90.8962,90.7992,0.0908,0.0970,0.0063
5116,1001.7,270.3,90.8962,90.9025,90.8049,0.0913,0.0976,0.0062
5117,998.8,235.7,90.9024,90.9087,90.8107,0.0918,0.0980,0.0062
5118,999.5,238.4,90.9086,90.9149,90.8165,0.0921,0.0984,0.0062
5119,998.7,295.8,90.9149,90.9211,90.8228,0.0920,0.0983,0.0062
5120,1000.1,308.4,90.9211,90.9273,90.8286,0.0925,0.0987,0.0062
5121,1000.1,248.0,90.9273,90.9335,90.8343,0.0930,0.0992,0.0062
5122,999.9,248.2,90.9335,90.9397,90.8401,0.0934,0.0996,0.0062
5123,999.9,225.7,90.9397,90.9459,90.8465,0.0932,0.0995,0.0062
5124,1000.0,259.0,90.9459,90.9522,90.8526,0.0933,0.0995,0.0062
5125,1000.3,244.7,90.9521,90.9584,90.8588,0.0933,0.0995,0.0062
5126,999.9,232.0,90.9583,90.9646,90.8652,0.0932,0.0994,0.0062
5127,1000.1,249.0,90.9645,90.9708,90.8717,0.0928,0.0991,0.0062
5128,999.8,245.4,90.9707,90.9770,90.8775,0.0932,0.0995,0.0062
5129,999.7,238.1,90.9769,90.9832,90.8833,0.0937,0.0999,0.0062
5130,1002.2,246.8,90.9831,90.9894,90.8893,0.0939,0.1001,0.0062
5131,999.8,258.5,90.9893,90.9956,90.8954,0.0939,0.1002,0.0062
5132,998.9,237.9,90.9955,91.0018,90.9022,0.0933,0.0995,0.0062
5133,1000.2,235.9,91.0017,91.0080,90.9086,0.0931,0.0994,0.0062
5134,1000.2,259.1,91.0079,91.0142,90.9150,0.0929,0.0992,0.0062
5135,1000.3,231.5,91.0141,91.0203,90.9218,0.0923,0.0986,0.0062
5136,999.1,258.4,91.0203,91.0265,90.9282,0.0921,0.0984,0.0062
5137,1000.0,234.3,91.0265,91.0327,90.9346,0.0919,0.0982,0.0062
5138,1000.9,236.2,91.0327,91.0389,90.9411,0.0915,0.0978,0.0062
5139,998.6,247.8,91.0389,91.0451,90.9482,0.0906,0.0969,0.0062
5140,1000.1,233.1,91.0451,91.0513,90.9547,0.0903,0.0966,0.0062
5141,1000.1,238.9,91.0512,91.0575,90.9613,0.0900,0.0962,0.0062
5142,999.9,248.6,91.0574,91.0637,90.9676,0.0898,0.0960,0.0062
5143,999.9,253.7,91.0636,91.0698,90.9747,0.0889,0.0952,0.0062
5144,1000.1,289.0,91.0698,91.0760,90.9814,0.0884,0.0947,0.0062
5145,1000.1,307.2,91.0760,91.0822,90.9880,0.0880,0.0942,0.0062
5146,1000.2,319.6,91.0822,91.0884,90.9946,0.0876,0.0938,0.0062
5147,999.9,253.5,91.0883,91.0946,91.0013,0.0870,0.0932,0.0062
5148,999.9,264.2,91.0945,91.1007,91.0073,0.0872,0.0935,0.0062
5149,1002.0,274.4,91.1007,91.1069,91.0130,0.0876,0.0939,0.0062
5150,999.1,251.7,91.1069,91.1131,91.0189,0.0879,0.0942,0.0062
5151,999.9,271.3,91.1130,91.1192,91.0254,0.0877,0.0939,0.0062
5152,1000.0,239.6,91.1192,91.1254,91.0314,0.0878,0.0941,0.0062
5153,1000.1,235.3,91.1254,91.1316,91.0372,0.0882,0.0944,0.0062
5154,1001.3,262.4,91.1315,91.1378,91.0430,0.0885,0.0947,0.0062
5155,998.7,230.8,91.1377,91.1439,91.0491,0.0886,0.0948,0.0062
5156,1000.4,264.0,91.1439,91.1501,91.0548,0.0890,0.0952,0.0062
5157,998.5,264.4,91.1500,91.1562,91.0607,0.0893,0.0955,0.0062
5158,1000.3,236.7,91.1562,91.1624,91.0667,0.0895,0.0957,0.0062
5159,999.3,260.4,91.1623,91.1686,91.0733,0.0890,0.0952,0.0062
5160,1000.4,257.7,91.1685,91.1747,91.0793,0.0892,0.0954,0.0062
5161,999.9,241.1,91.1747,91.1809,91.0854,0.0892,0.0954,0.0062
5162,1000.1,258.0,91.1808,91.1870,91.0915,0.0893,0.0955,0.0062
5163,1000.2,233.8,91.1870,91.1932,91.0980,0.0889,0.0952,0.0062
5164,999.8,264.3,91.1931,91.1993,91.1042,0.0889,0.0952,0.0062
5165,1000.0,245.3,91.1993,91.2055,91.1103,0.0889,0.0951,0.0062
5166,1000.0,258.9,91.2054,91.2116,91.1167,0.0888,0.0950,0.0062
5167,999.8,245.7,91.2116,91.2178,91.1235,0.0881,0.0943,0.0062
5168,1004.5,241.7,91.2177,91.2239,91.1296,0.0881,0.0943,0.0062
5169,996.1,308.0,91.2238,91.2301,91.1356,0.0883,0.0945,0.0062
5170,1000.6,275.4,91.2300,91.2362,91.1416,0.0884,0.0946,0.0062
5171,999.9,285.1,91.2361,91.2423,91.1480,0.0881,0.0943,0.0062
5172,999.7,242.3,91.2423,91.2485,91.1538,0.0885,0.0947,0.0062
5173,1002.4,249.9,91.2484,91.2546,91.1598,0.0886,0.0948,0.0062
5174,998.3,253.6,91.2545,91.2607,91.1660,0.0885,0.0947,0.0062
5175,999.8,232.0,91.2607,91.2669,91.1730,0.0877,0.0939,0.0062
5176,999.8,245.0,91.2668,91.2730,91.1794,0.0873,0.0936,0.0062
5177,999.3,254.0,91.2729,91.2791,91.1858,0.0871,0.0933,0.0062
5178,1000.0,229.0,91.2790,91.2853,91.1924,0.0867,0.0929,0.0062
5179,999.5,284.9,91.2852,91.2914,91.1994,0.0857,0.0919,0.0062
5180,1000.5,277.9,91.2913,91.2975,91.2061,0.0852,0.0914,0.0062
5181,999.8,275.5,91.2974,91.3036,91.2127,0.0847,0.0909,0.0062
5182,1000.2,253.0,91.3035,91.3097,91.2193,0.0842,0.0904,0.0062
5183,1000.0,260.7,91.3097,91.3159,91.2263,0.0833,0.0895,0.0062
5184,1000.0,258.1,91.3158,91.3220,91.2325,0.0832,0.0894,0.0062
5185,1000.1,259.5,91.3219,91.3281,91.2388,0.0831,0.0893,0.0062
5186,1002.8,259.0,91.3280,91.3342,91.2451,0.0829,0.0891,0.0062
5187,1000.0,251.4,91.3341,91.3403,91.2518,0.0823,0.0885,0.0062
5188,998.6,266.0,91.3402,91.3464,91.2579,0.0823,0.0885,0.0062
5189,1003.6,275.1,91.3463,91.3525,91.2639,0.0824,0.0886,0.0062
5190,995.4,239.8,91.3524,91.3586,91.2698,0.0826,0.0888,0.0062
5191,999.6,293.1,91.3585,91.3647,91.2760,0.0825,0.0887,0.0062
5192,1001.7,253.9,91.3646,91.3708,91.2817,0.0829,0.0891,0.0062
5193,999.2,243.3,91.3707,91.3769,91.2875,0.0833,0.0895,0.0062
5194,1000.0,324.9,91.3768,91.3830,91.2933,0.0835,0.0897,0.0062
5195,999.0,289.0,91.3829,91.3891,91.2997,0.0833,0.0894,0.0062
5196,999.5,293.9,91.3890,91.3952,91.3056,0.0835,0.0897,0.0062
5197,1000.3,268.9,91.3951,91.4013,91.3114,0.0837,0.0899,0.0062
5198,1000.0,240.3,91.4012,91.4074,91.3171,0.0841,0.0903,0.0062
5199,999.6,266.8,91.4073,91.4135,91.3233,0.0840,0.0902,0.0062
5200,1000.1,247.4,91.4134,91.4196,91.3292,0.0842,0.0903,0.0062
5201,1000.1,249.7,91.4195,91.4257,91.3351,0.0844,0.0905,0.0062
5202,1000.1,250.0,91.4256,91.4317,91.3410,0.0846,0.0908,0.0062
5203,1000.0,249.3,91.4316,91.4378,91.3473,0.0844,0.0906,0.0062
5204,1000.0,242.7,91.4377,91.4439,91.3530,0.0847,0.0909,0.0062
5205,999.8,248.7,91.4438,91.4500,91.3586,0.0852,0.0914,0.0062
5206,1000.8,260.1,91.4499,91.4561,91.3641,0.0858,0.0919,0.0062
5207,1002.7,238.5,91.4559,91.4621,91.3701,0.0858,0.0920,0.0062
5208,998.1,236.9,91.4620,91.4682,91.3758,0.0862,0.0924,0.0062
5209,998.7,273.9,91.4681,91.4743,91.3816,0.0865,0.0927,0.0062
5210,1001.1,240.2,91.4742,91.4803,91.3872,0.0869,0.0931,0.0062
5211,999.6,261.3,91.4802,91.4864,91.3931,0.0872,0.0933,0.0062
5212,1002.1,258.9,91.4863,91.4925,91.3983,0.0879,0.0941,0.0062
5213,998.6,226.3,91.4923,91.4985,91.4035,0.0888,0.0950,0.0062
5214,999.6,258.9,91.4984,91.5046,91.4088,0.0896,0.0958,0.0062
5215,1000.0,256.6,91.5045,91.5106,91.4147,0.0897,0.0959,0.0062
5216,998.8,241.0,91.5105,91.5167,91.4204,0.0901,0.0963,0.0062
5217,1000.1,252.5,91.5166,91.5227,91.4260,0.0906,0.0967,0.0062
5218,1000.1,259.6,91.5226,91.5288,91.4316,0.0910,0.0972,0.0062
5219,999.6,293.4,91.5287,91.5348,91.4373,0.0914,0.0976,0.0062
5220,1000.2,303.2,91.5347,91.5409,91.4433,0.0914,0.0976,0.0062
5221,1000.0,301.2,91.5407,91.5469,91.4490,0.0918,0.0979,0.0062
5222,1000.0,292.2,91.5468,91.5530,91.4548,0.0920,0.0981,0.0062
5223,1000.1,305.9,91.5528,91.5590,91.4611,0.0917,0.0979,0.0062
5224,999.7,293.1,91.5589,91.5650,91.4671,0.0917,0.0979,0.0062
5225,1003.2,297.6,91.5649,91.5711,91.4733,0.0916,0.0978,0.0062
5226,998.2,277.4,91.5709,91.5771,91.4795,0.0914,0.0976,0.0062
5227,999.7,287.0,91.5770,91.5831,91.4863,0.0907,0.0969,0.0062
5228,1000.2,266.7,91.5830,91.5891,91.4925,0.0905,0.0967,0.0062
5229,999.0,278.5,91.5890,91.5952,91.4987,0.0903,0.0964,0.0062
5230,1001.5,257.5,91.5950,91.6012,91.5050,0.0900,0.0962,0.0062
5231,999.1,247.3,91.6011,91.6072,91.5127,0.0883,0.0945,0.0062
5232,999.9,263.9,91.6071,91.6132,91.5190,0.0881,0.0943,0.0062
5233,1000.7,238.5,91.6131,91.6192,91.5250,0.0881,0.0943,0.0061
5234,999.0,254.7,91.6191,91.6253,91.5308,0.0883,0.0945,0.0061
5235,999.9,248.2,91.6251,91.6313,91.5371,0.0881,0.0942,0.0061
5236,999.5,253.1,91.6311,91.6373,91.5431,0.0881,0.0942,0.0061
5237,1000.4,253.6,91.6371,91.6433,91.5492,0.0880,0.0941,0.0061
5238,1000.0,246.9,91.6431,91.6493,91.5554,0.0878,0.0939,0.0061
5239,999.9,256.7,91.6492,91.6553,91.5621,0.0870,0.0932,0.0061
5240,999.9,252.0,91.6552,91.6613,91.5683,0.0869,0.0930,0.0061
5241,1000.1,260.5,91.6612,91.6673,91.5744,0.0868,0.0929,0.0061
5242,1000.0,244.6,91.6671,91.6733,91.5807,0.0864,0.0926,0.0061
5243,1000.8,247.7,91.6731,91.6793,91.5876,0.0856,0.0917,0.0061
5244,1002.2,322.3,91.6791,91.6853,91.5943,0.0848,0.0910,0.0061
5245,998.8,271.7,91.6851,91.6913,91.6012,0.0839,0.0900,0.0061
5246,999.3,295.6,91.6911,91.6972,91.6080,0.0831,0.0892,0.0061
5247,1000.4,259.7,91.6971,91.7032,91.6152,0.0819,0.0880,0.0061
5248,1000.1,254.6,91.7031,91.7092,91.6152,0.0879,0.0940,0.0061
5249,998.4,263.1,91.7091,91.7152,91.6217,0.0873,0.0935,0.0061
5250,1000.4,269.3,91.7150,91.7212,91.6282,0.0868,0.0930,0.0061
5251,1000.8,245.3,91.7210,91.7271,91.6352,0.0858,0.0919,0.0061
5252,999.0,260.8,91.7270,91.7331,91.6418,0.0852,0.0913,0.0061
5253,999.8,240.4,91.7329,91.7391,91.6484,0.0846,0.0907,0.0061
5254,1000.1,260.0,91.7389,91.7450,91.6547,0.0842,0.0904,0.0061
5255,1000.0,276.2,91.7449,91.7510,91.6612,0.0837,0.0898,0.0061
5256,1000.1,274.1,91.7508,91.7570,91.6669,0.0839,0.0901,0.0061
5257,999.7,275.1,91.7568,91.7629,91.6725,0.0843,0.0905,0.0061
5258,1000.4,266.3,91.7628,91.7689,91.6782,0.0845,0.0906,0.0061
5259,999.5,254.4,91.7687,91.7748,91.6846,0.0842,0.0903,0.0061
5260,1000.2,256.6,91.7747,91.7808,91.6905,0.0842,0.0903,0.0061
5261,1000.0,259.3,91.7806,91.7867,91.6963,0.0843,0.0904,0.0061
5262,1000.3,246.8,91.7866,91.7927,91.7020,0.0845,0.0906,0.0061
5263,1000.9,251.0,91.7925,91.7986,91.7080,0.0845,0.0906,0.0061
5264,1000.9,270.6,91.7984,91.8046,91.7138,0.0846,0.0907,0.0061
5265,999.4,237.9,91.8044,91.8105,91.7197,0.0847,0.0908,0.0061
5266,1001.1,274.4,91.8103,91.8164,91.7256,0.0847,0.0908,0.0061
5267,998.0,270.4,91.8163,91.8224,91.7319,0.0844,0.0905,0.0061
5268,1003.2,255.2,91.8222,91.8283,91.7376,0.0845,0.0907,0.0061
5269,996.7,309.0,91.8281,91.8342,91.7432,0.0849,0.0910,0.0061
5270,1003.5,319.4,91.8340,91.8401,91.7489,0.0852,0.0913,0.0061
5271,998.8,307.2,91.8400,91.8461,91.7550,0.0849,0.0910,0.0061
5272,998.8,265.1,91.8459,91.8520,91.7609,0.0850,0.0911,0.0061
5273,998.7,262.6,91.8518,91.8579,91.7669,0.0850,0.0911,0.0061
5274,1001.5,255.5,91.8577,91.8638,91.7726,0.0851,0.0912,0.0061
5275,998.6,264.0,91.8636,91.8697,91.7787,0.0849,0.0910,0.0061
5276,999.6,270.4,91.8695,91.8756,91.7842,0.0854,0.0915,0.0061
5277,1000.0,243.6,91.8755,91.8815,91.7899,0.0856,0.0917,0.0061
5278,1000.0,251.8,91.8814,91.8875,91.7955,0.0858,0.0919,0.0061
5279,999.6,260.9,91.8873,91.8934,91.8017,0.0855,0.0916,0.0061
5280,1000.3,251.4,91.8932,91.8992,91.8076,0.0855,0.0916,0.0061
5281,1000.1,267.5,91.8991,91.9051,91.8136,0.0855,0.0916,0.0061
5282,1001.0,255.2,91.9050,91.9110,91.8194,0.0856,0.0916,0.0061
5283,1002.1,252.0,91.9108,91.9169,91.8257,0.0852,0.0913,0.0061
5284,1001.0,263.7,91.9167,91.9228,91.8314,0.0853,0.0914,0.0061
5285,999.0,243.4,91.9226,91.9287,91.8372,0.0854,0.0915,0.0061
5286,1000.3,247.4,91.9285,91.9346,91.8432,0.0853,0.0914,0.0061
5287,999.4,285.0,91.9344,91.9405,91.8499,0.0845,0.0905,0.0061
5288,1000.9,260.8,91.9403,91.9463,91.8563,0.0840,0.0900,0.0061
5289,997.4,279.8,91.9461,91.9522,91.8625,0.0837,0.0898,0.0061
5290,1001.2,284.5,91.9520,91.9581,91.8686,0.0834,0.0895,0.0061
5291,998.7,258.6,91.9579,91.9639,91.8752,0.0827,0.0887,0.0061
5292,1001.3,250.9,91.9637,91.9698,91.8814,0.0824,0.0884,0.0061
5293,998.6,256.0,91.9696,91.9757,91.8876,0.0820,0.0881,0.0061
5294,999.3,302.6,91.9755,91.9815,91.8938,0.0817,0.0877,0.0061
5295,999.9,295.3,91.9813,91.9874,91.9005,0.0809,0.0869,0.0061
5296,1000.0,293.6,91.9872,91.9932,91.9064,0.0808,0.0869,0.0061
5297,1000.0,247.6,91.9930,91.9991,91.9122,0.0809,0.0869,0.0061
5298,1000.2,245.2,91.9989,92.0049,91.9178,0.0811,0.0872,0.0061
5299,999.5,268.7,92.0047,92.0108,91.9238,0.0809,0.0870,0.0061
5300,1000.2,253.0,92.0106,92.0166,91.9293,0.0812,0.0873,0.0061
5301,1004.4,289.2,92.0164,92.0225,91.9348,0.0816,0.0876,0.0061
5302,1001.2,273.8,92.0222,92.0283,91.9403,0.0819,0.0880,0.0061
5303,998.0,243.1,92.0281,92.0341,91.9459,0.0822,0.0882,0.0061
5304,1000.5,266.3,92.0339,92.0400,91.9518,0.0821,0.0882,0.0061
5305,996.8,262.4,92.0397,92.0458,91.9574,0.0824,0.0884,0.0061
5306,1000.5,251.4,92.0456,92.0516,91.9628,0.0828,0.0888,0.0061
5307,1002.5,256.4,92.0514,92.0574,91.9686,0.0828,0.0888,0.0061
5308,996.8,259.1,92.0572,92.0633,91.9741,0.0831,0.0892,0.0061
5309,999.7,257.2,92.0630,92.0691,91.9795,0.0835,0.0895,0.0060
5310,1000.6,252.8,92.0688,92.0749,91.9852,0.0837,0.0897,0.0060
5311,999.6,265.5,92.0747,92.0807,91.9911,0.0835,0.0895,0.0060
5312,999.7,259.4,92.0805,92.0865,91.9967,0.0838,0.0899,0.0060
5313,999.8,251.8,92.0863,92.0923,92.0021,0.0842,0.0902,0.0060
5314,999.9,255.7,92.0921,92.0981,92.0076,0.0845,0.0905,0.0060
5315,1000.3,245.4,92.0979,92.1039,92.0137,0.0842,0.0902,0.0060
5316,999.6,264.4,92.1037,92.1097,92.0193,0.0843,0.0904,0.0060
5317,1000.7,249.8,92.1095,92.1155,92.0248,0.0846,0.0907,0.0060
5318,999.6,246.6,92.1152,92.1213,92.0302,0.0850,0.0911,0.0060
5319,999.6,296.2,92.1210,92.1271,92.0358,0.0852,0.0913,0.0060
5320,1000.3,306.7,92.1268,92.1328,92.0408,0.0860,0.0920,0.0060
5321,1002.7,253.9,92.1326,92.1386,92.0457,0.0869,0.0929,0.0060
5322,1003.3,264.3,92.1384,92.1444,92.0509,0.0875,0.0935,0.0060
5323,995.6,257.0,92.1441,92.1502,92.0568,0.0874,0.0934,0.0060
5324,999.2,267.9,92.1499,92.1559,92.0623,0.0876,0.0936,0.0060
5325,1000.4,259.3,92.1557,92.1617,92.0679,0.0878,0.0938,0.0060
5326,999.5,265.1,92.1614,92.1675,92.0735,0.0879,0.0940,0.0060
5327,1003.7,268.1,92.1672,92.1732,92.0797,0.0875,0.0935,0.0060
5328,996.8,256.0,92.1730,92.1790,92.0855,0.0875,0.0935,0.0060
5329,998.9,255.4,92.1787,92.1847,92.0913,0.0874,0.0934,0.0060
5330,1001.1,265.5,92.1845,92.1905,92.0975,0.0870,0.0930,0.0060
5331,999.3,289.2,92.1902,92.1962,92.1038,0.0864,0.0924,0.0060
5332,999.5,282.6,92.1960,92.2020,92.1107,0.0852,0.0913,0.0060
5333,999.8,295.4,92.2017,92.2077,92.1172,0.0845,0.0905,0.0060
5334,1000.0,278.6,92.2075,92.2135,92.1235,0.0840,0.0900,0.0060
5335,1000.0,259.3,92.2132,92.2192,92.1298,0.0834,0.0894,0.0060
5336,999.6,264.8,92.2189,92.2249,92.1367,0.0822,0.0882,0.0060
5337,1000.2,256.9,92.2247,92.2307,92.1434,0.0813,0.0873,0.0060
5338,1000.0,241.9,92.2304,92.2364,92.1500,0.0803,0.0864,0.0060
5339,999.9,265.4,92.2361,92.2421,92.1566,0.0795,0.0855,0.0060
5340,1000.8,255.8,92.2418,92.2478,92.1634,0.0784,0.0844,0.0060
5341,1003.4,255.8,92.2475,92.2535,92.1696,0.0779,0.0839,0.0060
5342,996.8,261.9,92.2533,92.2593,92.1758,0.0775,0.0835,0.0060
5343,1000.3,247.9,92.2590,92.2650,92.1820,0.0770,0.0830,0.0060
5344,999.4,290.7,92.2647,92.2707,92.1889,0.0757,0.0817,0.0060
5345,1004.3,301.0,92.2704,92.2764,92.1955,0.0749,0.0809,0.0060
5346,998.7,301.6,92.2761,92.2821,92.2019,0.0742,0.0802,0.0060
5347,997.2,272.3,92.2818,92.2878,92.2081,0.0736,0.0796,0.0060
5348,1000.7,267.7,92.2875,92.2935,92.2147,0.0727,0.0787,0.0060
5349,998.7,257.6,92.2932,92.2991,92.2209,0.0723,0.0783,0.0060
5350,1000.0,254.8,92.2988,92.3048,92.2271,0.0718,0.0778,0.0060
5351,999.9,276.2,92.3045,92.3105,92.2331,0.0714,0.0774,0.0060
5352,1000.1,247.3,92.3102,92.3162,92.2394,0.0708,0.0768,0.0060
5353,999.9,256.7,92.3159,92.3219,92.2450,0.0709,0.0769,0.0060
5354,1000.1,270.0,92.3216,92.3275,92.2504,0.0712,0.0772,0.0060
5355,999.9,246.6,92.3272,92.3332,92.2556,0.0716,0.0776,0.0060
5356,999.7,271.3,92.3329,92.3389,92.2613,0.0716,0.0776,0.0060
5357,1000.1,261.6,92.3386,92.3445,92.2665,0.0720,0.0780,0.0060
5358,1004.4,239.4,92.3442,92.3502,92.2716,0.0726,0.0785,0.0060
5359,997.4,274.2,92.3499,92.3558,92.2767,0.0732,0.0791,0.0060
5360,1000.8,258.0,92.3555,92.3615,92.2819,0.0736,0.0796,0.0060
5361,1000.2,246.9,92.3612,92.3671,92.2866,0.0746,0.0806,0.0060
5362,998.6,274.6,92.3668,92.3728,92.2911,0.0757,0.0816,0.0060
5363,999.6,268.0,92.3725,92.3784,92.2957,0.0767,0.0827,0.0060
5364,1001.3,262.2,92.3781,92.3841,92.3007,0.0774,0.0834,0.0060
5365,999.5,266.0,92.3837,92.3897,92.3055,0.0783,0.0842,0.0060
5366,998.8,271.6,92.3894,92.3953,92.3103,0.0791,0.0850,0.0060
5367,1000.3,250.3,92.3950,92.4010,92.3150,0.0800,0.0860,0.0060
5368,999.3,263.1,92.4006,92.4066,92.3200,0.0806,0.0865,0.0060
5369,999.7,324.7,92.4062,92.4122,92.3247,0.0816,0.0875,0.0060
5370,1000.2,292.0,92.4119,92.4178,92.3293,0.0826,0.0885,0.0059
5371,999.9,305.4,92.4175,92.4234,92.3341,0.0834,0.0893,0.0059
5372,1000.2,308.6,92.4231,92.4290,92.3393,0.0838,0.0897,0.0059
5373,999.9,290.9,92.4287,92.4346,92.3444,0.0843,0.0902,0.0059
5374,1000.0,297.3,92.4343,92.4402,92.3497,0.0846,0.0905,0.0059
5375,1000.1,303.2,92.4399,92.4458,92.3552,0.0846,0.0906,0.0059
5376,999.9,267.9,92.4455,92.4514,92.3613,0.0842,0.0901,0.0059
5377,1000.6,276.1,92.4511,92.4570,92.3670,0.0841,0.0901,0.0059
5378,1003.3,261.3,92.4567,92.4626,92.3726,0.0841,0.0900,0.0059
5379,996.6,271.4,92.4623,92.4682,92.3782,0.0841,0.0900,0.0059
5380,1000.0,271.9,92.4678,92.4738,92.3844,0.0835,0.0894,0.0059
5381,1000.2,262.8,92.4734,92.4794,92.3903,0.0831,0.0891,0.0059
5382,1000.8,264.7,92.4790,92.4849,92.3962,0.0828,0.0887,0.0059
5383,1002.4,262.8,92.4846,92.4905,92.4022,0.0824,0.0883,0.0059
5384,997.8,257.1,92.4901,92.4961,92.4084,0.0817,0.0876,0.0059
5385,999.6,250.7,92.4957,92.5016,92.4142,0.0815,0.0874,0.0059
5386,999.9,282.9,92.5013,92.5072,92.4198,0.0814,0.0873,0.0059
5387,999.0,254.3,92.5068,92.5127,92.4254,0.0814,0.0873,0.0059
5388,999.9,249.9,92.5124,92.5183,92.4316,0.0808,0.0867,0.0059
5389,999.8,266.4,92.5179,92.5238,92.4373,0.0806,0.0866,0.0059
5390,1000.1,247.3,92.5235,92.5294,92.4432,0.0803,0.0862,0.0059
5391,1000.1,269.5,92.5290,92.5349,92.4492,0.0798,0.0857,0.0059
5392,1000.1,267.6,92.5345,92.5405,92.4557,0.0788,0.0848,0.0059
5393,999.9,236.2,92.5401,92.5460,92.4617,0.0784,0.0843,0.0059
5394,1000.3,298.1,92.5456,92.5515,92.4677,0.0779,0.0838,0.0059
5395,999.7,304.2,92.5511,92.5570,92.4738,0.0773,0.0832,0.0059
5396,1000.0,300.9,92.5567,92.5626,92.4806,0.0761,0.0820,0.0059
5397,1001.6,278.6,92.5622,92.5681,92.4868,0.0754,0.0813,0.0059
5398,999.5,266.6,92.5677,92.5736,92.4928,0.0749,0.0808,0.0059
5399,1000.3,261.6,92.5732,92.5791,92.4997,0.0735,0.0794,0.0059
5400,1003.8,258.0,92.5787,92.5846,92.5058,0.0729,0.0788,0.0059
5401,997.5,287.7,92.5842,92.5901,92.5114,0.0728,0.0787,0.0059
5402,998.5,275.9,92.5897,92.5956,92.5167,0.0730,0.0789,0.0059
5403,999.2,265.6,92.5952,92.6011,92.5220,0.0732,0.0791,0.0059
5404,1000.1,265.9,92.6007,92.6066,92.5275,0.0732,0.0791,0.0059
5405,999.8,252.3,92.6062,92.6121,92.5325,0.0737,0.0796,0.0059
5406,1000.5,270.6,92.6117,92.6176,92.5372,0.0745,0.0804,0.0059
5407,999.5,312.0,92.6172,92.6230,92.5417,0.0755,0.0813,0.0059
5408,999.9,270.9,92.6226,92.6285,92.5466,0.0761,0.0820,0.0059
5409,1000.3,232.5,92.6281,92.6340,92.5512,0.0769,0.0828,0.0059
5410,999.7,266.8,92.6336,92.6395,92.5559,0.0776,0.0835,0.0059
5411,1000.0,253.6,92.6390,92.6449,92.5612,0.0778,0.0837,0.0059
5412,1000.0,271.1,92.6445,92.6504,92.5662,0.0783,0.0842,0.0059
5413,1000.0,261.1,92.6500,92.6558,92.5712,0.0788,0.0846,0.0059
5414,1000.1,267.3,92.6554,92.6613,92.5760,0.0794,0.0852,0.0059
5415,1001.0,269.9,92.6609,92.6667,92.5809,0.0800,0.0858,0.0059
5416,1000.1,286.0,92.6663,92.6722,92.5809,0.0854,0.0913,0.0059
5417,999.6,270.9,92.6718,92.6776,92.5861,0.0856,0.0915,0.0059
5418,999.6,274.2,92.6772,92.6831,92.5912,0.0860,0.0919,0.0059
5419,999.7,307.8,92.6826,92.6885,92.5964,0.0862,0.0921,0.0059
5420,1001.1,311.3,92.6881,92.6939,92.6025,0.0855,0.0914,0.0059
5421,1000.3,296.7,92.6935,92.6993,92.6084,0.0851,0.0910,0.0059
5422,999.8,274.1,92.6989,92.7048,92.6143,0.0846,0.0904,0.0059
5423,1000.5,266.1,92.7043,92.7102,92.6203,0.0840,0.0899,0.0058
5424,998.4,269.6,92.7097,92.7156,92.6265,0.0832,0.0891,0.0058
5425,1000.2,251.8,92.7152,92.7210,92.6322,0.0829,0.0888,0.0058
5426,999.6,268.2,92.7206,92.7264,92.6381,0.0825,0.0883,0.0058
5427,1000.3,264.4,92.7260,92.7318,92.6441,0.0819,0.0877,0.0058
5428,999.9,246.2,92.7314,92.7372,92.6507,0.0807,0.0865,0.0058
5429,999.7,273.7,92.7368,92.7426,92.6568,0.0800,0.0858,0.0058
5430,1000.2,248.8,92.7421,92.7480,92.6627,0.0794,0.0853,0.0058
5431,1000.0,255.8,92.7475,92.7534,92.6684,0.0791,0.0849,0.0058
5432,999.9,303.7,92.7529,92.7587,92.6745,0.0784,0.0842,0.0058
5433,1000.1,264.5,92.7583,92.7641,92.6804,0.0779,0.0837,0.0058
5434,1001.2,267.3,92.7637,92.7695,92.6863,0.0774,0.0832,0.0058
5435,1002.3,259.8,92.7690,92.7749,92.6921,0.0769,0.0828,0.0058
5436,997.9,265.6,92.7744,92.7802,92.6985,0.0759,0.0817,0.0058
5437,999.8,265.6,92.7798,92.7856,92.7045,0.0752,0.0811,0.0058
5438,1001.0,264.9,92.7851,92.7909,92.7105,0.0746,0.0804,0.0058
5439,997.6,265.5,92.7905,92.7963,92.7163,0.0741,0.0799,0.0058
5440,1002.6,271.5,92.7958,92.8016,92.7227,0.0731,0.0790,0.0058
5441,999.4,280.0,92.8012,92.8070,92.7286,0.0726,0.0784,0.0058
5442,1000.7,266.7,92.8065,92.8123,92.7345,0.0720,0.0778,0.0058
5443,998.1,258.8,92.8118,92.8176,92.7403,0.0715,0.0773,0.0058
5444,1000.8,289.3,92.8172,92.8230,92.7466,0.0706,0.0764,0.0058
5445,999.0,291.1,92.8225,92.8283,92.7523,0.0702,0.0760,0.0058
5446,999.2,304.0,92.8278,92.8336,92.7580,0.0698,0.0756,0.0058
5447,1000.3,274.7,92.8331,92.8389,92.7639,0.0693,0.0751,0.0058
5448,999.9,252.8,92.8385,92.8443,92.7702,0.0683,0.0741,0.0058
5449,999.6,272.9,92.8438,92.8496,92.7759,0.0678,0.0736,0.0058
5450,1000.9,261.1,92.8491,92.8549,92.7814,0.0677,0.0735,0.0058
5451,999.3,252.9,92.8544,92.8602,92.7865,0.0679,0.0737,0.0058
5452,1000.6,270.8,92.8597,92.8655,92.7918,0.0678,0.0736,0.0058
5453,999.5,266.6,92.8650,92.8708,92.7966,0.0683,0.0741,0.0058
5454,1002.2,267.2,92.8703,92.8761,92.8015,0.0687,0.0745,0.0058
5455,999.6,263.9,92.8756,92.8813,92.8064,0.0692,0.0749,0.0058
5456,998.0,276.2,92.8808,92.8866,92.8116,0.0692,0.0750,0.0058
5457,1000.7,259.5,92.8861,92.8919,92.8165,0.0696,0.0754,0.0058
5458,1000.0,269.6,92.8914,92.8972,92.8212,0.0702,0.0759,0.0058
5459,999.5,281.9,92.8967,92.9024,92.8260,0.0707,0.0765,0.0058
5460,1000.7,259.5,92.9019,92.9077,92.8310,0.0709,0.0767,0.0058
5461,999.4,279.8,92.9072,92.9129,92.8357,0.0715,0.0773,0.0058
5462,1000.0,250.6,92.9124,92.9182,92.8403,0.0721,0.0779,0.0058
5463,999.7,252.9,92.9177,92.9234,92.8449,0.0728,0.0785,0.0058
5464,999.9,273.8,92.9229,92.9287,92.8499,0.0730,0.0788,0.0058
5465,1000.0,249.2,92.9282,92.9339,92.8547,0.0734,0.0792,0.0058
5466,1000.4,252.6,92.9334,92.9392,92.8598,0.0736,0.0794,0.0058
5467,999.7,288.2,92.9386,92.9444,92.8648,0.0738,0.0796,0.0058
5468,1000.7,253.9,92.9439,92.9496,92.8702,0.0737,0.0794,0.0058
5469,999.1,272.1,92.9491,92.9549,92.8751,0.0740,0.0797,0.0058
5470,1000.7,289.7,92.9543,92.9601,92.8800,0.0743,0.0800,0.0058
5471,999.5,316.3,92.9595,92.9653,92.8850,0.0746,0.0803,0.0057
5472,1000.6,277.8,92.9648,92.9705,92.8904,0.0743,0.0801,0.0057
5473,1002.1,269.7,92.9700,92.9757,92.8955,0.0745,0.0802,0.0057
5474,999.0,261.8,92.9752,92.9809,92.9006,0.0745,0.0803,0.0057
5475,999.5,264.4,92.9804,92.9861,92.9056,0.0747,0.0805,0.0057
5476,1000.1,281.3,92.9856,92.9913,92.9108,0.0747,0.0805,0.0057
5477,1001.7,260.8,92.9907,92.9965,92.9155,0.0753,0.0810,0.0057
5478,998.6,255.7,92.9959,93.0017,92.9201,0.0758,0.0816,0.0057
5479,998.6,280.1,93.0011,93.0068,92.9246,0.0765,0.0822,0.0057
5480,1000.9,256.7,93.0063,93.0120,92.9296,0.0767,0.0824,0.0057
5481,999.0,271.5,93.0115,93.0172,92.9343,0.0771,0.0829,0.0057
5482,1000.6,267.7,93.0166,93.0224,92.9392,0.0774,0.0831,0.0057
5483,999.4,243.4,93.0218,93.0275,92.9444,0.0774,0.0831,0.0057
5484,1000.6,282.7,93.0270,93.0327,92.9497,0.0773,0.0830,0.0057
5485,999.3,303.6,93.0321,93.0378,92.9554,0.0768,0.0825,0.0057
5486,1000.3,272.5,93.0373,93.0430,92.9605,0.0767,0.0824,0.0057
5487,999.8,272.7,93.0424,93.0481,92.9659,0.0765,0.0822,0.0057
5488,1000.4,259.6,93.0475,93.0533,92.9713,0.0763,0.0820,0.0057
5489,999.3,258.0,93.0527,93.0584,92.9772,0.0755,0.0812,0.0057
5490,1000.2,264.0,93.0578,93.0635,92.9827,0.0751,0.0809,0.0057
5491,1000.0,265.0,93.0629,93.0686,92.9881,0.0748,0.0805,0.0057
5492,1003.4,275.3,93.0681,93.0738,92.9936,0.0745,0.0802,0.0057
5493,999.4,273.6,93.0732,93.0789,92.9995,0.0737,0.0794,0.0057
5494,998.7,313.9,93.0783,93.0840,93.0049,0.0734,0.0791,0.0057
5495,1000.0,281.9,93.0834,93.0891,93.0104,0.0730,0.0787,0.0057
5496,998.8,307.1,93.0885,93.0942,93.0157,0.0728,0.0784,0.0057
5497,1001.3,282.3,93.0936,93.0993,93.0215,0.0721,0.0778,0.0057
5498,999.7,271.0,93.0987,93.1044,93.0270,0.0717,0.0774,0.0057
5499,999.1,280.6,93.1038,93.1095,93.0324,0.0714,0.0770,0.0057
5500,1000.1,259.0,93.1089,93.1146,93.0379,0.0710,0.0767,0.0057
5501,1000.1,264.2,93.1140,93.1196,93.0431,0.0709,0.0766,0.0057
5502,999.6,286.3,93.1190,93.1247,93.0484,0.0706,0.0763,0.0057
5503,1005.0,267.1,93.1241,93.1298,93.0534,0.0707,0.0764,0.0057
5504,995.7,282.6,93.1292,93.1348,93.0585,0.0707,0.0764,0.0057
5505,1000.8,295.9,93.1342,93.1399,93.0639,0.0704,0.0760,0.0057
5506,999.0,267.3,93.1393,93.1450,93.0699,0.0694,0.0751,0.0057
5507,1000.1,271.7,93.1443,93.1500,93.0753,0.0690,0.0747,0.0057
5508,999.5,261.8,93.1494,93.1551,93.0806,0.0688,0.0745,0.0057
5509,1000.0,269.3,93.1544,93.1601,93.0859,0.0685,0.0742,0.0057
5510,999.8,261.6,93.1595,93.1651,93.0911,0.0683,0.0740,0.0057
5511,1001.1,286.8,93.1645,93.1702,93.0965,0.0680,0.0737,0.0057
5512,999.6,268.9,93.1695,93.1752,93.1017,0.0678,0.0735,0.0057
5513,999.7,264.9,93.1746,93.1802,93.1070,0.0675,0.0732,0.0057
5514,1000.8,274.2,93.1796,93.1852,93.1132,0.0664,0.0721,0.0056
5515,999.6,250.9,93.1846,93.1902,93.1185,0.0660,0.0717,0.0056
5516,1000.9,279.6,93.1896,93.1952,93.1235,0.0661,0.0717,0.0056
5517,999.7,254.6,93.1946,93.2003,93.1283,0.0663,0.0719,0.0056
5518,999.8,261.1,93.1996,93.2052,93.1335,0.0661,0.0718,0.0056
5519,998.8,296.7,93.2046,93.2102,93.1383,0.0663,0.0719,0.0056
5520,1000.1,306.6,93.2096,93.2152,93.1433,0.0662,0.0719,0.0056
5521,1000.4,275.2,93.2146,93.2202,93.1483,0.0663,0.0719,0.0056
5522,999.5,293.8,93.2196,93.2252,93.1538,0.0658,0.0714,0.0056
5523,1000.6,308.5,93.2245,93.2302,93.1587,0.0658,0.0715,0.0056
5524,999.4,292.7,93.2295,93.2351,93.1636,0.0659,0.0715,0.0056
5525,1000.5,289.5,93.2345,93.2401,93.1682,0.0663,0.0719,0.0056
5526,999.4,272.2,93.2394,93.2451,93.1730,0.0664,0.0721,0.0056
5527,1000.4,278.3,93.2444,93.2500,93.1775,0.0669,0.0726,0.0056
5528,999.6,267.9,93.2494,93.2550,93.1820,0.0674,0.0730,0.0056
5529,1004.6,268.4,93.2543,93.2599,93.1866,0.0677,0.0733,0.0056
5530,997.2,266.0,93.2592,93.2649,93.1917,0.0675,0.0731,0.0056
5531,999.4,277.1,93.2642,93.2698,93.1967,0.0675,0.0731,0.0056
5532,999.6,257.3,93.2691,93.2747,93.2016,0.0676,0.0732,0.0056
5533,999.5,267.6,93.2740,93.2796,93.2064,0.0676,0.0732,0.0056
5534,1001.3,285.0,93.2790,93.2846,93.2115,0.0674,0.0730,0.0056
5535,1002.6,255.3,93.2839,93.2895,93.2164,0.0674,0.0730,0.0056
5536,996.1,281.3,93.2888,93.2944,93.2214,0.0674,0.0730,0.0056
5537,999.8,269.3,93.2937,93.2993,93.2265,0.0672,0.0728,0.0056
5538,1000.0,244.8,93.2986,93.3042,93.2321,0.0665,0.0721,0.0056
5539,1000.1,275.3,93.3035,93.3091,93.2375,0.0660,0.0716,0.0056
5540,999.9,267.0,93.3084,93.3140,93.2428,0.0656,0.0712,0.0056
5541,1000.1,258.6,93.3133,93.3189,93.2479,0.0654,0.0709,0.0056
5542,999.9,265.2,93.3182,93.3238,93.2534,0.0647,0.0703,0.0056
5543,1000.5,249.4,93.3231,93.3286,93.2586,0.0645,0.0701,0.0056
5544,999.5,289.2,93.3279,93.3335,93.2636,0.0643,0.0699,0.0056
5545,1000.6,286.5,93.3328,93.3384,93.2689,0.0639,0.0695,0.0056
5546,999.3,299.8,93.3377,93.3432,93.2745,0.0631,0.0687,0.0056
5547,1000.1,254.8,93.3425,93.3481,93.2798,0.0627,0.0683,0.0056
5548,1000.5,279.6,93.3474,93.3529,93.2848,0.0626,0.0681,0.0056
5549,1001.0,265.2,93.3522,93.3578,93.2897,0.0625,0.0681,0.0056
5550,999.3,257.6,93.3571,93.3626,93.2943,0.0628,0.0684,0.0056
5551,1000.8,284.8,93.3619,93.3675,93.2991,0.0628,0.0683,0.0056
5552,1001.6,264.7,93.3667,93.3723,93.3036,0.0631,0.0687,0.0056
5553,998.6,265.6,93.3716,93.3771,93.3082,0.0634,0.0689,0.0056
5554,1001.9,280.4,93.3764,93.3819,93.3133,0.0631,0.0686,0.0056
5555,997.5,261.1,93.3812,93.3868,93.3182,0.0630,0.0686,0.0055
5556,998.8,262.6,93.3860,93.3916,93.3230,0.0630,0.0686,0.0055
5557,999.9,278.9,93.3908,93.3964,93.3276,0.0633,0.0688,0.0055
5558,1000.2,254.0,93.3956,93.4012,93.3325,0.0632,0.0687,0.0055
5559,999.9,275.7,93.4004,93.4060,93.3371,0.0633,0.0689,0.0055
5560,999.7,287.6,93.4052,93.4108,93.3419,0.0634,0.0689,0.0055
5561,1000.2,278.0,93.4100,93.4155,93.3466,0.0634,0.0689,0.0055
5562,1000.0,299.9,93.4148,93.4203,93.3518,0.0630,0.0685,0.0055
5563,1000.6,277.8,93.4196,93.4251,93.3568,0.0628,0.0683,0.0055
5564,999.0,261.5,93.4243,93.4299,93.3619,0.0625,0.0680,0.0055
5565,1000.4,272.3,93.4291,93.4346,93.3670,0.0621,0.0677,0.0055
5566,999.9,292.8,93.4339,93.4394,93.3724,0.0614,0.0670,0.0055
5567,1001.3,269.0,93.4386,93.4442,93.3774,0.0612,0.0668,0.0055
5568,1001.3,267.5,93.4434,93.4489,93.3823,0.0611,0.0666,0.0055
5569,998.7,299.7,93.4481,93.4536,93.3870,0.0611,0.0666,0.0055
5570,1000.9,288.1,93.4529,93.4584,93.3927,0.0602,0.0657,0.0055
5571,999.7,288.8,93.4576,93.4631,93.3965,0.0611,0.0666,0.0055
5572,1000.4,269.6,93.4623,93.4678,93.4012,0.0612,0.0667,0.0055
5573,999.5,253.9,93.4671,93.4726,93.4066,0.0605,0.0660,0.0055
5574,998.7,267.5,93.4718,93.4773,93.4116,0.0602,0.0657,0.0055
5575,999.7,247.9,93.4765,93.4820,93.4159,0.0606,0.0661,0.0055
5576,999.5,264.1,93.4812,93.4867,93.4201,0.0611,0.0666,0.0055
5577,1000.3,273.8,93.4859,93.4914,93.4244,0.0615,0.0670,0.0055
5578,999.9,256.6,93.4906,93.4961,93.4282,0.0624,0.0679,0.0055
5579,1000.2,255.7,93.4953,93.5008,93.4320,0.0634,0.0688,0.0055
5580,999.8,264.0,93.5000,93.5055,93.4358,0.0642,0.0697,0.0055
5581,1000.1,260.8,93.5047,93.5102,93.4398,0.0649,0.0704,0.0055
5582,1000.0,253.7,93.5094,93.5148,93.4441,0.0653,0.0707,0.0055
5583,999.9,270.8,93.5140,93.5195,93.4483,0.0657,0.0712,0.0055
5584,1000.1,258.4,93.5187,93.5242,93.4526,0.0662,0.0716,0.0055
5585,1002.7,269.0,93.5234,93.5288,93.4569,0.0665,0.0720,0.0055
5586,999.5,282.9,93.5280,93.5335,93.4615,0.0665,0.0720,0.0055
5587,999.3,256.8,93.5327,93.5381,93.4615,0.0711,0.0766,0.0055
5588,1002.9,270.3,93.5373,93.5428,93.4659,0.0715,0.0769,0.0055
5589,996.2,285.0,93.5420,93.5474,93.4702,0.0718,0.0772,0.0055
5590,1000.8,251.3,93.5466,93.5521,93.4749,0.0717,0.0772,0.0055
5591,1002.4,286.5,93.5512,93.5567,93.4793,0.0720,0.0774,0.0055
5592,997.2,276.0,93.5559,93.5613,93.4838,0.0720,0.0775,0.0055
5593,999.1,240.6,93.5605,93.5659,93.4886,0.0719,0.0774,0.0055
5594,1000.3,295.4,93.5651,93.5705,93.4937,0.0714,0.0768,0.0054
5595,999.8,300.3,93.5697,93.5752,93.4984,0.0713,0.0768,0.0054
5596,999.6,277.1,93.5743,93.5798,93.5031,0.0712,0.0766,0.0054
5597,1000.1,268.3,93.5789,93.5844,93.5078,0.0711,0.0766,0.0054
5598,1000.0,273.5,93.5835,93.5889,93.5126,0.0709,0.0763,0.0054
5599,1000.1,262.3,93.5881,93.5935,93.5170,0.0711,0.0765,0.0054
5600,999.8,265.2,93.5927,93.5981,93.5216,0.0711,0.0766,0.0054
5601,1000.0,290.3,93.5973,93.6027,93.5263,0.0710,0.0764,0.0054
5602,1000.1,263.5,93.6018,93.6073,93.5314,0.0704,0.0758,0.0054
5603,1000.1,266.6,93.6064,93.6118,93.5362,0.0702,0.0756,0.0054
5604,999.8,266.4,93.6110,93.6164,93.5409,0.0701,0.0755,0.0054
5605,1003.6,271.7,93.6155,93.6209,93.5454,0.0701,0.0756,0.0054
5606,999.0,289.9,93.6201,93.6255,93.5502,0.0699,0.0753,0.0054
5607,1000.0,295.5,93.6246,93.6300,93.5546,0.0700,0.0754,0.0054
5608,1008.8,302.4,93.6291,93.6346,93.5591,0.0700,0.0754,0.0054
5609,989.3,266.8,93.6337,93.6391,93.5636,0.0701,0.0755,0.0054
5610,999.6,253.3,93.6382,93.6436,93.5685,0.0697,0.0751,0.0054
5611,1000.0,250.9,93.6427,93.6481,93.5732,0.0696,0.0750,0.0054
5612,999.9,271.3,93.6473,93.6527,93.5779,0.0693,0.0747,0.0054
5613,1000.0,250.9,93.6518,93.6572,93.5829,0.0689,0.0743,0.0054
5614,999.9,283.4,93.6563,93.6617,93.5881,0.0682,0.0736,0.0054
5615,1000.0,280.9,93.6608,93.6662,93.5929,0.0679,0.0733,0.0054
5616,1002.3,267.5,93.6653,93.6707,93.5977,0.0676,0.0730,0.0054
5617,997.8,278.1,93.6698,93.6751,93.6026,0.0672,0.0726,0.0054
5618,999.9,262.5,93.6742,93.6796,93.6079,0.0663,0.0717,0.0054
5619,1000.0,281.7,93.6787,93.6841,93.6130,0.0658,0.0711,0.0054
5620,999.9,300.2,93.6832,93.6886,93.6182,0.0650,0.0704,0.0054
5621,999.9,298.6,93.6877,93.6930,93.6235,0.0641,0.0695,0.0054
5622,1000.0,256.4,93.6921,93.6975,93.6294,0.0628,0.0681,0.0054
5623,1000.3,252.3,93.6966,93.7019,93.6348,0.0618,0.0672,0.0054
5624,1003.6,289.3,93.7010,93.7064,93.6400,0.0610,0.0664,0.0054
5625,999.8,269.4,93.7055,93.7108,93.6452,0.0603,0.0657,0.0054
5626,999.5,286.6,93.7099,93.7153,93.6508,0.0591,0.0644,0.0054
5627,999.6,283.1,93.7144,93.7197,93.6561,0.0582,0.0636,0.0054
5628,1000.5,260.2,93.7188,93.7241,93.6615,0.0573,0.0626,0.0054
5629,999.8,278.2,93.7232,93.7286,93.6669,0.0563,0.0616,0.0054
5630,1000.3,286.3,93.7276,93.7330,93.6727,0.0549,0.0603,0.0053
5631,999.1,259.9,93.7320,93.7374,93.6778,0.0542,0.0596,0.0053
5632,997.8,261.2,93.7364,93.7418,93.6827,0.0538,0.0591,0.0053
5633,999.9,247.3,93.7408,93.7462,93.6873,0.0535,0.0589,0.0053
5634,1002.6,271.5,93.7452,93.7506,93.6921,0.0531,0.0585,0.0053
5635,1000.6,282.7,93.7496,93.7550,93.6965,0.0532,0.0585,0.0053
5636,998.8,313.6,93.7540,93.7593,93.7009,0.0531,0.0584,0.0053
5637,1001.1,289.5,93.7584,93.7637,93.7055,0.0529,0.0583,0.0053
5638,1000.3,305.5,93.7628,93.7681,93.7103,0.0525,0.0578,0.0053
5639,1006.5,354.6,93.7671,93.7725,93.7147,0.0525,0.0578,0.0053
5640,995.0,294.1,93.7715,93.7768,93.7190,0.0525,0.0578,0.0053
5641,995.9,271.2,93.7758,93.7812,93.7231,0.0527,0.0580,0.0053
5642,999.5,259.4,93.7802,93.7855,93.7276,0.0526,0.0579,0.0053
5643,999.9,259.5,93.7845,93.7899,93.7316,0.0529,0.0582,0.0053
5644,1000.3,293.6,93.7889,93.7942,93.7358,0.0531,0.0584,0.0053
5645,999.9,291.7,93.7932,93.7985,93.7400,0.0532,0.0585,0.0053
5646,999.7,274.1,93.7975,93.8028,93.7442,0.0533,0.0586,0.0053
5647,1003.0,290.6,93.8019,93.8072,93.7487,0.0532,0.0585,0.0053
5648,1000.8,262.4,93.8062,93.8115,93.7529,0.0532,0.0585,0.0053
5649,998.9,283.8,93.8105,93.8158,93.7572,0.0533,0.0586,0.0053
5650,1000.3,273.7,93.8148,93.8201,93.7616,0.0532,0.0585,0.0053
5651,999.6,272.0,93.8191,93.8244,93.7656,0.0535,0.0588,0.0053
5652,1000.4,284.2,93.8234,93.8287,93.7696,0.0538,0.0591,0.0053
5653,1000.0,274.1,93.8277,93.8329,93.7734,0.0542,0.0595,0.0053
5654,998.7,273.9,93.8319,93.8372,93.7777,0.0543,0.0595,0.0053
5655,998.9,275.2,93.8362,93.8415,93.7817,0.0546,0.0598,0.0053
5656,1008.6,371.3,93.8405,93.8458,93.7857,0.0548,0.0601,0.0053
5657,995.1,270.8,93.8448,93.8500,93.7898,0.0550,0.0602,0.0053
5658,996.3,266.1,93.8490,93.8543,93.7941,0.0549,0.0601,0.0053
5659,999.9,268.4,93.8533,93.8585,93.7980,0.0553,0.0605,0.0053
5660,999.8,260.4,93.8575,93.8628,93.8017,0.0558,0.0611,0.0053
5661,1003.5,287.7,93.8618,93.8670,93.8054,0.0564,0.0616,0.0053
5662,999.5,264.9,93.8660,93.8712,93.8092,0.0568,0.0621,0.0053
5663,1000.2,254.2,93.8702,93.8755,93.8127,0.0575,0.0628,0.0053
5664,1000.6,280.8,93.8744,93.8797,93.8161,0.0583,0.0636,0.0053
5665,999.6,265.5,93.8787,93.8839,93.8196,0.0591,0.0643,0.0052
5666,1000.2,269.5,93.8829,93.8881,93.8234,0.0595,0.0648,0.0052
5667,999.5,285.4,93.8871,93.8923,93.8270,0.0601,0.0653,0.0052
5668,1000.1,257.7,93.8913,93.8965,93.8308,0.0604,0.0657,0.0052
5669,999.7,309.7,93.8955,93.9007,93.8346,0.0609,0.0661,0.0052
5670,1000.4,313.2,93.8997,93.9049,93.8388,0.0609,0.0661,0.0052
5671,999.4,331.1,93.9038,93.9091,93.8429,0.0609,0.0661,0.0052
5672,998.9,289.7,93.9080,93.9132,93.8470,0.0610,0.0662,0.0052
5673,999.7,302.3,93.9122,93.9174,93.8509,0.0612,0.0665,0.0052
5674,998.8,284.0,93.9163,93.9216,93.8551,0.0613,0.0665,0.0052
5675,1000.2,300.5,93.9205,93.9257,93.8590,0.0615,0.0668,0.0052
5676,999.5,280.5,93.9247,93.9299,93.8629,0.0617,0.0669,0.0052
5677,1000.3,250.7,93.9288,93.9340,93.8672,0.0616,0.0668,0.0052
5678,999.9,266.5,93.9329,93.9381,93.8720,0.0610,0.0662,0.0052
5679,1000.2,268.7,93.9371,93.9423,93.8766,0.0605,0.0657,0.0052
5680,999.7,250.6,93.9412,93.9464,93.8811,0.0601,0.0653,0.0052
5681,1000.2,271.2,93.9453,93.9505,93.8857,0.0596,0.0648,0.0052
5682,999.8,266.2,93.9494,93.9546,93.8902,0.0592,0.0644,0.0052
5683,1001.1,257.7,93.9536,93.9587,93.8951,0.0585,0.0637,0.0052
5684,999.2,263.8,93.9577,93.9628,93.8995,0.0582,0.0633,0.0052
5685,1000.0,263.1,93.9618,93.9669,93.9039,0.0579,0.0631,0.0052
5686,999.6,251.9,93.9658,93.9710,93.9086,0.0573,0.0625,0.0052
5687,1000.4,264.7,93.9699,93.9751,93.9129,0.0571,0.0623,0.0052
5688,999.8,247.4,93.9740,93.9792,93.9173,0.0567,0.0619,0.0052
5689,1000.1,253.3,93.9781,93.9833,93.9219,0.0562,0.0614,0.0052
5690,999.8,257.9,93.9822,93.9873,93.9269,0.0552,0.0604,0.0052
5691,1000.2,256.8,93.9862,93.9914,93.9317,0.0546,0.0597,0.0052
5692,1000.2,250.5,93.9903,93.9954,93.9360,0.0543,0.0594,0.0052
5693,999.9,274.5,93.9943,93.9995,93.9401,0.0542,0.0594,0.0052
5694,1000.0,291.9,93.9984,94.0035,93.9445,0.0539,0.0591,0.0052
5695,999.9,284.4,94.0024,94.0076,93.9486,0.0538,0.0590,0.0052
5696,1000.1,280.8,94.0064,94.0116,93.9527,0.0537,0.0589,0.0052
5697,1000.0,256.5,94.0105,94.0156,93.9568,0.0536,0.0588,0.0052
5698,999.9,247.8,94.0145,94.0196,93.9613,0.0532,0.0583,0.0051
5699,999.9,266.7,94.0185,94.0236,93.9656,0.0529,0.0580,0.0051
5700,1000.2,256.0,94.0225,94.0277,93.9699,0.0526,0.0577,0.0051
5701,1000.0,259.6,94.0265,94.0317,93.9742,0.0523,0.0574,0.0051
5702,1000.1,280.8,94.0305,94.0356,93.9789,0.0516,0.0567,0.0051
5703,999.8,253.0,94.0345,94.0396,93.9832,0.0513,0.0565,0.0051
5704,1000.2,275.1,94.0385,94.0436,93.9873,0.0512,0.0563,0.0051
5705,1000.2,262.4,94.0425,94.0476,93.9914,0.0511,0.0562,0.0051
5706,1000.5,264.5,94.0464,94.0516,93.9957,0.0507,0.0559,0.0051
5707,999.1,263.6,94.0504,94.0555,93.9997,0.0507,0.0558,0.0051
5708,1000.9,278.7,94.0544,94.0595,94.0037,0.0507,0.0558,0.0051
5709,1000.4,277.5,94.0583,94.0634,94.0078,0.0506,0.0557,0.0051
5710,999.0,263.2,94.0623,94.0674,94.0122,0.0501,0.0552,0.0051
5711,999.9,278.9,94.0662,94.0713,94.0161,0.0501,0.0552,0.0051
5712,999.6,273.3,94.0701,94.0752,94.0200,0.0501,0.0552,0.0051
5713,1000.3,290.5,94.0741,94.0792,94.0237,0.0503,0.0554,0.0051
5714,999.8,294.6,94.0780,94.0831,94.0276,0.0503,0.0554,0.0051
5715,1000.0,267.5,94.0819,94.0870,94.0313,0.0506,0.0557,0.0051
5716,999.7,275.4,94.0858,94.0909,94.0348,0.0510,0.0561,0.0051
5717,1000.3,255.8,94.0897,94.0948,94.0383,0.0514,0.0565,0.0051
5718,999.9,247.0,94.0936,94.0987,94.0423,0.0514,0.0564,0.0051
5719,1000.2,273.2,94.0975,94.1026,94.0459,0.0516,0.0567,0.0051
5720,999.9,296.2,94.1014,94.1065,94.0494,0.0520,0.0571,0.0051
5721,1000.1,269.4,94.1053,94.1103,94.0530,0.0523,0.0574,0.0051
5722,1000.0,279.2,94.1091,94.1142,94.0568,0.0524,0.0575,0.0051
5723,1000.0,248.5,94.1130,94.1181,94.0602,0.0528,0.0578,0.0051
5724,999.9,271.5,94.1169,94.1219,94.0637,0.0532,0.0583,0.0051
5725,1000.1,261.4,94.1207,94.1258,94.0671,0.0537,0.0587,0.0051
5726,999.8,262.6,94.1246,94.1296,94.0707,0.0539,0.0590,0.0051
5727,1000.3,262.3,94.1284,94.1335,94.0739,0.0545,0.0595,0.0051
5728,999.9,257.7,94.1322,94.1373,94.0772,0.0551,0.0601,0.0051
5729,1000.0,257.1,94.1361,94.1411,94.0805,0.0556,0.0607,0.0051
5730,999.8,266.2,94.1399,94.1449,94.0840,0.0559,0.0610,0.0051
5731,1000.3,268.1,94.1437,94.1488,94.0873,0.0564,0.0614,0.0050
5732,999.8,247.5,94.1475,94.1526,94.0908,0.0567,0.0617,0.0050
5733,1000.0,257.3,94.1513,94.1564,94.0944,0.0569,0.0620,0.0050
5734,1000.0,279.6,94.1551,94.1602,94.0982,0.0569,0.0619,0.0050
5735,1000.3,250.3,94.1589,94.1640,94.1029,0.0560,0.0611,0.0050
5736,999.4,257.5,94.1627,94.1677,94.1066,0.0561,0.0612,0.0050
5737,1000.7,263.3,94.1665,94.1715,94.1105,0.0559,0.0610,0.0050
5738,999.8,246.4,94.1703,94.1753,94.1141,0.0562,0.0612,0.0050
5739,999.9,263.6,94.1740,94.1790,94.1176,0.0564,0.0615,0.0050
5740,999.8,262.2,94.1778,94.1828,94.1212,0.0565,0.0616,0.0050
5741,1000.3,254.4,94.1815,94.1865,94.1249,0.0566,0.0616,0.0050
5742,1000.1,273.3,94.1853,94.1903,94.1290,0.0563,0.0613,0.0050
5743,1000.2,246.6,94.1890,94.1940,94.1329,0.0561,0.0611,0.0050
5744,999.7,268.0,94.1928,94.1978,94.1370,0.0558,0.0608,0.0050
5745,1000.1,285.7,94.1965,94.2015,94.1412,0.0552,0.0603,0.0050
5746,999.7,297.8,94.2002,94.2052,94.1458,0.0544,0.0594,0.0050
5747,1000.5,259.6,94.2039,94.2089,94.1501,0.0538,0.0588,0.0050
5748,999.8,260.6,94.2076,94.2126,94.1544,0.0532,0.0582,0.0050
5749,1000.0,260.6,94.2113,94.2163,94.1587,0.0527,0.0576,0.0050
5750,1000.1,254.0,94.2150,94.2200,94.1587,0.0564,0.0613,0.0050
5751,999.9,278.6,94.2187,94.2237,94.1633,0.0555,0.0604,0.0050
5752,999.9,252.0,94.2224,94.2274,94.1675,0.0549,0.0599,0.0050
5753,999.9,251.2,94.2261,94.2311,94.1718,0.0543,0.0593,0.0050
5754,1000.1,270.3,94.2298,94.2347,94.1765,0.0532,0.0582,0.0050
5755,1000.1,245.5,94.2334,94.2384,94.1811,0.0523,0.0573,0.0050
5756,999.6,256.1,94.2371,94.2420,94.1859,0.0512,0.0562,0.0050
5757,1000.3,269.7,94.2407,94.2457,94.1906,0.0502,0.0551,0.0050
5758,999.9,244.6,94.2444,94.2493,94.1955,0.0489,0.0539,0.0050
5759,1000.5,266.9,94.2480,94.2530,94.1999,0.0481,0.0530,0.0050
5760,999.6,256.2,94.2516,94.2566,94.2042,0.0474,0.0524,0.0050
5761,1000.1,255.5,94.2553,94.2602,94.2083,0.0470,0.0519,0.0050
5762,1000.0,261.7,94.2589,94.2638,94.2125,0.0464,0.0513,0.0049
5763,1000.0,254.8,94.2625,94.2674,94.2165,0.0460,0.0509,0.0049
5764,1000.0,254.5,94.2661,94.2710,94.2205,0.0456,0.0505,0.0049
5765,1000.1,259.5,94.2697,94.2746,94.2247,0.0450,0.0500,0.0049
5766,999.7,268.7,94.2733,94.2782,94.2290,0.0442,0.0492,0.0049
5767,1000.2,250.0,94.2769,94.2818,94.2332,0.0437,0.0486,0.0049
5768,1000.1,256.4,94.2805,94.2854,94.2374,0.0431,0.0480,0.0049
5769,1000.1,306.3,94.2840,94.2890,94.2419,0.0422,0.0471,0.0049
5770,999.8,282.2,94.2876,94.2925,94.2460,0.0416,0.0465,0.0049
5771,1000.0,272.4,94.2912,94.2961,94.2500,0.0411,0.0461,0.0049
5772,999.9,264.3,94.2947,94.2996,94.2541,0.0407,0.0456,0.0049
5773,1000.1,245.5,94.2983,94.3032,94.2585,0.0398,0.0447,0.0049
5774,999.9,267.2,94.3018,94.3067,94.2625,0.0393,0.0442,0.0049
5775,999.9,253.1,94.3053,94.3103,94.2665,0.0388,0.0437,0.0049
5776,999.9,251.2,94.3089,94.3138,94.2705,0.0384,0.0433,0.0049
5777,1000.2,272.2,94.3124,94.3173,94.2749,0.0375,0.0424,0.0049
5778,999.7,249.0,94.3159,94.3208,94.2791,0.0368,0.0417,0.0049
5779,1000.1,257.5,94.3194,94.3243,94.2832,0.0362,0.0411,0.0049
5780,999.9,263.8,94.3229,94.3278,94.2872,0.0357,0.0406,0.0049
5781,1000.2,259.6,94.3264,94.3313,94.2912,0.0352,0.0401,0.0049
5782,999.9,254.4,94.3299,94.3348,94.2947,0.0352,0.0401,0.0049
5783,1000.0,257.6,94.3334,94.3383,94.2983,0.0351,0.0400,0.0049
5784,1000.0,256.5,94.3369,94.3417,94.3018,0.0351,0.0399,0.0049
5785,1000.1,253.5,94.3403,94.3452,94.3056,0.0347,0.0396,0.0049
5786,999.6,268.1,94.3438,94.3487,94.3091,0.0347,0.0396,0.0049
5787,1000.4,248.6,94.3473,94.3521,94.3125,0.0348,0.0396,0.0049
5788,999.9,254.3,94.3507,94.3556,94.3158,0.0349,0.0398,0.0049
5789,1000.0,288.1,94.3541,94.3590,94.3194,0.0348,0.0397,0.0049
5790,1000.0,280.1,94.3576,94.3624,94.3225,0.0351,0.0399,0.0049
5791,1000.1,262.5,94.3610,94.3659,94.3255,0.0355,0.0403,0.0049
5792,999.9,271.2,94.3644,94.3693,94.3284,0.0360,0.0409,0.0049
5793,1000.9,251.7,94.3679,94.3727,94.3312,0.0366,0.0415,0.0048
5794,999.3,285.6,94.3713,94.3761,94.3342,0.0371,0.0419,0.0048
5795,999.9,287.6,94.3747,94.3795,94.3369,0.0378,0.0426,0.0048
5796,999.7,281.3,94.3781,94.3829,94.3395,0.0386,0.0434,0.0048
5797,1000.4,277.0,94.3815,94.3863,94.3420,0.0394,0.0443,0.0048
5798,999.8,263.4,94.3848,94.3897,94.3447,0.0402,0.0450,0.0048
5799,1000.0,258.6,94.3882,94.3930,94.3472,0.0411,0.0459,0.0048
5800,999.8,258.8,94.3916,94.3964,94.3497,0.0419,0.0467,0.0048
5801,1000.3,274.6,94.3949,94.3998,94.3522,0.0427,0.0475,0.0048
5802,1000.0,261.0,94.3983,94.4031,94.3551,0.0432,0.0480,0.0048
5803,1000.1,262.1,94.4017,94.4065,94.3580,0.0437,0.0485,0.0048
5804,999.8,272.8,94.4050,94.4098,94.3608,0.0442,0.0490,0.0048
5805,1000.2,248.3,94.4083,94.4131,94.3636,0.0447,0.0495,0.0048
5806,999.7,268.7,94.4117,94.4165,94.3666,0.0450,0.0499,0.0048
5807,1000.2,253.8,94.4150,94.4198,94.3695,0.0455,0.0503,0.0048
5808,999.8,246.9,94.4183,94.4231,94.3723,0.0460,0.0508,0.0048
5809,1000.6,272.7,94.4216,94.4264,94.3752,0.0464,0.0512,0.0048
5810,999.4,247.5,94.4249,94.4297,94.3781,0.0468,0.0516,0.0048
5811,1000.0,250.0,94.4282,94.4330,94.3809,0.0473,0.0521,0.0048
5812,1000.2,273.2,94.4315,94.4363,94.3837,0.0478,0.0526,0.0048
5813,999.9,250.1,94.4348,94.4396,94.3866,0.0482,0.0530,0.0048
5814,999.9,264.5,94.4381,94.4428,94.3896,0.0485,0.0533,0.0048
5815,1000.1,262.8,94.4413,94.4461,94.3929,0.0484,0.0532,0.0048
5816,999.8,257.0,94.4446,94.4494,94.3960,0.0485,0.0533,0.0048
5817,1000.2,261.7,94.4479,94.4526,94.3993,0.0486,0.0533,0.0048
5818,999.8,263.4,94.4511,94.4559,94.4025,0.0486,0.0534,0.0048
5819,1000.2,288.0,94.4543,94.4591,94.4060,0.0484,0.0531,0.0048
5820,999.8,292.3,94.4576,94.4623,94.4092,0.0483,0.0531,0.0048
5821,1000.2,305.4,94.4608,94.4656,94.4126,0.0482,0.0530,0.0048
5822,999.7,287.8,94.4640,94.4688,94.4159,0.0481,0.0529,0.0048
5823,1000.2,306.6,94.4672,94.4720,94.4195,0.0477,0.0525,0.0047
5824,999.8,291.5,94.4705,94.4752,94.4228,0.0477,0.0524,0.0047
5825,1000.2,278.3,94.4737,94.4784,94.4259,0.0477,0.0525,0.0047
5826,999.7,276.2,94.4768,94.4816,94.4290,0.0478,0.0526,0.0047
5827,1000.3,268.0,94.4800,94.4848,94.4324,0.0477,0.0524,0.0047
5828,999.9,249.4,94.4832,94.4879,94.4356,0.0476,0.0524,0.0047
5829,1000.6,272.0,94.4864,94.4911,94.4389,0.0475,0.0522,0.0047
5830,999.4,266.1,94.4896,94.4943,94.4422,0.0473,0.0521,0.0047
5831,1000.0,246.1,94.4927,94.4974,94.4459,0.0468,0.0515,0.0047
5832,1000.2,267.9,94.4959,94.5006,94.4495,0.0464,0.0511,0.0047
5833,1000.1,249.0,94.4990,94.5037,94.4531,0.0460,0.0507,0.0047
5834,999.8,259.8,94.5022,94.5069,94.4566,0.0456,0.0503,0.0047
5835,1000.0,257.6,94.5053,94.5100,94.4603,0.0450,0.0497,0.0047
5836,999.6,260.0,94.5084,94.5131,94.4636,0.0448,0.0495,0.0047
5837,1000.4,252.1,94.5115,94.5162,94.4667,0.0448,0.0495,0.0047
5838,999.8,257.3,94.5147,94.5194,94.4697,0.0449,0.0496,0.0047
5839,1000.1,260.3,94.5178,94.5225,94.4730,0.0447,0.0494,0.0047
5840,999.8,248.0,94.5209,94.5256,94.4762,0.0447,0.0494,0.0047
5841,1000.2,273.4,94.5240,94.5286,94.4794,0.0446,0.0492,0.0047
5842,1001.2,255.6,94.5270,94.5317,94.4825,0.0445,0.0492,0.0047
5843,1000.2,263.6,94.5301,94.5348,94.4859,0.0442,0.0489,0.0047
5844,998.7,300.1,94.5332,94.5379,94.4892,0.0440,0.0487,0.0047
5845,1000.0,297.8,94.5363,94.5409,94.4925,0.0438,0.0485,0.0047
5846,999.7,265.1,94.5393,94.5440,94.4959,0.0434,0.0481,0.0047
5847,1000.4,267.5,94.5424,94.5470,94.4996,0.0428,0.0474,0.0047
5848,999.9,246.7,94.5454,94.5501,94.5031,0.0423,0.0470,0.0047
5849,1000.0,274.4,94.5484,94.5531,94.5065,0.0420,0.0466,0.0047
5850,999.7,260.1,94.5515,94.5561,94.5098,0.0417,0.0464,0.0047
5851,1000.1,259.9,94.5545,94.5592,94.5132,0.0413,0.0459,0.0047
5852,1000.1,262.5,94.5575,94.5622,94.5165,0.0410,0.0457,0.0046
5853,999.9,260.4,94.5605,94.5652,94.5199,0.0406,0.0453,0.0046
5854,999.9,256.7,94.5635,94.5682,94.5232,0.0403,0.0450,0.0046
5855,999.9,259.4,94.5665,94.5712,94.5267,0.0398,0.0445,0.0046
5856,999.8,267.9,94.5695,94.5741,94.5299,0.0396,0.0442,0.0046
5857,1000.3,250.8,94.5725,94.5771,94.5332,0.0393,0.0439,0.0046
5858,999.8,261.2,94.5755,94.5801,94.5366,0.0389,0.0435,0.0046
5859,1000.8,277.2,94.5784,94.5831,94.5405,0.0380,0.0426,0.0046
5860,1003.2,264.8,94.5814,94.5860,94.5439,0.0375,0.0421,0.0046
5861,1000.4,280.1,94.5844,94.5890,94.5472,0.0372,0.0418,0.0046
5862,998.6,264.5,94.5873,94.5919,94.5504,0.0369,0.0416,0.0046
5863,1000.9,260.7,94.5902,94.5949,94.5538,0.0364,0.0411,0.0046
5864,1000.0,285.9,94.5932,94.5978,94.5571,0.0361,0.0407,0.0046
5865,999.6,305.6,94.5961,94.6007,94.5603,0.0358,0.0404,0.0046
5866,999.4,270.7,94.5990,94.6036,94.5634,0.0356,0.0402,0.0046
5867,1000.3,298.4,94.6019,94.6065,94.5668,0.0352,0.0398,0.0046
5868,999.5,263.9,94.6048,94.6094,94.5699,0.0350,0.0396,0.0046
5869,1000.1,279.7,94.6077,94.6123,94.5731,0.0346,0.0392,0.0046
5870,1001.2,301.4,94.6106,94.6152,94.5763,0.0343,0.0389,0.0046
5871,998.9,292.6,94.6135,94.6181,94.5795,0.0340,0.0386,0.0046
5872,1000.3,272.7,94.6164,94.6210,94.5830,0.0334,0.0380,0.0046
5873,998.5,269.8,94.6193,94.6238,94.5860,0.0333,0.0379,0.0046
5874,999.6,270.9,94.6221,94.6267,94.5889,0.0332,0.0378,0.0046
5875,999.1,258.8,94.6250,94.6295,94.5919,0.0331,0.0377,0.0046
5876,999.5,277.7,94.6278,94.6324,94.5950,0.0328,0.0374,0.0046
5877,1001.8,269.7,94.6307,94.6352,94.5977,0.0329,0.0375,0.0046
5878,998.7,258.1,94.6335,94.6381,94.6003,0.0332,0.0378,0.0046
5879,1002.9,282.8,94.6363,94.6409,94.6028,0.0335,0.0381,0.0046
5880,1000.0,259.5,94.6392,94.6437,94.6056,0.0336,0.0381,0.0045
5881,1000.1,265.4,94.6420,94.6465,94.6082,0.0338,0.0383,0.0045
5882,1000.3,276.7,94.6448,94.6493,94.6107,0.0340,0.0386,0.0045
5883,999.0,254.6,94.6476,94.6521,94.6136,0.0340,0.0385,0.0045
5884,998.5,277.1,94.6504,94.6549,94.6162,0.0342,0.0387,0.0045
5885,1000.5,266.1,94.6531,94.6577,94.6188,0.0343,0.0389,0.0045
5886,1000.1,275.3,94.6559,94.6605,94.6213,0.0346,0.0391,0.0045
5887,998.6,267.7,94.6587,94.6632,94.6241,0.0346,0.0391,0.0045
5888,999.8,252.9,94.6615,94.6660,94.6268,0.0347,0.0392,0.0045
5889,1000.0,258.3,94.6642,94.6687,94.6296,0.0347,0.0392,0.0045
5890,999.7,258.6,94.6670,94.6715,94.6322,0.0347,0.0393,0.0045
5891,1002.3,261.3,94.6697,94.6742,94.6350,0.0347,0.0392,0.0045
5892,1000.7,272.2,94.6724,94.6770,94.6375,0.0349,0.0394,0.0045
5893,1000.1,279.3,94.6752,94.6797,94.6400,0.0352,0.0397,0.0045
5894,999.9,299.4,94.6779,94.6824,94.6424,0.0355,0.0400,0.0045
5895,1000.4,286.4,94.6806,94.6851,94.6447,0.0360,0.0405,0.0045
5896,999.8,308.1,94.6833,94.6878,94.6472,0.0361,0.0406,0.0045
5897,999.9,267.6,94.6860,94.6905,94.6497,0.0363,0.0408,0.0045
5898,1000.6,265.9,94.6887,94.6932,94.6523,0.0364,0.0409,0.0045
5899,1000.8,275.6,94.6914,94.6959,94.6550,0.0364,0.0409,0.0045
5900,998.7,264.8,94.6941,94.6986,94.6581,0.0360,0.0404,0.0045
5901,999.9,265.7,94.6968,94.7012,94.6609,0.0358,0.0403,0.0045
5902,999.3,270.9,94.6994,94.7039,94.6637,0.0357,0.0402,0.0045
5903,1001.2,262.0,94.7021,94.7065,94.6672,0.0349,0.0394,0.0045
5904,996.9,270.4,94.7047,94.7092,94.6699,0.0348,0.0392,0.0045
5905,1003.0,267.6,94.7074,94.7118,94.6728,0.0346,0.0391,0.0045
5906,998.2,276.8,94.7100,94.7145,94.6756,0.0344,0.0389,0.0045
5907,1000.6,268.5,94.7126,94.7171,94.6785,0.0341,0.0386,0.0045
5908,997.9,265.2,94.7153,94.7197,94.6812,0.0340,0.0385,0.0044
5909,999.7,261.9,94.7179,94.7223,94.6840,0.0339,0.0384,0.0044
5910,1000.3,265.0,94.7205,94.7249,94.6866,0.0339,0.0383,0.0044
5911,999.5,272.9,94.7231,94.7275,94.6896,0.0335,0.0379,0.0044
5912,1000.2,250.5,94.7257,94.7301,94.6922,0.0334,0.0379,0.0044
5913,1000.0,251.8,94.7283,94.7327,94.6948,0.0335,0.0379,0.0044
5914,999.8,267.0,94.7308,94.7353,94.6973,0.0335,0.0380,0.0044
5915,999.9,247.5,94.7334,94.7378,94.7002,0.0332,0.0376,0.0044
5916,999.7,262.3,94.7360,94.7404,94.7030,0.0329,0.0374,0.0044
5917,1000.5,252.1,94.7385,94.7429,94.7059,0.0327,0.0371,0.0044
5918,999.9,242.0,94.7411,94.7455,94.7086,0.0324,0.0368,0.0044
5919,1003.5,281.7,94.7436,94.7480,94.7086,0.0350,0.0394,0.0044
5920,1000.9,303.5,94.7462,94.7506,94.7117,0.0345,0.0389,0.0044
5921,997.9,272.7,94.7487,94.7531,94.7146,0.0341,0.0385,0.0044
5922,1001.6,280.6,94.7512,94.7556,94.7174,0.0338,0.0382,0.0044
5923,996.4,258.9,94.7537,94.7581,94.7204,0.0334,0.0377,0.0044
5924,999.7,264.6,94.7562,94.7606,94.7230,0.0332,0.0376,0.0044
5925,1000.0,268.6,94.7587,94.7631,94.7257,0.0330,0.0374,0.0044
5926,999.7,258.5,94.7612,94.7656,94.7283,0.0329,0.0373,0.0044
5927,1000.2,253.5,94.7637,94.7681,94.7312,0.0325,0.0369,0.0044
5928,999.9,265.1,94.7662,94.7705,94.7337,0.0325,0.0369,0.0044
5929,1000.1,278.5,94.7686,94.7730,94.7359,0.0327,0.0371,0.0044
5930,1000.8,254.9,94.7711,94.7755,94.7383,0.0328,0.0371,0.0044
5931,999.4,273.0,94.7736,94.7779,94.7411,0.0325,0.0369,0.0044
5932,999.7,255.9,94.7760,94.7804,94.7435,0.0325,0.0368,0.0044
5933,1001.3,258.0,94.7784,94.7828,94.7460,0.0325,0.0368,0.0044
5934,999.0,266.1,94.7809,94.7852,94.7485,0.0324,0.0367,0.0044
5935,999.9,250.4,94.7833,94.7877,94.7514,0.0319,0.0362,0.0044
5936,999.4,256.6,94.7857,94.7901,94.7543,0.0315,0.0358,0.0043
5937,1001.3,273.7,94.7881,94.7925,94.7570,0.0311,0.0354,0.0043
5938,1001.6,256.8,94.7905,94.7949,94.7598,0.0308,0.0351,0.0043
5939,998.9,280.4,94.7929,94.7973,94.7627,0.0303,0.0346,0.0043
5940,999.0,285.6,94.7953,94.7997,94.7654,0.0299,0.0343,0.0043
5941,1001.2,300.2,94.7977,94.8020,94.7681,0.0297,0.0340,0.0043
5942,1000.2,275.3,94.8001,94.8044,94.7708,0.0293,0.0336,0.0043
5943,1002.6,305.4,94.8025,94.8068,94.7737,0.0288,0.0331,0.0043
5944,996.6,290.0,94.8048,94.8091,94.7765,0.0284,0.0327,0.0043
5945,999.5,281.5,94.8072,94.8115,94.7792,0.0279,0.0323,0.0043
5946,999.2,291.9,94.8095,94.8138,94.7820,0.0275,0.0318,0.0043
5947,1000.7,267.8,94.8119,94.8162,94.7849,0.0270,0.0313,0.0043
5948,999.4,260.3,94.8142,94.8185,94.7876,0.0266,0.0309,0.0043
5949,1000.4,262.3,94.8165,94.8208,94.7904,0.0261,0.0304,0.0043
5950,999.3,248.5,94.8188,94.8231,94.7932,0.0256,0.0299,0.0043
5951,1001.6,273.2,94.8211,94.8254,94.7962,0.0250,0.0292,0.0043
5952,998.4,249.8,94.8234,94.8277,94.7989,0.0245,0.0288,0.0043
5953,1000.3,244.4,94.8257,94.8300,94.8016,0.0242,0.0284,0.0043
5954,999.6,265.4,94.8280,94.8323,94.8043,0.0237,0.0280,0.0043
5955,1000.7,251.1,94.8303,94.8346,94.8074,0.0230,0.0272,0.0043
5956,999.0,245.4,94.8326,94.8368,94.8100,0.0226,0.0268,0.0043
5957,1001.6,268.8,94.8348,94.8391,94.8126,0.0223,0.0265,0.0043
5958,1000.4,258.5,94.8371,94.8414,94.8150,0.0221,0.0263,0.0043
5959,1000.2,263.0,94.8393,94.8436,94.8176,0.0217,0.0260,0.0043
5960,1000.2,273.3,94.8416,94.8459,94.8198,0.0218,0.0260,0.0043
5961,999.1,260.7,94.8438,94.8481,94.8222,0.0216,0.0259,0.0043
5962,1000.9,276.3,94.8461,94.8503,94.8245,0.0215,0.0258,0.0043
5963,1002.6,274.2,94.8483,94.8525,94.8268,0.0215,0.0257,0.0042
5964,996.7,257.2,94.8505,94.8547,94.8289,0.0216,0.0258,0.0042
5965,999.1,261.5,94.8527,94.8569,94.8312,0.0215,0.0257,0.0042
5966,999.7,264.4,94.8549,94.8591,94.8336,0.0213,0.0255,0.0042
5967,1000.1,253.9,94.8571,94.8613,94.8363,0.0208,0.0250,0.0042
5968,1000.1,248.9,94.8593,94.8635,94.8387,0.0205,0.0248,0.0042
5969,999.8,292.3,94.8614,94.8657,94.8410,0.0204,0.0246,0.0042
5970,999.7,306.8,94.8636,94.8678,94.8433,0.0203,0.0246,0.0042
5971,1000.3,261.6,94.8658,94.8700,94.8455,0.0203,0.0245,0.0042
5972,1000.1,275.6,94.8679,94.8721,94.8477,0.0202,0.0245,0.0042
5973,1000.0,248.8,94.8701,94.8743,94.8496,0.0204,0.0246,0.0042
5974,1000.0,266.3,94.8722,94.8764,94.8516,0.0206,0.0248,0.0042
5975,1000.1,249.5,94.8743,94.8786,94.8535,0.0208,0.0250,0.0042
5976,1000.5,272.0,94.8765,94.8807,94.8555,0.0209,0.0251,0.0042
5977,1000.2,274.7,94.8786,94.8828,94.8573,0.0213,0.0255,0.0042
5978,1000.8,286.6,94.8807,94.8849,94.8591,0.0216,0.0258,0.0042
5979,999.4,280.4,94.8828,94.8870,94.8608,0.0220,0.0262,0.0042
5980,1000.8,270.0,94.8849,94.8891,94.8625,0.0224,0.0266,0.0042
5981,1002.2,291.6,94.8870,94.8912,94.8643,0.0227,0.0269,0.0042
5982,997.1,256.9,94.8891,94.8932,94.8662,0.0229,0.0271,0.0042
5983,999.0,295.7,94.8911,94.8953,94.8680,0.0231,0.0273,0.0042
5984,1000.4,303.8,94.8932,94.8974,94.8700,0.0232,0.0274,0.0042
5985,999.6,265.7,94.8953,94.8994,94.8721,0.0232,0.0274,0.0042
5986,1000.1,294.1,94.8973,94.9015,94.8740,0.0233,0.0275,0.0042
5987,999.7,264.4,94.8994,94.9035,94.8758,0.0235,0.0277,0.0042
5988,1000.1,257.2,94.9014,94.9055,94.8778,0.0236,0.0278,0.0042
5989,1000.1,283.0,94.9034,94.9076,94.8800,0.0235,0.0276,0.0042
5990,999.5,266.9,94.9054,94.9096,94.8820,0.0234,0.0276,0.0041
5991,1001.4,261.9,94.9074,94.9116,94.8842,0.0232,0.0274,0.0041
5992,999.4,268.1,94.9095,94.9136,94.8862,0.0232,0.0274,0.0041
5993,999.5,256.2,94.9115,94.9156,94.8884,0.0230,0.0272,0.0041
5994,1003.0,303.7,94.9134,94.9176,94.8905,0.0229,0.0271,0.0041
5995,998.9,301.2,94.9154,94.9196,94.8925,0.0229,0.0270,0.0041
5996,998.5,303.7,94.9174,94.9215,94.8946,0.0228,0.0270,0.0041
5997,1001.4,275.3,94.9194,94.9235,94.8966,0.0228,0.0269,0.0041
5998,1002.5,308.3,94.9213,94.9254,94.8985,0.0228,0.0270,0.0041
5999,997.1,271.1,94.9233,94.9274,94.9005,0.0228,0.0269,0.0041
6000,998.6,257.0,94.9252,94.9293,94.9024,0.0228,0.0269,0.0041
6001,1000.3,272.8,94.9272,94.9313,94.9045,0.0226,0.0267,0.0041
6002,999.7,255.6,94.9291,94.9332,94.9064,0.0227,0.0268,0.0041
6003,1000.1,260.4,94.9310,94.9351,94.9083,0.0227,0.0268,0.0041
6004,1000.1,271.2,94.9329,94.9370,94.9101,0.0228,0.0269,0.0041
6005,1000.0,251.6,94.9348,94.9389,94.9122,0.0227,0.0268,0.0041
6006,1000.1,267.2,94.9367,94.9408,94.9140,0.0228,0.0269,0.0041
6007,1000.4,252.1,94.9386,94.9427,94.9158,0.0229,0.0270,0.0041
6008,999.9,247.8,94.9405,94.9446,94.9177,0.0228,0.0269,0.0041
6009,999.4,265.5,94.9424,94.9465,94.9199,0.0225,0.0266,0.0041
6010,999.8,259.8,94.9443,94.9483,94.9220,0.0222,0.0263,0.0041
6011,1000.1,250.1,94.9461,94.9502,94.9241,0.0220,0.0261,0.0041
6012,1000.0,292.1,94.9480,94.9521,94.9262,0.0218,0.0258,0.0041
6013,1002.5,262.3,94.9498,94.9539,94.9286,0.0213,0.0253,0.0041
6014,1001.2,271.5,94.9517,94.9557,94.9306,0.0210,0.0251,0.0041
6015,1000.1,279.5,94.9535,94.9576,94.9327,0.0208,0.0249,0.0041
6016,998.9,268.8,94.9553,94.9594,94.9346,0.0208,0.0248,0.0041
6017,1000.3,284.9,94.9571,94.9612,94.9366,0.0206,0.0246,0.0040
6018,998.7,303.4,94.9590,94.9630,94.9383,0.0206,0.0247,0.0040
6019,1000.3,303.6,94.9608,94.9648,94.9401,0.0207,0.0247,0.0040
6020,999.8,313.9,94.9626,94.9666,94.9417,0.0208,0.0249,0.0040
6021,998.9,293.0,94.9643,94.9684,94.9436,0.0208,0.0248,0.0040
6022,1003.2,268.9,94.9661,94.9701,94.9452,0.0209,0.0250,0.0040
6023,1000.4,268.2,94.9679,94.9719,94.9469,0.0210,0.0250,0.0040
6024,998.0,273.6,94.9697,94.9737,94.9485,0.0211,0.0252,0.0040
6025,999.8,259.0,94.9714,94.9754,94.9503,0.0211,0.0251,0.0040
6026,1000.6,270.3,94.9732,94.9772,94.9519,0.0213,0.0253,0.0040
6027,1000.7,283.9,94.9749,94.9789,94.9534,0.0215,0.0255,0.0040
6028,998.1,258.1,94.9766,94.9806,94.9548,0.0218,0.0258,0.0040
6029,1000.3,271.4,94.9784,94.9824,94.9565,0.0218,0.0258,0.0040
6030,1000.4,268.5,94.9801,94.9841,94.9582,0.0219,0.0259,0.0040
6031,999.6,263.6,94.9818,94.9858,94.9600,0.0218,0.0258,0.0040
6032,998.6,261.0,94.9835,94.9875,94.9618,0.0217,0.0257,0.0040
6033,1000.1,254.3,94.9852,94.9892,94.9636,0.0216,0.0256,0.0040
6034,999.6,259.7,94.9869,94.9909,94.9653,0.0216,0.0256,0.0040
6035,1000.1,263.8,94.9886,94.9925,94.9672,0.0214,0.0254,0.0040
6036,999.7,262.4,94.9902,94.9942,94.9690,0.0213,0.0252,0.0040
6037,1003.6,292.7,94.9919,94.9959,94.9709,0.0210,0.0249,0.0040
6038,999.9,286.4,94.9936,94.9975,94.9726,0.0209,0.0249,0.0040
6039,1000.1,272.9,94.9952,94.9992,94.9743,0.0209,0.0249,0.0040
6040,999.4,258.6,94.9969,95.0008,94.9759,0.0209,0.0249,0.0040
6041,998.6,277.6,94.9985,95.0024,94.9778,0.0207,0.0247,0.0040
6042,999.1,256.9,95.0001,95.0041,94.9794,0.0207,0.0246,0.0040
6043,1001.1,257.3,95.0017,95.0057,94.9811,0.0207,0.0246,0.0039
6044,998.6,277.7,95.0033,95.0073,94.9826,0.0207,0.0246,0.0039
6045,999.9,283.7,95.0050,95.0089,94.9843,0.0206,0.0246,0.0039
6046,999.7,290.3,95.0065,95.0105,94.9859,0.0207,0.0246,0.0039
6047,1004.5,282.0,95.0081,95.0121,94.9874,0.0207,0.0247,0.0039
6048,997.5,259.9,95.0097,95.0137,94.9889,0.0209,0.0248,0.0039
6049,999.8,272.8,95.0113,95.0152,94.9902,0.0211,0.0250,0.0039
6050,1001.8,282.8,95.0129,95.0168,94.9917,0.0212,0.0251,0.0039
6051,999.8,279.6,95.0144,95.0183,94.9931,0.0214,0.0253,0.0039
6052,1001.2,282.9,95.0160,95.0199,94.9944,0.0216,0.0255,0.0039
6053,999.5,268.2,95.0175,95.0214,94.9958,0.0217,0.0256,0.0039
6054,998.1,271.2,95.0190,95.0230,94.9970,0.0221,0.0260,0.0039
6055,998.9,273.5,95.0206,95.0245,94.9983,0.0223,0.0262,0.0039
6056,999.5,271.9,95.0221,95.0260,94.9996,0.0224,0.0263,0.0039
6057,999.9,259.4,95.0236,95.0275,95.0012,0.0224,0.0263,0.0039
6058,999.9,268.9,95.0251,95.0290,95.0026,0.0225,0.0264,0.0039
6059,1000.1,289.3,95.0266,95.0305,95.0041,0.0225,0.0264,0.0039
6060,1000.8,266.3,95.0281,95.0320,95.0056,0.0225,0.0263,0.0039
6061,999.3,290.9,95.0296,95.0335,95.0073,0.0223,0.0261,0.0039
6062,1001.3,282.6,95.0311,95.0349,95.0090,0.0221,0.0260,0.0039
6063,998.7,256.6,95.0325,95.0364,95.0106,0.0220,0.0258,0.0039
6064,999.6,269.1,95.0340,95.0379,95.0121,0.0219,0.0257,0.0039
6065,1000.3,265.4,95.0354,95.0393,95.0138,0.0216,0.0255,0.0039
6066,1000.0,259.0,95.0369,95.0407,95.0155,0.0214,0.0252,0.0039
6067,999.7,274.2,95.0383,95.0422,95.0172,0.0211,0.0250,0.0039
6068,1000.5,254.2,95.0397,95.0436,95.0189,0.0209,0.0247,0.0039
6069,999.6,271.8,95.0412,95.0450,95.0207,0.0205,0.0243,0.0038
6070,999.5,283.7,95.0426,95.0464,95.0223,0.0203,0.0242,0.0038
6071,1000.3,294.1,95.0440,95.0478,95.0238,0.0201,0.0240,0.0038
6072,1001.8,266.4,95.0454,95.0492,95.0254,0.0200,0.0238,0.0038
6073,1000.9,274.9,95.0468,95.0506,95.0272,0.0195,0.0234,0.0038
6074,998.5,273.9,95.0482,95.0520,95.0291,0.0191,0.0229,0.0038
6075,1005.4,258.8,95.0495,95.0534,95.0307,0.0189,0.0227,0.0038
6076,993.4,268.6,95.0509,95.0547,95.0320,0.0189,0.0227,0.0038
6077,1002.5,262.9,95.0523,95.0561,95.0334,0.0188,0.0226,0.0038
6078,997.7,260.6,95.0536,95.0574,95.0348,0.0189,0.0227,0.0038
6079,1003.0,273.2,95.0549,95.0588,95.0362,0.0188,0.0226,0.0038
6080,997.2,251.1,95.0563,95.0601,95.0376,0.0186,0.0224,0.0038
6081,1003.9,267.4,95.0576,95.0614,95.0393,0.0183,0.0221,0.0038
6082,996.2,287.0,95.0589,95.0627,95.0409,0.0180,0.0218,0.0038
6083,999.3,264.2,95.0602,95.0640,95.0424,0.0178,0.0216,0.0038
6084,1000.3,279.8,95.0616,95.0653,95.0440,0.0175,0.0213,0.0038
6085,999.9,271.3,95.0628,95.0666,95.0457,0.0171,0.0209,0.0038
6086,999.7,258.1,95.0641,95.0679,95.0474,0.0167,0.0205,0.0038
6087,1000.4,265.9,95.0654,95.0692,95.0490,0.0164,0.0202,0.0038
6088,999.9,248.8,95.0667,95.0705,95.0505,0.0162,0.0200,0.0038
6089,1000.0,256.8,95.0680,95.0717,95.0520,0.0160,0.0198,0.0038
6090,1000.1,261.8,95.0692,95.0730,95.0534,0.0158,0.0196,0.0038
6091,999.9,254.6,95.0705,95.0742,95.0549,0.0156,0.0194,0.0038
6092,1000.0,250.2,95.0717,95.0755,95.0563,0.0154,0.0191,0.0038
6093,1002.3,284.5,95.0729,95.0767,95.0563,0.0166,0.0204,0.0038
6094,998.3,315.1,95.0742,95.0779,95.0580,0.0162,0.0199,0.0038
6095,1001.7,312.5,95.0754,95.0791,95.0595,0.0159,0.0197,0.0037
6096,999.7,321.9,95.0766,95.0804,95.0610,0.0156,0.0193,0.0037
6097,999.7,319.4,95.0778,95.0816,95.0627,0.0152,0.0189,0.0037
6098,999.1,308.7,95.0790,95.0827,95.0642,0.0148,0.0186,0.0037
6099,1002.2,299.5,95.0802,95.0839,95.0658,0.0144,0.0181,0.0037
6100,997.0,314.1,95.0814,95.0851,95.0674,0.0140,0.0177,0.0037
6101,999.9,272.4,95.0826,95.0863,95.0690,0.0135,0.0172,0.0037
6102,1000.2,269.2,95.0837,95.0874,95.0704,0.0133,0.0170,0.0037
6103,999.8,265.4,95.0849,95.0886,95.0718,0.0131,0.0168,0.0037
6104,1000.2,271.0,95.0860,95.0897,95.0732,0.0128,0.0165,0.0037
6105,999.7,264.9,95.0872,95.0909,95.0748,0.0124,0.0161,0.0037
6106,1000.1,257.3,95.0883,95.0920,95.0763,0.0120,0.0157,0.0037
6107,1000.3,265.0,95.0894,95.0931,95.0779,0.0116,0.0153,0.0037
6108,999.9,260.5,95.0906,95.0943,95.0793,0.0112,0.0149,0.0037
6109,1000.0,256.2,95.0917,95.0954,95.0808,0.0109,0.0146,0.0037
6110,1000.0,267.7,95.0928,95.0965,95.0821,0.0107,0.0144,0.0037
6111,999.9,273.9,95.0939,95.0975,95.0833,0.0105,0.0142,0.0037
6112,1003.1,264.8,95.0950,95.0986,95.0846,0.0104,0.0141,0.0037
6113,997.7,254.2,95.0960,95.0997,95.0860,0.0100,0.0137,0.0037
6114,1001.7,275.9,95.0971,95.1008,95.0873,0.0098,0.0135,0.0037
6115,997.8,263.8,95.0982,95.1018,95.0885,0.0096,0.0133,0.0037
6116,999.7,261.2,95.0992,95.1029,95.0898,0.0094,0.0131,0.0037
6117,1003.7,283.9,95.1003,95.1039,95.0911,0.0092,0.0129,0.0037
6118,997.7,255.0,95.1013,95.1050,95.0923,0.0091,0.0127,0.0037
6119,998.6,274.3,95.1023,95.1060,95.0935,0.0088,0.0125,0.0037
6120,999.7,290.7,95.1034,95.1070,95.0948,0.0086,0.0123,0.0037
6121,1000.2,288.4,95.1044,95.1080,95.0962,0.0082,0.0119,0.0036
6122,999.9,263.3,95.1054,95.1090,95.0975,0.0079,0.0116,0.0036
6123,1000.1,250.6,95.1064,95.1100,95.0988,0.0076,0.0113,0.0036
6124,999.8,255.6,95.1074,95.1110,95.1002,0.0072,0.0109,0.0036
6125,1000.2,257.0,95.1084,95.1120,95.1015,0.0069,0.0105,0.0036
6126,999.5,256.7,95.1094,95.1130,95.1027,0.0066,0.0103,0.0036
6127,1000.6,250.7,95.1103,95.1140,95.1039,0.0064,0.0100,0.0036
6128,999.9,262.6,95.1113,95.1149,95.1050,0.0063,0.0100,0.0036
6129,1000.1,262.4,95.1123,95.1159,95.1062,0.0061,0.0097,0.0036
6130,999.6,252.9,95.1132,95.1168,95.1074,0.0059,0.0095,0.0036
6131,1004.4,279.9,95.1141,95.1178,95.1084,0.0057,0.0093,0.0036
6132,997.5,256.7,95.1151,95.1187,95.1095,0.0055,0.0091,0.0036
6133,1001.7,270.0,95.1160,95.1196,95.1107,0.0053,0.0089,0.0036
6134,997.8,271.4,95.1169,95.1205,95.1115,0.0054,0.0090,0.0036
6135,1002.1,265.7,95.1178,95.1214,95.1123,0.0055,0.0091,0.0036
6136,997.0,260.5,95.1187,95.1223,95.1131,0.0056,0.0092,0.0036
6137,999.9,270.2,95.1196,95.1232,95.1141,0.0056,0.0091,0.0036
6138,1002.1,266.0,95.1205,95.1241,95.1149,0.0056,0.0092,0.0036
6139,997.9,290.5,95.1214,95.1250,95.1158,0.0056,0.0092,0.0036
6140,999.6,273.5,95.1223,95.1258,95.1167,0.0056,0.0091,0.0036
6141,1000.3,268.3,95.1231,95.1267,95.1177,0.0055,0.0090,0.0036
6142,1000.0,265.3,95.1240,95.1275,95.1185,0.0055,0.0091,0.0036
6143,1000.0,271.1,95.1248,95.1284,95.1192,0.0056,0.0091,0.0036
6144,999.9,285.3,95.1257,95.1292,95.1199,0.0057,0.0093,0.0036
6145,1000.1,270.6,95.1265,95.1300,95.1207,0.0058,0.0094,0.0036
6146,999.5,293.0,95.1273,95.1309,95.1213,0.0060,0.0095,0.0036
6147,1000.5,255.1,95.1281,95.1317,95.1219,0.0062,0.0098,0.0035
6148,999.9,256.2,95.1289,95.1325,95.1226,0.0064,0.0099,0.0035
6149,1000.2,266.0,95.1297,95.1333,95.1234,0.0064,0.0099,0.0035
6150,1000.2,268.5,95.1305,95.1341,95.1242,0.0063,0.0099,0.0035
6151,1003.2,293.2,95.1313,95.1348,95.1251,0.0062,0.0098,0.0035
6152,997.2,254.7,95.1321,95.1356,95.1259,0.0062,0.0097,0.0035
6153,1002.3,259.0,95.1328,95.1364,95.1268,0.0061,0.0096,0.0035
6154,998.0,265.0,95.1336,95.1371,95.1276,0.0060,0.0096,0.0035
6155,1002.1,262.9,95.1344,95.1379,95.1283,0.0060,0.0095,0.0035
6156,996.5,252.4,95.1351,95.1386,95.1290,0.0061,0.0096,0.0035
6157,1000.4,269.1,95.1358,95.1393,95.1299,0.0060,0.0095,0.0035
6158,1000.0,249.3,95.1366,95.1401,95.1307,0.0058,0.0093,0.0035
6159,1000.1,257.4,95.1373,95.1408,95.1316,0.0057,0.0092,0.0035
6160,999.6,260.5,95.1380,95.1415,95.1325,0.0055,0.0090,0.0035
6161,1000.3,256.0,95.1387,95.1422,95.1334,0.0053,0.0088,0.0035
6162,999.9,258.3,95.1394,95.1429,95.1342,0.0052,0.0087,0.0035
6163,1000.2,254.6,95.1401,95.1436,95.1350,0.0051,0.0085,0.0035
6164,1000.0,255.7,95.1408,95.1443,95.1357,0.0050,0.0085,0.0035
6165,1000.0,270.0,95.1414,95.1449,95.1365,0.0050,0.0085,0.0035
6166,999.4,266.1,95.1421,95.1456,95.1372,0.0049,0.0084,0.0035
6167,1000.3,248.6,95.1428,95.1462,95.1380,0.0048,0.0083,0.0035
6168,1002.8,275.6,95.1434,95.1469,95.1388,0.0046,0.0081,0.0035
6169,998.4,302.0,95.1441,95.1475,95.1397,0.0044,0.0079,0.0035
6170,1001.7,324.3,95.1447,95.1482,95.1405,0.0042,0.0077,0.0035
6171,998.6,291.0,95.1453,95.1488,95.1413,0.0040,0.0075,0.0035
6172,999.8,295.1,95.1459,95.1494,95.1421,0.0038,0.0073,0.0034
6173,998.9,272.9,95.1466,95.1500,95.1430,0.0036,0.0070,0.0034
6174,1001.8,277.6,95.1472,95.1506,95.1439,0.0033,0.0067,0.0034
6175,998.1,264.1,95.1478,95.1512,95.1448,0.0030,0.0064,0.0034
6176,999.5,262.1,95.1483,95.1518,95.1457,0.0027,0.0061,0.0034
6177,1000.3,257.6,95.1489,95.1524,95.1465,0.0024,0.0058,0.0034
6178,999.9,248.4,95.1495,95.1529,95.1474,0.0021,0.0056,0.0034
6179,1000.1,255.4,95.1501,95.1535,95.1482,0.0019,0.0053,0.0034
6180,999.7,255.6,95.1506,95.1540,95.1490,0.0016,0.0050,0.0034
6181,1000.3,256.0,95.1512,95.1546,95.1498,0.0014,0.0048,0.0034
6182,1000.1,253.0,95.1517,95.1551,95.1507,0.0010,0.0044,0.0034
6183,999.8,251.0,95.1522,95.1556,95.1515,0.0007,0.0041,0.0034
6184,1000.1,257.8,95.1528,95.1562,95.1523,0.0004,0.0038,0.0034
6185,999.8,249.4,95.1533,95.1567,95.1531,0.0002,0.0036,0.0034
6186,999.8,269.1,95.1538,95.1572,95.1537,0.0001,0.0035,0.0034
6187,1003.1,279.6,95.1543,95.1577,95.1542,0.0001,0.0034,0.0034
6188,998.7,258.8,95.1548,95.1582,95.1547,0.0001,0.0034,0.0034
6189,1001.9,295.7,95.1553,95.1586,95.1553,-0.0001,0.0033,0.0034
6190,997.0,263.1,95.1557,95.1591,95.1558,-0.0000,0.0034,0.0034
6191,1002.4,266.8,95.1562,95.1596,95.1562,-0.0000,0.0033,0.0034
6192,998.7,278.8,95.1567,95.1600,95.1567,-0.0000,0.0034,0.0034
6193,1002.6,264.2,95.1571,95.1605,95.1572,-0.0000,0.0033,0.0034
6194,997.9,280.1,95.1576,95.1609,95.1576,-0.0000,0.0033,0.0034
6195,998.4,285.7,95.1580,95.1614,95.1581,-0.0001,0.0033,0.0034
6196,999.4,291.0,95.1584,95.1618,95.1586,-0.0002,0.0031,0.0034
6197,1000.7,270.4,95.1589,95.1622,95.1591,-0.0003,0.0031,0.0034
6198,999.7,263.7,95.1593,95.1626,95.1598,-0.0005,0.0028,0.0033
6199,1000.0,254.5,95.1597,95.1630,95.1603,-0.0007,0.0027,0.0033
6200,999.7,258.1,95.1601,95.1634,95.1609,-0.0008,0.0025,0.0033
6201,1000.2,268.6,95.1605,95.1638,95.1615,-0.0010,0.0023,0.0033
6202,1000.0,253.5,95.1609,95.1642,95.1621,-0.0013,0.0020,0.0033
6203,999.9,253.0,95.1612,95.1646,95.1627,-0.0015,0.0018,0.0033
6204,1000.2,268.9,95.1616,95.1649,95.1633,-0.0017,0.0016,0.0033
6205,999.8,249.8,95.1620,95.1653,95.1639,-0.0019,0.0014,0.0033
6206,999.9,254.2,95.1623,95.1656,95.1644,-0.0021,0.0013,0.0033
6207,1000.4,261.6,95.1626,95.1660,95.1647,-0.0021,0.0012,0.0033
6208,1001.5,271.1,95.1630,95.1663,95.1651,-0.0021,0.0012,0.0033
6209,1000.9,280.2,95.1633,95.1666,95.1655,-0.0022,0.0011,0.0033
6210,998.6,261.0,95.1636,95.1669,95.1659,-0.0023,0.0010,0.0033
6211,999.1,258.5,95.1639,95.1672,95.1662,-0.0023,0.0010,0.0033
6212,1001.8,267.1,95.1642,95.1675,95.1665,-0.0023,0.0010,0.0033
6213,1000.2,262.5,95.1645,95.1678,95.1669,-0.0023,0.0010,0.0033
6214,999.0,260.6,95.1648,95.1681,95.1671,-0.0023,0.0010,0.0033
6215,999.0,264.4,95.1651,95.1684,95.1675,-0.0024,0.0009,0.0033
6216,999.7,264.5,95.1654,95.1687,95.1677,-0.0024,0.0009,0.0033
6217,1000.3,254.7,95.1656,95.1689,95.1680,-0.0024,0.0009,0.0033
6218,999.5,258.6,95.1659,95.1692,95.1683,-0.0024,0.0008,0.0033
6219,1000.2,287.5,95.1662,95.1694,95.1687,-0.0025,0.0007,0.0033
6220,999.6,276.4,95.1664,95.1697,95.1690,-0.0026,0.0007,0.0033
6221,1000.3,291.7,95.1666,95.1699,95.1693,-0.0027,0.0006,0.0033
6222,1000.0,256.7,95.1668,95.1701,95.1697,-0.0028,0.0004,0.0033
6223,1000.3,278.8,95.1671,95.1703,95.1700,-0.0029,0.0003,0.0032
6224,999.7,278.5,95.1673,95.1705,95.1702,-0.0030,0.0003,0.0032
6225,1000.0,257.0,95.1675,95.1707,95.1705,-0.0030,0.0002,0.0032
6226,999.6,249.7,95.1677,95.1709,95.1709,-0.0032,0.0001,0.0032
6227,1000.5,264.0,95.1679,95.1711,95.1711,-0.0033,-0.0000,0.0032
6228,1001.0,255.3,95.1680,95.1713,95.1715,-0.0034,-0.0002,0.0032
6229,1000.1,276.1,95.1682,95.1714,95.1718,-0.0036,-0.0004,0.0032
6230,1000.1,277.5,95.1684,95.1716,95.1722,-0.0039,-0.0006,0.0032
6231,1001.5,269.9,95.1685,95.1717,95.1727,-0.0041,-0.0009,0.0032
6232,998.4,265.4,95.1687,95.1719,95.1731,-0.0045,-0.0013,0.0032
6233,1001.5,257.0,95.1688,95.1720,95.1736,-0.0048,-0.0016,0.0032
6234,997.8,259.2,95.1689,95.1721,95.1741,-0.0052,-0.0020,0.0032
6235,999.9,257.8,95.1691,95.1723,95.1746,-0.0056,-0.0024,0.0032
6236,999.1,255.8,95.1692,95.1724,95.1750,-0.0058,-0.0026,0.0032
6237,1000.4,253.8,95.1693,95.1725,95.1754,-0.0062,-0.0030,0.0032
6238,1000.0,254.5,95.1694,95.1726,95.1758,-0.0064,-0.0032,0.0032
6239,1000.0,260.7,95.1695,95.1727,95.1761,-0.0067,-0.0035,0.0032
6240,999.6,252.4,95.1695,95.1727,95.1765,-0.0069,-0.0037,0.0032
6241,1000.5,270.6,95.1696,95.1728,95.1767,-0.0071,-0.0039,0.0032
6242,999.9,252.6,95.1697,95.1729,95.1771,-0.0074,-0.0042,0.0032
6243,1000.1,246.3,95.1698,95.1729,95.1773,-0.0075,-0.0044,0.0032
6244,999.8,304.8,95.1698,95.1730,95.1774,-0.0076,-0.0045,0.0032
6245,1000.2,281.0,95.1698,95.1730,95.1777,-0.0078,-0.0047,0.0032
6246,1003.9,309.8,95.1699,95.1730,95.1778,-0.0079,-0.0047,0.0032
6247,997.2,299.6,95.1699,95.1731,95.1780,-0.0081,-0.0049,0.0032
6248,999.2,312.8,95.1699,95.1731,95.1781,-0.0082,-0.0050,0.0031
6249,1001.5,304.4,95.1699,95.1731,95.1783,-0.0083,-0.0052,0.0031
6250,1000.1,303.7,95.1699,95.1731,95.1784,-0.0084,-0.0053,0.0031
6251,998.7,289.6,95.1699,95.1731,95.1785,-0.0086,-0.0055,0.0031
6252,1002.8,276.3,95.1699,95.1731,95.1787,-0.0088,-0.0056,0.0031
6253,996.9,263.7,95.1699,95.1730,95.1788,-0.0089,-0.0058,0.0031
6254,999.8,255.8,95.1699,95.1730,95.1790,-0.0091,-0.0060,0.0031
6255,1000.0,258.7,95.1698,95.1730,95.1790,-0.0092,-0.0061,0.0031
6256,999.5,262.8,95.1698,95.1729,95.1791,-0.0093,-0.0062,0.0031
6257,1000.2,249.2,95.1698,95.1729,95.1791,-0.0094,-0.0063,0.0031
6258,1000.1,259.1,95.1697,95.1728,95.1791,-0.0094,-0.0063,0.0031
6259,1000.3,262.3,95.1696,95.1727,95.1792,-0.0096,-0.0065,0.0031
6260,999.9,255.4,95.1695,95.1727,95.1792,-0.0097,-0.0066,0.0031
6261,999.9,267.3,95.1695,95.1726,95.1793,-0.0098,-0.0067,0.0031
6262,999.9,274.8,95.1694,95.1725,95.1793,-0.0099,-0.0068,0.0031
6263,1000.2,256.5,95.1693,95.1724,95.1794,-0.0101,-0.0070,0.0031
6264,1000.0,270.0,95.1692,95.1723,95.1794,-0.0102,-0.0072,0.0031
6265,999.9,252.4,95.1691,95.1721,95.1795,-0.0104,-0.0073,0.0031
6266,1000.7,273.0,95.1689,95.1720,95.1795,-0.0105,-0.0075,0.0031
6267,1001.0,263.1,95.1688,95.1719,95.1795,-0.0107,-0.0076,0.0031
6268,999.4,249.5,95.1687,95.1717,95.1795,-0.0108,-0.0077,0.0031
6269,1001.0,307.9,95.1685,95.1716,95.1795,-0.0109,-0.0079,0.0031
6270,1000.5,312.1,95.1684,95.1714,95.1795,-0.0111,-0.0080,0.0031
6271,999.3,298.2,95.1682,95.1713,95.1795,-0.0113,-0.0082,0.0031
6272,999.5,265.3,95.1680,95.1711,95.1795,-0.0114,-0.0084,0.0031
6273,1000.7,267.2,95.1679,95.1709,95.1795,-0.0116,-0.0086,0.0031
6274,998.2,258.1,95.1677,95.1707,95.1795,-0.0118,-0.0087,0.0030
6275,999.8,249.6,95.1675,95.1705,95.1795,-0.0120,-0.0089,0.0030
6276,999.5,270.1,95.1673,95.1703,95.1795,-0.0122,-0.0092,0.0030
6277,1000.6,252.4,95.1671,95.1701,95.1794,-0.0123,-0.0093,0.0030
6278,999.8,252.7,95.1668,95.1699,95.1794,-0.0126,-0.0095,0.0030
6279,1000.1,260.5,95.1666,95.1697,95.1794,-0.0128,-0.0098,0.0030
6280,999.6,246.0,95.1664,95.1694,95.1794,-0.0130,-0.0099,0.0030
6281,1000.3,254.5,95.1662,95.1692,95.1794,-0.0132,-0.0102,0.0030
6282,999.9,264.5,95.1659,95.1689,95.1794,-0.0134,-0.0104,0.0030
6283,1000.1,246.1,95.1656,95.1687,95.1794,-0.0137,-0.0107,0.0030
6284,1000.0,260.7,95.1654,95.1684,95.1793,-0.0139,-0.0109,0.0030
6285,1000.7,264.5,95.1651,95.1681,95.1793,-0.0142,-0.0112,0.0030
6286,1002.0,267.4,95.1648,95.1678,95.1792,-0.0144,-0.0114,0.0030
6287,998.5,264.3,95.1645,95.1675,95.1792,-0.0147,-0.0117,0.0030
6288,1001.8,270.2,95.1642,95.1672,95.1792,-0.0149,-0.0120,0.0030
6289,997.4,272.9,95.1639,95.1669,95.1792,-0.0153,-0.0123,0.0030
6290,999.8,268.3,95.1636,95.1666,95.1792,-0.0156,-0.0126,0.0030
6291,1001.0,268.0,95.1633,95.1663,95.1791,-0.0158,-0.0128,0.0030
6292,999.1,264.4,95.1630,95.1660,95.1791,-0.0161,-0.0131,0.0030
6293,1001.5,264.0,95.1626,95.1656,95.1790,-0.0164,-0.0134,0.0030
6294,999.2,295.3,95.1623,95.1653,95.1790,-0.0167,-0.0137,0.0030
6295,1002.1,319.8,95.1620,95.1649,95.1789,-0.0170,-0.0140,0.0030
6296,996.8,287.1,95.1616,95.1646,95.1789,-0.0173,-0.0143,0.0030
6297,1003.2,272.1,95.1612,95.1642,95.1788,-0.0176,-0.0146,0.0030
6298,997.2,246.3,95.1609,95.1638,95.1788,-0.0179,-0.0150,0.0030
6299,999.7,265.8,95.1605,95.1634,95.1787,-0.0182,-0.0153,0.0029
6300,1000.1,246.7,95.1601,95.1630,95.1786,-0.0186,-0.0156,0.0029
6301,999.8,240.7,95.1597,95.1626,95.1785,-0.0189,-0.0159,0.0029
6302,999.8,282.3,95.1593,95.1622,95.1784,-0.0192,-0.0162,0.0029
6303,1000.4,255.6,95.1589,95.1618,95.1783,-0.0195,-0.0165,0.0029
6304,1000.2,262.1,95.1584,95.1614,95.1783,-0.0198,-0.0169,0.0029
6305,999.7,264.6,95.1580,95.1609,95.1782,-0.0201,-0.0172,0.0029
6306,999.6,261.6,95.1576,95.1605,95.1781,-0.0205,-0.0176,0.0029
6307,1001.3,264.7,95.1571,95.1600,95.1780,-0.0209,-0.0180,0.0029
6308,999.5,257.6,95.1567,95.1596,95.1780,-0.0213,-0.0184,0.0029
6309,1000.1,258.1,95.1562,95.1591,95.1779,-0.0217,-0.0188,0.0029
6310,1000.4,265.9,95.1557,95.1586,95.1778,-0.0220,-0.0191,0.0029
6311,1000.5,275.9,95.1553,95.1582,95.1777,-0.0224,-0.0195,0.0029
6312,1001.0,274.1,95.1548,95.1577,95.1776,-0.0228,-0.0199,0.0029
6313,998.5,254.3,95.1543,95.1572,95.1775,-0.0232,-0.0203,0.0029
6314,1002.5,266.7,95.1538,95.1567,95.1774,-0.0236,-0.0207,0.0029
6315,998.0,261.1,95.1533,95.1562,95.1773,-0.0240,-0.0211,0.0029
6316,999.6,267.7,95.1528,95.1556,95.1771,-0.0244,-0.0215,0.0029
6317,1000.7,274.2,95.1522,95.1551,95.1770,-0.0248,-0.0219,0.0029
6318,998.6,255.7,95.1517,95.1546,95.1768,-0.0251,-0.0223,0.0029
6319,1000.7,267.6,95.1512,95.1540,95.1766,-0.0255,-0.0226,0.0029
6320,998.8,284.8,95.1506,95.1535,95.1765,-0.0259,-0.0230,0.0029
6321,1000.9,288.8,95.1501,95.1529,95.1762,-0.0262,-0.0233,0.0029
6322,999.3,288.5,95.1495,95.1524,95.1759,-0.0264,-0.0236,0.0029
6323,1000.1,299.1,95.1489,95.1518,95.1756,-0.0267,-0.0238,0.0029
6324,1000.1,267.0,95.1483,95.1512,95.1752,-0.0269,-0.0240,0.0028
6325,999.8,281.2,95.1478,95.1506,95.1747,-0.0269,-0.0241,0.0028
6326,999.5,259.1,95.1472,95.1500,95.1740,-0.0269,-0.0240,0.0028
6327,1000.5,257.0,95.1466,95.1494,95.1732,-0.0266,-0.0238,0.0028
6328,1000.0,251.9,95.1459,95.1488,95.1722,-0.0263,-0.0234,0.0028
6329,1000.3,261.6,95.1453,95.1482,95.1711,-0.0258,-0.0230,0.0028
6330,1000.3,267.6,95.1447,95.1475,95.1700,-0.0253,-0.0225,0.0028
6331,1000.8,269.6,95.1441,95.1469,95.1691,-0.0250,-0.0222,0.0028
6332,999.2,250.0,95.1434,95.1462,95.1683,-0.0249,-0.0220,0.0028
6333,1001.3,249.3,95.1428,95.1456,95.1676,-0.0249,-0.0220,0.0028
6334,999.6,280.2,95.1421,95.1449,95.1670,-0.0249,-0.0221,0.0028
6335,999.3,257.5,95.1414,95.1443,95.1664,-0.0249,-0.0221,0.0028
6336,1001.2,261.8,95.1408,95.1436,95.1658,-0.0250,-0.0222,0.0028
6337,998.4,262.1,95.1401,95.1429,95.1652,-0.0251,-0.0223,0.0028
6338,999.7,248.0,95.1394,95.1422,95.1646,-0.0252,-0.0224,0.0028
6339,999.9,261.6,95.1387,95.1415,95.1640,-0.0253,-0.0225,0.0028
6340,999.8,257.0,95.1380,95.1408,95.1636,-0.0256,-0.0228,0.0028
6341,1000.9,256.4,95.1373,95.1401,95.1631,-0.0258,-0.0230,0.0028
6342,999.5,267.5,95.1366,95.1393,95.1625,-0.0259,-0.0231,0.0028
6343,1000.0,269.4,95.1358,95.1386,95.1619,-0.0261,-0.0233,0.0028
6344,1000.0,281.8,95.1351,95.1379,95.1613,-0.0262,-0.0234,0.0028
6345,999.9,292.8,95.1344,95.1371,95.1607,-0.0263,-0.0235,0.0028
6346,1000.4,303.6,95.1336,95.1364,95.1599,-0.0263,-0.0235,0.0028
6347,999.7,263.1,95.1328,95.1356,95.1591,-0.0263,-0.0235,0.0028
6348,999.9,256.3,95.1321,95.1348,95.1583,-0.0262,-0.0235,0.0028
6349,1000.0,272.7,95.1313,95.1341,95.1575,-0.0262,-0.0234,0.0028
6350,999.4,264.6,95.1305,95.1333,95.1566,-0.0261,-0.0233,0.0027
6351,1003.4,266.4,95.1297,95.1325,95.1558,-0.0260,-0.0233,0.0027
6352,997.8,261.0,95.1289,95.1317,95.1549,-0.0260,-0.0232,0.0027
6353,1001.8,265.1,95.1281,95.1309,95.1541,-0.0259,-0.0232,0.0027
6354,998.6,266.3,95.1273,95.1300,95.1533,-0.0260,-0.0233,0.0027
6355,1002.3,257.6,95.1265,95.1292,95.1526,-0.0262,-0.0234,0.0027
6356,999.1,263.4,95.1257,95.1284,95.1519,-0.0263,-0.0236,0.0027
6357,1000.7,272.8,95.1248,95.1275,95.1513,-0.0265,-0.0237,0.0027
6358,997.0,245.6,95.1240,95.1267,95.1506,-0.0266,-0.0239,0.0027
6359,999.7,262.7,95.1231,95.1258,95.1499,-0.0268,-0.0241,0.0027
6360,1000.0,255.2,95.1223,95.1250,95.1492,-0.0270,-0.0243,0.0027
6361,1000.1,252.8,95.1214,95.1241,95.1485,-0.0271,-0.0244,0.0027
6362,1000.2,257.0,95.1205,95.1232,95.1476,-0.0271,-0.0244,0.0027
6363,999.9,258.7,95.1196,95.1223,95.1467,-0.0271,-0.0244,0.0027
6364,999.8,251.7,95.1187,95.1214,95.1459,-0.0272,-0.0245,0.0027
6365,1000.0,258.9,95.1178,95.1205,95.1450,-0.0271,-0.0244,0.0027
6366,1000.0,263.8,95.1169,95.1196,95.1439,-0.0270,-0.0243,0.0027
6367,999.9,255.4,95.1160,95.1187,95.1429,-0.0269,-0.0243,0.0027
6368,1000.2,253.0,95.1151,95.1178,95.1420,-0.0269,-0.0242,0.0027
6369,1000.1,290.7,95.1141,95.1168,95.1409,-0.0268,-0.0241,0.0027
6370,1000.4,286.7,95.1132,95.1159,95.1398,-0.0266,-0.0240,0.0027
6371,1000.2,286.6,95.1123,95.1149,95.1389,-0.0266,-0.0239,0.0027
6372,1003.6,288.0,95.1113,95.1140,95.1378,-0.0265,-0.0238,0.0027
6373,996.0,258.4,95.1103,95.1130,95.1366,-0.0263,-0.0236,0.0027
6374,1003.4,279.0,95.1094,95.1120,95.1355,-0.0262,-0.0235,0.0027
6375,997.6,261.5,95.1084,95.1110,95.1344,-0.0260,-0.0233,0.0026
6376,998.9,268.8,95.1074,95.1100,95.1334,-0.0260,-0.0233,0.0026
6377,1001.5,264.1,95.1064,95.1090,95.1323,-0.0259,-0.0232,0.0026
6378,998.5,246.6,95.1054,95.1080,95.1312,-0.0258,-0.0232,0.0026
6379,999.9,255.5,95.1044,95.1070,95.1301,-0.0257,-0.0231,0.0026
6380,999.6,257.9,95.1034,95.1060,95.1292,-0.0258,-0.0232,0.0026
6381,1000.3,253.0,95.1023,95.1050,95.1282,-0.0259,-0.0233,0.0026
6382,1000.0,259.5,95.1013,95.1039,95.1272,-0.0259,-0.0233,0.0026
6383,999.9,254.2,95.1003,95.1029,95.1260,-0.0258,-0.0232,0.0026
6384,1000.2,256.8,95.0992,95.1018,95.1250,-0.0258,-0.0232,0.0026
6385,999.7,249.5,95.0982,95.1008,95.1240,-0.0258,-0.0232,0.0026
6386,1000.0,265.5,95.0971,95.0997,95.1229,-0.0258,-0.0232,0.0026
6387,1000.0,248.4,95.0960,95.0986,95.1218,-0.0258,-0.0232,0.0026
6388,999.9,246.2,95.0950,95.0975,95.1209,-0.0259,-0.0233,0.0026
6389,1000.1,265.4,95.0939,95.0965,95.1198,-0.0260,-0.0234,0.0026
6390,1002.7,258.9,95.0928,95.0954,95.1188,-0.0260,-0.0234,0.0026
6391,999.9,257.1,95.0917,95.0943,95.1179,-0.0262,-0.0236,0.0026
6392,999.4,277.6,95.0906,95.0931,95.1168,-0.0262,-0.0236,0.0026
6393,1003.6,271.5,95.0894,95.0920,95.1159,-0.0264,-0.0238,0.0026
6394,997.7,311.7,95.0883,95.0909,95.1150,-0.0267,-0.0242,0.0026
6395,1000.9,312.3,95.0872,95.0897,95.1141,-0.0269,-0.0244,0.0026
6396,998.5,297.2,95.0860,95.0886,95.1132,-0.0272,-0.0246,0.0026
6397,997.5,279.3,95.0849,95.0874,95.1123,-0.0274,-0.0248,0.0026
6398,999.7,306.3,95.0837,95.0863,95.1113,-0.0276,-0.0250,0.0026
6399,1000.3,301.5,95.0826,95.0851,95.1103,-0.0277,-0.0252,0.0026
6400,999.7,292.2,95.0814,95.0839,95.1092,-0.0278,-0.0253,0.0026
6401,1000.2,303.8,95.0802,95.0827,95.1082,-0.0280,-0.0255,0.0025
6402,999.9,283.7,95.0790,95.0816,95.1073,-0.0283,-0.0257,0.0025
6403,1000.0,265.1,95.0778,95.0804,95.1064,-0.0286,-0.0261,0.0025
6404,1000.1,269.8,95.0766,95.0791,95.1055,-0.0289,-0.0264,0.0025
6405,1071.8,251.2,95.0754,95.0779,95.1046,-0.0292,-0.0267,0.0025
6406,928.4,258.3,95.0742,95.0767,95.1038,-0.0296,-0.0270,0.0025
6407,999.8,256.9,95.0729,95.0755,95.1028,-0.0298,-0.0273,0.0025
6408,999.9,248.9,95.0717,95.0742,95.1016,-0.0299,-0.0273,0.0025
6409,1003.1,272.8,95.0705,95.0730,95.1004,-0.0300,-0.0274,0.0025
6410,997.2,264.1,95.0692,95.0717,95.0993,-0.0301,-0.0276,0.0025
6411,1006.6,269.7,95.0680,95.0705,95.0982,-0.0302,-0.0277,0.0025
6412,995.2,273.4,95.0667,95.0692,95.0969,-0.0302,-0.0277,0.0025
6413,1001.1,270.0,95.0654,95.0679,95.0959,-0.0305,-0.0280,0.0025
6414,998.6,270.3,95.0641,95.0666,95.0949,-0.0308,-0.0283,0.0025
6415,1000.5,272.1,95.0628,95.0653,95.0935,-0.0307,-0.0282,0.0025
6416,1000.1,267.9,95.0616,95.0640,95.0921,-0.0305,-0.0281,0.0025
6417,1001.7,276.8,95.0602,95.0627,95.0908,-0.0305,-0.0280,0.0025
6418,997.0,262.5,95.0589,95.0614,95.0894,-0.0305,-0.0280,0.0025
6419,998.9,280.5,95.0576,95.0601,95.0880,-0.0303,-0.0279,0.0025
6420,999.6,297.1,95.0563,95.0588,95.0864,-0.0301,-0.0276,0.0025
6421,1000.3,285.8,95.0549,95.0574,95.0849,-0.0300,-0.0275,0.0025
6422,1000.0,256.8,95.0536,95.0561,95.0835,-0.0299,-0.0274,0.0025
6423,999.8,258.3,95.0523,95.0547,95.0822,-0.0299,-0.0275,0.0025
6424,1000.0,266.2,95.0509,95.0534,95.0807,-0.0298,-0.0273,0.0025
6425,1000.3,254.2,95.0495,95.0520,95.0794,-0.0299,-0.0275,0.0025
6426,999.7,255.3,95.0482,95.0506,95.0780,-0.0299,-0.0274,0.0025
6427,999.9,266.2,95.0468,95.0492,95.0767,-0.0299,-0.0274,0.0024
6428,1000.3,253.5,95.0454,95.0478,95.0753,-0.0299,-0.0275,0.0024
6429,999.8,277.2,95.0440,95.0464,95.0741,-0.0301,-0.0276,0.0024
6430,1005.6,283.6,95.0426,95.0450,95.0729,-0.0303,-0.0278,0.0024
6431,996.3,270.5,95.0412,95.0436,95.0729,-0.0317,-0.0293,0.0024
6432,1002.9,288.1,95.0397,95.0422,95.0715,-0.0318,-0.0294,0.0024
6433,997.4,274.8,95.0383,95.0407,95.0701,-0.0318,-0.0293,0.0024
6434,1002.3,275.4,95.0369,95.0393,95.0686,-0.0317,-0.0293,0.0024
6435,997.0,269.0,95.0354,95.0379,95.0670,-0.0316,-0.0292,0.0024
6436,1001.7,272.5,95.0340,95.0364,95.0655,-0.0315,-0.0291,0.0024
6437,996.9,262.5,95.0325,95.0349,95.0639,-0.0313,-0.0289,0.0024
6438,999.8,256.1,95.0311,95.0335,95.0624,-0.0313,-0.0289,0.0024
6439,1000.1,265.8,95.0296,95.0320,95.0610,-0.0314,-0.0290,0.0024
6440,999.7,253.1,95.0281,95.0305,95.0594,-0.0313,-0.0289,0.0024
6441,1000.1,255.1,95.0266,95.0290,95.0578,-0.0311,-0.0287,0.0024
6442,999.9,256.3,95.0251,95.0275,95.0562,-0.0311,-0.0287,0.0024
6443,1000.2,251.8,95.0236,95.0260,95.0546,-0.0310,-0.0286,0.0024
6444,999.9,268.8,95.0221,95.0245,95.0530,-0.0309,-0.0285,0.0024
6445,1000.2,296.9,95.0206,95.0230,95.0514,-0.0308,-0.0284,0.0024
6446,999.9,296.8,95.0190,95.0214,95.0497,-0.0307,-0.0283,0.0024
6447,999.8,266.9,95.0175,95.0199,95.0482,-0.0306,-0.0283,0.0024
6448,1000.0,270.3,95.0160,95.0183,95.0465,-0.0306,-0.0282,0.0024
6449,1002.1,262.2,95.0144,95.0168,95.0449,-0.0305,-0.0281,0.0024
6450,999.2,265.1,95.0129,95.0152,95.0434,-0.0306,-0.0282,0.0024
6451,1000.3,259.2,95.0113,95.0137,95.0420,-0.0307,-0.0283,0.0024
6452,1001.6,283.6,95.0097,95.0121,95.0406,-0.0309,-0.0285,0.0024
6453,999.2,285.0,95.0081,95.0105,95.0389,-0.0308,-0.0284,0.0023
6454,999.8,264.7,95.0065,95.0089,95.0374,-0.0309,-0.0285,0.0023
6455,1003.0,271.1,95.0050,95.0073,95.0358,-0.0309,-0.0286,0.0023
6456,995.5,268.9,95.0033,95.0057,95.0343,-0.0310,-0.0286,0.0023
6457,999.6,251.7,95.0017,95.0041,95.0325,-0.0308,-0.0284,0.0023
6458,1000.0,268.7,95.0001,95.0024,95.0308,-0.0307,-0.0284,0.0023
6459,1001.8,269.6,94.9985,95.0008,95.0292,-0.0307,-0.0284,0.0023
6460,998.0,263.3,94.9969,94.9992,95.0276,-0.0308,-0.0284,0.0023
6461,1002.0,260.7,94.9952,94.9975,95.0261,-0.0309,-0.0286,0.0023
6462,998.2,267.1,94.9936,94.9959,95.0247,-0.0312,-0.0288,0.0023
6463,1000.1,254.4,94.9919,94.9942,95.0235,-0.0316,-0.0293,0.0023
6464,1000.0,273.7,94.9902,94.9925,95.0222,-0.0320,-0.0297,0.0023
6465,999.9,255.2,94.9886,94.9909,95.0207,-0.0321,-0.0298,0.0023
6466,999.9,263.8,94.9869,94.9892,95.0192,-0.0323,-0.0300,0.0023
6467,999.9,264.3,94.9852,94.9875,95.0176,-0.0324,-0.0302,0.0023
6468,1000.0,256.8,94.9835,94.9858,95.0161,-0.0326,-0.0303,0.0023
6469,1002.2,296.0,94.9818,94.9841,95.0146,-0.0328,-0.0305,0.0023
6470,1000.2,301.3,94.9801,94.9824,95.0131,-0.0330,-0.0307,0.0023
6471,1002.1,314.1,94.9784,94.9806,95.0115,-0.0332,-0.0309,0.0023
6472,1001.8,277.2,94.9766,94.9789,95.0099,-0.0333,-0.0310,0.0023
6473,998.6,279.8,94.9749,94.9772,95.0082,-0.0333,-0.0310,0.0023
6474,997.6,284.1,94.9732,94.9754,95.0066,-0.0334,-0.0311,0.0023
6475,1001.0,282.6,94.9714,94.9737,95.0050,-0.0336,-0.0313,0.0023
6476,999.7,289.3,94.9697,94.9719,95.0035,-0.0338,-0.0315,0.0023
6477,999.0,282.1,94.9679,94.9701,95.0018,-0.0339,-0.0317,0.0023
6478,1000.0,280.1,94.9661,94.9684,95.0002,-0.0341,-0.0318,0.0023
6479,998.5,272.2,94.9643,94.9666,94.9986,-0.0342,-0.0320,0.0022
6480,999.1,273.3,94.9626,94.9648,94.9968,-0.0343,-0.0320,0.0022
6481,1000.2,252.5,94.9608,94.9630,94.9950,-0.0342,-0.0320,0.0022
6482,999.9,267.4,94.9590,94.9612,94.9933,-0.0343,-0.0321,0.0022
6483,1000.1,257.0,94.9571,94.9594,94.9916,-0.0345,-0.0323,0.0022
6484,1000.0,268.3,94.9553,94.9576,94.9901,-0.0347,-0.0325,0.0022
6485,1000.0,268.0,94.9535,94.9557,94.9885,-0.0350,-0.0327,0.0022
6486,999.9,260.7,94.9517,94.9539,94.9871,-0.0354,-0.0332,0.0022
6487,1000.0,262.5,94.9498,94.9521,94.9856,-0.0358,-0.0336,0.0022
6488,1000.1,265.4,94.9480,94.9502,94.9843,-0.0363,-0.0341,0.0022
6489,999.9,278.5,94.9461,94.9483,94.9829,-0.0367,-0.0345,0.0022
6490,1003.0,272.5,94.9443,94.9465,94.9816,-0.0373,-0.0351,0.0022
6491,1002.2,280.7,94.9424,94.9446,94.9802,-0.0378,-0.0356,0.0022
6492,996.6,280.2,94.9405,94.9427,94.9789,-0.0384,-0.0362,0.0022
6493,1005.7,285.3,94.9386,94.9408,94.9773,-0.0387,-0.0365,0.0022
6494,995.6,307.1,94.9367,94.9389,94.9758,-0.0390,-0.0368,0.0022
6495,1000.6,286.6,94.9348,94.9370,94.9744,-0.0395,-0.0373,0.0022
6496,999.6,282.6,94.9329,94.9351,94.9729,-0.0400,-0.0378,0.0022
6497,1000.3,291.0,94.9310,94.9332,94.9715,-0.0405,-0.0383,0.0022
6498,998.8,263.3,94.9291,94.9313,94.9697,-0.0406,-0.0385,0.0022
6499,998.8,275.9,94.9272,94.9293,94.9681,-0.0410,-0.0388,0.0022
6500,998.8,256.9,94.9252,94.9274,94.9665,-0.0412,-0.0391,0.0022
6501,1000.0,270.4,94.9233,94.9254,94.9648,-0.0415,-0.0394,0.0022
6502,1000.0,266.5,94.9213,94.9235,94.9632,-0.0419,-0.0397,0.0022
6503,1000.0,256.4,94.9194,94.9215,94.9615,-0.0422,-0.0400,0.0022
6504,1000.0,270.8,94.9174,94.9196,94.9598,-0.0424,-0.0402,0.0022
6505,1000.2,267.2,94.9154,94.9176,94.9579,-0.0425,-0.0403,0.0022
6506,1000.0,262.8,94.9134,94.9156,94.9559,-0.0424,-0.0403,0.0021
6507,999.7,268.5,94.9115,94.9136,94.9541,-0.0426,-0.0405,0.0021
6508,1000.3,276.7,94.9095,94.9116,94.9522,-0.0428,-0.0406,0.0021
6509,1000.5,291.0,94.9074,94.9096,94.9504,-0.0429,-0.0408,0.0021
6510,1000.1,260.3,94.9054,94.9076,94.9482,-0.0428,-0.0407,0.0021
6511,1001.4,305.3,94.9034,94.9055,94.9464,-0.0430,-0.0409,0.0021
6512,1000.7,264.9,94.9014,94.9035,94.9448,-0.0434,-0.0412,0.0021
6513,1002.5,281.7,94.8994,94.9015,94.9431,-0.0438,-0.0417,0.0021
6514,1001.7,297.1,94.8973,94.8994,94.9413,-0.0440,-0.0418,0.0021
6515,996.4,258.9,94.8953,94.8974,94.9395,-0.0443,-0.0422,0.0021
6516,1000.1,284.2,94.8932,94.8953,94.9376,-0.0444,-0.0423,0.0021
6517,998.3,274.2,94.8911,94.8932,94.9359,-0.0447,-0.0426,0.0021
6518,998.2,258.9,94.8891,94.8912,94.9340,-0.0449,-0.0428,0.0021
6519,999.7,294.4,94.8870,94.8891,94.9323,-0.0453,-0.0432,0.0021
6520,1000.5,286.4,94.8849,94.8870,94.9305,-0.0456,-0.0435,0.0021
6521,999.7,286.6,94.8828,94.8849,94.9288,-0.0460,-0.0439,0.0021
6522,1000.5,274.2,94.8807,94.8828,94.9269,-0.0462,-0.0442,0.0021
6523,999.4,259.9,94.8786,94.8807,94.9252,-0.0467,-0.0446,0.0021
6524,1000.7,270.6,94.8765,94.8786,94.9235,-0.0470,-0.0450,0.0021
6525,999.4,265.4,94.8743,94.8764,94.9218,-0.0474,-0.0453,0.0021
6526,1000.6,265.4,94.8722,94.8743,94.9198,-0.0476,-0.0455,0.0021
6527,999.2,259.4,94.8701,94.8721,94.9176,-0.0475,-0.0454,0.0021
6528,1002.3,263.6,94.8679,94.8700,94.9155,-0.0476,-0.0455,0.0021
6529,998.1,262.9,94.8658,94.8678,94.9133,-0.0475,-0.0454,0.0021
6530,999.7,263.3,94.8636,94.8657,94.9110,-0.0474,-0.0454,0.0021
6531,1002.0,281.3,94.8614,94.8635,94.9085,-0.0471,-0.0450,0.0021
6532,1001.8,267.6,94.8593,94.8613,94.9062,-0.0469,-0.0449,0.0021
6533,998.3,263.4,94.8571,94.8591,94.9040,-0.0469,-0.0449,0.0020
6534,1002.7,283.2,94.8549,94.8569,94.9019,-0.0470,-0.0449,0.0020
6535,997.1,267.8,94.8527,94.8547,94.8995,-0.0468,-0.0447,0.0020
6536,1001.4,284.4,94.8505,94.8525,94.8974,-0.0469,-0.0449,0.0020
6537,998.4,269.7,94.8483,94.8503,94.8953,-0.0470,-0.0450,0.0020
6538,1000.4,258.6,94.8461,94.8481,94.8932,-0.0471,-0.0451,0.0020
6539,998.2,264.3,94.8438,94.8459,94.8909,-0.0471,-0.0451,0.0020
6540,999.1,268.9,94.8416,94.8436,94.8887,-0.0471,-0.0451,0.0020
6541,1000.3,266.0,94.8393,94.8414,94.8866,-0.0473,-0.0452,0.0020
6542,999.9,270.7,94.8371,94.8391,94.8845,-0.0474,-0.0454,0.0020
6543,1000.1,272.4,94.8348,94.8368,94.8822,-0.0473,-0.0453,0.0020
6544,1000.1,299.4,94.8326,94.8346,94.8800,-0.0474,-0.0454,0.0020
6545,999.9,297.0,94.8303,94.8323,94.8777,-0.0474,-0.0454,0.0020
6546,1000.5,302.2,94.8280,94.8300,94.8755,-0.0475,-0.0455,0.0020
6547,999.4,292.2,94.8257,94.8277,94.8730,-0.0473,-0.0453,0.0020
6548,999.9,302.6,94.8234,94.8254,94.8706,-0.0472,-0.0452,0.0020
6549,1000.2,305.1,94.8211,94.8231,94.8683,-0.0472,-0.0452,0.0020
6550,1001.7,302.4,94.8188,94.8208,94.8660,-0.0472,-0.0452,0.0020
6551,1001.5,309.4,94.8165,94.8185,94.8636,-0.0471,-0.0451,0.0020
6552,997.3,287.5,94.8142,94.8162,94.8613,-0.0471,-0.0451,0.0020
6553,1002.3,275.8,94.8119,94.8138,94.8590,-0.0472,-0.0452,0.0020
6554,999.3,292.2,94.8095,94.8115,94.8567,-0.0472,-0.0452,0.0020
6555,1000.4,286.0,94.8072,94.8091,94.8542,-0.0470,-0.0450,0.0020
6556,997.8,283.6,94.8048,94.8068,94.8519,-0.0471,-0.0452,0.0020
6557,1001.7,270.5,94.8025,94.8044,94.8498,-0.0474,-0.0454,0.0020
6558,999.2,258.5,94.8001,94.8020,94.8477,-0.0477,-0.0457,0.0020
6559,998.8,272.8,94.7977,94.7997,94.8456,-0.0479,-0.0460,0.0020
6560,999.6,271.2,94.7953,94.7973,94.8436,-0.0483,-0.0463,0.0019
6561,1000.4,263.9,94.7929,94.7949,94.8416,-0.0487,-0.0468,0.0019
6562,999.9,263.6,94.7905,94.7925,94.8397,-0.0491,-0.0472,0.0019
6563,1000.5,265.7,94.7881,94.7901,94.8377,-0.0495,-0.0476,0.0019
6564,999.9,264.3,94.7857,94.7877,94.8354,-0.0496,-0.0477,0.0019
6565,1000.0,265.3,94.7833,94.7852,94.8331,-0.0498,-0.0478,0.0019
6566,1000.2,272.0,94.7809,94.7828,94.8309,-0.0500,-0.0481,0.0019
6567,999.2,268.2,94.7784,94.7804,94.8286,-0.0501,-0.0482,0.0019
6568,1000.7,255.4,94.7760,94.7779,94.8264,-0.0504,-0.0485,0.0019
6569,1003.5,280.3,94.7736,94.7755,94.8241,-0.0505,-0.0486,0.0019
6570,999.8,296.3,94.7711,94.7730,94.8216,-0.0505,-0.0486,0.0019
6571,1000.0,296.0,94.7686,94.7705,94.8187,-0.0501,-0.0482,0.0019
6572,998.1,291.0,94.7662,94.7681,94.8162,-0.0501,-0.0482,0.0019
6573,1003.3,268.5,94.7637,94.7656,94.8138,-0.0501,-0.0482,0.0019
6574,997.6,286.3,94.7612,94.7631,94.8114,-0.0502,-0.0483,0.0019
6575,998.3,270.0,94.7587,94.7606,94.8089,-0.0502,-0.0483,0.0019
6576,1001.6,270.6,94.7562,94.7581,94.8065,-0.0503,-0.0484,0.0019
6577,997.4,271.8,94.7537,94.7556,94.8041,-0.0504,-0.0485,0.0019
6578,1000.3,270.9,94.7512,94.7531,94.8017,-0.0505,-0.0487,0.0019
6579,999.5,266.5,94.7487,94.7506,94.7993,-0.0506,-0.0487,0.0019
6580,1000.1,272.9,94.7462,94.7480,94.7969,-0.0507,-0.0489,0.0019
6581,1000.2,278.7,94.7436,94.7455,94.7942,-0.0506,-0.0487,0.0019
6582,1000.2,264.8,94.7411,94.7429,94.7915,-0.0505,-0.0486,0.0019
6583,999.6,268.0,94.7385,94.7404,94.7887,-0.0501,-0.0483,0.0019
6584,1000.4,264.9,94.7360,94.7378,94.7859,-0.0500,-0.0481,0.0019
6585,999.4,262.9,94.7334,94.7353,94.7833,-0.0499,-0.0480,0.0019
6586,1000.1,260.8,94.7308,94.7327,94.7805,-0.0497,-0.0478,0.0019
6587,999.9,267.7,94.7283,94.7301,94.7771,-0.0488,-0.0470,0.0018
6588,1000.2,269.8,94.7257,94.7275,94.7748,-0.0491,-0.0473,0.0018
6589,1001.9,296.1,94.7231,94.7249,94.7717,-0.0486,-0.0468,0.0018
6590,998.1,272.3,94.7205,94.7223,94.7690,-0.0485,-0.0467,0.0018
6591,1002.2,266.7,94.7179,94.7197,94.7659,-0.0481,-0.0462,0.0018
6592,1000.0,275.8,94.7153,94.7171,94.7630,-0.0478,-0.0460,0.0018
6593,997.8,260.4,94.7126,94.7145,94.7603,-0.0476,-0.0458,0.0018
6594,1004.9,301.0,94.7100,94.7118,94.7575,-0.0475,-0.0456,0.0018
6595,996.1,309.1,94.7074,94.7092,94.7545,-0.0472,-0.0454,0.0018
6596,1002.5,290.6,94.7047,94.7065,94.7518,-0.0471,-0.0453,0.0018
6597,998.1,271.3,94.7021,94.7039,94.7490,-0.0469,-0.0451,0.0018
6598,998.2,274.1,94.6994,94.7012,94.7460,-0.0466,-0.0448,0.0018
6599,1001.9,269.7,94.6968,94.6986,94.7432,-0.0465,-0.0446,0.0018
6600,999.0,269.3,94.6941,94.6959,94.7403,-0.0462,-0.0444,0.0018
6601,999.0,278.4,94.6914,94.6932,94.7374,-0.0460,-0.0442,0.0018
6602,1000.6,262.7,94.6887,94.6905,94.7342,-0.0455,-0.0437,0.0018
6603,999.4,261.7,94.6860,94.6878,94.7314,-0.0453,-0.0436,0.0018
6604,1000.5,274.1,94.6833,94.6851,94.7314,-0.0480,-0.0463,0.0018
6605,999.5,264.4,94.6806,94.6824,94.7286,-0.0480,-0.0462,0.0018
6606,1000.0,265.6,94.6779,94.6797,94.7260,-0.0481,-0.0463,0.0018
6607,999.9,277.1,94.6752,94.6770,94.7233,-0.0481,-0.0463,0.0018
6608,1000.1,263.9,94.6724,94.6742,94.7206,-0.0482,-0.0464,0.0018
6609,1000.2,281.7,94.6697,94.6715,94.7180,-0.0483,-0.0465,0.0018
6610,1001.1,280.8,94.6670,94.6687,94.7153,-0.0484,-0.0466,0.0018
6611,1001.8,276.4,94.6642,94.6660,94.7127,-0.0485,-0.0467,0.0018
6612,1003.8,361.9,94.6615,94.6632,94.7102,-0.0487,-0.0469,0.0018
6613,999.3,266.8,94.6587,94.6605,94.7077,-0.0490,-0.0472,0.0018
6614,996.9,283.7,94.6559,94.6577,94.7052,-0.0493,-0.0475,0.0018
6615,999.0,274.6,94.6531,94.6549,94.7024,-0.0493,-0.0475,0.0018
6616,1001.4,276.3,94.6504,94.6521,94.6997,-0.0493,-0.0476,0.0017
6617,998.4,275.3,94.6476,94.6493,94.6968,-0.0492,-0.0475,0.0017
6618,1001.2,278.9,94.6448,94.6465,94.6940,-0.0492,-0.0475,0.0017
6619,999.5,313.3,94.6420,94.6437,94.6909,-0.0490,-0.0472,0.0017
6620,998.6,307.9,94.6392,94.6409,94.6881,-0.0489,-0.0472,0.0017
6621,1001.6,290.0,94.6363,94.6381,94.6852,-0.0489,-0.0471,0.0017
6622,1000.4,273.4,94.6335,94.6352,94.6824,-0.0489,-0.0472,0.0017
6623,999.2,267.7,94.6307,94.6324,94.6794,-0.0488,-0.0470,0.0017
6624,1000.3,285.1,94.6278,94.6295,94.6769,-0.0490,-0.0473,0.0017
6625,1000.8,268.7,94.6250,94.6267,94.6742,-0.0493,-0.0476,0.0017
6626,999.6,264.8,94.6221,94.6238,94.6716,-0.0495,-0.0478,0.0017
6627,999.7,313.1,94.6193,94.6210,94.6687,-0.0495,-0.0478,0.0017
6628,1000.5,286.5,94.6164,94.6181,94.6660,-0.0496,-0.0479,0.0017
6629,999.3,285.9,94.6135,94.6152,94.6633,-0.0498,-0.0481,0.0017
6630,999.2,301.5,94.6106,94.6123,94.6606,-0.0500,-0.0483,0.0017
6631,1001.7,285.7,94.6077,94.6094,94.6577,-0.0499,-0.0482,0.0017
6632,998.0,281.9,94.6048,94.6065,94.6549,-0.0501,-0.0484,0.0017
6633,1000.2,326.7,94.6019,94.6036,94.6521,-0.0502,-0.0485,0.0017
6634,1002.5,279.7,94.5990,94.6007,94.6493,-0.0503,-0.0486,0.0017
6635,997.7,272.9,94.5961,94.5978,94.6463,-0.0502,-0.0485,0.0017
6636,1000.3,280.4,94.5932,94.5949,94.6433,-0.0502,-0.0485,0.0017
6637,999.7,265.8,94.5902,94.5919,94.6403,-0.0500,-0.0484,0.0017
6638,1000.2,272.2,94.5873,94.5890,94.6373,-0.0500,-0.0483,0.0017
6639,1003.4,281.6,94.5844,94.5860,94.6341,-0.0498,-0.0481,0.0017
6640,996.0,271.8,94.5814,94.5831,94.6314,-0.0500,-0.0483,0.0017
6641,1001.6,278.7,94.5784,94.5801,94.6287,-0.0503,-0.0486,0.0017
6642,999.7,290.4,94.5755,94.5771,94.6262,-0.0507,-0.0490,0.0017
6643,1000.9,272.4,94.5725,94.5741,94.6235,-0.0510,-0.0493,0.0017
6644,999.5,290.6,94.5695,94.5712,94.6209,-0.0514,-0.0498,0.0016
6645,1000.3,312.3,94.5665,94.5682,94.6184,-0.0519,-0.0502,0.0016
6646,999.7,298.7,94.5635,94.5652,94.6157,-0.0521,-0.0505,0.0016
6647,1000.2,284.8,94.5605,94.5622,94.6126,-0.0521,-0.0504,0.0016
6648,999.8,268.8,94.5575,94.5592,94.6098,-0.0523,-0.0506,0.0016
6649,999.8,280.0,94.5545,94.5561,94.6070,-0.0525,-0.0509,0.0016
6650,999.2,285.6,94.5515,94.5531,94.6043,-0.0528,-0.0512,0.0016
6651,999.4,275.8,94.5484,94.5501,94.6014,-0.0529,-0.0513,0.0016
6652,998.4,269.9,94.5454,94.5470,94.5986,-0.0532,-0.0516,0.0016
6653,1008.0,355.8,94.5424,94.5440,94.5959,-0.0536,-0.0519,0.0016
6654,994.0,271.9,94.5393,94.5409,94.5933,-0.0539,-0.0523,0.0016
6655,998.1,268.3,94.5363,94.5379,94.5904,-0.0542,-0.0526,0.0016
6656,999.8,281.5,94.5332,94.5348,94.5878,-0.0546,-0.0530,0.0016
6657,1000.0,268.0,94.5301,94.5317,94.5853,-0.0552,-0.0536,0.0016
6658,1000.3,277.2,94.5270,94.5286,94.5828,-0.0557,-0.0541,0.0016
6659,1003.6,284.4,94.5240,94.5256,94.5800,-0.0560,-0.0544,0.0016
6660,998.3,270.6,94.5209,94.5225,94.5773,-0.0564,-0.0548,0.0016
6661,1001.3,270.4,94.5178,94.5194,94.5746,-0.0569,-0.0553,0.0016
6662,999.5,282.2,94.5147,94.5162,94.5719,-0.0573,-0.0557,0.0016
6663,997.9,270.8,94.5115,94.5131,94.5691,-0.0576,-0.0560,0.0016
6664,999.2,275.5,94.5084,94.5100,94.5663,-0.0579,-0.0563,0.0016
6665,999.9,275.3,94.5053,94.5069,94.5634,-0.0581,-0.0566,0.0016
6666,1000.2,277.7,94.5022,94.5037,94.5604,-0.0582,-0.0566,0.0016
6667,999.6,275.5,94.4990,94.5006,94.5570,-0.0580,-0.0564,0.0016
6668,1000.1,280.2,94.4959,94.4974,94.5538,-0.0579,-0.0564,0.0016
6669,999.9,302.7,94.4927,94.4943,94.5507,-0.0580,-0.0564,0.0016
6670,999.6,299.4,94.4896,94.4911,94.5477,-0.0581,-0.0566,0.0016
6671,1000.6,309.0,94.4864,94.4879,94.5445,-0.0581,-0.0565,0.0016
6672,1000.0,281.8,94.4832,94.4848,94.5414,-0.0582,-0.0566,0.0016
6673,999.9,276.9,94.4800,94.4816,94.5381,-0.0581,-0.0566,0.0015
6674,1000.0,274.5,94.4768,94.4784,94.5349,-0.0580,-0.0565,0.0015
6675,1000.0,268.0,94.4737,94.4752,94.5316,-0.0580,-0.0564,0.0015
6676,1000.1,276.3,94.4705,94.4720,94.5286,-0.0581,-0.0566,0.0015
6677,999.8,280.3,94.4672,94.4688,94.5253,-0.0581,-0.0566,0.0015
6678,1000.0,267.5,94.4640,94.4656,94.5220,-0.0579,-0.0564,0.0015
6679,1000.3,285.1,94.4608,94.4623,94.5183,-0.0575,-0.0559,0.0015
6680,999.9,272.5,94.4576,94.4591,94.5149,-0.0573,-0.0558,0.0015
6681,1000.1,275.3,94.4543,94.4559,94.5116,-0.0572,-0.0557,0.0015
6682,1000.0,283.5,94.4511,94.4526,94.5083,-0.0572,-0.0557,0.0015
6683,999.7,268.5,94.4479,94.4494,94.5050,-0.0571,-0.0556,0.0015
6684,1000.2,282.8,94.4446,94.4461,94.5014,-0.0568,-0.0553,0.0015
6685,999.8,284.2,94.4413,94.4428,94.4980,-0.0567,-0.0552,0.0015
6686,1000.0,285.8,94.4381,94.4396,94.4947,-0.0566,-0.0551,0.0015
6687,1000.0,272.0,94.4348,94.4363,94.4912,-0.0564,-0.0549,0.0015
6688,1000.1,280.0,94.4315,94.4330,94.4879,-0.0564,-0.0549,0.0015
6689,1000.1,274.0,94.4282,94.4297,94.4846,-0.0564,-0.0549,0.0015
6690,999.7,271.0,94.4249,94.4264,94.4811,-0.0562,-0.0547,0.0015
6691,1000.6,283.9,94.4216,94.4231,94.4774,-0.0558,-0.0543,0.0015
6692,999.9,270.5,94.4183,94.4198,94.4739,-0.0556,-0.0541,0.0015
6693,999.8,279.0,94.4150,94.4165,94.4705,-0.0555,-0.0540,0.0015
6694,999.9,315.8,94.4117,94.4131,94.4670,-0.0554,-0.0539,0.0015
6695,1000.0,304.2,94.4083,94.4098,94.4633,-0.0549,-0.0534,0.0015
6696,1000.1,300.6,94.4050,94.4065,94.4598,-0.0548,-0.0534,0.0015
6697,999.7,309.5,94.4017,94.4031,94.4566,-0.0550,-0.0535,0.0015
6698,1000.4,317.9,94.3983,94.3998,94.4534,-0.0551,-0.0537,0.0015
6699,1000.5,304.0,94.3949,94.3964,94.4504,-0.0554,-0.0540,0.0015
6700,999.1,308.3,94.3916,94.3930,94.4472,-0.0556,-0.0541,0.0015
6701,1000.2,274.7,94.3882,94.3897,94.4442,-0.0560,-0.0545,0.0015
6702,1000.0,291.6,94.3848,94.3863,94.4411,-0.0562,-0.0548,0.0015
6703,1000.0,301.9,94.3815,94.3829,94.4378,-0.0564,-0.0549,0.0014
6704,999.9,290.1,94.3781,94.3795,94.4342,-0.0561,-0.0546,0.0014
6705,1000.1,281.9,94.3747,94.3761,94.4307,-0.0560,-0.0546,0.0014
6706,1000.2,290.3,94.3713,94.3727,94.4273,-0.0561,-0.0546,0.0014
6707,999.6,291.7,94.3679,94.3693,94.4239,-0.0560,-0.0546,0.0014
6708,1000.2,289.6,94.3644,94.3659,94.4202,-0.0558,-0.0543,0.0014
6709,999.9,277.0,94.3610,94.3624,94.4168,-0.0558,-0.0544,0.0014
6710,1000.0,270.4,94.3576,94.3590,94.4136,-0.0560,-0.0545,0.0014
6711,1000.0,288.5,94.3541,94.3556,94.4105,-0.0564,-0.0549,0.0014
6712,1000.0,271.9,94.3507,94.3521,94.4072,-0.0565,-0.0551,0.0014
6713,999.9,271.3,94.3473,94.3487,94.4042,-0.0569,-0.0555,0.0014
6714,1000.1,295.6,94.3438,94.3452,94.4010,-0.0572,-0.0558,0.0014
6715,1000.1,272.6,94.3403,94.3417,94.3978,-0.0575,-0.0561,0.0014
6716,1000.4,267.4,94.3369,94.3383,94.3943,-0.0574,-0.0560,0.0014
6717,1000.9,290.2,94.3334,94.3348,94.3910,-0.0576,-0.0562,0.0014
6718,998.9,276.7,94.3299,94.3313,94.3877,-0.0578,-0.0564,0.0014
6719,999.7,286.2,94.3264,94.3278,94.3844,-0.0580,-0.0566,0.0014
6720,1001.9,304.8,94.3229,94.3243,94.3808,-0.0579,-0.0565,0.0014
6721,998.1,304.4,94.3194,94.3208,94.3775,-0.0581,-0.0567,0.0014
6722,1000.0,282.9,94.3159,94.3173,94.3743,-0.0583,-0.0570,0.0014
6723,1000.2,283.7,94.3124,94.3138,94.3710,-0.0586,-0.0573,0.0014
6724,999.9,280.6,94.3089,94.3103,94.3676,-0.0587,-0.0573,0.0014
6725,1000.0,282.6,94.3053,94.3067,94.3645,-0.0591,-0.0578,0.0014
6726,1000.2,291.5,94.3018,94.3032,94.3615,-0.0597,-0.0583,0.0014
6727,999.9,275.1,94.2983,94.2996,94.3586,-0.0603,-0.0589,0.0014
6728,999.9,274.7,94.2947,94.2961,94.3554,-0.0607,-0.0593,0.0014
6729,1000.1,283.9,94.2912,94.2925,94.3524,-0.0613,-0.0599,0.0014
6730,1000.0,290.5,94.2876,94.2890,94.3494,-0.0618,-0.0604,0.0014
6731,999.9,278.6,94.2840,94.2854,94.3462,-0.0621,-0.0608,0.0014
6732,1000.0,282.4,94.2805,94.2818,94.3427,-0.0623,-0.0609,0.0014
6733,1000.5,272.4,94.2769,94.2782,94.3396,-0.0628,-0.0614,0.0013
6734,999.7,287.5,94.2733,94.2746,94.3366,-0.0633,-0.0619,0.0013
6735,1000.2,275.6,94.2697,94.2710,94.3337,-0.0640,-0.0626,0.0013
6736,999.7,277.8,94.2661,94.2674,94.3307,-0.0646,-0.0633,0.0013
6737,999.7,281.2,94.2625,94.2638,94.3280,-0.0655,-0.0641,0.0013
6738,1000.4,277.9,94.2589,94.2602,94.3253,-0.0664,-0.0651,0.0013
6739,1000.0,281.6,94.2553,94.2566,94.3226,-0.0674,-0.0660,0.0013
6740,999.8,279.1,94.2516,94.2530,94.3197,-0.0681,-0.0668,0.0013
6741,999.8,282.3,94.2480,94.2493,94.3170,-0.0690,-0.0677,0.0013
6742,1000.2,275.5,94.2444,94.2457,94.3142,-0.0699,-0.0685,0.0013
6743,1000.0,292.5,94.2407,94.2420,94.3115,-0.0707,-0.0694,0.0013
6744,1000.0,300.7,94.2371,94.2384,94.3086,-0.0716,-0.0702,0.0013
6745,999.9,298.6,94.2334,94.2347,94.3055,-0.0721,-0.0707,0.0013
6746,1000.1,318.3,94.2298,94.2311,94.3025,-0.0727,-0.0714,0.0013
6747,999.8,280.6,94.2261,94.2274,94.2994,-0.0733,-0.0720,0.0013
6748,1000.2,274.1,94.2224,94.2237,94.2962,-0.0738,-0.0725,0.0013
6749,1001.0,293.2,94.2187,94.2200,94.2928,-0.0741,-0.0728,0.0013
6750,999.2,278.6,94.2150,94.2163,94.2896,-0.0745,-0.0732,0.0013
6751,999.7,272.9,94.2113,94.2126,94.2862,-0.0748,-0.0735,0.0013
6752,999.9,295.2,94.2076,94.2089,94.2827,-0.0750,-0.0738,0.0013
6753,1000.4,273.5,94.2039,94.2052,94.2789,-0.0750,-0.0737,0.0013
6754,999.7,287.7,94.2002,94.2015,94.2755,-0.0753,-0.0740,0.0013
6755,1000.3,286.2,94.1965,94.1978,94.2720,-0.0755,-0.0742,0.0013
6756,999.9,280.1,94.1928,94.1940,94.2686,-0.0758,-0.0745,0.0013
6757,999.7,285.9,94.1890,94.1903,94.2646,-0.0756,-0.0743,0.0013
6758,1000.3,271.0,94.1853,94.1865,94.2608,-0.0755,-0.0743,0.0013
6759,1000.0,282.8,94.1815,94.1828,94.2568,-0.0753,-0.0740,0.0013
6760,1000.0,279.9,94.1778,94.1790,94.2520,-0.0743,-0.0730,0.0013
6761,999.6,280.1,94.1740,94.1753,94.2476,-0.0736,-0.0724,0.0013
6762,1000.3,282.4,94.1703,94.1715,94.2435,-0.0733,-0.0720,0.0013
6763,1000.1,277.6,94.1665,94.1677,94.2394,-0.0729,-0.0717,0.0013
6764,1000.1,282.3,94.1627,94.1640,94.2353,-0.0726,-0.0714,0.0013
6765,999.8,273.1,94.1589,94.1602,94.2309,-0.0720,-0.0707,0.0012
6766,1000.6,290.0,94.1551,94.1564,94.2268,-0.0716,-0.0704,0.0012
6767,999.4,274.8,94.1513,94.1526,94.2226,-0.0712,-0.0700,0.0012
6768,1000.2,269.6,94.1475,94.1488,94.2183,-0.0708,-0.0695,0.0012
6769,1000.0,288.5,94.1437,94.1449,94.2136,-0.0699,-0.0687,0.0012
6770,1000.2,310.9,94.1399,94.1411,94.2093,-0.0694,-0.0681,0.0012
6771,1000.0,306.6,94.1361,94.1373,94.2049,-0.0688,-0.0676,0.0012
6772,999.9,288.2,94.1322,94.1335,94.2006,-0.0683,-0.0671,0.0012
6773,999.9,276.1,94.1284,94.1296,94.1963,-0.0679,-0.0667,0.0012
6774,1000.0,280.3,94.1246,94.1258,94.1918,-0.0672,-0.0660,0.0012
6775,1000.1,286.3,94.1207,94.1219,94.1877,-0.0670,-0.0658,0.0012
6776,999.9,282.9,94.1169,94.1181,94.1839,-0.0670,-0.0658,0.0012
6777,999.7,278.8,94.1130,94.1142,94.1799,-0.0669,-0.0657,0.0012
6778,1000.3,284.0,94.1091,94.1103,94.1756,-0.0665,-0.0653,0.0012
6779,1000.1,295.0,94.1053,94.1065,94.1716,-0.0663,-0.0651,0.0012
6780,999.8,305.8,94.1014,94.1026,94.1674,-0.0660,-0.0648,0.0012
6781,1000.0,290.0,94.0975,94.0987,94.1630,-0.0655,-0.0643,0.0012
6782,1000.1,285.8,94.0936,94.0948,94.1630,-0.0694,-0.0682,0.0012
6783,1000.3,299.0,94.0897,94.0909,94.1583,-0.0686,-0.0674,0.0012
6784,999.7,296.6,94.0858,94.0870,94.1538,-0.0680,-0.0668,0.0012
6785,999.9,285.2,94.0819,94.0831,94.1495,-0.0676,-0.0664,0.0012
6786,1000.1,278.6,94.0780,94.0792,94.1448,-0.0668,-0.0656,0.0012
6787,999.8,288.7,94.0741,94.0752,94.1404,-0.0664,-0.0652,0.0012
6788,1000.1,275.2,94.0701,94.0713,94.1359,-0.0658,-0.0646,0.0012
6789,1000.1,290.3,94.0662,94.0674,94.1316,-0.0654,-0.0642,0.0012
6790,1000.0,276.1,94.0623,94.0634,94.1268,-0.0645,-0.0634,0.0012
6791,1000.0,284.1,94.0583,94.0595,94.1222,-0.0639,-0.0627,0.0012
6792,999.9,286.2,94.0544,94.0555,94.1175,-0.0631,-0.0620,0.0012
6793,1000.4,274.8,94.0504,94.0516,94.1129,-0.0625,-0.0613,0.0012
6794,999.7,316.2,94.0464,94.0476,94.1080,-0.0616,-0.0605,0.0012
6795,999.9,315.3,94.0425,94.0436,94.1037,-0.0612,-0.0601,0.0012
6796,1000.1,291.0,94.0385,94.0396,94.0995,-0.0610,-0.0599,0.0012
6797,999.6,279.1,94.0345,94.0356,94.0954,-0.0609,-0.0598,0.0011
6798,1000.1,282.9,94.0305,94.0317,94.0910,-0.0605,-0.0594,0.0011
6799,1000.7,281.7,94.0265,94.0277,94.0871,-0.0606,-0.0595,0.0011
6800,999.6,280.0,94.0225,94.0236,94.0831,-0.0606,-0.0595,0.0011
6801,999.8,302.6,94.0185,94.0196,94.0791,-0.0606,-0.0595,0.0011
6802,1000.2,278.8,94.0145,94.0156,94.0747,-0.0602,-0.0591,0.0011
6803,1000.0,276.6,94.0105,94.0116,94.0707,-0.0602,-0.0591,0.0011
6804,1000.0,296.3,94.0064,94.0076,94.0667,-0.0603,-0.0592,0.0011
6805,999.9,283.5,94.0024,94.0035,94.0630,-0.0606,-0.0594,0.0011
6806,1000.0,275.0,93.9984,93.9995,94.0592,-0.0608,-0.0597,0.0011
6807,1000.0,292.1,93.9943,93.9954,94.0558,-0.0614,-0.0603,0.0011
6808,1000.1,287.4,93.9903,93.9914,94.0525,-0.0622,-0.0611,0.0011
6809,999.9,293.6,93.9862,93.9873,94.0492,-0.0630,-0.0618,0.0011
6810,1000.0,287.6,93.9822,93.9833,94.0455,-0.0633,-0.0622,0.0011
6811,999.9,278.6,93.9781,93.9792,94.0420,-0.0639,-0.0628,0.0011
6812,1000.2,286.5,93.9740,93.9751,94.0385,-0.0645,-0.0634,0.0011
6813,999.7,285.9,93.9699,93.9710,94.0350,-0.0651,-0.0640,0.0011
6814,1000.3,284.9,93.9658,93.9669,94.0314,-0.0655,-0.0644,0.0011
6815,1000.0,284.4,93.9618,93.9628,94.0279,-0.0661,-0.0650,0.0011
6816,1000.5,291.2,93.9577,93.9587,94.0244,-0.0667,-0.0656,0.0011
6817,999.2,278.0,93.9536,93.9546,94.0208,-0.0673,-0.0662,0.0011
6818,1000.2,287.9,93.9494,93.9505,94.0170,-0.0676,-0.0665,0.0011
6819,999.9,319.5,93.9453,93.9464,94.0134,-0.0681,-0.0670,0.0011
6820,1000.1,311.5,93.9412,93.9423,94.0099,-0.0687,-0.0677,0.0011
6821,1000.0,303.6,93.9371,93.9381,94.0065,-0.0694,-0.0684,0.0011
6822,1000.1,286.6,93.9329,93.9340,94.0028,-0.0699,-0.0688,0.0011
6823,999.8,281.3,93.9288,93.9299,93.9993,-0.0705,-0.0694,0.0011
6824,1000.0,299.0,93.9247,93.9257,93.9957,-0.0711,-0.0700,0.0011
6825,1000.1,279.7,93.9205,93.9216,93.9919,-0.0714,-0.0704,0.0011
6826,1000.0,289.9,93.9163,93.9174,93.9878,-0.0715,-0.0704,0.0011
6827,999.7,288.0,93.9122,93.9132,93.9839,-0.0718,-0.0707,0.0011
6828,1000.2,275.3,93.9080,93.9091,93.9801,-0.0721,-0.0710,0.0011
6829,1000.1,291.7,93.9038,93.9049,93.9762,-0.0724,-0.0713,0.0011
6830,1000.1,286.4,93.8997,93.9007,93.9721,-0.0725,-0.0714,0.0010
6831,999.8,280.0,93.8955,93.8965,93.9683,-0.0729,-0.0718,0.0010
6832,1000.1,284.9,93.8913,93.8923,93.9644,-0.0732,-0.0721,0.0010
6833,1000.7,289.4,93.8871,93.8881,93.9604,-0.0734,-0.0723,0.0010
6834,999.5,284.4,93.8829,93.8839,93.9560,-0.0732,-0.0721,0.0010
6835,999.9,279.0,93.8787,93.8797,93.9519,-0.0732,-0.0722,0.0010
6836,1001.5,291.1,93.8744,93.8755,93.9476,-0.0732,-0.0722,0.0010
6837,998.6,284.2,93.8702,93.8712,93.9433,-0.0731,-0.0721,0.0010
6838,1000.1,278.3,93.8660,93.8670,93.9388,-0.0728,-0.0717,0.0010
6839,1000.0,292.5,93.8618,93.8628,93.9344,-0.0727,-0.0717,0.0010
6840,999.8,283.2,93.8575,93.8585,93.9301,-0.0726,-0.0716,0.0010
6841,1000.1,281.0,93.8533,93.8543,93.9259,-0.0727,-0.0717,0.0010
6842,999.9,292.1,93.8490,93.8500,93.9216,-0.0726,-0.0716,0.0010
6843,1000.1,281.1,93.8448,93.8458,93.9178,-0.0730,-0.0720,0.0010
6844,1000.0,296.4,93.8405,93.8415,93.9138,-0.0733,-0.0723,0.0010
6845,1000.1,315.0,93.8362,93.8372,93.9098,-0.0735,-0.0725,0.0010
6846,1000.0,313.2,93.8319,93.8329,93.9050,-0.0731,-0.0721,0.0010
6847,999.5,286.9,93.8277,93.8287,93.9005,-0.0728,-0.0718,0.0010
6848,1000.3,278.5,93.8234,93.8244,93.8959,-0.0725,-0.0715,0.0010
6849,1001.0,290.1,93.8191,93.8201,93.8914,-0.0723,-0.0713,0.0010
6850,999.5,290.3,93.8148,93.8158,93.8871,-0.0723,-0.0713,0.0010
6851,999.3,287.1,93.8105,93.8115,93.8825,-0.0720,-0.0710,0.0010
6852,1000.2,284.2,93.8062,93.8072,93.8783,-0.0721,-0.0711,0.0010
6853,1000.2,291.4,93.8019,93.8028,93.8740,-0.0721,-0.0712,0.0010
6854,999.8,290.7,93.7975,93.7985,93.8693,-0.0718,-0.0708,0.0010
6855,1000.1,299.1,93.7932,93.7942,93.8649,-0.0717,-0.0708,0.0010
6856,999.9,314.5,93.7889,93.7899,93.8604,-0.0715,-0.0706,0.0010
6857,999.6,298.5,93.7845,93.7855,93.8558,-0.0713,-0.0703,0.0010
6858,1000.4,293.2,93.7802,93.7812,93.8509,-0.0707,-0.0697,0.0010
6859,1000.1,315.0,93.7758,93.7768,93.8462,-0.0704,-0.0694,0.0010
6860,1000.1,299.0,93.7715,93.7725,93.8415,-0.0700,-0.0690,0.0010
6861,999.7,276.5,93.7671,93.7681,93.8369,-0.0698,-0.0688,0.0010
6862,1000.3,294.5,93.7628,93.7637,93.8322,-0.0695,-0.0685,0.0010
6863,999.9,278.9,93.7584,93.7593,93.8280,-0.0696,-0.0687,0.0010
6864,1000.2,287.0,93.7540,93.7550,93.8236,-0.0696,-0.0687,0.0010
6865,999.8,291.9,93.7496,93.7506,93.8192,-0.0696,-0.0686,0.0009
6866,1000.4,287.5,93.7452,93.7462,93.8144,-0.0691,-0.0682,0.0009
6867,999.3,282.4,93.7408,93.7418,93.8100,-0.0691,-0.0682,0.0009
6868,1000.3,291.8,93.7364,93.7374,93.8056,-0.0692,-0.0683,0.0009
6869,1000.1,314.7,93.7320,93.7330,93.8015,-0.0695,-0.0685,0.0009
6870,1000.0,308.8,93.7276,93.7286,93.7973,-0.0697,-0.0687,0.0009
6871,999.8,319.4,93.7232,93.7241,93.7935,-0.0703,-0.0694,0.0009
6872,1000.1,290.0,93.7188,93.7197,93.7898,-0.0711,-0.0701,0.0009
6873,999.9,288.5,93.7144,93.7153,93.7862,-0.0718,-0.0709,0.0009
6874,1000.0,294.8,93.7099,93.7108,93.7823,-0.0723,-0.0714,0.0009
6875,999.9,281.2,93.7055,93.7064,93.7786,-0.0731,-0.0722,0.0009
6876,1000.1,288.0,93.7010,93.7019,93.7749,-0.0739,-0.0730,0.0009
6877,999.6,288.8,93.6966,93.6975,93.7711,-0.0745,-0.0736,0.0009
6878,1000.2,282.0,93.6921,93.6930,93.7669,-0.0748,-0.0739,0.0009
6879,1000.1,296.1,93.6877,93.6886,93.7628,-0.0751,-0.0742,0.0009
6880,1000.1,283.1,93.6832,93.6841,93.7588,-0.0756,-0.0747,0.0009
6881,999.7,290.0,93.6787,93.6796,93.7549,-0.0762,-0.0753,0.0009
6882,1000.1,295.5,93.6742,93.6751,93.7505,-0.0763,-0.0754,0.0009
6883,1000.5,282.1,93.6698,93.6707,93.7465,-0.0767,-0.0758,0.0009
6884,999.7,285.8,93.6653,93.6662,93.7425,-0.0772,-0.0763,0.0009
6885,999.8,294.2,93.6608,93.6617,93.7384,-0.0777,-0.0768,0.0009
6886,1000.1,286.5,93.6563,93.6572,93.7341,-0.0778,-0.0769,0.0009
6887,999.7,286.1,93.6518,93.6527,93.7300,-0.0782,-0.0773,0.0009
6888,1000.1,290.8,93.6473,93.6481,93.7257,-0.0785,-0.0776,0.0009
6889,1000.1,291.1,93.6427,93.6436,93.7214,-0.0786,-0.0778,0.0009
6890,1000.2,285.8,93.6382,93.6391,93.7166,-0.0784,-0.0775,0.0009
6891,999.9,296.1,93.6337,93.6346,93.7123,-0.0787,-0.0778,0.0009
6892,1000.0,284.8,93.6291,93.6300,93.7081,-0.0790,-0.0781,0.0009
6893,999.8,282.6,93.6246,93.6255,93.7040,-0.0794,-0.0785,0.0009
6894,1000.1,298.2,93.6201,93.6209,93.6995,-0.0795,-0.0786,0.0009
6895,1000.1,306.1,93.6155,93.6164,93.6954,-0.0799,-0.0791,0.0009
6896,1000.1,307.2,93.6110,93.6118,93.6913,-0.0803,-0.0795,0.0009
6897,999.7,304.8,93.6064,93.6073,93.6869,-0.0805,-0.0797,0.0009
6898,1000.2,284.6,93.6018,93.6027,93.6822,-0.0804,-0.0795,0.0009
6899,1000.4,299.4,93.5973,93.5981,93.6778,-0.0805,-0.0797,0.0009
6900,1000.2,299.6,93.5927,93.5935,93.6735,-0.0808,-0.0799,0.0009
6901,999.7,302.2,93.5881,93.5889,93.6693,-0.0812,-0.0803,0.0008
6902,1000.3,297.2,93.5835,93.5844,93.6648,-0.0813,-0.0804,0.0008
6903,1002.2,299.6,93.5789,93.5798,93.6607,-0.0817,-0.0809,0.0008
6904,1000.4,298.6,93.5743,93.5752,93.6564,-0.0821,-0.0813,0.0008
6905,1000.0,294.8,93.5697,93.5705,93.6521,-0.0824,-0.0816,0.0008
6906,999.9,303.8,93.5651,93.5659,93.6476,-0.0825,-0.0817,0.0008
6907,999.5,290.5,93.5605,93.5613,93.6427,-0.0822,-0.0814,0.0008
6908,1001.0,297.5,93.5559,93.5567,93.6379,-0.0821,-0.0812,0.0008
6909,999.5,295.4,93.5512,93.5521,93.6329,-0.0817,-0.0809,0.0008
6910,999.9,290.9,93.5466,93.5474,93.6280,-0.0813,-0.0805,0.0008
6911,998.9,288.1,93.5420,93.5428,93.6226,-0.0806,-0.0798,0.0008
6912,999.8,294.1,93.5373,93.5381,93.6177,-0.0804,-0.0796,0.0008
6913,1000.9,292.4,93.5327,93.5335,93.6126,-0.0800,-0.0791,0.0008
6914,1000.7,304.1,93.5280,93.5288,93.6077,-0.0797,-0.0788,0.0008
6915,1000.0,290.3,93.5234,93.5242,93.6022,-0.0788,-0.0780,0.0008
6916,1000.9,299.6,93.5187,93.5195,93.5969,-0.0782,-0.0774,0.0008
6917,997.9,302.0,93.5140,93.5148,93.5915,-0.0775,-0.0766,0.0008
6918,999.7,286.4,93.5094,93.5102,93.5860,-0.0766,-0.0758,0.0008
6919,1000.1,310.2,93.5047,93.5055,93.5801,-0.0754,-0.0746,0.0008
6920,1001.4,328.4,93.5000,93.5008,93.5748,-0.0748,-0.0740,0.0008
6921,999.7,325.2,93.4953,93.4961,93.5697,-0.0744,-0.0736,0.0008
6922,1000.1,297.8,93.4906,93.4914,93.5646,-0.0739,-0.0732,0.0008
6923,999.6,298.7,93.4859,93.4867,93.5591,-0.0731,-0.0723,0.0008
6924,1000.4,297.9,93.4812,93.4820,93.5539,-0.0727,-0.0719,0.0008
6925,999.9,290.3,93.4765,93.4773,93.5487,-0.0721,-0.0714,0.0008
6926,1000.6,310.4,93.4718,93.4726,93.5434,-0.0716,-0.0708,0.0008
6927,998.6,295.9,93.4671,93.4678,93.5380,-0.0710,-0.0702,0.0008
6928,1000.5,293.5,93.4623,93.4631,93.5332,-0.0709,-0.0701,0.0008
6929,1000.2,304.1,93.4576,93.4584,93.5286,-0.0710,-0.0703,0.0008
6930,998.5,295.5,93.4529,93.4536,93.5241,-0.0712,-0.0704,0.0008
6931,999.9,292.7,93.4481,93.4489,93.5185,-0.0703,-0.0696,0.0008
6932,999.3,321.6,93.4434,93.4442,93.5139,-0.0705,-0.0698,0.0008
6933,1000.1,312.7,93.4386,93.4394,93.5094,-0.0707,-0.0700,0.0008
6934,1001.2,308.8,93.4339,93.4346,93.5054,-0.0715,-0.0708,0.0008
6935,1000.5,317.7,93.4291,93.4299,93.4998,-0.0706,-0.0699,0.0008
6936,999.9,308.1,93.4243,93.4251,93.4951,-0.0708,-0.0700,0.0008
6937,999.7,300.9,93.4196,93.4203,93.4907,-0.0711,-0.0703,0.0008
6938,999.0,285.6,93.4148,93.4155,93.4862,-0.0714,-0.0707,0.0008
6939,999.8,300.7,93.4100,93.4108,93.4816,-0.0715,-0.0708,0.0007
6940,1002.4,302.7,93.4052,93.4060,93.4771,-0.0719,-0.0711,0.0007
6941,998.2,300.1,93.4004,93.4012,93.4726,-0.0722,-0.0714,0.0007
6942,999.6,292.7,93.3956,93.3964,93.4680,-0.0724,-0.0717,0.0007
6943,1000.5,300.3,93.3908,93.3916,93.4631,-0.0722,-0.0715,0.0007
6944,999.5,317.5,93.3860,93.3868,93.4585,-0.0725,-0.0718,0.0007
6945,1000.8,326.2,93.3812,93.3819,93.4542,-0.0730,-0.0723,0.0007
6946,998.9,309.3,93.3764,93.3771,93.4498,-0.0734,-0.0727,0.0007
6947,999.4,296.6,93.3716,93.3723,93.4451,-0.0736,-0.0729,0.0007
6948,1000.0,287.9,93.3667,93.3675,93.4451,-0.0784,-0.0777,0.0007
6949,1000.2,303.6,93.3619,93.3626,93.4408,-0.0789,-0.0782,0.0007
6950,1000.8,290.8,93.3571,93.3578,93.4365,-0.0794,-0.0787,0.0007
6951,999.0,281.2,93.3522,93.3529,93.4316,-0.0794,-0.0786,0.0007
6952,1000.3,300.7,93.3474,93.3481,93.4269,-0.0796,-0.0789,0.0007
6953,999.9,285.3,93.3425,93.3432,93.4222,-0.0797,-0.0790,0.0007
6954,1000.0,294.3,93.3377,93.3384,93.4176,-0.0799,-0.0792,0.0007
6955,1000.0,297.1,93.3328,93.3335,93.4128,-0.0800,-0.0793,0.0007
6956,999.8,295.8,93.3279,93.3286,93.4085,-0.0806,-0.0799,0.0007
6957,1000.0,290.1,93.3231,93.3238,93.4044,-0.0813,-0.0806,0.0007
6958,1000.2,297.9,93.3182,93.3189,93.4003,-0.0822,-0.0815,0.0007
6959,999.9,294.8,93.3133,93.3140,93.3961,-0.0828,-0.0821,0.0007
6960,1000.8,297.8,93.3084,93.3091,93.3921,-0.0837,-0.0830,0.0007
6961,1000.3,306.2,93.3035,93.3042,93.3880,-0.0845,-0.0838,0.0007
6962,999.1,290.4,93.2986,93.2993,93.3837,-0.0851,-0.0844,0.0007
6963,1001.5,292.0,93.2937,93.2944,93.3789,-0.0852,-0.0845,0.0007
6964,999.0,300.7,93.2888,93.2895,93.3743,-0.0855,-0.0849,0.0007
6965,1000.4,292.2,93.2839,93.2846,93.3699,-0.0860,-0.0854,0.0007
6966,1003.5,291.3,93.2790,93.2796,93.3656,-0.0866,-0.0859,0.0007
6967,995.9,295.8,93.2740,93.2747,93.3608,-0.0868,-0.0861,0.0007
6968,999.6,287.4,93.2691,93.2698,93.3564,-0.0873,-0.0866,0.0007
6969,1000.0,332.2,93.2642,93.2649,93.3519,-0.0878,-0.0871,0.0007
6970,1000.0,338.8,93.2592,93.2599,93.3474,-0.0881,-0.0874,0.0007
6971,1000.5,322.8,93.2543,93.2550,93.3421,-0.0878,-0.0872,0.0007
6972,999.5,327.9,93.2494,93.2500,93.3370,-0.0877,-0.0870,0.0007
6973,1000.0,329.2,93.2444,93.2451,93.3318,-0.0874,-0.0868,0.0007
6974,999.8,323.6,93.2394,93.2401,93.3268,-0.0873,-0.0867,0.0007
6975,1000.0,319.3,93.2345,93.2351,93.3214,-0.0869,-0.0862,0.0007
6976,1000.3,300.7,93.2295,93.2302,93.3162,-0.0867,-0.0860,0.0007
6977,999.5,291.6,93.2245,93.2252,93.3111,-0.0866,-0.0859,0.0007
6978,1001.4,300.9,93.2196,93.2202,93.3060,-0.0865,-0.0858,0.0007
6979,1001.4,306.0,93.2146,93.2152,93.3007,-0.0861,-0.0855,0.0006
6980,998.1,290.8,93.2096,93.2102,93.2957,-0.0861,-0.0855,0.0006
6981,1000.4,304.2,93.2046,93.2052,93.2907,-0.0861,-0.0854,0.0006
6982,1001.2,296.4,93.1996,93.2003,93.2856,-0.0859,-0.0853,0.0006
6983,998.3,289.5,93.1946,93.1952,93.2802,-0.0855,-0.0849,0.0006
6984,999.9,302.9,93.1896,93.1902,93.2754,-0.0858,-0.0851,0.0006
6985,999.9,289.9,93.1846,93.1852,93.2707,-0.0861,-0.0855,0.0006
6986,999.8,289.2,93.1796,93.1802,93.2662,-0.0866,-0.0860,0.0006
6987,999.6,302.0,93.1746,93.1752,93.2613,-0.0867,-0.0861,0.0006
6988,1000.4,290.3,93.1695,93.1702,93.2567,-0.0871,-0.0865,0.0006
6989,1000.0,301.4,93.1645,93.1651,93.2518,-0.0873,-0.0867,0.0006
6990,1000.0,297.6,93.1595,93.1601,93.2468,-0.0873,-0.0867,0.0006
6991,1000.0,298.9,93.1544,93.1551,93.2413,-0.0869,-0.0862,0.0006
6992,1000.1,300.4,93.1494,93.1500,93.2362,-0.0868,-0.0862,0.0006
6993,999.9,290.8,93.1443,93.1450,93.2311,-0.0868,-0.0861,0.0006
6994,1000.0,317.7,93.1393,93.1399,93.2261,-0.0869,-0.0862,0.0006
6995,1000.2,331.6,93.1342,93.1348,93.2206,-0.0864,-0.0857,0.0006
6996,1002.5,333.9,93.1292,93.1298,93.2153,-0.0861,-0.0855,0.0006
6997,998.0,325.8,93.1241,93.1247,93.2100,-0.0859,-0.0853,0.0006
6998,1000.1,321.6,93.1190,93.1196,93.2046,-0.0856,-0.0850,0.0006
6999,1000.1,308.4,93.1140,93.1146,93.1987,-0.0848,-0.0842,0.0006
7000,1000.1,309.1,93.1089,93.1095,93.1932,-0.0843,-0.0837,0.0006
7001,1005.3,328.4,93.1038,93.1044,93.1879,-0.0841,-0.0835,0.0006
7002,997.9,311.6,93.0987,93.0993,93.1826,-0.0839,-0.0833,0.0006
7003,996.6,296.1,93.0936,93.0942,93.1769,-0.0833,-0.0827,0.0006
7004,999.2,305.4,93.0885,93.0891,93.1716,-0.0831,-0.0825,0.0006
7005,1000.2,296.5,93.0834,93.0840,93.1662,-0.0828,-0.0822,0.0006
7006,1000.0,314.4,93.0783,93.0789,93.1609,-0.0826,-0.0820,0.0006
7007,999.9,340.6,93.0732,93.0738,93.1553,-0.0822,-0.0816,0.0006
7008,1000.0,319.5,93.0681,93.0686,93.1504,-0.0823,-0.0817,0.0006
7009,1001.3,317.8,93.0629,93.0635,93.1456,-0.0826,-0.0821,0.0006
7010,999.0,304.9,93.0578,93.0584,93.1408,-0.0830,-0.0825,0.0006
7011,1000.0,308.1,93.0527,93.0533,93.1358,-0.0831,-0.0825,0.0006
7012,999.7,312.6,93.0475,93.0481,93.1309,-0.0833,-0.0828,0.0006
7013,1000.2,318.3,93.0424,93.0430,93.1260,-0.0836,-0.0830,0.0006
7014,999.8,307.8,93.0373,93.0378,93.1209,-0.0837,-0.0831,0.0006
7015,1003.0,302.5,93.0321,93.0327,93.1157,-0.0835,-0.0830,0.0006
7016,1000.4,312.1,93.0270,93.0275,93.1105,-0.0835,-0.0830,0.0006
7017,998.4,295.2,93.0218,93.0224,93.1055,-0.0837,-0.0831,0.0006
7018,1000.2,303.8,93.0166,93.0172,93.1008,-0.0842,-0.0836,0.0006
7019,1000.1,325.7,93.0115,93.0120,93.0959,-0.0844,-0.0839,0.0006
7020,1000.8,323.7,93.0063,93.0068,93.0913,-0.0850,-0.0844,0.0006
7021,997.7,315.2,93.0011,93.0017,93.0864,-0.0853,-0.0847,0.0006
7022,1000.1,309.3,92.9959,92.9965,93.0810,-0.0851,-0.0846,0.0005
7023,999.9,298.2,92.9907,92.9913,93.0755,-0.0847,-0.0842,0.0005
7024,999.7,312.3,92.9856,92.9861,93.0704,-0.0849,-0.0843,0.0005
7025,1003.3,303.3,92.9804,92.9809,93.0653,-0.0849,-0.0844,0.0005
7026,1000.2,311.7,92.9752,92.9757,93.0603,-0.0851,-0.0846,0.0005
7027,999.4,307.3,92.9700,92.9705,93.0548,-0.0848,-0.0843,0.0005
7028,999.4,297.8,92.9648,92.9653,93.0497,-0.0850,-0.0844,0.0005
7029,999.0,304.2,92.9595,92.9601,93.0445,-0.0849,-0.0844,0.0005
7030,999.0,309.8,92.9543,92.9549,93.0392,-0.0849,-0.0843,0.0005
7031,999.8,299.8,92.9491,92.9496,93.0334,-0.0843,-0.0837,0.0005
7032,999.8,297.2,92.9439,92.9444,93.0279,-0.0840,-0.0835,0.0005
7033,999.8,298.7,92.9386,92.9392,93.0227,-0.0841,-0.0835,0.0005
7034,1000.0,299.9,92.9334,92.9339,93.0178,-0.0843,-0.0838,0.0005
7035,1000.8,291.9,92.9282,92.9287,93.0128,-0.0846,-0.0841,0.0005
7036,999.3,306.8,92.9229,92.9234,93.0075,-0.0846,-0.0841,0.0005
7037,999.7,292.1,92.9177,92.9182,93.0024,-0.0847,-0.0842,0.0005
7038,1000.4,293.0,92.9124,92.9129,92.9972,-0.0847,-0.0842,0.0005
7039,1002.6,309.9,92.9072,92.9077,92.9918,-0.0846,-0.0841,0.0005
7040,1000.2,297.6,92.9019,92.9024,92.9860,-0.0841,-0.0836,0.0005
7041,999.6,292.8,92.8967,92.8972,92.9808,-0.0842,-0.0837,0.0005
7042,998.6,306.3,92.8914,92.8919,92.9756,-0.0842,-0.0837,0.0005
7043,999.4,296.1,92.8861,92.8866,92.9702,-0.0841,-0.0836,0.0005
7044,1000.0,298.7,92.8808,92.8813,92.9643,-0.0835,-0.0830,0.0005
7045,999.9,341.1,92.8756,92.8761,92.9590,-0.0834,-0.0829,0.0005
7046,1002.1,336.5,92.8703,92.8708,92.9536,-0.0833,-0.0828,0.0005
7047,1000.7,314.7,92.8650,92.8655,92.9481,-0.0831,-0.0826,0.0005
7048,1000.3,313.6,92.8597,92.8602,92.9419,-0.0823,-0.0818,0.0005
7049,1000.1,304.9,92.8544,92.8549,92.9363,-0.0820,-0.0815,0.0005
7050,998.0,301.3,92.8491,92.8496,92.9308,-0.0817,-0.0813,0.0005
7051,998.6,309.0,92.8438,92.8443,92.9254,-0.0816,-0.0811,0.0005
7052,1000.3,299.5,92.8385,92.8389,92.9194,-0.0809,-0.0804,0.0005
7053,999.9,300.5,92.8331,92.8336,92.9137,-0.0805,-0.0800,0.0005
7054,1001.0,303.0,92.8278,92.8283,92.9080,-0.0802,-0.0797,0.0005
7055,999.3,295.4,92.8225,92.8230,92.9027,-0.0802,-0.0797,0.0005
7056,999.4,296.5,92.8172,92.8176,92.8970,-0.0799,-0.0794,0.0005
7057,1000.0,301.2,92.8118,92.8123,92.8921,-0.0803,-0.0798,0.0005
7058,999.8,295.0,92.8065,92.8070,92.8874,-0.0809,-0.0805,0.0005
7059,1000.1,307.1,92.8012,92.8016,92.8828,-0.0816,-0.0811,0.0005
7060,1000.1,298.1,92.7958,92.7963,92.8776,-0.0818,-0.0813,0.0005
7061,1000.1,305.9,92.7905,92.7909,92.8728,-0.0823,-0.0818,0.0005
7062,1000.0,314.3,92.7851,92.7856,92.8678,-0.0827,-0.0822,0.0005
7063,1000.5,291.8,92.7798,92.7802,92.8627,-0.0830,-0.0825,0.0005
7064,999.4,310.9,92.7744,92.7749,92.8574,-0.0830,-0.0825,0.0005
7065,1000.3,302.4,92.7690,92.7695,92.8524,-0.0834,-0.0829,0.0005
7066,999.7,303.4,92.7637,92.7641,92.8475,-0.0839,-0.0834,0.0005
7067,1002.3,302.6,92.7583,92.7587,92.8427,-0.0844,-0.0839,0.0005
7068,1000.0,313.1,92.7529,92.7534,92.8373,-0.0844,-0.0840,0.0005
7069,998.3,320.3,92.7475,92.7480,92.8323,-0.0848,-0.0844,0.0004
7070,1001.3,319.0,92.7421,92.7426,92.8270,-0.0849,-0.0845,0.0004
7071,998.6,350.9,92.7368,92.7372,92.8218,-0.0851,-0.0846,0.0004
7072,1002.2,303.7,92.7314,92.7318,92.8165,-0.0851,-0.0847,0.0004
7073,998.4,302.5,92.7260,92.7264,92.8117,-0.0858,-0.0853,0.0004
7074,999.2,314.2,92.7206,92.7210,92.8069,-0.0864,-0.0859,0.0004
7075,999.9,299.1,92.7152,92.7156,92.8021,-0.0870,-0.0866,0.0004
7076,999.6,297.6,92.7097,92.7102,92.7970,-0.0872,-0.0868,0.0004
7077,999.8,320.9,92.7043,92.7048,92.7922,-0.0879,-0.0875,0.0004
7078,1000.3,309.9,92.6989,92.6993,92.7875,-0.0886,-0.0881,0.0004
7079,999.9,309.3,92.6935,92.6939,92.7827,-0.0892,-0.0888,0.0004
7080,1000.6,294.2,92.6881,92.6885,92.7776,-0.0895,-0.0891,0.0004
7081,999.2,298.7,92.6826,92.6831,92.7728,-0.0902,-0.0898,0.0004
7082,1001.1,302.8,92.6772,92.6776,92.7682,-0.0910,-0.0906,0.0004
7083,999.0,292.9,92.6718,92.6722,92.7637,-0.0919,-0.0915,0.0004
7084,1000.7,324.4,92.6663,92.6667,92.7589,-0.0925,-0.0921,0.0004
7085,1000.0,329.8,92.6609,92.6613,92.7543,-0.0934,-0.0930,0.0004
7086,1001.7,315.2,92.6554,92.6558,92.7496,-0.0942,-0.0938,0.0004
7087,998.0,298.5,92.6500,92.6504,92.7446,-0.0947,-0.0943,0.0004
7088,999.9,318.1,92.6445,92.6449,92.7391,-0.0946,-0.0942,0.0004
7089,1000.1,324.1,92.6390,92.6395,92.7337,-0.0947,-0.0943,0.0004
7090,999.8,309.7,92.6336,92.6340,92.7284,-0.0948,-0.0944,0.0004
7091,1001.2,315.8,92.6281,92.6285,92.7230,-0.0949,-0.0945,0.0004
7092,999.1,299.8,92.6226,92.6230,92.7171,-0.0945,-0.0941,0.0004
7093,1000.0,296.7,92.6172,92.6176,92.7115,-0.0944,-0.0940,0.0004
7094,999.8,347.0,92.6117,92.6121,92.7059,-0.0943,-0.0939,0.0004
7095,1000.2,320.9,92.6062,92.6066,92.7003,-0.0941,-0.0937,0.0004
7096,1000.1,325.6,92.6007,92.6011,92.6941,-0.0933,-0.0930,0.0004
7097,998.9,323.6,92.5952,92.5956,92.6883,-0.0931,-0.0927,0.0004
7098,1001.0,299.7,92.5897,92.5901,92.6826,-0.0929,-0.0925,0.0004
7099,999.3,303.6,92.5842,92.5846,92.6768,-0.0926,-0.0922,0.0004
7100,1000.8,312.0,92.5787,92.5791,92.6697,-0.0910,-0.0906,0.0004
7101,999.1,309.4,92.5732,92.5736,92.6639,-0.0907,-0.0903,0.0004
7102,1000.2,302.3,92.5677,92.5681,92.6578,-0.0901,-0.0897,0.0004
7103,999.9,309.0,92.5622,92.5626,92.6514,-0.0893,-0.0889,0.0004
7104,1008.2,303.4,92.5567,92.5570,92.6456,-0.0889,-0.0886,0.0004
7105,993.4,303.8,92.5511,92.5515,92.6399,-0.0888,-0.0884,0.0004
7106,999.0,309.9,92.5456,92.5460,92.6343,-0.0887,-0.0883,0.0004
7107,1000.8,302.4,92.5401,92.5405,92.6282,-0.0881,-0.0877,0.0004
7108,999.5,304.1,92.5345,92.5349,92.6223,-0.0878,-0.0874,0.0004
7109,1001.4,314.7,92.5290,92.5294,92.6164,-0.0874,-0.0870,0.0004
7110,999.1,341.4,92.5235,92.5238,92.6104,-0.0870,-0.0866,0.0004
7111,999.6,303.3,92.5179,92.5183,92.6045,-0.0866,-0.0862,0.0004
7112,1000.3,305.5,92.5124,92.5127,92.5982,-0.0859,-0.0855,0.0004
7113,998.9,296.8,92.5068,92.5072,92.5926,-0.0858,-0.0854,0.0004
7114,1000.3,312.0,92.5013,92.5016,92.5869,-0.0856,-0.0853,0.0004
7115,1000.2,297.0,92.4957,92.4961,92.5811,-0.0854,-0.0851,0.0004
7116,1000.1,305.9,92.4901,92.4905,92.5811,-0.0910,-0.0906,0.0004
7117,999.5,312.2,92.4846,92.4849,92.5747,-0.0902,-0.0898,0.0004
7118,1002.0,303.9,92.4790,92.4794,92.5687,-0.0898,-0.0894,0.0004
7119,999.9,344.3,92.4734,92.4738,92.5628,-0.0894,-0.0890,0.0004
7120,999.5,350.8,92.4678,92.4682,92.5570,-0.0892,-0.0888,0.0004
7121,999.6,338.3,92.4623,92.4626,92.5508,-0.0885,-0.0881,0.0003
7122,1000.1,340.7,92.4567,92.4570,92.5450,-0.0883,-0.0880,0.0003
7123,999.8,350.4,92.4511,92.4514,92.5392,-0.0881,-0.0878,0.0003
7124,999.8,354.6,92.4455,92.4458,92.5330,-0.0875,-0.0872,0.0003
7125,1000.2,312.3,92.4399,92.4402,92.5273,-0.0874,-0.0870,0.0003
7126,999.6,327.6,92.4343,92.4346,92.5219,-0.0876,-0.0872,0.0003
7127,1001.8,310.8,92.4287,92.4290,92.5167,-0.0881,-0.0877,0.0003
7128,998.6,300.9,92.4231,92.4234,92.5116,-0.0885,-0.0881,0.0003
7129,1000.0,314.3,92.4175,92.4178,92.5068,-0.0894,-0.0890,0.0003
7130,999.9,301.3,92.4119,92.4122,92.5021,-0.0902,-0.0899,0.0003
7131,998.7,297.7,92.4062,92.4066,92.4973,-0.0910,-0.0907,0.0003
7132,1000.3,320.6,92.4006,92.4010,92.4921,-0.0915,-0.0912,0.0003
7133,999.7,303.7,92.3950,92.3953,92.4873,-0.0923,-0.0920,0.0003
7134,1000.2,312.4,92.3894,92.3897,92.4824,-0.0930,-0.0927,0.0003
7135,1001.5,312.5,92.3837,92.3841,92.4773,-0.0936,-0.0932,0.0003
7136,998.6,305.8,92.3781,92.3784,92.4718,-0.0937,-0.0934,0.0003
7137,1000.0,306.8,92.3725,92.3728,92.4667,-0.0943,-0.0939,0.0003
7138,1000.4,307.1,92.3668,92.3671,92.4614,-0.0946,-0.0943,0.0003
7139,999.8,307.2,92.3612,92.3615,92.4560,-0.0948,-0.0945,0.0003
7140,1002.6,323.1,92.3555,92.3558,92.4499,-0.0943,-0.0940,0.0003
7141,998.3,315.9,92.3499,92.3502,92.4440,-0.0942,-0.0939,0.0003
7142,999.6,304.5,92.3442,92.3445,92.4383,-0.0940,-0.0937,0.0003
7143,1000.1,312.9,92.3386,92.3389,92.4325,-0.0939,-0.0936,0.0003
7144,1001.4,343.0,92.3329,92.3332,92.4262,-0.0933,-0.0930,0.0003
7145,999.0,341.0,92.3272,92.3275,92.4204,-0.0932,-0.0929,0.0003
7146,999.7,306.9,92.3216,92.3219,92.4144,-0.0928,-0.0925,0.0003
7147,999.7,302.8,92.3159,92.3162,92.4083,-0.0924,-0.0921,0.0003
7148,999.4,301.2,92.3102,92.3105,92.4018,-0.0916,-0.0913,0.0003
7149,999.9,314.1,92.3045,92.3048,92.3959,-0.0914,-0.0911,0.0003
7150,1000.0,301.0,92.2988,92.2991,92.3901,-0.0912,-0.0909,0.0003
7151,999.7,309.5,92.2932,92.2935,92.3844,-0.0912,-0.0909,0.0003
7152,1000.3,316.6,92.2875,92.2878,92.3783,-0.0908,-0.0905,0.0003
7153,999.9,301.7,92.2818,92.2821,92.3726,-0.0908,-0.0905,0.0003
7154,1000.0,313.6,92.2761,92.2764,92.3666,-0.0906,-0.0903,0.0003
7155,1000.1,313.0,92.2704,92.2707,92.3606,-0.0903,-0.0900,0.0003
7156,1000.1,316.9,92.2647,92.2650,92.3541,-0.0894,-0.0891,0.0003
7157,999.7,314.0,92.2590,92.2593,92.3481,-0.0891,-0.0889,0.0003
7158,1001.1,314.0,92.2533,92.2535,92.3421,-0.0888,-0.0885,0.0003
7159,1000.7,310.5,92.2475,92.2478,92.3361,-0.0886,-0.0883,0.0003
7160,999.7,320.8,92.2418,92.2421,92.3296,-0.0878,-0.0875,0.0003
7161,999.7,326.9,92.2361,92.2364,92.3235,-0.0874,-0.0871,0.0003
7162,1000.1,305.5,92.2304,92.2307,92.3173,-0.0869,-0.0866,0.0003
7163,999.8,320.0,92.2247,92.2249,92.3112,-0.0866,-0.0863,0.0003
7164,1000.4,338.2,92.2189,92.2192,92.3049,-0.0860,-0.0857,0.0003
7165,999.8,311.1,92.2132,92.2135,92.2994,-0.0862,-0.0859,0.0003
7166,1000.3,306.1,92.2075,92.2077,92.2941,-0.0866,-0.0864,0.0003
7167,999.7,317.7,92.2017,92.2020,92.2888,-0.0871,-0.0868,0.0003
7168,1001.8,302.1,92.1960,92.1962,92.2831,-0.0871,-0.0868,0.0003
7169,998.0,326.9,92.1902,92.1905,92.2778,-0.0876,-0.0874,0.0003
7170,999.9,343.9,92.1845,92.1847,92.2727,-0.0882,-0.0879,0.0003
7171,1000.0,338.0,92.1787,92.1790,92.2677,-0.0889,-0.0887,0.0003
7172,999.4,322.5,92.1730,92.1732,92.2624,-0.0895,-0.0892,0.0003
7173,999.6,301.1,92.1672,92.1675,92.2578,-0.0906,-0.0903,0.0003
7174,1000.0,316.8,92.1614,92.1617,92.2532,-0.0918,-0.0915,0.0003
7175,1000.1,308.5,92.1557,92.1559,92.2485,-0.0928,-0.0926,0.0003
7176,999.9,315.4,92.1499,92.1502,92.2433,-0.0934,-0.0932,0.0003
7177,999.8,304.4,92.1441,92.1444,92.2383,-0.0942,-0.0939,0.0003
7178,1000.4,308.4,92.1384,92.1386,92.2333,-0.0949,-0.0947,0.0003
7179,999.7,307.3,92.1326,92.1328,92.2284,-0.0958,-0.0955,0.0003
7180,1000.1,304.8,92.1268,92.1271,92.2235,-0.0967,-0.0964,0.0003
7181,999.7,320.2,92.1210,92.1213,92.2183,-0.0973,-0.0971,0.0002
7182,1003.3,308.6,92.1152,92.1155,92.2135,-0.0982,-0.0980,0.0002
7183,998.0,308.6,92.1095,92.1097,92.2084,-0.0990,-0.0987,0.0002
7184,999.7,321.4,92.1037,92.1039,92.2026,-0.0990,-0.0987,0.0002
7185,999.5,308.0,92.0979,92.0981,92.1972,-0.0993,-0.0991,0.0002
7186,1000.6,299.9,92.0921,92.0923,92.1917,-0.0997,-0.0994,0.0002
7187,1002.8,327.7,92.0863,92.0865,92.1862,-0.1000,-0.0997,0.0002
7188,997.8,306.3,92.0805,92.0807,92.1802,-0.0998,-0.0995,0.0002
7189,999.7,316.1,92.0747,92.0749,92.1746,-0.0999,-0.0997,0.0002
7190,1000.0,314.6,92.0688,92.0691,92.1688,-0.0999,-0.0997,0.0002
7191,998.7,309.1,92.0630,92.0633,92.1629,-0.0999,-0.0996,0.0002
7192,1000.0,319.5,92.0572,92.0574,92.1564,-0.0992,-0.0990,0.0002
7193,1000.2,318.2,92.0514,92.0516,92.1502,-0.0988,-0.0986,0.0002
7194,1000.1,333.6,92.0456,92.0458,92.1441,-0.0986,-0.0983,0.0002
7195,999.8,339.0,92.0397,92.0400,92.1381,-0.0984,-0.0982,0.0002
7196,1000.0,333.2,92.0339,92.0341,92.1317,-0.0978,-0.0976,0.0002
7197,1000.2,309.2,92.0281,92.0283,92.1257,-0.0976,-0.0974,0.0002
7198,999.8,309.5,92.0222,92.0225,92.1195,-0.0972,-0.0970,0.0002
7199,999.8,315.9,92.0164,92.0166,92.1131,-0.0967,-0.0964,0.0002
7200,1001.1,307.9,92.0106,92.0108,92.1061,-0.0955,-0.0953,0.0002
7201,1000.1,313.6,92.0047,92.0049,92.0997,-0.0950,-0.0948,0.0002
7202,1000.3,314.8,91.9989,91.9991,92.0935,-0.0946,-0.0944,0.0002
7203,999.8,308.6,91.9930,91.9932,92.0871,-0.0940,-0.0938,0.0002
7204,1002.0,332.4,91.9872,91.9874,92.0802,-0.0930,-0.0928,0.0002
7205,997.9,311.1,91.9813,91.9815,92.0735,-0.0922,-0.0920,0.0002
7206,1000.2,316.2,91.9755,91.9757,92.0667,-0.0913,-0.0911,0.0002
7207,998.7,321.9,91.9696,91.9698,92.0602,-0.0905,-0.0903,0.0002
7208,1000.3,304.8,91.9637,91.9639,92.0530,-0.0893,-0.0891,0.0002
7209,999.6,312.9,91.9579,91.9581,92.0464,-0.0885,-0.0883,0.0002
7210,1000.3,311.9,91.9520,91.9522,92.0399,-0.0879,-0.0877,0.0002
7211,999.6,307.2,91.9461,91.9463,92.0336,-0.0875,-0.0873,0.0002
7212,1000.1,308.9,91.9403,91.9405,92.0268,-0.0865,-0.0863,0.0002
7213,1000.0,323.0,91.9344,91.9346,92.0206,-0.0863,-0.0861,0.0002
7214,1000.2,313.2,91.9285,91.9287,92.0147,-0.0862,-0.0860,0.0002
7215,999.8,307.9,91.9226,91.9228,92.0091,-0.0865,-0.0863,0.0002
7216,999.9,316.9,91.9167,91.9169,92.0036,-0.0868,-0.0866,0.0002
7217,999.7,307.5,91.9108,91.9110,91.9978,-0.0870,-0.0868,0.0002
7218,1001.0,297.0,91.9050,91.9051,91.9924,-0.0875,-0.0873,0.0002
7219,1001.9,322.2,91.8991,91.8992,91.9869,-0.0878,-0.0876,0.0002
7220,999.3,347.9,91.8932,91.8934,91.9814,-0.0883,-0.0881,0.0002
7221,998.9,333.4,91.8873,91.8875,91.9754,-0.0882,-0.0880,0.0002
7222,1000.3,339.5,91.8814,91.8815,91.9698,-0.0885,-0.0883,0.0002
7223,1000.5,311.2,91.8755,91.8756,91.9643,-0.0889,-0.0887,0.0002
7224,999.4,323.8,91.8695,91.8697,91.9588,-0.0892,-0.0890,0.0002
7225,1000.2,316.3,91.8636,91.8638,91.9528,-0.0892,-0.0890,0.0002
7226,998.8,311.9,91.8577,91.8579,91.9472,-0.0895,-0.0893,0.0002
7227,999.6,313.4,91.8518,91.8520,91.9415,-0.0897,-0.0895,0.0002
7228,1000.3,305.3,91.8459,91.8461,91.9358,-0.0899,-0.0898,0.0002
7229,999.8,313.0,91.8400,91.8401,91.9299,-0.0899,-0.0897,0.0002
7230,1000.0,314.2,91.8340,91.8342,91.9244,-0.0904,-0.0902,0.0002
7231,1000.1,311.3,91.8281,91.8283,91.9190,-0.0909,-0.0907,0.0002
7232,1000.1,315.9,91.8222,91.8224,91.9136,-0.0914,-0.0912,0.0002
7233,999.9,312.8,91.8163,91.8164,91.9078,-0.0916,-0.0914,0.0002
7234,1000.0,312.2,91.8103,91.8105,91.9025,-0.0921,-0.0920,0.0002
7235,1000.8,306.3,91.8044,91.8046,91.8972,-0.0928,-0.0926,0.0002
7236,999.3,336.7,91.7984,91.7986,91.8919,-0.0935,-0.0933,0.0002
7237,999.8,339.4,91.7925,91.7927,91.8863,-0.0938,-0.0937,0.0002
7238,1001.7,316.3,91.7866,91.7867,91.8812,-0.0946,-0.0944,0.0002
7239,1000.0,326.6,91.7806,91.7808,91.8759,-0.0953,-0.0951,0.0002
7240,999.6,339.9,91.7747,91.7748,91.8706,-0.0959,-0.0958,0.0002
7241,999.8,309.1,91.7687,91.7689,91.8650,-0.0963,-0.0961,0.0002
7242,1002.7,333.0,91.7628,91.7629,91.8588,-0.0960,-0.0959,0.0002
7243,998.3,311.0,91.7568,91.7570,91.8530,-0.0962,-0.0960,0.0002
7244,998.9,334.2,91.7508,91.7510,91.8472,-0.0964,-0.0962,0.0002
7245,999.7,346.9,91.7449,91.7450,91.8415,-0.0966,-0.0964,0.0002
7246,999.9,313.3,91.7389,91.7391,91.8354,-0.0965,-0.0963,0.0002
7247,999.5,309.7,91.7329,91.7331,91.8294,-0.0965,-0.0963,0.0002
7248,1000.0,317.0,91.7270,91.7271,91.8233,-0.0963,-0.0961,0.0002
7249,1000.1,309.9,91.7210,91.7212,91.8171,-0.0961,-0.0959,0.0002
7250,1000.0,311.7,91.7150,91.7152,91.8104,-0.0954,-0.0952,0.0002
7251,999.7,318.5,91.7091,91.7092,91.8042,-0.0952,-0.0950,0.0002
7252,1000.3,328.5,91.7031,91.7032,91.7982,-0.0951,-0.0950,0.0002
7253,1000.1,320.5,91.6971,91.6972,91.7923,-0.0952,-0.0951,0.0001
7254,1000.1,318.8,91.6911,91.6913,91.7859,-0.0948,-0.0946,0.0001
7255,1008.7,303.3,91.6851,91.6853,91.7798,-0.0946,-0.0945,0.0001
7256,992.3,317.8,91.6791,91.6793,91.7737,-0.0945,-0.0944,0.0001
7257,999.1,320.0,91.6731,91.6733,91.7676,-0.0945,-0.0943,0.0001
7258,1000.7,313.2,91.6671,91.6673,91.7614,-0.0942,-0.0941,0.0001
7259,999.9,323.2,91.6612,91.6613,91.7556,-0.0944,-0.0943,0.0001
7260,1000.4,317.2,91.6552,91.6553,91.7499,-0.0947,-0.0946,0.0001
7261,998.8,314.8,91.6492,91.6493,91.7442,-0.0951,-0.0949,0.0001
7262,1000.0,322.0,91.6431,91.6433,91.7380,-0.0948,-0.0947,0.0001
7263,1000.2,313.8,91.6371,91.6373,91.7320,-0.0949,-0.0947,0.0001
7264,999.8,315.3,91.6311,91.6313,91.7261,-0.0949,-0.0948,0.0001
7265,999.9,322.6,91.6251,91.6253,91.7202,-0.0951,-0.0949,0.0001
7266,1000.1,308.9,91.6191,91.6192,91.7139,-0.0948,-0.0947,0.0001
7267,999.6,315.4,91.6131,91.6132,91.7081,-0.0950,-0.0949,0.0001
7268,1000.4,326.5,91.6071,91.6072,91.7014,-0.0944,-0.0942,0.0001
7269,1000.1,314.7,91.6011,91.6012,91.6965,-0.0954,-0.0953,0.0001
7270,999.7,294.9,91.5950,91.5952,91.6892,-0.0942,-0.0941,0.0001
7271,999.8,318.6,91.5890,91.5891,91.6832,-0.0942,-0.0941,0.0001
7272,1000.1,343.0,91.5830,91.5831,91.6769,-0.0939,-0.0938,0.0001
7273,1000.3,339.7,91.5770,91.5771,91.6712,-0.0942,-0.0941,0.0001
7274,1001.2,350.5,91.5709,91.5711,91.6654,-0.0944,-0.0943,0.0001
7275,999.5,350.2,91.5649,91.5650,91.6595,-0.0946,-0.0945,0.0001
7276,1000.3,346.3,91.5589,91.5590,91.6538,-0.0949,-0.0948,0.0001
7277,999.1,353.7,91.5528,91.5530,91.6475,-0.0947,-0.0945,0.0001
7278,1001.1,346.8,91.5468,91.5469,91.6419,-0.0951,-0.0950,0.0001
7279,999.8,349.7,91.5407,91.5409,91.6365,-0.0957,-0.0956,0.0001
7280,1000.3,354.2,91.5347,91.5348,91.6312,-0.0965,-0.0964,0.0001
7281,998.9,340.0,91.5287,91.5288,91.6256,-0.0969,-0.0968,0.0001
7282,999.9,328.2,91.5226,91.5227,91.6203,-0.0977,-0.0976,0.0001
7283,1000.1,318.2,91.5166,91.5167,91.6150,-0.0984,-0.0983,0.0001
7284,999.6,318.8,91.5105,91.5106,91.6150,-0.1045,-0.1044,0.0001
7285,1000.6,321.4,91.5045,91.5046,91.6091,-0.1046,-0.1045,0.0001
7286,999.5,323.2,91.4984,91.4985,91.6034,-0.1050,-0.1049,0.0001
7287,999.6,311.2,91.4923,91.4925,91.5977,-0.1053,-0.1052,0.0001
7288,1000.4,316.8,91.4863,91.4864,91.5915,-0.1052,-0.1051,0.0001
7289,1000.0,314.4,91.4802,91.4803,91.5849,-0.1047,-0.1046,0.0001
7290,1000.0,319.4,91.4742,91.4743,91.5787,-0.1046,-0.1044,0.0001
7291,999.7,318.5,91.4681,91.4682,91.5723,-0.1042,-0.1041,0.0001
7292,1000.9,327.1,91.4620,91.4621,91.5658,-0.1038,-0.1037,0.0001
7293,1000.7,320.5,91.4559,91.4561,91.5585,-0.1025,-0.1024,0.0001
7294,999.3,356.8,91.4499,91.4500,91.5515,-0.1016,-0.1015,0.0001
7295,999.9,359.7,91.4438,91.4439,91.5446,-0.1008,-0.1007,0.0001
7296,999.9,341.7,91.4377,91.4378,91.5380,-0.1003,-0.1002,0.0001
7297,999.4,327.3,91.4316,91.4317,91.5310,-0.0994,-0.0993,0.0001
7298,1001.9,317.9,91.4256,91.4257,91.5244,-0.0989,-0.0988,0.0001
7299,999.1,315.4,91.4195,91.4196,91.5177,-0.0982,-0.0981,0.0001
7300,999.5,321.9,91.4134,91.4135,91.5108,-0.0974,-0.0973,0.0001
7301,999.9,318.8,91.4073,91.4074,91.5038,-0.0965,-0.0964,0.0001
7302,999.6,313.4,91.4012,91.4013,91.4975,-0.0963,-0.0962,0.0001
7303,1000.2,325.0,91.3951,91.3952,91.4914,-0.0963,-0.0962,0.0001
7304,999.9,319.3,91.3890,91.3891,91.4854,-0.0964,-0.0963,0.0001
7305,1000.0,312.4,91.3829,91.3830,91.4787,-0.0957,-0.0956,0.0001
7306,1000.0,331.1,91.3768,91.3769,91.4723,-0.0955,-0.0954,0.0001
7307,999.6,316.6,91.3707,91.3708,91.4658,-0.0950,-0.0949,0.0001
7308,1000.4,307.5,91.3646,91.3647,91.4593,-0.0946,-0.0945,0.0001
7309,1000.0,324.9,91.3585,91.3586,91.4524,-0.0938,-0.0937,0.0001
7310,1000.3,326.7,91.3524,91.3525,91.4459,-0.0935,-0.0934,0.0001
7311,1002.1,317.3,91.3463,91.3464,91.4394,-0.0931,-0.0930,0.0001
7312,998.6,325.2,91.3402,91.3403,91.4329,-0.0927,-0.0926,0.0001
7313,999.6,340.0,91.3341,91.3342,91.4258,-0.0916,-0.0916,0.0001
7314,1000.1,340.8,91.3280,91.3281,91.4194,-0.0914,-0.0913,0.0001
7315,1002.0,327.9,91.3219,91.3220,91.4132,-0.0913,-0.0912,0.0001
7316,998.8,345.6,91.3158,91.3159,91.4071,-0.0913,-0.0912,0.0001
7317,999.0,331.8,91.3097,91.3097,91.4004,-0.0908,-0.0907,0.0001
7318,1000.0,315.5,91.3035,91.3036,91.3942,-0.0907,-0.0906,0.0001
7319,999.4,356.5,91.2974,91.2975,91.3881,-0.0907,-0.0906,0.0001
7320,1003.1,355.6,91.2913,91.2914,91.3820,-0.0907,-0.0907,0.0001
7321,999.7,345.1,91.2852,91.2853,91.3758,-0.0907,-0.0906,0.0001
7322,997.7,320.7,91.2790,91.2791,91.3704,-0.0913,-0.0912,0.0001
7323,1001.7,329.2,91.2729,91.2730,91.3650,-0.0921,-0.0920,0.0001
7324,998.0,315.9,91.2668,91.2669,91.3595,-0.0927,-0.0927,0.0001
7325,999.8,316.9,91.2607,91.2607,91.3536,-0.0930,-0.0929,0.0001
7326,1000.1,329.5,91.2545,91.2546,91.3480,-0.0934,-0.0934,0.0001
7327,999.8,316.4,91.2484,91.2485,91.3423,-0.0939,-0.0938,0.0001
7328,1000.2,296.4,91.2423,91.2423,91.3367,-0.0944,-0.0944,0.0001
7329,1002.3,334.8,91.2361,91.2362,91.3310,-0.0949,-0.0948,0.0001
7330,1000.0,319.8,91.2300,91.2301,91.3258,-0.0958,-0.0957,0.0001
7331,998.1,314.4,91.2238,91.2239,91.3203,-0.0965,-0.0964,0.0001
7332,1000.0,330.0,91.2177,91.2178,91.3148,-0.0971,-0.0970,0.0001
7333,999.7,315.3,91.2116,91.2116,91.3086,-0.0970,-0.0970,0.0001
7334,1000.9,323.2,91.2054,91.2055,91.3028,-0.0974,-0.0974,0.0001
7335,1000.8,324.3,91.1993,91.1993,91.2972,-0.0980,-0.0979,0.0001
7336,998.6,323.3,91.1931,91.1932,91.2915,-0.0983,-0.0983,0.0001
7337,999.4,313.4,91.1870,91.1870,91.2853,-0.0983,-0.0983,0.0001
7338,999.9,321.6,91.1808,91.1809,91.2795,-0.0987,-0.0986,0.0001
7339,1000.2,320.4,91.1747,91.1747,91.2738,-0.0991,-0.0991,0.0001
7340,1000.2,318.5,91.1685,91.1686,91.2679,-0.0994,-0.0993,0.0001
7341,999.8,326.8,91.1623,91.1624,91.2615,-0.0992,-0.0991,0.0001
7342,1000.0,314.2,91.1562,91.1562,91.2555,-0.0994,-0.0993,0.0001
7343,1000.1,322.3,91.1500,91.1501,91.2496,-0.0996,-0.0996,0.0001
7344,1000.0,351.2,91.1439,91.1439,91.2439,-0.1001,-0.1000,0.0001
7345,1000.0,354.4,91.1377,91.1378,91.2378,-0.1001,-0.1000,0.0001
7346,1000.1,331.7,91.1315,91.1316,91.2320,-0.1005,-0.1005,0.0001
7347,999.6,324.1,91.1254,91.1254,91.2264,-0.1010,-0.1010,0.0001
7348,1002.8,323.4,91.1192,91.1192,91.2206,-0.1014,-0.1013,0.0001
7349,998.7,343.2,91.1130,91.1131,91.2143,-0.1012,-0.1012,0.0001
7350,999.5,318.4,91.1069,91.1069,91.2083,-0.1014,-0.1014,0.0001
7351,999.4,324.1,91.1007,91.1007,91.2023,-0.1016,-0.1016,0.0001
7352,1000.2,326.6,91.0945,91.0946,91.1962,-0.1017,-0.1017,0.0001
7353,999.8,320.2,91.0883,91.0884,91.1897,-0.1014,-0.1013,0.0001
7354,1001.1,330.1,91.0822,91.0822,91.1835,-0.1013,-0.1013,0.0001
7355,999.1,327.2,91.0760,91.0760,91.1771,-0.1011,-0.1011,0.0001
7356,1000.0,320.6,91.0698,91.0698,91.1707,-0.1009,-0.1009,0.0001
7357,999.6,298.2,91.0636,91.0637,91.1638,-0.1002,-0.1001,0.0001
7358,1000.1,318.6,91.0574,91.0575,91.1573,-0.0998,-0.0998,0.0000
7359,1000.0,322.4,91.0512,91.0513,91.1507,-0.0994,-0.0994,0.0000
7360,999.9,317.4,91.0451,91.0451,91.1441,-0.0990,-0.0990,0.0000
7361,1000.0,329.4,91.0389,91.0389,91.1368,-0.0980,-0.0979,0.0000
7362,1000.2,321.7,91.0327,91.0327,91.1301,-0.0974,-0.0974,0.0000
7363,1000.1,313.3,91.0265,91.0265,91.1235,-0.0970,-0.0970,0.0000
7364,999.9,328.3,91.0203,91.0203,91.1170,-0.0967,-0.0967,0.0000
7365,1000.1,317.8,91.0141,91.0142,91.1102,-0.0961,-0.0961,0.0000
7366,1013.1,302.4,91.0079,91.0080,91.1041,-0.0962,-0.0962,0.0000
7367,987.0,326.3,91.0017,91.0018,91.0980,-0.0963,-0.0962,0.0000
7368,1000.1,316.8,90.9955,90.9956,91.0919,-0.0963,-0.0963,0.0000
7369,1000.5,329.7,90.9893,90.9894,91.0850,-0.0957,-0.0957,0.0000
7370,999.8,353.5,90.9831,90.9832,91.0786,-0.0955,-0.0954,0.0000
7371,1001.1,354.8,90.9769,90.9770,91.0723,-0.0954,-0.0953,0.0000
7372,999.0,335.8,90.9707,90.9708,91.0661,-0.0953,-0.0953,0.0000
7373,999.8,328.0,90.9645,90.9646,91.0594,-0.0949,-0.0949,0.0000
7374,1000.3,327.3,90.9583,90.9584,91.0533,-0.0950,-0.0950,0.0000
7375,999.6,323.1,90.9521,90.9522,91.0471,-0.0950,-0.0949,0.0000
7376,1002.2,324.1,90.9459,90.9459,91.0407,-0.0948,-0.0948,0.0000
7377,998.2,318.7,90.9397,90.9397,91.0339,-0.0942,-0.0941,0.0000
7378,1000.6,325.8,90.9335,90.9335,91.0276,-0.0942,-0.0941,0.0000
7379,999.0,331.6,90.9273,90.9273,91.0217,-0.0944,-0.0943,0.0000
7380,999.4,317.4,90.9211,90.9211,91.0157,-0.0946,-0.0946,0.0000
7381,999.7,324.6,90.9149,90.9149,91.0093,-0.0944,-0.0944,0.0000
7382,1000.3,324.4,90.9086,90.9087,91.0033,-0.0946,-0.0946,0.0000
7383,999.8,304.8,90.9024,90.9025,90.9973,-0.0949,-0.0949,0.0000
7384,999.9,331.3,90.8962,90.8962,90.9914,-0.0952,-0.0952,0.0000
7385,1000.2,317.6,90.8900,90.8900,90.9852,-0.0952,-0.0952,0.0000
7386,1000.0,307.3,90.8838,90.8838,90.9795,-0.0957,-0.0957,0.0000
7387,999.8,328.2,90.8776,90.8776,90.9739,-0.0963,-0.0963,0.0000
7388,1000.0,314.4,90.8713,90.8714,90.9682,-0.0968,-0.0968,0.0000
7389,1001.0,344.4,90.8651,90.8651,90.9621,-0.0970,-0.0969,0.0000
7390,999.6,346.3,90.8589,90.8589,90.9561,-0.0972,-0.0972,0.0000
7391,999.7,329.4,90.8527,90.8527,90.9500,-0.0974,-0.0973,0.0000
7392,1000.2,335.5,90.8464,90.8465,90.9440,-0.0975,-0.0975,0.0000
7393,999.7,353.0,90.8402,90.8402,90.9374,-0.0972,-0.0972,0.0000
7394,1001.1,362.1,90.8340,90.8340,90.9314,-0.0974,-0.0974,0.0000
7395,999.3,342.1,90.8278,90.8278,90.9252,-0.0975,-0.0974,0.0000
7396,999.6,355.9,90.8215,90.8216,90.9190,-0.0974,-0.0974,0.0000
7397,1000.0,330.4,90.8153,90.8153,90.9120,-0.0967,-0.0967,0.0000
7398,1000.0,332.2,90.8091,90.8091,90.9056,-0.0965,-0.0965,0.0000
7399,999.9,331.2,90.8028,90.8029,90.8992,-0.0963,-0.0963,0.0000
7400,999.8,320.6,90.7966,90.7966,90.8929,-0.0963,-0.0963,0.0000
7401,999.9,324.6,90.7904,90.7904,90.8861,-0.0957,-0.0957,0.0000
7402,1000.2,336.4,90.7841,90.7842,90.8797,-0.0955,-0.0955,0.0000
7403,1000.0,321.4,90.7779,90.7779,90.8732,-0.0953,-0.0953,0.0000
7404,999.9,337.1,90.7717,90.7717,90.8667,-0.0950,-0.0950,0.0000
7405,1000.2,320.5,90.7654,90.7655,90.8597,-0.0942,-0.0942,0.0000
7406,999.9,334.7,90.7592,90.7592,90.8533,-0.0941,-0.0941,0.0000
7407,1003.0,340.4,90.7530,90.7530,90.8471,-0.0942,-0.0941,0.0000
7408,998.2,317.7,90.7467,90.7467,90.8405,-0.0938,-0.0938,0.0000
7409,999.3,334.6,90.7405,90.7405,90.8343,-0.0938,-0.0938,0.0000
7410,1000.4,338.1,90.7342,90.7342,90.8280,-0.0938,-0.0938,0.0000
7411,1010.5,317.8,90.7280,90.7280,90.8217,-0.0937,-0.0937,0.0000
7412,989.3,321.9,90.7217,90.7218,90.8148,-0.0931,-0.0930,0.0000
7413,1000.9,326.8,90.7155,90.7155,90.8085,-0.0930,-0.0930,0.0000
7414,998.8,325.9,90.7092,90.7093,90.8024,-0.0932,-0.0932,0.0000
7415,999.8,297.0,90.7030,90.7030,90.7964,-0.0934,-0.0934,0.0000
7416,999.8,335.6,90.6968,90.6968,90.7899,-0.0932,-0.0932,0.0000
7417,999.7,320.6,90.6905,90.6905,90.7838,-0.0933,-0.0933,0.0000
7418,1000.2,313.8,90.6843,90.6843,90.7777,-0.0934,-0.0934,0.0000
7419,999.9,356.1,90.6780,90.6780,90.7716,-0.0936,-0.0936,0.0000
7420,1000.2,350.9,90.6718,90.6718,90.7651,-0.0934,-0.0934,0.0000
7421,999.7,350.6,90.6655,90.6655,90.7593,-0.0938,-0.0937,0.0000
7422,1000.1,360.2,90.6592,90.6593,90.7536,-0.0943,-0.0943,0.0000
7423,1000.1,355.0,90.6530,90.6530,90.7480,-0.0950,-0.0950,0.0000
7424,1000.0,359.0,90.6467,90.6468,90.7420,-0.0953,-0.0953,0.0000
7425,1001.1,370.7,90.6405,90.6405,90.7366,-0.0961,-0.0961,0.0000
7426,1000.5,333.6,90.6342,90.6342,90.7312,-0.0970,-0.0969,0.0000
7427,998.4,336.8,90.6280,90.6280,90.7258,-0.0979,-0.0979,0.0000
7428,1000.5,333.2,90.6217,90.6217,90.7195,-0.0978,-0.0977,0.0000
7429,1000.2,337.5,90.6155,90.6155,90.7146,-0.0991,-0.0991,0.0000
7430,1000.1,338.8,90.6092,90.6092,90.7098,-0.1006,-0.1006,0.0000
7431,1000.6,336.9,90.6029,90.6030,90.7049,-0.1019,-0.1019,0.0000
7432,999.3,326.2,90.5967,90.5967,90.6994,-0.1027,-0.1027,0.0000
7433,1000.1,324.9,90.5904,90.5904,90.6941,-0.1037,-0.1037,0.0000
7434,999.5,332.6,90.5842,90.5842,90.6887,-0.1046,-0.1046,0.0000
7435,1000.3,320.1,90.5779,90.5779,90.6833,-0.1054,-0.1054,0.0000
7436,999.5,320.6,90.5716,90.5716,90.6773,-0.1056,-0.1056,0.0000
7437,999.7,325.3,90.5654,90.5654,90.6717,-0.1063,-0.1063,0.0000
7438,1000.0,322.2,90.5591,90.5591,90.6660,-0.1069,-0.1069,0.0000
7439,1000.0,334.8,90.5528,90.5529,90.6601,-0.1073,-0.1073,0.0000
7440,1000.1,320.6,90.5466,90.5466,90.6536,-0.1070,-0.1070,0.0000
7441,999.7,317.0,90.5403,90.5403,90.6474,-0.1071,-0.1071,0.0000
7442,1000.3,339.8,90.5340,90.5341,90.6410,-0.1070,-0.1070,0.0000
7443,1000.0,331.8,90.5278,90.5278,90.6346,-0.1068,-0.1068,0.0000
7444,1001.0,319.6,90.5215,90.5215,90.6346,-0.1130,-0.1130,0.0000
7445,1000.0,355.9,90.5152,90.5153,90.6275,-0.1122,-0.1122,0.0000
7446,999.2,359.0,90.5090,90.5090,90.6208,-0.1118,-0.1118,0.0000
7447,999.5,337.9,90.5027,90.5027,90.6138,-0.1111,-0.1111,0.0000
7448,1000.4,346.1,90.4964,90.4964,90.6060,-0.1096,-0.1096,0.0000
7449,1001.1,329.8,90.4902,90.4902,90.5987,-0.1086,-0.1086,0.0000
7450,999.3,324.1,90.4839,90.4839,90.5915,-0.1076,-0.1076,0.0000
7451,999.5,344.1,90.4776,90.4776,90.5846,-0.1070,-0.1070,0.0000
7452,1000.0,324.5,90.4714,90.4714,90.5772,-0.1059,-0.1058,0.0000
7453,1000.0,319.7,90.4651,90.4651,90.5705,-0.1054,-0.1054,0.0000
7454,999.9,335.4,90.4588,90.4588,90.5636,-0.1048,-0.1048,0.0000
7455,999.9,322.6,90.4525,90.4525,90.5566,-0.1040,-0.1040,0.0000
7456,1000.0,320.6,90.4463,90.4463,90.5486,-0.1023,-0.1023,0.0000
7457,999.9,335.1,90.4400,90.4400,90.5413,-0.1014,-0.1013,0.0000
7458,1000.2,324.4,90.4337,90.4337,90.5342,-0.1005,-0.1005,0.0000
7459,999.9,335.2,90.4274,90.4274,90.5271,-0.0997,-0.0997,0.0000
7460,1000.0,333.4,90.4212,90.4212,90.5193,-0.0981,-0.0981,0.0000
7461,1001.1,326.5,90.4149,90.4149,90.5119,-0.0970,-0.0970,0.0000
7462,1000.9,334.7,90.4086,90.4086,90.5046,-0.0959,-0.0959,0.0000
7463,999.3,339.9,90.4023,90.4023,90.4975,-0.0952,-0.0952,0.0000
7464,999.6,335.5,90.3961,90.3961,90.4902,-0.0941,-0.0941,0.0000
7465,999.8,357.4,90.3898,90.3898,90.4835,-0.0937,-0.0937,0.0000
7466,999.7,360.5,90.3835,90.3835,90.4768,-0.0933,-0.0933,0.0000
7467,1001.0,329.2,90.3772,90.3772,90.4701,-0.0929,-0.0929,0.0000
7468,999.7,351.1,90.3710,90.3710,90.4629,-0.0920,-0.0920,0.0000
7469,1000.4,382.1,90.3647,90.3647,90.4565,-0.0919,-0.0919,0.0000
7470,998.7,346.4,90.3584,90.3584,90.4506,-0.0922,-0.0922,0.0000
7471,999.6,349.3,90.3521,90.3521,90.4449,-0.0928,-0.0928,0.0000
7472,1000.1,326.0,90.3458,90.3458,90.4388,-0.0930,-0.0930,0.0000
7473,1000.2,299.8,90.3396,90.3396,90.4330,-0.0935,-0.0935,0.0000
7474,999.9,337.0,90.3333,90.3333,90.4272,-0.0939,-0.0939,0.0000
7475,1000.2,328.0,90.3270,90.3270,90.4213,-0.0943,-0.0943,0.0000
7476,999.9,299.4,90.3207,90.3207,90.4151,-0.0944,-0.0944,0.0000
7477,999.9,335.6,90.3144,90.3144,90.4094,-0.0950,-0.0950,0.0000
7478,1000.1,322.8,90.3082,90.3082,90.4038,-0.0957,-0.0957,0.0000
7479,1000.0,332.6,90.3019,90.3019,90.3982,-0.0963,-0.0963,0.0000
7480,1000.9,334.7,90.2956,90.2956,90.3920,-0.0964,-0.0964,0.0000
7481,1002.1,335.1,90.2893,90.2893,90.3862,-0.0969,-0.0969,0.0000
7482,999.4,329.5,90.2830,90.2830,90.3803,-0.0972,-0.0972,0.0000
7483,998.3,333.0,90.2768,90.2768,90.3743,-0.0975,-0.0975,0.0000
7484,1000.0,329.6,90.2705,90.2705,90.3680,-0.0975,-0.0975,0.0000
7485,999.9,331.1,90.2642,90.2642,90.3621,-0.0979,-0.0979,0.0000
7486,1003.2,340.2,90.2579,90.2579,90.3563,-0.0984,-0.0984,0.0000
7487,996.4,331.2,90.2516,90.2516,90.3502,-0.0986,-0.0986,0.0000
7488,1000.8,331.0,90.2453,90.2453,90.3434,-0.0981,-0.0981,0.0000
7489,999.6,338.2,90.2391,90.2391,90.3371,-0.0980,-0.0980,0.0000
7490,999.8,323.8,90.2328,90.2328,90.3307,-0.0979,-0.0979,0.0000
7491,999.4,331.3,90.2265,90.2265,90.3240,-0.0975,-0.0975,0.0000
7492,1000.4,335.9,90.2202,90.2202,90.3179,-0.0977,-0.0977,0.0000
7493,1000.1,327.4,90.2139,90.2139,90.3119,-0.0980,-0.0980,0.0000
7494,1000.0,342.0,90.2076,90.2076,90.3058,-0.0982,-0.0982,0.0000
7495,1000.1,359.6,90.2014,90.2014,90.2990,-0.0977,-0.0977,0.0000
7496,999.9,355.6,90.1951,90.1951,90.2924,-0.0973,-0.0973,0.0000
7497,999.7,349.2,90.1888,90.1888,90.2859,-0.0971,-0.0971,0.0000
7498,1000.2,323.8,90.1825,90.1825,90.2796,-0.0971,-0.0971,0.0000
7499,1002.8,329.1,90.1762,90.1762,90.2727,-0.0965,-0.0965,0.0000
7500,998.3,332.9,90.1699,90.1699,90.2664,-0.0964,-0.0964,0.0000
7501,998.9,334.0,90.1637,90.1637,90.2600,-0.0963,-0.0963,0.0000
7502,1000.7,314.4,90.1574,90.1574,90.2534,-0.0960,-0.0960,0.0000
7503,1000.2,330.8,90.1511,90.1511,90.2467,-0.0956,-0.0956,0.0000
7504,1002.8,339.6,90.1448,90.1448,90.2394,-0.0946,-0.0946,0.0000
7505,997.1,295.3,90.1385,90.1385,90.2327,-0.0942,-0.0942,0.0000
7506,999.8,341.3,90.1322,90.1322,90.2263,-0.0941,-0.0941,0.0000
7507,999.3,328.0,90.1260,90.1260,90.2194,-0.0935,-0.0935,0.0000
7508,1000.2,327.5,90.1197,90.1197,90.2130,-0.0933,-0.0933,0.0000
7509,1000.1,379.5,90.1134,90.1134,90.2066,-0.0932,-0.0932,0.0000
7510,999.9,332.3,90.1071,90.1071,90.2003,-0.0932,-0.0932,0.0000
7511,999.5,323.9,90.1008,90.1008,90.1938,-0.0929,-0.0929,0.0000
7512,1000.3,344.1,90.0945,90.0945,90.1880,-0.0934,-0.0934,0.0000
7513,1000.1,329.9,90.0883,90.0883,90.1824,-0.0941,-0.0941,0.0000
7514,1000.0,332.8,90.0820,90.0820,90.1769,-0.0949,-0.0949,0.0000
7515,999.9,336.5,90.0757,90.0757,90.1710,-0.0953,-0.0953,0.0000
7516,1000.2,334.1,90.0694,90.0694,90.1655,-0.0961,-0.0961,0.0000
7517,999.6,342.8,90.0631,90.0631,90.1598,-0.0966,-0.0966,0.0000
7518,1001.4,341.1,90.0569,90.0569,90.1541,-0.0972,-0.0972,0.0000
7519,999.4,358.9,90.0506,90.0506,90.1479,-0.0974,-0.0973,0.0000
7520,999.7,371.6,90.0443,90.0443,90.1423,-0.0980,-0.0980,0.0000
7521,1001.6,354.9,90.0380,90.0380,90.1366,-0.0986,-0.0986,0.0000
7522,1002.4,337.8,90.0317,90.0317,90.1308,-0.0991,-0.0991,0.0000
7523,998.8,339.7,90.0255,90.0255,90.1245,-0.0990,-0.0990,0.0000
7524,997.2,341.2,90.0192,90.0192,90.1185,-0.0994,-0.0994,0.0000
7525,1002.1,331.3,90.0129,90.0129,90.1125,-0.0997,-0.0997,0.0000
7526,997.8,329.3,90.0066,90.0066,90.1066,-0.1000,-0.1000,0.0000
7527,999.7,331.9,90.0003,90.0003,90.1002,-0.0999,-0.0999,0.0000
7528,1000.1,312.4,89.9941,89.9941,90.0944,-0.1003,-0.1003,0.0000
7529,999.9,350.1,89.9878,89.9878,90.0885,-0.1007,-0.1007,0.0000
7530,1000.0,328.4,89.9815,89.9815,90.0826,-0.1011,-0.1011,0.0000
7531,999.9,314.5,89.9752,89.9752,90.0766,-0.1014,-0.1014,0.0000
7532,1000.2,335.2,89.9689,89.9689,90.0703,-0.1013,-0.1013,0.0000
7533,1000.2,324.7,89.9627,89.9627,90.0644,-0.1017,-0.1017,0.0000
7534,999.9,300.2,89.9564,89.9564,90.0586,-0.1022,-0.1022,0.0000
7535,1002.6,335.4,89.9501,89.9501,90.0529,-0.1028,-0.1028,0.0000
7536,1000.1,345.8,89.9438,89.9438,90.0464,-0.1026,-0.1025,0.0000
7537,998.0,334.8,89.9376,89.9376,90.0401,-0.1026,-0.1026,0.0000
7538,1000.8,339.0,89.9313,89.9313,90.0336,-0.1023,-0.1023,0.0000
7539,999.1,335.0,89.9250,89.9250,90.0269,-0.1019,-0.1019,0.0000
7540,999.7,329.6,89.9187,89.9187,90.0196,-0.1008,-0.1008,0.0000
7541,1002.4,355.6,89.9124,89.9125,90.0129,-0.1004,-0.1004,0.0000
7542,998.6,360.0,89.9062,89.9062,90.0062,-0.1000,-0.1000,0.0000
7543,999.8,335.5,89.8999,89.8999,89.9993,-0.0994,-0.0994,0.0000
7544,999.2,370.2,89.8936,89.8936,89.9918,-0.0982,-0.0982,0.0000
7545,1001.0,378.2,89.8874,89.8874,89.9847,-0.0973,-0.0973,0.0000
7546,998.6,362.4,89.8811,89.8811,89.9775,-0.0964,-0.0964,0.0000
7547,999.7,352.5,89.8748,89.8748,89.9704,-0.0956,-0.0956,0.0000
7548,1000.1,327.8,89.8685,89.8685,89.9629,-0.0944,-0.0944,0.0000
7549,1000.1,341.2,89.8623,89.8623,89.9560,-0.0937,-0.0937,0.0000
7550,1000.0,335.7,89.8560,89.8560,89.9490,-0.0930,-0.0930,0.0000
7551,999.8,336.3,89.8497,89.8497,89.9421,-0.0924,-0.0924,0.0000
7552,1000.3,348.3,89.8435,89.8435,89.9348,-0.0914,-0.0913,0.0000
7553,1000.0,327.8,89.8372,89.8372,89.9282,-0.0910,-0.0910,0.0000
7554,1002.2,347.0,89.8309,89.8309,89.9218,-0.0909,-0.0909,0.0000
7555,999.5,339.7,89.8246,89.8247,89.9155,-0.0909,-0.0909,0.0000
7556,999.4,327.1,89.8184,89.8184,89.9089,-0.0905,-0.0905,0.0000
7557,1000.0,333.3,89.8121,89.8121,89.9025,-0.0904,-0.0904,0.0000
7558,1000.4,335.7,89.8058,89.8059,89.8961,-0.0903,-0.0903,0.0000
7559,1001.5,333.1,89.7996,89.7996,89.8898,-0.0903,-0.0903,0.0000
7560,998.8,312.3,89.7933,89.7933,89.8832,-0.0899,-0.0899,0.0000
7561,999.4,342.9,89.7870,89.7871,89.8772,-0.0901,-0.0901,0.0000
7562,1001.1,336.3,89.7808,89.7808,89.8711,-0.0904,-0.0903,0.0000
7563,998.1,293.2,89.7745,89.7745,89.8649,-0.0904,-0.0904,0.0000
7564,1000.2,349.0,89.7683,89.7683,89.8583,-0.0901,-0.0901,0.0000
7565,999.6,333.4,89.7620,89.7620,89.8522,-0.0902,-0.0902,0.0000
7566,1000.4,323.8,89.7557,89.7557,89.8463,-0.0906,-0.0905,0.0000
7567,999.1,342.3,89.7495,89.7495,89.8404,-0.0909,-0.0909,0.0000
7568,1001.0,332.4,89.7432,89.7432,89.8338,-0.0906,-0.0906,0.0000
7569,999.4,362.2,89.7369,89.7370,89.8276,-0.0907,-0.0907,0.0000
7570,1000.5,371.5,89.7307,89.7307,89.8215,-0.0909,-0.0908,0.0000
7571,999.2,355.9,89.7244,89.7244,89.8157,-0.0912,-0.0912,0.0000
7572,1001.1,374.9,89.7182,89.7182,89.8096,-0.0914,-0.0914,0.0000
7573,1000.3,378.0,89.7119,89.7119,89.8042,-0.0922,-0.0922,0.0000
7574,999.9,365.4,89.7057,89.7057,89.7990,-0.0934,-0.0934,0.0000
7575,999.8,360.3,89.6994,89.6994,89.7940,-0.0946,-0.0946,0.0000
7576,1000.3,346.7,89.6931,89.6932,89.7885,-0.0954,-0.0954,0.0000
7577,1001.7,339.5,89.6869,89.6869,89.7832,-0.0963,-0.0963,0.0000
7578,998.4,340.6,89.6806,89.6807,89.7776,-0.0969,-0.0969,0.0000
7579,999.5,347.8,89.6744,89.6744,89.7719,-0.0975,-0.0975,0.0000
7580,1000.7,334.6,89.6681,89.6682,89.7659,-0.0978,-0.0977,0.0000
7581,998.5,333.6,89.6619,89.6619,89.7604,-0.0985,-0.0985,0.0000
7582,1000.1,333.6,89.6556,89.6557,89.7549,-0.0992,-0.0992,0.0000
7583,1000.7,326.8,89.6494,89.6494,89.7494,-0.1000,-0.1000,0.0000
7584,999.3,348.6,89.6431,89.6432,89.7431,-0.0999,-0.0999,0.0000
7585,1000.0,333.7,89.6369,89.6369,89.7369,-0.1000,-0.1000,0.0000
7586,1000.0,323.3,89.6306,89.6307,89.7306,-0.0999,-0.0999,0.0000
7587,1000.1,337.6,89.6244,89.6244,89.7244,-0.1000,-0.0999,0.0000
7588,1000.1,330.5,89.6182,89.6182,89.7175,-0.0994,-0.0994,0.0000
7589,999.9,315.8,89.6119,89.6119,89.7112,-0.0993,-0.0992,0.0000
7590,1000.4,340.6,89.6057,89.6057,89.7048,-0.0992,-0.0992,0.0000
7591,999.7,343.3,89.5994,89.5994,89.6986,-0.0992,-0.0992,0.0000
7592,1001.3,308.3,89.5932,89.5932,89.6910,-0.0978,-0.0978,0.0000
7593,999.5,345.9,89.5869,89.5870,89.6848,-0.0978,-0.0978,0.0000
7594,999.7,358.7,89.5807,89.5807,89.6787,-0.0980,-0.0980,0.0000
7595,1000.6,366.6,89.5745,89.5745,89.6729,-0.0984,-0.0984,0.0000
7596,999.6,373.1,89.5682,89.5682,89.6679,-0.0997,-0.0996,0.0000
7597,999.3,343.1,89.5620,89.5620,89.6606,-0.0987,-0.0986,0.0000
7598,1001.0,330.8,89.5557,89.5558,89.6547,-0.0990,-0.0989,0.0000
7599,999.8,346.5,89.5495,89.5495,89.6486,-0.0991,-0.0991,0.0000
7600,1000.3,339.5,89.5433,89.5433,89.6419,-0.0987,-0.0986,0.0000
7601,999.1,326.5,89.5370,89.5371,89.6358,-0.0987,-0.0987,0.0000
7602,1000.1,346.0,89.5308,89.5308,89.6296,-0.0988,-0.0988,0.0000
7603,1000.1,330.3,89.5246,89.5246,89.6235,-0.0989,-0.0989,0.0000
7604,999.9,346.6,89.5184,89.5184,89.6167,-0.0983,-0.0983,0.0000
7605,999.6,341.8,89.5121,89.5122,89.6101,-0.0980,-0.0980,0.0000
7606,1000.5,341.9,89.5059,89.5059,89.6036,-0.0977,-0.0977,0.0000
7607,999.3,340.0,89.4997,89.4997,89.5969,-0.0973,-0.0972,0.0000
7608,1000.7,344.9,89.4934,89.4935,89.5899,-0.0964,-0.0964,0.0000
7609,999.5,349.5,89.4872,89.4872,89.5899,-0.1027,-0.1026,0.0000
7610,1001.8,338.6,89.4810,89.4810,89.5835,-0.1025,-0.1024,0.0000
7611,999.1,369.0,89.4748,89.4748,89.5771,-0.1023,-0.1023,0.0000
7612,1002.8,344.6,89.4685,89.4686,89.5706,-0.1020,-0.1020,0.0000
7613,996.8,344.5,89.4623,89.4624,89.5634,-0.1011,-0.1010,0.0000
7614,1000.1,338.6,89.4561,89.4561,89.5566,-0.1005,-0.1005,0.0000
7615,999.4,318.2,89.4499,89.4499,89.5501,-0.1002,-0.1002,0.0000
7616,1000.6,339.0,89.4437,89.4437,89.5437,-0.1001,-0.1000,0.0000
7617,999.1,336.5,89.4375,89.4375,89.5370,-0.0995,-0.0995,0.0000
7618,1000.9,343.2,89.4312,89.4313,89.5308,-0.0995,-0.0995,0.0000
7619,999.5,358.0,89.4250,89.4251,89.5245,-0.0995,-0.0995,0.0000
7620,1000.9,377.4,89.4188,89.4189,89.5184,-0.0996,-0.0995,0.0000
7621,999.4,379.3,89.4126,89.4126,89.5116,-0.0990,-0.0989,0.0000
7622,1000.9,372.4,89.4064,89.4064,89.5052,-0.0988,-0.0988,0.0000
7623,998.9,348.3,89.4002,89.4002,89.4991,-0.0990,-0.0989,0.0000
7624,1001.8,348.1,89.3940,89.3940,89.4933,-0.0993,-0.0993,0.0000
7625,998.1,348.1,89.3878,89.3878,89.4869,-0.0991,-0.0991,0.0000
7626,1001.8,337.4,89.3816,89.3816,89.4804,-0.0989,-0.0988,0.0000
7627,1002.8,347.1,89.3754,89.3754,89.4742,-0.0988,-0.0988,0.0000
7628,997.2,348.2,89.3692,89.3692,89.4679,-0.0987,-0.0987,0.0000
7629,1000.0,345.5,89.3630,89.3630,89.4611,-0.0981,-0.0981,0.0000
7630,1000.6,340.1,89.3568,89.3568,89.4549,-0.0981,-0.0981,0.0000
7631,1000.0,350.2,89.3506,89.3506,89.4486,-0.0980,-0.0980,0.0000
7632,999.5,343.2,89.3444,89.3444,89.4422,-0.0978,-0.0978,0.0000
7633,1000.2,337.5,89.3382,89.3382,89.4356,-0.0974,-0.0974,0.0000
7634,999.7,351.9,89.3320,89.3320,89.4285,-0.0965,-0.0965,0.0000
7635,999.9,340.5,89.3258,89.3258,89.4221,-0.0963,-0.0963,0.0000
7636,1000.6,344.6,89.3196,89.3196,89.4159,-0.0963,-0.0963,0.0000
7637,998.4,350.6,89.3134,89.3134,89.4093,-0.0959,-0.0959,0.0000
7638,1001.4,341.9,89.3072,89.3073,89.4033,-0.0961,-0.0960,0.0000
7639,1001.7,358.7,89.3010,89.3011,89.3970,-0.0960,-0.0960,0.0000
7640,998.0,338.3,89.2948,89.2949,89.3907,-0.0959,-0.0959,0.0000
7641,999.1,396.4,89.2886,89.2887,89.3839,-0.0952,-0.0952,0.0000
7642,1001.8,348.6,89.2825,89.2825,89.3775,-0.0950,-0.0950,0.0001
7643,997.5,334.8,89.2763,89.2763,89.3710,-0.0947,-0.0947,0.0001
7644,1000.4,371.1,89.2701,89.2701,89.3646,-0.0945,-0.0944,0.0001
7645,999.7,375.0,89.2639,89.2640,89.3575,-0.0936,-0.0936,0.0001
7646,1000.4,349.7,89.2577,89.2578,89.3510,-0.0933,-0.0932,0.0001
7647,999.0,320.2,89.2516,89.2516,89.3444,-0.0928,-0.0928,0.0001
7648,1000.7,341.1,89.2454,89.2454,89.3378,-0.0924,-0.0924,0.0001
7649,999.6,339.3,89.2392,89.2393,89.3307,-0.0915,-0.0915,0.0001
7650,1000.6,302.9,89.2330,89.2331,89.3241,-0.0911,-0.0910,0.0001
7651,999.2,349.2,89.2269,89.2269,89.3175,-0.0907,-0.0906,0.0001
7652,1000.9,338.1,89.2207,89.2208,89.3109,-0.0902,-0.0902,0.0001
7653,1001.0,337.4,89.2145,89.2146,89.3040,-0.0894,-0.0894,0.0001
7654,1000.4,355.7,89.2084,89.2084,89.2975,-0.0892,-0.0891,0.0001
7655,999.8,341.8,89.2022,89.2023,89.2914,-0.0892,-0.0892,0.0001
7656,1000.4,335.4,89.1960,89.1961,89.2856,-0.0895,-0.0895,0.0001
7657,998.4,354.5,89.1899,89.1899,89.2795,-0.0896,-0.0895,0.0001
7658,1001.5,339.9,89.1837,89.1838,89.2738,-0.0901,-0.0900,0.0001
7659,999.7,349.9,89.1776,89.1776,89.2680,-0.0904,-0.0904,0.0001
7660,1004.1,347.7,89.1714,89.1715,89.2621,-0.0907,-0.0906,0.0001
7661,995.3,346.9,89.1652,89.1653,89.2557,-0.0905,-0.0904,0.0001
7662,1000.5,353.2,89.1591,89.1591,89.2499,-0.0908,-0.0907,0.0001
7663,1000.7,354.0,89.1529,89.1530,89.2442,-0.0913,-0.0912,0.0001
7664,1005.1,364.3,89.1468,89.1468,89.2385,-0.0917,-0.0916,0.0001
7665,1007.7,416.4,89.1406,89.1407,89.2322,-0.0916,-0.0915,0.0001
7666,990.3,352.7,89.1345,89.1346,89.2263,-0.0918,-0.0917,0.0001
7667,995.8,341.4,89.1283,89.1284,89.2203,-0.0920,-0.0919,0.0001
7668,1002.0,353.0,89.1222,89.1223,89.2144,-0.0922,-0.0921,0.0001
7669,999.6,375.7,89.1161,89.1161,89.2083,-0.0922,-0.0922,0.0001
7670,1000.1,382.6,89.1099,89.1100,89.2027,-0.0928,-0.0927,0.0001
7671,996.8,346.5,89.1038,89.1038,89.1972,-0.0935,-0.0934,0.0001
7672,1000.0,358.8,89.0976,89.0977,89.1918,-0.0942,-0.0941,0.0001
7673,1000.0,326.3,89.0915,89.0916,89.1859,-0.0944,-0.0943,0.0001
7674,1000.0,357.9,89.0854,89.0854,89.1804,-0.0951,-0.0950,0.0001
7675,1000.2,339.7,89.0792,89.0793,89.1749,-0.0957,-0.0956,0.0001
7676,1002.3,324.6,89.0731,89.0732,89.1696,-0.0965,-0.0964,0.0001
7677,997.2,345.5,89.0670,89.0670,89.1640,-0.0970,-0.0969,0.0001
7678,1000.8,337.4,89.0608,89.0609,89.1588,-0.0980,-0.0979,0.0001
7679,999.5,310.8,89.0547,89.0548,89.1535,-0.0988,-0.0987,0.0001
7680,1000.5,347.2,89.0486,89.0487,89.1480,-0.0994,-0.0993,0.0001
7681,999.2,341.9,89.0425,89.0425,89.1419,-0.0994,-0.0993,0.0001
7682,1000.3,339.7,89.0363,89.0364,89.1360,-0.0997,-0.0996,0.0001
7683,1003.2,345.7,89.0302,89.0303,89.1301,-0.0999,-0.0998,0.0001
7684,998.6,348.1,89.0241,89.0242,89.1240,-0.0999,-0.0998,0.0001
7685,1000.6,340.2,89.0180,89.0181,89.1174,-0.0994,-0.0994,0.0001
7686,1001.7,362.0,89.0119,89.0120,89.1112,-0.0993,-0.0993,0.0001
7687,998.7,352.2,89.0058,89.0059,89.1050,-0.0992,-0.0991,0.0001
7688,1002.1,339.8,88.9997,88.9998,89.0986,-0.0990,-0.0989,0.0001
7689,997.7,353.8,88.9936,88.9936,89.0918,-0.0983,-0.0982,0.0001
7690,999.6,349.4,88.9874,88.9875,89.0854,-0.0980,-0.0979,0.0001
7691,999.8,338.2,88.9813,88.9814,89.0790,-0.0976,-0.0975,0.0001
7692,1001.3,357.1,88.9752,88.9753,89.0725,-0.0973,-0.0972,0.0001
7693,997.9,341.8,88.9691,88.9692,89.0654,-0.0962,-0.0961,0.0001
7694,999.0,381.5,88.9630,88.9631,89.0587,-0.0956,-0.0955,0.0001
7695,1000.5,384.2,88.9569,88.9570,89.0520,-0.0951,-0.0950,0.0001
7696,999.2,375.4,88.9509,88.9509,89.0455,-0.0947,-0.0946,0.0001
7697,999.9,375.3,88.9448,88.9449,89.0387,-0.0939,-0.0938,0.0001
7698,1000.1,371.8,88.9387,88.9388,89.0323,-0.0936,-0.0935,0.0001
7699,1000.6,340.2,88.9326,88.9327,89.0259,-0.0933,-0.0932,0.0001
7700,999.5,349.0,88.9265,88.9266,89.0195,-0.0930,-0.0929,0.0001
7701,1000.4,344.2,88.9204,88.9205,89.0124,-0.0919,-0.0918,0.0001
7702,999.7,323.0,88.9143,88.9144,89.0056,-0.0913,-0.0912,0.0001
7703,1000.6,344.6,88.9082,88.9083,88.9990,-0.0907,-0.0906,0.0001
7704,999.3,342.9,88.9022,88.9023,88.9926,-0.0904,-0.0903,0.0001
7705,1000.6,311.1,88.8961,88.8962,88.9863,-0.0902,-0.0901,0.0001
7706,999.4,354.2,88.8900,88.8901,88.9795,-0.0895,-0.0894,0.0001
7707,999.6,344.0,88.8839,88.8840,88.9730,-0.0891,-0.0890,0.0001
7708,1000.4,297.6,88.8779,88.8780,88.9664,-0.0885,-0.0884,0.0001
7709,1000.3,363.8,88.8718,88.8719,88.9599,-0.0881,-0.0879,0.0001
7710,999.7,352.6,88.8657,88.8658,88.9529,-0.0871,-0.0870,0.0001
7711,1000.1,301.2,88.8597,88.8598,88.9466,-0.0869,-0.0868,0.0001
7712,999.7,349.1,88.8536,88.8537,88.9404,-0.0868,-0.0867,0.0001
7713,1000.4,337.1,88.8475,88.8477,88.9341,-0.0866,-0.0865,0.0001
7714,999.5,344.8,88.8415,88.8416,88.9275,-0.0860,-0.0859,0.0001
7715,1000.5,348.1,88.8354,88.8355,88.9217,-0.0863,-0.0862,0.0001
7716,999.5,345.5,88.8294,88.8295,88.9162,-0.0868,-0.0867,0.0001
7717,999.7,346.2,88.8233,88.8234,88.9110,-0.0877,-0.0876,0.0001
7718,1000.5,352.3,88.8173,88.8174,88.9056,-0.0883,-0.0882,0.0001
7719,1000.4,375.0,88.8112,88.8113,88.9007,-0.0894,-0.0893,0.0001
7720,999.6,367.4,88.8052,88.8053,88.8957,-0.0905,-0.0903,0.0001
7721,1000.2,372.2,88.7991,88.7993,88.8905,-0.0914,-0.0913,0.0001
7722,999.7,341.8,88.7931,88.7932,88.8848,-0.0917,-0.0915,0.0001
7723,1000.5,348.7,88.7871,88.7872,88.8793,-0.0922,-0.0921,0.0001
7724,999.9,352.2,88.7810,88.7811,88.8740,-0.0929,-0.0928,0.0001
7725,1000.0,340.0,88.7750,88.7751,88.8686,-0.0936,-0.0934,0.0001
7726,1000.3,351.0,88.7690,88.7691,88.8626,-0.0937,-0.0935,0.0001
7727,999.1,359.1,88.7629,88.7631,88.8568,-0.0939,-0.0938,0.0001
7728,1002.5,348.5,88.7569,88.7570,88.8508,-0.0939,-0.0938,0.0001
7729,998.9,357.3,88.7509,88.7510,88.8449,-0.0940,-0.0939,0.0001
7730,998.9,341.8,88.7448,88.7450,88.8384,-0.0935,-0.0934,0.0001
7731,1000.1,331.3,88.7388,88.7390,88.8323,-0.0934,-0.0933,0.0001
7732,999.8,350.8,88.7328,88.7329,88.8261,-0.0933,-0.0932,0.0001
7733,1000.4,338.8,88.7268,88.7269,88.8198,-0.0930,-0.0929,0.0001
7734,999.4,322.0,88.7208,88.7209,88.8129,-0.0921,-0.0920,0.0001
7735,1000.6,350.3,88.7148,88.7149,88.8065,-0.0918,-0.0916,0.0001
7736,999.3,345.9,88.7088,88.7089,88.8002,-0.0914,-0.0913,0.0001
7737,999.9,314.4,88.7027,88.7029,88.7938,-0.0911,-0.0910,0.0001
7738,1000.3,345.5,88.6967,88.6969,88.7872,-0.0904,-0.0903,0.0001
7739,1000.6,345.7,88.6907,88.6909,88.7812,-0.0905,-0.0903,0.0001
7740,999.3,292.0,88.6847,88.6849,88.7752,-0.0905,-0.0904,0.0001
7741,1000.4,362.3,88.6787,88.6789,88.7690,-0.0903,-0.0902,0.0001
7742,999.8,350.9,88.6727,88.6729,88.7620,-0.0893,-0.0891,0.0001
7743,1000.4,339.5,88.6667,88.6669,88.7554,-0.0887,-0.0885,0.0001
7744,999.4,357.6,88.6608,88.6609,88.7489,-0.0882,-0.0880,0.0001
7745,1000.6,378.2,88.6548,88.6549,88.7424,-0.0876,-0.0875,0.0001
7746,1000.3,363.8,88.6488,88.6489,88.7360,-0.0872,-0.0871,0.0001
7747,998.9,358.3,88.6428,88.6429,88.7292,-0.0864,-0.0862,0.0002
7748,1000.2,346.6,88.6368,88.6370,88.7228,-0.0860,-0.0858,0.0002
7749,1000.4,357.2,88.6308,88.6310,88.7165,-0.0857,-0.0855,0.0002
7750,999.7,351.4,88.6249,88.6250,88.7098,-0.0850,-0.0848,0.0002
7751,999.5,348.0,88.6189,88.6190,88.7037,-0.0849,-0.0847,0.0002
7752,1000.3,349.6,88.6129,88.6131,88.6980,-0.0850,-0.0849,0.0002
7753,1000.2,350.3,88.6069,88.6071,88.6923,-0.0854,-0.0852,0.0002
7754,999.9,348.1,88.6010,88.6011,88.6863,-0.0853,-0.0852,0.0002
7755,1000.0,349.7,88.5950,88.5952,88.6807,-0.0857,-0.0856,0.0002
7756,1000.0,353.2,88.5891,88.5892,88.6752,-0.0862,-0.0860,0.0002
7757,999.6,335.0,88.5831,88.5833,88.6699,-0.0869,-0.0867,0.0002
7758,1000.4,349.8,88.5771,88.5773,88.6645,-0.0874,-0.0872,0.0002
7759,1000.1,350.4,88.5712,88.5713,88.6595,-0.0884,-0.0882,0.0002
7760,1000.1,324.7,88.5652,88.5654,88.6548,-0.0896,-0.0894,0.0002
7761,999.6,344.8,88.5593,88.5594,88.6500,-0.0908,-0.0906,0.0002
7762,1001.6,349.6,88.5533,88.5535,88.6439,-0.0906,-0.0904,0.0002
7763,998.8,311.0,88.5474,88.5476,88.6388,-0.0914,-0.0913,0.0002
7764,999.7,359.9,88.5414,88.5416,88.6336,-0.0922,-0.0920,0.0002
7765,1000.1,344.6,88.5355,88.5357,88.6283,-0.0927,-0.0926,0.0002
7766,1000.0,312.1,88.5296,88.5297,88.6233,-0.0937,-0.0935,0.0002
7767,999.5,355.5,88.5236,88.5238,88.6183,-0.0946,-0.0945,0.0002
7768,1000.5,341.2,88.5177,88.5179,88.6132,-0.0954,-0.0953,0.0002
7769,1001.3,336.2,88.5118,88.5120,88.6079,-0.0961,-0.0959,0.0002
7770,998.9,386.1,88.5058,88.5060,88.6019,-0.0960,-0.0958,0.0002
7771,999.8,383.7,88.4999,88.5001,88.5962,-0.0963,-0.0961,0.0002
7772,1000.2,347.4,88.4940,88.4942,88.5905,-0.0965,-0.0963,0.0002
7773,999.9,374.1,88.4881,88.4883,88.5849,-0.0968,-0.0966,0.0002
7774,1000.1,359.7,88.4822,88.4824,88.5787,-0.0965,-0.0964,0.0002
7775,1000.0,343.7,88.4763,88.4764,88.5730,-0.0967,-0.0965,0.0002
7776,999.8,357.7,88.4703,88.4705,88.5670,-0.0967,-0.0965,0.0002
7777,999.4,345.2,88.4644,88.4646,88.5609,-0.0965,-0.0963,0.0002
7778,1000.5,340.4,88.4585,88.4587,88.5543,-0.0958,-0.0956,0.0002
7779,1001.0,362.9,88.4526,88.4528,88.5481,-0.0954,-0.0952,0.0002
7780,999.3,344.1,88.4467,88.4469,88.5419,-0.0951,-0.0949,0.0002
7781,999.6,346.7,88.4408,88.4410,88.5419,-0.1010,-0.1008,0.0002
7782,1000.2,357.4,88.4349,88.4351,88.5358,-0.1008,-0.1006,0.0002
7783,999.9,341.4,88.4290,88.4292,88.5292,-0.1002,-0.1000,0.0002
7784,1000.0,353.0,88.4232,88.4234,88.5230,-0.0998,-0.0996,0.0002
7785,1000.0,352.0,88.4173,88.4175,88.5165,-0.0992,-0.0990,0.0002
7786,1000.1,340.8,88.4114,88.4116,88.5096,-0.0983,-0.0981,0.0002
7787,1001.5,348.7,88.4055,88.4057,88.5022,-0.0967,-0.0965,0.0002
7788,998.3,340.4,88.3996,88.3998,88.4954,-0.0958,-0.0956,0.0002
7789,1000.1,330.7,88.3938,88.3940,88.4887,-0.0950,-0.0947,0.0002
7790,1000.0,358.8,88.3879,88.3881,88.4820,-0.0941,-0.0939,0.0002
7791,1000.1,362.7,88.3820,88.3822,88.4745,-0.0925,-0.0923,0.0002
7792,1000.0,319.7,88.3761,88.3764,88.4676,-0.0914,-0.0912,0.0002
7793,1000.5,352.0,88.3703,88.3705,88.4606,-0.0904,-0.0901,0.0002
7794,999.7,396.3,88.3644,88.3646,88.4537,-0.0892,-0.0890,0.0002
7795,999.8,350.4,88.3586,88.3588,88.4463,-0.0877,-0.0875,0.0002
7796,1000.5,372.1,88.3527,88.3529,88.4397,-0.0869,-0.0867,0.0002
7797,999.4,349.2,88.3469,88.3471,88.4331,-0.0862,-0.0860,0.0002
7798,999.9,290.4,88.3410,88.3412,88.4264,-0.0853,-0.0851,0.0002
7799,1000.0,368.2,88.3352,88.3354,88.4194,-0.0843,-0.0840,0.0002
7800,1000.1,347.1,88.3293,88.3295,88.4133,-0.0840,-0.0838,0.0002
7801,999.6,345.9,88.3235,88.3237,88.4074,-0.0840,-0.0837,0.0002
7802,1000.3,358.0,88.3176,88.3179,88.4019,-0.0842,-0.0840,0.0002
7803,1000.1,345.1,88.3118,88.3120,88.3958,-0.0840,-0.0837,0.0002
7804,1000.0,358.7,88.3060,88.3062,88.3900,-0.0840,-0.0838,0.0002
7805,999.9,354.2,88.3001,88.3004,88.3843,-0.0841,-0.0839,0.0002
7806,1000.1,351.4,88.2943,88.2946,88.3787,-0.0843,-0.0841,0.0002
7807,1000.0,344.7,88.2885,88.2887,88.3727,-0.0842,-0.0839,0.0002
7808,999.8,369.3,88.2827,88.2829,88.3672,-0.0845,-0.0843,0.0002
7809,1002.5,360.0,88.2769,88.2771,88.3617,-0.0848,-0.0846,0.0002
7810,1001.5,359.5,88.2710,88.2713,88.3560,-0.0850,-0.0848,0.0002
7811,997.8,363.5,88.2652,88.2655,88.3501,-0.0849,-0.0846,0.0002
7812,1002.0,353.9,88.2594,88.2597,88.3444,-0.0850,-0.0848,0.0002
7813,999.8,359.7,88.2536,88.2539,88.3388,-0.0852,-0.0850,0.0002
7814,999.3,362.3,88.2478,88.2481,88.3333,-0.0855,-0.0852,0.0002
7815,1000.7,345.5,88.2420,88.2423,88.3275,-0.0855,-0.0852,0.0002
7816,1000.6,351.1,88.2362,88.2365,88.3221,-0.0859,-0.0857,0.0002
7817,999.4,354.4,88.2304,88.2307,88.3167,-0.0863,-0.0861,0.0002
7818,1003.1,335.6,88.2246,88.2249,88.3114,-0.0868,-0.0865,0.0002
7819,997.1,391.3,88.2189,88.2191,88.3056,-0.0867,-0.0865,0.0002
7820,1000.0,394.2,88.2131,88.2133,88.3001,-0.0870,-0.0868,0.0003
7821,999.4,346.7,88.2073,88.2075,88.2948,-0.0875,-0.0872,0.0003
7822,1000.4,385.4,88.2015,88.2018,88.2897,-0.0881,-0.0879,0.0003
7823,1000.2,353.2,88.1957,88.1960,88.2843,-0.0885,-0.0883,0.0003
7824,1000.5,334.1,88.1900,88.1902,88.2792,-0.0892,-0.0890,0.0003
7825,999.3,357.1,88.1842,88.1845,88.2739,-0.0897,-0.0894,0.0003
7826,999.8,357.3,88.1784,88.1787,88.2685,-0.0900,-0.0898,0.0003
7827,999.5,305.9,88.1727,88.1729,88.2625,-0.0898,-0.0895,0.0003
7828,1000.0,362.6,88.1669,88.1672,88.2568,-0.0899,-0.0896,0.0003
7829,999.6,364.5,88.1612,88.1614,88.2510,-0.0898,-0.0895,0.0003
7830,997.9,347.8,88.1554,88.1557,88.2451,-0.0897,-0.0894,0.0003
7831,999.5,363.0,88.1497,88.1499,88.2390,-0.0894,-0.0891,0.0003
7832,1000.2,345.1,88.1439,88.1442,88.2332,-0.0893,-0.0890,0.0003
7833,1000.2,338.2,88.1382,88.1384,88.2272,-0.0891,-0.0888,0.0003
7834,999.8,359.8,88.1324,88.1327,88.2212,-0.0888,-0.0885,0.0003
7835,999.8,353.1,88.1267,88.1270,88.2146,-0.0879,-0.0876,0.0003
7836,1000.3,349.3,88.1210,88.1212,88.2085,-0.0875,-0.0873,0.0003
7837,1001.3,361.7,88.1152,88.1155,88.2026,-0.0874,-0.0871,0.0003
7838,998.6,349.6,88.1095,88.1098,88.1969,-0.0874,-0.0871,0.0003
7839,1000.5,360.0,88.1038,88.1041,88.1911,-0.0873,-0.0870,0.0003
7840,1002.7,363.8,88.0981,88.0983,88.1848,-0.0868,-0.0865,0.0003
7841,998.9,357.7,88.0924,88.0926,88.1790,-0.0867,-0.0864,0.0003
7842,1000.9,361.8,88.0866,88.0869,88.1731,-0.0865,-0.0862,0.0003
7843,1000.4,365.8,88.0809,88.0812,88.1669,-0.0859,-0.0856,0.0003
7844,999.7,385.1,88.0752,88.0755,88.1611,-0.0859,-0.0856,0.0003
7845,999.4,399.5,88.0695,88.0698,88.1555,-0.0859,-0.0857,0.0003
7846,1001.3,406.5,88.0638,88.0641,88.1500,-0.0861,-0.0858,0.0003
7847,1000.0,392.3,88.0581,88.0584,88.1442,-0.0861,-0.0858,0.0003
7848,999.5,402.8,88.0524,88.0527,88.1387,-0.0863,-0.0860,0.0003
7849,999.8,401.8,88.0467,88.0470,88.1331,-0.0864,-0.0861,0.0003
7850,999.5,388.0,88.0410,88.0413,88.1275,-0.0865,-0.0862,0.0003
7851,997.6,379.1,88.0354,88.0357,88.1214,-0.0860,-0.0857,0.0003
7852,1000.8,364.2,88.0297,88.0300,88.1158,-0.0861,-0.0858,0.0003
7853,999.7,311.0,88.0240,88.0243,88.1102,-0.0862,-0.0859,0.0003
7854,999.5,368.0,88.0183,88.0186,88.1048,-0.0864,-0.0861,0.0003
7855,1000.4,350.4,88.0127,88.0130,88.0988,-0.0861,-0.0858,0.0003
7856,999.5,309.0,88.0070,88.0073,88.0931,-0.0861,-0.0857,0.0003
7857,1000.5,356.4,88.0013,88.0016,88.0873,-0.0859,-0.0856,0.0003
7858,999.2,348.9,87.9957,87.9960,88.0815,-0.0858,-0.0855,0.0003
7859,1000.8,353.0,87.9900,87.9903,88.0753,-0.0853,-0.0850,0.0003
7860,999.6,369.7,87.9844,87.9847,88.0698,-0.0854,-0.0851,0.0003
7861,999.7,358.1,87.9787,87.9790,88.0643,-0.0856,-0.0853,0.0003
7862,1000.0,354.5,87.9731,87.9734,88.0586,-0.0855,-0.0852,0.0003
7863,1000.8,359.9,87.9674,87.9677,88.0531,-0.0857,-0.0854,0.0003
7864,999.3,354.1,87.9618,87.9621,88.0473,-0.0855,-0.0852,0.0003
7865,1000.5,351.4,87.9562,87.9565,88.0421,-0.0859,-0.0856,0.0003
7866,999.4,359.4,87.9505,87.9508,88.0371,-0.0866,-0.0862,0.0003
7867,1001.0,356.7,87.9449,87.9452,88.0317,-0.0868,-0.0865,0.0003
7868,999.2,365.0,87.9393,87.9396,88.0268,-0.0875,-0.0872,0.0003
7869,1000.2,386.7,87.9336,87.9340,88.0218,-0.0882,-0.0878,0.0003
7870,999.6,391.3,87.9280,87.9284,88.0168,-0.0888,-0.0884,0.0003
7871,999.7,362.3,87.9224,87.9227,88.0112,-0.0888,-0.0885,0.0003
7872,1000.3,373.0,87.9168,87.9171,88.0058,-0.0890,-0.0887,0.0003
7873,1000.5,343.6,87.9112,87.9115,88.0004,-0.0892,-0.0889,0.0003
7874,1001.1,364.0,87.9056,87.9059,87.9948,-0.0892,-0.0888,0.0003
7875,999.0,352.8,87.9000,87.9003,87.9893,-0.0893,-0.0889,0.0003
7876,999.4,334.1,87.8944,87.8947,87.9834,-0.0890,-0.0887,0.0003
7877,1000.2,363.2,87.8888,87.8891,87.9779,-0.0891,-0.0888,0.0003
7878,999.7,349.0,87.8832,87.8836,87.9722,-0.0889,-0.0886,0.0003
7879,1000.1,338.8,87.8776,87.8780,87.9657,-0.0881,-0.0878,0.0003
7880,1000.0,368.8,87.8720,87.8724,87.9595,-0.0874,-0.0871,0.0004
7881,999.7,359.3,87.8665,87.8668,87.9530,-0.0866,-0.0862,0.0004
7882,1000.5,309.2,87.8609,87.8612,87.9468,-0.0859,-0.0855,0.0004
7883,999.8,359.7,87.8553,87.8557,87.9404,-0.0851,-0.0847,0.0004
7884,1005.9,365.6,87.8498,87.8501,87.9344,-0.0847,-0.0843,0.0004
7885,995.0,306.0,87.8442,87.8446,87.9284,-0.0842,-0.0838,0.0004
7886,999.6,377.6,87.8386,87.8390,87.9223,-0.0837,-0.0833,0.0004
7887,1000.7,361.3,87.8331,87.8334,87.9155,-0.0825,-0.0821,0.0004
7888,1000.2,356.2,87.8275,87.8279,87.9094,-0.0819,-0.0815,0.0004
7889,999.6,363.6,87.8220,87.8223,87.9036,-0.0817,-0.0813,0.0004
7890,1000.4,353.1,87.8164,87.8168,87.8979,-0.0815,-0.0811,0.0004
7891,998.7,352.0,87.8109,87.8113,87.8919,-0.0810,-0.0807,0.0004
7892,1000.1,368.2,87.8053,87.8057,87.8865,-0.0812,-0.0808,0.0004
7893,1000.7,357.3,87.7998,87.8002,87.8808,-0.0810,-0.0806,0.0004
7894,999.4,361.9,87.7943,87.7947,87.8751,-0.0808,-0.0804,0.0004
7895,1000.4,387.8,87.7888,87.7891,87.8693,-0.0806,-0.0802,0.0004
7896,999.6,386.2,87.7832,87.7836,87.8632,-0.0799,-0.0795,0.0004
7897,1000.4,360.7,87.7777,87.7781,87.8574,-0.0797,-0.0793,0.0004
7898,999.3,365.8,87.7722,87.7726,87.8517,-0.0795,-0.0791,0.0004
7899,1000.8,358.4,87.7667,87.7671,87.8459,-0.0792,-0.0788,0.0004
7900,999.4,369.3,87.7612,87.7616,87.8396,-0.0784,-0.0780,0.0004
7901,1000.4,372.1,87.7557,87.7561,87.8338,-0.0781,-0.0777,0.0004
7902,1001.5,350.3,87.7502,87.7506,87.8279,-0.0777,-0.0773,0.0004
7903,999.4,359.4,87.7447,87.7451,87.8222,-0.0775,-0.0771,0.0004
7904,999.4,375.9,87.7392,87.7396,87.8161,-0.0769,-0.0765,0.0004
7905,1000.2,344.8,87.7337,87.7341,87.8106,-0.0769,-0.0765,0.0004
7906,1000.3,361.1,87.7282,87.7286,87.8052,-0.0770,-0.0766,0.0004
7907,1000.3,357.3,87.7227,87.7231,87.7997,-0.0769,-0.0765,0.0004
7908,999.2,331.2,87.7173,87.7177,87.7937,-0.0765,-0.0761,0.0004
7909,1000.3,379.9,87.7118,87.7122,87.7883,-0.0765,-0.0761,0.0004
7910,999.1,354.0,87.7063,87.7067,87.7829,-0.0766,-0.0761,0.0004
7911,999.5,319.6,87.7008,87.7013,87.7778,-0.0770,-0.0766,0.0004
7912,1000.3,365.3,87.6954,87.6958,87.7726,-0.0772,-0.0768,0.0004
7913,1001.1,355.6,87.6899,87.6903,87.7679,-0.0780,-0.0775,0.0004
7914,999.0,304.9,87.6845,87.6849,87.7630,-0.0785,-0.0781,0.0004
7915,1000.3,360.9,87.6790,87.6794,87.7580,-0.0790,-0.0786,0.0004
7916,999.4,366.1,87.6736,87.6740,87.7524,-0.0789,-0.0785,0.0004
7917,1000.7,355.8,87.6681,87.6686,87.7473,-0.0792,-0.0788,0.0004
7918,999.4,369.0,87.6627,87.6631,87.7423,-0.0796,-0.0791,0.0004
7919,1004.3,396.8,87.6573,87.6577,87.7373,-0.0800,-0.0796,0.0004
7920,1000.2,385.9,87.6518,87.6523,87.7322,-0.0803,-0.0799,0.0004
7921,995.5,392.3,87.6464,87.6468,87.7274,-0.0810,-0.0806,0.0004
7922,1000.7,362.2,87.6410,87.6414,87.7227,-0.0818,-0.0813,0.0004
7923,999.9,351.4,87.6356,87.6360,87.7179,-0.0823,-0.0819,0.0004
7924,1000.1,397.6,87.6301,87.6306,87.7125,-0.0824,-0.0820,0.0004
7925,1000.5,372.8,87.6247,87.6252,87.7075,-0.0827,-0.0823,0.0004
7926,999.0,370.5,87.6193,87.6198,87.7024,-0.0830,-0.0826,0.0004
7927,1003.0,390.5,87.6139,87.6144,87.6973,-0.0834,-0.0829,0.0004
7928,999.8,366.5,87.6085,87.6090,87.6918,-0.0832,-0.0828,0.0004
7929,997.9,375.2,87.6031,87.6036,87.6867,-0.0836,-0.0831,0.0004
7930,1002.9,382.3,87.5977,87.5982,87.6816,-0.0838,-0.0834,0.0004
7931,996.7,366.5,87.5924,87.5928,87.6765,-0.0842,-0.0837,0.0004
7932,1000.7,372.1,87.5870,87.5874,87.6712,-0.0843,-0.0838,0.0005
7933,1000.1,353.6,87.5816,87.5821,87.6656,-0.0840,-0.0835,0.0005
7934,998.8,342.9,87.5762,87.5767,87.6603,-0.0841,-0.0836,0.0005
7935,1000.0,364.8,87.5709,87.5713,87.6550,-0.0841,-0.0837,0.0005
7936,1000.3,362.6,87.5655,87.5660,87.6498,-0.0843,-0.0838,0.0005
7937,999.6,322.7,87.5601,87.5606,87.6434,-0.0833,-0.0828,0.0005
7938,999.7,360.5,87.5548,87.5552,87.6385,-0.0837,-0.0832,0.0005
7939,1000.0,358.5,87.5494,87.5499,87.6336,-0.0841,-0.0837,0.0005
7940,1002.2,317.8,87.5441,87.5445,87.6284,-0.0843,-0.0839,0.0005
7941,998.0,371.4,87.5387,87.5392,87.6233,-0.0846,-0.0841,0.0005
7942,999.9,369.3,87.5334,87.5339,87.6180,-0.0846,-0.0842,0.0005
7943,1001.3,302.0,87.5280,87.5285,87.6126,-0.0846,-0.0841,0.0005
7944,1000.0,381.5,87.5227,87.5232,87.6069,-0.0842,-0.0837,0.0005
7945,1003.8,397.2,87.5174,87.5179,87.6015,-0.0841,-0.0837,0.0005
7946,998.1,337.7,87.5121,87.5125,87.5963,-0.0842,-0.0837,0.0005
7947,998.8,375.3,87.5067,87.5072,87.5910,-0.0842,-0.0837,0.0005
7948,1005.0,372.6,87.5014,87.5019,87.5850,-0.0836,-0.0831,0.0005
7949,994.4,363.4,87.4961,87.4966,87.5795,-0.0834,-0.0829,0.0005
7950,998.8,367.6,87.4908,87.4913,87.5739,-0.0831,-0.0826,0.0005
7951,999.7,364.2,87.4855,87.4860,87.5682,-0.0827,-0.0822,0.0005
7952,1000.2,370.6,87.4802,87.4807,87.5682,-0.0880,-0.0875,0.0005
7953,1000.7,370.7,87.4749,87.4754,87.5621,-0.0871,-0.0866,0.0005
7954,999.5,369.0,87.4696,87.4701,87.5563,-0.0867,-0.0862,0.0005
7955,1000.4,360.7,87.4643,87.4648,87.5506,-0.0863,-0.0858,0.0005
7956,999.5,370.6,87.4591,87.4596,87.5449,-0.0859,-0.0854,0.0005
7957,1000.8,356.3,87.4538,87.4543,87.5385,-0.0847,-0.0842,0.0005
7958,999.2,360.6,87.4485,87.4490,87.5322,-0.0837,-0.0832,0.0005
7959,1000.5,368.9,87.4432,87.4437,87.5262,-0.0830,-0.0824,0.0005
7960,999.3,336.1,87.4380,87.4385,87.5199,-0.0819,-0.0814,0.0005
7961,1000.5,366.7,87.4327,87.4332,87.5142,-0.0815,-0.0810,0.0005
7962,1003.0,370.4,87.4275,87.4280,87.5088,-0.0813,-0.0808,0.0005
7963,999.7,337.8,87.4222,87.4227,87.5036,-0.0814,-0.0808,0.0005
7964,999.9,373.9,87.4170,87.4175,87.4978,-0.0808,-0.0803,0.0005
7965,998.6,361.1,87.4117,87.4122,87.4922,-0.0805,-0.0800,0.0005
7966,999.2,334.4,87.4065,87.4070,87.4866,-0.0801,-0.0796,0.0005
7967,1001.6,366.5,87.4012,87.4018,87.4811,-0.0798,-0.0793,0.0005
7968,999.2,356.6,87.3960,87.3965,87.4752,-0.0792,-0.0786,0.0005
7969,1000.3,371.2,87.3908,87.3913,87.4697,-0.0789,-0.0784,0.0005
7970,998.5,391.9,87.3856,87.3861,87.4642,-0.0787,-0.0781,0.0005
7971,1000.1,377.2,87.3804,87.3809,87.4587,-0.0783,-0.0778,0.0005
7972,999.5,315.6,87.3751,87.3757,87.4528,-0.0776,-0.0771,0.0005
7973,1000.1,371.6,87.3699,87.3705,87.4474,-0.0774,-0.0769,0.0005
7974,1000.1,362.6,87.3647,87.3653,87.4419,-0.0772,-0.0767,0.0005
7975,999.9,297.3,87.3595,87.3601,87.4365,-0.0770,-0.0765,0.0005
7976,1000.0,370.0,87.3543,87.3549,87.4306,-0.0763,-0.0758,0.0005
7977,1000.0,358.4,87.3491,87.3497,87.4252,-0.0761,-0.0755,0.0005
7978,999.7,354.8,87.3440,87.3445,87.4200,-0.0761,-0.0755,0.0006
7979,1000.0,373.4,87.3388,87.3393,87.4149,-0.0762,-0.0756,0.0006
7980,999.9,356.7,87.3336,87.3342,87.4094,-0.0758,-0.0753,0.0006
7981,1000.3,348.2,87.3284,87.3290,87.4044,-0.0759,-0.0754,0.0006
7982,1000.0,369.4,87.3233,87.3238,87.3992,-0.0760,-0.0754,0.0006
7983,1000.5,363.2,87.3181,87.3187,87.3942,-0.0761,-0.0755,0.0006
7984,1000.9,370.1,87.3129,87.3135,87.3888,-0.0758,-0.0753,0.0006
7985,999.2,376.6,87.3078,87.3084,87.3841,-0.0763,-0.0757,0.0006
7986,1001.0,371.3,87.3026,87.3032,87.3793,-0.0767,-0.0761,0.0006
7987,1000.0,366.7,87.2975,87.2981,87.3747,-0.0772,-0.0767,0.0006
7988,998.5,375.4,87.2923,87.2929,87.3698,-0.0774,-0.0768,0.0006
7989,1000.9,364.3,87.2872,87.2878,87.3651,-0.0779,-0.0773,0.0006
7990,999.8,367.6,87.2821,87.2827,87.3602,-0.0781,-0.0775,0.0006
7991,1000.4,376.0,87.2770,87.2775,87.3550,-0.0781,-0.0775,0.0006
7992,998.7,333.7,87.2718,87.2724,87.3495,-0.0777,-0.0771,0.0006
7993,999.8,366.3,87.2667,87.2673,87.3444,-0.0776,-0.0771,0.0006
7994,1000.0,401.9,87.2616,87.2622,87.3393,-0.0777,-0.0771,0.0006
7995,1000.1,366.8,87.2565,87.2571,87.3343,-0.0778,-0.0772,0.0006
7996,1000.0,389.3,87.2514,87.2520,87.3288,-0.0774,-0.0768,0.0006
7997,1000.1,433.0,87.2463,87.2469,87.3236,-0.0773,-0.0767,0.0006
7998,999.7,358.1,87.2412,87.2418,87.3184,-0.0772,-0.0766,0.0006
7999,1000.1,400.4,87.2361,87.2367,87.3130,-0.0769,-0.0763,0.0006
8000,1000.1,412.3,87.2310,87.2316,87.3071,-0.0761,-0.0755,0.0006
8001,1000.4,344.6,87.2259,87.2265,87.3016,-0.0757,-0.0751,0.0006
8002,999.6,397.2,87.2209,87.2215,87.2963,-0.0754,-0.0748,0.0006
8003,999.9,380.6,87.2158,87.2164,87.2911,-0.0753,-0.0747,0.0006
8004,1000.8,327.0,87.2107,87.2113,87.2859,-0.0752,-0.0745,0.0006
8005,1002.2,379.4,87.2057,87.2063,87.2802,-0.0746,-0.0739,0.0006
8006,998.1,371.1,87.2006,87.2012,87.2747,-0.0741,-0.0735,0.0006
8007,1000.2,367.9,87.1956,87.1962,87.2692,-0.0736,-0.0730,0.0006
8008,999.1,381.6,87.1905,87.1911,87.2637,-0.0732,-0.0726,0.0006
8009,1003.1,392.6,87.1855,87.1861,87.2578,-0.0723,-0.0717,0.0006
8010,999.5,388.8,87.1804,87.1810,87.2526,-0.0722,-0.0715,0.0006
8011,1000.1,390.1,87.1754,87.1760,87.2476,-0.0722,-0.0715,0.0006
8012,998.4,375.1,87.1704,87.1710,87.2427,-0.0723,-0.0717,0.0006
8013,1004.1,365.7,87.1653,87.1660,87.2374,-0.0720,-0.0714,0.0006
8014,995.8,380.9,87.1603,87.1609,87.2323,-0.0720,-0.0714,0.0006
8015,1000.0,353.1,87.1553,87.1559,87.2272,-0.0719,-0.0712,0.0006
8016,999.6,376.5,87.1503,87.1509,87.2219,-0.0717,-0.0710,0.0006
8017,1002.8,399.6,87.1453,87.1459,87.2167,-0.0714,-0.0708,0.0006
8018,1000.3,362.4,87.1403,87.1409,87.2112,-0.0709,-0.0702,0.0006
8019,999.3,395.1,87.1353,87.1359,87.2062,-0.0710,-0.0703,0.0006
8020,1000.2,409.0,87.1303,87.1309,87.2014,-0.0712,-0.0705,0.0006
8021,1000.0,392.1,87.1253,87.1260,87.1963,-0.0710,-0.0704,0.0007
8022,999.5,381.2,87.1203,87.1210,87.1915,-0.0712,-0.0706,0.0007
8023,998.6,363.1,87.1153,87.1160,87.1866,-0.0712,-0.0706,0.0007
8024,999.4,334.3,87.1104,87.1110,87.1816,-0.0712,-0.0705,0.0007
8025,1000.5,371.6,87.1054,87.1061,87.1761,-0.0707,-0.0700,0.0007
8026,998.5,377.8,87.1004,87.1011,87.1712,-0.0708,-0.0701,0.0007
8027,999.9,318.4,87.0955,87.0962,87.1665,-0.0710,-0.0703,0.0007
8028,999.9,365.5,87.0905,87.0912,87.1618,-0.0713,-0.0706,0.0007
8029,1000.0,366.1,87.0856,87.0863,87.1569,-0.0713,-0.0706,0.0007
8030,1000.0,303.7,87.0806,87.0813,87.1525,-0.0718,-0.0711,0.0007
8031,1000.8,383.0,87.0757,87.0764,87.1479,-0.0722,-0.0715,0.0007
8032,1002.8,370.4,87.0708,87.0715,87.1433,-0.0726,-0.0719,0.0007
8033,999.4,304.3,87.0658,87.0665,87.1384,-0.0725,-0.0719,0.0007
8034,999.9,384.6,87.0609,87.0616,87.1339,-0.0730,-0.0723,0.0007
8035,1000.6,367.6,87.0560,87.0567,87.1297,-0.0737,-0.0730,0.0007
8036,998.9,360.0,87.0511,87.0518,87.1255,-0.0744,-0.0737,0.0007
8037,998.8,381.2,87.0462,87.0469,87.1217,-0.0755,-0.0748,0.0007
8038,999.7,381.6,87.0413,87.0420,87.1175,-0.0762,-0.0755,0.0007
8039,1000.2,370.6,87.0364,87.0371,87.1137,-0.0773,-0.0766,0.0007
8040,1002.7,375.9,87.0315,87.0322,87.1098,-0.0783,-0.0776,0.0007
8041,999.7,373.6,87.0266,87.0273,87.1055,-0.0789,-0.0782,0.0007
8042,999.8,371.3,87.0217,87.0224,87.1014,-0.0797,-0.0790,0.0007
8043,999.3,379.7,87.0168,87.0175,87.0973,-0.0805,-0.0797,0.0007
8044,998.1,383.8,87.0120,87.0127,87.0930,-0.0811,-0.0804,0.0007
8045,1001.5,386.6,87.0071,87.0078,87.0885,-0.0814,-0.0807,0.0007
8046,998.3,405.4,87.0022,87.0029,87.0842,-0.0819,-0.0812,0.0007
8047,1000.4,348.9,86.9974,86.9981,87.0797,-0.0823,-0.0816,0.0007
8048,999.4,371.1,86.9925,86.9932,87.0752,-0.0827,-0.0820,0.0007
8049,1000.5,376.6,86.9877,86.9884,87.0704,-0.0828,-0.0820,0.0007
8050,999.6,338.5,86.9828,86.9835,87.0658,-0.0830,-0.0823,0.0007
8051,1000.5,365.3,86.9780,86.9787,87.0610,-0.0831,-0.0823,0.0007
8052,999.3,375.7,86.9732,86.9739,87.0562,-0.0830,-0.0823,0.0007
8053,1000.6,333.2,86.9683,86.9691,87.0508,-0.0825,-0.0818,0.0007
8054,999.5,384.1,86.9635,86.9642,87.0458,-0.0823,-0.0815,0.0007
8055,1001.2,368.7,86.9587,86.9594,87.0406,-0.0819,-0.0812,0.0007
8056,998.9,327.1,86.9539,86.9546,87.0354,-0.0815,-0.0808,0.0007
8057,1000.8,373.1,86.9491,86.9498,87.0296,-0.0806,-0.0798,0.0007
8058,999.0,374.5,86.9443,86.9450,87.0243,-0.0801,-0.0793,0.0007
8059,1001.4,325.5,86.9395,86.9402,87.0188,-0.0793,-0.0786,0.0007
8060,1000.2,377.4,86.9347,86.9354,87.0132,-0.0786,-0.0778,0.0007
8061,999.3,383.4,86.9299,86.9306,87.0071,-0.0773,-0.0765,0.0007
8062,1000.2,310.2,86.9251,86.9258,87.0015,-0.0764,-0.0756,0.0008
8063,999.7,370.1,86.9203,86.9211,86.9960,-0.0757,-0.0749,0.0008
8064,999.5,368.3,86.9155,86.9163,86.9906,-0.0750,-0.0743,0.0008
8065,1000.3,364.9,86.9108,86.9115,86.9850,-0.0742,-0.0735,0.0008
8066,999.6,377.6,86.9060,86.9068,86.9799,-0.0739,-0.0732,0.0008
8067,1000.7,367.7,86.9013,86.9020,86.9748,-0.0736,-0.0728,0.0008
8068,999.3,353.6,86.8965,86.8973,86.9696,-0.0731,-0.0724,0.0008
8069,1000.8,388.8,86.8918,86.8925,86.9640,-0.0722,-0.0714,0.0008
8070,999.4,390.1,86.8870,86.8878,86.9586,-0.0716,-0.0708,0.0008
8071,1000.5,391.5,86.8823,86.8831,86.9531,-0.0708,-0.0701,0.0008
8072,1000.6,391.5,86.8775,86.8783,86.9477,-0.0701,-0.0693,0.0008
8073,1000.0,371.0,86.8728,86.8736,86.9419,-0.0691,-0.0683,0.0008
8074,1001.5,390.8,86.8681,86.8689,86.9367,-0.0686,-0.0678,0.0008
8075,998.8,376.4,86.8634,86.8642,86.9314,-0.0680,-0.0672,0.0008
8076,999.6,386.8,86.8587,86.8595,86.9260,-0.0674,-0.0666,0.0008
8077,999.6,392.8,86.8540,86.8548,86.9201,-0.0662,-0.0654,0.0008
8078,1003.4,395.3,86.8493,86.8501,86.9146,-0.0653,-0.0645,0.0008
8079,997.2,359.1,86.8446,86.8454,86.9092,-0.0646,-0.0638,0.0008
8080,999.5,379.1,86.8399,86.8407,86.9039,-0.0640,-0.0632,0.0008
8081,1000.1,372.0,86.8352,86.8360,86.8984,-0.0632,-0.0624,0.0008
8082,999.1,335.5,86.8305,86.8313,86.8934,-0.0629,-0.0621,0.0008
8083,1000.5,372.6,86.8258,86.8267,86.8886,-0.0627,-0.0619,0.0008
8084,999.5,377.9,86.8212,86.8220,86.8835,-0.0623,-0.0615,0.0008
8085,1000.4,320.0,86.8165,86.8173,86.8782,-0.0617,-0.0608,0.0008
8086,999.5,369.9,86.8119,86.8127,86.8732,-0.0614,-0.0605,0.0008
8087,1000.5,371.9,86.8072,86.8080,86.8684,-0.0612,-0.0603,0.0008
8088,999.2,305.3,86.8026,86.8034,86.8638,-0.0612,-0.0604,0.0008
8089,1000.7,382.2,86.7979,86.7987,86.8590,-0.0611,-0.0603,0.0008
8090,999.5,370.0,86.7933,86.7941,86.8547,-0.0615,-0.0606,0.0008
8091,1000.6,306.0,86.7886,86.7895,86.8505,-0.0619,-0.0611,0.0008
8092,999.6,385.3,86.7840,86.7849,86.8465,-0.0624,-0.0616,0.0008
8093,1001.1,369.4,86.7794,86.7802,86.8420,-0.0626,-0.0618,0.0008
8094,999.1,383.8,86.7748,86.7756,86.8379,-0.0631,-0.0623,0.0008
8095,1000.2,407.9,86.7702,86.7710,86.8338,-0.0636,-0.0627,0.0008
8096,999.5,409.5,86.7656,86.7664,86.8296,-0.0640,-0.0632,0.0008
8097,1000.8,372.9,86.7610,86.7618,86.8250,-0.0641,-0.0632,0.0008
8098,1000.5,389.7,86.7564,86.7572,86.8208,-0.0645,-0.0636,0.0008
8099,999.7,374.5,86.7518,86.7526,86.8167,-0.0649,-0.0640,0.0008
8100,999.6,371.3,86.7472,86.7481,86.8126,-0.0654,-0.0645,0.0009
8101,1000.3,385.3,86.7426,86.7435,86.8076,-0.0650,-0.0642,0.0009
8102,999.1,357.7,86.7381,86.7389,86.8036,-0.0656,-0.0647,0.0009
8103,1000.9,371.4,86.7335,86.7344,86.8003,-0.0668,-0.0660,0.0009
8104,999.1,382.1,86.7289,86.7298,86.7959,-0.0669,-0.0661,0.0009
8105,1000.6,351.3,86.7244,86.7252,86.7915,-0.0671,-0.0662,0.0009
8106,999.4,370.3,86.7198,86.7207,86.7873,-0.0674,-0.0666,0.0009
8107,1000.5,380.0,86.7153,86.7162,86.7829,-0.0676,-0.0667,0.0009
8108,999.5,337.7,86.7107,86.7116,86.7785,-0.0678,-0.0669,0.0009
8109,1000.6,381.0,86.7062,86.7071,86.7740,-0.0677,-0.0669,0.0009
8110,999.5,369.8,86.7017,86.7026,86.7698,-0.0681,-0.0673,0.0009
8111,1000.6,355.1,86.6972,86.6980,86.7657,-0.0685,-0.0676,0.0009
8112,1002.9,379.7,86.6926,86.6935,86.7614,-0.0688,-0.0679,0.0009
8113,997.3,366.1,86.6881,86.6890,86.7566,-0.0685,-0.0676,0.0009
8114,1002.1,346.6,86.6836,86.6845,86.7520,-0.0684,-0.0675,0.0009
8115,998.1,380.9,86.6791,86.6800,86.7474,-0.0682,-0.0673,0.0009
8116,999.1,372.8,86.6746,86.6755,86.7427,-0.0681,-0.0672,0.0009
8117,1000.9,319.4,86.6701,86.6710,86.7376,-0.0675,-0.0666,0.0009
8118,1000.6,379.2,86.6656,86.6665,86.7329,-0.0673,-0.0664,0.0009
8119,999.5,403.3,86.6612,86.6621,86.7329,-0.0717,-0.0708,0.0009
8120,999.7,342.1,86.6567,86.6576,86.7237,-0.0670,-0.0661,0.0009
8121,1000.3,403.6,86.6522,86.6531,86.7190,-0.0668,-0.0659,0.0009
8122,998.9,386.7,86.6478,86.6487,86.7190,-0.0713,-0.0703,0.0009
8123,1001.2,374.4,86.6433,86.6442,86.7147,-0.0714,-0.0705,0.0009
8124,998.9,382.6,86.6389,86.6398,86.7103,-0.0714,-0.0705,0.0009
8125,1000.3,372.0,86.6344,86.6353,86.7057,-0.0713,-0.0704,0.0009
8126,999.6,363.3,86.6300,86.6309,86.7006,-0.0706,-0.0697,0.0009
8127,1000.6,381.1,86.6255,86.6265,86.6956,-0.0701,-0.0692,0.0009
8128,999.1,368.3,86.6211,86.6220,86.6906,-0.0695,-0.0686,0.0009
8129,1003.1,386.8,86.6167,86.6176,86.6857,-0.0690,-0.0681,0.0009
8130,1002.9,379.8,86.6123,86.6132,86.6806,-0.0684,-0.0674,0.0009
8131,994.4,372.6,86.6079,86.6088,86.6761,-0.0682,-0.0673,0.0009
8132,1002.0,376.4,86.6034,86.6044,86.6715,-0.0680,-0.0671,0.0009
8133,997.9,384.2,86.5990,86.6000,86.6668,-0.0678,-0.0668,0.0009
8134,999.7,353.8,86.5947,86.5956,86.6617,-0.0670,-0.0661,0.0009
8135,1000.5,377.0,86.5903,86.5912,86.6568,-0.0666,-0.0656,0.0009
8136,1000.9,385.3,86.5859,86.5868,86.6519,-0.0660,-0.0650,0.0010
8137,999.8,344.7,86.5815,86.5825,86.6469,-0.0654,-0.0644,0.0010
8138,999.7,376.0,86.5771,86.5781,86.6415,-0.0644,-0.0634,0.0010
8139,999.9,381.0,86.5728,86.5737,86.6367,-0.0640,-0.0630,0.0010
8140,999.5,331.8,86.5684,86.5694,86.6321,-0.0637,-0.0628,0.0010
8141,1003.0,378.5,86.5640,86.5650,86.6276,-0.0636,-0.0626,0.0010
8142,998.1,374.8,86.5597,86.5607,86.6227,-0.0630,-0.0620,0.0010
8143,999.9,325.6,86.5554,86.5563,86.6181,-0.0627,-0.0618,0.0010
8144,999.2,416.5,86.5510,86.5520,86.6134,-0.0624,-0.0614,0.0010
8145,1000.8,411.6,86.5467,86.5477,86.6086,-0.0620,-0.0610,0.0010
8146,998.9,361.7,86.5424,86.5433,86.6037,-0.0614,-0.0604,0.0010
8147,1000.0,407.8,86.5380,86.5390,86.5995,-0.0615,-0.0605,0.0010
8148,1001.9,387.7,86.5337,86.5347,86.5953,-0.0616,-0.0606,0.0010
8149,998.1,347.9,86.5294,86.5304,86.5912,-0.0618,-0.0608,0.0010
8150,999.9,406.8,86.5251,86.5261,86.5871,-0.0620,-0.0610,0.0010
8151,1000.1,385.8,86.5208,86.5218,86.5834,-0.0626,-0.0616,0.0010
8152,999.6,392.0,86.5165,86.5175,86.5798,-0.0632,-0.0622,0.0010
8153,1000.2,411.4,86.5122,86.5132,86.5760,-0.0638,-0.0628,0.0010
8154,1000.6,396.4,86.5079,86.5089,86.5717,-0.0638,-0.0628,0.0010
8155,1002.1,386.2,86.5037,86.5047,86.5678,-0.0641,-0.0631,0.0010
8156,998.4,390.7,86.4994,86.5004,86.5638,-0.0644,-0.0634,0.0010
8157,999.4,368.8,86.4951,86.4961,86.5599,-0.0647,-0.0637,0.0010
8158,1000.1,368.7,86.4909,86.4919,86.5557,-0.0648,-0.0638,0.0010
8159,999.7,390.5,86.4866,86.4876,86.5519,-0.0653,-0.0643,0.0010
8160,1001.2,370.0,86.4824,86.4834,86.5480,-0.0657,-0.0646,0.0010
8161,998.7,372.5,86.4781,86.4792,86.5442,-0.0661,-0.0651,0.0010
8162,999.7,382.9,86.4739,86.4749,86.5400,-0.0661,-0.0651,0.0010
8163,1000.0,351.8,86.4697,86.4707,86.5359,-0.0663,-0.0652,0.0010
8164,1000.8,383.0,86.4655,86.4665,86.5317,-0.0663,-0.0653,0.0010
8165,999.4,382.8,86.4612,86.4623,86.5276,-0.0664,-0.0653,0.0010
8166,1000.4,352.1,86.4570,86.4581,86.5231,-0.0660,-0.0650,0.0010
8167,999.5,380.0,86.4528,86.4539,86.5189,-0.0661,-0.0651,0.0010
8168,1000.5,392.6,86.4486,86.4497,86.5148,-0.0662,-0.0652,0.0010
8169,999.5,370.1,86.4444,86.4455,86.5107,-0.0663,-0.0653,0.0010
8170,1000.5,407.0,86.4402,86.4413,86.5064,-0.0662,-0.0652,0.0010
8171,999.6,404.7,86.4361,86.4371,86.5025,-0.0664,-0.0654,0.0011
8172,1000.3,327.6,86.4319,86.4329,86.4985,-0.0667,-0.0656,0.0011
8173,999.5,386.3,86.4277,86.4288,86.4945,-0.0668,-0.0657,0.0011
8174,1000.2,387.7,86.4235,86.4246,86.4901,-0.0665,-0.0655,0.0011
8175,1002.8,316.3,86.4194,86.4205,86.4859,-0.0665,-0.0654,0.0011
8176,998.4,378.1,86.4152,86.4163,86.4818,-0.0666,-0.0655,0.0011
8177,1002.1,383.8,86.4111,86.4122,86.4776,-0.0665,-0.0654,0.0011
8178,997.2,311.6,86.4070,86.4080,86.4732,-0.0662,-0.0652,0.0011
8179,1000.0,391.5,86.4028,86.4039,86.4692,-0.0664,-0.0653,0.0011
8180,1000.0,379.9,86.3987,86.3998,86.4653,-0.0666,-0.0655,0.0011
8181,1003.4,318.5,86.3946,86.3956,86.4614,-0.0669,-0.0658,0.0011
8182,997.4,384.4,86.3904,86.3915,86.4572,-0.0668,-0.0657,0.0011
8183,1002.1,378.9,86.3863,86.3874,86.4532,-0.0669,-0.0658,0.0011
8184,998.1,391.1,86.3822,86.3833,86.4491,-0.0669,-0.0658,0.0011
8185,998.8,380.4,86.3781,86.3792,86.4447,-0.0666,-0.0655,0.0011
8186,1000.2,377.7,86.3740,86.3751,86.4399,-0.0659,-0.0648,0.0011
8187,999.6,372.1,86.3700,86.3711,86.4354,-0.0654,-0.0643,0.0011
8188,1000.3,389.9,86.3659,86.3670,86.4307,-0.0649,-0.0638,0.0011
8189,999.4,377.2,86.3618,86.3629,86.4262,-0.0644,-0.0633,0.0011
8190,1000.5,375.7,86.3577,86.3588,86.4214,-0.0637,-0.0626,0.0011
8191,999.6,383.6,86.3537,86.3548,86.4169,-0.0633,-0.0622,0.0011
8192,999.7,355.1,86.3496,86.3507,86.4125,-0.0629,-0.0618,0.0011
8193,1003.9,389.2,86.3456,86.3467,86.4080,-0.0624,-0.0613,0.0011
8194,1000.4,413.4,86.3415,86.3426,86.4029,-0.0614,-0.0603,0.0011
8195,996.7,402.7,86.3375,86.3386,86.3981,-0.0606,-0.0595,0.0011
8196,1005.1,410.7,86.3334,86.3346,86.3932,-0.0598,-0.0587,0.0011
8197,994.7,401.3,86.3294,86.3306,86.3883,-0.0589,-0.0578,0.0011
8198,1000.7,343.3,86.3254,86.3265,86.3832,-0.0578,-0.0566,0.0011
8199,1000.8,388.5,86.3214,86.3225,86.3784,-0.0570,-0.0558,0.0011
8200,1005.5,378.0,86.3174,86.3185,86.3737,-0.0563,-0.0552,0.0011
8201,994.2,351.0,86.3134,86.3145,86.3693,-0.0559,-0.0547,0.0011
8202,998.0,382.5,86.3094,86.3105,86.3647,-0.0554,-0.0542,0.0011
8203,1000.2,372.4,86.3054,86.3065,86.3598,-0.0544,-0.0532,0.0011
8204,1000.0,333.1,86.3014,86.3026,86.3551,-0.0537,-0.0526,0.0012
8205,1000.0,382.5,86.2974,86.2986,86.3506,-0.0531,-0.0520,0.0012
8206,1000.5,381.1,86.2935,86.2946,86.3455,-0.0521,-0.0509,0.0012
8207,999.5,316.8,86.2895,86.2907,86.3412,-0.0517,-0.0505,0.0012
8208,1000.4,379.5,86.2855,86.2867,86.3370,-0.0515,-0.0503,0.0012
8209,999.6,380.7,86.2816,86.2827,86.3330,-0.0514,-0.0502,0.0012
8210,1006.1,322.4,86.2776,86.2788,86.3287,-0.0511,-0.0499,0.0012
8211,996.0,391.5,86.2737,86.2749,86.3248,-0.0511,-0.0500,0.0012
8212,1004.0,371.7,86.2698,86.2709,86.3209,-0.0511,-0.0500,0.0012
8213,995.5,376.8,86.2658,86.2670,86.3170,-0.0512,-0.0500,0.0012
8214,999.6,387.2,86.2619,86.2631,86.3128,-0.0509,-0.0497,0.0012
8215,999.9,378.8,86.2580,86.2592,86.3088,-0.0508,-0.0496,0.0012
8216,999.9,372.9,86.2541,86.2553,86.3048,-0.0507,-0.0495,0.0012
8217,1000.5,390.9,86.2502,86.2514,86.3009,-0.0507,-0.0495,0.0012
8218,1001.0,370.4,86.2463,86.2475,86.2968,-0.0505,-0.0493,0.0012
8219,998.0,386.3,86.2424,86.2436,86.2932,-0.0508,-0.0496,0.0012
8220,1003.2,422.7,86.2385,86.2397,86.2895,-0.0510,-0.0498,0.0012
8221,996.3,387.9,86.2346,86.2358,86.2858,-0.0512,-0.0500,0.0012
8222,999.9,397.1,86.2308,86.2320,86.2818,-0.0510,-0.0498,0.0012
8223,1000.1,397.9,86.2269,86.2281,86.2781,-0.0512,-0.0500,0.0012
8224,999.7,376.7,86.2230,86.2242,86.2745,-0.0514,-0.0502,0.0012
8225,1001.6,387.9,86.2192,86.2204,86.2709,-0.0518,-0.0505,0.0012
8226,998.7,388.5,86.2153,86.2165,86.2670,-0.0517,-0.0505,0.0012
8227,1001.8,342.9,86.2115,86.2127,86.2633,-0.0518,-0.0506,0.0012
8228,997.8,397.1,86.2076,86.2089,86.2596,-0.0519,-0.0507,0.0012
8229,1000.1,410.1,86.2038,86.2050,86.2559,-0.0521,-0.0508,0.0012
8230,1001.0,344.5,86.2000,86.2012,86.2521,-0.0521,-0.0509,0.0012
8231,1001.9,392.5,86.1962,86.1974,86.2483,-0.0521,-0.0508,0.0012
8232,998.7,392.7,86.1924,86.1936,86.2446,-0.0522,-0.0510,0.0012
8233,998.9,327.2,86.1886,86.1898,86.2410,-0.0524,-0.0512,0.0012
8234,1000.1,400.9,86.1848,86.1860,86.2374,-0.0526,-0.0513,0.0012
8235,1000.3,378.6,86.1810,86.1822,86.2336,-0.0527,-0.0514,0.0012
8236,1000.2,322.2,86.1772,86.1784,86.2297,-0.0525,-0.0512,0.0013
8237,1001.5,393.5,86.1734,86.1747,86.2260,-0.0526,-0.0514,0.0013
8238,998.5,381.3,86.1696,86.1709,86.2223,-0.0527,-0.0514,0.0013
8239,1000.4,317.6,86.1659,86.1671,86.2184,-0.0525,-0.0513,0.0013
8240,999.1,389.7,86.1621,86.1634,86.2150,-0.0528,-0.0516,0.0013
8241,1001.6,385.3,86.1584,86.1596,86.2117,-0.0533,-0.0521,0.0013
8242,997.9,379.2,86.1546,86.1559,86.2085,-0.0539,-0.0526,0.0013
8243,999.7,399.8,86.1509,86.1521,86.2052,-0.0544,-0.0531,0.0013
8244,1000.4,414.1,86.1471,86.1484,86.2023,-0.0552,-0.0539,0.0013
8245,1000.5,408.4,86.1434,86.1447,86.1994,-0.0560,-0.0547,0.0013
8246,999.7,413.1,86.1397,86.1410,86.1964,-0.0567,-0.0555,0.0013
8247,999.6,370.0,86.1360,86.1373,86.1932,-0.0572,-0.0559,0.0013
8248,1000.2,402.5,86.1323,86.1335,86.1902,-0.0579,-0.0567,0.0013
8249,1003.6,395.9,86.1286,86.1298,86.1870,-0.0585,-0.0572,0.0013
8250,999.3,365.4,86.1249,86.1262,86.1838,-0.0589,-0.0576,0.0013
8251,997.8,376.9,86.1212,86.1225,86.1801,-0.0589,-0.0576,0.0013
8252,1000.1,401.2,86.1175,86.1188,86.1766,-0.0591,-0.0578,0.0013
8253,1000.8,351.6,86.1138,86.1151,86.1732,-0.0594,-0.0581,0.0013
8254,1001.4,402.3,86.1101,86.1114,86.1698,-0.0597,-0.0584,0.0013
8255,999.4,391.8,86.1065,86.1078,86.1661,-0.0596,-0.0583,0.0013
8256,998.2,347.8,86.1028,86.1041,86.1627,-0.0599,-0.0585,0.0013
8257,1001.9,387.5,86.0992,86.1005,86.1594,-0.0602,-0.0589,0.0013
8258,997.3,373.5,86.0955,86.0968,86.1561,-0.0606,-0.0593,0.0013
8259,1000.2,332.5,86.0919,86.0932,86.1525,-0.0607,-0.0593,0.0013
8260,1002.1,384.9,86.0882,86.0896,86.1491,-0.0609,-0.0595,0.0013
8261,997.9,385.1,86.0846,86.0860,86.1453,-0.0607,-0.0593,0.0013
8262,999.6,315.9,86.0810,86.0823,86.1413,-0.0603,-0.0589,0.0013
8263,1000.0,384.3,86.0774,86.0787,86.1369,-0.0595,-0.0582,0.0013
8264,1000.2,387.7,86.0738,86.0751,86.1328,-0.0590,-0.0576,0.0013
8265,999.9,303.7,86.0702,86.0715,86.1288,-0.0586,-0.0572,0.0013
8266,1004.7,406.1,86.0666,86.0679,86.1248,-0.0583,-0.0569,0.0013
8267,998.8,385.1,86.0630,86.0644,86.1205,-0.0575,-0.0561,0.0014
8268,998.8,303.2,86.0594,86.0608,86.1165,-0.0570,-0.0557,0.0014
8269,998.9,412.0,86.0558,86.0572,86.1126,-0.0568,-0.0554,0.0014
8270,999.3,405.9,86.0523,86.0536,86.1088,-0.0565,-0.0551,0.0014
8271,1005.9,414.4,86.0487,86.0501,86.1047,-0.0560,-0.0546,0.0014
8272,996.2,400.3,86.0452,86.0465,86.1009,-0.0558,-0.0544,0.0014
8273,1000.4,383.1,86.0416,86.0430,86.0971,-0.0554,-0.0541,0.0014
8274,997.7,385.2,86.0381,86.0394,86.0931,-0.0550,-0.0536,0.0014
8275,999.6,402.0,86.0345,86.0359,86.0883,-0.0538,-0.0524,0.0014
8276,1000.3,382.0,86.0310,86.0324,86.0847,-0.0537,-0.0523,0.0014
8277,999.5,392.2,86.0275,86.0289,86.0812,-0.0537,-0.0523,0.0014
8278,999.9,389.4,86.0240,86.0254,86.0776,-0.0537,-0.0523,0.0014
8279,999.7,364.2,86.0205,86.0219,86.0745,-0.0541,-0.0527,0.0014
8280,1000.2,401.3,86.0170,86.0184,86.0715,-0.0545,-0.0531,0.0014
8281,1001.5,394.2,86.0135,86.0149,86.0684,-0.0549,-0.0535,0.0014
8282,998.5,348.6,86.0100,86.0114,86.0652,-0.0552,-0.0538,0.0014
8283,1000.0,381.2,86.0065,86.0079,86.0617,-0.0552,-0.0538,0.0014
8284,1000.1,389.7,86.0030,86.0044,86.0583,-0.0553,-0.0539,0.0014
8285,1000.2,353.3,85.9996,86.0010,86.0549,-0.0553,-0.0539,0.0014
8286,1001.4,390.7,85.9961,85.9975,86.0513,-0.0552,-0.0538,0.0014
8287,1000.3,392.2,85.9926,85.9940,86.0473,-0.0547,-0.0532,0.0014
8288,1000.5,337.6,85.9892,85.9906,86.0437,-0.0545,-0.0531,0.0014
8289,998.4,404.6,85.9857,85.9872,86.0400,-0.0543,-0.0529,0.0014
8290,999.7,390.5,85.9823,85.9837,86.0360,-0.0537,-0.0523,0.0014
8291,999.9,331.0,85.9789,85.9803,86.0360,-0.0571,-0.0557,0.0014
8292,1003.7,407.0,85.9755,85.9769,86.0322,-0.0568,-0.0554,0.0014
8293,999.9,396.5,85.9720,85.9735,86.0286,-0.0566,-0.0552,0.0014
8294,1000.9,369.2,85.9686,85.9701,86.0250,-0.0564,-0.0550,0.0014
8295,1001.8,435.0,85.9652,85.9667,86.0210,-0.0557,-0.0543,0.0014
8296,993.9,432.4,85.9618,85.9633,86.0170,-0.0552,-0.0537,0.0014
8297,1000.6,352.0,85.9584,85.9599,86.0129,-0.0545,-0.0530,0.0014
8298,1000.8,425.5,85.9551,85.9565,86.0087,-0.0536,-0.0522,0.0015
8299,998.1,413.3,85.9517,85.9531,86.0043,-0.0526,-0.0511,0.0015
8300,999.8,412.1,85.9483,85.9498,86.0003,-0.0519,-0.0505,0.0015
8301,1000.0,402.8,85.9449,85.9464,85.9963,-0.0514,-0.0499,0.0015
8302,999.8,383.8,85.9416,85.9431,85.9922,-0.0506,-0.0491,0.0015
8303,1000.0,382.3,85.9382,85.9397,85.9885,-0.0503,-0.0488,0.0015
8304,1000.2,416.3,85.9349,85.9364,85.9849,-0.0500,-0.0486,0.0015
8305,999.8,389.0,85.9316,85.9330,85.9813,-0.0497,-0.0482,0.0015
8306,1000.1,389.6,85.9282,85.9297,85.9773,-0.0491,-0.0476,0.0015
8307,1000.1,424.0,85.9249,85.9264,85.9735,-0.0486,-0.0471,0.0015
8308,999.8,358.2,85.9216,85.9231,85.9697,-0.0481,-0.0466,0.0015
8309,999.9,413.7,85.9183,85.9198,85.9660,-0.0477,-0.0462,0.0015
8310,1005.9,396.3,85.9150,85.9165,85.9623,-0.0473,-0.0458,0.0015
8311,995.5,365.0,85.9117,85.9132,85.9585,-0.0469,-0.0454,0.0015
8312,999.3,392.3,85.9084,85.9099,85.9554,-0.0470,-0.0455,0.0015
8313,1002.2,392.7,85.9051,85.9066,85.9523,-0.0472,-0.0457,0.0015
8314,1002.6,371.5,85.9018,85.9033,85.9492,-0.0474,-0.0458,0.0015
8315,995.2,396.5,85.8986,85.9001,85.9459,-0.0473,-0.0458,0.0015
8316,1000.8,400.0,85.8953,85.8968,85.9427,-0.0475,-0.0459,0.0015
8317,1000.8,341.3,85.8920,85.8936,85.9396,-0.0476,-0.0461,0.0015
8318,999.0,392.5,85.8888,85.8903,85.9366,-0.0478,-0.0463,0.0015
8319,1002.0,434.4,85.8855,85.8871,85.9333,-0.0477,-0.0462,0.0015
8320,1000.8,379.9,85.8823,85.8838,85.9301,-0.0478,-0.0463,0.0015
8321,998.0,402.4,85.8791,85.8806,85.9269,-0.0479,-0.0463,0.0015
8322,998.9,394.4,85.8759,85.8774,85.9233,-0.0475,-0.0459,0.0015
8323,999.4,311.2,85.8726,85.8742,85.9200,-0.0474,-0.0458,0.0015
8324,999.6,395.7,85.8694,85.8710,85.9166,-0.0472,-0.0457,0.0015
8325,1000.2,384.0,85.8662,85.8678,85.9133,-0.0470,-0.0455,0.0015
8326,999.7,311.8,85.8630,85.8646,85.9098,-0.0468,-0.0452,0.0015
8327,1000.3,389.5,85.8599,85.8614,85.9069,-0.0471,-0.0455,0.0015
8328,999.5,381.0,85.8567,85.8582,85.9043,-0.0476,-0.0460,0.0016
8329,1000.4,393.9,85.8535,85.8551,85.9016,-0.0482,-0.0466,0.0016
8330,999.9,397.2,85.8503,85.8519,85.8985,-0.0482,-0.0467,0.0016
8331,1000.1,387.5,85.8472,85.8487,85.8954,-0.0482,-0.0466,0.0016
8332,999.6,385.2,85.8440,85.8456,85.8922,-0.0482,-0.0466,0.0016
8333,1000.3,388.7,85.8409,85.8424,85.8888,-0.0480,-0.0464,0.0016
8334,999.8,377.6,85.8377,85.8393,85.8855,-0.0477,-0.0462,0.0016
8335,1006.4,391.5,85.8346,85.8362,85.8817,-0.0471,-0.0455,0.0016
8336,1001.3,404.4,85.8315,85.8330,85.8786,-0.0471,-0.0455,0.0016
8337,993.6,369.9,85.8283,85.8299,85.8756,-0.0473,-0.0457,0.0016
8338,1002.3,399.0,85.8252,85.8268,85.8726,-0.0474,-0.0458,0.0016
8339,998.0,405.5,85.8221,85.8237,85.8691,-0.0469,-0.0453,0.0016
8340,999.1,353.6,85.8190,85.8206,85.8658,-0.0468,-0.0452,0.0016
8341,1002.5,390.1,85.8159,85.8175,85.8626,-0.0466,-0.0450,0.0016
8342,998.4,406.4,85.8128,85.8144,85.8595,-0.0466,-0.0450,0.0016
8343,1003.7,354.4,85.8098,85.8114,85.8561,-0.0464,-0.0448,0.0016
8344,995.9,404.4,85.8067,85.8083,85.8529,-0.0462,-0.0446,0.0016
8345,1003.1,424.8,85.8036,85.8052,85.8496,-0.0460,-0.0444,0.0016
8346,996.3,373.2,85.8006,85.8022,85.8462,-0.0456,-0.0440,0.0016
8347,999.3,396.3,85.7975,85.7991,85.8425,-0.0450,-0.0434,0.0016
8348,1000.5,383.5,85.7945,85.7961,85.8391,-0.0446,-0.0430,0.0016
8349,999.7,322.6,85.7914,85.7931,85.8358,-0.0443,-0.0427,0.0016
8350,1000.5,395.0,85.7884,85.7900,85.8325,-0.0441,-0.0424,0.0016
8351,999.4,391.1,85.7854,85.7870,85.8289,-0.0435,-0.0419,0.0016
8352,1000.4,330.8,85.7824,85.7840,85.8258,-0.0435,-0.0418,0.0016
8353,1001.2,389.8,85.7794,85.7810,85.8228,-0.0435,-0.0418,0.0016
8354,999.0,391.8,85.7764,85.7780,85.8198,-0.0435,-0.0418,0.0016
8355,999.1,301.3,85.7734,85.7750,85.8167,-0.0434,-0.0417,0.0016
8356,1000.6,399.8,85.7704,85.7720,85.8138,-0.0434,-0.0418,0.0016
8357,999.7,390.9,85.7674,85.7690,85.8108,-0.0434,-0.0417,0.0017
8358,1001.6,399.1,85.7644,85.7661,85.8077,-0.0433,-0.0416,0.0017
8359,1001.1,406.7,85.7614,85.7631,85.8044,-0.0430,-0.0413,0.0017
8360,999.3,383.7,85.7585,85.7602,85.8014,-0.0429,-0.0412,0.0017
8361,1002.6,387.8,85.7555,85.7572,85.7984,-0.0428,-0.0412,0.0017
8362,999.1,409.8,85.7526,85.7543,85.7952,-0.0427,-0.0410,0.0017
8363,998.3,372.0,85.7496,85.7513,85.7919,-0.0423,-0.0406,0.0017
8364,999.9,398.7,85.7467,85.7484,85.7889,-0.0422,-0.0405,0.0017
8365,998.6,392.0,85.7438,85.7455,85.7860,-0.0422,-0.0405,0.0017
8366,999.3,365.5,85.7409,85.7426,85.7829,-0.0421,-0.0404,0.0017
8367,1000.4,391.4,85.7380,85.7396,85.7795,-0.0415,-0.0399,0.0017
8368,999.6,396.0,85.7351,85.7367,85.7765,-0.0414,-0.0397,0.0017
8369,1000.0,377.6,85.7322,85.7338,85.7735,-0.0413,-0.0396,0.0017
8370,1000.0,424.2,85.7293,85.7310,85.7705,-0.0412,-0.0395,0.0017
8371,1000.4,414.4,85.7264,85.7281,85.7671,-0.0407,-0.0390,0.0017
8372,999.6,347.5,85.7235,85.7252,85.7637,-0.0402,-0.0385,0.0017
8373,1000.1,404.3,85.7206,85.7223,85.7604,-0.0398,-0.0381,0.0017
8374,1000.3,400.9,85.7178,85.7195,85.7572,-0.0394,-0.0377,0.0017
8375,999.5,325.3,85.7149,85.7166,85.7538,-0.0389,-0.0371,0.0017
8376,999.8,387.5,85.7121,85.7138,85.7507,-0.0386,-0.0369,0.0017
8377,1001.0,391.4,85.7092,85.7109,85.7474,-0.0382,-0.0365,0.0017
8378,1002.7,328.8,85.7064,85.7081,85.7442,-0.0378,-0.0361,0.0017
8379,999.8,402.6,85.7036,85.7053,85.7408,-0.0372,-0.0355,0.0017
8380,1000.1,428.5,85.7007,85.7025,85.7377,-0.0370,-0.0352,0.0017
8381,1001.6,360.3,85.6979,85.6997,85.7345,-0.0366,-0.0349,0.0017
8382,995.7,416.8,85.6951,85.6969,85.7314,-0.0363,-0.0346,0.0017
8383,1001.6,418.8,85.6923,85.6941,85.7281,-0.0357,-0.0340,0.0017
8384,999.8,331.3,85.6895,85.6913,85.7249,-0.0354,-0.0337,0.0017
8385,1001.3,409.4,85.6867,85.6885,85.7218,-0.0351,-0.0333,0.0018
8386,997.0,391.2,85.6840,85.6857,85.7187,-0.0348,-0.0330,0.0018
8387,1000.0,390.2,85.6812,85.6829,85.7155,-0.0343,-0.0325,0.0018
8388,999.5,397.3,85.6784,85.6802,85.7126,-0.0341,-0.0324,0.0018
8389,1000.6,412.5,85.6757,85.6774,85.7096,-0.0340,-0.0322,0.0018
8390,999.9,389.6,85.6729,85.6747,85.7067,-0.0338,-0.0320,0.0018
8391,999.5,398.8,85.6702,85.6719,85.7038,-0.0337,-0.0319,0.0018
8392,1000.0,370.8,85.6674,85.6692,85.7013,-0.0338,-0.0321,0.0018
8393,1000.1,381.4,85.6647,85.6665,85.6988,-0.0341,-0.0323,0.0018
8394,1000.0,401.4,85.6620,85.6638,85.6964,-0.0344,-0.0326,0.0018
8395,1000.8,418.4,85.6593,85.6611,85.6938,-0.0345,-0.0328,0.0018
8396,1004.9,412.7,85.6566,85.6584,85.6915,-0.0349,-0.0331,0.0018
8397,997.1,403.6,85.6539,85.6557,85.6892,-0.0354,-0.0336,0.0018
8398,1000.3,370.3,85.6512,85.6530,85.6870,-0.0358,-0.0340,0.0018
8399,998.7,405.4,85.6485,85.6503,85.6847,-0.0362,-0.0344,0.0018
8400,1002.4,396.3,85.6458,85.6476,85.6825,-0.0367,-0.0349,0.0018
8401,998.2,355.2,85.6431,85.6449,85.6801,-0.0370,-0.0352,0.0018
8402,999.7,404.4,85.6405,85.6423,85.6776,-0.0372,-0.0353,0.0018
8403,998.2,385.2,85.6378,85.6396,85.6747,-0.0369,-0.0351,0.0018
8404,999.5,336.4,85.6352,85.6370,85.6720,-0.0368,-0.0350,0.0018
8405,1000.3,397.4,85.6325,85.6343,85.6693,-0.0368,-0.0350,0.0018
8406,1000.0,405.7,85.6299,85.6317,85.6668,-0.0369,-0.0351,0.0018
8407,1000.0,329.9,85.6273,85.6291,85.6641,-0.0368,-0.0350,0.0018
8408,999.6,392.9,85.6246,85.6265,85.6616,-0.0369,-0.0351,0.0018
8409,1000.1,391.2,85.6220,85.6239,85.6591,-0.0371,-0.0353,0.0018
8410,1000.1,314.4,85.6194,85.6213,85.6568,-0.0374,-0.0356,0.0018
8411,1000.0,397.8,85.6168,85.6187,85.6542,-0.0374,-0.0355,0.0018
8412,999.9,393.6,85.6142,85.6161,85.6517,-0.0375,-0.0357,0.0018
8413,1000.6,311.2,85.6116,85.6135,85.6493,-0.0376,-0.0358,0.0019
8414,1001.3,411.5,85.6091,85.6109,85.6469,-0.0378,-0.0360,0.0019
8415,1000.5,395.0,85.6065,85.6083,85.6442,-0.0377,-0.0359,0.0019
8416,1000.0,314.7,85.6039,85.6058,85.6417,-0.0378,-0.0359,0.0019
8417,1001.3,407.8,85.6014,85.6032,85.6392,-0.0378,-0.0360,0.0019
8418,998.9,389.6,85.5988,85.6007,85.6367,-0.0379,-0.0360,0.0019
8419,1000.3,418.4,85.5963,85.5981,85.6339,-0.0376,-0.0358,0.0019
8420,999.3,427.7,85.5937,85.5956,85.6312,-0.0375,-0.0356,0.0019
8421,998.5,410.9,85.5912,85.5931,85.6286,-0.0374,-0.0355,0.0019
8422,999.4,406.4,85.5887,85.5906,85.6260,-0.0373,-0.0354,0.0019
8423,1000.7,402.7,85.5862,85.5881,85.6232,-0.0371,-0.0352,0.0019
8424,999.5,367.6,85.5837,85.5856,85.6206,-0.0369,-0.0351,0.0019
8425,1000.0,393.1,85.5812,85.5831,85.6181,-0.0369,-0.0350,0.0019
8426,999.9,401.3,85.5787,85.5806,85.6158,-0.0371,-0.0352,0.0019
8427,1000.2,353.6,85.5762,85.5781,85.6134,-0.0372,-0.0353,0.0019
8428,999.4,393.7,85.5737,85.5756,85.6114,-0.0376,-0.0357,0.0019
8429,1000.2,401.8,85.5712,85.5732,85.6093,-0.0380,-0.0361,0.0019
8430,1000.1,340.7,85.5688,85.5707,85.6073,-0.0385,-0.0366,0.0019
8431,1000.1,394.0,85.5663,85.5682,85.6051,-0.0388,-0.0369,0.0019
8432,999.9,412.2,85.5639,85.5658,85.6028,-0.0389,-0.0370,0.0019
8433,1001.9,338.2,85.5614,85.5634,85.6006,-0.0391,-0.0372,0.0019
8434,1000.4,410.6,85.5590,85.5609,85.5983,-0.0393,-0.0374,0.0019
8435,1000.6,391.2,85.5566,85.5585,85.5958,-0.0392,-0.0373,0.0019
8436,1000.6,345.7,85.5542,85.5561,85.5934,-0.0392,-0.0373,0.0019
8437,998.6,412.0,85.5518,85.5537,85.5909,-0.0392,-0.0372,0.0019
8438,1000.1,410.8,85.5493,85.5513,85.5883,-0.0389,-0.0370,0.0019
8439,1000.3,339.6,85.5469,85.5489,85.5852,-0.0382,-0.0363,0.0019
8440,1000.9,406.6,85.5446,85.5465,85.5830,-0.0384,-0.0364,0.0019
8441,998.7,394.6,85.5422,85.5441,85.5809,-0.0388,-0.0368,0.0020
8442,997.9,311.3,85.5398,85.5418,85.5791,-0.0393,-0.0373,0.0020
8443,1000.2,397.1,85.5374,85.5394,85.5772,-0.0398,-0.0378,0.0020
8444,999.9,436.9,85.5351,85.5370,85.5754,-0.0403,-0.0383,0.0020
8445,1000.1,347.8,85.5327,85.5347,85.5735,-0.0408,-0.0388,0.0020
8446,1000.1,440.8,85.5304,85.5323,85.5712,-0.0409,-0.0389,0.0020
8447,999.9,423.8,85.5280,85.5300,85.5692,-0.0412,-0.0392,0.0020
8448,999.6,424.8,85.5257,85.5277,85.5671,-0.0414,-0.0395,0.0020
8449,1000.3,427.3,85.5234,85.5254,85.5651,-0.0417,-0.0397,0.0020
8450,999.9,406.5,85.5211,85.5230,85.5630,-0.0419,-0.0399,0.0020
8451,1000.0,407.8,85.5188,85.5207,85.5605,-0.0417,-0.0398,0.0020
8452,1004.2,410.6,85.5165,85.5184,85.5583,-0.0418,-0.0398,0.0020
8453,998.0,377.6,85.5142,85.5162,85.5561,-0.0420,-0.0400,0.0020
8454,1002.0,417.6,85.5119,85.5139,85.5539,-0.0420,-0.0400,0.0020
8455,997.3,405.7,85.5096,85.5116,85.5539,-0.0443,-0.0423,0.0020
8456,1002.2,410.7,85.5073,85.5093,85.5514,-0.0441,-0.0421,0.0020
8457,999.2,429.5,85.5051,85.5071,85.5490,-0.0440,-0.0420,0.0020
8458,999.6,422.2,85.5028,85.5048,85.5465,-0.0437,-0.0417,0.0020
8459,997.9,369.7,85.5005,85.5026,85.5436,-0.0431,-0.0410,0.0020
8460,999.8,408.8,85.4983,85.5003,85.5408,-0.0425,-0.0404,0.0020
8461,1000.0,403.4,85.4961,85.4981,85.5380,-0.0419,-0.0399,0.0020
8462,999.5,332.2,85.4938,85.4959,85.5354,-0.0415,-0.0395,0.0020
8463,1000.3,399.3,85.4916,85.4936,85.5326,-0.0410,-0.0389,0.0020
8464,1000.2,397.0,85.4894,85.4914,85.5300,-0.0406,-0.0386,0.0020
8465,999.9,327.2,85.4872,85.4892,85.5275,-0.0403,-0.0383,0.0020
8466,1000.0,392.5,85.4850,85.4870,85.5250,-0.0400,-0.0379,0.0020
8467,1000.2,397.1,85.4828,85.4849,85.5221,-0.0393,-0.0372,0.0020
8468,999.7,312.2,85.4806,85.4827,85.5194,-0.0388,-0.0367,0.0021
8469,1004.5,418.3,85.4784,85.4805,85.5168,-0.0383,-0.0363,0.0021
8470,996.4,446.3,85.4763,85.4783,85.5142,-0.0379,-0.0359,0.0021
8471,1003.6,352.3,85.4741,85.4762,85.5114,-0.0373,-0.0353,0.0021
8472,997.4,423.1,85.4720,85.4740,85.5088,-0.0369,-0.0348,0.0021
8473,1002.9,403.2,85.4698,85.4719,85.5060,-0.0362,-0.0342,0.0021
8474,1004.4,329.5,85.4677,85.4697,85.5033,-0.0356,-0.0335,0.0021
8475,993.1,411.5,85.4655,85.4676,85.5003,-0.0348,-0.0327,0.0021
8476,1000.5,403.1,85.4634,85.4655,85.4975,-0.0341,-0.0320,0.0021
8477,997.8,409.9,85.4613,85.4634,85.4948,-0.0335,-0.0314,0.0021
8478,999.6,400.7,85.4592,85.4613,85.4922,-0.0330,-0.0309,0.0021
8479,1000.0,380.0,85.4571,85.4592,85.4896,-0.0325,-0.0304,0.0021
8480,1000.2,391.6,85.4550,85.4571,85.4872,-0.0322,-0.0301,0.0021
8481,999.9,403.3,85.4529,85.4550,85.4848,-0.0319,-0.0298,0.0021
8482,999.7,363.4,85.4508,85.4529,85.4823,-0.0315,-0.0294,0.0021
8483,1000.2,392.0,85.4488,85.4509,85.4797,-0.0310,-0.0289,0.0021
8484,1000.1,405.4,85.4467,85.4488,85.4773,-0.0306,-0.0285,0.0021
8485,1000.1,354.3,85.4446,85.4467,85.4749,-0.0302,-0.0281,0.0021
8486,1000.0,392.0,85.4426,85.4447,85.4722,-0.0296,-0.0275,0.0021
8487,1000.0,407.0,85.4405,85.4427,85.4696,-0.0290,-0.0269,0.0021
8488,1003.4,366.8,85.4385,85.4406,85.4669,-0.0284,-0.0263,0.0021
8489,997.0,414.2,85.4365,85.4386,85.4642,-0.0278,-0.0256,0.0021
8490,1003.8,407.6,85.4345,85.4366,85.4615,-0.0270,-0.0249,0.0021
8491,997.3,354.0,85.4324,85.4346,85.4590,-0.0266,-0.0244,0.0021
8492,1002.3,424.5,85.4304,85.4326,85.4567,-0.0263,-0.0241,0.0021
8493,997.8,408.6,85.4284,85.4306,85.4546,-0.0262,-0.0240,0.0021
8494,1001.1,385.0,85.4264,85.4286,85.4523,-0.0259,-0.0237,0.0021
8495,999.6,449.6,85.4245,85.4266,85.4501,-0.0257,-0.0235,0.0022
8496,1001.7,411.6,85.4225,85.4246,85.4479,-0.0255,-0.0233,0.0022
8497,997.1,325.3,85.4205,85.4227,85.4458,-0.0252,-0.0231,0.0022
8498,998.7,422.3,85.4186,85.4207,85.4435,-0.0249,-0.0227,0.0022
8499,1000.8,401.7,85.4166,85.4188,85.4413,-0.0247,-0.0226,0.0022
8500,999.5,311.4,85.4147,85.4168,85.4393,-0.0247,-0.0225,0.0022
8501,1000.5,418.2,85.4127,85.4149,85.4374,-0.0246,-0.0225,0.0022
8502,999.2,396.4,85.4108,85.4130,85.4351,-0.0243,-0.0221,0.0022
8503,1000.8,240.7,85.4089,85.4111,85.4330,-0.0241,-0.0219,0.0022
8504,999.4,409.8,85.4070,85.4091,85.4308,-0.0239,-0.0217,0.0022
8505,1000.5,384.1,85.4050,85.4072,85.4286,-0.0236,-0.0214,0.0022
8506,999.6,404.8,85.4031,85.4053,85.4262,-0.0231,-0.0209,0.0022
8507,1004.3,415.7,85.4013,85.4035,85.4241,-0.0228,-0.0206,0.0022
8508,999.7,386.4,85.3994,85.4016,85.4218,-0.0225,-0.0203,0.0022
8509,999.5,412.1,85.3975,85.3997,85.4196,-0.0221,-0.0199,0.0022
8510,1001.0,408.9,85.3956,85.3978,85.4175,-0.0219,-0.0197,0.0022
8511,997.8,385.0,85.3938,85.3960,85.4153,-0.0215,-0.0193,0.0022
8512,1000.1,405.1,85.3919,85.3941,85.4133,-0.0214,-0.0192,0.0022
8513,999.9,417.6,85.3901,85.3923,85.4113,-0.0213,-0.0190,0.0022
8514,1000.2,367.9,85.3882,85.3904,85.4091,-0.0209,-0.0187,0.0022
8515,997.4,401.8,85.3864,85.3886,85.4071,-0.0207,-0.0185,0.0022
8516,1000.0,410.9,85.3846,85.3868,85.4053,-0.0207,-0.0185,0.0022
8517,1000.3,350.8,85.3827,85.3850,85.4035,-0.0207,-0.0185,0.0022
8518,999.3,403.4,85.3809,85.3832,85.4016,-0.0207,-0.0184,0.0022
8519,1000.3,434.2,85.3791,85.3814,85.3999,-0.0208,-0.0186,0.0022
8520,999.9,388.5,85.3773,85.3796,85.3982,-0.0209,-0.0186,0.0022
8521,1000.2,409.9,85.3755,85.3778,85.3965,-0.0210,-0.0187,0.0023
8522,999.5,411.0,85.3738,85.3760,85.3946,-0.0209,-0.0186,0.0023
8523,1000.3,329.5,85.3720,85.3743,85.3928,-0.0208,-0.0186,0.0023
8524,1000.2,412.2,85.3702,85.3725,85.3910,-0.0208,-0.0185,0.0023
8525,1001.8,401.3,85.3685,85.3707,85.3891,-0.0207,-0.0184,0.0023
8526,1000.2,339.7,85.3667,85.3690,85.3871,-0.0204,-0.0181,0.0023
8527,1000.5,413.2,85.3650,85.3673,85.3852,-0.0202,-0.0179,0.0023
8528,1001.0,399.5,85.3633,85.3655,85.3832,-0.0199,-0.0177,0.0023
8529,998.4,344.9,85.3615,85.3638,85.3812,-0.0196,-0.0174,0.0023
8530,1000.5,406.8,85.3598,85.3621,85.3791,-0.0193,-0.0170,0.0023
8531,1000.3,410.7,85.3581,85.3604,85.3771,-0.0190,-0.0168,0.0023
8532,997.2,303.9,85.3564,85.3587,85.3752,-0.0188,-0.0165,0.0023
8533,1000.0,432.9,85.3547,85.3570,85.3734,-0.0187,-0.0164,0.0023
8534,999.9,413.8,85.3530,85.3553,85.3716,-0.0186,-0.0163,0.0023
8535,1002.4,429.9,85.3513,85.3536,85.3698,-0.0185,-0.0162,0.0023
8536,998.8,421.5,85.3497,85.3520,85.3681,-0.0184,-0.0161,0.0023
8537,1002.4,390.9,85.3480,85.3503,85.3664,-0.0184,-0.0161,0.0023
8538,996.6,395.9,85.3463,85.3486,85.3647,-0.0184,-0.0161,0.0023
8539,999.8,406.9,85.3447,85.3470,85.3629,-0.0182,-0.0159,0.0023
8540,1000.1,371.4,85.3430,85.3454,85.3612,-0.0181,-0.0158,0.0023
8541,1000.1,393.6,85.3414,85.3437,85.3595,-0.0181,-0.0158,0.0023
8542,999.7,414.3,85.3398,85.3421,85.3580,-0.0182,-0.0159,0.0023
8543,1000.1,352.6,85.3382,85.3405,85.3565,-0.0183,-0.0160,0.0023
8544,1004.9,413.7,85.3365,85.3389,85.3551,-0.0185,-0.0162,0.0023
8545,997.7,441.4,85.3349,85.3373,85.3537,-0.0188,-0.0164,0.0023
8546,1000.7,400.8,85.3333,85.3357,85.3522,-0.0189,-0.0165,0.0023
8547,998.1,426.7,85.3318,85.3341,85.3506,-0.0189,-0.0165,0.0023
8548,1004.0,430.4,85.3302,85.3325,85.3491,-0.0190,-0.0166,0.0024
8549,995.5,364.0,85.3286,85.3310,85.3476,-0.0190,-0.0166,0.0024
8550,1003.1,411.6,85.3270,85.3294,85.3461,-0.0191,-0.0167,0.0024
8551,997.0,414.2,85.3255,85.3278,85.3445,-0.0191,-0.0167,0.0024
8552,1003.4,344.6,85.3239,85.3263,85.3431,-0.0192,-0.0168,0.0024
8553,996.5,403.9,85.3224,85.3247,85.3415,-0.0191,-0.0167,0.0024
8554,999.2,405.3,85.3208,85.3232,85.3399,-0.0190,-0.0166,0.0024
8555,1000.4,317.4,85.3193,85.3217,85.3382,-0.0189,-0.0165,0.0024
8556,999.6,398.0,85.3178,85.3202,85.3367,-0.0190,-0.0166,0.0024
8557,1000.5,402.4,85.3163,85.3187,85.3354,-0.0191,-0.0167,0.0024
8558,999.2,305.3,85.3148,85.3172,85.3340,-0.0192,-0.0168,0.0024
8559,1000.8,410.9,85.3133,85.3157,85.3325,-0.0192,-0.0168,0.0024
8560,999.3,394.8,85.3118,85.3142,85.3311,-0.0194,-0.0170,0.0024
8561,1000.5,306.3,85.3103,85.3127,85.3299,-0.0196,-0.0172,0.0024
8562,999.4,405.7,85.3088,85.3112,85.3287,-0.0199,-0.0175,0.0024
8563,1006.3,403.9,85.3074,85.3098,85.3275,-0.0201,-0.0177,0.0024
8564,996.4,415.0,85.3059,85.3083,85.3263,-0.0204,-0.0180,0.0024
8565,1001.0,417.7,85.3045,85.3069,85.3251,-0.0206,-0.0182,0.0024
8566,998.7,395.1,85.3030,85.3054,85.3238,-0.0208,-0.0184,0.0024
8567,1001.8,402.0,85.3016,85.3040,85.3226,-0.0211,-0.0186,0.0024
8568,998.4,420.2,85.3001,85.3026,85.3216,-0.0215,-0.0190,0.0024
8569,1001.9,416.2,85.2987,85.3012,85.3207,-0.0219,-0.0195,0.0024
8570,997.6,426.5,85.2973,85.2997,85.3197,-0.0224,-0.0200,0.0024
8571,999.0,431.3,85.2959,85.2983,85.3188,-0.0229,-0.0204,0.0024
8572,998.9,373.0,85.2945,85.2970,85.3178,-0.0233,-0.0208,0.0024
8573,1000.8,418.7,85.2931,85.2956,85.3167,-0.0236,-0.0212,0.0024
8574,999.5,412.8,85.2917,85.2942,85.3157,-0.0240,-0.0215,0.0025
8575,1000.4,346.5,85.2904,85.2928,85.3145,-0.0242,-0.0217,0.0025
8576,999.4,403.0,85.2890,85.2915,85.3131,-0.0242,-0.0217,0.0025
8577,1001.7,411.8,85.2876,85.2901,85.3120,-0.0244,-0.0219,0.0025
8578,998.2,340.5,85.2863,85.2888,85.3109,-0.0246,-0.0222,0.0025
8579,1001.0,419.8,85.2849,85.2874,85.3099,-0.0249,-0.0225,0.0025
8580,999.3,414.4,85.2836,85.2861,85.3087,-0.0251,-0.0227,0.0025
8581,1001.7,349.9,85.2823,85.2848,85.3076,-0.0254,-0.0229,0.0025
8582,1001.1,425.5,85.2810,85.2834,85.3064,-0.0255,-0.0230,0.0025
8583,999.8,402.4,85.2796,85.2821,85.3052,-0.0255,-0.0231,0.0025
8584,1000.6,339.5,85.2783,85.2808,85.3039,-0.0256,-0.0231,0.0025
8585,999.7,414.1,85.2770,85.2795,85.3025,-0.0254,-0.0229,0.0025
8586,999.7,409.2,85.2758,85.2782,85.3011,-0.0254,-0.0229,0.0025
8587,1000.8,330.3,85.2745,85.2770,85.2996,-0.0252,-0.0227,0.0025
8588,996.9,404.8,85.2732,85.2757,85.2982,-0.0250,-0.0225,0.0025
8589,999.4,403.4,85.2719,85.2744,85.2968,-0.0249,-0.0224,0.0025
8590,1000.3,243.8,85.2707,85.2732,85.2954,-0.0248,-0.0222,0.0025
8591,999.9,414.8,85.2694,85.2719,85.2941,-0.0247,-0.0221,0.0025
8592,999.5,386.3,85.2682,85.2707,85.2925,-0.0244,-0.0219,0.0025
8593,1000.4,242.1,85.2669,85.2695,85.2911,-0.0242,-0.0217,0.0025
8594,999.9,417.0,85.2657,85.2682,85.2897,-0.0240,-0.0215,0.0025
8595,1000.0,409.2,85.2645,85.2670,85.2884,-0.0239,-0.0214,0.0025
8596,999.8,429.1,85.2633,85.2658,85.2870,-0.0238,-0.0212,0.0025
8597,1000.2,421.9,85.2621,85.2646,85.2858,-0.0237,-0.0212,0.0025
8598,999.6,368.3,85.2609,85.2634,85.2845,-0.0236,-0.0211,0.0025
8599,1000.4,414.2,85.2597,85.2622,85.2832,-0.0235,-0.0209,0.0025
8600,1001.7,415.1,85.2585,85.2611,85.2816,-0.0231,-0.0206,0.0026
8601,999.9,378.7,85.2573,85.2599,85.2802,-0.0228,-0.0203,0.0026
8602,1002.0,413.8,85.2562,85.2587,85.2787,-0.0225,-0.0200,0.0026
8603,1001.4,486.3,85.2550,85.2576,85.2772,-0.0222,-0.0197,0.0026
8604,1000.2,409.6,85.2539,85.2564,85.2757,-0.0218,-0.0193,0.0026
8605,995.1,407.4,85.2527,85.2553,85.2744,-0.0217,-0.0191,0.0026
8606,999.5,411.1,85.2516,85.2542,85.2733,-0.0217,-0.0191,0.0026
8607,1000.0,338.7,85.2505,85.2530,85.2721,-0.0216,-0.0191,0.0026
8608,999.7,405.6,85.2493,85.2519,85.2709,-0.0215,-0.0189,0.0026
8609,1000.4,435.8,85.2482,85.2508,85.2697,-0.0214,-0.0188,0.0026
8610,999.8,343.4,85.2471,85.2497,85.2683,-0.0212,-0.0186,0.0026
8611,1000.1,426.9,85.2460,85.2486,85.2670,-0.0210,-0.0184,0.0026
8612,999.9,427.8,85.2449,85.2475,85.2655,-0.0206,-0.0180,0.0026
8613,1000.1,321.8,85.2439,85.2465,85.2641,-0.0203,-0.0177,0.0026
8614,1000.2,418.3,85.2428,85.2454,85.2629,-0.0201,-0.0175,0.0026
8615,999.9,400.7,85.2417,85.2443,85.2615,-0.0198,-0.0172,0.0026
8616,999.8,319.8,85.2407,85.2433,85.2600,-0.0193,-0.0167,0.0026
8617,1000.3,406.7,85.2396,85.2422,85.2585,-0.0189,-0.0162,0.0026
8618,999.6,394.3,85.2386,85.2412,85.2570,-0.0184,-0.0158,0.0026
8619,1000.4,342.5,85.2375,85.2402,85.2555,-0.0179,-0.0153,0.0026
8620,1000.7,461.1,85.2365,85.2391,85.2539,-0.0174,-0.0148,0.0026
8621,1003.0,419.4,85.2355,85.2381,85.2524,-0.0169,-0.0143,0.0026
8622,997.9,411.5,85.2345,85.2371,85.2509,-0.0164,-0.0138,0.0026
8623,1006.2,416.3,85.2335,85.2361,85.2495,-0.0160,-0.0134,0.0026
8624,996.1,396.6,85.2325,85.2351,85.2495,-0.0170,-0.0144,0.0026
8625,999.8,407.1,85.2315,85.2342,85.2481,-0.0166,-0.0139,0.0027
8626,999.5,420.9,85.2305,85.2332,85.2468,-0.0163,-0.0136,0.0027
8627,999.8,386.1,85.2296,85.2322,85.2457,-0.0162,-0.0135,0.0027
8628,999.8,409.4,85.2286,85.2313,85.2445,-0.0159,-0.0132,0.0027
8629,999.8,426.0,85.2276,85.2303,85.2432,-0.0155,-0.0129,0.0027
8630,1000.2,370.5,85.2267,85.2294,85.2419,-0.0152,-0.0126,0.0027
8631,1000.1,409.6,85.2257,85.2284,85.2406,-0.0149,-0.0122,0.0027
8632,1000.0,424.1,85.2248,85.2275,85.2393,-0.0145,-0.0118,0.0027
8633,998.5,355.6,85.2239,85.2266,85.2380,-0.0141,-0.0115,0.0027
8634,999.2,426.9,85.2230,85.2257,85.2367,-0.0138,-0.0111,0.0027
8635,1011.6,497.6,85.2221,85.2248,85.2355,-0.0135,-0.0108,0.0027
8636,992.0,371.5,85.2212,85.2239,85.2343,-0.0131,-0.0104,0.0027
8637,996.2,410.8,85.2203,85.2230,85.2331,-0.0128,-0.0101,0.0027
8638,999.4,401.9,85.2194,85.2221,85.2319,-0.0125,-0.0098,0.0027
8639,1000.1,340.5,85.2185,85.2212,85.2307,-0.0122,-0.0095,0.0027
8640,1000.0,407.4,85.2176,85.2203,85.2294,-0.0117,-0.0090,0.0027
8641,1000.1,411.2,85.2168,85.2195,85.2282,-0.0114,-0.0087,0.0027
8642,999.9,333.6,85.2159,85.2186,85.2270,-0.0111,-0.0084,0.0027
8643,1000.0,418.1,85.2151,85.2178,85.2259,-0.0108,-0.0081,0.0027
8644,1000.2,448.6,85.2142,85.2170,85.2247,-0.0104,-0.0077,0.0027
8645,1000.2,366.7,85.2134,85.2161,85.2236,-0.0102,-0.0075,0.0027
8646,1003.1,437.3,85.2126,85.2153,85.2225,-0.0099,-0.0072,0.0027
8647,999.5,409.4,85.2118,85.2145,85.2214,-0.0096,-0.0069,0.0027
8648,999.4,251.7,85.2110,85.2137,85.2203,-0.0093,-0.0066,0.0027
8649,1000.5,420.9,85.2102,85.2129,85.2192,-0.0090,-0.0063,0.0027
8650,999.9,399.1,85.2094,85.2121,85.2181,-0.0087,-0.0060,0.0027
8651,998.5,262.7,85.2086,85.2113,85.2171,-0.0085,-0.0057,0.0028
8652,1004.2,496.5,85.2078,85.2106,85.2159,-0.0081,-0.0053,0.0028
8653,1006.2,427.1,85.2070,85.2098,85.2149,-0.0078,-0.0051,0.0028
8654,988.4,428.6,85.2063,85.2090,85.2140,-0.0077,-0.0049,0.0028
8655,999.9,415.8,85.2055,85.2083,85.2130,-0.0075,-0.0047,0.0028
8656,1000.2,384.4,85.2048,85.2076,85.2120,-0.0072,-0.0044,0.0028
8657,999.9,409.9,85.2041,85.2068,85.2111,-0.0071,-0.0043,0.0028
8658,1000.1,425.6,85.2033,85.2061,85.2103,-0.0070,-0.0042,0.0028
8659,1000.1,375.2,85.2026,85.2054,85.2094,-0.0068,-0.0040,0.0028
8660,1003.1,411.3,85.2019,85.2047,85.2085,-0.0066,-0.0038,0.0028
8661,1000.0,422.8,85.2012,85.2040,85.2076,-0.0064,-0.0037,0.0028
8662,999.2,364.0,85.2005,85.2033,85.2069,-0.0064,-0.0036,0.0028
8663,1001.5,413.8,85.1998,85.2026,85.2061,-0.0063,-0.0035,0.0028
8664,998.1,422.5,85.1991,85.2019,85.2054,-0.0063,-0.0035,0.0028
8665,999.8,351.5,85.1984,85.2012,85.2048,-0.0064,-0.0036,0.0028
8666,1001.3,413.5,85.1978,85.2006,85.2042,-0.0065,-0.0037,0.0028
8667,1000.0,421.5,85.1971,85.1999,85.2037,-0.0066,-0.0038,0.0028
8668,999.8,340.6,85.1965,85.1993,85.2029,-0.0065,-0.0037,0.0028
8669,1000.8,422.6,85.1958,85.1986,85.2022,-0.0064,-0.0036,0.0028
8670,998.1,445.0,85.1952,85.1980,85.2015,-0.0063,-0.0035,0.0028
8671,998.6,368.6,85.1946,85.1974,85.2008,-0.0062,-0.0034,0.0028
8672,999.3,417.9,85.1939,85.1968,85.2001,-0.0062,-0.0033,0.0028
8673,1000.3,407.7,85.1933,85.1962,85.1996,-0.0063,-0.0034,0.0028
8674,1000.4,331.0,85.1927,85.1956,85.1992,-0.0065,-0.0036,0.0028
8675,999.0,411.5,85.1921,85.1950,85.1987,-0.0066,-0.0038,0.0028
8676,999.9,410.0,85.1915,85.1944,85.1983,-0.0068,-0.0039,0.0029
8677,1000.6,248.6,85.1910,85.1938,85.1979,-0.0069,-0.0040,0.0029
8678,999.2,415.1,85.1904,85.1933,85.1974,-0.0070,-0.0042,0.0029
8679,1000.3,405.5,85.1898,85.1927,85.1970,-0.0072,-0.0043,0.0029
8680,1000.7,249.4,85.1893,85.1921,85.1964,-0.0072,-0.0043,0.0029
8681,1001.5,417.3,85.1887,85.1916,85.1960,-0.0072,-0.0044,0.0029
8682,999.0,397.6,85.1882,85.1911,85.1954,-0.0072,-0.0044,0.0029
8683,1002.1,410.4,85.1877,85.1905,85.1949,-0.0073,-0.0044,0.0029
8684,999.8,423.3,85.1871,85.1900,85.1944,-0.0073,-0.0044,0.0029
8685,1000.9,410.3,85.1866,85.1895,85.1940,-0.0074,-0.0045,0.0029
8686,999.2,417.7,85.1861,85.1890,85.1936,-0.0075,-0.0046,0.0029
8687,1000.8,445.1,85.1856,85.1885,85.1931,-0.0075,-0.0046,0.0029
8688,999.9,391.5,85.1851,85.1880,85.1926,-0.0075,-0.0046,0.0029
8689,1000.5,428.4,85.1846,85.1875,85.1920,-0.0074,-0.0045,0.0029
8690,998.6,432.6,85.1842,85.1871,85.1915,-0.0073,-0.0044,0.0029
8691,1000.2,371.0,85.1837,85.1866,85.1909,-0.0073,-0.0044,0.0029
8692,999.3,421.8,85.1832,85.1861,85.1905,-0.0072,-0.0043,0.0029
8693,999.5,430.5,85.1828,85.1857,85.1900,-0.0073,-0.0043,0.0029
8694,1000.5,384.2,85.1823,85.1852,85.1896,-0.0073,-0.0043,0.0029
8695,998.4,441.4,85.1819,85.1848,85.1891,-0.0073,-0.0043,0.0029
8696,1000.2,451.3,85.1815,85.1844,85.1887,-0.0072,-0.0043,0.0029
8697,1001.9,351.8,85.1810,85.1840,85.1882,-0.0071,-0.0042,0.0029
8698,999.6,423.5,85.1806,85.1836,85.1876,-0.0070,-0.0041,0.0029
8699,1000.3,418.0,85.1802,85.1832,85.1871,-0.0069,-0.0039,0.0029
8700,1000.6,329.6,85.1798,85.1828,85.1865,-0.0067,-0.0038,0.0029
8701,998.7,411.7,85.1794,85.1824,85.1859,-0.0065,-0.0035,0.0029
8702,998.6,412.6,85.1790,85.1820,85.1853,-0.0062,-0.0033,0.0030
8703,1000.8,322.4,85.1787,85.1816,85.1846,-0.0060,-0.0030,0.0030
8704,998.9,430.2,85.1783,85.1813,85.1840,-0.0057,-0.0027,0.0030
8705,1000.6,410.3,85.1779,85.1809,85.1833,-0.0054,-0.0024,0.0030
8706,1000.0,316.8,85.1776,85.1806,85.1827,-0.0051,-0.0021,0.0030
8707,999.4,415.8,85.1772,85.1802,85.1820,-0.0048,-0.0018,0.0030
8708,999.2,388.6,85.1769,85.1799,85.1814,-0.0044,-0.0015,0.0030
8709,1000.9,255.2,85.1766,85.1796,85.1806,-0.0041,-0.0011,0.0030
8710,1001.0,419.8,85.1763,85.1792,85.1802,-0.0039,-0.0009,0.0030
8711,1002.3,399.6,85.1759,85.1789,85.1797,-0.0037,-0.0007,0.0030
8712,998.8,420.8,85.1756,85.1786,85.1792,-0.0036,-0.0006,0.0030
8713,1000.6,427.3,85.1753,85.1783,85.1788,-0.0034,-0.0005,0.0030
8714,1000.0,399.7,85.1751,85.1781,85.1784,-0.0033,-0.0003,0.0030
8715,999.5,415.4,85.1748,85.1778,85.1779,-0.0031,-0.0001,0.0030
8716,1000.0,430.7,85.1745,85.1775,85.1775,-0.0030,0.0000,0.0030
8717,1000.5,376.1,85.1742,85.1773,85.1770,-0.0028,0.0003,0.0030
8718,999.6,411.1,85.1740,85.1770,85.1764,-0.0025,0.0006,0.0030
8719,1000.6,452.1,85.1737,85.1768,85.1760,-0.0023,0.0007,0.0030
8720,999.6,406.3,85.1735,85.1765,85.1755,-0.0020,0.0010,0.0030
8721,999.5,457.6,85.1733,85.1763,85.1750,-0.0018,0.0013,0.0030
8722,999.0,460.0,85.1730,85.1761,85.1746,-0.0016,0.0015,0.0030
8723,999.5,391.2,85.1728,85.1759,85.1742,-0.0014,0.0016,0.0030
8724,999.2,448.5,85.1726,85.1757,85.1738,-0.0012,0.0018,0.0030
8725,1000.7,443.7,85.1724,85.1755,85.1734,-0.0010,0.0021,0.0030
8726,999.5,346.4,85.1722,85.1753,85.1730,-0.0008,0.0023,0.0030
8727,1000.4,429.4,85.1720,85.1751,85.1726,-0.0005,0.0025,0.0031
8728,999.2,420.1,85.1719,85.1749,85.1721,-0.0002,0.0028,0.0031
8729,1001.2,347.5,85.1717,85.1747,85.1716,0.0001,0.0031,0.0031
8730,999.7,418.7,85.1715,85.1746,85.1710,0.0005,0.0036,0.0031
8731,999.8,416.7,85.1714,85.1744,85.1706,0.0008,0.0039,0.0031
8732,999.9,314.7,85.1712,85.1743,85.1701,0.0011,0.0042,0.0031
8733,1000.2,418.8,85.1711,85.1742,85.1697,0.0013,0.0044,0.0031
8734,999.9,410.8,85.1710,85.1740,85.1694,0.0015,0.0046,0.0031
8735,999.9,252.8,85.1708,85.1739,85.1692,0.0016,0.0047,0.0031
8736,1002.9,437.9,85.1707,85.1738,85.1690,0.0017,0.0048,0.0031
8737,999.6,407.2,85.1706,85.1737,85.1688,0.0018,0.0049,0.0031
8738,998.6,261.7,85.1705,85.1736,85.1685,0.0020,0.0051,0.0031
8739,1000.3,432.0,85.1704,85.1735,85.1683,0.0021,0.0052,0.0031
8740,998.4,382.2,85.1703,85.1734,85.1681,0.0023,0.0054,0.0031
8741,1000.4,408.3,85.1703,85.1734,85.1678,0.0024,0.0055,0.0031
8742,999.3,426.2,85.1702,85.1733,85.1677,0.0025,0.0056,0.0031
8743,1000.7,374.2,85.1701,85.1733,85.1676,0.0026,0.0057,0.0031
8744,999.4,429.1,85.1701,85.1732,85.1675,0.0026,0.0057,0.0031
8745,1001.4,450.9,85.1700,85.1732,85.1674,0.0026,0.0058,0.0031
8746,1001.0,421.7,85.1700,85.1731,85.1673,0.0027,0.0058,0.0031
8747,998.5,419.6,85.1700,85.1731,85.1673,0.0027,0.0058,0.0031
8748,999.6,423.8,85.1700,85.1731,85.1672,0.0028,0.0059,0.0031
8749,1000.5,370.6,85.1699,85.1731,85.1671,0.0028,0.0060,0.0031
8750,998.6,416.8,85.1699,85.1731,85.1670,0.0029,0.0061,0.0031
8751,1001.0,430.2,85.1699,85.1731,85.1670,0.0030,0.0061,0.0031
8752,1000.3,351.8,85.1700,85.1731,85.1669,0.0031,0.0062,0.0032
8753,999.2,417.0,85.1700,85.1731,85.1668,0.0032,0.0063,0.0032
8754,999.5,432.0,85.1700,85.1732,85.1668,0.0032,0.0064,0.0032
8755,1000.9,341.2,85.1700,85.1732,85.1668,0.0032,0.0064,0.0032
8756,999.0,412.3,85.1701,85.1733,85.1668,0.0033,0.0065,0.0032
8757,1000.4,427.2,85.1701,85.1733,85.1668,0.0033,0.0065,0.0032
8758,999.4,322.6,85.1702,85.1734,85.1667,0.0034,0.0066,0.0032
8759,1000.4,425.5,85.1703,85.1734,85.1667,0.0035,0.0067,0.0032
8760,999.7,410.1,85.1703,85.1735,85.1667,0.0036,0.0068,0.0032
8761,1000.5,345.4,85.1704,85.1736,85.1667,0.0037,0.0069,0.0032
8762,999.3,437.6,85.1705,85.1737,85.1667,0.0038,0.0070,0.0032
8763,1000.7,441.9,85.1706,85.1738,85.1667,0.0039,0.0071,0.0032
8764,1002.2,341.8,85.1707,85.1739,85.1667,0.0040,0.0072,0.0032
8765,999.6,424.6,85.1708,85.1740,85.1667,0.0041,0.0073,0.0032
8766,998.4,398.0,85.1710,85.1742,85.1667,0.0042,0.0074,0.0032
8767,1000.4,259.0,85.1711,85.1743,85.1667,0.0043,0.0075,0.0032
8768,999.1,443.4,85.1712,85.1744,85.1667,0.0045,0.0077,0.0032
8769,1001.8,423.8,85.1714,85.1746,85.1667,0.0046,0.0078,0.0032
8770,1003.3,450.8,85.1715,85.1747,85.1667,0.0048,0.0080,0.0032
8771,996.5,445.8,85.1717,85.1749,85.1667,0.0049,0.0082,0.0032
8772,998.5,379.4,85.1719,85.1751,85.1667,0.0051,0.0083,0.0032
8773,1000.7,414.3,85.1720,85.1753,85.1667,0.0053,0.0085,0.0032
8774,999.3,429.9,85.1722,85.1755,85.1667,0.0055,0.0087,0.0032
8775,1000.2,361.6,85.1724,85.1757,85.1667,0.0057,0.0089,0.0032
8776,999.3,424.7,85.1726,85.1759,85.1668,0.0058,0.0091,0.0032
8777,1004.4,435.4,85.1728,85.1761,85.1668,0.0060,0.0093,0.0032
8778,998.1,366.3,85.1730,85.1763,85.1668,0.0062,0.0095,0.0033
8779,998.7,426.0,85.1733,85.1765,85.1668,0.0065,0.0097,0.0033
8780,999.4,423.9,85.1735,85.1768,85.1669,0.0066,0.0099,0.0033
8781,1000.5,354.4,85.1737,85.1770,85.1669,0.0069,0.0101,0.0033
8782,999.0,425.2,85.1740,85.1773,85.1669,0.0071,0.0103,0.0033
8783,1000.9,427.2,85.1742,85.1775,85.1669,0.0073,0.0106,0.0033
8784,999.0,349.2,85.1745,85.1778,85.1670,0.0075,0.0108,0.0033
8785,1000.6,422.3,85.1748,85.1781,85.1670,0.0078,0.0111,0.0033
8786,999.4,427.3,85.1751,85.1783,85.1670,0.0080,0.0113,0.0033
8787,1001.4,337.1,85.1753,85.1786,85.1670,0.0083,0.0116,0.0033
8788,998.5,424.4,85.1756,85.1789,85.1671,0.0086,0.0119,0.0033
8789,1000.6,417.4,85.1759,85.1792,85.1671,0.0089,0.0122,0.0033
8790,999.4,244.4,85.1763,85.1796,85.1671,0.0091,0.0124,0.0033
8791,1000.6,418.5,85.1766,85.1799,85.1671,0.0095,0.0128,0.0033
8792,999.2,409.0,85.1769,85.1802,85.1672,0.0097,0.0130,0.0033
8793,1001.0,243.4,85.1772,85.1806,85.1672,0.0100,0.0133,0.0033
8794,999.6,428.7,85.1776,85.1809,85.1673,0.0103,0.0136,0.0033
8795,999.9,432.3,85.1779,85.1813,85.1673,0.0106,0.0139,0.0033
8796,1001.6,347.9,85.1783,85.1816,85.1674,0.0109,0.0142,0.0033
8797,999.3,427.9,85.1787,85.1820,85.1675,0.0112,0.0145,0.0033
8798,999.1,385.7,85.1790,85.1824,85.1675,0.0116,0.0149,0.0033
8799,1000.8,422.8,85.1794,85.1828,85.1675,0.0119,0.0152,0.0033
8800,999.4,434.4,85.1798,85.1832,85.1676,0.0122,0.0156,0.0033
8801,1001.7,393.0,85.1802,85.1836,85.1676,0.0126,0.0159,0.0033
8802,1000.9,425.6,85.1806,85.1840,85.1677,0.0129,0.0163,0.0033
8803,999.6,424.5,85.1810,85.1844,85.1678,0.0132,0.0166,0.0034
8804,997.8,377.1,85.1815,85.1848,85.1679,0.0136,0.0169,0.0034
8805,1000.5,418.8,85.1819,85.1852,85.1680,0.0139,0.0172,0.0034
8806,999.4,426.8,85.1823,85.1857,85.1681,0.0142,0.0176,0.0034
8807,1000.6,356.3,85.1828,85.1861,85.1682,0.0146,0.0180,0.0034
8808,999.1,421.8,85.1832,85.1866,85.1683,0.0149,0.0183,0.0034
8809,1001.1,428.3,85.1837,85.1871,85.1683,0.0154,0.0187,0.0034
8810,999.2,350.9,85.1842,85.1875,85.1684,0.0157,0.0191,0.0034
8811,1000.7,417.9,85.1846,85.1880,85.1685,0.0161,0.0195,0.0034
8812,999.5,432.8,85.1851,85.1885,85.1687,0.0165,0.0198,0.0034
8813,1000.4,339.0,85.1856,85.1890,85.1688,0.0168,0.0202,0.0034
8814,999.3,433.6,85.1861,85.1895,85.1689,0.0172,0.0206,0.0034
8815,1000.6,416.9,85.1866,85.1900,85.1690,0.0176,0.0210,0.0034
8816,999.5,352.3,85.1871,85.1905,85.1691,0.0180,0.0214,0.0034
8817,1001.7,426.0,85.1877,85.1911,85.1693,0.0183,0.0218,0.0034
8818,998.2,411.5,85.1882,85.1916,85.1695,0.0187,0.0221,0.0034
8819,1000.8,376.2,85.1887,85.1921,85.1696,0.0191,0.0225,0.0034
8820,1004.3,462.1,85.1893,85.1927,85.1699,0.0194,0.0228,0.0034
8821,997.1,431.8,85.1898,85.1933,85.1701,0.0197,0.0231,0.0034
8822,997.9,248.1,85.1904,85.1938,85.1705,0.0199,0.0234,0.0034
8823,1000.7,424.5,85.1910,85.1944,85.1709,0.0201,0.0235,0.0034
8824,999.5,401.7,85.1915,85.1950,85.1714,0.0202,0.0236,0.0034
8825,1000.6,244.5,85.1921,85.1956,85.1721,0.0200,0.0235,0.0034
8826,999.3,426.4,85.1927,85.1962,85.1729,0.0198,0.0233,0.0034
8827,1000.6,390.8,85.1933,85.1968,85.1738,0.0195,0.0229,0.0034
8828,1000.9,419.1,85.1939,85.1974,85.1749,0.0191,0.0225,0.0034
8829,999.2,433.1,85.1946,85.1980,85.1758,0.0187,0.0222,0.0035
8830,999.3,374.9,85.1952,85.1986,85.1766,0.0186,0.0220,0.0035
8831,1000.6,413.5,85.1958,85.1993,85.1772,0.0186,0.0221,0.0035
8832,999.0,441.9,85.1965,85.1999,85.1777,0.0188,0.0222,0.0035
8833,1001.0,371.7,85.1971,85.2006,85.1782,0.0189,0.0223,0.0035
8834,1001.6,424.6,85.1978,85.2012,85.1787,0.0190,0.0225,0.0035
8835,998.6,424.0,85.1984,85.2019,85.1793,0.0191,0.0226,0.0035
8836,999.2,363.4,85.1991,85.2026,85.1799,0.0192,0.0227,0.0035
8837,1000.6,442.0,85.1998,85.2033,85.1807,0.0191,0.0226,0.0035
8838,999.2,446.1,85.2005,85.2040,85.1814,0.0191,0.0226,0.0035
8839,1000.8,371.7,85.2012,85.2047,85.1822,0.0190,0.0225,0.0035
8840,999.4,441.6,85.2019,85.2054,85.1828,0.0191,0.0226,0.0035
8841,1005.7,429.1,85.2026,85.2061,85.1835,0.0191,0.0226,0.0035
8842,996.9,347.8,85.2033,85.2068,85.1840,0.0193,0.0228,0.0035
8843,999.0,433.5,85.2041,85.2076,85.1847,0.0194,0.0229,0.0035
8844,998.5,459.6,85.2048,85.2083,85.1854,0.0193,0.0229,0.0035
8845,1000.5,376.7,85.2055,85.2090,85.1863,0.0192,0.0227,0.0035
8846,1000.4,444.1,85.2063,85.2098,85.1871,0.0192,0.0227,0.0035
8847,999.8,439.5,85.2070,85.2106,85.1880,0.0191,0.0226,0.0035
8848,998.9,247.3,85.2078,85.2113,85.1889,0.0189,0.0225,0.0035
8849,1000.9,434.0,85.2086,85.2121,85.1899,0.0187,0.0222,0.0035
8850,999.3,405.4,85.2094,85.2129,85.1907,0.0186,0.0222,0.0035
8851,1000.6,254.0,85.2102,85.2137,85.1916,0.0186,0.0221,0.0035
8852,1000.9,426.4,85.2110,85.2145,85.1924,0.0186,0.0221,0.0035
8853,999.1,389.6,85.2118,85.2153,85.1931,0.0186,0.0222,0.0035
8854,999.4,257.6,85.2126,85.2161,85.1939,0.0187,0.0222,0.0036
8855,1000.7,425.4,85.2134,85.2170,85.1946,0.0188,0.0224,0.0036
8856,999.4,395.0,85.2142,85.2178,85.1954,0.0189,0.0224,0.0036
8857,1000.3,249.4,85.2151,85.2186,85.1962,0.0188,0.0224,0.0036
8858,999.3,428.5,85.2159,85.2195,85.1971,0.0189,0.0224,0.0036
8859,1000.9,386.8,85.2168,85.2203,85.1978,0.0190,0.0225,0.0036
8860,1000.6,419.0,85.2176,85.2212,85.1986,0.0190,0.0226,0.0036
8861,999.7,433.4,85.2185,85.2221,85.1993,0.0192,0.0227,0.0036
8862,1001.6,392.4,85.2194,85.2230,85.2002,0.0192,0.0228,0.0036
8863,1000.8,419.5,85.2203,85.2239,85.2008,0.0195,0.0230,0.0036
8864,996.9,441.7,85.2212,85.2248,85.2015,0.0197,0.0233,0.0036
8865,1000.0,359.4,85.2221,85.2257,85.2022,0.0199,0.0235,0.0036
8866,999.8,418.6,85.2230,85.2266,85.2028,0.0202,0.0238,0.0036
8867,1000.2,434.0,85.2239,85.2275,85.2034,0.0205,0.0241,0.0036
8868,1003.4,368.9,85.2248,85.2284,85.2041,0.0207,0.0243,0.0036
8869,999.9,461.2,85.2257,85.2294,85.2047,0.0210,0.0246,0.0036
8870,999.4,465.3,85.2267,85.2303,85.2056,0.0211,0.0247,0.0036
8871,1001.0,396.6,85.2276,85.2313,85.2064,0.0212,0.0248,0.0036
8872,996.3,459.3,85.2286,85.2322,85.2073,0.0213,0.0249,0.0036
8873,1000.0,489.8,85.2296,85.2332,85.2082,0.0214,0.0250,0.0036
8874,1003.3,386.0,85.2305,85.2342,85.2090,0.0215,0.0252,0.0036
8875,998.2,476.1,85.2315,85.2351,85.2098,0.0217,0.0254,0.0036
8876,998.5,447.5,85.2325,85.2361,85.2105,0.0220,0.0257,0.0036
8877,1000.1,255.1,85.2335,85.2371,85.2112,0.0223,0.0260,0.0036
8878,999.3,431.0,85.2345,85.2381,85.2120,0.0225,0.0261,0.0036
8879,1000.1,413.3,85.2355,85.2391,85.2129,0.0226,0.0262,0.0036
8880,999.9,248.8,85.2365,85.2402,85.2139,0.0226,0.0263,0.0037
8881,1000.0,430.3,85.2375,85.2412,85.2150,0.0226,0.0262,0.0037
8882,999.8,415.0,85.2386,85.2422,85.2161,0.0225,0.0262,0.0037
8883,1000.2,244.0,85.2396,85.2433,85.2171,0.0225,0.0262,0.0037
8884,999.8,445.2,85.2407,85.2443,85.2181,0.0226,0.0262,0.0037
8885,1000.2,396.1,85.2417,85.2454,85.2191,0.0226,0.0263,0.0037
8886,999.9,248.5,85.2428,85.2465,85.2202,0.0226,0.0263,0.0037
8887,1000.1,436.1,85.2439,85.2475,85.2212,0.0227,0.0263,0.0037
8888,1000.2,389.0,85.2449,85.2486,85.2222,0.0227,0.0264,0.0037
8889,1005.3,441.2,85.2460,85.2497,85.2234,0.0226,0.0263,0.0037
8890,996.9,427.4,85.2471,85.2508,85.2246,0.0225,0.0262,0.0037
8891,998.7,387.2,85.2482,85.2519,85.2258,0.0225,0.0261,0.0037
8892,999.2,420.8,85.2493,85.2530,85.2270,0.0224,0.0261,0.0037
8893,1000.7,442.6,85.2505,85.2542,85.2283,0.0221,0.0258,0.0037
8894,1002.5,399.2,85.2516,85.2553,85.2295,0.0220,0.0258,0.0037
8895,999.5,465.4,85.2527,85.2564,85.2308,0.0219,0.0256,0.0037
8896,1002.5,471.9,85.2539,85.2576,85.2320,0.0219,0.0256,0.0037
8897,996.6,370.9,85.2550,85.2587,85.2332,0.0218,0.0255,0.0037
8898,1000.1,438.7,85.2562,85.2599,85.2344,0.0217,0.0254,0.0037
8899,1001.9,439.8,85.2573,85.2611,85.2357,0.0216,0.0254,0.0037
8900,997.8,354.6,85.2585,85.2622,85.2370,0.0215,0.0252,0.0037
8901,999.3,422.8,85.2597,85.2634,85.2385,0.0212,0.0249,0.0037
8902,998.9,435.4,85.2609,85.2646,85.2397,0.0211,0.0249,0.0037
8903,1000.2,328.2,85.2621,85.2658,85.2409,0.0211,0.0249,0.0037
8904,1000.0,443.4,85.2633,85.2670,85.2422,0.0211,0.0248,0.0037
8905,1000.4,419.6,85.2645,85.2682,85.2435,0.0209,0.0247,0.0038
8906,999.7,332.3,85.2657,85.2695,85.2449,0.0208,0.0246,0.0038
8907,1000.1,430.2,85.2669,85.2707,85.2462,0.0207,0.0245,0.0038
8908,999.4,409.8,85.2682,85.2719,85.2476,0.0206,0.0244,0.0038
8909,1000.5,260.7,85.2694,85.2732,85.2491,0.0203,0.0241,0.0038
8910,999.8,430.0,85.2707,85.2744,85.2503,0.0204,0.0241,0.0038
8911,1000.2,421.8,85.2719,85.2757,85.2515,0.0204,0.0242,0.0038
8912,1007.0,272.1,85.2732,85.2770,85.2527,0.0205,0.0243,0.0038
8913,996.6,459.6,85.2745,85.2782,85.2539,0.0206,0.0244,0.0038
8914,996.9,427.1,85.2758,85.2795,85.2551,0.0207,0.0244,0.0038
8915,1000.0,268.9,85.2770,85.2808,85.2563,0.0207,0.0245,0.0038
8916,1000.4,454.0,85.2783,85.2821,85.2575,0.0208,0.0246,0.0038
8917,1002.0,401.4,85.2796,85.2834,85.2589,0.0207,0.0245,0.0038
8918,999.9,431.5,85.2810,85.2848,85.2602,0.0207,0.0245,0.0038
8919,997.6,440.6,85.2823,85.2861,85.2615,0.0207,0.0245,0.0038
8920,1001.4,428.2,85.2836,85.2874,85.2629,0.0207,0.0245,0.0038
8921,999.3,452.5,85.2849,85.2888,85.2644,0.0205,0.0243,0.0038
8922,998.5,438.4,85.2863,85.2901,85.2659,0.0203,0.0242,0.0038
8923,999.9,366.9,85.2876,85.2915,85.2674,0.0202,0.0240,0.0038
8924,999.9,431.5,85.2890,85.2928,85.2688,0.0202,0.0240,0.0038
8925,999.9,431.2,85.2904,85.2942,85.2704,0.0199,0.0238,0.0038
8926,1000.5,356.7,85.2917,85.2956,85.2718,0.0199,0.0237,0.0038
8927,1000.1,439.8,85.2931,85.2970,85.2733,0.0199,0.0237,0.0038
8928,999.2,441.6,85.2945,85.2983,85.2747,0.0198,0.0237,0.0038
8929,1000.2,355.7,85.2959,85.2997,85.2762,0.0197,0.0235,0.0038
8930,1000.9,435.4,85.2973,85.3012,85.2777,0.0196,0.0235,0.0038
8931,1000.9,453.7,85.2987,85.3026,85.2790,0.0197,0.0236,0.0039
8932,1001.2,361.9,85.3001,85.3040,85.2802,0.0199,0.0238,0.0039
8933,1001.6,441.5,85.3016,85.3054,85.2814,0.0202,0.0241,0.0039
8934,997.6,449.5,85.3030,85.3069,85.2825,0.0205,0.0244,0.0039
8935,1000.8,344.4,85.3045,85.3083,85.2836,0.0209,0.0248,0.0039
8936,1001.4,438.6,85.3059,85.3098,85.2846,0.0213,0.0251,0.0039
8937,997.6,436.3,85.3074,85.3112,85.2861,0.0212,0.0251,0.0039
8938,998.6,249.3,85.3088,85.3127,85.2872,0.0216,0.0255,0.0039
8939,1000.1,450.9,85.3103,85.3142,85.2887,0.0216,0.0255,0.0039
8940,1001.5,404.8,85.3118,85.3157,85.2901,0.0216,0.0255,0.0039
8941,999.8,259.5,85.3133,85.3172,85.2916,0.0217,0.0256,0.0039
8942,998.6,436.8,85.3148,85.3187,85.2929,0.0219,0.0258,0.0039
8943,1000.0,389.8,85.3163,85.3202,85.2941,0.0222,0.0260,0.0039
8944,999.8,263.9,85.3178,85.3217,85.2953,0.0225,0.0264,0.0039
8945,1000.6,457.4,85.3193,85.3232,85.2965,0.0228,0.0267,0.0039
8946,1000.9,425.3,85.3208,85.3247,85.2978,0.0231,0.0270,0.0039
8947,998.9,437.6,85.3224,85.3263,85.2990,0.0234,0.0273,0.0039
8948,999.5,439.5,85.3239,85.3278,85.3003,0.0236,0.0275,0.0039
8949,1000.7,386.4,85.3255,85.3294,85.3018,0.0237,0.0276,0.0039
8950,1006.9,425.7,85.3270,85.3310,85.3031,0.0240,0.0279,0.0039
8951,994.5,438.4,85.3286,85.3325,85.3043,0.0243,0.0283,0.0039
8952,1002.4,388.2,85.3302,85.3341,85.3055,0.0247,0.0286,0.0039
8953,997.9,430.2,85.3318,85.3357,85.3069,0.0249,0.0288,0.0039
8954,1000.6,445.1,85.3333,85.3373,85.3069,0.0265,0.0304,0.0039
8955,998.0,370.6,85.3349,85.3389,85.3083,0.0266,0.0306,0.0039
8956,1004.3,437.3,85.3365,85.3405,85.3097,0.0269,0.0308,0.0039
8957,996.7,443.3,85.3382,85.3421,85.3112,0.0269,0.0309,0.0040
8958,998.4,348.4,85.3398,85.3437,85.3127,0.0271,0.0310,0.0040
8959,1000.1,444.5,85.3414,85.3454,85.3142,0.0272,0.0312,0.0040
8960,1000.0,440.5,85.3430,85.3470,85.3156,0.0274,0.0314,0.0040
8961,1001.2,363.9,85.3447,85.3486,85.3170,0.0277,0.0317,0.0040
8962,998.6,438.3,85.3463,85.3503,85.3182,0.0281,0.0321,0.0040
8963,1000.7,413.7,85.3480,85.3520,85.3194,0.0286,0.0325,0.0040
8964,999.4,334.7,85.3497,85.3536,85.3207,0.0289,0.0329,0.0040
8965,999.6,431.9,85.3513,85.3553,85.3222,0.0291,0.0331,0.0040
8966,1000.4,416.1,85.3530,85.3570,85.3235,0.0295,0.0335,0.0040
8967,999.4,245.0,85.3547,85.3587,85.3248,0.0299,0.0339,0.0040
8968,1000.3,437.0,85.3564,85.3604,85.3260,0.0304,0.0344,0.0040
8969,1000.4,435.7,85.3581,85.3621,85.3272,0.0309,0.0349,0.0040
8970,1000.6,365.5,85.3598,85.3638,85.3283,0.0315,0.0355,0.0040
8971,1002.3,456.2,85.3615,85.3655,85.3294,0.0321,0.0361,0.0040
8972,997.6,403.5,85.3633,85.3673,85.3306,0.0327,0.0367,0.0040
8973,999.5,243.8,85.3650,85.3690,85.3320,0.0330,0.0370,0.0040
8974,1000.3,449.1,85.3667,85.3707,85.3332,0.0335,0.0375,0.0040
8975,1000.9,398.6,85.3685,85.3725,85.3345,0.0340,0.0380,0.0040
8976,1000.8,428.3,85.3702,85.3743,85.3357,0.0345,0.0385,0.0040
8977,1000.1,447.5,85.3720,85.3760,85.3371,0.0349,0.0389,0.0040
8978,997.5,373.2,85.3738,85.3778,85.3383,0.0354,0.0395,0.0040
8979,1000.0,440.3,85.3755,85.3796,85.3397,0.0358,0.0398,0.0040
8980,1000.2,436.0,85.3773,85.3814,85.3412,0.0362,0.0402,0.0040
8981,999.9,367.3,85.3791,85.3832,85.3427,0.0364,0.0405,0.0040
8982,1000.2,437.4,85.3809,85.3850,85.3441,0.0368,0.0409,0.0040
8983,999.7,438.9,85.3827,85.3868,85.3456,0.0372,0.0412,0.0040
8984,1000.1,368.2,85.3846,85.3886,85.3471,0.0375,0.0416,0.0041
8985,1000.1,438.4,85.3864,85.3904,85.3486,0.0378,0.0418,0.0041
8986,1000.1,441.9,85.3882,85.3923,85.3505,0.0377,0.0418,0.0041
8987,999.7,351.3,85.3901,85.3941,85.3522,0.0378,0.0419,0.0041
8988,999.9,438.2,85.3919,85.3960,85.3540,0.0379,0.0420,0.0041
8989,1002.2,462.1,85.3938,85.3978,85.3558,0.0380,0.0421,0.0041
8990,1001.6,380.3,85.3956,85.3997,85.3577,0.0379,0.0420,0.0041
8991,998.9,441.4,85.3975,85.4016,85.3595,0.0380,0.0420,0.0041
8992,997.4,470.5,85.3994,85.4035,85.3614,0.0380,0.0421,0.0041
8993,1002.5,260.4,85.4013,85.4053,85.3631,0.0381,0.0422,0.0041
8994,1000.6,476.0,85.4031,85.4072,85.3649,0.0383,0.0424,0.0041
8995,998.5,444.4,85.4050,85.4091,85.3665,0.0386,0.0427,0.0041
8996,1000.6,371.1,85.4070,85.4111,85.3681,0.0388,0.0429,0.0041
8997,998.5,450.2,85.4089,85.4130,85.3699,0.0389,0.0430,0.0041
8998,999.0,406.0,85.4108,85.4149,85.3718,0.0389,0.0431,0.0041
8999,1001.0,265.1,85.4127,85.4168,85.3739,0.0388,0.0429,0.0041
9000,1000.0,438.1,85.4147,85.4188,85.3758,0.0389,0.0430,0.0041
9001,1001.9,405.6,85.4166,85.4207,85.3777,0.0389,0.0430,0.0041
9002,997.3,252.1,85.4186,85.4227,85.3797,0.0389,0.0430,0.0041
9003,1000.0,445.4,85.4205,85.4246,85.3816,0.0389,0.0430,0.0041
9004,1000.7,391.3,85.4225,85.4266,85.3835,0.0390,0.0431,0.0041
9005,999.8,430.2,85.4245,85.4286,85.3854,0.0390,0.0432,0.0041
9006,1000.4,477.0,85.4264,85.4306,85.3875,0.0389,0.0431,0.0041
9007,999.0,376.4,85.4284,85.4326,85.3896,0.0389,0.0430,0.0041
9008,1001.3,433.8,85.4304,85.4346,85.3917,0.0387,0.0428,0.0041
9009,1002.4,449.8,85.4324,85.4366,85.3940,0.0384,0.0426,0.0041
9010,999.5,377.7,85.4345,85.4386,85.3963,0.0381,0.0423,0.0042
9011,1000.5,430.8,85.4365,85.4406,85.3989,0.0376,0.0417,0.0042
9012,999.0,451.5,85.4385,85.4427,85.4012,0.0373,0.0414,0.0042
9013,1001.3,376.8,85.4405,85.4447,85.4036,0.0370,0.0411,0.0042
9014,999.9,452.4,85.4426,85.4467,85.4060,0.0366,0.0408,0.0042
9015,1000.2,446.6,85.4446,85.4488,85.4084,0.0363,0.0404,0.0042
9016,996.5,363.1,85.4467,85.4509,85.4106,0.0361,0.0403,0.0042
9017,1002.5,449.2,85.4488,85.4529,85.4127,0.0360,0.0402,0.0042
9018,998.9,451.0,85.4508,85.4550,85.4147,0.0361,0.0403,0.0042
9019,1000.9,401.5,85.4529,85.4571,85.4170,0.0359,0.0401,0.0042
9020,1000.7,486.5,85.4550,85.4592,85.4191,0.0359,0.0401,0.0042
9021,1000.0,491.5,85.4571,85.4613,85.4212,0.0359,0.0400,0.0042
9022,996.5,406.9,85.4592,85.4634,85.4235,0.0357,0.0399,0.0042
9023,1000.5,483.4,85.4613,85.4655,85.4257,0.0356,0.0398,0.0042
9024,999.5,475.1,85.4634,85.4676,85.4278,0.0356,0.0398,0.0042
9025,999.8,385.1,85.4655,85.4697,85.4300,0.0355,0.0397,0.0042
9026,1000.2,454.6,85.4677,85.4719,85.4322,0.0354,0.0396,0.0042
9027,999.8,415.7,85.4698,85.4740,85.4348,0.0350,0.0392,0.0042
9028,1000.0,254.2,85.4720,85.4762,85.4372,0.0348,0.0390,0.0042
9029,1000.3,457.1,85.4741,85.4783,85.4395,0.0346,0.0388,0.0042
9030,999.9,406.9,85.4763,85.4805,85.4419,0.0343,0.0386,0.0042
9031,1000.1,253.0,85.4784,85.4827,85.4446,0.0338,0.0381,0.0042
9032,999.6,439.2,85.4806,85.4849,85.4470,0.0337,0.0379,0.0042
9033,1003.9,392.9,85.4828,85.4870,85.4492,0.0336,0.0378,0.0042
9034,999.9,450.4,85.4850,85.4892,85.4514,0.0336,0.0378,0.0042
9035,1000.0,444.3,85.4872,85.4914,85.4537,0.0335,0.0378,0.0042
9036,999.1,392.2,85.4894,85.4936,85.4561,0.0333,0.0375,0.0042
9037,999.6,444.8,85.4916,85.4959,85.4584,0.0332,0.0375,0.0043
9038,998.0,454.8,85.4938,85.4981,85.4606,0.0332,0.0375,0.0043
9039,1002.8,381.4,85.4961,85.5003,85.4630,0.0330,0.0373,0.0043
9040,999.7,433.5,85.4983,85.5026,85.4651,0.0332,0.0375,0.0043
9041,1000.8,450.3,85.5005,85.5048,85.4671,0.0334,0.0377,0.0043
9042,998.3,373.5,85.5028,85.5071,85.4691,0.0337,0.0380,0.0043
9043,1001.7,452.1,85.5051,85.5093,85.4712,0.0339,0.0382,0.0043
9044,999.6,482.2,85.5073,85.5116,85.4731,0.0342,0.0385,0.0043
9045,1001.6,389.5,85.5096,85.5139,85.4752,0.0344,0.0387,0.0043
9046,998.2,470.9,85.5119,85.5162,85.4774,0.0344,0.0387,0.0043
9047,997.9,465.9,85.5142,85.5184,85.4800,0.0342,0.0385,0.0043
9048,999.3,349.8,85.5165,85.5207,85.4824,0.0340,0.0383,0.0043
9049,1000.9,448.8,85.5188,85.5230,85.4849,0.0339,0.0382,0.0043
9050,998.9,426.0,85.5211,85.5254,85.4873,0.0338,0.0381,0.0043
9051,1000.7,255.6,85.5234,85.5277,85.4899,0.0335,0.0378,0.0043
9052,999.2,444.6,85.5257,85.5300,85.4921,0.0336,0.0379,0.0043
9053,1000.0,415.0,85.5280,85.5323,85.4945,0.0335,0.0379,0.0043
9054,1000.2,261.8,85.5304,85.5347,85.4969,0.0334,0.0377,0.0043
9055,999.9,444.2,85.5327,85.5370,85.4995,0.0333,0.0376,0.0043
9056,1002.9,424.6,85.5351,85.5394,85.5017,0.0334,0.0377,0.0043
9057,998.7,259.9,85.5374,85.5418,85.5040,0.0335,0.0378,0.0043
9058,999.1,441.9,85.5398,85.5441,85.5062,0.0336,0.0380,0.0043
9059,999.9,407.3,85.5422,85.5465,85.5084,0.0338,0.0381,0.0043
9060,1000.0,249.2,85.5446,85.5489,85.5108,0.0337,0.0381,0.0043
9061,999.4,453.0,85.5469,85.5513,85.5131,0.0338,0.0382,0.0043
9062,999.7,391.1,85.5493,85.5537,85.5156,0.0338,0.0381,0.0043
9063,1000.4,253.7,85.5518,85.5561,85.5182,0.0336,0.0379,0.0043
9064,999.8,466.9,85.5542,85.5585,85.5209,0.0333,0.0376,0.0043
9065,1001.4,398.9,85.5566,85.5609,85.5237,0.0329,0.0373,0.0044
9066,998.8,453.5,85.5590,85.5634,85.5262,0.0328,0.0372,0.0044
9067,1002.4,447.7,85.5614,85.5658,85.5286,0.0328,0.0372,0.0044
9068,997.6,397.1,85.5639,85.5682,85.5312,0.0327,0.0371,0.0044
9069,999.9,450.6,85.5663,85.5707,85.5336,0.0328,0.0371,0.0044
9070,1000.0,470.3,85.5688,85.5732,85.5361,0.0327,0.0371,0.0044
9071,999.7,394.3,85.5712,85.5756,85.5386,0.0326,0.0370,0.0044
9072,999.9,452.0,85.5737,85.5781,85.5411,0.0326,0.0370,0.0044
9073,999.9,446.2,85.5762,85.5806,85.5434,0.0328,0.0371,0.0044
9074,1000.4,367.0,85.5787,85.5831,85.5457,0.0330,0.0374,0.0044
9075,1000.0,451.2,85.5812,85.5856,85.5477,0.0334,0.0378,0.0044
9076,1002.6,454.7,85.5837,85.5881,85.5501,0.0335,0.0379,0.0044
9077,997.6,349.0,85.5862,85.5906,85.5525,0.0337,0.0381,0.0044
9078,1000.5,450.0,85.5887,85.5931,85.5548,0.0339,0.0383,0.0044
9079,1001.7,450.8,85.5912,85.5956,85.5573,0.0339,0.0383,0.0044
9080,999.9,260.0,85.5937,85.5981,85.5598,0.0339,0.0383,0.0044
9081,999.5,441.4,85.5963,85.6007,85.5626,0.0337,0.0381,0.0044
9082,999.4,433.5,85.5988,85.6032,85.5652,0.0336,0.0380,0.0044
9083,1000.9,256.2,85.6014,85.6058,85.5676,0.0338,0.0382,0.0044
9084,998.3,448.9,85.6039,85.6083,85.5701,0.0338,0.0383,0.0044
9085,999.7,405.1,85.6065,85.6109,85.5724,0.0341,0.0385,0.0044
9086,999.5,252.3,85.6091,85.6135,85.5747,0.0343,0.0388,0.0044
9087,1000.0,438.9,85.6116,85.6161,85.5771,0.0345,0.0390,0.0044
9088,999.7,388.7,85.6142,85.6187,85.5796,0.0346,0.0390,0.0044
9089,1000.4,252.4,85.6168,85.6213,85.5818,0.0350,0.0394,0.0044
9090,1000.5,438.9,85.6194,85.6239,85.5840,0.0354,0.0398,0.0044
9091,999.6,390.9,85.6220,85.6265,85.5861,0.0359,0.0404,0.0044
9092,999.7,250.0,85.6246,85.6291,85.5882,0.0364,0.0408,0.0045
9093,1000.5,453.5,85.6273,85.6317,85.5900,0.0372,0.0417,0.0045
9094,1001.1,413.0,85.6299,85.6343,85.5918,0.0381,0.0426,0.0045
9095,999.4,473.4,85.6325,85.6370,85.5936,0.0389,0.0434,0.0045
9096,1000.9,470.8,85.6352,85.6396,85.5954,0.0398,0.0442,0.0045
9097,999.5,380.6,85.6378,85.6423,85.5975,0.0404,0.0448,0.0045
9098,1000.0,443.7,85.6405,85.6449,85.5997,0.0408,0.0453,0.0045
9099,1002.9,449.6,85.6431,85.6476,85.6021,0.0410,0.0455,0.0045
9100,999.3,370.2,85.6458,85.6503,85.6044,0.0414,0.0459,0.0045
9101,998.7,437.9,85.6485,85.6530,85.6067,0.0418,0.0463,0.0045
9102,997.8,450.3,85.6512,85.6557,85.6090,0.0422,0.0467,0.0045
9103,1000.1,347.0,85.6539,85.6584,85.6115,0.0424,0.0468,0.0045
9104,999.8,453.7,85.6566,85.6611,85.6139,0.0427,0.0472,0.0045
9105,1000.1,442.5,85.6593,85.6638,85.6162,0.0431,0.0476,0.0045
9106,1000.0,347.0,85.6620,85.6665,85.6185,0.0435,0.0480,0.0045
9107,1000.5,448.6,85.6647,85.6692,85.6211,0.0436,0.0481,0.0045
9108,999.5,424.6,85.6674,85.6719,85.6229,0.0445,0.0490,0.0045
9109,1000.1,254.8,85.6702,85.6747,85.6249,0.0453,0.0498,0.0045
9110,1000.1,443.2,85.6729,85.6774,85.6272,0.0457,0.0502,0.0045
9111,1000.2,421.7,85.6757,85.6802,85.6295,0.0462,0.0507,0.0045
9112,1000.6,264.9,85.6784,85.6829,85.6317,0.0467,0.0513,0.0045
9113,1005.3,453.6,85.6812,85.6857,85.6340,0.0472,0.0517,0.0045
9114,994.9,420.4,85.6840,85.6885,85.6364,0.0475,0.0521,0.0045
9115,1002.8,256.5,85.6867,85.6913,85.6390,0.0477,0.0522,0.0045
9116,998.5,448.8,85.6895,85.6941,85.6415,0.0480,0.0525,0.0045
9117,1000.1,415.5,85.6923,85.6969,85.6442,0.0481,0.0526,0.0045
9118,999.2,257.8,85.6951,85.6997,85.6471,0.0480,0.0526,0.0045
9119,1001.1,457.2,85.6979,85.7025,85.6499,0.0480,0.0526,0.0045
9120,997.8,417.7,85.7007,85.7053,85.6527,0.0481,0.0526,0.0046
9121,999.9,284.4,85.7036,85.7081,85.6553,0.0482,0.0528,0.0046
9122,1004.0,450.0,85.7064,85.7109,85.6581,0.0483,0.0529,0.0046
9123,995.8,376.3,85.7092,85.7138,85.6611,0.0481,0.0527,0.0046
9124,999.9,448.8,85.7121,85.7166,85.6639,0.0482,0.0527,0.0046
9125,1000.3,445.4,85.7149,85.7195,85.6666,0.0483,0.0529,0.0046
9126,999.8,375.7,85.7178,85.7223,85.6693,0.0485,0.0531,0.0046
9127,1000.1,450.5,85.7206,85.7252,85.6693,0.0513,0.0559,0.0046
9128,1003.3,444.4,85.7235,85.7281,85.6722,0.0513,0.0559,0.0046
9129,996.7,376.5,85.7264,85.7310,85.6749,0.0515,0.0561,0.0046
9130,999.9,440.8,85.7293,85.7338,85.6776,0.0517,0.0563,0.0046
9131,1000.9,453.2,85.7322,85.7367,85.6804,0.0517,0.0563,0.0046
9132,1004.5,366.5,85.7351,85.7396,85.6836,0.0515,0.0561,0.0046
9133,997.0,446.5,85.7380,85.7426,85.6866,0.0514,0.0560,0.0046
9134,1000.5,461.9,85.7409,85.7455,85.6897,0.0512,0.0558,0.0046
9135,998.8,346.1,85.7438,85.7484,85.6930,0.0508,0.0554,0.0046
9136,1007.6,439.8,85.7467,85.7513,85.6960,0.0507,0.0553,0.0046
9137,994.8,447.8,85.7496,85.7543,85.6990,0.0506,0.0553,0.0046
9138,996.0,260.7,85.7526,85.7572,85.7018,0.0508,0.0554,0.0046
9139,1001.9,455.4,85.7555,85.7602,85.7047,0.0509,0.0555,0.0046
9140,998.2,423.3,85.7585,85.7631,85.7073,0.0512,0.0558,0.0046
9141,1000.3,257.8,85.7614,85.7661,85.7099,0.0515,0.0562,0.0046
9142,1001.0,480.1,85.7644,85.7690,85.7124,0.0520,0.0566,0.0046
9143,999.4,427.7,85.7674,85.7720,85.7149,0.0525,0.0571,0.0046
9144,1002.6,393.2,85.7704,85.7750,85.7176,0.0527,0.0574,0.0046
9145,997.3,494.5,85.7734,85.7780,85.7203,0.0531,0.0577,0.0046
9146,999.2,441.4,85.7764,85.7810,85.7230,0.0533,0.0580,0.0046
9147,1000.7,261.0,85.7794,85.7840,85.7258,0.0536,0.0582,0.0046
9148,999.6,452.7,85.7824,85.7870,85.7288,0.0536,0.0583,0.0046
9149,1000.3,398.1,85.7854,85.7900,85.7317,0.0537,0.0583,0.0047
9150,999.3,259.8,85.7884,85.7931,85.7346,0.0538,0.0584,0.0047
9151,1004.2,464.0,85.7914,85.7961,85.7376,0.0539,0.0585,0.0047
9152,997.6,401.7,85.7945,85.7991,85.7408,0.0537,0.0583,0.0047
9153,999.1,445.9,85.7975,85.8022,85.7439,0.0537,0.0583,0.0047
9154,999.7,463.5,85.8006,85.8052,85.7470,0.0536,0.0582,0.0047
9155,1000.4,384.4,85.8036,85.8083,85.7502,0.0534,0.0581,0.0047
9156,999.3,451.3,85.8067,85.8114,85.7537,0.0530,0.0577,0.0047
9157,1000.8,465.7,85.8098,85.8144,85.7569,0.0529,0.0576,0.0047
9158,1001.7,378.2,85.8128,85.8175,85.7601,0.0528,0.0574,0.0047
9159,997.1,451.2,85.8159,85.8206,85.7633,0.0526,0.0573,0.0047
9160,1000.1,450.6,85.8190,85.8237,85.7669,0.0521,0.0568,0.0047
9161,1000.4,369.7,85.8221,85.8268,85.7702,0.0519,0.0566,0.0047
9162,1000.1,447.5,85.8252,85.8299,85.7735,0.0517,0.0564,0.0047
9163,999.0,450.9,85.8283,85.8330,85.7769,0.0515,0.0562,0.0047
9164,1001.0,349.9,85.8315,85.8362,85.7804,0.0511,0.0558,0.0047
9165,999.4,447.3,85.8346,85.8393,85.7841,0.0505,0.0552,0.0047
9166,1000.1,452.1,85.8377,85.8424,85.7875,0.0503,0.0550,0.0047
9167,1000.5,248.0,85.8409,85.8456,85.7907,0.0501,0.0549,0.0047
9168,999.5,463.3,85.8440,85.8487,85.7940,0.0500,0.0547,0.0047
9169,1001.8,467.9,85.8472,85.8519,85.7977,0.0495,0.0542,0.0047
9170,1002.3,406.0,85.8503,85.8551,85.8010,0.0493,0.0541,0.0047
9171,998.2,476.2,85.8535,85.8582,85.8042,0.0493,0.0540,0.0047
9172,1006.7,474.6,85.8567,85.8614,85.8075,0.0492,0.0539,0.0047
9173,994.0,396.5,85.8599,85.8646,85.8111,0.0487,0.0535,0.0047
9174,1000.9,490.7,85.8630,85.8678,85.8144,0.0486,0.0533,0.0047
9175,996.8,425.1,85.8662,85.8710,85.8177,0.0486,0.0533,0.0047
9176,1000.2,261.6,85.8694,85.8742,85.8209,0.0485,0.0533,0.0047
9177,998.9,458.0,85.8726,85.8774,85.8244,0.0482,0.0530,0.0047
9178,1000.6,383.8,85.8759,85.8806,85.8277,0.0482,0.0529,0.0048
9179,999.3,258.9,85.8791,85.8838,85.8310,0.0481,0.0529,0.0048
9180,1000.6,449.4,85.8823,85.8871,85.8341,0.0482,0.0530,0.0048
9181,999.5,383.8,85.8855,85.8903,85.8372,0.0484,0.0531,0.0048
9182,1000.8,440.9,85.8888,85.8936,85.8404,0.0484,0.0532,0.0048
9183,999.2,452.4,85.8920,85.8968,85.8434,0.0487,0.0534,0.0048
9184,1000.1,384.3,85.8953,85.9001,85.8465,0.0488,0.0536,0.0048
9185,1000.0,441.6,85.8986,85.9033,85.8496,0.0490,0.0537,0.0048
9186,1000.0,454.7,85.9018,85.9066,85.8530,0.0489,0.0536,0.0048
9187,1005.0,387.0,85.9051,85.9099,85.8562,0.0489,0.0536,0.0048
9188,998.5,453.1,85.9084,85.9132,85.8596,0.0488,0.0536,0.0048
9189,997.8,458.2,85.9117,85.9165,85.8629,0.0487,0.0535,0.0048
9190,1000.7,366.2,85.9150,85.9198,85.8666,0.0484,0.0532,0.0048
9191,998.4,445.9,85.9183,85.9231,85.8700,0.0483,0.0531,0.0048
9192,1003.7,453.0,85.9216,85.9264,85.8734,0.0482,0.0530,0.0048
9193,998.1,249.4,85.9249,85.9297,85.8766,0.0483,0.0531,0.0048
9194,1001.2,463.1,85.9282,85.9330,85.8800,0.0483,0.0531,0.0048
9195,997.1,477.5,85.9316,85.9364,85.8833,0.0482,0.0530,0.0048
9196,999.4,391.3,85.9349,85.9397,85.8867,0.0482,0.0530,0.0048
9197,1000.2,454.1,85.9382,85.9431,85.8900,0.0483,0.0531,0.0048
9198,1000.2,422.0,85.9416,85.9464,85.8934,0.0482,0.0530,0.0048
9199,999.7,256.8,85.9449,85.9498,85.8965,0.0484,0.0532,0.0048
9200,1000.4,458.3,85.9483,85.9531,85.8998,0.0485,0.0533,0.0048
9201,999.6,424.1,85.9517,85.9565,85.9032,0.0484,0.0533,0.0048
9202,1000.7,250.8,85.9551,85.9599,85.9070,0.0480,0.0528,0.0048
9203,999.3,446.6,85.9584,85.9633,85.9107,0.0477,0.0526,0.0048
9204,1000.6,411.1,85.9618,85.9667,85.9144,0.0474,0.0523,0.0048
9205,999.4,246.0,85.9652,85.9701,85.9178,0.0474,0.0522,0.0048
9206,1002.9,461.6,85.9686,85.9735,85.9211,0.0476,0.0524,0.0048
9207,997.8,398.3,85.9720,85.9769,85.9239,0.0481,0.0530,0.0048
9208,1001.5,251.5,85.9755,85.9803,85.9268,0.0487,0.0535,0.0049
9209,998.3,462.2,85.9789,85.9837,85.9298,0.0490,0.0539,0.0049
9210,1002.4,387.1,85.9823,85.9872,85.9333,0.0490,0.0539,0.0049
9211,998.5,446.7,85.9857,85.9906,85.9366,0.0492,0.0540,0.0049
9212,1000.7,462.7,85.9892,85.9940,85.9400,0.0492,0.0540,0.0049
9213,998.0,383.5,85.9926,85.9975,85.9435,0.0491,0.0540,0.0049
9214,999.9,455.0,85.9961,86.0010,85.9471,0.0490,0.0539,0.0049
9215,1000.0,453.3,85.9996,86.0044,85.9504,0.0491,0.0540,0.0049
9216,999.8,379.9,86.0030,86.0079,85.9535,0.0495,0.0544,0.0049
9217,1000.1,446.9,86.0065,86.0114,85.9566,0.0499,0.0548,0.0049
9218,1000.6,483.3,86.0100,86.0149,85.9600,0.0500,0.0549,0.0049
9219,999.4,395.1,86.0135,86.0184,85.9631,0.0504,0.0553,0.0049
9220,1000.6,484.0,86.0170,86.0219,85.9661,0.0509,0.0558,0.0049
9221,999.2,487.8,86.0205,86.0254,85.9690,0.0515,0.0564,0.0049
9222,1000.1,358.9,86.0240,86.0289,85.9721,0.0519,0.0568,0.0049
9223,1000.1,459.1,86.0275,86.0324,85.9750,0.0525,0.0574,0.0049
9224,1000.7,455.6,86.0310,86.0359,85.9779,0.0531,0.0580,0.0049
9225,1002.3,254.6,86.0345,86.0394,85.9809,0.0536,0.0586,0.0049
9226,997.8,449.4,86.0381,86.0430,85.9842,0.0539,0.0588,0.0049
9227,1001.9,437.1,86.0416,86.0465,85.9875,0.0541,0.0590,0.0049
9228,997.9,255.7,86.0452,86.0501,85.9909,0.0543,0.0592,0.0049
9229,1001.6,461.4,86.0487,86.0536,85.9944,0.0544,0.0593,0.0049
9230,1000.2,427.6,86.0523,86.0572,85.9982,0.0541,0.0590,0.0049
9231,999.3,257.8,86.0558,86.0608,86.0016,0.0542,0.0592,0.0049
9232,999.6,455.5,86.0594,86.0644,86.0050,0.0544,0.0594,0.0049
9233,998.8,397.5,86.0630,86.0679,86.0084,0.0546,0.0596,0.0049
9234,1000.5,253.7,86.0666,86.0715,86.0120,0.0546,0.0595,0.0049
9235,999.4,450.1,86.0702,86.0751,86.0154,0.0548,0.0597,0.0049
9236,1000.9,397.4,86.0738,86.0787,86.0189,0.0549,0.0598,0.0049
9237,999.8,253.5,86.0774,86.0823,86.0227,0.0547,0.0596,0.0049
9238,1000.2,447.7,86.0810,86.0860,86.0264,0.0546,0.0595,0.0050
9239,999.1,387.9,86.0846,86.0896,86.0303,0.0543,0.0592,0.0050
9240,1000.8,442.5,86.0882,86.0932,86.0343,0.0540,0.0589,0.0050
9241,999.2,461.8,86.0919,86.0968,86.0382,0.0536,0.0586,0.0050
9242,1000.4,385.2,86.0955,86.1005,86.0424,0.0531,0.0580,0.0050
9243,999.7,447.6,86.0992,86.1041,86.0461,0.0530,0.0580,0.0050
9244,1000.3,483.7,86.1028,86.1078,86.0499,0.0529,0.0579,0.0050
9245,1001.2,401.5,86.1065,86.1114,86.0537,0.0528,0.0577,0.0050
9246,998.9,486.1,86.1101,86.1151,86.0578,0.0524,0.0574,0.0050
9247,1001.2,477.3,86.1138,86.1188,86.0615,0.0523,0.0573,0.0050
9248,999.6,370.3,86.1175,86.1225,86.0652,0.0523,0.0572,0.0050
9249,1001.4,466.9,86.1212,86.1262,86.0690,0.0521,0.0571,0.0050
9250,1000.8,454.7,86.1249,86.1298,86.0729,0.0520,0.0569,0.0050
9251,996.8,359.2,86.1286,86.1335,86.0770,0.0516,0.0566,0.0050
9252,1001.4,461.6,86.1323,86.1373,86.0808,0.0515,0.0565,0.0050
9253,998.7,437.6,86.1360,86.1410,86.0845,0.0515,0.0565,0.0050
9254,1000.5,260.2,86.1397,86.1447,86.0879,0.0518,0.0568,0.0050
9255,999.9,455.4,86.1434,86.1484,86.0913,0.0521,0.0571,0.0050
9256,1000.1,436.1,86.1471,86.1521,86.0945,0.0526,0.0577,0.0050
9257,999.9,254.1,86.1509,86.1559,86.0976,0.0532,0.0582,0.0050
9258,999.4,462.3,86.1546,86.1596,86.1009,0.0537,0.0588,0.0050
9259,1000.7,433.9,86.1584,86.1634,86.1041,0.0542,0.0592,0.0050
9260,998.9,256.9,86.1621,86.1671,86.1077,0.0544,0.0594,0.0050
9261,1001.1,449.1,86.1659,86.1709,86.1112,0.0547,0.0597,0.0050
9262,999.4,418.6,86.1696,86.1747,86.1147,0.0549,0.0600,0.0050
9263,1002.5,252.0,86.1734,86.1784,86.1183,0.0551,0.0601,0.0050
9264,1000.0,471.8,86.1772,86.1822,86.1222,0.0550,0.0600,0.0050
9265,999.4,404.4,86.1810,86.1860,86.1257,0.0553,0.0603,0.0050
9266,998.7,265.6,86.1848,86.1898,86.1291,0.0557,0.0607,0.0050
9267,1002.4,454.0,86.1886,86.1936,86.1326,0.0559,0.0610,0.0050
9268,997.4,389.4,86.1924,86.1974,86.1366,0.0557,0.0608,0.0050
9269,1001.0,462.9,86.1962,86.2012,86.1403,0.0558,0.0609,0.0050
9270,998.7,482.2,86.2000,86.2050,86.1440,0.0560,0.0610,0.0051
9271,1001.0,419.0,86.2038,86.2089,86.1478,0.0560,0.0611,0.0051
9272,998.9,454.0,86.2076,86.2127,86.1519,0.0558,0.0608,0.0051
9273,1000.8,456.7,86.2115,86.2165,86.1558,0.0557,0.0607,0.0051
9274,998.6,374.0,86.2153,86.2204,86.1599,0.0554,0.0605,0.0051
9275,1000.4,450.2,86.2192,86.2242,86.1640,0.0551,0.0602,0.0051
9276,999.8,464.4,86.2230,86.2281,86.1685,0.0545,0.0596,0.0051
9277,1000.1,357.1,86.2269,86.2320,86.1725,0.0544,0.0595,0.0051
9278,999.9,458.1,86.2308,86.2358,86.1762,0.0545,0.0596,0.0051
9279,1000.2,462.3,86.2346,86.2397,86.1799,0.0547,0.0598,0.0051
9280,999.7,248.8,86.2385,86.2436,86.1839,0.0546,0.0597,0.0051
9281,1001.5,455.2,86.2424,86.2475,86.1875,0.0549,0.0600,0.0051
9282,1000.4,452.6,86.2463,86.2514,86.1911,0.0551,0.0602,0.0051
9283,1000.4,244.8,86.2502,86.2553,86.1948,0.0553,0.0604,0.0051
9284,1000.0,469.2,86.2541,86.2592,86.1989,0.0552,0.0603,0.0051
9285,1000.8,429.8,86.2580,86.2631,86.2026,0.0554,0.0605,0.0051
9286,997.7,275.0,86.2619,86.2670,86.2064,0.0555,0.0606,0.0051
9287,1001.0,463.7,86.2658,86.2709,86.2100,0.0558,0.0609,0.0051
9288,998.7,412.2,86.2698,86.2749,86.2138,0.0560,0.0611,0.0051
9289,999.5,253.6,86.2737,86.2788,86.2171,0.0566,0.0617,0.0051
9290,999.9,454.1,86.2776,86.2827,86.2202,0.0574,0.0625,0.0051
9291,1000.0,419.0,86.2816,86.2867,86.2233,0.0583,0.0634,0.0051
9292,1000.0,252.7,86.2855,86.2907,86.2269,0.0587,0.0638,0.0051
9293,1000.4,461.6,86.2895,86.2946,86.2299,0.0596,0.0647,0.0051
9294,999.6,442.5,86.2935,86.2986,86.2330,0.0604,0.0655,0.0051
9295,1000.0,298.0,86.2974,86.3026,86.2363,0.0611,0.0662,0.0051
9296,1000.0,506.8,86.3014,86.3065,86.2400,0.0614,0.0666,0.0051
9297,1000.0,413.8,86.3054,86.3105,86.2434,0.0620,0.0671,0.0051
9298,1000.0,459.5,86.3094,86.3145,86.2471,0.0623,0.0675,0.0051
9299,999.9,463.8,86.3134,86.3185,86.2505,0.0629,0.0680,0.0051
9300,1000.1,384.0,86.3174,86.3225,86.2541,0.0632,0.0684,0.0051
9301,1000.1,448.4,86.3214,86.3265,86.2578,0.0636,0.0687,0.0051
9302,1001.3,470.4,86.3254,86.3306,86.2614,0.0640,0.0692,0.0052
9303,1008.5,426.1,86.3294,86.3346,86.2649,0.0645,0.0696,0.0052
9304,994.2,470.9,86.3334,86.3386,86.2687,0.0647,0.0699,0.0052
9305,998.7,473.8,86.3375,86.3426,86.2724,0.0651,0.0702,0.0052
9306,999.4,376.6,86.3415,86.3467,86.2762,0.0654,0.0705,0.0052
9307,998.8,465.0,86.3456,86.3507,86.2800,0.0655,0.0707,0.0052
9308,1002.8,461.2,86.3496,86.3548,86.2843,0.0653,0.0705,0.0052
9309,997.0,358.6,86.3537,86.3588,86.2843,0.0694,0.0746,0.0052
9310,1001.0,466.9,86.3577,86.3629,86.2881,0.0696,0.0748,0.0052
9311,998.8,458.1,86.3618,86.3670,86.2919,0.0699,0.0751,0.0052
9312,1000.9,260.0,86.3659,86.3711,86.2957,0.0702,0.0753,0.0052
9313,1001.9,464.4,86.3700,86.3751,86.3000,0.0700,0.0752,0.0052
9314,997.2,443.1,86.3740,86.3792,86.3040,0.0700,0.0752,0.0052
9315,999.7,250.1,86.3781,86.3833,86.3081,0.0700,0.0752,0.0052
9316,1000.0,455.7,86.3822,86.3874,86.3124,0.0698,0.0750,0.0052
9317,999.6,427.1,86.3863,86.3915,86.3164,0.0700,0.0752,0.0052
9318,1000.4,247.2,86.3904,86.3956,86.3204,0.0701,0.0753,0.0052
9319,1000.1,492.0,86.3946,86.3998,86.3243,0.0702,0.0754,0.0052
9320,999.7,438.8,86.3987,86.4039,86.3289,0.0698,0.0750,0.0052
9321,999.9,285.6,86.4028,86.4080,86.3332,0.0696,0.0748,0.0052
9322,1000.5,499.5,86.4070,86.4122,86.3375,0.0695,0.0747,0.0052
9323,999.9,434.3,86.4111,86.4163,86.3417,0.0694,0.0746,0.0052
9324,1000.1,366.3,86.4152,86.4205,86.3461,0.0691,0.0744,0.0052
9325,999.9,501.3,86.4194,86.4246,86.3502,0.0692,0.0744,0.0052
9326,999.6,401.5,86.4235,86.4288,86.3542,0.0693,0.0746,0.0052
9327,1000.4,258.1,86.4277,86.4329,86.3582,0.0695,0.0747,0.0052
9328,1000.6,470.1,86.4319,86.4371,86.3625,0.0693,0.0746,0.0052
9329,1000.5,392.2,86.4361,86.4413,86.3666,0.0695,0.0747,0.0052
9330,999.4,453.9,86.4402,86.4455,86.3707,0.0695,0.0747,0.0052
9331,1003.7,468.5,86.4444,86.4497,86.3751,0.0693,0.0746,0.0052
9332,996.5,370.1,86.4486,86.4539,86.3798,0.0688,0.0741,0.0052
9333,1001.3,460.8,86.4528,86.4581,86.3842,0.0686,0.0739,0.0052
9334,1002.3,468.2,86.4570,86.4623,86.3885,0.0685,0.0737,0.0052
9335,997.2,367.9,86.4612,86.4665,86.3928,0.0684,0.0737,0.0052
9336,1001.1,452.2,86.4655,86.4707,86.3970,0.0685,0.0737,0.0053
9337,998.2,459.6,86.4697,86.4749,86.4017,0.0679,0.0732,0.0053
9338,999.3,248.4,86.4739,86.4792,86.4062,0.0677,0.0730,0.0053
9339,999.6,460.8,86.4781,86.4834,86.4107,0.0674,0.0727,0.0053
9340,999.7,431.2,86.4824,86.4876,86.4159,0.0665,0.0718,0.0053
9341,1000.0,244.1,86.4866,86.4919,86.4207,0.0659,0.0712,0.0053
9342,1000.1,459.8,86.4909,86.4961,86.4257,0.0652,0.0705,0.0053
9343,999.9,424.9,86.4951,86.5004,86.4307,0.0645,0.0697,0.0053
9344,1002.1,376.3,86.4994,86.5047,86.4360,0.0634,0.0687,0.0053
9345,1000.1,487.9,86.5037,86.5089,86.4409,0.0628,0.0681,0.0053
9346,998.4,451.6,86.5079,86.5132,86.4457,0.0623,0.0676,0.0053
9347,1002.3,265.7,86.5122,86.5175,86.4505,0.0618,0.0670,0.0053
9348,1003.7,479.1,86.5165,86.5218,86.4558,0.0607,0.0660,0.0053
9349,997.6,432.2,86.5208,86.5261,86.4610,0.0598,0.0651,0.0053
9350,1000.1,261.1,86.5251,86.5304,86.4661,0.0590,0.0643,0.0053
9351,998.1,462.9,86.5294,86.5347,86.4710,0.0584,0.0637,0.0053
9352,1001.6,416.7,86.5337,86.5390,86.4762,0.0575,0.0628,0.0053
9353,997.8,254.3,86.5380,86.5433,86.4808,0.0572,0.0625,0.0053
9354,1002.8,479.7,86.5424,86.5477,86.4852,0.0571,0.0624,0.0053
9355,996.3,394.8,86.5467,86.5520,86.4896,0.0571,0.0624,0.0053
9356,999.5,254.2,86.5510,86.5563,86.4941,0.0569,0.0622,0.0053
9357,1000.0,463.8,86.5554,86.5607,86.4983,0.0570,0.0623,0.0053
9358,999.7,378.3,86.5597,86.5650,86.5025,0.0572,0.0625,0.0053
9359,999.6,459.5,86.5640,86.5694,86.5068,0.0573,0.0626,0.0053
9360,1000.1,456.5,86.5684,86.5737,86.5114,0.0570,0.0623,0.0053
9361,1000.1,375.3,86.5728,86.5781,86.5157,0.0571,0.0624,0.0053
9362,1000.0,457.1,86.5771,86.5825,86.5198,0.0573,0.0627,0.0053
9363,999.8,459.8,86.5815,86.5868,86.5238,0.0577,0.0630,0.0053
9364,1000.0,375.8,86.5859,86.5912,86.5280,0.0578,0.0632,0.0053
9365,1000.3,463.2,86.5903,86.5956,86.5318,0.0584,0.0638,0.0053
9366,999.9,462.5,86.5947,86.6000,86.5357,0.0589,0.0643,0.0053
9367,999.7,250.7,86.5990,86.6044,86.5396,0.0594,0.0647,0.0053
9368,1000.9,471.9,86.6034,86.6088,86.5439,0.0596,0.0649,0.0053
9369,1002.3,494.0,86.6079,86.6132,86.5480,0.0599,0.0652,0.0053
9370,998.6,413.8,86.6123,86.6176,86.5521,0.0601,0.0655,0.0053
9371,1001.3,505.2,86.6167,86.6220,86.5563,0.0604,0.0658,0.0054
9372,997.8,448.6,86.6211,86.6265,86.5607,0.0604,0.0657,0.0054
9373,1002.0,363.8,86.6255,86.6309,86.5648,0.0607,0.0661,0.0054
9374,1002.3,484.2,86.6300,86.6353,86.5687,0.0612,0.0666,0.0054
9375,995.9,422.7,86.6344,86.6398,86.5726,0.0618,0.0672,0.0054
9376,999.4,256.1,86.6389,86.6442,86.5768,0.0621,0.0675,0.0054
9377,999.7,462.6,86.6433,86.6487,86.5806,0.0627,0.0680,0.0054
9378,1000.0,402.9,86.6478,86.6531,86.5846,0.0632,0.0685,0.0054
9379,1000.1,258.6,86.6522,86.6576,86.5887,0.0635,0.0689,0.0054
9380,1000.3,467.6,86.6567,86.6621,86.5932,0.0635,0.0689,0.0054
9381,999.6,408.9,86.6612,86.6665,86.5974,0.0638,0.0692,0.0054
9382,999.9,252.0,86.6656,86.6710,86.6012,0.0645,0.0699,0.0054
9383,1000.0,465.3,86.6701,86.6755,86.6052,0.0649,0.0703,0.0054
9384,999.9,392.2,86.6746,86.6800,86.6089,0.0657,0.0711,0.0054
9385,1000.1,246.1,86.6791,86.6845,86.6125,0.0667,0.0721,0.0054
9386,999.9,471.9,86.6836,86.6890,86.6161,0.0675,0.0729,0.0054
9387,1000.0,388.7,86.6881,86.6935,86.6202,0.0679,0.0733,0.0054
9388,1000.0,451.4,86.6926,86.6980,86.6238,0.0688,0.0742,0.0054
9389,1000.3,474.8,86.6972,86.7026,86.6277,0.0695,0.0749,0.0054
9390,1000.9,383.3,86.7017,86.7071,86.6320,0.0697,0.0751,0.0054
9391,1000.9,452.1,86.7062,86.7116,86.6361,0.0701,0.0756,0.0054
9392,1003.7,471.7,86.7107,86.7162,86.6403,0.0705,0.0759,0.0054
9393,996.6,246.0,86.7153,86.7207,86.6445,0.0708,0.0762,0.0054
9394,998.9,472.6,86.7198,86.7252,86.6488,0.0710,0.0764,0.0054
9395,1002.2,494.4,86.7244,86.7298,86.6528,0.0715,0.0769,0.0054
9396,1001.9,422.2,86.7289,86.7344,86.6569,0.0720,0.0774,0.0054
9397,997.0,473.8,86.7335,86.7389,86.6611,0.0724,0.0778,0.0054
9398,998.2,440.3,86.7381,86.7435,86.6656,0.0725,0.0779,0.0054
9399,1000.2,255.6,86.7426,86.7481,86.6701,0.0726,0.0780,0.0054
9400,999.8,464.4,86.7472,86.7526,86.6747,0.0725,0.0779,0.0054
9401,1000.0,433.7,86.7518,86.7572,86.6796,0.0722,0.0776,0.0054
9402,1000.0,259.3,86.7564,86.7618,86.6848,0.0715,0.0770,0.0054
9403,999.7,463.8,86.7610,86.7664,86.6897,0.0713,0.0767,0.0054
9404,1000.4,426.5,86.7656,86.7710,86.6945,0.0711,0.0765,0.0054
9405,999.8,242.0,86.7702,86.7756,86.6992,0.0710,0.0764,0.0054
9406,1000.0,460.3,86.7748,86.7802,86.7040,0.0708,0.0762,0.0054
9407,1000.2,417.0,86.7794,86.7849,86.7087,0.0707,0.0762,0.0055
9408,999.9,245.9,86.7840,86.7895,86.7134,0.0706,0.0761,0.0055
9409,999.9,468.1,86.7886,86.7941,86.7183,0.0703,0.0758,0.0055
9410,1000.1,399.9,86.7933,86.7987,86.7238,0.0695,0.0750,0.0055
9411,1000.9,259.3,86.7979,86.8034,86.7288,0.0691,0.0746,0.0055
9412,1004.4,468.4,86.8026,86.8080,86.7338,0.0687,0.0742,0.0055
9413,995.1,405.5,86.8072,86.8127,86.7387,0.0685,0.0739,0.0055
9414,1011.8,267.6,86.8119,86.8173,86.7437,0.0682,0.0737,0.0055
9415,988.9,475.1,86.8165,86.8220,86.7482,0.0683,0.0738,0.0055
9416,1004.0,399.3,86.8212,86.8267,86.7529,0.0683,0.0738,0.0055
9417,996.8,460.8,86.8258,86.8313,86.7575,0.0683,0.0738,0.0055
9418,1000.9,475.1,86.8305,86.8360,86.7627,0.0678,0.0733,0.0055
9419,1001.1,419.0,86.8352,86.8407,86.7676,0.0676,0.0731,0.0055
9420,998.1,493.0,86.8399,86.8454,86.7725,0.0674,0.0729,0.0055
9421,998.2,484.8,86.8446,86.8501,86.7773,0.0672,0.0727,0.0055
9422,999.9,373.9,86.8493,86.8548,86.7825,0.0668,0.0723,0.0055
9423,1000.0,454.0,86.8540,86.8595,86.7871,0.0668,0.0723,0.0055
9424,999.9,462.7,86.8587,86.8642,86.7917,0.0669,0.0724,0.0055
9425,1000.0,245.4,86.8634,86.8689,86.7963,0.0671,0.0726,0.0055
9426,1000.2,459.7,86.8681,86.8736,86.8012,0.0669,0.0724,0.0055
9427,999.9,444.7,86.8728,86.8783,86.8058,0.0670,0.0725,0.0055
9428,1000.0,243.7,86.8775,86.8831,86.8105,0.0670,0.0725,0.0055
9429,1000.0,473.4,86.8823,86.8878,86.8152,0.0671,0.0726,0.0055
9430,1000.0,431.0,86.8870,86.8925,86.8200,0.0671,0.0726,0.0055
9431,999.9,248.6,86.8918,86.8973,86.8243,0.0675,0.0730,0.0055
9432,1000.0,465.0,86.8965,86.9020,86.8285,0.0680,0.0735,0.0055
9433,999.8,417.0,86.9013,86.9068,86.8327,0.0685,0.0741,0.0055
9434,1002.9,267.9,86.9060,86.9115,86.8369,0.0691,0.0746,0.0055
9435,1000.5,476.6,86.9108,86.9163,86.8415,0.0693,0.0748,0.0055
9436,998.4,425.4,86.9155,86.9211,86.8458,0.0697,0.0753,0.0055
9437,999.5,254.4,86.9203,86.9258,86.8502,0.0702,0.0757,0.0055
9438,999.6,478.3,86.9251,86.9306,86.8549,0.0702,0.0757,0.0055
9439,1000.7,420.5,86.9299,86.9354,86.8593,0.0706,0.0761,0.0055
9440,1001.9,256.0,86.9347,86.9402,86.8636,0.0711,0.0766,0.0055
9441,997.1,471.8,86.9395,86.9450,86.8677,0.0718,0.0773,0.0055
9442,1000.4,402.3,86.9443,86.9498,86.8721,0.0722,0.0777,0.0055
9443,999.5,244.8,86.9491,86.9546,86.8761,0.0730,0.0785,0.0055
9444,1000.5,490.5,86.9539,86.9594,86.8802,0.0736,0.0792,0.0055
9445,999.4,417.9,86.9587,86.9642,86.8844,0.0743,0.0798,0.0056
9446,1000.5,490.9,86.9635,86.9691,86.8888,0.0747,0.0803,0.0056
9447,999.5,496.3,86.9683,86.9739,86.8928,0.0755,0.0810,0.0056
9448,1000.6,400.8,86.9732,86.9787,86.8971,0.0760,0.0816,0.0056
9449,999.4,483.0,86.9780,86.9835,86.9017,0.0763,0.0819,0.0056
9450,1000.6,484.8,86.9828,86.9884,86.9073,0.0755,0.0811,0.0056
9451,999.5,374.2,86.9877,86.9932,86.9118,0.0759,0.0814,0.0056
9452,1000.6,462.2,86.9925,86.9981,86.9163,0.0762,0.0818,0.0056
9453,999.2,458.0,86.9974,87.0029,86.9207,0.0767,0.0822,0.0056
9454,1000.5,366.3,87.0022,87.0078,86.9255,0.0767,0.0823,0.0056
9455,1001.4,471.6,87.0071,87.0127,86.9301,0.0770,0.0826,0.0056
9456,1000.9,475.0,87.0120,87.0175,86.9348,0.0772,0.0827,0.0056
9457,998.8,253.9,87.0168,87.0224,86.9398,0.0771,0.0827,0.0056
9458,998.7,476.3,87.0217,87.0273,86.9448,0.0769,0.0825,0.0056
9459,1000.8,454.2,87.0266,87.0322,86.9505,0.0761,0.0817,0.0056
9460,1009.0,255.6,87.0315,87.0371,86.9557,0.0758,0.0813,0.0056
9461,991.9,460.3,87.0364,87.0420,86.9609,0.0755,0.0811,0.0056
9462,998.1,429.9,87.0413,87.0469,86.9661,0.0751,0.0807,0.0056
9463,999.7,245.9,87.0462,87.0518,86.9718,0.0744,0.0800,0.0056
9464,1000.2,474.7,87.0511,87.0567,86.9771,0.0740,0.0796,0.0056
9465,999.6,413.0,87.0560,87.0616,86.9827,0.0733,0.0789,0.0056
9466,1000.0,252.4,87.0609,87.0665,86.9883,0.0726,0.0782,0.0056
9467,999.9,466.8,87.0658,87.0715,86.9944,0.0715,0.0771,0.0056
9468,1000.1,395.8,87.0708,87.0764,87.0000,0.0707,0.0763,0.0056
9469,1000.0,266.5,87.0757,87.0813,87.0054,0.0703,0.0759,0.0056
9470,999.9,508.0,87.0806,87.0863,87.0107,0.0700,0.0756,0.0056
9471,999.9,417.0,87.0856,87.0912,87.0162,0.0694,0.0750,0.0056
9472,1000.2,251.7,87.0905,87.0962,87.0162,0.0744,0.0800,0.0056
9473,1000.1,467.3,87.0955,87.1011,87.0213,0.0742,0.0798,0.0056
9474,1000.2,404.1,87.1004,87.1061,87.0264,0.0740,0.0796,0.0056
9475,1000.1,467.6,87.1054,87.1110,87.0318,0.0736,0.0792,0.0056
9476,1000.8,489.1,87.1104,87.1160,87.0380,0.0723,0.0780,0.0056
9477,1002.3,392.6,87.1153,87.1210,87.0440,0.0714,0.0770,0.0056
9478,998.6,466.6,87.1203,87.1260,87.0498,0.0706,0.0762,0.0056
9479,1003.2,478.5,87.1253,87.1309,87.0555,0.0698,0.0755,0.0056
9480,995.7,246.8,87.1303,87.1359,87.0614,0.0689,0.0745,0.0056
9481,1000.1,470.4,87.1353,87.1409,87.0670,0.0683,0.0739,0.0056
9482,1003.1,479.0,87.1403,87.1459,87.0725,0.0677,0.0734,0.0056
9483,999.3,261.1,87.1453,87.1509,87.0786,0.0667,0.0723,0.0056
9484,1000.4,485.4,87.1503,87.1559,87.0842,0.0661,0.0717,0.0056
9485,997.0,443.0,87.1553,87.1609,87.0897,0.0656,0.0712,0.0056
9486,999.8,249.6,87.1603,87.1660,87.0951,0.0652,0.0709,0.0057
9487,999.7,471.4,87.1653,87.1710,87.1007,0.0647,0.0703,0.0057
9488,1000.0,443.7,87.1704,87.1760,87.1058,0.0646,0.0702,0.0057
9489,1001.2,258.0,87.1754,87.1810,87.1108,0.0646,0.0702,0.0057
9490,998.8,468.8,87.1804,87.1861,87.1157,0.0648,0.0704,0.0057
9491,1000.0,426.5,87.1855,87.1911,87.1209,0.0646,0.0702,0.0057
9492,999.8,249.4,87.1905,87.1962,87.1257,0.0648,0.0704,0.0057
9493,1000.0,482.5,87.1956,87.2012,87.1305,0.0651,0.0707,0.0057
9494,1000.2,449.8,87.2006,87.2063,87.1351,0.0655,0.0712,0.0057
9495,1000.1,292.9,87.2057,87.2113,87.1397,0.0660,0.0716,0.0057
9496,999.6,503.6,87.2107,87.2164,87.1438,0.0669,0.0726,0.0057
9497,1003.6,423.1,87.2158,87.2215,87.1478,0.0680,0.0737,0.0057
9498,1002.1,286.5,87.2209,87.2265,87.1517,0.0692,0.0749,0.0057
9499,997.5,509.8,87.2259,87.2316,87.1560,0.0699,0.0756,0.0057
9500,1000.2,406.0,87.2310,87.2367,87.1602,0.0708,0.0765,0.0057
9501,1003.9,279.7,87.2361,87.2418,87.1645,0.0716,0.0773,0.0057
9502,995.8,473.6,87.2412,87.2469,87.1689,0.0723,0.0780,0.0057
9503,1000.3,391.3,87.2463,87.2520,87.1736,0.0727,0.0784,0.0057
9504,997.6,270.7,87.2514,87.2571,87.1777,0.0736,0.0793,0.0057
9505,1001.3,477.8,87.2565,87.2622,87.1819,0.0746,0.0803,0.0057
9506,998.5,389.4,87.2616,87.2673,87.1860,0.0756,0.0813,0.0057
9507,999.3,468.1,87.2667,87.2724,87.1906,0.0761,0.0818,0.0057
9508,1000.6,477.6,87.2718,87.2775,87.1950,0.0768,0.0825,0.0057
9509,999.1,376.3,87.2770,87.2827,87.1996,0.0773,0.0830,0.0057
9510,1000.2,471.1,87.2821,87.2878,87.2044,0.0777,0.0834,0.0057
9511,1000.2,469.2,87.2872,87.2929,87.2097,0.0775,0.0832,0.0057
9512,1000.0,260.5,87.2923,87.2981,87.2145,0.0779,0.0836,0.0057
9513,1000.1,481.9,87.2975,87.3032,87.2193,0.0782,0.0839,0.0057
9514,1000.8,466.6,87.3026,87.3084,87.2239,0.0787,0.0844,0.0057
9515,999.0,244.3,87.3078,87.3135,87.2289,0.0789,0.0846,0.0057
9516,1000.4,468.3,87.3129,87.3187,87.2334,0.0795,0.0852,0.0057
9517,999.4,440.2,87.3181,87.3238,87.2383,0.0798,0.0855,0.0057
9518,1000.1,246.5,87.3233,87.3290,87.2431,0.0801,0.0858,0.0057
9519,999.7,479.4,87.3284,87.3342,87.2482,0.0803,0.0860,0.0057
9520,1000.8,471.0,87.3336,87.3393,87.2538,0.0798,0.0855,0.0057
9521,1001.1,375.5,87.3388,87.3445,87.2590,0.0798,0.0855,0.0057
9522,999.7,481.6,87.3440,87.3497,87.2642,0.0798,0.0855,0.0057
9523,1002.9,449.3,87.3491,87.3549,87.2696,0.0796,0.0853,0.0057
9524,997.3,275.3,87.3543,87.3601,87.2744,0.0800,0.0857,0.0057
9525,999.0,506.7,87.3595,87.3653,87.2792,0.0804,0.0861,0.0057
9526,1001.5,435.9,87.3647,87.3705,87.2841,0.0806,0.0864,0.0057
9527,999.7,265.8,87.3699,87.3757,87.2896,0.0803,0.0861,0.0057
9528,1000.0,486.6,87.3751,87.3809,87.2949,0.0803,0.0860,0.0057
9529,999.4,410.6,87.3804,87.3861,87.3004,0.0800,0.0857,0.0057
9530,999.9,257.4,87.3856,87.3913,87.3058,0.0798,0.0855,0.0058
9531,998.9,480.2,87.3908,87.3965,87.3114,0.0793,0.0851,0.0058
9532,1000.6,395.8,87.3960,87.4018,87.3167,0.0793,0.0850,0.0058
9533,999.2,246.3,87.4012,87.4070,87.3220,0.0792,0.0850,0.0058
9534,1000.8,479.1,87.4065,87.4122,87.3274,0.0791,0.0848,0.0058
9535,999.5,375.5,87.4117,87.4175,87.3333,0.0784,0.0842,0.0058
9536,1000.5,464.8,87.4170,87.4227,87.3389,0.0781,0.0839,0.0058
9537,1001.0,478.5,87.4222,87.4280,87.3445,0.0777,0.0835,0.0058
9538,998.8,245.1,87.4275,87.4332,87.3501,0.0774,0.0831,0.0058
9539,999.4,472.6,87.4327,87.4385,87.3561,0.0766,0.0824,0.0058
9540,1000.7,463.3,87.4380,87.4437,87.3615,0.0764,0.0822,0.0058
9541,999.4,251.2,87.4432,87.4490,87.3669,0.0764,0.0821,0.0058
9542,1000.6,470.2,87.4485,87.4543,87.3722,0.0763,0.0821,0.0058
9543,999.4,444.6,87.4538,87.4596,87.3780,0.0757,0.0815,0.0058
9544,1003.2,399.4,87.4591,87.4648,87.3837,0.0753,0.0811,0.0058
9545,998.2,508.5,87.4643,87.4701,87.3892,0.0752,0.0810,0.0058
9546,1004.9,512.9,87.4696,87.4754,87.3945,0.0751,0.0809,0.0058
9547,996.0,267.5,87.4749,87.4807,87.4000,0.0750,0.0807,0.0058
9548,1000.3,475.0,87.4802,87.4860,87.4049,0.0753,0.0811,0.0058
9549,997.9,444.9,87.4855,87.4913,87.4097,0.0758,0.0816,0.0058
9550,1001.4,252.5,87.4908,87.4966,87.4146,0.0762,0.0820,0.0058
9551,998.6,467.9,87.4961,87.5019,87.4199,0.0763,0.0821,0.0058
9552,1002.5,433.5,87.5014,87.5072,87.4249,0.0766,0.0824,0.0058
9553,997.2,249.6,87.5067,87.5125,87.4300,0.0768,0.0826,0.0058
9554,999.8,487.3,87.5121,87.5179,87.4351,0.0770,0.0828,0.0058
9555,1000.1,403.6,87.5174,87.5232,87.4405,0.0769,0.0827,0.0058
9556,999.9,248.4,87.5227,87.5285,87.4453,0.0774,0.0832,0.0058
9557,1000.0,487.6,87.5280,87.5339,87.4502,0.0779,0.0837,0.0058
9558,1000.0,401.7,87.5334,87.5392,87.4551,0.0783,0.0841,0.0058
9559,999.8,257.9,87.5387,87.5445,87.4604,0.0783,0.0841,0.0058
9560,1000.3,487.1,87.5441,87.5499,87.4655,0.0785,0.0844,0.0058
9561,1000.1,404.5,87.5494,87.5552,87.4710,0.0784,0.0843,0.0058
9562,999.9,252.1,87.5548,87.5606,87.4763,0.0785,0.0843,0.0058
9563,999.5,475.7,87.5601,87.5660,87.4819,0.0783,0.0841,0.0058
9564,1000.3,390.1,87.5655,87.5713,87.4872,0.0783,0.0841,0.0058
9565,1000.0,468.7,87.5709,87.5767,87.4925,0.0784,0.0842,0.0058
9566,1000.0,477.2,87.5762,87.5821,87.4977,0.0785,0.0843,0.0058
9567,1000.1,252.8,87.5816,87.5874,87.5035,0.0781,0.0839,0.0058
9568,1001.5,469.9,87.5870,87.5928,87.5089,0.0781,0.0840,0.0058
9569,998.9,503.8,87.5924,87.5982,87.5143,0.0781,0.0839,0.0058
9570,999.8,397.3,87.5977,87.6036,87.5197,0.0781,0.0839,0.0058
9571,1000.0,500.7,87.6031,87.6090,87.5253,0.0778,0.0837,0.0058
9572,1000.5,475.2,87.6085,87.6144,87.5305,0.0780,0.0839,0.0058
9573,1000.5,252.8,87.6139,87.6198,87.5355,0.0785,0.0843,0.0058
9574,999.9,479.6,87.6193,87.6252,87.5404,0.0789,0.0848,0.0058
9575,999.4,442.1,87.6247,87.6306,87.5454,0.0793,0.0852,0.0058
9576,1000.4,259.1,87.6301,87.6360,87.5509,0.0793,0.0851,0.0058
9577,999.3,475.4,87.6356,87.6414,87.5561,0.0794,0.0853,0.0059
9578,1000.6,422.7,87.6410,87.6468,87.5616,0.0794,0.0852,0.0059
9579,999.0,254.0,87.6464,87.6523,87.5675,0.0789,0.0847,0.0059
9580,1000.8,476.4,87.6518,87.6577,87.5732,0.0786,0.0845,0.0059
9581,999.6,421.0,87.6573,87.6631,87.5790,0.0783,0.0842,0.0059
9582,1000.5,250.4,87.6627,87.6686,87.5846,0.0781,0.0839,0.0059
9583,999.4,477.1,87.6681,87.6740,87.5908,0.0773,0.0832,0.0059
9584,1000.7,427.4,87.6736,87.6794,87.5967,0.0768,0.0827,0.0059
9585,999.6,245.6,87.6790,87.6849,87.6025,0.0765,0.0824,0.0059
9586,1000.2,467.2,87.6845,87.6903,87.6084,0.0761,0.0819,0.0059
9587,999.6,410.3,87.6899,87.6958,87.6148,0.0752,0.0810,0.0059
9588,1000.5,254.9,87.6954,87.7013,87.6206,0.0748,0.0807,0.0059
9589,1000.4,498.4,87.7008,87.7067,87.6262,0.0746,0.0805,0.0059
9590,999.7,393.7,87.7063,87.7122,87.6318,0.0745,0.0804,0.0059
9591,1001.7,259.7,87.7118,87.7177,87.6377,0.0741,0.0799,0.0059
9592,998.3,496.6,87.7173,87.7231,87.6433,0.0739,0.0798,0.0059
9593,1001.7,384.8,87.7227,87.7286,87.6490,0.0737,0.0796,0.0059
9594,998.8,507.9,87.7282,87.7341,87.6543,0.0739,0.0798,0.0059
9595,1000.7,508.6,87.7337,87.7396,87.6601,0.0736,0.0795,0.0059
9596,998.6,427.5,87.7392,87.7451,87.6653,0.0739,0.0798,0.0059
9597,999.2,494.5,87.7447,87.7506,87.6704,0.0743,0.0801,0.0059
9598,1000.7,499.9,87.7502,87.7561,87.6754,0.0747,0.0806,0.0059
9599,998.8,416.2,87.7557,87.7616,87.6808,0.0748,0.0807,0.0059
9600,1000.7,506.5,87.7612,87.7671,87.6858,0.0753,0.0812,0.0059
9601,999.5,492.7,87.7667,87.7726,87.6910,0.0757,0.0816,0.0059
9602,1000.5,395.0,87.7722,87.7781,87.6962,0.0760,0.0819,0.0059
9603,999.3,485.7,87.7777,87.7836,87.7018,0.0760,0.0819,0.0059
9604,1000.7,447.8,87.7832,87.7891,87.7069,0.0763,0.0822,0.0059
9605,999.5,252.8,87.7888,87.7947,87.7122,0.0766,0.0825,0.0059
9606,1000.5,468.3,87.7943,87.8002,87.7172,0.0770,0.0829,0.0059
9607,999.5,430.8,87.7998,87.8057,87.7228,0.0770,0.0829,0.0059
9608,1001.1,251.0,87.8053,87.8113,87.7279,0.0774,0.0833,0.0059
9609,999.8,490.7,87.8109,87.8168,87.7332,0.0777,0.0836,0.0059
9610,1002.4,423.0,87.8164,87.8223,87.7384,0.0780,0.0839,0.0059
9611,998.0,252.6,87.8220,87.8279,87.7442,0.0778,0.0837,0.0059
9612,1008.3,537.9,87.8275,87.8334,87.7496,0.0779,0.0838,0.0059
9613,993.0,429.7,87.8331,87.8390,87.7548,0.0783,0.0842,0.0059
9614,998.0,256.8,87.8386,87.8446,87.7599,0.0788,0.0847,0.0059
9615,999.9,475.5,87.8442,87.8501,87.7660,0.0782,0.0841,0.0059
9616,1000.0,410.4,87.8498,87.8557,87.7703,0.0795,0.0854,0.0059
9617,999.8,252.5,87.8553,87.8612,87.7762,0.0791,0.0850,0.0059
9618,1000.2,486.5,87.8609,87.8668,87.7807,0.0802,0.0861,0.0059
9619,999.9,422.7,87.8665,87.8724,87.7872,0.0793,0.0852,0.0059
9620,999.9,291.7,87.8720,87.8780,87.7922,0.0799,0.0858,0.0059
9621,999.9,501.6,87.8776,87.8836,87.7969,0.0807,0.0866,0.0059
9622,1000.1,382.6,87.8832,87.8891,87.8016,0.0816,0.0875,0.0059
9623,999.8,469.7,87.8888,87.8947,87.8066,0.0822,0.0882,0.0059
9624,1000.3,482.4,87.8944,87.9003,87.8113,0.0831,0.0890,0.0059
9625,1000.0,241.9,87.9000,87.9059,87.8163,0.0837,0.0897,0.0059
9626,1000.0,465.9,87.9056,87.9115,87.8213,0.0843,0.0902,0.0059
9627,1000.1,470.7,87.9112,87.9171,87.8268,0.0844,0.0904,0.0059
9628,999.9,246.7,87.9168,87.9227,87.8319,0.0849,0.0908,0.0059
9629,999.8,481.4,87.9224,87.9284,87.8370,0.0854,0.0914,0.0059
9630,1001.4,460.1,87.9280,87.9340,87.8421,0.0859,0.0919,0.0059
9631,1001.6,259.8,87.9336,87.9396,87.8477,0.0860,0.0919,0.0060
9632,1001.3,484.7,87.9393,87.9452,87.8528,0.0865,0.0924,0.0060
9633,998.9,448.8,87.9449,87.9508,87.8582,0.0866,0.0926,0.0060
9634,1002.2,268.6,87.9505,87.9565,87.8582,0.0923,0.0982,0.0060
9635,999.5,487.5,87.9562,87.9621,87.8637,0.0924,0.0984,0.0060
9636,998.1,451.7,87.9618,87.9677,87.8699,0.0919,0.0979,0.0060
9637,1002.5,265.3,87.9674,87.9734,87.8756,0.0918,0.0978,0.0060
9638,998.1,484.0,87.9731,87.9790,87.8816,0.0915,0.0975,0.0060
9639,999.9,449.8,87.9787,87.9847,87.8877,0.0910,0.0970,0.0060
9640,1000.0,263.3,87.9844,87.9903,87.8942,0.0901,0.0961,0.0060
9641,999.1,488.3,87.9900,87.9960,87.9004,0.0896,0.0956,0.0060
9642,1000.8,434.5,87.9957,88.0016,87.9067,0.0890,0.0949,0.0060
9643,999.6,256.1,88.0013,88.0073,87.9128,0.0885,0.0945,0.0060
9644,1000.1,492.3,88.0070,88.0130,87.9193,0.0877,0.0937,0.0060
9645,998.6,432.8,88.0127,88.0186,87.9252,0.0875,0.0935,0.0060
9646,1000.1,318.5,88.0183,88.0243,87.9308,0.0875,0.0935,0.0060
9647,1002.5,512.9,88.0240,88.0300,87.9365,0.0875,0.0935,0.0060
9648,996.4,397.2,88.0297,88.0357,87.9427,0.0870,0.0929,0.0060
9649,999.6,264.8,88.0354,88.0413,87.9486,0.0867,0.0927,0.0060
9650,1000.0,484.1,88.0410,88.0470,87.9547,0.0864,0.0924,0.0060
9651,1000.0,395.0,88.0467,88.0527,87.9608,0.0860,0.0920,0.0060
9652,1000.0,480.7,88.0524,88.0584,87.9672,0.0852,0.0912,0.0060
9653,999.8,488.0,88.0581,88.0641,87.9731,0.0850,0.0910,0.0060
9654,1000.0,383.6,88.0638,88.0698,87.9792,0.0846,0.0906,0.0060
9655,1000.0,476.8,88.0695,88.0755,87.9854,0.0842,0.0902,0.0060
9656,1002.9,494.6,88.0752,88.0812,87.9923,0.0829,0.0889,0.0060
9657,1000.1,258.8,88.0809,88.0869,87.9989,0.0820,0.0880,0.0060
9658,1000.3,475.4,88.0866,88.0926,88.0054,0.0812,0.0872,0.0060
9659,1000.1,471.0,88.0924,88.0983,88.0117,0.0806,0.0866,0.0060
9660,999.4,256.0,88.0981,88.1041,88.0184,0.0797,0.0857,0.0060
9661,1000.2,480.4,88.1038,88.1098,88.0245,0.0793,0.0853,0.0060
9662,998.1,452.6,88.1095,88.1155,88.0308,0.0788,0.0848,0.0060
9663,1000.5,280.6,88.1152,88.1212,88.0370,0.0782,0.0842,0.0060
9664,1000.3,507.3,88.1210,88.1270,88.0436,0.0774,0.0834,0.0060
9665,998.5,434.5,88.1267,88.1327,88.0494,0.0773,0.0833,0.0060
9666,999.6,253.0,88.1324,88.1384,88.0551,0.0774,0.0834,0.0060
9667,1000.1,486.5,88.1382,88.1442,88.0606,0.0776,0.0836,0.0060
9668,1000.1,419.1,88.1439,88.1499,88.0664,0.0775,0.0835,0.0060
9669,1000.0,290.1,88.1497,88.1557,88.0716,0.0781,0.0841,0.0060
9670,1000.1,526.6,88.1554,88.1614,88.0768,0.0786,0.0846,0.0060
9671,999.9,435.9,88.1612,88.1672,88.0827,0.0785,0.0845,0.0060
9672,1000.0,258.8,88.1669,88.1729,88.0882,0.0788,0.0848,0.0060
9673,1002.4,491.8,88.1727,88.1787,88.0934,0.0792,0.0853,0.0060
9674,1001.4,419.7,88.1784,88.1845,88.0989,0.0796,0.0856,0.0060
9675,999.0,255.9,88.1842,88.1902,88.1046,0.0797,0.0857,0.0060
9676,999.9,521.9,88.1900,88.1960,88.1099,0.0801,0.0861,0.0060
9677,999.9,427.9,88.1957,88.2018,88.1154,0.0803,0.0864,0.0060
9678,1000.2,278.7,88.2015,88.2075,88.1209,0.0806,0.0866,0.0060
9679,999.8,503.4,88.2073,88.2133,88.1270,0.0803,0.0864,0.0060
9680,1000.0,395.1,88.2131,88.2191,88.1324,0.0807,0.0867,0.0060
9681,1001.0,477.7,88.2189,88.2249,88.1378,0.0811,0.0871,0.0060
9682,999.4,491.0,88.2246,88.2307,88.1432,0.0815,0.0875,0.0060
9683,999.7,253.3,88.2304,88.2365,88.1491,0.0814,0.0874,0.0060
9684,998.6,490.1,88.2362,88.2423,88.1545,0.0817,0.0877,0.0060
9685,1001.5,483.5,88.2420,88.2481,88.1601,0.0819,0.0879,0.0060
9686,1002.3,267.1,88.2478,88.2539,88.1657,0.0821,0.0882,0.0060
9687,1000.1,481.6,88.2536,88.2597,88.1714,0.0822,0.0882,0.0060
9688,1004.7,475.9,88.2594,88.2655,88.1767,0.0827,0.0888,0.0060
9689,992.9,265.3,88.2652,88.2713,88.1820,0.0833,0.0893,0.0060
9690,1000.6,485.7,88.2710,88.2771,88.1872,0.0838,0.0899,0.0060
9691,1000.4,458.4,88.2769,88.2829,88.1931,0.0837,0.0898,0.0060
9692,999.4,264.2,88.2827,88.2887,88.1986,0.0841,0.0902,0.0061
9693,999.5,489.9,88.2885,88.2946,88.2041,0.0844,0.0905,0.0061
9694,999.3,466.9,88.2943,88.3004,88.2096,0.0847,0.0907,0.0061
9695,998.3,288.8,88.3001,88.3062,88.2157,0.0844,0.0905,0.0061
9696,1000.0,497.7,88.3060,88.3120,88.2214,0.0846,0.0907,0.0061
9697,999.9,430.2,88.3118,88.3179,88.2269,0.0849,0.0909,0.0061
9698,1000.0,244.2,88.3176,88.3237,88.2325,0.0852,0.0912,0.0061
9699,999.9,502.2,88.3235,88.3295,88.2386,0.0849,0.0910,0.0061
9700,1000.2,418.4,88.3293,88.3354,88.2444,0.0849,0.0910,0.0061
9701,999.9,252.3,88.3352,88.3412,88.2505,0.0847,0.0908,0.0061
9702,999.9,492.3,88.3410,88.3471,88.2567,0.0843,0.0904,0.0061
9703,999.9,405.7,88.3469,88.3529,88.2634,0.0834,0.0895,0.0061
9704,1000.0,258.8,88.3527,88.3588,88.2697,0.0831,0.0891,0.0061
9705,1000.2,492.9,88.3586,88.3646,88.2758,0.0828,0.0889,0.0061
9706,999.8,399.2,88.3644,88.3705,88.2819,0.0826,0.0886,0.0061
9707,1000.3,249.3,88.3703,88.3764,88.2884,0.0819,0.0880,0.0061
9708,1000.0,481.8,88.3761,88.3822,88.2945,0.0816,0.0877,0.0061
9709,999.8,388.2,88.3820,88.3881,88.3007,0.0813,0.0874,0.0061
9710,1000.1,483.7,88.3879,88.3940,88.3066,0.0813,0.0874,0.0061
9711,1000.2,496.3,88.3938,88.3998,88.3127,0.0811,0.0872,0.0061
9712,1000.5,383.1,88.3996,88.4057,88.3182,0.0814,0.0875,0.0061
9713,999.1,480.5,88.4055,88.4116,88.3236,0.0819,0.0880,0.0061
9714,1000.6,477.4,88.4114,88.4175,88.3292,0.0822,0.0883,0.0061
9715,999.6,246.8,88.4173,88.4234,88.3350,0.0823,0.0884,0.0061
9716,1000.0,470.5,88.4232,88.4292,88.3404,0.0828,0.0888,0.0061
9717,1000.0,471.0,88.4290,88.4351,88.3459,0.0831,0.0892,0.0061
9718,1000.0,249.7,88.4349,88.4410,88.3512,0.0837,0.0898,0.0061
9719,999.7,505.1,88.4408,88.4469,88.3569,0.0839,0.0900,0.0061
9720,1000.3,479.5,88.4467,88.4528,88.3622,0.0845,0.0906,0.0061
9721,1000.2,282.0,88.4526,88.4587,88.3675,0.0851,0.0912,0.0061
9722,999.7,499.2,88.4585,88.4646,88.3729,0.0856,0.0917,0.0061
9723,999.9,429.9,88.4644,88.4705,88.3789,0.0855,0.0916,0.0061
9724,1000.2,253.0,88.4703,88.4764,88.3845,0.0858,0.0919,0.0061
9725,999.9,484.5,88.4763,88.4824,88.3899,0.0863,0.0924,0.0061
9726,999.9,435.6,88.4822,88.4883,88.3955,0.0867,0.0928,0.0061
9727,1000.2,251.5,88.4881,88.4942,88.4009,0.0872,0.0933,0.0061
9728,999.8,495.7,88.4940,88.5001,88.4069,0.0871,0.0932,0.0061
9729,1000.0,421.8,88.4999,88.5060,88.4126,0.0873,0.0934,0.0061
9730,999.9,246.5,88.5058,88.5120,88.4182,0.0876,0.0937,0.0061
9731,1000.1,483.7,88.5118,88.5179,88.4239,0.0879,0.0940,0.0061
9732,1000.6,413.6,88.5177,88.5238,88.4298,0.0879,0.0940,0.0061
9733,999.4,247.7,88.5236,88.5297,88.4350,0.0886,0.0947,0.0061
9734,1000.0,500.2,88.5296,88.5357,88.4402,0.0894,0.0955,0.0061
9735,999.9,391.6,88.5355,88.5416,88.4454,0.0901,0.0962,0.0061
9736,1000.0,246.6,88.5414,88.5476,88.4512,0.0902,0.0963,0.0061
9737,1000.1,490.8,88.5474,88.5535,88.4569,0.0905,0.0966,0.0061
9738,999.9,243.0,88.5533,88.5594,88.4626,0.0907,0.0968,0.0061
9739,999.8,254.2,88.5593,88.5654,88.4683,0.0910,0.0971,0.0061
9740,1000.2,475.9,88.5652,88.5713,88.4744,0.0908,0.0970,0.0061
9741,999.8,248.4,88.5712,88.5773,88.4802,0.0910,0.0971,0.0061
9742,1000.1,480.2,88.5771,88.5833,88.4861,0.0910,0.0972,0.0061
9743,999.9,473.0,88.5831,88.5892,88.4921,0.0909,0.0971,0.0061
9744,1000.2,415.4,88.5891,88.5952,88.4990,0.0901,0.0962,0.0061
9745,1000.7,517.1,88.5950,88.6011,88.5054,0.0896,0.0957,0.0061
9746,999.2,497.7,88.6010,88.6071,88.5120,0.0889,0.0951,0.0061
9747,1000.8,405.9,88.6069,88.6131,88.5186,0.0884,0.0945,0.0061
9748,999.1,518.5,88.6129,88.6190,88.5254,0.0875,0.0936,0.0061
9749,999.8,494.2,88.6189,88.6250,88.5318,0.0871,0.0932,0.0061
9750,1000.4,280.2,88.6249,88.6310,88.5383,0.0865,0.0927,0.0061
9751,999.9,495.4,88.6308,88.6370,88.5450,0.0859,0.0920,0.0061
9752,999.9,460.0,88.6368,88.6429,88.5517,0.0851,0.0913,0.0061
9753,1000.0,266.7,88.6428,88.6489,88.5588,0.0840,0.0901,0.0061
9754,1000.0,512.6,88.6488,88.6549,88.5652,0.0836,0.0897,0.0061
9755,1000.3,420.8,88.6548,88.6609,88.5717,0.0831,0.0892,0.0061
9756,999.6,248.9,88.6608,88.6669,88.5781,0.0827,0.0888,0.0061
9757,1000.2,493.4,88.6667,88.6729,88.5852,0.0815,0.0876,0.0061
9758,999.9,417.9,88.6727,88.6789,88.5919,0.0808,0.0869,0.0061
9759,999.9,254.0,88.6787,88.6849,88.5986,0.0801,0.0863,0.0061
9760,1000.1,499.0,88.6847,88.6909,88.6053,0.0794,0.0856,0.0061
9761,1000.0,418.6,88.6907,88.6969,88.6124,0.0783,0.0845,0.0061
9762,1000.7,264.7,88.6967,88.7029,88.6188,0.0779,0.0841,0.0061
9763,999.7,488.8,88.7027,88.7089,88.6253,0.0775,0.0836,0.0061
9764,999.6,401.4,88.7088,88.7149,88.6315,0.0772,0.0834,0.0061
9765,1000.6,251.5,88.7148,88.7209,88.6382,0.0766,0.0827,0.0061
9766,999.2,503.9,88.7208,88.7269,88.6443,0.0765,0.0827,0.0061
9767,1000.9,390.0,88.7268,88.7329,88.6502,0.0766,0.0827,0.0061
9768,999.2,248.3,88.7328,88.7390,88.6558,0.0770,0.0832,0.0062
9769,1000.4,495.3,88.7388,88.7450,88.6617,0.0772,0.0833,0.0062
9770,999.5,412.9,88.7448,88.7510,88.6672,0.0776,0.0838,0.0062
9771,1000.3,511.4,88.7509,88.7570,88.6726,0.0783,0.0844,0.0062
9772,1000.3,492.9,88.7569,88.7631,88.6779,0.0790,0.0852,0.0062
9773,999.2,245.7,88.7629,88.7691,88.6834,0.0795,0.0857,0.0062
9774,1000.7,490.4,88.7690,88.7751,88.6883,0.0806,0.0868,0.0062
9775,1000.2,467.1,88.7750,88.7811,88.6931,0.0819,0.0880,0.0062
9776,999.2,249.6,88.7810,88.7872,88.6979,0.0832,0.0893,0.0062
9777,1000.2,494.9,88.7871,88.7932,88.7030,0.0841,0.0902,0.0062
9778,999.9,446.0,88.7931,88.7993,88.7080,0.0851,0.0913,0.0062
9779,1000.3,260.9,88.7991,88.8053,88.7131,0.0860,0.0922,0.0062
9780,1000.5,488.1,88.8052,88.8113,88.7180,0.0872,0.0933,0.0062
9781,999.4,445.8,88.8112,88.8174,88.7235,0.0878,0.0939,0.0062
9782,1000.1,255.7,88.8173,88.8234,88.7285,0.0888,0.0950,0.0062
9783,1000.3,494.6,88.8233,88.8295,88.7337,0.0897,0.0958,0.0062
9784,999.7,427.5,88.8294,88.8355,88.7389,0.0905,0.0967,0.0062
9785,1000.5,244.0,88.8354,88.8416,88.7448,0.0907,0.0968,0.0062
9786,999.9,486.4,88.8415,88.8477,88.7506,0.0909,0.0971,0.0062
9787,1000.1,423.8,88.8475,88.8537,88.7574,0.0902,0.0964,0.0062
9788,999.8,256.9,88.8536,88.8598,88.7623,0.0913,0.0975,0.0062
9789,1000.0,496.5,88.8597,88.8658,88.7696,0.0901,0.0963,0.0062
9790,1000.0,410.5,88.8657,88.8719,88.7756,0.0902,0.0963,0.0062
9791,1000.2,249.8,88.8718,88.8780,88.7815,0.0903,0.0965,0.0062
9792,999.9,493.8,88.8779,88.8840,88.7877,0.0902,0.0964,0.0062
9793,999.9,401.6,88.8839,88.8901,88.7946,0.0893,0.0955,0.0062
9794,1000.1,277.1,88.8900,88.8962,88.8010,0.0890,0.0952,0.0062
9795,1001.9,542.0,88.8961,88.9023,88.8072,0.0888,0.0950,0.0062
9796,997.6,401.0,88.9022,88.9083,88.8133,0.0888,0.0950,0.0062
9797,1000.6,253.2,88.9082,88.9144,88.8198,0.0885,0.0947,0.0062
9798,999.9,487.7,88.9143,88.9205,88.8258,0.0886,0.0947,0.0062
9799,999.9,389.4,88.9204,88.9266,88.8320,0.0884,0.0946,0.0062
9800,999.9,484.1,88.9265,88.9327,88.8382,0.0883,0.0945,0.0062
9801,1000.2,475.7,88.9326,88.9388,88.8450,0.0876,0.0938,0.0062
9802,999.8,251.2,88.9387,88.9449,88.8516,0.0871,0.0932,0.0062
9803,999.8,489.7,88.9448,88.9509,88.8581,0.0867,0.0928,0.0062
9804,999.7,471.0,88.9509,88.9570,88.8646,0.0862,0.0924,0.0062
9805,1000.4,246.7,88.9569,88.9631,88.8646,0.0923,0.0985,0.0062
9806,999.4,477.3,88.9630,88.9692,88.8715,0.0915,0.0977,0.0062
9807,1000.7,451.7,88.9691,88.9753,88.8780,0.0912,0.0973,0.0062
9808,1000.0,247.0,88.9752,88.9814,88.8846,0.0907,0.0968,0.0062
9809,999.9,499.3,88.9813,88.9875,88.8913,0.0900,0.0962,0.0062
9810,999.9,435.8,88.9874,88.9936,88.8985,0.0889,0.0951,0.0062
9811,1000.4,257.7,88.9936,88.9998,88.9051,0.0884,0.0946,0.0062
9812,999.8,500.2,88.9997,89.0059,88.9117,0.0879,0.0941,0.0062
9813,999.9,422.4,89.0058,89.0120,88.9182,0.0876,0.0937,0.0062
9814,1000.0,261.8,89.0119,89.0181,88.9249,0.0870,0.0932,0.0062
9815,999.6,493.1,89.0180,89.0242,88.9308,0.0872,0.0934,0.0062
9816,1000.6,425.4,89.0241,89.0303,88.9364,0.0877,0.0939,0.0062
9817,1000.0,247.4,89.0302,89.0364,88.9416,0.0886,0.0948,0.0062
9818,1000.0,501.8,89.0363,89.0425,88.9472,0.0891,0.0953,0.0062
9819,999.8,440.3,89.0425,89.0487,88.9526,0.0899,0.0961,0.0062
9820,1000.0,298.2,89.0486,89.0548,88.9581,0.0905,0.0967,0.0062
9821,1000.1,503.0,89.0547,89.0609,88.9637,0.0910,0.0972,0.0062
9822,1000.0,409.6,89.0608,89.0670,88.9698,0.0910,0.0972,0.0062
9823,999.9,255.4,89.0670,89.0732,88.9754,0.0915,0.0977,0.0062
9824,1000.0,498.4,89.0731,89.0793,88.9811,0.0920,0.0982,0.0062
9825,1000.2,246.0,89.0792,89.0854,88.9868,0.0924,0.0987,0.0062
9826,999.4,249.0,89.0854,89.0916,88.9931,0.0923,0.0985,0.0062
9827,1000.0,486.5,89.0915,89.0977,88.9992,0.0923,0.0985,0.0062
9828,999.9,409.3,89.0976,89.1038,89.0054,0.0922,0.0984,0.0062
9829,1000.1,505.8,89.1038,89.1100,89.0116,0.0922,0.0984,0.0062
9830,1000.0,506.7,89.1099,89.1161,89.0183,0.0916,0.0978,0.0062
9831,1000.1,253.7,89.1161,89.1223,89.0246,0.0914,0.0977,0.0062
9832,1000.1,490.2,89.1222,89.1284,89.0309,0.0913,0.0975,0.0062
9833,1000.0,469.4,89.1283,89.1346,89.0373,0.0910,0.0972,0.0062
9834,999.8,255.7,89.1345,89.1407,89.0443,0.0902,0.0964,0.0062
9835,1000.2,487.2,89.1406,89.1468,89.0507,0.0899,0.0961,0.0062
9836,1000.5,451.3,89.1468,89.1530,89.0572,0.0896,0.0958,0.0062
9837,999.6,255.6,89.1529,89.1591,89.0636,0.0893,0.0956,0.0062
9838,1000.7,490.3,89.1591,89.1653,89.0704,0.0886,0.0949,0.0062
9839,999.0,441.6,89.1652,89.1715,89.0768,0.0884,0.0946,0.0062
9840,1000.2,246.5,89.1714,89.1776,89.0833,0.0881,0.0944,0.0062
9841,1000.6,491.6,89.1776,89.1838,89.0898,0.0877,0.0940,0.0062
9842,999.3,438.1,89.1837,89.1899,89.0969,0.0868,0.0930,0.0062
9843,999.9,250.3,89.1899,89.1961,89.1035,0.0863,0.0926,0.0062
9844,1002.4,525.4,89.1960,89.2023,89.1102,0.0859,0.0921,0.0062
9845,998.6,452.2,89.2022,89.2084,89.1169,0.0853,0.0915,0.0062
9846,999.1,277.6,89.2084,89.2146,89.1240,0.0844,0.0906,0.0062
9847,1000.9,505.2,89.2145,89.2208,89.1306,0.0840,0.0902,0.0062
9848,999.2,409.5,89.2207,89.2269,89.1372,0.0835,0.0897,0.0062
9849,999.8,253.0,89.2269,89.2331,89.1439,0.0830,0.0892,0.0062
9850,999.8,496.3,89.2330,89.2393,89.1510,0.0820,0.0883,0.0062
9851,1000.3,407.7,89.2392,89.2454,89.1576,0.0816,0.0878,0.0062
9852,999.9,250.0,89.2454,89.2516,89.1641,0.0813,0.0875,0.0062
9853,999.8,500.7,89.2516,89.2578,89.1706,0.0810,0.0872,0.0062
9854,1000.0,399.0,89.2577,89.2640,89.1776,0.0801,0.0864,0.0062
9855,1000.2,247.3,89.2639,89.2701,89.1839,0.0800,0.0862,0.0062
9856,999.9,488.6,89.2701,89.2763,89.1899,0.0802,0.0865,0.0062
9857,1000.1,247.3,89.2763,89.2825,89.1960,0.0803,0.0865,0.0062
9858,999.9,484.7,89.2825,89.2887,89.2016,0.0809,0.0871,0.0062
9859,999.9,480.0,89.2886,89.2949,89.2073,0.0813,0.0876,0.0062
9860,1000.1,250.4,89.2948,89.3011,89.2130,0.0818,0.0881,0.0062
9861,1000.3,483.5,89.3010,89.3073,89.2191,0.0819,0.0882,0.0062
9862,1000.4,475.2,89.3072,89.3134,89.2245,0.0827,0.0889,0.0062
9863,999.2,243.0,89.3134,89.3196,89.2299,0.0835,0.0897,0.0062
9864,1000.0,501.4,89.3196,89.3258,89.2351,0.0845,0.0908,0.0062
9865,1000.2,448.2,89.3258,89.3320,89.2407,0.0851,0.0913,0.0062
9866,999.8,257.3,89.3320,89.3382,89.2461,0.0859,0.0921,0.0062
9867,1000.1,496.8,89.3382,89.3444,89.2516,0.0866,0.0928,0.0062
9868,1000.1,434.7,89.3444,89.3506,89.2574,0.0870,0.0932,0.0062
9869,999.8,293.1,89.3506,89.3568,89.2637,0.0868,0.0931,0.0062
9870,1000.1,522.6,89.3568,89.3630,89.2696,0.0871,0.0934,0.0062
9871,1000.0,458.6,89.3630,89.3692,89.2755,0.0875,0.0937,0.0062
9872,1000.0,250.0,89.3692,89.3754,89.2812,0.0880,0.0942,0.0062
9873,999.8,503.5,89.3754,89.3816,89.2874,0.0879,0.0942,0.0062
9874,1000.1,433.2,89.3816,89.3878,89.2934,0.0882,0.0944,0.0062
9875,1000.2,247.5,89.3878,89.3940,89.2994,0.0883,0.0946,0.0062
9876,999.9,505.8,89.3940,89.4002,89.3054,0.0886,0.0948,0.0062
9877,999.9,422.9,89.4002,89.4064,89.3118,0.0884,0.0947,0.0062
9878,1000.0,258.1,89.4064,89.4126,89.3173,0.0891,0.0953,0.0062
9879,1000.2,507.6,89.4126,89.4189,89.3227,0.0899,0.0961,0.0062
9880,999.9,401.8,89.4188,89.4251,89.3281,0.0907,0.0970,0.0062
9881,999.9,247.7,89.4250,89.4313,89.3341,0.0909,0.0972,0.0062
9882,1000.0,499.0,89.4312,89.4375,89.3398,0.0914,0.0977,0.0062
9883,1000.0,243.7,89.4375,89.4437,89.3458,0.0916,0.0979,0.0062
9884,999.9,265.6,89.4437,89.4499,89.3519,0.0918,0.0981,0.0062
9885,1000.2,489.2,89.4499,89.4561,89.3584,0.0915,0.0977,0.0063
9886,999.7,243.8,89.4561,89.4624,89.3646,0.0915,0.0977,0.0063
9887,1000.2,491.8,89.4623,89.4686,89.3709,0.0914,0.0977,0.0063
9888,1000.2,474.9,89.4685,89.4748,89.3773,0.0912,0.0975,0.0063
9889,999.4,252.5,89.4748,89.4810,89.3844,0.0904,0.0967,0.0063
9890,1000.8,486.2,89.4810,89.4872,89.3908,0.0902,0.0965,0.0063
9891,999.5,470.8,89.4872,89.4935,89.3972,0.0900,0.0963,0.0063
9892,1000.1,255.7,89.4934,89.4997,89.4035,0.0900,0.0962,0.0063
9893,999.7,493.7,89.4997,89.5059,89.4102,0.0895,0.0957,0.0063
9894,1000.3,492.3,89.5059,89.5122,89.4166,0.0893,0.0955,0.0063
9895,1000.8,281.2,89.5121,89.5184,89.4231,0.0890,0.0953,0.0063
9896,1000.1,526.3,89.5184,89.5246,89.4296,0.0887,0.0950,0.0063
9897,1000.1,476.2,89.5246,89.5308,89.4367,0.0879,0.0942,0.0063
9898,999.6,283.3,89.5308,89.5371,89.4429,0.0879,0.0942,0.0063
9899,1003.0,539.1,89.5370,89.5433,89.4489,0.0882,0.0944,0.0063
9900,999.5,477.6,89.5433,89.5495,89.4550,0.0883,0.0945,0.0063
9901,999.7,304.9,89.5495,89.5558,89.4617,0.0878,0.0941,0.0063
9902,1000.3,509.8,89.5557,89.5620,89.4681,0.0876,0.0939,0.0063
9903,999.7,436.5,89.5620,89.5682,89.4747,0.0873,0.0935,0.0063
9904,998.6,283.3,89.5682,89.5745,89.4812,0.0870,0.0933,0.0063
9905,1000.0,524.0,89.5745,89.5807,89.4884,0.0861,0.0923,0.0063
9906,999.0,449.8,89.5807,89.5870,89.4948,0.0859,0.0922,0.0063
9907,1000.7,275.2,89.5869,89.5932,89.5011,0.0858,0.0921,0.0063
9908,999.8,520.9,89.5932,89.5994,89.5075,0.0857,0.0920,0.0063
9909,1003.2,427.6,89.5994,89.6057,89.5148,0.0846,0.0909,0.0063
9910,997.5,254.1,89.6057,89.6119,89.5212,0.0844,0.0907,0.0063
9911,1002.0,512.0,89.6119,89.6182,89.5275,0.0844,0.0907,0.0063
9912,999.5,415.4,89.6182,89.6244,89.5336,0.0845,0.0908,0.0063
9913,999.4,258.1,89.6244,89.6307,89.5402,0.0842,0.0905,0.0063
9914,1001.1,510.9,89.6306,89.6369,89.5463,0.0843,0.0906,0.0063
9915,999.1,258.2,89.6369,89.6432,89.5525,0.0844,0.0906,0.0063
9916,999.1,492.7,89.6431,89.6494,89.5586,0.0846,0.0908,0.0063
9917,1001.4,493.3,89.6494,89.6557,89.5651,0.0843,0.0906,0.0063
9918,1000.1,257.0,89.6556,89.6619,89.5710,0.0846,0.0909,0.0063
9919,999.1,511.4,89.6619,89.6682,89.5767,0.0852,0.0914,0.0063
9920,999.4,496.3,89.6681,89.6744,89.5824,0.0858,0.0920,0.0063
9921,999.6,415.9,89.6744,89.6807,89.5885,0.0859,0.0922,0.0063
9922,999.9,502.4,89.6806,89.6869,89.5942,0.0864,0.0927,0.0063
9923,998.7,450.5,89.6869,89.6932,89.6003,0.0866,0.0929,0.0063
9924,1000.2,258.6,89.6931,89.6994,89.6064,0.0868,0.0931,0.0063
9925,1000.5,510.8,89.6994,89.7057,89.6129,0.0865,0.0928,0.0063
9926,1000.8,457.4,89.7057,89.7119,89.6189,0.0867,0.0930,0.0063
9927,998.9,254.6,89.7119,89.7182,89.6250,0.0869,0.0931,0.0063
9928,1001.2,503.1,89.7182,89.7244,89.6313,0.0869,0.0931,0.0063
9929,998.5,437.9,89.7244,89.7307,89.6385,0.0860,0.0922,0.0063
9930,999.9,252.7,89.7307,89.7370,89.6451,0.0856,0.0919,0.0063
9931,1000.0,497.0,89.7369,89.7432,89.6516,0.0853,0.0916,0.0063
9932,1000.0,434.4,89.7432,89.7495,89.6583,0.0849,0.0912,0.0063
9933,999.8,247.5,89.7495,89.7557,89.6652,0.0842,0.0905,0.0063
9934,1000.0,505.4,89.7557,89.7620,89.6717,0.0840,0.0903,0.0063
9935,1000.4,413.4,89.7620,89.7683,89.6782,0.0837,0.0900,0.0063
9936,999.8,248.1,89.7683,89.7745,89.6847,0.0835,0.0898,0.0063
9937,1000.1,506.6,89.7745,89.7808,89.6915,0.0830,0.0892,0.0063
9938,1004.1,408.3,89.7808,89.7871,89.6976,0.0832,0.0895,0.0063
9939,996.1,267.7,89.7870,89.7933,89.7034,0.0837,0.0899,0.0063
9940,1001.7,510.1,89.7933,89.7996,89.7093,0.0841,0.0903,0.0063
9941,998.7,409.8,89.7996,89.8059,89.7158,0.0838,0.0900,0.0063
9942,1001.5,262.3,89.8058,89.8121,89.7220,0.0839,0.0902,0.0063
9943,998.2,496.5,89.8121,89.8184,89.7280,0.0841,0.0904,0.0063
9944,1000.6,409.6,89.8184,89.8247,89.7341,0.0843,0.0906,0.0063
9945,999.1,519.6,89.8246,89.8309,89.7405,0.0841,0.0904,0.0063
9946,999.7,511.3,89.8309,89.8372,89.7467,0.0843,0.0905,0.0063
9947,1001.4,254.7,89.8372,89.8435,89.7529,0.0843,0.0906,0.0063
9948,998.9,496.9,89.8435,89.8497,89.7592,0.0843,0.0905,0.0063
9949,999.8,479.2,89.8497,89.8560,89.7662,0.0836,0.0898,0.0063
9950,999.9,256.9,89.8560,89.8623,89.7727,0.0833,0.0896,0.0063
9951,1000.7,493.0,89.8623,89.8685,89.7790,0.0833,0.0896,0.0063
9952,999.6,459.0,89.8685,89.8748,89.7862,0.0824,0.0886,0.0063
9953,999.8,244.8,89.8748,89.8811,89.7927,0.0821,0.0884,0.0063
9954,1000.0,508.0,89.8811,89.8874,89.7987,0.0824,0.0887,0.0063
9955,1000.2,441.6,89.8874,89.8936,89.8046,0.0827,0.0890,0.0063
9956,1000.0,259.9,89.8936,89.8999,89.8106,0.0830,0.0893,0.0063
9957,1000.0,509.1,89.8999,89.9062,89.8171,0.0828,0.0891,0.0063
9958,1003.2,442.6,89.9062,89.9125,89.8229,0.0833,0.0896,0.0063
9959,997.6,258.6,89.9124,89.9187,89.8282,0.0843,0.0905,0.0063
9960,999.9,508.7,89.9187,89.9250,89.8333,0.0854,0.0917,0.0063
9961,999.7,433.5,89.9250,89.9313,89.8385,0.0865,0.0927,0.0063
9962,1000.6,264.9,89.9313,89.9376,89.8443,0.0870,0.0933,0.0063
9963,999.2,509.0,89.9376,89.9438,89.8498,0.0878,0.0941,0.0063
9964,999.8,425.7,89.9438,89.9501,89.8555,0.0883,0.0946,0.0063
9965,999.7,250.3,89.9501,89.9564,89.8617,0.0884,0.0947,0.0063
9966,999.9,502.0,89.9564,89.9627,89.8675,0.0889,0.0952,0.0063
9967,1000.1,415.0,89.9627,89.9689,89.8732,0.0894,0.0957,0.0063
9968,1000.0,245.2,89.9689,89.9752,89.8789,0.0900,0.0963,0.0063
9969,999.8,512.7,89.9752,89.9815,89.8848,0.0904,0.0967,0.0063
9970,1000.0,433.1,89.9815,89.9878,89.8911,0.0904,0.0966,0.0063
9971,1000.1,285.8,89.9878,89.9941,89.8971,0.0907,0.0970,0.0063
9972,1000.1,519.0,89.9941,90.0003,89.9031,0.0909,0.0972,0.0063
9973,999.6,250.2,90.0003,90.0066,89.9091,0.0913,0.0975,0.0063
9974,1004.4,271.0,90.0066,90.0129,89.9091,0.0975,0.1038,0.0063
9975,996.3,485.4,90.0129,90.0192,89.9152,0.0977,0.1040,0.0063
9976,999.6,255.9,90.0192,90.0255,89.9210,0.0982,0.1045,0.0063
9977,1000.0,498.6,90.0255,90.0317,89.9271,0.0983,0.1046,0.0063
9978,999.9,469.4,90.0317,90.0380,89.9335,0.0982,0.1045,0.0063
9979,1004.3,274.8,90.0380,90.0443,89.9405,0.0975,0.1038,0.0063
9980,997.4,523.0,90.0443,90.0506,89.9470,0.0973,0.1036,0.0063
9981,998.9,485.6,90.0506,90.0569,89.9532,0.0974,0.1037,0.0063
9982,1001.6,278.5,90.0569,90.0631,89.9595,0.0973,0.1036,0.0063
9983,999.4,519.0,90.0631,90.0694,89.9657,0.0975,0.1038,0.0063
9984,999.1,455.9,90.0694,90.0757,89.9719,0.0975,0.1038,0.0063
9985,999.3,243.6,90.0757,90.0820,89.9782,0.0975,0.1037,0.0063
9986,999.9,495.1,90.0820,90.0883,89.9853,0.0966,0.1029,0.0063
9987,1000.0,434.6,90.0883,90.0945,89.9920,0.0963,0.1026,0.0063
9988,1000.2,249.9,90.0945,90.1008,89.9985,0.0961,0.1024,0.0063
9989,999.9,517.8,90.1008,90.1071,90.0051,0.0958,0.1020,0.0063
9990,1000.0,432.1,90.1071,90.1134,90.0124,0.0947,0.1010,0.0063
9991,1000.2,249.0,90.1134,90.1197,90.0194,0.0940,0.1003,0.0063
9992,999.8,514.5,90.1197,90.1260,90.0265,0.0931,0.0994,0.0063
9993,999.7,410.0,90.1260,90.1322,90.0338,0.0921,0.0984,0.0063
9994,1000.2,279.1,90.1322,90.1385,90.0416,0.0907,0.0969,0.0063
9995,1000.7,536.8,90.1385,90.1448,90.0488,0.0898,0.0960,0.0063
9996,999.3,441.5,90.1448,90.1511,90.0561,0.0887,0.0950,0.0063
9997,1000.0,254.6,90.1511,90.1574,90.0633,0.0878,0.0940,0.0063
9998,1001.5,517.6,90.1574,90.1637,90.0711,0.0863,0.0925,0.0063
9999,1000.4,414.9,90.1637,90.1699,90.0785,0.0852,0.0915,0.0063
